t,t_rel,thrust,tau_phi,tau_theta,tau_psi,w0,w1,w2,w3,ud_T,ud_phi,ud_theta,ud_psi,ui_T,ui_phi,ui_theta,ui_psi,ut_T,ut_phi,ut_theta,ut_psi,torque_scale,cost_state,cost_input,solve_ok,int_err_x,int_err_y,int_err_z
8.964000,0.014000,14.741672,-0.064843,0.667678,-0.007077,541.506898,758.879469,518.265903,765.983877,-1.772743,0.639081,-0.090407,-0.007077,1.799416,-0.703925,0.758085,0.000000,14.741672,-0.064843,0.667678,-0.007077,1.000000,0.427516,0.073091,1.000000,0.378244,0.352821,0.599805
8.981000,0.031000,14.736028,-0.034062,0.680717,-0.008794,535.389784,764.087531,518.643010,764.418588,-1.775422,0.670170,-0.081492,-0.008794,1.796450,-0.704233,0.762209,0.000000,14.736028,-0.034062,0.680717,-0.008794,1.000000,0.424787,0.077106,1.000000,0.380303,0.352982,0.598817
9.005000,0.055000,14.715025,-0.018926,0.663583,-0.009574,536.783528,762.802251,523.427664,759.842798,-1.793421,0.685510,-0.102695,-0.009574,1.793446,-0.704436,0.766279,0.000000,14.715025,-0.018926,0.663583,-0.009574,1.000000,0.429909,0.080220,1.000000,0.382343,0.353082,0.597815
9.021000,0.071000,14.734008,-0.012859,0.602738,-0.012125,550.198525,755.567288,536.544791,749.720879,-1.771422,0.691730,-0.167611,-0.012125,1.790431,-0.704590,0.770349,0.000000,14.734008,-0.012859,0.602738,-0.012125,1.000000,0.425257,0.082053,1.000000,0.384372,0.353171,0.596810
9.046000,0.096000,14.735729,0.002041,0.543935,-0.013194,560.730407,748.548635,550.215900,739.109023,-1.766664,0.706728,-0.230438,-0.013194,1.787392,-0.704687,0.774373,0.000000,14.735729,0.002041,0.543935,-0.013194,1.000000,0.427964,0.086485,1.000000,0.386383,0.353225,0.595797
9.064000,0.114000,14.726967,0.022161,0.450849,-0.013836,576.713647,736.381581,570.899119,722.465302,-1.772359,0.726846,-0.327507,-0.013836,1.784326,-0.704685,0.778356,0.000000,14.726967,0.022161,0.450849,-0.013836,1.000000,0.438532,0.094988,1.000000,0.388373,0.353229,0.594775
9.084000,0.134000,14.730193,0.015159,0.436945,-0.013453,580.188355,733.521581,573.018721,721.174661,-1.766046,0.719774,-0.345352,-0.013453,1.781239,-0.704615,0.782296,0.000000,14.730193,0.015159,0.436945,-0.013453,1.000000,0.434695,0.094941,1.000000,0.390346,0.353196,0.593746
9.109000,0.159000,14.724329,0.013368,0.271184,-0.009305,609.967328,705.851123,605.924365,696.419091,-1.768797,0.717845,-0.514990,-0.009305,1.778126,-0.704477,0.786174,0.000000,14.724329,0.013368,0.271184,-0.009305,1.000000,0.458926,0.109347,1.000000,0.392303,0.353111,0.592709
9.122000,0.172000,14.754904,-0.015735,0.519137,-0.012084,567.906521,743.145380,554.000476,737.771641,-1.735109,0.688560,-0.270928,-0.012084,1.775013,-0.704295,0.790065,0.000000,14.754904,-0.015735,0.519137,-0.012084,1.000000,0.410027,0.084872,1.000000,0.394250,0.353023,0.591671
9.147000,0.197000,14.749330,-0.014476,0.403614,-0.007493,588.248405,723.840483,578.833378,721.335641,-1.737547,0.689566,-0.390283,-0.007493,1.771878,-0.704042,0.793897,0.000000,14.749330,-0.014476,0.403614,-0.007493,1.000000,0.423507,0.092979,1.000000,0.396179,0.352887,0.590626
9.163000,0.213000,14.748957,-0.020326,0.473614,-0.005956,574.786584,733.540819,564.967644,733.253410,-1.734769,0.683387,-0.324082,-0.005956,1.768726,-0.703714,0.797696,0.000000,14.748957,-0.020326,0.473614,-0.005956,1.000000,0.412356,0.087303,1.000000,0.398090,0.352714,0.589575
9.183000,0.233000,14.749272,-0.025340,0.566822,-0.006421,557.076989,747.394120,545.267116,747.728982,-1.731287,0.677963,-0.234652,-0.006421,1.765559,-0.703303,0.801473,0.000000,14.749272,-0.025340,0.566822,-0.006421,1.000000,0.400832,0.081447,1.000000,0.399983,0.352508,0.588520
9.206000,0.256000,14.752152,-0.029573,0.816618,-0.009118,506.030543,784.642706,489.249116,783.957095,-1.725218,0.673188,0.011378,-0.009118,1.762370,-0.702761,0.805240,0.000000,14.752152,-0.029573,0.816618,-0.009118,1.000000,0.382787,0.075103,1.000000,0.401853,0.352257,0.587457
9.221000,0.271000,14.759275,-0.031529,0.759662,-0.009338,519.097369,776.465856,502.007650,775.979862,-1.714906,0.670696,-0.049316,-0.009338,1.759180,-0.702225,0.808978,0.000000,14.759275,-0.031529,0.759662,-0.009338,1.000000,0.379178,0.074644,1.000000,0.403715,0.352002,0.586393
9.242000,0.292000,14.761102,-0.013530,0.761118,-0.012238,517.714328,779.273904,502.889244,773.652363,-1.709876,0.688071,-0.051584,-0.012238,1.755979,-0.701601,0.812702,0.000000,14.761102,-0.013530,0.761118,-0.012238,1.000000,0.375484,0.076862,1.000000,0.405558,0.351717,0.585326
9.262000,0.312000,14.749011,0.011823,0.610105,-0.014595,547.000443,760.050469,537.542853,747.982950,-1.718746,0.712721,-0.206268,-0.014595,1.752757,-0.700898,0.816373,0.000000,14.749011,0.011823,0.610105,-0.014595,1.000000,0.387771,0.084614,1.000000,0.407378,0.351388,0.584252
9.286000,0.336000,14.734749,0.027523,0.325081,-0.011595,599.443135,716.795509,596.852191,703.056393,-1.729762,0.727671,-0.494886,-0.011595,1.749511,-0.700148,0.819967,0.000000,14.734749,0.027523,0.325081,-0.011595,1.000000,0.431200,0.107376,1.000000,0.409182,0.351011,0.583170
9.308000,0.358000,14.755031,0.000610,0.590940,-0.016533,553.315701,756.947510,539.424129,745.597139,-1.706234,0.699979,-0.232661,-0.016533,1.746265,-0.699369,0.823601,0.000000,14.755031,0.000610,0.590940,-0.016533,1.000000,0.377842,0.083550,1.000000,0.410987,0.350640,0.582088
9.324000,0.374000,14.747035,0.009037,0.334096,-0.012263,600.456328,716.902910,593.025718,706.334811,-1.710963,0.707570,-0.493047,-0.012263,1.742999,-0.698532,0.827143,0.000000,14.747035,0.009037,0.334096,-0.012263,1.000000,0.415697,0.103664,1.000000,0.412766,0.350218,0.581000
9.342000,0.392000,14.743526,0.003796,0.359005,-0.010467,595.598750,719.585841,588.283245,711.376571,-1.711191,0.701434,-0.471644,-0.010467,1.739717,-0.697638,0.830649,0.000000,14.743526,0.003796,0.359005,-0.010467,1.000000,0.406404,0.100739,1.000000,0.414529,0.349764,0.579906
9.363000,0.413000,14.739840,-0.010253,0.481746,-0.009709,573.256513,736.860831,562.808383,732.054703,-1.711579,0.686427,-0.352386,-0.009709,1.736419,-0.696680,0.834132,0.000000,14.739840,-0.010253,0.481746,-0.009709,1.000000,0.384266,0.088840,1.000000,0.416278,0.349282,0.578806
9.382000,0.432000,14.734823,-0.014867,0.685046,-0.010071,532.496814,766.872405,519.674899,762.855947,-1.713281,0.680774,-0.152557,-0.010071,1.733104,-0.695641,0.837603,0.000000,14.734823,-0.014867,0.685046,-0.010071,1.000000,0.362952,0.078036,1.000000,0.418011,0.348770,0.577701
9.402000,0.452000,14.740176,-0.025713,0.550050,-0.006382,560.245944,744.639090,548.442426,745.071562,-1.704601,0.668893,-0.290989,-0.006382,1.729777,-0.694606,0.841039,0.000000,14.740176,-0.025713,0.550050,-0.006382,1.000000,0.367602,0.082270,1.000000,0.419736,0.348250,0.576592
9.424000,0.474000,14.733938,-0.018061,0.823663,-0.010061,502.776196,786.638961,488.275400,783.298275,-1.707495,0.675413,-0.020813,-0.010061,1.726432,-0.693474,0.844476,0.000000,14.733938,-0.018061,0.823663,-0.010061,1.000000,0.347346,0.074827,1.000000,0.421443,0.347703,0.575477
9.446000,0.496000,14.728657,0.002193,0.458130,-0.007808,575.319647,733.543675,569.521582,727.669022,-1.709404,0.694515,-0.389726,-0.007808,1.723061,-0.692323,0.847856,0.000000,14.728657,0.002193,0.458130,-0.007808,1.000000,0.381322,0.092651,1.000000,0.423142,0.347122,0.574354
9.465000,0.515000,14.725474,-0.004897,0.806584,-0.012228,505.520854,785.907678,492.782609,778.798354,-1.709206,0.686198,-0.044659,-0.012228,1.719680,-0.691095,0.851243,0.000000,14.725474,-0.004897,0.806584,-0.012228,1.000000,0.344139,0.076515,1.000000,0.424827,0.346523,0.573227
9.484000,0.534000,14.720774,0.012110,0.638719,-0.013931,539.998481,763.537020,531.072243,751.923556,-1.710507,0.701921,-0.215890,-0.013931,1.716281,-0.689811,0.854610,0.000000,14.720774,0.012110,0.638719,-0.013931,1.000000,0.356160,0.083208,1.000000,0.426501,0.345899,0.572094
9.509000,0.559000,14.708893,0.018520,0.584605,-0.015011,550.484493,756.248509,542.452927,742.579226,-1.718965,0.706999,-0.273347,-0.015011,1.712857,-0.688479,0.857952,0.000000,14.708893,0.018520,0.584605,-0.015011,1.000000,0.361994,0.087028,1.000000,0.428162,0.345251,0.570952
9.525000,0.575000,14.703133,0.020367,0.549031,-0.015014,557.325267,750.998925,549.859388,736.881360,-1.721278,0.707491,-0.312216,-0.015014,1.709411,-0.687123,0.861247,0.000000,14.703133,0.020367,0.549031,-0.015014,1.000000,0.365793,0.089453,1.000000,0.429814,0.344574,0.569804
9.551000,0.601000,14.691295,0.037216,0.485572,-0.014880,567.566883,742.735147,564.520432,725.323719,-1.729643,0.722916,-0.378991,-0.014880,1.705938,-0.685700,0.864563,0.000000,14.691295,0.037216,0.485572,-0.014880,1.000000,0.379878,0.096563,1.000000,0.431472,0.343869,0.568646
9.564000,0.614000,14.684063,0.019359,0.235619,-0.010060,615.141766,700.190930,611.924181,688.913398,-1.733376,0.703602,-0.632158,-0.010060,1.702439,-0.684244,0.867778,0.000000,14.684063,0.019359,0.235619,-0.010060,1.000000,0.419058,0.119524,1.000000,0.433096,0.343125,0.567480
9.586000,0.636000,14.691468,0.000571,0.492858,-0.012816,569.774831,739.690769,559.378547,730.681624,-1.722456,0.683320,-0.378150,-0.012816,1.698924,-0.682749,0.871008,0.000000,14.691468,0.000571,0.492858,-0.012816,1.000000,0.365568,0.090677,1.000000,0.434718,0.342375,0.566308
9.605000,0.655000,14.694055,-0.014496,0.504622,-0.009356,567.947892,738.917956,556.633933,735.175128,-1.716334,0.666725,-0.369582,-0.009356,1.695388,-0.681221,0.874204,0.000000,14.694055,-0.014496,0.504622,-0.009356,1.000000,0.362344,0.087578,1.000000,0.436328,0.341601,0.565129
9.634000,0.684000,14.693542,-0.018162,0.621716,-0.007456,535.343881,761.257169,531.825553,753.970765,-1.713290,0.661481,-0.255673,-0.007456,1.691832,-0.679643,0.877389,0.000000,14.693542,-0.018162,0.621716,-0.007456,1.000000,0.351762,0.079652,1.000000,0.437931,0.340805,0.563944
9.644000,0.694000,14.681467,0.011815,0.642955,-0.007589,535.343881,761.257169,531.825553,753.970765,-1.721781,0.689821,-0.237632,-0.007589,1.688248,-0.678006,0.880587,0.000000,14.681467,0.011815,0.642955,-0.007589,1.000000,0.357197,0.082883,1.000000,0.439536,0.339984,0.562749
9.664000,0.714000,14.676056,0.017606,0.648021,-0.008017,533.561177,762.574128,531.176125,753.941652,-1.723595,0.693924,-0.235724,-0.008017,1.684651,-0.676317,0.883745,0.000000,14.676056,0.017606,0.648021,-0.008017,1.000000,0.355422,0.083424,1.000000,0.441119,0.339141,0.561550
9.684000,0.734000,14.680341,0.013625,0.602510,-0.010186,544.621120,756.279874,539.398247,746.834874,-1.715683,0.688160,-0.284331,-0.010186,1.681024,-0.674535,0.886840,0.000000,14.680341,0.013625,0.602510,-0.010186,1.000000,0.357274,0.084887,1.000000,0.442668,0.338253,0.560341
9.708000,0.758000,14.682715,0.025126,0.586922,-0.010970,546.763666,755.330560,543.841816,743.184494,-1.709662,0.697807,-0.302982,-0.010970,1.677377,-0.672681,0.889904,0.000000,14.682715,0.025126,0.586922,-0.010970,1.000000,0.364130,0.087115,1.000000,0.444206,0.337325,0.559126
9.729000,0.779000,14.700134,0.006867,0.552022,-0.012307,557.202469,749.214539,548.599250,739.487266,-1.688588,0.677701,-0.340978,-0.012307,1.673723,-0.670834,0.893000,0.000000,14.700134,0.006867,0.552022,-0.012307,1.000000,0.360847,0.086083,1.000000,0.445754,0.336408,0.557908
9.750000,0.800000,14.702569,0.021477,0.520645,-0.012686,561.912460,746.031742,556.731104,733.229731,-1.682484,0.690405,-0.375458,-0.012686,1.670053,-0.668927,0.896103,0.000000,14.702569,0.021477,0.520645,-0.012686,1.000000,0.372114,0.090086,1.000000,0.447306,0.335461,0.556684
9.778000,0.828000,14.712126,0.006193,0.505384,-0.012507,572.625057,737.959028,563.976615,729.178043,-1.669250,0.673181,-0.393837,-0.012507,1.666376,-0.666988,0.899221,0.000000,14.712126,0.006193,0.505384,-0.012507,1.000000,0.376052,0.088708,1.000000,0.448866,0.334495,0.555459
9.788000,0.838000,14.722819,0.003539,0.478216,-0.011650,572.625057,737.959028,563.976615,729.178043,-1.654874,0.668519,-0.424081,-0.011650,1.662693,-0.664980,0.902297,0.000000,14.722819,0.003539,0.478216,-0.011650,1.000000,0.376821,0.090076,1.000000,0.450400,0.333503,0.554231
9.807000,0.857000,14.725355,0.002724,0.476479,-0.011238,572.962876,737.524994,564.457443,729.183133,-1.648653,0.665672,-0.428831,-0.011238,1.659008,-0.662948,0.905310,0.000000,14.725355,0.002724,0.476479,-0.011238,1.000000,0.372563,0.089895,1.000000,0.451908,0.332492,0.553003
9.826000,0.876000,14.740465,0.002767,0.523853,-0.009967,563.449871,744.579995,555.870993,737.190413,-1.629855,0.663631,-0.384489,-0.009967,1.655320,-0.660864,0.908342,0.000000,14.740465,0.002767,0.523853,-0.009967,1.000000,0.373280,0.085398,1.000000,0.453429,0.331450,0.551773
9.847000,0.897000,14.755133,-0.004098,0.534146,-0.008672,562.088513,745.336363,553.851513,740.143156,-1.611505,0.654625,-0.377112,-0.008672,1.651638,-0.658722,0.911258,0.000000,14.755133,-0.004098,0.534146,-0.008672,1.000000,0.361732,0.083052,1.000000,0.454890,0.330381,0.550546
9.862000,0.912000,14.764985,0.010104,0.556125,-0.008609,556.130034,750.136459,551.454299,742.360136,-1.597975,0.666632,-0.358011,-0.008609,1.647960,-0.656529,0.914137,0.000000,14.764985,0.010104,0.556125,-0.008609,1.000000,0.361317,0.082800,1.000000,0.456335,0.329284,0.549320
9.883000,0.933000,14.774558,0.016160,0.569348,-0.009106,553.148461,753.031512,549.563345,743.811809,-1.584733,0.670442,-0.347635,-0.009106,1.644291,-0.654282,0.916983,0.000000,14.774558,0.016160,0.569348,-0.009106,1.000000,0.360214,0.082156,1.000000,0.457761,0.328162,0.548097
9.909000,0.959000,14.784987,0.017741,0.586786,-0.009670,549.906137,756.169370,546.224039,746.308167,-1.570646,0.669741,-0.333047,-0.009670,1.640633,-0.652000,0.919833,0.000000,14.784987,0.017741,0.586786,-0.009670,1.000000,0.358619,0.080626,1.000000,0.459188,0.327025,0.546878
9.922000,0.972000,14.774702,0.023525,0.372387,-0.007462,590.336160,723.145105,590.017738,713.278238,-1.577271,0.673164,-0.550237,-0.007462,1.636973,-0.649639,0.922624,0.000000,14.774702,0.023525,0.372387,-0.007462,1.000000,0.381429,0.100474,1.000000,0.460590,0.325842,0.545658
9.946000,0.996000,14.803488,0.016780,0.664418,-0.011538,535.233646,768.516200,529.562807,757.733918,-1.544853,0.664023,-0.261014,-0.011538,1.633341,-0.647243,0.925432,0.000000,14.803488,0.016780,0.664418,-0.011538,1.000000,0.356422,0.074785,1.000000,0.461988,0.324660,0.544447
9.963000,1.013000,14.812275,0.017883,0.626382,-0.011127,543.087538,763.060613,538.139976,752.274774,-1.532448,0.662691,-0.301816,-0.011127,1.629723,-0.644807,0.928198,0.000000,14.812275,0.017883,0.626382,-0.011127,1.000000,0.358405,0.076522,1.000000,0.463369,0.323453,0.543241
9.986000,1.036000,14.804919,0.014014,0.683718,-0.011566,531.576166,771.122644,525.108186,760.864752,-1.536193,0.656328,-0.247230,-0.011566,1.626112,-0.642314,0.930948,0.000000,14.804919,0.014014,0.683718,-0.011566,1.000000,0.360739,0.072801,1.000000,0.464742,0.322216,0.542037
10.003000,1.053000,14.806575,0.010746,0.655001,-0.011793,538.184168,766.732611,530.741824,756.863836,-1.530940,0.650517,-0.278678,-0.011793,1.622515,-0.639772,0.933679,0.000000,14.806575,0.010746,0.655001,-0.011793,1.000000,0.361650,0.073535,1.000000,0.466103,0.320957,0.540838
10.025000,1.075000,14.806698,0.012938,0.599206,-0.012816,549.879352,759.051320,542.284081,747.975230,-1.527233,0.650108,-0.337178,-0.012816,1.618931,-0.637170,0.936384,0.000000,14.806698,0.012938,0.599206,-0.012816,1.000000,0.364991,0.076974,1.000000,0.467450,0.319673,0.539644
10.047000,1.097000,14.798493,0.018393,0.337484,-0.009964,599.099733,718.571903,595.644524,707.846665,-1.531860,0.652889,-0.601555,-0.009964,1.615353,-0.634496,0.939039,0.000000,14.798493,0.018393,0.337484,-0.009964,1.000000,0.394846,0.102289,1.000000,0.468774,0.318348,0.538451
10.062000,1.112000,14.808880,0.014591,0.599208,-0.014291,550.350245,759.741038,541.923388,747.360471,-1.517913,0.646359,-0.342480,-0.014291,1.611794,-0.631769,0.941687,0.000000,14.808880,0.014591,0.599208,-0.014291,1.000000,0.368651,0.076568,1.000000,0.470087,0.317010,0.537265
10.086000,1.136000,14.819360,0.025123,0.509738,-0.012557,566.609959,746.971853,562.482357,733.584448,-1.503894,0.654127,-0.434510,-0.012557,1.608254,-0.629004,0.944248,0.000000,14.819360,0.025123,0.509738,-0.012557,1.000000,0.371884,0.084301,1.000000,0.471360,0.315646,0.536085
10.100000,1.150000,14.819180,0.018188,0.558758,-0.012153,557.487614,753.536318,551.883634,741.849314,-1.500547,0.644394,-0.388014,-0.012153,1.604728,-0.626206,0.946772,0.000000,14.819180,0.018188,0.558758,-0.012153,1.000000,0.369913,0.079111,1.000000,0.472619,0.314260,0.534909
10.127000,1.177000,14.813994,0.017944,0.556575,-0.011289,557.462580,752.794221,552.523387,741.736388,-1.502219,0.641308,-0.392680,-0.011289,1.601213,-0.623363,0.949255,0.000000,14.813994,0.017944,0.556575,-0.011289,1.000000,0.371496,0.079127,1.000000,0.473860,0.312847,0.533738
10.143000,1.193000,14.800870,0.016866,0.575215,-0.010670,553.218170,755.011431,548.490792,744.613098,-1.511833,0.637331,-0.376497,-0.010670,1.597702,-0.620466,0.951712,0.000000,14.800870,0.016866,0.575215,-0.010670,1.000000,0.375563,0.077662,1.000000,0.475092,0.311401,0.532567
10.163000,1.213000,14.792475,0.012018,0.355845,-0.007355,595.223110,719.777649,592.291701,712.194846,-1.516723,0.629528,-0.598263,-0.007355,1.594198,-0.617510,0.954107,0.000000,14.792475,0.012018,0.355845,-0.007355,1.000000,0.395281,0.098432,1.000000,0.476298,0.309920,0.531399
10.188000,1.238000,14.796927,0.024124,0.490355,-0.009139,568.597986,742.338309,567.043270,731.446686,-1.508779,0.638537,-0.466205,-0.009139,1.590706,-0.614413,0.956560,0.000000,14.796927,0.024124,0.490355,-0.009139,1.000000,0.406104,0.085280,1.000000,0.477528,0.308375,0.530235
10.205000,1.255000,14.819204,0.015788,0.656585,-0.010434,536.956639,767.211419,532.007985,757.337350,-1.483035,0.627143,-0.302285,-0.010434,1.587239,-0.611355,0.958870,0.000000,14.819204,0.015788,0.656585,-0.010434,1.000000,0.378182,0.070473,1.000000,0.478685,0.306851,0.529080
10.223000,1.273000,14.821298,0.014754,0.647980,-0.009818,538.681328,765.689060,534.014706,756.402024,-1.477490,0.623013,-0.313132,-0.009818,1.583787,-0.608260,0.961111,0.000000,14.821298,0.014754,0.647980,-0.009818,1.000000,0.378459,0.070459,1.000000,0.479811,0.305303,0.527929
10.244000,1.294000,14.809894,0.013901,0.723066,-0.009886,522.592624,776.372005,517.490819,767.323763,-1.485448,0.619007,-0.240279,-0.009886,1.580341,-0.605105,0.963344,0.000000,14.809894,0.013901,0.723066,-0.009886,1.000000,0.382380,0.066166,1.000000,0.480936,0.303721,0.526780
10.266000,1.316000,14.799120,0.010885,0.471490,-0.007994,573.519090,737.874204,569.678644,730.248231,-1.492782,0.612756,-0.494047,-0.007994,1.576902,-0.601871,0.965537,0.000000,14.799120,0.010885,0.471490,-0.007994,1.000000,0.396531,0.084246,1.000000,0.482040,0.302102,0.525634
10.283000,1.333000,14.813269,0.015768,0.708245,-0.013041,527.010755,775.492621,519.639372,763.989339,-1.475214,0.614355,-0.259463,-0.013041,1.573484,-0.598587,0.967707,0.000000,14.813269,0.015768,0.708245,-0.013041,1.000000,0.381324,0.066255,1.000000,0.483121,0.300475,0.524495
10.303000,1.353000,14.794050,0.017245,0.417619,-0.010655,584.160927,731.051179,579.788553,720.243731,-1.491014,0.612468,-0.552190,-0.010655,1.570064,-0.595223,0.969809,0.000000,14.794050,0.017245,0.417619,-0.010655,1.000000,0.404333,0.090246,1.000000,0.484173,0.298800,0.523355
10.332000,1.382000,14.805174,0.004240,0.406679,-0.010642,588.077878,728.342110,580.634273,720.022900,-1.476488,0.595954,-0.565284,-0.010642,1.566662,-0.591715,0.971962,0.000000,14.805174,0.004240,0.406679,-0.010642,1.000000,0.418347,0.089282,1.000000,0.485244,0.297065,0.522221
10.342000,1.392000,14.786991,0.018244,0.487345,-0.011419,570.585222,741.919110,565.727333,730.548435,-1.491267,0.606474,-0.486628,-0.011419,1.563258,-0.588230,0.973973,0.000000,14.786991,0.018244,0.487345,-0.011419,1.000000,0.400167,0.082714,1.000000,0.486246,0.295337,0.521086
10.363000,1.413000,14.794451,0.014375,0.677307,-0.012913,533.183281,770.467085,525.642370,759.229030,-1.480417,0.599104,-0.298660,-0.012913,1.559868,-0.584729,0.975967,0.000000,14.794451,0.014375,0.677307,-0.012913,1.000000,0.385460,0.066745,1.000000,0.487236,0.293608,0.519956
10.385000,1.435000,14.787597,0.018106,0.684051,-0.011103,530.289537,771.058854,525.301862,760.361772,-1.483884,0.599309,-0.293846,-0.011103,1.556481,-0.581203,0.977897,0.000000,14.787597,0.018106,0.684051,-0.011103,1.000000,0.386868,0.066583,1.000000,0.488203,0.291853,0.518827
10.406000,1.456000,14.775880,0.021367,0.717124,-0.010386,522.146815,775.704118,518.600411,764.957265,-1.492213,0.598987,-0.262667,-0.010386,1.553093,-0.577620,0.979791,0.000000,14.775880,0.021367,0.717124,-0.010386,1.000000,0.391914,0.065056,1.000000,0.489155,0.290063,0.517698
10.424000,1.474000,14.772646,0.018750,0.670472,-0.010505,532.406733,768.650811,528.135247,758.204453,-1.492062,0.592724,-0.311186,-0.010505,1.549708,-0.573974,0.981659,0.000000,14.772646,0.018750,0.670472,-0.010505,1.000000,0.395434,0.067089,1.000000,0.490093,0.288243,0.516569
10.442000,1.492000,14.772154,0.016113,0.541429,-0.011822,559.866589,749.723748,554.042567,738.596550,-1.489172,0.586410,-0.442016,-0.011822,1.546326,-0.570297,0.983446,0.000000,14.772154,0.016113,0.541429,-0.011822,1.000000,0.395931,0.076116,1.000000,0.490987,0.286414,0.515442
10.471000,1.521000,14.773208,0.012025,0.475745,-0.012914,573.876343,739.816440,566.298554,728.554147,-1.484741,0.578610,-0.509444,-0.012914,1.542949,-0.566585,0.985188,0.000000,14.773208,0.012025,0.475745,-0.012914,1.000000,0.398817,0.081493,1.000000,0.491859,0.284567,0.514316
10.499000,1.549000,14.768275,0.014921,0.437529,-0.012886,612.822302,704.893282,608.535360,695.875126,-1.486297,0.577706,-0.549383,-0.012886,1.539572,-0.562785,0.986912,0.000000,14.768275,0.014921,0.437529,-0.012886,1.000000,0.408795,0.085664,1.000000,0.492723,0.282674,0.513191
10.505000,1.555000,14.763254,0.011751,0.261437,-0.009165,612.822302,704.893282,608.535360,695.875126,-1.487941,0.570725,-0.727116,-0.009165,1.536195,-0.558975,0.988554,0.000000,14.763254,0.011751,0.261437,-0.009165,1.000000,0.423700,0.107591,1.000000,0.493551,0.280767,0.512065
10.527000,1.577000,14.769297,0.010150,0.451018,-0.011657,578.325320,735.356256,571.370557,725.270173,-1.478527,0.565221,-0.539209,-0.011657,1.532825,-0.555072,0.990227,0.000000,14.769297,0.010150,0.451018,-0.011657,1.000000,0.409307,0.082896,1.000000,0.494388,0.278825,0.510942
10.543000,1.593000,14.781583,0.014289,0.584154,-0.008811,550.428800,755.103540,546.599463,746.460364,-1.462883,0.565516,-0.407593,-0.008811,1.529466,-0.551227,0.991746,0.000000,14.781583,0.014289,0.584154,-0.008811,1.000000,0.389194,0.070002,1.000000,0.495156,0.276900,0.509822
10.567000,1.617000,14.771527,0.022655,0.684724,-0.006858,527.239750,769.856578,527.185501,761.160663,-1.469576,0.569972,-0.308484,-0.006858,1.526104,-0.547317,0.993208,0.000000,14.771527,0.022655,0.684724,-0.006858,1.000000,0.396961,0.063604,1.000000,0.495896,0.274940,0.508701
10.586000,1.636000,14.772970,-0.011275,0.396055,-0.005987,589.307434,722.919541,581.880438,720.859900,-1.464777,0.532054,-0.598541,-0.005987,1.522747,-0.543328,0.994596,0.000000,14.772970,-0.011275,0.396055,-0.005987,1.000000,0.408968,0.085593,1.000000,0.496603,0.272933,0.507582
10.603000,1.653000,14.778241,0.027320,0.761807,-0.008619,510.886605,782.153839,510.502596,771.591683,-1.456156,0.566659,-0.234187,-0.008619,1.519397,-0.539339,0.995994,0.000000,14.778241,0.027320,0.761807,-0.008619,1.000000,0.396859,0.058806,1.000000,0.497303,0.270946,0.506466
10.626000,1.676000,14.778893,0.019496,0.652328,-0.009742,535.969977,765.923995,532.587019,755.817655,-1.452158,0.554817,-0.345020,-0.009742,1.516052,-0.535321,0.997348,0.000000,14.778893,0.019496,0.652328,-0.009742,1.000000,0.391909,0.063783,1.000000,0.497977,0.268955,0.505351
10.641000,1.691000,14.768064,0.025815,0.674418,-0.010026,530.310454,769.621387,528.309900,758.213861,-1.459639,0.557098,-0.324223,-0.010026,1.512703,-0.531283,0.998641,0.000000,14.768064,0.025815,0.674418,-0.010026,1.000000,0.396073,0.062863,1.000000,0.498628,0.266939,0.504234
10.663000,1.713000,14.762090,0.014926,0.587086,-0.012217,550.666955,756.372100,544.103953,745.295255,-1.462264,0.542131,-0.412805,-0.012217,1.509353,-0.527205,0.999891,0.000000,14.762090,0.014926,0.587086,-0.012217,1.000000,0.392998,0.067828,1.000000,0.499247,0.264924,0.503118
10.682000,1.732000,14.753119,0.016504,0.544974,-0.012692,558.968658,750.216560,552.503245,738.421929,-1.467879,0.539625,-0.456097,-0.012692,1.505998,-0.523121,1.001071,0.000000,14.753119,0.016504,0.544974,-0.012692,1.000000,0.398074,0.071485,1.000000,0.499841,0.262885,0.501999
10.702000,1.752000,14.750288,0.005980,0.456203,-0.013483,578.070967,736.010107,568.606868,725.448684,-1.467351,0.525008,-0.545983,-0.013483,1.502640,-0.519028,1.002186,0.000000,14.750288,0.005980,0.456203,-0.013483,1.000000,0.395437,0.078923,1.000000,0.500395,0.260857,0.500880
10.720000,1.770000,14.742242,0.005779,0.260427,-0.009731,613.398966,703.910847,607.316691,695.660059,-1.472032,0.520745,-0.742771,-0.009731,1.499274,-0.514966,1.003198,0.000000,14.742242,0.005779,0.260427,-0.009731,1.000000,0.415042,0.103967,1.000000,0.500915,0.258811,0.499758
10.742000,1.792000,14.753523,0.015270,0.529258,-0.012524,562.216348,747.692456,555.619224,736.207112,-1.457390,0.526110,-0.474947,-0.012524,1.495912,-0.510841,1.004206,0.000000,14.753523,0.015270,0.529258,-0.012524,1.000000,0.391131,0.071492,1.000000,0.501419,0.256760,0.498637
10.764000,1.814000,14.757281,0.018687,0.567330,-0.009432,552.920862,752.738621,549.699297,742.817788,-1.450270,0.525398,-0.437823,-0.009432,1.492551,-0.506711,1.005153,0.000000,14.757281,0.018687,0.567330,-0.009432,1.000000,0.389633,0.067815,1.000000,0.501893,0.254706,0.497517
10.786000,1.836000,14.753877,-0.006948,0.431033,-0.005502,581.402204,728.201767,575.313410,725.668259,-1.450308,0.495625,-0.574935,-0.005502,1.489184,-0.502573,1.005968,0.000000,14.753877,-0.006948,0.431033,-0.005502,1.000000,0.397893,0.078656,1.000000,0.502311,0.252630,0.496395
10.805000,1.855000,14.757506,0.023809,0.743247,-0.008287,514.692933,778.668454,513.660098,768.915295,-1.443314,0.522252,-0.263540,-0.008287,1.485820,-0.498444,1.006788,0.000000,14.757506,0.023809,0.743247,-0.008287,1.000000,0.388381,0.055059,1.000000,0.502714,0.250590,0.495273
10.826000,1.876000,14.756270,0.014397,0.696451,-0.007901,525.862918,770.878454,522.691237,763.003748,-1.441183,0.508722,-0.311089,-0.007901,1.482453,-0.494325,1.007539,0.000000,14.756270,0.014397,0.696451,-0.007901,1.000000,0.384817,0.056334,1.000000,0.503084,0.248554,0.494151
10.845000,1.895000,14.752422,-0.019813,0.647715,-0.009745,541.297263,761.153797,527.671205,758.235651,-1.441660,0.470319,-0.360487,-0.009745,1.479081,-0.490132,1.008202,0.000000,14.752422,-0.019813,0.647715,-0.009745,1.000000,0.391651,0.055908,1.000000,0.503401,0.246502,0.493027
10.866000,1.916000,14.750844,0.031665,0.645114,-0.011877,536.062023,766.146792,533.999545,752.351400,-1.439861,0.517681,-0.363711,-0.011877,1.475705,-0.486016,1.008824,0.000000,14.750844,0.031665,0.645114,-0.011877,1.000000,0.385924,0.060774,1.000000,0.503698,0.244485,0.491902
10.881000,1.931000,14.746459,0.028647,0.383747,-0.009581,587.695192,725.578294,586.914881,713.232083,-1.440862,0.510613,-0.625583,-0.009581,1.472321,-0.481966,1.009330,0.000000,14.746459,0.028647,0.383747,-0.009581,1.000000,0.403450,0.085978,1.000000,0.503957,0.242459,0.490774
10.906000,1.956000,14.751936,0.027505,0.444370,-0.010840,576.759270,735.353707,574.672469,722.505668,-1.432000,0.505429,-0.565418,-0.010840,1.468936,-0.477924,1.009789,0.000000,14.751936,0.027505,0.444370,-0.010840,1.000000,0.394310,0.078034,1.000000,0.504189,0.240446,0.489645
10.923000,1.973000,14.764351,0.031404,0.653372,-0.014935,536.055626,768.608382,531.259655,752.834767,-1.416205,0.505261,-0.356849,-0.014935,1.465555,-0.473857,1.010220,0.000000,14.764351,0.031404,0.653372,-0.014935,1.000000,0.379259,0.058342,1.000000,0.504389,0.238459,0.488518
10.944000,1.994000,14.767752,0.020561,0.662542,-0.013346,534.943438,768.504998,528.678465,755.806840,-1.409422,0.490422,-0.348021,-0.013346,1.462173,-0.469861,1.010563,0.000000,14.767752,0.020561,0.662542,-0.013346,1.000000,0.375573,0.056046,1.000000,0.504554,0.236489,0.487391
10.965000,2.015000,14.762410,0.015239,0.448043,-0.009337,577.184567,734.440188,573.339102,724.998142,-1.411375,0.481145,-0.562772,-0.009337,1.458785,-0.465905,1.010816,0.000000,14.762410,0.015239,0.448043,-0.009337,1.000000,0.387934,0.074750,1.000000,0.504682,0.234520,0.486262
10.990000,2.040000,14.772368,0.004127,0.750192,-0.013654,518.665212,779.949508,507.431564,770.212797,-1.398033,0.466036,-0.260860,-0.013654,1.455402,-0.461909,1.011052,0.000000,14.772368,0.004127,0.750192,-0.013654,1.000000,0.368616,0.048087,1.000000,0.504777,0.232588,0.485134
11.002000,2.052000,14.774959,-0.003067,0.656860,-0.012886,539.194345,765.511030,527.174627,757.430994,-1.392058,0.454929,-0.354340,-0.012886,1.452017,-0.457996,1.011199,0.000000,14.774959,-0.003067,0.656860,-0.012886,1.000000,0.367238,0.052647,1.000000,0.504836,0.230677,0.484006
11.024000,2.074000,14.774260,-0.004879,0.457095,-0.009422,578.180998,734.184568,569.374170,728.535168,-1.389371,0.449330,-0.554135,-0.009422,1.448631,-0.454208,1.011230,0.000000,14.774260,-0.004879,0.457095,-0.009422,1.000000,0.380250,0.070209,1.000000,0.504858,0.228782,0.482877
11.046000,2.096000,14.774416,-0.009730,0.726653,-0.014482,526.006719,775.615170,510.419165,767.788508,-1.385827,0.440648,-0.284592,-0.014482,1.445242,-0.450378,1.011245,0.000000,14.774416,-0.009730,0.726653,-0.014482,1.000000,0.359240,0.046742,1.000000,0.504848,0.226919,0.481747
11.070000,2.120000,14.773811,0.000260,0.497949,-0.010982,570.173886,741.428504,561.226379,733.776974,-1.383040,0.446958,-0.513202,-0.010982,1.441851,-0.446698,1.011151,0.000000,14.773811,0.000260,0.497949,-0.010982,1.000000,0.371576,0.065455,1.000000,0.504806,0.225083,0.480617
11.082000,2.132000,14.770564,0.006148,0.739547,-0.014189,520.886103,778.734950,509.766506,768.261618,-1.382892,0.449141,-0.271455,-0.014189,1.438455,-0.442993,1.011002,0.000000,14.770564,0.006148,0.739547,-0.014189,1.000000,0.356873,0.046686,1.000000,0.504722,0.223265,0.479485
11.102000,2.152000,14.773310,0.006866,0.667699,-0.013759,535.972034,768.261936,525.741612,757.801317,-1.376749,0.446287,-0.343077,-0.013759,1.435058,-0.439422,1.010776,0.000000,14.773310,0.006866,0.667699,-0.013759,1.000000,0.354213,0.050661,1.000000,0.504610,0.221491,0.478353
11.134000,2.184000,14.769978,0.018734,0.403903,-0.009556,555.412879,753.926331,545.059540,744.132661,-1.376677,0.454723,-0.606536,-0.009556,1.431655,-0.435990,1.010438,0.000000,14.769978,0.018734,0.403903,-0.009556,1.000000,0.380425,0.076427,1.000000,0.504465,0.219734,0.477218
11.142000,2.192000,14.769482,0.003656,0.574067,-0.013369,555.412879,753.926331,545.059540,744.132661,-1.373766,0.436217,-0.436000,-0.013369,1.428248,-0.432561,1.010067,0.000000,14.769482,0.003656,0.574067,-0.013369,1.000000,0.353088,0.056928,1.000000,0.504279,0.218033,0.476083
11.166000,2.216000,14.769164,0.000824,0.592784,-0.013447,551.990816,756.472972,540.776924,747.187847,-1.370672,0.430093,-0.416822,-0.013447,1.424837,-0.429269,1.009606,0.000000,14.769164,0.000824,0.592784,-0.013447,1.000000,0.345483,0.054678,1.000000,0.504063,0.216368,0.474946
11.182000,2.232000,14.771477,0.004024,0.580028,-0.012464,553.831669,754.581622,544.314626,745.348072,-1.364946,0.430151,-0.429009,-0.012464,1.421422,-0.426128,1.009037,0.000000,14.771477,0.004024,0.580028,-0.012464,1.000000,0.341715,0.055554,1.000000,0.503808,0.214738,0.473807
11.205000,2.255000,14.774375,-0.001593,0.390136,-0.008518,590.323841,723.852782,583.207349,718.128253,-1.358632,0.421473,-0.618258,-0.008518,1.418007,-0.423066,1.008395,0.000000,14.774375,-0.001593,0.390136,-0.008518,1.000000,0.357818,0.074454,1.000000,0.503514,0.213155,0.472669
11.222000,2.272000,14.778958,-0.005742,0.699074,-0.012473,530.595801,771.386375,518.027790,764.132579,-1.350633,0.414228,-0.308680,-0.012473,1.414591,-0.419971,1.007754,0.000000,14.778958,-0.005742,0.699074,-0.012473,1.000000,0.321376,0.044945,1.000000,0.503196,0.211613,0.471530
11.244000,2.294000,14.779941,-0.001095,0.696125,-0.011224,530.091703,770.981136,519.876718,763.710833,-1.346233,0.415826,-0.310938,-0.011224,1.411174,-0.416920,1.007063,0.000000,14.779941,-0.001095,0.696125,-0.011224,1.000000,0.319023,0.045095,1.000000,0.502853,0.210091,0.470391
11.263000,2.313000,14.789796,-0.006065,0.473610,-0.008223,575.014180,736.490994,566.848754,731.922284,-1.332966,0.407970,-0.532679,-0.008223,1.407762,-0.414035,1.006289,0.000000,14.789796,-0.006065,0.473610,-0.008223,1.000000,0.334633,0.062793,1.000000,0.502477,0.208633,0.469254
11.288000,2.338000,14.790311,0.009569,0.645679,-0.011648,539.778427,764.897744,532.176034,755.319528,-1.329040,0.420707,-0.359849,-0.011648,1.404351,-0.411139,1.005528,0.000000,14.790311,0.009569,0.645679,-0.011648,1.000000,0.312375,0.048326,1.000000,0.502101,0.207184,0.468117
11.306000,2.356000,14.792142,-0.032904,0.771151,-0.014353,519.960101,780.265797,497.863790,776.737329,-1.323800,0.375453,-0.233503,-0.014353,1.400942,-0.408357,1.004655,0.000000,14.792142,-0.032904,0.771151,-0.014353,1.000000,0.300472,0.037094,1.000000,0.501654,0.205827,0.466981
11.325000,2.375000,14.789768,-0.024586,0.783684,-0.014946,516.319883,782.959469,495.845710,777.566729,-1.322765,0.381053,-0.220053,-0.014946,1.397533,-0.405639,1.003738,0.000000,14.789768,-0.024586,0.783684,-0.014946,1.000000,0.295596,0.036882,1.000000,0.501181,0.204513,0.465844
11.342000,2.392000,14.785064,0.002822,0.517564,-0.011412,566.442992,745.006273,557.717450,736.609651,-1.324058,0.405924,-0.485158,-0.011412,1.394122,-0.403101,1.002722,0.000000,14.785064,0.002822,0.517564,-0.011412,1.000000,0.319910,0.057560,1.000000,0.500684,0.203226,0.464707
11.364000,2.414000,14.784617,-0.036518,0.813024,-0.018321,512.897800,787.106778,485.678317,781.663302,-1.321095,0.364056,-0.188665,-0.018321,1.390712,-0.400574,1.001689,0.000000,14.784617,-0.036518,0.813024,-0.018321,1.000000,0.285394,0.034300,1.000000,0.500151,0.202011,0.463571
11.386000,2.436000,14.780266,-0.006894,0.516861,-0.014086,568.743686,744.814152,555.402853,736.398937,-1.322034,0.391372,-0.483680,-0.014086,1.387300,-0.398266,1.000542,0.000000,14.780266,-0.006894,0.516861,-0.014086,1.000000,0.313373,0.056209,1.000000,0.499593,0.200827,0.462433
11.405000,2.455000,14.776966,-0.040216,0.730685,-0.018671,531.074727,774.889618,503.493170,769.797047,-1.321921,0.355831,-0.268639,-0.018671,1.383886,-0.396047,0.999324,0.000000,14.776966,-0.040216,0.730685,-0.018671,1.000000,0.281280,0.037388,1.000000,0.498978,0.199740,0.461295
11.424000,2.474000,14.771058,-0.007386,0.668495,-0.017116,539.039938,768.159513,522.126915,758.054448,-1.324410,0.386603,-0.329547,-0.017116,1.380469,-0.393989,0.998042,0.000000,14.771058,-0.007386,0.668495,-0.017116,1.000000,0.280794,0.043376,1.000000,0.498357,0.198668,0.460156
11.449000,2.499000,14.764423,-0.011941,0.432726,-0.011669,584.392109,730.356930,572.149249,724.451408,-1.327623,0.380156,-0.563931,-0.011669,1.377046,-0.392096,0.996658,0.000000,14.764423,-0.011941,0.432726,-0.011669,1.000000,0.310600,0.063893,1.000000,0.497688,0.197670,0.459015
11.466000,2.516000,14.754293,-0.054164,0.721591,-0.016233,533.135826,771.075595,504.061141,770.107754,-1.334323,0.336071,-0.273676,-0.016233,1.373616,-0.390236,0.995266,0.000000,14.754293,-0.054164,0.721591,-0.016233,1.000000,0.264271,0.036615,1.000000,0.496995,0.196738,0.457872
11.483000,2.533000,14.749394,-0.038065,0.643040,-0.014177,546.410954,760.220839,524.214951,757.667373,-1.335786,0.350561,-0.350679,-0.014177,1.370180,-0.388626,0.993718,0.000000,14.749394,-0.038065,0.643040,-0.014177,1.000000,0.266167,0.042450,1.000000,0.496242,0.195883,0.456727
11.513000,2.563000,14.743111,-0.056038,0.736787,-0.013821,518.803273,778.634941,499.135256,773.780093,-1.338626,0.330973,-0.255390,-0.013821,1.366737,-0.387012,0.992177,0.000000,14.743111,-0.056038,0.736787,-0.013821,1.000000,0.252574,0.035415,1.000000,0.495475,0.195072,0.455579
11.522000,2.572000,14.731775,-0.024767,0.763157,-0.014135,518.803273,778.634941,499.135256,773.780093,-1.346507,0.360667,-0.227506,-0.014135,1.363282,-0.385435,0.990663,0.000000,14.731775,-0.024767,0.763157,-0.014135,1.000000,0.242693,0.036335,1.000000,0.494716,0.194293,0.454427
11.540000,2.590000,14.726957,-0.016995,0.744569,-0.014829,521.955287,776.779812,503.921372,770.049518,-1.347862,0.366980,-0.244550,-0.014829,1.359818,-0.383974,0.989120,0.000000,14.726957,-0.016995,0.744569,-0.014829,1.000000,0.241011,0.037637,1.000000,0.493948,0.193556,0.453273
11.564000,2.614000,14.728313,0.000938,0.454123,-0.010636,577.383500,733.787859,568.997755,726.168803,-1.343032,0.383563,-0.533485,-0.010636,1.356345,-0.382624,0.987608,0.000000,14.728313,0.000938,0.454123,-0.010636,1.000000,0.282504,0.061221,1.000000,0.493221,0.192810,0.452115
11.586000,2.636000,14.724840,0.021034,0.427568,-0.010636,580.039204,731.551576,576.566813,720.032739,-1.343032,0.402448,-0.558301,-0.010636,1.352872,-0.381414,0.985869,0.000000,14.724840,0.021034,0.427568,-0.010636,1.000000,0.288647,0.065415,1.000000,0.492353,0.192202,0.450957
11.601000,2.651000,14.725768,-0.065951,0.782806,-0.017242,521.285503,778.696578,487.198497,779.184715,-1.338624,0.314338,-0.201380,-0.017242,1.349392,-0.380290,0.984186,0.000000,14.725768,-0.065951,0.782806,-0.017242,1.000000,0.230895,0.031885,1.000000,0.491517,0.191629,0.449797
11.623000,2.673000,14.727161,-0.065763,0.685083,-0.015444,541.204357,763.893685,510.144635,765.557160,-1.333748,0.313586,-0.297293,-0.015444,1.345909,-0.379349,0.982376,0.000000,14.727161,-0.065763,0.685083,-0.015444,1.000000,0.235518,0.036485,1.000000,0.490624,0.191129,0.448636
11.643000,2.693000,14.723267,-0.102395,0.794944,-0.016760,523.245901,776.984033,479.278089,784.288002,-1.334153,0.276037,-0.185623,-0.016760,1.342420,-0.378432,0.980567,0.000000,14.723267,-0.102395,0.794944,-0.016760,1.000000,0.226870,0.028893,1.000000,0.489712,0.190690,0.447473
11.664000,2.714000,14.719993,-0.092556,0.734626,-0.016515,534.579929,768.950142,494.636055,774.724271,-1.333935,0.285133,-0.244036,-0.016515,1.338927,-0.377689,0.978661,0.000000,14.719993,-0.092556,0.734626,-0.016515,1.000000,0.227523,0.031907,1.000000,0.488765,0.190304,0.446309
11.684000,2.734000,14.712336,-0.051690,0.724337,-0.017838,531.779618,771.435306,501.828997,768.955459,-1.338091,0.325256,-0.252477,-0.017838,1.335427,-0.376946,0.976813,0.000000,14.712336,-0.051690,0.724337,-0.017838,1.000000,0.220130,0.034890,1.000000,0.487834,0.189949,0.445142
11.704000,2.754000,14.709042,-0.026157,0.679904,-0.017983,537.773440,767.235520,514.994982,759.981017,-1.337879,0.350147,-0.295050,-0.017983,1.331921,-0.376305,0.974955,0.000000,14.709042,-0.026157,0.679904,-0.017983,1.000000,0.220829,0.038897,1.000000,0.486904,0.189631,0.443974
11.726000,2.776000,14.709916,-0.015356,0.634278,-0.018100,545.930560,761.561607,526.268953,752.175870,-1.333497,0.360419,-0.338776,-0.018100,1.328413,-0.375775,0.973054,0.000000,14.709916,-0.015356,0.634278,-0.018100,1.000000,0.224366,0.042282,1.000000,0.485954,0.189364,0.442804
11.746000,2.796000,14.713921,0.001570,0.560800,-0.017782,558.732575,752.169294,544.160239,739.703488,-1.325983,0.377206,-0.409962,-0.017782,1.324905,-0.375635,0.970762,0.000000,14.713921,0.001570,0.560800,-0.017782,1.000000,0.246968,0.048649,1.000000,0.484808,0.189292,0.441635
11.765000,2.815000,14.719163,-0.013652,0.584981,-0.016765,555.466825,754.130076,537.751285,745.247245,-1.317236,0.361897,-0.383500,-0.016765,1.321399,-0.375549,0.968480,0.000000,14.719163,-0.013652,0.584981,-0.016765,1.000000,0.246635,0.045183,1.000000,0.483667,0.189245,0.440466
11.782000,2.832000,14.722188,-0.089624,0.539905,-0.016045,573.600387,740.076213,537.735677,745.848169,-1.310708,0.285728,-0.426497,-0.016045,1.317896,-0.375351,0.966402,0.000000,14.722188,-0.089624,0.539905,-0.016045,1.000000,0.237153,0.043559,1.000000,0.482632,0.189134,0.439299
11.808000,2.858000,14.732171,-0.154642,0.582247,-0.012776,572.119934,739.463467,521.909452,759.493392,-1.297232,0.220524,-0.382158,-0.012776,1.314402,-0.375166,0.964405,0.000000,14.732171,-0.154642,0.582247,-0.012776,1.000000,0.223956,0.036312,1.000000,0.481632,0.189042,0.438134
11.821000,2.871000,14.732847,-0.103025,0.587728,-0.011789,564.324219,744.811020,528.036185,755.909182,-1.293067,0.272167,-0.374445,-0.011789,1.310913,-0.375192,0.962173,0.000000,14.732847,-0.103025,0.587728,-0.011789,1.000000,0.225700,0.038163,1.000000,0.480517,0.189050,0.436971
11.845000,2.895000,14.739652,-0.122525,0.648484,-0.009509,553.760154,751.485420,513.513878,767.557895,-1.282782,0.252749,-0.311473,-0.009509,1.307434,-0.375274,0.959958,0.000000,14.739652,-0.122525,0.648484,-0.009509,1.000000,0.215883,0.032554,1.000000,0.479413,0.189079,0.435811
11.864000,2.914000,14.748250,-0.076784,0.687162,-0.009666,540.281025,761.664404,511.413962,769.186320,-1.270717,0.298644,-0.270554,-0.009666,1.303968,-0.375428,0.957716,0.000000,14.748250,-0.076784,0.687162,-0.009666,1.000000,0.199758,0.032395,1.000000,0.478295,0.189144,0.434656
11.886000,2.936000,14.765227,-0.036794,0.763514,-0.011055,519.903698,777.228050,499.788925,776.557630,-1.250295,0.338830,-0.191997,-0.011055,1.300522,-0.375623,0.955511,0.000000,14.765227,-0.036794,0.763514,-0.011055,1.000000,0.185927,0.030811,1.000000,0.477193,0.189236,0.433507
11.903000,2.953000,14.775629,-0.017430,0.757467,-0.012484,519.549241,778.751579,503.474201,773.665984,-1.236466,0.358422,-0.195845,-0.012484,1.297095,-0.375852,0.953312,0.000000,14.775629,-0.017430,0.757467,-0.012484,1.000000,0.188199,0.031986,1.000000,0.476090,0.189354,0.432365
11.931000,2.981000,14.785848,0.051304,0.739747,-0.014023,515.129964,783.022280,516.361792,764.535138,-1.222840,0.427576,-0.211085,-0.014023,1.293689,-0.376272,0.950831,0.000000,14.785848,0.051304,0.739747,-0.014023,1.000000,0.224994,0.037711,1.000000,0.474843,0.189575,0.431230
11.945000,2.995000,14.793899,-0.064619,0.683220,-0.015316,543.188798,764.957377,512.676760,766.496342,-1.211406,0.311914,-0.265478,-0.015316,1.290305,-0.376533,0.948698,0.000000,14.793899,-0.064619,0.683220,-0.015316,1.000000,0.225711,0.031475,1.000000,0.473765,0.189731,0.430102
11.969000,3.019000,14.792897,-0.131278,0.566997,-0.016806,575.451882,741.932109,528.184354,754.893327,-1.209049,0.245455,-0.379636,-0.016806,1.286946,-0.376733,0.946633,0.000000,14.792897,-0.131278,0.566997,-0.016806,1.000000,0.238999,0.035083,1.000000,0.472702,0.189904,0.428982
11.984000,3.034000,14.793853,-0.106320,0.560800,-0.016112,573.383974,743.114183,533.102610,751.915143,-1.204745,0.270826,-0.383535,-0.016112,1.283599,-0.377146,0.944335,0.000000,14.793853,-0.106320,0.560800,-0.016112,1.000000,0.249455,0.036585,1.000000,0.471541,0.190133,0.427866
12.004000,3.054000,14.812782,-0.135684,0.554069,-0.013487,577.674472,738.801824,532.349132,754.881020,-1.182501,0.241872,-0.388006,-0.013487,1.280282,-0.377556,0.942074,0.000000,14.812782,-0.135684,0.554069,-0.013487,1.000000,0.259804,0.034906,1.000000,0.470390,0.190386,0.426761
12.024000,3.074000,14.825258,-0.090627,0.612364,-0.010620,559.779244,751.077602,527.496175,760.600906,-1.166737,0.287372,-0.327508,-0.010620,1.276995,-0.377998,0.939872,0.000000,14.825258,-0.090627,0.612364,-0.010620,1.000000,0.243696,0.032608,1.000000,0.469273,0.190640,0.425665
12.045000,3.095000,14.818246,-0.111797,0.559795,-0.010685,572.671083,741.061426,535.625201,754.584325,-1.170479,0.266668,-0.377789,-0.010685,1.273724,-0.378465,0.937585,0.000000,14.818246,-0.111797,0.559795,-0.010685,1.000000,0.253937,0.035095,1.000000,0.468109,0.190917,0.424575
12.066000,3.116000,14.837950,-0.037731,0.428681,-0.007241,588.311715,727.192363,573.479793,729.330209,-1.147540,0.341255,-0.506646,-0.007241,1.270491,-0.378986,0.935326,0.000000,14.837950,-0.037731,0.428681,-0.007241,1.000000,0.275620,0.050488,1.000000,0.466964,0.191209,0.423497
12.084000,3.134000,14.850197,-0.052541,0.752489,-0.011229,526.819470,775.876417,502.474160,777.914166,-1.132091,0.327013,-0.180584,-0.011229,1.267289,-0.379554,0.933073,0.000000,14.850197,-0.052541,0.752489,-0.011229,1.000000,0.226714,0.026784,1.000000,0.465827,0.191511,0.422430
12.104000,3.154000,14.854420,-0.064325,0.684053,-0.012120,543.242411,765.197038,515.697701,768.807362,-1.124695,0.315815,-0.246743,-0.012120,1.264115,-0.380140,0.930796,0.000000,14.854420,-0.064325,0.684053,-0.012120,1.000000,0.236022,0.028726,1.000000,0.464676,0.191828,0.421372
12.123000,3.173000,14.844369,-0.074370,0.697006,-0.013371,542.110625,766.411268,510.643543,771.002512,-1.131593,0.306336,-0.231461,-0.013371,1.260962,-0.380706,0.928468,0.000000,14.844369,-0.074370,0.697006,-0.013371,1.000000,0.241237,0.027565,1.000000,0.463494,0.192148,0.420321
12.141000,3.191000,14.862819,-0.060374,0.497363,-0.011586,580.135813,737.598962,555.864552,740.968926,-1.110028,0.320924,-0.428844,-0.011586,1.257847,-0.381298,0.926207,0.000000,14.862819,-0.060374,0.497363,-0.011586,1.000000,0.284529,0.041025,1.000000,0.462347,0.192476,0.419282
12.168000,3.218000,14.870675,-0.049972,0.777433,-0.017816,524.620276,782.250362,494.740156,779.512192,-1.099088,0.331884,-0.146249,-0.017816,1.254763,-0.381856,0.923681,0.000000,14.870675,-0.049972,0.777433,-0.017816,1.000000,0.296634,0.025265,1.000000,0.461064,0.192797,0.418254
12.186000,3.236000,14.857576,-0.136453,0.619514,-0.017428,567.654532,750.843427,517.732074,764.181125,-1.109121,0.245920,-0.301885,-0.017428,1.251697,-0.382373,0.921399,0.000000,14.857576,-0.136453,0.619514,-0.017428,1.000000,0.280982,0.027493,1.000000,0.459891,0.193122,0.417232
12.204000,3.254000,14.870405,-0.130181,0.685755,-0.016916,553.709460,761.350267,504.610365,773.716727,-1.093261,0.252794,-0.233342,-0.016916,1.248666,-0.382975,0.919097,0.000000,14.870405,-0.130181,0.685755,-0.016916,1.000000,0.272196,0.023816,1.000000,0.458723,0.193457,0.416222
12.221000,3.271000,14.875834,-0.120118,0.653536,-0.014144,557.954407,756.671238,514.515502,769.130674,-1.084829,0.263435,-0.263347,-0.014144,1.245664,-0.383554,0.916882,0.000000,14.875834,-0.120118,0.653536,-0.014144,1.000000,0.284268,0.025664,1.000000,0.457595,0.193788,0.415221
12.247000,3.297000,14.874967,-0.052687,0.648266,-0.014698,550.762780,762.242539,524.423234,762.022401,-1.082720,0.331271,-0.266085,-0.014698,1.242687,-0.383958,0.914351,0.000000,14.874967,-0.052687,0.648266,-0.014698,1.000000,0.340549,0.029799,1.000000,0.456294,0.194064,0.414229
12.269000,3.319000,14.877979,-0.119205,0.593135,-0.014807,570.214026,747.992049,527.442949,759.981150,-1.076759,0.265230,-0.319049,-0.014807,1.239738,-0.384434,0.912184,0.000000,14.877979,-0.119205,0.593135,-0.014807,1.000000,0.304160,0.028830,1.000000,0.455173,0.194385,0.413246
12.284000,3.334000,14.882985,-0.004484,0.578773,-0.015045,559.156015,756.640629,545.379606,747.254766,-1.068834,0.380320,-0.330986,-0.015045,1.236818,-0.384804,0.909760,0.000000,14.882985,-0.004484,0.578773,-0.015045,1.000000,0.358110,0.036866,1.000000,0.453929,0.194635,0.412273
12.309000,3.359000,14.868478,0.009840,0.345274,-0.011938,601.100691,721.083711,594.120576,710.653979,-1.080435,0.394870,-0.562120,-0.011938,1.233913,-0.385030,0.907394,0.000000,14.868478,0.009840,0.345274,-0.011938,1.000000,0.419322,0.058878,1.000000,0.452699,0.194849,0.411304
12.325000,3.375000,14.873191,-0.092561,0.334712,-0.013486,615.479321,710.107956,583.535953,718.513125,-1.072844,0.292825,-0.570545,-0.013486,1.231035,-0.385386,0.905257,0.000000,14.873191,-0.092561,0.334712,-0.013486,1.000000,0.355472,0.052655,1.000000,0.451586,0.195124,0.410345
12.342000,3.392000,14.902423,-0.094941,0.517888,-0.017068,583.487041,740.143921,546.047401,746.207087,-1.040778,0.290878,-0.385183,-0.017068,1.228201,-0.385819,0.903071,0.000000,14.902423,-0.094941,0.517888,-0.017068,1.000000,0.309413,0.034159,1.000000,0.450464,0.195399,0.409400
12.365000,3.415000,14.909146,-0.126150,0.599149,-0.012561,569.760362,748.092337,527.096038,762.856625,-1.031251,0.260146,-0.301716,-0.012561,1.225397,-0.386297,0.900865,0.000000,14.909146,-0.126150,0.599149,-0.012561,1.000000,0.299627,0.026521,1.000000,0.449349,0.195656,0.408466
12.384000,3.434000,14.895797,-0.112537,0.617296,-0.011026,563.512453,751.296535,525.324298,764.545303,-1.041815,0.274183,-0.281353,-0.011026,1.222612,-0.386720,0.898649,0.000000,14.895797,-0.112537,0.617296,-0.011026,1.000000,0.299072,0.026300,1.000000,0.448231,0.195882,0.407537
12.404000,3.454000,14.890149,-0.054771,0.486405,-0.006419,580.209472,735.206137,561.630335,741.098818,-1.044701,0.332398,-0.410005,-0.006419,1.219850,-0.387169,0.896409,0.000000,14.890149,-0.054771,0.486405,-0.006419,1.000000,0.336711,0.038777,1.000000,0.447121,0.196074,0.406617
12.421000,3.471000,14.911546,-0.091575,0.760026,-0.009580,531.326631,774.077447,497.904049,784.166984,-1.020583,0.296151,-0.134170,-0.009580,1.217129,-0.387726,0.894195,0.000000,14.911546,-0.091575,0.760026,-0.009580,1.000000,0.286040,0.020996,1.000000,0.446040,0.196284,0.405710
12.446000,3.496000,14.910972,-0.062973,0.712932,-0.010462,537.876911,770.076917,511.917258,774.515110,-1.018466,0.325291,-0.179147,-0.010462,1.214437,-0.388265,0.892079,0.000000,14.910972,-0.062973,0.712932,-0.010462,1.000000,0.297228,0.024174,1.000000,0.445003,0.196498,0.404812
12.463000,3.513000,14.893333,-0.055358,0.679065,-0.011536,543.923291,765.828191,519.349619,768.199331,-1.033428,0.333229,-0.210903,-0.011536,1.211761,-0.388587,0.889969,0.000000,14.893333,-0.055358,0.679065,-0.011536,1.000000,0.303880,0.026245,1.000000,0.443945,0.196658,0.403920
12.486000,3.536000,14.899421,-0.043526,0.606056,-0.014034,558.539761,757.080135,535.550272,755.619393,-1.024695,0.345428,-0.281813,-0.014034,1.209115,-0.388954,0.887869,0.000000,14.899421,-0.043526,0.606056,-0.014034,1.000000,0.316628,0.030394,1.000000,0.442905,0.196812,0.403038
12.510000,3.560000,14.884387,-0.031517,0.528174,-0.015482,572.753941,746.740924,552.172971,742.016886,-1.037098,0.357570,-0.357664,-0.015482,1.206485,-0.389088,0.885838,0.000000,14.884387,-0.031517,0.528174,-0.015482,1.000000,0.331638,0.036358,1.000000,0.441867,0.196922,0.402162
12.522000,3.572000,14.876401,-0.024078,0.294007,-0.013771,615.354155,710.543818,599.307987,705.347850,-1.042472,0.365113,-0.589868,-0.013771,1.203873,-0.389191,0.883875,0.000000,14.876401,-0.024078,0.294007,-0.013771,1.000000,0.385000,0.059012,1.000000,0.440861,0.197021,0.401291
12.545000,3.595000,14.878979,-0.047301,0.497437,-0.018220,581.611729,741.450878,555.141818,737.778038,-1.037306,0.341972,-0.384517,-0.018220,1.201285,-0.389273,0.881954,0.000000,14.878979,-0.047301,0.497437,-0.018220,1.000000,0.329355,0.037273,1.000000,0.439879,0.197106,0.400428
12.563000,3.613000,14.899994,-0.053985,0.480554,-0.015363,585.055189,737.683126,559.455353,737.239847,-1.013739,0.335428,-0.399475,-0.015363,1.198734,-0.389413,0.880029,0.000000,14.899994,-0.053985,0.480554,-0.015363,1.000000,0.325176,0.037509,1.000000,0.438910,0.197183,0.399578
12.582000,3.632000,14.894543,-0.062266,0.383490,-0.010003,602.187876,719.924448,579.656270,724.857440,-1.016662,0.327322,-0.494680,-0.010003,1.196204,-0.389588,0.878171,0.000000,14.894543,-0.062266,0.383490,-0.010003,1.000000,0.345503,0.045531,1.000000,0.437981,0.197264,0.398735
12.608000,3.658000,14.886852,-0.067406,0.644130,-0.010660,552.080947,759.157026,525.473478,764.333937,-1.021843,0.322366,-0.232174,-0.010660,1.193695,-0.389771,0.876303,0.000000,14.886852,-0.067406,0.644130,-0.010660,1.000000,0.292767,0.026235,1.000000,0.437062,0.197317,0.397898
12.622000,3.672000,14.879752,-0.050405,0.625652,-0.007613,552.232285,756.813406,532.779083,760.940469,-1.026451,0.339538,-0.248802,-0.007613,1.191203,-0.389943,0.874453,0.000000,14.879752,-0.050405,0.625652,-0.007613,1.000000,0.297962,0.028261,1.000000,0.436160,0.197345,0.397068
12.643000,3.693000,14.874699,-0.057541,0.677706,-0.006780,541.949517,763.485099,520.950005,769.423278,-1.029032,0.332615,-0.194966,-0.006780,1.188731,-0.390156,0.872672,0.000000,14.874699,-0.057541,0.677706,-0.006780,1.000000,0.290105,0.025458,1.000000,0.435297,0.197386,0.396244
12.665000,3.715000,14.869620,-0.025624,0.613885,-0.007275,551.092821,757.034676,538.342102,756.841249,-1.031655,0.364759,-0.257044,-0.007275,1.186275,-0.390383,0.870929,0.000000,14.869620,-0.025624,0.613885,-0.007275,1.000000,0.307276,0.030560,1.000000,0.434459,0.197420,0.395425
12.680000,3.730000,14.863976,-0.009336,0.556961,-0.009074,561.168790,750.544907,551.258550,746.090740,-1.034860,0.381197,-0.312277,-0.009074,1.183835,-0.390534,0.869238,0.000000,14.863976,-0.009336,0.556961,-0.009074,1.000000,0.319347,0.035000,1.000000,0.433641,0.197430,0.394612
12.702000,3.752000,14.859348,0.031546,0.475256,-0.011386,573.179882,742.748814,571.621262,728.877387,-1.037063,0.422123,-0.392323,-0.011386,1.181411,-0.390577,0.867579,0.000000,14.859348,0.031546,0.475256,-0.011386,1.000000,0.335051,0.043978,1.000000,0.432832,0.197401,0.393804
12.723000,3.773000,14.856431,0.004418,0.457357,-0.012911,580.484734,737.946617,571.144674,728.113285,-1.037571,0.395048,-0.408638,-0.012911,1.179002,-0.390630,0.865995,0.000000,14.856431,0.004418,0.457357,-0.012911,1.000000,0.325245,0.043087,1.000000,0.432058,0.197384,0.393001
12.747000,3.797000,14.839506,-0.030922,0.337748,-0.010620,605.997133,714.892877,590.559363,713.329073,-1.052090,0.359266,-0.526656,-0.010620,1.176597,-0.390187,0.864404,0.000000,14.839506,-0.030922,0.337748,-0.010620,1.000000,0.373617,0.051724,1.000000,0.431278,0.197128,0.392199
12.766000,3.816000,14.846011,0.074330,0.315264,-0.010128,597.992423,721.533222,607.366678,699.688923,-1.043203,0.464687,-0.547644,-0.010128,1.174214,-0.390357,0.862908,0.000000,14.846011,0.074330,0.315264,-0.010128,1.000000,0.339282,0.062478,1.000000,0.430565,0.197131,0.391405
12.786000,3.836000,14.853772,0.011606,0.503904,-0.010772,569.578230,744.893909,563.605695,735.278261,-1.033074,0.401720,-0.357527,-0.010772,1.171845,-0.390115,0.861431,0.000000,14.853772,0.011606,0.503904,-0.010772,1.000000,0.301234,0.039604,1.000000,0.429841,0.196977,0.390615
12.806000,3.856000,14.853435,0.026965,0.359601,-0.005463,593.522154,722.373282,595.572703,713.255816,-1.031060,0.417263,-0.500386,-0.005463,1.169495,-0.390298,0.859988,0.000000,14.853435,0.026965,0.359601,-0.005463,1.000000,0.306158,0.053083,1.000000,0.429172,0.196951,0.389832
12.825000,3.875000,14.860799,-0.007322,0.685890,-0.008204,533.975259,769.457433,524.855980,765.327227,-1.021358,0.382737,-0.172731,-0.008204,1.167157,-0.390058,0.858621,0.000000,14.860799,-0.007322,0.685890,-0.008204,1.000000,0.270509,0.028071,1.000000,0.428503,0.196796,0.389052
12.843000,3.893000,14.856072,-0.033875,0.671899,-0.006538,539.502638,764.349905,524.936546,766.151847,-1.023758,0.356020,-0.185385,-0.006538,1.164830,-0.389894,0.857284,0.000000,14.856072,-0.033875,0.671899,-0.006538,1.000000,0.265368,0.026597,1.000000,0.427867,0.196643,0.388277
12.864000,3.914000,14.871020,-0.061440,0.724430,-0.007558,532.911868,770.173469,509.770678,776.248076,-1.006508,0.328376,-0.131586,-0.007558,1.162527,-0.389816,0.856016,0.000000,14.871020,-0.061440,0.724430,-0.007558,1.000000,0.257016,0.022651,1.000000,0.427264,0.196532,0.387509
12.882000,3.932000,14.853013,-0.032228,0.454710,-0.006471,582.727635,731.763564,569.726183,733.379628,-1.022214,0.357492,-0.400105,-0.006471,1.160227,-0.389720,0.854815,0.000000,14.853013,-0.032228,0.454710,-0.006471,1.000000,0.302533,0.039242,1.000000,0.426692,0.196422,0.386742
12.905000,3.955000,14.862179,0.019640,0.681065,-0.011781,533.067699,772.399591,527.914387,760.985816,-1.010767,0.409212,-0.172603,-0.011781,1.157946,-0.389572,0.853668,0.000000,14.862179,0.019640,0.681065,-0.011781,1.000000,0.291117,0.029955,1.000000,0.426143,0.196293,0.385982
12.924000,3.974000,14.855961,0.040475,0.562024,-0.012786,555.268933,757.003435,554.730826,740.758998,-1.014711,0.429971,-0.290566,-0.012786,1.155673,-0.389497,0.852590,0.000000,14.855961,0.040475,0.562024,-0.012786,1.000000,0.321003,0.037243,1.000000,0.425626,0.196207,0.385224
12.943000,3.993000,14.849818,0.064145,0.539746,-0.012187,556.399962,755.548431,562.256585,735.215944,-1.018588,0.453613,-0.311820,-0.012187,1.153405,-0.389468,0.851566,0.000000,14.849818,0.064145,0.539746,-0.012187,1.000000,0.336137,0.040690,1.000000,0.425139,0.196137,0.384468
12.965000,4.015000,14.841814,0.116533,0.513083,-0.011612,554.781648,756.057872,573.985135,726.159694,-1.024326,0.505870,-0.337505,-0.011612,1.151140,-0.389337,0.850587,0.000000,14.841814,0.116533,0.513083,-0.011612,1.000000,0.351106,0.047487,1.000000,0.424683,0.195997,0.383713
12.985000,4.035000,14.836548,0.079504,0.299998,-0.008468,599.384170,718.868738,611.181517,697.123067,-1.027327,0.468777,-0.549652,-0.008468,1.148875,-0.389273,0.849650,0.000000,14.836548,0.079504,0.299998,-0.008468,1.000000,0.367872,0.062748,1.000000,0.424259,0.195868,0.382958
13.003000,4.053000,14.840865,0.065878,0.344990,-0.008924,592.769227,724.813902,601.197540,705.615307,-1.020749,0.455117,-0.503785,-0.008924,1.146614,-0.389239,0.848776,0.000000,14.840865,0.065878,0.344990,-0.008924,1.000000,0.353313,0.056520,1.000000,0.423866,0.195752,0.382205
13.022000,4.072000,14.849442,0.061941,0.405534,-0.008834,581.818753,733.915191,589.544712,715.791750,-1.009916,0.451165,-0.442441,-0.008834,1.144359,-0.389224,0.847975,0.000000,14.849442,0.061941,0.405534,-0.008834,1.000000,0.341480,0.050137,1.000000,0.423504,0.195661,0.381453
13.045000,4.095000,14.864446,0.060986,0.476529,-0.006863,567.625656,744.245934,576.899147,727.947070,-0.992667,0.450090,-0.370753,-0.006863,1.142113,-0.389105,0.847282,0.000000,14.864446,0.060986,0.476529,-0.006863,1.000000,0.334964,0.043863,1.000000,0.423187,0.195537,0.380704
13.065000,4.115000,14.872433,0.086703,0.710058,-0.007721,516.444472,781.466087,532.630332,760.694143,-0.982440,0.475635,-0.136642,-0.007721,1.139873,-0.388932,0.846700,0.000000,14.872433,0.086703,0.710058,-0.007721,1.000000,0.325225,0.034148,1.000000,0.422900,0.195443,0.379958
13.083000,4.133000,14.880025,0.074660,0.733084,-0.007509,513.162198,783.776551,526.458671,765.403807,-0.972614,0.463398,-0.113134,-0.007509,1.137639,-0.388738,0.846218,0.000000,14.880025,0.074660,0.733084,-0.007509,1.000000,0.323931,0.032219,1.000000,0.422648,0.195369,0.379213
13.103000,4.153000,14.890978,0.013092,0.728651,-0.009584,523.631769,778.533383,518.593469,769.857498,-0.959435,0.401716,-0.117176,-0.009584,1.135414,-0.388623,0.845827,0.000000,14.890978,0.013092,0.728651,-0.009584,1.000000,0.324305,0.026725,1.000000,0.422435,0.195350,0.378471
13.121000,4.171000,14.897008,0.066156,0.674330,-0.010940,528.986287,775.985258,536.745156,756.673390,-0.951186,0.454866,-0.171100,-0.010940,1.133195,-0.388710,0.845430,0.000000,14.897008,0.066156,0.674330,-0.010940,1.000000,0.343627,0.032677,1.000000,0.422243,0.195379,0.377732
13.145000,4.195000,14.896583,0.082300,0.601719,-0.013098,543.048794,767.565084,552.868978,743.543918,-0.949395,0.471121,-0.243391,-0.013098,1.130978,-0.388821,0.845110,0.000000,14.896583,0.082300,0.601719,-0.013098,1.000000,0.359407,0.037150,1.000000,0.422099,0.195397,0.376993
13.163000,4.213000,14.903336,0.082619,0.299715,-0.010850,601.622534,721.326308,612.281020,697.295068,-0.940430,0.471702,-0.545103,-0.010850,1.128766,-0.389083,0.844818,0.000000,14.903336,0.082619,0.299715,-0.010850,1.000000,0.406685,0.060820,1.000000,0.421994,0.195440,0.376255
13.188000,4.238000,14.919770,0.193704,0.490149,-0.014686,553.083782,762.273026,588.402934,715.620224,-0.921793,0.583316,-0.354358,-0.014686,1.126563,-0.389613,0.844506,0.000000,14.919770,0.193704,0.490149,-0.014686,1.000000,0.403242,0.055101,1.000000,0.421894,0.195584,0.375521
13.206000,4.256000,14.926720,0.095783,0.472760,-0.013286,568.333815,750.333578,580.815372,723.017929,-0.912645,0.485709,-0.371661,-0.013286,1.124365,-0.389925,0.844421,0.000000,14.926720,0.095783,0.472760,-0.013286,1.000000,0.403557,0.045751,1.000000,0.421860,0.195718,0.374788
13.223000,4.273000,14.933124,0.108124,0.577768,-0.010413,544.532934,766.199743,562.994772,739.129952,-0.904048,0.498461,-0.266626,-0.010413,1.122172,-0.390338,0.844395,0.000000,14.933124,0.108124,0.577768,-0.010413,1.000000,0.410501,0.040139,1.000000,0.421851,0.195916,0.374057
13.243000,4.293000,14.940928,0.108025,0.624853,-0.008390,534.066110,772.551399,554.549072,747.114616,-0.894054,0.498858,-0.219582,-0.008390,1.119982,-0.390832,0.844435,0.000000,14.940928,0.108025,0.624853,-0.008390,1.000000,0.408737,0.037708,1.000000,0.421878,0.196147,0.373327
13.263000,4.313000,14.945375,0.125735,0.656459,-0.007997,524.974359,778.679099,550.630196,750.436303,-0.887418,0.517061,-0.188147,-0.007997,1.117794,-0.391326,0.844606,0.000000,14.945375,0.125735,0.656459,-0.007997,1.000000,0.418293,0.038157,1.000000,0.421965,0.196391,0.372598
13.282000,4.332000,14.953687,0.089092,0.462601,-0.006719,569.175580,746.471002,585.266314,724.943654,-0.876922,0.480944,-0.382291,-0.006719,1.115609,-0.391852,0.844892,0.000000,14.953687,0.089092,0.462601,-0.006719,1.000000,0.433025,0.045440,1.000000,0.422099,0.196672,0.371870
13.302000,4.352000,14.964740,0.146582,0.716884,-0.012744,511.734041,791.092867,539.319919,756.298290,-0.863689,0.538938,-0.128402,-0.012744,1.113429,-0.392357,0.845286,0.000000,14.964740,0.146582,0.716884,-0.012744,1.000000,0.434963,0.038170,1.000000,0.422252,0.197019,0.371143
13.322000,4.372000,14.973171,0.135231,0.645176,-0.013177,529.180005,780.117574,552.686493,746.633615,-0.853082,0.528282,-0.200529,-0.013177,1.111254,-0.393051,0.845705,0.000000,14.973171,0.135231,0.645176,-0.013177,1.000000,0.441896,0.039224,1.000000,0.422437,0.197417,0.370418
13.343000,4.393000,14.979859,0.149537,0.665952,-0.013898,523.350146,784.737450,550.128996,748.312176,-0.844224,0.543410,-0.180232,-0.013898,1.109082,-0.393873,0.846184,0.000000,14.979859,0.149537,0.665952,-0.013898,1.000000,0.451171,0.039924,1.000000,0.422659,0.197863,0.369694
13.367000,4.417000,14.984875,0.133153,0.593798,-0.015204,541.444115,773.377878,562.256379,738.580256,-0.837038,0.527851,-0.252945,-0.015204,1.106913,-0.394698,0.846744,0.000000,14.984875,0.133153,0.593798,-0.015204,1.000000,0.456278,0.041290,1.000000,0.422896,0.198366,0.368971
13.382000,4.432000,14.990776,0.140400,0.578871,-0.015988,544.102196,772.228859,565.957730,735.462874,-0.828971,0.536055,-0.268482,-0.015988,1.104747,-0.395655,0.847352,0.000000,14.990776,0.140400,0.578871,-0.015988,1.000000,0.464436,0.042841,1.000000,0.423164,0.198920,0.368249
13.403000,4.453000,14.998773,0.141528,0.333209,-0.011302,590.942063,734.215326,614.929246,698.649576,-0.818812,0.538337,-0.514632,-0.011302,1.102586,-0.396808,0.847841,0.000000,14.998773,0.141528,0.333209,-0.011302,1.000000,0.474699,0.062183,1.000000,0.423398,0.199517,0.367529
13.424000,4.474000,15.002276,0.172578,0.698883,-0.016494,514.916783,792.723758,545.795774,750.666597,-0.813152,0.570583,-0.149772,-0.016494,1.100427,-0.398005,0.848655,0.000000,15.002276,0.172578,0.698883,-0.016494,1.000000,0.482712,0.041439,1.000000,0.423783,0.200160,0.366809
13.450000,4.500000,15.011604,0.094715,0.754582,-0.015205,512.959219,793.544343,524.776663,766.684060,-0.801673,0.493930,-0.095389,-0.015205,1.098277,-0.399215,0.849972,0.000000,15.011604,0.094715,0.754582,-0.015205,1.000000,0.526807,0.031756,1.000000,0.424368,0.200917,0.366092
13.468000,4.518000,15.014675,0.131678,0.472371,-0.011810,565.667049,754.804717,587.954076,721.799580,-0.796455,0.532180,-0.378551,-0.011810,1.096129,-0.400502,0.850922,0.000000,15.014675,0.131678,0.472371,-0.011810,1.000000,0.497930,0.049009,1.000000,0.424792,0.201667,0.365376
13.482000,4.532000,15.011606,0.201897,0.880410,-0.019853,471.224263,821.777285,509.758316,773.828988,-0.797377,0.603584,0.028304,-0.019853,1.093983,-0.401687,0.852106,0.000000,15.011606,0.201897,0.880410,-0.019853,1.000000,0.498578,0.042909,1.000000,0.425281,0.202474,0.364661
13.507000,4.557000,15.004471,0.207883,0.758321,-0.021509,499.243676,805.806340,535.886471,754.624418,-0.802363,0.610826,-0.095007,-0.021509,1.091834,-0.402943,0.853328,0.000000,15.004471,0.207883,0.758321,-0.021509,1.000000,0.496978,0.044698,1.000000,0.425784,0.203325,0.363945
13.526000,4.576000,14.994658,0.212982,0.817025,-0.022281,485.179685,814.461286,523.481856,762.412439,-0.810022,0.617500,-0.037563,-0.022281,1.089680,-0.404517,0.854588,0.000000,14.994658,0.212982,0.817025,-0.022281,1.000000,0.508067,0.044883,1.000000,0.426352,0.204237,0.363227
13.549000,4.599000,14.986583,0.203602,0.778363,-0.022389,495.193828,808.184725,530.224505,757.357496,-0.815938,0.609867,-0.077593,-0.022389,1.087521,-0.406265,0.855956,0.000000,14.986583,0.203602,0.778363,-0.022389,1.000000,0.520882,0.044504,1.000000,0.426989,0.205204,0.362507
13.567000,4.617000,14.970883,0.204973,0.617100,-0.022192,529.861305,785.185295,563.239638,732.641407,-0.829467,0.612772,-0.239867,-0.022192,1.085350,-0.407799,0.856966,0.000000,14.970883,0.204973,0.617100,-0.022192,1.000000,0.496047,0.050232,1.000000,0.427431,0.206096,0.361783
13.582000,4.632000,14.958293,0.122534,0.598058,-0.021271,543.802467,774.540904,556.867484,737.605888,-0.839873,0.532349,-0.260330,-0.021271,1.083166,-0.409815,0.858388,0.000000,14.958293,0.122534,0.598058,-0.021271,1.000000,0.543290,0.042216,1.000000,0.428112,0.207159,0.361055
13.601000,4.651000,14.955913,0.073892,0.348984,-0.013650,595.751115,730.169285,602.351105,706.135087,-0.840063,0.485988,-0.510730,-0.013650,1.080977,-0.412097,0.859713,0.000000,14.955913,0.073892,0.348984,-0.013650,1.000000,0.574259,0.056779,1.000000,0.428801,0.208237,0.360326
13.623000,4.673000,14.943271,0.144422,0.710725,-0.018165,515.215334,791.379637,537.407229,753.330055,-0.850504,0.558749,-0.150616,-0.018165,1.078774,-0.414327,0.861340,0.000000,14.943271,0.144422,0.710725,-0.018165,1.000000,0.539051,0.040755,1.000000,0.429582,0.209410,0.359591
13.642000,4.692000,14.938876,0.132979,0.511770,-0.010753,555.182290,758.958580,579.035356,726.635893,-0.852689,0.549644,-0.351177,-0.010753,1.076565,-0.416665,0.862947,0.000000,14.938876,0.132979,0.511770,-0.010753,1.000000,0.547602,0.049826,1.000000,0.430373,0.210596,0.358855
13.666000,4.716000,14.926496,0.218366,0.899926,-0.013696,458.281144,822.416574,508.060507,775.604879,-0.862847,0.637225,0.035100,-0.013696,1.074343,-0.418860,0.864826,0.000000,14.926496,0.218366,0.899926,-0.013696,1.000000,0.525892,0.048193,1.000000,0.431232,0.211850,0.358114
13.680000,4.730000,14.898971,0.167671,0.675425,-0.012435,515.940562,785.720678,548.953104,746.965833,-0.888127,0.588761,-0.191327,-0.012435,1.072098,-0.421090,0.866752,0.000000,14.898971,0.167671,0.675425,-0.012435,1.000000,0.539753,0.046228,1.000000,0.432104,0.213143,0.357366
13.702000,4.752000,14.889391,0.250589,1.077353,-0.019925,409.178719,850.215147,467.677743,795.438853,-0.895449,0.673929,0.208443,-0.019925,1.069840,-0.423340,0.868910,0.000000,14.889391,0.250589,1.077353,-0.019925,1.000000,0.534440,0.057821,1.000000,0.433059,0.214510,0.356613
13.722000,4.772000,14.871315,0.207717,1.001282,-0.024049,438.059539,837.472255,476.887719,786.731311,-0.911247,0.633397,0.130065,-0.024049,1.067561,-0.425680,0.871217,0.000000,14.871315,0.207717,1.001282,-0.024049,1.000000,0.550263,0.050172,1.000000,0.434079,0.215943,0.355854
13.747000,4.797000,14.840736,0.211225,0.839927,-0.030288,479.278136,817.215648,510.312038,760.315425,-0.939515,0.639272,-0.033538,-0.030288,1.065251,-0.428047,0.873465,0.000000,14.840736,0.211225,0.839927,-0.030288,1.000000,0.549148,0.049898,1.000000,0.435077,0.217369,0.355084
13.765000,4.815000,14.818994,0.185597,0.774683,-0.031517,497.883716,805.969585,519.923535,752.135580,-0.958919,0.616051,-0.100480,-0.031517,1.062913,-0.430454,0.875163,0.000000,14.818994,0.185597,0.774683,-0.031517,1.000000,0.516716,0.048256,1.000000,0.435889,0.218634,0.354304
13.784000,4.834000,14.797390,0.159668,0.598595,-0.030189,538.389715,777.852067,553.449703,727.840987,-0.978154,0.592994,-0.278731,-0.030189,1.060544,-0.433325,0.877326,0.000000,14.797390,0.159668,0.598595,-0.030189,1.000000,0.587895,0.052592,1.000000,0.436942,0.220112,0.353515
13.805000,4.855000,14.779273,0.150855,0.568336,-0.025784,543.436227,770.869678,559.822650,725.184565,-0.993874,0.587234,-0.311180,-0.025784,1.058147,-0.436380,0.879516,0.000000,14.779273,0.150855,0.568336,-0.025784,1.000000,0.594585,0.054112,1.000000,0.438037,0.221625,0.352716
13.824000,4.874000,14.779536,0.092335,0.343201,-0.014212,590.554486,727.697462,601.063516,699.508624,-0.991195,0.531963,-0.538443,-0.014212,1.055731,-0.439627,0.881643,0.000000,14.779536,0.092335,0.343201,-0.014212,1.000000,0.644967,0.067135,1.000000,0.439151,0.223133,0.351910
13.844000,4.894000,14.765822,0.090972,0.510934,-0.012880,556.948823,752.333342,568.833646,726.301899,-1.002467,0.533895,-0.373050,-0.012880,1.053289,-0.442923,0.883984,0.000000,14.765822,0.090972,0.510934,-0.012880,1.000000,0.619601,0.052487,1.000000,0.440347,0.224715,0.351096
13.863000,4.913000,14.743720,0.123926,0.871103,-0.014734,474.124540,807.414655,495.611259,776.115390,-1.022097,0.570153,-0.015510,-0.014734,1.050817,-0.446227,0.886614,0.000000,14.743720,0.123926,0.871103,-0.014734,1.000000,0.580980,0.043000,1.000000,0.441641,0.226394,0.350272
13.884000,4.934000,14.724063,0.123403,0.766143,-0.010839,496.079981,790.992864,520.002791,761.728793,-1.039251,0.573459,-0.123758,-0.010839,1.048314,-0.450056,0.889902,0.000000,14.724063,0.123403,0.766143,-0.010839,1.000000,0.681117,0.045229,1.000000,0.443245,0.228369,0.349438
13.903000,4.953000,14.688885,0.288693,1.099407,-0.020926,389.564505,853.100651,461.236672,791.203571,-1.071883,0.741708,0.206642,-0.020926,1.045768,-0.453015,0.892764,0.000000,14.688885,0.288693,1.099407,-0.020926,1.000000,0.537116,0.070816,1.000000,0.444568,0.230049,0.348589
13.923000,4.973000,14.686446,0.222359,1.079653,-0.022183,407.374411,845.381503,455.291771,793.778251,-1.071752,0.678623,0.183989,-0.022183,1.043198,-0.456263,0.895665,0.000000,14.686446,0.222359,1.079653,-0.022183,1.000000,0.561846,0.060974,1.000000,0.445957,0.231776,0.347733
13.943000,4.993000,14.673185,0.249737,1.094698,-0.028082,401.381568,851.170278,452.319530,791.363412,-1.082410,0.709199,0.195942,-0.028082,1.040595,-0.459462,0.898755,0.000000,14.673185,0.249737,1.094698,-0.028082,1.000000,0.560652,0.065931,1.000000,0.447406,0.233548,0.346865
13.965000,5.015000,14.639886,0.190797,0.782342,-0.034492,491.512397,805.180285,512.545074,748.297805,-1.113059,0.652908,-0.118900,-0.034492,1.037945,-0.462111,0.901242,0.000000,14.639886,0.190797,0.782342,-0.034492,1.000000,0.530234,0.056551,1.000000,0.448572,0.235009,0.345982
13.986000,5.036000,14.643714,0.208912,0.657863,-0.034855,517.053512,789.387348,541.453270,727.565264,-1.106557,0.674317,-0.246273,-0.034855,1.035271,-0.465405,0.904135,0.000000,14.643714,0.208912,0.657863,-0.034855,1.000000,0.634653,0.063902,1.000000,0.449998,0.236680,0.345090
14.003000,5.053000,14.616435,0.139280,0.607461,-0.030875,534.541702,774.123624,543.932402,727.285303,-1.131115,0.608138,-0.299733,-0.030875,1.032551,-0.468858,0.907194,0.000000,14.616435,0.139280,0.607461,-0.030875,1.000000,0.691234,0.058857,1.000000,0.451509,0.238425,0.344184
14.023000,5.073000,14.624547,0.068142,0.348640,-0.018149,590.080673,724.483188,591.881966,698.113229,-1.120261,0.540558,-0.561506,-0.018149,1.029808,-0.472416,0.910146,0.000000,14.624547,0.068142,0.348640,-0.018149,1.000000,0.772993,0.073332,1.000000,0.453022,0.240117,0.343269
14.041000,5.091000,14.618523,0.068816,0.515063,-0.016408,556.487550,749.227912,560.010812,724.858467,-1.123511,0.544833,-0.398235,-0.016408,1.027034,-0.476017,0.913298,0.000000,14.618523,0.068816,0.515063,-0.016408,1.000000,0.737809,0.058193,1.000000,0.454618,0.241865,0.342345
14.068000,5.118000,14.587763,0.148401,0.893876,-0.013651,459.563783,809.527989,489.752942,774.636804,-1.151450,0.627883,-0.022639,-0.013651,1.024213,-0.479482,0.916515,0.000000,14.587763,0.148401,0.893876,-0.013651,1.000000,0.662998,0.052752,1.000000,0.456222,0.243593,0.341404
14.084000,5.134000,14.593028,0.026787,0.727723,-0.008035,512.893117,773.504022,512.894298,763.309931,-1.143324,0.509652,-0.191821,-0.008035,1.021352,-0.482864,0.919544,0.000000,14.593028,0.026787,0.727723,-0.008035,1.000000,0.656962,0.042732,1.000000,0.457769,0.245209,0.340451
14.111000,5.161000,14.576329,0.270875,1.156511,-0.015004,367.905971,855.470530,443.699725,800.664047,-1.157137,0.757620,0.233045,-0.015004,1.018466,-0.486745,0.923466,0.000000,14.576329,0.270875,1.156511,-0.015004,1.000000,0.735034,0.076242,1.000000,0.459705,0.247182,0.339489
14.123000,5.173000,14.566524,0.219794,1.024573,-0.018530,416.532221,834.595377,466.382814,785.116887,-1.164021,0.709865,0.097752,-0.018530,1.015545,-0.490071,0.926821,0.000000,14.566524,0.219794,1.024573,-0.018530,1.000000,0.652398,0.064930,1.000000,0.461376,0.248845,0.338515
14.146000,5.196000,14.561737,0.228647,0.968675,-0.023405,432.393009,829.190299,478.453407,774.578699,-1.165852,0.721944,0.038488,-0.023405,1.012590,-0.493297,0.930187,0.000000,14.561737,0.228647,0.968675,-0.023405,1.000000,0.659424,0.065915,1.000000,0.463052,0.250461,0.337530
14.165000,5.215000,14.584610,0.029873,0.607079,-0.020347,543.358644,760.025422,533.543752,740.634498,-1.139994,0.526278,-0.326363,-0.020347,1.009604,-0.496404,0.933442,0.000000,14.584610,0.029873,0.607079,-0.020347,1.000000,0.747820,0.051385,1.000000,0.464697,0.251971,0.336535
14.185000,5.235000,14.576738,0.155974,0.978872,-0.030943,445.789540,827.053763,461.998661,780.369001,-1.144862,0.655636,0.041761,-0.030943,1.006600,-0.499662,0.937111,0.000000,14.576738,0.155974,0.978872,-0.030943,1.000000,0.692675,0.056363,1.000000,0.466511,0.253628,0.335533
14.200000,5.250000,14.580684,0.112031,0.739015,-0.027842,507.426459,788.969363,512.675228,750.224142,-1.137889,0.614856,-0.201758,-0.027842,1.003573,-0.502825,0.940773,0.000000,14.580684,0.112031,0.739015,-0.027842,1.000000,0.755828,0.054901,1.000000,0.468331,0.255220,0.334524
14.227000,5.277000,14.580153,0.126554,0.400402,-0.018309,572.007171,737.182134,587.743424,699.637222,-1.135367,0.632885,-0.544531,-0.018309,1.000520,-0.506331,0.944932,0.000000,14.580153,0.126554,0.400402,-0.018309,1.000000,0.964114,0.082630,1.000000,0.470409,0.256967,0.333507
14.246000,5.296000,14.579734,0.073216,0.560104,-0.019323,546.948035,756.598693,549.185845,729.600196,-1.132706,0.582567,-0.388568,-0.019323,0.997440,-0.509351,0.948672,0.000000,14.579734,0.073216,0.560104,-0.019323,1.000000,0.817498,0.061904,1.000000,0.472275,0.258478,0.332480
14.266000,5.316000,14.577835,0.105260,0.909488,-0.020409,465.340029,809.938341,476.351626,778.357743,-1.131486,0.617528,-0.042811,-0.020409,0.994320,-0.512268,0.952299,0.000000,14.577835,0.105260,0.909488,-0.020409,1.000000,0.703724,0.051162,1.000000,0.474108,0.259894,0.331440
14.283000,5.333000,14.565742,0.165002,0.892440,-0.018545,459.170882,811.898618,489.466246,770.898255,-1.140437,0.680225,-0.063709,-0.018545,0.991179,-0.515223,0.956149,0.000000,14.565742,0.165002,0.892440,-0.018545,1.000000,0.755751,0.059717,1.000000,0.476038,0.261356,0.330393
14.306000,5.356000,14.570691,0.179198,0.967312,-0.018027,438.089036,823.334388,474.443220,780.742978,-1.132324,0.697360,0.007334,-0.018027,0.988015,-0.518162,0.959978,0.000000,14.570691,0.179198,0.967312,-0.018027,1.000000,0.768346,0.061491,1.000000,0.477983,0.262763,0.329338
14.322000,5.372000,14.590161,0.157138,0.955461,-0.017941,445.184959,820.162594,474.657453,781.395572,-1.109675,0.678216,-0.008428,-0.017941,0.984837,-0.521078,0.963888,0.000000,14.590161,0.157138,0.955461,-0.017941,1.000000,0.787578,0.058351,1.000000,0.479979,0.264141,0.328279
14.346000,5.396000,14.586821,0.187844,0.781793,-0.021631,484.352173,799.788455,516.558943,751.832828,-1.109809,0.711587,-0.185970,-0.021631,0.981630,-0.523743,0.967762,0.000000,14.586821,0.187844,0.781793,-0.021631,1.000000,0.816885,0.066458,1.000000,0.481945,0.265418,0.327210
14.368000,5.418000,14.605432,0.203493,0.787009,-0.022462,481.844826,802.485578,517.684532,751.243393,-1.087981,0.730063,-0.185252,-0.022462,0.978413,-0.526570,0.972262,0.000000,14.605432,0.203493,0.787009,-0.022462,1.000000,0.988050,0.068619,1.000000,0.484203,0.266813,0.326138
14.385000,5.435000,14.623584,0.098498,0.417851,-0.019066,573.406915,738.317478,581.831975,705.838644,-1.066602,0.627623,-0.558912,-0.019066,0.975186,-0.529125,0.976763,0.000000,14.623584,0.098498,0.417851,-0.019066,1.000000,1.100205,0.082042,1.000000,0.486447,0.268102,0.325062
14.409000,5.459000,14.626475,0.068697,0.755548,-0.028130,511.145953,788.443694,504.269162,757.483982,-1.060467,0.600026,-0.225358,-0.028130,0.971942,-0.531329,0.980906,0.000000,14.626475,0.068697,0.755548,-0.028130,1.000000,0.896429,0.052407,1.000000,0.488501,0.269236,0.323981
14.425000,5.475000,14.644395,0.047727,0.668940,-0.023888,531.251470,773.044385,522.823006,748.271058,-1.039299,0.581145,-0.316106,-0.023888,0.968694,-0.533418,0.985046,0.000000,14.644395,0.047727,0.668940,-0.023888,1.000000,0.922059,0.054624,1.000000,0.490563,0.270296,0.322898
14.442000,5.492000,14.672552,0.104582,0.711057,-0.020126,513.724902,783.512998,523.790421,751.139633,-1.007897,0.640003,-0.278034,-0.020126,0.965449,-0.535421,0.989091,0.000000,14.672552,0.104582,0.711057,-0.020126,1.000000,0.933530,0.058890,1.000000,0.492618,0.271240,0.321816
14.466000,5.516000,14.679859,0.095424,0.733020,-0.017158,509.002765,785.019770,519.357082,756.410015,-0.997339,0.632772,-0.260108,-0.017158,0.962198,-0.537349,0.993128,0.000000,14.679859,0.095424,0.733020,-0.017158,1.000000,0.922215,0.056782,1.000000,0.494677,0.272133,0.320733
14.485000,5.535000,14.703099,0.074591,0.462749,-0.010636,566.071373,741.555256,575.619491,719.908051,-0.970855,0.613667,-0.534439,-0.010636,0.958955,-0.539076,0.997188,0.000000,14.703099,0.074591,0.462749,-0.010636,1.000000,0.990883,0.075658,1.000000,0.496749,0.272924,0.319652
14.505000,5.555000,14.713394,0.164066,0.871859,-0.015265,467.326146,810.593944,499.917077,771.866130,-0.957317,0.705028,-0.129881,-0.015265,0.955712,-0.540962,1.001740,0.000000,14.713394,0.164066,0.871859,-0.015265,1.000000,1.062503,0.060581,1.000000,0.499084,0.273762,0.318571
14.531000,5.581000,14.747505,0.044530,0.881259,-0.012207,482.186266,801.228035,483.294183,785.555666,-0.919981,0.587242,-0.124343,-0.012207,0.952487,-0.542712,1.005602,0.000000,14.747505,0.044530,0.881259,-0.012207,1.000000,0.866793,0.044510,1.000000,0.501140,0.274412,0.317496
14.544000,5.594000,14.757284,0.092578,0.894846,-0.011646,471.997698,807.287896,487.600357,783.603972,-0.906984,0.636739,-0.115063,-0.011646,0.949268,-0.544161,1.009909,0.000000,14.757284,0.092578,0.894846,-0.011646,1.000000,0.964225,0.050107,1.000000,0.503340,0.275055,0.316423
14.565000,5.615000,14.771709,0.094822,0.876213,-0.013242,477.308803,805.649683,491.873094,780.472946,-0.889354,0.640429,-0.137859,-0.013242,0.946064,-0.545607,1.014072,0.000000,14.771709,0.094822,0.876213,-0.013242,1.000000,0.939591,0.050842,1.000000,0.505513,0.275615,0.315355
14.583000,5.633000,14.789485,0.081246,0.481974,-0.013105,564.674860,747.625073,573.863764,723.139753,-0.868393,0.627850,-0.536314,-0.013105,0.942878,-0.546604,1.018288,0.000000,14.789485,0.081246,0.481974,-0.013105,1.000000,0.990370,0.075741,1.000000,0.507655,0.276059,0.314293
14.601000,5.651000,14.798178,0.138340,0.801851,-0.021965,493.269445,802.266590,511.324482,763.327813,-0.856530,0.685787,-0.220734,-0.021965,0.939708,-0.547447,1.022585,0.000000,14.798178,0.138340,0.801851,-0.021965,1.000000,0.947400,0.059287,1.000000,0.509826,0.276446,0.313236
14.626000,5.676000,14.816046,0.154387,0.651109,-0.022643,525.193478,782.830963,545.716166,739.391684,-0.835515,0.702442,-0.375753,-0.022643,0.936561,-0.548055,1.026862,0.000000,14.816046,0.154387,0.651109,-0.022643,1.000000,0.955354,0.070494,1.000000,0.511972,0.276743,0.312187
14.644000,5.694000,14.822616,0.139332,0.700756,-0.021927,516.348727,788.493965,533.915375,748.680812,-0.825816,0.687721,-0.330459,-0.021927,0.933433,-0.548389,1.031215,0.000000,14.822616,0.139332,0.700756,-0.021927,1.000000,0.961024,0.065084,1.000000,0.514132,0.276950,0.311144
14.664000,5.714000,14.832689,0.075212,0.415316,-0.015557,580.598810,738.663147,586.173934,713.293385,-0.812639,0.623770,-0.620181,-0.015557,0.930328,-0.548558,1.035497,0.000000,14.832689,0.075212,0.415316,-0.015557,1.000000,1.011126,0.083999,1.000000,0.516272,0.277048,0.310109
14.686000,5.736000,14.841046,0.125522,0.718420,-0.019909,513.972329,789.481762,529.759051,753.650807,-0.801200,0.674193,-0.321316,-0.019909,0.927247,-0.548671,1.039735,0.000000,14.841046,0.125522,0.718420,-0.019909,1.000000,0.968017,0.062237,1.000000,0.518411,0.277079,0.309082
14.702000,5.752000,14.842906,0.077432,0.679865,-0.015131,526.663493,778.155725,533.753415,753.994193,-0.796280,0.626119,-0.364066,-0.015131,0.924185,-0.548687,1.043931,0.000000,14.842906,0.077432,0.679865,-0.015131,1.000000,0.973820,0.058820,1.000000,0.520552,0.277017,0.308062
14.725000,5.775000,14.854898,0.095783,0.783378,-0.011023,499.976196,793.486512,516.159019,769.211563,-0.781254,0.644457,-0.264630,-0.011023,0.921152,-0.548674,1.048008,0.000000,14.854898,0.095783,0.783378,-0.011023,1.000000,0.964191,0.054651,1.000000,0.522668,0.276873,0.307051
14.742000,5.792000,14.855112,0.039186,0.540349,-0.005939,556.934132,751.317341,561.761706,739.931782,-0.778028,0.587607,-0.511765,-0.005939,0.918140,-0.548421,1.052114,0.000000,14.855112,0.039186,0.540349,-0.005939,1.000000,0.985948,0.066775,1.000000,0.524789,0.276630,0.306047
14.761000,5.811000,14.870690,0.112306,0.817649,-0.010905,490.278267,800.020459,511.398358,773.056969,-0.759470,0.660394,-0.238418,-0.010905,0.915160,-0.548088,1.056067,0.000000,14.870690,0.112306,0.817649,-0.010905,1.000000,0.961674,0.055076,1.000000,0.526855,0.276302,0.305053
14.785000,5.835000,14.873423,0.075665,0.515175,-0.008279,558.910055,752.080590,570.761457,732.186007,-0.753782,0.623086,-0.544844,-0.008279,0.912206,-0.547421,1.060019,0.000000,14.873423,0.075665,0.515175,-0.008279,1.000000,0.983831,0.074198,1.000000,0.528895,0.275858,0.304069
14.804000,5.854000,14.871385,0.071870,0.568884,-0.008301,548.431961,759.691345,559.542446,740.699623,-0.752890,0.618377,-0.495148,-0.008301,0.909275,-0.546507,1.064032,0.000000,14.871385,0.071870,0.568884,-0.008301,1.000000,0.989047,0.068432,1.000000,0.530952,0.275316,0.303092
14.825000,5.875000,14.878820,0.143003,0.820336,-0.012766,486.410363,803.803612,514.366113,770.216919,-0.742555,0.688517,-0.247643,-0.012766,0.906374,-0.545514,1.067980,0.000000,14.878820,0.143003,0.820336,-0.012766,1.000000,0.984611,0.059068,1.000000,0.533001,0.274683,0.302125
14.843000,5.893000,14.875829,0.115922,0.796067,-0.011640,495.192736,797.626002,516.426020,769.436877,-0.742669,0.660346,-0.275707,-0.011640,0.903497,-0.544423,1.071774,0.000000,14.875829,0.115922,0.796067,-0.011640,1.000000,0.946360,0.056736,1.000000,0.534981,0.273988,0.301166
14.869000,5.919000,14.872880,-0.018743,0.593802,-0.008730,555.007536,755.234989,542.870608,752.785037,-0.742777,0.524784,-0.481404,-0.008730,0.900657,-0.543528,1.075206,0.000000,14.872880,-0.018743,0.593802,-0.008730,1.000000,0.774927,0.056240,1.000000,0.536774,0.273398,0.300219
14.886000,5.936000,14.865922,0.135555,0.867341,-0.013118,476.281702,809.592260,502.414730,777.360052,-0.746903,0.677419,-0.211780,-0.013118,0.897824,-0.541865,1.079121,0.000000,14.865922,0.135555,0.867341,-0.013118,1.000000,0.939787,0.055971,1.000000,0.538757,0.272527,0.299275
14.909000,5.959000,14.870925,0.097095,0.630529,-0.012916,534.346161,772.563221,548.249582,746.070367,-0.739096,0.636832,-0.452620,-0.012916,0.895020,-0.539738,1.083148,0.000000,14.870925,0.097095,0.630529,-0.012916,1.000000,1.039633,0.066521,1.000000,0.540807,0.271403,0.298340
14.924000,5.974000,14.878357,0.060417,0.624557,-0.013230,540.685126,768.622683,544.871260,748.626655,-0.728890,0.598158,-0.462376,-0.013230,0.892247,-0.537740,1.086933,0.000000,14.878357,0.060417,0.624557,-0.013230,1.000000,0.900710,0.062489,1.000000,0.542711,0.270392,0.297416
14.943000,5.993000,14.872414,0.057124,0.573184,-0.014400,552.018746,761.044439,554.315949,740.657176,-0.732082,0.592531,-0.517591,-0.014400,0.889496,-0.535407,1.090775,0.000000,14.872414,0.057124,0.573184,-0.014400,1.000000,0.898858,0.067279,1.000000,0.544606,0.269291,0.296499
14.964000,6.014000,14.866924,0.062672,0.474634,-0.014603,571.012928,746.816722,574.415559,724.821484,-0.734845,0.595132,-0.620103,-0.014603,0.886769,-0.532460,1.094737,0.000000,14.866924,0.062672,0.474634,-0.014603,1.000000,0.997987,0.079292,1.000000,0.546553,0.267900,0.295590
14.982000,6.032000,14.867751,0.040566,0.510349,-0.013676,566.298090,749.827675,565.062199,732.787004,-0.731318,0.570450,-0.588064,-0.013676,0.884070,-0.529884,1.098413,0.000000,14.867751,0.040566,0.510349,-0.013676,1.000000,0.863364,0.072490,1.000000,0.548377,0.266655,0.294690
15.002000,6.052000,14.852847,0.063677,0.529811,-0.013771,559.200503,754.619623,563.609365,733.247686,-0.743540,0.590701,-0.572296,-0.013771,0.881387,-0.527025,1.102107,0.000000,14.852847,0.063677,0.529811,-0.013771,1.000000,0.873924,0.073193,1.000000,0.550199,0.265293,0.293796
15.021000,6.071000,14.846579,0.047445,0.392412,-0.009432,586.239850,730.672372,590.029899,714.867745,-0.747148,0.571522,-0.713309,-0.009432,0.878727,-0.524077,1.105721,0.000000,14.846579,0.047445,0.392412,-0.009432,1.000000,0.878283,0.089136,1.000000,0.552003,0.263839,0.292909
15.042000,6.092000,14.848077,0.060699,0.513202,-0.009539,561.027631,750.332870,568.156878,732.360573,-0.743015,0.581776,-0.595999,-0.009539,0.876092,-0.521076,1.109201,0.000000,14.848077,0.060699,0.513202,-0.009539,1.000000,0.847370,0.074898,1.000000,0.553758,0.262324,0.292031
15.064000,6.114000,14.850936,0.105932,0.713451,-0.009082,513.105232,783.706959,533.244154,758.562612,-0.737548,0.623944,-0.399144,-0.009082,0.873485,-0.518011,1.112594,0.000000,14.850936,0.105932,0.713451,-0.009082,1.000000,0.843952,0.060310,1.000000,0.555493,0.260725,0.291162
15.083000,6.133000,14.863383,0.088378,0.759709,-0.006731,504.566889,788.239623,522.449911,768.005708,-0.722530,0.603349,-0.356136,-0.006731,0.870913,-0.514971,1.115846,0.000000,14.863383,0.088378,0.759709,-0.006731,1.000000,0.813719,0.054311,1.000000,0.557180,0.259088,0.290304
15.105000,6.155000,14.870162,0.060153,0.725114,-0.006587,516.171057,780.854428,526.374914,765.671207,-0.713214,0.572029,-0.393867,-0.006587,0.868376,-0.511876,1.118982,0.000000,14.870162,0.060153,0.725114,-0.006587,1.000000,0.779560,0.053326,1.000000,0.558808,0.257427,0.289459
15.125000,6.175000,14.862930,0.073776,0.716146,-0.008289,516.847238,781.198153,529.134980,762.402582,-0.717934,0.582276,-0.405971,-0.008289,0.865864,-0.508500,1.122117,0.000000,14.862930,0.073776,0.716146,-0.008289,1.000000,0.778627,0.055547,1.000000,0.560406,0.255685,0.288621
15.142000,6.192000,14.848680,0.022116,0.386989,-0.008438,589.936065,727.110027,588.515603,716.876587,-0.729694,0.527054,-0.738193,-0.008438,0.863374,-0.504938,1.125182,0.000000,14.848680,0.022116,0.386989,-0.008438,1.000000,0.772202,0.087603,1.000000,0.561952,0.253888,0.287791
15.165000,6.215000,14.843266,0.043680,0.445693,-0.011055,576.950569,738.969394,578.597002,722.925042,-0.732644,0.544856,-0.682512,-0.011055,0.860910,-0.501177,1.128205,0.000000,14.843266,0.043680,0.445693,-0.011055,1.000000,0.765489,0.081649,1.000000,0.563465,0.252018,0.286970
15.186000,6.236000,14.845866,0.067111,0.527333,-0.011756,558.251710,753.749915,565.174518,733.103619,-0.727622,0.564668,-0.603742,-0.011756,0.858488,-0.497557,1.131075,0.000000,14.845866,0.067111,0.527333,-0.011756,1.000000,0.704007,0.073644,1.000000,0.564903,0.250215,0.286163
15.205000,6.255000,14.843461,0.072753,0.625956,-0.013835,538.114925,769.481264,544.965021,746.799627,-0.727619,0.565826,-0.507980,-0.013835,0.856080,-0.493073,1.133935,0.000000,14.843461,0.072753,0.625956,-0.013835,1.000000,0.826448,0.063134,1.000000,0.566340,0.247976,0.285360
15.224000,6.274000,14.838510,0.133880,0.744964,-0.011719,503.146561,791.303342,528.738645,759.542282,-0.730186,0.622882,-0.391734,-0.011719,0.853695,-0.489002,1.136698,0.000000,14.838510,0.133880,0.744964,-0.011719,1.000000,0.755887,0.059489,1.000000,0.567736,0.245922,0.284565
15.246000,6.296000,14.835560,0.030681,0.486738,-0.007829,568.969101,742.715502,570.090447,731.495869,-0.730775,0.515560,-0.652607,-0.007829,0.851335,-0.484879,1.139345,0.000000,14.835560,0.030681,0.486738,-0.007829,1.000000,0.717670,0.074516,1.000000,0.569076,0.243836,0.283778
15.268000,6.318000,14.850418,0.066807,0.783921,-0.009269,502.935669,790.367884,512.782471,772.403992,-0.713594,0.547620,-0.357966,-0.009269,0.849012,-0.480813,1.141886,0.000000,14.850418,0.066807,0.783921,-0.009269,1.000000,0.690445,0.047903,1.000000,0.570363,0.241779,0.283004
15.287000,6.337000,14.846251,0.048953,0.701654,-0.008009,522.714230,776.481023,528.610936,762.305417,-0.715461,0.525570,-0.442687,-0.008009,0.846712,-0.476617,1.144341,0.000000,14.846251,0.048953,0.701654,-0.008009,1.000000,0.683390,0.052345,1.000000,0.571605,0.239661,0.282237
15.302000,6.352000,14.831313,0.009727,0.422203,-0.006018,583.264242,730.165744,580.791546,724.076371,-0.728115,0.482135,-0.724481,-0.006018,0.844428,-0.472408,1.146684,0.000000,14.831313,0.009727,0.422203,-0.006018,1.000000,0.680207,0.081038,1.000000,0.572793,0.237534,0.281476
15.327000,6.377000,14.836701,0.047735,0.689911,-0.011604,526.717551,775.672829,529.105813,759.290596,-0.720470,0.515877,-0.459042,-0.011604,0.842171,-0.468142,1.148953,0.000000,14.836701,0.047735,0.689911,-0.011604,1.000000,0.659839,0.052889,1.000000,0.573935,0.235397,0.280724
15.340000,6.390000,14.822804,0.078134,0.619413,-0.010959,536.983452,767.663010,547.666743,745.890513,-0.732122,0.541830,-0.531712,-0.010959,0.839926,-0.463696,1.151125,0.000000,14.822804,0.078134,0.619413,-0.010959,1.000000,0.681965,0.063002,1.000000,0.575028,0.233170,0.279975
15.362000,6.412000,14.815335,0.093989,0.643333,-0.011087,529.720054,772.491163,544.506769,747.824855,-0.737362,0.553195,-0.509862,-0.011087,0.837697,-0.459206,1.153196,0.000000,14.815335,0.093989,0.643333,-0.011087,1.000000,0.678152,0.062048,1.000000,0.576075,0.230913,0.279232
15.386000,6.436000,14.817493,0.034483,0.600641,-0.011988,546.786051,761.166668,545.389827,746.678159,-0.732993,0.489289,-0.554530,-0.011988,0.835486,-0.454806,1.155172,0.000000,14.817493,0.034483,0.600641,-0.011988,1.000000,0.638829,0.060078,1.000000,0.577069,0.228712,0.278495
15.408000,6.458000,14.808270,0.068331,0.407648,-0.009017,579.679622,734.088656,588.802543,714.595028,-0.740022,0.518983,-0.749363,-0.009017,0.833292,-0.450653,1.157011,0.000000,14.808270,0.068331,0.407648,-0.009017,1.000000,0.634608,0.088573,1.000000,0.578013,0.226587,0.277764
15.421000,6.471000,14.809252,0.044038,0.618063,-0.012224,541.843246,764.528872,542.688154,748.167756,-0.736855,0.490155,-0.540714,-0.012224,0.831107,-0.446118,1.158777,0.000000,14.809252,0.044038,0.618063,-0.012224,1.000000,0.634073,0.058707,1.000000,0.578901,0.224321,0.277036
15.443000,6.493000,14.813341,0.025857,0.403107,-0.008994,585.749454,729.442343,584.768396,718.122293,-0.730595,0.467479,-0.757300,-0.008994,0.828936,-0.441623,1.160407,0.000000,14.813341,0.025857,0.403107,-0.008994,1.000000,0.646663,0.084550,1.000000,0.579735,0.222038,0.276312
15.464000,6.514000,14.825731,0.018218,0.669247,-0.011878,534.786760,769.888489,529.190827,758.632685,-0.716056,0.455356,-0.492717,-0.011878,0.826787,-0.437139,1.161964,0.000000,14.825731,0.018218,0.669247,-0.011878,1.000000,0.609252,0.050153,1.000000,0.580518,0.219798,0.275596
15.484000,6.534000,14.830917,0.005106,0.636945,-0.010641,542.831998,763.646171,534.985819,755.557019,-0.708737,0.437813,-0.526451,-0.010641,0.824654,-0.432707,1.163396,0.000000,14.830917,0.005106,0.636945,-0.010641,1.000000,0.607156,0.051917,1.000000,0.581245,0.217569,0.274885
15.506000,6.556000,14.826764,0.001178,0.449540,-0.007877,579.627191,734.109812,573.570148,728.385090,-0.710768,0.429523,-0.715175,-0.007877,0.822531,-0.428346,1.164715,0.000000,14.826764,0.001178,0.449540,-0.007877,1.000000,0.622945,0.074655,1.000000,0.581918,0.215365,0.274177
15.523000,6.573000,14.829242,0.026949,0.525820,-0.008958,561.954886,748.525582,561.232992,737.316821,-0.706180,0.450917,-0.640108,-0.008958,0.820423,-0.423967,1.165928,0.000000,14.829242,0.026949,0.525820,-0.008958,1.000000,0.623282,0.066301,1.000000,0.582533,0.213164,0.273474
15.544000,6.594000,14.840385,0.038490,0.764482,-0.012840,512.469637,786.062945,511.296708,770.753792,-0.692948,0.458078,-0.402616,-0.012840,0.818332,-0.419588,1.167097,0.000000,14.840385,0.038490,0.764482,-0.012840,1.000000,0.605371,0.042012,1.000000,0.583105,0.211024,0.272777
15.569000,6.619000,14.840342,0.125087,0.786182,-0.012216,495.371488,796.565138,518.546641,766.290579,-0.690909,0.540750,-0.382159,-0.012216,0.816251,-0.415664,1.168341,0.000000,14.840342,0.125087,0.786182,-0.012216,1.000000,0.566976,0.048634,1.000000,0.583726,0.209077,0.272084
15.586000,6.636000,14.845478,0.030439,0.476107,-0.009552,572.050015,741.870105,571.708605,729.478177,-0.683705,0.441878,-0.693137,-0.009552,0.814183,-0.411439,1.169244,0.000000,14.845478,0.030439,0.476107,-0.009552,1.000000,0.627560,0.072253,1.000000,0.584182,0.206966,0.271394
15.605000,6.655000,14.859074,0.034006,0.724298,-0.014295,522.982732,780.717787,519.336918,765.147079,-0.668057,0.441264,-0.445780,-0.014295,0.812131,-0.407257,1.170078,0.000000,14.859074,0.034006,0.724298,-0.014295,1.000000,0.602045,0.043827,1.000000,0.584589,0.204915,0.270710
15.626000,6.676000,14.864984,0.023221,0.626221,-0.012492,544.437479,764.988412,539.705242,752.317926,-0.660107,0.426506,-0.544511,-0.012492,0.810091,-0.403286,1.170733,0.000000,14.864984,0.023221,0.626221,-0.012492,1.000000,0.605122,0.052213,1.000000,0.584936,0.202888,0.270030
15.643000,6.693000,14.870822,-0.094744,0.560444,-0.012643,572.606088,744.466231,538.286024,753.463221,-0.652241,0.304454,-0.610602,-0.012643,0.808063,-0.399198,1.171046,0.000000,14.870822,-0.094744,0.560444,-0.012643,1.000000,0.646251,0.050823,1.000000,0.585108,0.200813,0.269354
15.673000,6.723000,14.873361,0.106468,0.602255,-0.011053,538.318886,768.712506,556.039029,741.604911,-0.647686,0.502203,-0.569215,-0.011053,0.806047,-0.395735,1.171470,0.000000,14.873361,0.106468,0.602255,-0.011053,1.000000,0.596408,0.061829,1.000000,0.585375,0.198929,0.268682
15.682000,6.732000,14.877307,0.094456,0.589700,-0.009333,541.850362,765.283681,557.892884,741.498168,-0.641731,0.486447,-0.582100,-0.009333,0.804038,-0.391991,1.171800,0.000000,14.877307,0.094456,0.589700,-0.009333,1.000000,0.625319,0.061674,1.000000,0.585552,0.197031,0.268013
15.704000,6.754000,14.881943,0.011660,0.375172,-0.004870,592.836804,723.688699,591.761574,717.986534,-0.635095,0.400251,-0.796756,-0.004870,0.802038,-0.388592,1.171928,0.000000,14.881943,0.011660,0.375172,-0.004870,1.000000,0.633147,0.083538,1.000000,0.585670,0.195180,0.267346
15.723000,6.773000,14.892845,0.104575,0.693014,-0.008506,518.672665,781.243548,538.749453,756.656298,-0.622205,0.489671,-0.479013,-0.008506,0.800050,-0.385096,1.172027,0.000000,14.892845,0.104575,0.693014,-0.008506,1.000000,0.612339,0.050802,1.000000,0.585736,0.193391,0.266683
15.743000,6.793000,14.904951,0.025911,0.724771,-0.008256,522.561204,778.946132,522.132269,768.836320,-0.608125,0.407576,-0.447319,-0.008256,0.798076,-0.381666,1.172090,0.000000,14.904951,0.025911,0.724771,-0.008256,1.000000,0.586654,0.040326,1.000000,0.585767,0.191686,0.266025
15.764000,6.814000,14.908306,0.103593,0.531746,-0.006003,552.020744,757.033766,572.718790,733.564807,-0.602804,0.482116,-0.640518,-0.006003,0.796110,-0.378523,1.172265,0.000000,14.908306,0.103593,0.531746,-0.006003,1.000000,0.571430,0.067907,1.000000,0.585873,0.190064,0.265370
15.786000,6.836000,14.918403,-0.083850,0.618072,-0.010979,560.371061,754.488283,529.593488,762.492481,-0.590755,0.291408,-0.553785,-0.010979,0.794158,-0.375258,1.171856,0.000000,14.918403,-0.083850,0.618072,-0.010979,1.000000,0.610558,0.042662,1.000000,0.585659,0.188468,0.264719
15.808000,6.858000,14.919768,0.016177,0.824746,-0.016166,506.004804,795.213394,495.517616,781.888171,-0.587443,0.388242,-0.346847,-0.016166,0.792211,-0.372065,1.171593,0.000000,14.919768,0.016177,0.824746,-0.016166,1.000000,0.580185,0.030580,1.000000,0.585507,0.186941,0.264070
15.822000,6.872000,14.924273,0.001800,0.590033,-0.014493,556.954768,759.499189,545.201414,749.357527,-0.581000,0.370901,-0.581187,-0.014493,0.790273,-0.369101,1.171221,0.000000,14.924273,0.001800,0.590033,-0.014493,1.000000,0.599019,0.050931,1.000000,0.585317,0.185480,0.263424
15.848000,6.898000,14.926398,-0.038749,0.889846,-0.021251,501.596835,801.342888,470.188599,794.506411,-0.576942,0.327312,-0.280984,-0.021251,0.788341,-0.366062,1.170830,0.000000,14.926398,-0.038749,0.889846,-0.021251,1.000000,0.564340,0.021982,1.000000,0.585077,0.184110,0.262780
15.870000,6.920000,14.927568,0.030910,0.818010,-0.020233,507.563017,796.997737,497.438636,778.417381,-0.573848,0.394264,-0.352353,-0.020233,0.786416,-0.363354,1.170363,0.000000,14.927568,0.030910,0.818010,-0.020233,1.000000,0.552944,0.031294,1.000000,0.584823,0.182828,0.262139
15.880000,6.930000,14.925210,-0.034481,0.807483,-0.020954,518.999391,789.955640,490.207524,782.454370,-0.574283,0.326319,-0.362181,-0.020954,0.784492,-0.360800,1.169664,0.000000,14.925210,-0.034481,0.807483,-0.020954,1.000000,0.572148,0.027108,1.000000,0.584459,0.181606,0.261497
15.907000,6.957000,14.924930,0.001202,0.436069,-0.014245,587.215151,736.214958,576.134853,726.037453,-0.572642,0.359941,-0.732648,-0.014245,0.782572,-0.358739,1.168717,0.000000,14.924930,0.001202,0.436069,-0.014245,1.000000,0.631159,0.069933,1.000000,0.584025,0.180451,0.260857
15.925000,6.975000,14.921950,-0.056933,0.713678,-0.020235,541.442735,774.169730,508.445914,771.058345,-0.573703,0.299863,-0.453685,-0.020235,0.780653,-0.356796,1.167363,0.000000,14.921950,-0.056933,0.713678,-0.020235,1.000000,0.632545,0.032907,1.000000,0.583359,0.179451,0.260218
15.942000,6.992000,14.922793,0.042989,0.536002,-0.013068,562.060908,754.751043,561.919718,737.787560,-0.570943,0.398177,-0.630295,-0.013068,0.778736,-0.355188,1.166297,0.000000,14.922793,0.042989,0.536002,-0.013068,1.000000,0.604351,0.058858,1.000000,0.582877,0.178482,0.259579
15.968000,7.018000,14.918240,0.007019,0.814053,-0.016863,509.902352,793.091722,496.286054,780.908774,-0.573578,0.360530,-0.351120,-0.016863,0.776818,-0.353511,1.165173,0.000000,14.918240,0.007019,0.814053,-0.016863,1.000000,0.554271,0.028645,1.000000,0.582329,0.177601,0.258939
15.983000,7.033000,14.914237,0.003142,0.827728,-0.016803,507.266266,794.596295,492.538591,783.165631,-0.575662,0.355063,-0.336289,-0.016803,0.774899,-0.351921,1.164017,0.000000,14.914237,0.003142,0.827728,-0.016803,1.000000,0.548448,0.027258,1.000000,0.581751,0.176811,0.258300
16.002000,7.052000,14.911596,0.008753,0.796220,-0.016147,513.072829,790.357056,500.690581,778.291043,-0.576382,0.359460,-0.366417,-0.016147,0.772978,-0.350708,1.162638,0.000000,14.911596,0.008753,0.796220,-0.016147,1.000000,0.550683,0.029696,1.000000,0.581092,0.176103,0.257659
16.022000,7.072000,14.900240,-0.028828,0.790678,-0.018383,520.028578,786.761603,495.312218,779.903747,-0.585810,0.320606,-0.370578,-0.018383,0.771049,-0.349434,1.161256,0.000000,14.900240,-0.028828,0.790678,-0.018383,1.000000,0.548844,0.027477,1.000000,0.580393,0.175495,0.257016
16.047000,7.097000,14.894025,-0.051860,0.714011,-0.018775,539.337128,773.665148,508.930320,770.602496,-0.590090,0.296671,-0.445701,-0.018775,0.769115,-0.348531,1.159712,0.000000,14.894025,-0.051860,0.714011,-0.018775,1.000000,0.558167,0.032184,1.000000,0.579637,0.174991,0.256372
16.068000,7.118000,14.897003,0.062590,0.513488,-0.010808,562.533837,751.934739,569.071980,732.759083,-0.585177,0.410655,-0.645043,-0.010808,0.767180,-0.348065,1.158532,0.000000,14.897003,0.062590,0.513488,-0.010808,1.000000,0.519742,0.061908,1.000000,0.579151,0.174413,0.255727
16.081000,7.131000,14.889912,-0.089514,0.710046,-0.016693,543.997913,768.920654,505.474138,774.030103,-0.590328,0.257984,-0.446776,-0.016693,0.765240,-0.347498,1.156822,0.000000,14.889912,-0.089514,0.710046,-0.016693,1.000000,0.540286,0.030129,1.000000,0.578310,0.174084,0.255080
16.102000,7.152000,14.882791,-0.047780,0.693171,-0.015759,541.549795,769.785306,515.109312,767.973441,-0.595505,0.299451,-0.461829,-0.015759,0.763295,-0.347231,1.154999,0.000000,14.882791,-0.047780,0.693171,-0.015759,1.000000,0.532215,0.033867,1.000000,0.577423,0.173870,0.254432
16.124000,7.174000,14.880371,-0.055242,0.797806,-0.016568,520.654852,784.481498,490.217814,783.503119,-0.595978,0.291971,-0.355393,-0.016568,0.761349,-0.347213,1.153199,0.000000,14.880371,-0.055242,0.797806,-0.016568,1.000000,0.497559,0.024734,1.000000,0.576566,0.173717,0.253783
16.142000,7.192000,14.875897,-0.038075,0.808041,-0.018132,516.704323,787.890718,489.433617,782.853516,-0.598503,0.309022,-0.343396,-0.018132,0.759400,-0.347097,1.151436,0.000000,14.875897,-0.038075,0.808041,-0.018132,1.000000,0.484110,0.024956,1.000000,0.575687,0.173653,0.253133
16.167000,7.217000,14.872711,-0.020117,0.774874,-0.017315,521.029235,784.411453,499.793029,776.673319,-0.599740,0.326948,-0.375011,-0.017315,0.757451,-0.347065,1.149885,0.000000,14.872711,-0.020117,0.774874,-0.017315,1.000000,0.441209,0.028380,1.000000,0.574944,0.173527,0.252484
16.189000,7.239000,14.865425,-0.066234,0.734201,-0.019413,536.473905,774.975720,501.331968,774.086347,-0.605073,0.281454,-0.413273,-0.019413,0.755499,-0.347688,1.147474,0.000000,14.865425,-0.066234,0.734201,-0.019413,1.000000,0.544456,0.028700,1.000000,0.573733,0.173858,0.251833
16.204000,7.254000,14.861229,-0.012111,0.781643,-0.018511,518.703054,786.265663,498.492307,776.326629,-0.607317,0.336225,-0.363799,-0.018511,0.753546,-0.348335,1.145442,0.000000,14.861229,-0.012111,0.781643,-0.018511,1.000000,0.462225,0.028262,1.000000,0.572748,0.174077,0.251182
16.224000,7.274000,14.861720,0.006434,0.509582,-0.012951,570.181017,746.169714,561.136913,736.037575,-0.604877,0.355602,-0.633765,-0.012951,0.751597,-0.349169,1.143347,0.000000,14.861720,0.006434,0.509582,-0.012951,1.000000,0.506201,0.056487,1.000000,0.571740,0.174368,0.250532
16.243000,7.293000,14.855660,-0.049402,0.526333,-0.013124,573.600139,743.419814,550.520662,743.659550,-0.608989,0.300809,-0.614767,-0.013124,0.749649,-0.350212,1.141100,0.000000,14.855660,-0.049402,0.526333,-0.013124,1.000000,0.506481,0.050568,1.000000,0.570647,0.174788,0.249883
16.263000,7.313000,14.847451,-0.100587,0.767869,-0.018558,533.002591,776.154177,488.719765,781.970833,-0.615250,0.250699,-0.370903,-0.018558,0.747701,-0.351286,1.138772,0.000000,14.847451,-0.100587,0.767869,-0.018558,1.000000,0.467948,0.023862,1.000000,0.569480,0.175337,0.249234
16.285000,7.335000,14.839883,-0.112758,0.894340,-0.018143,506.874741,792.929744,456.807098,801.008606,-0.620872,0.239586,-0.242156,-0.018143,0.745754,-0.352344,1.136496,0.000000,14.839883,-0.112758,0.894340,-0.018143,1.000000,0.446785,0.015492,1.000000,0.568310,0.175972,0.248585
16.306000,7.356000,14.832498,-0.076814,1.010559,-0.020766,476.207718,813.026038,431.393122,813.140889,-0.626311,0.276592,-0.123747,-0.020766,0.743809,-0.353406,1.134306,0.000000,14.832498,-0.076814,1.010559,-0.020766,1.000000,0.411971,0.013147,1.000000,0.567166,0.176660,0.247936
16.323000,7.373000,14.826063,-0.055803,1.003939,-0.021897,475.051134,814.148234,435.662934,809.948983,-0.630803,0.299076,-0.127994,-0.021897,0.741866,-0.354878,1.131933,0.000000,14.826063,-0.055803,1.003939,-0.021897,1.000000,0.412872,0.014610,1.000000,0.565961,0.177455,0.247289
16.348000,7.398000,14.811615,-0.020203,0.591735,-0.018539,558.088978,756.920556,537.238347,748.079786,-0.643304,0.336785,-0.537296,-0.018539,0.739920,-0.356988,1.129032,0.000000,14.811615,-0.020203,0.591735,-0.018539,1.000000,0.535286,0.044384,1.000000,0.564494,0.178564,0.246640
16.369000,7.419000,14.783248,-0.061527,0.867042,-0.030786,510.039951,796.574392,463.058215,787.545348,-0.669713,0.297417,-0.259384,-0.030786,0.737961,-0.358944,1.126426,0.000000,14.783248,-0.061527,0.867042,-0.030786,1.000000,0.454558,0.020154,1.000000,0.563147,0.179678,0.245987
16.385000,7.435000,14.776837,-0.061640,0.792688,-0.028218,524.884540,785.041288,481.807257,777.586190,-0.674162,0.299313,-0.331307,-0.028218,0.735999,-0.360953,1.123995,0.000000,14.776837,-0.061640,0.792688,-0.028218,1.000000,0.432389,0.024560,1.000000,0.561923,0.180707,0.245333
16.403000,7.453000,14.762937,-0.105883,0.791356,-0.027288,530.213741,780.350969,475.711773,781.389895,-0.686092,0.257384,-0.330065,-0.027288,0.734029,-0.363266,1.121421,0.000000,14.762937,-0.105883,0.791356,-0.027288,1.000000,0.441536,0.022301,1.000000,0.560639,0.181854,0.244676
16.422000,7.472000,14.747168,-0.105305,0.765961,-0.025124,534.128404,775.724601,482.326289,778.088054,-0.699880,0.260436,-0.352836,-0.025124,0.732048,-0.365741,1.118797,0.000000,14.747168,-0.105305,0.765961,-0.025124,1.000000,0.441605,0.024193,1.000000,0.559327,0.183089,0.244016
16.442000,7.492000,14.732565,-0.082572,0.809933,-0.021272,519.634941,782.568172,476.731887,783.381474,-0.712491,0.285723,-0.306246,-0.021272,0.730056,-0.368294,1.116179,0.000000,14.732565,-0.082572,0.809933,-0.021272,1.000000,0.433507,0.022664,1.000000,0.558004,0.184406,0.243352
16.464000,7.514000,14.726839,-0.123546,0.725474,-0.020216,542.280915,766.159463,490.805295,775.090122,-0.716218,0.247611,-0.387954,-0.020216,0.728058,-0.371157,1.113428,0.000000,14.726839,-0.123546,0.725474,-0.020216,1.000000,0.446544,0.026353,1.000000,0.556638,0.185807,0.242686
16.485000,7.535000,14.721337,-0.003581,0.492691,-0.013104,571.197194,739.964463,559.556417,731.548192,-0.719716,0.371020,-0.617495,-0.013104,0.726053,-0.374601,1.110186,0.000000,14.721337,-0.003581,0.492691,-0.013104,1.000000,0.548607,0.057093,1.000000,0.555022,0.187512,0.242018
16.502000,7.552000,14.711269,-0.089341,0.904268,-0.019768,498.418011,794.544387,452.973048,797.493689,-0.727769,0.288156,-0.203280,-0.019768,0.724038,-0.377497,1.107548,0.000000,14.711269,-0.089341,0.904268,-0.019768,1.000000,0.404879,0.017771,1.000000,0.553678,0.189031,0.241346
16.524000,7.574000,14.711282,-0.094706,0.807037,-0.019768,520.616012,780.180022,475.721547,784.136934,-0.725739,0.285991,-0.297711,-0.019768,0.722021,-0.380697,1.104748,0.000000,14.711282,-0.094706,0.807037,-0.019768,1.000000,0.424180,0.022348,1.000000,0.552268,0.190657,0.240674
16.546000,7.596000,14.705565,-0.082203,0.940223,-0.022899,490.535155,801.133621,443.249530,800.827619,-0.729432,0.301586,-0.161872,-0.022899,0.719997,-0.383789,1.102095,0.000000,14.705565,-0.082203,0.940223,-0.022899,1.000000,0.406022,0.017089,1.000000,0.550900,0.192317,0.239999
16.566000,7.616000,14.696982,-0.145214,0.919317,-0.026143,505.328863,793.563114,436.625253,802.177971,-0.735981,0.240969,-0.180957,-0.026143,0.717963,-0.386183,1.100274,0.000000,14.696982,-0.145214,0.919317,-0.026143,1.000000,0.321388,0.014566,1.000000,0.549930,0.193679,0.239321
16.585000,7.635000,14.693902,0.003867,0.903032,-0.026436,488.165872,804.300646,463.508178,786.654447,-0.737023,0.393934,-0.194101,-0.026436,0.715925,-0.390068,1.097132,0.000000,14.693902,0.003867,0.903032,-0.026436,1.000000,0.494880,0.024788,1.000000,0.548338,0.195675,0.238642
16.605000,7.655000,14.695052,-0.086275,0.830621,-0.027963,517.581795,786.683040,466.798726,783.800280,-0.733833,0.307187,-0.263897,-0.027963,0.713885,-0.393461,1.094517,0.000000,14.695052,-0.086275,0.830621,-0.027963,1.000000,0.449676,0.021864,1.000000,0.546994,0.197465,0.237962
16.627000,7.677000,14.688811,-0.135399,0.693457,-0.028565,552.888088,762.429302,491.379450,768.008778,-0.738027,0.261683,-0.398313,-0.028565,0.711837,-0.397081,1.091770,0.000000,14.688811,-0.135399,0.693457,-0.028565,1.000000,0.490903,0.028242,1.000000,0.545574,0.199393,0.237279
16.643000,7.693000,14.689181,-0.107216,0.725751,-0.026297,541.713461,768.986440,489.058125,770.938917,-0.735606,0.293544,-0.363358,-0.026297,0.709787,-0.400760,1.089109,0.000000,14.689181,-0.107216,0.725751,-0.026297,1.000000,0.482998,0.027300,1.000000,0.544204,0.201330,0.236596
16.668000,7.718000,14.693274,-0.033310,0.465377,-0.016949,580.960373,733.761207,559.018995,728.268051,-0.729463,0.371305,-0.620996,-0.016949,0.707737,-0.404615,1.086374,0.000000,14.693274,-0.033310,0.465377,-0.016949,1.000000,0.547194,0.057700,1.000000,0.542810,0.203316,0.235912
16.684000,7.734000,14.695185,-0.145473,0.810351,-0.022123,527.245519,776.587801,465.759122,788.043513,-0.725502,0.263027,-0.273332,-0.022123,0.705687,-0.408499,1.083683,0.000000,14.695185,-0.145473,0.810351,-0.022123,1.000000,0.487359,0.019702,1.000000,0.541420,0.205366,0.235229
16.706000,7.756000,14.698490,-0.149696,0.689062,-0.020797,552.577837,758.046848,494.308137,771.420338,-0.720148,0.262892,-0.391815,-0.020797,0.703637,-0.412588,1.080876,0.000000,14.698490,-0.149696,0.689062,-0.020797,1.000000,0.501452,0.027492,1.000000,0.539982,0.207484,0.234546
16.722000,7.772000,14.700858,-0.147950,0.876950,-0.021415,513.018578,785.830868,449.554299,798.039421,-0.715731,0.268840,-0.201086,-0.021415,0.701589,-0.416790,1.078036,0.000000,14.700858,-0.147950,0.876950,-0.021415,1.000000,0.494390,0.016440,1.000000,0.538521,0.209676,0.233863
16.747000,7.797000,14.702023,-0.129043,0.885655,-0.021972,508.811554,788.948280,450.055070,797.459900,-0.712519,0.291946,-0.189642,-0.021972,0.699542,-0.420990,1.075297,0.000000,14.702023,-0.129043,0.885655,-0.021972,1.000000,0.481638,0.017245,1.000000,0.537111,0.211864,0.233181
16.771000,7.821000,14.703535,-0.021227,0.920275,-0.023097,486.470225,803.654777,457.490806,792.581380,-0.708960,0.404388,-0.151821,-0.023097,0.697495,-0.425614,1.072096,0.000000,14.703535,-0.021227,0.920275,-0.023097,1.000000,0.577540,0.023737,1.000000,0.535464,0.214271,0.232498
16.784000,7.834000,14.707299,-0.021359,0.583972,-0.018088,556.875989,753.485764,536.067827,745.129011,-0.703153,0.408484,-0.485467,-0.018088,0.695451,-0.429843,1.069439,0.000000,14.707299,-0.021359,0.583972,-0.018088,1.000000,0.554362,0.045231,1.000000,0.534092,0.216476,0.231817
16.806000,7.856000,14.707030,-0.068987,0.815420,-0.025109,517.618012,785.335218,474.766334,781.231893,-0.701378,0.365432,-0.251025,-0.025109,0.693408,-0.434419,1.066445,0.000000,14.707030,-0.068987,0.815420,-0.025109,1.000000,0.561198,0.024638,1.000000,0.532562,0.218824,0.231136
16.831000,7.881000,14.719305,-0.018047,0.904355,-0.026479,491.754619,803.063073,460.666461,789.237382,-0.687068,0.420866,-0.159114,-0.026479,0.691373,-0.438912,1.063469,0.000000,14.719305,-0.018047,0.904355,-0.026479,1.000000,0.633215,0.025035,1.000000,0.530995,0.221240,0.230458
16.850000,7.900000,14.724794,-0.099570,0.589742,-0.019864,566.604149,748.041101,524.277142,753.001968,-0.679549,0.343614,-0.471207,-0.019864,0.689343,-0.443183,1.060950,0.000000,14.724794,-0.099570,0.589742,-0.019864,1.000000,0.625315,0.038668,1.000000,0.529678,0.223491,0.229781
16.870000,7.920000,14.728804,-0.159100,0.633750,-0.021846,566.098950,749.869791,505.839340,764.399846,-0.673514,0.288384,-0.424664,-0.021846,0.687318,-0.447484,1.058414,0.000000,14.728804,-0.159100,0.633750,-0.021846,1.000000,0.621929,0.030934,1.000000,0.528341,0.225779,0.229106
16.885000,7.935000,14.736682,-0.234119,0.969280,-0.025825,507.456799,793.473524,410.279447,817.577519,-0.663618,0.217804,-0.086569,-0.025825,0.685300,-0.451923,1.055849,0.000000,14.736682,-0.234119,0.969280,-0.025825,1.000000,0.609133,0.009964,1.000000,0.527001,0.228106,0.228433
16.910000,7.960000,14.743080,-0.180410,0.951203,-0.021336,502.197581,794.296889,426.786537,812.013870,-0.655210,0.276024,-0.102124,-0.021336,0.683289,-0.456433,1.053326,0.000000,14.743080,-0.180410,0.951203,-0.021336,1.000000,0.606011,0.013000,1.000000,0.525700,0.230426,0.227763
16.930000,7.980000,14.750760,-0.169611,0.588761,-0.017468,575.032257,741.030635,516.918820,760.610313,-0.645528,0.291001,-0.462381,-0.017468,0.681287,-0.460613,1.051142,0.000000,14.750760,-0.169611,0.588761,-0.017468,1.000000,0.616217,0.034045,1.000000,0.524522,0.232686,0.227096
16.943000,7.993000,14.752789,-0.158203,0.970501,-0.025315,496.890160,800.410893,423.478939,811.706369,-0.641500,0.306992,-0.078136,-0.025315,0.679289,-0.465194,1.048637,0.000000,14.752789,-0.158203,0.970501,-0.025315,1.000000,0.587868,0.014214,1.000000,0.523235,0.235024,0.226430
16.968000,8.018000,14.758568,-0.012313,0.601521,-0.021128,554.809738,758.946689,533.637402,746.895089,-0.633730,0.457208,-0.444787,-0.021128,0.677299,-0.469520,1.046308,0.000000,14.758568,-0.012313,0.601521,-0.021128,1.000000,0.662840,0.044748,1.000000,0.521998,0.237319,0.225766
16.983000,8.033000,14.764641,-0.064030,0.820494,-0.027990,518.766928,788.504229,474.657057,781.657261,-0.625674,0.409841,-0.223533,-0.027990,0.675315,-0.473872,1.044026,0.000000,14.764641,-0.064030,0.820494,-0.027990,1.000000,0.623862,0.025787,1.000000,0.520780,0.239635,0.225105
17.006000,8.056000,14.768439,-0.026432,0.742656,-0.029570,531.260740,781.269895,497.416479,766.515493,-0.619899,0.451669,-0.299201,-0.029570,0.673339,-0.478100,1.041857,0.000000,14.768439,-0.026432,0.742656,-0.029570,1.000000,0.653845,0.033283,1.000000,0.519594,0.241937,0.224446
17.026000,8.076000,14.770130,-0.062158,0.715368,-0.028165,541.062769,773.692751,499.287945,766.256917,-0.616238,0.420212,-0.324348,-0.028165,0.671368,-0.482370,1.039716,0.000000,14.770130,-0.062158,0.715368,-0.028165,1.000000,0.669539,0.032055,1.000000,0.518436,0.244227,0.223789
17.045000,8.095000,14.773319,-0.051793,0.426657,-0.021338,594.287576,729.179724,564.749735,724.111555,-0.611083,0.434697,-0.611029,-0.021338,0.669402,-0.486490,1.037686,0.000000,14.773319,-0.051793,0.426657,-0.021338,1.000000,0.748478,0.060012,1.000000,0.517315,0.246478,0.223134
17.069000,8.119000,14.778840,-0.210810,0.696153,-0.027234,563.556291,757.202914,483.318171,777.340346,-0.603605,0.279870,-0.339832,-0.027234,0.667445,-0.490680,1.035985,0.000000,14.778840,-0.210810,0.696153,-0.027234,1.000000,0.592011,0.023099,1.000000,0.516377,0.248721,0.222482
17.086000,8.136000,14.786536,-0.064132,0.525051,-0.017947,575.824389,742.141678,545.023030,741.827835,-0.593960,0.430742,-0.508921,-0.017947,0.665496,-0.494874,1.033972,0.000000,14.786536,-0.064132,0.525051,-0.017947,1.000000,0.718291,0.048014,1.000000,0.515294,0.250942,0.221832
17.105000,8.155000,14.797274,-0.106507,0.576368,-0.016099,570.427161,745.511957,529.883237,754.328417,-0.581285,0.392674,-0.455544,-0.016099,0.663559,-0.499181,1.031913,0.000000,14.797274,-0.106507,0.576368,-0.016099,1.000000,0.709218,0.039576,1.000000,0.514210,0.253168,0.221186
17.123000,8.173000,14.804125,-0.166718,0.931296,-0.020544,506.154075,793.547274,436.673972,809.426277,-0.572506,0.336904,-0.098499,-0.020544,0.661632,-0.503622,1.029794,0.000000,14.804125,-0.166718,0.931296,-0.020544,1.000000,0.644896,0.015640,1.000000,0.513138,0.255376,0.220544
17.142000,8.192000,14.814445,-0.091727,0.719853,-0.014067,539.081916,767.846854,501.998115,775.094327,-0.560274,0.416323,-0.307916,-0.014067,0.659719,-0.508050,1.027769,0.000000,14.814445,-0.091727,0.719853,-0.014067,1.000000,0.684868,0.029973,1.000000,0.512127,0.257550,0.219906
17.164000,8.214000,14.822857,-0.133015,1.050153,-0.019444,474.127952,813.101844,411.944529,823.605051,-0.549962,0.379468,0.024408,-0.019444,0.657820,-0.512484,1.025745,0.000000,14.822857,-0.133015,1.050153,-0.019444,1.000000,0.650020,0.017522,1.000000,0.511135,0.259691,0.219273
17.189000,8.239000,14.828309,-0.002351,0.694047,-0.016325,534.248864,773.167879,519.240883,762.739592,-0.542625,0.514255,-0.329525,-0.016325,0.655934,-0.516606,1.023572,0.000000,14.828309,-0.002351,0.694047,-0.016325,1.000000,0.787932,0.040276,1.000000,0.510035,0.261743,0.218645
17.210000,8.260000,14.828758,-0.038344,0.894840,-0.025047,499.325533,801.506724,464.104357,792.157720,-0.540302,0.482170,-0.126673,-0.025047,0.654060,-0.520515,1.021513,0.000000,14.828758,-0.038344,0.894840,-0.025047,1.000000,0.746356,0.027835,1.000000,0.508973,0.263729,0.218020
17.223000,8.273000,14.828067,-0.083756,0.410939,-0.022882,602.895133,725.331276,564.722487,725.303702,-0.539129,0.440568,-0.608888,-0.022882,0.652196,-0.524324,1.019827,0.000000,14.828067,-0.083756,0.410939,-0.022882,1.000000,0.761468,0.059443,1.000000,0.508050,0.265756,0.217399
17.243000,8.293000,14.828348,-0.091877,0.645655,-0.030812,561.695028,762.780001,511.181149,758.918306,-0.536995,0.436142,-0.372550,-0.030812,0.650344,-0.528019,1.018205,0.000000,14.828348,-0.091877,0.645655,-0.030812,1.000000,0.691947,0.035880,1.000000,0.507149,0.267744,0.216781
17.268000,8.318000,14.830002,-0.164501,0.568724,-0.025399,583.486921,742.763806,520.633973,756.026799,-0.533500,0.367470,-0.448191,-0.025399,0.648503,-0.531971,1.016916,0.000000,14.830002,-0.164501,0.568724,-0.025399,1.000000,0.639011,0.036502,1.000000,0.506435,0.269817,0.216168
17.283000,8.333000,14.827428,-0.081011,0.696592,-0.020812,545.766146,767.901346,505.940261,768.753149,-0.534243,0.454732,-0.318810,-0.020812,0.646670,-0.535743,1.015403,0.000000,14.827428,-0.081011,0.696592,-0.020812,1.000000,0.677992,0.033740,1.000000,0.505633,0.271756,0.215557
17.302000,8.352000,14.824544,-0.024086,0.466848,-0.012900,581.256425,736.065292,564.955349,731.660531,-0.535302,0.515301,-0.547100,-0.012900,0.644846,-0.539388,1.013948,0.000000,14.824544,-0.024086,0.466848,-0.012900,1.000000,0.733932,0.059368,1.000000,0.504861,0.273629,0.214949
17.322000,8.372000,14.819625,-0.080280,0.736023,-0.014597,534.579520,771.519723,499.864086,776.334534,-0.538403,0.462872,-0.276360,-0.014597,0.643027,-0.543151,1.012383,0.000000,14.819625,-0.080280,0.736023,-0.014597,1.000000,0.645851,0.031983,1.000000,0.504082,0.275471,0.214342
17.347000,8.397000,14.818209,-0.045879,0.650015,-0.013006,547.314274,761.466822,524.118106,761.135577,-0.538007,0.500850,-0.360851,-0.013006,0.641216,-0.546729,1.010866,0.000000,14.818209,-0.045879,0.650015,-0.013006,1.000000,0.653054,0.041018,1.000000,0.503314,0.277246,0.213739
17.369000,8.419000,14.818944,-0.028220,0.446923,-0.009555,584.123848,731.343289,569.622322,730.044146,-0.535470,0.522052,-0.562432,-0.009555,0.639414,-0.550272,1.009355,0.000000,14.818944,-0.028220,0.446923,-0.009555,1.000000,0.683363,0.061763,1.000000,0.502568,0.278970,0.213138
17.385000,8.435000,14.824727,-0.080826,0.825892,-0.014700,515.588763,784.592576,479.241440,789.357069,-0.527897,0.473049,-0.182046,-0.014700,0.637624,-0.553875,1.007938,0.000000,14.824727,-0.080826,0.825892,-0.014700,1.000000,0.610098,0.028500,1.000000,0.501896,0.280676,0.212541
17.407000,8.457000,14.825503,-0.063200,0.726903,-0.014255,534.285941,771.729788,504.603773,773.700029,-0.525342,0.494116,-0.279700,-0.014255,0.635846,-0.557316,1.006603,0.000000,14.825503,-0.063200,0.726903,-0.014255,1.000000,0.614657,0.035018,1.000000,0.501250,0.282332,0.211949
17.425000,8.475000,14.821864,-0.044477,0.710287,-0.015528,535.795269,771.349535,510.169205,769.096884,-0.527211,0.516138,-0.294996,-0.015528,0.634075,-0.560615,1.005283,0.000000,14.821864,-0.044477,0.710287,-0.015528,1.000000,0.607387,0.038146,1.000000,0.500615,0.283910,0.211358
17.441000,8.491000,14.820699,-0.029114,0.437784,-0.012520,587.203972,730.922340,570.154632,727.716106,-0.526617,0.534667,-0.566314,-0.012520,0.632316,-0.563782,1.004098,0.000000,14.820699,-0.029114,0.437784,-0.012520,1.000000,0.650321,0.063447,1.000000,0.500032,0.285454,0.210772
17.468000,8.518000,14.821661,-0.056469,0.720292,-0.018177,536.394961,772.597906,505.090389,770.760765,-0.523908,0.510467,-0.282658,-0.018177,0.630569,-0.566936,1.002951,0.000000,14.821661,-0.056469,0.720292,-0.018177,1.000000,0.578875,0.036825,1.000000,0.499481,0.286968,0.210190
17.482000,8.532000,14.818155,-0.030789,0.599429,-0.017278,557.505857,756.791108,534.973518,750.775033,-0.525677,0.539054,-0.402468,-0.017278,0.628831,-0.569842,1.001896,0.000000,14.818155,-0.030789,0.599429,-0.017278,1.000000,0.588947,0.048049,1.000000,0.498950,0.288406,0.209610
17.505000,8.555000,14.822288,-0.055034,0.781484,-0.015713,522.138755,780.790169,492.658591,780.329567,-0.519820,0.517425,-0.219268,-0.015713,0.627108,-0.572459,1.000752,0.000000,14.822288,-0.055034,0.781484,-0.015713,1.000000,0.574865,0.034308,1.000000,0.498418,0.289625,0.209036
17.522000,8.572000,14.821575,-0.060880,0.683449,-0.014166,542.915837,765.476424,514.441279,767.101007,-0.518822,0.514573,-0.316383,-0.014166,0.625398,-0.575453,0.999832,0.000000,14.821575,-0.060880,0.683449,-0.014166,1.000000,0.549889,0.039200,1.000000,0.497995,0.291038,0.208466
17.547000,8.597000,14.818805,-0.043367,0.666310,-0.013915,544.037496,764.413763,520.557075,763.018083,-0.519894,0.534947,-0.332665,-0.013915,0.623699,-0.578314,0.998975,0.000000,14.818805,-0.043367,0.666310,-0.013915,1.000000,0.546855,0.042406,1.000000,0.497602,0.292389,0.207900
17.563000,8.613000,14.813957,-0.009449,0.547431,-0.014070,563.849559,749.830978,549.756482,741.963195,-0.523052,0.571979,-0.450852,-0.014070,0.622010,-0.581428,0.998283,0.000000,14.813957,-0.009449,0.547431,-0.014070,1.000000,0.541410,0.055798,1.000000,0.497275,0.293895,0.207337
17.586000,8.636000,14.815479,-0.004285,0.575476,-0.014574,557.831889,754.702844,544.474954,745.578062,-0.519855,0.579828,-0.422091,-0.014574,0.620335,-0.584112,0.997568,0.000000,14.815479,-0.004285,0.575476,-0.014574,1.000000,0.539851,0.054160,1.000000,0.496946,0.295172,0.206778
17.607000,8.657000,14.810667,0.038111,0.519900,-0.014550,563.580926,750.216897,561.007526,733.042422,-0.523002,0.624648,-0.477004,-0.014550,0.618669,-0.586537,0.996904,0.000000,14.810667,0.038111,0.519900,-0.014550,1.000000,0.540132,0.064528,1.000000,0.496628,0.296346,0.206223
17.625000,8.675000,14.812506,0.043068,0.335079,-0.010943,597.402142,721.214567,598.936681,704.967853,-0.519511,0.631910,-0.661159,-0.010943,0.617016,-0.588842,0.996238,0.000000,14.812506,0.043068,0.335079,-0.010943,1.000000,0.556117,0.086355,1.000000,0.496330,0.297427,0.205672
17.645000,8.695000,14.818036,0.040030,0.612543,-0.014268,544.609284,764.202048,542.680912,747.184637,-0.512344,0.631138,-0.383088,-0.014268,0.615380,-0.591107,0.995631,0.000000,14.818036,0.040030,0.612543,-0.014268,1.000000,0.493145,0.057154,1.000000,0.496065,0.298482,0.205127
17.667000,8.717000,14.823397,-0.016680,0.474985,-0.009783,577.508991,736.904960,565.498614,733.269677,-0.505364,0.576668,-0.520097,-0.009783,0.613761,-0.593348,0.995083,0.000000,14.823397,-0.016680,0.474985,-0.009783,1.000000,0.478635,0.062868,1.000000,0.495841,0.299506,0.204587
17.683000,8.733000,14.830767,-0.001487,0.757327,-0.010788,518.235259,780.633671,508.072955,773.812572,-0.496395,0.594012,-0.237256,-0.010788,0.612162,-0.595498,0.994583,0.000000,14.830767,-0.001487,0.757327,-0.010788,1.000000,0.441856,0.043390,1.000000,0.495644,0.300484,0.204054
17.705000,8.755000,14.832381,-0.032535,0.736306,-0.007982,525.704443,773.919201,509.796914,774.506701,-0.493198,0.565044,-0.257825,-0.007982,0.610579,-0.597579,0.994131,0.000000,14.832381,-0.032535,0.736306,-0.007982,1.000000,0.420486,0.041014,1.000000,0.495477,0.301417,0.203526
17.726000,8.776000,14.839287,-0.066627,0.775796,-0.007759,521.850083,776.643257,496.555310,783.458974,-0.484731,0.533123,-0.217955,-0.007759,0.609018,-0.599750,0.993751,0.000000,14.839287,-0.066627,0.775796,-0.007759,1.000000,0.399565,0.035528,1.000000,0.495352,0.302384,0.203006
17.743000,8.793000,14.837206,-0.058187,0.728270,-0.009913,531.772793,771.166483,507.319609,775.100447,-0.485268,0.543545,-0.265201,-0.009913,0.607474,-0.601731,0.993472,0.000000,14.837206,-0.058187,0.728270,-0.009913,1.000000,0.400957,0.038942,1.000000,0.495263,0.303283,0.202491
17.769000,8.819000,14.829295,0.095080,0.538799,-0.013719,552.808317,758.373717,565.103597,731.189964,-0.491655,0.699436,-0.454403,-0.013719,0.605950,-0.604356,0.993202,0.000000,14.829295,0.095080,0.538799,-0.013719,1.000000,0.465574,0.072005,1.000000,0.495195,0.304477,0.201983
17.782000,8.832000,14.821000,0.033287,0.607368,-0.015095,546.967561,763.158403,542.614113,746.809114,-0.498429,0.639338,-0.385744,-0.015095,0.604428,-0.606052,0.993113,0.000000,14.821000,0.033287,0.607368,-0.015095,1.000000,0.426162,0.058262,1.000000,0.495160,0.305303,0.201476
17.807000,8.857000,14.822381,0.058909,0.343968,-0.013163,594.981582,725.105906,598.489541,704.221847,-0.495540,0.666721,-0.649037,-0.013163,0.602921,-0.607812,0.993005,0.000000,14.822381,0.058909,0.343968,-0.013163,1.000000,0.463686,0.089050,1.000000,0.495152,0.306102,0.200974
17.823000,8.873000,14.835961,0.120489,0.599129,-0.019005,539.569968,771.449979,554.120776,736.320389,-0.480474,0.729966,-0.393856,-0.019005,0.601435,-0.609478,0.992985,0.000000,14.835961,0.120489,0.599129,-0.019005,1.000000,0.442866,0.071142,1.000000,0.495174,0.306876,0.200478
17.845000,8.895000,14.842886,0.101967,0.546760,-0.016660,551.914911,761.432856,563.508975,731.003393,-0.472080,0.713109,-0.446250,-0.016660,0.599966,-0.611143,0.993010,0.000000,14.842886,0.101967,0.546760,-0.016660,1.000000,0.428048,0.073023,1.000000,0.495223,0.307644,0.199989
17.876000,8.926000,14.844379,0.055911,0.381176,-0.008786,534.387041,769.667935,544.323667,749.967851,-0.469137,0.669046,-0.611816,-0.008786,0.598516,-0.613135,0.992992,0.000000,14.844379,0.055911,0.381176,-0.008786,1.000000,0.414843,0.084403,1.000000,0.495286,0.308518,0.199505
17.883000,8.933000,14.846304,0.071342,0.636765,-0.009857,534.387041,769.667935,544.323667,749.967851,-0.465770,0.685914,-0.356424,-0.009857,0.597074,-0.614572,0.993189,0.000000,14.846304,0.071342,0.636765,-0.009857,1.000000,0.389028,0.061931,1.000000,0.495393,0.309219,0.199025
17.903000,8.953000,14.850608,0.060930,0.664940,-0.008302,529.230606,772.404625,537.910477,755.751391,-0.460038,0.676896,-0.328475,-0.008302,0.595646,-0.615965,0.993416,0.000000,14.850608,0.060930,0.664940,-0.008302,1.000000,0.377107,0.058732,1.000000,0.495531,0.309873,0.198549
17.928000,8.978000,14.855714,0.008286,0.724478,-0.007792,523.388290,776.247335,518.660822,769.606912,-0.453518,0.625606,-0.269235,-0.007792,0.594232,-0.617320,0.993713,0.000000,14.855714,0.008286,0.724478,-0.007792,1.000000,0.352558,0.048450,1.000000,0.495690,0.310529,0.198077
17.945000,8.995000,14.870406,0.012979,0.715385,-0.008292,525.346551,775.791720,521.446061,767.964796,-0.437433,0.631724,-0.278643,-0.008292,0.592840,-0.618745,0.994028,0.000000,14.870406,0.012979,0.715385,-0.008292,1.000000,0.354491,0.049592,1.000000,0.495878,0.311190,0.197613
17.973000,9.023000,14.879971,0.116289,0.592809,-0.012829,539.965437,768.935530,558.606038,738.763423,-0.426500,0.737028,-0.401407,-0.012829,0.591471,-0.620739,0.994216,0.000000,14.879971,0.116289,0.592809,-0.012829,1.000000,0.404374,0.072269,1.000000,0.495988,0.312156,0.197157
17.981000,9.031000,14.883434,0.018230,0.657110,-0.014888,540.194584,770.210135,532.039054,756.929477,-0.421678,0.640297,-0.337576,-0.014888,0.590111,-0.622068,0.994686,0.000000,14.883434,0.018230,0.657110,-0.014888,1.000000,0.361316,0.054194,1.000000,0.496218,0.312826,0.196704
18.002000,9.052000,14.881839,-0.002476,0.431645,-0.012923,586.902847,733.873104,575.993064,725.301563,-0.421924,0.620976,-0.563500,-0.012923,0.588763,-0.623452,0.995145,0.000000,14.881839,-0.002476,0.431645,-0.012923,1.000000,0.375865,0.072111,1.000000,0.496467,0.313484,0.196254
18.023000,9.073000,14.896823,0.123049,0.700473,-0.020019,519.837984,787.773785,534.712512,752.244237,-0.405613,0.747710,-0.295286,-0.020019,0.587436,-0.624660,0.995760,0.000000,14.896823,0.123049,0.700473,-0.020019,1.000000,0.399512,0.066312,1.000000,0.496757,0.314112,0.195812
18.044000,9.094000,14.900332,0.136841,0.641307,-0.017542,529.691777,779.766639,549.909616,742.972675,-0.400790,0.762708,-0.355093,-0.017542,0.586122,-0.625866,0.996400,0.000000,14.900332,0.136841,0.641307,-0.017542,1.000000,0.405371,0.072419,1.000000,0.497083,0.314705,0.195374
18.067000,9.117000,14.918011,0.082679,0.438548,-0.010594,575.343837,742.866199,586.696334,719.724350,-0.381820,0.709871,-0.558489,-0.010594,0.584831,-0.627192,0.997036,0.000000,14.918011,0.082679,0.438548,-0.010594,1.000000,0.407965,0.083052,1.000000,0.497414,0.315344,0.194944
18.090000,9.140000,14.928240,0.124925,0.746793,-0.012307,506.842131,792.621888,529.393589,762.159439,-0.370318,0.753345,-0.250993,-0.012307,0.583558,-0.628419,0.997785,0.000000,14.928240,0.124925,0.746793,-0.012307,1.000000,0.401722,0.064439,1.000000,0.497759,0.316002,0.194519
18.102000,9.152000,14.932969,0.096445,0.536571,-0.008197,553.513170,758.308473,570.638849,734.710105,-0.364330,0.726140,-0.461986,-0.008197,0.582299,-0.629696,0.998557,0.000000,14.932969,0.096445,0.536571,-0.008197,1.000000,0.406466,0.075405,1.000000,0.498144,0.316640,0.194100
18.126000,9.176000,14.937995,0.056328,0.902908,-0.011790,481.006884,808.602108,485.911903,791.270358,-0.358058,0.686858,-0.096843,-0.011790,0.581053,-0.630531,0.999751,0.000000,14.937995,0.056328,0.902908,-0.011790,1.000000,0.394197,0.049411,1.000000,0.498682,0.317149,0.193684
18.142000,9.192000,14.944214,0.142114,0.774612,-0.013279,499.154812,798.664359,525.746275,764.671322,-0.350607,0.773722,-0.226133,-0.013279,0.579821,-0.631607,1.000745,0.000000,14.944214,0.142114,0.774612,-0.013279,1.000000,0.410907,0.066225,1.000000,0.499100,0.317811,0.193274
18.169000,9.219000,14.946625,0.207319,0.415196,-0.013526,566.669385,752.521263,605.226389,703.372016,-0.346979,0.840425,-0.586148,-0.013526,0.578604,-0.633106,1.001343,0.000000,14.946625,0.207319,0.415196,-0.013526,1.000000,0.457896,0.106211,1.000000,0.499346,0.318640,0.192868
18.182000,9.232000,14.946042,0.134640,0.877865,-0.020299,479.875656,814.671480,498.934220,778.112971,-0.346347,0.768932,-0.124532,-0.020299,0.577389,-0.634292,1.002398,0.000000,14.946042,0.134640,0.877865,-0.020299,1.000000,0.416046,0.061917,1.000000,0.499827,0.319303,0.192463
18.204000,9.254000,14.948751,0.126089,0.690668,-0.022472,524.090768,788.400833,537.519041,750.672100,-0.342431,0.761551,-0.312832,-0.022472,0.576182,-0.635463,1.003500,0.000000,14.948751,0.126089,0.690668,-0.022472,1.000000,0.424788,0.069006,1.000000,0.500314,0.319988,0.192061
18.225000,9.275000,14.951115,0.135024,0.724432,-0.022098,515.487196,793.910693,531.806427,755.062668,-0.338865,0.771868,-0.280079,-0.022098,0.574980,-0.636844,1.004511,0.000000,14.951115,0.135024,0.724432,-0.022098,1.000000,0.429198,0.068620,1.000000,0.500826,0.320665,0.191660
18.245000,9.295000,14.945563,0.117514,0.708037,-0.022021,521.205922,789.915187,532.861173,754.153006,-0.343215,0.755580,-0.297707,-0.022021,0.573777,-0.638066,1.005744,0.000000,14.945563,0.117514,0.708037,-0.022021,1.000000,0.439772,0.067180,1.000000,0.501391,0.321355,0.191259
18.270000,9.320000,14.946425,0.063540,0.441235,-0.013831,579.150268,743.150883,583.327533,721.422903,-0.341150,0.703132,-0.565644,-0.013831,0.572575,-0.639592,1.006879,0.000000,14.946425,0.063540,0.441235,-0.013831,1.000000,0.474522,0.082618,1.000000,0.502007,0.322039,0.190858
18.282000,9.332000,14.946763,0.099690,0.644323,-0.016176,534.595857,777.303771,546.388353,748.275153,-0.339610,0.740647,-0.363847,-0.016176,0.571373,-0.640957,1.008169,0.000000,14.946763,0.099690,0.644323,-0.016176,1.000000,0.455671,0.069274,1.000000,0.502630,0.322756,0.190458
18.303000,9.353000,14.952854,0.127861,0.680763,-0.015163,522.857387,784.845726,543.060056,751.588617,-0.332318,0.770456,-0.328609,-0.015163,0.570173,-0.642595,1.009372,0.000000,14.952854,0.127861,0.680763,-0.015163,1.000000,0.463320,0.071286,1.000000,0.503292,0.323477,0.190058
18.326000,9.376000,14.957234,0.126432,0.718722,-0.014249,514.531997,789.926538,535.470481,757.772326,-0.326740,0.770414,-0.292108,-0.014249,0.568974,-0.643982,1.010830,0.000000,14.957234,0.126432,0.718722,-0.014249,1.000000,0.464808,0.068974,1.000000,0.503983,0.324228,0.189658
18.345000,9.395000,14.963794,0.152516,0.770241,-0.014518,499.837811,799.709648,528.051386,763.040246,-0.318984,0.797881,-0.242145,-0.014518,0.567777,-0.645365,1.012387,0.000000,14.963794,0.152516,0.770241,-0.014518,1.000000,0.472143,0.070563,1.000000,0.504715,0.324990,0.189259
18.373000,9.423000,14.975162,0.209433,0.438194,-0.012270,562.047771,756.273520,602.359781,707.875119,-0.306426,0.856196,-0.575245,-0.012270,0.566588,-0.646762,1.013439,0.000000,14.975162,0.209433,0.438194,-0.012270,1.000000,0.506548,0.107352,1.000000,0.505194,0.325759,0.188863
18.388000,9.438000,14.976258,0.094126,0.811519,-0.017738,500.542505,801.684778,510.187280,773.542359,-0.304140,0.742400,-0.203919,-0.017738,0.565398,-0.648274,1.015438,0.000000,14.976258,0.094126,0.811519,-0.017738,1.000000,0.492983,0.060231,1.000000,0.506133,0.326608,0.188466
18.405000,9.455000,14.985130,0.049462,0.626359,-0.016058,545.798310,770.861360,544.759874,751.033658,-0.294087,0.699323,-0.391026,-0.016058,0.564217,-0.649861,1.017386,0.000000,14.985130,0.049462,0.626359,-0.016058,1.000000,0.502633,0.065086,1.000000,0.507064,0.327466,0.188072
18.422000,9.472000,14.987359,0.160265,0.604586,-0.018216,537.056735,778.412803,562.277113,736.672685,-0.290680,0.811613,-0.414481,-0.018216,0.563039,-0.651348,1.019067,0.000000,14.987359,0.160265,0.604586,-0.018216,1.000000,0.493861,0.083929,1.000000,0.507842,0.328305,0.187680
18.448000,9.498000,14.981443,0.157889,0.991718,-0.026255,453.024471,834.635448,474.163475,791.093009,-0.295418,0.810511,-0.029358,-0.026255,0.561861,-0.652622,1.021076,0.000000,14.981443,0.157889,0.991718,-0.026255,1.000000,0.488840,0.066721,1.000000,0.508689,0.329187,0.187287
18.470000,9.520000,14.974263,0.228546,0.591487,-0.021816,532.124518,783.545769,571.451392,726.642629,-0.301420,0.882176,-0.431170,-0.021816,0.560682,-0.653631,1.022657,0.000000,14.974263,0.228546,0.591487,-0.021816,1.000000,0.509884,0.097370,1.000000,0.509279,0.330000,0.186894
18.481000,9.531000,14.969135,0.176401,1.140543,-0.031799,413.989434,857.405776,437.031103,808.417457,-0.305366,0.831460,0.115851,-0.031799,0.559501,-0.655059,1.024692,0.000000,14.969135,0.176401,1.140543,-0.031799,1.000000,0.499312,0.071508,1.000000,0.510156,0.330930,0.186500
18.503000,9.553000,14.971404,0.111213,0.711156,-0.026040,523.882148,791.579263,530.332205,754.340625,-0.301920,0.767689,-0.315543,-0.026040,0.558324,-0.656476,1.026699,0.000000,14.971404,0.111213,0.711156,-0.026040,1.000000,0.514854,0.069871,1.000000,0.511023,0.331849,0.186108
18.523000,9.573000,14.947694,0.175917,0.937410,-0.034920,466.875574,830.871149,484.303367,778.260393,-0.324437,0.833732,-0.091461,-0.034920,0.557130,-0.657815,1.028870,0.000000,14.947694,0.175917,0.937410,-0.034920,1.000000,0.496932,0.071522,1.000000,0.511919,0.332810,0.185710
18.546000,9.596000,14.926484,0.159230,0.806027,-0.031142,497.472071,809.887709,512.752405,761.423688,-0.344438,0.818654,-0.224841,-0.031142,0.555922,-0.659424,1.030868,0.000000,14.926484,0.159230,0.806027,-0.031142,1.000000,0.505950,0.073358,1.000000,0.512812,0.333774,0.185307
18.564000,9.614000,14.922343,0.165533,0.773122,-0.027914,502.377609,804.751000,522.084713,756.976388,-0.347365,0.826755,-0.259652,-0.027914,0.554707,-0.661222,1.032774,0.000000,14.922343,0.165533,0.773122,-0.027914,1.000000,0.510717,0.076379,1.000000,0.513723,0.334736,0.184902
18.584000,9.634000,14.901306,0.076193,0.517141,-0.017469,562.979892,756.074853,567.405735,729.785923,-0.367167,0.739594,-0.517483,-0.017469,0.553473,-0.663401,1.034624,0.000000,14.901306,0.076193,0.517141,-0.017469,1.000000,0.569821,0.082858,1.000000,0.514699,0.335741,0.184491
18.608000,9.658000,14.871234,0.140855,0.677949,-0.017566,520.511412,784.856236,542.083273,747.548546,-0.395973,0.806299,-0.358463,-0.017566,0.552207,-0.665444,1.036412,0.000000,14.871234,0.140855,0.677949,-0.017566,1.000000,0.524393,0.079460,1.000000,0.515624,0.336709,0.184069
18.624000,9.674000,14.845576,0.132619,0.916465,-0.020498,468.009897,818.080302,486.764478,781.910984,-0.420341,0.800084,-0.122164,-0.020498,0.550917,-0.667465,1.038629,0.000000,14.845576,0.132619,0.916465,-0.020498,1.000000,0.515830,0.067315,1.000000,0.516685,0.337789,0.183639
18.642000,9.692000,14.844005,0.152974,0.959943,-0.017437,452.715051,824.779714,481.008173,787.304245,-0.420607,0.822691,-0.080876,-0.017437,0.549612,-0.669717,1.040819,0.000000,14.844005,0.152974,0.959943,-0.017437,1.000000,0.509995,0.070136,1.000000,0.517792,0.338892,0.183204
18.664000,9.714000,14.837282,0.152488,0.639693,-0.014115,524.712138,778.625726,551.986961,741.196637,-0.426007,0.823950,-0.402941,-0.014115,0.548289,-0.671462,1.042634,0.000000,14.837282,0.152488,0.639693,-0.014115,1.000000,0.523255,0.085960,1.000000,0.518670,0.339807,0.182763
18.685000,9.735000,14.819533,0.146562,0.780473,-0.017636,495.574313,798.987756,519.654740,761.281979,-0.442406,0.820165,-0.264575,-0.017636,0.546939,-0.673603,1.045048,0.000000,14.819533,0.146562,0.780473,-0.017636,1.000000,0.538081,0.076255,1.000000,0.519836,0.340936,0.182313
18.708000,9.758000,14.779978,0.188428,1.094764,-0.029130,416.220871,848.307938,445.731489,798.371379,-0.480569,0.864346,0.046571,-0.029130,0.545547,-0.675918,1.048193,0.000000,14.779978,0.188428,1.094764,-0.029130,1.000000,0.553881,0.077321,1.000000,0.521269,0.342304,0.181849
18.722000,9.772000,14.785556,0.229466,0.964913,-0.029076,443.705046,834.425598,483.518991,776.312565,-0.473585,0.907501,-0.085744,-0.029076,0.544141,-0.678035,1.050658,0.000000,14.785556,0.229466,0.964913,-0.029076,1.000000,0.513397,0.085418,1.000000,0.522457,0.343427,0.181380
18.744000,9.794000,14.749756,0.099392,0.696687,-0.024918,521.872619,783.990900,526.212671,749.340836,-0.507933,0.779536,-0.356577,-0.024918,0.542689,-0.680144,1.053263,0.000000,14.749756,0.099392,0.696687,-0.024918,1.000000,0.583172,0.076124,1.000000,0.523683,0.344595,0.180896
18.773000,9.823000,14.729682,0.180063,0.982183,-0.037350,449.528596,834.183459,466.423699,779.465775,-0.526510,0.861429,-0.073170,-0.037350,0.541192,-0.681366,1.055353,0.000000,14.729682,0.180063,0.982183,-0.037350,1.000000,0.485340,0.077653,1.000000,0.524577,0.345437,0.180397
18.782000,9.832000,14.721915,0.187992,1.004519,-0.036675,442.047751,837.507508,462.295268,782.052093,-0.532763,0.871517,-0.053417,-0.036675,0.539678,-0.683525,1.057936,0.000000,14.721915,0.187992,1.004519,-0.036675,1.000000,0.530971,0.079212,1.000000,0.525824,0.346580,0.179893
18.804000,9.854000,14.733349,0.184097,0.907239,-0.031798,464.654001,822.700943,487.500328,770.122203,-0.519800,0.869820,-0.153231,-0.031798,0.538150,-0.685723,1.060470,0.000000,14.733349,0.184097,0.907239,-0.031798,1.000000,0.549738,0.080810,1.000000,0.527082,0.347689,0.179383
18.823000,9.873000,14.720122,0.137896,0.949095,-0.030003,460.109808,823.720148,471.437618,780.684548,-0.531468,0.825772,-0.114166,-0.030003,0.536591,-0.687876,1.063261,0.000000,14.720122,0.137896,0.949095,-0.030003,1.000000,0.563703,0.072408,1.000000,0.528418,0.348853,0.178864
18.847000,9.897000,14.679565,0.112337,0.847448,-0.028087,485.851548,806.179245,491.185903,768.084060,-0.570419,0.802401,-0.218577,-0.028087,0.534984,-0.690065,1.066025,0.000000,14.679565,0.112337,0.847448,-0.028087,1.000000,0.579598,0.072495,1.000000,0.529758,0.350008,0.178328
18.868000,9.918000,14.683061,0.054828,0.434058,-0.016872,576.152852,737.086301,575.811595,714.699252,-0.565285,0.747214,-0.634202,-0.016872,0.533346,-0.692385,1.068260,0.000000,14.683061,0.054828,0.434058,-0.016872,1.000000,0.648041,0.099278,1.000000,0.530991,0.350988,0.177782
18.887000,9.937000,14.659012,0.087008,0.911227,-0.026644,473.244637,812.039182,472.712594,779.720357,-0.587668,0.781760,-0.159986,-0.026644,0.531680,-0.694752,1.071213,0.000000,14.659012,0.087008,0.911227,-0.026644,1.000000,0.575300,0.067199,1.000000,0.532447,0.352200,0.177227
18.902000,9.952000,14.651647,0.126095,0.813271,-0.021222,487.668943,799.894098,503.227929,763.569048,-0.593340,0.823153,-0.260739,-0.021222,0.529987,-0.697058,1.074010,0.000000,14.651647,0.126095,0.813271,-0.021222,1.000000,0.560899,0.078122,1.000000,0.533860,0.353327,0.176662
18.923000,9.973000,14.664754,0.107773,0.552243,-0.013351,543.895934,758.236693,559.860859,728.883404,-0.578527,0.807214,-0.524496,-0.013351,0.528281,-0.699441,1.076739,0.000000,14.664754,0.107773,0.552243,-0.013351,1.000000,0.612228,0.096034,1.000000,0.535291,0.354414,0.176094
18.950000,10.000000,14.632235,0.167327,1.076830,-0.024683,416.926424,840.274864,444.427919,796.398873,-0.609297,0.868868,-0.002980,-0.024683,0.526532,-0.701541,1.079811,0.000000,14.632235,0.167327,1.076830,-0.024683,1.000000,0.526232,0.079267,1.000000,0.536776,0.355542,0.175511
