t,t_rel,x,y,z,phi,theta,psi,vx,vy,vz,p,q,r,ref_x,ref_y,ref_z,ref_phi,ref_theta,ref_psi,ref_vx,ref_vy,ref_vz,ref_p,ref_q,ref_r,err_x,err_y,err_z,err_phi,err_theta,err_psi,err_vx,err_vy,err_vz,err_3d,err_vel_3d
6.944000,0.000000,0.000000,-0.000000,1.023489,0.000000,0.000000,0.000000,-0.000000,-0.000001,0.062202,-0.000000,-0.000000,-0.000000,0.000000,0.000000,1.000000,0.000000,0.000000,0.000000,0.000074,0.000000,0.000001,0.000000,0.000000,0.000000,-0.000000,-0.000000,0.023489,0.000000,0.000000,0.000000,-0.000075,-0.000001,0.062201,0.023489,0.062201
6.950000,0.006000,0.000000,-0.000000,1.024111,-0.000000,0.000000,0.000000,-0.000000,-0.000001,0.063524,-0.000000,-0.000000,-0.000000,0.000000,0.000000,1.000000,0.000000,0.000000,0.000000,0.000074,0.000000,0.000001,0.000000,0.000000,0.000000,-0.000000,-0.000000,0.024111,-0.000000,0.000000,0.000000,-0.000075,-0.000001,0.063522,0.024111,0.063523
6.961000,0.017000,0.000000,-0.000000,1.023744,-0.000000,0.000000,0.000000,-0.000000,-0.000001,0.061922,-0.000000,-0.000000,-0.000000,0.000000,0.000000,1.000000,0.000000,0.000000,0.000000,0.000074,0.000000,0.000001,0.000000,0.000000,0.000000,-0.000000,-0.000000,0.023744,-0.000000,0.000000,0.000000,-0.000075,-0.000001,0.061921,0.023744,0.061921
6.970000,0.026000,0.000000,-0.000001,1.023984,-0.000000,0.000000,0.000000,-0.000000,-0.000001,0.061972,-0.000000,-0.000000,-0.000000,0.000000,0.000000,1.000000,0.000000,0.000000,0.000000,0.000074,0.000000,0.000001,0.000000,0.000000,0.000000,-0.000000,-0.000001,0.023984,-0.000000,0.000000,0.000000,-0.000075,-0.000001,0.061971,0.023984,0.061971
6.980000,0.036000,0.000000,-0.000001,1.024604,-0.000000,0.000000,0.000000,-0.000000,-0.000001,0.063136,-0.000000,-0.000000,-0.000000,0.000004,0.000000,1.000000,0.000000,0.000000,0.000000,0.000297,0.000000,0.000010,0.000000,0.000000,0.000000,-0.000004,-0.000001,0.024603,-0.000000,0.000000,0.000000,-0.000298,-0.000001,0.063126,0.024603,0.063126
6.990000,0.046000,0.000000,-0.000001,1.024270,-0.000000,0.000000,0.000000,-0.000000,-0.000001,0.061715,-0.000000,0.000038,-0.000000,0.000004,0.000000,1.000000,0.000000,0.000000,0.000000,0.000297,0.000000,0.000010,0.000000,0.000000,0.000000,-0.000004,-0.000001,0.024270,-0.000000,0.000000,0.000000,-0.000298,-0.000001,0.061705,0.024270,0.061705
7.003000,0.059000,0.000000,-0.000001,1.024144,-0.000000,0.000000,0.000000,-0.000000,-0.000001,0.060937,-0.000000,0.000057,-0.000000,0.000013,0.000000,1.000001,0.000000,0.000000,0.000000,0.000669,0.000000,0.000034,0.000000,0.000000,0.000000,-0.000013,-0.000001,0.024143,-0.000000,0.000000,0.000000,-0.000669,-0.000001,0.060903,0.024143,0.060907
7.010000,0.066000,0.000000,-0.000001,1.024753,-0.000000,0.000001,0.000000,-0.000000,-0.000001,0.062308,-0.000000,0.000196,-0.000000,0.000013,0.000000,1.000001,0.000000,0.000000,0.000000,0.000669,0.000000,0.000034,0.000000,0.000000,0.000000,-0.000013,-0.000001,0.024753,-0.000000,0.000001,0.000000,-0.000669,-0.000001,0.062274,0.024753,0.062278
7.020000,0.076000,0.000000,-0.000001,1.024372,-0.000000,0.000001,0.000000,-0.000000,-0.000001,0.060752,-0.000000,0.000214,-0.000000,0.000032,0.000000,1.000002,0.000000,0.000000,0.000000,0.001187,0.000000,0.000080,0.000000,0.000000,0.000000,-0.000032,-0.000001,0.024371,-0.000000,0.000001,0.000000,-0.001187,-0.000001,0.060673,0.024371,0.060684
7.030000,0.086000,0.000000,-0.000001,1.024980,-0.000000,0.000002,0.000000,-0.000000,-0.000001,0.061963,-0.000000,0.000431,-0.000000,0.000032,0.000000,1.000002,0.000000,0.000000,0.000000,0.001187,0.000000,0.000080,0.000000,0.000000,0.000000,-0.000032,-0.000001,0.024978,-0.000000,0.000002,0.000000,-0.001187,-0.000001,0.061883,0.024978,0.061894
7.040000,0.096000,0.000000,-0.000001,1.024569,-0.000000,0.000006,0.000000,0.000000,-0.000001,0.060171,-0.000001,0.000633,-0.000000,0.000064,0.000000,1.000004,0.000000,0.000000,0.000000,0.001888,0.000000,0.000160,0.000000,0.000000,0.000000,-0.000064,-0.000001,0.024565,-0.000000,0.000006,0.000000,-0.001888,-0.000001,0.060011,0.024565,0.060041
7.050000,0.106000,0.000000,-0.000001,1.025171,-0.000000,0.000012,0.000000,0.000001,-0.000001,0.061707,-0.000001,0.001381,-0.000000,0.000064,0.000000,1.000004,0.000000,0.000000,0.000000,0.001888,0.000000,0.000160,0.000000,0.000000,0.000000,-0.000064,-0.000001,0.025167,-0.000000,0.000012,0.000000,-0.001887,-0.000001,0.061547,0.025167,0.061576
7.060000,0.116000,0.000000,-0.000001,1.024757,-0.000000,0.000020,0.000000,0.000002,-0.000001,0.060237,-0.000002,0.001680,-0.000000,0.000107,0.000000,1.000008,0.000000,0.000000,0.000000,0.002660,0.000000,0.000268,0.000000,0.000000,0.000000,-0.000107,-0.000001,0.024748,-0.000000,0.000020,0.000000,-0.002657,-0.000001,0.059969,0.024749,0.060028
7.070000,0.126000,0.000000,-0.000001,1.025359,-0.000000,0.000036,0.000000,0.000004,-0.000001,0.061462,-0.000002,0.002167,-0.000000,0.000107,0.000000,1.000008,0.000000,0.000000,0.000000,0.002660,0.000000,0.000268,0.000000,0.000000,0.000000,-0.000107,-0.000001,0.025351,-0.000000,0.000036,0.000000,-0.002656,-0.000001,0.061194,0.025351,0.061251
7.080000,0.136000,0.000000,-0.000001,1.024939,-0.000000,0.000053,0.000000,0.000009,-0.000001,0.059674,-0.000005,0.002280,-0.000000,0.000169,0.000000,1.000015,0.000000,0.000000,0.000000,0.003611,0.000000,0.000426,0.000000,0.000000,0.000000,-0.000169,-0.000001,0.024924,-0.000000,0.000053,0.000000,-0.003602,-0.000001,0.059249,0.024925,0.059358
7.090000,0.146000,0.000000,-0.000001,1.025536,-0.000000,0.000080,0.000000,0.000014,-0.000001,0.060907,-0.000009,0.003207,-0.000000,0.000169,0.000000,1.000015,0.000000,0.000000,0.000000,0.003611,0.000000,0.000426,0.000000,0.000000,0.000000,-0.000169,-0.000001,0.025521,-0.000000,0.000080,0.000000,-0.003597,-0.000001,0.060481,0.025522,0.060588
7.102000,0.158000,0.000001,-0.000001,1.025112,-0.000000,0.000115,0.000000,0.000024,-0.000001,0.059188,-0.000012,0.004111,-0.000000,0.000252,0.000000,1.000025,0.000000,0.000000,0.000000,0.004703,0.000000,0.000634,0.000000,0.000000,0.000000,-0.000252,-0.000001,0.025087,-0.000000,0.000115,0.000000,-0.004679,-0.000001,0.058554,0.025088,0.058740
7.110000,0.166000,0.000001,-0.000001,1.025704,-0.000001,0.000156,0.000000,0.000035,-0.000001,0.060478,-0.000007,0.004757,-0.000000,0.000252,0.000000,1.000025,0.000000,0.000000,0.000000,0.004703,0.000000,0.000634,0.000000,0.000000,0.000000,-0.000251,-0.000001,0.025679,-0.000001,0.000156,0.000000,-0.004667,-0.000001,0.059843,0.025680,0.060025
7.120000,0.176000,0.000001,-0.000001,1.025460,-0.000001,0.000194,0.000000,0.000051,-0.000001,0.059294,-0.000018,0.004747,-0.000000,0.000358,0.000000,1.000041,0.000000,0.000000,0.000000,0.005932,0.000000,0.000902,0.000000,0.000000,0.000000,-0.000357,-0.000001,0.025419,-0.000001,0.000194,0.000000,-0.005881,-0.000001,0.058392,0.025422,0.058688
7.130000,0.186000,0.000002,-0.000001,1.025326,-0.000001,0.000245,0.000000,0.000074,-0.000001,0.058511,-0.000027,0.005520,-0.000000,0.000358,0.000000,1.000041,0.000000,0.000000,0.000000,0.005932,0.000000,0.000902,0.000000,0.000000,0.000000,-0.000356,-0.000001,0.025285,-0.000001,0.000245,0.000000,-0.005858,-0.000001,0.057610,0.025288,0.057907
7.141000,0.197000,0.000003,-0.000001,1.025543,-0.000002,0.000305,0.000000,0.000102,-0.000001,0.058765,-0.000039,0.006376,-0.000000,0.000490,0.000000,1.000062,0.000000,0.000000,0.000000,0.007295,0.000000,0.001235,0.000000,0.000000,0.000000,-0.000487,-0.000001,0.025481,-0.000002,0.000305,0.000000,-0.007194,-0.000001,0.057531,0.025486,0.057979
7.150000,0.206000,0.000004,-0.000001,1.026131,-0.000002,0.000369,-0.000000,0.000132,-0.000000,0.060448,-0.000024,0.007133,-0.000000,0.000490,0.000000,1.000062,0.000000,0.000000,0.000000,0.007295,0.000000,0.001235,0.000000,0.000000,0.000000,-0.000486,-0.000001,0.026069,-0.000002,0.000369,-0.000000,-0.007164,-0.000000,0.059214,0.026074,0.059646
7.160000,0.216000,0.000005,-0.000001,1.025793,-0.000003,0.000430,-0.000000,0.000168,-0.000000,0.059389,-0.000038,0.007238,-0.000000,0.000651,0.000000,1.000091,0.000000,0.000000,0.000000,0.008791,0.000000,0.001640,0.000000,0.000000,0.000000,-0.000645,-0.000001,0.025703,-0.000003,0.000430,-0.000000,-0.008623,-0.000000,0.057750,0.025711,0.058390
7.173000,0.229000,0.000008,-0.000001,1.025640,-0.000003,0.000503,-0.000000,0.000217,0.000000,0.058534,-0.000044,0.007815,-0.000000,0.000853,0.000000,1.000130,0.000000,0.000000,0.000000,0.010498,0.000000,0.002150,0.000000,0.000000,0.000000,-0.000845,-0.000001,0.025509,-0.000003,0.000503,-0.000000,-0.010281,0.000000,0.056384,0.025523,0.057314
7.180000,0.236000,0.000011,-0.000001,1.025853,-0.000004,0.000583,-0.000000,0.000274,0.000000,0.058763,-0.000052,0.008508,-0.000000,0.000853,0.000000,1.000130,0.000000,0.000000,0.000000,0.010498,0.000000,0.002150,0.000000,0.000000,0.000000,-0.000842,-0.000001,0.025722,-0.000004,0.000583,-0.000000,-0.010224,0.000000,0.056613,0.025736,0.057529
7.193000,0.249000,0.000015,-0.000001,1.025970,-0.000005,0.000671,-0.000000,0.000339,0.000001,0.059077,-0.000051,0.009478,-0.000000,0.001068,0.000000,1.000176,0.000000,0.000000,0.000000,0.012161,0.000000,0.002694,0.000000,0.000000,0.000000,-0.001053,-0.000001,0.025794,-0.000005,0.000671,-0.000000,-0.011822,0.000001,0.056383,0.025816,0.057609
7.200000,0.256000,0.000018,-0.000001,1.026561,-0.000006,0.000763,-0.000000,0.000406,0.000001,0.060773,-0.000063,0.010228,-0.000000,0.001068,0.000000,1.000176,0.000000,0.000000,0.000000,0.012161,0.000000,0.002694,0.000000,0.000000,0.000000,-0.001050,-0.000001,0.026385,-0.000006,0.000763,-0.000000,-0.011755,0.000001,0.058080,0.026406,0.059257
7.211000,0.267000,0.000023,-0.000001,1.025987,-0.000007,0.000872,-0.000000,0.000489,0.000002,0.058958,-0.000076,0.011478,0.000000,0.001068,0.000000,1.000176,0.000000,0.000000,0.000000,0.012161,0.000000,0.002694,0.000000,0.000000,0.000000,-0.001045,-0.000001,0.025811,-0.000007,0.000872,-0.000000,-0.011672,0.000002,0.056264,0.025832,0.057462
7.220000,0.276000,0.000028,-0.000001,1.026576,-0.000008,0.000986,-0.000000,0.000576,0.000003,0.060579,-0.000040,0.012415,0.000000,0.001330,0.000000,1.000236,0.000000,0.000000,0.000000,0.014027,0.000000,0.003356,0.000000,0.000000,0.000000,-0.001302,-0.000001,0.026340,-0.000008,0.000986,-0.000000,-0.013452,0.000003,0.057223,0.026372,0.058783
7.230000,0.286000,0.000033,-0.000001,1.026319,-0.000010,0.001103,-0.000000,0.000671,0.000004,0.059755,-0.000081,0.012654,0.000000,0.001330,0.000000,1.000236,0.000000,0.000000,0.000000,0.014027,0.000000,0.003356,0.000000,0.000000,0.000000,-0.001297,-0.000001,0.026083,-0.000010,0.001103,-0.000000,-0.013356,0.000004,0.056399,0.026115,0.057959
7.241000,0.297000,0.000042,-0.000001,1.026182,-0.000012,0.001240,-0.000000,0.000797,0.000005,0.059302,-0.000110,0.013880,0.000000,0.001630,0.000000,1.000311,0.000000,0.000000,0.000000,0.016009,0.000000,0.004115,0.000000,0.000000,0.000000,-0.001588,-0.000001,0.025871,-0.000012,0.001240,-0.000000,-0.015212,0.000005,0.055187,0.025920,0.057245
7.250000,0.306000,0.000050,-0.000000,1.026775,-0.000013,0.001379,-0.000000,0.000921,0.000006,0.060898,-0.000046,0.014678,0.000000,0.001630,0.000000,1.000311,0.000000,0.000000,0.000000,0.016009,0.000000,0.004115,0.000000,0.000000,0.000000,-0.001580,-0.000000,0.026465,-0.000013,0.001379,-0.000000,-0.015088,0.000006,0.056782,0.026512,0.058753
7.260000,0.316000,0.000059,-0.000000,1.026556,-0.000015,0.001521,0.000000,0.001055,0.000007,0.060076,-0.000129,0.015147,0.000001,0.001971,0.000000,1.000402,0.000000,0.000000,0.000000,0.018101,0.000000,0.004979,0.000000,0.000000,0.000000,-0.001912,-0.000000,0.026154,-0.000015,0.001521,0.000000,-0.017046,0.000007,0.055097,0.026224,0.057674
7.270000,0.326000,0.000074,-0.000000,1.026430,-0.000018,0.001681,0.000000,0.001229,0.000009,0.059407,-0.000180,0.015993,0.000001,0.001971,0.000000,1.000402,0.000000,0.000000,0.000000,0.018101,0.000000,0.004979,0.000000,0.000000,0.000000,-0.001898,-0.000000,0.026029,-0.000018,0.001681,0.000000,-0.016872,0.000009,0.054427,0.026098,0.056983
7.280000,0.336000,0.000091,-0.000000,1.026656,-0.000020,0.001845,0.000000,0.001420,0.000011,0.059772,-0.000121,0.016543,0.000001,0.002355,0.000000,1.000511,0.000000,0.000000,0.000000,0.020299,0.000000,0.005953,0.000000,0.000000,0.000000,-0.002264,-0.000000,0.026145,-0.000020,0.001845,0.000000,-0.018879,0.000011,0.053819,0.026243,0.057034
7.290000,0.346000,0.000109,-0.000000,1.026786,-0.000024,0.002015,0.000000,0.001625,0.000013,0.060192,-0.000161,0.017032,0.000001,0.002355,0.000000,1.000511,0.000000,0.000000,0.000000,0.020299,0.000000,0.005953,0.000000,0.000000,0.000000,-0.002246,-0.000000,0.026275,-0.000024,0.002015,0.000000,-0.018674,0.000013,0.054239,0.026371,0.057363
7.301000,0.357000,0.000128,0.000000,1.026888,-0.000028,0.002194,0.000000,0.001845,0.000016,0.060522,-0.000211,0.017933,0.000001,0.002784,0.000000,1.000641,0.000000,0.000000,0.000000,0.022596,0.000000,0.007042,0.000000,0.000000,0.000000,-0.002655,0.000000,0.026247,-0.000028,0.002194,0.000000,-0.020751,0.000016,0.053480,0.026381,0.057365
7.310000,0.366000,0.000150,0.000000,1.026984,-0.000031,0.002381,0.000000,0.002082,0.000019,0.060770,-0.000223,0.018778,0.000001,0.002784,0.000000,1.000641,0.000000,0.000000,0.000000,0.022596,0.000000,0.007042,0.000000,0.000000,0.000000,-0.002634,0.000000,0.026343,-0.000031,0.002381,0.000000,-0.020515,0.000019,0.053728,0.026475,0.057511
7.320000,0.376000,0.000171,0.000001,1.027592,-0.000034,0.002569,0.000000,0.002319,0.000022,0.062513,-0.000079,0.019315,0.000000,0.003259,0.000000,1.000793,0.000000,0.000000,0.000000,0.024988,0.000000,0.008251,0.000000,0.000000,0.000000,-0.003089,0.000001,0.026798,-0.000034,0.002569,0.000000,-0.022669,0.000022,0.054261,0.026976,0.058806
7.331000,0.387000,0.000191,0.000001,1.027009,-0.000040,0.002761,0.000000,0.002572,0.000026,0.060762,-0.000216,0.019354,0.000001,0.003259,0.000000,1.000793,0.000000,0.000000,0.000000,0.024988,0.000000,0.008251,0.000000,0.000000,0.000000,-0.003068,0.000001,0.026216,-0.000040,0.002761,0.000000,-0.022416,0.000026,0.052510,0.026395,0.057095
7.340000,0.396000,0.000224,0.000001,1.027218,-0.000044,0.002964,0.000000,0.002881,0.000030,0.061347,-0.000239,0.019958,0.000001,0.003784,0.000000,1.000972,0.000000,0.000000,0.000000,0.027468,0.000000,0.009587,0.000000,0.000000,0.000000,-0.003560,0.000001,0.026247,-0.000044,0.002964,0.000000,-0.024588,0.000030,0.051760,0.026487,0.057303
7.352000,0.408000,0.000259,0.000001,1.027352,-0.000049,0.003170,0.000000,0.003204,0.000035,0.061829,-0.000238,0.020490,0.000002,0.004359,0.000000,1.001178,0.000000,0.000000,0.000000,0.030031,0.000000,0.011053,0.000000,0.000000,0.000000,-0.004100,0.000001,0.026174,-0.000049,0.003170,0.000000,-0.026827,0.000035,0.050776,0.026494,0.057427
7.361000,0.417000,0.000295,0.000002,1.027466,-0.000054,0.003380,0.000000,0.003544,0.000041,0.062239,-0.000258,0.020891,0.000002,0.004359,0.000000,1.001178,0.000000,0.000000,0.000000,0.030031,0.000000,0.011053,0.000000,0.000000,0.000000,-0.004063,0.000002,0.026288,-0.000054,0.003380,0.000000,-0.026487,0.000041,0.051186,0.026601,0.057633
7.372000,0.428000,0.000335,0.000002,1.027576,-0.000060,0.003594,0.000000,0.003903,0.000046,0.062764,-0.000244,0.022758,0.000001,0.004986,0.000000,1.001415,0.000000,0.000000,0.000000,0.032669,0.000000,0.012654,0.000000,0.000000,0.000000,-0.004651,0.000002,0.026162,-0.000060,0.003594,0.000000,-0.028765,0.000046,0.050110,0.026572,0.057780
7.380000,0.436000,0.000374,0.000003,1.028204,-0.000062,0.003822,0.000000,0.004263,0.000052,0.064792,0.000017,0.024547,0.000001,0.004986,0.000000,1.001415,0.000000,0.000000,0.000000,0.032669,0.000000,0.012654,0.000000,0.000000,0.000000,-0.004612,0.000003,0.026789,-0.000062,0.003822,0.000000,-0.028405,0.000052,0.052138,0.027183,0.059374
7.390000,0.446000,0.000395,0.000003,1.027829,-0.000070,0.004023,0.000000,0.004568,0.000058,0.063677,-0.000233,0.021991,0.000001,0.004986,0.000000,1.001415,0.000000,0.000000,0.000000,0.032669,0.000000,0.012654,0.000000,0.000000,0.000000,-0.004590,0.000003,0.026415,-0.000070,0.004023,0.000000,-0.028101,0.000058,0.051023,0.026810,0.058250
7.400000,0.456000,0.000435,0.000004,1.027847,-0.000077,0.004254,0.000000,0.004947,0.000065,0.063733,-0.000265,0.022922,0.000000,0.005666,0.000000,1.001685,0.000000,0.000000,0.000000,0.035376,0.000000,0.014394,0.000000,0.000000,0.000000,-0.005231,0.000004,0.026163,-0.000077,0.004254,0.000000,-0.030429,0.000065,0.049339,0.026680,0.057968
7.410000,0.466000,0.000482,0.000004,1.027940,-0.000083,0.004491,0.000000,0.005364,0.000073,0.064026,-0.000271,0.024169,0.000001,0.005666,0.000000,1.001685,0.000000,0.000000,0.000000,0.035376,0.000000,0.014394,0.000000,0.000000,0.000000,-0.005184,0.000004,0.026256,-0.000083,0.004491,0.000000,-0.030012,0.000073,0.049632,0.026762,0.058000
7.420000,0.476000,0.000555,0.000005,1.027932,-0.000090,0.004746,0.000000,0.005890,0.000082,0.064010,-0.000363,0.024825,0.000001,0.006401,0.000000,1.001991,0.000000,0.000000,0.000000,0.038146,0.000000,0.016278,0.000000,0.000000,0.000000,-0.005846,0.000005,0.025941,-0.000090,0.004746,0.000000,-0.032256,0.000082,0.047732,0.026591,0.057609
7.430000,0.486000,0.000634,0.000006,1.028223,-0.000094,0.005004,0.000000,0.006447,0.000093,0.065007,0.000031,0.024723,0.000001,0.006401,0.000000,1.001991,0.000000,0.000000,0.000000,0.038146,0.000000,0.016278,0.000000,0.000000,0.000000,-0.005767,0.000006,0.026232,-0.000094,0.005004,0.000000,-0.031699,0.000093,0.048730,0.026858,0.058133
7.440000,0.496000,0.000713,0.000008,1.028415,-0.000107,0.005263,0.000000,0.007006,0.000104,0.065687,-0.000434,0.024826,0.000002,0.007192,0.000000,1.002337,0.000000,0.000000,0.000000,0.040971,0.000000,0.018308,0.000000,0.000000,0.000000,-0.006480,0.000008,0.026079,-0.000107,0.005263,0.000000,-0.033965,0.000104,0.047378,0.026871,0.058295
7.450000,0.506000,0.000783,0.000009,1.029072,-0.000112,0.005511,0.000000,0.007533,0.000114,0.067766,-0.000125,0.024536,0.000002,0.007192,0.000000,1.002337,0.000000,0.000000,0.000000,0.040971,0.000000,0.018308,0.000000,0.000000,0.000000,-0.006409,0.000009,0.026735,-0.000112,0.005511,0.000000,-0.033437,0.000114,0.049458,0.027493,0.059700
7.462000,0.518000,0.000846,0.000010,1.028549,-0.000127,0.005761,0.000000,0.008046,0.000126,0.066098,-0.000592,0.024631,0.000002,0.008040,0.000000,1.002725,0.000000,0.000000,0.000000,0.043844,0.000000,0.020489,0.000000,0.000000,0.000000,-0.007194,0.000010,0.025825,-0.000127,0.005761,0.000000,-0.035797,0.000126,0.045609,0.026808,0.057980
7.473000,0.529000,0.000946,0.000011,1.028824,-0.000140,0.006015,0.000000,0.008700,0.000140,0.066789,-0.000801,0.024343,0.000002,0.008946,0.000000,1.003157,0.000000,0.000000,0.000000,0.046757,0.000000,0.022824,0.000000,0.000000,0.000000,-0.008000,0.000011,0.025667,-0.000140,0.006015,0.000000,-0.038057,0.000140,0.043965,0.026885,0.058149
7.480000,0.536000,0.001046,0.000013,1.029021,-0.000155,0.006266,-0.000000,0.009356,0.000156,0.067229,-0.000981,0.024142,0.000001,0.008946,0.000000,1.003157,0.000000,0.000000,0.000000,0.046757,0.000000,0.022824,0.000000,0.000000,0.000000,-0.007900,0.000013,0.025864,-0.000155,0.006266,-0.000000,-0.037401,0.000156,0.044405,0.027043,0.058057
7.490000,0.546000,0.001149,0.000015,1.029195,-0.000172,0.006513,-0.000000,0.010024,0.000172,0.067942,-0.000634,0.023241,0.000002,0.008946,0.000000,1.003157,0.000000,0.000000,0.000000,0.046757,0.000000,0.022824,0.000000,0.000000,0.000000,-0.007797,0.000015,0.026037,-0.000172,0.006513,-0.000000,-0.036734,0.000172,0.045118,0.027180,0.058181
7.500000,0.556000,0.001256,0.000017,1.029367,-0.000189,0.006755,-0.000000,0.010707,0.000191,0.068631,-0.000601,0.022730,0.000003,0.009911,0.000000,1.003639,0.000000,0.000000,0.000000,0.049704,0.000000,0.025315,0.000000,0.000000,0.000000,-0.008655,0.000017,0.025729,-0.000189,0.006755,-0.000000,-0.038997,0.000191,0.043316,0.027145,0.058285
7.510000,0.566000,0.001368,0.000019,1.029543,-0.000205,0.006992,-0.000000,0.011411,0.000211,0.069481,-0.000593,0.023478,0.000004,0.009911,0.000000,1.003639,0.000000,0.000000,0.000000,0.049704,0.000000,0.025315,0.000000,0.000000,0.000000,-0.008542,0.000019,0.025904,-0.000205,0.006992,-0.000000,-0.038293,0.000211,0.044166,0.027276,0.058455
7.520000,0.576000,0.001482,0.000021,1.030238,-0.000219,0.007223,-0.000000,0.012114,0.000232,0.071828,-0.000493,0.023479,0.000003,0.010987,0.000000,1.004199,0.000000,0.000000,0.000000,0.052825,0.000000,0.028101,0.000000,0.000000,0.000000,-0.009505,0.000021,0.026039,-0.000219,0.007223,-0.000000,-0.040712,0.000232,0.043728,0.027719,0.059746
7.530000,0.586000,0.001535,0.000022,1.029893,-0.000224,0.007438,-0.000000,0.012591,0.000249,0.071145,0.000476,0.023744,0.000002,0.010987,0.000000,1.004199,0.000000,0.000000,0.000000,0.052825,0.000000,0.028101,0.000000,0.000000,0.000000,-0.009452,0.000022,0.025694,-0.000224,0.007438,-0.000000,-0.040235,0.000249,0.043044,0.027378,0.058921
7.540000,0.596000,0.001638,0.000024,1.029973,-0.000246,0.007660,-0.000000,0.013256,0.000271,0.071711,-0.000278,0.023527,0.000002,0.012018,0.000000,1.004758,0.000000,0.000000,0.000000,0.055666,0.000000,0.030774,0.000000,0.000000,0.000000,-0.010380,0.000024,0.025215,-0.000246,0.007660,-0.000000,-0.042410,0.000271,0.040936,0.027268,0.058945
7.550000,0.606000,0.001806,0.000028,1.030036,-0.000259,0.007909,-0.000000,0.014157,0.000299,0.072282,-0.000575,0.024075,0.000002,0.012018,0.000000,1.004758,0.000000,0.000000,0.000000,0.055666,0.000000,0.030774,0.000000,0.000000,0.000000,-0.010212,0.000028,0.025278,-0.000259,0.007909,-0.000000,-0.041509,0.000299,0.041508,0.027263,0.058702
7.560000,0.616000,0.001990,0.000032,1.030429,-0.000272,0.008165,-0.000000,0.015115,0.000329,0.073791,-0.000683,0.024601,0.000004,0.013161,0.000000,1.005403,0.000000,0.000000,0.000000,0.058665,0.000000,0.033747,0.000000,0.000000,0.000000,-0.011171,0.000032,0.025025,-0.000272,0.008165,-0.000000,-0.043549,0.000329,0.040044,0.027406,0.059162
7.570000,0.626000,0.002141,0.000035,1.031167,-0.000279,0.008411,-0.000000,0.015938,0.000357,0.076444,0.000494,0.024928,0.000004,0.013161,0.000000,1.005403,0.000000,0.000000,0.000000,0.058665,0.000000,0.033747,0.000000,0.000000,0.000000,-0.011020,0.000035,0.025763,-0.000279,0.008411,-0.000000,-0.042727,0.000357,0.042696,0.028021,0.060404
7.580000,0.636000,0.002284,0.000038,1.030765,-0.000304,0.008654,-0.000000,0.016727,0.000385,0.075702,-0.000258,0.025007,0.000006,0.014364,0.000000,1.006109,0.000000,0.000000,0.000000,0.061665,0.000000,0.036884,0.000000,0.000000,0.000000,-0.012081,0.000038,0.024656,-0.000304,0.008654,-0.000000,-0.044938,0.000385,0.038818,0.027457,0.059383
7.591000,0.647000,0.002490,0.000043,1.031158,-0.000319,0.008920,-0.000000,0.017745,0.000420,0.076937,-0.000545,0.025002,0.000006,0.014364,0.000000,1.006109,0.000000,0.000000,0.000000,0.061665,0.000000,0.036884,0.000000,0.000000,0.000000,-0.011874,0.000043,0.025049,-0.000319,0.008920,-0.000000,-0.043920,0.000420,0.040053,0.027721,0.059442
7.601000,0.657000,0.002691,0.000048,1.031466,-0.000335,0.009183,-0.000000,0.018733,0.000454,0.077885,-0.000669,0.025138,0.000006,0.015628,0.000000,1.006880,0.000000,0.000000,0.000000,0.064659,0.000000,0.040186,0.000000,0.000000,0.000000,-0.012936,0.000048,0.024586,-0.000335,0.009183,-0.000000,-0.045925,0.000454,0.037699,0.027782,0.059419
7.613000,0.669000,0.002892,0.000053,1.031749,-0.000352,0.009443,-0.000000,0.019713,0.000490,0.079086,-0.000165,0.024909,0.000005,0.015628,0.000000,1.006880,0.000000,0.000000,0.000000,0.064659,0.000000,0.040186,0.000000,0.000000,0.000000,-0.012735,0.000053,0.024869,-0.000352,0.009443,-0.000000,-0.044945,0.000490,0.038900,0.027941,0.059443
7.621000,0.677000,0.003098,0.000058,1.032033,-0.000354,0.009698,-0.000000,0.020699,0.000527,0.080253,0.001260,0.024545,0.000003,0.017154,0.000000,1.007849,0.000000,0.000000,0.000000,0.068082,0.000000,0.044188,0.000000,0.000000,0.000000,-0.014057,0.000058,0.024183,-0.000354,0.009698,-0.000000,-0.047382,0.000527,0.036065,0.027972,0.059549
7.630000,0.686000,0.003310,0.000064,1.032323,-0.000385,0.009952,-0.000000,0.021701,0.000565,0.081468,-0.000115,0.024214,0.000004,0.017154,0.000000,1.007849,0.000000,0.000000,0.000000,0.068082,0.000000,0.044188,0.000000,0.000000,0.000000,-0.013845,0.000064,0.024473,-0.000385,0.009952,-0.000000,-0.046381,0.000565,0.037280,0.028118,0.059509
7.640000,0.696000,0.003530,0.000070,1.032623,-0.000400,0.010197,-0.000000,0.022722,0.000605,0.082677,0.000041,0.023507,0.000004,0.018404,0.000000,1.008674,0.000000,0.000000,0.000000,0.070738,0.000000,0.047474,0.000000,0.000000,0.000000,-0.014873,0.000070,0.023949,-0.000400,0.010197,-0.000000,-0.048016,0.000605,0.035203,0.028192,0.059542
7.650000,0.706000,0.003758,0.000076,1.033450,-0.000399,0.010433,-0.000000,0.023752,0.000646,0.085529,0.001578,0.023089,0.000003,0.018404,0.000000,1.008674,0.000000,0.000000,0.000000,0.070738,0.000000,0.047474,0.000000,0.000000,0.000000,-0.014646,0.000076,0.024776,-0.000399,0.010433,-0.000000,-0.046987,0.000646,0.038055,0.028781,0.060468
7.662000,0.718000,0.003909,0.000080,1.033007,-0.000429,0.010644,-0.000000,0.024497,0.000680,0.084612,0.000189,0.022892,0.000004,0.019921,0.000000,1.009713,0.000000,0.000000,0.000000,0.073804,0.000000,0.051477,0.000000,0.000000,0.000000,-0.016012,0.000080,0.023294,-0.000429,0.010644,-0.000000,-0.049307,0.000680,0.033135,0.028267,0.059411
7.671000,0.727000,0.004201,0.000088,1.033496,-0.000443,0.010886,-0.000000,0.025745,0.000729,0.086139,-0.000401,0.022103,0.000003,0.019921,0.000000,1.009713,0.000000,0.000000,0.000000,0.073804,0.000000,0.051477,0.000000,0.000000,0.000000,-0.015720,0.000088,0.023783,-0.000443,0.010886,-0.000000,-0.048059,0.000729,0.034663,0.028509,0.059260
7.681000,0.737000,0.004459,0.000096,1.034357,-0.000447,0.011107,-0.000001,0.026841,0.000773,0.088716,0.000503,0.021601,0.000003,0.021273,0.000000,1.010671,0.000000,0.000000,0.000000,0.076396,0.000000,0.055053,0.000000,0.000000,0.000000,-0.016814,0.000096,0.023686,-0.000447,0.011107,-0.000001,-0.049555,0.000773,0.033663,0.029047,0.059913
7.690000,0.746000,0.004595,0.000100,1.034141,-0.000474,0.011291,-0.000001,0.027484,0.000807,0.088553,0.000336,0.021808,0.000003,0.021273,0.000000,1.010671,0.000000,0.000000,0.000000,0.076396,0.000000,0.055053,0.000000,0.000000,0.000000,-0.016679,0.000100,0.023469,-0.000474,0.011291,-0.000001,-0.048913,0.000807,0.033500,0.028792,0.059290
7.700000,0.756000,0.004909,0.000109,1.034306,-0.000496,0.011519,-0.000001,0.028770,0.000860,0.089500,0.000148,0.021383,0.000003,0.022830,0.000000,1.011814,0.000000,0.000000,0.000000,0.079230,0.000000,0.059184,0.000000,0.000000,0.000000,-0.017921,0.000109,0.022493,-0.000496,0.011519,-0.000001,-0.050459,0.000860,0.030317,0.028759,0.058873
7.710000,0.766000,0.005273,0.000120,1.034905,-0.000517,0.011756,-0.000001,0.030221,0.000919,0.091747,-0.000051,0.020994,0.000002,0.022830,0.000000,1.011814,0.000000,0.000000,0.000000,0.079230,0.000000,0.059184,0.000000,0.000000,0.000000,-0.017556,0.000120,0.023092,-0.000517,0.011756,-0.000001,-0.049009,0.000919,0.032563,0.029008,0.058848
7.720000,0.776000,0.005576,0.000129,1.035823,-0.000536,0.011965,-0.000001,0.031411,0.000971,0.094865,-0.000014,0.020648,0.000002,0.024524,0.000000,1.013103,0.000000,0.000000,0.000000,0.082143,0.000000,0.063698,0.000000,0.000000,0.000000,-0.018948,0.000129,0.022719,-0.000536,0.011965,-0.000001,-0.050731,0.000971,0.031167,0.029584,0.059549
7.730000,0.786000,0.005750,0.000135,1.035670,-0.000555,0.012130,-0.000001,0.032116,0.001011,0.094811,0.000361,0.019871,0.000002,0.024524,0.000000,1.013103,0.000000,0.000000,0.000000,0.082143,0.000000,0.063698,0.000000,0.000000,0.000000,-0.018774,0.000135,0.022567,-0.000555,0.012130,-0.000001,-0.050027,0.001011,0.031114,0.029355,0.058922
7.740000,0.796000,0.006123,0.000147,1.035914,-0.000576,0.012344,-0.000001,0.033532,0.001073,0.095912,0.000289,0.019172,0.000007,0.026109,0.000000,1.014354,0.000000,0.000000,0.000000,0.084715,0.000000,0.067936,0.000000,0.000000,0.000000,-0.019986,0.000147,0.021561,-0.000576,0.012344,-0.000001,-0.051183,0.001073,0.027977,0.029400,0.058340
7.750000,0.806000,0.006548,0.000161,1.036594,-0.000574,0.012563,-0.000001,0.035115,0.001143,0.098355,0.002457,0.018951,0.000007,0.026109,0.000000,1.014354,0.000000,0.000000,0.000000,0.084715,0.000000,0.067936,0.000000,0.000000,0.000000,-0.019561,0.000161,0.022240,-0.000574,0.012563,-0.000001,-0.049600,0.001143,0.030419,0.029619,0.058196
7.760000,0.816000,0.006951,0.000174,1.037159,-0.000614,0.012770,-0.000001,0.036579,0.001210,0.100389,0.000458,0.018774,0.000013,0.027830,0.000000,1.015758,0.000000,0.000000,0.000000,0.087351,0.000000,0.072554,0.000000,0.000000,0.000000,-0.020879,0.000174,0.021401,-0.000614,0.012770,-0.000001,-0.050772,0.001210,0.027835,0.029899,0.057914
7.771000,0.827000,0.007342,0.000187,1.037686,-0.000636,0.012962,-0.000001,0.037975,0.001277,0.102927,-0.000406,0.019447,0.000012,0.027830,0.000000,1.015758,0.000000,0.000000,0.000000,0.087351,0.000000,0.072554,0.000000,0.000000,0.000000,-0.020488,0.000187,0.021928,-0.000636,0.012962,-0.000001,-0.049376,0.001277,0.030373,0.030011,0.057984
7.782000,0.838000,0.007733,0.000200,1.038215,-0.000660,0.013154,-0.000001,0.039339,0.001345,0.105397,-0.000857,0.019746,0.000012,0.029603,0.000000,1.017257,0.000000,0.000000,0.000000,0.089903,0.000000,0.077330,0.000000,0.000000,0.000000,-0.021870,0.000200,0.020958,-0.000660,0.013154,-0.000001,-0.050564,0.001345,0.028067,0.030292,0.057848
7.790000,0.846000,0.008129,0.000214,1.038757,-0.000669,0.013353,-0.000001,0.040684,0.001413,0.107035,0.002102,0.017995,0.000009,0.029603,0.000000,1.017257,0.000000,0.000000,0.000000,0.089903,0.000000,0.077330,0.000000,0.000000,0.000000,-0.021474,0.000214,0.021501,-0.000669,0.013353,-0.000001,-0.049219,0.001413,0.029705,0.030388,0.057506
7.801000,0.857000,0.008535,0.000228,1.039309,-0.000729,0.013551,-0.000001,0.042036,0.001485,0.108653,-0.000130,0.017382,0.000022,0.031426,0.000000,1.018853,0.000000,0.000000,0.000000,0.092365,0.000000,0.082262,0.000000,0.000000,0.000000,-0.022890,0.000228,0.020457,-0.000729,0.013551,-0.000001,-0.050329,0.001485,0.026391,0.030700,0.056848
7.810000,0.866000,0.008953,0.000243,1.039876,-0.000763,0.013734,-0.000000,0.043398,0.001560,0.110249,-0.001073,0.016307,0.000038,0.031426,0.000000,1.018853,0.000000,0.000000,0.000000,0.092365,0.000000,0.082262,0.000000,0.000000,0.000000,-0.022473,0.000243,0.021023,-0.000763,0.013734,-0.000000,-0.048966,0.001560,0.027987,0.030774,0.056422
7.822000,0.878000,0.009383,0.000259,1.040459,-0.000801,0.013904,-0.000000,0.044774,0.001638,0.111848,-0.001444,0.015115,0.000041,0.033297,0.000000,1.020548,0.000000,0.000000,0.000000,0.094726,0.000000,0.087347,0.000000,0.000000,0.000000,-0.023914,0.000259,0.019911,-0.000801,0.013904,-0.000000,-0.049952,0.001638,0.024501,0.031119,0.055661
7.831000,0.887000,0.009826,0.000276,1.041060,-0.000816,0.014054,0.000000,0.046166,0.001721,0.113579,0.002398,0.013106,0.000032,0.033297,0.000000,1.020548,0.000000,0.000000,0.000000,0.094726,0.000000,0.087347,0.000000,0.000000,0.000000,-0.023471,0.000276,0.020511,-0.000816,0.014054,0.000000,-0.048560,0.001721,0.026232,0.031172,0.055219
7.841000,0.897000,0.010282,0.000293,1.041679,-0.000894,0.014209,0.000001,0.047573,0.001808,0.115448,-0.001488,0.013159,0.000041,0.035214,0.000000,1.022348,0.000000,0.000000,0.000000,0.096980,0.000000,0.092582,0.000000,0.000000,0.000000,-0.024933,0.000293,0.019331,-0.000894,0.014209,0.000001,-0.049407,0.001808,0.022866,0.031550,0.054472
7.850000,0.906000,0.010757,0.000311,1.042833,-0.000909,0.014341,0.000001,0.049015,0.001899,0.118833,0.001116,0.011592,0.000033,0.035214,0.000000,1.022348,0.000000,0.000000,0.000000,0.096980,0.000000,0.092582,0.000000,0.000000,0.000000,-0.024457,0.000311,0.020486,-0.000909,0.014341,0.000001,-0.047965,0.001899,0.026251,0.031904,0.054712
7.861000,0.917000,0.011045,0.000323,1.042593,-0.000976,0.014393,0.000002,0.049739,0.001968,0.118071,-0.001493,0.009730,0.000054,0.037175,0.000000,1.024253,0.000000,0.000000,0.000000,0.099118,0.000000,0.097963,0.000000,0.000000,0.000000,-0.026130,0.000323,0.018341,-0.000976,0.014393,0.000002,-0.049379,0.001968,0.020109,0.031926,0.053353
7.874000,0.930000,0.011630,0.000346,1.043480,-0.001020,0.014506,0.000002,0.051517,0.002081,0.120408,-0.000587,0.007106,0.000050,0.039178,0.000000,1.026267,0.000000,0.000000,0.000000,0.101132,0.000000,0.103486,0.000000,0.000000,0.000000,-0.027548,0.000346,0.017213,-0.001020,0.014506,0.000002,-0.049615,0.002081,0.016922,0.032485,0.052463
7.880000,0.936000,0.012146,0.000367,1.044684,-0.001064,0.014576,0.000003,0.052986,0.002185,0.123606,-0.000495,0.005295,0.000045,0.039178,0.000000,1.026267,0.000000,0.000000,0.000000,0.101132,0.000000,0.103486,0.000000,0.000000,0.000000,-0.027032,0.000367,0.018417,-0.001064,0.014576,0.000003,-0.048146,0.002185,0.020120,0.032712,0.052227
7.890000,0.946000,0.012399,0.000378,1.044644,-0.001065,0.014549,0.000003,0.053471,0.002253,0.123610,0.004279,0.004813,0.000031,0.039178,0.000000,1.026267,0.000000,0.000000,0.000000,0.101132,0.000000,0.103486,0.000000,0.000000,0.000000,-0.026779,0.000378,0.018377,-0.001065,0.014549,0.000003,-0.047661,0.002253,0.020125,0.032480,0.051784
7.900000,0.956000,0.012836,0.000397,1.045169,-0.001145,0.014579,0.000003,0.054601,0.002352,0.125256,0.001105,0.004952,0.000026,0.041220,0.000000,1.028393,0.000000,0.000000,0.000000,0.103014,0.000000,0.109146,0.000000,0.000000,0.000000,-0.028383,0.000397,0.016776,-0.001145,0.014579,0.000003,-0.048412,0.002352,0.016110,0.032973,0.051077
7.910000,0.966000,0.013335,0.000419,1.045833,-0.001177,0.014610,0.000003,0.055919,0.002461,0.127502,0.000105,0.005024,0.000012,0.041220,0.000000,1.028393,0.000000,0.000000,0.000000,0.103014,0.000000,0.109146,0.000000,0.000000,0.000000,-0.027885,0.000419,0.017440,-0.001177,0.014610,0.000003,-0.047095,0.002461,0.018356,0.032892,0.050606
7.920000,0.976000,0.013868,0.000442,1.046560,-0.001200,0.014641,0.000004,0.057316,0.002577,0.129862,0.000741,0.004491,0.000007,0.043298,0.000000,1.030634,0.000000,0.000000,0.000000,0.104756,0.000000,0.114939,0.000000,0.000000,0.000000,-0.029429,0.000442,0.015926,-0.001200,0.014641,0.000004,-0.047440,0.002577,0.014923,0.033465,0.049799
7.930000,0.986000,0.014620,0.000476,1.047427,-0.001223,0.014731,0.000004,0.059464,0.002727,0.132743,0.003306,0.004187,0.000015,0.043298,0.000000,1.030634,0.000000,0.000000,0.000000,0.104756,0.000000,0.114939,0.000000,0.000000,0.000000,-0.028677,0.000476,0.016793,-0.001223,0.014731,0.000004,-0.045292,0.002727,0.017804,0.033236,0.048742
7.940000,0.996000,0.015391,0.000512,1.048612,-0.001245,0.014822,0.000004,0.061615,0.002882,0.136470,0.003682,0.004425,0.000018,0.045409,0.000000,1.032992,0.000000,0.000000,0.000000,0.106351,0.000000,0.120860,0.000000,0.000000,0.000000,-0.030018,0.000512,0.015621,-0.001245,0.014822,0.000004,-0.044735,0.002882,0.015610,0.033843,0.047468
7.953000,1.009000,0.016104,0.000546,1.049638,-0.001247,0.014892,0.000004,0.063481,0.003025,0.139583,0.004227,0.003930,0.000011,0.047551,0.000000,1.035469,0.000000,0.000000,0.000000,0.107791,0.000000,0.126904,0.000000,0.000000,0.000000,-0.031447,0.000546,0.014169,-0.001247,0.014892,0.000004,-0.044310,0.003025,0.012679,0.034496,0.046187
7.960000,1.016000,0.016739,0.000576,1.051034,-0.001241,0.014934,0.000004,0.065004,0.003153,0.143695,0.005002,0.003782,-0.000000,0.047551,0.000000,1.035469,0.000000,0.000000,0.000000,0.107791,0.000000,0.126904,0.000000,0.000000,0.000000,-0.030812,0.000576,0.015565,-0.001241,0.014934,0.000004,-0.042788,0.003153,0.016791,0.034525,0.046072
7.972000,1.028000,0.017193,0.000599,1.051062,-0.001227,0.014914,0.000004,0.065815,0.003246,0.143396,0.005537,0.001896,-0.000011,0.049719,0.000000,1.038068,0.000000,0.000000,0.000000,0.109069,0.000000,0.133064,0.000000,0.000000,0.000000,-0.032527,0.000599,0.012994,-0.001227,0.014914,0.000004,-0.043254,0.003246,0.010332,0.035031,0.044590
7.980000,1.036000,0.017974,0.000638,1.052261,-0.001213,0.014976,0.000004,0.067782,0.003393,0.146503,0.005952,0.000796,-0.000022,0.049719,0.000000,1.038068,0.000000,0.000000,0.000000,0.109069,0.000000,0.133064,0.000000,0.000000,0.000000,-0.031745,0.000638,0.014193,-0.001213,0.014976,0.000004,-0.041287,0.003393,0.013439,0.034779,0.043552
7.990000,1.046000,0.018712,0.000675,1.053336,-0.001153,0.015000,0.000003,0.069529,0.003527,0.149403,0.009669,-0.000604,-0.000022,0.049719,0.000000,1.038068,0.000000,0.000000,0.000000,0.109069,0.000000,0.133064,0.000000,0.000000,0.000000,-0.031007,0.000675,0.015267,-0.001153,0.015000,0.000003,-0.039540,0.003527,0.016339,0.034569,0.042928
8.002000,1.058000,0.019429,0.000712,1.054368,-0.001179,0.015018,0.000003,0.071137,0.003653,0.152096,0.005559,-0.000765,-0.000030,0.051912,0.000000,1.040792,0.000000,0.000000,0.000000,0.110178,0.000000,0.139335,0.000000,0.000000,0.000000,-0.032484,0.000712,0.013576,-0.001179,0.015018,0.000003,-0.039042,0.003653,0.012761,0.035214,0.041236
8.012000,1.068000,0.020140,0.000748,1.055396,-0.001165,0.015001,0.000003,0.072666,0.003774,0.154546,0.003579,-0.003442,-0.000041,0.051912,0.000000,1.040792,0.000000,0.000000,0.000000,0.110178,0.000000,0.139335,0.000000,0.000000,0.000000,-0.031772,0.000748,0.014604,-0.001165,0.015001,0.000003,-0.037512,0.003774,0.015211,0.034976,0.040654
8.020000,1.076000,0.020856,0.000786,1.056433,-0.001163,0.014963,0.000002,0.074155,0.003890,0.156952,0.002374,-0.005259,-0.000056,0.054125,0.000000,1.043643,0.000000,0.000000,0.000000,0.111112,0.000000,0.145710,0.000000,0.000000,0.000000,-0.033269,0.000786,0.012790,-0.001163,0.014963,0.000002,-0.036956,0.003890,0.011242,0.035652,0.038824
8.033000,1.089000,0.021582,0.000824,1.057486,-0.001139,0.014903,0.000002,0.075620,0.004006,0.159370,0.007309,-0.007133,-0.000048,0.056355,0.000000,1.046621,0.000000,0.000000,0.000000,0.111862,0.000000,0.152183,0.000000,0.000000,0.000000,-0.034774,0.000824,0.010865,-0.001139,0.014903,0.000002,-0.036243,0.004006,0.007187,0.036441,0.037165
8.040000,1.096000,0.022338,0.000864,1.059080,-0.001193,0.014861,0.000001,0.077141,0.004127,0.163302,0.004113,-0.007156,-0.000059,0.056355,0.000000,1.046621,0.000000,0.000000,0.000000,0.111862,0.000000,0.152183,0.000000,0.000000,0.000000,-0.034018,0.000864,0.012459,-0.001193,0.014861,0.000001,-0.034721,0.004127,0.011119,0.036238,0.036690
8.053000,1.109000,0.022769,0.000888,1.059105,-0.001212,0.014682,0.000000,0.077449,0.004186,0.163779,0.001724,-0.008302,-0.000047,0.058936,0.000000,1.050208,0.000000,0.000000,0.000000,0.112491,0.000000,0.159738,0.000000,0.000000,0.000000,-0.036167,0.000888,0.008897,-0.001212,0.014682,0.000000,-0.035042,0.004186,0.004041,0.037256,0.035522
8.062000,1.118000,0.023673,0.000937,1.060533,-0.001241,0.014616,0.000000,0.079417,0.004335,0.167457,0.003793,-0.010682,-0.000032,0.058936,0.000000,1.050208,0.000000,0.000000,0.000000,0.112491,0.000000,0.159738,0.000000,0.000000,0.000000,-0.035263,0.000937,0.010325,-0.001241,0.014616,0.000000,-0.033074,0.004335,0.007719,0.036756,0.034238
8.070000,1.126000,0.024467,0.000980,1.062208,-0.001276,0.014507,-0.000000,0.080914,0.004462,0.171750,0.003332,-0.011667,-0.000020,0.058936,0.000000,1.050208,0.000000,0.000000,0.000000,0.112491,0.000000,0.159738,0.000000,0.000000,0.000000,-0.034469,0.000980,0.012000,-0.001276,0.014507,-0.000000,-0.031577,0.004462,0.012012,0.036511,0.034078
8.080000,1.136000,0.025044,0.001012,1.062501,-0.001308,0.014322,-0.000000,0.081562,0.004547,0.171905,0.003278,-0.012539,-0.000009,0.060851,0.000000,1.052972,0.000000,0.000000,0.000000,0.112790,0.000000,0.165393,0.000000,0.000000,0.000000,-0.035807,0.001012,0.009530,-0.001308,0.014322,-0.000000,-0.031228,0.004547,0.006512,0.037067,0.032222
8.091000,1.147000,0.026013,0.001066,1.064056,-0.001342,0.014238,-0.000000,0.083580,0.004712,0.175468,0.003376,-0.013233,-0.000004,0.060851,0.000000,1.052972,0.000000,0.000000,0.000000,0.112790,0.000000,0.165393,0.000000,0.000000,0.000000,-0.034838,0.001066,0.011085,-0.001342,0.014238,-0.000000,-0.029211,0.004712,0.010075,0.036575,0.031257
8.101000,1.157000,0.026922,0.001118,1.065464,-0.001369,0.014121,0.000000,0.085300,0.004864,0.178697,0.004334,-0.014140,0.000000,0.063109,0.000000,1.056347,0.000000,0.000000,0.000000,0.112956,0.000000,0.172115,0.000000,0.000000,0.000000,-0.036187,0.001118,0.009117,-0.001369,0.014121,0.000000,-0.027656,0.004864,0.006582,0.037335,0.028842
8.110000,1.166000,0.027775,0.001166,1.067251,-0.001325,0.013980,0.000000,0.086745,0.005004,0.182946,0.010766,-0.014799,0.000002,0.063109,0.000000,1.056347,0.000000,0.000000,0.000000,0.112956,0.000000,0.172115,0.000000,0.000000,0.000000,-0.035334,0.001166,0.010904,-0.001325,0.013980,0.000000,-0.026211,0.005004,0.010831,0.036997,0.028799
8.120000,1.176000,0.028118,0.001187,1.067412,-0.001394,0.013686,0.000001,0.086288,0.005039,0.182348,0.005371,-0.015380,0.000012,0.065368,0.000000,1.059857,0.000000,0.000000,0.000000,0.112915,0.000000,0.178906,0.000000,0.000000,0.000000,-0.037250,0.001187,0.007555,-0.001394,0.013686,0.000001,-0.026627,0.005039,0.003442,0.038027,0.027317
8.130000,1.186000,0.028798,0.001227,1.068403,-0.001337,0.013484,0.000001,0.087031,0.005143,0.183862,0.008819,-0.016484,0.000011,0.065368,0.000000,1.059857,0.000000,0.000000,0.000000,0.112915,0.000000,0.178906,0.000000,0.000000,0.000000,-0.036570,0.001227,0.008546,-0.001337,0.013484,0.000001,-0.025884,0.005143,0.004957,0.037576,0.026851
8.140000,1.196000,0.029579,0.001273,1.069606,-0.001380,0.013304,0.000001,0.088092,0.005265,0.185942,0.003662,-0.017164,0.000013,0.067624,0.000000,1.063503,0.000000,0.000000,0.000000,0.112663,0.000000,0.185756,0.000000,0.000000,0.000000,-0.038045,0.001273,0.006102,-0.001380,0.013304,0.000001,-0.024571,0.005265,0.000186,0.038553,0.025129
8.153000,1.209000,0.030702,0.001340,1.071197,-0.001395,0.013202,0.000002,0.090346,0.005458,0.190018,0.003931,-0.016736,0.000004,0.069985,0.000000,1.067480,0.000000,0.000000,0.000000,0.112164,0.000000,0.193003,0.000000,0.000000,0.000000,-0.039284,0.001340,0.003717,-0.001395,0.013202,0.000002,-0.021818,0.005458,-0.002986,0.039482,0.022688
8.163000,1.219000,0.031863,0.001410,1.073139,-0.001416,0.013095,0.000002,0.092643,0.005659,0.195000,0.003119,-0.017159,-0.000001,0.069985,0.000000,1.067480,0.000000,0.000000,0.000000,0.112164,0.000000,0.193003,0.000000,0.000000,0.000000,-0.038123,0.001410,0.005659,-0.001416,0.013095,0.000002,-0.019520,0.005659,0.001997,0.038566,0.020422
8.170000,1.226000,0.032924,0.001475,1.074861,-0.001442,0.012951,0.000002,0.094479,0.005835,0.199171,0.005127,-0.018273,0.000009,0.069985,0.000000,1.067480,0.000000,0.000000,0.000000,0.112164,0.000000,0.193003,0.000000,0.000000,0.000000,-0.037062,0.001475,0.007380,-0.001442,0.012951,0.000002,-0.017685,0.005835,0.006167,0.037818,0.019617
8.180000,1.236000,0.033868,0.001533,1.076852,-0.001391,0.012769,0.000003,0.095812,0.005983,0.204015,0.012230,-0.018675,0.000008,0.072110,0.000000,1.071210,0.000000,0.000000,0.000000,0.111502,0.000000,0.199602,0.000000,0.000000,0.000000,-0.038242,0.001533,0.005642,-0.001391,0.012769,0.000003,-0.015690,0.005983,0.004413,0.038686,0.017362
8.190000,1.246000,0.034277,0.001559,1.077163,-0.001472,0.012432,0.000004,0.095142,0.006012,0.203363,0.005706,-0.020292,0.000044,0.072110,0.000000,1.071210,0.000000,0.000000,0.000000,0.111502,0.000000,0.199602,0.000000,0.000000,0.000000,-0.037833,0.001559,0.005953,-0.001472,0.012432,0.000004,-0.016360,0.006012,0.003761,0.038331,0.017831
8.200000,1.256000,0.035035,0.001607,1.078340,-0.001411,0.012179,0.000004,0.095725,0.006119,0.205244,0.012791,-0.022166,0.000041,0.074332,0.000000,1.075272,0.000000,0.000000,0.000000,0.110585,0.000000,0.206580,0.000000,0.000000,0.000000,-0.039297,0.001607,0.003068,-0.001411,0.012179,0.000004,-0.014860,0.006119,-0.001336,0.039449,0.016126
8.210000,1.266000,0.036201,0.001682,1.080083,-0.001475,0.012047,0.000006,0.097740,0.006319,0.209033,0.007707,-0.020968,0.000069,0.074332,0.000000,1.075272,0.000000,0.000000,0.000000,0.110585,0.000000,0.206580,0.000000,0.000000,0.000000,-0.038131,0.001682,0.004811,-0.001475,0.012047,0.000006,-0.012845,0.006319,0.002453,0.038470,0.014523
8.220000,1.276000,0.037442,0.001762,1.082250,-0.001457,0.011900,0.000007,0.099941,0.006532,0.213951,0.009684,-0.022539,0.000070,0.076532,0.000000,1.079473,0.000000,0.000000,0.000000,0.109438,0.000000,0.213584,0.000000,0.000000,0.000000,-0.039090,0.001762,0.002777,-0.001457,0.011900,0.000007,-0.009497,0.006532,0.000368,0.039228,0.011532
8.232000,1.288000,0.038577,0.001836,1.084180,-0.001427,0.011705,0.000008,0.101654,0.006714,0.218132,0.010321,-0.024394,0.000051,0.076532,0.000000,1.079473,0.000000,0.000000,0.000000,0.109438,0.000000,0.213584,0.000000,0.000000,0.000000,-0.037955,0.001836,0.004706,-0.001427,0.011705,0.000008,-0.007784,0.006714,0.004549,0.038290,0.011241
8.240000,1.296000,0.039594,0.001903,1.086361,-0.001324,0.011461,0.000009,0.102859,0.006861,0.222933,0.016886,-0.025662,0.000030,0.078708,0.000000,1.083815,0.000000,0.000000,0.000000,0.108057,0.000000,0.220603,0.000000,0.000000,0.000000,-0.039114,0.001903,0.002546,-0.001324,0.011461,0.000009,-0.005199,0.006861,0.002330,0.039243,0.008918
8.250000,1.306000,0.040023,0.001933,1.086750,-0.001335,0.011055,0.000010,0.101876,0.006862,0.221867,0.010387,-0.026744,0.000034,0.078708,0.000000,1.083815,0.000000,0.000000,0.000000,0.108057,0.000000,0.220603,0.000000,0.000000,0.000000,-0.038685,0.001933,0.002935,-0.001335,0.011055,0.000010,-0.006182,0.006862,0.001264,0.038844,0.009322
8.260000,1.316000,0.040830,0.001988,1.088075,-0.001285,0.010741,0.000010,0.102253,0.006949,0.223552,0.010952,-0.028218,0.000015,0.080853,0.000000,1.088297,0.000000,0.000000,0.000000,0.106440,0.000000,0.227629,0.000000,0.000000,0.000000,-0.040023,0.001988,-0.000222,-0.001285,0.010741,0.000010,-0.004187,0.006949,-0.004076,0.040073,0.009080
8.270000,1.326000,0.042071,0.002072,1.090048,-0.001240,0.010522,0.000011,0.104156,0.007133,0.227545,0.011038,-0.029183,-0.000006,0.080853,0.000000,1.088297,0.000000,0.000000,0.000000,0.106440,0.000000,0.227629,0.000000,0.000000,0.000000,-0.038782,0.002072,0.001751,-0.001240,0.010522,0.000011,-0.002284,0.007133,-0.000083,0.038877,0.007490
8.280000,1.336000,0.043392,0.002162,1.092457,-0.001191,0.010292,0.000011,0.106255,0.007328,0.232696,0.011143,-0.031267,-0.000020,0.082964,0.000000,1.092920,0.000000,0.000000,0.000000,0.104582,0.000000,0.234651,0.000000,0.000000,0.000000,-0.039572,0.002162,-0.000463,-0.001191,0.010292,0.000011,0.001672,0.007328,-0.001955,0.039633,0.007767
8.291000,1.347000,0.044596,0.002245,1.094605,-0.001147,0.010009,0.000011,0.107837,0.007487,0.238463,0.010550,-0.032902,-0.000018,0.082964,0.000000,1.092920,0.000000,0.000000,0.000000,0.104582,0.000000,0.234651,0.000000,0.000000,0.000000,-0.038368,0.002245,0.001685,-0.001147,0.010009,0.000011,0.003255,0.007487,0.003812,0.038470,0.009010
8.301000,1.357000,0.045723,0.002323,1.096638,-0.001107,0.009688,0.000012,0.109052,0.007617,0.243721,0.009908,-0.034140,-0.000022,0.085137,0.000000,1.097925,0.000000,0.000000,0.000000,0.102370,0.000000,0.242010,0.000000,0.000000,0.000000,-0.039414,0.002323,-0.001287,-0.001107,0.009688,0.000012,0.006682,0.007617,0.001710,0.039504,0.010276
8.310000,1.366000,0.046813,0.002400,1.099075,-0.001008,0.009346,0.000012,0.110042,0.007730,0.247834,0.015686,-0.035674,-0.000023,0.085137,0.000000,1.097925,0.000000,0.000000,0.000000,0.102370,0.000000,0.242010,0.000000,0.000000,0.000000,-0.038324,0.002400,0.001150,-0.001008,0.009346,0.000012,0.007672,0.007730,0.005824,0.038416,0.012351
8.320000,1.376000,0.047458,0.002445,1.099726,-0.001039,0.008870,0.000012,0.109359,0.007725,0.246639,0.008877,-0.036693,-0.000024,0.087061,0.000000,1.102586,0.000000,0.000000,0.000000,0.100136,0.000000,0.248647,0.000000,0.000000,0.000000,-0.039603,0.002445,-0.002860,-0.001039,0.008870,0.000012,0.009223,0.007725,-0.002008,0.039781,0.012197
8.330000,1.386000,0.048552,0.002522,1.102193,-0.000950,0.008503,0.000012,0.110262,0.007831,0.250303,0.012342,-0.038280,-0.000024,0.087061,0.000000,1.102586,0.000000,0.000000,0.000000,0.100136,0.000000,0.248647,0.000000,0.000000,0.000000,-0.038509,0.002522,-0.000394,-0.000950,0.008503,0.000012,0.010125,0.007831,0.001656,0.038594,0.012907
8.340000,1.396000,0.049194,0.002568,1.103131,-0.000978,0.008006,0.000012,0.109474,0.007816,0.249414,0.005454,-0.039105,-0.000026,0.089038,0.000000,1.107629,0.000000,0.000000,0.000000,0.097544,0.000000,0.255600,0.000000,0.000000,0.000000,-0.039845,0.002568,-0.004498,-0.000978,0.008006,0.000012,0.011930,0.007816,-0.006186,0.040180,0.015546
8.351000,1.407000,0.050443,0.002657,1.105266,-0.000998,0.007655,0.000012,0.110861,0.007957,0.252608,0.004176,-0.040083,-0.000030,0.089038,0.000000,1.107629,0.000000,0.000000,0.000000,0.097544,0.000000,0.255600,0.000000,0.000000,0.000000,-0.038595,0.002657,-0.002363,-0.000998,0.007655,0.000012,0.013317,0.007957,-0.002992,0.038759,0.015799
8.360000,1.416000,0.051830,0.002756,1.107983,-0.001039,0.007312,0.000012,0.112653,0.008133,0.257410,0.001848,-0.041896,-0.000039,0.090961,0.000000,1.112810,0.000000,0.000000,0.000000,0.094704,0.000000,0.262510,0.000000,0.000000,0.000000,-0.039131,0.002756,-0.004827,-0.001039,0.007312,0.000012,0.017950,0.008133,-0.005101,0.039524,0.020356
8.370000,1.426000,0.052957,0.002838,1.110557,-0.001020,0.006893,0.000012,0.113407,0.008240,0.262344,0.010691,-0.041246,-0.000039,0.090961,0.000000,1.112810,0.000000,0.000000,0.000000,0.094704,0.000000,0.262510,0.000000,0.000000,0.000000,-0.038005,0.002838,-0.002253,-0.001020,0.006893,0.000012,0.018703,0.008240,-0.000167,0.038177,0.020439
8.381000,1.437000,0.053533,0.002880,1.111383,-0.001134,0.006308,0.000012,0.112114,0.008209,0.262046,0.004702,-0.041893,-0.000052,0.092825,0.000000,1.118129,0.000000,0.000000,0.000000,0.091614,0.000000,0.269367,0.000000,0.000000,0.000000,-0.039291,0.002880,-0.006746,-0.001134,0.006308,0.000012,0.020501,0.008209,-0.007321,0.039970,0.023265
8.390000,1.446000,0.054789,0.002971,1.113628,-0.001184,0.005924,0.000012,0.113263,0.008364,0.266744,0.002827,-0.044115,-0.000064,0.092825,0.000000,1.118129,0.000000,0.000000,0.000000,0.091614,0.000000,0.269367,0.000000,0.000000,0.000000,-0.038036,0.002971,-0.004501,-0.001184,0.005924,0.000012,0.021650,0.008364,-0.002623,0.038417,0.023357
8.400000,1.456000,0.055921,0.003055,1.116295,-0.001217,0.005496,0.000012,0.113879,0.008488,0.272537,0.003664,-0.044394,-0.000075,0.094624,0.000000,1.123584,0.000000,0.000000,0.000000,0.088274,0.000000,0.276160,0.000000,0.000000,0.000000,-0.038703,0.003055,-0.007289,-0.001217,0.005496,0.000012,0.025605,0.008488,-0.003623,0.039502,0.027218
8.410000,1.466000,0.057047,0.003139,1.118159,-0.001246,0.005053,0.000012,0.114404,0.008611,0.274760,0.008076,-0.043243,-0.000075,0.094624,0.000000,1.123584,0.000000,0.000000,0.000000,0.088274,0.000000,0.276160,0.000000,0.000000,0.000000,-0.037578,0.003139,-0.005425,-0.001246,0.005053,0.000012,0.026130,0.008611,-0.001401,0.038097,0.027548
8.420000,1.476000,0.058444,0.003245,1.121074,-0.001257,0.004668,0.000011,0.115839,0.008809,0.279986,0.010242,-0.044170,-0.000088,0.096354,0.000000,1.129175,0.000000,0.000000,0.000000,0.084683,0.000000,0.282879,0.000000,0.000000,0.000000,-0.037911,0.003245,-0.008101,-0.001257,0.004668,0.000011,0.031156,0.008809,-0.002892,0.038902,0.032506
8.430000,1.486000,0.059716,0.003342,1.123714,-0.001157,0.004255,0.000011,0.116727,0.008971,0.283989,0.018857,-0.044011,-0.000074,0.096354,0.000000,1.129175,0.000000,0.000000,0.000000,0.084683,0.000000,0.282879,0.000000,0.000000,0.000000,-0.036638,0.003342,-0.005461,-0.001157,0.004255,0.000011,0.032044,0.008971,0.001110,0.037193,0.033295
8.440000,1.496000,0.060884,0.003432,1.126554,-0.001235,0.003790,0.000010,0.117163,0.009100,0.288462,0.010455,-0.045443,-0.000091,0.098171,0.000000,1.135479,0.000000,0.000000,0.000000,0.080444,0.000000,0.290171,0.000000,0.000000,0.000000,-0.037288,0.003432,-0.008924,-0.001235,0.003790,0.000010,0.036718,0.009100,-0.001709,0.038494,0.037868
8.453000,1.509000,0.061609,0.003490,1.127610,-0.001194,0.003206,0.000010,0.115947,0.009107,0.287051,0.008049,-0.047376,-0.000090,0.098171,0.000000,1.135479,0.000000,0.000000,0.000000,0.080444,0.000000,0.290171,0.000000,0.000000,0.000000,-0.036562,0.003490,-0.007869,-0.001194,0.003206,0.000010,0.035503,0.009107,-0.003121,0.037562,0.036785
8.461000,1.517000,0.062769,0.003581,1.130480,-0.001113,0.002732,0.000009,0.116274,0.009228,0.290955,0.012131,-0.048723,-0.000076,0.099586,0.000000,1.140755,0.000000,0.000000,0.000000,0.076752,0.000000,0.296052,0.000000,0.000000,0.000000,-0.036818,0.003581,-0.010274,-0.001113,0.002732,0.000009,0.039523,0.009228,-0.005096,0.038392,0.040905
8.470000,1.526000,0.063446,0.003636,1.131714,-0.001095,0.002140,0.000009,0.114818,0.009212,0.290674,0.013888,-0.046841,-0.000085,0.099586,0.000000,1.140755,0.000000,0.000000,0.000000,0.076752,0.000000,0.296052,0.000000,0.000000,0.000000,-0.036140,0.003636,-0.009041,-0.001095,0.002140,0.000009,0.038066,0.009212,-0.005377,0.037431,0.039532
8.480000,1.536000,0.064754,0.003741,1.134369,-0.001068,0.001709,0.000008,0.115629,0.009373,0.294539,0.013413,-0.048036,-0.000092,0.101078,0.000000,1.146740,0.000000,0.000000,0.000000,0.072412,0.000000,0.302484,0.000000,0.000000,0.000000,-0.036324,0.003741,-0.012371,-0.001068,0.001709,0.000008,0.043217,0.009373,-0.007945,0.038555,0.044930
8.492000,1.548000,0.066197,0.003858,1.137630,-0.001021,0.001297,0.000007,0.116851,0.009569,0.301906,0.012160,-0.049878,-0.000097,0.102481,0.000000,1.152853,0.000000,0.000000,0.000000,0.067825,0.000000,0.308801,0.000000,0.000000,0.000000,-0.036284,0.003858,-0.015224,-0.001021,0.001297,0.000007,0.049026,0.009569,-0.006895,0.039537,0.050425
8.500000,1.556000,0.067366,0.003954,1.140649,-0.000899,0.000799,0.000007,0.116987,0.009675,0.308344,0.018668,-0.050660,-0.000078,0.102481,0.000000,1.152853,0.000000,0.000000,0.000000,0.067825,0.000000,0.308801,0.000000,0.000000,0.000000,-0.035115,0.003954,-0.012205,-0.000899,0.000799,0.000007,0.049162,0.009675,-0.000457,0.037385,0.050107
8.510000,1.566000,0.068257,0.004029,1.142259,-0.000912,0.000221,0.000006,0.116071,0.009695,0.308075,0.012971,-0.050510,-0.000077,0.102481,0.000000,1.152853,0.000000,0.000000,0.000000,0.067825,0.000000,0.308801,0.000000,0.000000,0.000000,-0.034224,0.004029,-0.010594,-0.000912,0.000221,0.000006,0.048247,0.009695,-0.000726,0.036052,0.049216
8.522000,1.578000,0.069633,0.004144,1.145509,-0.000862,-0.000237,0.000006,0.116872,0.009853,0.312590,0.013495,-0.051663,-0.000052,0.103790,0.000000,1.159092,0.000000,0.000000,0.000000,0.062992,0.000000,0.314990,0.000000,0.000000,0.000000,-0.034157,0.004144,-0.013583,-0.000862,-0.000237,0.000006,0.053881,0.009853,-0.002400,0.036991,0.054827
8.530000,1.586000,0.070802,0.004243,1.148635,-0.000727,-0.000754,0.000006,0.116848,0.009941,0.316637,0.020595,-0.051289,-0.000034,0.103790,0.000000,1.159092,0.000000,0.000000,0.000000,0.062992,0.000000,0.314990,0.000000,0.000000,0.000000,-0.032988,0.004243,-0.010457,-0.000727,-0.000754,0.000006,0.053856,0.009941,0.001647,0.034865,0.054791
8.540000,1.596000,0.071326,0.004288,1.149624,-0.000730,-0.001458,0.000006,0.114463,0.009831,0.314354,0.013407,-0.051980,-0.000036,0.104999,0.000000,1.165452,0.000000,0.000000,0.000000,0.057915,0.000000,0.321042,0.000000,0.000000,0.000000,-0.033673,0.004288,-0.015828,-0.000730,-0.001458,0.000006,0.056548,0.009831,-0.006688,0.037454,0.057784
8.552000,1.608000,0.072574,0.004396,1.152438,-0.000680,-0.001949,0.000006,0.114705,0.009939,0.316887,0.009809,-0.053598,-0.000021,0.106105,0.000000,1.171932,0.000000,0.000000,0.000000,0.052598,0.000000,0.326946,0.000000,0.000000,0.000000,-0.033531,0.004396,-0.019494,-0.000680,-0.001949,0.000006,0.062108,0.009939,-0.010059,0.039034,0.063697
8.560000,1.616000,0.073721,0.004495,1.155607,-0.000582,-0.002485,0.000006,0.114507,0.010008,0.320379,0.013433,-0.054209,-0.000014,0.106105,0.000000,1.171932,0.000000,0.000000,0.000000,0.052598,0.000000,0.326946,0.000000,0.000000,0.000000,-0.032384,0.004495,-0.016325,-0.000582,-0.002485,0.000006,0.061910,0.010008,-0.006567,0.036543,0.063056
8.570000,1.626000,0.074834,0.004593,1.157996,-0.000585,-0.003024,0.000006,0.114152,0.010064,0.322468,0.012732,-0.052863,-0.000004,0.106105,0.000000,1.171932,0.000000,0.000000,0.000000,0.052598,0.000000,0.326946,0.000000,0.000000,0.000000,-0.031271,0.004593,-0.013937,-0.000585,-0.003024,0.000006,0.061555,0.010064,-0.004478,0.034542,0.062532
8.580000,1.636000,0.076222,0.004716,1.161536,-0.000551,-0.003495,0.000006,0.114737,0.010203,0.327864,0.012922,-0.052761,-0.000014,0.107101,0.000000,1.178529,0.000000,0.000000,0.000000,0.047042,0.000000,0.332691,0.000000,0.000000,0.000000,-0.030879,0.004716,-0.016992,-0.000551,-0.003495,0.000006,0.067695,0.010203,-0.004827,0.035560,0.068629
8.590000,1.646000,0.077369,0.004818,1.164815,-0.000422,-0.004023,0.000007,0.114378,0.010260,0.332315,0.019986,-0.052376,-0.000014,0.107101,0.000000,1.178529,0.000000,0.000000,0.000000,0.047042,0.000000,0.332691,0.000000,0.000000,0.000000,-0.029732,0.004818,-0.013714,-0.000422,-0.004023,0.000007,0.067336,0.010260,-0.000376,0.033095,0.068114
8.602000,1.658000,0.078194,0.004893,1.166559,-0.000448,-0.004646,0.000006,0.112829,0.010212,0.332172,0.012123,-0.053132,-0.000036,0.107985,0.000000,1.185239,0.000000,0.000000,0.000000,0.041252,0.000000,0.338268,0.000000,0.000000,0.000000,-0.029790,0.004893,-0.018680,-0.000448,-0.004646,0.000006,0.071578,0.010212,-0.006095,0.035501,0.072559
8.611000,1.667000,0.079523,0.005013,1.170110,-0.000400,-0.005125,0.000006,0.113083,0.010324,0.336507,0.009534,-0.054593,-0.000049,0.107985,0.000000,1.185239,0.000000,0.000000,0.000000,0.041252,0.000000,0.338268,0.000000,0.000000,0.000000,-0.028462,0.005013,-0.015128,-0.000400,-0.005125,0.000006,0.071832,0.010324,-0.001760,0.032620,0.072591
8.620000,1.676000,0.080732,0.005124,1.173352,-0.000306,-0.005651,0.000006,0.112844,0.010391,0.339807,0.013310,-0.055717,-0.000048,0.108750,0.000000,1.192058,0.000000,0.000000,0.000000,0.035230,0.000000,0.343665,0.000000,0.000000,0.000000,-0.028017,0.005124,-0.018706,-0.000306,-0.005651,0.000006,0.077614,0.010391,-0.003859,0.034076,0.078401
8.630000,1.686000,0.081861,0.005228,1.176750,-0.000307,-0.006183,0.000005,0.112269,0.010428,0.343682,0.013251,-0.054797,-0.000054,0.108750,0.000000,1.192058,0.000000,0.000000,0.000000,0.035230,0.000000,0.343665,0.000000,0.000000,0.000000,-0.026889,0.005228,-0.015308,-0.000307,-0.006183,0.000005,0.077038,0.010428,0.000017,0.031380,0.077741
8.640000,1.696000,0.082258,0.005266,1.177631,-0.000260,-0.006927,0.000005,0.109042,0.010223,0.340130,0.012624,-0.055558,-0.000056,0.109392,0.000000,1.198984,0.000000,0.000000,0.000000,0.028983,0.000000,0.348873,0.000000,0.000000,0.000000,-0.027134,0.005266,-0.021353,-0.000260,-0.006927,0.000005,0.080059,0.010223,-0.008743,0.034928,0.081181
8.650000,1.706000,0.083093,0.005345,1.179930,-0.000221,-0.007545,0.000004,0.107427,0.010168,0.341966,0.010961,-0.060252,-0.000044,0.109392,0.000000,1.198984,0.000000,0.000000,0.000000,0.028983,0.000000,0.348873,0.000000,0.000000,0.000000,-0.026299,0.005345,-0.019055,-0.000221,-0.007545,0.000004,0.078445,0.010168,-0.006907,0.032913,0.079402
8.660000,1.716000,0.084041,0.005434,1.182620,-0.000180,-0.008139,0.000004,0.106213,0.010150,0.344883,0.011400,-0.061871,-0.000033,0.109908,0.000000,1.206012,0.000000,0.000000,0.000000,0.022513,0.000000,0.353882,0.000000,0.000000,0.000000,-0.025867,0.005434,-0.023392,-0.000180,-0.008139,0.000004,0.083700,0.010150,-0.008998,0.035296,0.084792
8.670000,1.726000,0.085031,0.005529,1.185486,-0.000133,-0.008748,0.000004,0.105137,0.010145,0.347993,0.012621,-0.057698,-0.000027,0.109908,0.000000,1.206012,0.000000,0.000000,0.000000,0.022513,0.000000,0.353882,0.000000,0.000000,0.000000,-0.024877,0.005529,-0.020526,-0.000133,-0.008748,0.000004,0.082624,0.010145,-0.005889,0.032723,0.083452
8.680000,1.736000,0.086035,0.005626,1.188446,-0.000082,-0.009378,0.000004,0.104090,0.010145,0.351288,0.013251,-0.059967,-0.000021,0.110292,0.000000,1.213138,0.000000,0.000000,0.000000,0.015827,0.000000,0.358681,0.000000,0.000000,0.000000,-0.024256,0.005626,-0.024692,-0.000082,-0.009378,0.000004,0.088263,0.010145,-0.007393,0.035067,0.089151
8.690000,1.746000,0.087042,0.005724,1.191470,-0.000023,-0.010012,0.000003,0.103024,0.010143,0.354585,0.013200,-0.061600,-0.000020,0.110292,0.000000,1.213138,0.000000,0.000000,0.000000,0.015827,0.000000,0.358681,0.000000,0.000000,0.000000,-0.023249,0.005724,-0.021668,-0.000023,-0.010012,0.000003,0.087197,0.010143,-0.004095,0.032292,0.087881
8.700000,1.756000,0.088044,0.005822,1.194542,0.000044,-0.010640,0.000003,0.101914,0.010136,0.357926,0.013954,-0.061418,-0.000010,0.110539,0.000000,1.220358,0.000000,0.000000,0.000000,0.008929,0.000000,0.363261,0.000000,0.000000,0.000000,-0.022495,0.005822,-0.025815,0.000044,-0.010640,0.000003,0.092985,0.010136,-0.005334,0.034733,0.093687
8.710000,1.766000,0.089037,0.005921,1.197656,0.000117,-0.011261,0.000003,0.100744,0.010123,0.361686,0.013756,-0.061477,-0.000000,0.110539,0.000000,1.220358,0.000000,0.000000,0.000000,0.008929,0.000000,0.363261,0.000000,0.000000,0.000000,-0.021502,0.005921,-0.022702,0.000117,-0.011261,0.000003,0.091814,0.010123,-0.001575,0.031824,0.092384
8.720000,1.776000,0.090020,0.006020,1.200810,0.000196,-0.011873,0.000003,0.099513,0.010103,0.365454,0.014203,-0.060668,0.000013,0.110649,0.000000,1.228035,0.000000,0.000000,0.000000,0.001466,0.000000,0.367823,0.000000,0.000000,0.000000,-0.020629,0.006020,-0.027224,0.000196,-0.011873,0.000003,0.098047,0.010103,-0.002369,0.034684,0.098595
8.730000,1.786000,0.091326,0.006152,1.204970,0.000264,-0.012378,0.000003,0.099449,0.010195,0.371092,0.014030,-0.057728,0.000021,0.110649,0.000000,1.228035,0.000000,0.000000,0.000000,0.001466,0.000000,0.367823,0.000000,0.000000,0.000000,-0.019323,0.006152,-0.023064,0.000264,-0.012378,0.000003,0.097984,0.010195,0.003269,0.030711,0.098567
8.740000,1.796000,0.092320,0.006254,1.208681,0.000404,-0.012955,0.000003,0.098183,0.010168,0.375246,0.019887,-0.054931,0.000022,0.110611,0.000000,1.235061,0.000000,0.000000,0.000000,-0.005476,0.000000,0.371725,0.000000,0.000000,0.000000,-0.018291,0.006254,-0.026379,0.000404,-0.012955,0.000003,0.103660,0.010168,0.003521,0.032704,0.104217
8.750000,1.806000,0.093042,0.006329,1.211011,0.000428,-0.013612,0.000004,0.095945,0.010038,0.374483,0.013600,-0.057723,0.000024,0.110611,0.000000,1.235061,0.000000,0.000000,0.000000,-0.005476,0.000000,0.371725,0.000000,0.000000,0.000000,-0.017569,0.006329,-0.024049,0.000428,-0.013612,0.000004,0.101422,0.010038,0.002758,0.030448,0.101955
8.760000,1.816000,0.093891,0.006418,1.213978,0.000567,-0.014208,0.000004,0.094183,0.009954,0.375603,0.019189,-0.057608,0.000019,0.110400,0.000000,1.243286,0.000000,0.000000,0.000000,-0.013731,0.000000,0.375963,0.000000,0.000000,0.000000,-0.016510,0.006418,-0.029308,0.000567,-0.014208,0.000004,0.107914,0.009954,-0.000360,0.034245,0.108372
8.770000,1.826000,0.095072,0.006542,1.218118,0.000580,-0.014684,0.000004,0.093632,0.009993,0.380208,0.013475,-0.055753,0.000023,0.110400,0.000000,1.243286,0.000000,0.000000,0.000000,-0.013731,0.000000,0.375963,0.000000,0.000000,0.000000,-0.015328,0.006542,-0.025168,0.000580,-0.014684,0.000004,0.107363,0.009993,0.004245,0.030186,0.107911
8.781000,1.837000,0.096257,0.006669,1.222584,0.000642,-0.015168,0.000004,0.093046,0.010030,0.385648,0.012994,-0.054911,0.000020,0.110091,0.000000,1.250083,0.000000,0.000000,0.000000,-0.020651,0.000000,0.379200,0.000000,0.000000,0.000000,-0.013834,0.006669,-0.027499,0.000642,-0.015168,0.000004,0.113698,0.010030,0.006448,0.031497,0.114321
8.792000,1.848000,0.097296,0.006781,1.226572,0.000713,-0.015691,0.000003,0.091900,0.010006,0.389345,0.012749,-0.056621,0.000011,0.109600,0.000000,1.257701,0.000000,0.000000,0.000000,-0.028510,0.000000,0.382544,0.000000,0.000000,0.000000,-0.012304,0.006781,-0.031128,0.000713,-0.015691,0.000003,0.120410,0.010006,0.006801,0.034152,0.121016
8.800000,1.856000,0.098215,0.006881,1.230466,0.000840,-0.016257,0.000003,0.090308,0.009934,0.392652,0.017917,-0.058037,0.000006,0.109600,0.000000,1.257701,0.000000,0.000000,0.000000,-0.028510,0.000000,0.382544,0.000000,0.000000,0.000000,-0.011385,0.006881,-0.027235,0.000840,-0.016257,0.000003,0.118818,0.009934,0.010108,0.030310,0.119661
8.811000,1.867000,0.098749,0.006941,1.232365,0.000859,-0.016908,0.000003,0.087368,0.009714,0.388904,0.012295,-0.058898,0.000000,0.108950,0.000000,1.265383,0.000000,0.000000,0.000000,-0.036539,0.000000,0.385615,0.000000,0.000000,0.000000,-0.010200,0.006941,-0.033018,0.000859,-0.016908,0.000003,0.123907,0.009714,0.003289,0.035248,0.124330
8.820000,1.876000,0.099623,0.007038,1.236254,0.000925,-0.017496,0.000002,0.085673,0.009628,0.391050,0.012332,-0.061139,-0.000010,0.108950,0.000000,1.265383,0.000000,0.000000,0.000000,-0.036539,0.000000,0.385615,0.000000,0.000000,0.000000,-0.009327,0.007038,-0.029129,0.000925,-0.017496,0.000002,0.122212,0.009628,0.005435,0.031385,0.122711
8.830000,1.886000,0.100316,0.007117,1.238958,0.001054,-0.018142,0.000002,0.083338,0.009472,0.390370,0.017397,-0.062249,-0.000009,0.108950,0.000000,1.265383,0.000000,0.000000,0.000000,-0.036539,0.000000,0.385615,0.000000,0.000000,0.000000,-0.008633,0.007117,-0.026425,0.001054,-0.018142,0.000002,0.119877,0.009472,0.004755,0.028696,0.120344
8.840000,1.896000,0.101298,0.007229,1.243286,0.001056,-0.018710,0.000001,0.082045,0.009433,0.394447,0.011791,-0.062545,-0.000009,0.108137,0.000000,1.273123,0.000000,0.000000,0.000000,-0.044730,0.000000,0.388403,0.000000,0.000000,0.000000,-0.006839,0.007229,-0.029837,0.001056,-0.018710,0.000001,0.126775,0.009433,0.006044,0.031453,0.127269
8.852000,1.908000,0.102166,0.007329,1.247216,0.001118,-0.019333,0.000000,0.080323,0.009347,0.397522,0.008889,-0.063398,0.000012,0.108137,0.000000,1.273123,0.000000,0.000000,0.000000,-0.044730,0.000000,0.388403,0.000000,0.000000,0.000000,-0.005971,0.007329,-0.025907,0.001118,-0.019333,0.000000,0.125053,0.009347,0.009118,0.027578,0.125733
8.863000,1.919000,0.102970,0.007422,1.251191,0.001207,-0.019967,-0.000000,0.078366,0.009234,0.400637,0.011174,-0.063336,0.000015,0.107159,0.000000,1.280917,0.000000,0.000000,0.000000,-0.053075,0.000000,0.390902,0.000000,0.000000,0.000000,-0.004190,0.007422,-0.029726,0.001207,-0.019967,-0.000000,0.131441,0.009234,0.009736,0.030923,0.132124
8.870000,1.926000,0.103218,0.007453,1.252334,0.001225,-0.020759,-0.000000,0.074453,0.008896,0.394669,0.010080,-0.065001,0.000051,0.107159,0.000000,1.280917,0.000000,0.000000,0.000000,-0.053075,0.000000,0.390902,0.000000,0.000000,0.000000,-0.003941,0.007453,-0.028582,0.001225,-0.020759,-0.000000,0.127528,0.008896,0.003768,0.029800,0.127894
8.880000,1.936000,0.103976,0.007545,1.255979,0.001249,-0.021395,-0.000000,0.072439,0.008784,0.396141,0.008960,-0.065876,0.000079,0.106013,0.000000,1.288757,0.000000,0.000000,0.000000,-0.061564,0.000000,0.393103,0.000000,0.000000,0.000000,-0.002038,0.007545,-0.032778,0.001249,-0.021395,-0.000000,0.134004,0.008784,0.003038,0.033697,0.134326
8.894000,1.950000,0.104851,0.007651,1.260508,0.001266,-0.022011,-0.000000,0.070819,0.008726,0.401217,0.007699,-0.064344,0.000076,0.106013,0.000000,1.288757,0.000000,0.000000,0.000000,-0.061564,0.000000,0.393103,0.000000,0.000000,0.000000,-0.001162,0.007651,-0.028250,0.001266,-0.022011,-0.000000,0.132383,0.008726,0.008114,0.029291,0.132918
8.900000,1.956000,0.105560,0.007738,1.264520,0.001343,-0.022654,-0.000000,0.068584,0.008598,0.404623,0.012588,-0.062845,0.000065,0.104625,0.000000,1.297034,0.000000,0.000000,0.000000,-0.070625,0.000000,0.395085,0.000000,0.000000,0.000000,0.000934,0.007738,-0.032514,0.001343,-0.022654,-0.000000,0.139209,0.008598,0.009538,0.033435,0.139800
8.912000,1.968000,0.106022,0.007798,1.266919,0.001323,-0.023370,-0.000000,0.065516,0.008376,0.402524,0.008763,-0.064584,0.000066,0.104625,0.000000,1.297034,0.000000,0.000000,0.000000,-0.070625,0.000000,0.395085,0.000000,0.000000,0.000000,0.001396,0.007798,-0.030115,0.001323,-0.023370,-0.000000,0.136141,0.008376,0.007439,0.031139,0.136601
8.923000,1.979000,0.106778,0.007896,1.271340,0.001349,-0.023984,-0.000000,0.063529,0.008293,0.406379,0.009485,-0.063673,0.000053,0.103205,0.000000,1.304555,0.000000,0.000000,0.000000,-0.078942,0.000000,0.396583,0.000000,0.000000,0.000000,0.003573,0.007896,-0.033215,0.001349,-0.023984,-0.000000,0.142470,0.008293,0.009796,0.034327,0.143047
8.933000,1.989000,0.107437,0.007983,1.275370,0.001400,-0.024611,-0.000001,0.061190,0.008172,0.409283,0.010520,-0.062276,0.000039,0.103205,0.000000,1.304555,0.000000,0.000000,0.000000,-0.078942,0.000000,0.396583,0.000000,0.000000,0.000000,0.004232,0.007983,-0.029185,0.001400,-0.024611,-0.000001,0.140132,0.008172,0.012700,0.030551,0.140944
8.940000,1.996000,0.108049,0.008065,1.279463,0.001505,-0.025233,-0.000001,0.058702,0.008030,0.412285,0.015625,-0.061132,0.000025,0.101537,0.000000,1.312500,0.000000,0.000000,0.000000,-0.087810,0.000000,0.397848,0.000000,0.000000,0.000000,0.006511,0.008065,-0.033037,0.001505,-0.025233,-0.000001,0.146512,0.008030,0.014437,0.034625,0.147440
8.950000,2.006000,0.108214,0.008090,1.280634,0.001536,-0.025972,-0.000001,0.054675,0.007690,0.405808,0.010813,-0.062332,0.000036,0.101537,0.000000,1.312500,0.000000,0.000000,0.000000,-0.087810,0.000000,0.397848,0.000000,0.000000,0.000000,0.006676,0.008090,-0.031866,0.001536,-0.025972,-0.000001,0.142485,0.007690,0.007960,0.033547,0.142915
8.960000,2.016000,0.108756,0.008169,1.284395,0.001608,-0.026574,-0.000002,0.052089,0.007542,0.407040,0.011879,-0.061692,0.000028,0.099692,0.000000,1.320467,0.000000,0.000000,0.000000,-0.096785,0.000000,0.398787,0.000000,0.000000,0.000000,0.009065,0.008169,-0.036072,0.001608,-0.026574,-0.000002,0.148874,0.007542,0.008252,0.038080,0.149293
8.970000,2.026000,0.109380,0.008260,1.289062,0.001690,-0.027156,-0.000003,0.049777,0.007436,0.411906,0.012199,-0.059971,0.000021,0.099692,0.000000,1.320467,0.000000,0.000000,0.000000,-0.096785,0.000000,0.398787,0.000000,0.000000,0.000000,0.009688,0.008260,-0.031405,0.001690,-0.027156,-0.000003,0.146562,0.007436,0.013119,0.033888,0.147336
8.981000,2.037000,0.109907,0.008340,1.293274,0.001784,-0.027751,-0.000004,0.047137,0.007284,0.415293,0.013114,-0.059069,0.000011,0.097665,0.000000,1.328449,0.000000,0.000000,0.000000,-0.105856,0.000000,0.399396,0.000000,0.000000,0.000000,0.012241,0.008340,-0.035176,0.001784,-0.027751,-0.000004,0.152994,0.007284,0.015897,0.038167,0.153990
8.990000,2.046000,0.110362,0.008413,1.297214,0.001917,-0.028344,-0.000005,0.044297,0.007101,0.416982,0.015468,-0.058764,0.000010,0.097665,0.000000,1.328449,0.000000,0.000000,0.000000,-0.105856,0.000000,0.399396,0.000000,0.000000,0.000000,0.012697,0.008413,-0.031235,0.001917,-0.028344,-0.000005,0.150153,0.007101,0.017586,0.034751,0.151346
9.003000,2.059000,0.110767,0.008480,1.301012,0.001993,-0.028943,-0.000006,0.041333,0.006898,0.417555,0.010445,-0.059137,0.000009,0.095457,0.000000,1.336440,0.000000,0.000000,0.000000,-0.115013,0.000000,0.399667,0.000000,0.000000,0.000000,0.015310,0.008480,-0.035428,0.001993,-0.028943,-0.000006,0.156346,0.006898,0.017888,0.039516,0.157517
9.011000,2.067000,0.111132,0.008544,1.304739,0.002095,-0.029538,-0.000007,0.038273,0.006678,0.417900,0.010114,-0.058556,0.000005,0.093064,0.000000,1.344434,0.000000,0.000000,0.000000,-0.124244,0.000000,0.399597,0.000000,0.000000,0.000000,0.018067,0.008544,-0.039695,0.002095,-0.029538,-0.000007,0.162517,0.006678,0.018303,0.044442,0.163681
9.021000,2.077000,0.111461,0.008605,1.308434,0.002187,-0.030132,-0.000008,0.035137,0.006445,0.418124,0.010985,-0.058208,0.000006,0.093064,0.000000,1.344434,0.000000,0.000000,0.000000,-0.124244,0.000000,0.399597,0.000000,0.000000,0.000000,0.018397,0.008605,-0.036000,0.002187,-0.030132,-0.000008,0.159381,0.006445,0.018527,0.041334,0.160584
9.032000,2.088000,0.111757,0.008663,1.312116,0.002269,-0.030726,-0.000009,0.031937,0.006202,0.418303,0.010087,-0.058162,0.000007,0.090487,0.000000,1.352422,0.000000,0.000000,0.000000,-0.133539,0.000000,0.399179,0.000000,0.000000,0.000000,0.021271,0.008663,-0.040306,0.002269,-0.030726,-0.000009,0.165476,0.006202,0.019124,0.046390,0.166693
9.040000,2.096000,0.112077,0.008725,1.316299,0.002370,-0.031308,-0.000011,0.028871,0.005976,0.419943,0.012004,-0.058143,0.000012,0.090487,0.000000,1.352422,0.000000,0.000000,0.000000,-0.133539,0.000000,0.399179,0.000000,0.000000,0.000000,0.021590,0.008725,-0.036123,0.002370,-0.031308,-0.000011,0.162411,0.005976,0.020764,0.042978,0.163842
9.051000,2.107000,0.112135,0.008747,1.317895,0.002421,-0.031936,-0.000012,0.024952,0.005609,0.414062,0.008209,-0.057996,0.000010,0.090487,0.000000,1.352422,0.000000,0.000000,0.000000,-0.133539,0.000000,0.399179,0.000000,0.000000,0.000000,0.021649,0.008747,-0.034528,0.002421,-0.031936,-0.000012,0.158491,0.005609,0.014883,0.041681,0.159287
9.060000,2.116000,0.112385,0.008803,1.322035,0.002504,-0.032516,-0.000013,0.021764,0.005368,0.415740,0.009446,-0.057768,0.000016,0.087722,0.000000,1.360399,0.000000,0.000000,0.000000,-0.142887,0.000000,0.398409,0.000000,0.000000,0.000000,0.024662,0.008803,-0.038363,0.002504,-0.032516,-0.000013,0.164651,0.005368,0.017331,0.046449,0.165648
9.071000,2.127000,0.112503,0.008842,1.324896,0.002546,-0.033108,-0.000015,0.018168,0.005065,0.414526,0.007193,-0.057297,0.000018,0.087722,0.000000,1.360399,0.000000,0.000000,0.000000,-0.142887,0.000000,0.398409,0.000000,0.000000,0.000000,0.024781,0.008842,-0.035503,0.002546,-0.033108,-0.000015,0.161055,0.005065,0.016117,0.044189,0.161938
9.080000,2.136000,0.112685,0.008893,1.329041,0.002618,-0.033681,-0.000016,0.014834,0.004808,0.417082,0.008509,-0.056387,0.000024,0.084771,0.000000,1.368356,0.000000,0.000000,0.000000,-0.152274,0.000000,0.397284,0.000000,0.000000,0.000000,0.027914,0.008893,-0.039315,0.002618,-0.033681,-0.000016,0.167109,0.004808,0.019798,0.049030,0.168346
9.090000,2.146000,0.112766,0.008931,1.332199,0.002654,-0.034259,-0.000017,0.011236,0.004513,0.416701,0.006303,-0.056302,0.000027,0.084771,0.000000,1.368356,0.000000,0.000000,0.000000,-0.152274,0.000000,0.397284,0.000000,0.000000,0.000000,0.027996,0.008931,-0.036157,0.002654,-0.034259,-0.000017,0.163510,0.004513,0.019417,0.046592,0.164721
9.100000,2.156000,0.112879,0.008976,1.336366,0.002717,-0.034822,-0.000018,0.007786,0.004246,0.419268,0.007434,-0.055174,0.000033,0.081631,0.000000,1.376287,0.000000,0.000000,0.000000,-0.161691,0.000000,0.395799,0.000000,0.000000,0.000000,0.031248,0.008976,-0.039921,0.002717,-0.034822,-0.000018,0.169477,0.004246,0.023469,0.051485,0.171147
9.110000,2.166000,0.112901,0.009010,1.339607,0.002753,-0.035380,-0.000020,0.004126,0.003947,0.418759,0.005821,-0.054684,0.000036,0.081631,0.000000,1.376287,0.000000,0.000000,0.000000,-0.161691,0.000000,0.395799,0.000000,0.000000,0.000000,0.031270,0.009010,-0.036680,0.002753,-0.035380,-0.000020,0.165817,0.003947,0.022960,0.049035,0.167445
9.120000,2.176000,0.112943,0.009049,1.343795,0.002811,-0.035927,-0.000021,0.000573,0.003671,0.421018,0.006750,-0.053450,0.000041,0.078303,0.000000,1.384186,0.000000,0.000000,0.000000,-0.171125,0.000000,0.393952,0.000000,0.000000,0.000000,0.034640,0.009049,-0.040391,0.002811,-0.035927,-0.000021,0.171698,0.003671,0.027066,0.053974,0.173857
9.130000,2.186000,0.112909,0.009069,1.346105,0.002855,-0.036472,-0.000022,-0.003137,0.003331,0.417397,0.005573,-0.053333,0.000043,0.078303,0.000000,1.384186,0.000000,0.000000,0.000000,-0.171125,0.000000,0.393952,0.000000,0.000000,0.000000,0.034606,0.009069,-0.038080,0.002855,-0.036472,-0.000022,0.167988,0.003331,0.023446,0.052249,0.169649
9.140000,2.196000,0.112862,0.009096,1.349360,0.002908,-0.036996,-0.000023,-0.006816,0.003023,0.416628,0.005750,-0.052337,0.000047,0.074786,0.000000,1.392043,0.000000,0.000000,0.000000,-0.180564,0.000000,0.391738,0.000000,0.000000,0.000000,0.038076,0.009096,-0.042683,0.002908,-0.036996,-0.000023,0.173748,0.003023,0.024890,0.057916,0.175548
9.150000,2.206000,0.112785,0.009122,1.352891,0.002962,-0.037506,-0.000024,-0.010528,0.002720,0.416898,0.005495,-0.051320,0.000051,0.074786,0.000000,1.392043,0.000000,0.000000,0.000000,-0.180564,0.000000,0.391738,0.000000,0.000000,0.000000,0.037999,0.009122,-0.039153,0.002962,-0.037506,-0.000024,0.170035,0.002720,0.025159,0.055318,0.171908
9.160000,2.216000,0.112675,0.009147,1.356541,0.003019,-0.038006,-0.000025,-0.014280,0.002416,0.417505,0.005734,-0.050288,0.000054,0.071081,0.000000,1.399853,0.000000,0.000000,0.000000,-0.189995,0.000000,0.389157,0.000000,0.000000,0.000000,0.041595,0.009147,-0.043312,0.003019,-0.038006,-0.000025,0.175715,0.002416,0.028348,0.060743,0.178003
9.170000,2.226000,0.112478,0.009176,1.361416,0.003076,-0.038505,-0.000026,-0.018253,0.002135,0.421697,0.005333,-0.049590,0.000055,0.071081,0.000000,1.399853,0.000000,0.000000,0.000000,-0.189995,0.000000,0.389157,0.000000,0.000000,0.000000,0.041397,0.009176,-0.038437,0.003076,-0.038505,-0.000026,0.171742,0.002135,0.032539,0.057230,0.174810
9.180000,2.236000,0.112295,0.009198,1.365633,0.003138,-0.038999,-0.000027,-0.022114,0.001827,0.423834,0.005467,-0.048666,0.000052,0.067187,0.000000,1.407607,0.000000,0.000000,0.000000,-0.199406,0.000000,0.386207,0.000000,0.000000,0.000000,0.045109,0.009198,-0.041974,0.003138,-0.038999,-0.000027,0.177292,0.001827,0.037627,0.062299,0.181250
9.191000,2.247000,0.112030,0.009213,1.369432,0.003201,-0.039473,-0.000028,-0.026111,0.001507,0.423670,0.005042,-0.047579,0.000041,0.067187,0.000000,1.407607,0.000000,0.000000,0.000000,-0.199406,0.000000,0.386207,0.000000,0.000000,0.000000,0.044843,0.009213,-0.038175,0.003201,-0.039473,-0.000028,0.173296,0.001507,0.037463,0.059608,0.177305
9.200000,2.256000,0.111690,0.009230,1.374297,0.003263,-0.039960,-0.000029,-0.030303,0.001194,0.426634,0.005048,-0.046501,0.000035,0.063105,0.000000,1.415298,0.000000,0.000000,0.000000,-0.208785,0.000000,0.382884,0.000000,0.000000,0.000000,0.048586,0.009230,-0.041001,0.003263,-0.039960,-0.000029,0.178482,0.001194,0.043749,0.064241,0.183770
9.212000,2.268000,0.111329,0.009240,1.378659,0.003315,-0.040436,-0.000031,-0.034481,0.000863,0.428230,0.003278,-0.051967,0.000042,0.058835,0.000000,1.422920,0.000000,0.000000,0.000000,-0.218119,0.000000,0.379190,0.000000,0.000000,0.000000,0.052493,0.009240,-0.044260,0.003315,-0.040436,-0.000031,0.183638,0.000863,0.049041,0.069281,0.190075
9.220000,2.276000,0.110984,0.009249,1.382942,0.003394,-0.040880,-0.000032,-0.038500,0.000532,0.429543,0.004478,-0.052609,0.000035,0.058835,0.000000,1.422920,0.000000,0.000000,0.000000,-0.218119,0.000000,0.379190,0.000000,0.000000,0.000000,0.052148,0.009249,-0.039978,0.003394,-0.040880,-0.000032,0.179619,0.000532,0.050353,0.066357,0.186544
9.232000,2.288000,0.110660,0.009244,1.385027,0.003460,-0.041341,-0.000034,-0.042231,0.000166,0.422449,0.004514,-0.047412,0.000026,0.058835,0.000000,1.422920,0.000000,0.000000,0.000000,-0.218119,0.000000,0.379190,0.000000,0.000000,0.000000,0.051825,0.009244,-0.037893,0.003460,-0.041341,-0.000034,0.175888,0.000166,0.043259,0.064862,0.181130
9.242000,2.298000,0.110139,0.009243,1.389628,0.003524,-0.041880,-0.000035,-0.046612,-0.000181,0.422886,0.004509,-0.048654,0.000025,0.054153,0.000000,1.430839,0.000000,0.000000,0.000000,-0.227858,0.000000,0.374909,0.000000,0.000000,0.000000,0.055987,0.009243,-0.041210,0.003524,-0.041880,-0.000035,0.181246,-0.000181,0.047977,0.070130,0.187488
9.252000,2.308000,0.109606,0.009237,1.393814,0.003591,-0.042409,-0.000037,-0.050986,-0.000543,0.423435,0.003323,-0.056141,0.000030,0.049740,0.000000,1.437922,0.000000,0.000000,0.000000,-0.236602,0.000000,0.370682,0.000000,0.000000,0.000000,0.059866,0.009237,-0.044108,0.003591,-0.042409,-0.000037,0.185616,-0.000543,0.052754,0.074932,0.192967
9.262000,2.318000,0.109052,0.009228,1.397772,0.003658,-0.042948,-0.000039,-0.055332,-0.000913,0.423296,0.003154,-0.058239,0.000023,0.049740,0.000000,1.437922,0.000000,0.000000,0.000000,-0.236602,0.000000,0.370682,0.000000,0.000000,0.000000,0.059311,0.009228,-0.040151,0.003658,-0.042948,-0.000039,0.181269,-0.000913,0.052614,0.072215,0.188753
9.270000,2.326000,0.108498,0.009218,1.402005,0.003721,-0.043508,-0.000041,-0.059542,-0.001272,0.423161,0.002618,-0.056682,0.000021,0.049740,0.000000,1.437922,0.000000,0.000000,0.000000,-0.236602,0.000000,0.370682,0.000000,0.000000,0.000000,0.058758,0.009218,-0.035918,0.003721,-0.043508,-0.000041,0.177059,-0.001272,0.052479,0.069481,0.184677
9.281000,2.337000,0.108069,0.009201,1.403777,0.003780,-0.044026,-0.000043,-0.063178,-0.001650,0.415881,0.002257,-0.058663,0.000032,0.044917,0.000000,1.445288,0.000000,0.000000,0.000000,-0.245724,0.000000,0.365869,0.000000,0.000000,0.000000,0.063152,0.009201,-0.041511,0.003780,-0.044026,-0.000043,0.182546,-0.001650,0.050012,0.076132,0.189280
9.290000,2.346000,0.107437,0.009185,1.407936,0.003802,-0.044612,-0.000045,-0.067443,-0.002015,0.414580,-0.001659,-0.051867,0.000051,0.044917,0.000000,1.445288,0.000000,0.000000,0.000000,-0.245724,0.000000,0.365869,0.000000,0.000000,0.000000,0.062520,0.009185,-0.037353,0.003802,-0.044612,-0.000045,0.178281,-0.002015,0.048711,0.073405,0.184827
9.300000,2.356000,0.106994,0.009168,1.409941,0.003892,-0.045158,-0.000047,-0.070907,-0.002375,0.407050,0.001294,-0.051937,0.000058,0.039912,0.000000,1.452554,0.000000,0.000000,0.000000,-0.254750,0.000000,0.360684,0.000000,0.000000,0.000000,0.067083,0.009168,-0.042613,0.003892,-0.045158,-0.000047,0.183843,-0.002375,0.046366,0.080000,0.189615
9.310000,2.366000,0.106147,0.009136,1.414061,0.003945,-0.045734,-0.000048,-0.075793,-0.002781,0.406797,0.002041,-0.049066,0.000088,0.039912,0.000000,1.452554,0.000000,0.000000,0.000000,-0.254750,0.000000,0.360684,0.000000,0.000000,0.000000,0.066235,0.009136,-0.038494,0.003945,-0.045734,-0.000048,0.178957,-0.002781,0.046113,0.077151,0.184823
9.320000,2.376000,0.105389,0.009108,1.418129,0.003966,-0.046225,-0.000049,-0.080265,-0.003166,0.406399,-0.000734,-0.043176,0.000102,0.034727,0.000000,1.459713,0.000000,0.000000,0.000000,-0.263668,0.000000,0.355129,0.000000,0.000000,0.000000,0.070661,0.009108,-0.041585,0.003966,-0.046225,-0.000049,0.183403,-0.003166,0.051270,0.082494,0.190460
9.332000,2.388000,0.104789,0.009082,1.420596,0.004043,-0.046661,-0.000050,-0.084086,-0.003540,0.402552,-0.000395,-0.048214,0.000100,0.029366,0.000000,1.466757,0.000000,0.000000,0.000000,-0.272463,0.000000,0.349205,0.000000,0.000000,0.000000,0.075423,0.009082,-0.046161,0.004043,-0.046661,-0.000050,0.188377,-0.003540,0.053346,0.088893,0.195816
9.340000,2.396000,0.104028,0.009048,1.423833,0.004101,-0.047060,-0.000051,-0.088390,-0.003932,0.401056,-0.000081,-0.044091,0.000097,0.029366,0.000000,1.466757,0.000000,0.000000,0.000000,-0.272463,0.000000,0.349205,0.000000,0.000000,0.000000,0.074663,0.009048,-0.042925,0.004101,-0.047060,-0.000051,0.184073,-0.003932,0.051850,0.086596,0.191277
9.350000,2.406000,0.102890,0.008996,1.428388,0.004162,-0.047511,-0.000052,-0.093918,-0.004382,0.403085,0.000319,-0.033853,0.000071,0.029366,0.000000,1.466757,0.000000,0.000000,0.000000,-0.272463,0.000000,0.349205,0.000000,0.000000,0.000000,0.073525,0.008996,-0.038369,0.004162,-0.047511,-0.000052,0.178545,-0.004382,0.053879,0.083421,0.186549
9.362000,2.418000,0.101674,0.008938,1.433212,0.004216,-0.047934,-0.000053,-0.099566,-0.004840,0.405075,-0.001473,-0.031979,0.000073,0.023548,0.000000,1.474022,0.000000,0.000000,0.000000,-0.281552,0.000000,0.342592,0.000000,0.000000,0.000000,0.078125,0.008938,-0.040810,0.004216,-0.047934,-0.000053,0.181987,-0.004840,0.062484,0.088594,0.192475
9.370000,2.426000,0.100678,0.008889,1.437263,0.004201,-0.048254,-0.000053,-0.104255,-0.005252,0.404727,-0.007766,-0.028880,0.000086,0.023548,0.000000,1.474022,0.000000,0.000000,0.000000,-0.281552,0.000000,0.342592,0.000000,0.000000,0.000000,0.077130,0.008889,-0.036759,0.004201,-0.048254,-0.000053,0.177297,-0.005252,0.062136,0.085902,0.187944
9.380000,2.436000,0.100075,0.008856,1.439019,0.004310,-0.048401,-0.000054,-0.107365,-0.005598,0.397707,-0.001728,-0.025570,0.000082,0.018122,0.000000,1.480471,0.000000,0.000000,0.000000,-0.289636,0.000000,0.336263,0.000000,0.000000,0.000000,0.081953,0.008856,-0.041452,0.004310,-0.048401,-0.000054,0.182271,-0.005598,0.061445,0.092266,0.192430
9.390000,2.446000,0.099161,0.008807,1.442008,0.004290,-0.048599,-0.000054,-0.111449,-0.005988,0.393345,-0.005240,-0.022679,0.000092,0.018122,0.000000,1.480471,0.000000,0.000000,0.000000,-0.289636,0.000000,0.336263,0.000000,0.000000,0.000000,0.081039,0.008807,-0.038464,0.004290,-0.048599,-0.000054,0.178187,-0.005988,0.057082,0.090135,0.187202
9.400000,2.456000,0.098127,0.008750,1.445304,0.004380,-0.048794,-0.000055,-0.115838,-0.006395,0.390001,0.000549,-0.019889,0.000094,0.012245,0.000000,1.487127,0.000000,0.000000,0.000000,-0.297988,0.000000,0.329250,0.000000,0.000000,0.000000,0.085881,0.008750,-0.041823,0.004380,-0.048794,-0.000055,0.182150,-0.006395,0.060751,0.095923,0.192120
9.410000,2.466000,0.097015,0.008687,1.448716,0.004432,-0.048961,-0.000054,-0.120423,-0.006817,0.388267,-0.000584,-0.019189,0.000103,0.012245,0.000000,1.487127,0.000000,0.000000,0.000000,-0.297988,0.000000,0.329250,0.000000,0.000000,0.000000,0.084770,0.008687,-0.038411,0.004432,-0.048961,-0.000054,0.177564,-0.006817,0.059017,0.093471,0.187239
9.420000,2.476000,0.095843,0.008620,1.452182,0.004495,-0.049103,-0.000054,-0.125081,-0.007246,0.386740,0.000387,-0.016403,0.000107,0.005283,0.000000,1.494603,0.000000,0.000000,0.000000,-0.307378,0.000000,0.320745,0.000000,0.000000,0.000000,0.090560,0.008620,-0.042421,0.004495,-0.049103,-0.000054,0.182297,-0.007246,0.065996,0.100374,0.194010
9.432000,2.488000,0.094190,0.008523,1.456770,0.004585,-0.049336,-0.000054,-0.131312,-0.007777,0.388528,-0.000902,-0.015001,0.000093,0.005283,0.000000,1.494603,0.000000,0.000000,0.000000,-0.307378,0.000000,0.320745,0.000000,0.000000,0.000000,0.088906,0.008523,-0.037833,0.004585,-0.049336,-0.000054,0.176065,-0.007777,0.067783,0.096996,0.188823
9.440000,2.496000,0.092484,0.008421,1.461466,0.004584,-0.049587,-0.000054,-0.137555,-0.008316,0.390592,-0.009339,-0.015889,0.000099,-0.000000,0.000000,1.500000,0.000000,0.000000,0.000000,-0.314159,0.000000,0.314159,0.000000,0.000000,0.000000,0.092484,0.008421,-0.038534,0.004584,-0.049587,-0.000054,0.176604,-0.008316,0.076433,0.100544,0.192614
9.451000,2.507000,0.090887,0.008322,1.465610,0.004751,-0.049758,-0.000054,-0.143140,-0.008824,0.389982,-0.002134,-0.014973,0.000034,-0.000000,0.000000,1.500000,0.000000,0.000000,0.000000,-0.314159,0.000000,0.314159,0.000000,0.000000,0.000000,0.090887,0.008322,-0.034390,0.004751,-0.049758,-0.000054,0.171019,-0.008824,0.075823,0.097532,0.187282
9.460000,2.516000,0.089354,0.008226,1.469387,0.004817,-0.049914,-0.000055,-0.148308,-0.009316,0.388309,-0.003741,-0.015579,0.000010,-0.006361,0.000000,1.506203,0.000000,0.000000,0.000000,-0.321954,0.000000,0.306091,0.000000,0.000000,0.000000,0.095716,0.008226,-0.036816,0.004817,-0.049914,-0.000055,0.173646,-0.009316,0.082218,0.102882,0.192353
9.470000,2.526000,0.087871,0.008133,1.473270,0.004780,-0.050069,-0.000056,-0.153074,-0.009775,0.385621,-0.013942,-0.013862,0.000034,-0.006361,0.000000,1.506203,0.000000,0.000000,0.000000,-0.321954,0.000000,0.306091,0.000000,0.000000,0.000000,0.094233,0.008133,-0.032933,0.004780,-0.050069,-0.000056,0.168879,-0.009775,0.079530,0.100153,0.186925
9.480000,2.536000,0.087259,0.008090,1.474269,0.004910,-0.049943,-0.000057,-0.154523,-0.010043,0.374632,-0.005885,-0.012706,0.000005,-0.012877,0.000000,1.512241,0.000000,0.000000,0.000000,-0.329537,0.000000,0.297680,0.000000,0.000000,0.000000,0.100136,0.008090,-0.037972,0.004910,-0.049943,-0.000057,0.175014,-0.010043,0.076951,0.107399,0.191448
9.490000,2.546000,0.086035,0.008008,1.476868,0.004945,-0.049984,-0.000058,-0.158095,-0.010442,0.368168,-0.003005,-0.011696,-0.000000,-0.012877,0.000000,1.512241,0.000000,0.000000,0.000000,-0.329537,0.000000,0.297680,0.000000,0.000000,0.000000,0.098912,0.008008,-0.035373,0.004945,-0.049984,-0.000058,0.171443,-0.010442,0.070488,0.105352,0.185661
9.500000,2.556000,0.084613,0.007913,1.479856,0.004967,-0.050063,-0.000059,-0.162257,-0.010878,0.363018,-0.003791,-0.010767,0.000004,-0.019879,0.000000,1.518397,0.000000,0.000000,0.000000,-0.337260,0.000000,0.288487,0.000000,0.000000,0.000000,0.104492,0.007913,-0.038540,0.004967,-0.050063,-0.000059,0.175003,-0.010878,0.074531,0.111653,0.190523
9.510000,2.566000,0.082544,0.007772,1.483978,0.005003,-0.050291,-0.000059,-0.168701,-0.011475,0.363238,-0.009443,-0.012950,0.000026,-0.019879,0.000000,1.518397,0.000000,0.000000,0.000000,-0.337260,0.000000,0.288487,0.000000,0.000000,0.000000,0.102423,0.007772,-0.034419,0.005003,-0.050291,-0.000059,0.168559,-0.011475,0.074750,0.108330,0.184747
9.520000,2.576000,0.080857,0.007657,1.487611,0.005033,-0.050395,-0.000060,-0.173577,-0.011960,0.362018,-0.009653,-0.011895,0.000045,-0.026351,0.000000,1.523796,0.000000,0.000000,0.000000,-0.344023,0.000000,0.279857,0.000000,0.000000,0.000000,0.107208,0.007657,-0.036186,0.005033,-0.050395,-0.000060,0.170446,-0.011960,0.082162,0.113409,0.189593
9.531000,2.587000,0.079008,0.007526,1.490824,0.005051,-0.050510,-0.000060,-0.178820,-0.012484,0.359212,-0.009040,-0.009830,0.000073,-0.026351,0.000000,1.523796,0.000000,0.000000,0.000000,-0.344023,0.000000,0.279857,0.000000,0.000000,0.000000,0.105359,0.007526,-0.032972,0.005051,-0.050510,-0.000060,0.165203,-0.012484,0.079356,0.110654,0.183699
9.541000,2.597000,0.076789,0.007370,1.494942,0.005053,-0.050722,-0.000059,-0.185248,-0.013085,0.359139,-0.010808,-0.009504,0.000102,-0.033301,0.000000,1.529300,0.000000,0.000000,0.000000,-0.350901,0.000000,0.270456,0.000000,0.000000,0.000000,0.110090,0.007370,-0.034358,0.005053,-0.050722,-0.000059,0.165653,-0.013085,0.088683,0.115562,0.188353
9.550000,2.606000,0.074937,0.007239,1.498533,0.004945,-0.050817,-0.000059,-0.190119,-0.013569,0.356981,-0.021758,-0.008493,0.000119,-0.033301,0.000000,1.529300,0.000000,0.000000,0.000000,-0.350901,0.000000,0.270456,0.000000,0.000000,0.000000,0.108237,0.007239,-0.030767,0.004945,-0.050817,-0.000059,0.160782,-0.013569,0.086525,0.112758,0.183089
9.560000,2.616000,0.073957,0.007166,1.499905,0.005024,-0.050645,-0.000059,-0.191657,-0.013827,0.348426,-0.012599,-0.008392,0.000111,-0.040385,0.000000,1.534613,0.000000,0.000000,0.000000,-0.357521,0.000000,0.260739,0.000000,0.000000,0.000000,0.114343,0.007166,-0.034708,0.005024,-0.050645,-0.000059,0.165864,-0.013827,0.087687,0.119709,0.188125
9.570000,2.626000,0.071794,0.007007,1.503283,0.005027,-0.050778,-0.000058,-0.197334,-0.014376,0.344981,-0.007553,-0.005039,0.000125,-0.040385,0.000000,1.534613,0.000000,0.000000,0.000000,-0.357521,0.000000,0.260739,0.000000,0.000000,0.000000,0.112179,0.007007,-0.031330,0.005027,-0.050778,-0.000058,0.160186,-0.014376,0.084241,0.116683,0.181557
9.580000,2.636000,0.069821,0.006863,1.506733,0.004951,-0.050829,-0.000057,-0.202161,-0.014853,0.341844,-0.013592,-0.002118,0.000130,-0.047600,0.000000,1.539728,0.000000,0.000000,0.000000,-0.363870,0.000000,0.250714,0.000000,0.000000,0.000000,0.117420,0.006863,-0.032995,0.004951,-0.050829,-0.000057,0.161709,-0.014853,0.091131,0.122161,0.186213
9.590000,2.646000,0.067785,0.006711,1.509508,0.005045,-0.050869,-0.000056,-0.207055,-0.015347,0.337577,-0.011808,-0.003314,0.000134,-0.047600,0.000000,1.539728,0.000000,0.000000,0.000000,-0.363870,0.000000,0.250714,0.000000,0.000000,0.000000,0.115384,0.006711,-0.030219,0.005045,-0.050869,-0.000056,0.156815,-0.015347,0.086863,0.119465,0.179921
9.600000,2.656000,0.065714,0.006557,1.512884,0.004927,-0.050902,-0.000054,-0.211928,-0.015829,0.335182,-0.024975,-0.002467,0.000136,-0.054938,0.000000,1.544639,0.000000,0.000000,0.000000,-0.369937,0.000000,0.240387,0.000000,0.000000,0.000000,0.120652,0.006557,-0.031755,0.004927,-0.050902,-0.000054,0.158009,-0.015829,0.094795,0.124933,0.184942
9.610000,2.666000,0.064289,0.006449,1.514708,0.005074,-0.050704,-0.000054,-0.214276,-0.016134,0.328168,-0.010602,0.000130,0.000092,-0.054938,0.000000,1.544639,0.000000,0.000000,0.000000,-0.369937,0.000000,0.240387,0.000000,0.000000,0.000000,0.119227,0.006449,-0.029931,0.005074,-0.050704,-0.000054,0.155661,-0.016134,0.087781,0.123096,0.179433
9.620000,2.676000,0.062422,0.006307,1.517243,0.005097,-0.050617,-0.000053,-0.218121,-0.016549,0.323429,-0.010806,0.001885,0.000066,-0.062395,0.000000,1.549341,0.000000,0.000000,0.000000,-0.375712,0.000000,0.229768,0.000000,0.000000,0.000000,0.124817,0.006307,-0.032098,0.005097,-0.050617,-0.000053,0.157591,-0.016549,0.093661,0.129032,0.184068
9.630000,2.686000,0.060388,0.006151,1.519955,0.005116,-0.050548,-0.000052,-0.222431,-0.017000,0.319534,-0.012399,0.001651,0.000059,-0.062395,0.000000,1.549341,0.000000,0.000000,0.000000,-0.375712,0.000000,0.229768,0.000000,0.000000,0.000000,0.122783,0.006151,-0.029387,0.005116,-0.050548,-0.000052,0.153281,-0.017000,0.089766,0.126401,0.178443
9.641000,2.697000,0.057513,0.005930,1.523575,0.005152,-0.050679,-0.000052,-0.229617,-0.017675,0.318412,-0.012495,0.003582,0.000037,-0.069965,0.000000,1.553828,0.000000,0.000000,0.000000,-0.381183,0.000000,0.218866,0.000000,0.000000,0.000000,0.127478,0.005930,-0.030253,0.005152,-0.050679,-0.000052,0.151566,-0.017675,0.099546,0.131153,0.182193
9.650000,2.706000,0.055217,0.005753,1.526759,0.005027,-0.050643,-0.000051,-0.234474,-0.018168,0.316068,-0.026082,0.002353,0.000053,-0.069965,0.000000,1.553828,0.000000,0.000000,0.000000,-0.381183,0.000000,0.218866,0.000000,0.000000,0.000000,0.125182,0.005753,-0.027069,0.005027,-0.050643,-0.000051,0.146709,-0.018168,0.097203,0.128204,0.176924
9.663000,2.719000,0.052724,0.005558,1.529459,0.005167,-0.050606,-0.000051,-0.239839,-0.018711,0.312380,-0.013707,0.003850,0.000031,-0.077641,0.000000,1.558094,0.000000,0.000000,0.000000,-0.386340,0.000000,0.207689,0.000000,0.000000,0.000000,0.130364,0.005558,-0.028635,0.005167,-0.050606,-0.000051,0.146502,-0.018711,0.104691,0.133588,0.181034
9.670000,2.726000,0.050325,0.005371,1.532583,0.005030,-0.050567,-0.000050,-0.244639,-0.019200,0.309056,-0.022134,0.005539,0.000049,-0.077641,0.000000,1.558094,0.000000,0.000000,0.000000,-0.386340,0.000000,0.207689,0.000000,0.000000,0.000000,0.127966,0.005371,-0.025511,0.005030,-0.050567,-0.000050,0.141702,-0.019200,0.101367,0.130595,0.175281
9.680000,2.736000,0.048662,0.005238,1.534246,0.005148,-0.050283,-0.000050,-0.246600,-0.019474,0.301571,-0.007509,0.007353,0.000024,-0.085416,0.000000,1.562134,0.000000,0.000000,0.000000,-0.391174,0.000000,0.196248,0.000000,0.000000,0.000000,0.134078,0.005238,-0.027888,0.005148,-0.050283,-0.000050,0.144574,-0.019474,0.105324,0.137048,0.179928
9.693000,2.749000,0.045732,0.005005,1.537276,0.005210,-0.050329,-0.000050,-0.253008,-0.020100,0.297881,-0.006934,0.009932,0.000020,-0.093285,0.000000,1.565942,0.000000,0.000000,0.000000,-0.395673,0.000000,0.184552,0.000000,0.000000,0.000000,0.139017,0.005005,-0.028666,0.005210,-0.050329,-0.000050,0.142665,-0.020100,0.113329,0.142030,0.183305
9.700000,2.756000,0.043202,0.004804,1.540255,0.005140,-0.050230,-0.000049,-0.257762,-0.020591,0.294148,-0.018059,0.012307,0.000039,-0.093285,0.000000,1.565942,0.000000,0.000000,0.000000,-0.395673,0.000000,0.184552,0.000000,0.000000,0.000000,0.136487,0.004804,-0.025687,0.005140,-0.050230,-0.000049,0.137912,-0.020591,0.109596,0.138967,0.177355
9.710000,2.766000,0.041354,0.004654,1.541931,0.005337,-0.049937,-0.000049,-0.259848,-0.020884,0.286352,-0.012058,0.006406,0.000034,-0.093285,0.000000,1.565942,0.000000,0.000000,0.000000,-0.395673,0.000000,0.184552,0.000000,0.000000,0.000000,0.134639,0.004654,-0.024011,0.005337,-0.049937,-0.000049,0.135826,-0.020884,0.101800,0.136843,0.171021
9.721000,2.777000,0.038228,0.004401,1.544831,0.005479,-0.049955,-0.000049,-0.266439,-0.021551,0.282353,-0.009213,0.008411,-0.000018,-0.101241,0.000000,1.569514,0.000000,0.000000,0.000000,-0.399829,0.000000,0.172612,0.000000,0.000000,0.000000,0.139469,0.004401,-0.024683,0.005479,-0.049955,-0.000049,0.133390,-0.021551,0.109741,0.141704,0.174070
9.730000,2.786000,0.035563,0.004186,1.547654,0.005564,-0.049834,-0.000049,-0.271184,-0.022072,0.279153,-0.010277,0.013682,-0.000086,-0.101241,0.000000,1.569514,0.000000,0.000000,0.000000,-0.399829,0.000000,0.172612,0.000000,0.000000,0.000000,0.136804,0.004186,-0.021860,0.005564,-0.049834,-0.000049,0.128645,-0.022072,0.106541,0.138603,0.168487
9.740000,2.796000,0.033610,0.004025,1.549241,0.005445,-0.049479,-0.000049,-0.273173,-0.022384,0.272442,-0.028195,0.015396,-0.000065,-0.109276,0.000000,1.572845,0.000000,0.000000,0.000000,-0.403632,0.000000,0.160439,0.000000,0.000000,0.000000,0.142886,0.004025,-0.023604,0.005445,-0.049479,-0.000049,0.130459,-0.022384,0.112003,0.144878,0.173393
9.750000,2.806000,0.030320,0.003753,1.551981,0.005698,-0.049494,-0.000049,-0.279853,-0.023092,0.268734,-0.015399,0.016754,-0.000031,-0.109276,0.000000,1.572845,0.000000,0.000000,0.000000,-0.403632,0.000000,0.160439,0.000000,0.000000,0.000000,0.139596,0.003753,-0.020865,0.005698,-0.049494,-0.000049,0.123779,-0.023092,0.108295,0.141197,0.166079
9.760000,2.816000,0.026781,0.003459,1.555039,0.005562,-0.049529,-0.000048,-0.287212,-0.023859,0.266075,-0.035816,0.019068,0.000021,-0.117384,0.000000,1.575930,0.000000,0.000000,0.000000,-0.407074,0.000000,0.148044,0.000000,0.000000,0.000000,0.144165,0.003459,-0.020891,0.005562,-0.049529,-0.000048,0.119862,-0.023859,0.118031,0.145712,0.169904
9.770000,2.826000,0.023909,0.003221,1.557700,0.005752,-0.049359,-0.000048,-0.291891,-0.024403,0.262362,-0.019962,0.019987,0.000035,-0.117384,0.000000,1.575930,0.000000,0.000000,0.000000,-0.407074,0.000000,0.148044,0.000000,0.000000,0.000000,0.141293,0.003221,-0.018231,0.005752,-0.049359,-0.000048,0.115183,-0.024403,0.114318,0.142500,0.164107
9.781000,2.837000,0.021595,0.003023,1.559078,0.005710,-0.048958,-0.000045,-0.294312,-0.024773,0.254239,-0.023582,0.026625,0.000107,-0.125557,0.000000,1.578766,0.000000,0.000000,0.000000,-0.410145,0.000000,0.135439,0.000000,0.000000,0.000000,0.147152,0.003023,-0.019688,0.005710,-0.048958,-0.000045,0.115833,-0.024773,0.118799,0.148494,0.167763
9.790000,2.846000,0.018652,0.002775,1.561620,0.005474,-0.048691,-0.000043,-0.298898,-0.025307,0.249742,-0.042492,0.031672,0.000128,-0.125557,0.000000,1.578766,0.000000,0.000000,0.000000,-0.410145,0.000000,0.135439,0.000000,0.000000,0.000000,0.144208,0.002775,-0.017146,0.005474,-0.048691,-0.000043,0.111247,-0.025307,0.114303,0.145251,0.161497
9.800000,2.856000,0.016788,0.002614,1.562732,0.005517,-0.048135,-0.000039,-0.299404,-0.025503,0.241215,-0.029230,0.031533,0.000183,-0.133787,0.000000,1.581347,0.000000,0.000000,0.000000,-0.412839,0.000000,0.122636,0.000000,0.000000,0.000000,0.150575,0.002614,-0.018615,0.005517,-0.048135,-0.000039,0.113434,-0.025503,0.118579,0.151744,0.166068
9.811000,2.867000,0.013313,0.002316,1.564982,0.005421,-0.047942,-0.000035,-0.305658,-0.026174,0.236527,-0.021897,0.033214,0.000240,-0.133787,0.000000,1.581347,0.000000,0.000000,0.000000,-0.412839,0.000000,0.122636,0.000000,0.000000,0.000000,0.147100,0.002316,-0.016365,0.005421,-0.047942,-0.000035,0.107180,-0.026174,0.113891,0.148025,0.158568
9.820000,2.876000,0.010256,0.002054,1.567347,0.005201,-0.047610,-0.000031,-0.310163,-0.026683,0.232316,-0.031120,0.034049,0.000235,-0.142068,0.000000,1.583670,0.000000,0.000000,0.000000,-0.415146,0.000000,0.109647,0.000000,0.000000,0.000000,0.152323,0.002054,-0.016323,0.005201,-0.047610,-0.000031,0.104983,-0.026683,0.122669,0.153209,0.163649
9.830000,2.886000,0.008061,0.001863,1.568560,0.005181,-0.046961,-0.000023,-0.311334,-0.026904,0.224259,-0.029738,0.033746,0.000378,-0.142068,0.000000,1.583670,0.000000,0.000000,0.000000,-0.415146,0.000000,0.109647,0.000000,0.000000,0.000000,0.150128,0.001863,-0.015110,0.005181,-0.046961,-0.000023,0.103812,-0.026904,0.114612,0.150898,0.156961
9.841000,2.897000,0.004332,0.001539,1.570699,0.005169,-0.046726,-0.000016,-0.317992,-0.027593,0.220302,-0.021473,0.038162,0.000383,-0.150390,0.000000,1.585731,0.000000,0.000000,0.000000,-0.417060,0.000000,0.096484,0.000000,0.000000,0.000000,0.154722,0.001539,-0.015033,0.005169,-0.046726,-0.000016,0.099069,-0.027593,0.123818,0.155458,0.160956
9.851000,2.907000,0.000316,0.001189,1.573139,0.005155,-0.046557,-0.000010,-0.325436,-0.028347,0.217348,-0.019963,0.037991,0.000307,-0.150390,0.000000,1.585731,0.000000,0.000000,0.000000,-0.417060,0.000000,0.096484,0.000000,0.000000,0.000000,0.150706,0.001189,-0.012592,0.005155,-0.046557,-0.000010,0.091624,-0.028347,0.120864,0.151236,0.154294
9.860000,2.916000,-0.003358,0.000868,1.575223,0.004965,-0.046284,-0.000005,-0.331343,-0.028970,0.213432,-0.035696,0.036281,0.000227,-0.158747,0.000000,1.587528,0.000000,0.000000,0.000000,-0.418575,0.000000,0.083161,0.000000,0.000000,0.000000,0.155389,0.000868,-0.012305,0.004965,-0.046284,-0.000005,0.087231,-0.028970,0.130271,0.155878,0.159434
9.870000,2.926000,-0.006672,0.000578,1.577358,0.005129,-0.045877,0.000001,-0.335681,-0.029454,0.209005,-0.023836,0.041585,0.000248,-0.158747,0.000000,1.587528,0.000000,0.000000,0.000000,-0.418575,0.000000,0.083161,0.000000,0.000000,0.000000,0.152076,0.000578,-0.010170,0.005129,-0.045877,0.000001,0.082894,-0.029454,0.125844,0.152417,0.153543
9.880000,2.936000,-0.008057,0.000454,1.577745,0.005100,-0.044932,0.000006,-0.332883,-0.029323,0.199631,-0.022541,0.041586,0.000211,-0.167550,0.000000,1.589126,0.000000,0.000000,0.000000,-0.419727,0.000000,0.069013,0.000000,0.000000,0.000000,0.159493,0.000454,-0.011381,0.005100,-0.044932,0.000006,0.086844,-0.029323,0.130618,0.159899,0.159571
9.892000,2.948000,-0.011657,0.000136,1.579327,0.005124,-0.044601,0.000011,-0.338047,-0.029892,0.193421,-0.021270,0.045005,0.000226,-0.167550,0.000000,1.589126,0.000000,0.000000,0.000000,-0.419727,0.000000,0.069013,0.000000,0.000000,0.000000,0.155893,0.000136,-0.009799,0.005124,-0.044601,0.000011,0.081680,-0.029892,0.124408,0.156201,0.151798
9.901000,2.957000,-0.015844,-0.000236,1.581366,0.005124,-0.044373,0.000016,-0.345124,-0.030632,0.188724,-0.023647,0.049076,0.000219,-0.175532,0.000000,1.590315,0.000000,0.000000,0.000000,-0.420378,0.000000,0.056086,0.000000,0.000000,0.000000,0.159688,-0.000236,-0.008949,0.005124,-0.044373,0.000016,0.075254,-0.030632,0.132637,0.159938,0.155545
9.910000,2.966000,-0.019691,-0.000578,1.583086,0.005108,-0.043992,0.000021,-0.350708,-0.031245,0.183862,-0.026765,0.047695,0.000189,-0.175532,0.000000,1.590315,0.000000,0.000000,0.000000,-0.420378,0.000000,0.056086,0.000000,0.000000,0.000000,0.155840,-0.000578,-0.007229,0.005108,-0.043992,0.000021,0.069670,-0.031245,0.127776,0.156009,0.148852
9.920000,2.976000,-0.023198,-0.000891,1.584925,0.004840,-0.043516,0.000026,-0.354834,-0.031724,0.179493,-0.049254,0.047055,0.000130,-0.183943,0.000000,1.591299,0.000000,0.000000,0.000000,-0.420656,0.000000,0.042362,0.000000,0.000000,0.000000,0.160744,-0.000891,-0.006375,0.004840,-0.043516,0.000026,0.065821,-0.031724,0.137131,0.160873,0.155383
9.930000,2.986000,-0.024629,-0.001021,1.585165,0.004964,-0.042400,0.000031,-0.351278,-0.031528,0.170209,-0.028044,0.053824,0.000137,-0.183943,0.000000,1.591299,0.000000,0.000000,0.000000,-0.420656,0.000000,0.042362,0.000000,0.000000,0.000000,0.159314,-0.001021,-0.006135,0.004964,-0.042400,0.000031,0.069378,-0.031528,0.127848,0.159435,0.148837
9.940000,2.996000,-0.028414,-0.001363,1.586417,0.004911,-0.041952,0.000034,-0.356232,-0.032087,0.164139,-0.030069,0.056896,0.000055,-0.192776,0.000000,1.592037,0.000000,0.000000,0.000000,-0.420492,0.000000,0.027837,0.000000,0.000000,0.000000,0.164362,-0.001363,-0.005620,0.004911,-0.041952,0.000034,0.064260,-0.032087,0.136302,0.164463,0.154069
9.950000,3.006000,-0.031976,-0.001684,1.588058,0.004610,-0.041383,0.000038,-0.360162,-0.032547,0.159681,-0.051044,0.053782,0.000008,-0.192776,0.000000,1.592037,0.000000,0.000000,0.000000,-0.420492,0.000000,0.027837,0.000000,0.000000,0.000000,0.160799,-0.001684,-0.003978,0.004610,-0.041383,0.000038,0.060329,-0.032547,0.131844,0.160857,0.148599
9.961000,3.017000,-0.035502,-0.002004,1.588910,0.004696,-0.040782,0.000041,-0.363775,-0.032980,0.153054,-0.033056,0.053816,-0.000007,-0.201180,0.000000,1.592454,0.000000,0.000000,0.000000,-0.419897,0.000000,0.013910,0.000000,0.000000,0.000000,0.165678,-0.002004,-0.003544,0.004696,-0.040782,0.000041,0.056123,-0.032980,0.139144,0.165728,0.153618
9.971000,3.027000,-0.039945,-0.002408,1.590413,0.004625,-0.040425,0.000044,-0.370500,-0.033686,0.148149,-0.022902,0.056574,-0.000022,-0.201180,0.000000,1.592454,0.000000,0.000000,0.000000,-0.419897,0.000000,0.013910,0.000000,0.000000,0.000000,0.161235,-0.002408,-0.002041,0.004625,-0.040425,0.000044,0.049398,-0.033686,0.134239,0.161266,0.146952
9.980000,3.036000,-0.044027,-0.002780,1.591657,0.004562,-0.039947,0.000046,-0.375628,-0.034243,0.142627,-0.018954,0.056648,-0.000065,-0.209150,0.000000,1.592592,0.000000,0.000000,0.000000,-0.418932,0.000000,0.000609,0.000000,0.000000,0.000000,0.165123,-0.002780,-0.000936,0.004562,-0.039947,0.000046,0.043304,-0.034243,0.142018,0.165149,0.152371
9.990000,3.046000,-0.047892,-0.003133,1.592735,0.004539,-0.039385,0.000049,-0.379729,-0.034706,0.136648,-0.028572,0.059807,-0.000031,-0.209150,0.000000,1.592592,0.000000,0.000000,0.000000,-0.418932,0.000000,0.000609,0.000000,0.000000,0.000000,0.161258,-0.003133,0.000143,0.004539,-0.039385,0.000049,0.039203,-0.034706,0.136039,0.161288,0.145767
10.000000,3.056000,-0.051689,-0.003480,1.594102,0.004253,-0.038787,0.000051,-0.383400,-0.035129,0.131692,-0.053357,0.061471,-0.000046,-0.217515,0.000000,1.592464,0.000000,0.000000,0.000000,-0.417492,0.000000,-0.013454,0.000000,0.000000,0.000000,0.165826,-0.003480,0.001638,0.004253,-0.038787,0.000051,0.034093,-0.035129,0.145146,0.165870,0.153179
10.010000,3.066000,-0.053018,-0.003604,1.594062,0.004434,-0.037499,0.000055,-0.378013,-0.034733,0.122684,-0.026973,0.063496,0.000044,-0.217515,0.000000,1.592464,0.000000,0.000000,0.000000,-0.417492,0.000000,-0.013454,0.000000,0.000000,0.000000,0.164497,-0.003604,0.001598,0.004434,-0.037499,0.000055,0.039479,-0.034733,0.136138,0.164544,0.145941
10.020000,3.076000,-0.057004,-0.003971,1.594764,0.004439,-0.036937,0.000060,-0.382272,-0.035220,0.116092,-0.026456,0.067382,0.000138,-0.225847,0.000000,1.592054,0.000000,0.000000,0.000000,-0.415614,0.000000,-0.027566,0.000000,0.000000,0.000000,0.168843,-0.003971,0.002710,0.004439,-0.036937,0.000060,0.033342,-0.035220,0.143657,0.168911,0.151623
10.030000,3.086000,-0.060826,-0.004324,1.595925,0.004174,-0.036263,0.000065,-0.385719,-0.035635,0.111281,-0.050417,0.064119,0.000100,-0.225847,0.000000,1.592054,0.000000,0.000000,0.000000,-0.415614,0.000000,-0.027566,0.000000,0.000000,0.000000,0.165020,-0.004324,0.003871,0.004174,-0.036263,0.000065,0.029895,-0.035635,0.138847,0.165122,0.146431
10.040000,3.096000,-0.063442,-0.004566,1.596207,0.004323,-0.035228,0.000070,-0.384650,-0.035638,0.104055,-0.029833,0.064630,0.000162,-0.234136,0.000000,1.591361,0.000000,0.000000,0.000000,-0.413295,0.000000,-0.041710,0.000000,0.000000,0.000000,0.170694,-0.004566,0.004846,0.004323,-0.035228,0.000070,0.028645,-0.035638,0.145765,0.170824,0.152768
10.050000,3.106000,-0.068000,-0.004989,1.596845,0.004298,-0.034764,0.000075,-0.390517,-0.036279,0.097237,-0.030919,0.063833,0.000117,-0.234136,0.000000,1.591361,0.000000,0.000000,0.000000,-0.413295,0.000000,-0.041710,0.000000,0.000000,0.000000,0.166136,-0.004989,0.005484,0.004298,-0.034764,0.000075,0.022777,-0.036279,0.138948,0.166302,0.145401
10.060000,3.116000,-0.071905,-0.005352,1.597818,0.004233,-0.034084,0.000080,-0.393732,-0.036679,0.091595,-0.032236,0.062996,0.000084,-0.242375,0.000000,1.590385,0.000000,0.000000,0.000000,-0.410532,0.000000,-0.055873,0.000000,0.000000,0.000000,0.170470,-0.005352,0.007433,0.004233,-0.034084,0.000080,0.016800,-0.036679,0.147469,0.170716,0.152888
10.070000,3.126000,-0.074710,-0.005614,1.597993,0.003880,-0.033151,0.000083,-0.392853,-0.036696,0.084638,-0.056095,0.061636,0.000017,-0.242375,0.000000,1.590385,0.000000,0.000000,0.000000,-0.410532,0.000000,-0.055873,0.000000,0.000000,0.000000,0.167665,-0.005614,0.007608,0.003880,-0.033151,0.000083,0.017679,-0.036696,0.140511,0.167932,0.146296
10.081000,3.137000,-0.079428,-0.006055,1.598419,0.004026,-0.032729,0.000087,-0.398845,-0.037346,0.078614,-0.035235,0.063918,0.000019,-0.250962,0.000000,1.589056,0.000000,0.000000,0.000000,-0.407153,0.000000,-0.070747,0.000000,0.000000,0.000000,0.171534,-0.006055,0.009363,0.004026,-0.032729,0.000087,0.008308,-0.037346,0.149361,0.171896,0.154183
10.090000,3.146000,-0.083417,-0.006428,1.599205,0.003673,-0.032090,0.000090,-0.401898,-0.037722,0.073772,-0.047656,0.061647,-0.000027,-0.250962,0.000000,1.589056,0.000000,0.000000,0.000000,-0.407153,0.000000,-0.070747,0.000000,0.000000,0.000000,0.167545,-0.006428,0.010149,0.003673,-0.032090,0.000090,0.005255,-0.037722,0.144519,0.167975,0.149454
10.102000,3.158000,-0.086293,-0.006699,1.599257,0.003712,-0.031127,0.000093,-0.400795,-0.037700,0.066934,-0.024929,0.062012,-0.000011,-0.258665,0.000000,1.587584,0.000000,0.000000,0.000000,-0.403673,0.000000,-0.084193,0.000000,0.000000,0.000000,0.172372,-0.006699,0.011674,0.003712,-0.031127,0.000093,0.002877,-0.037700,0.151127,0.172897,0.155785
10.111000,3.167000,-0.091110,-0.007152,1.599459,0.003720,-0.030750,0.000096,-0.406661,-0.038328,0.060310,-0.021173,0.065333,-0.000039,-0.258665,0.000000,1.587584,0.000000,0.000000,0.000000,-0.403673,0.000000,-0.084193,0.000000,0.000000,0.000000,0.167555,-0.007152,0.011875,0.003720,-0.030750,0.000096,-0.002988,-0.038328,0.144503,0.168128,0.149530
10.123000,3.179000,-0.096247,-0.007636,1.599843,0.003539,-0.030404,0.000098,-0.413418,-0.039044,0.054406,-0.038034,0.067224,-0.000081,-0.267098,0.000000,1.585660,0.000000,0.000000,0.000000,-0.399357,0.000000,-0.099025,0.000000,0.000000,0.000000,0.170851,-0.007636,0.014183,0.003539,-0.030404,0.000098,-0.014061,-0.039044,0.153430,0.171609,0.158943
10.130000,3.186000,-0.100381,-0.008026,1.600387,0.003804,-0.029774,0.000100,-0.416249,-0.039395,0.049352,-0.025509,0.066261,-0.000087,-0.267098,0.000000,1.585660,0.000000,0.000000,0.000000,-0.399357,0.000000,-0.099025,0.000000,0.000000,0.000000,0.166717,-0.008026,0.014727,0.003804,-0.029774,0.000100,-0.016892,-0.039395,0.148376,0.167558,0.154444
10.142000,3.198000,-0.103635,-0.008335,1.599990,0.003932,-0.028859,0.000103,-0.415776,-0.039457,0.041706,-0.019646,0.069191,-0.000078,-0.275435,0.000000,1.583425,0.000000,0.000000,0.000000,-0.394550,0.000000,-0.113808,0.000000,0.000000,0.000000,0.171800,-0.008335,0.016564,0.003932,-0.028859,0.000103,-0.021226,-0.039457,0.155514,0.172798,0.161840
10.152000,3.208000,-0.108587,-0.008805,1.600101,0.004045,-0.028367,0.000106,-0.421334,-0.040105,0.035305,-0.021724,0.078410,-0.000022,-0.275435,0.000000,1.583425,0.000000,0.000000,0.000000,-0.394550,0.000000,-0.113808,0.000000,0.000000,0.000000,0.166848,-0.008805,0.016676,0.004045,-0.028367,0.000106,-0.026784,-0.040105,0.149114,0.167910,0.156718
10.160000,3.216000,-0.113147,-0.009240,1.600071,0.004125,-0.027694,0.000110,-0.425215,-0.040610,0.028679,-0.024762,0.083786,0.000029,-0.282497,0.000000,1.581263,0.000000,0.000000,0.000000,-0.390039,0.000000,-0.126428,0.000000,0.000000,0.000000,0.169350,-0.009240,0.018808,0.004125,-0.027694,0.000110,-0.035177,-0.040610,0.155107,0.170642,0.164148
10.171000,3.227000,-0.117472,-0.009654,1.599950,0.004153,-0.026883,0.000114,-0.428041,-0.041028,0.022091,-0.032334,0.087402,0.000041,-0.282497,0.000000,1.581263,0.000000,0.000000,0.000000,-0.390039,0.000000,-0.126428,0.000000,0.000000,0.000000,0.165025,-0.009654,0.018687,0.004153,-0.026883,0.000114,-0.038002,-0.041028,0.148519,0.166360,0.158699
10.180000,3.236000,-0.121752,-0.010065,1.600171,0.003830,-0.026009,0.000119,-0.430534,-0.041414,0.016703,-0.064775,0.091969,-0.000007,-0.290244,0.000000,1.578595,0.000000,0.000000,0.000000,-0.384604,0.000000,-0.140379,0.000000,0.000000,0.000000,0.168492,-0.010065,0.021576,0.003830,-0.026009,0.000119,-0.045930,-0.041414,0.157082,0.170165,0.168818
10.190000,3.246000,-0.124165,-0.010300,1.599466,0.004032,-0.024581,0.000124,-0.426178,-0.041168,0.008997,-0.037002,0.096230,0.000027,-0.290244,0.000000,1.578595,0.000000,0.000000,0.000000,-0.384604,0.000000,-0.140379,0.000000,0.000000,0.000000,0.166079,-0.010300,0.020872,0.004032,-0.024581,0.000124,-0.041574,-0.041168,0.149375,0.167702,0.160425
10.200000,3.256000,-0.129106,-0.010779,1.599179,0.003681,-0.023811,0.000128,-0.430926,-0.041787,0.002716,-0.066300,0.100867,-0.000039,-0.297878,0.000000,1.575648,0.000000,0.000000,0.000000,-0.378726,0.000000,-0.154240,0.000000,0.000000,0.000000,0.168772,-0.010779,0.023531,0.003681,-0.023811,0.000128,-0.052199,-0.041787,0.156956,0.170745,0.170606
10.210000,3.266000,-0.133694,-0.011225,1.598786,0.003764,-0.022848,0.000134,-0.434147,-0.042258,-0.003661,-0.046019,0.100655,-0.000013,-0.297878,0.000000,1.575648,0.000000,0.000000,0.000000,-0.378726,0.000000,-0.154240,0.000000,0.000000,0.000000,0.164184,-0.011225,0.023138,0.003764,-0.022848,0.000134,-0.055421,-0.042258,0.150579,0.166186,0.165926
10.224000,3.280000,-0.138073,-0.011653,1.598323,0.003519,-0.021776,0.000138,-0.436398,-0.042626,-0.010088,-0.050128,0.107673,-0.000022,-0.305762,0.000000,1.572257,0.000000,0.000000,0.000000,-0.372081,0.000000,-0.168682,0.000000,0.000000,0.000000,0.167689,-0.011653,0.026066,0.003519,-0.021776,0.000138,-0.064317,-0.042626,0.158594,0.170103,0.176368
10.230000,3.286000,-0.142437,-0.012080,1.598222,0.003018,-0.020699,0.000142,-0.438422,-0.042954,-0.015262,-0.074357,0.108025,-0.000079,-0.305762,0.000000,1.572257,0.000000,0.000000,0.000000,-0.372081,0.000000,-0.168682,0.000000,0.000000,0.000000,0.163325,-0.012080,0.025965,0.003018,-0.020699,0.000142,-0.066341,-0.042954,0.153420,0.165817,0.172580
10.240000,3.296000,-0.143881,-0.012224,1.597623,0.002906,-0.018776,0.000146,-0.429806,-0.042242,-0.021731,-0.053426,0.110609,-0.000059,-0.313867,0.000000,1.568381,0.000000,0.000000,0.000000,-0.364602,0.000000,-0.183668,0.000000,0.000000,0.000000,0.169986,-0.012224,0.029241,0.002906,-0.018776,0.000146,-0.065204,-0.042242,0.161937,0.172916,0.179610
10.250000,3.306000,-0.147158,-0.012548,1.597061,0.002348,-0.017415,0.000148,-0.427925,-0.042163,-0.028225,-0.064388,0.109688,-0.000102,-0.313867,0.000000,1.568381,0.000000,0.000000,0.000000,-0.364602,0.000000,-0.183668,0.000000,0.000000,0.000000,0.166709,-0.012548,0.028680,0.002348,-0.017415,0.000148,-0.063323,-0.042163,0.155443,0.169623,0.173061
10.261000,3.317000,-0.152279,-0.013053,1.596098,0.002290,-0.016546,0.000151,-0.432659,-0.042714,-0.035704,-0.039448,0.112538,-0.000089,-0.320013,0.000000,1.565161,0.000000,0.000000,0.000000,-0.358462,0.000000,-0.195135,0.000000,0.000000,0.000000,0.167735,-0.013053,0.030937,0.002290,-0.016546,0.000151,-0.074196,-0.042714,0.159431,0.171062,0.180963
10.270000,3.326000,-0.157751,-0.013594,1.595240,0.002140,-0.015738,0.000154,-0.438372,-0.043341,-0.042847,-0.033029,0.101912,-0.000071,-0.320013,0.000000,1.565161,0.000000,0.000000,0.000000,-0.358462,0.000000,-0.195135,0.000000,0.000000,0.000000,0.162262,-0.013594,0.030079,0.002140,-0.015738,0.000154,-0.079910,-0.043341,0.152288,0.165586,0.177357
10.281000,3.337000,-0.162701,-0.014084,1.594316,0.001827,-0.014882,0.000156,-0.441892,-0.043747,-0.049973,-0.046336,0.089885,-0.000121,-0.327107,0.000000,1.561125,0.000000,0.000000,0.000000,-0.350841,0.000000,-0.208485,0.000000,0.000000,0.000000,0.164406,-0.014084,0.033191,0.001827,-0.014882,0.000156,-0.091050,-0.043747,0.158511,0.168313,0.187962
10.290000,3.346000,-0.167120,-0.014521,1.593816,0.002008,-0.013724,0.000159,-0.443238,-0.043936,-0.057010,-0.033342,0.105266,-0.000032,-0.327107,0.000000,1.561125,0.000000,0.000000,0.000000,-0.350841,0.000000,-0.208485,0.000000,0.000000,0.000000,0.159987,-0.014521,0.032691,0.002008,-0.013724,0.000159,-0.092397,-0.043936,0.151475,0.163937,0.182790
10.303000,3.359000,-0.169986,-0.014806,1.592594,0.002008,-0.012313,0.000163,-0.438906,-0.043580,-0.065941,-0.027017,0.099395,0.000067,-0.334044,0.000000,1.556823,0.000000,0.000000,0.000000,-0.342794,0.000000,-0.221669,0.000000,0.000000,0.000000,0.164059,-0.014806,0.035771,0.002008,-0.012313,0.000163,-0.096112,-0.043580,0.155728,0.168564,0.188117
10.310000,3.366000,-0.174375,-0.015242,1.591934,0.001737,-0.011319,0.000165,-0.440054,-0.043767,-0.070827,-0.055693,0.098048,-0.000011,-0.334044,0.000000,1.556823,0.000000,0.000000,0.000000,-0.342794,0.000000,-0.221669,0.000000,0.000000,0.000000,0.159669,-0.015242,0.035111,0.001737,-0.011319,0.000165,-0.097260,-0.043767,0.150842,0.164193,0.184738
10.323000,3.379000,-0.178182,-0.015622,1.590526,0.002106,-0.010226,0.000171,-0.439045,-0.043770,-0.077751,-0.024848,0.095979,0.000127,-0.340816,0.000000,1.552259,0.000000,0.000000,0.000000,-0.334325,0.000000,-0.234671,0.000000,0.000000,0.000000,0.162635,-0.015622,0.038266,0.002106,-0.010226,0.000171,-0.104719,-0.043770,0.156920,0.167804,0.193665
10.333000,3.389000,-0.183464,-0.016149,1.589185,0.002164,-0.009527,0.000175,-0.443259,-0.044302,-0.084123,-0.017588,0.094212,0.000102,-0.347414,0.000000,1.547438,0.000000,0.000000,0.000000,-0.325440,0.000000,-0.247477,0.000000,0.000000,0.000000,0.163950,-0.016149,0.041747,0.002164,-0.009527,0.000175,-0.117819,-0.044302,0.163354,0.169951,0.206224
10.340000,3.396000,-0.187897,-0.016592,1.588344,0.001988,-0.008584,0.000178,-0.444149,-0.044504,-0.088840,-0.036106,0.092119,0.000012,-0.347414,0.000000,1.547438,0.000000,0.000000,0.000000,-0.325440,0.000000,-0.247477,0.000000,0.000000,0.000000,0.159518,-0.016592,0.040906,0.001988,-0.008584,0.000178,-0.118709,-0.044504,0.158637,0.165513,0.203071
10.352000,3.408000,-0.191103,-0.016916,1.586851,0.002254,-0.007299,0.000183,-0.440574,-0.044292,-0.095111,-0.031841,0.097642,0.000037,-0.353831,0.000000,1.542362,0.000000,0.000000,0.000000,-0.316145,0.000000,-0.260073,0.000000,0.000000,0.000000,0.162728,-0.016916,0.044489,0.002254,-0.007299,0.000183,-0.124428,-0.044292,0.164961,0.169546,0.211321
10.362000,3.418000,-0.196315,-0.017441,1.585305,0.002313,-0.006566,0.000188,-0.444206,-0.044813,-0.101371,-0.036652,0.099149,0.000106,-0.353831,0.000000,1.542362,0.000000,0.000000,0.000000,-0.316145,0.000000,-0.260073,0.000000,0.000000,0.000000,0.157516,-0.017441,0.042943,0.002313,-0.006566,0.000188,-0.128061,-0.044813,0.158702,0.164193,0.208792
10.370000,3.426000,-0.200757,-0.017889,1.584291,0.001946,-0.005574,0.000191,-0.444819,-0.045029,-0.106079,-0.068474,0.097914,0.000001,-0.353831,0.000000,1.542362,0.000000,0.000000,0.000000,-0.316145,0.000000,-0.260073,0.000000,0.000000,0.000000,0.153074,-0.017889,0.041929,0.001946,-0.005574,0.000191,-0.128674,-0.045029,0.153994,0.159717,0.205667
10.380000,3.436000,-0.202766,-0.018095,1.583225,0.002177,-0.003917,0.000198,-0.436609,-0.044376,-0.110802,-0.037843,0.098018,0.000176,-0.360058,0.000000,1.537036,0.000000,0.000000,0.000000,-0.306447,0.000000,-0.272442,0.000000,0.000000,0.000000,0.157292,-0.018095,0.046189,0.002177,-0.003917,0.000198,-0.130162,-0.044376,0.161640,0.164929,0.212224
10.390000,3.446000,-0.206263,-0.018452,1.581914,0.002055,-0.002696,0.000203,-0.433912,-0.044279,-0.116279,-0.029750,0.104068,0.000140,-0.360058,0.000000,1.537036,0.000000,0.000000,0.000000,-0.306447,0.000000,-0.272442,0.000000,0.000000,0.000000,0.153795,-0.018452,0.044878,0.002055,-0.002696,0.000203,-0.127465,-0.044279,0.156163,0.161268,0.206385
10.400000,3.456000,-0.210173,-0.018853,1.580464,0.001751,-0.001579,0.000207,-0.432692,-0.044327,-0.122006,-0.045939,0.106794,0.000037,-0.366086,0.000000,1.531466,0.000000,0.000000,0.000000,-0.296352,0.000000,-0.284572,0.000000,0.000000,0.000000,0.155913,-0.018853,0.048999,0.001751,-0.001579,0.000207,-0.136340,-0.044327,0.162566,0.164515,0.216751
10.411000,3.467000,-0.215692,-0.019420,1.578244,0.001831,-0.000923,0.000207,-0.437267,-0.044965,-0.131228,-0.039159,0.099710,-0.000207,-0.366086,0.000000,1.531466,0.000000,0.000000,0.000000,-0.296352,0.000000,-0.284572,0.000000,0.000000,0.000000,0.150395,-0.019420,0.046778,0.001831,-0.000923,0.000207,-0.140915,-0.044965,0.153344,0.158694,0.213056
10.420000,3.476000,-0.221299,-0.019998,1.576129,0.001772,-0.000210,0.000206,-0.441878,-0.045605,-0.139890,-0.037355,0.100757,-0.000485,-0.372764,0.000000,1.524763,0.000000,0.000000,0.000000,-0.284263,0.000000,-0.298205,0.000000,0.000000,0.000000,0.151465,-0.019998,0.051366,0.001772,-0.000210,0.000206,-0.157616,-0.045605,0.158316,0.161184,0.228005
10.430000,3.486000,-0.226330,-0.020518,1.574067,0.001700,0.000677,0.000203,-0.444142,-0.046011,-0.146557,-0.041195,0.104521,-0.000565,-0.372764,0.000000,1.524763,0.000000,0.000000,0.000000,-0.284263,0.000000,-0.298205,0.000000,0.000000,0.000000,0.146435,-0.020518,0.049304,0.001700,0.000677,0.000203,-0.159879,-0.046011,0.151649,0.155869,0.225113
10.442000,3.498000,-0.230970,-0.021001,1.572069,0.001593,0.001678,0.000199,-0.444812,-0.046255,-0.152837,-0.043701,0.104155,-0.000631,-0.377518,0.000000,1.519609,0.000000,0.000000,0.000000,-0.275003,0.000000,-0.308054,0.000000,0.000000,0.000000,0.146549,-0.021001,0.052459,0.001593,0.001678,0.000199,-0.169809,-0.046255,0.155216,0.157066,0.234663
10.450000,3.506000,-0.235418,-0.021464,1.570540,0.001156,0.002719,0.000194,-0.444655,-0.046405,-0.157245,-0.073820,0.108005,-0.000592,-0.377518,0.000000,1.519609,0.000000,0.000000,0.000000,-0.275003,0.000000,-0.308054,0.000000,0.000000,0.000000,0.142101,-0.021464,0.050931,0.001156,0.002719,0.000194,-0.169651,-0.046405,0.150808,0.152471,0.231685
10.460000,3.516000,-0.237969,-0.021735,1.568736,0.001235,0.004285,0.000190,-0.437657,-0.045858,-0.162328,-0.048668,0.111533,-0.000538,-0.382907,0.000000,1.513335,0.000000,0.000000,0.000000,-0.263766,0.000000,-0.319378,0.000000,0.000000,0.000000,0.144937,-0.021735,0.055401,0.001235,0.004285,0.000190,-0.173890,-0.045858,0.157050,0.156680,0.238759
10.471000,3.527000,-0.243050,-0.022269,1.566412,0.001030,0.005200,0.000186,-0.439829,-0.046249,-0.168601,-0.039774,0.116865,-0.000511,-0.388067,0.000000,1.506836,0.000000,0.000000,0.000000,-0.252165,0.000000,-0.330407,0.000000,0.000000,0.000000,0.145017,-0.022269,0.059576,0.001030,0.005200,0.000186,-0.187663,-0.046249,0.161807,0.158351,0.252067
10.481000,3.537000,-0.247729,-0.022763,1.564142,0.000840,0.006284,0.000181,-0.440377,-0.046460,-0.174533,-0.036840,0.121561,-0.000548,-0.388067,0.000000,1.506836,0.000000,0.000000,0.000000,-0.252165,0.000000,-0.330407,0.000000,0.000000,0.000000,0.140338,-0.022763,0.057306,0.000840,0.006284,0.000181,-0.188211,-0.046460,0.155874,0.153287,0.248755
10.491000,3.547000,-0.252159,-0.023232,1.561905,0.000685,0.007493,0.000176,-0.439908,-0.046556,-0.182248,-0.047852,0.125937,-0.000594,-0.388067,0.000000,1.506836,0.000000,0.000000,0.000000,-0.252165,0.000000,-0.330407,0.000000,0.000000,0.000000,0.135907,-0.023232,0.055068,0.000685,0.007493,0.000176,-0.187743,-0.046556,0.148159,0.148469,0.243652
10.500000,3.556000,-0.256558,-0.023698,1.560082,0.000207,0.008752,0.000171,-0.439220,-0.046619,-0.188519,-0.078311,0.129600,-0.000554,-0.392991,0.000000,1.500120,0.000000,0.000000,0.000000,-0.240210,0.000000,-0.341127,0.000000,0.000000,0.000000,0.136432,-0.023698,0.059962,0.000207,0.008752,0.000171,-0.199010,-0.046619,0.152608,0.150900,0.255083
10.512000,3.568000,-0.258950,-0.023956,1.558107,0.000346,0.010561,0.000166,-0.431282,-0.045933,-0.192530,-0.043049,0.127733,-0.000539,-0.392991,0.000000,1.500120,0.000000,0.000000,0.000000,-0.240210,0.000000,-0.341127,0.000000,0.000000,0.000000,0.134041,-0.023956,0.057986,0.000346,0.010561,0.000166,-0.191072,-0.045933,0.148597,0.147998,0.246372
10.523000,3.579000,-0.263940,-0.024488,1.555437,0.000201,0.011689,0.000161,-0.432765,-0.046235,-0.198463,-0.045354,0.131207,-0.000459,-0.397900,0.000000,1.492842,0.000000,0.000000,0.000000,-0.227288,0.000000,-0.352037,0.000000,0.000000,0.000000,0.133961,-0.024488,0.062596,0.000201,0.011689,0.000161,-0.205477,-0.046235,0.153574,0.149878,0.260660
10.530000,3.586000,-0.268267,-0.024951,1.553453,-0.000252,0.013001,0.000157,-0.431690,-0.046254,-0.204571,-0.073615,0.128882,-0.000399,-0.397900,0.000000,1.492842,0.000000,0.000000,0.000000,-0.227288,0.000000,-0.352037,0.000000,0.000000,0.000000,0.129633,-0.024951,0.060611,-0.000252,0.013001,0.000157,-0.204402,-0.046254,0.147466,0.145262,0.256253
10.540000,3.596000,-0.270125,-0.025152,1.551934,-0.000224,0.015025,0.000152,-0.421708,-0.045328,-0.209149,-0.048689,0.131773,-0.000407,-0.402105,0.000000,1.486062,0.000000,0.000000,0.000000,-0.215279,0.000000,-0.361589,0.000000,0.000000,0.000000,0.131980,-0.025152,0.065872,-0.000224,0.015025,0.000152,-0.206428,-0.045328,0.152440,0.149635,0.260586
10.550000,3.606000,-0.273473,-0.025513,1.549828,-0.000439,0.016569,0.000148,-0.417241,-0.044986,-0.212982,-0.037139,0.129451,-0.000378,-0.402105,0.000000,1.486062,0.000000,0.000000,0.000000,-0.215279,0.000000,-0.361589,0.000000,0.000000,0.000000,0.128633,-0.025513,0.063766,-0.000439,0.016569,0.000148,-0.201962,-0.044986,0.148608,0.145820,0.254748
10.560000,3.616000,-0.278551,-0.026062,1.546566,-0.000585,0.017570,0.000146,-0.419085,-0.045313,-0.220078,-0.033966,0.128033,-0.000203,-0.406282,0.000000,1.478732,0.000000,0.000000,0.000000,-0.202324,0.000000,-0.371306,0.000000,0.000000,0.000000,0.127731,-0.026062,0.067834,-0.000585,0.017570,0.000146,-0.216761,-0.045313,0.151228,0.146955,0.268158
10.571000,3.627000,-0.283872,-0.026637,1.543335,-0.000687,0.018508,0.000144,-0.421584,-0.045707,-0.227228,-0.044085,0.113051,-0.000126,-0.406282,0.000000,1.478732,0.000000,0.000000,0.000000,-0.202324,0.000000,-0.371306,0.000000,0.000000,0.000000,0.122410,-0.026637,0.064603,-0.000687,0.018508,0.000144,-0.219260,-0.045707,0.144078,0.140952,0.266313
10.580000,3.636000,-0.288087,-0.027095,1.541063,-0.001128,0.019639,0.000142,-0.419845,-0.045643,-0.231346,-0.073381,0.098168,-0.000100,-0.410196,0.000000,1.471212,0.000000,0.000000,0.000000,-0.189058,0.000000,-0.380665,0.000000,0.000000,0.000000,0.122109,-0.027095,0.069851,-0.001128,0.019639,0.000142,-0.230787,-0.045643,0.149319,0.143261,0.278643
10.590000,3.646000,-0.290252,-0.027331,1.539236,-0.001022,0.021476,0.000138,-0.410709,-0.044783,-0.233245,-0.043025,0.115941,-0.000234,-0.410196,0.000000,1.471212,0.000000,0.000000,0.000000,-0.189058,0.000000,-0.380665,0.000000,0.000000,0.000000,0.119944,-0.027331,0.068024,-0.001022,0.021476,0.000138,-0.221651,-0.044783,0.147420,0.140573,0.269940
10.600000,3.656000,-0.293629,-0.027700,1.536874,-0.001185,0.022739,0.000135,-0.406127,-0.044412,-0.236647,-0.044930,0.108719,-0.000287,-0.413842,0.000000,1.463508,0.000000,0.000000,0.000000,-0.175492,0.000000,-0.389653,0.000000,0.000000,0.000000,0.120213,-0.027700,0.073366,-0.001185,0.022739,0.000135,-0.230635,-0.044412,0.153006,0.143531,0.280314
10.610000,3.666000,-0.298638,-0.028248,1.533269,-0.001342,0.023417,0.000131,-0.407563,-0.044685,-0.244260,-0.047699,0.094484,-0.000288,-0.413842,0.000000,1.463508,0.000000,0.000000,0.000000,-0.175492,0.000000,-0.389653,0.000000,0.000000,0.000000,0.115204,-0.028248,0.069761,-0.001342,0.023417,0.000131,-0.232071,-0.044685,0.145394,0.137610,0.277476
10.621000,3.677000,-0.303824,-0.028817,1.529713,-0.001786,0.024019,0.000127,-0.409450,-0.045000,-0.251532,-0.074136,0.085420,-0.000295,-0.417214,0.000000,1.455628,0.000000,0.000000,0.000000,-0.161638,0.000000,-0.398261,0.000000,0.000000,0.000000,0.113390,-0.028817,0.074085,-0.001786,0.024019,0.000127,-0.247812,-0.045000,0.146728,0.138478,0.291487
10.630000,3.686000,-0.308455,-0.029326,1.526373,-0.001799,0.024810,0.000123,-0.409172,-0.045067,-0.257652,-0.051912,0.092849,-0.000271,-0.417214,0.000000,1.455628,0.000000,0.000000,0.000000,-0.161638,0.000000,-0.398261,0.000000,0.000000,0.000000,0.108758,-0.029326,0.070745,-0.001799,0.024810,0.000123,-0.247533,-0.045067,0.140608,0.133016,0.288226
10.641000,3.697000,-0.312707,-0.029794,1.523198,-0.002108,0.025627,0.000119,-0.407446,-0.044958,-0.263110,-0.056615,0.088729,-0.000283,-0.420453,0.000000,1.447173,0.000000,0.000000,0.000000,-0.146797,0.000000,-0.406876,0.000000,0.000000,0.000000,0.107746,-0.029794,0.076024,-0.002108,0.025627,0.000119,-0.260650,-0.044958,0.143766,0.135191,0.301045
10.650000,3.706000,-0.316744,-0.030240,1.520093,-0.002439,0.026500,0.000114,-0.404902,-0.044739,-0.267417,-0.056862,0.095507,-0.000298,-0.420453,0.000000,1.447173,0.000000,0.000000,0.000000,-0.146797,0.000000,-0.406876,0.000000,0.000000,0.000000,0.103709,-0.030240,0.072920,-0.002439,0.026500,0.000114,-0.258105,-0.044739,0.139459,0.130336,0.296764
10.661000,3.717000,-0.320656,-0.030672,1.517013,-0.002784,0.027437,0.000108,-0.401917,-0.044447,-0.271530,-0.057991,0.099430,-0.000319,-0.423112,0.000000,1.439372,0.000000,0.000000,0.000000,-0.133120,0.000000,-0.414288,0.000000,0.000000,0.000000,0.102456,-0.030672,0.077641,-0.002784,0.027437,0.000108,-0.268797,-0.044447,0.142758,0.132160,0.307583
10.673000,3.729000,-0.324492,-0.031096,1.513924,-0.003135,0.028449,0.000102,-0.398668,-0.044103,-0.275447,-0.055077,0.107114,-0.000340,-0.425629,0.000000,1.431011,0.000000,0.000000,0.000000,-0.118481,0.000000,-0.421689,0.000000,0.000000,0.000000,0.101137,-0.031096,0.082913,-0.003135,0.028449,0.000102,-0.280187,-0.044103,0.146242,0.134426,0.319119
10.680000,3.736000,-0.328478,-0.031537,1.511170,-0.003686,0.029520,0.000095,-0.395957,-0.043804,-0.278271,-0.074012,0.116196,-0.000311,-0.425629,0.000000,1.431011,0.000000,0.000000,0.000000,-0.118481,0.000000,-0.421689,0.000000,0.000000,0.000000,0.097151,-0.031537,0.080158,-0.003686,0.029520,0.000095,-0.277476,-0.043804,0.143418,0.129839,0.315405
10.690000,3.746000,-0.329598,-0.031660,1.509720,-0.003900,0.031284,0.000087,-0.383008,-0.042350,-0.277163,-0.053224,0.111947,-0.000360,-0.425629,0.000000,1.431011,0.000000,0.000000,0.000000,-0.118481,0.000000,-0.421689,0.000000,0.000000,0.000000,0.096030,-0.031660,0.078708,-0.003900,0.031284,0.000087,-0.264527,-0.042350,0.144526,0.128138,0.304394
10.701000,3.757000,-0.333533,-0.032093,1.506126,-0.004178,0.032364,0.000079,-0.380537,-0.042024,-0.282319,-0.049548,0.123855,-0.000345,-0.427850,0.000000,1.422507,0.000000,0.000000,0.000000,-0.103607,0.000000,-0.428667,0.000000,0.000000,0.000000,0.094318,-0.032093,0.083619,-0.004178,0.032364,0.000079,-0.276930,-0.042024,0.146348,0.130069,0.316029
10.710000,3.766000,-0.338208,-0.032608,1.502191,-0.004424,0.033382,0.000071,-0.380693,-0.041974,-0.289531,-0.044490,0.125644,-0.000239,-0.427850,0.000000,1.422507,0.000000,0.000000,0.000000,-0.103607,0.000000,-0.428667,0.000000,0.000000,0.000000,0.089642,-0.032608,0.079684,-0.004424,0.033382,0.000071,-0.277087,-0.041974,0.139136,0.124292,0.312886
10.720000,3.776000,-0.342015,-0.033028,1.499296,-0.004870,0.034638,0.000063,-0.377549,-0.041557,-0.293478,-0.060618,0.122697,-0.000180,-0.429772,0.000000,1.413868,0.000000,0.000000,0.000000,-0.088512,0.000000,-0.435215,0.000000,0.000000,0.000000,0.087757,-0.033028,0.085428,-0.004870,0.034638,0.000063,-0.289037,-0.041557,0.141737,0.126847,0.324590
10.730000,3.786000,-0.344815,-0.033332,1.496110,-0.004894,0.036231,0.000055,-0.370858,-0.040725,-0.297357,-0.040891,0.128998,-0.000130,-0.429772,0.000000,1.413868,0.000000,0.000000,0.000000,-0.088512,0.000000,-0.435215,0.000000,0.000000,0.000000,0.084957,-0.033332,0.082243,-0.004894,0.036231,0.000055,-0.282346,-0.040725,0.137858,0.122852,0.316833
10.740000,3.796000,-0.349213,-0.033813,1.492109,-0.005281,0.037303,0.000047,-0.369957,-0.040529,-0.303525,-0.059971,0.125038,-0.000093,-0.431389,0.000000,1.405101,0.000000,0.000000,0.000000,-0.073210,0.000000,-0.441323,0.000000,0.000000,0.000000,0.082177,-0.033813,0.087008,-0.005281,0.037303,0.000047,-0.296747,-0.040529,0.137798,0.124365,0.329681
10.750000,3.806000,-0.353195,-0.034247,1.488325,-0.005200,0.038573,0.000040,-0.367471,-0.040158,-0.308894,-0.035738,0.124873,-0.000064,-0.431389,0.000000,1.405101,0.000000,0.000000,0.000000,-0.073210,0.000000,-0.441323,0.000000,0.000000,0.000000,0.078194,-0.034247,0.083223,-0.005200,0.038573,0.000040,-0.294261,-0.040158,0.132429,0.119219,0.325177
10.760000,3.816000,-0.356870,-0.034648,1.485236,-0.005338,0.039856,0.000033,-0.363808,-0.039666,-0.312067,-0.034381,0.120322,-0.000033,-0.432699,0.000000,1.396218,0.000000,0.000000,0.000000,-0.057717,0.000000,-0.446984,0.000000,0.000000,0.000000,0.075829,-0.034648,0.089018,-0.005338,0.039856,0.000033,-0.306091,-0.039666,0.134917,0.121962,0.336849
10.770000,3.826000,-0.358172,-0.034786,1.483416,-0.005750,0.041672,0.000026,-0.351738,-0.038244,-0.312593,-0.055276,0.124213,-0.000025,-0.432699,0.000000,1.396218,0.000000,0.000000,0.000000,-0.057717,0.000000,-0.446984,0.000000,0.000000,0.000000,0.074527,-0.034786,0.087199,-0.005750,0.041672,0.000026,-0.294021,-0.038244,0.134390,0.119866,0.325533
10.780000,3.836000,-0.361903,-0.035188,1.479328,-0.005649,0.042771,0.000020,-0.348736,-0.037813,-0.319705,-0.035350,0.128036,-0.000017,-0.433697,0.000000,1.387225,0.000000,0.000000,0.000000,-0.042046,0.000000,-0.452189,0.000000,0.000000,0.000000,0.071794,-0.035188,0.092103,-0.005649,0.042771,0.000020,-0.306690,-0.037813,0.132484,0.121965,0.336215
10.790000,3.846000,-0.365390,-0.035567,1.476131,-0.005767,0.043999,0.000013,-0.344672,-0.037280,-0.322820,-0.024534,0.113410,0.000014,-0.433697,0.000000,1.387225,0.000000,0.000000,0.000000,-0.042046,0.000000,-0.452189,0.000000,0.000000,0.000000,0.068307,-0.035567,0.088906,-0.005767,0.043999,0.000013,-0.302625,-0.037280,0.129369,0.117622,0.331222
10.800000,3.856000,-0.367712,-0.035815,1.473314,-0.005922,0.045493,0.000007,-0.336519,-0.036293,-0.324742,-0.023430,0.111950,0.000104,-0.434380,0.000000,1.378133,0.000000,0.000000,0.000000,-0.026214,0.000000,-0.456932,0.000000,0.000000,0.000000,0.066667,-0.035815,0.095181,-0.005922,0.045493,0.000007,-0.310305,-0.036293,0.132191,0.121601,0.339236
10.810000,3.866000,-0.370641,-0.036129,1.470018,-0.006018,0.046749,0.000003,-0.330689,-0.035562,-0.327433,-0.033393,0.112751,0.000240,-0.434380,0.000000,1.378133,0.000000,0.000000,0.000000,-0.026214,0.000000,-0.456932,0.000000,0.000000,0.000000,0.063739,-0.036129,0.091884,-0.006018,0.046749,0.000003,-0.304475,-0.035562,0.129500,0.117519,0.332776
10.820000,3.876000,-0.373728,-0.036459,1.466521,-0.006070,0.047888,0.000000,-0.325526,-0.034909,-0.330635,-0.030896,0.107948,0.000370,-0.434744,0.000000,1.368951,0.000000,0.000000,0.000000,-0.010236,0.000000,-0.461207,0.000000,0.000000,0.000000,0.061016,-0.036459,0.097570,-0.006070,0.047888,0.000000,-0.315290,-0.034909,0.130571,0.120715,0.343038
10.830000,3.886000,-0.376860,-0.036793,1.462905,-0.006122,0.048950,-0.000001,-0.320616,-0.034292,-0.334432,-0.025588,0.098705,0.000427,-0.434744,0.000000,1.368951,0.000000,0.000000,0.000000,-0.010236,0.000000,-0.461207,0.000000,0.000000,0.000000,0.057885,-0.036793,0.093954,-0.006122,0.048950,-0.000001,-0.310380,-0.034292,0.126774,0.116326,0.337022
10.841000,3.897000,-0.381086,-0.037243,1.457779,-0.006152,0.049568,-0.000001,-0.319813,-0.034118,-0.342545,-0.026772,0.090084,0.000528,-0.434775,0.000000,1.358758,0.000000,0.000000,0.000000,0.007490,0.000000,-0.465360,0.000000,0.000000,0.000000,0.053689,-0.037243,0.099022,-0.006152,0.049568,-0.000001,-0.327303,-0.034118,0.122815,0.118638,0.351248
10.850000,3.906000,-0.385218,-0.037683,1.452875,-0.006229,0.050166,0.000000,-0.318545,-0.033897,-0.349627,-0.032447,0.083734,0.000518,-0.434775,0.000000,1.358758,0.000000,0.000000,0.000000,0.007490,0.000000,-0.465360,0.000000,0.000000,0.000000,0.049557,-0.037683,0.094118,-0.006229,0.050166,0.000000,-0.326035,-0.033897,0.115733,0.112845,0.347624
10.860000,3.916000,-0.388403,-0.038022,1.449379,-0.006554,0.051003,0.000000,-0.313756,-0.033303,-0.352351,-0.053287,0.077858,0.000420,-0.434509,0.000000,1.350354,0.000000,0.000000,0.000000,0.022096,0.000000,-0.468325,0.000000,0.000000,0.000000,0.046105,-0.038022,0.099025,-0.006554,0.051003,0.000000,-0.335853,-0.033303,0.115975,0.115660,0.356870
10.870000,3.926000,-0.390045,-0.038194,1.446807,-0.006522,0.052212,0.000002,-0.303485,-0.032119,-0.350710,-0.032788,0.088018,0.000452,-0.434509,0.000000,1.350354,0.000000,0.000000,0.000000,0.022096,0.000000,-0.468325,0.000000,0.000000,0.000000,0.044464,-0.038194,0.096453,-0.006522,0.052212,0.000002,-0.325581,-0.032119,0.117615,0.112868,0.347661
10.880000,3.936000,-0.392545,-0.038457,1.443419,-0.006860,0.053190,0.000001,-0.296579,-0.031288,-0.351502,-0.050825,0.094720,0.000331,-0.433904,0.000000,1.340958,0.000000,0.000000,0.000000,0.038418,0.000000,-0.471159,0.000000,0.000000,0.000000,0.041359,-0.038457,0.102460,-0.006860,0.053190,0.000001,-0.334997,-0.031288,0.119657,0.116994,0.357099
10.890000,3.946000,-0.396210,-0.038842,1.438314,-0.006848,0.053667,0.000000,-0.294135,-0.030920,-0.357829,-0.035406,0.083966,0.000284,-0.433904,0.000000,1.340958,0.000000,0.000000,0.000000,0.038418,0.000000,-0.471159,0.000000,0.000000,0.000000,0.037694,-0.038842,0.097356,-0.006848,0.053667,0.000000,-0.332553,-0.030920,0.113330,0.111390,0.352692
10.900000,3.956000,-0.399151,-0.039151,1.434736,-0.007202,0.054506,-0.000003,-0.288955,-0.030260,-0.359515,-0.051719,0.085067,0.000179,-0.432971,0.000000,1.331511,0.000000,0.000000,0.000000,0.054822,0.000000,-0.473503,0.000000,0.000000,0.000000,0.033820,-0.039151,0.103225,-0.007202,0.054506,-0.000003,-0.343778,-0.030260,0.113988,0.115464,0.363445
10.910000,3.966000,-0.401235,-0.039368,1.431458,-0.007283,0.055564,-0.000006,-0.280889,-0.029283,-0.360646,-0.027883,0.095543,0.000212,-0.432971,0.000000,1.331511,0.000000,0.000000,0.000000,0.054822,0.000000,-0.473503,0.000000,0.000000,0.000000,0.031736,-0.039368,0.099948,-0.007283,0.055564,-0.000006,-0.335711,-0.029283,0.112857,0.112011,0.355382
10.921000,3.977000,-0.404629,-0.039719,1.426289,-0.007442,0.056250,-0.000012,-0.277803,-0.028812,-0.367272,-0.025015,0.102204,-0.000037,-0.431710,0.000000,1.322021,0.000000,0.000000,0.000000,0.071292,0.000000,-0.475353,0.000000,0.000000,0.000000,0.027081,-0.039719,0.104267,-0.007442,0.056250,-0.000012,-0.349095,-0.028812,0.108081,0.114816,0.366577
10.930000,3.986000,-0.408140,-0.040082,1.421140,-0.007552,0.057040,-0.000023,-0.275077,-0.028370,-0.373083,-0.029457,0.101135,-0.000327,-0.431710,0.000000,1.322021,0.000000,0.000000,0.000000,0.071292,0.000000,-0.475353,0.000000,0.000000,0.000000,0.023570,-0.040082,0.099119,-0.007552,0.057040,-0.000023,-0.346369,-0.028370,0.102270,0.109484,0.362264
10.940000,3.996000,-0.411224,-0.040398,1.416390,-0.007650,0.057980,-0.000036,-0.270808,-0.027764,-0.377553,-0.027922,0.104047,-0.000513,-0.430119,0.000000,1.312500,0.000000,0.000000,0.000000,0.087810,0.000000,-0.476706,0.000000,0.000000,0.000000,0.018895,-0.040398,0.103890,-0.007650,0.057980,-0.000036,-0.358618,-0.027764,0.099153,0.113058,0.373107
10.950000,4.006000,-0.413932,-0.040676,1.412614,-0.007752,0.059057,-0.000049,-0.265106,-0.027014,-0.377429,-0.025870,0.108656,-0.000446,-0.430119,0.000000,1.312500,0.000000,0.000000,0.000000,0.087810,0.000000,-0.476706,0.000000,0.000000,0.000000,0.016187,-0.040676,0.100114,-0.007752,0.059057,-0.000049,-0.352916,-0.027014,0.099277,0.109268,0.367608
10.960000,4.016000,-0.414920,-0.040773,1.410418,-0.008056,0.060569,-0.000062,-0.253386,-0.025637,-0.372725,-0.040057,0.109885,-0.000339,-0.428198,0.000000,1.302957,0.000000,0.000000,0.000000,0.104361,0.000000,-0.477559,0.000000,0.000000,0.000000,0.013277,-0.040773,0.107462,-0.008056,0.060569,-0.000062,-0.357747,-0.025637,0.104834,0.115701,0.373671
10.970000,4.026000,-0.417614,-0.041042,1.405603,-0.007999,0.061544,-0.000077,-0.248121,-0.024923,-0.375515,-0.026486,0.109173,-0.000365,-0.428198,0.000000,1.302957,0.000000,0.000000,0.000000,0.104361,0.000000,-0.477559,0.000000,0.000000,0.000000,0.010583,-0.041042,0.102646,-0.007999,0.061544,-0.000077,-0.352482,-0.024923,0.102045,0.111053,0.367801
10.980000,4.036000,-0.420095,-0.041292,1.401847,-0.008103,0.062665,-0.000089,-0.242052,-0.024138,-0.375141,-0.027097,0.111140,-0.000239,-0.425823,0.000000,1.292923,0.000000,0.000000,0.000000,0.121755,0.000000,-0.477915,0.000000,0.000000,0.000000,0.005728,-0.041292,0.108924,-0.008103,0.062665,-0.000089,-0.363807,-0.024138,0.102773,0.116629,0.378815
10.993000,4.049000,-0.422418,-0.041520,1.397161,-0.008245,0.063742,-0.000100,-0.235691,-0.023312,-0.378268,-0.027877,0.106590,-0.000056,-0.423361,0.000000,1.283843,0.000000,0.000000,0.000000,0.137490,0.000000,-0.477758,0.000000,0.000000,0.000000,0.000943,-0.041520,0.113317,-0.008245,0.063742,-0.000100,-0.373181,-0.023312,0.099490,0.120688,0.386919
11.000000,4.056000,-0.424775,-0.041753,1.393378,-0.008524,0.064808,-0.000110,-0.229455,-0.022507,-0.378675,-0.040714,0.101019,0.000093,-0.423361,0.000000,1.283843,0.000000,0.000000,0.000000,0.137490,0.000000,-0.477758,0.000000,0.000000,0.000000,-0.001414,-0.041753,0.109535,-0.008524,0.064808,-0.000110,-0.366946,-0.022507,0.099083,0.117231,0.380753
11.010000,4.066000,-0.426895,-0.041957,1.388755,-0.008551,0.065917,-0.000118,-0.222648,-0.021634,-0.382175,-0.020574,0.108933,0.000080,-0.423361,0.000000,1.283843,0.000000,0.000000,0.000000,0.137490,0.000000,-0.477758,0.000000,0.000000,0.000000,-0.003535,-0.041957,0.104911,-0.008551,0.065917,-0.000118,-0.360138,-0.021634,0.095582,0.113046,0.373234
11.020000,4.076000,-0.429122,-0.042174,1.384933,-0.008757,0.067007,-0.000127,-0.216243,-0.020805,-0.383246,-0.024606,0.109109,0.000130,-0.420291,0.000000,1.273817,0.000000,0.000000,0.000000,0.154862,0.000000,-0.477054,0.000000,0.000000,0.000000,-0.008831,-0.042174,0.111116,-0.008757,0.067007,-0.000127,-0.371105,-0.020805,0.093809,0.119178,0.383343
11.030000,4.086000,-0.430478,-0.042301,1.381759,-0.008870,0.068208,-0.000134,-0.206829,-0.019670,-0.381283,-0.027439,0.096617,0.000199,-0.420291,0.000000,1.273817,0.000000,0.000000,0.000000,0.154862,0.000000,-0.477054,0.000000,0.000000,0.000000,-0.010187,-0.042301,0.107942,-0.008870,0.068208,-0.000134,-0.361691,-0.019670,0.095771,0.116382,0.374672
11.040000,4.096000,-0.432240,-0.042467,1.377962,-0.009148,0.069211,-0.000141,-0.199106,-0.018699,-0.381201,-0.040079,0.088677,0.000259,-0.417199,0.000000,1.264763,0.000000,0.000000,0.000000,0.170545,0.000000,-0.475938,0.000000,0.000000,0.000000,-0.015041,-0.042467,0.113199,-0.009148,0.069211,-0.000141,-0.369651,-0.018699,0.094736,0.121835,0.382056
11.050000,4.106000,-0.434081,-0.042639,1.373932,-0.009155,0.070242,-0.000148,-0.191879,-0.017776,-0.382349,-0.022522,0.091771,0.000177,-0.417199,0.000000,1.264763,0.000000,0.000000,0.000000,0.170545,0.000000,-0.475938,0.000000,0.000000,0.000000,-0.016882,-0.042639,0.109169,-0.009155,0.070242,-0.000148,-0.362424,-0.017776,0.093589,0.118410,0.374735
11.060000,4.116000,-0.436567,-0.042867,1.368177,-0.009268,0.070906,-0.000155,-0.187206,-0.017084,-0.388521,-0.022419,0.083868,0.000181,-0.413624,0.000000,1.255260,0.000000,0.000000,0.000000,0.187001,0.000000,-0.474270,0.000000,0.000000,0.000000,-0.022943,-0.042867,0.112917,-0.009268,0.070906,-0.000155,-0.374207,-0.017084,0.085749,0.122940,0.384286
11.070000,4.126000,-0.438972,-0.043086,1.362651,-0.009399,0.071543,-0.000160,-0.182264,-0.016357,-0.393843,-0.023311,0.073872,0.000234,-0.413624,0.000000,1.255260,0.000000,0.000000,0.000000,0.187001,0.000000,-0.474270,0.000000,0.000000,0.000000,-0.025348,-0.043086,0.107392,-0.009399,0.071543,-0.000160,-0.369265,-0.016357,0.080427,0.118456,0.378276
11.080000,4.136000,-0.441031,-0.043268,1.357585,-0.009535,0.072199,-0.000165,-0.176171,-0.015514,-0.397656,-0.023349,0.066955,0.000283,-0.409720,0.000000,1.245795,0.000000,0.000000,0.000000,0.203387,0.000000,-0.472098,0.000000,0.000000,0.000000,-0.031311,-0.043268,0.111790,-0.009535,0.072199,-0.000165,-0.379559,-0.015514,0.074442,0.123893,0.387101
11.092000,4.148000,-0.442837,-0.043425,1.352857,-0.009676,0.072855,-0.000169,-0.169173,-0.014574,-0.398389,-0.021888,0.070078,0.000311,-0.409720,0.000000,1.245795,0.000000,0.000000,0.000000,0.203387,0.000000,-0.472098,0.000000,0.000000,0.000000,-0.033117,-0.043425,0.107062,-0.009676,0.072855,-0.000169,-0.372560,-0.014574,0.073709,0.120186,0.380061
11.100000,4.156000,-0.444528,-0.043570,1.348874,-0.009895,0.073556,-0.000172,-0.161905,-0.013612,-0.396921,-0.028733,0.070966,0.000353,-0.405489,0.000000,1.236379,0.000000,0.000000,0.000000,0.219686,0.000000,-0.469423,0.000000,0.000000,0.000000,-0.039039,-0.043570,0.112494,-0.009895,0.073556,-0.000172,-0.381592,-0.013612,0.072502,0.126797,0.388657
11.110000,4.166000,-0.445334,-0.043630,1.345538,-0.009970,0.074366,-0.000176,-0.151698,-0.012365,-0.392763,-0.020196,0.069800,0.000326,-0.405489,0.000000,1.236379,0.000000,0.000000,0.000000,0.219686,0.000000,-0.469423,0.000000,0.000000,0.000000,-0.039845,-0.043630,0.109159,-0.009970,0.074366,-0.000176,-0.371385,-0.012365,0.076659,0.124124,0.379416
11.120000,4.176000,-0.447065,-0.043768,1.340449,-0.010100,0.074962,-0.000179,-0.145040,-0.011422,-0.393860,-0.019941,0.071089,0.000339,-0.400933,0.000000,1.227022,0.000000,0.000000,0.000000,0.235881,0.000000,-0.466246,0.000000,0.000000,0.000000,-0.046132,-0.043768,0.113427,-0.010100,0.074962,-0.000179,-0.380921,-0.011422,0.072386,0.130036,0.387906
11.130000,4.186000,-0.448568,-0.043883,1.335686,-0.010228,0.075623,-0.000183,-0.137798,-0.010424,-0.394824,-0.018288,0.070167,0.000357,-0.396055,0.000000,1.217733,0.000000,0.000000,0.000000,0.251955,0.000000,-0.462571,0.000000,0.000000,0.000000,-0.052514,-0.043883,0.117953,-0.010228,0.075623,-0.000183,-0.389753,-0.010424,0.067748,0.136368,0.395734
11.140000,4.196000,-0.449946,-0.043987,1.331738,-0.010411,0.076324,-0.000187,-0.130255,-0.009407,-0.393372,-0.022956,0.070116,0.000384,-0.396055,0.000000,1.217733,0.000000,0.000000,0.000000,0.251955,0.000000,-0.462571,0.000000,0.000000,0.000000,-0.053892,-0.043987,0.114005,-0.010411,0.076324,-0.000187,-0.382209,-0.009407,0.069199,0.133553,0.388537
11.150000,4.206000,-0.450591,-0.044023,1.328323,-0.010486,0.077169,-0.000190,-0.120390,-0.008183,-0.390391,-0.013061,0.075977,0.000383,-0.396055,0.000000,1.217733,0.000000,0.000000,0.000000,0.251955,0.000000,-0.462571,0.000000,0.000000,0.000000,-0.054537,-0.044023,0.110590,-0.010486,0.077169,-0.000190,-0.372345,-0.008183,0.072180,0.130929,0.379365
11.160000,4.216000,-0.451964,-0.044113,1.323236,-0.010612,0.077855,-0.000194,-0.113349,-0.007174,-0.392397,-0.013593,0.080110,0.000400,-0.390856,0.000000,1.208522,0.000000,0.000000,0.000000,0.267890,0.000000,-0.458400,0.000000,0.000000,0.000000,-0.061108,-0.044113,0.114713,-0.010612,0.077855,-0.000194,-0.381239,-0.007174,0.066003,0.137256,0.386977
11.170000,4.226000,-0.453098,-0.044185,1.319312,-0.010700,0.078572,-0.000199,-0.105581,-0.006120,-0.390884,-0.014670,0.069897,0.000363,-0.390856,0.000000,1.208522,0.000000,0.000000,0.000000,0.267890,0.000000,-0.458400,0.000000,0.000000,0.000000,-0.062242,-0.044185,0.110789,-0.010700,0.078572,-0.000199,-0.373471,-0.006120,0.067516,0.134538,0.379574
11.180000,4.236000,-0.453468,-0.044197,1.316867,-0.010791,0.079486,-0.000204,-0.095340,-0.004891,-0.385122,-0.013106,0.070772,0.000329,-0.385340,0.000000,1.199400,0.000000,0.000000,0.000000,0.283670,0.000000,-0.453737,0.000000,0.000000,0.000000,-0.068128,-0.044197,0.117467,-0.010791,0.079486,-0.000204,-0.379010,-0.004891,0.068615,0.142805,0.385202
11.190000,4.246000,-0.454193,-0.044230,1.313263,-0.010865,0.080258,-0.000209,-0.086621,-0.003765,-0.382477,-0.009756,0.071197,0.000313,-0.385340,0.000000,1.199400,0.000000,0.000000,0.000000,0.283670,0.000000,-0.453737,0.000000,0.000000,0.000000,-0.068853,-0.044230,0.113863,-0.010865,0.080258,-0.000209,-0.370291,-0.003765,0.071261,0.140221,0.377105
11.200000,4.256000,-0.455242,-0.044272,1.307744,-0.010920,0.080847,-0.000213,-0.079359,-0.002714,-0.385508,-0.008683,0.067735,0.000329,-0.379510,0.000000,1.190376,0.000000,0.000000,0.000000,0.299278,0.000000,-0.448586,0.000000,0.000000,0.000000,-0.075731,-0.044272,0.117368,-0.010920,0.080847,-0.000213,-0.378638,-0.002714,0.063078,0.146528,0.383866
11.210000,4.266000,-0.456035,-0.044300,1.303889,-0.011008,0.081525,-0.000217,-0.071350,-0.001636,-0.384768,-0.010787,0.059666,0.000376,-0.379510,0.000000,1.190376,0.000000,0.000000,0.000000,0.299278,0.000000,-0.448586,0.000000,0.000000,0.000000,-0.076525,-0.044300,0.113513,-0.011008,0.081525,-0.000217,-0.370629,-0.001636,0.063818,0.143888,0.376086
11.220000,4.276000,-0.456528,-0.044306,1.300364,-0.011043,0.082236,-0.000221,-0.062548,-0.000527,-0.383091,-0.008326,0.057764,0.000400,-0.373370,0.000000,1.181460,0.000000,0.000000,0.000000,0.314698,0.000000,-0.442952,0.000000,0.000000,0.000000,-0.083158,-0.044306,0.118904,-0.011043,0.082236,-0.000221,-0.377246,-0.000527,0.059862,0.151712,0.381966
11.232000,4.288000,-0.457288,-0.044311,1.294824,-0.011093,0.082702,-0.000223,-0.054917,0.000561,-0.386208,-0.006299,0.046772,0.000451,-0.373370,0.000000,1.181460,0.000000,0.000000,0.000000,0.314698,0.000000,-0.442952,0.000000,0.000000,0.000000,-0.083918,-0.044311,0.113364,-0.011093,0.082702,-0.000223,-0.369615,0.000561,0.056744,0.147842,0.373946
11.240000,4.296000,-0.457837,-0.044305,1.290962,-0.011155,0.083162,-0.000223,-0.046630,0.001668,-0.384340,-0.006373,0.035141,0.000532,-0.366924,0.000000,1.172661,0.000000,0.000000,0.000000,0.329914,0.000000,-0.436840,0.000000,0.000000,0.000000,-0.090914,-0.044305,0.118301,-0.011155,0.083162,-0.000223,-0.376544,0.001668,0.052500,0.155639,0.380190
11.250000,4.306000,-0.458150,-0.044288,1.287471,-0.011214,0.083517,-0.000221,-0.037771,0.002778,-0.380984,-0.006875,0.032790,0.000551,-0.366924,0.000000,1.172661,0.000000,0.000000,0.000000,0.329914,0.000000,-0.436840,0.000000,0.000000,0.000000,-0.091226,-0.044288,0.114810,-0.011214,0.083517,-0.000221,-0.367684,0.002778,0.055856,0.153183,0.371913
11.260000,4.316000,-0.458610,-0.044253,1.281967,-0.011269,0.083780,-0.000219,-0.029782,0.003913,-0.383606,-0.006982,0.032251,0.000585,-0.360175,0.000000,1.163989,0.000000,0.000000,0.000000,0.344908,0.000000,-0.430256,0.000000,0.000000,0.000000,-0.098435,-0.044253,0.117977,-0.011269,0.083780,-0.000219,-0.374691,0.003913,0.046650,0.159895,0.377604
11.270000,4.326000,-0.458990,-0.044203,1.276546,-0.011340,0.084004,-0.000216,-0.021728,0.005075,-0.386295,-0.005722,0.029029,0.000577,-0.360175,0.000000,1.163989,0.000000,0.000000,0.000000,0.344908,0.000000,-0.430256,0.000000,0.000000,0.000000,-0.098815,-0.044203,0.112557,-0.011340,0.084004,-0.000216,-0.366636,0.005075,0.043961,0.156164,0.369297
11.280000,4.336000,-0.459207,-0.044152,1.272683,-0.011397,0.084294,-0.000213,-0.013300,0.006208,-0.384321,-0.004321,0.029966,0.000569,-0.353129,0.000000,1.155454,0.000000,0.000000,0.000000,0.359665,0.000000,-0.423207,0.000000,0.000000,0.000000,-0.106078,-0.044152,0.117229,-0.011397,0.084294,-0.000213,-0.372966,0.006208,0.038886,0.164148,0.375039
11.291000,4.347000,-0.459245,-0.044092,1.268539,-0.011479,0.084481,-0.000210,-0.004475,0.007346,-0.381531,-0.004680,0.027378,0.000538,-0.353129,0.000000,1.155454,0.000000,0.000000,0.000000,0.359665,0.000000,-0.423207,0.000000,0.000000,0.000000,-0.106116,-0.044092,0.113085,-0.011479,0.084481,-0.000210,-0.364140,0.007346,0.041676,0.161223,0.366591
11.300000,4.356000,-0.459289,-0.044019,1.264724,-0.011525,0.084754,-0.000208,0.004144,0.008512,-0.377867,-0.002024,0.029477,0.000521,-0.345790,0.000000,1.147064,0.000000,0.000000,0.000000,0.374170,0.000000,-0.415699,0.000000,0.000000,0.000000,-0.113499,-0.044019,0.117659,-0.011525,0.084754,-0.000208,-0.370026,0.008512,0.037832,0.169303,0.372053
11.310000,4.366000,-0.459212,-0.043958,1.261690,-0.011610,0.084964,-0.000205,0.012817,0.009586,-0.372495,-0.003018,0.030484,0.000515,-0.345790,0.000000,1.147064,0.000000,0.000000,0.000000,0.374170,0.000000,-0.415699,0.000000,0.000000,0.000000,-0.113422,-0.043958,0.114626,-0.011610,0.084964,-0.000205,-0.361353,0.009586,0.043205,0.167140,0.364053
11.320000,4.376000,-0.459089,-0.043873,1.257975,-0.011674,0.085193,-0.000203,0.021370,0.010713,-0.369262,-0.002800,0.031828,0.000493,-0.338164,0.000000,1.138829,0.000000,0.000000,0.000000,0.388406,0.000000,-0.407741,0.000000,0.000000,0.000000,-0.120925,-0.043873,0.119146,-0.011674,0.085193,-0.000203,-0.367037,0.010713,0.038479,0.175338,0.369204
11.330000,4.386000,-0.458894,-0.043773,1.254031,-0.011737,0.085442,-0.000202,0.029863,0.011856,-0.367130,-0.001559,0.028756,0.000463,-0.338164,0.000000,1.138829,0.000000,0.000000,0.000000,0.388406,0.000000,-0.407741,0.000000,0.000000,0.000000,-0.120731,-0.043773,0.115202,-0.011737,0.085442,-0.000202,-0.358543,0.011856,0.040610,0.172521,0.361030
11.340000,4.396000,-0.458540,-0.043622,1.248402,-0.011806,0.085722,-0.000201,0.038614,0.013145,-0.370000,-0.001275,0.031577,0.000447,-0.330256,0.000000,1.130757,0.000000,0.000000,0.000000,0.402359,0.000000,-0.399339,0.000000,0.000000,0.000000,-0.128284,-0.043622,0.117644,-0.011806,0.085722,-0.000201,-0.363745,0.013145,0.029339,0.179443,0.365163
11.350000,4.406000,-0.458057,-0.043453,1.243068,-0.011870,0.086055,-0.000200,0.047599,0.014465,-0.372003,0.000625,0.032171,0.000472,-0.330256,0.000000,1.130757,0.000000,0.000000,0.000000,0.402359,0.000000,-0.399339,0.000000,0.000000,0.000000,-0.127801,-0.043453,0.112311,-0.011870,0.086055,-0.000200,-0.354760,0.014465,0.027336,0.175599,0.356106
11.360000,4.416000,-0.457505,-0.043285,1.238213,-0.011927,0.086379,-0.000198,0.056537,0.015741,-0.372535,0.001221,0.031935,0.000497,-0.321655,0.000000,1.122468,0.000000,0.000000,0.000000,0.416687,0.000000,-0.390050,0.000000,0.000000,0.000000,-0.135850,-0.043285,0.115745,-0.011927,0.086379,-0.000198,-0.360150,0.015741,0.017515,0.183646,0.360919
11.370000,4.426000,-0.456940,-0.043128,1.234488,-0.011915,0.086699,-0.000197,0.065442,0.016965,-0.367812,0.008550,0.028149,0.000497,-0.321655,0.000000,1.122468,0.000000,0.000000,0.000000,0.416687,0.000000,-0.390050,0.000000,0.000000,0.000000,-0.135284,-0.043128,0.112020,-0.011915,0.086699,-0.000197,-0.351245,0.016965,0.022238,0.180860,0.352357
11.380000,4.436000,-0.456585,-0.043045,1.232262,-0.011998,0.086917,-0.000195,0.073249,0.017877,-0.358869,0.003277,0.027700,0.000545,-0.313617,0.000000,1.115140,0.000000,0.000000,0.000000,0.429353,0.000000,-0.381243,0.000000,0.000000,0.000000,-0.142967,-0.043045,0.117122,-0.011998,0.086917,-0.000195,-0.356104,0.017877,0.022374,0.189763,0.357254
11.391000,4.447000,-0.455766,-0.042845,1.227497,-0.012036,0.087154,-0.000192,0.082459,0.019176,-0.357195,0.002578,0.022842,0.000567,-0.313617,0.000000,1.115140,0.000000,0.000000,0.000000,0.429353,0.000000,-0.381243,0.000000,0.000000,0.000000,-0.142149,-0.042845,0.112357,-0.012036,0.087154,-0.000192,-0.346894,0.019176,0.024048,0.186188,0.348255
11.400000,4.456000,-0.454941,-0.042654,1.223925,-0.012010,0.087383,-0.000189,0.091477,0.020416,-0.352100,0.008263,0.018785,0.000559,-0.304900,0.000000,1.107611,0.000000,0.000000,0.000000,0.442365,0.000000,-0.371566,0.000000,0.000000,0.000000,-0.150042,-0.042654,0.116314,-0.012010,0.087383,-0.000189,-0.350888,0.020416,0.019467,0.194579,0.352020
11.410000,4.466000,-0.454287,-0.042508,1.220794,-0.012082,0.087494,-0.000186,0.099473,0.021433,-0.346512,0.006901,0.016459,0.000551,-0.304900,0.000000,1.107611,0.000000,0.000000,0.000000,0.442365,0.000000,-0.371566,0.000000,0.000000,0.000000,-0.149387,-0.042508,0.113183,-0.012082,0.087494,-0.000186,-0.342892,0.021433,0.025054,0.192182,0.344474
11.420000,4.476000,-0.453115,-0.042252,1.215737,-0.012139,0.087650,-0.000181,0.109018,0.022811,-0.346708,0.006268,0.011947,0.000543,-0.295925,0.000000,1.100280,0.000000,0.000000,0.000000,0.455035,0.000000,-0.361485,0.000000,0.000000,0.000000,-0.157190,-0.042252,0.115457,-0.012139,0.087650,-0.000181,-0.346017,0.022811,0.014776,0.199560,0.347083
11.431000,4.487000,-0.451748,-0.041964,1.210776,-0.012210,0.087788,-0.000177,0.118932,0.024261,-0.347295,0.005100,0.005819,0.000523,-0.295925,0.000000,1.100280,0.000000,0.000000,0.000000,0.455035,0.000000,-0.361485,0.000000,0.000000,0.000000,-0.155823,-0.041964,0.110496,-0.012210,0.087788,-0.000177,-0.336103,0.024261,0.014189,0.195579,0.337276
11.443000,4.499000,-0.450399,-0.041688,1.206246,-0.012265,0.087824,-0.000171,0.128567,0.025639,-0.345097,0.008611,-0.000354,0.000496,-0.286701,0.000000,1.093155,0.000000,0.000000,0.000000,0.467350,0.000000,-0.351008,0.000000,0.000000,0.000000,-0.163698,-0.041688,0.113092,-0.012265,0.087824,-0.000171,-0.338782,0.025639,0.005911,0.203285,0.339802
11.451000,4.507000,-0.449034,-0.041416,1.202062,-0.012315,0.087792,-0.000166,0.137910,0.026958,-0.341944,0.009229,-0.004833,0.000473,-0.286701,0.000000,1.093155,0.000000,0.000000,0.000000,0.467350,0.000000,-0.351008,0.000000,0.000000,0.000000,-0.162334,-0.041416,0.108907,-0.012315,0.087792,-0.000166,-0.329440,0.026958,0.009064,0.199821,0.330666
11.462000,4.518000,-0.447622,-0.041141,1.198083,-0.012221,0.087723,-0.000160,0.147080,0.028245,-0.338279,0.022271,-0.007340,0.000446,-0.276274,0.000000,1.085563,0.000000,0.000000,0.000000,0.480469,0.000000,-0.339041,0.000000,0.000000,0.000000,-0.171349,-0.041141,0.112520,-0.012221,0.087723,-0.000160,-0.333389,0.028245,0.000762,0.209078,0.334584
11.474000,4.530000,-0.446145,-0.040858,1.194227,-0.012350,0.087582,-0.000154,0.156194,0.029523,-0.333824,0.013088,-0.011115,0.000436,-0.276274,0.000000,1.085563,0.000000,0.000000,0.000000,0.480469,0.000000,-0.339041,0.000000,0.000000,0.000000,-0.169871,-0.040858,0.108663,-0.012350,0.087582,-0.000154,-0.324274,0.029523,0.005217,0.205751,0.325657
11.480000,4.536000,-0.444583,-0.040563,1.190888,-0.012218,0.087471,-0.000148,0.165322,0.030806,-0.327978,0.026585,-0.012305,0.000415,-0.267531,0.000000,1.079551,0.000000,0.000000,0.000000,0.490858,0.000000,-0.328916,0.000000,0.000000,0.000000,-0.177052,-0.040563,0.111337,-0.012218,0.087471,-0.000148,-0.325536,0.030806,0.000937,0.213046,0.326992
11.490000,4.546000,-0.443955,-0.040450,1.189225,-0.012291,0.087022,-0.000142,0.170716,0.031385,-0.317323,0.015439,-0.012784,0.000420,-0.267531,0.000000,1.079551,0.000000,0.000000,0.000000,0.490858,0.000000,-0.328916,0.000000,0.000000,0.000000,-0.176424,-0.040450,0.109674,-0.012291,0.087022,-0.000142,-0.320143,0.031385,0.011592,0.211637,0.321886
11.501000,4.557000,-0.442147,-0.040117,1.185042,-0.012273,0.086848,-0.000135,0.180079,0.032725,-0.314299,0.017111,-0.015030,0.000402,-0.257602,0.000000,1.073088,0.000000,0.000000,0.000000,0.502027,0.000000,-0.317323,0.000000,0.000000,0.000000,-0.184545,-0.040117,0.111954,-0.012273,0.086848,-0.000135,-0.321947,0.032725,0.003025,0.219545,0.323620
11.511000,4.567000,-0.439931,-0.039712,1.180585,-0.012255,0.086759,-0.000129,0.190482,0.034259,-0.313615,0.018640,-0.016436,0.000369,-0.257602,0.000000,1.073088,0.000000,0.000000,0.000000,0.502027,0.000000,-0.317323,0.000000,0.000000,0.000000,-0.182330,-0.039712,0.107496,-0.012255,0.086759,-0.000129,-0.311545,0.034259,0.003709,0.215352,0.313445
11.520000,4.576000,-0.437806,-0.039329,1.176480,-0.012201,0.086600,-0.000123,0.200165,0.035658,-0.311910,0.020460,-0.017922,0.000342,-0.247453,0.000000,1.066861,0.000000,0.000000,0.000000,0.512788,0.000000,-0.305383,0.000000,0.000000,0.000000,-0.190353,-0.039329,0.109620,-0.012201,0.086600,-0.000123,-0.312623,0.035658,-0.006527,0.223154,0.314718
11.530000,4.586000,-0.435805,-0.038972,1.173361,-0.011996,0.086421,-0.000117,0.209162,0.036921,-0.306394,0.035069,-0.018168,0.000327,-0.247453,0.000000,1.066861,0.000000,0.000000,0.000000,0.512788,0.000000,-0.305383,0.000000,0.000000,0.000000,-0.188352,-0.038972,0.106500,-0.011996,0.086421,-0.000117,-0.303627,0.036921,-0.001011,0.219858,0.305865
11.540000,4.596000,-0.434902,-0.038814,1.171437,-0.012021,0.085850,-0.000111,0.213822,0.037416,-0.297558,0.021726,-0.020445,0.000332,-0.236570,0.000000,1.060582,0.000000,0.000000,0.000000,0.523637,0.000000,-0.292486,0.000000,0.000000,0.000000,-0.198332,-0.038814,0.110855,-0.012021,0.085850,-0.000111,-0.309816,0.037416,-0.005072,0.230502,0.312108
11.551000,4.607000,-0.432588,-0.038407,1.167324,-0.011981,0.085637,-0.000105,0.223336,0.038776,-0.295002,0.015128,-0.024008,0.000314,-0.236570,0.000000,1.060582,0.000000,0.000000,0.000000,0.523637,0.000000,-0.292486,0.000000,0.000000,0.000000,-0.196018,-0.038407,0.106742,-0.011981,0.085637,-0.000105,-0.300302,0.038776,-0.002516,0.226478,0.302805
11.560000,4.616000,-0.430354,-0.038019,1.164374,-0.011830,0.085397,-0.000099,0.232262,0.040021,-0.289133,0.023946,-0.025870,0.000302,-0.226531,0.000000,1.055138,0.000000,0.000000,0.000000,0.533044,0.000000,-0.280511,0.000000,0.000000,0.000000,-0.203824,-0.038019,0.109236,-0.011830,0.085397,-0.000099,-0.300783,0.040021,-0.008622,0.234355,0.303556
11.570000,4.626000,-0.428752,-0.037742,1.161657,-0.011877,0.084925,-0.000093,0.238508,0.040811,-0.283066,0.021759,-0.023462,0.000242,-0.226531,0.000000,1.055138,0.000000,0.000000,0.000000,0.533044,0.000000,-0.280511,0.000000,0.000000,0.000000,-0.202222,-0.037742,0.106518,-0.011877,0.084925,-0.000093,-0.294537,0.040811,-0.002555,0.231655,0.297362
11.580000,4.636000,-0.426677,-0.037385,1.158600,-0.011884,0.084546,-0.000088,0.246189,0.041857,-0.278163,0.019359,-0.025283,0.000139,-0.215774,0.000000,1.049657,0.000000,0.000000,0.000000,0.542517,0.000000,-0.267606,0.000000,0.000000,0.000000,-0.210903,-0.037385,0.108943,-0.011884,0.084546,-0.000088,-0.296328,0.041857,-0.010557,0.240305,0.299455
11.590000,4.646000,-0.424401,-0.036996,1.155429,-0.011899,0.084195,-0.000085,0.254250,0.042978,-0.274145,0.016595,-0.026638,0.000026,-0.215774,0.000000,1.049657,0.000000,0.000000,0.000000,0.542517,0.000000,-0.267606,0.000000,0.000000,0.000000,-0.208627,-0.036996,0.105773,-0.011899,0.084195,-0.000085,-0.288267,0.042978,-0.006539,0.236815,0.291526
11.600000,4.656000,-0.421162,-0.036444,1.150914,-0.011968,0.084066,-0.000082,0.265438,0.044648,-0.274185,0.015327,-0.027601,-0.000106,-0.204833,0.000000,1.044436,0.000000,0.000000,0.000000,0.551537,0.000000,-0.254407,0.000000,0.000000,0.000000,-0.216329,-0.036444,0.106478,-0.011968,0.084066,-0.000082,-0.286100,0.044648,-0.019778,0.243852,0.290237
11.610000,4.666000,-0.418508,-0.035997,1.148172,-0.011815,0.083790,-0.000080,0.274203,0.045893,-0.268269,0.036565,-0.017042,-0.000060,-0.204833,0.000000,1.044436,0.000000,0.000000,0.000000,0.551537,0.000000,-0.254407,0.000000,0.000000,0.000000,-0.213675,-0.035997,0.103736,-0.011815,0.083790,-0.000080,-0.277334,0.045893,-0.013862,0.240237,0.281447
11.620000,4.676000,-0.416476,-0.035654,1.145390,-0.011998,0.083224,-0.000079,0.280343,0.046720,-0.262639,0.019860,-0.018316,-0.000131,-0.193716,0.000000,1.039482,0.000000,0.000000,0.000000,0.560097,0.000000,-0.240928,0.000000,0.000000,0.000000,-0.222760,-0.035654,0.105908,-0.011998,0.083224,-0.000079,-0.279754,0.046720,-0.021711,0.249218,0.284458
11.631000,4.687000,-0.413104,-0.035088,1.141209,-0.012062,0.083128,-0.000078,0.291078,0.048331,-0.260739,0.022276,-0.022091,-0.000138,-0.193716,0.000000,1.039482,0.000000,0.000000,0.000000,0.560097,0.000000,-0.240928,0.000000,0.000000,0.000000,-0.219388,-0.035088,0.101727,-0.012062,0.083128,-0.000078,-0.269019,0.048331,-0.019811,0.244358,0.274043
11.640000,4.696000,-0.410193,-0.034605,1.138602,-0.011839,0.082907,-0.000077,0.299789,0.049592,-0.254296,0.045597,-0.021460,-0.000056,-0.182432,0.000000,1.034801,0.000000,0.000000,0.000000,0.568187,0.000000,-0.227184,0.000000,0.000000,0.000000,-0.227761,-0.034605,0.103801,-0.011839,0.082907,-0.000077,-0.268397,0.049592,-0.027112,0.252680,0.274283
11.650000,4.706000,-0.408045,-0.034247,1.136012,-0.011999,0.082516,-0.000077,0.305419,0.050357,-0.247667,0.026461,-0.020692,-0.000071,-0.182432,0.000000,1.034801,0.000000,0.000000,0.000000,0.568187,0.000000,-0.227184,0.000000,0.000000,0.000000,-0.225613,-0.034247,0.101212,-0.011999,0.082516,-0.000077,-0.262767,0.050357,-0.020483,0.249636,0.268332
11.661000,4.717000,-0.404404,-0.033642,1.132063,-0.011993,0.082501,-0.000075,0.316155,0.051972,-0.245545,0.029098,-0.021504,0.000060,-0.170992,0.000000,1.030397,0.000000,0.000000,0.000000,0.575797,0.000000,-0.213190,0.000000,0.000000,0.000000,-0.233413,-0.033642,0.101666,-0.011993,0.082501,-0.000075,-0.259642,0.051972,-0.032356,0.256806,0.266762
11.670000,4.726000,-0.401243,-0.033123,1.129607,-0.011702,0.082286,-0.000072,0.324799,0.053225,-0.239122,0.052343,-0.026188,0.000126,-0.170992,0.000000,1.030397,0.000000,0.000000,0.000000,0.575797,0.000000,-0.213190,0.000000,0.000000,0.000000,-0.230251,-0.033123,0.099211,-0.011702,0.082286,-0.000072,-0.250998,0.053225,-0.025932,0.252894,0.257886
11.683000,4.739000,-0.397959,-0.032580,1.126020,-0.011810,0.082048,-0.000066,0.333514,0.054500,-0.236187,0.034335,-0.028617,0.000270,-0.159404,0.000000,1.026275,0.000000,0.000000,0.000000,0.582919,0.000000,-0.198961,0.000000,0.000000,0.000000,-0.238556,-0.032580,0.099745,-0.011810,0.082048,-0.000066,-0.249405,0.054500,-0.037226,0.260613,0.257990
11.690000,4.746000,-0.394624,-0.032035,1.123658,-0.011466,0.081762,-0.000060,0.342153,0.055740,-0.229234,0.047940,-0.036035,0.000285,-0.159404,0.000000,1.026275,0.000000,0.000000,0.000000,0.582919,0.000000,-0.198961,0.000000,0.000000,0.000000,-0.235220,-0.032035,0.097383,-0.011466,0.081762,-0.000060,-0.240765,0.055740,-0.030273,0.256590,0.248981
11.703000,4.759000,-0.391369,-0.031501,1.120358,-0.011558,0.081331,-0.000054,0.350124,0.056877,-0.225215,0.023928,-0.043581,0.000230,-0.147678,0.000000,1.022440,0.000000,0.000000,0.000000,0.589545,0.000000,-0.184513,0.000000,0.000000,0.000000,-0.243691,-0.031501,0.097918,-0.011558,0.081331,-0.000054,-0.239421,0.056877,-0.040702,0.264510,0.249428
11.710000,4.766000,-0.387868,-0.030932,1.118106,-0.011318,0.080895,-0.000046,0.358716,0.058094,-0.217915,0.041041,-0.050649,0.000197,-0.147678,0.000000,1.022440,0.000000,0.000000,0.000000,0.589545,0.000000,-0.184513,0.000000,0.000000,0.000000,-0.240190,-0.030932,0.095666,-0.011318,0.080895,-0.000046,-0.230830,0.058094,-0.033403,0.260384,0.240360
11.723000,4.779000,-0.384510,-0.030386,1.114975,-0.011530,0.080270,-0.000039,0.366395,0.059186,-0.213384,0.017182,-0.059710,0.000074,-0.135825,0.000000,1.018896,0.000000,0.000000,0.000000,0.595669,0.000000,-0.169861,0.000000,0.000000,0.000000,-0.248685,-0.030386,0.096080,-0.011530,0.080270,-0.000039,-0.229274,0.059186,-0.043523,0.268326,0.240757
11.730000,4.786000,-0.380846,-0.029794,1.112841,-0.011616,0.079616,-0.000031,0.374887,0.060405,-0.205925,0.014897,-0.069316,0.000011,-0.135825,0.000000,1.018896,0.000000,0.000000,0.000000,0.595669,0.000000,-0.169861,0.000000,0.000000,0.000000,-0.245021,-0.029794,0.093946,-0.011616,0.079616,-0.000031,-0.220783,0.060405,-0.036064,0.264100,0.231720
11.740000,4.796000,-0.378416,-0.029401,1.110820,-0.011406,0.078548,-0.000023,0.378545,0.060867,-0.198348,0.036724,-0.073553,-0.000008,-0.123855,0.000000,1.015646,0.000000,0.000000,0.000000,0.601283,0.000000,-0.155022,0.000000,0.000000,0.000000,-0.254562,-0.029401,0.095173,-0.011406,0.078548,-0.000023,-0.222738,0.060867,-0.043326,0.273357,0.234935
11.750000,4.806000,-0.374011,-0.028689,1.107587,-0.011848,0.077932,-0.000016,0.389076,0.062478,-0.194438,0.023125,-0.075591,-0.000110,-0.123855,0.000000,1.015646,0.000000,0.000000,0.000000,0.601283,0.000000,-0.155022,0.000000,0.000000,0.000000,-0.250157,-0.028689,0.091940,-0.011848,0.077932,-0.000016,-0.212207,0.062478,-0.039416,0.268057,0.224698
11.760000,4.816000,-0.370120,-0.028065,1.105642,-0.011616,0.077176,-0.000008,0.397327,0.063730,-0.186879,0.059238,-0.074910,-0.000087,-0.111777,0.000000,1.012696,0.000000,0.000000,0.000000,0.606382,0.000000,-0.140012,0.000000,0.000000,0.000000,-0.258343,-0.028065,0.092946,-0.011616,0.077176,-0.000008,-0.209054,0.063730,-0.046867,0.275985,0.223521
11.770000,4.826000,-0.367321,-0.027613,1.103612,-0.012015,0.075963,-0.000004,0.401272,0.064330,-0.179571,0.026746,-0.080191,-0.000352,-0.111777,0.000000,1.012696,0.000000,0.000000,0.000000,0.606382,0.000000,-0.140012,0.000000,0.000000,0.000000,-0.255544,-0.027613,0.090916,-0.012015,0.075963,-0.000004,-0.205110,0.064330,-0.039559,0.272637,0.218571
11.781000,4.837000,-0.362553,-0.026844,1.100539,-0.012115,0.075294,0.000001,0.412041,0.066059,-0.175512,0.032321,-0.083148,-0.000501,-0.099603,0.000000,1.010047,0.000000,0.000000,0.000000,0.610958,0.000000,-0.124847,0.000000,0.000000,0.000000,-0.262950,-0.026844,0.090492,-0.012115,0.075294,0.000001,-0.198917,0.066059,-0.050665,0.279378,0.215636
11.790000,4.846000,-0.358433,-0.026184,1.098784,-0.012097,0.074408,0.000006,0.420001,0.067341,-0.168098,0.039845,-0.081221,-0.000535,-0.099603,0.000000,1.010047,0.000000,0.000000,0.000000,0.610958,0.000000,-0.124847,0.000000,0.000000,0.000000,-0.258830,-0.026184,0.088737,-0.012097,0.074408,0.000006,-0.190958,0.067341,-0.043251,0.274868,0.207051
11.800000,4.856000,-0.354199,-0.025499,1.095975,-0.011972,0.073523,0.000010,0.427964,0.068647,-0.163966,0.049874,-0.080627,-0.000544,-0.087342,0.000000,1.007703,0.000000,0.000000,0.000000,0.615009,0.000000,-0.109545,0.000000,0.000000,0.000000,-0.266856,-0.025499,0.088272,-0.011972,0.073523,0.000010,-0.187045,0.068647,-0.054421,0.282231,0.206543
11.813000,4.869000,-0.348970,-0.024657,1.093406,-0.011751,0.072931,0.000014,0.439178,0.070468,-0.158997,0.059645,-0.080403,-0.000420,-0.075006,0.000000,1.005666,0.000000,0.000000,0.000000,0.618528,0.000000,-0.094121,0.000000,0.000000,0.000000,-0.273964,-0.024657,0.087740,-0.011751,0.072931,0.000014,-0.179351,0.070468,-0.064876,0.288726,0.203326
11.823000,4.879000,-0.344137,-0.023879,1.091091,-0.011449,0.072210,0.000020,0.448477,0.071969,-0.153422,0.066512,-0.078526,-0.000318,-0.075006,0.000000,1.005666,0.000000,0.000000,0.000000,0.618528,0.000000,-0.094121,0.000000,0.000000,0.000000,-0.269131,-0.023879,0.085425,-0.011449,0.072210,0.000020,-0.170051,0.071969,-0.059301,0.283371,0.193942
11.830000,4.886000,-0.339529,-0.023137,1.088984,-0.011074,0.071415,0.000025,0.456595,0.073258,-0.146650,0.065719,-0.081474,-0.000252,-0.075006,0.000000,1.005666,0.000000,0.000000,0.000000,0.618528,0.000000,-0.094121,0.000000,0.000000,0.000000,-0.264523,-0.023137,0.083318,-0.011074,0.071415,0.000025,-0.161934,0.073258,-0.052528,0.278298,0.185334
11.841000,4.897000,-0.335008,-0.022409,1.087030,-0.010664,0.070568,0.000031,0.464034,0.074410,-0.139405,0.066486,-0.085103,-0.000255,-0.062605,0.000000,1.003939,0.000000,0.000000,0.000000,0.621513,0.000000,-0.078594,0.000000,0.000000,0.000000,-0.272403,-0.022409,0.083091,-0.010664,0.070568,0.000031,-0.157479,0.074410,-0.060811,0.285674,0.184484
11.857000,4.913000,-0.330498,-0.021684,1.085190,-0.010248,0.069674,0.000037,0.471074,0.075467,-0.132030,0.066754,-0.087469,-0.000239,-0.050149,0.000000,1.002523,0.000000,0.000000,0.000000,0.623959,0.000000,-0.062979,0.000000,0.000000,0.000000,-0.280349,-0.021684,0.082667,-0.010248,0.069674,0.000037,-0.152885,0.075467,-0.069050,0.293086,0.183949
11.862000,4.918000,-0.325961,-0.020956,1.083442,-0.009849,0.068729,0.000043,0.477862,0.076454,-0.124591,0.065068,-0.091448,-0.000228,-0.050149,0.000000,1.002523,0.000000,0.000000,0.000000,0.623959,0.000000,-0.062979,0.000000,0.000000,0.000000,-0.275812,-0.020956,0.080919,-0.009849,0.068729,0.000043,-0.146098,0.076454,-0.061612,0.288200,0.176028
11.872000,4.928000,-0.321379,-0.020222,1.081778,-0.009182,0.067739,0.000050,0.484509,0.077388,-0.116514,0.089103,-0.091523,-0.000161,-0.050149,0.000000,1.002523,0.000000,0.000000,0.000000,0.623959,0.000000,-0.062979,0.000000,0.000000,0.000000,-0.271229,-0.020222,0.079255,-0.009182,0.067739,0.000050,-0.139450,0.077388,-0.053535,0.283294,0.168230
11.880000,4.936000,-0.316533,-0.019448,1.080613,-0.009101,0.066816,0.000056,0.491796,0.078408,-0.107203,0.061446,-0.092130,-0.000179,-0.037650,0.000000,1.001420,0.000000,0.000000,0.000000,0.625865,0.000000,-0.047296,0.000000,0.000000,0.000000,-0.278883,-0.019448,0.079193,-0.009101,0.066816,0.000056,-0.134069,0.078408,-0.059907,0.290561,0.166467
11.890000,4.946000,-0.313949,-0.019036,1.079220,-0.008746,0.065177,0.000064,0.490518,0.078038,-0.099807,0.042651,-0.099502,-0.000107,-0.037650,0.000000,1.001420,0.000000,0.000000,0.000000,0.625865,0.000000,-0.047296,0.000000,0.000000,0.000000,-0.276299,-0.019036,0.077800,-0.008746,0.065177,0.000064,-0.135347,0.078038,-0.052512,0.287674,0.164822
11.900000,4.956000,-0.309044,-0.018256,1.078222,-0.008578,0.064149,0.000072,0.497464,0.078971,-0.091474,0.031457,-0.104995,-0.000064,-0.025118,0.000000,1.000631,0.000000,0.000000,0.000000,0.627228,0.000000,-0.031559,0.000000,0.000000,0.000000,-0.283926,-0.018256,0.077591,-0.008578,0.064149,0.000072,-0.129763,0.078971,-0.059915,0.294902,0.163293
11.910000,4.966000,-0.306205,-0.017806,1.077116,-0.008169,0.062511,0.000080,0.496599,0.078658,-0.084180,0.065020,-0.099441,-0.000063,-0.025118,0.000000,1.000631,0.000000,0.000000,0.000000,0.627228,0.000000,-0.031559,0.000000,0.000000,0.000000,-0.281087,-0.017806,0.076484,-0.008169,0.062511,0.000080,-0.130629,0.078658,-0.052621,0.291851,0.161307
11.922000,4.978000,-0.300584,-0.016916,1.075328,-0.008430,0.061624,0.000087,0.505633,0.079937,-0.079078,0.042374,-0.100407,-0.000173,-0.012565,0.000000,1.000158,0.000000,0.000000,0.000000,0.628046,0.000000,-0.015788,0.000000,0.000000,0.000000,-0.288020,-0.016916,0.075171,-0.008430,0.061624,0.000087,-0.122413,0.079937,-0.063290,0.298148,0.159312
11.931000,4.987000,-0.294277,-0.015919,1.073812,-0.008523,0.060902,0.000092,0.516693,0.081556,-0.073712,0.024922,-0.095901,-0.000390,0.000000,0.000000,1.000000,0.000000,0.000000,0.000000,0.628319,0.000000,0.000000,0.000000,0.000000,0.000000,-0.294277,-0.015919,0.073812,-0.008523,0.060902,0.000092,-0.111625,0.081556,-0.073712,0.303810,0.156669
11.940000,4.996000,-0.289110,-0.015103,1.073074,-0.008273,0.059943,0.000096,0.523133,0.082457,-0.066203,0.048026,-0.085295,-0.000413,0.000000,0.000000,1.000000,0.000000,0.000000,0.000000,0.628319,0.000000,0.000000,0.000000,0.000000,0.000000,-0.289110,-0.015103,0.073074,-0.008273,0.059943,0.000096,-0.105185,0.082457,-0.066203,0.298585,0.149151
11.950000,5.006000,-0.286448,-0.014684,1.072116,-0.008484,0.058124,0.000101,0.520265,0.081905,-0.058968,0.040322,-0.099286,-0.000363,0.000000,0.000000,1.000000,0.000000,0.000000,0.000000,0.628319,0.000000,0.000000,0.000000,0.000000,0.000000,-0.286448,-0.014684,0.072116,-0.008484,0.058124,0.000101,-0.108053,0.081905,-0.058968,0.295751,0.147855
11.960000,5.016000,-0.280635,-0.013769,1.070653,-0.008672,0.057360,0.000108,0.528702,0.083175,-0.053409,0.035674,-0.094436,-0.000129,0.012565,0.000000,1.000158,0.000000,0.000000,0.000000,0.628120,0.000000,0.015790,0.000000,0.000000,0.000000,-0.293200,-0.013769,0.070495,-0.008672,0.057360,0.000108,-0.099418,0.083175,-0.069199,0.301870,0.146937
11.971000,5.027000,-0.274058,-0.012733,1.069482,-0.008769,0.056794,0.000118,0.539490,0.084844,-0.047373,0.036642,-0.083404,0.000195,0.012565,0.000000,1.000158,0.000000,0.000000,0.000000,0.628120,0.000000,0.015790,0.000000,0.000000,0.000000,-0.286623,-0.012733,0.069324,-0.008769,0.056794,0.000118,-0.088630,0.084844,-0.063163,0.295162,0.137998
11.982000,5.038000,-0.268035,-0.011785,1.068439,-0.008433,0.056135,0.000127,0.547797,0.086141,-0.041134,0.075044,-0.073325,0.000238,0.025122,0.000000,1.000632,0.000000,0.000000,0.000000,0.627525,0.000000,0.031569,0.000000,0.000000,0.000000,-0.293157,-0.011785,0.067807,-0.008433,0.056135,0.000127,-0.079728,0.086141,-0.072704,0.301127,0.138068
11.992000,5.048000,-0.262362,-0.010892,1.067532,-0.008794,0.055237,0.000140,0.554471,0.087200,-0.034251,0.048501,-0.089617,0.000281,0.037663,0.000000,1.001421,0.000000,0.000000,0.000000,0.626533,0.000000,0.047329,0.000000,0.000000,0.000000,-0.300025,-0.010892,0.066111,-0.008794,0.055237,0.000140,-0.072063,0.087200,-0.081581,0.307416,0.139471
12.001000,5.057000,-0.256851,-0.010024,1.066740,-0.008651,0.054364,0.000153,0.560225,0.088123,-0.027224,0.060231,-0.088715,0.000405,0.037663,0.000000,1.001421,0.000000,0.000000,0.000000,0.626533,0.000000,0.047329,0.000000,0.000000,0.000000,-0.294514,-0.010024,0.065320,-0.008651,0.054364,0.000153,-0.066308,0.088123,-0.074554,0.301838,0.133119
12.010000,5.066000,-0.251399,-0.009165,1.066044,-0.008427,0.053435,0.000167,0.565570,0.088980,-0.018217,0.065994,-0.089911,0.000413,0.037663,0.000000,1.001421,0.000000,0.000000,0.000000,0.626533,0.000000,0.047329,0.000000,0.000000,0.000000,-0.289062,-0.009165,0.064624,-0.008427,0.053435,0.000167,-0.060964,0.088980,-0.065546,0.296339,0.126215
12.020000,5.076000,-0.245743,-0.008276,1.065862,-0.007767,0.052536,0.000179,0.571365,0.089894,-0.007962,0.107325,-0.091538,0.000279,0.050181,0.000000,1.002524,0.000000,0.000000,0.000000,0.625146,0.000000,0.063059,0.000000,0.000000,0.000000,-0.295924,-0.008276,0.063338,-0.007767,0.052536,0.000179,-0.053781,0.089894,-0.071021,0.302739,0.126559
12.030000,5.086000,-0.243955,-0.007993,1.065407,-0.007697,0.050529,0.000193,0.562865,0.088558,-0.000794,0.067334,-0.098138,0.000333,0.050181,0.000000,1.002524,0.000000,0.000000,0.000000,0.625146,0.000000,0.063059,0.000000,0.000000,0.000000,-0.294136,-0.007993,0.062882,-0.007697,0.050529,0.000193,-0.062281,0.088558,-0.063854,0.300889,0.125693
12.041000,5.097000,-0.238117,-0.007073,1.064698,-0.007362,0.049639,0.000204,0.569055,0.089508,0.004891,0.071005,-0.093531,0.000178,0.062667,0.000000,1.003943,0.000000,0.000000,0.000000,0.623364,0.000000,0.078749,0.000000,0.000000,0.000000,-0.300783,-0.007073,0.060756,-0.007362,0.049639,0.000204,-0.054309,0.089508,-0.073858,0.306940,0.128126
12.050000,5.106000,-0.231122,-0.005972,1.064290,-0.006994,0.048941,0.000214,0.579070,0.091033,0.011273,0.076011,-0.100930,0.000005,0.062667,0.000000,1.003943,0.000000,0.000000,0.000000,0.623364,0.000000,0.078749,0.000000,0.000000,0.000000,-0.293789,-0.005972,0.060347,-0.006994,0.048941,0.000214,-0.044294,0.091033,-0.067476,0.299982,0.121663
12.061000,5.117000,-0.224704,-0.004963,1.063939,-0.006609,0.048017,0.000223,0.586540,0.092130,0.017644,0.076140,-0.103718,-0.000079,0.075113,0.000000,1.005674,0.000000,0.000000,0.000000,0.621188,0.000000,0.094390,0.000000,0.000000,0.000000,-0.299817,-0.004963,0.058265,-0.006609,0.048017,0.000223,-0.034648,0.092130,-0.076746,0.305466,0.124813
12.070000,5.126000,-0.218651,-0.004012,1.063678,-0.006221,0.046956,0.000231,0.592321,0.092935,0.024409,0.071848,-0.109895,-0.000102,0.075113,0.000000,1.005674,0.000000,0.000000,0.000000,0.621188,0.000000,0.094390,0.000000,0.000000,0.000000,-0.293764,-0.004012,0.058004,-0.006221,0.046956,0.000231,-0.028867,0.092935,-0.069980,0.299462,0.119864
12.081000,5.137000,-0.212773,-0.003090,1.063506,-0.005856,0.045813,0.000237,0.597143,0.093565,0.031243,0.068511,-0.111679,-0.000199,0.087512,0.000000,1.007718,0.000000,0.000000,0.000000,0.618620,0.000000,0.109970,0.000000,0.000000,0.000000,-0.300285,-0.003090,0.055788,-0.005856,0.045813,0.000237,-0.021477,0.093565,-0.078727,0.305438,0.124152
12.091000,5.147000,-0.206964,-0.002181,1.063413,-0.005527,0.044621,0.000242,0.601423,0.094089,0.038248,0.066702,-0.113992,-0.000272,0.087512,0.000000,1.007718,0.000000,0.000000,0.000000,0.618620,0.000000,0.109970,0.000000,0.000000,0.000000,-0.294476,-0.002181,0.055696,-0.005527,0.044621,0.000242,-0.017197,0.094089,-0.071722,0.299705,0.119551
12.100000,5.156000,-0.200950,-0.001240,1.063796,-0.004860,0.043481,0.000246,0.606169,0.094678,0.046448,0.098552,-0.113669,-0.000357,0.099855,0.000000,1.010072,0.000000,0.000000,0.000000,0.615661,0.000000,0.125481,0.000000,0.000000,0.000000,-0.300805,-0.001240,0.053723,-0.004860,0.043481,0.000246,-0.009492,0.094678,-0.079033,0.305568,0.123694
12.113000,5.169000,-0.197730,-0.000741,1.063357,-0.004869,0.041520,0.000249,0.600637,0.093637,0.052058,0.061399,-0.116494,-0.000339,0.112135,0.000000,1.012737,0.000000,0.000000,0.000000,0.612313,0.000000,0.140913,0.000000,0.000000,0.000000,-0.309866,-0.000741,0.050620,-0.004869,0.041520,0.000249,-0.011676,0.093637,-0.088856,0.313974,0.129613
12.120000,5.176000,-0.191724,0.000195,1.063877,-0.004255,0.040355,0.000252,0.605055,0.094156,0.060297,0.095430,-0.115243,-0.000389,0.112135,0.000000,1.012737,0.000000,0.000000,0.000000,0.612313,0.000000,0.140913,0.000000,0.000000,0.000000,-0.303859,0.000195,0.051141,-0.004255,0.040355,0.000252,-0.007258,0.094156,-0.080616,0.308133,0.124165
12.131000,5.187000,-0.186636,0.000984,1.063612,-0.004427,0.038888,0.000253,0.605972,0.094117,0.066057,0.055287,-0.112132,-0.000445,0.112135,0.000000,1.012737,0.000000,0.000000,0.000000,0.612313,0.000000,0.140913,0.000000,0.000000,0.000000,-0.298772,0.000984,0.050876,-0.004427,0.038888,0.000253,-0.006341,0.094117,-0.074856,0.303074,0.120423
12.142000,5.198000,-0.179366,0.002111,1.063971,-0.004330,0.038045,0.000254,0.614537,0.095274,0.073460,0.052737,-0.110124,-0.000514,0.124345,0.000000,1.015708,0.000000,0.000000,0.000000,0.608579,0.000000,0.156256,0.000000,0.000000,0.000000,-0.303711,0.002111,0.048263,-0.004330,0.038045,0.000254,0.005958,0.095274,-0.082797,0.307529,0.126364
12.151000,5.207000,-0.172673,0.003147,1.064334,-0.003829,0.037108,0.000254,0.620594,0.096043,0.080664,0.090318,-0.099980,-0.000532,0.124345,0.000000,1.015708,0.000000,0.000000,0.000000,0.608579,0.000000,0.156256,0.000000,0.000000,0.000000,-0.297018,0.003147,0.048626,-0.003829,0.037108,0.000254,0.012016,0.096043,-0.075593,0.300988,0.122812
12.160000,5.216000,-0.166467,0.004107,1.065141,-0.004099,0.035860,0.000254,0.624534,0.096499,0.088965,0.053058,-0.105706,-0.000536,0.136476,0.000000,1.018986,0.000000,0.000000,0.000000,0.604460,0.000000,0.171501,0.000000,0.000000,0.000000,-0.302943,0.004107,0.046154,-0.004099,0.035860,0.000254,0.020074,0.096499,-0.082536,0.306466,0.128558
12.170000,5.226000,-0.164079,0.004473,1.065037,-0.003847,0.033688,0.000253,0.614515,0.094790,0.094278,0.037279,-0.111145,-0.000557,0.136476,0.000000,1.018986,0.000000,0.000000,0.000000,0.604460,0.000000,0.171501,0.000000,0.000000,0.000000,-0.300555,0.004473,0.046050,-0.003847,0.033688,0.000253,0.010055,0.094790,-0.077223,0.304096,0.122677
12.181000,5.237000,-0.157502,0.005485,1.065388,-0.003856,0.032825,0.000249,0.619798,0.095459,0.100824,0.051454,-0.092495,-0.000749,0.149121,0.000000,1.022755,0.000000,0.000000,0.000000,0.599724,0.000000,0.187391,0.000000,0.000000,0.000000,-0.306623,0.005485,0.042633,-0.003856,0.032825,0.000249,0.020074,0.095459,-0.086567,0.309621,0.130419
12.192000,5.248000,-0.149832,0.006665,1.066205,-0.003975,0.032226,0.000243,0.628691,0.096707,0.108531,0.043952,-0.089198,-0.001043,0.149121,0.000000,1.022755,0.000000,0.000000,0.000000,0.599724,0.000000,0.187391,0.000000,0.000000,0.000000,-0.298953,0.006665,0.043450,-0.003975,0.032226,0.000243,0.028967,0.096707,-0.078860,0.302167,0.128102
12.204000,5.260000,-0.142832,0.007741,1.066979,-0.004096,0.031453,0.000234,0.634745,0.097541,0.115890,0.041992,-0.084036,-0.001297,0.160472,0.000000,1.026451,0.000000,0.000000,0.000000,0.595079,0.000000,0.201655,0.000000,0.000000,0.000000,-0.303304,0.007741,0.040529,-0.004096,0.031453,0.000234,0.039666,0.097541,-0.085764,0.306098,0.135805
12.210000,5.266000,-0.136485,0.008716,1.068138,-0.003676,0.030613,0.000224,0.638157,0.097986,0.126237,0.088087,-0.082685,-0.001164,0.160472,0.000000,1.026451,0.000000,0.000000,0.000000,0.595079,0.000000,0.201655,0.000000,0.000000,0.000000,-0.296956,0.008716,0.041687,-0.003676,0.030613,0.000224,0.043078,0.097986,-0.075418,0.299995,0.130938
12.222000,5.278000,-0.132415,0.009338,1.068247,-0.004119,0.029059,0.000211,0.633252,0.097177,0.133234,0.044227,-0.090154,-0.001347,0.172321,0.000000,1.030633,0.000000,0.000000,0.000000,0.589824,0.000000,0.216546,0.000000,0.000000,0.000000,-0.304737,0.009338,0.037613,-0.004119,0.029059,0.000211,0.043428,0.097177,-0.083312,0.307191,0.135167
12.230000,5.286000,-0.126083,0.010310,1.069579,-0.004152,0.028182,0.000200,0.636325,0.097620,0.140850,0.030382,-0.093569,-0.001290,0.172321,0.000000,1.030633,0.000000,0.000000,0.000000,0.589824,0.000000,0.216546,0.000000,0.000000,0.000000,-0.298404,0.010310,0.038946,-0.004152,0.028182,0.000200,0.046501,0.097620,-0.075696,0.301111,0.131992
12.260000,5.316000,-0.122323,0.010886,1.069952,-0.004043,0.026572,0.000189,0.629999,0.096628,0.145458,0.030764,-0.097994,-0.001324,0.195687,0.000000,1.039884,0.000000,0.000000,0.000000,0.578199,0.000000,0.245907,0.000000,0.000000,0.000000,-0.318010,0.010886,0.030068,-0.004043,0.026572,0.000189,0.051800,0.096628,-0.100449,0.319613,0.148695
12.263000,5.319000,-0.110137,0.012755,1.071932,-0.004000,0.027279,0.000180,0.654105,0.100334,0.154606,0.058755,-0.103624,-0.001152,0.195687,0.000000,1.039884,0.000000,0.000000,0.000000,0.578199,0.000000,0.245907,0.000000,0.000000,0.000000,-0.305824,0.012755,0.032048,-0.004000,0.027279,0.000180,0.075906,0.100334,-0.091301,0.307763,0.155449
12.270000,5.326000,-0.103596,0.013759,1.073478,-0.003412,0.026243,0.000172,0.657107,0.100774,0.166539,0.113878,-0.097626,-0.000922,0.195687,0.000000,1.039884,0.000000,0.000000,0.000000,0.578199,0.000000,0.245907,0.000000,0.000000,0.000000,-0.299283,0.013759,0.033594,-0.003412,0.026243,0.000172,0.078909,0.100774,-0.079368,0.301476,0.150603
12.280000,5.336000,-0.098336,0.014566,1.074232,-0.004258,0.024883,0.000156,0.655293,0.100576,0.175837,0.068512,-0.092637,-0.001249,0.207188,0.000000,1.044947,0.000000,0.000000,0.000000,0.571836,0.000000,0.260360,0.000000,0.000000,0.000000,-0.305524,0.014566,0.029285,-0.004258,0.024883,0.000156,0.083457,0.100576,-0.084522,0.307270,0.155643
12.290000,5.346000,-0.092380,0.015480,1.075474,-0.004045,0.023744,0.000148,0.655806,0.100707,0.182152,0.046963,-0.103928,-0.001151,0.207188,0.000000,1.044947,0.000000,0.000000,0.000000,0.571836,0.000000,0.260360,0.000000,0.000000,0.000000,-0.299568,0.015480,0.030527,-0.004045,0.023744,0.000148,0.083970,0.100707,-0.078208,0.301517,0.152674
12.300000,5.356000,-0.086248,0.016422,1.076849,-0.003708,0.022661,0.000139,0.656813,0.100899,0.188667,0.053817,-0.104807,-0.001067,0.219687,0.000000,1.050848,0.000000,0.000000,0.000000,0.564421,0.000000,0.276067,0.000000,0.000000,0.000000,-0.305935,0.016422,0.026001,-0.003708,0.022661,0.000139,0.092392,0.100899,-0.087400,0.307477,0.162345
12.310000,5.366000,-0.080040,0.017376,1.078321,-0.003384,0.021563,0.000131,0.657939,0.101091,0.195060,0.085234,-0.101978,-0.001008,0.219687,0.000000,1.050848,0.000000,0.000000,0.000000,0.564421,0.000000,0.276067,0.000000,0.000000,0.000000,-0.299727,0.017376,0.027473,-0.003384,0.021563,0.000131,0.093518,0.101091,-0.081007,0.301485,0.159773
12.320000,5.376000,-0.073790,0.018337,1.079876,-0.003118,0.020421,0.000122,0.659060,0.101269,0.201512,0.082747,-0.106709,-0.001010,0.229790,0.000000,1.055932,0.000000,0.000000,0.000000,0.558033,0.000000,0.288763,0.000000,0.000000,0.000000,-0.303580,0.018337,0.023944,-0.003118,0.020421,0.000122,0.101027,0.101269,-0.087250,0.305074,0.167554
12.330000,5.386000,-0.067514,0.019301,1.081510,-0.002853,0.019235,0.000113,0.660122,0.101427,0.208297,0.065331,-0.111425,-0.000982,0.229790,0.000000,1.055932,0.000000,0.000000,0.000000,0.558033,0.000000,0.288763,0.000000,0.000000,0.000000,-0.297303,0.019301,0.025579,-0.002853,0.019235,0.000113,0.102090,0.101427,-0.080465,0.299025,0.164877
12.340000,5.396000,-0.059081,0.020596,1.083707,-0.002674,0.018595,0.000107,0.668863,0.102742,0.216532,0.064122,-0.117946,-0.000750,0.240877,0.000000,1.061847,0.000000,0.000000,0.000000,0.550600,0.000000,0.302695,0.000000,0.000000,0.000000,-0.299958,0.020596,0.021860,-0.002674,0.018595,0.000107,0.118263,0.102742,-0.086163,0.301458,0.178791
12.350000,5.406000,-0.052392,0.021623,1.085872,-0.002033,0.017416,0.000103,0.670830,0.103025,0.224198,0.108283,-0.113861,-0.000541,0.240877,0.000000,1.061847,0.000000,0.000000,0.000000,0.550600,0.000000,0.302695,0.000000,0.000000,0.000000,-0.293269,0.021623,0.024025,-0.002033,0.017416,0.000103,0.120230,0.103025,-0.078497,0.295045,0.176724
12.360000,5.416000,-0.045613,0.022662,1.087636,-0.002142,0.016159,0.000098,0.672933,0.103301,0.230467,0.074436,-0.119022,-0.000453,0.251812,0.000000,1.068038,0.000000,0.000000,0.000000,0.542819,0.000000,0.316436,0.000000,0.000000,0.000000,-0.297424,0.022662,0.019597,-0.002142,0.016159,0.000098,0.130114,0.103301,-0.085968,0.298929,0.187060
12.370000,5.426000,-0.037486,0.023908,1.090164,-0.001953,0.015281,0.000097,0.679711,0.104297,0.238267,0.055762,-0.127067,-0.000356,0.251812,0.000000,1.068038,0.000000,0.000000,0.000000,0.542819,0.000000,0.316436,0.000000,0.000000,0.000000,-0.289297,0.023908,0.022126,-0.001953,0.015281,0.000097,0.136892,0.104297,-0.078169,0.291126,0.189017
12.381000,5.437000,-0.030149,0.025032,1.092499,-0.001729,0.014120,0.000095,0.683254,0.104784,0.245269,0.051197,-0.130822,-0.000293,0.262587,0.000000,1.074503,0.000000,0.000000,0.000000,0.534696,0.000000,0.329977,0.000000,0.000000,0.000000,-0.292736,0.025032,0.017996,-0.001729,0.014120,0.000095,0.148558,0.104784,-0.084708,0.294355,0.200561
12.391000,5.447000,-0.023299,0.026081,1.094748,-0.001209,0.012794,0.000095,0.684794,0.104959,0.253933,0.102092,-0.133314,-0.000236,0.262587,0.000000,1.074503,0.000000,0.000000,0.000000,0.534696,0.000000,0.329977,0.000000,0.000000,0.000000,-0.285886,0.026081,0.020245,-0.001209,0.012794,0.000095,0.150099,0.104959,-0.076044,0.287786,0.198315
12.400000,5.456000,-0.016451,0.027130,1.097287,-0.001505,0.011460,0.000093,0.686168,0.105142,0.263196,0.068990,-0.135837,-0.000311,0.273197,0.000000,1.081236,0.000000,0.000000,0.000000,0.526234,0.000000,0.343310,0.000000,0.000000,0.000000,-0.289648,0.027130,0.016051,-0.001505,0.011460,0.000093,0.159933,0.105142,-0.080114,0.291358,0.207489
12.410000,5.466000,-0.012893,0.027671,1.098352,-0.001284,0.009112,0.000093,0.675443,0.103444,0.265066,0.044207,-0.141379,-0.000167,0.273197,0.000000,1.081236,0.000000,0.000000,0.000000,0.526234,0.000000,0.343310,0.000000,0.000000,0.000000,-0.286090,0.027671,0.017116,-0.001284,0.009112,0.000093,0.149208,0.103444,-0.078243,0.287935,0.197701
12.423000,5.479000,-0.005217,0.028844,1.101139,-0.001173,0.007890,0.000095,0.679735,0.104074,0.271891,0.046333,-0.148701,0.000023,0.283634,0.000000,1.088234,0.000000,0.000000,0.000000,0.517441,0.000000,0.356426,0.000000,0.000000,0.000000,-0.288851,0.028844,0.012905,-0.001173,0.007890,0.000095,0.162294,0.104074,-0.084535,0.290575,0.210516
12.430000,5.486000,0.001581,0.029885,1.103858,-0.001033,0.006376,0.000097,0.680562,0.104200,0.278619,0.072289,-0.139851,0.000010,0.283634,0.000000,1.088234,0.000000,0.000000,0.000000,0.517441,0.000000,0.356426,0.000000,0.000000,0.000000,-0.282054,0.029885,0.015624,-0.001033,0.006376,0.000097,0.163121,0.104200,-0.077807,0.284063,0.208615
12.440000,5.496000,0.005924,0.030544,1.105274,-0.000708,0.004193,0.000097,0.672374,0.102916,0.281364,0.080779,-0.138088,-0.000089,0.293893,0.000000,1.095492,0.000000,0.000000,0.000000,0.508320,0.000000,0.369316,0.000000,0.000000,0.000000,-0.287969,0.030544,0.009782,-0.000708,0.004193,0.000097,0.164054,0.102916,-0.087952,0.289749,0.212699
12.451000,5.507000,0.013692,0.031731,1.108307,-0.000446,0.003024,0.000097,0.676612,0.103556,0.288444,0.078899,-0.137179,-0.000210,0.293893,0.000000,1.095492,0.000000,0.000000,0.000000,0.508320,0.000000,0.369316,0.000000,0.000000,0.000000,-0.280201,0.031731,0.012816,-0.000446,0.003024,0.000097,0.168291,0.103556,-0.080872,0.282283,0.213509
12.460000,5.516000,0.020458,0.032766,1.111192,0.000343,0.001652,0.000095,0.676928,0.103602,0.294880,0.123583,-0.128338,-0.000232,0.303965,0.000000,1.103005,0.000000,0.000000,0.000000,0.498879,0.000000,0.381974,0.000000,0.000000,0.000000,-0.283507,0.032766,0.008187,0.000343,0.001652,0.000095,0.178049,0.103602,-0.087094,0.285512,0.223652
12.470000,5.526000,0.023299,0.033198,1.112242,0.000466,-0.000934,0.000093,0.662958,0.101436,0.296188,0.082628,-0.128819,-0.000187,0.303965,0.000000,1.103005,0.000000,0.000000,0.000000,0.498879,0.000000,0.381974,0.000000,0.000000,0.000000,-0.280666,0.033198,0.009237,0.000466,-0.000934,0.000093,0.164079,0.101436,-0.085786,0.282773,0.211117
12.480000,5.536000,0.030343,0.034271,1.115051,0.000889,-0.002095,0.000092,0.664468,0.101593,0.303337,0.084123,-0.110893,-0.000083,0.313846,0.000000,1.110769,0.000000,0.000000,0.000000,0.489122,0.000000,0.394390,0.000000,0.000000,0.000000,-0.283502,0.034271,0.004282,0.000889,-0.002095,0.000092,0.175346,0.101593,-0.091053,0.285598,0.222166
12.490000,5.546000,0.036988,0.035286,1.118084,0.001730,-0.003204,0.000090,0.664247,0.101499,0.310933,0.120277,-0.088154,-0.000057,0.313846,0.000000,1.110769,0.000000,0.000000,0.000000,0.489122,0.000000,0.394390,0.000000,0.000000,0.000000,-0.276858,0.035286,0.007315,0.001730,-0.003204,0.000090,0.175124,0.101499,-0.083457,0.279193,0.218942
12.501000,5.557000,0.043263,0.036238,1.120609,0.001914,-0.004515,0.000092,0.662676,0.101114,0.316824,0.088532,-0.090730,0.000233,0.323528,0.000000,1.118779,0.000000,0.000000,0.000000,0.479057,0.000000,0.406557,0.000000,0.000000,0.000000,-0.280265,0.036238,0.001830,0.001914,-0.004515,0.000092,0.183619,0.101114,-0.089734,0.282604,0.228018
12.511000,5.567000,0.051239,0.037450,1.124186,0.002350,-0.005035,0.000093,0.667146,0.101630,0.327606,0.068923,-0.086501,0.000321,0.323528,0.000000,1.118779,0.000000,0.000000,0.000000,0.479057,0.000000,0.406557,0.000000,0.000000,0.000000,-0.272289,0.037450,0.005408,0.002350,-0.005035,0.000093,0.188089,0.101630,-0.078951,0.274905,0.227902
12.520000,5.576000,0.057911,0.038467,1.127462,0.003039,-0.005900,0.000095,0.666603,0.101377,0.337184,0.086665,-0.080476,0.000303,0.333006,0.000000,1.127029,0.000000,0.000000,0.000000,0.468689,0.000000,0.418468,0.000000,0.000000,0.000000,-0.275095,0.038467,0.000433,0.003039,-0.005900,0.000095,0.197915,0.101377,-0.081283,0.277772,0.236758
12.530000,5.586000,0.060943,0.038921,1.128818,0.003319,-0.007742,0.000093,0.652925,0.099070,0.337693,0.079287,-0.078562,0.000066,0.333006,0.000000,1.127029,0.000000,0.000000,0.000000,0.468689,0.000000,0.418468,0.000000,0.000000,0.000000,-0.272063,0.038921,0.001788,0.003319,-0.007742,0.000093,0.184236,0.099070,-0.080775,0.274839,0.224237
12.540000,5.596000,0.066120,0.039701,1.131296,0.003504,-0.008815,0.000090,0.647325,0.097979,0.341449,0.061028,-0.070317,-0.000171,0.342274,0.000000,1.135516,0.000000,0.000000,0.000000,0.458024,0.000000,0.430114,0.000000,0.000000,0.000000,-0.276153,0.039701,-0.004220,0.003504,-0.008815,0.000090,0.189301,0.097979,-0.088665,0.279024,0.230860
12.553000,5.609000,0.073884,0.040867,1.135007,0.003535,-0.009031,0.000086,0.651254,0.098304,0.349067,0.043768,-0.056920,-0.000248,0.351325,0.000000,1.144232,0.000000,0.000000,0.000000,0.447071,0.000000,0.441488,0.000000,0.000000,0.000000,-0.277441,0.040867,-0.009226,0.003535,-0.009031,0.000086,0.204183,0.098304,-0.092421,0.280586,0.244737
12.563000,5.619000,0.082057,0.042094,1.139149,0.003467,-0.009150,0.000081,0.656431,0.098835,0.357718,0.051771,-0.059523,-0.000210,0.351325,0.000000,1.144232,0.000000,0.000000,0.000000,0.447071,0.000000,0.441488,0.000000,0.000000,0.000000,-0.269268,0.042094,-0.005083,0.003467,-0.009150,0.000081,0.209360,0.098835,-0.083770,0.272586,0.246206
12.570000,5.626000,0.088621,0.043082,1.142726,0.003985,-0.009745,0.000077,0.655472,0.098471,0.364448,0.099495,-0.056563,-0.000187,0.351325,0.000000,1.144232,0.000000,0.000000,0.000000,0.447071,0.000000,0.441488,0.000000,0.000000,0.000000,-0.262704,0.043082,-0.001506,0.003985,-0.009745,0.000077,0.208401,0.098471,-0.077040,0.266218,0.243028
12.580000,5.636000,0.091885,0.043563,1.144350,0.003562,-0.011215,0.000074,0.642633,0.096300,0.365293,0.047884,-0.054382,-0.000130,0.360155,0.000000,1.153173,0.000000,0.000000,0.000000,0.435835,0.000000,0.452584,0.000000,0.000000,0.000000,-0.268269,0.043563,-0.008823,0.003562,-0.011215,0.000074,0.206797,0.096300,-0.087290,0.271926,0.244251
12.590000,5.646000,0.097080,0.044335,1.147122,0.003552,-0.012046,0.000073,0.637114,0.095255,0.368660,0.024193,-0.058109,0.000059,0.360155,0.000000,1.153173,0.000000,0.000000,0.000000,0.435835,0.000000,0.452584,0.000000,0.000000,0.000000,-0.263075,0.044335,-0.006051,0.003552,-0.012046,0.000073,0.201278,0.095255,-0.083923,0.266853,0.237970
12.600000,5.656000,0.104792,0.045479,1.151230,0.003445,-0.012087,0.000072,0.640915,0.095602,0.375826,0.022128,-0.057781,0.000092,0.368757,0.000000,1.162334,0.000000,0.000000,0.000000,0.424324,0.000000,0.463393,0.000000,0.000000,0.000000,-0.263965,0.045479,-0.011104,0.003445,-0.012087,0.000072,0.216591,0.095602,-0.087567,0.268084,0.252427
12.610000,5.666000,0.111201,0.046435,1.154988,0.003341,-0.012645,0.000070,0.639642,0.095243,0.383003,0.048533,-0.048335,-0.000069,0.368757,0.000000,1.162334,0.000000,0.000000,0.000000,0.424324,0.000000,0.463393,0.000000,0.000000,0.000000,-0.257555,0.046435,-0.007345,0.003341,-0.012645,0.000070,0.215318,0.095243,-0.080390,0.261811,0.248788
12.620000,5.676000,0.115730,0.047101,1.157474,0.003248,-0.013710,0.000065,0.631643,0.093871,0.386255,0.044860,-0.050372,-0.000302,0.377126,0.000000,1.171707,0.000000,0.000000,0.000000,0.412545,0.000000,0.473910,0.000000,0.000000,0.000000,-0.261395,0.047101,-0.014233,0.003248,-0.013710,0.000065,0.219098,0.093871,-0.087655,0.265986,0.253967
12.630000,5.686000,0.121255,0.047916,1.160653,0.003141,-0.014461,0.000057,0.627449,0.093102,0.390773,0.038764,-0.060171,-0.000592,0.377126,0.000000,1.171707,0.000000,0.000000,0.000000,0.412545,0.000000,0.473910,0.000000,0.000000,0.000000,-0.255871,0.047916,-0.011054,0.003141,-0.014461,0.000057,0.214904,0.093102,-0.083137,0.260554,0.248523
12.640000,5.696000,0.127073,0.048775,1.164071,0.003095,-0.015114,0.000047,0.624398,0.092526,0.395850,0.045229,-0.061066,-0.000789,0.385257,0.000000,1.181288,0.000000,0.000000,0.000000,0.400505,0.000000,0.484128,0.000000,0.000000,0.000000,-0.258184,0.048775,-0.017217,0.003095,-0.015114,0.000047,0.223893,0.092526,-0.088278,0.263314,0.257842
12.650000,5.706000,0.133008,0.049650,1.167619,0.003128,-0.015744,0.000037,0.621804,0.092033,0.401730,0.057759,-0.053388,-0.000734,0.385257,0.000000,1.181288,0.000000,0.000000,0.000000,0.400505,0.000000,0.484128,0.000000,0.000000,0.000000,-0.252249,0.049650,-0.013669,0.003128,-0.015744,0.000037,0.221299,0.092033,-0.082398,0.257452,0.253442
12.660000,5.716000,0.138987,0.050531,1.171263,0.003253,-0.016373,0.000026,0.619397,0.091574,0.407717,0.067391,-0.054441,-0.000730,0.393144,0.000000,1.191070,0.000000,0.000000,0.000000,0.388213,0.000000,0.494040,0.000000,0.000000,0.000000,-0.254157,0.050531,-0.019807,0.003253,-0.016373,0.000026,0.231185,0.091574,-0.086322,0.259887,0.263218
12.670000,5.726000,0.144977,0.051412,1.174983,0.003485,-0.016984,0.000016,0.617051,0.091119,0.413691,0.070200,-0.055973,-0.000629,0.393144,0.000000,1.191070,0.000000,0.000000,0.000000,0.388213,0.000000,0.494040,0.000000,0.000000,0.000000,-0.248167,0.051412,-0.016087,0.003485,-0.016984,0.000016,0.228838,0.091119,-0.080349,0.253947,0.259086
12.680000,5.736000,0.150960,0.052292,1.178769,0.003824,-0.017570,0.000007,0.614701,0.090647,0.419681,0.080156,-0.054260,-0.000499,0.400783,0.000000,1.201048,0.000000,0.000000,0.000000,0.375675,0.000000,0.503639,0.000000,0.000000,0.000000,-0.249824,0.052292,-0.022279,0.003824,-0.017570,0.000007,0.239026,0.090647,-0.083959,0.256208,0.269072
12.690000,5.746000,0.156928,0.053168,1.182615,0.004252,-0.018132,-0.000000,0.612324,0.090143,0.425416,0.083300,-0.052095,-0.000330,0.400783,0.000000,1.201048,0.000000,0.000000,0.000000,0.375675,0.000000,0.503639,0.000000,0.000000,0.000000,-0.243856,0.053168,-0.018432,0.004252,-0.018132,-0.000000,0.236649,0.090143,-0.078223,0.250264,0.265042
12.700000,5.756000,0.162875,0.054039,1.186518,0.004750,-0.018671,-0.000005,0.609902,0.089593,0.431146,0.090043,-0.049868,-0.000124,0.409255,0.000000,1.212754,0.000000,0.000000,0.000000,0.360963,0.000000,0.514286,0.000000,0.000000,0.000000,-0.246380,0.054039,-0.026236,0.004750,-0.018671,-0.000005,0.248939,0.089593,-0.083140,0.253598,0.277326
12.710000,5.766000,0.170846,0.055201,1.191748,0.005217,-0.018547,-0.000008,0.614956,0.090053,0.440333,0.087211,-0.049319,0.000096,0.409255,0.000000,1.212754,0.000000,0.000000,0.000000,0.360963,0.000000,0.514286,0.000000,0.000000,0.000000,-0.238409,0.055201,-0.021007,0.005217,-0.018547,-0.000008,0.253993,0.090053,-0.073953,0.245617,0.279447
12.720000,5.776000,0.176996,0.056102,1.196151,0.006089,-0.019040,-0.000009,0.613016,0.089507,0.446825,0.118017,-0.046318,0.000196,0.416345,0.000000,1.223130,0.000000,0.000000,0.000000,0.347925,0.000000,0.523194,0.000000,0.000000,0.000000,-0.239349,0.056102,-0.026979,0.006089,-0.019040,-0.000009,0.265090,0.089507,-0.076369,0.247312,0.290029
12.730000,5.786000,0.181509,0.056752,1.199194,0.006412,-0.019965,-0.000011,0.605270,0.088023,0.448589,0.085766,-0.056488,0.000162,0.416345,0.000000,1.223130,0.000000,0.000000,0.000000,0.347925,0.000000,0.523194,0.000000,0.000000,0.000000,-0.234836,0.056752,-0.023935,0.006412,-0.019965,-0.000011,0.257345,0.088023,-0.074605,0.242779,0.282029
12.740000,5.796000,0.186864,0.057524,1.202953,0.006939,-0.020610,-0.000012,0.600777,0.086971,0.452390,0.082079,-0.058034,0.000166,0.422164,0.000000,1.232087,0.000000,0.000000,0.000000,0.336670,0.000000,0.530507,0.000000,0.000000,0.000000,-0.235300,0.057524,-0.029134,0.006939,-0.020610,-0.000012,0.264107,0.086971,-0.078117,0.243975,0.288823
12.750000,5.806000,0.192462,0.058326,1.206956,0.007407,-0.021216,-0.000015,0.597210,0.086000,0.459107,0.073659,-0.061540,0.000120,0.422164,0.000000,1.232087,0.000000,0.000000,0.000000,0.336670,0.000000,0.530507,0.000000,0.000000,0.000000,-0.229702,0.058326,-0.025130,0.007407,-0.021216,-0.000015,0.260540,0.086000,-0.071400,0.238321,0.283505
12.760000,5.816000,0.198148,0.059138,1.211115,0.007800,-0.021850,-0.000018,0.594032,0.085045,0.466076,0.066421,-0.067606,0.000089,0.428763,0.000000,1.242780,0.000000,0.000000,0.000000,0.323232,0.000000,0.538800,0.000000,0.000000,0.000000,-0.230615,0.059138,-0.031666,0.007800,-0.021850,-0.000018,0.270800,0.085045,-0.072724,0.240173,0.293008
12.770000,5.826000,0.203864,0.059948,1.215374,0.008096,-0.022544,-0.000023,0.591059,0.084101,0.470548,0.059783,-0.068168,0.000090,0.428763,0.000000,1.242780,0.000000,0.000000,0.000000,0.323232,0.000000,0.538800,0.000000,0.000000,0.000000,-0.224900,0.059948,-0.027406,0.008096,-0.022544,-0.000023,0.267827,0.084101,-0.068252,0.234360,0.288899
12.780000,5.836000,0.209579,0.060752,1.219687,0.008291,-0.023304,-0.000028,0.588120,0.083143,0.475043,0.050160,-0.075076,0.000085,0.435092,0.000000,1.253636,0.000000,0.000000,0.000000,0.309590,0.000000,0.546753,0.000000,0.000000,0.000000,-0.225513,0.060752,-0.033949,0.008291,-0.023304,-0.000028,0.278530,0.083143,-0.071709,0.236008,0.299389
12.790000,5.846000,0.215279,0.061549,1.224055,0.008392,-0.024118,-0.000034,0.585160,0.082178,0.479197,0.044993,-0.079405,0.000091,0.435092,0.000000,1.253636,0.000000,0.000000,0.000000,0.309590,0.000000,0.546753,0.000000,0.000000,0.000000,-0.219813,0.061549,-0.029581,0.008392,-0.024118,-0.000034,0.275571,0.082178,-0.067555,0.230177,0.295391
12.801000,5.857000,0.222914,0.062607,1.229905,0.008273,-0.024400,-0.000040,0.589320,0.082199,0.487573,0.032137,-0.085325,0.000064,0.441146,0.000000,1.264648,0.000000,0.000000,0.000000,0.295752,0.000000,0.554360,0.000000,0.000000,0.000000,-0.218231,0.062607,-0.034743,0.008273,-0.024400,-0.000040,0.293568,0.082199,-0.066787,0.229677,0.312089
12.811000,5.867000,0.230453,0.063649,1.235911,0.008123,-0.024818,-0.000047,0.592804,0.082142,0.498571,0.031149,-0.090801,0.000054,0.441146,0.000000,1.264648,0.000000,0.000000,0.000000,0.295752,0.000000,0.554360,0.000000,0.000000,0.000000,-0.210693,0.063649,-0.028737,0.008123,-0.024818,-0.000047,0.297052,0.082142,-0.055789,0.221965,0.313208
12.820000,5.876000,0.236381,0.064470,1.240897,0.008434,-0.025726,-0.000054,0.590178,0.081283,0.506230,0.068426,-0.090287,0.000061,0.446921,0.000000,1.275808,0.000000,0.000000,0.000000,0.281727,0.000000,0.561617,0.000000,0.000000,0.000000,-0.210540,0.064470,-0.034912,0.008434,-0.025726,-0.000054,0.308451,0.081283,-0.055387,0.222940,0.323754
12.830000,5.886000,0.239412,0.064871,1.243353,0.008012,-0.027472,-0.000061,0.577277,0.078998,0.501881,0.036410,-0.097344,0.000109,0.446921,0.000000,1.275808,0.000000,0.000000,0.000000,0.281727,0.000000,0.561617,0.000000,0.000000,0.000000,-0.207509,0.064871,-0.032456,0.008012,-0.027472,-0.000061,0.295550,0.078998,-0.059736,0.219821,0.311703
12.840000,5.896000,0.244108,0.065503,1.247261,0.008413,-0.028692,-0.000068,0.570701,0.077630,0.501886,0.082037,-0.099493,0.000136,0.452414,0.000000,1.287110,0.000000,0.000000,0.000000,0.267525,0.000000,0.568520,0.000000,0.000000,0.000000,-0.208306,0.065503,-0.039849,0.008413,-0.028692,-0.000068,0.303176,0.077630,-0.066634,0.221968,0.319972
12.851000,5.907000,0.251032,0.066431,1.253017,0.007878,-0.029271,-0.000073,0.572337,0.077397,0.508136,0.040553,-0.093547,0.000196,0.452414,0.000000,1.287110,0.000000,0.000000,0.000000,0.267525,0.000000,0.568520,0.000000,0.000000,0.000000,-0.201381,0.066431,-0.034094,0.007878,-0.029271,-0.000073,0.304812,0.077397,-0.060384,0.214779,0.320230
12.860000,5.916000,0.256756,0.067205,1.258098,0.008284,-0.030206,-0.000079,0.569345,0.076592,0.512230,0.082805,-0.086144,0.000218,0.457621,0.000000,1.298547,0.000000,0.000000,0.000000,0.253154,0.000000,0.575063,0.000000,0.000000,0.000000,-0.200865,0.067205,-0.040449,0.008284,-0.030206,-0.000079,0.316191,0.076592,-0.062833,0.215637,0.331348
12.870000,5.926000,0.260781,0.067734,1.261533,0.008037,-0.031720,-0.000084,0.560229,0.074928,0.513878,0.050415,-0.102337,0.000266,0.457621,0.000000,1.298547,0.000000,0.000000,0.000000,0.253154,0.000000,0.575063,0.000000,0.000000,0.000000,-0.196840,0.067734,-0.037014,0.008037,-0.031720,-0.000084,0.307076,0.074928,-0.061185,0.211433,0.321952
12.880000,5.936000,0.265674,0.068381,1.265860,0.008196,-0.032863,-0.000089,0.554449,0.073733,0.518079,0.058886,-0.101586,0.000339,0.462777,0.000000,1.310692,0.000000,0.000000,0.000000,0.237892,0.000000,0.581543,0.000000,0.000000,0.000000,-0.197103,0.068381,-0.044832,0.008196,-0.032863,-0.000089,0.316558,0.073733,-0.063463,0.213390,0.331169
12.890000,5.946000,0.272598,0.069290,1.271999,0.008410,-0.033385,-0.000092,0.556242,0.073534,0.525414,0.064194,-0.089152,0.000436,0.462777,0.000000,1.310692,0.000000,0.000000,0.000000,0.237892,0.000000,0.581543,0.000000,0.000000,0.000000,-0.190179,0.069290,-0.038693,0.008410,-0.033385,-0.000092,0.318351,0.073534,-0.056128,0.206073,0.331519
12.903000,5.959000,0.279642,0.070214,1.278444,0.008656,-0.033910,-0.000095,0.558270,0.073363,0.533452,0.068272,-0.085101,0.000557,0.467164,0.000000,1.321794,0.000000,0.000000,0.000000,0.223940,0.000000,0.587056,0.000000,0.000000,0.000000,-0.187523,0.070214,-0.043350,0.008656,-0.033910,-0.000095,0.334330,0.073363,-0.053604,0.204876,0.346456
12.910000,5.966000,0.285899,0.071027,1.284250,0.008965,-0.034617,-0.000096,0.557235,0.072756,0.540934,0.064807,-0.092840,0.000627,0.467164,0.000000,1.321794,0.000000,0.000000,0.000000,0.223940,0.000000,0.587056,0.000000,0.000000,0.000000,-0.181265,0.071027,-0.037544,0.008965,-0.034617,-0.000096,0.333295,0.072756,-0.046123,0.198271,0.344247
12.921000,5.977000,0.291471,0.071755,1.289660,0.009613,-0.035545,-0.000098,0.553627,0.071823,0.547022,0.093517,-0.094113,0.000593,0.471495,0.000000,1.333590,0.000000,0.000000,0.000000,0.209117,0.000000,0.592498,0.000000,0.000000,0.000000,-0.180024,0.071755,-0.043930,0.009613,-0.035545,-0.000098,0.344510,0.071823,-0.045477,0.198714,0.354843
12.932000,5.988000,0.294867,0.072176,1.292847,0.009701,-0.036926,-0.000100,0.542483,0.069837,0.542531,0.062577,-0.089769,0.000539,0.471495,0.000000,1.333590,0.000000,0.000000,0.000000,0.209117,0.000000,0.592498,0.000000,0.000000,0.000000,-0.176628,0.072176,-0.040743,0.009701,-0.036926,-0.000100,0.333366,0.069837,-0.049968,0.195108,0.344248
12.940000,5.996000,0.300292,0.072874,1.298272,0.010327,-0.037824,-0.000103,0.538779,0.068865,0.544676,0.090499,-0.090951,0.000457,0.475528,0.000000,1.345492,0.000000,0.000000,0.000000,0.194161,0.000000,0.597566,0.000000,0.000000,0.000000,-0.175237,0.072874,-0.047219,0.010327,-0.037824,-0.000103,0.344618,0.068865,-0.052891,0.195571,0.355389
12.951000,6.007000,0.304771,0.073428,1.302554,0.010323,-0.038885,-0.000106,0.531829,0.067390,0.544260,0.055973,-0.086796,0.000465,0.475528,0.000000,1.345492,0.000000,0.000000,0.000000,0.194161,0.000000,0.597566,0.000000,0.000000,0.000000,-0.170758,0.073428,-0.042937,0.010323,-0.038885,-0.000106,0.337667,0.067390,-0.053307,0.190771,0.348428
12.960000,6.016000,0.310089,0.074102,1.307997,0.010883,-0.039753,-0.000111,0.527896,0.066347,0.547229,0.081880,-0.083742,0.000405,0.479261,0.000000,1.357490,0.000000,0.000000,0.000000,0.179083,0.000000,0.602257,0.000000,0.000000,0.000000,-0.169172,0.074102,-0.049493,0.010883,-0.039753,-0.000111,0.348813,0.066347,-0.055028,0.191206,0.359306
12.970000,6.026000,0.313297,0.074492,1.311209,0.010899,-0.041227,-0.000115,0.516499,0.064310,0.543611,0.051517,-0.087704,0.000412,0.479261,0.000000,1.357490,0.000000,0.000000,0.000000,0.179083,0.000000,0.602257,0.000000,0.000000,0.000000,-0.165964,0.074492,-0.046281,0.010899,-0.041227,-0.000115,0.337416,0.064310,-0.058646,0.187710,0.348461
12.980000,6.036000,0.317634,0.075023,1.315645,0.011084,-0.042312,-0.000120,0.509379,0.062809,0.545330,0.033717,-0.092522,0.000403,0.482691,0.000000,1.369579,0.000000,0.000000,0.000000,0.163892,0.000000,0.606567,0.000000,0.000000,0.000000,-0.165057,0.075023,-0.053934,0.011084,-0.042312,-0.000120,0.345488,0.062809,-0.061237,0.189159,0.356450
12.990000,6.046000,0.322279,0.075589,1.320476,0.011086,-0.043309,-0.000128,0.503520,0.061467,0.548182,0.028244,-0.084135,0.000233,0.482691,0.000000,1.369579,0.000000,0.000000,0.000000,0.163892,0.000000,0.606567,0.000000,0.000000,0.000000,-0.160412,0.075589,-0.049103,0.011086,-0.043309,-0.000128,0.339628,0.061467,-0.058385,0.184002,0.350049
13.000000,6.056000,0.327032,0.076162,1.325492,0.011368,-0.044162,-0.000135,0.498159,0.060199,0.551485,0.054030,-0.074639,0.000205,0.485816,0.000000,1.381751,0.000000,0.000000,0.000000,0.148597,0.000000,0.610494,0.000000,0.000000,0.000000,-0.158784,0.076162,-0.056259,0.011368,-0.044162,-0.000135,0.349562,0.060199,-0.059010,0.184873,0.359583
13.013000,6.069000,0.333466,0.076930,1.332302,0.010753,-0.044607,-0.000147,0.499058,0.059718,0.560199,0.018124,-0.077432,-0.000012,0.488634,0.000000,1.393996,0.000000,0.000000,0.000000,0.133208,0.000000,0.614036,0.000000,0.000000,0.000000,-0.155168,0.076930,-0.061695,0.010753,-0.044607,-0.000147,0.365850,0.059718,-0.053837,0.183852,0.374581
13.020000,6.076000,0.338456,0.077527,1.337904,0.010934,-0.045381,-0.000155,0.494459,0.058610,0.565115,0.052610,-0.065889,0.000011,0.488634,0.000000,1.393996,0.000000,0.000000,0.000000,0.133208,0.000000,0.614036,0.000000,0.000000,0.000000,-0.150178,0.077527,-0.056093,0.010934,-0.045381,-0.000155,0.361251,0.058610,-0.048921,0.178073,0.369230
13.033000,6.089000,0.343576,0.078120,1.343456,0.010277,-0.046052,-0.000168,0.490630,0.057615,0.568562,0.017806,-0.071008,-0.000219,0.491144,0.000000,1.406309,0.000000,0.000000,0.000000,0.117735,0.000000,0.617189,0.000000,0.000000,0.000000,-0.147568,0.078120,-0.062854,0.010277,-0.046052,-0.000168,0.372895,0.057615,-0.048627,0.178408,0.380440
13.040000,6.096000,0.348482,0.078696,1.349141,0.010456,-0.046762,-0.000177,0.485936,0.056569,0.572296,0.057582,-0.065818,-0.000123,0.491144,0.000000,1.406309,0.000000,0.000000,0.000000,0.117735,0.000000,0.617189,0.000000,0.000000,0.000000,-0.142661,0.078696,-0.057168,0.010456,-0.046762,-0.000177,0.368201,0.056569,-0.044893,0.172666,0.375217
13.050000,6.106000,0.351641,0.079054,1.352739,0.009938,-0.047855,-0.000188,0.475156,0.054825,0.569228,0.024635,-0.064857,-0.000133,0.491144,0.000000,1.406309,0.000000,0.000000,0.000000,0.117735,0.000000,0.617189,0.000000,0.000000,0.000000,-0.139503,0.079054,-0.053570,0.009938,-0.047855,-0.000188,0.357420,0.054825,-0.047961,0.169057,0.364768
13.060000,6.116000,0.357166,0.079683,1.359102,0.009774,-0.048129,-0.000194,0.473291,0.054158,0.574309,0.033362,-0.059099,0.000110,0.493343,0.000000,1.418681,0.000000,0.000000,0.000000,0.102188,0.000000,0.619953,0.000000,0.000000,0.000000,-0.136177,0.079683,-0.059579,0.009774,-0.048129,-0.000194,0.371103,0.054158,-0.045644,0.168652,0.377802
13.071000,6.127000,0.363067,0.080354,1.366107,0.009789,-0.048330,-0.000197,0.472709,0.053651,0.581852,0.045105,-0.053986,0.000410,0.493343,0.000000,1.418681,0.000000,0.000000,0.000000,0.102188,0.000000,0.619953,0.000000,0.000000,0.000000,-0.130276,0.080354,-0.052574,0.009789,-0.048330,-0.000197,0.370521,0.053651,-0.038101,0.161842,0.376319
13.080000,6.136000,0.367794,0.080891,1.371926,0.010240,-0.048870,-0.000198,0.467779,0.052654,0.585677,0.082755,-0.050410,0.000565,0.495231,0.000000,1.431105,0.000000,0.000000,0.000000,0.086576,0.000000,0.622325,0.000000,0.000000,0.000000,-0.127437,0.080891,-0.059179,0.010240,-0.048870,-0.000198,0.381203,0.052654,-0.036648,0.162128,0.386563
13.093000,6.149000,0.371255,0.081268,1.376118,0.010100,-0.049701,-0.000199,0.458647,0.051162,0.583076,0.049082,-0.063048,0.000535,0.495231,0.000000,1.431105,0.000000,0.000000,0.000000,0.086576,0.000000,0.622325,0.000000,0.000000,0.000000,-0.123976,0.081268,-0.054987,0.010100,-0.049701,-0.000199,0.372071,0.051162,-0.039250,0.158108,0.377618
13.100000,6.156000,0.375842,0.081780,1.381949,0.010591,-0.050331,-0.000200,0.453656,0.050150,0.585317,0.078631,-0.070547,0.000560,0.496806,0.000000,1.443572,0.000000,0.000000,0.000000,0.070910,0.000000,0.624304,0.000000,0.000000,0.000000,-0.120964,0.081780,-0.061623,0.010591,-0.050331,-0.000200,0.382746,0.050150,-0.038987,0.158486,0.387981
13.110000,6.166000,0.378515,0.082068,1.385328,0.010662,-0.051334,-0.000200,0.441922,0.048353,0.581687,0.040642,-0.064247,0.000544,0.496806,0.000000,1.443572,0.000000,0.000000,0.000000,0.070910,0.000000,0.624304,0.000000,0.000000,0.000000,-0.118290,0.082068,-0.058244,0.010662,-0.051334,-0.000200,0.371012,0.048353,-0.042617,0.155307,0.376569
13.120000,6.176000,0.382198,0.082467,1.390074,0.010966,-0.052122,-0.000201,0.434149,0.046984,0.582133,0.042013,-0.069250,0.000528,0.498067,0.000000,1.456074,0.000000,0.000000,0.000000,0.055199,0.000000,0.625889,0.000000,0.000000,0.000000,-0.115869,0.082467,-0.066001,0.010966,-0.052122,-0.000201,0.378951,0.046984,-0.043756,0.156788,0.384351
13.131000,6.187000,0.387529,0.083038,1.396966,0.011130,-0.052466,-0.000204,0.432615,0.046273,0.588852,0.050430,-0.071148,0.000461,0.498067,0.000000,1.456074,0.000000,0.000000,0.000000,0.055199,0.000000,0.625889,0.000000,0.000000,0.000000,-0.110538,0.083038,-0.059109,0.011130,-0.052466,-0.000204,0.377417,0.046273,-0.037037,0.150359,0.382043
13.142000,6.198000,0.392995,0.083619,1.404241,0.011256,-0.052887,-0.000210,0.431531,0.045594,0.595857,0.039882,-0.075713,0.000350,0.499013,0.000000,1.468605,0.000000,0.000000,0.000000,0.039452,0.000000,0.627079,0.000000,0.000000,0.000000,-0.106019,0.083619,-0.064363,0.011256,-0.052887,-0.000210,0.392078,0.045594,-0.031222,0.149582,0.395953
13.150000,6.206000,0.397310,0.084075,1.410200,0.011655,-0.053644,-0.000215,0.426183,0.044458,0.598770,0.061506,-0.073408,0.000366,0.499013,0.000000,1.468605,0.000000,0.000000,0.000000,0.039452,0.000000,0.627079,0.000000,0.000000,0.000000,-0.101703,0.084075,-0.058405,0.011655,-0.053644,-0.000215,0.386730,0.044458,-0.028308,0.144303,0.390305
13.160000,6.216000,0.400531,0.084399,1.414581,0.011522,-0.054691,-0.000222,0.417160,0.042908,0.597000,0.034356,-0.078273,0.000263,0.499645,0.000000,1.481155,0.000000,0.000000,0.000000,0.023681,0.000000,0.627872,0.000000,0.000000,0.000000,-0.099114,0.084399,-0.066574,0.011522,-0.054691,-0.000222,0.393479,0.042908,-0.030872,0.146214,0.397014
13.171000,6.227000,0.405446,0.084899,1.421496,0.011560,-0.055263,-0.000229,0.414465,0.042037,0.601360,0.023881,-0.082493,0.000285,0.499645,0.000000,1.481155,0.000000,0.000000,0.000000,0.023681,0.000000,0.627872,0.000000,0.000000,0.000000,-0.094199,0.084899,-0.059659,0.011560,-0.055263,-0.000229,0.390784,0.042037,-0.026512,0.140144,0.393931
13.180000,6.236000,0.409591,0.085319,1.427510,0.011800,-0.056088,-0.000236,0.408950,0.040886,0.602939,0.039201,-0.083352,0.000327,0.499961,0.000000,1.493717,0.000000,0.000000,0.000000,0.007895,0.000000,0.628269,0.000000,0.000000,0.000000,-0.090370,0.085319,-0.066207,0.011800,-0.056088,-0.000236,0.401055,0.040886,-0.025330,0.140817,0.403928
13.191000,6.247000,0.412331,0.085579,1.431470,0.011572,-0.057215,-0.000243,0.398766,0.039257,0.596485,0.029663,-0.073442,0.000322,0.499961,0.000000,1.493717,0.000000,0.000000,0.000000,0.007895,0.000000,0.628269,0.000000,0.000000,0.000000,-0.087629,0.085579,-0.062247,0.011572,-0.057215,-0.000243,0.390871,0.039257,-0.031784,0.137395,0.394121
13.200000,6.256000,0.416978,0.086031,1.438321,0.011485,-0.057810,-0.000251,0.395627,0.038366,0.598645,0.027767,-0.070939,0.000260,0.499961,0.000000,1.506283,0.000000,0.000000,0.000000,-0.007895,0.000000,0.628269,0.000000,0.000000,0.000000,-0.082983,0.086031,-0.067962,0.011485,-0.057810,-0.000251,0.403523,0.038366,-0.029624,0.137501,0.406423
13.210000,6.266000,0.420934,0.086415,1.444307,0.011763,-0.058519,-0.000256,0.389798,0.037210,0.601259,0.055547,-0.067815,0.000331,0.499961,0.000000,1.506283,0.000000,0.000000,0.000000,-0.007895,0.000000,0.628269,0.000000,0.000000,0.000000,-0.079027,0.086415,-0.061976,0.011763,-0.058519,-0.000256,0.397693,0.037210,-0.027010,0.132491,0.400342
13.220000,6.276000,0.422561,0.086559,1.446861,0.011465,-0.059941,-0.000264,0.375805,0.035260,0.593808,0.025484,-0.074773,0.000241,0.499645,0.000000,1.518845,0.000000,0.000000,0.000000,-0.023681,0.000000,0.627872,0.000000,0.000000,0.000000,-0.077084,0.086559,-0.071984,0.011465,-0.059941,-0.000264,0.399487,0.035260,-0.034064,0.136441,0.402484
13.230000,6.286000,0.425499,0.086829,1.451459,0.011443,-0.060867,-0.000270,0.366955,0.033839,0.591835,0.015514,-0.076723,0.000286,0.499645,0.000000,1.518845,0.000000,0.000000,0.000000,-0.023681,0.000000,0.627872,0.000000,0.000000,0.000000,-0.074146,0.086829,-0.067386,0.011443,-0.060867,-0.000270,0.390636,0.033839,-0.036037,0.132581,0.393752
13.240000,6.296000,0.428756,0.087126,1.456620,0.011435,-0.061659,-0.000277,0.359480,0.032566,0.591545,0.016093,-0.075473,0.000271,0.499013,0.000000,1.531395,0.000000,0.000000,0.000000,-0.039452,0.000000,0.627079,0.000000,0.000000,0.000000,-0.070258,0.087126,-0.074776,0.011435,-0.061659,-0.000277,0.398933,0.032566,-0.035534,0.134605,0.401834
13.250000,6.306000,0.432112,0.087427,1.462021,0.011399,-0.062403,-0.000284,0.352318,0.031313,0.595821,0.030764,-0.071597,0.000220,0.499013,0.000000,1.531395,0.000000,0.000000,0.000000,-0.039452,0.000000,0.627079,0.000000,0.000000,0.000000,-0.066901,0.087427,-0.069374,0.011399,-0.062403,-0.000284,0.391771,0.031313,-0.031258,0.130123,0.394261
13.263000,6.319000,0.435480,0.087725,1.467579,0.011324,-0.063131,-0.000291,0.345380,0.030097,0.600424,0.028628,-0.071996,0.000202,0.498067,0.000000,1.543926,0.000000,0.000000,0.000000,-0.055199,0.000000,0.625889,0.000000,0.000000,0.000000,-0.062586,0.087725,-0.076347,0.011324,-0.063131,-0.000291,0.400578,0.030097,-0.025465,0.132066,0.402514
13.270000,6.326000,0.438821,0.088015,1.473222,0.011602,-0.063816,-0.000297,0.338539,0.028907,0.604791,0.053555,-0.069100,0.000323,0.498067,0.000000,1.543926,0.000000,0.000000,0.000000,-0.055199,0.000000,0.625889,0.000000,0.000000,0.000000,-0.059246,0.088015,-0.070704,0.011602,-0.063816,-0.000297,0.393738,0.028907,-0.021098,0.127498,0.395361
13.280000,6.336000,0.443260,0.088393,1.480802,0.011344,-0.064162,-0.000302,0.335935,0.028098,0.614708,0.029874,-0.070338,0.000411,0.496806,0.000000,1.556428,0.000000,0.000000,0.000000,-0.070910,0.000000,0.624304,0.000000,0.000000,0.000000,-0.053546,0.088393,-0.075626,0.011344,-0.064162,-0.000302,0.406845,0.028098,-0.009597,0.128062,0.407927
13.290000,6.346000,0.446619,0.088674,1.486949,0.011643,-0.064865,-0.000306,0.329467,0.026959,0.617265,0.043543,-0.059073,0.000514,0.496806,0.000000,1.556428,0.000000,0.000000,0.000000,-0.070910,0.000000,0.624304,0.000000,0.000000,0.000000,-0.050186,0.088674,-0.069479,0.011643,-0.064865,-0.000306,0.400377,0.026959,-0.007039,0.123325,0.401345
13.301000,6.357000,0.450053,0.088952,1.493064,0.011511,-0.065447,-0.000306,0.323601,0.025875,0.619648,0.022095,-0.056322,0.000750,0.495231,0.000000,1.568895,0.000000,0.000000,0.000000,-0.086576,0.000000,0.622325,0.000000,0.000000,0.000000,-0.045177,0.088952,-0.075831,0.011511,-0.065447,-0.000306,0.410177,0.025875,-0.002677,0.125315,0.411001
13.310000,6.366000,0.453289,0.089211,1.499260,0.011732,-0.066011,-0.000305,0.317029,0.024723,0.621812,0.039739,-0.059703,0.000807,0.495231,0.000000,1.568895,0.000000,0.000000,0.000000,-0.086576,0.000000,0.622325,0.000000,0.000000,0.000000,-0.041941,0.089211,-0.069635,0.011732,-0.066011,-0.000305,0.403605,0.024723,-0.000513,0.120692,0.404362
13.320000,6.376000,0.455342,0.089366,1.503192,0.011611,-0.066863,-0.000302,0.306460,0.023257,0.617307,0.023003,-0.062803,0.000988,0.493343,0.000000,1.581319,0.000000,0.000000,0.000000,-0.102188,0.000000,0.619953,0.000000,0.000000,0.000000,-0.038001,0.089366,-0.078126,0.011611,-0.066863,-0.000302,0.408648,0.023257,-0.002646,0.124636,0.409318
13.330000,6.386000,0.457959,0.089563,1.508352,0.011606,-0.067499,-0.000298,0.298397,0.022015,0.614088,0.020813,-0.053006,0.001035,0.493343,0.000000,1.581319,0.000000,0.000000,0.000000,-0.102188,0.000000,0.619953,0.000000,0.000000,0.000000,-0.035384,0.089563,-0.072967,0.011606,-0.067499,-0.000298,0.400585,0.022015,-0.005865,0.120821,0.401232
13.340000,6.396000,0.461662,0.089834,1.515721,0.011543,-0.067756,-0.000292,0.294566,0.021111,0.617414,0.018088,-0.051654,0.001119,0.491144,0.000000,1.593691,0.000000,0.000000,0.000000,-0.117735,0.000000,0.617189,0.000000,0.000000,0.000000,-0.029481,0.089834,-0.077969,0.011543,-0.067756,-0.000292,0.412301,0.021111,0.000225,0.122550,0.412841
13.351000,6.407000,0.465387,0.090100,1.523400,0.011459,-0.068032,-0.000286,0.290745,0.020189,0.622921,0.022339,-0.047085,0.001104,0.491144,0.000000,1.593691,0.000000,0.000000,0.000000,-0.117735,0.000000,0.617189,0.000000,0.000000,0.000000,-0.025757,0.090100,-0.070290,0.011459,-0.068032,-0.000286,0.408480,0.020189,0.005732,0.117142,0.409019
13.360000,6.416000,0.468294,0.090302,1.529630,0.011682,-0.068503,-0.000280,0.283987,0.019055,0.623989,0.048369,-0.040412,0.001022,0.488634,0.000000,1.606004,0.000000,0.000000,0.000000,-0.133208,0.000000,0.614036,0.000000,0.000000,0.000000,-0.020340,0.090302,-0.076374,0.011682,-0.068503,-0.000280,0.417195,0.019055,0.009953,0.120005,0.417749
13.370000,6.426000,0.469677,0.090387,1.532735,0.011440,-0.069390,-0.000275,0.272145,0.017587,0.614056,0.025515,-0.048719,0.000952,0.488634,0.000000,1.606004,0.000000,0.000000,0.000000,-0.133208,0.000000,0.614036,0.000000,0.000000,0.000000,-0.018957,0.090387,-0.073269,0.011440,-0.069390,-0.000275,0.405353,0.017587,0.000021,0.117888,0.405735
13.381000,6.437000,0.472664,0.090576,1.539362,0.011452,-0.069647,-0.000270,0.266518,0.016561,0.614669,0.031597,-0.044385,0.000794,0.485816,0.000000,1.618249,0.000000,0.000000,0.000000,-0.148597,0.000000,0.610494,0.000000,0.000000,0.000000,-0.013152,0.090576,-0.078888,0.011452,-0.069647,-0.000270,0.415114,0.016561,0.004175,0.120832,0.415466
13.390000,6.446000,0.475329,0.090742,1.545509,0.011768,-0.070091,-0.000268,0.259534,0.015416,0.616673,0.054734,-0.048806,0.000721,0.485816,0.000000,1.618249,0.000000,0.000000,0.000000,-0.148597,0.000000,0.610494,0.000000,0.000000,0.000000,-0.010486,0.090742,-0.072741,0.011768,-0.070091,-0.000268,0.408130,0.015416,0.006179,0.116770,0.408468
13.400000,6.456000,0.477049,0.090839,1.549608,0.011732,-0.070674,-0.000265,0.249443,0.014074,0.612644,0.039603,-0.046889,0.000677,0.482691,0.000000,1.630421,0.000000,0.000000,0.000000,-0.163892,0.000000,0.606567,0.000000,0.000000,0.000000,-0.005641,0.090839,-0.080813,0.011732,-0.070674,-0.000265,0.413334,0.014074,0.006077,0.121714,0.413619
13.411000,6.467000,0.479959,0.091001,1.556605,0.011930,-0.070912,-0.000263,0.244186,0.013030,0.614964,0.032764,-0.043028,0.000635,0.482691,0.000000,1.630421,0.000000,0.000000,0.000000,-0.163892,0.000000,0.606567,0.000000,0.000000,0.000000,-0.002732,0.091001,-0.073815,0.011930,-0.070912,-0.000263,0.408078,0.013030,0.008397,0.117206,0.408372
13.420000,6.476000,0.482401,0.091131,1.562755,0.012257,-0.071342,-0.000262,0.237233,0.011864,0.614739,0.041634,-0.040214,0.000617,0.479261,0.000000,1.642510,0.000000,0.000000,0.000000,-0.179083,0.000000,0.602257,0.000000,0.000000,0.000000,0.003140,0.091131,-0.079755,0.012257,-0.071342,-0.000262,0.416316,0.011864,0.012482,0.121143,0.416672
13.432000,6.488000,0.484713,0.091241,1.568636,0.012414,-0.071786,-0.000259,0.230179,0.010665,0.613754,0.042672,-0.046441,0.000724,0.475528,0.000000,1.654508,0.000000,0.000000,0.000000,-0.194161,0.000000,0.597566,0.000000,0.000000,0.000000,0.009185,0.091241,-0.085872,0.012414,-0.071786,-0.000259,0.424340,0.010665,0.016188,0.125632,0.424783
13.440000,6.496000,0.487015,0.091348,1.574774,0.012840,-0.072250,-0.000258,0.223139,0.009452,0.613541,0.059938,-0.044870,0.000727,0.475528,0.000000,1.654508,0.000000,0.000000,0.000000,-0.194161,0.000000,0.597566,0.000000,0.000000,0.000000,0.011486,0.091348,-0.079735,0.012840,-0.072250,-0.000258,0.417301,0.009452,0.015975,0.121795,0.417713
13.450000,6.506000,0.488408,0.091400,1.578635,0.012913,-0.072927,-0.000256,0.213108,0.008076,0.606870,0.026967,-0.050048,0.000757,0.475528,0.000000,1.654508,0.000000,0.000000,0.000000,-0.194161,0.000000,0.597566,0.000000,0.000000,0.000000,0.012880,0.091400,-0.075874,0.012913,-0.072927,-0.000256,0.407269,0.008076,0.009304,0.119485,0.407455
13.463000,6.519000,0.490857,0.091487,1.585478,0.013108,-0.073219,-0.000255,0.207256,0.006860,0.609084,0.022999,-0.050382,0.000670,0.471495,0.000000,1.666410,0.000000,0.000000,0.000000,-0.209117,0.000000,0.592498,0.000000,0.000000,0.000000,0.019362,0.091487,-0.080931,0.013108,-0.073219,-0.000255,0.416373,0.006860,0.016586,0.123672,0.416760
13.470000,6.526000,0.493428,0.091569,1.592947,0.013237,-0.073525,-0.000256,0.201918,0.005628,0.613468,0.029736,-0.042594,0.000434,0.471495,0.000000,1.666410,0.000000,0.000000,0.000000,-0.209117,0.000000,0.592498,0.000000,0.000000,0.000000,0.021933,0.091569,-0.073462,0.013237,-0.073525,-0.000256,0.411035,0.005628,0.020970,0.119426,0.411608
13.482000,6.538000,0.495641,0.091624,1.599656,0.013529,-0.073859,-0.000257,0.195436,0.004333,0.615480,0.045183,-0.036425,0.000400,0.467164,0.000000,1.678206,0.000000,0.000000,0.000000,-0.223940,0.000000,0.587056,0.000000,0.000000,0.000000,0.028476,0.091624,-0.078550,0.013529,-0.073859,-0.000257,0.419376,0.004333,0.028424,0.124000,0.420361
13.492000,6.548000,0.497598,0.091658,1.605871,0.013465,-0.074332,-0.000261,0.188351,0.003023,0.614223,0.024895,-0.044679,0.000332,0.462539,0.000000,1.689890,0.000000,0.000000,0.000000,-0.238622,0.000000,0.581243,0.000000,0.000000,0.000000,0.035060,0.091658,-0.084019,0.013465,-0.074332,-0.000261,0.426973,0.003023,0.032980,0.129188,0.428256
13.501000,6.557000,0.499388,0.091675,1.611802,0.013544,-0.074738,-0.000266,0.180876,0.001689,0.612165,0.022689,-0.040855,0.000182,0.462539,0.000000,1.689890,0.000000,0.000000,0.000000,-0.238622,0.000000,0.581243,0.000000,0.000000,0.000000,0.036849,0.091675,-0.078088,0.013544,-0.074738,-0.000266,0.419498,0.001689,0.030922,0.125936,0.420639
13.510000,6.566000,0.501197,0.091692,1.617924,0.013772,-0.075147,-0.000269,0.173697,0.000393,0.609923,0.035656,-0.039596,0.000258,0.462539,0.000000,1.689890,0.000000,0.000000,0.000000,-0.238622,0.000000,0.581243,0.000000,0.000000,0.000000,0.038658,0.091692,-0.071966,0.013772,-0.075147,-0.000269,0.412319,0.000393,0.028680,0.122805,0.413316
13.521000,6.577000,0.501934,0.091662,1.620912,0.013728,-0.075709,-0.000274,0.163040,-0.001009,0.598640,0.022897,-0.036731,0.000161,0.457621,0.000000,1.701453,0.000000,0.000000,0.000000,-0.253154,0.000000,0.575063,0.000000,0.000000,0.000000,0.044314,0.091662,-0.080541,0.013728,-0.075709,-0.000274,0.416194,-0.001009,0.023577,0.129817,0.416862
13.534000,6.590000,0.503759,0.091641,1.627655,0.013829,-0.075973,-0.000278,0.156544,-0.002352,0.598576,0.017478,-0.036179,0.000214,0.452414,0.000000,1.712890,0.000000,0.000000,0.000000,-0.267525,0.000000,0.568520,0.000000,0.000000,0.000000,0.051345,0.091641,-0.085235,0.013829,-0.075973,-0.000278,0.424069,-0.002352,0.030056,0.135275,0.425139
13.540000,6.596000,0.505350,0.091604,1.633841,0.013916,-0.076277,-0.000282,0.149413,-0.003712,0.596878,0.015983,-0.035502,0.000240,0.452414,0.000000,1.712890,0.000000,0.000000,0.000000,-0.267525,0.000000,0.568520,0.000000,0.000000,0.000000,0.052937,0.091604,-0.079048,0.013916,-0.076277,-0.000282,0.416938,-0.003712,0.028359,0.132069,0.417918
13.551000,6.607000,0.506776,0.091554,1.639685,0.014073,-0.076613,-0.000284,0.141737,-0.005112,0.596463,0.028917,-0.043729,0.000354,0.452414,0.000000,1.712890,0.000000,0.000000,0.000000,-0.267525,0.000000,0.568520,0.000000,0.000000,0.000000,0.054363,0.091554,-0.073205,0.014073,-0.076613,-0.000284,0.409262,-0.005112,0.027943,0.129214,0.410247
13.561000,6.617000,0.508079,0.091490,1.645362,0.014031,-0.076952,-0.000287,0.133863,-0.006515,0.595569,0.020834,-0.046077,0.000379,0.446921,0.000000,1.724192,0.000000,0.000000,0.000000,-0.281727,0.000000,0.561617,0.000000,0.000000,0.000000,0.061159,0.091490,-0.078830,0.014031,-0.076952,-0.000287,0.415591,-0.006515,0.033952,0.135370,0.417026
13.573000,6.629000,0.509284,0.091412,1.650945,0.014113,-0.077398,-0.000288,0.125993,-0.007903,0.592965,0.015182,-0.041456,0.000560,0.441146,0.000000,1.735352,0.000000,0.000000,0.000000,-0.295752,0.000000,0.554360,0.000000,0.000000,0.000000,0.068139,0.091412,-0.084407,0.014113,-0.077398,-0.000288,0.421745,-0.007903,0.038605,0.141858,0.423582
13.581000,6.637000,0.510404,0.091322,1.656457,0.014182,-0.077862,-0.000288,0.118054,-0.009296,0.590225,0.013869,-0.042627,0.000733,0.441146,0.000000,1.735352,0.000000,0.000000,0.000000,-0.295752,0.000000,0.554360,0.000000,0.000000,0.000000,0.069258,0.091322,-0.078895,0.014182,-0.077862,-0.000288,0.413806,-0.009296,0.035865,0.139143,0.415461
13.590000,6.646000,0.511584,0.091229,1.662359,0.014321,-0.078288,-0.000287,0.110533,-0.010660,0.588511,0.024483,-0.039339,0.000765,0.441146,0.000000,1.735352,0.000000,0.000000,0.000000,-0.295752,0.000000,0.554360,0.000000,0.000000,0.000000,0.070439,0.091229,-0.072993,0.014321,-0.078288,-0.000287,0.406285,-0.010660,0.034151,0.136426,0.407857
13.600000,6.656000,0.511953,0.091139,1.665086,0.014269,-0.078901,-0.000285,0.100470,-0.011946,0.577622,0.017265,-0.042391,0.000832,0.435092,0.000000,1.746364,0.000000,0.000000,0.000000,-0.309590,0.000000,0.546753,0.000000,0.000000,0.000000,0.076862,0.091139,-0.081277,0.014269,-0.078901,-0.000285,0.410060,-0.011946,0.030869,0.144291,0.411394
13.610000,6.666000,0.512958,0.091020,1.670863,0.014321,-0.079349,-0.000282,0.092860,-0.013316,0.575755,0.011357,-0.040911,0.000855,0.435092,0.000000,1.746364,0.000000,0.000000,0.000000,-0.309590,0.000000,0.546753,0.000000,0.000000,0.000000,0.077866,0.091020,-0.075501,0.014321,-0.079349,-0.000282,0.402450,-0.013316,0.029002,0.141591,0.403713
13.623000,6.679000,0.513606,0.090885,1.675344,0.014364,-0.079752,-0.000278,0.084351,-0.014676,0.570172,0.010563,-0.037669,0.000936,0.428763,0.000000,1.757220,0.000000,0.000000,0.000000,-0.323232,0.000000,0.538800,0.000000,0.000000,0.000000,0.084843,0.090885,-0.081876,0.014364,-0.079752,-0.000278,0.407583,-0.014676,0.031372,0.148869,0.409052
13.630000,6.686000,0.514577,0.090701,1.681996,0.014420,-0.080037,-0.000273,0.077081,-0.016202,0.572455,0.014609,-0.029237,0.000925,0.428763,0.000000,1.757220,0.000000,0.000000,0.000000,-0.323232,0.000000,0.538800,0.000000,0.000000,0.000000,0.085814,0.090701,-0.075224,0.014420,-0.080037,-0.000273,0.400313,-0.016202,0.033655,0.145772,0.402052
13.640000,6.696000,0.515348,0.090539,1.687720,0.014566,-0.080330,-0.000268,0.069252,-0.017607,0.571946,0.023802,-0.022238,0.000878,0.422164,0.000000,1.767913,0.000000,0.000000,0.000000,-0.336670,0.000000,0.530507,0.000000,0.000000,0.000000,0.093184,0.090539,-0.080193,0.014566,-0.080330,-0.000268,0.405922,-0.017607,0.041439,0.152681,0.408412
13.650000,6.706000,0.515561,0.090438,1.690204,0.014509,-0.080765,-0.000263,0.059777,-0.018733,0.561646,0.012750,-0.026120,0.000857,0.422164,0.000000,1.767913,0.000000,0.000000,0.000000,-0.336670,0.000000,0.530507,0.000000,0.000000,0.000000,0.093398,0.090438,-0.077709,0.014509,-0.080765,-0.000263,0.396447,-0.018733,0.031139,0.151462,0.398109
13.661000,6.717000,0.516161,0.090218,1.696097,0.014584,-0.080886,-0.000258,0.052071,-0.020240,0.561560,0.014263,-0.017900,0.000741,0.415298,0.000000,1.778438,0.000000,0.000000,0.000000,-0.349895,0.000000,0.521879,0.000000,0.000000,0.000000,0.100863,0.090218,-0.082341,0.014584,-0.080886,-0.000258,0.401967,-0.020240,0.039681,0.158407,0.404427
13.670000,6.726000,0.516681,0.090016,1.701712,0.014727,-0.081065,-0.000253,0.044107,-0.021670,0.561693,0.019702,-0.012763,0.000682,0.415298,0.000000,1.778438,0.000000,0.000000,0.000000,-0.349895,0.000000,0.521879,0.000000,0.000000,0.000000,0.101383,0.090016,-0.076725,0.014727,-0.081065,-0.000253,0.394002,-0.021670,0.039814,0.155783,0.396601
13.680000,6.736000,0.516928,0.089855,1.705375,0.014753,-0.081217,-0.000248,0.035506,-0.022899,0.556126,0.015471,-0.008721,0.000616,0.408170,0.000000,1.788786,0.000000,0.000000,0.000000,-0.362900,0.000000,0.512921,0.000000,0.000000,0.000000,0.108759,0.089855,-0.083412,0.014753,-0.081217,-0.000248,0.398406,-0.022899,0.043205,0.163890,0.401396
13.691000,6.747000,0.517323,0.089574,1.711666,0.014859,-0.081172,-0.000243,0.027894,-0.024505,0.557377,0.010851,-0.005353,0.000535,0.408170,0.000000,1.788786,0.000000,0.000000,0.000000,-0.362900,0.000000,0.512921,0.000000,0.000000,0.000000,0.109153,0.089574,-0.077121,0.014859,-0.081172,-0.000243,0.390794,-0.024505,0.044456,0.160890,0.394077
13.700000,6.756000,0.517660,0.089260,1.718483,0.014967,-0.081116,-0.000239,0.020272,-0.026194,0.560161,0.009437,0.000261,0.000384,0.400783,0.000000,1.798952,0.000000,0.000000,0.000000,-0.375675,0.000000,0.503639,0.000000,0.000000,0.000000,0.116876,0.089260,-0.080469,0.014967,-0.081116,-0.000239,0.395947,-0.026194,0.056521,0.167638,0.400817
13.710000,6.766000,0.517862,0.088998,1.724085,0.015061,-0.081113,-0.000235,0.012387,-0.027643,0.559041,0.011718,-0.000873,0.000393,0.400783,0.000000,1.798952,0.000000,0.000000,0.000000,-0.375675,0.000000,0.503639,0.000000,0.000000,0.000000,0.117079,0.088998,-0.074867,0.015061,-0.081113,-0.000235,0.388061,-0.027643,0.055402,0.165025,0.392970
13.720000,6.776000,0.517846,0.088839,1.726737,0.015075,-0.081070,-0.000232,0.004075,-0.028667,0.549368,0.009925,0.000934,0.000338,0.393144,0.000000,1.808930,0.000000,0.000000,0.000000,-0.388213,0.000000,0.494040,0.000000,0.000000,0.000000,0.124702,0.088839,-0.082193,0.015075,-0.081070,-0.000232,0.392288,-0.028667,0.055328,0.173777,0.397206
13.730000,6.786000,0.517851,0.088506,1.732569,0.015144,-0.080955,-0.000228,-0.003777,-0.030281,0.549172,0.006143,-0.003973,0.000348,0.393144,0.000000,1.808930,0.000000,0.000000,0.000000,-0.388213,0.000000,0.494040,0.000000,0.000000,0.000000,0.124707,0.088506,-0.076360,0.015144,-0.080955,-0.000228,0.384436,-0.030281,0.055132,0.170927,0.389548
13.741000,6.797000,0.517786,0.088123,1.739204,0.015215,-0.080889,-0.000225,-0.011665,-0.032034,0.551351,0.004672,-0.004822,0.000318,0.384454,0.000000,1.819679,0.000000,0.000000,0.000000,-0.401721,0.000000,0.483120,0.000000,0.000000,0.000000,0.133332,0.088123,-0.080476,0.015215,-0.080889,-0.000225,0.390056,-0.032034,0.068231,0.178939,0.397272
13.750000,6.806000,0.517670,0.087802,1.744717,0.015262,-0.080937,-0.000222,-0.019458,-0.033495,0.549365,0.005082,-0.006758,0.000366,0.384454,0.000000,1.819679,0.000000,0.000000,0.000000,-0.401721,0.000000,0.483120,0.000000,0.000000,0.000000,0.133215,0.087802,-0.074962,0.015262,-0.080937,-0.000222,0.382263,-0.033495,0.066245,0.176280,0.389404
13.760000,6.816000,0.517491,0.087616,1.747255,0.015233,-0.080905,-0.000221,-0.027123,-0.034415,0.538774,0.003349,-0.005290,0.000311,0.377126,0.000000,1.828293,0.000000,0.000000,0.000000,-0.412545,0.000000,0.473910,0.000000,0.000000,0.000000,0.140365,0.087616,-0.081038,0.015233,-0.080905,-0.000221,0.385422,-0.034415,0.064864,0.184245,0.392354
13.771000,6.827000,0.517234,0.087326,1.751468,0.015233,-0.080927,-0.000219,-0.034685,-0.035657,0.532040,0.000641,-0.008574,0.000335,0.377126,0.000000,1.828293,0.000000,0.000000,0.000000,-0.412545,0.000000,0.473910,0.000000,0.000000,0.000000,0.140108,0.087326,-0.076824,0.015233,-0.080927,-0.000219,0.377860,-0.035657,0.058130,0.182093,0.383964
13.781000,6.837000,0.516792,0.086880,1.757673,0.015264,-0.080961,-0.000217,-0.042582,-0.037410,0.531308,-0.000092,-0.010501,0.000364,0.368332,0.000000,1.838130,0.000000,0.000000,0.000000,-0.424906,0.000000,0.462860,0.000000,0.000000,0.000000,0.148460,0.086880,-0.080457,0.015264,-0.080961,-0.000217,0.382325,-0.037410,0.068448,0.189899,0.390201
13.790000,6.846000,0.516240,0.086399,1.764220,0.015290,-0.081064,-0.000214,-0.050809,-0.039264,0.533364,-0.000443,-0.010939,0.000410,0.368332,0.000000,1.838130,0.000000,0.000000,0.000000,-0.424906,0.000000,0.462860,0.000000,0.000000,0.000000,0.147908,0.086399,-0.073909,0.015290,-0.081064,-0.000214,0.374097,-0.039264,0.070505,0.186558,0.382703
13.800000,6.856000,0.515731,0.086006,1.769554,0.015306,-0.081159,-0.000212,-0.058651,-0.040739,0.531783,0.000555,-0.010438,0.000414,0.360155,0.000000,1.846827,0.000000,0.000000,0.000000,-0.435835,0.000000,0.452584,0.000000,0.000000,0.000000,0.155577,0.086006,-0.077273,0.015306,-0.081159,-0.000212,0.377184,-0.040739,0.079199,0.193836,0.387557
13.810000,6.866000,0.515183,0.085664,1.773386,0.015293,-0.081172,-0.000209,-0.066091,-0.041942,0.524154,-0.001212,-0.009324,0.000454,0.360155,0.000000,1.846827,0.000000,0.000000,0.000000,-0.435835,0.000000,0.452584,0.000000,0.000000,0.000000,0.155029,0.085664,-0.073440,0.015293,-0.081172,-0.000209,0.369744,-0.041942,0.071570,0.191744,0.378935
13.821000,6.877000,0.514369,0.085156,1.779431,0.015329,-0.081271,-0.000206,-0.074299,-0.043706,0.523210,-0.001064,-0.008394,0.000506,0.351325,0.000000,1.855768,0.000000,0.000000,0.000000,-0.447071,0.000000,0.441488,0.000000,0.000000,0.000000,0.163044,0.085156,-0.076337,0.015329,-0.081271,-0.000206,0.372772,-0.043706,0.081722,0.199154,0.384120
13.830000,6.886000,0.513626,0.084718,1.784663,0.015318,-0.081355,-0.000202,-0.082035,-0.045160,0.520070,-0.004695,-0.007316,0.000516,0.351325,0.000000,1.855768,0.000000,0.000000,0.000000,-0.447071,0.000000,0.441488,0.000000,0.000000,0.000000,0.162301,0.084718,-0.071105,0.015318,-0.081355,-0.000202,0.365037,-0.045160,0.078583,0.196405,0.376120
13.843000,6.899000,0.512935,0.084372,1.787985,0.015331,-0.081317,-0.000197,-0.089115,-0.046212,0.510568,-0.002716,-0.005734,0.000517,0.342274,0.000000,1.864484,0.000000,0.000000,0.000000,-0.458024,0.000000,0.430114,0.000000,0.000000,0.000000,0.170661,0.084372,-0.076499,0.015331,-0.081317,-0.000197,0.368909,-0.046212,0.080455,0.205173,0.380398
13.851000,6.907000,0.511851,0.083817,1.793810,0.015368,-0.081382,-0.000192,-0.097418,-0.047983,0.508640,-0.003090,-0.003199,0.000542,0.342274,0.000000,1.864484,0.000000,0.000000,0.000000,-0.458024,0.000000,0.430114,0.000000,0.000000,0.000000,0.169578,0.083817,-0.070675,0.015368,-0.081382,-0.000192,0.360606,-0.047983,0.078526,0.201933,0.372164
13.860000,6.916000,0.510877,0.083337,1.798896,0.015337,-0.081414,-0.000187,-0.105091,-0.049427,0.504600,-0.007354,-0.001703,0.000531,0.333006,0.000000,1.872971,0.000000,0.000000,0.000000,-0.468689,0.000000,0.418468,0.000000,0.000000,0.000000,0.177871,0.083337,-0.074074,0.015337,-0.081414,-0.000187,0.363598,-0.049427,0.086133,0.209929,0.376915
13.870000,6.926000,0.510309,0.083094,1.800938,0.015320,-0.081270,-0.000182,-0.110996,-0.049970,0.492188,-0.005851,-0.001722,0.000538,0.333006,0.000000,1.872971,0.000000,0.000000,0.000000,-0.468689,0.000000,0.418468,0.000000,0.000000,0.000000,0.177304,0.083094,-0.072033,0.015320,-0.081270,-0.000182,0.357692,-0.049970,0.073720,0.208638,0.368613
13.880000,6.936000,0.509044,0.082532,1.806006,0.015343,-0.081235,-0.000176,-0.119132,-0.051632,0.488937,-0.006570,0.001475,0.000512,0.323528,0.000000,1.881221,0.000000,0.000000,0.000000,-0.479057,0.000000,0.406557,0.000000,0.000000,0.000000,0.185516,0.082532,-0.075215,0.015343,-0.081235,-0.000176,0.359925,-0.051632,0.082380,0.216530,0.372825
13.890000,6.946000,0.507853,0.082015,1.810896,0.015276,-0.081220,-0.000171,-0.126925,-0.053099,0.486543,-0.013090,-0.007184,0.000484,0.323528,0.000000,1.881221,0.000000,0.000000,0.000000,-0.479057,0.000000,0.406557,0.000000,0.000000,0.000000,0.184325,0.082015,-0.070326,0.015276,-0.081220,-0.000171,0.352132,-0.053099,0.079986,0.213654,0.364985
13.902000,6.958000,0.506551,0.081477,1.815293,0.015313,-0.081098,-0.000166,-0.134719,-0.054583,0.482783,-0.008428,-0.006796,0.000441,0.313846,0.000000,1.889231,0.000000,0.000000,0.000000,-0.489122,0.000000,0.394390,0.000000,0.000000,0.000000,0.192705,0.081477,-0.073939,0.015313,-0.081098,-0.000166,0.354403,-0.054583,0.088393,0.221903,0.369316
13.910000,6.966000,0.505204,0.080931,1.820120,0.015229,-0.081166,-0.000162,-0.142439,-0.056036,0.479655,-0.013772,-0.012566,0.000420,0.313846,0.000000,1.889231,0.000000,0.000000,0.000000,-0.489122,0.000000,0.394390,0.000000,0.000000,0.000000,0.191358,0.080931,-0.069111,0.015229,-0.081166,-0.000162,0.346683,-0.056036,0.085265,0.218961,0.361385
13.920000,6.976000,0.503800,0.080384,1.824253,0.015243,-0.081090,-0.000158,-0.149982,-0.057429,0.474591,-0.008706,-0.009643,0.000397,0.303965,0.000000,1.896995,0.000000,0.000000,0.000000,-0.498879,0.000000,0.381974,0.000000,0.000000,0.000000,0.199835,0.080384,-0.072743,0.015243,-0.081090,-0.000158,0.348897,-0.057429,0.092617,0.227348,0.365521
13.933000,6.989000,0.501957,0.079679,1.829802,0.015255,-0.081250,-0.000156,-0.158867,-0.059342,0.473433,-0.009819,-0.004321,0.000373,0.293893,0.000000,1.904508,0.000000,0.000000,0.000000,-0.508320,0.000000,0.369316,0.000000,0.000000,0.000000,0.208065,0.079679,-0.074706,0.015255,-0.081250,-0.000156,0.349453,-0.059342,0.104117,0.234991,0.369431
13.940000,6.996000,0.500181,0.079018,1.834771,0.015246,-0.081365,-0.000153,-0.167204,-0.061022,0.470601,-0.009598,-0.003997,0.000362,0.293893,0.000000,1.904508,0.000000,0.000000,0.000000,-0.508320,0.000000,0.369316,0.000000,0.000000,0.000000,0.206288,0.079018,-0.069738,0.015246,-0.081365,-0.000153,0.341117,-0.061022,0.101285,0.231650,0.361030
13.950000,7.006000,0.498421,0.078381,1.839373,0.015232,-0.081421,-0.000150,-0.175129,-0.062543,0.466092,-0.013481,-0.001989,0.000370,0.293893,0.000000,1.904508,0.000000,0.000000,0.000000,-0.508320,0.000000,0.369316,0.000000,0.000000,0.000000,0.204528,0.078381,-0.065136,0.015232,-0.081421,-0.000150,0.333192,-0.062543,0.096776,0.228513,0.352553
13.960000,7.016000,0.496637,0.077751,1.843756,0.015094,-0.081421,-0.000147,-0.182859,-0.063983,0.461074,-0.024528,0.001996,0.000368,0.283634,0.000000,1.911766,0.000000,0.000000,0.000000,-0.517441,0.000000,0.356426,0.000000,0.000000,0.000000,0.213003,0.077751,-0.068010,0.015094,-0.081421,-0.000147,0.334582,-0.063983,0.104649,0.236729,0.356357
13.970000,7.026000,0.494809,0.077111,1.848367,0.015180,-0.081463,-0.000143,-0.190477,-0.065403,0.456296,-0.015086,0.003352,0.000372,0.283634,0.000000,1.911766,0.000000,0.000000,0.000000,-0.517441,0.000000,0.356426,0.000000,0.000000,0.000000,0.211174,0.077111,-0.063399,0.015180,-0.081463,-0.000143,0.326964,-0.065403,0.099871,0.233581,0.348076
13.982000,7.038000,0.493640,0.076728,1.850399,0.015063,-0.081143,-0.000139,-0.195352,-0.065833,0.444170,-0.016447,0.010629,0.000373,0.273197,0.000000,1.918764,0.000000,0.000000,0.000000,-0.526234,0.000000,0.343310,0.000000,0.000000,0.000000,0.220443,0.076728,-0.068365,0.015063,-0.081143,-0.000139,0.330882,-0.065833,0.100860,0.243221,0.352122
13.991000,7.047000,0.491344,0.075957,1.855318,0.015021,-0.081073,-0.000133,-0.204094,-0.067634,0.440265,-0.020369,0.011179,0.000364,0.273197,0.000000,1.918764,0.000000,0.000000,0.000000,-0.526234,0.000000,0.343310,0.000000,0.000000,0.000000,0.218147,0.075957,-0.063446,0.015021,-0.081073,-0.000133,0.322140,-0.067634,0.096955,0.239547,0.343146
14.000000,7.056000,0.489303,0.075281,1.859721,0.014817,-0.080961,-0.000127,-0.211635,-0.069027,0.434961,-0.033240,0.008634,0.000356,0.262587,0.000000,1.925497,0.000000,0.000000,0.000000,-0.534696,0.000000,0.329977,0.000000,0.000000,0.000000,0.226716,0.075281,-0.065777,0.014817,-0.080961,-0.000127,0.323061,-0.069027,0.104984,0.247778,0.346633
14.010000,7.066000,0.487743,0.074783,1.862266,0.014786,-0.080503,-0.000121,-0.217167,-0.069730,0.425611,-0.021793,0.021006,0.000325,0.262587,0.000000,1.925497,0.000000,0.000000,0.000000,-0.534696,0.000000,0.329977,0.000000,0.000000,0.000000,0.225155,0.074783,-0.063232,0.014786,-0.080503,-0.000121,0.317529,-0.069730,0.095634,0.245531,0.338870
14.023000,7.079000,0.485153,0.073953,1.867064,0.014698,-0.080352,-0.000114,-0.226220,-0.071595,0.423100,-0.024392,0.025871,0.000302,0.250181,0.000000,1.932908,0.000000,0.000000,0.000000,-0.544008,0.000000,0.314387,0.000000,0.000000,0.000000,0.234972,0.073953,-0.065844,0.014698,-0.080352,-0.000114,0.317788,-0.071595,0.108713,0.254983,0.343415
14.031000,7.087000,0.482677,0.073172,1.871391,0.014468,-0.080125,-0.000107,-0.234525,-0.073207,0.419405,-0.036152,0.015255,0.000294,0.250181,0.000000,1.932908,0.000000,0.000000,0.000000,-0.544008,0.000000,0.314387,0.000000,0.000000,0.000000,0.232496,0.073172,-0.061516,0.014468,-0.080125,-0.000107,0.309483,-0.073207,0.105018,0.251382,0.334915
14.040000,7.096000,0.480332,0.072440,1.875586,0.014456,-0.079783,-0.000100,-0.242077,-0.074580,0.415430,-0.025564,0.016714,0.000293,0.240877,0.000000,1.938153,0.000000,0.000000,0.000000,-0.550600,0.000000,0.302695,0.000000,0.000000,0.000000,0.239455,0.072440,-0.062568,0.014456,-0.079783,-0.000100,0.308523,-0.074580,0.112735,0.257878,0.336835
14.050000,7.106000,0.479330,0.072142,1.876861,0.014202,-0.079061,-0.000093,-0.244425,-0.074323,0.402623,-0.021499,0.029485,0.000289,0.240877,0.000000,1.938153,0.000000,0.000000,0.000000,-0.550600,0.000000,0.302695,0.000000,0.000000,0.000000,0.238453,0.072142,-0.061292,0.014202,-0.079061,-0.000093,0.306174,-0.074323,0.099928,0.256556,0.330533
14.060000,7.116000,0.476671,0.071335,1.880789,0.014090,-0.078812,-0.000086,-0.252558,-0.075878,0.397895,-0.020876,0.028551,0.000268,0.229790,0.000000,1.944068,0.000000,0.000000,0.000000,-0.558033,0.000000,0.288763,0.000000,0.000000,0.000000,0.246881,0.071335,-0.063279,0.014090,-0.078812,-0.000086,0.305475,-0.075878,0.109133,0.264657,0.333140
14.070000,7.126000,0.474146,0.070576,1.884768,0.013984,-0.078546,-0.000080,-0.259998,-0.077206,0.393988,-0.025051,0.013512,0.000206,0.229790,0.000000,1.944068,0.000000,0.000000,0.000000,-0.558033,0.000000,0.288763,0.000000,0.000000,0.000000,0.244356,0.070576,-0.059300,0.013984,-0.078546,-0.000080,0.298035,-0.077206,0.105225,0.261165,0.325358
14.081000,7.137000,0.471555,0.069808,1.888181,0.013933,-0.078251,-0.000075,-0.267316,-0.078512,0.388548,-0.020306,0.011423,0.000097,0.216295,0.000000,1.950796,0.000000,0.000000,0.000000,-0.566486,0.000000,0.271804,0.000000,0.000000,0.000000,0.255261,0.069808,-0.062614,0.013933,-0.078251,-0.000075,0.299170,-0.078512,0.116744,0.271941,0.330599
14.091000,7.147000,0.468270,0.068842,1.892702,0.013947,-0.078235,-0.000073,-0.276895,-0.080481,0.386551,-0.018256,0.017155,0.000004,0.216295,0.000000,1.950796,0.000000,0.000000,0.000000,-0.566486,0.000000,0.271804,0.000000,0.000000,0.000000,0.251976,0.068842,-0.058094,0.013947,-0.078235,-0.000073,0.289591,-0.080481,0.114747,0.267593,0.321725
14.100000,7.156000,0.465501,0.068037,1.896568,0.013764,-0.078063,-0.000070,-0.284284,-0.081795,0.382688,-0.032036,0.017597,0.000001,0.207188,0.000000,1.955053,0.000000,0.000000,0.000000,-0.571836,0.000000,0.260360,0.000000,0.000000,0.000000,0.258314,0.068037,-0.058485,0.013764,-0.078063,-0.000070,0.287553,-0.081795,0.122328,0.273451,0.323019
14.110000,7.166000,0.463310,0.067411,1.898968,0.013857,-0.077734,-0.000069,-0.289187,-0.082406,0.373795,-0.021542,0.014213,0.000037,0.207188,0.000000,1.955053,0.000000,0.000000,0.000000,-0.571836,0.000000,0.260360,0.000000,0.000000,0.000000,0.256122,0.067411,-0.056085,0.013857,-0.077734,-0.000069,0.282650,-0.082406,0.113435,0.270718,0.315514
14.120000,7.176000,0.459852,0.066426,1.903180,0.013874,-0.077741,-0.000066,-0.298481,-0.084286,0.370445,-0.023356,0.014314,0.000114,0.195687,0.000000,1.960116,0.000000,0.000000,0.000000,-0.578199,0.000000,0.245907,0.000000,0.000000,0.000000,0.264165,0.066426,-0.056936,0.013874,-0.077741,-0.000066,0.279718,-0.084286,0.124537,0.278276,0.317578
14.130000,7.186000,0.456590,0.065505,1.906952,0.013852,-0.077650,-0.000062,-0.306751,-0.085866,0.366199,-0.024965,0.017672,0.000177,0.195687,0.000000,1.960116,0.000000,0.000000,0.000000,-0.578199,0.000000,0.245907,0.000000,0.000000,0.000000,0.260903,0.065505,-0.053164,0.013852,-0.077650,-0.000062,0.271448,-0.085866,0.120292,0.274204,0.309075
14.140000,7.196000,0.453425,0.064621,1.910447,0.013792,-0.077479,-0.000057,-0.314357,-0.087253,0.361265,-0.027158,0.020470,0.000251,0.184062,0.000000,1.964888,0.000000,0.000000,0.000000,-0.584196,0.000000,0.231299,0.000000,0.000000,0.000000,0.269363,0.064621,-0.054441,0.013792,-0.077479,-0.000057,0.269839,-0.087253,0.129966,0.282305,0.311957
14.150000,7.206000,0.450281,0.063749,1.914060,0.013520,-0.077274,-0.000052,-0.321562,-0.088533,0.355966,-0.047643,0.026201,0.000246,0.184062,0.000000,1.964888,0.000000,0.000000,0.000000,-0.584196,0.000000,0.231299,0.000000,0.000000,0.000000,0.266219,0.063749,-0.050829,0.013520,-0.077274,-0.000052,0.262634,-0.088533,0.124666,0.278424,0.303902
14.160000,7.216000,0.448354,0.063226,1.915609,0.013514,-0.076646,-0.000045,-0.324066,-0.088503,0.344831,-0.031591,0.030180,0.000315,0.172321,0.000000,1.969367,0.000000,0.000000,0.000000,-0.589824,0.000000,0.216546,0.000000,0.000000,0.000000,0.276033,0.063226,-0.053758,0.013514,-0.076646,-0.000045,0.265758,-0.088503,0.128285,0.288239,0.308086
14.170000,7.226000,0.444559,0.062190,1.919385,0.013417,-0.076452,-0.000036,-0.333142,-0.090298,0.340073,-0.026907,0.038068,0.000349,0.172321,0.000000,1.969367,0.000000,0.000000,0.000000,-0.589824,0.000000,0.216546,0.000000,0.000000,0.000000,0.272237,0.062190,-0.049982,0.013417,-0.076452,-0.000036,0.256682,-0.090298,0.123527,0.283688,0.298828
14.181000,7.237000,0.440965,0.061217,1.922773,0.013308,-0.076104,-0.000027,-0.341140,-0.091790,0.334318,-0.025739,0.044957,0.000354,0.160472,0.000000,1.973549,0.000000,0.000000,0.000000,-0.595079,0.000000,0.201655,0.000000,0.000000,0.000000,0.280493,0.061217,-0.050776,0.013308,-0.076104,-0.000027,0.253940,-0.091790,0.132663,0.291551,0.300849
14.190000,7.246000,0.437553,0.060300,1.926116,0.013050,-0.075654,-0.000017,-0.348227,-0.093027,0.329159,-0.047888,0.045060,0.000292,0.160472,0.000000,1.973549,0.000000,0.000000,0.000000,-0.595079,0.000000,0.201655,0.000000,0.000000,0.000000,0.277081,0.060300,-0.047433,0.013050,-0.075654,-0.000017,0.246852,-0.093027,0.127504,0.287506,0.292997
14.200000,7.256000,0.436183,0.059940,1.927023,0.012965,-0.074537,-0.000009,-0.347660,-0.092207,0.317080,-0.034637,0.049093,0.000200,0.148521,0.000000,1.977432,0.000000,0.000000,0.000000,-0.599959,0.000000,0.186637,0.000000,0.000000,0.000000,0.287662,0.059940,-0.050409,0.012965,-0.074537,-0.000009,0.252299,-0.092207,0.130443,0.298133,0.298617
14.210000,7.266000,0.432430,0.058945,1.930026,0.012642,-0.074112,-0.000000,-0.355548,-0.093675,0.311049,-0.049013,0.048678,0.000142,0.148521,0.000000,1.977432,0.000000,0.000000,0.000000,-0.599959,0.000000,0.186637,0.000000,0.000000,0.000000,0.283909,0.058945,-0.047406,0.012642,-0.074112,-0.000000,0.244412,-0.093675,0.124412,0.293813,0.289811
14.220000,7.276000,0.428874,0.058008,1.933137,0.012686,-0.073525,0.000008,-0.362417,-0.094864,0.305510,-0.028779,0.054765,0.000071,0.136476,0.000000,1.981014,0.000000,0.000000,0.000000,-0.604460,0.000000,0.171501,0.000000,0.000000,0.000000,0.292398,0.058008,-0.047877,0.012686,-0.073525,0.000008,0.242043,-0.094864,0.134009,0.301917,0.292476
14.230000,7.286000,0.425284,0.057067,1.935666,0.012583,-0.072909,0.000017,-0.369156,-0.096033,0.299395,-0.025951,0.052284,0.000058,0.136476,0.000000,1.981014,0.000000,0.000000,0.000000,-0.604460,0.000000,0.171501,0.000000,0.000000,0.000000,0.288808,0.057067,-0.045348,0.012583,-0.072909,0.000017,0.235304,-0.096033,0.127895,0.297865,0.284512
14.243000,7.299000,0.420753,0.055887,1.939088,0.012568,-0.072522,0.000025,-0.379012,-0.098015,0.296074,-0.022739,0.054007,0.000052,0.124345,0.000000,1.984292,0.000000,0.000000,0.000000,-0.608579,0.000000,0.156256,0.000000,0.000000,0.000000,0.296408,0.055887,-0.045204,0.012568,-0.072522,0.000025,0.229567,-0.098015,0.139817,0.304999,0.286106
14.250000,7.306000,0.416548,0.054799,1.942097,0.012600,-0.072021,0.000034,-0.387265,-0.099585,0.291394,-0.027224,0.052530,0.000052,0.124345,0.000000,1.984292,0.000000,0.000000,0.000000,-0.608579,0.000000,0.156256,0.000000,0.000000,0.000000,0.292203,0.054799,-0.042195,0.012600,-0.072021,0.000034,0.221314,-0.099585,0.135138,0.300276,0.277775
14.260000,7.316000,0.412675,0.053803,1.945011,0.012328,-0.071496,0.000041,-0.393995,-0.100761,0.286576,-0.052553,0.045562,0.000033,0.112135,0.000000,1.987263,0.000000,0.000000,0.000000,-0.612313,0.000000,0.140913,0.000000,0.000000,0.000000,0.300540,0.053803,-0.042253,0.012328,-0.071496,0.000041,0.218318,-0.100761,0.145663,0.308227,0.281128
14.270000,7.326000,0.411068,0.053396,1.945803,0.012438,-0.070222,0.000047,-0.392204,-0.099770,0.274819,-0.028446,0.052961,-0.000072,0.112135,0.000000,1.987263,0.000000,0.000000,0.000000,-0.612313,0.000000,0.140913,0.000000,0.000000,0.000000,0.298933,0.053396,-0.041460,0.012438,-0.070222,0.000047,0.220109,-0.099770,0.133905,0.306482,0.276284
14.280000,7.336000,0.407965,0.052607,1.947710,0.012402,-0.069471,0.000053,-0.395762,-0.100182,0.266643,-0.029876,0.049935,-0.000128,0.099855,0.000000,1.989928,0.000000,0.000000,0.000000,-0.615661,0.000000,0.125481,0.000000,0.000000,0.000000,0.308110,0.052607,-0.042218,0.012402,-0.069471,0.000053,0.219899,-0.100182,0.141161,0.315407,0.279854
14.290000,7.346000,0.404412,0.051706,1.949862,0.012081,-0.068867,0.000058,-0.400790,-0.100984,0.260022,-0.057145,0.041096,-0.000132,0.099855,0.000000,1.989928,0.000000,0.000000,0.000000,-0.615661,0.000000,0.125481,0.000000,0.000000,0.000000,0.304557,0.051706,-0.040065,0.012081,-0.068867,0.000058,0.214872,-0.100984,0.134541,0.311502,0.272890
14.300000,7.356000,0.399309,0.050415,1.952783,0.012334,-0.068663,0.000063,-0.411177,-0.103171,0.255841,-0.036684,0.039622,-0.000107,0.085655,0.000000,1.992609,0.000000,0.000000,0.000000,-0.619030,0.000000,0.107637,0.000000,0.000000,0.000000,0.313654,0.050415,-0.039826,0.012334,-0.068663,0.000063,0.207853,-0.103171,0.148203,0.320167,0.275338
14.312000,7.368000,0.394030,0.049087,1.955811,0.012283,-0.068562,0.000067,-0.421836,-0.105408,0.252357,-0.030174,0.035247,-0.000092,0.085655,0.000000,1.992609,0.000000,0.000000,0.000000,-0.619030,0.000000,0.107637,0.000000,0.000000,0.000000,0.308375,0.049087,-0.036798,0.012283,-0.068562,0.000067,0.197195,-0.105408,0.144719,0.314418,0.266346
14.320000,7.376000,0.389812,0.048032,1.958334,0.011981,-0.068209,0.000071,-0.428238,-0.106554,0.247492,-0.045065,0.027853,-0.000089,0.075113,0.000000,1.994326,0.000000,0.000000,0.000000,-0.621188,0.000000,0.094390,0.000000,0.000000,0.000000,0.314699,0.048032,-0.035992,0.011981,-0.068209,0.000071,0.192950,-0.106554,0.153102,0.320372,0.268372
14.332000,7.388000,0.387493,0.047454,1.959312,0.011900,-0.067214,0.000075,-0.427443,-0.105924,0.237018,-0.044425,0.040178,-0.000093,0.062667,0.000000,1.996057,0.000000,0.000000,0.000000,-0.623364,0.000000,0.078749,0.000000,0.000000,0.000000,0.324826,0.047454,-0.036745,0.011900,-0.067214,0.000075,0.195921,-0.105924,0.158269,0.330324,0.273229
14.340000,7.396000,0.383934,0.046571,1.961018,0.011781,-0.066666,0.000079,-0.431072,-0.106402,0.228972,-0.043407,0.038066,-0.000000,0.062667,0.000000,1.996057,0.000000,0.000000,0.000000,-0.623364,0.000000,0.078749,0.000000,0.000000,0.000000,0.321268,0.046571,-0.035039,0.011781,-0.066666,0.000079,0.192293,-0.106402,0.150223,0.326511,0.266205
14.350000,7.406000,0.378597,0.045248,1.963443,0.011759,-0.066606,0.000087,-0.440984,-0.108449,0.223749,-0.038169,0.033718,0.000231,0.062667,0.000000,1.996057,0.000000,0.000000,0.000000,-0.623364,0.000000,0.078749,0.000000,0.000000,0.000000,0.315931,0.045248,-0.032614,0.011759,-0.066606,0.000087,0.182380,-0.108449,0.144999,0.320817,0.256999
14.360000,7.416000,0.372975,0.043862,1.966032,0.011684,-0.066567,0.000096,-0.451565,-0.110640,0.219165,-0.042123,0.035068,0.000404,0.050181,0.000000,1.997476,0.000000,0.000000,0.000000,-0.625146,0.000000,0.063059,0.000000,0.000000,0.000000,0.322794,0.043862,-0.031444,0.011684,-0.066567,0.000096,0.173581,-0.110640,0.156106,0.327275,0.258342
14.370000,7.426000,0.368460,0.042756,1.968223,0.011262,-0.066216,0.000104,-0.457722,-0.111720,0.213416,-0.071802,0.037204,0.000299,0.050181,0.000000,1.997476,0.000000,0.000000,0.000000,-0.625146,0.000000,0.063059,0.000000,0.000000,0.000000,0.318279,0.042756,-0.029252,0.011262,-0.066216,0.000104,0.167424,-0.111720,0.150357,0.322467,0.251236
14.380000,7.436000,0.366019,0.042159,1.968987,0.011221,-0.065202,0.000115,-0.456150,-0.110920,0.203681,-0.049154,0.041990,0.000396,0.037663,0.000000,1.998579,0.000000,0.000000,0.000000,-0.626533,0.000000,0.047329,0.000000,0.000000,0.000000,0.328356,0.042159,-0.029593,0.011221,-0.065202,0.000115,0.170383,-0.110920,0.156352,0.332371,0.256476
14.390000,7.446000,0.360850,0.040899,1.970850,0.011094,-0.064929,0.000125,-0.464348,-0.112512,0.196751,-0.038301,0.052053,0.000366,0.037663,0.000000,1.998579,0.000000,0.000000,0.000000,-0.626533,0.000000,0.047329,0.000000,0.000000,0.000000,0.323186,0.040899,-0.027729,0.011094,-0.064929,0.000125,0.162185,-0.112512,0.149422,0.326942,0.247568
14.400000,7.456000,0.356206,0.039773,1.972818,0.010710,-0.064409,0.000135,-0.470309,-0.113530,0.190329,-0.055227,0.058831,0.000235,0.025122,0.000000,1.999368,0.000000,0.000000,0.000000,-0.627525,0.000000,0.031569,0.000000,0.000000,0.000000,0.331084,0.039773,-0.026551,0.010710,-0.064409,0.000135,0.157216,-0.113530,0.158759,0.334520,0.250620
14.410000,7.466000,0.352911,0.038976,1.973793,0.010618,-0.063495,0.000143,-0.471191,-0.113326,0.181659,-0.051579,0.054111,0.000106,0.025122,0.000000,1.999368,0.000000,0.000000,0.000000,-0.627525,0.000000,0.031569,0.000000,0.000000,0.000000,0.327789,0.038976,-0.025575,0.010618,-0.063495,0.000143,0.156334,-0.113326,0.150090,0.331087,0.244561
14.420000,7.476000,0.348768,0.037978,1.975122,0.010459,-0.062705,0.000148,-0.475019,-0.113834,0.174277,-0.049423,0.062612,-0.000303,0.012565,0.000000,1.999842,0.000000,0.000000,0.000000,-0.628120,0.000000,0.015790,0.000000,0.000000,0.000000,0.336203,0.037978,-0.024720,0.010459,-0.062705,0.000148,0.153101,-0.113834,0.158487,0.339243,0.248025
14.430000,7.486000,0.344326,0.036911,1.976502,0.009952,-0.062010,0.000152,-0.479732,-0.114556,0.167398,-0.075579,0.058955,-0.000404,0.012565,0.000000,1.999842,0.000000,0.000000,0.000000,-0.628120,0.000000,0.015790,0.000000,0.000000,0.000000,0.331761,0.036911,-0.023340,0.009952,-0.062010,0.000152,0.148389,-0.114556,0.151608,0.334623,0.241096
14.440000,7.496000,0.338117,0.035423,1.978251,0.010152,-0.061678,0.000154,-0.490601,-0.116764,0.161803,-0.046650,0.065771,-0.000598,-0.000000,0.000000,2.000000,0.000000,0.000000,0.000000,-0.628319,0.000000,-0.000000,0.000000,0.000000,0.000000,0.338117,0.035423,-0.021749,0.010152,-0.061678,0.000154,0.137718,-0.116764,0.161803,0.340663,0.242446
14.450000,7.506000,0.331806,0.033918,1.980054,0.010098,-0.061340,0.000155,-0.501312,-0.118922,0.154941,-0.034242,0.062143,-0.000623,-0.000000,0.000000,2.000000,0.000000,0.000000,0.000000,-0.628319,0.000000,-0.000000,0.000000,0.000000,0.000000,0.331806,0.033918,-0.019946,0.010098,-0.061340,0.000155,0.127007,-0.118922,0.154941,0.334131,0.232980
14.460000,7.516000,0.326793,0.032729,1.981604,0.009969,-0.060626,0.000156,-0.506882,-0.119840,0.147537,-0.029343,0.060760,-0.000575,-0.012565,0.000000,1.999842,0.000000,0.000000,0.000000,-0.628120,0.000000,-0.015790,0.000000,0.000000,0.000000,0.339358,0.032729,-0.018239,0.009969,-0.060626,0.000156,0.121238,-0.119840,0.163327,0.341420,0.236085
14.470000,7.526000,0.322692,0.031758,1.982199,0.009619,-0.059744,0.000156,-0.508970,-0.119950,0.138771,-0.067731,0.062837,-0.000503,-0.012565,0.000000,1.999842,0.000000,0.000000,0.000000,-0.628120,0.000000,-0.015790,0.000000,0.000000,0.000000,0.335257,0.031758,-0.017643,0.009619,-0.059744,0.000156,0.119150,-0.119950,0.154560,0.337220,0.229071
14.480000,7.536000,0.317602,0.030559,1.983587,0.009851,-0.059007,0.000160,-0.514463,-0.120866,0.132570,-0.048062,0.071910,-0.000296,-0.025122,0.000000,1.999368,0.000000,0.000000,0.000000,-0.627525,0.000000,-0.031569,0.000000,0.000000,0.000000,0.342725,0.030559,-0.015781,0.009851,-0.059007,0.000160,0.113062,-0.120866,0.164139,0.344446,0.233095
14.490000,7.546000,0.314391,0.029804,1.984044,0.009663,-0.057754,0.000167,-0.512956,-0.120148,0.124105,-0.035070,0.072254,-0.000018,-0.025122,0.000000,1.999368,0.000000,0.000000,0.000000,-0.627525,0.000000,-0.031569,0.000000,0.000000,0.000000,0.339513,0.029804,-0.015325,0.009663,-0.057754,0.000167,0.114569,-0.120148,0.155675,0.341163,0.227588
14.500000,7.556000,0.310020,0.028779,1.984827,0.009516,-0.056810,0.000177,-0.515581,-0.120413,0.116840,-0.036233,0.075156,0.000216,-0.037663,0.000000,1.998579,0.000000,0.000000,0.000000,-0.626533,0.000000,-0.047329,0.000000,0.000000,0.000000,0.347683,0.028779,-0.013753,0.009516,-0.056810,0.000177,0.110952,-0.120413,0.164169,0.349143,0.231865
14.510000,7.566000,0.303594,0.027275,1.985851,0.009528,-0.056385,0.000188,-0.525452,-0.122394,0.110539,-0.049271,0.073132,0.000221,-0.037663,0.000000,1.998579,0.000000,0.000000,0.000000,-0.626533,0.000000,-0.047329,0.000000,0.000000,0.000000,0.341257,0.027275,-0.012729,0.009528,-0.056385,0.000188,0.101081,-0.122394,0.157868,0.342582,0.223875
14.520000,7.576000,0.298339,0.026051,1.986956,0.009035,-0.055654,0.000197,-0.530658,-0.123274,0.104666,-0.088223,0.066327,0.000138,-0.050181,0.000000,1.997476,0.000000,0.000000,0.000000,-0.625146,0.000000,-0.063059,0.000000,0.000000,0.000000,0.348520,0.026051,-0.010520,0.009035,-0.055654,0.000197,0.094488,-0.123274,0.167725,0.349650,0.228596
14.533000,7.589000,0.292828,0.024767,1.987474,0.009280,-0.054819,0.000207,-0.536536,-0.124338,0.097111,-0.051137,0.077669,-0.000040,-0.050181,0.000000,1.997476,0.000000,0.000000,0.000000,-0.625146,0.000000,-0.063059,0.000000,0.000000,0.000000,0.343008,0.024767,-0.010002,0.009280,-0.054819,0.000207,0.088610,-0.124338,0.160170,0.344047,0.221283
14.540000,7.596000,0.287462,0.023523,1.988445,0.008768,-0.054042,0.000213,-0.541590,-0.125194,0.091105,-0.086130,0.073469,-0.000194,-0.062667,0.000000,1.996057,0.000000,0.000000,0.000000,-0.623364,0.000000,-0.078749,0.000000,0.000000,0.000000,0.350129,0.023523,-0.007613,0.008768,-0.054042,0.000213,0.081774,-0.125194,0.169854,0.351001,0.226298
14.550000,7.606000,0.282258,0.022318,1.988728,0.008831,-0.053139,0.000220,-0.545809,-0.125871,0.083096,-0.061664,0.077204,-0.000233,-0.062667,0.000000,1.996057,0.000000,0.000000,0.000000,-0.623364,0.000000,-0.078749,0.000000,0.000000,0.000000,0.344925,0.022318,-0.007330,0.008831,-0.053139,0.000220,0.077555,-0.125871,0.161845,0.345724,0.219208
14.560000,7.616000,0.275612,0.020784,1.989433,0.008586,-0.052664,0.000225,-0.555004,-0.127683,0.076551,-0.069959,0.076557,-0.000369,-0.075113,0.000000,1.994326,0.000000,0.000000,0.000000,-0.621188,0.000000,-0.094390,0.000000,0.000000,0.000000,0.350725,0.020784,-0.004892,0.008586,-0.052664,0.000225,0.066184,-0.127683,0.170941,0.351374,0.223392
14.570000,7.626000,0.270062,0.019507,1.990199,0.007886,-0.051898,0.000228,-0.559747,-0.128457,0.068423,-0.102162,0.070989,-0.000422,-0.075113,0.000000,1.994326,0.000000,0.000000,0.000000,-0.621188,0.000000,-0.094390,0.000000,0.000000,0.000000,0.345175,0.019507,-0.004127,0.007886,-0.051898,0.000228,0.061441,-0.128457,0.162813,0.345750,0.216296
14.580000,7.636000,0.265932,0.018559,1.990045,0.007759,-0.050643,0.000232,-0.559148,-0.127993,0.057862,-0.071359,0.074270,-0.000425,-0.087512,0.000000,1.992282,0.000000,0.000000,0.000000,-0.618620,0.000000,-0.109970,0.000000,0.000000,0.000000,0.353443,0.018559,-0.002237,0.007759,-0.050643,0.000232,0.059472,-0.127993,0.167833,0.353937,0.219287
14.590000,7.646000,0.260340,0.017279,1.990623,0.007045,-0.049901,0.000233,-0.563800,-0.128706,0.051545,-0.086481,0.078324,-0.000435,-0.087512,0.000000,1.992282,0.000000,0.000000,0.000000,-0.618620,0.000000,-0.109970,0.000000,0.000000,0.000000,0.347852,0.017279,-0.001659,0.007045,-0.049901,0.000233,0.054820,-0.128706,0.161515,0.348284,0.213676
14.600000,7.656000,0.255341,0.016138,1.990458,0.006907,-0.048897,0.000231,-0.566106,-0.128865,0.043249,-0.052474,0.086003,-0.000688,-0.100471,0.000000,1.989802,0.000000,0.000000,0.000000,-0.615503,0.000000,-0.126255,0.000000,0.000000,0.000000,0.355812,0.016138,0.000656,0.006907,-0.048897,0.000231,0.049397,-0.128865,0.169504,0.356178,0.218582
14.611000,7.667000,0.248514,0.014583,1.990666,0.006458,-0.048364,0.000231,-0.574844,-0.130470,0.036628,-0.073268,0.084803,-0.000701,-0.100471,0.000000,1.989802,0.000000,0.000000,0.000000,-0.615503,0.000000,-0.126255,0.000000,0.000000,0.000000,0.348985,0.014583,0.000865,0.006458,-0.048364,0.000231,0.040659,-0.130470,0.162883,0.349291,0.212618
14.621000,7.677000,0.242237,0.013159,1.990726,0.006617,-0.047554,0.000225,-0.581205,-0.131531,0.029767,-0.038754,0.090269,-0.001066,-0.112135,0.000000,1.987263,0.000000,0.000000,0.000000,-0.612313,0.000000,-0.140913,0.000000,0.000000,0.000000,0.354373,0.013159,0.003463,0.006617,-0.047554,0.000225,0.031108,-0.131531,0.170680,0.354634,0.217715
14.630000,7.686000,0.236425,0.011844,1.991024,0.006229,-0.046651,0.000220,-0.585500,-0.132129,0.021917,-0.066269,0.087963,-0.001014,-0.112135,0.000000,1.987263,0.000000,0.000000,0.000000,-0.612313,0.000000,-0.140913,0.000000,0.000000,0.000000,0.348561,0.011844,0.003760,0.006229,-0.046651,0.000220,0.026813,-0.132129,0.162831,0.348782,0.211402
14.640000,7.696000,0.232791,0.011028,1.990469,0.006418,-0.045015,0.000214,-0.581743,-0.130930,0.011826,-0.030423,0.094894,-0.001119,-0.124345,0.000000,1.984292,0.000000,0.000000,0.000000,-0.608579,0.000000,-0.156256,0.000000,0.000000,0.000000,0.357136,0.011028,0.006178,0.006418,-0.045015,0.000214,0.026836,-0.130930,0.168082,0.357360,0.214743
14.650000,7.706000,0.226974,0.009719,1.990588,0.006529,-0.044005,0.000209,-0.585897,-0.131528,0.005955,-0.026257,0.101566,-0.001052,-0.124345,0.000000,1.984292,0.000000,0.000000,0.000000,-0.608579,0.000000,-0.156256,0.000000,0.000000,0.000000,0.351319,0.009719,0.006296,0.006529,-0.044005,0.000209,0.022682,-0.131528,0.162211,0.351509,0.210063
14.660000,7.716000,0.221933,0.008589,1.989988,0.006702,-0.042736,0.000205,-0.587051,-0.131503,-0.001829,-0.015961,0.107150,-0.000912,-0.136476,0.000000,1.981014,0.000000,0.000000,0.000000,-0.604460,0.000000,-0.171501,0.000000,0.000000,0.000000,0.358409,0.008589,0.008974,0.006702,-0.042736,0.000205,0.017408,-0.131503,0.169672,0.358624,0.215371
14.670000,7.726000,0.214875,0.007007,1.989636,0.006982,-0.041955,0.000204,-0.595227,-0.133101,-0.010500,-0.033400,0.100955,-0.000761,-0.136476,0.000000,1.981014,0.000000,0.000000,0.000000,-0.604460,0.000000,-0.171501,0.000000,0.000000,0.000000,0.351351,0.007007,0.008622,0.006982,-0.041955,0.000204,0.009233,-0.133101,0.161001,0.351526,0.209099
14.680000,7.736000,0.208923,0.005676,1.989531,0.006648,-0.040945,0.000204,-0.599022,-0.133733,-0.018187,-0.084388,0.090534,-0.000606,-0.150320,0.000000,1.976869,0.000000,0.000000,0.000000,-0.599251,0.000000,-0.188897,0.000000,0.000000,0.000000,0.359242,0.005676,0.012662,0.006648,-0.040945,0.000204,0.000229,-0.133733,0.170711,0.359510,0.216857
14.690000,7.746000,0.206109,0.005048,1.988966,0.007082,-0.038848,0.000201,-0.591456,-0.131870,-0.023509,-0.019930,0.109399,-0.000893,-0.150320,0.000000,1.976869,0.000000,0.000000,0.000000,-0.599251,0.000000,-0.188897,0.000000,0.000000,0.000000,0.356429,0.005048,0.012097,0.007082,-0.038848,0.000201,0.007795,-0.131870,0.165388,0.356670,0.211669
14.700000,7.756000,0.201337,0.003983,1.988452,0.007064,-0.037465,0.000199,-0.591050,-0.131643,-0.028523,-0.027846,0.108274,-0.000931,-0.160472,0.000000,1.973549,0.000000,0.000000,0.000000,-0.595079,0.000000,-0.201655,0.000000,0.000000,0.000000,0.361808,0.003983,0.014902,0.007064,-0.037465,0.000199,0.004029,-0.131643,0.173132,0.362137,0.217533
14.713000,7.769000,0.194115,0.002371,1.987584,0.007169,-0.036785,0.000197,-0.599296,-0.133395,-0.037068,-0.056291,0.089333,-0.000892,-0.172911,0.000000,1.969150,0.000000,0.000000,0.000000,-0.589551,0.000000,-0.217287,0.000000,0.000000,0.000000,0.367026,0.002371,0.018434,0.007169,-0.036785,0.000197,-0.009745,-0.133395,0.180219,0.367497,0.224428
14.720000,7.776000,0.186506,0.000674,1.986769,0.007199,-0.036185,0.000194,-0.608550,-0.135386,-0.045215,-0.064395,0.085151,-0.000997,-0.172911,0.000000,1.969150,0.000000,0.000000,0.000000,-0.589551,0.000000,-0.217287,0.000000,0.000000,0.000000,0.359417,0.000674,0.017619,0.007199,-0.036185,0.000194,-0.018999,-0.135386,0.172071,0.359850,0.219770
14.730000,7.786000,0.180421,-0.000680,1.986317,0.006555,-0.035334,0.000190,-0.611901,-0.136053,-0.050754,-0.108345,0.074506,-0.000868,-0.172911,0.000000,1.969150,0.000000,0.000000,0.000000,-0.589551,0.000000,-0.217287,0.000000,0.000000,0.000000,0.353332,-0.000680,0.017167,0.006555,-0.035334,0.000190,-0.022350,-0.136053,0.166532,0.353749,0.216202
14.740000,7.796000,0.177226,-0.001394,1.985570,0.006680,-0.033408,0.000183,-0.604662,-0.134396,-0.056984,-0.064139,0.088064,-0.001069,-0.184062,0.000000,1.964888,0.000000,0.000000,0.000000,-0.584196,0.000000,-0.231299,0.000000,0.000000,0.000000,0.361288,-0.001394,0.020682,0.006680,-0.033408,0.000183,-0.020466,-0.134396,0.174315,0.361882,0.221059
14.750000,7.806000,0.170415,-0.002914,1.984387,0.006499,-0.032749,0.000178,-0.610630,-0.135682,-0.063539,-0.070844,0.080900,-0.000982,-0.184062,0.000000,1.964888,0.000000,0.000000,0.000000,-0.584196,0.000000,-0.231299,0.000000,0.000000,0.000000,0.354477,-0.002914,0.019498,0.006499,-0.032749,0.000178,-0.026434,-0.135682,0.167760,0.355025,0.217375
14.761000,7.817000,0.162796,-0.004610,1.983257,0.006216,-0.032372,0.000175,-0.619212,-0.137527,-0.069756,-0.082502,0.070686,-0.000781,-0.195687,0.000000,1.960116,0.000000,0.000000,0.000000,-0.578199,0.000000,-0.245907,0.000000,0.000000,0.000000,0.358483,-0.004610,0.023141,0.006216,-0.032372,0.000175,-0.041013,-0.137527,0.176151,0.359258,0.227211
14.770000,7.826000,0.156604,-0.005985,1.982560,0.005391,-0.031665,0.000171,-0.622202,-0.138101,-0.075527,-0.122522,0.063520,-0.000617,-0.195687,0.000000,1.960116,0.000000,0.000000,0.000000,-0.578199,0.000000,-0.245907,0.000000,0.000000,0.000000,0.352291,-0.005985,0.022444,0.005391,-0.031665,0.000171,-0.044003,-0.138101,0.170381,0.353056,0.223691
14.780000,7.836000,0.153466,-0.006686,1.981691,0.005038,-0.030063,0.000169,-0.614057,-0.136194,-0.081623,-0.093772,0.064421,-0.000512,-0.207188,0.000000,1.955053,0.000000,0.000000,0.000000,-0.571836,0.000000,-0.260360,0.000000,0.000000,0.000000,0.360654,-0.006686,0.026638,0.005038,-0.030063,0.000169,-0.042221,-0.136194,0.178737,0.361698,0.228645
14.790000,7.846000,0.148445,-0.007802,1.980674,0.004433,-0.029134,0.000167,-0.612862,-0.135794,-0.088276,-0.076990,0.070544,-0.000424,-0.207188,0.000000,1.955053,0.000000,0.000000,0.000000,-0.571836,0.000000,-0.260360,0.000000,0.000000,0.000000,0.355633,-0.007802,0.025621,0.004433,-0.029134,0.000167,-0.041025,-0.135794,0.172084,0.356640,0.223015
14.800000,7.856000,0.142882,-0.009037,1.979543,0.003638,-0.028316,0.000166,-0.613581,-0.135775,-0.095067,-0.094872,0.075665,-0.000350,-0.218558,0.000000,1.949703,0.000000,0.000000,0.000000,-0.565113,0.000000,-0.274648,0.000000,0.000000,0.000000,0.361440,-0.009037,0.029840,0.003638,-0.028316,0.000166,-0.048468,-0.135775,0.179581,0.362782,0.230290
14.810000,7.866000,0.135046,-0.010774,1.977792,0.003505,-0.028229,0.000161,-0.622473,-0.137523,-0.103692,-0.083782,0.061126,-0.000689,-0.218558,0.000000,1.949703,0.000000,0.000000,0.000000,-0.565113,0.000000,-0.274648,0.000000,0.000000,0.000000,0.353604,-0.010774,0.028090,0.003505,-0.028229,0.000161,-0.057360,-0.137523,0.170956,0.354881,0.226779
14.820000,7.876000,0.127067,-0.012538,1.976115,0.003221,-0.028040,0.000154,-0.631495,-0.139263,-0.111865,-0.076568,0.063023,-0.000879,-0.229790,0.000000,1.944068,0.000000,0.000000,0.000000,-0.558033,0.000000,-0.288763,0.000000,0.000000,0.000000,0.356857,-0.012538,0.032046,0.003221,-0.028040,0.000154,-0.073462,-0.139263,0.176897,0.358513,0.236820
14.830000,7.886000,0.119878,-0.014124,1.974457,0.002931,-0.027592,0.000147,-0.637218,-0.140255,-0.121761,-0.069552,0.072280,-0.000893,-0.229790,0.000000,1.944068,0.000000,0.000000,0.000000,-0.558033,0.000000,-0.288763,0.000000,0.000000,0.000000,0.349668,-0.014124,0.030389,0.002931,-0.027592,0.000147,-0.079185,-0.140255,0.167002,0.351270,0.232016
14.840000,7.896000,0.113506,-0.015526,1.973240,0.002236,-0.026869,0.000140,-0.639696,-0.140518,-0.130069,-0.101343,0.074309,-0.000796,-0.240877,0.000000,1.938153,0.000000,0.000000,0.000000,-0.550600,0.000000,-0.302695,0.000000,0.000000,0.000000,0.354382,-0.015526,0.035087,0.002236,-0.026869,0.000140,-0.089096,-0.140518,0.172626,0.356453,0.239757
14.850000,7.906000,0.109331,-0.016440,1.971628,0.002150,-0.025580,0.000132,-0.634268,-0.139006,-0.136309,-0.074214,0.080417,-0.000835,-0.240877,0.000000,1.938153,0.000000,0.000000,0.000000,-0.550600,0.000000,-0.302695,0.000000,0.000000,0.000000,0.350208,-0.016440,0.033475,0.002150,-0.025580,0.000132,-0.083668,-0.139006,0.166385,0.352188,0.232394
14.860000,7.916000,0.101896,-0.018069,1.969689,0.001974,-0.025105,0.000126,-0.640634,-0.140077,-0.143338,-0.070717,0.088361,-0.000610,-0.251812,0.000000,1.931962,0.000000,0.000000,0.000000,-0.542819,0.000000,-0.316436,0.000000,0.000000,0.000000,0.353707,-0.018069,0.037727,0.001974,-0.025105,0.000126,-0.097815,-0.140077,0.173098,0.356172,0.243213
14.870000,7.926000,0.095033,-0.019567,1.967781,0.001685,-0.024314,0.000124,-0.644639,-0.140617,-0.149973,-0.069961,0.094413,-0.000265,-0.251812,0.000000,1.931962,0.000000,0.000000,0.000000,-0.542819,0.000000,-0.316436,0.000000,0.000000,0.000000,0.346844,-0.019567,0.035820,0.001685,-0.024314,0.000124,-0.101820,-0.140617,0.166463,0.349238,0.240521
14.880000,7.936000,0.088586,-0.020973,1.966282,0.000985,-0.023370,0.000123,-0.646898,-0.140773,-0.155213,-0.106443,0.096079,-0.000108,-0.262587,0.000000,1.925497,0.000000,0.000000,0.000000,-0.534696,0.000000,-0.329977,0.000000,0.000000,0.000000,0.351174,-0.020973,0.040784,0.000985,-0.023370,0.000123,-0.112202,-0.140773,0.174764,0.354156,0.250896
14.890000,7.946000,0.086211,-0.021485,1.965208,0.000806,-0.021215,0.000123,-0.634395,-0.137693,-0.158959,-0.074334,0.104416,-0.000144,-0.262587,0.000000,1.925497,0.000000,0.000000,0.000000,-0.534696,0.000000,-0.329977,0.000000,0.000000,0.000000,0.348799,-0.021485,0.039711,0.000806,-0.021215,0.000123,-0.099699,-0.137693,0.171018,0.351709,0.241136
14.900000,7.956000,0.079473,-0.022944,1.962947,0.000549,-0.020269,0.000126,-0.637906,-0.138091,-0.166050,-0.074670,0.115361,0.000127,-0.273197,0.000000,1.918764,0.000000,0.000000,0.000000,-0.526234,0.000000,-0.343310,0.000000,0.000000,0.000000,0.352670,-0.022944,0.044183,0.000549,-0.020269,0.000126,-0.111672,-0.138091,0.177259,0.356167,0.250920
14.910000,7.966000,0.071595,-0.024648,1.960534,0.000269,-0.019492,0.000131,-0.645252,-0.139320,-0.174151,-0.073575,0.111558,0.000330,-0.273197,0.000000,1.918764,0.000000,0.000000,0.000000,-0.526234,0.000000,-0.343310,0.000000,0.000000,0.000000,0.344792,-0.024648,0.041770,0.000269,-0.019492,0.000131,-0.119018,-0.139320,0.169159,0.348187,0.249379
14.920000,7.976000,0.065143,-0.026041,1.958793,-0.000092,-0.018255,0.000137,-0.647049,-0.139348,-0.180038,-0.073640,0.112772,0.000484,-0.283634,0.000000,1.911766,0.000000,0.000000,0.000000,-0.517441,0.000000,-0.356426,0.000000,0.000000,0.000000,0.348777,-0.026041,0.047026,-0.000092,-0.018255,0.000137,-0.129608,-0.139348,0.176388,0.352895,0.259478
14.930000,7.986000,0.061944,-0.026725,1.957369,-0.001021,-0.016242,0.000141,-0.637018,-0.136797,-0.184433,-0.110052,0.107101,0.000351,-0.283634,0.000000,1.911766,0.000000,0.000000,0.000000,-0.517441,0.000000,-0.356426,0.000000,0.000000,0.000000,0.345579,-0.026725,0.045603,-0.001021,-0.016242,0.000141,-0.119577,-0.136797,0.171992,0.349598,0.250187
14.940000,7.996000,0.054843,-0.028246,1.954717,-0.000920,-0.015217,0.000149,-0.641281,-0.137322,-0.192279,-0.073531,0.116506,0.000473,-0.293893,0.000000,1.904508,0.000000,0.000000,0.000000,-0.508320,0.000000,-0.369316,0.000000,0.000000,0.000000,0.348735,-0.028246,0.050208,-0.000920,-0.015217,0.000149,-0.132961,-0.137322,0.177038,0.353461,0.260535
14.950000,8.006000,0.048430,-0.029619,1.952794,-0.001655,-0.014052,0.000153,-0.642683,-0.137237,-0.198294,-0.089728,0.103579,0.000330,-0.293893,0.000000,1.904508,0.000000,0.000000,0.000000,-0.508320,0.000000,-0.369316,0.000000,0.000000,0.000000,0.342322,-0.029619,0.048285,-0.001655,-0.014052,0.000153,-0.134362,-0.137237,0.171022,0.346977,0.257169
14.960000,8.016000,0.042075,-0.030972,1.950081,-0.001707,-0.012820,0.000161,-0.643830,-0.137073,-0.206437,-0.052144,0.106590,0.000547,-0.303965,0.000000,1.896995,0.000000,0.000000,0.000000,-0.498879,0.000000,-0.381974,0.000000,0.000000,0.000000,0.346040,-0.030972,0.053085,-0.001707,-0.012820,0.000161,-0.144951,-0.137073,0.175537,0.351456,0.265731
14.970000,8.026000,0.034203,-0.032646,1.947175,-0.001762,-0.012113,0.000170,-0.650229,-0.138040,-0.217189,-0.044656,0.105592,0.000765,-0.303965,0.000000,1.896995,0.000000,0.000000,0.000000,-0.498879,0.000000,-0.381974,0.000000,0.000000,0.000000,0.338168,-0.032646,0.050180,-0.001762,-0.012113,0.000170,-0.151351,-0.138040,0.164785,0.343426,0.262899
14.980000,8.036000,0.027700,-0.034026,1.945003,-0.002208,-0.011057,0.000175,-0.651318,-0.137882,-0.225467,-0.070066,0.098454,0.000607,-0.313846,0.000000,1.889231,0.000000,0.000000,0.000000,-0.489122,0.000000,-0.394390,0.000000,0.000000,0.000000,0.341546,-0.034026,0.055772,-0.002208,-0.011057,0.000175,-0.162195,-0.137882,0.168923,0.347738,0.271761
14.990000,8.046000,0.024576,-0.034682,1.943352,-0.001946,-0.009091,0.000187,-0.640187,-0.135135,-0.231009,-0.042149,0.100105,0.000769,-0.313846,0.000000,1.889231,0.000000,0.000000,0.000000,-0.489122,0.000000,-0.394390,0.000000,0.000000,0.000000,0.338422,-0.034682,0.054121,-0.001946,-0.009091,0.000187,-0.151065,-0.135135,0.163381,0.344472,0.260337
15.004000,8.060000,0.017477,-0.036177,1.940193,-0.001739,-0.008385,0.000198,-0.643680,-0.135533,-0.240782,-0.037310,0.096473,0.000899,-0.324007,0.000000,1.880814,0.000000,0.000000,0.000000,-0.478545,0.000000,-0.407159,0.000000,0.000000,0.000000,0.341484,-0.036177,0.059379,-0.001739,-0.008385,0.000198,-0.165134,-0.135533,0.166377,0.348490,0.270776
15.011000,8.067000,0.009467,-0.037862,1.936834,-0.001509,-0.007874,0.000210,-0.650231,-0.136601,-0.248431,-0.038647,0.086686,0.000945,-0.324007,0.000000,1.880814,0.000000,0.000000,0.000000,-0.478545,0.000000,-0.407159,0.000000,0.000000,0.000000,0.333474,-0.037862,0.056020,-0.001509,-0.007874,0.000210,-0.171686,-0.136601,0.158728,0.340259,0.270796
15.020000,8.076000,0.002965,-0.039228,1.934350,-0.001896,-0.007007,0.000218,-0.650966,-0.136460,-0.253282,-0.085339,0.075025,0.000650,-0.333006,0.000000,1.872971,0.000000,0.000000,0.000000,-0.468689,0.000000,-0.418468,0.000000,0.000000,0.000000,0.335971,-0.039228,0.061379,-0.001896,-0.007007,0.000218,-0.182277,-0.136460,0.165186,0.343777,0.281305
15.030000,8.086000,-0.000286,-0.039905,1.932541,-0.001559,-0.005077,0.000231,-0.639947,-0.133879,-0.255249,-0.050253,0.095821,0.000774,-0.333006,0.000000,1.872971,0.000000,0.000000,0.000000,-0.468689,0.000000,-0.418468,0.000000,0.000000,0.000000,0.332720,-0.039905,0.059570,-0.001559,-0.005077,0.000231,-0.171258,-0.133879,0.163218,0.340358,0.271833
15.040000,8.096000,-0.005510,-0.040997,1.930071,-0.001615,-0.003886,0.000240,-0.636288,-0.132872,-0.259084,-0.058433,0.093798,0.000625,-0.342274,0.000000,1.864484,0.000000,0.000000,0.000000,-0.458024,0.000000,-0.430114,0.000000,0.000000,0.000000,0.336763,-0.040997,0.065586,-0.001615,-0.003886,0.000240,-0.178263,-0.132872,0.171029,0.345531,0.280506
15.051000,8.107000,-0.013326,-0.042630,1.926275,-0.001677,-0.003463,0.000248,-0.642079,-0.133863,-0.267458,-0.066795,0.083882,0.000459,-0.351325,0.000000,1.855768,0.000000,0.000000,0.000000,-0.447071,0.000000,-0.441488,0.000000,0.000000,0.000000,0.337999,-0.042630,0.070507,-0.001677,-0.003463,0.000248,-0.195008,-0.133863,0.174030,0.347896,0.293656
15.061000,8.117000,-0.019747,-0.043968,1.923601,-0.002045,-0.002537,0.000252,-0.642402,-0.133708,-0.272312,-0.084425,0.082483,0.000242,-0.351325,0.000000,1.855768,0.000000,0.000000,0.000000,-0.447071,0.000000,-0.441488,0.000000,0.000000,0.000000,0.331578,-0.043968,0.067833,-0.002045,-0.002537,0.000252,-0.195331,-0.133708,0.169176,0.341289,0.290951
15.071000,8.127000,-0.026368,-0.045347,1.919967,-0.002466,-0.001773,0.000254,-0.643502,-0.133700,-0.279702,-0.088407,0.087282,0.000093,-0.351325,0.000000,1.855768,0.000000,0.000000,0.000000,-0.447071,0.000000,-0.441488,0.000000,0.000000,0.000000,0.324957,-0.045347,0.064199,-0.002466,-0.001773,0.000254,-0.196431,-0.133700,0.161786,0.334327,0.287465
15.080000,8.136000,-0.032803,-0.046684,1.917170,-0.002984,-0.000872,0.000253,-0.643668,-0.133473,-0.284433,-0.095014,0.086915,-0.000157,-0.360155,0.000000,1.846827,0.000000,0.000000,0.000000,-0.435835,0.000000,-0.452584,0.000000,0.000000,0.000000,0.327351,-0.046684,0.070343,-0.002984,-0.000872,0.000253,-0.207832,-0.133473,0.168151,0.338063,0.298805
15.094000,8.150000,-0.038958,-0.047960,1.913603,-0.003545,0.000024,0.000249,-0.642878,-0.133015,-0.291140,-0.089638,0.088388,-0.000345,-0.360155,0.000000,1.846827,0.000000,0.000000,0.000000,-0.435835,0.000000,-0.452584,0.000000,0.000000,0.000000,0.321196,-0.047960,0.066777,-0.003545,0.000024,0.000249,-0.207043,-0.133015,0.161443,0.331552,0.294319
15.101000,8.157000,-0.046781,-0.049579,1.909635,-0.004023,0.000512,0.000242,-0.647996,-0.133738,-0.298851,-0.089308,0.089579,-0.000618,-0.368757,0.000000,1.837666,0.000000,0.000000,0.000000,-0.424324,0.000000,-0.463393,0.000000,0.000000,0.000000,0.321975,-0.049579,0.071969,-0.004023,0.000512,0.000242,-0.223672,-0.133738,0.164542,0.333625,0.308203
15.110000,8.166000,-0.053261,-0.050916,1.906647,-0.004917,0.001408,0.000232,-0.647948,-0.133362,-0.303436,-0.117347,0.088894,-0.000651,-0.368757,0.000000,1.837666,0.000000,0.000000,0.000000,-0.424324,0.000000,-0.463393,0.000000,0.000000,0.000000,0.315495,-0.050916,0.068980,-0.004917,0.001408,0.000232,-0.223624,-0.133362,0.159957,0.326937,0.305580
15.123000,8.179000,-0.060315,-0.052365,1.902485,-0.005035,0.002209,0.000217,-0.649922,-0.133358,-0.311301,-0.080383,0.094493,-0.000942,-0.377126,0.000000,1.828293,0.000000,0.000000,0.000000,-0.412545,0.000000,-0.473910,0.000000,0.000000,0.000000,0.316811,-0.052365,0.074192,-0.005035,0.002209,0.000217,-0.237377,-0.133358,0.162609,0.329569,0.317134
15.130000,8.186000,-0.066814,-0.053699,1.899372,-0.005839,0.003154,0.000203,-0.649720,-0.132898,-0.318146,-0.094870,0.103168,-0.000888,-0.377126,0.000000,1.828293,0.000000,0.000000,0.000000,-0.412545,0.000000,-0.473910,0.000000,0.000000,0.000000,0.310311,-0.053699,0.071079,-0.005839,0.003154,0.000203,-0.237175,-0.132898,0.155764,0.322845,0.313332
15.140000,8.196000,-0.070566,-0.054458,1.896508,-0.006137,0.004817,0.000186,-0.639731,-0.130396,-0.324075,-0.059786,0.107347,-0.001029,-0.385257,0.000000,1.818712,0.000000,0.000000,0.000000,-0.400505,0.000000,-0.484128,0.000000,0.000000,0.000000,0.314691,-0.054458,0.077796,-0.006137,0.004817,0.000186,-0.239226,-0.130396,0.160052,0.328707,0.315989
15.152000,8.208000,-0.078027,-0.055977,1.892290,-0.006279,0.005568,0.000166,-0.643186,-0.130620,-0.330705,-0.049436,0.112154,-0.001211,-0.393144,0.000000,1.808930,0.000000,0.000000,0.000000,-0.388213,0.000000,-0.494040,0.000000,0.000000,0.000000,0.315117,-0.055977,0.083361,-0.006279,0.005568,0.000166,-0.254973,-0.130620,0.163335,0.330728,0.329774
15.162000,8.218000,-0.084888,-0.057367,1.888293,-0.006300,0.006621,0.000146,-0.644255,-0.130355,-0.336228,-0.049857,0.117138,-0.001127,-0.393144,0.000000,1.808930,0.000000,0.000000,0.000000,-0.388213,0.000000,-0.494040,0.000000,0.000000,0.000000,0.308256,-0.057367,0.079364,-0.006300,0.006621,0.000146,-0.256042,-0.130355,0.157811,0.323437,0.327802
15.170000,8.226000,-0.091331,-0.058671,1.884931,-0.006799,0.007792,0.000127,-0.643628,-0.129758,-0.339729,-0.091758,0.114846,-0.000898,-0.393144,0.000000,1.808930,0.000000,0.000000,0.000000,-0.388213,0.000000,-0.494040,0.000000,0.000000,0.000000,0.301814,-0.058671,0.076001,-0.006799,0.007792,0.000127,-0.255416,-0.129758,0.154311,0.316717,0.325402
15.180000,8.236000,-0.093648,-0.059130,1.883074,-0.006475,0.010254,0.000104,-0.628116,-0.126173,-0.338757,-0.040104,0.124192,-0.001118,-0.401908,0.000000,1.797439,0.000000,0.000000,0.000000,-0.373773,0.000000,-0.505052,0.000000,0.000000,0.000000,0.308259,-0.059130,0.085635,-0.006475,0.010254,0.000104,-0.254342,-0.126173,0.166295,0.325351,0.329034
15.190000,8.246000,-0.098499,-0.060102,1.880015,-0.006424,0.011917,0.000082,-0.622093,-0.124551,-0.341479,-0.017644,0.130019,-0.001185,-0.401908,0.000000,1.797439,0.000000,0.000000,0.000000,-0.373773,0.000000,-0.505052,0.000000,0.000000,0.000000,0.303409,-0.060102,0.082575,-0.006424,0.011917,0.000082,-0.248319,-0.124551,0.163573,0.320137,0.322384
15.200000,8.256000,-0.104027,-0.061207,1.876558,-0.006334,0.013396,0.000061,-0.618582,-0.123476,-0.345278,-0.014582,0.133725,-0.001131,-0.408170,0.000000,1.788786,0.000000,0.000000,0.000000,-0.362900,0.000000,-0.512921,0.000000,0.000000,0.000000,0.304142,-0.061207,0.087772,-0.006334,0.013396,0.000061,-0.255682,-0.123476,0.167643,0.322417,0.329733
15.210000,8.266000,-0.109834,-0.062367,1.872894,-0.006171,0.014815,0.000041,-0.616094,-0.122655,-0.351479,-0.039726,0.116508,-0.000907,-0.408170,0.000000,1.788786,0.000000,0.000000,0.000000,-0.362900,0.000000,-0.512921,0.000000,0.000000,0.000000,0.298335,-0.062367,0.084108,-0.006171,0.014815,0.000041,-0.253195,-0.122655,0.161442,0.316177,0.324369
15.222000,8.278000,-0.117842,-0.063964,1.867632,-0.005819,0.015534,0.000023,-0.621622,-0.123509,-0.361881,-0.029381,0.113969,-0.000923,-0.415298,0.000000,1.778438,0.000000,0.000000,0.000000,-0.349895,0.000000,-0.521879,0.000000,0.000000,0.000000,0.297456,-0.063964,0.089194,-0.005819,0.015534,0.000023,-0.271727,-0.123509,0.159998,0.317060,0.338658
15.230000,8.286000,-0.125848,-0.065558,1.862523,-0.005653,0.016195,0.000005,-0.626783,-0.124314,-0.371559,-0.041868,0.100008,-0.000850,-0.415298,0.000000,1.778438,0.000000,0.000000,0.000000,-0.349895,0.000000,-0.521879,0.000000,0.000000,0.000000,0.289450,-0.065558,0.084085,-0.005653,0.016195,0.000005,-0.276888,-0.124314,0.150320,0.308463,0.338699
15.240000,8.296000,-0.132116,-0.066801,1.858807,-0.006072,0.017195,-0.000009,-0.625279,-0.123789,-0.376843,-0.086463,0.079260,-0.000629,-0.422164,0.000000,1.767913,0.000000,0.000000,0.000000,-0.336670,0.000000,-0.530507,0.000000,0.000000,0.000000,0.290048,-0.066801,0.090894,-0.006072,0.017195,-0.000009,-0.288610,-0.123789,0.153664,0.311210,0.349617
15.250000,8.306000,-0.135427,-0.067458,1.856142,-0.005843,0.019212,-0.000024,-0.613132,-0.121204,-0.379564,-0.055620,0.107563,-0.000665,-0.422164,0.000000,1.767913,0.000000,0.000000,0.000000,-0.336670,0.000000,-0.530507,0.000000,0.000000,0.000000,0.286737,-0.067458,0.088229,-0.005843,0.019212,-0.000024,-0.276462,-0.121204,0.150943,0.307495,0.337499
15.260000,8.316000,-0.142359,-0.068833,1.851132,-0.005880,0.019835,-0.000035,-0.614445,-0.121315,-0.389043,-0.065167,0.098079,-0.000440,-0.428763,0.000000,1.757220,0.000000,0.000000,0.000000,-0.323232,0.000000,-0.538800,0.000000,0.000000,0.000000,0.286405,-0.068833,0.093912,-0.005880,0.019835,-0.000035,-0.291213,-0.121315,0.149757,0.309168,0.349213
15.270000,8.326000,-0.150029,-0.070350,1.845842,-0.006073,0.020253,-0.000042,-0.618209,-0.121890,-0.397087,-0.072951,0.075803,-0.000017,-0.428763,0.000000,1.757220,0.000000,0.000000,0.000000,-0.323232,0.000000,-0.538800,0.000000,0.000000,0.000000,0.278734,-0.070350,0.088622,-0.006073,0.020253,-0.000042,-0.294978,-0.121890,0.141713,0.300825,0.349216
15.280000,8.336000,-0.156930,-0.071714,1.840927,-0.006755,0.020773,-0.000046,-0.618980,-0.121856,-0.403792,-0.113881,0.061330,0.000186,-0.435401,0.000000,1.745817,0.000000,0.000000,0.000000,-0.308902,0.000000,-0.547141,0.000000,0.000000,0.000000,0.278471,-0.071714,0.095110,-0.006755,0.020773,-0.000046,-0.310078,-0.121856,0.143350,0.302877,0.362693
15.290000,8.346000,-0.163120,-0.072933,1.836889,-0.006901,0.021700,-0.000047,-0.616897,-0.121218,-0.402161,-0.065445,0.088012,0.000327,-0.435401,0.000000,1.745817,0.000000,0.000000,0.000000,-0.308902,0.000000,-0.547141,0.000000,0.000000,0.000000,0.272281,-0.072933,0.091072,-0.006901,0.021700,-0.000047,-0.307994,-0.121218,0.144980,0.296227,0.361350
15.300000,8.356000,-0.165517,-0.073406,1.834694,-0.007634,0.023470,-0.000046,-0.601208,-0.117885,-0.395226,-0.071081,0.082507,0.000597,-0.441146,0.000000,1.735352,0.000000,0.000000,0.000000,-0.295752,0.000000,-0.554360,0.000000,0.000000,0.000000,0.275628,-0.073406,0.099342,-0.007634,0.023470,-0.000046,-0.305456,-0.117885,0.159134,0.302040,0.364038
15.311000,8.367000,-0.171962,-0.074673,1.829713,-0.008059,0.023994,-0.000044,-0.600789,-0.117534,-0.403552,-0.087093,0.086489,0.000518,-0.441146,0.000000,1.735352,0.000000,0.000000,0.000000,-0.295752,0.000000,-0.554360,0.000000,0.000000,0.000000,0.269184,-0.074673,0.094361,-0.008059,0.023994,-0.000044,-0.305037,-0.117534,0.150808,0.294856,0.360007
15.321000,8.377000,-0.179391,-0.076129,1.824241,-0.008391,0.024408,-0.000046,-0.603818,-0.117819,-0.413109,-0.081757,0.096082,0.000412,-0.447202,0.000000,1.723630,0.000000,0.000000,0.000000,-0.281022,0.000000,-0.561971,0.000000,0.000000,0.000000,0.267811,-0.076129,0.100611,-0.008391,0.024408,-0.000046,-0.322797,-0.117819,0.148862,0.296042,0.374485
15.330000,8.386000,-0.185430,-0.077307,1.820110,-0.009208,0.025369,-0.000050,-0.601524,-0.117031,-0.417227,-0.105720,0.093477,0.000335,-0.447202,0.000000,1.723630,0.000000,0.000000,0.000000,-0.281022,0.000000,-0.561971,0.000000,0.000000,0.000000,0.261773,-0.077307,0.096480,-0.009208,0.025369,-0.000050,-0.320502,-0.117031,0.144744,0.289499,0.370633
15.340000,8.396000,-0.189943,-0.078186,1.815961,-0.009233,0.026693,-0.000052,-0.593888,-0.115193,-0.421282,-0.059955,0.094815,0.000383,-0.452414,0.000000,1.712890,0.000000,0.000000,0.000000,-0.267525,0.000000,-0.568520,0.000000,0.000000,0.000000,0.262470,-0.078186,0.103071,-0.009233,0.026693,-0.000052,-0.326363,-0.115193,0.147238,0.292622,0.376113
15.351000,8.407000,-0.196989,-0.079553,1.810503,-0.009409,0.027380,-0.000055,-0.595454,-0.115120,-0.428318,-0.041442,0.104685,0.000469,-0.457621,0.000000,1.701453,0.000000,0.000000,0.000000,-0.253154,0.000000,-0.575063,0.000000,0.000000,0.000000,0.260631,-0.079553,0.109050,-0.009409,0.027380,-0.000055,-0.342301,-0.115120,0.146745,0.293512,0.389816
15.360000,8.416000,-0.203406,-0.080794,1.805390,-0.009494,0.028302,-0.000060,-0.594597,-0.114572,-0.434141,-0.028794,0.109411,0.000457,-0.457621,0.000000,1.701453,0.000000,0.000000,0.000000,-0.253154,0.000000,-0.575063,0.000000,0.000000,0.000000,0.254215,-0.080794,0.103936,-0.009494,0.028302,-0.000060,-0.341444,-0.114572,0.140922,0.286279,0.386742
15.370000,8.426000,-0.209422,-0.081952,1.800491,-0.009496,0.029377,-0.000066,-0.592207,-0.113732,-0.438520,-0.046176,0.109351,0.000315,-0.457621,0.000000,1.701453,0.000000,0.000000,0.000000,-0.253154,0.000000,-0.575063,0.000000,0.000000,0.000000,0.248198,-0.081952,0.099038,-0.009496,0.029377,-0.000066,-0.339053,-0.113732,0.136543,0.279512,0.382800
15.383000,8.439000,-0.215344,-0.083089,1.796106,-0.009495,0.030526,-0.000074,-0.589404,-0.112831,-0.441267,-0.046185,0.111570,0.000142,-0.462777,0.000000,1.689308,0.000000,0.000000,0.000000,-0.237892,0.000000,-0.581543,0.000000,0.000000,0.000000,0.247432,-0.083089,0.106798,-0.009495,0.030526,-0.000074,-0.351512,-0.112831,0.140275,0.282015,0.394929
15.390000,8.446000,-0.218555,-0.083700,1.792706,-0.010080,0.032305,-0.000082,-0.576978,-0.110096,-0.440601,-0.087071,0.109411,0.000120,-0.462777,0.000000,1.689308,0.000000,0.000000,0.000000,-0.237892,0.000000,-0.581543,0.000000,0.000000,0.000000,0.244221,-0.083700,0.103397,-0.010080,0.032305,-0.000082,-0.339086,-0.110096,0.140941,0.278102,0.383360
15.400000,8.456000,-0.225231,-0.084974,1.787141,-0.009637,0.033211,-0.000092,-0.577238,-0.109823,-0.446279,-0.047960,0.114210,0.000049,-0.467388,0.000000,1.677619,0.000000,0.000000,0.000000,-0.223202,0.000000,-0.587337,0.000000,0.000000,0.000000,0.242157,-0.084974,0.109522,-0.009637,0.033211,-0.000092,-0.354035,-0.109823,0.141058,0.279026,0.396610
15.410000,8.466000,-0.231358,-0.086139,1.781888,-0.009695,0.034267,-0.000103,-0.575437,-0.109174,-0.451950,-0.033316,0.109281,0.000071,-0.467388,0.000000,1.677619,0.000000,0.000000,0.000000,-0.223202,0.000000,-0.587337,0.000000,0.000000,0.000000,0.236030,-0.086139,0.104269,-0.009695,0.034267,-0.000103,-0.352235,-0.109174,0.135387,0.272033,0.392834
15.420000,8.476000,-0.237136,-0.087235,1.776821,-0.010019,0.035320,-0.000112,-0.572332,-0.108284,-0.456912,-0.053445,0.100040,0.000103,-0.471495,0.000000,1.666410,0.000000,0.000000,0.000000,-0.209117,0.000000,-0.592498,0.000000,0.000000,0.000000,0.234359,-0.087235,0.110411,-0.010019,0.035320,-0.000112,-0.363215,-0.108284,0.135586,0.273358,0.402535
15.430000,8.486000,-0.242860,-0.088318,1.772252,-0.009955,0.036573,-0.000120,-0.568947,-0.107348,-0.459480,-0.060469,0.111159,0.000329,-0.471495,0.000000,1.666410,0.000000,0.000000,0.000000,-0.209117,0.000000,-0.592498,0.000000,0.000000,0.000000,0.228636,-0.088318,0.105842,-0.009955,0.036573,-0.000120,-0.359831,-0.107348,0.133019,0.266977,0.398366
15.441000,8.497000,-0.245929,-0.088894,1.768729,-0.010146,0.038338,-0.000123,-0.556193,-0.104650,-0.458939,-0.059236,0.107239,0.000649,-0.475528,0.000000,1.654508,0.000000,0.000000,0.000000,-0.194161,0.000000,-0.597566,0.000000,0.000000,0.000000,0.229599,-0.088894,0.114221,-0.010146,0.038338,-0.000123,-0.362032,-0.104650,0.138627,0.271412,0.401543
15.451000,8.507000,-0.252366,-0.090106,1.762934,-0.010308,0.039129,-0.000125,-0.555776,-0.104295,-0.464827,-0.057343,0.102171,0.000867,-0.475528,0.000000,1.654508,0.000000,0.000000,0.000000,-0.194161,0.000000,-0.597566,0.000000,0.000000,0.000000,0.223162,-0.090106,0.108425,-0.010308,0.039129,-0.000125,-0.361615,-0.104295,0.132739,0.263963,0.399078
15.462000,8.518000,-0.258269,-0.091214,1.757464,-0.010542,0.040047,-0.000124,-0.553351,-0.103560,-0.469592,-0.062301,0.099165,0.001002,-0.479618,0.000000,1.641305,0.000000,0.000000,0.000000,-0.177569,0.000000,-0.602705,0.000000,0.000000,0.000000,0.221349,-0.091214,0.116159,-0.010542,0.040047,-0.000124,-0.375783,-0.103560,0.133113,0.266098,0.411894
15.470000,8.526000,-0.263830,-0.092254,1.752201,-0.010842,0.041027,-0.000124,-0.549688,-0.102584,-0.473829,-0.066881,0.094366,0.000954,-0.479618,0.000000,1.641305,0.000000,0.000000,0.000000,-0.177569,0.000000,-0.602705,0.000000,0.000000,0.000000,0.215788,-0.092254,0.110896,-0.010842,0.041027,-0.000124,-0.372120,-0.102584,0.128876,0.259563,0.406947
15.480000,8.536000,-0.269327,-0.093280,1.747463,-0.011511,0.041970,-0.000124,-0.545767,-0.101549,-0.476405,-0.100393,0.086454,0.000831,-0.482691,0.000000,1.630421,0.000000,0.000000,0.000000,-0.163892,0.000000,-0.606567,0.000000,0.000000,0.000000,0.213364,-0.093280,0.117042,-0.011511,0.041970,-0.000124,-0.381875,-0.101549,0.130163,0.260623,0.416033
15.491000,8.547000,-0.272276,-0.093827,1.743803,-0.011655,0.043597,-0.000122,-0.532897,-0.098829,-0.475482,-0.066942,0.093711,0.000924,-0.482691,0.000000,1.630421,0.000000,0.000000,0.000000,-0.163892,0.000000,-0.606567,0.000000,0.000000,0.000000,0.210414,-0.093827,0.113382,-0.011655,0.043597,-0.000122,-0.369005,-0.098829,0.131085,0.256775,0.403875
15.500000,8.556000,-0.278451,-0.094972,1.737789,-0.012013,0.044242,-0.000123,-0.531873,-0.098295,-0.481463,-0.071151,0.090240,0.000755,-0.485816,0.000000,1.618249,0.000000,0.000000,0.000000,-0.148597,0.000000,-0.610494,0.000000,0.000000,0.000000,0.207365,-0.094972,0.119540,-0.012013,0.044242,-0.000123,-0.383276,-0.098295,0.129031,0.257507,0.416187
15.510000,8.566000,-0.284107,-0.096017,1.732114,-0.012397,0.045016,-0.000125,-0.528959,-0.097388,-0.486870,-0.068213,0.080827,0.000646,-0.485816,0.000000,1.618249,0.000000,0.000000,0.000000,-0.148597,0.000000,-0.610494,0.000000,0.000000,0.000000,0.201709,-0.096017,0.113864,-0.012397,0.045016,-0.000125,-0.380363,-0.097388,0.123625,0.250740,0.411635
15.520000,8.576000,-0.289397,-0.096990,1.727245,-0.013079,0.045824,-0.000129,-0.524670,-0.096208,-0.489751,-0.093231,0.070344,0.000504,-0.488634,0.000000,1.606004,0.000000,0.000000,0.000000,-0.133208,0.000000,-0.614036,0.000000,0.000000,0.000000,0.199237,-0.096990,0.121241,-0.013079,0.045824,-0.000129,-0.391462,-0.096208,0.124284,0.252591,0.421835
15.530000,8.586000,-0.291252,-0.097327,1.724736,-0.013367,0.047677,-0.000131,-0.508141,-0.092750,-0.484659,-0.065142,0.084452,0.000646,-0.488634,0.000000,1.606004,0.000000,0.000000,0.000000,-0.133208,0.000000,-0.614036,0.000000,0.000000,0.000000,0.197382,-0.097327,0.118732,-0.013367,0.047677,-0.000131,-0.374933,-0.092750,0.129376,0.250059,0.407327
15.542000,8.598000,-0.296656,-0.098312,1.718761,-0.013654,0.048260,-0.000134,-0.505018,-0.091739,-0.491229,-0.056765,0.068950,0.000528,-0.491144,0.000000,1.593691,0.000000,0.000000,0.000000,-0.117735,0.000000,-0.617189,0.000000,0.000000,0.000000,0.194488,-0.098312,0.125071,-0.013654,0.048260,-0.000134,-0.387283,-0.091739,0.125961,0.251264,0.417457
15.550000,8.606000,-0.302915,-0.099449,1.712171,-0.014150,0.048549,-0.000138,-0.504937,-0.091260,-0.499454,-0.076838,0.056221,0.000456,-0.491144,0.000000,1.593691,0.000000,0.000000,0.000000,-0.117735,0.000000,-0.617189,0.000000,0.000000,0.000000,0.188228,-0.099449,0.118480,-0.014150,0.048549,-0.000138,-0.387201,-0.091260,0.117736,0.243634,0.414867
15.560000,8.616000,-0.308538,-0.100463,1.706050,-0.014135,0.049192,-0.000143,-0.502490,-0.090331,-0.506058,-0.048441,0.062656,0.000410,-0.493343,0.000000,1.581319,0.000000,0.000000,0.000000,-0.102188,0.000000,-0.619953,0.000000,0.000000,0.000000,0.184805,-0.100463,0.124732,-0.014135,0.049192,-0.000143,-0.400302,-0.090331,0.113895,0.244548,0.425880
15.570000,8.626000,-0.313724,-0.101393,1.700260,-0.014305,0.049780,-0.000148,-0.498409,-0.089082,-0.509800,-0.034341,0.070285,0.000390,-0.493343,0.000000,1.581319,0.000000,0.000000,0.000000,-0.102188,0.000000,-0.619953,0.000000,0.000000,0.000000,0.179619,-0.101393,0.118941,-0.014305,0.049780,-0.000148,-0.396221,-0.089082,0.110153,0.238098,0.420785
15.580000,8.636000,-0.318708,-0.102284,1.695162,-0.014649,0.050482,-0.000154,-0.493600,-0.087703,-0.511402,-0.048081,0.072840,0.000365,-0.495231,0.000000,1.568895,0.000000,0.000000,0.000000,-0.086576,0.000000,-0.622325,0.000000,0.000000,0.000000,0.176522,-0.102284,0.126267,-0.014649,0.050482,-0.000154,-0.407024,-0.087703,0.110923,0.239928,0.430888
15.590000,8.646000,-0.320343,-0.102567,1.692697,-0.014697,0.052001,-0.000160,-0.477001,-0.084212,-0.506385,-0.042773,0.076029,0.000303,-0.495231,0.000000,1.568895,0.000000,0.000000,0.000000,-0.086576,0.000000,-0.622325,0.000000,0.000000,0.000000,0.174888,-0.102567,0.123801,-0.014697,0.052001,-0.000160,-0.390425,-0.084212,0.115940,0.237556,0.415891
15.600000,8.656000,-0.323995,-0.103209,1.688305,-0.014713,0.052932,-0.000167,-0.468136,-0.082123,-0.507112,-0.035132,0.078415,0.000269,-0.496806,0.000000,1.556428,0.000000,0.000000,0.000000,-0.070910,0.000000,-0.624304,0.000000,0.000000,0.000000,0.172811,-0.103209,0.131877,-0.014713,0.052932,-0.000167,-0.397227,-0.082123,0.117193,0.240639,0.422217
15.612000,8.668000,-0.329651,-0.104200,1.681430,-0.014567,0.053287,-0.000172,-0.466816,-0.081391,-0.514462,-0.022439,0.067820,0.000498,-0.496806,0.000000,1.556428,0.000000,0.000000,0.000000,-0.070910,0.000000,-0.624304,0.000000,0.000000,0.000000,0.167155,-0.104200,0.125002,-0.014567,0.053287,-0.000172,-0.395906,-0.081391,0.109843,0.233289,0.418846
15.621000,8.677000,-0.335589,-0.105236,1.674407,-0.014453,0.053663,-0.000177,-0.466416,-0.080831,-0.522079,-0.022829,0.069161,0.000679,-0.498122,0.000000,1.543300,0.000000,0.000000,0.000000,-0.054412,0.000000,-0.625958,0.000000,0.000000,0.000000,0.162533,-0.105236,0.131107,-0.014453,0.053663,-0.000177,-0.412004,-0.080831,0.103879,0.233839,0.432518
15.630000,8.686000,-0.340253,-0.106044,1.669186,-0.014681,0.054355,-0.000180,-0.461222,-0.079434,-0.523489,-0.056714,0.063123,0.000662,-0.498122,0.000000,1.543300,0.000000,0.000000,0.000000,-0.054412,0.000000,-0.625958,0.000000,0.000000,0.000000,0.157869,-0.106044,0.125886,-0.014681,0.054355,-0.000180,-0.406810,-0.079434,0.102469,0.228069,0.426971
15.642000,8.698000,-0.343877,-0.106665,1.663999,-0.014377,0.055337,-0.000182,-0.452591,-0.077473,-0.524766,-0.033720,0.069116,0.000717,-0.499013,0.000000,1.531395,0.000000,0.000000,0.000000,-0.039452,0.000000,-0.627079,0.000000,0.000000,0.000000,0.155136,-0.106665,0.132604,-0.014377,0.055337,-0.000182,-0.413139,-0.077473,0.102313,0.230279,0.432613
15.652000,8.708000,-0.349292,-0.107592,1.657224,-0.014657,0.055725,-0.000184,-0.450607,-0.076675,-0.531665,-0.052652,0.076733,0.000665,-0.499645,0.000000,1.518845,0.000000,0.000000,0.000000,-0.023681,0.000000,-0.627872,0.000000,0.000000,0.000000,0.150353,-0.107592,0.138378,-0.014657,0.055725,-0.000184,-0.426926,-0.076675,0.096207,0.230934,0.444298
15.660000,8.716000,-0.353798,-0.108358,1.651907,-0.014499,0.056408,-0.000187,-0.445272,-0.075297,-0.534080,-0.027343,0.078904,0.000633,-0.499645,0.000000,1.518845,0.000000,0.000000,0.000000,-0.023681,0.000000,-0.627872,0.000000,0.000000,0.000000,0.145847,-0.108358,0.133062,-0.014499,0.056408,-0.000187,-0.421590,-0.075297,0.093792,0.225207,0.438412
15.670000,8.726000,-0.355813,-0.108695,1.648721,-0.014675,0.057760,-0.000192,-0.431027,-0.072400,-0.527392,-0.030070,0.069237,0.000477,-0.499645,0.000000,1.518845,0.000000,0.000000,0.000000,-0.023681,0.000000,-0.627872,0.000000,0.000000,0.000000,0.143832,-0.108695,0.129876,-0.014675,0.057760,-0.000192,-0.407346,-0.072400,0.100480,0.222194,0.425757
15.681000,8.737000,-0.360578,-0.109496,1.642101,-0.014676,0.058266,-0.000198,-0.427185,-0.071288,-0.530896,-0.027855,0.071330,0.000351,-0.499961,0.000000,1.506283,0.000000,0.000000,0.000000,-0.007895,0.000000,-0.628269,0.000000,0.000000,0.000000,0.139383,-0.109496,0.135818,-0.014676,0.058266,-0.000198,-0.419290,-0.071288,0.097373,0.223301,0.436311
15.690000,8.746000,-0.365912,-0.110388,1.634984,-0.014890,0.058628,-0.000205,-0.425466,-0.070536,-0.537117,-0.056249,0.063247,0.000352,-0.499961,0.000000,1.506283,0.000000,0.000000,0.000000,-0.007895,0.000000,-0.628269,0.000000,0.000000,0.000000,0.134049,-0.110388,0.128701,-0.014890,0.058628,-0.000205,-0.417571,-0.070536,0.091152,0.216144,0.433185
15.701000,8.757000,-0.370669,-0.111177,1.628423,-0.014655,0.059220,-0.000213,-0.421661,-0.069443,-0.541523,-0.035022,0.064746,0.000268,-0.499952,0.000000,1.493089,0.000000,0.000000,0.000000,0.008685,0.000000,-0.628259,0.000000,0.000000,0.000000,0.129283,-0.111177,0.135334,-0.014655,0.059220,-0.000213,-0.430346,-0.069443,0.086735,0.217692,0.444458
15.710000,8.766000,-0.374886,-0.111871,1.623008,-0.015005,0.059868,-0.000219,-0.415813,-0.067999,-0.541017,-0.051819,0.063790,0.000310,-0.499952,0.000000,1.493089,0.000000,0.000000,0.000000,0.008685,0.000000,-0.628259,0.000000,0.000000,0.000000,0.125067,-0.111871,0.129919,-0.015005,0.059868,-0.000219,-0.424498,-0.067999,0.087241,0.212216,0.438673
15.721000,8.777000,-0.377490,-0.112294,1.618491,-0.014914,0.060893,-0.000229,-0.404487,-0.065667,-0.537920,-0.026351,0.066473,0.000110,-0.499645,0.000000,1.481155,0.000000,0.000000,0.000000,0.023681,0.000000,-0.627872,0.000000,0.000000,0.000000,0.122155,-0.112294,0.137336,-0.014914,0.060893,-0.000229,-0.428168,-0.065667,0.089952,0.215390,0.442416
15.731000,8.787000,-0.382234,-0.113065,1.611666,-0.014937,0.061315,-0.000239,-0.401181,-0.064657,-0.543094,-0.026267,0.075458,0.000007,-0.499645,0.000000,1.481155,0.000000,0.000000,0.000000,0.023681,0.000000,-0.627872,0.000000,0.000000,0.000000,0.117411,-0.113065,0.130511,-0.014937,0.061315,-0.000239,-0.424863,-0.064657,0.084778,0.208811,0.438037
15.740000,8.796000,-0.386529,-0.113757,1.605278,-0.014953,0.061894,-0.000250,-0.396317,-0.063396,-0.546835,-0.024157,0.079397,-0.000028,-0.499013,0.000000,1.468605,0.000000,0.000000,0.000000,0.039452,0.000000,-0.627079,0.000000,0.000000,0.000000,0.112485,-0.113757,0.136674,-0.014953,0.061894,-0.000250,-0.435770,-0.063396,0.080244,0.210412,0.447609
15.752000,8.808000,-0.390525,-0.114396,1.599180,-0.014973,0.062589,-0.000263,-0.390367,-0.061956,-0.547709,-0.033711,0.069776,0.000031,-0.498067,0.000000,1.456074,0.000000,0.000000,0.000000,0.055199,0.000000,-0.625889,0.000000,0.000000,0.000000,0.107542,-0.114396,0.143106,-0.014973,0.062589,-0.000263,-0.445565,-0.061956,0.078180,0.212440,0.456595
15.760000,8.816000,-0.394429,-0.115015,1.593703,-0.015036,0.063342,-0.000275,-0.384157,-0.060477,-0.546738,-0.037216,0.069750,0.000017,-0.498067,0.000000,1.456074,0.000000,0.000000,0.000000,0.055199,0.000000,-0.625889,0.000000,0.000000,0.000000,0.103638,-0.115015,0.137629,-0.015036,0.063342,-0.000275,-0.439355,-0.060477,0.079151,0.207150,0.450506
15.770000,8.826000,-0.395620,-0.115198,1.591199,-0.015514,0.064728,-0.000285,-0.368393,-0.057485,-0.536516,-0.062162,0.067705,0.000175,-0.498067,0.000000,1.456074,0.000000,0.000000,0.000000,0.055199,0.000000,-0.625889,0.000000,0.000000,0.000000,0.102447,-0.115198,0.135125,-0.015514,0.064728,-0.000285,-0.423591,-0.057485,0.089373,0.204999,0.436717
15.783000,8.839000,-0.399480,-0.115801,1.584746,-0.015355,0.065340,-0.000297,-0.362764,-0.056119,-0.538070,-0.039644,0.072285,0.000129,-0.496806,0.000000,1.443572,0.000000,0.000000,0.000000,0.070910,0.000000,-0.624304,0.000000,0.000000,0.000000,0.097325,-0.115801,0.141174,-0.015355,0.065340,-0.000297,-0.433674,-0.056119,0.086235,0.206911,0.445712
15.790000,8.846000,-0.403108,-0.116362,1.579366,-0.015752,0.066063,-0.000307,-0.356379,-0.054623,-0.538604,-0.048675,0.062999,0.000265,-0.496806,0.000000,1.443572,0.000000,0.000000,0.000000,0.070910,0.000000,-0.624304,0.000000,0.000000,0.000000,0.093698,-0.116362,0.135794,-0.015752,0.066063,-0.000307,-0.427289,-0.054623,0.085700,0.201890,0.439208
15.802000,8.858000,-0.406581,-0.116897,1.573061,-0.015770,0.066730,-0.000313,-0.349769,-0.053108,-0.541524,-0.033832,0.063817,0.000485,-0.495231,0.000000,1.431105,0.000000,0.000000,0.000000,0.086576,0.000000,-0.622325,0.000000,0.000000,0.000000,0.088650,-0.116897,0.141956,-0.015770,0.066730,-0.000313,-0.436345,-0.053108,0.080801,0.204145,0.446930
15.810000,8.866000,-0.410871,-0.117551,1.565902,-0.016062,0.067095,-0.000318,-0.346192,-0.052033,-0.546897,-0.047624,0.056414,0.000609,-0.495231,0.000000,1.431105,0.000000,0.000000,0.000000,0.086576,0.000000,-0.622325,0.000000,0.000000,0.000000,0.084360,-0.117551,0.134797,-0.016062,0.067095,-0.000318,-0.432768,-0.052033,0.075429,0.197750,0.442363
15.822000,8.878000,-0.414685,-0.118125,1.559298,-0.016001,0.067603,-0.000318,-0.340972,-0.050699,-0.550481,-0.028477,0.054734,0.000941,-0.493137,0.000000,1.417442,0.000000,0.000000,0.000000,0.103746,0.000000,-0.619694,0.000000,0.000000,0.000000,0.078452,-0.118125,0.141857,-0.016001,0.067603,-0.000318,-0.444717,-0.050699,0.069214,0.200578,0.452918
15.830000,8.886000,-0.418095,-0.118632,1.553794,-0.016286,0.068151,-0.000317,-0.334248,-0.049113,-0.549298,-0.041643,0.051693,0.000982,-0.493137,0.000000,1.417442,0.000000,0.000000,0.000000,0.103746,0.000000,-0.619694,0.000000,0.000000,0.000000,0.075042,-0.118632,0.136352,-0.016286,0.068151,-0.000317,-0.437994,-0.049113,0.070396,0.195695,0.446325
15.842000,8.898000,-0.420129,-0.118928,1.549266,-0.016208,0.068947,-0.000312,-0.322922,-0.046859,-0.544999,-0.022659,0.053208,0.001055,-0.490907,0.000000,1.405075,0.000000,0.000000,0.000000,0.119286,0.000000,-0.616891,0.000000,0.000000,0.000000,0.070777,-0.118928,0.144191,-0.016208,0.068947,-0.000312,-0.442208,-0.046859,0.071892,0.199861,0.450458
15.850000,8.906000,-0.423359,-0.119397,1.543816,-0.016435,0.069479,-0.000310,-0.316043,-0.045247,-0.543510,-0.037271,0.053628,0.000999,-0.490907,0.000000,1.405075,0.000000,0.000000,0.000000,0.119286,0.000000,-0.616891,0.000000,0.000000,0.000000,0.067548,-0.119397,0.138741,-0.016435,0.069479,-0.000310,-0.435329,-0.045247,0.073382,0.195108,0.443783
15.861000,8.917000,-0.426070,-0.119785,1.538049,-0.016247,0.069957,-0.000304,-0.307690,-0.043454,-0.542990,-0.016479,0.049358,0.001150,-0.488634,0.000000,1.393996,0.000000,0.000000,0.000000,0.133208,0.000000,-0.614036,0.000000,0.000000,0.000000,0.062564,-0.119785,0.144052,-0.016247,0.069957,-0.000304,-0.440898,-0.043454,0.071046,0.197519,0.448695
15.870000,8.926000,-0.429788,-0.120312,1.530950,-0.016189,0.070214,-0.000299,-0.303190,-0.042216,-0.547322,-0.014152,0.044971,0.001133,-0.488634,0.000000,1.393996,0.000000,0.000000,0.000000,0.133208,0.000000,-0.614036,0.000000,0.000000,0.000000,0.058846,-0.120312,0.136954,-0.016189,0.070214,-0.000299,-0.436398,-0.042216,0.066714,0.191557,0.443481
15.880000,8.936000,-0.432820,-0.120734,1.525477,-0.016330,0.070664,-0.000295,-0.296249,-0.040621,-0.546756,-0.028783,0.041094,0.001067,-0.485816,0.000000,1.381751,0.000000,0.000000,0.000000,0.148597,0.000000,-0.610494,0.000000,0.000000,0.000000,0.052996,-0.120734,0.143726,-0.016330,0.070664,-0.000295,-0.444846,-0.040621,0.063739,0.195045,0.451221
15.893000,8.949000,-0.434938,-0.121024,1.520357,-0.016141,0.071305,-0.000290,-0.286330,-0.038645,-0.544155,-0.022832,0.046626,0.001046,-0.482362,0.000000,1.368367,0.000000,0.000000,0.000000,0.165416,0.000000,-0.606153,0.000000,0.000000,0.000000,0.047423,-0.121024,0.151991,-0.016141,0.071305,-0.000290,-0.451745,-0.038645,0.061999,0.199993,0.457615
15.902000,8.958000,-0.438341,-0.121486,1.513346,-0.016147,0.071570,-0.000285,-0.281275,-0.037340,-0.547544,-0.025001,0.043021,0.001035,-0.482362,0.000000,1.368367,0.000000,0.000000,0.000000,0.165416,0.000000,-0.606153,0.000000,0.000000,0.000000,0.044021,-0.121486,0.144980,-0.016147,0.071570,-0.000285,-0.446690,-0.037340,0.058609,0.194205,0.452064
15.910000,8.966000,-0.441376,-0.121890,1.506830,-0.016232,0.071922,-0.000281,-0.275037,-0.035873,-0.549386,-0.031515,0.042108,0.001021,-0.482362,0.000000,1.368367,0.000000,0.000000,0.000000,0.165416,0.000000,-0.606153,0.000000,0.000000,0.000000,0.040986,-0.121890,0.138464,-0.016232,0.071922,-0.000281,-0.440453,-0.035873,0.056767,0.188969,0.445543
15.920000,8.976000,-0.444158,-0.122253,1.500645,-0.016392,0.072314,-0.000276,-0.268071,-0.034299,-0.550204,-0.038227,0.040688,0.000997,-0.479261,0.000000,1.357490,0.000000,0.000000,0.000000,0.179083,0.000000,-0.602257,0.000000,0.000000,0.000000,0.035103,-0.122253,0.143154,-0.016392,0.072314,-0.000276,-0.447154,-0.034299,0.052053,0.191497,0.451478
15.933000,8.989000,-0.446774,-0.122587,1.494638,-0.016617,0.072725,-0.000273,-0.260632,-0.032642,-0.549346,-0.039640,0.044430,0.000915,-0.475528,0.000000,1.345492,0.000000,0.000000,0.000000,0.194161,0.000000,-0.597566,0.000000,0.000000,0.000000,0.028754,-0.122587,0.149146,-0.016617,0.072725,-0.000273,-0.454793,-0.032642,0.048221,0.195190,0.458506
15.940000,8.996000,-0.449381,-0.122914,1.489144,-0.017013,0.073169,-0.000271,-0.253314,-0.030975,-0.547009,-0.054755,0.045645,0.000829,-0.475528,0.000000,1.345492,0.000000,0.000000,0.000000,0.194161,0.000000,-0.597566,0.000000,0.000000,0.000000,0.026148,-0.122914,0.143653,-0.017013,0.073169,-0.000271,-0.447475,-0.030975,0.050557,0.190860,0.451386
15.950000,9.006000,-0.450086,-0.122993,1.486698,-0.017206,0.074061,-0.000269,-0.239429,-0.028474,-0.535361,-0.038578,0.043575,0.000811,-0.475528,0.000000,1.345492,0.000000,0.000000,0.000000,0.194161,0.000000,-0.597566,0.000000,0.000000,0.000000,0.025442,-0.122993,0.141207,-0.017206,0.074061,-0.000269,-0.433590,-0.028474,0.062205,0.188982,0.438954
15.960000,9.016000,-0.451883,-0.123206,1.482096,-0.017508,0.074621,-0.000269,-0.229888,-0.026509,-0.530314,-0.040403,0.044572,0.000698,-0.471495,0.000000,1.333590,0.000000,0.000000,0.000000,0.209117,0.000000,-0.592498,0.000000,0.000000,0.000000,0.019612,-0.123206,0.148506,-0.017508,0.074621,-0.000269,-0.439004,-0.026509,0.062184,0.193955,0.444178
15.970000,9.026000,-0.453926,-0.123444,1.476870,-0.017904,0.075077,-0.000269,-0.221769,-0.024730,-0.530566,-0.047072,0.047604,0.000659,-0.471495,0.000000,1.333590,0.000000,0.000000,0.000000,0.209117,0.000000,-0.592498,0.000000,0.000000,0.000000,0.017570,-0.123444,0.143280,-0.017904,0.075077,-0.000269,-0.430885,-0.024730,0.061932,0.189938,0.436015
15.980000,9.036000,-0.456034,-0.123684,1.471337,-0.018086,0.075511,-0.000271,-0.214136,-0.022992,-0.531714,-0.035853,0.049966,0.000614,-0.467164,0.000000,1.321794,0.000000,0.000000,0.000000,0.223940,0.000000,-0.587056,0.000000,0.000000,0.000000,0.011130,-0.123684,0.149543,-0.018086,0.075511,-0.000271,-0.438076,-0.022992,0.055342,0.194382,0.442156
15.990000,9.046000,-0.458891,-0.124000,1.463504,-0.018294,0.075695,-0.000272,-0.209491,-0.021576,-0.539037,-0.029196,0.043135,0.000626,-0.467164,0.000000,1.321794,0.000000,0.000000,0.000000,0.223940,0.000000,-0.587056,0.000000,0.000000,0.000000,0.008273,-0.124000,0.141710,-0.018294,0.075695,-0.000272,-0.433431,-0.021576,0.048019,0.188484,0.436617
16.000000,9.056000,-0.460986,-0.124215,1.458114,-0.018586,0.076126,-0.000274,-0.202046,-0.019782,-0.538996,-0.031966,0.036723,0.000637,-0.462539,0.000000,1.310110,0.000000,0.000000,0.000000,0.238622,0.000000,-0.581243,0.000000,0.000000,0.000000,0.001552,-0.124215,0.148004,-0.018586,0.076126,-0.000274,-0.440669,-0.019782,0.042247,0.193228,0.443131
16.010000,9.066000,-0.463192,-0.124439,1.451210,-0.018717,0.076519,-0.000275,-0.195231,-0.018062,-0.541273,-0.027492,0.041552,0.000672,-0.462539,0.000000,1.310110,0.000000,0.000000,0.000000,0.238622,0.000000,-0.581243,0.000000,0.000000,0.000000,-0.000653,-0.124439,0.141100,-0.018717,0.076519,-0.000275,-0.433853,-0.018062,0.039970,0.188135,0.436065
16.022000,9.078000,-0.465633,-0.124668,1.443935,-0.018831,0.076768,-0.000276,-0.189398,-0.016386,-0.544613,-0.021069,0.036413,0.000722,-0.457621,0.000000,1.298547,0.000000,0.000000,0.000000,0.253154,0.000000,-0.575063,0.000000,0.000000,0.000000,-0.008013,-0.124668,0.145388,-0.018831,0.076768,-0.000276,-0.442552,-0.016386,0.030450,0.191687,0.443900
16.031000,9.087000,-0.467743,-0.124852,1.437275,-0.018917,0.077016,-0.000275,-0.182552,-0.014594,-0.546182,-0.014673,0.038008,0.000733,-0.457621,0.000000,1.298547,0.000000,0.000000,0.000000,0.253154,0.000000,-0.575063,0.000000,0.000000,0.000000,-0.010123,-0.124852,0.138728,-0.018917,0.077016,-0.000275,-0.435706,-0.014594,0.028881,0.186911,0.436906
16.040000,9.096000,-0.469569,-0.124997,1.431813,-0.019063,0.077397,-0.000274,-0.174826,-0.012703,-0.544184,-0.018582,0.040889,0.000729,-0.452414,0.000000,1.287110,0.000000,0.000000,0.000000,0.267525,0.000000,-0.568520,0.000000,0.000000,0.000000,-0.017155,-0.124997,0.144703,-0.019063,0.077397,-0.000274,-0.442351,-0.012703,0.024336,0.191983,0.443202
16.053000,9.109000,-0.470618,-0.125064,1.427226,-0.019033,0.077769,-0.000272,-0.164498,-0.010580,-0.537026,-0.013079,0.028761,0.000696,-0.446921,0.000000,1.275808,0.000000,0.000000,0.000000,0.281727,0.000000,-0.561617,0.000000,0.000000,0.000000,-0.023697,-0.125064,0.151418,-0.019033,0.077769,-0.000272,-0.446226,-0.010580,0.024591,0.197813,0.447028
16.060000,9.116000,-0.472549,-0.125189,1.420367,-0.019146,0.077934,-0.000270,-0.157597,-0.008715,-0.536725,-0.020827,0.025757,0.000676,-0.446921,0.000000,1.275808,0.000000,0.000000,0.000000,0.281727,0.000000,-0.561617,0.000000,0.000000,0.000000,-0.025628,-0.125189,0.144559,-0.019146,0.077934,-0.000270,-0.439325,-0.008715,0.024892,0.192941,0.440116
16.070000,9.126000,-0.474125,-0.125276,1.415000,-0.019080,0.078247,-0.000269,-0.149709,-0.006794,-0.533864,-0.009491,0.035762,0.000676,-0.441146,0.000000,1.264648,0.000000,0.000000,0.000000,0.295752,0.000000,-0.554360,0.000000,0.000000,0.000000,-0.032979,-0.125276,0.150352,-0.019080,0.078247,-0.000269,-0.445461,-0.006794,0.020496,0.198462,0.445984
16.080000,9.136000,-0.474737,-0.125293,1.411853,-0.019099,0.078733,-0.000268,-0.138686,-0.004710,-0.524636,-0.009023,0.035717,0.000654,-0.441146,0.000000,1.264648,0.000000,0.000000,0.000000,0.295752,0.000000,-0.554360,0.000000,0.000000,0.000000,-0.033591,-0.125293,0.147205,-0.019099,0.078733,-0.000268,-0.434438,-0.004710,0.029724,0.196204,0.435479
16.090000,9.146000,-0.476270,-0.125347,1.405167,-0.019093,0.078916,-0.000267,-0.131302,-0.002829,-0.524653,-0.008832,0.027652,0.000628,-0.441146,0.000000,1.264648,0.000000,0.000000,0.000000,0.295752,0.000000,-0.554360,0.000000,0.000000,0.000000,-0.035124,-0.125347,0.140519,-0.019093,0.078916,-0.000267,-0.427054,-0.002829,0.029707,0.191550,0.428095
16.100000,9.156000,-0.477925,-0.125387,1.398051,-0.019113,0.079102,-0.000266,-0.124525,-0.000942,-0.525981,-0.010000,0.027700,0.000610,-0.435092,0.000000,1.253636,0.000000,0.000000,0.000000,0.309590,0.000000,-0.546753,0.000000,0.000000,0.000000,-0.042833,-0.125387,0.144414,-0.019113,0.079102,-0.000266,-0.434114,-0.000942,0.020772,0.195990,0.434612
16.110000,9.166000,-0.479323,-0.125400,1.391541,-0.019145,0.079323,-0.000265,-0.117097,0.000966,-0.526255,-0.009424,0.025748,0.000616,-0.435092,0.000000,1.253636,0.000000,0.000000,0.000000,0.309590,0.000000,-0.546753,0.000000,0.000000,0.000000,-0.044231,-0.125400,0.137905,-0.019145,0.079323,-0.000265,-0.426686,0.000966,0.020498,0.191570,0.427179
16.120000,9.176000,-0.480527,-0.125388,1.385466,-0.019187,0.079549,-0.000264,-0.109210,0.002896,-0.525241,-0.010255,0.022760,0.000619,-0.428763,0.000000,1.242780,0.000000,0.000000,0.000000,0.323232,0.000000,-0.538800,0.000000,0.000000,0.000000,-0.051764,-0.125388,0.142686,-0.019187,0.079549,-0.000264,-0.432442,0.002896,0.013559,0.196878,0.432664
16.130000,9.186000,-0.481592,-0.125354,1.379641,-0.019237,0.079757,-0.000262,-0.100973,0.004865,-0.522190,-0.008874,0.020676,0.000624,-0.428763,0.000000,1.242780,0.000000,0.000000,0.000000,0.323232,0.000000,-0.538800,0.000000,0.000000,0.000000,-0.052828,-0.125354,0.136861,-0.019237,0.079757,-0.000262,-0.424205,0.004865,0.016610,0.192965,0.424558
16.140000,9.196000,-0.482545,-0.125301,1.373971,-0.019288,0.079939,-0.000259,-0.092611,0.006841,-0.518776,-0.008733,0.017387,0.000626,-0.421151,0.000000,1.230497,0.000000,0.000000,0.000000,0.338667,0.000000,-0.529234,0.000000,0.000000,0.000000,-0.061394,-0.125301,0.143474,-0.019288,0.079939,-0.000259,-0.431278,0.006841,0.010457,0.200136,0.431459
16.151000,9.207000,-0.483404,-0.125228,1.368393,-0.019334,0.080092,-0.000256,-0.084159,0.008828,-0.514832,-0.006580,0.015130,0.000620,-0.421151,0.000000,1.230497,0.000000,0.000000,0.000000,0.338667,0.000000,-0.529234,0.000000,0.000000,0.000000,-0.062253,-0.125228,0.137896,-0.019334,0.080092,-0.000256,-0.422827,0.008828,0.014402,0.196399,0.423164
16.161000,9.217000,-0.484174,-0.125135,1.362880,-0.019372,0.080218,-0.000252,-0.075680,0.010819,-0.510812,-0.005568,0.012325,0.000613,-0.415298,0.000000,1.221562,0.000000,0.000000,0.000000,0.349895,0.000000,-0.521879,0.000000,0.000000,0.000000,-0.068876,-0.125135,0.141318,-0.019372,0.080218,-0.000252,-0.425575,0.010819,0.011067,0.200932,0.425857
16.170000,9.226000,-0.484931,-0.125027,1.357772,-0.019408,0.080334,-0.000248,-0.067401,0.012811,-0.505957,-0.003392,0.011910,0.000596,-0.415298,0.000000,1.221562,0.000000,0.000000,0.000000,0.349895,0.000000,-0.521879,0.000000,0.000000,0.000000,-0.069633,-0.125027,0.136210,-0.019408,0.080334,-0.000248,-0.417297,0.012811,0.015921,0.197569,0.417797
16.180000,9.236000,-0.485029,-0.124965,1.355556,-0.019412,0.080576,-0.000244,-0.057106,0.014550,-0.492849,-0.002973,0.012129,0.000592,-0.408170,0.000000,1.211214,0.000000,0.000000,0.000000,0.362900,0.000000,-0.512921,0.000000,0.000000,0.000000,-0.076859,-0.124965,0.144342,-0.019412,0.080576,-0.000244,-0.420005,0.014550,0.020072,0.205811,0.420736
16.190000,9.246000,-0.485435,-0.124850,1.351293,-0.019414,0.080669,-0.000240,-0.048291,0.016413,-0.486326,-0.001329,0.009097,0.000571,-0.408170,0.000000,1.211214,0.000000,0.000000,0.000000,0.362900,0.000000,-0.512921,0.000000,0.000000,0.000000,-0.077265,-0.124850,0.140079,-0.019414,0.080669,-0.000240,-0.411190,0.016413,0.026595,0.202928,0.412376
16.200000,9.256000,-0.485871,-0.124708,1.346447,-0.019411,0.080725,-0.000236,-0.039889,0.018307,-0.481689,-0.000158,0.007605,0.000550,-0.400783,0.000000,1.201048,0.000000,0.000000,0.000000,0.375675,0.000000,-0.503639,0.000000,0.000000,0.000000,-0.085088,-0.124708,0.145399,-0.019411,0.080725,-0.000236,-0.415564,0.018307,0.021950,0.209602,0.416546
16.210000,9.266000,-0.486275,-0.124544,1.341356,-0.019392,0.080741,-0.000232,-0.031865,0.020166,-0.480303,0.002103,0.003356,0.000530,-0.400783,0.000000,1.201048,0.000000,0.000000,0.000000,0.375675,0.000000,-0.503639,0.000000,0.000000,0.000000,-0.085492,-0.124544,0.140308,-0.019392,0.080741,-0.000232,-0.407540,0.020166,0.023336,0.206171,0.408705
16.221000,9.277000,-0.486768,-0.124300,1.334132,-0.019369,0.080641,-0.000226,-0.024511,0.022229,-0.485206,0.003491,0.000013,0.000516,-0.393144,0.000000,1.191070,0.000000,0.000000,0.000000,0.388213,0.000000,-0.494040,0.000000,0.000000,0.000000,-0.093624,-0.124300,0.143062,-0.019369,0.080641,-0.000226,-0.412724,0.022229,0.008833,0.211382,0.413417
16.230000,9.286000,-0.487013,-0.124078,1.329280,-0.019334,0.080641,-0.000221,-0.016401,0.024170,-0.482978,0.005651,-0.001319,0.000520,-0.393144,0.000000,1.191070,0.000000,0.000000,0.000000,0.388213,0.000000,-0.494040,0.000000,0.000000,0.000000,-0.093869,-0.124078,0.138210,-0.019334,0.080641,-0.000221,-0.404614,0.024170,0.011062,0.208107,0.405486
16.240000,9.296000,-0.487251,-0.123836,1.322908,-0.019306,0.080532,-0.000215,-0.008686,0.026078,-0.485254,0.004692,-0.002712,0.000513,-0.385257,0.000000,1.181288,0.000000,0.000000,0.000000,0.400505,0.000000,-0.484128,0.000000,0.000000,0.000000,-0.101995,-0.123836,0.141620,-0.019306,0.080532,-0.000215,-0.409192,0.026078,-0.001126,0.213996,0.410023
16.250000,9.306000,-0.487338,-0.123575,1.318055,-0.019259,0.080505,-0.000209,-0.000457,0.028045,-0.481414,0.007240,-0.002170,0.000513,-0.385257,0.000000,1.181288,0.000000,0.000000,0.000000,0.400505,0.000000,-0.484128,0.000000,0.000000,0.000000,-0.102082,-0.123575,0.136767,-0.019259,0.080505,-0.000209,-0.400962,0.028045,0.002714,0.210705,0.401951
16.260000,9.316000,-0.487353,-0.123389,1.314022,-0.019213,0.080403,-0.000203,0.007670,0.029653,-0.475297,0.005706,-0.004330,0.000507,-0.377126,0.000000,1.171707,0.000000,0.000000,0.000000,0.412545,0.000000,-0.473910,0.000000,0.000000,0.000000,-0.110227,-0.123389,0.142315,-0.019213,0.080403,-0.000203,-0.404875,0.029653,-0.001387,0.218239,0.405962
16.270000,9.326000,-0.487310,-0.123136,1.309285,-0.019162,0.080294,-0.000197,0.015780,0.031455,-0.470443,0.006986,-0.005461,0.000501,-0.377126,0.000000,1.171707,0.000000,0.000000,0.000000,0.412545,0.000000,-0.473910,0.000000,0.000000,0.000000,-0.110185,-0.123136,0.137578,-0.019162,0.080294,-0.000197,-0.396765,0.031455,0.003467,0.215014,0.398025
16.280000,9.336000,-0.487199,-0.122851,1.304320,-0.019114,0.080172,-0.000190,0.023835,0.033305,-0.466397,0.007134,-0.006449,0.000499,-0.368757,0.000000,1.162334,0.000000,0.000000,0.000000,0.424324,0.000000,-0.463393,0.000000,0.000000,0.000000,-0.118442,-0.122851,0.141987,-0.019114,0.080172,-0.000190,-0.400489,0.033305,-0.003004,0.221994,0.401883
16.290000,9.346000,-0.487015,-0.122542,1.299258,-0.019066,0.080043,-0.000183,0.031792,0.035157,-0.463507,0.010202,-0.002086,0.000487,-0.368757,0.000000,1.162334,0.000000,0.000000,0.000000,0.424324,0.000000,-0.463393,0.000000,0.000000,0.000000,-0.118258,-0.122542,0.136925,-0.019066,0.080043,-0.000183,-0.392532,0.035157,-0.000114,0.218517,0.394103
16.300000,9.356000,-0.486684,-0.122101,1.292193,-0.019040,0.079901,-0.000176,0.039922,0.037401,-0.466571,0.010625,-0.001687,0.000449,-0.360155,0.000000,1.153173,0.000000,0.000000,0.000000,0.435835,0.000000,-0.452584,0.000000,0.000000,0.000000,-0.126530,-0.122101,0.139020,-0.019040,0.079901,-0.000176,-0.395914,0.037401,-0.013988,0.224154,0.397922
16.310000,9.366000,-0.486285,-0.121727,1.287528,-0.018933,0.079884,-0.000172,0.048127,0.039350,-0.462217,0.016023,-0.001103,0.000435,-0.360155,0.000000,1.153173,0.000000,0.000000,0.000000,0.435835,0.000000,-0.452584,0.000000,0.000000,0.000000,-0.126130,-0.121727,0.134354,-0.018933,0.079884,-0.000172,-0.387708,0.039350,-0.009633,0.220856,0.389819
16.320000,9.376000,-0.485959,-0.121440,1.283236,-0.018896,0.079732,-0.000166,0.055711,0.040896,-0.456895,0.010910,-0.004740,0.000390,-0.351325,0.000000,1.144232,0.000000,0.000000,0.000000,0.447071,0.000000,-0.441488,0.000000,0.000000,0.000000,-0.134634,-0.121440,0.139004,-0.018896,0.079732,-0.000166,-0.391360,0.040896,-0.015407,0.228465,0.393793
16.330000,9.386000,-0.485347,-0.120957,1.276652,-0.018849,0.079638,-0.000161,0.064076,0.043093,-0.457438,0.014420,-0.000066,0.000378,-0.351325,0.000000,1.144232,0.000000,0.000000,0.000000,0.447071,0.000000,-0.441488,0.000000,0.000000,0.000000,-0.134022,-0.120957,0.132420,-0.018849,0.079638,-0.000161,-0.382996,0.043093,-0.015950,0.223891,0.385742
16.343000,9.399000,-0.484571,-0.120419,1.270233,-0.018816,0.079601,-0.000157,0.072852,0.045435,-0.456532,0.013682,-0.005061,0.000332,-0.342274,0.000000,1.135516,0.000000,0.000000,0.000000,0.458024,0.000000,-0.430114,0.000000,0.000000,0.000000,-0.142297,-0.120419,0.134718,-0.018816,0.079601,-0.000157,-0.385173,0.045435,-0.026418,0.229996,0.388742
16.350000,9.406000,-0.483843,-0.119965,1.265668,-0.018679,0.079551,-0.000152,0.081184,0.047399,-0.450193,0.021146,-0.005946,0.000332,-0.342274,0.000000,1.135516,0.000000,0.000000,0.000000,0.458024,0.000000,-0.430114,0.000000,0.000000,0.000000,-0.141569,-0.119965,0.130152,-0.018679,0.079551,-0.000152,-0.376840,0.047399,-0.020080,0.226656,0.380340
16.361000,9.417000,-0.483208,-0.119595,1.260913,-0.018632,0.079429,-0.000149,0.088777,0.048954,-0.444589,0.014977,-0.003925,0.000272,-0.333006,0.000000,1.127029,0.000000,0.000000,0.000000,0.468689,0.000000,-0.418468,0.000000,0.000000,0.000000,-0.150202,-0.119595,0.133884,-0.018632,0.079429,-0.000149,-0.379912,0.048954,-0.026121,0.234070,0.383942
16.371000,9.427000,-0.482168,-0.119017,1.254999,-0.018573,0.079404,-0.000145,0.097630,0.051217,-0.442160,0.014796,0.003709,0.000271,-0.333006,0.000000,1.127029,0.000000,0.000000,0.000000,0.468689,0.000000,-0.418468,0.000000,0.000000,0.000000,-0.149162,-0.119017,0.127969,-0.018573,0.079404,-0.000145,-0.371058,0.051217,-0.023692,0.229761,0.375325
16.383000,9.439000,-0.481115,-0.118464,1.249569,-0.018508,0.079379,-0.000142,0.106239,0.053304,-0.437955,0.018818,-0.006081,0.000293,-0.323528,0.000000,1.118779,0.000000,0.000000,0.000000,0.479057,0.000000,-0.406557,0.000000,0.000000,0.000000,-0.157587,-0.118464,0.130790,-0.018508,0.079379,-0.000142,-0.372818,0.053304,-0.031398,0.236587,0.377916
16.392000,9.448000,-0.480025,-0.117921,1.244489,-0.018442,0.079359,-0.000139,0.114667,0.055274,-0.432843,0.018541,-0.005139,0.000336,-0.323528,0.000000,1.118779,0.000000,0.000000,0.000000,0.479057,0.000000,-0.406557,0.000000,0.000000,0.000000,-0.156497,-0.117921,0.125711,-0.018442,0.079359,-0.000139,-0.364390,0.055274,-0.026286,0.232809,0.369494
16.400000,9.456000,-0.478878,-0.117368,1.240161,-0.018376,0.079341,-0.000134,0.123040,0.057216,-0.425675,0.018938,-0.006641,0.000404,-0.313846,0.000000,1.110769,0.000000,0.000000,0.000000,0.489122,0.000000,-0.394390,0.000000,0.000000,0.000000,-0.165033,-0.117368,0.129392,-0.018376,0.079341,-0.000134,-0.366082,0.057216,-0.031285,0.240319,0.371845
16.410000,9.466000,-0.478118,-0.117035,1.236669,-0.018220,0.079109,-0.000128,0.129656,0.058273,-0.415987,0.020348,-0.000459,0.000436,-0.313846,0.000000,1.110769,0.000000,0.000000,0.000000,0.489122,0.000000,-0.394390,0.000000,0.000000,0.000000,-0.164273,-0.117035,0.125900,-0.018220,0.079109,-0.000128,-0.359466,0.058273,-0.021597,0.237767,0.364799
16.420000,9.476000,-0.476822,-0.116452,1.232509,-0.018016,0.079105,-0.000124,0.138027,0.060196,-0.408519,0.032251,0.004109,0.000433,-0.303965,0.000000,1.103005,0.000000,0.000000,0.000000,0.498879,0.000000,-0.381974,0.000000,0.000000,0.000000,-0.172857,-0.116452,0.129504,-0.018016,0.079105,-0.000124,-0.360852,0.060196,-0.026545,0.245381,0.366800
16.430000,9.486000,-0.475639,-0.115942,1.227909,-0.018006,0.078888,-0.000118,0.145506,0.061738,-0.403752,0.021956,-0.010959,0.000421,-0.303965,0.000000,1.103005,0.000000,0.000000,0.000000,0.498879,0.000000,-0.381974,0.000000,0.000000,0.000000,-0.171674,-0.115942,0.124904,-0.018006,0.078888,-0.000118,-0.353373,0.061738,-0.021778,0.241900,0.359386
16.440000,9.496000,-0.474184,-0.115325,1.223872,-0.017786,0.078779,-0.000112,0.153758,0.063616,-0.397488,0.034017,-0.016004,0.000388,-0.293893,0.000000,1.095492,0.000000,0.000000,0.000000,0.508320,0.000000,-0.369316,0.000000,0.000000,0.000000,-0.180291,-0.115325,0.128380,-0.017786,0.078779,-0.000112,-0.354563,0.063616,-0.028171,0.249572,0.361324
16.452000,9.508000,-0.472789,-0.114749,1.219066,-0.017759,0.078606,-0.000104,0.161389,0.065244,-0.393942,0.024766,-0.013976,0.000403,-0.293893,0.000000,1.095492,0.000000,0.000000,0.000000,0.508320,0.000000,-0.369316,0.000000,0.000000,0.000000,-0.178896,-0.114749,0.123575,-0.017759,0.078606,-0.000104,-0.346931,0.065244,-0.024626,0.245849,0.353870
16.460000,9.516000,-0.471175,-0.114096,1.215127,-0.017511,0.078466,-0.000098,0.169588,0.067091,-0.387978,0.037581,-0.016449,0.000368,-0.283117,0.000000,1.087878,0.000000,0.000000,0.000000,0.517888,0.000000,-0.355775,0.000000,0.000000,0.000000,-0.188058,-0.114096,0.127249,-0.017511,0.078466,-0.000098,-0.348300,0.067091,-0.032203,0.254118,0.356162
16.470000,9.526000,-0.470082,-0.113667,1.211874,-0.017433,0.078090,-0.000090,0.175571,0.068052,-0.380080,0.026720,-0.020347,0.000373,-0.283117,0.000000,1.087878,0.000000,0.000000,0.000000,0.517888,0.000000,-0.355775,0.000000,0.000000,0.000000,-0.186965,-0.113667,0.123996,-0.017433,0.078090,-0.000090,-0.342317,0.068052,-0.024305,0.251498,0.349861
16.480000,9.536000,-0.468065,-0.112880,1.206454,-0.017334,0.077874,-0.000082,0.184602,0.070238,-0.378725,0.026754,-0.027154,0.000339,-0.273197,0.000000,1.081236,0.000000,0.000000,0.000000,0.526234,0.000000,-0.343310,0.000000,0.000000,0.000000,-0.194868,-0.112880,0.125218,-0.017334,0.077874,-0.000082,-0.341632,0.070238,-0.035415,0.257672,0.350571
16.490000,9.546000,-0.466219,-0.112178,1.202667,-0.017066,0.077602,-0.000074,0.192684,0.072033,-0.373267,0.039588,-0.026705,0.000301,-0.273197,0.000000,1.081236,0.000000,0.000000,0.000000,0.526234,0.000000,-0.343310,0.000000,0.000000,0.000000,-0.193022,-0.112178,0.121431,-0.017066,0.077602,-0.000074,-0.333550,0.072033,-0.029957,0.254139,0.342552
16.500000,9.556000,-0.464310,-0.111461,1.197714,-0.017059,0.077189,-0.000064,0.200602,0.073786,-0.371366,0.026487,-0.032901,0.000281,-0.262587,0.000000,1.074503,0.000000,0.000000,0.000000,0.534696,0.000000,-0.329977,0.000000,0.000000,0.000000,-0.201723,-0.111461,0.123211,-0.017059,0.077189,-0.000064,-0.334094,0.073786,-0.041389,0.261336,0.344639
16.510000,9.566000,-0.462304,-0.110723,1.194000,-0.016793,0.076860,-0.000056,0.208666,0.075564,-0.365222,0.035381,-0.032496,0.000252,-0.262587,0.000000,1.074503,0.000000,0.000000,0.000000,0.534696,0.000000,-0.329977,0.000000,0.000000,0.000000,-0.199717,-0.110723,0.119498,-0.016793,0.076860,-0.000056,-0.326030,0.075564,-0.035245,0.257733,0.336523
16.521000,9.577000,-0.460339,-0.110011,1.189354,-0.016771,0.076374,-0.000046,0.216186,0.077160,-0.361972,0.021577,-0.037758,0.000257,-0.251812,0.000000,1.068038,0.000000,0.000000,0.000000,0.542819,0.000000,-0.316436,0.000000,0.000000,0.000000,-0.208527,-0.110011,0.121316,-0.016771,0.076374,-0.000046,-0.326633,0.077160,-0.045536,0.265148,0.338698
16.530000,9.586000,-0.457728,-0.109078,1.184354,-0.016762,0.076050,-0.000035,0.225796,0.079502,-0.359371,0.019374,-0.040499,0.000253,-0.251812,0.000000,1.068038,0.000000,0.000000,0.000000,0.542819,0.000000,-0.316436,0.000000,0.000000,0.000000,-0.205916,-0.109078,0.116316,-0.016762,0.076050,-0.000035,-0.317024,0.079502,-0.042936,0.260439,0.329648
16.540000,9.596000,-0.455256,-0.108208,1.179795,-0.016762,0.075635,-0.000025,0.234512,0.081525,-0.355548,0.014824,-0.043176,0.000219,-0.240877,0.000000,1.061847,0.000000,0.000000,0.000000,0.550600,0.000000,-0.302695,0.000000,0.000000,0.000000,-0.214379,-0.108208,0.117948,-0.016762,0.075635,-0.000025,-0.316088,0.081525,-0.052853,0.267543,0.330683
16.550000,9.606000,-0.452911,-0.107393,1.176239,-0.016613,0.075203,-0.000015,0.242529,0.083298,-0.347867,0.036788,-0.040473,0.000178,-0.240877,0.000000,1.061847,0.000000,0.000000,0.000000,0.550600,0.000000,-0.302695,0.000000,0.000000,0.000000,-0.212034,-0.107393,0.114393,-0.016613,0.075203,-0.000015,-0.308071,0.083298,-0.045173,0.263775,0.322314
16.562000,9.618000,-0.451357,-0.106868,1.172995,-0.016703,0.074427,-0.000005,0.247293,0.083957,-0.339501,0.023563,-0.043417,0.000153,-0.229790,0.000000,1.055932,0.000000,0.000000,0.000000,0.558033,0.000000,-0.288763,0.000000,0.000000,0.000000,-0.221567,-0.106868,0.117063,-0.016703,0.074427,-0.000005,-0.310739,0.083957,-0.050738,0.272427,0.325856
16.570000,9.626000,-0.448884,-0.106029,1.169600,-0.016688,0.073955,0.000004,0.255188,0.085728,-0.331735,0.020640,-0.045517,0.000104,-0.229790,0.000000,1.055932,0.000000,0.000000,0.000000,0.558033,0.000000,-0.288763,0.000000,0.000000,0.000000,-0.219094,-0.106029,0.113668,-0.016688,0.073955,0.000004,-0.302845,0.085728,-0.042972,0.268635,0.317665
16.581000,9.637000,-0.446684,-0.105292,1.165647,-0.016598,0.073346,0.000013,0.261713,0.087051,-0.325813,0.022863,-0.046376,0.000042,-0.217993,0.000000,1.050023,0.000000,0.000000,0.000000,0.565458,0.000000,-0.273938,0.000000,0.000000,0.000000,-0.228691,-0.105292,0.115624,-0.016598,0.073346,0.000013,-0.303744,0.087051,-0.051875,0.277047,0.320202
16.590000,9.646000,-0.444067,-0.104422,1.162389,-0.016536,0.072856,0.000021,0.269489,0.088809,-0.318104,0.032766,-0.036693,-0.000012,-0.217993,0.000000,1.050023,0.000000,0.000000,0.000000,0.565458,0.000000,-0.273938,0.000000,0.000000,0.000000,-0.226074,-0.104422,0.112366,-0.016536,0.072856,0.000021,-0.295969,0.088809,-0.044166,0.273202,0.312146
16.602000,9.658000,-0.441612,-0.103613,1.158340,-0.016433,0.072277,0.000028,0.276297,0.090266,-0.312918,0.034819,-0.035386,-0.000149,-0.207188,0.000000,1.044947,0.000000,0.000000,0.000000,0.571836,0.000000,-0.260360,0.000000,0.000000,0.000000,-0.234425,-0.103613,0.113393,-0.016433,0.072277,0.000028,-0.295539,0.090266,-0.052558,0.280265,0.313455
16.610000,9.666000,-0.438850,-0.102710,1.155210,-0.016084,0.071923,0.000032,0.283945,0.092002,-0.305403,0.056370,-0.026343,-0.000155,-0.207188,0.000000,1.044947,0.000000,0.000000,0.000000,0.571836,0.000000,-0.260360,0.000000,0.000000,0.000000,-0.231662,-0.102710,0.110263,-0.016084,0.071923,0.000032,-0.287891,0.092002,-0.045044,0.276359,0.305573
16.621000,9.677000,-0.436229,-0.101860,1.151228,-0.016100,0.071395,0.000035,0.290719,0.093463,-0.300588,0.038590,-0.029042,-0.000314,-0.195687,0.000000,1.039884,0.000000,0.000000,0.000000,0.578199,0.000000,-0.245907,0.000000,0.000000,0.000000,-0.240543,-0.101860,0.111344,-0.016100,0.071395,0.000035,-0.287480,0.093463,-0.054681,0.283961,0.307197
16.631000,9.687000,-0.432721,-0.100730,1.146990,-0.015940,0.071250,0.000036,0.300437,0.095866,-0.296674,0.034399,-0.024885,-0.000371,-0.195687,0.000000,1.039884,0.000000,0.000000,0.000000,0.578199,0.000000,-0.245907,0.000000,0.000000,0.000000,-0.237034,-0.100730,0.107106,-0.015940,0.071250,0.000036,-0.277762,0.095866,-0.050766,0.278932,0.298193
16.641000,9.697000,-0.429436,-0.099682,1.143135,-0.015763,0.071054,0.000035,0.308968,0.097868,-0.291750,0.033104,-0.020652,-0.000483,-0.183478,0.000000,1.034881,0.000000,0.000000,0.000000,0.584486,0.000000,-0.230565,0.000000,0.000000,0.000000,-0.245958,-0.099682,0.108254,-0.015763,0.071054,0.000035,-0.275518,0.097868,-0.061184,0.286619,0.298717
16.650000,9.706000,-0.426346,-0.098703,1.140217,-0.015432,0.070847,0.000034,0.316486,0.099534,-0.284237,0.057485,-0.024917,-0.000408,-0.183478,0.000000,1.034881,0.000000,0.000000,0.000000,0.584486,0.000000,-0.230565,0.000000,0.000000,0.000000,-0.242868,-0.098703,0.105337,-0.015432,0.070847,0.000034,-0.268000,0.099534,-0.053672,0.282530,0.290881
16.664000,9.720000,-0.424344,-0.098079,1.137402,-0.015362,0.070254,0.000032,0.319760,0.099840,-0.276640,0.042566,-0.028834,-0.000416,-0.171732,0.000000,1.030417,0.000000,0.000000,0.000000,0.590096,0.000000,-0.215804,0.000000,0.000000,0.000000,-0.252612,-0.098079,0.106985,-0.015362,0.070254,0.000032,-0.270335,0.099840,-0.060836,0.291339,0.294534
16.677000,9.733000,-0.420613,-0.096914,1.133621,-0.015210,0.070097,0.000034,0.329108,0.102060,-0.272100,0.045359,-0.033790,-0.000244,-0.160472,0.000000,1.026451,0.000000,0.000000,0.000000,0.595079,0.000000,-0.201655,0.000000,0.000000,0.000000,-0.260141,-0.096914,0.107170,-0.015210,0.070097,0.000034,-0.265971,0.102060,-0.070446,0.297576,0.293461
16.680000,9.736000,-0.417322,-0.095893,1.130900,-0.014756,0.069759,0.000036,0.336592,0.103681,-0.263627,0.061076,-0.034223,-0.000155,-0.160472,0.000000,1.026451,0.000000,0.000000,0.000000,0.595079,0.000000,-0.201655,0.000000,0.000000,0.000000,-0.256850,-0.095893,0.104449,-0.014756,0.069759,0.000036,-0.258488,0.103681,-0.061972,0.293389,0.285318
16.690000,9.746000,-0.415791,-0.095427,1.129068,-0.014663,0.068864,0.000041,0.337377,0.103216,-0.253430,0.033690,-0.038771,-0.000074,-0.160472,0.000000,1.026451,0.000000,0.000000,0.000000,0.595079,0.000000,-0.201655,0.000000,0.000000,0.000000,-0.255319,-0.095427,0.102617,-0.014663,0.068864,0.000041,-0.257703,0.103216,-0.051775,0.291247,0.282391
16.700000,9.756000,-0.412114,-0.094303,1.125424,-0.014577,0.068515,0.000048,0.345773,0.105107,-0.248800,0.028662,-0.045401,0.000065,-0.148521,0.000000,1.022568,0.000000,0.000000,0.000000,0.599959,0.000000,-0.186637,0.000000,0.000000,0.000000,-0.263593,-0.094303,0.102856,-0.014577,0.068515,0.000048,-0.254186,0.105107,-0.062163,0.298251,0.281997
16.711000,9.767000,-0.407837,-0.093002,1.121773,-0.014579,0.068257,0.000057,0.355929,0.107544,-0.245525,0.034932,-0.046717,0.000087,-0.148521,0.000000,1.022568,0.000000,0.000000,0.000000,0.599959,0.000000,-0.186637,0.000000,0.000000,0.000000,-0.259316,-0.093002,0.099206,-0.014579,0.068257,0.000057,-0.244030,0.107544,-0.058888,0.292807,0.273101
16.720000,9.776000,-0.404278,-0.091927,1.119318,-0.014229,0.067790,0.000064,0.363094,0.109072,-0.238828,0.061351,-0.045577,0.000087,-0.136476,0.000000,1.018986,0.000000,0.000000,0.000000,0.604460,0.000000,-0.171501,0.000000,0.000000,0.000000,-0.267802,-0.091927,0.100332,-0.014229,0.067790,0.000064,-0.241366,0.109072,-0.067327,0.300391,0.273289
16.730000,9.786000,-0.401497,-0.091095,1.116426,-0.014397,0.066956,0.000074,0.367187,0.109676,-0.232663,0.036036,-0.054804,0.000055,-0.136476,0.000000,1.018986,0.000000,0.000000,0.000000,0.604460,0.000000,-0.171501,0.000000,0.000000,0.000000,-0.265021,-0.091095,0.097440,-0.014397,0.066956,0.000074,-0.237273,0.109676,-0.061162,0.296697,0.268455
16.740000,9.796000,-0.397825,-0.089998,1.114100,-0.014036,0.066408,0.000082,0.374278,0.111199,-0.225028,0.065241,-0.055781,0.000006,-0.124345,0.000000,1.015708,0.000000,0.000000,0.000000,0.608579,0.000000,-0.156256,0.000000,0.000000,0.000000,-0.273480,-0.089998,0.098391,-0.014036,0.066408,0.000082,-0.234301,0.111199,-0.068772,0.304257,0.268313
16.750000,9.806000,-0.394484,-0.089008,1.111059,-0.014174,0.065640,0.000093,0.379853,0.112281,-0.219673,0.041799,-0.058882,0.000085,-0.124345,0.000000,1.015708,0.000000,0.000000,0.000000,0.608579,0.000000,-0.156256,0.000000,0.000000,0.000000,-0.270139,-0.089008,0.095351,-0.014174,0.065640,0.000093,-0.228726,0.112281,-0.063417,0.299982,0.262572
16.761000,9.817000,-0.389908,-0.087655,1.107863,-0.014058,0.065187,0.000104,0.389616,0.114616,-0.214951,0.049276,-0.062957,0.000055,-0.112135,0.000000,1.012737,0.000000,0.000000,0.000000,0.612313,0.000000,-0.140913,0.000000,0.000000,0.000000,-0.277772,-0.087655,0.095126,-0.014058,0.065187,0.000104,-0.222697,0.114616,-0.074038,0.306414,0.261175
16.770000,9.826000,-0.386011,-0.086509,1.105713,-0.013835,0.064503,0.000115,0.396524,0.116107,-0.207228,0.053130,-0.063559,0.000002,-0.112135,0.000000,1.012737,0.000000,0.000000,0.000000,0.612313,0.000000,-0.140913,0.000000,0.000000,0.000000,-0.273876,-0.086509,0.092977,-0.013835,0.064503,0.000115,-0.215789,0.116107,-0.066315,0.301888,0.253857
16.783000,9.839000,-0.383109,-0.085662,1.103186,-0.013480,0.063507,0.000125,0.399524,0.116439,-0.200822,0.057462,-0.064434,-0.000032,-0.098623,0.000000,1.009823,0.000000,0.000000,0.000000,0.615975,0.000000,-0.123934,0.000000,0.000000,0.000000,-0.284485,-0.085662,0.093363,-0.013480,0.063507,0.000125,-0.216450,0.116439,-0.076888,0.311427,0.257528
16.792000,9.848000,-0.378386,-0.084286,1.100279,-0.013232,0.063009,0.000135,0.408897,0.118638,-0.195540,0.058815,-0.066519,-0.000058,-0.098623,0.000000,1.009823,0.000000,0.000000,0.000000,0.615975,0.000000,-0.123934,0.000000,0.000000,0.000000,-0.279762,-0.084286,0.090456,-0.013232,0.063009,0.000135,-0.207078,0.118638,-0.071606,0.305865,0.249166
16.800000,9.856000,-0.373974,-0.083007,1.097624,-0.012922,0.062387,0.000144,0.416739,0.120374,-0.189669,0.061421,-0.067229,-0.000116,-0.087512,0.000000,1.007718,0.000000,0.000000,0.000000,0.618620,0.000000,-0.109970,0.000000,0.000000,0.000000,-0.286463,-0.083007,0.089906,-0.012922,0.062387,0.000144,-0.201881,0.120374,-0.079699,0.311503,0.248189
16.811000,9.867000,-0.369734,-0.081784,1.095172,-0.012579,0.061687,0.000152,0.423636,0.121815,-0.182887,0.060763,-0.066300,-0.000157,-0.087512,0.000000,1.007718,0.000000,0.000000,0.000000,0.618620,0.000000,-0.109970,0.000000,0.000000,0.000000,-0.282222,-0.081784,0.087454,-0.012579,0.061687,0.000152,-0.194984,0.121815,-0.072917,0.306572,0.241194
16.822000,9.878000,-0.365556,-0.080586,1.092867,-0.012230,0.060947,0.000160,0.429984,0.123081,-0.175866,0.060295,-0.066437,-0.000182,-0.075113,0.000000,1.005674,0.000000,0.000000,0.000000,0.621188,0.000000,-0.094390,0.000000,0.000000,0.000000,-0.290443,-0.080586,0.087193,-0.012230,0.060947,0.000160,-0.191204,0.123081,-0.081477,0.313773,0.241550
16.830000,9.886000,-0.361256,-0.079355,1.091109,-0.011626,0.060283,0.000166,0.436491,0.124387,-0.167332,0.084647,-0.064843,-0.000219,-0.075113,0.000000,1.005674,0.000000,0.000000,0.000000,0.621188,0.000000,-0.094390,0.000000,0.000000,0.000000,-0.286143,-0.079355,0.085434,-0.011626,0.060283,0.000166,-0.184697,0.124387,-0.072942,0.308989,0.234319
16.840000,9.896000,-0.359836,-0.078957,1.090034,-0.011325,0.058712,0.000173,0.432339,0.122619,-0.157049,0.059255,-0.069547,-0.000192,-0.060796,0.000000,1.003710,0.000000,0.000000,0.000000,0.623656,0.000000,-0.076399,0.000000,0.000000,0.000000,-0.299040,-0.078957,0.086324,-0.011325,0.058712,0.000173,-0.191318,0.122619,-0.080651,0.321109,0.241127
16.852000,9.908000,-0.355333,-0.077683,1.087596,-0.011086,0.058043,0.000180,0.439272,0.124018,-0.151288,0.043764,-0.073314,-0.000244,-0.060796,0.000000,1.003710,0.000000,0.000000,0.000000,0.623656,0.000000,-0.076399,0.000000,0.000000,0.000000,-0.294537,-0.077683,0.083886,-0.011086,0.058043,0.000180,-0.184384,0.124018,-0.074889,0.315949,0.234492
16.863000,9.919000,-0.349934,-0.076159,1.085196,-0.010966,0.057555,0.000185,0.449106,0.126234,-0.145764,0.051113,-0.066162,-0.000386,-0.050181,0.000000,1.002524,0.000000,0.000000,0.000000,0.625146,0.000000,-0.063059,0.000000,0.000000,0.000000,-0.299753,-0.076159,0.082671,-0.010966,0.057555,0.000185,-0.176040,0.126234,-0.082705,0.320135,0.231873
16.870000,9.926000,-0.345443,-0.074897,1.083738,-0.010454,0.056893,0.000189,0.455228,0.127400,-0.137625,0.080850,-0.055234,-0.000419,-0.050181,0.000000,1.002524,0.000000,0.000000,0.000000,0.625146,0.000000,-0.063059,0.000000,0.000000,0.000000,-0.295262,-0.074897,0.081213,-0.010454,0.056893,0.000189,-0.169918,0.127400,-0.074566,0.315254,0.225085
16.881000,9.937000,-0.341998,-0.073938,1.081681,-0.010664,0.055688,0.000190,0.457298,0.127437,-0.131460,0.040523,-0.066947,-0.000656,-0.037663,0.000000,1.001421,0.000000,0.000000,0.000000,0.626533,0.000000,-0.047329,0.000000,0.000000,0.000000,-0.304334,-0.073938,0.080260,-0.010664,0.055688,0.000190,-0.169235,0.127437,-0.084130,0.323308,0.227945
16.891000,9.947000,-0.336569,-0.072426,1.079595,-0.010690,0.055188,0.000189,0.466404,0.129460,-0.124256,0.021941,-0.069116,-0.000875,-0.037663,0.000000,1.001421,0.000000,0.000000,0.000000,0.626533,0.000000,-0.047329,0.000000,0.000000,0.000000,-0.298905,-0.072426,0.078174,-0.010690,0.055188,0.000189,-0.160129,0.129460,-0.076927,0.317334,0.219816
16.900000,9.956000,-0.331524,-0.071027,1.077719,-0.010762,0.054568,0.000187,0.473725,0.130999,-0.116642,0.013314,-0.067458,-0.001035,-0.025122,0.000000,1.000632,0.000000,0.000000,0.000000,0.627525,0.000000,-0.031569,0.000000,0.000000,0.000000,-0.306402,-0.071027,0.077088,-0.010762,0.054568,0.000187,-0.153800,0.130999,-0.085072,0.323836,0.219209
16.913000,9.969000,-0.326699,-0.069695,1.076025,-0.010888,0.053877,0.000183,0.479845,0.132235,-0.109967,0.033873,-0.065884,-0.000987,-0.012565,0.000000,1.000158,0.000000,0.000000,0.000000,0.628120,0.000000,-0.015790,0.000000,0.000000,0.000000,-0.314134,-0.069695,0.075867,-0.010888,0.053877,0.000183,-0.148275,0.132235,-0.094178,0.330595,0.219866
16.920000,9.976000,-0.321900,-0.068373,1.074926,-0.010549,0.053218,0.000181,0.485580,0.133394,-0.101740,0.077201,-0.060925,-0.000870,-0.012565,0.000000,1.000158,0.000000,0.000000,0.000000,0.628120,0.000000,-0.015790,0.000000,0.000000,0.000000,-0.309335,-0.068373,0.074768,-0.010549,0.053218,0.000181,-0.142540,0.133394,-0.085950,0.325505,0.213305
16.931000,9.987000,-0.319140,-0.067620,1.073480,-0.010945,0.051900,0.000178,0.483815,0.132512,-0.093148,0.034236,-0.064316,-0.000842,-0.012565,0.000000,1.000158,0.000000,0.000000,0.000000,0.628120,0.000000,-0.015790,0.000000,0.000000,0.000000,-0.306575,-0.067620,0.073322,-0.010945,0.051900,0.000178,-0.144305,0.132512,-0.077358,0.322392,0.210636
