t,t_rel,thrust,tau_phi,tau_theta,tau_psi,w0,w1,w2,w3,ud_T,ud_phi,ud_theta,ud_psi,ui_T,ui_phi,ui_theta,ui_psi,ut_T,ut_phi,ut_theta,ut_psi,torque_scale,cost_state,cost_input,solve_ok,int_err_x,int_err_y,int_err_z
8.625000,0.024000,14.904719,-0.000000,2.077989,-0.000000,0.000000,950.444404,0.000000,950.444418,-1.809828,-0.000014,2.077983,-0.000000,1.999548,0.000013,0.000007,0.000000,14.904719,-0.000000,2.077989,-0.000000,1.000000,1.281667,0.464556,1.000000,0.000003,-0.000007,0.666516
8.642000,0.041000,14.953832,-0.000000,1.405892,-0.000000,347.924717,868.093737,347.924622,868.093767,-1.759211,-0.000013,1.405486,-0.000000,1.998043,0.000013,0.000407,0.000000,14.953832,-0.000000,1.405892,-0.000000,1.000000,1.370384,0.228487,1.000000,0.000203,-0.000007,0.666014
8.665000,0.064000,14.963508,0.000148,0.551152,-0.000000,559.995844,749.406039,560.032233,749.378220,-1.748022,0.000135,0.549946,-0.000000,1.996530,0.000013,0.001207,0.000000,14.963508,0.000148,0.551152,-0.000000,1.000000,1.697468,0.060800,1.000000,0.000603,-0.000007,0.665510
8.682000,0.081000,14.964549,0.001970,0.226820,-0.000012,621.561306,699.240972,621.993840,698.840194,-1.745458,0.001957,0.224394,-0.000012,1.995007,0.000013,0.002426,0.000000,14.964549,0.001970,0.226820,-0.000012,1.000000,1.826351,0.035502,1.000000,0.001213,-0.000006,0.665002
8.702000,0.101000,14.961256,0.005279,-0.752511,-0.000066,778.534350,518.672691,779.438704,517.188009,-1.747215,0.005267,-0.756534,-0.000066,1.993472,0.000013,0.004023,0.000000,14.961256,0.005279,-0.752511,-0.000066,1.000000,2.387064,0.087765,1.000000,0.002011,-0.000006,0.664491
8.727000,0.126000,14.925058,0.008191,-1.235345,-0.000218,844.594289,399.785115,845.824321,396.641356,-1.781837,0.008179,-1.241355,-0.000218,1.991895,0.000012,0.006010,0.000000,14.925058,0.008191,-1.235345,-0.000218,1.000000,2.519443,0.185852,1.000000,0.003005,-0.000006,0.663965
8.741000,0.140000,14.939855,0.017487,-1.555440,-0.000399,885.759449,299.398795,888.296298,290.451208,-1.765451,0.017475,-1.563820,-0.000399,1.990306,0.000012,0.008380,0.000000,14.939855,0.017487,-1.555440,-0.000399,1.000000,2.454525,0.275752,1.000000,0.004190,-0.000006,0.663435
8.764000,0.163000,14.911876,0.012245,-1.290938,-0.000525,851.491821,384.263076,853.206462,379.092475,-1.791786,0.012233,-1.302047,-0.000525,1.988662,0.000012,0.011109,0.000000,14.911876,0.012245,-1.290938,-0.000525,1.000000,1.921911,0.201652,1.000000,0.005554,-0.000006,0.662887
8.782000,0.181000,14.890427,0.013880,-0.842989,-0.000232,789.479036,497.874028,791.787796,493.736844,-1.811533,0.013868,-0.857201,-0.000232,1.986960,0.000012,0.014212,0.000000,14.890427,0.013880,-0.842989,-0.000232,1.000000,1.479183,0.106315,1.000000,0.007106,-0.000006,0.662320
8.801000,0.200000,14.850589,0.015168,-0.537523,-0.000124,743.751037,561.742999,746.508509,557.856409,-1.849586,0.015155,-0.555152,-0.000124,1.985175,0.000013,0.017629,0.000000,14.850589,0.015168,-0.537523,-0.000124,1.000000,1.241713,0.065052,1.000000,0.008814,-0.000007,0.661725
8.824000,0.223000,14.844535,0.021462,0.008722,-0.000025,655.120941,662.636065,659.649876,658.090699,-1.853787,0.021449,-0.012640,-0.000025,1.983322,0.000014,0.021362,0.000000,14.844535,0.021462,0.008722,-0.000025,1.000000,1.099236,0.034427,1.000000,0.010681,-0.000007,0.661107
8.845000,0.244000,14.788441,0.021904,0.384223,0.000074,585.630629,722.446579,590.874701,718.264784,-1.907918,0.021888,0.358902,0.000074,1.981359,0.000016,0.025321,0.000000,14.788441,0.021904,0.384223,0.000074,1.000000,1.045640,0.049330,1.000000,0.012661,-0.000008,0.660453
8.866000,0.265000,14.750957,0.053982,0.632696,0.000328,530.458129,762.277146,544.725423,752.573364,-1.943336,0.053963,0.603176,0.000328,1.979293,0.000019,0.029519,0.000000,14.750957,0.053982,0.632696,0.000328,1.000000,1.016228,0.074439,1.000000,0.014760,-0.000010,0.659764
8.886000,0.285000,14.728382,0.062449,0.502737,0.000437,555.636104,743.165317,571.428196,731.674475,-1.963744,0.062424,0.468752,0.000437,1.977126,0.000025,0.033985,0.000000,14.728382,0.062449,0.502737,0.000437,1.000000,0.918947,0.060925,1.000000,0.016993,-0.000012,0.659042
8.902000,0.301000,14.754622,0.070449,0.450666,0.000528,565.735010,736.488623,583.239408,723.418052,-1.935271,0.070418,0.411982,0.000528,1.974893,0.000031,0.038684,0.000000,14.754622,0.070449,0.450666,0.000528,1.000000,0.862618,0.054922,1.000000,0.019342,-0.000015,0.658298
8.922000,0.321000,14.741893,0.048810,0.066532,0.000577,639.600682,672.748607,650.552981,663.012465,-1.945675,0.048770,0.022920,0.000577,1.972568,0.000040,0.043613,0.000000,14.741893,0.048810,0.066532,0.000577,1.000000,0.787231,0.038147,1.000000,0.021806,-0.000019,0.657523
8.944000,0.343000,14.707990,0.088552,-0.086035,0.000504,660.997668,650.268947,679.742442,631.427841,-1.977148,0.088502,-0.134770,0.000504,1.970138,0.000051,0.048736,0.000000,14.707990,0.088552,-0.086035,0.000504,1.000000,0.756930,0.041691,1.000000,0.024368,-0.000025,0.656713
8.962000,0.361000,14.640412,0.078815,-0.399999,0.000377,712.029310,590.722795,727.521339,572.177259,-2.042161,0.078749,-0.453991,0.000377,1.967573,0.000066,0.053992,0.000000,14.640412,0.078815,-0.399999,0.000377,1.000000,0.730143,0.062935,1.000000,0.026996,-0.000033,0.655858
8.985000,0.384000,14.631082,0.079639,-0.450605,-0.000318,719.933926,581.176342,734.976812,561.480338,-2.048810,0.079553,-0.510347,-0.000318,1.964892,0.000086,0.059742,0.000000,14.631082,0.079639,-0.450605,-0.000318,1.000000,0.751190,0.068654,1.000000,0.029871,-0.000043,0.654964
9.002000,0.401000,14.609189,0.045470,-0.354210,-0.000440,707.668489,595.074982,716.275685,583.953048,-2.067910,0.045356,-0.419424,-0.000440,1.962100,0.000114,0.065214,0.000000,14.609189,0.045470,-0.354210,-0.000440,1.000000,0.681395,0.060560,1.000000,0.032607,-0.000057,0.654033
9.025000,0.424000,14.634247,0.061660,-0.282445,-0.000468,695.084038,610.950240,707.022670,596.329698,-2.039970,0.061512,-0.353293,-0.000468,1.959218,0.000148,0.070849,0.000000,14.634247,0.061660,-0.282445,-0.000468,1.000000,0.686594,0.054475,1.000000,0.035424,-0.000074,0.653073
9.050000,0.449000,14.659225,0.095458,-0.175935,-0.000705,674.770798,634.648660,693.720230,612.757523,-2.012023,0.095269,-0.252593,-0.000705,1.956249,0.000189,0.076658,0.000000,14.659225,0.095458,-0.175935,-0.000705,1.000000,0.702987,0.047770,1.000000,0.038329,-0.000094,0.652083
9.065000,0.464000,14.677327,0.114413,0.107629,-0.000592,623.989008,685.332348,648.597942,661.218248,-1.990817,0.114165,0.024840,-0.000592,1.953144,0.000248,0.082789,0.000000,14.677327,0.114413,0.107629,-0.000592,1.000000,0.764513,0.040999,1.000000,0.041394,-0.000121,0.651048
9.086000,0.485000,14.680267,0.119667,0.208382,0.000246,604.700645,701.951216,631.838939,677.979860,-1.984686,0.119349,0.119355,0.000246,1.949953,0.000317,0.089026,0.000000,14.680267,0.119667,0.208382,0.000246,1.000000,0.776222,0.042239,1.000000,0.044513,-0.000153,0.649984
9.103000,0.502000,14.653722,0.069740,0.141741,0.000029,622.038026,685.657306,637.480911,671.365123,-2.007984,0.069350,0.046646,0.000029,1.946706,0.000391,0.095095,0.000000,14.653722,0.069740,0.141741,0.000029,1.000000,0.723360,0.041019,1.000000,0.047548,-0.000188,0.648902
9.129000,0.528000,14.635499,0.134275,0.148264,0.000588,612.931167,692.648469,643.139411,665.555246,-2.022813,0.133782,0.046937,0.000588,1.943312,0.000492,0.101326,0.000000,14.635499,0.134275,0.148264,0.000588,1.000000,0.720162,0.042928,1.000000,0.050663,-0.000234,0.647771
9.147000,0.546000,14.596360,0.111663,0.062854,0.000389,630.075346,675.541559,654.565622,652.420681,-2.058489,0.111065,-0.044468,0.000389,1.939849,0.000598,0.107322,0.000000,14.596360,0.111663,0.062854,0.000389,1.000000,0.665650,0.043805,1.000000,0.053661,-0.000286,0.646616
9.162000,0.561000,14.649951,0.127914,0.107865,0.000264,621.475016,685.839623,649.694624,659.559653,-2.001383,0.127195,-0.005558,0.000264,1.936334,0.000719,0.113423,0.000000,14.649951,0.127914,0.107865,0.000264,1.000000,0.667502,0.041676,1.000000,0.056712,-0.000343,0.645445
9.182000,0.581000,14.677490,0.119684,0.051029,0.000105,633.279180,676.262457,659.146368,651.232125,-1.970265,0.118828,-0.068552,0.000105,1.932755,0.000856,0.119581,0.000000,14.677490,0.119684,0.051029,0.000105,1.000000,0.651622,0.040701,1.000000,0.059791,-0.000409,0.644252
9.204000,0.603000,14.659612,0.109372,-0.044108,-0.000265,650.791185,658.907256,673.606267,635.158183,-1.984478,0.108357,-0.169813,-0.000265,1.929089,0.001015,0.125705,0.000000,14.659612,0.109372,-0.044108,-0.000265,1.000000,0.634585,0.043439,1.000000,0.062853,-0.000485,0.643030
9.223000,0.622000,14.665003,0.057078,-0.082894,-0.000522,663.184723,646.869456,674.704700,634.042129,-1.975354,0.055880,-0.214643,-0.000522,1.925357,0.001197,0.131749,0.000000,14.665003,0.057078,-0.082894,-0.000522,1.000000,0.628978,0.043940,1.000000,0.065875,-0.000574,0.641786
9.244000,0.643000,14.708627,0.130211,0.003261,-0.000382,641.450710,670.231486,668.857529,642.303169,-1.927960,0.128815,-0.134639,-0.000382,1.921587,0.001396,0.137900,0.000000,14.708627,0.130211,0.003261,-0.000382,1.000000,0.638283,0.040642,1.000000,0.068950,-0.000671,0.640529
9.264000,0.663000,14.675566,0.124968,-0.036899,0.000739,647.870398,661.745018,674.705949,635.495800,-1.957169,0.123343,-0.180788,0.000739,1.917735,0.001625,0.143889,0.000000,14.675566,0.124968,-0.036899,0.000739,1.000000,0.626034,0.043095,1.000000,0.071945,-0.000783,0.639245
9.289000,0.688000,14.740391,0.080227,0.007560,0.001135,646.279258,665.860881,664.135473,649.757807,-1.888490,0.078347,-0.142640,0.001135,1.913881,0.001881,0.150200,0.000000,14.740391,0.080227,0.007560,0.001135,1.000000,0.687665,0.038312,1.000000,0.075101,-0.000909,0.637960
9.310000,0.709000,14.741318,0.163160,0.107350,0.001563,619.279900,690.780081,656.050561,658.278135,-1.883647,0.161007,-0.048891,0.001563,1.909965,0.002154,0.156241,0.000000,14.741318,0.163160,0.107350,0.001563,1.000000,0.635739,0.038313,1.000000,0.078121,-0.001043,0.636655
9.324000,0.723000,14.764012,0.095805,0.136054,0.000733,622.478317,689.450418,644.083556,670.378369,-1.857012,0.093351,-0.026274,0.000733,1.906025,0.002454,0.162328,0.000000,14.764012,0.095805,0.136054,0.000733,1.000000,0.645084,0.035425,1.000000,0.081165,-0.001191,0.635342
9.342000,0.741000,14.727838,0.167269,0.068890,-0.000032,626.046048,685.213733,662.187005,650.305424,-1.889180,0.164475,-0.099276,-0.000032,1.902018,0.002794,0.168166,0.000000,14.727838,0.167269,0.068890,-0.000032,1.000000,0.616554,0.039381,1.000000,0.084084,-0.001359,0.634006
9.368000,0.767000,14.715441,0.069753,0.008439,-0.001311,647.567618,665.304022,661.478796,649.509513,-1.897490,0.066564,-0.165211,-0.001311,1.897931,0.003190,0.173651,0.000000,14.715441,0.069753,0.008439,-0.001311,1.000000,0.581356,0.039177,1.000000,0.086826,-0.001552,0.632644
9.384000,0.783000,14.773506,0.179537,0.089158,-0.002147,622.882963,691.520979,660.298774,652.689492,-1.835368,0.175944,-0.090239,-0.002147,1.893875,0.003593,0.179397,0.000000,14.773506,0.179537,0.089158,-0.002147,1.000000,0.600204,0.037596,1.000000,0.089699,-0.001751,0.631292
9.401000,0.800000,14.809804,0.122913,0.107997,-0.002122,626.642197,689.639341,651.877266,662.722920,-1.795009,0.118886,-0.077171,-0.002122,1.889812,0.004027,0.185168,0.000000,14.809804,0.122913,0.107997,-0.002122,1.000000,0.595841,0.034230,1.000000,0.092585,-0.001964,0.629937
9.425000,0.824000,14.797286,0.107456,0.027963,0.000216,641.393587,673.710223,664.466123,651.289313,-1.803431,0.102956,-0.162811,0.000216,1.885717,0.004500,0.190775,0.000000,14.797286,0.107456,0.027963,0.000216,1.000000,0.583271,0.036234,1.000000,0.095389,-0.002198,0.628572
9.440000,0.839000,14.792215,0.131174,-0.009347,0.000368,645.179998,669.753098,673.152167,642.192157,-1.804386,0.126162,-0.205628,0.000368,1.881602,0.005012,0.196281,0.000000,14.792215,0.131174,-0.009347,0.000368,1.000000,0.573129,0.038378,1.000000,0.098142,-0.002453,0.627201
9.463000,0.862000,14.818193,0.120715,0.043527,0.000625,637.542078,677.964625,663.823447,653.186282,-1.774295,0.115161,-0.158257,0.000625,1.877487,0.005554,0.201784,0.000000,14.818193,0.120715,0.043527,0.000625,1.000000,0.565571,0.035312,1.000000,0.100894,-0.002724,0.625829
9.484000,0.883000,14.808489,0.120664,-0.000150,0.000180,645.147415,670.631638,670.812727,645.231012,-1.779865,0.114524,-0.207298,0.000180,1.873354,0.006141,0.207148,0.000000,14.808489,0.120664,-0.000150,0.000180,1.000000,0.555291,0.037288,1.000000,0.103576,-0.003018,0.624451
9.505000,0.904000,14.840563,0.114400,0.102160,-0.000004,628.566248,687.693056,653.417472,664.119715,-1.743673,0.107644,-0.110419,-0.000004,1.869235,0.006756,0.212578,0.000000,14.840563,0.114400,0.102160,-0.000004,1.000000,0.551552,0.032782,1.000000,0.106291,-0.003325,0.623078
9.522000,0.921000,14.860799,0.117670,0.119526,-0.000552,625.763184,691.487644,651.030521,666.947107,-1.719330,0.110263,-0.098506,-0.000552,1.865130,0.007407,0.218031,0.000000,14.860799,0.117670,0.119526,-0.000552,1.000000,0.545591,0.031747,1.000000,0.109017,-0.003650,0.621710
9.545000,0.944000,14.857104,0.114449,0.121777,-0.000749,625.703789,691.524455,650.142990,667.506086,-1.718919,0.106352,-0.101634,-0.000749,1.861023,0.008097,0.223411,0.000000,14.857104,0.114449,0.121777,-0.000749,1.000000,0.534984,0.031711,1.000000,0.111708,-0.003995,0.620341
9.562000,0.961000,14.838681,0.126456,0.034559,-0.000984,639.549712,678.113997,665.830900,650.855803,-1.733230,0.117620,-0.194087,-0.000984,1.856910,0.008836,0.228645,0.000000,14.838681,0.126456,0.034559,-0.000984,1.000000,0.521921,0.035191,1.000000,0.114325,-0.004364,0.618970
9.585000,0.984000,14.839608,0.120552,0.050930,-0.000926,637.309299,680.218011,662.480243,654.350990,-1.728197,0.110940,-0.182926,-0.000926,1.852805,0.009612,0.233856,0.000000,14.839608,0.120552,0.050930,-0.000926,1.000000,0.514730,0.034444,1.000000,0.116930,-0.004753,0.617602
9.602000,1.001000,14.845985,0.125836,0.017604,-0.000915,642.733092,675.363788,668.808237,648.177782,-1.717725,0.115407,-0.221422,-0.000915,1.848710,0.010428,0.239026,0.000000,14.845985,0.125836,0.017604,-0.000915,1.000000,0.506119,0.035741,1.000000,0.119515,-0.005161,0.616237
9.624000,1.023000,14.817931,0.128638,-0.056954,-0.000755,654.670485,662.444054,680.970429,634.218331,-1.741673,0.117343,-0.300996,-0.000755,1.844604,0.011294,0.244043,0.000000,14.817931,0.128638,-0.056954,-0.000755,1.000000,0.497042,0.040771,1.000000,0.122024,-0.005594,0.614868
9.644000,1.043000,14.833164,0.129122,-0.044568,-0.000650,652.791213,664.889016,679.335214,636.750416,-1.722353,0.116919,-0.293556,-0.000650,1.840517,0.012203,0.248988,0.000000,14.833164,0.129122,-0.044568,-0.000650,1.000000,0.488605,0.039650,1.000000,0.124496,-0.006049,0.613506
9.662000,1.061000,14.800804,0.067128,-0.064968,-0.000330,662.015178,654.022827,675.761633,639.305864,-1.750612,0.053966,-0.318747,-0.000330,1.836416,0.013162,0.253780,0.000000,14.800804,0.067128,-0.064968,-0.000330,1.000000,0.487196,0.041098,1.000000,0.126893,-0.006529,0.612139
9.684000,1.083000,14.839431,0.150140,-0.000409,-0.000412,642.921591,674.537040,674.375972,642.466295,-1.707922,0.135982,-0.258985,-0.000412,1.832353,0.014158,0.258576,0.000000,14.839431,0.150140,-0.000409,-0.000412,1.000000,0.470991,0.037726,1.000000,0.129291,-0.007028,0.610784
9.703000,1.102000,14.817722,0.132477,-0.027176,0.000447,648.688046,667.417253,676.837024,639.534583,-1.725564,0.117272,-0.290373,0.000447,1.828286,0.015205,0.263197,0.000000,14.817722,0.132477,-0.027176,0.000447,1.000000,0.464839,0.039583,1.000000,0.131601,-0.007553,0.609429
9.721000,1.120000,14.795311,0.075419,0.005155,0.001349,648.378494,666.076006,665.321259,651.175000,-1.743911,0.059123,-0.262579,0.001349,1.824222,0.016296,0.267734,0.000000,14.795311,0.075419,0.005155,0.001349,1.000000,0.465550,0.037657,1.000000,0.133870,-0.008101,0.608074
9.745000,1.144000,14.821897,0.131900,0.072710,0.001485,630.908887,683.686844,660.425526,657.424983,-1.713289,0.114480,-0.199558,0.001485,1.820186,0.017420,0.272269,0.000000,14.821897,0.131900,0.072710,0.001485,1.000000,0.448565,0.034647,1.000000,0.136137,-0.008667,0.606729
9.763000,1.162000,14.837067,0.160120,0.084958,0.000822,626.188896,689.126327,661.416892,656.610829,-1.694114,0.141529,-0.191768,0.000822,1.816181,0.018591,0.276726,0.000000,14.837067,0.160120,0.084958,0.000822,1.000000,0.440475,0.034381,1.000000,0.138366,-0.009256,0.605394
9.785000,1.184000,14.844620,0.155021,0.113725,0.000793,621.759913,693.463696,656.123659,662.212739,-1.682582,0.135219,-0.167418,0.000793,1.812202,0.019802,0.281143,0.000000,14.844620,0.155021,0.113725,0.000793,1.000000,0.429092,0.032942,1.000000,0.140574,-0.009864,0.604067
9.804000,1.203000,14.841851,0.137820,0.127910,0.000931,621.003271,693.928056,651.839664,666.409225,-1.681445,0.116752,-0.157809,0.000931,1.808296,0.021068,0.285719,0.000000,14.841851,0.137820,0.127910,0.000931,1.000000,0.437003,0.032126,1.000000,0.142862,-0.010501,0.602765
9.825000,1.224000,14.844698,0.135569,0.100525,0.000811,626.304584,689.352381,656.330429,662.024644,-1.674747,0.113205,-0.189905,0.000811,1.804446,0.022364,0.290431,0.000000,14.844698,0.135569,0.100525,0.000811,1.000000,0.453736,0.032936,1.000000,0.145218,-0.011149,0.601482
9.844000,1.243000,14.818045,0.111930,0.067573,0.000240,634.388136,681.185663,658.669772,658.091560,-1.697491,0.088234,-0.227164,0.000240,1.800537,0.023696,0.294737,0.000000,14.818045,0.111930,0.067573,0.000240,1.000000,0.406485,0.034754,1.000000,0.147371,-0.011817,0.600179
9.862000,1.261000,14.808272,0.104962,-0.027226,-0.000349,651.714671,664.629640,673.529674,641.983310,-1.703380,0.079887,-0.326161,-0.000349,1.796652,0.025075,0.298934,0.000000,14.808272,0.104962,-0.027226,-0.000349,1.000000,0.400932,0.040291,1.000000,0.149470,-0.012507,0.598884
9.881000,1.280000,14.797080,0.095746,-0.017599,-0.000232,650.744465,665.002337,670.760694,644.456128,-1.710710,0.069253,-0.320715,-0.000232,1.792790,0.026493,0.303116,0.000000,14.797080,0.095746,-0.017599,-0.000232,1.000000,0.394427,0.040031,1.000000,0.151561,-0.013216,0.597597
9.903000,1.302000,14.774052,0.112495,-0.121570,0.000178,666.078987,648.296728,689.317385,623.809233,-1.729887,0.084533,-0.428676,0.000178,1.788939,0.027962,0.307105,0.000000,14.774052,0.112495,-0.121570,0.000178,1.000000,0.387237,0.049016,1.000000,0.153555,-0.013952,0.596313
9.921000,1.320000,14.777314,0.115528,-0.070076,0.000318,657.027613,657.509794,681.290641,632.824288,-1.722808,0.086059,-0.381159,0.000318,1.785122,0.029469,0.311083,0.000000,14.777314,0.115528,-0.070076,0.000318,1.000000,0.379071,0.044950,1.000000,0.155544,-0.014706,0.595041
9.942000,1.341000,14.773342,0.118006,-0.027379,0.000262,649.341937,664.967205,674.355280,639.985839,-1.722985,0.086997,-0.342431,0.000262,1.781327,0.031009,0.315052,0.000000,14.773342,0.118006,-0.027379,0.000262,1.000000,0.369661,0.042170,1.000000,0.157529,-0.015477,0.593776
9.961000,1.360000,14.772548,0.125612,0.029378,-0.000011,638.687141,675.370007,665.504642,648.943832,-1.720014,0.093027,-0.289623,-0.000011,1.777562,0.032585,0.319001,0.000000,14.772548,0.125612,0.029378,-0.000011,1.000000,0.362173,0.038838,1.000000,0.159503,-0.016265,0.592521
9.982000,1.381000,14.756049,0.135432,0.024754,-0.000266,638.145440,675.351680,666.860624,646.612501,-1.732769,0.101227,-0.298059,-0.000266,1.773818,0.034204,0.322814,0.000000,14.756049,0.135432,0.024754,-0.000266,1.000000,0.355889,0.039934,1.000000,0.161410,-0.017075,0.591273
10.007000,1.406000,14.722021,0.131436,0.090013,-0.000284,626.193864,685.009330,654.570683,657.526071,-1.763142,0.095577,-0.236995,-0.000284,1.770164,0.035858,0.327008,0.000000,14.722021,0.131436,0.090013,-0.000284,1.000000,0.387409,0.037617,1.000000,0.163507,-0.017903,0.590055
10.021000,1.420000,14.718619,0.125970,-0.003387,-0.000181,643.229185,668.814961,669.821735,641.906083,-1.762835,0.088414,-0.334026,-0.000181,1.766453,0.037556,0.330639,0.000000,14.718619,0.125970,-0.003387,-0.000181,1.000000,0.345926,0.043015,1.000000,0.165322,-0.018753,0.588818
10.041000,1.440000,14.719194,0.121018,0.063557,-0.000216,631.986458,679.498367,657.960776,654.057931,-1.758576,0.081734,-0.270728,-0.000216,1.762770,0.039284,0.334285,0.000000,14.719194,0.121018,0.063557,-0.000216,1.000000,0.339153,0.038923,1.000000,0.167145,-0.019617,0.587590
10.063000,1.462000,14.719292,0.116592,0.043109,-0.000246,636.113425,675.662804,660.972540,650.995668,-1.754825,0.075548,-0.294799,-0.000246,1.759117,0.041044,0.337907,0.000000,14.719292,0.116592,0.043109,-0.000246,1.000000,0.333480,0.040055,1.000000,0.168957,-0.020498,0.586372
10.090000,1.489000,14.689884,0.116464,-0.057701,-0.000491,653.138312,658.095029,677.179014,632.574381,-1.780590,0.073613,-0.399017,-0.000491,1.755474,0.042851,0.341316,0.000000,14.689884,0.116464,-0.057701,-0.000491,1.000000,0.330665,0.048168,1.000000,0.170661,-0.021401,0.585158
10.103000,1.502000,14.666516,0.118323,-0.079382,-0.000570,656.171606,654.085318,680.432014,627.925471,-1.800336,0.073628,-0.424015,-0.000570,1.751852,0.044696,0.344633,0.000000,14.666516,0.118323,-0.079382,-0.000570,1.000000,0.329442,0.050933,1.000000,0.172320,-0.022323,0.583951
10.122000,1.521000,14.680104,0.117841,-0.017813,-0.000529,645.876239,664.821373,670.437377,639.239035,-1.783154,0.071273,-0.365737,-0.000529,1.748258,0.046568,0.347924,0.000000,14.680104,0.117841,-0.017813,-0.000529,1.000000,0.317729,0.045681,1.000000,0.173966,-0.023259,0.582753
10.145000,1.544000,14.671457,0.120010,0.035674,-0.000521,636.054341,673.843351,661.443128,648.157349,-1.788229,0.071546,-0.315561,-0.000521,1.744686,0.048465,0.351235,0.000000,14.671457,0.120010,0.035674,-0.000521,1.000000,0.310692,0.042447,1.000000,0.175621,-0.024207,0.581562
10.163000,1.562000,14.668003,0.121736,0.041964,-0.000502,634.665393,674.988706,660.484577,648.992395,-1.788139,0.071343,-0.312487,-0.000502,1.741142,0.050393,0.354451,0.000000,14.668003,0.121736,0.041964,-0.000502,1.000000,0.306122,0.042248,1.000000,0.177229,-0.025172,0.580381
10.182000,1.581000,14.637333,0.126345,-0.011594,-0.000462,642.877147,665.797250,669.366636,638.454775,-1.815274,0.073986,-0.369081,-0.000462,1.737608,0.052359,0.357487,0.000000,14.637333,0.126345,-0.011594,-0.000462,1.000000,0.304221,0.047122,1.000000,0.178747,-0.026155,0.579203
10.202000,1.601000,14.637561,0.126123,0.039460,-0.000435,633.901543,674.338872,660.722993,647.426348,-1.811541,0.071774,-0.321061,-0.000435,1.734102,0.054349,0.360521,0.000000,14.637561,0.126123,0.039460,-0.000435,1.000000,0.296696,0.043640,1.000000,0.180264,-0.027150,0.578034
10.224000,1.623000,14.626582,0.125060,0.033832,-0.000481,634.779842,673.068566,661.309710,646.295773,-1.819040,0.068695,-0.329691,-0.000481,1.730622,0.056365,0.363524,0.000000,14.626582,0.125060,0.033832,-0.000481,1.000000,0.292457,0.044431,1.000000,0.181766,-0.028159,0.576874
10.242000,1.641000,14.619164,0.122848,0.033847,-0.000523,634.864301,672.696549,660.895603,646.352374,-1.822997,0.064438,-0.332598,-0.000523,1.727161,0.058409,0.366444,0.000000,14.619164,0.122848,0.033847,-0.000523,1.000000,0.286032,0.044711,1.000000,0.183226,-0.029181,0.575720
10.263000,1.662000,14.608863,0.120775,0.023891,-0.000543,636.623083,670.597984,662.135418,644.599759,-1.829858,0.060297,-0.345409,-0.000543,1.723721,0.060479,0.369300,0.000000,14.608863,0.120775,0.023891,-0.000543,1.000000,0.281200,0.045778,1.000000,0.184654,-0.030216,0.574574
10.284000,1.683000,14.599229,0.119262,0.013129,-0.000550,638.468908,668.424964,663.587600,642.660767,-1.836074,0.056689,-0.358962,-0.000550,1.720304,0.062574,0.372090,0.000000,14.599229,0.119262,0.013129,-0.000550,1.000000,0.276496,0.046918,1.000000,0.186049,-0.031263,0.573435
10.308000,1.707000,14.580692,0.114698,0.042575,-0.000512,633.319849,672.472304,657.696180,647.881245,-1.851209,0.050009,-0.332309,-0.000512,1.716901,0.064689,0.374884,0.000000,14.580692,0.114698,0.042575,-0.000512,1.000000,0.270534,0.045563,1.000000,0.187446,-0.032320,0.572300
10.322000,1.721000,14.578786,0.121216,-0.002739,-0.000443,640.540722,665.463374,666.064819,639.240325,-1.849747,0.054386,-0.380355,-0.000443,1.713533,0.066829,0.377616,0.000000,14.578786,0.121216,-0.002739,-0.000443,1.000000,0.269572,0.048978,1.000000,0.188812,-0.033390,0.571178
10.344000,1.743000,14.580876,0.118331,-0.016536,-0.000481,643.332505,662.885226,668.122407,637.155994,-1.844310,0.049338,-0.396753,-0.000481,1.710186,0.068993,0.380217,0.000000,14.580876,0.118331,-0.016536,-0.000481,1.000000,0.263370,0.050000,1.000000,0.190113,-0.034472,0.570062
10.367000,1.766000,14.588117,0.126072,-0.043198,-0.000639,647.365093,659.385434,673.499799,631.682875,-1.833732,0.054882,-0.425703,-0.000639,1.706849,0.071190,0.382505,0.000000,14.588117,0.126072,-0.043198,-0.000639,1.000000,0.245923,0.052049,1.000000,0.191257,-0.035570,0.568950
10.384000,1.783000,14.565575,0.125712,-0.018211,-0.000613,642.526014,663.089533,668.792516,635.647811,-1.852975,0.052316,-0.403178,-0.000613,1.703550,0.073396,0.384967,0.000000,14.565575,0.125712,-0.018211,-0.000613,1.000000,0.254810,0.050864,1.000000,0.192488,-0.036672,0.567850
10.402000,1.801000,14.554578,0.128788,-0.057467,-0.000689,648.810944,656.507654,675.415555,628.035441,-1.860696,0.053163,-0.444736,-0.000689,1.700275,0.075625,0.387269,0.000000,14.554578,0.128788,-0.057467,-0.000689,1.000000,0.254508,0.054684,1.000000,0.193639,-0.037786,0.566758
10.423000,1.822000,14.533944,0.125252,0.034590,-0.000671,632.556136,671.272047,659.082435,644.232729,-1.878069,0.047385,-0.355043,-0.000671,1.697013,0.077867,0.389633,0.000000,14.533944,0.125252,0.034590,-0.000671,1.000000,0.245551,0.048102,1.000000,0.194822,-0.038907,0.565671
10.443000,1.842000,14.546699,0.124451,-0.002656,-0.000677,639.526055,665.200738,665.602793,638.073883,-1.862088,0.044322,-0.394500,-0.000677,1.693788,0.080129,0.391844,0.000000,14.546699,0.124451,-0.002656,-0.000677,1.000000,0.245112,0.050433,1.000000,0.195927,-0.040038,0.564596
10.461000,1.860000,14.514566,0.065596,-0.017994,-0.000516,647.784921,655.609159,661.374601,641.113840,-1.891001,-0.016814,-0.411934,-0.000516,1.690567,0.082410,0.393940,0.000000,14.514566,0.065596,-0.017994,-0.000516,1.000000,0.248164,0.052756,1.000000,0.196975,-0.041179,0.563522
10.484000,1.883000,14.397149,0.146459,0.063316,-0.000668,621.860237,675.292318,653.361650,643.852021,-2.005198,0.061755,-0.333124,-0.000668,1.687347,0.084704,0.396440,0.000000,14.397149,0.146459,0.063316,-0.000668,1.000000,0.260912,0.051687,1.000000,0.198226,-0.042326,0.562449
10.507000,1.906000,14.557722,0.093002,0.013144,-0.000107,640.215701,664.603541,660.060681,644.737312,-1.841476,0.005989,-0.385296,-0.000107,1.684197,0.087012,0.398441,0.000000,14.557722,0.093002,0.013144,-0.000107,1.000000,0.235486,0.048759,1.000000,0.199226,-0.043481,0.561399
10.521000,1.920000,14.559031,0.174751,0.054162,0.001321,623.410111,679.425469,662.222095,643.658508,-1.837039,0.085421,-0.346281,0.001321,1.681070,0.089329,0.400443,0.000000,14.559031,0.174751,0.054162,0.001321,1.000000,0.227171,0.046468,1.000000,0.200227,-0.044642,0.560357
10.542000,1.941000,14.522921,0.147371,0.075882,0.001850,621.502411,679.239014,655.002969,649.776588,-1.870030,0.055716,-0.326557,0.001850,1.677951,0.091655,0.402439,0.000000,14.522921,0.147371,0.075882,0.001850,1.000000,0.220200,0.045945,1.000000,0.201224,-0.045809,0.559317
10.564000,1.963000,14.530147,0.154476,0.025295,0.002600,629.697655,671.419198,664.798925,640.651403,-1.859722,0.060484,-0.379042,0.002600,1.674870,0.093992,0.404337,0.000000,14.530147,0.154476,0.025295,0.002600,1.000000,0.217837,0.049320,1.000000,0.202172,-0.046983,0.558290
10.584000,1.983000,14.495180,0.133752,0.042138,0.002202,628.314003,671.481362,658.843866,644.890213,-1.891613,0.037411,-0.364083,0.002202,1.671793,0.096340,0.406220,0.000000,14.495180,0.133752,0.042138,0.002202,1.000000,0.214130,0.049178,1.000000,0.203112,-0.048163,0.557264
10.603000,2.002000,14.512034,0.120293,-0.026926,0.001204,642.763758,659.150078,669.154043,634.196075,-1.871722,0.021587,-0.434914,0.001204,1.668756,0.098706,0.407988,0.000000,14.512034,0.120293,-0.026926,0.001204,1.000000,0.214188,0.053995,1.000000,0.203995,-0.049349,0.556252
10.628000,2.027000,14.411006,0.091650,-0.028313,-0.000765,644.519606,654.392218,663.492081,633.972668,-1.969697,-0.009444,-0.438189,-0.000765,1.665703,0.101095,0.409876,0.000000,14.411006,0.091650,-0.028313,-0.000765,1.000000,0.221689,0.058007,1.000000,0.204939,-0.050543,0.555234
10.643000,2.042000,14.513449,0.097782,-0.060488,-0.000754,651.751883,651.794010,671.799519,629.945083,-1.864264,-0.005709,-0.471981,-0.000754,1.662712,0.103492,0.411493,0.000000,14.513449,0.097782,-0.060488,-0.000754,1.000000,0.210292,0.057035,1.000000,0.205748,-0.051740,0.554237
10.662000,2.061000,14.536570,0.099511,-0.103246,-0.000835,659.448348,645.115892,679.568397,622.580284,-1.838188,-0.006391,-0.516185,-0.000835,1.659758,0.105902,0.412938,0.000000,14.536570,0.099511,-0.103246,-0.000835,1.000000,0.212429,0.060438,1.000000,0.206471,-0.052944,0.553253
10.682000,2.081000,14.510315,0.103377,-0.040440,-0.000674,647.582048,655.737769,668.976312,632.859315,-1.861503,-0.004943,-0.454823,-0.000674,1.656817,0.108320,0.414384,0.000000,14.510315,0.103377,-0.040440,-0.000674,1.000000,0.205065,0.055341,1.000000,0.207194,-0.054151,0.552272
10.704000,2.103000,14.496700,0.126435,-0.044088,-0.000385,645.321372,657.142495,671.786609,629.467178,-1.872200,0.015689,-0.459813,-0.000385,1.653900,0.110745,0.415725,0.000000,14.496700,0.126435,-0.044088,-0.000385,1.000000,0.207707,0.056219,1.000000,0.207865,-0.055363,0.551300
10.721000,2.120000,14.485335,0.127413,0.035388,-0.000270,630.903392,670.418156,658.236571,643.193351,-1.880665,0.014238,-0.381647,-0.000270,1.651000,0.113175,0.417036,0.000000,14.485335,0.127413,0.035388,-0.000270,1.000000,0.199481,0.049955,1.000000,0.208520,-0.056578,0.550333
10.745000,2.144000,14.437237,0.140329,0.099028,0.000022,616.751101,681.190049,647.677950,651.887822,-1.925852,0.024721,-0.319336,0.000022,1.648089,0.115608,0.418364,0.000000,14.437237,0.140329,0.099028,0.000022,1.000000,0.193180,0.047348,1.000000,0.209184,-0.057796,0.549363
10.764000,2.163000,14.426108,0.139987,0.126200,0.000221,611.472977,685.315987,642.723273,656.425104,-1.934079,0.021942,-0.293474,0.000221,1.645186,0.118045,0.419675,0.000000,14.426108,0.139987,0.126200,0.000221,1.000000,0.188838,0.046067,1.000000,0.209839,-0.059016,0.548395
10.782000,2.181000,14.431020,0.138504,0.111320,0.000363,614.435177,682.769895,645.324784,654.193798,-1.926277,0.018017,-0.309609,0.000363,1.642297,0.120487,0.420929,0.000000,14.431020,0.138504,0.111320,0.000363,1.000000,0.185829,0.046724,1.000000,0.210466,-0.060238,0.547432
10.801000,2.200000,14.480469,0.129788,0.008554,0.000281,635.095971,665.831006,663.141250,638.333201,-1.873984,0.006854,-0.413484,0.000281,1.639453,0.122934,0.422037,0.000000,14.480469,0.129788,0.008554,0.000281,1.000000,0.187289,0.052220,1.000000,0.211020,-0.061463,0.546484
10.822000,2.221000,14.476946,0.056979,-0.093319,0.000031,660.618111,640.545710,672.543765,628.061390,-1.874676,-0.068410,-0.516311,0.000031,1.636622,0.125389,0.422993,0.000000,14.476946,0.056979,-0.093319,0.000031,1.000000,0.196968,0.062270,1.000000,0.211497,-0.062690,0.545541
10.842000,2.241000,14.510969,0.141106,-0.095680,0.000232,652.789102,649.904443,682.385514,619.121862,-1.837867,0.013260,-0.519542,0.000232,1.633836,0.127846,0.423862,0.000000,14.510969,0.141106,-0.095680,0.000232,1.000000,0.188860,0.060788,1.000000,0.211932,-0.063919,0.544612
10.863000,2.262000,14.443952,0.117698,-0.033088,0.000753,642.737343,656.483517,668.274973,631.631529,-1.902071,-0.012606,-0.457866,0.000753,1.631023,0.130303,0.424778,0.000000,14.443952,0.117698,-0.033088,0.000753,1.000000,0.181362,0.057159,1.000000,0.212390,-0.065148,0.543674
10.881000,2.280000,14.462042,0.145793,-0.030755,0.000493,639.784027,660.355823,671.109094,629.259139,-1.881197,0.013031,-0.456366,0.000493,1.628240,0.132761,0.425611,0.000000,14.462042,0.145793,-0.030755,0.000493,1.000000,0.179210,0.056233,1.000000,0.212806,-0.066379,0.542747
10.907000,2.306000,14.471897,0.140747,0.009785,-0.000398,633.725817,667.255763,663.656132,636.885089,-1.868576,0.005525,-0.416571,-0.000398,1.625474,0.135222,0.426356,0.000000,14.471897,0.140747,0.009785,-0.000398,1.000000,0.179456,0.052272,1.000000,0.213179,-0.067609,0.541825
10.925000,2.324000,14.468787,0.136964,-0.012662,-0.000464,638.062997,663.020363,666.964105,633.226148,-1.868932,-0.000720,-0.439625,-0.000464,1.622718,0.137684,0.426962,0.000000,14.468787,0.136964,-0.012662,-0.000464,1.000000,0.183789,0.054256,1.000000,0.213482,-0.068840,0.540906
10.945000,2.344000,14.325001,0.117793,0.128324,-0.000762,611.564657,681.608297,637.269023,656.508926,-2.009848,-0.022353,-0.299517,-0.000762,1.619848,0.140146,0.427841,0.000000,14.325001,0.117793,0.128324,-0.000762,1.000000,0.179915,0.049416,1.000000,0.213922,-0.070070,0.539949
10.964000,2.363000,14.478422,0.119532,0.040913,-0.000754,630.806097,670.560266,656.131105,644.661570,-1.853684,-0.023074,-0.387503,-0.000754,1.617106,0.142606,0.428417,0.000000,14.478422,0.119532,0.040913,-0.000754,1.000000,0.174296,0.049431,1.000000,0.214210,-0.071299,0.539035
10.981000,2.380000,14.507915,0.055827,-0.014162,-0.000799,648.120830,655.190835,659.445336,642.580925,-1.821466,-0.089239,-0.443005,-0.000799,1.614381,0.145066,0.428843,0.000000,14.507915,0.055827,-0.014162,-0.000799,1.000000,0.183503,0.053599,1.000000,0.214423,-0.072528,0.538127
11.002000,2.401000,14.454371,0.129691,0.077135,-0.001213,622.786284,677.307135,650.275501,649.141426,-1.872259,-0.017835,-0.352209,-0.001213,1.611630,0.147526,0.429344,0.000000,14.454371,0.129691,0.077135,-0.001213,1.000000,0.166970,0.047491,1.000000,0.214674,-0.073756,0.537210
11.025000,2.424000,14.540323,0.133357,-0.048939,0.000656,646.033841,657.612022,674.619361,629.269839,-1.783627,-0.016620,-0.478588,0.000656,1.608950,0.149978,0.429649,0.000000,14.540323,0.133357,-0.048939,0.000656,1.000000,0.173291,0.054746,1.000000,0.214827,-0.074982,0.536317
11.045000,2.444000,14.583299,0.084530,-0.008715,0.001279,645.041217,660.030949,663.934649,642.965106,-1.738060,-0.067886,-0.438400,0.001279,1.606359,0.152416,0.429685,0.000000,14.583299,0.084530,-0.008715,0.001279,1.000000,0.168653,0.049889,1.000000,0.214843,-0.076205,0.535453
11.064000,2.463000,14.451187,0.171885,0.008160,0.001529,629.394174,669.037394,667.405815,633.482015,-1.867460,0.017028,-0.421811,0.001529,1.603647,0.154857,0.429971,0.000000,14.451187,0.171885,0.008160,0.001529,1.000000,0.162558,0.052696,1.000000,0.214986,-0.077427,0.534549
11.085000,2.484000,14.486721,0.144253,-0.011983,0.000860,637.076660,663.786739,668.462413,633.492932,-1.829247,-0.013038,-0.442145,0.000860,1.600968,0.157291,0.430162,0.000000,14.486721,0.144253,-0.011983,0.000860,1.000000,0.164064,0.053028,1.000000,0.215081,-0.078646,0.533656
11.103000,2.502000,14.567558,0.151720,-0.063547,0.000539,647.255248,657.708534,679.482924,625.199242,-1.745787,-0.008000,-0.493723,0.000539,1.598345,0.159720,0.430176,0.000000,14.567558,0.151720,-0.063547,0.000539,1.000000,0.170618,0.054860,1.000000,0.215087,-0.079862,0.532782
11.122000,2.521000,14.589151,0.122142,-0.055194,-0.000085,649.692482,656.727196,675.308010,630.226198,-1.721596,-0.040002,-0.485288,-0.000085,1.595747,0.162144,0.430094,0.000000,14.589151,0.122142,-0.055194,-0.000085,1.000000,0.173045,0.053349,1.000000,0.215046,-0.081075,0.531916
11.143000,2.542000,14.583875,0.110988,-0.029253,-0.000514,646.423271,660.028938,669.550595,635.767589,-1.724288,-0.053575,-0.459195,-0.000514,1.593163,0.164564,0.429943,0.000000,14.583875,0.110988,-0.029253,-0.000514,1.000000,0.173020,0.051105,1.000000,0.214971,-0.082284,0.531054
11.165000,2.564000,14.546689,0.100299,0.075442,-0.000643,628.308636,675.780793,649.700192,654.284336,-1.758941,-0.066676,-0.354204,-0.000643,1.590630,0.166975,0.429646,0.000000,14.546689,0.100299,0.075442,-0.000643,1.000000,0.158544,0.043929,1.000000,0.214823,-0.083488,0.530210
11.182000,2.581000,14.492821,0.107476,0.064600,-0.000933,628.307896,673.656530,651.028808,650.327494,-1.810180,-0.061906,-0.364905,-0.000933,1.588001,0.169382,0.429505,0.000000,14.492821,0.107476,0.064600,-0.000933,1.000000,0.160704,0.046466,1.000000,0.214753,-0.084690,0.529334
11.204000,2.603000,14.450356,0.104397,0.111058,-0.001229,619.389901,680.253201,641.544829,657.581025,-1.849979,-0.067385,-0.318310,-0.001229,1.585334,0.171782,0.429368,0.000000,14.450356,0.104397,0.111058,-0.001229,1.000000,0.156198,0.044811,1.000000,0.214685,-0.085889,0.528445
11.223000,2.622000,14.574847,0.119918,-0.004210,-0.001298,641.159566,665.320603,665.792902,638.691143,-1.722885,-0.054255,-0.433282,-0.001298,1.582733,0.174173,0.429073,0.000000,14.574847,0.119918,-0.004210,-0.001298,1.000000,0.160985,0.048751,1.000000,0.214538,-0.087082,0.527578
11.258000,2.657000,14.594993,0.062229,-0.014147,-0.000914,643.804174,661.963933,663.933077,640.318178,-1.700162,-0.114323,-0.442797,-0.000914,1.580155,0.176552,0.428650,0.000000,14.594993,0.062229,-0.014147,-0.000914,1.000000,0.167992,0.049819,1.000000,0.214328,-0.088270,0.526718
11.262000,2.661000,14.562460,0.097701,-0.007876,-0.000957,643.804174,661.963933,663.933077,640.318178,-1.730094,-0.081222,-0.436112,-0.000957,1.577554,0.178922,0.428235,0.000000,14.562460,0.097701,-0.007876,-0.000957,1.000000,0.158863,0.049611,1.000000,0.214121,-0.089452,0.525851
11.286000,2.685000,14.578247,0.168454,-0.009698,-0.000230,636.525727,669.126399,672.212079,632.911632,-1.711712,-0.012826,-0.437511,-0.000230,1.574959,0.181280,0.427812,0.000000,14.578247,0.168454,-0.009698,-0.000230,1.000000,0.151414,0.048458,1.000000,0.213911,-0.090630,0.524986
11.306000,2.705000,14.614140,0.173160,-0.019074,0.000303,638.295140,668.620648,675.226583,631.771221,-1.673241,-0.010462,-0.446394,0.000303,1.572381,0.183622,0.427320,0.000000,14.614140,0.173160,-0.019074,0.000303,1.000000,0.151432,0.047935,1.000000,0.213664,-0.091801,0.524127
11.322000,2.721000,14.568159,0.175024,0.016927,0.000181,630.693677,673.891335,668.348950,636.841374,-1.716605,-0.010929,-0.409910,0.000181,1.569764,0.185953,0.426837,0.000000,14.568159,0.175024,0.016927,0.000181,1.000000,0.146829,0.046282,1.000000,0.213422,-0.092967,0.523255
11.343000,2.742000,14.571231,0.156656,0.025224,-0.000250,631.471136,673.608158,664.947997,640.203903,-1.710906,-0.031616,-0.401112,-0.000250,1.567137,0.188272,0.426336,0.000000,14.571231,0.156656,0.025224,-0.000250,1.000000,0.144660,0.045461,1.000000,0.213172,-0.094127,0.522379
11.369000,2.768000,14.686609,0.118912,-0.020321,-0.000711,646.410318,664.722445,671.047877,638.756508,-1.592965,-0.071666,-0.446029,-0.000711,1.564573,0.190579,0.425708,0.000000,14.686609,0.118912,-0.020321,-0.000711,1.000000,0.150199,0.045783,1.000000,0.212858,-0.095280,0.521524
11.382000,2.781000,14.745491,0.026194,-0.067227,-0.000887,665.667812,648.231318,670.511410,641.874028,-1.531555,-0.166676,-0.492169,-0.000887,1.562046,0.192870,0.424942,0.000000,14.745491,0.026194,-0.067227,-0.000887,1.000000,0.165445,0.050458,1.000000,0.212476,-0.096424,0.520682
11.406000,2.805000,14.736387,0.055444,-0.032331,-0.000782,656.410743,657.120574,667.526221,644.644568,-1.538132,-0.139705,-0.456480,-0.000782,1.559519,0.195149,0.424149,0.000000,14.736387,0.055444,-0.032331,-0.000782,1.000000,0.157933,0.046448,1.000000,0.212081,-0.097561,0.519840
11.425000,2.824000,14.673062,0.100729,0.015456,0.000839,641.259687,667.970308,663.361297,647.291378,-1.598892,-0.096682,-0.407959,0.000839,1.556954,0.197411,0.423415,0.000000,14.673062,0.100729,0.015456,0.000839,1.000000,0.145306,0.043142,1.000000,0.211713,-0.098693,0.518985
11.443000,2.842000,14.732312,0.091777,-0.007365,0.001901,647.174242,664.073945,667.952903,646.044776,-1.537106,-0.107873,-0.429947,0.001901,1.554418,0.199650,0.422582,0.000000,14.732312,0.091777,-0.007365,0.001901,1.000000,0.150562,0.043276,1.000000,0.211295,-0.099817,0.518139
11.466000,2.865000,14.832638,0.131342,-0.041170,0.002282,650.912149,664.559127,679.990011,638.269390,-1.434310,-0.070524,-0.462773,0.002282,1.551948,0.201866,0.421603,0.000000,14.832638,0.131342,-0.041170,0.002282,1.000000,0.155391,0.042486,1.000000,0.210803,-0.100930,0.517316
11.487000,2.886000,14.822250,0.209373,0.009206,0.002805,633.198713,680.637160,679.602538,638.605772,-1.442238,0.005308,-0.411394,0.002805,1.549489,0.204065,0.420600,0.000000,14.822250,0.209373,0.009206,0.002805,1.000000,0.150110,0.037729,1.000000,0.210298,-0.102036,0.516496
11.501000,2.900000,14.831128,0.206666,0.024002,0.001684,631.481799,683.411162,676.678058,641.256318,-1.430918,0.000414,-0.395583,0.001684,1.547046,0.206253,0.419585,0.000000,14.831128,0.206666,0.024002,0.001684,1.000000,0.145477,0.036124,1.000000,0.209788,-0.103135,0.515682
11.522000,2.921000,14.933195,0.178574,-0.019232,0.000585,644.904893,675.987177,682.775192,638.607620,-1.326489,-0.029851,-0.437643,0.000585,1.544684,0.208425,0.418411,0.000000,14.933195,0.178574,-0.019232,0.000585,1.000000,0.154143,0.036838,1.000000,0.209200,-0.104223,0.514895
11.545000,2.944000,14.950456,0.133742,-0.017034,0.000449,649.783615,672.148934,678.148845,644.199546,-1.306873,-0.076838,-0.434228,0.000449,1.542329,0.210580,0.417195,0.000000,14.950456,0.133742,-0.017034,0.000449,1.000000,0.158069,0.036525,1.000000,0.208592,-0.105301,0.514110
11.562000,2.961000,14.946276,0.113633,-0.010269,0.000290,650.729577,671.166432,674.809393,647.388386,-1.308719,-0.099086,-0.426190,0.000290,1.539995,0.212719,0.415921,0.000000,14.946276,0.113633,-0.010269,0.000290,1.000000,0.159443,0.036273,1.000000,0.207955,-0.106371,0.513332
11.586000,2.985000,14.866661,0.083766,0.049838,0.000038,641.775151,676.481380,659.728333,659.041529,-1.385973,-0.131080,-0.364830,0.000038,1.537634,0.214846,0.414668,0.000000,14.866661,0.083766,0.049838,0.000038,1.000000,0.153818,0.034238,1.000000,0.207328,-0.107434,0.512545
11.603000,3.002000,14.864532,0.076858,0.052590,-0.000449,642.170047,676.365849,658.309908,660.004179,-1.385755,-0.140099,-0.360777,-0.000449,1.535288,0.216957,0.413367,0.000000,14.864532,0.076858,0.052590,-0.000449,1.000000,0.151665,0.034182,1.000000,0.206678,-0.108489,0.511763
11.625000,3.024000,14.965129,0.083093,-0.002693,-0.001583,653.772449,670.390562,670.143490,651.662540,-1.282877,-0.135958,-0.414624,-0.001583,1.533007,0.219051,0.411931,0.000000,14.965129,0.083093,-0.002693,-0.001583,1.000000,0.156357,0.035498,1.000000,0.205962,-0.109533,0.511002
11.642000,3.041000,14.927828,0.097444,0.037232,-0.001909,644.592074,677.848843,663.978246,656.040922,-1.317871,-0.123688,-0.373284,-0.001909,1.530698,0.221132,0.410516,0.000000,14.927828,0.097444,0.037232,-0.001909,1.000000,0.148196,0.032832,1.000000,0.205256,-0.110570,0.510233
11.662000,3.061000,15.006665,0.067169,-0.025033,-0.001577,660.207409,665.876927,673.140086,650.441046,-1.236784,-0.156022,-0.434014,-0.001577,1.528449,0.223191,0.408981,0.000000,15.006665,0.067169,-0.025033,-0.001577,1.000000,0.155960,0.036568,1.000000,0.204490,-0.111595,0.509483
11.680000,3.079000,14.893931,0.147904,0.046754,-0.001559,636.534583,683.723892,667.025622,651.683839,-1.347187,-0.077331,-0.360773,-0.001559,1.526119,0.225235,0.407527,0.000000,14.893931,0.147904,0.046754,-0.001559,1.000000,0.140920,0.031763,1.000000,0.203766,-0.112614,0.508706
11.702000,3.101000,14.870076,0.145572,0.045087,-0.000512,636.154434,682.309706,666.904391,651.520196,-1.368687,-0.081687,-0.361008,-0.000512,1.523762,0.227259,0.406096,0.000000,14.870076,0.145572,0.045087,-0.000512,1.000000,0.136609,0.032433,1.000000,0.203051,-0.113624,0.507921
11.723000,3.122000,15.001742,0.168272,-0.008693,0.001392,645.442564,677.855056,681.729948,643.460840,-1.234732,-0.060980,-0.413255,0.001392,1.521474,0.229253,0.404562,0.000000,15.001742,0.168272,-0.008693,0.001392,1.000000,0.139837,0.032696,1.000000,0.202283,-0.114622,0.507158
11.742000,3.141000,15.075785,0.083896,-0.070962,0.002038,666.498035,659.973452,685.185066,643.645414,-1.158438,-0.147320,-0.473868,0.002038,1.519223,0.231216,0.402906,0.000000,15.075785,0.083896,-0.070962,0.002038,1.000000,0.151478,0.038046,1.000000,0.201454,-0.115607,0.506408
11.764000,3.163000,15.008792,0.169592,0.007627,0.001657,642.513752,680.744615,679.409673,646.429550,-1.223131,-0.063573,-0.393712,0.001657,1.516923,0.233165,0.401339,0.000000,15.008792,0.169592,0.007627,0.001657,1.000000,0.136003,0.030866,1.000000,0.200668,-0.116585,0.505641
11.784000,3.183000,15.037814,0.083445,-0.010655,0.001240,655.725532,669.601086,674.068440,652.986223,-1.191564,-0.151646,-0.410719,0.001240,1.514378,0.235090,0.400064,0.000000,15.037814,0.083445,-0.010655,0.001240,1.000000,0.138396,0.033367,1.000000,0.200029,-0.117551,0.504793
11.808000,3.207000,15.184246,0.142116,-0.047248,0.002496,658.587109,672.268867,689.663680,644.136501,-1.042682,-0.094870,-0.445922,0.002496,1.511928,0.236986,0.398674,0.000000,15.184246,0.142116,-0.047248,0.002496,1.000000,0.138181,0.031657,1.000000,0.199331,-0.118503,0.503976
11.824000,3.223000,15.275901,0.120424,-0.078735,0.001784,668.469387,666.997050,694.297223,642.780554,-0.948914,-0.118433,-0.475525,0.001784,1.509815,0.238858,0.396790,0.000000,15.275901,0.120424,-0.078735,0.001784,1.000000,0.152867,0.033020,1.000000,0.198387,-0.119442,0.503272
11.845000,3.244000,15.241507,0.060449,-0.053825,0.000581,670.188655,664.639252,683.028706,652.305257,-0.981197,-0.180261,-0.448669,0.000581,1.507704,0.240710,0.394844,0.000000,15.241507,0.060449,-0.053825,0.000581,1.000000,0.160508,0.033007,1.000000,0.197413,-0.120369,0.502568
11.862000,3.261000,15.087276,0.149127,0.050007,0.000028,639.680945,687.912858,671.381263,657.052670,-1.133230,-0.093424,-0.343045,0.000028,1.505506,0.242551,0.393052,0.000000,15.087276,0.149127,0.050007,0.000028,1.000000,0.137748,0.025483,1.000000,0.196517,-0.121290,0.501835
11.883000,3.282000,15.134458,0.123492,0.033402,-0.001184,646.868905,684.045029,672.112637,657.505673,-1.083882,-0.120877,-0.357760,-0.001184,1.503340,0.244369,0.391162,0.000000,15.134458,0.123492,0.033402,-0.001184,1.000000,0.144240,0.026008,1.000000,0.195573,-0.122197,0.501113
11.904000,3.303000,15.139494,0.068811,0.093563,-0.000884,642.283895,688.353720,656.409304,673.618994,-1.076400,-0.177356,-0.296147,-0.000884,1.500894,0.246168,0.389710,0.000000,15.139494,0.068811,0.093563,-0.000884,1.000000,0.130972,0.023502,1.000000,0.194848,-0.123095,0.500298
11.924000,3.323000,15.166964,0.155628,0.067437,-0.000598,637.954882,693.326112,670.653873,660.866448,-1.046758,-0.092313,-0.320396,-0.000598,1.498723,0.247942,0.387834,0.000000,15.166964,0.155628,0.067437,-0.000598,1.000000,0.135191,0.022075,1.000000,0.193911,-0.123980,0.499574
11.943000,3.342000,15.286151,0.133167,-0.020823,-0.001366,658.643524,679.408529,685.297435,650.469901,-0.925472,-0.116521,-0.406666,-0.001366,1.496623,0.249688,0.385844,0.000000,15.286151,0.133167,-0.020823,-0.001366,1.000000,0.141739,0.026461,1.000000,0.192917,-0.124851,0.498874
11.963000,3.362000,15.395790,0.133636,-0.101766,-0.001515,674.707715,668.382298,700.745283,638.722922,-0.813813,-0.117767,-0.485466,-0.001515,1.494603,0.251404,0.383700,0.000000,15.395790,0.133636,-0.101766,-0.001515,1.000000,0.152623,0.031578,1.000000,0.191848,-0.125705,0.498201
11.982000,3.381000,15.414378,0.065732,-0.097329,-0.001131,681.214764,662.286858,693.766283,647.426871,-0.793241,-0.187358,-0.478816,-0.001131,1.492618,0.253091,0.381487,0.000000,15.414378,0.065732,-0.097329,-0.001131,1.000000,0.160534,0.032729,1.000000,0.190743,-0.126546,0.497539
12.004000,3.403000,15.374057,0.148003,-0.027702,-0.001116,660.111751,681.584534,689.879107,649.765973,-0.831311,-0.106753,-0.407422,-0.001116,1.490368,0.254756,0.379719,0.000000,15.374057,0.148003,-0.027702,-0.001116,1.000000,0.132120,0.024650,1.000000,0.189861,-0.127376,0.496789
12.023000,3.422000,15.319534,0.085247,-0.030617,0.000011,665.601402,673.047163,683.211551,655.179555,-0.883831,-0.171139,-0.408083,0.000011,1.488365,0.256386,0.377466,0.000000,15.319534,0.085247,-0.030617,0.000011,1.000000,0.158125,0.027394,1.000000,0.188735,-0.128190,0.496122
12.043000,3.442000,15.299490,0.160724,0.038285,0.001522,644.768245,691.119048,679.635369,659.117125,-0.901864,-0.097267,-0.336987,0.001522,1.486353,0.257990,0.375272,0.000000,15.299490,0.160724,0.038285,0.001522,1.000000,0.145404,0.020436,1.000000,0.187637,-0.128994,0.495451
12.066000,3.465000,15.324712,0.061023,0.066596,0.001528,651.135131,686.195920,665.124963,674.854552,-0.874508,-0.198527,-0.306668,0.001528,1.484220,0.259550,0.373264,0.000000,15.324712,0.061023,0.066596,0.001528,1.000000,0.140480,0.020994,1.000000,0.186629,-0.129779,0.494740
12.084000,3.483000,15.284107,0.175773,0.083455,0.002293,634.556016,699.327601,673.607181,665.165172,-0.913077,-0.085329,-0.287616,0.002293,1.482184,0.261102,0.371071,0.000000,15.284107,0.175773,0.083455,0.002293,1.000000,0.139878,0.017338,1.000000,0.185531,-0.130557,0.494061
12.101000,3.500000,15.340701,0.096449,0.015897,0.001362,656.500781,681.868981,677.584413,662.927502,-0.854462,-0.166172,-0.352906,0.001362,1.480163,0.262621,0.368803,0.000000,15.340701,0.096449,0.015897,0.001362,1.000000,0.148319,0.022517,1.000000,0.184395,-0.131320,0.493388
12.122000,3.521000,15.383694,0.168000,0.004039,0.000609,652.152751,688.391937,687.503037,653.998666,-0.809479,-0.096114,-0.362419,0.000609,1.478174,0.264114,0.366457,0.000000,15.383694,0.168000,0.004039,0.000609,1.000000,0.147738,0.020611,1.000000,0.183221,-0.132068,0.492725
12.143000,3.542000,15.430318,0.136934,-0.028556,0.000566,662.076635,680.889392,690.659124,652.724651,-0.760893,-0.128647,-0.392655,0.000566,1.476211,0.265582,0.364099,0.000000,15.430318,0.136934,-0.028556,0.000566,1.000000,0.146486,0.022862,1.000000,0.182041,-0.132802,0.492070
12.163000,3.562000,15.503627,0.121119,-0.094157,-0.000710,676.787945,670.407301,700.797108,644.194460,-0.685663,-0.145898,-0.455782,-0.000710,1.474291,0.267017,0.361625,0.000000,15.503627,0.121119,-0.094157,-0.000710,1.000000,0.156750,0.027604,1.000000,0.180805,-0.133518,0.491430
12.186000,3.585000,15.571264,0.095767,-0.059689,-0.000865,675.180199,675.075294,694.073587,654.346915,-0.616053,-0.172643,-0.418956,-0.000865,1.472317,0.268410,0.359268,0.000000,15.571264,0.095767,-0.059689,-0.000865,1.000000,0.150231,0.024328,1.000000,0.179629,-0.134212,0.490772
12.204000,3.603000,15.505478,0.100851,-0.062293,-0.000732,673.617438,673.689046,693.664060,651.935748,-0.679954,-0.168933,-0.418989,-0.000732,1.470432,0.269784,0.356696,0.000000,15.505478,0.100851,-0.062293,-0.000732,1.000000,0.161689,0.025032,1.000000,0.178343,-0.134898,0.490144
12.224000,3.623000,15.446583,0.099837,0.017643,-0.000920,659.002444,685.617622,679.144203,664.323284,-0.736951,-0.171299,-0.336517,-0.000920,1.468535,0.271136,0.354160,0.000000,15.446583,0.099837,0.017643,-0.000920,1.000000,0.154340,0.019690,1.000000,0.177077,-0.135573,0.489512
12.245000,3.644000,15.605363,0.104050,0.032136,-0.000994,659.632546,691.808932,680.567757,669.779546,-0.576160,-0.168404,-0.319794,-0.000994,1.466523,0.272454,0.351930,0.000000,15.605363,0.104050,0.032136,-0.000994,1.000000,0.138094,0.016383,1.000000,0.175963,-0.136230,0.488841
12.263000,3.662000,15.486833,0.111175,0.016942,-0.000935,658.822698,687.515467,681.280829,663.896063,-0.692833,-0.162565,-0.332311,-0.000935,1.464666,0.273740,0.349253,0.000000,15.486833,0.111175,0.016942,-0.000935,1.000000,0.163237,0.018486,1.000000,0.174625,-0.136871,0.488222
12.286000,3.685000,15.482494,0.117806,0.019202,-0.000724,657.564248,688.385665,681.563983,663.568965,-0.695324,-0.157187,-0.327343,-0.000724,1.462817,0.274993,0.346544,0.000000,15.482494,0.117806,0.019202,-0.000724,1.000000,0.163452,0.018021,1.000000,0.173272,-0.137497,0.487606
12.306000,3.705000,15.476291,0.124899,0.062544,-0.000595,649.162217,695.963679,675.015214,670.052682,-0.699658,-0.151322,-0.281372,-0.000595,1.460949,0.276221,0.343916,0.000000,15.476291,0.124899,0.062544,-0.000595,1.000000,0.152194,0.015102,1.000000,0.171959,-0.138110,0.486983
12.322000,3.721000,15.470226,0.066600,0.010238,-0.000287,664.060421,681.281943,677.686918,667.310115,-0.703854,-0.210812,-0.330955,-0.000287,1.459079,0.277412,0.341192,0.000000,15.470226,0.066600,0.010238,-0.000287,1.000000,0.162790,0.020351,1.000000,0.170597,-0.138705,0.486360
12.341000,3.740000,15.491278,0.093659,0.030626,-0.000218,658.183221,687.808373,677.560954,668.410034,-0.680927,-0.184916,-0.307891,-0.000218,1.457205,0.278575,0.338517,0.000000,15.491278,0.093659,0.030626,-0.000218,1.000000,0.153480,0.017536,1.000000,0.169260,-0.139286,0.485735
12.365000,3.764000,15.536199,0.158666,0.027220,0.000757,652.517827,694.393735,686.057213,662.392961,-0.634163,-0.121040,-0.308622,0.000757,1.455362,0.279706,0.335842,0.000000,15.536199,0.158666,0.027220,0.000757,1.000000,0.147450,0.015012,1.000000,0.167922,-0.139852,0.485121
12.385000,3.784000,15.564301,0.154914,-0.002982,0.001091,658.607129,689.577902,691.319492,658.395583,-0.604235,-0.125887,-0.336112,0.001091,1.453535,0.280802,0.333130,0.000000,15.564301,0.154914,-0.002982,0.001091,1.000000,0.149075,0.016533,1.000000,0.166564,-0.140402,0.484512
12.405000,3.804000,15.757963,0.156181,0.004776,0.000993,661.476211,695.092057,694.241963,663.827647,-0.408703,-0.125682,-0.326016,0.000993,1.451666,0.281863,0.330792,0.000000,15.757963,0.156181,0.004776,0.000993,1.000000,0.122959,0.013879,1.000000,0.165394,-0.140934,0.483889
12.422000,3.821000,15.573046,0.131770,-0.042933,0.000064,668.360702,681.239546,695.317233,653.798161,-0.591824,-0.151123,-0.370963,0.000064,1.449870,0.282893,0.328030,0.000000,15.573046,0.131770,-0.042933,0.000064,1.000000,0.151224,0.019548,1.000000,0.164013,-0.141449,0.483290
12.447000,3.846000,15.571710,0.096336,-0.086712,-0.000636,679.540134,670.539124,698.581303,649.724428,-0.591385,-0.187549,-0.411872,-0.000636,1.448095,0.283885,0.325160,0.000000,15.571710,0.096336,-0.086712,-0.000636,1.000000,0.162255,0.023979,1.000000,0.162578,-0.141944,0.482698
12.461000,3.860000,15.585676,0.096299,-0.037062,-0.000428,671.507896,679.035574,690.902582,658.658008,-0.575655,-0.188548,-0.359395,-0.000428,1.446331,0.284848,0.322333,0.000000,15.585676,0.096299,-0.037062,-0.000428,1.000000,0.154478,0.019785,1.000000,0.161166,-0.142425,0.482110
12.482000,3.881000,15.589202,0.086762,0.002850,0.000005,665.713355,684.559174,683.625819,666.679479,-0.570363,-0.199020,-0.316733,0.000005,1.444564,0.285782,0.319583,0.000000,15.589202,0.086762,0.002850,0.000005,1.000000,0.146071,0.017246,1.000000,0.159791,-0.142892,0.481521
12.503000,3.902000,15.602070,0.091851,-0.004426,0.000228,666.614622,684.072750,685.689177,665.286709,-0.555733,-0.194826,-0.321219,0.000228,1.442803,0.286677,0.316793,0.000000,15.602070,0.091851,-0.004426,0.000228,1.000000,0.148409,0.017202,1.000000,0.158396,-0.143339,0.480934
12.525000,3.924000,15.597771,0.057579,0.001632,0.000059,669.132329,681.547226,681.050139,669.723608,-0.558288,-0.229958,-0.312297,0.000059,1.441059,0.287536,0.313930,0.000000,15.597771,0.057579,0.001632,0.000059,1.000000,0.155243,0.018158,1.000000,0.156964,-0.143769,0.480353
12.543000,3.942000,15.613267,0.087559,0.007211,-0.000270,665.517744,685.972204,683.410501,667.753579,-0.541063,-0.200802,-0.303833,-0.000270,1.439331,0.288361,0.311044,0.000000,15.613267,0.087559,0.007211,-0.000270,1.000000,0.153479,0.016191,1.000000,0.155522,-0.144181,0.479777
12.565000,3.964000,15.653295,0.171778,0.048633,-0.000832,650.613977,702.183370,685.835376,666.609830,-0.499343,-0.117381,-0.259599,-0.000832,1.437638,0.289159,0.308232,0.000000,15.653295,0.171778,0.048633,-0.000832,1.000000,0.141448,0.010611,1.000000,0.154116,-0.144579,0.479213
12.588000,3.987000,15.751589,0.086544,-0.011938,-0.000427,671.923515,685.736105,689.339212,667.602691,-0.399392,-0.203355,-0.317472,-0.000427,1.435981,0.289899,0.305534,0.000000,15.751589,0.086544,-0.011938,-0.000427,1.000000,0.135560,0.015809,1.000000,0.152768,-0.144948,0.478660
12.601000,4.000000,15.652250,0.208380,0.023514,-0.000007,650.721803,701.467436,693.880413,658.795183,-0.497076,-0.082242,-0.279163,-0.000007,1.434326,0.290622,0.302677,0.000000,15.652250,0.208380,0.023514,-0.000007,1.000000,0.143582,0.010940,1.000000,0.151340,-0.145309,0.478109
12.624000,4.023000,15.651809,0.150626,-0.001354,0.001412,660.608988,691.145420,692.580163,661.189464,-0.495887,-0.140682,-0.301187,0.001412,1.432696,0.291308,0.299833,0.000000,15.651809,0.150626,-0.001354,0.001412,1.000000,0.141544,0.013510,1.000000,0.149917,-0.145654,0.477565
12.641000,4.040000,15.639497,0.128436,-0.093843,0.002634,677.770823,672.905052,705.401185,647.857566,-0.506575,-0.163507,-0.390686,0.002634,1.431072,0.291943,0.296842,0.000000,15.639497,0.128436,-0.093843,0.002634,1.000000,0.157253,0.020504,1.000000,0.148418,-0.145974,0.477024
12.662000,4.061000,15.598359,0.045738,-0.098196,0.002198,686.198371,662.815888,696.884687,654.851975,-0.546074,-0.246799,-0.391984,0.002198,1.429433,0.292537,0.293788,0.000000,15.598359,0.045738,-0.098196,0.002198,1.000000,0.169605,0.024439,1.000000,0.146888,-0.146275,0.476478
12.682000,4.081000,15.645218,0.109257,-0.062200,0.002500,674.651940,676.376152,698.503019,655.444546,-0.497619,-0.183841,-0.352939,0.002500,1.427836,0.293098,0.290739,0.000000,15.645218,0.109257,-0.062200,0.002500,1.000000,0.160672,0.018313,1.000000,0.145360,-0.146559,0.475945
12.703000,4.102000,15.638536,0.091331,-0.056524,0.002579,675.383514,675.299685,695.682641,658.198633,-0.502710,-0.202290,-0.344162,0.002579,1.426246,0.293621,0.287638,0.000000,15.638536,0.091331,-0.056524,0.002579,1.000000,0.166217,0.018465,1.000000,0.143806,-0.146824,0.475415
12.723000,4.122000,15.671774,0.111177,0.047662,0.002482,656.474219,695.163459,681.342617,674.404998,-0.467920,-0.182943,-0.236986,0.002482,1.424695,0.294119,0.284648,0.000000,15.671774,0.111177,0.047662,0.002482,1.000000,0.150836,0.011153,1.000000,0.142307,-0.147076,0.474898
12.745000,4.144000,15.648313,0.062311,0.021839,0.001325,665.900641,685.961434,679.711986,674.196480,-0.489835,-0.232272,-0.259801,0.001325,1.423148,0.294583,0.281640,0.000000,15.648313,0.062311,0.021839,0.001325,1.000000,0.155034,0.014544,1.000000,0.140802,-0.147309,0.474383
12.761000,4.160000,15.628661,0.153192,0.045522,0.000316,652.175922,698.904093,684.320136,667.924229,-0.507950,-0.141817,-0.233020,0.000316,1.421611,0.295009,0.278542,0.000000,15.628661,0.153192,0.045522,0.000316,1.000000,0.159328,0.010021,1.000000,0.139252,-0.147523,0.473870
12.787000,4.186000,15.828572,0.096947,0.035923,-0.000363,664.444681,696.180935,684.216316,676.236550,-0.306644,-0.198452,-0.239867,-0.000363,1.420216,0.295399,0.275790,0.000000,15.828572,0.096947,0.035923,-0.000363,1.000000,0.131377,0.010632,1.000000,0.137877,-0.147717,0.473405
12.806000,4.205000,15.577811,0.094448,0.036433,-0.000176,659.014476,690.656060,678.559003,671.208331,-0.555886,-0.201312,-0.236257,-0.000176,1.418696,0.295759,0.272690,0.000000,15.577811,0.094448,0.036433,-0.000176,1.000000,0.158662,0.012724,1.000000,0.136328,-0.147896,0.472899
12.826000,4.225000,15.569439,0.114414,0.001196,0.000049,662.644005,686.658167,686.301403,663.086265,-0.562764,-0.181667,-0.268376,0.000049,1.417203,0.296081,0.269572,0.000000,15.569439,0.114414,0.001196,0.000049,1.000000,0.158611,0.013670,1.000000,0.134770,-0.148056,0.472401
12.841000,4.240000,15.610565,0.162702,0.042807,0.000007,651.332471,699.148807,685.242039,665.958454,-0.520182,-0.133674,-0.223714,0.000007,1.415747,0.296376,0.266521,0.000000,15.610565,0.162702,0.042807,0.000007,1.000000,0.147315,0.009498,1.000000,0.133245,-0.148202,0.471916
12.861000,4.260000,15.562844,0.098904,-0.037517,-0.000126,670.711852,678.621873,690.857475,657.914885,-0.566427,-0.197725,-0.300892,-0.000126,1.414271,0.296629,0.263376,0.000000,15.562844,0.098904,-0.037517,-0.000126,1.000000,0.160020,0.016172,1.000000,0.131673,-0.148328,0.471424
12.880000,4.279000,15.501214,0.171095,-0.060842,-0.000017,665.729293,680.790628,700.594618,644.829025,-0.626550,-0.125748,-0.321023,-0.000017,1.412764,0.296844,0.260181,0.000000,15.501214,0.171095,-0.060842,-0.000017,1.000000,0.162571,0.015813,1.000000,0.130076,-0.148434,0.470921
12.901000,4.300000,15.552378,0.124874,-0.053343,0.000808,670.118392,678.086303,696.123733,652.568632,-0.573923,-0.172151,-0.310349,0.000808,1.411301,0.297025,0.257005,0.000000,15.552378,0.124874,-0.053343,0.000808,1.000000,0.160112,0.015889,1.000000,0.128488,-0.148525,0.470434
12.923000,4.322000,15.663883,0.132071,0.007520,0.000327,661.701338,691.376366,689.156579,664.492829,-0.461050,-0.165109,-0.246464,0.000327,1.409933,0.297181,0.253984,0.000000,15.663883,0.132071,0.007520,0.000327,1.000000,0.141932,0.010926,1.000000,0.126977,-0.148603,0.469978
12.940000,4.339000,15.546131,0.085382,-0.025728,-0.000346,669.849916,678.910848,687.137603,660.897902,-0.577371,-0.211916,-0.276541,-0.000346,1.408502,0.297298,0.250813,0.000000,15.546131,0.085382,-0.025728,-0.000346,1.000000,0.159819,0.015472,1.000000,0.125392,-0.148661,0.469501
12.964000,4.363000,15.460965,0.079598,-0.027293,-0.000561,668.928665,676.300052,684.918970,659.271607,-0.661072,-0.217782,-0.274887,-0.000561,1.407037,0.297380,0.247595,0.000000,15.460965,0.079598,-0.027293,-0.000561,1.000000,0.165325,0.016669,1.000000,0.123785,-0.148700,0.469012
12.980000,4.379000,15.616412,0.039810,0.069583,-0.000393,660.061532,691.443260,668.135001,683.084854,-0.504283,-0.257632,-0.174947,-0.000393,1.405695,0.297442,0.244530,0.000000,15.616412,0.039810,0.069583,-0.000393,1.000000,0.149469,0.012241,1.000000,0.122254,-0.148730,0.468565
13.003000,4.402000,15.574502,0.105504,0.014804,-0.000466,661.561852,688.281189,683.093288,666.235895,-0.544845,-0.191964,-0.226617,-0.000466,1.404347,0.297467,0.241420,0.000000,15.574502,0.105504,0.014804,-0.000466,1.000000,0.147560,0.011789,1.000000,0.120700,-0.148742,0.468116
13.022000,4.421000,15.439785,0.115001,-0.044827,-0.001380,668.012204,676.879775,690.644193,651.710693,-0.678153,-0.182452,-0.283031,-0.001380,1.402938,0.297453,0.238205,0.000000,15.439785,0.115001,-0.044827,-0.001380,1.000000,0.159508,0.015939,1.000000,0.119094,-0.148733,0.467646
13.044000,4.443000,15.522596,0.125780,0.020481,-0.001735,657.749486,690.624446,682.682662,663.443885,-0.594010,-0.171636,-0.214610,-0.001735,1.401607,0.297416,0.235091,0.000000,15.522596,0.125780,0.020481,-0.001735,1.000000,0.146307,0.011080,1.000000,0.117540,-0.148712,0.467202
13.062000,4.461000,15.511124,0.135609,-0.015386,-0.002442,662.817547,685.775315,689.078611,655.761872,-0.604164,-0.161737,-0.247351,-0.002442,1.400287,0.297346,0.231965,0.000000,15.511124,0.135609,-0.015386,-0.002442,1.000000,0.147026,0.012385,1.000000,0.115980,-0.148675,0.466762
13.083000,4.482000,15.476451,0.128833,-0.019373,-0.002016,663.291435,683.531727,688.452247,655.190260,-0.637528,-0.168408,-0.248213,-0.002016,1.398979,0.297241,0.228840,0.000000,15.476451,0.128833,-0.019373,-0.002016,1.000000,0.147498,0.013062,1.000000,0.114421,-0.148620,0.466326
13.105000,4.504000,15.486674,0.120211,0.006838,-0.001779,659.885681,687.087524,683.577659,660.901659,-0.626025,-0.176896,-0.218916,-0.001779,1.397699,0.297107,0.225753,0.000000,15.486674,0.120211,0.006838,-0.001779,1.000000,0.143615,0.011841,1.000000,0.112881,-0.148551,0.465900
13.125000,4.524000,15.431172,0.101914,-0.022958,-0.001089,665.399409,678.868881,685.660606,656.784182,-0.680236,-0.195021,-0.245592,-0.001089,1.396408,0.296936,0.222634,0.000000,15.431172,0.101914,-0.022958,-0.001089,1.000000,0.148261,0.014462,1.000000,0.111323,-0.148464,0.465469
13.147000,4.546000,15.513565,0.083073,-0.011838,-0.000545,667.110144,680.347322,683.861787,662.705084,-0.596736,-0.213642,-0.231551,-0.000545,1.395301,0.296714,0.219713,0.000000,15.513565,0.083073,-0.011838,-0.000545,1.000000,0.131054,0.013487,1.000000,0.109863,-0.148352,0.465100
13.166000,4.565000,15.352892,0.044578,-0.047452,0.000025,673.383067,666.715904,682.556791,657.357973,-0.756232,-0.251874,-0.264180,0.000025,1.394124,0.296452,0.216728,0.000000,15.352892,0.044578,-0.047452,0.000025,1.000000,0.142319,0.019042,1.000000,0.108371,-0.148221,0.464708
13.186000,4.585000,15.296274,0.105657,-0.029819,0.000258,662.727955,674.690844,684.744701,652.720218,-0.811548,-0.190520,-0.243399,0.000258,1.392822,0.296176,0.213580,0.000000,15.296274,0.105657,-0.029819,0.000258,1.000000,0.152076,0.016140,1.000000,0.106797,-0.148083,0.464274
13.202000,4.601000,15.361757,0.105378,0.009539,0.000814,657.305268,682.388253,679.820447,661.162163,-0.744821,-0.190494,-0.200963,0.000814,1.391578,0.295872,0.210502,0.000000,15.361757,0.105378,0.009539,0.000814,1.000000,0.144246,0.013215,1.000000,0.105256,-0.147932,0.463859
13.222000,4.621000,15.336528,0.129801,-0.005036,0.001069,656.560350,681.841865,684.263248,655.627831,-0.768815,-0.165730,-0.212455,0.001069,1.390343,0.295531,0.207419,0.000000,15.336528,0.129801,-0.005036,0.001069,1.000000,0.144549,0.013171,1.000000,0.103713,-0.147763,0.463448
13.242000,4.641000,15.273850,0.127929,-0.007715,0.001148,655.793615,679.832099,683.199627,653.997920,-0.830226,-0.167226,-0.212015,0.001148,1.389076,0.295155,0.204300,0.000000,15.273850,0.127929,-0.007715,0.001148,1.000000,0.148970,0.014184,1.000000,0.102152,-0.147576,0.463025
13.262000,4.661000,15.142137,0.124219,-0.049914,0.000576,660.672865,669.777689,686.746605,643.888734,-0.960595,-0.170520,-0.251014,0.000576,1.387732,0.294740,0.201100,0.000000,15.142137,0.124219,-0.049914,0.000576,1.000000,0.159630,0.018436,1.000000,0.100550,-0.147370,0.462577
13.289000,4.688000,15.465162,0.121443,0.019377,0.000240,656.422150,688.056151,681.863382,663.206153,-0.636692,-0.172854,-0.178984,0.000240,1.386855,0.294297,0.198361,0.000000,15.465162,0.121443,0.019377,0.000240,1.000000,0.115613,0.010245,1.000000,0.099180,-0.147149,0.462285
13.306000,4.705000,15.453733,0.110037,0.014268,-0.000115,658.375797,685.952570,681.174801,663.148252,-0.647273,-0.183786,-0.181372,-0.000115,1.386006,0.293823,0.195640,0.000000,15.453733,0.110037,0.014268,-0.000115,1.000000,0.114372,0.010857,1.000000,0.097820,-0.146912,0.462002
13.324000,4.723000,15.222976,0.101715,0.039915,-0.000583,649.859051,684.567094,670.898651,663.103983,-0.876836,-0.191608,-0.152670,-0.000583,1.384812,0.293323,0.192586,0.000000,15.222976,0.101715,0.039915,-0.000583,1.000000,0.144039,0.013691,1.000000,0.096293,-0.146661,0.461604
13.342000,4.741000,15.150988,0.090427,0.005535,-0.001086,655.554059,676.370675,673.742266,656.645027,-0.947634,-0.202361,-0.183991,-0.001086,1.383622,0.292787,0.189526,0.000000,15.150988,0.090427,0.005535,-0.001086,1.000000,0.145985,0.016460,1.000000,0.094764,-0.146393,0.461207
13.364000,4.763000,15.212080,0.036896,-0.024001,-0.001083,667.559237,667.205814,674.467323,658.620629,-0.885663,-0.255318,-0.210784,-0.001083,1.382744,0.292214,0.186783,0.000000,15.212080,0.036896,-0.024001,-0.001083,1.000000,0.124023,0.018806,1.000000,0.093395,-0.146105,0.460915
13.385000,4.784000,14.984483,0.110798,-0.049105,-0.001045,659.027674,665.681855,681.327275,641.253165,-1.111969,-0.180809,-0.232739,-0.001045,1.381452,0.291607,0.183634,0.000000,14.984483,0.110798,-0.049105,-0.001045,1.000000,0.156198,0.021051,1.000000,0.091822,-0.145801,0.460484
13.407000,4.806000,15.131679,0.112137,-0.040695,0.000280,660.248992,669.954233,683.682180,646.445883,-0.963874,-0.178825,-0.221554,0.000280,1.380553,0.290963,0.180858,0.000000,15.131679,0.112137,-0.040695,0.000280,1.000000,0.124003,0.017397,1.000000,0.090434,-0.145478,0.460184
13.422000,4.821000,15.101121,0.125425,0.007324,0.000193,649.940664,678.706406,676.413490,652.614631,-0.993229,-0.164870,-0.170486,0.000193,1.379350,0.290294,0.177810,0.000000,15.101121,0.125425,0.007324,0.000193,1.000000,0.144872,0.015490,1.000000,0.088909,-0.145145,0.459783
13.446000,4.845000,15.037834,0.072470,-0.008415,0.000216,656.868584,669.226712,672.206344,654.141423,-1.055287,-0.217122,-0.183164,0.000216,1.378121,0.289592,0.174749,0.000000,15.037834,0.072470,-0.008415,0.000216,1.000000,0.149436,0.019205,1.000000,0.087378,-0.144794,0.459374
13.462000,4.861000,15.156447,0.152040,0.059955,0.000249,639.115534,691.215023,671.599308,660.065037,-0.935549,-0.136824,-0.111823,0.000249,1.376996,0.288864,0.171778,0.000000,15.156447,0.152040,0.059955,0.000249,1.000000,0.137490,0.011875,1.000000,0.085892,-0.144430,0.458999
13.483000,4.882000,14.999861,0.047161,-0.012790,0.000176,659.464277,665.030607,669.471451,655.217753,-1.090939,-0.240937,-0.181548,0.000176,1.375800,0.288098,0.168757,0.000000,14.999861,0.047161,-0.012790,0.000176,1.000000,0.149221,0.021002,1.000000,0.084381,-0.144048,0.458600
13.507000,4.906000,14.929495,0.136129,-0.006682,0.001056,647.041784,673.440660,676.430525,645.512324,-1.160250,-0.151148,-0.172561,0.001056,1.374745,0.287278,0.165879,0.000000,14.929495,0.136129,-0.006682,0.001056,1.000000,0.135130,0.018724,1.000000,0.082940,-0.143638,0.458248
13.527000,4.926000,15.007099,0.124009,0.012310,0.001889,646.499433,676.721068,673.983566,652.181772,-1.081489,-0.162440,-0.150591,0.001889,1.373588,0.286449,0.162901,0.000000,15.007099,0.124009,0.012310,0.001889,1.000000,0.141628,0.016603,1.000000,0.081450,-0.143225,0.457863
13.543000,4.942000,15.066019,0.084961,0.024865,0.002068,649.780342,675.995036,669.177271,659.862243,-1.021472,-0.200631,-0.135119,0.002068,1.372491,0.285592,0.159984,0.000000,15.066019,0.084961,0.024865,0.002068,1.000000,0.138174,0.016285,1.000000,0.079989,-0.142798,0.457497
13.568000,4.967000,15.037131,0.165464,0.014131,0.002069,642.318719,681.850559,678.660006,648.805085,-1.049279,-0.119241,-0.142960,0.002069,1.371411,0.284705,0.157091,0.000000,15.037131,0.165464,0.014131,0.002069,1.000000,0.134479,0.014476,1.000000,0.078539,-0.142356,0.457137
13.580000,4.979000,14.993099,0.130856,0.002820,0.001026,647.405366,675.870722,675.671785,649.155465,-1.092259,-0.152933,-0.151409,0.001026,1.370358,0.283789,0.154230,0.000000,14.993099,0.130856,0.002820,0.001026,1.000000,0.133472,0.016562,1.000000,0.077106,-0.141899,0.456786
13.605000,5.004000,14.835510,0.142625,-0.058023,-0.000615,653.708722,664.064945,682.999355,632.953480,-1.248704,-0.140216,-0.209314,-0.000615,1.369214,0.282841,0.151292,0.000000,14.835510,0.142625,-0.058023,-0.000615,1.000000,0.141988,0.021940,1.000000,0.075637,-0.141425,0.456405
13.624000,5.023000,14.860353,0.114519,-0.035555,-0.001430,653.681575,665.781378,676.659502,640.241457,-1.222752,-0.167350,-0.183957,-0.001430,1.368105,0.281869,0.148402,0.000000,14.860353,0.114519,-0.035555,-0.001430,1.000000,0.138808,0.021136,1.000000,0.074194,-0.140938,0.456035
13.645000,5.044000,14.796644,0.094959,-0.065400,-0.001866,659.603636,657.409246,678.079812,635.478526,-1.285334,-0.185907,-0.210902,-0.001866,1.366977,0.280866,0.145502,0.000000,14.796644,0.094959,-0.065400,-0.001866,1.000000,0.141662,0.024425,1.000000,0.072746,-0.140435,0.455659
13.664000,5.063000,14.623691,0.066078,-0.086097,-0.001660,662.269575,646.796362,674.880802,631.067891,-1.457040,-0.213752,-0.228615,-0.001660,1.365731,0.279830,0.142519,0.000000,14.623691,0.066078,-0.086097,-0.001660,1.000000,0.153671,0.031025,1.000000,0.071257,-0.139916,0.455244
13.689000,5.088000,14.573450,0.023173,-0.056093,-0.000852,660.289590,645.940253,664.563850,640.245261,-1.505964,-0.255590,-0.195597,-0.000852,1.364414,0.278763,0.139504,0.000000,14.573450,0.023173,-0.056093,-0.000852,1.000000,0.161436,0.033038,1.000000,0.069752,-0.139382,0.454805
13.704000,5.103000,14.707633,0.093644,-0.007176,0.000026,647.055290,664.479349,666.922957,644.575208,-1.370546,-0.184028,-0.143738,0.000026,1.363180,0.277672,0.136563,0.000000,14.707633,0.093644,-0.007176,0.000026,1.000000,0.146954,0.024237,1.000000,0.068282,-0.138836,0.454393
13.722000,5.121000,14.809257,0.077829,0.029298,0.000015,644.712959,671.202252,661.321353,654.867420,-1.267727,-0.198729,-0.104366,0.000015,1.361983,0.276557,0.133664,0.000000,14.809257,0.077829,0.029298,0.000015,1.000000,0.142754,0.021110,1.000000,0.066833,-0.138278,0.453994
13.743000,5.142000,14.683147,0.070649,0.012383,0.000489,645.408149,664.663490,660.819972,650.077026,-1.392570,-0.204764,-0.118348,0.000489,1.360717,0.275413,0.130731,0.000000,14.683147,0.070649,0.012383,0.000489,1.000000,0.148516,0.024986,1.000000,0.065366,-0.137706,0.453572
13.764000,5.163000,14.902896,0.140281,0.117514,0.000968,624.026380,693.762677,655.269873,665.750760,-1.171728,-0.133971,-0.010439,0.000968,1.359624,0.274252,0.127953,0.000000,14.902896,0.140281,0.117514,0.000968,1.000000,0.131609,0.015535,1.000000,0.063976,-0.137126,0.453208
13.782000,5.181000,14.811798,0.139553,0.050704,0.000980,633.932225,680.812395,664.566210,652.409319,-1.261698,-0.133509,-0.074446,0.000980,1.358495,0.273062,0.125149,0.000000,14.811798,0.139553,0.050704,0.000980,1.000000,0.133976,0.018256,1.000000,0.062573,-0.136532,0.452832
13.802000,5.201000,14.601747,0.131489,-0.033979,0.001490,644.719749,661.006124,673.549731,633.899406,-1.470510,-0.140352,-0.156247,0.001490,1.357257,0.271841,0.122268,0.000000,14.601747,0.131489,-0.033979,0.001490,1.000000,0.144222,0.026035,1.000000,0.061130,-0.135922,0.452419
13.822000,5.221000,14.526969,0.060637,-0.057878,0.000957,654.956006,647.897681,668.389351,635.499707,-1.544004,-0.209957,-0.177254,0.000957,1.355974,0.270594,0.119376,0.000000,14.526969,0.060637,-0.057878,0.000957,1.000000,0.150614,0.031390,1.000000,0.059683,-0.135299,0.451991
13.843000,5.242000,14.658564,0.079195,-0.008453,0.000495,647.555133,661.482181,664.713519,644.985561,-1.411209,-0.190133,-0.125024,0.000495,1.354773,0.269328,0.116571,0.000000,14.658564,0.079195,-0.008453,0.000495,1.000000,0.140330,0.025093,1.000000,0.058279,-0.134666,0.451591
13.861000,5.260000,14.840444,0.119387,0.020222,0.000936,642.179138,674.314749,668.217208,649.926215,-1.228280,-0.148658,-0.093686,0.000936,1.353724,0.268045,0.113908,0.000000,14.840444,0.119387,0.020222,0.000936,1.000000,0.126027,0.018174,1.000000,0.056947,-0.134025,0.451241
13.883000,5.282000,14.818114,0.117301,0.032052,0.000862,639.847251,675.615089,665.488696,651.663355,-1.249584,-0.149439,-0.079233,0.000862,1.352698,0.266740,0.111284,0.000000,14.818114,0.117301,0.032052,0.000862,1.000000,0.124315,0.018476,1.000000,0.055635,-0.133373,0.450899
13.904000,5.303000,14.668531,0.125835,0.007176,0.000940,639.844586,669.054322,667.324282,643.075580,-1.397717,-0.139578,-0.101110,0.000940,1.351249,0.265414,0.108285,0.000000,14.668531,0.125835,0.007176,0.000940,1.000000,0.156852,0.022507,1.000000,0.054134,-0.132710,0.450416
13.927000,5.326000,14.683070,0.066210,0.011419,0.000699,645.977663,663.952655,660.588368,650.466104,-1.382132,-0.197855,-0.094269,0.000699,1.350203,0.264066,0.105688,0.000000,14.683070,0.066210,0.011419,0.000699,1.000000,0.128728,0.023906,1.000000,0.052835,-0.132036,0.450068
13.949000,5.348000,14.463414,0.094701,-0.061527,0.000265,650.774223,649.760663,670.916652,629.351410,-1.600440,-0.167981,-0.164379,0.000265,1.348854,0.262682,0.102852,0.000000,14.463414,0.094701,-0.061527,0.000265,1.000000,0.148797,0.031138,1.000000,0.051416,-0.131345,0.449618
13.964000,5.363000,14.573727,0.109941,-0.017201,0.000064,643.997316,661.521865,667.392682,638.009362,-1.489037,-0.151350,-0.117469,0.000064,1.347764,0.261291,0.100268,0.000000,14.573727,0.109941,-0.017201,0.000064,1.000000,0.127343,0.025843,1.000000,0.050124,-0.130649,0.449255
13.982000,5.381000,14.413715,0.108341,-0.087320,-0.000496,652.924041,645.926588,675.295809,621.722816,-1.647843,-0.151534,-0.184920,-0.000496,1.346558,0.259875,0.097599,0.000000,14.413715,0.108341,-0.087320,-0.000496,1.000000,0.135847,0.032870,1.000000,0.048791,-0.129941,0.448853
14.001000,5.400000,14.529917,0.110002,-0.017885,-0.000514,643.323669,660.666340,666.352384,636.645086,-1.530551,-0.148442,-0.112958,-0.000514,1.345469,0.258444,0.095073,0.000000,14.529917,0.110002,-0.017885,-0.000514,1.000000,0.124365,0.026905,1.000000,0.047528,-0.129225,0.448490
14.021000,5.420000,14.406489,0.100227,-0.047113,-0.000717,646.750535,651.949062,667.484479,629.595144,-1.652761,-0.156764,-0.139559,-0.000717,1.344250,0.256990,0.092446,0.000000,14.406489,0.100227,-0.047113,-0.000717,1.000000,0.133736,0.031721,1.000000,0.046216,-0.128498,0.448083
14.045000,5.444000,14.327924,0.094031,-0.031323,-0.000660,642.863034,652.227200,662.457027,631.297416,-1.730047,-0.161485,-0.121125,-0.000660,1.342971,0.255516,0.089802,0.000000,14.327924,0.094031,-0.031323,-0.000660,1.000000,0.137267,0.034006,1.000000,0.044896,-0.127760,0.447657
14.062000,5.461000,14.581526,0.047636,0.078088,-0.000485,634.394370,671.475524,644.417010,661.147508,-1.475405,-0.206395,-0.009322,-0.000485,1.341930,0.254032,0.087409,0.000000,14.581526,0.047636,0.078088,-0.000485,1.000000,0.120595,0.026037,1.000000,0.043700,-0.127017,0.447310
14.082000,5.481000,14.517584,0.110374,0.035553,-0.000770,633.679859,669.569311,656.944937,645.596746,-1.538194,-0.142154,-0.049370,-0.000770,1.340778,0.252528,0.084922,0.000000,14.517584,0.110374,0.035553,-0.000770,1.000000,0.123293,0.025925,1.000000,0.042458,-0.126265,0.446926
14.104000,5.503000,14.343315,0.104128,-0.016212,-0.001427,639.744702,656.541988,661.022239,632.920407,-1.711210,-0.146875,-0.098575,-0.001427,1.339525,0.251003,0.082363,0.000000,14.343315,0.104128,-0.016212,-0.001427,1.000000,0.130969,0.032412,1.000000,0.041180,-0.125502,0.446508
14.124000,5.523000,14.283507,0.114015,-0.029705,-0.001677,639.764599,654.039368,662.946048,627.932668,-1.769758,-0.135446,-0.109547,-0.001677,1.338265,0.249461,0.079842,0.000000,14.283507,0.114015,-0.029705,-0.001677,1.000000,0.129514,0.034355,1.000000,0.039922,-0.124730,0.446088
14.142000,5.541000,14.535430,0.113446,0.052272,-0.001705,631.123689,673.432346,654.470231,648.207657,-1.516704,-0.134464,-0.025193,-0.001705,1.337134,0.247910,0.077464,0.000000,14.535430,0.113446,0.052272,-0.001705,1.000000,0.117730,0.024876,1.000000,0.038735,-0.123954,0.445711
14.162000,5.561000,14.495358,0.111320,0.038337,-0.001683,632.902920,669.998176,655.749956,645.115116,-1.555805,-0.135029,-0.036943,-0.001683,1.336163,0.246349,0.075280,0.000000,14.495358,0.111320,0.038337,-0.001683,1.000000,0.105954,0.026165,1.000000,0.037644,-0.123173,0.445388
14.183000,5.582000,14.448863,0.045170,-0.002646,-0.000878,645.959601,654.747976,655.003570,644.373989,-1.601145,-0.199596,-0.075580,-0.000878,1.335008,0.244766,0.072934,0.000000,14.448863,0.045170,-0.002646,-0.000878,1.000000,0.122050,0.030192,1.000000,0.036473,-0.122381,0.445003
14.203000,5.602000,14.319783,0.110188,-0.049074,-0.000496,643.973399,650.641901,667.031453,626.210019,-1.728997,-0.132976,-0.119610,-0.000496,1.333779,0.243164,0.070536,0.000000,14.319783,0.110188,-0.049074,-0.000496,1.000000,0.123013,0.033093,1.000000,0.035274,-0.121580,0.444593
14.221000,5.620000,14.402252,0.086059,-0.000086,0.000185,639.638307,658.072391,658.238699,639.749239,-1.645364,-0.155491,-0.068333,0.000185,1.332616,0.241550,0.068248,0.000000,14.402252,0.086059,-0.000086,0.000185,1.000000,0.117381,0.029957,1.000000,0.034130,-0.120773,0.444205
14.244000,5.643000,14.345001,0.107188,-0.004481,0.000343,636.738538,658.223345,660.006373,635.416577,-1.701759,-0.132734,-0.070852,0.000343,1.331760,0.239922,0.066371,0.000000,14.345001,0.107188,-0.004481,0.000343,1.000000,0.094494,0.031224,1.000000,0.033191,-0.119960,0.443920
14.265000,5.664000,14.256772,0.057740,-0.052669,-0.000002,648.646626,642.750182,660.925069,630.113863,-1.788736,-0.180538,-0.116725,-0.000002,1.330508,0.238278,0.064056,0.000000,14.256772,0.057740,-0.052669,-0.000002,1.000000,0.122959,0.036618,1.000000,0.032033,-0.119138,0.443503
14.284000,5.683000,14.344253,0.127221,-0.003309,-0.000224,634.526329,660.741247,661.701968,633.180030,-1.700081,-0.109402,-0.065154,-0.000224,1.329334,0.236623,0.061846,0.000000,14.344253,0.127221,-0.003309,-0.000224,1.000000,0.112937,0.030524,1.000000,0.030928,-0.118310,0.443111
14.302000,5.701000,14.248589,0.112814,-0.035014,0.000298,639.314062,651.441794,663.641505,627.104116,-1.794484,-0.122139,-0.094597,0.000298,1.328074,0.234953,0.059583,0.000000,14.248589,0.112814,-0.035014,0.000298,1.000000,0.117930,0.034588,1.000000,0.029796,-0.117475,0.442691
14.323000,5.722000,14.391540,0.127230,0.050747,0.000923,625.549889,670.475749,653.915702,644.239502,-1.650379,-0.106045,-0.006722,0.000923,1.326919,0.233275,0.057469,0.000000,14.391540,0.127230,0.050747,0.000923,1.000000,0.108979,0.028367,1.000000,0.028738,-0.116636,0.442306
14.343000,5.742000,14.236824,0.114207,-0.024460,0.001355,636.647028,652.732984,662.107760,628.995781,-1.803855,-0.117373,-0.079735,0.001355,1.325678,0.231580,0.055274,0.000000,14.236824,0.114207,-0.024460,0.001355,1.000000,0.114798,0.034552,1.000000,0.027639,-0.115789,0.441893
14.363000,5.762000,14.279944,0.103545,0.023247,0.001231,630.389477,660.781564,653.737767,639.570225,-1.759516,-0.126330,-0.029888,0.001231,1.324460,0.229875,0.053135,0.000000,14.279944,0.103545,0.023247,0.001231,1.000000,0.112519,0.032644,1.000000,0.026568,-0.114937,0.441487
14.385000,5.784000,14.198803,0.042436,-0.025169,0.000738,643.931898,644.289931,653.569260,635.644546,-1.839383,-0.185722,-0.076144,0.000738,1.323186,0.228158,0.050975,0.000000,14.198803,0.042436,-0.025169,0.000738,1.000000,0.118573,0.037862,1.000000,0.025487,-0.114079,0.441062
14.403000,5.802000,14.226816,0.096176,0.002189,0.000167,634.109376,655.636112,655.008599,635.013252,-1.810144,-0.130256,-0.046704,0.000167,1.321960,0.226432,0.048893,0.000000,14.226816,0.096176,0.002189,0.000167,1.000000,0.110185,0.034681,1.000000,0.024445,-0.113216,0.440653
14.423000,5.822000,14.316486,0.078432,0.046006,0.000366,630.268705,663.148162,647.628645,646.756458,-1.719292,-0.146266,-0.000906,0.000366,1.320778,0.224698,0.046912,0.000000,14.316486,0.078432,0.046006,0.000366,1.000000,0.106153,0.031699,1.000000,0.023454,-0.112349,0.440259
14.445000,5.844000,14.177925,0.055163,0.041152,0.000548,630.423807,656.725138,642.889428,645.355254,-1.856859,-0.167791,-0.004161,0.000548,1.319784,0.222954,0.045313,0.000000,14.177925,0.055163,0.041152,0.000548,1.000000,0.091151,0.037296,1.000000,0.022655,-0.111477,0.439928
14.464000,5.863000,14.338062,0.125105,0.056492,0.000668,623.594951,670.149831,651.409901,644.157259,-1.695556,-0.096098,0.013073,0.000668,1.318618,0.221203,0.043419,0.000000,14.338062,0.125105,0.056492,0.000668,1.000000,0.101436,0.029690,1.000000,0.021707,-0.110602,0.439539
14.480000,5.879000,14.232542,0.111315,-0.000502,0.000358,632.985096,656.834300,657.271820,633.082609,-1.799875,-0.108126,-0.042020,0.000358,1.317417,0.219441,0.041519,0.000000,14.232542,0.111315,-0.000502,0.000358,1.000000,0.102978,0.033741,1.000000,0.020756,-0.109721,0.439139
14.502000,5.901000,14.276232,0.133294,0.017951,0.000384,628.270606,663.255409,657.423454,634.960456,-1.755016,-0.084379,-0.021739,0.000384,1.316248,0.217673,0.039690,0.000000,14.276232,0.133294,0.017951,0.000384,1.000000,0.100241,0.031560,1.000000,0.019842,-0.108837,0.438749
14.522000,5.921000,14.266757,0.118634,-0.010741,0.000206,634.843052,656.677492,660.498948,631.184467,-1.763327,-0.097263,-0.048647,0.000206,1.315084,0.215897,0.037906,0.000000,14.266757,0.118634,-0.010741,0.000206,1.000000,0.099869,0.032276,1.000000,0.018949,-0.107949,0.438361
14.543000,5.942000,14.243139,0.109074,-0.021543,-0.000068,637.356604,653.386188,660.711403,629.654198,-1.785780,-0.105040,-0.057699,-0.000068,1.313918,0.214114,0.036156,0.000000,14.243139,0.109074,-0.021543,-0.000068,1.000000,0.099368,0.033326,1.000000,0.018074,-0.107058,0.437973
14.565000,5.964000,14.221197,0.090830,-0.033252,-0.000222,640.958522,648.980248,660.242356,629.007927,-1.806553,-0.121494,-0.067691,-0.000222,1.312750,0.212324,0.034439,0.000000,14.221197,0.090830,-0.033252,-0.000222,1.000000,0.099249,0.034571,1.000000,0.017216,-0.106163,0.437583
14.591000,5.990000,14.204176,0.032790,-0.030335,-0.000223,646.963238,647.158705,665.784991,627.837142,-1.822401,-0.177739,-0.063089,-0.000223,1.311577,0.210528,0.032754,0.000000,14.204176,0.032790,-0.030335,-0.000223,1.000000,0.101877,0.036769,1.000000,0.016374,-0.105265,0.437192
14.608000,6.007000,14.317375,0.088587,-0.054274,0.000038,646.963238,647.158705,665.784991,627.837142,-1.707866,-0.120139,-0.084975,0.000038,1.310241,0.208727,0.030702,0.000000,14.317375,0.088587,-0.054274,0.000038,1.000000,0.114378,0.031333,1.000000,0.015348,-0.104364,0.436747
14.628000,6.027000,14.107790,0.071074,-0.052410,0.000276,643.693440,640.736900,659.084950,625.323905,-1.916229,-0.135845,-0.081421,0.000276,1.309019,0.206919,0.029011,0.000000,14.107790,0.071074,-0.052410,0.000276,1.000000,0.098156,0.039228,1.000000,0.014502,-0.103460,0.436340
14.640000,6.039000,14.069301,0.108312,-0.025779,-0.000313,634.280999,648.764857,657.410563,624.827009,-1.953495,-0.096793,-0.053147,-0.000313,1.307797,0.205105,0.027369,0.000000,14.069301,0.108312,-0.025779,-0.000313,1.000000,0.094598,0.039381,1.000000,0.013681,-0.102553,0.435932
14.666000,6.065000,14.052864,0.100534,-0.010010,-0.000429,631.998075,650.337166,653.470418,628.091757,-1.968777,-0.102756,-0.035913,-0.000429,1.306641,0.203290,0.025903,0.000000,14.052864,0.100534,-0.010010,-0.000429,1.000000,0.087910,0.039946,1.000000,0.012949,-0.101645,0.435547
14.681000,6.080000,14.102427,0.065461,-0.021693,-0.000394,639.035973,645.644924,652.865642,631.048889,-1.917946,-0.136006,-0.045893,-0.000394,1.305372,0.201468,0.024200,0.000000,14.102427,0.065461,-0.021693,-0.000394,1.000000,0.098003,0.038846,1.000000,0.012098,-0.100734,0.435124
14.705000,6.104000,14.120448,0.084406,-0.001319,-0.000221,633.712906,651.550155,651.840323,633.074444,-1.898650,-0.115235,-0.023830,-0.000221,1.304098,0.199641,0.022511,0.000000,14.120448,0.084406,-0.001319,-0.000221,1.000000,0.096480,0.037433,1.000000,0.011254,-0.099821,0.434699
14.724000,6.123000,14.179773,0.097709,0.055943,-0.000166,623.351859,664.047427,644.691385,643.097940,-1.838084,-0.100103,0.035015,-0.000166,1.302857,0.197812,0.020928,0.000000,14.179773,0.097709,0.055943,-0.000166,1.000000,0.091940,0.034910,1.000000,0.010463,-0.098906,0.434286
14.745000,6.144000,14.206484,0.146602,0.046016,0.000001,620.238124,668.004535,652.325063,636.710046,-1.810152,-0.049378,0.026661,0.000001,1.301636,0.195980,0.019355,0.000000,14.206484,0.146602,0.046016,0.000001,1.000000,0.089444,0.033081,1.000000,0.009677,-0.097990,0.433879
14.767000,6.166000,14.070360,0.070075,0.022542,0.000193,629.732739,652.850391,645.181830,637.881594,-1.945059,-0.124069,0.004558,0.000193,1.300419,0.194144,0.017984,0.000000,14.070360,0.070075,0.022542,0.000193,1.000000,0.086393,0.039374,1.000000,0.008992,-0.097072,0.433473
14.786000,6.185000,14.043963,0.163178,0.111813,0.000295,602.242606,677.080078,639.076011,642.876291,-1.970296,-0.029131,0.094864,0.000295,1.299260,0.192309,0.016949,0.000000,14.043963,0.163178,0.111813,0.000295,1.000000,0.075913,0.039805,1.000000,0.008474,-0.096154,0.433087
14.803000,6.202000,14.270311,0.107926,0.035926,0.000824,627.563061,663.340476,651.659793,640.939113,-1.742762,-0.082546,0.020380,0.000824,1.298072,0.190472,0.015546,0.000000,14.270311,0.107926,0.035926,0.000824,1.000000,0.084556,0.031095,1.000000,0.007772,-0.095236,0.432691
14.825000,6.224000,14.264959,0.098280,0.034613,0.001922,628.337616,661.562622,651.126196,642.070681,-1.746926,-0.090356,0.020392,0.001922,1.296885,0.188636,0.014221,0.000000,14.264959,0.098280,0.034613,0.001922,1.000000,0.084074,0.031376,1.000000,0.007109,-0.094318,0.432295
14.845000,6.244000,14.241046,0.088952,0.027363,0.002107,630.042237,658.742142,650.910051,641.340593,-1.769660,-0.097848,0.014407,0.002107,1.295706,0.186800,0.012956,0.000000,14.241046,0.088952,0.027363,0.002107,1.000000,0.083906,0.032296,1.000000,0.006474,-0.093400,0.431902
14.862000,6.261000,14.204015,0.069801,-0.079707,0.002092,650.100138,637.269601,666.343319,623.544800,-1.805513,-0.115164,-0.091333,0.002092,1.294528,0.184965,0.011626,0.000000,14.204015,0.069801,-0.079707,0.002092,1.000000,0.085217,0.034760,1.000000,0.005807,-0.092483,0.431509
14.882000,6.281000,14.205169,0.072861,-0.054947,0.001849,645.585461,642.079857,662.412743,627.583850,-1.803188,-0.110271,-0.065280,0.001849,1.293357,0.183132,0.010333,0.000000,14.205169,0.072861,-0.054947,0.001849,1.000000,0.083343,0.034157,1.000000,0.005159,-0.091567,0.431119
14.902000,6.301000,14.196915,0.075944,-0.054990,0.001507,645.196371,642.354430,662.442176,626.902329,-1.810275,-0.105358,-0.064068,0.001507,1.292190,0.181302,0.009078,0.000000,14.196915,0.075944,-0.054990,0.001507,1.000000,0.081680,0.034292,1.000000,0.004530,-0.090651,0.430730
14.925000,6.324000,14.178746,0.086936,-0.026274,0.000914,638.773629,648.368338,658.098479,630.159920,-1.827276,-0.092539,-0.034151,0.000914,1.291022,0.179475,0.007877,0.000000,14.178746,0.086936,-0.026274,0.000914,1.000000,0.078909,0.034362,1.000000,0.003929,-0.089738,0.430341
14.942000,6.341000,14.184908,0.090567,-0.011782,0.000451,636.129719,651.585720,655.975919,632.297264,-1.819949,-0.087083,-0.018472,0.000451,1.289857,0.177650,0.006690,0.000000,14.184908,0.090567,-0.011782,0.000451,1.000000,0.077872,0.033915,1.000000,0.003336,-0.088826,0.429952
14.969000,6.368000,13.928735,0.102051,0.068564,-0.000069,614.603181,661.068725,637.256596,639.153753,-2.074879,-0.073777,0.062533,-0.000069,1.288614,0.175829,0.006032,0.000000,13.928735,0.102051,0.068564,-0.000069,1.000000,0.072020,0.043987,1.000000,0.003007,-0.087915,0.429538
14.986000,6.385000,14.164666,0.064098,0.023059,-0.000365,632.689726,654.629783,646.382166,640.558315,-1.837755,-0.109914,0.018094,-0.000365,1.287421,0.174012,0.004964,0.000000,14.164666,0.064098,0.023059,-0.000365,1.000000,0.076383,0.035014,1.000000,0.002474,-0.087006,0.429140
15.003000,6.402000,14.228461,0.127008,0.079871,-0.000429,616.968435,672.294300,644.691024,645.110626,-1.772780,-0.045190,0.075913,-0.000429,1.286241,0.172198,0.003958,0.000000,14.228461,0.127008,0.079871,-0.000429,1.000000,0.073195,0.032208,1.000000,0.001972,-0.086099,0.428747
15.023000,6.422000,14.260063,0.117015,-0.013347,-0.000171,635.465469,656.056714,660.491367,630.591011,-1.740025,-0.053375,-0.016222,-0.000171,1.285088,0.170389,0.002875,0.000000,14.260063,0.117015,-0.013347,-0.000171,1.000000,0.071427,0.030588,1.000000,0.001431,-0.085195,0.428363
15.043000,6.442000,13.997792,0.072400,0.006199,0.000364,630.645841,648.576249,646.697087,633.133592,-2.001029,-0.096186,0.004014,0.000364,1.283821,0.168587,0.002185,0.000000,13.997792,0.072400,0.006199,0.000364,1.000000,0.069354,0.040968,1.000000,0.001086,-0.084293,0.427940
15.064000,6.463000,14.043263,0.131519,-0.016492,0.000649,629.113223,651.892555,658.039936,623.695261,-1.954305,-0.035270,-0.018041,0.000649,1.282567,0.166789,0.001548,0.000000,14.043263,0.131519,-0.016492,0.000649,1.000000,0.065694,0.038350,1.000000,0.000767,-0.083395,0.427522
15.082000,6.481000,14.332253,0.104372,-0.047396,0.000332,644.293689,650.264696,666.702869,627.785048,-1.664186,-0.060626,-0.047909,0.000332,1.281439,0.164998,0.000513,0.000000,14.332253,0.104372,-0.047396,0.000332,1.000000,0.068519,0.028292,1.000000,0.000250,-0.082499,0.427146
15.102000,6.501000,14.343736,0.100109,-0.031360,-0.000311,642.444545,653.086813,663.572589,631.128034,-1.651585,-0.063105,-0.030863,-0.000311,1.280321,0.163213,-0.000497,0.000000,14.343736,0.100109,-0.031360,-0.000311,1.000000,0.067585,0.027771,1.000000,-0.000255,-0.081607,0.426774
15.125000,6.524000,14.078313,0.089803,0.011176,-0.000467,630.009300,653.432156,649.222649,633.628001,-1.915751,-0.071633,0.012250,-0.000467,1.279064,0.161436,-0.001074,0.000000,14.078313,0.089803,0.011176,-0.000467,1.000000,0.064808,0.037229,1.000000,-0.000543,-0.080718,0.426355
15.142000,6.541000,14.245074,0.087497,0.056836,-0.000557,626.003005,664.715510,644.773116,645.684448,-1.747832,-0.072168,0.058736,-0.000557,1.277905,0.159664,-0.001900,0.000000,14.245074,0.087497,0.056836,-0.000557,1.000000,0.068210,0.031415,1.000000,-0.000955,-0.079832,0.425968
15.163000,6.562000,14.311162,0.085905,0.032295,-0.000844,632.208670,661.954362,650.254617,642.958576,-1.680621,-0.071997,0.035048,-0.000844,1.276784,0.157902,-0.002752,0.000000,14.311162,0.085905,0.032295,-0.000844,1.000000,0.065594,0.028886,1.000000,-0.001380,-0.078951,0.425595
15.187000,6.586000,14.324650,0.087081,0.008367,-0.000945,636.669901,658.339390,654.770805,638.898928,-1.666033,-0.069068,0.011980,-0.000945,1.275683,0.156149,-0.003612,0.000000,14.324650,0.087081,0.008367,-0.000945,1.000000,0.064051,0.028248,1.000000,-0.001809,-0.078074,0.425228
15.203000,6.602000,14.041543,0.047875,0.015284,-0.000664,633.121238,648.909832,643.086478,638.021859,-1.947838,-0.106530,0.019337,-0.000664,1.274381,0.154405,-0.004053,0.000000,14.041543,0.047875,0.015284,-0.000664,1.000000,0.065560,0.039113,1.000000,-0.002029,-0.077203,0.424794
15.222000,6.621000,14.261760,0.070111,0.029975,-0.000557,633.112599,658.688630,647.952129,643.253402,-1.726480,-0.082558,0.034760,-0.000557,1.273240,0.152669,-0.004785,0.000000,14.261760,0.070111,0.029975,-0.000557,1.000000,0.064497,0.030610,1.000000,-0.002394,-0.076334,0.424413
15.242000,6.641000,14.284085,0.090034,0.023760,-0.000407,632.485971,660.169561,651.718250,640.571354,-1.703010,-0.060908,0.029225,-0.000407,1.272094,0.150942,-0.005465,0.000000,14.284085,0.090034,0.023760,-0.000407,1.000000,0.062584,0.029459,1.000000,-0.002734,-0.075471,0.424031
15.267000,6.666000,14.040022,0.096768,0.033300,-0.000227,624.286217,657.022017,645.348594,635.998863,-1.945710,-0.052456,0.039005,-0.000227,1.270732,0.149224,-0.005705,0.000000,14.040022,0.096768,0.033300,-0.000227,1.000000,0.063557,0.038285,1.000000,-0.002853,-0.074612,0.423577
15.286000,6.685000,14.316307,0.108835,-0.003781,-0.000176,635.964402,658.080873,659.242274,634.490728,-1.668283,-0.038682,0.002527,-0.000176,1.269590,0.147517,-0.006308,0.000000,14.316307,0.108835,-0.003781,-0.000176,1.000000,0.060566,0.027982,1.000000,-0.003155,-0.073759,0.423197
15.302000,6.701000,14.306763,0.159725,0.037108,-0.000299,622.851122,670.178757,657.383242,635.883457,-1.676657,0.013907,0.043902,-0.000299,1.268420,0.145818,-0.006794,0.000000,14.306763,0.159725,0.037108,-0.000299,1.000000,0.060936,0.028324,1.000000,-0.003397,-0.072909,0.422807
15.327000,6.726000,14.503524,0.069295,-0.079134,-0.000405,657.639555,645.139457,671.873561,629.675813,-1.478908,-0.074846,-0.071592,-0.000405,1.267433,0.144140,-0.007542,0.000000,14.503524,0.069295,-0.079134,-0.000405,1.000000,0.062009,0.022944,1.000000,-0.003771,-0.072070,0.422478
15.348000,6.747000,14.306803,0.166685,0.016067,-0.000141,625.808014,667.305281,661.762374,631.448204,-1.674486,0.024219,0.024057,-0.000141,1.266289,0.142466,-0.007990,0.000000,14.306803,0.166685,0.016067,-0.000141,1.000000,0.058667,0.028156,1.000000,-0.003995,-0.071233,0.422096
15.367000,6.766000,14.011193,0.098938,0.016542,0.000975,625.939416,653.263605,648.275924,632.608185,-1.968666,-0.041865,0.024502,0.000975,1.264860,0.140803,-0.007961,0.000000,14.011193,0.098938,0.016542,0.000975,1.000000,0.068039,0.038992,1.000000,-0.003981,-0.070401,0.421620
15.385000,6.784000,14.493866,0.086264,-0.013630,0.003178,642.997336,656.652205,663.643010,640.633175,-1.484980,-0.052897,-0.005136,0.003178,1.263846,0.139161,-0.008494,0.000000,14.493866,0.086264,-0.013630,0.003178,1.000000,0.059100,0.022335,1.000000,-0.004250,-0.069580,0.421282
15.402000,6.801000,14.415253,0.069262,-0.019983,0.003037,644.211735,652.048933,661.149945,639.514425,-1.562491,-0.068267,-0.011125,0.003037,1.262744,0.137529,-0.008858,0.000000,14.415253,0.069262,-0.019983,0.003037,1.000000,0.058180,0.024893,1.000000,-0.004433,-0.068764,0.420915
15.423000,6.822000,14.329676,0.056932,0.002340,0.002831,639.763372,652.744560,654.050281,642.735947,-1.646925,-0.078977,0.011485,0.002831,1.261601,0.135909,-0.009144,0.000000,14.329676,0.056932,0.002340,0.002831,1.000000,0.060276,0.027761,1.000000,-0.004578,-0.067954,0.420534
15.445000,6.844000,14.351256,0.028403,-0.019959,0.001537,647.702233,646.821356,654.870883,641.900614,-1.624212,-0.105904,-0.010533,0.001537,1.260468,0.134307,-0.009426,0.000000,14.351256,0.028403,-0.019959,0.001537,1.000000,0.059760,0.027514,1.000000,-0.004720,-0.067153,0.420156
15.464000,6.863000,14.393714,0.057472,-0.019764,0.000711,645.795087,651.255068,658.572980,639.415471,-1.580651,-0.075250,-0.010053,0.000711,1.259365,0.132721,-0.009711,0.000000,14.393714,0.057472,-0.019764,0.000711,1.000000,0.054706,0.025561,1.000000,-0.004863,-0.066360,0.419788
15.488000,6.887000,14.504722,0.129203,-0.004824,-0.000161,638.241612,664.210006,665.723916,636.415678,-1.468676,-0.001956,0.005291,-0.000161,1.258398,0.131159,-0.010115,0.000000,14.504722,0.129203,-0.004824,-0.000161,1.000000,0.049223,0.021573,1.000000,-0.005065,-0.065579,0.419466
15.505000,6.904000,14.346245,0.117926,0.032409,-0.000303,629.268012,665.896622,654.630957,640.518484,-1.626018,-0.011676,0.042682,-0.000303,1.257263,0.129602,-0.010273,0.000000,14.346245,0.117926,0.032409,-0.000303,1.000000,0.052388,0.026635,1.000000,-0.005144,-0.064801,0.419088
15.524000,6.923000,14.374003,0.147130,0.010520,-0.000530,630.676149,665.949519,661.996386,634.010129,-1.597137,0.019066,0.020947,-0.000530,1.256140,0.128064,-0.010428,0.000000,14.374003,0.147130,0.010520,-0.000530,1.000000,0.049668,0.025589,1.000000,-0.005220,-0.064031,0.418713
15.547000,6.946000,14.445027,0.128061,0.024111,-0.000381,631.948042,667.751245,659.296861,640.183614,-1.525032,0.001519,0.034676,-0.000381,1.255059,0.126542,-0.010565,0.000000,14.445027,0.128061,0.024111,-0.000381,1.000000,0.048265,0.023378,1.000000,-0.005288,-0.063271,0.418353
15.565000,6.964000,14.560606,0.051409,-0.029341,-0.000320,652.234110,653.101694,662.895431,641.791425,-1.408448,-0.073632,-0.018582,-0.000320,1.254054,0.125041,-0.010759,0.000000,14.560606,0.051409,-0.029341,-0.000320,1.000000,0.048660,0.020414,1.000000,-0.005384,-0.062520,0.418018
15.585000,6.984000,14.663815,0.085975,-0.025340,-0.000387,650.188512,659.778572,668.080457,641.066795,-1.304420,-0.037594,-0.014200,-0.000387,1.253235,0.123569,-0.011140,0.000000,14.663815,0.085975,-0.025340,-0.000387,1.000000,0.043988,0.017177,1.000000,-0.005574,-0.061784,0.417745
15.607000,7.006000,14.156625,0.094727,0.065366,0.000105,621.337131,664.716240,642.293706,644.648660,-1.810160,-0.027372,0.076148,0.000105,1.251785,0.122100,-0.010782,0.000000,14.156625,0.094727,0.065366,0.000105,1.000000,0.058281,0.033422,1.000000,-0.005395,-0.061050,0.417262
15.626000,7.025000,14.352408,0.107033,0.063687,0.000797,624.602335,669.743322,648.598006,647.734154,-1.613238,-0.013613,0.074421,0.000797,1.250646,0.120646,-0.010733,0.000000,14.352408,0.107033,0.063687,0.000797,1.000000,0.050562,0.026598,1.000000,-0.005371,-0.060323,0.416882
15.642000,7.041000,14.514949,0.118262,0.039002,0.000980,631.495473,670.244020,657.749322,645.979187,-1.449621,-0.000953,0.049706,0.000980,1.249570,0.119214,-0.010704,0.000000,14.514949,0.118262,0.039002,0.000980,1.000000,0.045132,0.021261,1.000000,-0.005356,-0.059607,0.416523
15.664000,7.063000,14.563269,0.114052,0.022310,0.001012,636.023253,668.043662,661.234598,644.631818,-1.400231,-0.003751,0.032957,0.001012,1.248500,0.117803,-0.010647,0.000000,14.563269,0.114052,0.022310,0.001012,1.000000,0.043661,0.019717,1.000000,-0.005328,-0.058901,0.416167
15.687000,7.086000,14.614358,0.060346,-0.033803,0.000528,652.952487,654.156954,666.066485,641.601651,-1.348122,-0.056068,-0.023166,0.000528,1.247479,0.116414,-0.010637,0.000000,14.614358,0.060346,-0.033803,0.000528,1.000000,0.044550,0.018542,1.000000,-0.005323,-0.058207,0.415826
15.702000,7.101000,14.474871,0.117277,0.034688,0.000108,631.764621,668.873802,657.184195,644.079816,-1.486493,0.002238,0.045165,0.000108,1.246364,0.115039,-0.010478,0.000000,14.474871,0.117277,0.034688,0.000108,1.000000,0.046344,0.022301,1.000000,-0.005244,-0.057519,0.415455
15.723000,7.122000,14.569233,0.065997,-0.004745,0.000157,646.432879,658.874003,660.607795,644.898334,-1.391076,-0.047690,0.005585,0.000157,1.245309,0.113687,-0.010330,0.000000,14.569233,0.065997,-0.004745,0.000157,1.000000,0.045910,0.019581,1.000000,-0.005170,-0.056843,0.415103
15.741000,7.140000,14.498382,0.122664,0.024081,0.001093,633.240045,667.787982,660.433364,642.567402,-1.460782,0.010311,0.034154,0.001093,1.244164,0.112353,-0.010073,0.000000,14.498382,0.122664,0.024081,0.001093,1.000000,0.045551,0.021466,1.000000,-0.005041,-0.056176,0.414721
15.762000,7.161000,14.601780,0.073578,-0.015771,0.001454,647.803909,658.011972,664.449186,643.406409,-1.356323,-0.037466,-0.005894,0.001454,1.243103,0.111044,-0.009877,0.000000,14.601780,0.073578,-0.015771,0.001454,1.000000,0.044111,0.018540,1.000000,-0.004944,-0.055521,0.414368
15.784000,7.183000,14.558572,0.131416,0.025926,0.002213,632.929381,669.897987,662.763837,643.755342,-1.398424,0.021664,0.035511,0.002213,1.241995,0.109752,-0.009585,0.000000,14.558572,0.131416,0.025926,0.002213,1.000000,0.043811,0.019729,1.000000,-0.004799,-0.054875,0.413998
15.801000,7.200000,14.717004,0.138411,-0.021879,0.002582,644.081735,665.903938,675.121288,638.368876,-1.238989,0.029923,-0.012526,0.002582,1.240993,0.108487,-0.009353,0.000000,14.717004,0.138411,-0.021879,0.002582,1.000000,0.037863,0.015457,1.000000,-0.004683,-0.054243,0.413664
15.825000,7.224000,14.772017,0.056901,-0.053536,0.001945,659.710854,653.367580,672.958162,642.672496,-1.183014,-0.050348,-0.044389,0.001945,1.240031,0.107249,-0.009148,0.000000,14.772017,0.056901,-0.053536,0.001945,1.000000,0.040456,0.014446,1.000000,-0.004582,-0.053624,0.413344
15.845000,7.244000,14.771246,0.116471,-0.013728,0.001171,646.764488,666.717930,672.184031,642.860456,-1.182812,0.010439,-0.004862,0.001171,1.239058,0.106032,-0.008867,0.000000,14.771246,0.116471,-0.013728,0.001171,1.000000,0.036721,0.014004,1.000000,-0.004442,-0.053015,0.413019
15.863000,7.262000,14.581522,0.087270,0.040402,0.001211,636.102829,668.621572,655.787866,651.141403,-1.371415,-0.017563,0.048831,0.001211,1.237937,0.104833,-0.008428,0.000000,14.581522,0.087270,0.040402,0.001211,1.000000,0.044652,0.019077,1.000000,-0.004223,-0.052416,0.412646
15.883000,7.282000,14.664164,0.050552,0.030642,0.000971,643.788880,665.045286,655.320870,655.131289,-1.287760,-0.053107,0.038713,0.000971,1.236924,0.103659,-0.008071,0.000000,14.664164,0.050552,0.030642,0.000971,1.000000,0.043504,0.017015,1.000000,-0.004044,-0.051829,0.412308
15.904000,7.303000,14.603778,0.116913,0.088889,0.000820,624.838609,680.397545,650.959097,656.670419,-1.347051,0.014409,0.096482,0.000820,1.235829,0.102504,-0.007593,0.000000,14.603778,0.116913,0.088889,0.000820,1.000000,0.042974,0.019097,1.000000,-0.003805,-0.051251,0.411943
15.921000,7.320000,14.635233,0.101036,0.071137,-0.000096,630.851078,676.848642,652.705719,655.656590,-1.314513,-0.000336,0.078231,-0.000096,1.234746,0.101372,-0.007094,0.000000,14.635233,0.101036,0.071137,-0.000096,1.000000,0.042844,0.017891,1.000000,-0.003555,-0.050685,0.411582
15.941000,7.340000,14.800321,0.121627,0.019769,-0.000122,641.483782,674.000640,667.280989,648.287731,-1.148431,0.021359,0.026399,-0.000122,1.233751,0.100268,-0.006630,0.000000,14.800321,0.121627,0.019769,-0.000122,1.000000,0.036662,0.013304,1.000000,-0.003323,-0.050133,0.411250
15.963000,7.362000,14.862414,0.116072,-0.022392,-0.000180,650.847514,667.731010,675.102516,642.924690,-1.085377,0.016882,-0.016229,-0.000180,1.232791,0.099190,-0.006163,0.000000,14.862414,0.116072,-0.022392,-0.000180,1.000000,0.035413,0.011835,1.000000,-0.003089,-0.049594,0.410930
15.982000,7.381000,14.741732,0.109570,-0.003012,-0.000486,645.570388,667.791663,668.451207,644.151982,-1.204989,0.011437,0.002566,-0.000486,1.231721,0.098133,-0.005578,0.000000,14.741732,0.109570,-0.003012,-0.000486,1.000000,0.040487,0.014534,1.000000,-0.002796,-0.049066,0.410574
16.003000,7.402000,14.848260,0.099344,-0.041986,-0.000865,655.929477,662.618127,676.099259,640.711001,-1.097496,0.002241,-0.036946,-0.000865,1.230756,0.097103,-0.005040,0.000000,14.848260,0.099344,-0.041986,-0.000865,1.000000,0.037386,0.012182,1.000000,-0.002526,-0.048551,0.410252
16.022000,7.421000,15.008952,0.092234,-0.074296,-0.000916,665.751772,659.946825,684.152025,639.457075,-0.935950,-0.003870,-0.069728,-0.000916,1.229902,0.096104,-0.004568,0.000000,15.008952,0.092234,-0.074296,-0.000916,1.000000,0.032311,0.009248,1.000000,-0.002289,-0.048052,0.409967
16.042000,7.441000,14.836921,0.091234,-0.052942,-0.000916,658.429959,659.669073,676.823446,639.388325,-1.106677,-0.003872,-0.049247,-0.000916,1.228598,0.095106,-0.003695,0.000000,14.836921,0.091234,-0.052942,-0.000916,1.000000,0.044736,0.012491,1.000000,-0.001853,-0.047553,0.409533
16.064000,7.463000,15.381978,0.090905,-0.145752,-0.000010,685.546105,655.527621,703.763528,635.914764,-0.560717,-0.003249,-0.142627,-0.000010,1.227695,0.094154,-0.003124,0.000000,15.381978,0.090905,-0.145752,-0.000010,1.000000,0.032247,0.005179,1.000000,-0.001567,-0.047077,0.409232
16.086000,7.485000,15.264638,0.091855,-0.071464,0.000193,670.524837,665.601421,689.468326,646.249945,-0.677046,-0.001369,-0.069029,0.000193,1.226684,0.093225,-0.002435,0.000000,15.264638,0.091855,-0.071464,0.000193,1.000000,0.034095,0.005061,1.000000,-0.001222,-0.046612,0.408895
16.104000,7.503000,15.214739,0.099901,0.020413,0.000146,652.975784,680.719623,674.045361,660.078425,-0.726029,0.007579,0.022200,0.000146,1.225769,0.092322,-0.001787,0.000000,15.214739,0.099901,0.020413,0.000146,1.000000,0.035396,0.005326,1.000000,-0.000898,-0.046161,0.408590
16.124000,7.523000,15.029318,0.097090,0.097622,0.000083,635.615099,689.177615,656.601296,669.334980,-0.910476,0.005647,0.098700,0.000083,1.224793,0.091442,-0.001078,0.000000,15.029318,0.097090,0.097622,0.000083,1.000000,0.039354,0.009267,1.000000,-0.000543,-0.045721,0.408264
16.143000,7.542000,15.032059,0.107401,0.145914,-0.000087,625.992037,698.163873,649.383093,676.335988,-0.906801,0.016811,0.146292,-0.000087,1.223860,0.090590,-0.000378,0.000000,15.032059,0.107401,0.145914,-0.000087,1.000000,0.039973,0.010391,1.000000,-0.000193,-0.045295,0.407953
16.165000,7.564000,15.017724,0.105483,0.147646,-0.000231,625.612318,698.003816,648.502908,676.457411,-0.920210,0.015719,0.147318,-0.000231,1.222934,0.089764,0.000328,0.000000,15.017724,0.105483,0.147646,-0.000231,1.000000,0.037834,0.010663,1.000000,0.000161,-0.044882,0.407645
16.182000,7.581000,15.024270,0.054592,0.061879,-0.000256,646.510120,678.993946,657.983533,667.507331,-0.912720,-0.034376,0.060851,-0.000256,1.221991,0.088968,0.001028,0.000000,15.024270,0.054592,0.061879,-0.000256,1.000000,0.036799,0.008819,1.000000,0.000511,-0.044484,0.407330
16.203000,7.602000,14.947413,0.074846,0.084791,-0.000253,638.554167,683.197122,654.494041,667.572981,-0.988620,-0.013348,0.083037,-0.000253,1.221034,0.088194,0.001754,0.000000,14.947413,0.074846,0.084791,-0.000253,1.000000,0.035140,0.010481,1.000000,0.000874,-0.044097,0.407011
16.224000,7.623000,14.892065,0.122352,0.066369,0.000495,635.069944,683.541423,661.703254,658.526662,-1.043128,0.034901,0.063967,0.000495,1.220193,0.087451,0.002402,0.000000,14.892065,0.122352,0.066369,0.000495,1.000000,0.031005,0.011412,1.000000,0.001198,-0.043726,0.406731
16.248000,7.647000,14.902445,0.119384,0.032480,0.000575,641.574148,677.831153,667.384361,653.292548,-1.031719,0.032661,0.029248,0.000575,1.219163,0.086723,0.003233,0.000000,14.902445,0.119384,0.032480,0.000575,1.000000,0.035299,0.010837,1.000000,0.001614,-0.043362,0.406388
16.264000,7.663000,14.982171,0.075338,-0.028055,0.000002,658.761569,665.077048,674.500958,649.111701,-0.951153,-0.010695,-0.031938,0.000002,1.218324,0.086033,0.003883,0.000000,14.982171,0.075338,-0.028055,0.000002,1.000000,0.032988,0.009160,1.000000,0.001939,-0.043017,0.406108
16.281000,7.680000,14.847532,0.140297,0.020014,-0.000323,640.562560,677.063812,670.146302,647.309824,-1.084664,0.054945,0.015201,-0.000323,1.217196,0.085352,0.004813,0.000000,14.847532,0.140297,0.020014,-0.000323,1.000000,0.040122,0.012090,1.000000,0.002404,-0.042676,0.405732
16.304000,7.703000,14.821672,0.079161,-0.001655,-0.000376,650.366860,666.556781,666.840255,649.512036,-1.108973,-0.005536,-0.007782,-0.000376,1.215645,0.084697,0.006127,0.000000,14.821672,0.079161,-0.001655,-0.000376,1.000000,0.057997,0.012307,1.000000,0.003061,-0.042349,0.405215
16.322000,7.721000,14.989505,0.078084,-0.038475,0.000118,660.370386,663.717622,676.717299,647.219622,-0.940024,-0.005984,-0.045536,0.000118,1.214529,0.084068,0.007062,0.000000,14.989505,0.078084,-0.038475,0.000118,1.000000,0.040949,0.009047,1.000000,0.003529,-0.042034,0.404843
16.341000,7.740000,14.921796,0.125760,0.021125,0.000579,643.310126,677.017223,670.381971,651.089092,-1.006525,0.042301,0.013012,0.000579,1.213321,0.083458,0.008113,0.000000,14.921796,0.125760,0.021125,0.000579,1.000000,0.043819,0.010327,1.000000,0.004054,-0.041729,0.404440
16.362000,7.761000,15.034175,0.113991,-0.003850,0.001205,651.230398,673.840924,675.994705,650.802283,-0.892964,0.031115,-0.013024,0.001205,1.212139,0.082876,0.009173,0.000000,15.034175,0.113991,-0.003850,0.001205,1.000000,0.041717,0.008088,1.000000,0.004584,-0.041438,0.404046
16.385000,7.784000,15.106464,0.064838,-0.027020,0.001080,662.065170,666.469889,676.307795,653.625836,-0.819488,-0.017485,-0.037255,0.001080,1.210951,0.082323,0.010235,0.000000,15.106464,0.064838,-0.027020,0.001080,1.000000,0.042650,0.006885,1.000000,0.005114,-0.041162,0.403650
16.402000,7.801000,15.082899,0.125456,0.012256,0.001331,648.265224,678.706406,675.592513,653.497756,-0.841887,0.043664,0.000928,0.001331,1.209786,0.081792,0.011328,0.000000,15.082899,0.125456,0.012256,0.001331,1.000000,0.040576,0.007279,1.000000,0.005661,-0.040896,0.403262
16.425000,7.824000,15.208080,0.104686,-0.026839,0.001350,659.990075,672.760049,682.640223,651.788008,-0.715598,0.023396,-0.039231,0.001350,1.208678,0.081290,0.012392,0.000000,15.208080,0.104686,-0.026839,0.001350,1.000000,0.037484,0.005330,1.000000,0.006192,-0.040646,0.402893
16.443000,7.842000,15.237209,0.106211,-0.016404,0.001597,658.608015,675.197750,681.783446,654.171620,-0.685361,0.025395,-0.029889,0.001597,1.207569,0.080816,0.013486,0.000000,15.237209,0.106211,-0.016404,0.001597,1.000000,0.037329,0.004851,1.000000,0.006739,-0.040409,0.402523
16.462000,7.861000,15.047008,0.097078,0.046965,0.001500,644.409337,680.707305,666.103888,661.706964,-0.874358,0.016720,0.032279,0.001500,1.206366,0.080358,0.014686,0.000000,15.047008,0.097078,0.046965,0.001500,1.000000,0.045718,0.007777,1.000000,0.007338,-0.040180,0.402122
16.482000,7.881000,15.081394,0.092833,0.044171,0.000721,646.413691,680.842250,666.615034,662.137642,-0.838776,0.012907,0.028249,0.000721,1.205170,0.079926,0.015921,0.000000,15.081394,0.092833,0.044171,0.000721,1.000000,0.046356,0.007132,1.000000,0.007956,-0.039964,0.401723
16.502000,7.901000,15.174466,0.044011,-0.003654,-0.000228,662.246673,670.220096,671.279826,660.835792,-0.744540,-0.035513,-0.020777,-0.000228,1.204007,0.079523,0.017123,0.000000,15.174466,0.044011,-0.003654,-0.000228,1.000000,0.046407,0.005713,1.000000,0.008557,-0.039763,0.401336
16.522000,7.921000,15.170188,0.107493,0.030914,-0.000630,649.626703,682.562706,671.840078,659.780180,-0.747630,0.028349,0.012530,-0.000630,1.202818,0.079144,0.018385,0.000000,15.170188,0.107493,0.030914,-0.000630,1.000000,0.044070,0.005686,1.000000,0.009188,-0.039573,0.400939
16.542000,7.941000,15.182995,0.102779,0.025239,-0.000211,651.251357,681.263269,672.724324,659.755933,-0.733588,0.023992,0.005486,-0.000211,1.201583,0.078787,0.019753,0.000000,15.182995,0.102779,0.025239,-0.000211,1.000000,0.048761,0.005442,1.000000,0.009873,-0.039394,0.400528
16.564000,7.963000,15.327265,0.122067,-0.033444,0.000712,662.143670,676.278246,687.817589,651.214850,-0.588207,0.043607,-0.054473,0.000712,1.200472,0.078460,0.021029,0.000000,15.327265,0.122067,-0.033444,0.000712,1.000000,0.041002,0.003947,1.000000,0.010511,-0.039231,0.400157
16.584000,7.983000,15.269821,0.067954,-0.003972,0.000744,661.547359,674.351534,676.211720,660.744657,-0.644495,-0.010201,-0.026360,0.000744,1.199316,0.078154,0.022388,0.000000,15.269821,0.067954,-0.003972,0.000744,1.000000,0.048108,0.004234,1.000000,0.011190,-0.039078,0.399772
16.603000,8.002000,15.273857,0.138445,-0.025018,0.000349,657.924317,678.344914,686.839111,649.575684,-0.639671,0.060572,-0.048409,0.000349,1.198528,0.077872,0.023391,0.000000,15.273857,0.138445,-0.025018,0.000349,1.000000,0.032747,0.004693,1.000000,0.011691,-0.038937,0.399509
16.621000,8.020000,15.180833,0.107326,0.036116,-0.000180,648.822264,683.462003,671.339008,661.093188,-0.731468,0.029716,0.011236,-0.000180,1.197301,0.077611,0.024880,0.000000,15.180833,0.107326,0.036116,-0.000180,1.000000,0.053451,0.005451,1.000000,0.012436,-0.038807,0.399100
16.643000,8.042000,15.179897,0.121857,0.040092,-0.001082,646.872435,685.909383,671.847335,659.868883,-0.731155,0.044485,0.013660,-0.001082,1.196051,0.077372,0.026432,0.000000,15.179897,0.121857,0.040092,-0.001082,1.000000,0.056178,0.005563,1.000000,0.013213,-0.038687,0.398684
16.662000,8.061000,15.296738,0.062417,-0.005542,-0.001554,663.794634,674.971372,675.695814,660.768387,-0.613080,-0.014745,-0.033530,-0.001554,1.194818,0.077162,0.027987,0.000000,15.296738,0.062417,-0.005542,-0.001554,1.000000,0.056791,0.003893,1.000000,0.013991,-0.038582,0.398273
16.686000,8.085000,15.455139,0.120373,-0.014028,-0.001445,662.603232,682.880011,686.460280,656.751812,-0.453237,0.043393,-0.043891,-0.001445,1.193376,0.076980,0.029863,0.000000,15.455139,0.120373,-0.014028,-0.001445,1.000000,0.066390,0.002435,1.000000,0.014930,-0.038491,0.397792
16.702000,8.101000,15.329229,0.096375,0.005394,-0.000833,658.824251,680.703539,678.320530,660.048950,-0.577972,0.019557,-0.026055,-0.000833,1.192201,0.076818,0.031449,0.000000,15.329229,0.096375,0.005394,-0.000833,1.000000,0.054466,0.003447,1.000000,0.015723,-0.038409,0.397400
16.726000,8.125000,15.316272,0.112280,0.045431,-0.000023,649.671454,688.321349,673.293587,665.199916,-0.589403,0.035604,0.011925,-0.000023,1.190675,0.076676,0.033506,0.000000,15.316272,0.112280,0.045431,-0.000023,1.000000,0.079283,0.003615,1.000000,0.016752,-0.038339,0.396892
16.744000,8.143000,15.375122,0.063118,-0.027636,0.000100,668.595940,672.429726,681.683739,659.305437,-0.529404,-0.013445,-0.062760,0.000100,1.189526,0.076563,0.035124,0.000000,15.375122,0.063118,-0.027636,0.000100,1.000000,0.056871,0.003215,1.000000,0.017561,-0.038282,0.396509
16.762000,8.161000,15.430818,0.081277,-0.033410,0.000016,668.923178,674.583458,685.646141,657.603345,-0.472592,0.004801,-0.070154,0.000016,1.188410,0.076476,0.036744,0.000000,15.430818,0.081277,-0.033410,0.000016,1.000000,0.054134,0.002728,1.000000,0.018371,-0.038238,0.396137
16.787000,8.186000,15.408172,0.100734,0.041403,0.000844,653.354515,688.125901,675.064749,668.074093,-0.493942,0.024315,0.002718,0.000844,1.187114,0.076419,0.038685,0.000000,15.408172,0.100734,0.041403,0.000844,1.000000,0.069515,0.002500,1.000000,0.019341,-0.038210,0.395705
16.805000,8.204000,15.479143,0.153746,-0.020846,0.000887,659.961083,684.799054,692.238249,653.478919,-0.421892,0.077368,-0.061222,0.000887,1.186036,0.076378,0.040376,0.000000,15.479143,0.153746,-0.020846,0.000887,1.000000,0.053419,0.002753,1.000000,0.020187,-0.038190,0.395345
16.822000,8.221000,15.520164,0.100228,-0.045085,0.000705,670.625674,676.267050,691.598508,655.851338,-0.379830,0.023863,-0.087102,0.000705,1.184994,0.076365,0.042017,0.000000,15.520164,0.100228,-0.045085,0.000705,1.000000,0.052530,0.002258,1.000000,0.021007,-0.038183,0.394998
16.843000,8.242000,15.499543,0.106976,-0.000423,0.000158,662.119771,684.105233,684.356761,662.092478,-0.399411,0.030600,-0.044122,0.000158,1.183955,0.076375,0.043699,0.000000,15.499543,0.106976,-0.000423,0.000158,1.000000,0.054632,0.001884,1.000000,0.021848,-0.038189,0.394652
16.867000,8.266000,15.567198,0.159057,-0.006256,-0.000521,659.360160,690.120075,691.789474,656.835676,-0.330782,0.082644,-0.051619,-0.000521,1.182979,0.076413,0.045362,0.000000,15.567198,0.159057,-0.006256,-0.000521,1.000000,0.051110,0.002044,1.000000,0.022680,-0.038207,0.394326
16.884000,8.283000,15.554105,0.089568,-0.009701,-0.000577,666.971350,682.245740,685.026893,663.267545,-0.342910,0.013091,-0.056705,-0.000577,1.182014,0.076477,0.047004,0.000000,15.554105,0.089568,-0.009701,-0.000577,1.000000,0.054888,0.001515,1.000000,0.023501,-0.038239,0.394005
16.905000,8.304000,15.554968,0.154967,0.026420,-0.000629,653.962501,694.797898,685.743968,662.526149,-0.341103,0.078401,-0.022267,-0.000629,1.181072,0.076565,0.048687,0.000000,15.554968,0.154967,0.026420,-0.000629,1.000000,0.053305,0.001828,1.000000,0.024343,-0.038283,0.393691
16.927000,8.326000,15.512072,0.115222,0.053717,-0.000569,652.517312,694.309039,676.270881,670.367480,-0.383044,0.038546,0.003289,-0.000569,1.180116,0.076676,0.050428,0.000000,15.512072,0.115222,0.053717,-0.000569,1.000000,0.058384,0.001617,1.000000,0.025214,-0.038338,0.393372
16.946000,8.345000,15.608525,0.054872,0.043453,0.000018,662.601117,688.384088,674.047708,677.206438,-0.285407,-0.021944,-0.009097,0.000018,1.178932,0.076815,0.052551,0.000000,15.608525,0.054872,0.043453,0.000018,1.000000,0.082897,0.000871,1.000000,0.026275,-0.038408,0.392977
16.964000,8.363000,15.542330,0.114374,0.025975,0.000189,657.777222,690.075493,681.690350,666.739444,-0.350680,0.037394,-0.028318,0.000189,1.178009,0.076980,0.054293,0.000000,15.542330,0.114374,0.025975,0.000189,1.000000,0.057984,0.001450,1.000000,0.027146,-0.038490,0.392670
16.987000,8.386000,15.618814,0.097644,0.018661,-0.000097,662.582383,688.920710,682.730812,668.817492,-0.273075,0.020471,-0.037732,-0.000097,1.176890,0.077173,0.056393,0.000000,15.618814,0.097644,0.018661,-0.000097,1.000000,0.076834,0.000930,1.000000,0.028196,-0.038587,0.392297
17.007000,8.406000,15.429941,0.058502,-0.017852,-0.000601,668.872672,675.041086,680.534420,662.399467,-0.461139,-0.018902,-0.075781,-0.000601,1.176080,0.077405,0.057929,0.000000,15.429941,0.058502,-0.017852,-0.000601,1.000000,0.055412,0.002737,1.000000,0.028964,-0.038702,0.392027
17.022000,8.421000,15.508515,0.124574,0.031903,-0.000678,655.232935,691.673098,680.733030,665.600000,-0.381665,0.046929,-0.027820,-0.000678,1.175179,0.077645,0.059723,0.000000,15.508515,0.124574,0.031903,-0.000678,1.000000,0.059555,0.001754,1.000000,0.029862,-0.038823,0.391726
17.045000,8.444000,15.477284,0.100641,0.049360,-0.000424,653.991626,691.348600,674.790276,670.447250,-0.411961,0.022733,-0.012234,-0.000424,1.174245,0.077907,0.061594,0.000000,15.477284,0.100641,0.049360,-0.000424,1.000000,0.064634,0.001764,1.000000,0.030797,-0.038953,0.391415
17.060000,8.459000,15.541280,0.121718,0.019949,0.000696,657.827987,689.624431,683.582154,665.125128,-0.347069,0.043522,-0.043497,0.000696,1.173349,0.078196,0.063446,0.000000,15.541280,0.121718,0.019949,0.000696,1.000000,0.061769,0.001583,1.000000,0.031723,-0.039098,0.391116
17.087000,8.486000,15.576657,0.112984,0.001220,0.000745,662.705779,686.412006,686.541447,663.667298,-0.310817,0.034472,-0.064067,0.000745,1.172473,0.078512,0.065286,0.000000,15.576657,0.112984,0.001220,0.000745,1.000000,0.061451,0.001495,1.000000,0.032643,-0.039256,0.390824
17.106000,8.505000,15.550501,0.108480,-0.055080,0.000034,672.336644,676.363204,694.465318,653.672977,-0.336210,0.029610,-0.121960,0.000034,1.171711,0.078870,0.066879,0.000000,15.550501,0.108480,-0.055080,0.000034,1.000000,0.052412,0.002705,1.000000,0.033439,-0.039435,0.390570
17.124000,8.523000,15.590562,0.057375,-0.030553,0.000030,674.395616,676.048781,686.161121,664.147573,-0.295296,-0.021866,-0.099220,0.000030,1.170858,0.079241,0.068667,0.000000,15.590562,0.057375,-0.030553,0.000030,1.000000,0.064237,0.001904,1.000000,0.034333,-0.039621,0.390286
17.142000,8.541000,15.566675,0.121710,0.039288,-0.000349,655.450822,693.690956,680.581283,668.544932,-0.318318,0.042081,-0.031303,-0.000349,1.169993,0.079629,0.070591,0.000000,15.566675,0.121710,0.039288,-0.000349,1.000000,0.064978,0.001288,1.000000,0.035295,-0.039815,0.389998
17.161000,8.560000,15.615608,0.111820,0.011824,-0.000331,662.264476,689.255972,685.150256,666.026568,-0.268562,0.031776,-0.060650,-0.000331,1.169170,0.080044,0.072475,0.000000,15.615608,0.111820,0.011824,-0.000331,1.000000,0.063270,0.001190,1.000000,0.036237,-0.040022,0.389723
17.187000,8.586000,15.764982,0.070620,-0.000293,0.000137,671.720948,686.104698,686.297972,671.721812,-0.118269,-0.009869,-0.074984,0.000137,1.168251,0.080488,0.074691,0.000000,15.764982,0.070620,-0.000293,0.000137,1.000000,0.082864,0.000712,1.000000,0.037345,-0.040244,0.389417
17.202000,8.601000,15.575036,0.148010,0.058570,0.000454,649.220564,699.315261,680.538705,669.538760,-0.307400,0.067061,-0.018058,0.000454,1.167436,0.080949,0.076629,0.000000,15.575036,0.148010,0.058570,0.000454,1.000000,0.065169,0.001427,1.000000,0.038314,-0.040475,0.389145
17.222000,8.621000,15.561055,0.126231,0.007940,0.000649,659.856864,688.557143,686.419057,663.035146,-0.320579,0.044794,-0.070572,0.000649,1.166634,0.081436,0.078511,0.000000,15.561055,0.126231,0.007940,0.000649,1.000000,0.064451,0.001726,1.000000,0.039255,-0.040719,0.388878
17.245000,8.644000,15.582486,0.141939,0.051127,0.001334,651.012254,697.345673,681.606852,669.417581,-0.298362,0.059996,-0.029336,0.001334,1.165848,0.081943,0.080463,0.000000,15.582486,0.141939,0.051127,0.001334,1.000000,0.066312,0.001336,1.000000,0.040231,-0.040972,0.388616
17.262000,8.661000,15.599436,0.124422,0.027194,0.001489,657.315639,692.014317,684.178521,667.645601,-0.280640,0.041949,-0.055235,0.001489,1.165076,0.082472,0.082429,0.000000,15.599436,0.124422,0.027194,0.001489,1.000000,0.067702,0.001269,1.000000,0.041213,-0.041238,0.388359
17.285000,8.684000,15.647161,0.066210,-0.058769,0.000952,679.082702,673.133694,693.165429,660.030845,-0.232186,-0.016822,-0.143030,0.000952,1.164347,0.083032,0.084261,0.000000,15.647161,0.066210,-0.058769,0.000952,1.000000,0.067558,0.002613,1.000000,0.042129,-0.041518,0.388116
17.305000,8.704000,15.832039,0.119247,-0.012830,0.000956,669.953750,690.096866,694.937825,666.331527,-0.046560,0.035633,-0.099347,0.000956,1.163599,0.083614,0.086516,0.000000,15.832039,0.119247,-0.012830,0.000956,1.000000,0.082449,0.001136,1.000000,0.043256,-0.041809,0.387866
17.321000,8.720000,15.618118,0.096015,-0.045044,0.001186,673.020916,677.774458,693.397999,658.671221,-0.259780,0.011796,-0.133419,0.001186,1.162898,0.084219,0.088376,0.000000,15.618118,0.096015,-0.045044,0.001186,1.000000,0.066594,0.002469,1.000000,0.044185,-0.042112,0.387633
17.342000,8.741000,15.591035,0.055393,-0.057878,0.001117,678.779332,670.877991,690.801578,660.144159,-0.286174,-0.029457,-0.148033,0.001117,1.162209,0.084850,0.090155,0.000000,15.591035,0.055393,-0.057878,0.001117,1.000000,0.068816,0.003097,1.000000,0.045074,-0.042428,0.387403
17.363000,8.762000,15.579156,0.087507,0.036007,0.001039,659.422562,689.465437,678.361830,672.347150,-0.297363,0.002010,-0.056035,0.001039,1.161519,0.085497,0.092042,0.000000,15.579156,0.087507,0.036007,0.001039,1.000000,0.068804,0.001199,1.000000,0.046018,-0.042752,0.387173
17.381000,8.780000,15.601889,0.108482,0.001819,0.000952,663.560788,686.513984,686.594089,664.875672,-0.273959,0.022312,-0.092031,0.000952,1.160848,0.086170,0.093850,0.000000,15.601889,0.108482,0.001819,0.000952,1.000000,0.065727,0.001647,1.000000,0.046921,-0.043089,0.386949
17.401000,8.800000,15.600704,0.159519,0.076312,0.001194,645.213718,703.568503,679.587060,672.159850,-0.274478,0.072660,-0.019431,0.001194,1.160182,0.086859,0.095743,0.000000,15.600704,0.159519,0.076312,0.001194,1.000000,0.066502,0.001319,1.000000,0.047867,-0.043434,0.386727
17.420000,8.819000,15.612635,0.160318,0.083714,0.000695,644.286166,705.257907,678.529352,673.384780,-0.261898,0.072750,-0.013965,0.000695,1.159533,0.087568,0.097679,0.000000,15.612635,0.160318,0.083714,0.000695,1.000000,0.067426,0.001235,1.000000,0.048835,-0.043789,0.386511
17.442000,8.841000,15.622108,0.147750,0.022712,0.000996,656.288911,694.290251,687.598414,664.759330,-0.251794,0.059451,-0.076839,0.000996,1.158902,0.088300,0.099551,0.000000,15.622108,0.147750,0.022712,0.000996,1.000000,0.066017,0.001578,1.000000,0.049771,-0.044155,0.386301
17.466000,8.865000,15.626688,0.133465,0.002506,0.000993,661.351241,689.666446,689.550648,662.933630,-0.246594,0.044411,-0.098906,0.000993,1.158282,0.089054,0.101412,0.000000,15.626688,0.133465,0.002506,0.000993,1.000000,0.067202,0.001784,1.000000,0.050701,-0.044533,0.386094
17.482000,8.881000,15.561452,0.044077,-0.056149,0.000591,679.196167,669.547741,688.572689,660.773201,-0.311182,-0.045756,-0.159330,0.000591,1.157633,0.089833,0.103182,0.000000,15.561452,0.044077,-0.056149,0.000591,1.000000,0.074080,0.003716,1.000000,0.051586,-0.044922,0.385878
17.506000,8.905000,15.614747,0.115065,-0.012499,0.000817,665.624511,685.158685,689.827882,661.988415,-0.257286,0.024437,-0.117515,0.000817,1.157033,0.090629,0.105016,0.000000,15.614747,0.115065,-0.012499,0.000817,1.000000,0.067616,0.002103,1.000000,0.052503,-0.045321,0.385678
17.527000,8.926000,15.586019,0.101997,-0.053617,0.002148,672.806002,675.908982,695.032345,656.230284,-0.285401,0.010547,-0.160369,0.002148,1.156420,0.091449,0.106752,0.000000,15.586019,0.101997,-0.053617,0.002148,1.000000,0.067546,0.003398,1.000000,0.053370,-0.045731,0.385473
17.541000,8.940000,15.604045,0.112246,0.030779,0.002389,657.776571,691.136608,682.752529,669.960291,-0.266788,0.019963,-0.077812,0.002389,1.155833,0.092284,0.108590,0.000000,15.604045,0.112246,0.030779,0.002389,1.000000,0.067995,0.001358,1.000000,0.054289,-0.046150,0.385278
17.563000,8.962000,15.645469,0.122325,0.032292,0.002216,657.432642,693.335031,684.357633,670.005103,-0.224811,0.029187,-0.078181,0.002216,1.155280,0.093138,0.110473,0.000000,15.645469,0.122325,0.032292,0.002216,1.000000,0.069406,0.001202,1.000000,0.055229,-0.046578,0.385093
17.581000,8.980000,15.555073,0.121340,-0.008372,0.001180,662.827346,685.065309,688.644322,660.850536,-0.314615,0.027322,-0.120559,0.001180,1.154689,0.094018,0.112188,0.000000,15.555073,0.121340,-0.008372,0.001180,1.000000,0.066953,0.002518,1.000000,0.056086,-0.047019,0.384896
17.601000,9.000000,15.572835,0.118269,0.037773,0.000972,655.745964,692.742891,681.062308,669.287276,-0.296289,0.023353,-0.076176,0.000972,1.154124,0.094916,0.113949,0.000000,15.572835,0.118269,0.037773,0.000972,1.000000,0.067262,0.001513,1.000000,0.056966,-0.047468,0.384708
17.622000,9.021000,15.513184,0.061500,0.001976,0.000031,666.823579,680.198551,679.567372,667.512737,-0.355342,-0.034335,-0.113673,0.000031,1.153526,0.095835,0.115649,0.000000,15.513184,0.061500,0.001976,0.000031,1.000000,0.071453,0.002673,1.000000,0.057816,-0.047927,0.384509
17.645000,9.044000,15.605707,0.127337,0.086809,-0.000586,647.606025,702.811343,674.029240,676.667805,-0.262293,0.030570,-0.030675,-0.000586,1.153000,0.096767,0.117484,0.000000,15.605707,0.127337,0.086809,-0.000586,1.000000,0.067233,0.000876,1.000000,0.058734,-0.048393,0.384333
17.667000,9.066000,15.614320,0.105872,0.066468,-0.000565,653.606112,697.581237,675.399103,675.688629,-0.253174,0.008155,-0.052867,-0.000565,1.152494,0.097717,0.119335,0.000000,15.614320,0.105872,0.066468,-0.000565,1.000000,0.068371,0.000927,1.000000,0.059660,-0.048867,0.384165
17.682000,9.081000,15.560626,0.069818,-0.003140,0.000044,667.853181,681.218678,682.285894,666.826642,-0.306346,-0.028869,-0.124284,0.000044,1.151972,0.098687,0.121144,0.000000,15.560626,0.069818,-0.003140,0.000044,1.000000,0.072117,0.002566,1.000000,0.060565,-0.049352,0.383991
17.705000,9.104000,15.221265,0.149019,-0.027011,0.000946,655.763052,677.741165,687.319406,647.143218,-0.644956,0.049338,-0.149387,0.000946,1.151221,0.099680,0.122376,0.000000,15.221265,0.149019,-0.027011,0.000946,1.000000,0.052397,0.006635,1.000000,0.061181,-0.049849,0.383740
17.722000,9.121000,15.635184,0.125305,0.013272,0.001096,660.530613,690.739677,687.181242,665.837986,-0.230572,0.024625,-0.110954,0.001096,1.150756,0.100681,0.124226,0.000000,15.635184,0.125305,0.013272,0.001096,1.000000,0.068385,0.001823,1.000000,0.062106,-0.050349,0.383585
17.748000,9.147000,15.575565,0.153196,-0.042003,0.000957,665.711943,683.299407,697.659445,652.078922,-0.289677,0.051495,-0.167965,0.000957,1.150241,0.101700,0.125962,0.000000,15.575565,0.153196,-0.042003,0.000957,1.000000,0.065609,0.003926,1.000000,0.062974,-0.050859,0.383414
17.767000,9.166000,15.530043,0.084719,-0.071941,0.000392,677.033282,670.510443,694.502670,652.984525,-0.334682,-0.018021,-0.199576,0.000392,1.149726,0.102740,0.127635,0.000000,15.530043,0.084719,-0.071941,0.000392,1.000000,0.070044,0.005136,1.000000,0.063810,-0.051379,0.383242
17.781000,9.180000,15.528714,0.145301,-0.024303,-0.000683,663.084416,685.016277,692.471228,654.278964,-0.335513,0.041506,-0.153616,-0.000683,1.149227,0.103795,0.129313,0.000000,15.528714,0.145301,-0.024303,-0.000683,1.000000,0.065665,0.003658,1.000000,0.064649,-0.051906,0.383076
17.805000,9.204000,15.452517,0.115719,-0.043158,-0.000249,667.542138,677.079534,691.094068,652.649893,-0.411174,0.010851,-0.174064,-0.000249,1.148690,0.104868,0.130906,0.000000,15.452517,0.115719,-0.043158,-0.000249,1.000000,0.067969,0.004732,1.000000,0.065446,-0.052442,0.382897
17.826000,9.225000,15.673005,0.110469,0.006695,0.000282,664.326977,689.273065,687.284324,666.796125,-0.190388,0.004512,-0.126173,0.000282,1.148393,0.105958,0.132868,0.000000,15.673005,0.110469,0.006695,0.000282,1.000000,0.082378,0.001956,1.000000,0.066428,-0.052987,0.382798
17.842000,9.241000,15.466686,0.101779,0.040754,0.000347,654.839197,689.551923,676.375912,668.946171,-0.396216,-0.005280,-0.093744,0.000347,1.147902,0.107059,0.134498,0.000000,15.466686,0.101779,0.040754,0.000347,1.000000,0.068315,0.002451,1.000000,0.067243,-0.053537,0.382634
17.863000,9.262000,15.369848,0.094414,0.021545,-0.000085,656.909636,683.757080,676.570227,664.183995,-0.492523,-0.013764,-0.114508,-0.000085,1.147371,0.108178,0.136052,0.000000,15.369848,0.094414,0.021545,-0.000085,1.000000,0.069818,0.003756,1.000000,0.068020,-0.054097,0.382457
17.882000,9.281000,15.356618,0.047577,0.012459,-0.000420,663.223175,677.304369,672.849402,667.129329,-0.505212,-0.061736,-0.125117,-0.000420,1.146830,0.109312,0.137576,0.000000,15.356618,0.047577,0.012459,-0.000420,1.000000,0.072970,0.004499,1.000000,0.068782,-0.054663,0.382277
17.902000,9.301000,15.480924,0.116927,0.097878,-0.000749,644.034059,701.012161,668.319419,676.820783,-0.380447,0.006470,-0.041339,-0.000749,1.146371,0.110457,0.139217,0.000000,15.480924,0.116927,0.097878,-0.000749,1.000000,0.065366,0.001623,1.000000,0.069603,-0.055235,0.382124
17.922000,9.321000,15.478763,0.080359,0.057298,-0.000614,654.885450,690.698741,671.331987,673.836748,-0.382175,-0.031256,-0.083586,-0.000614,1.145937,0.111615,0.140884,0.000000,15.478763,0.080359,0.057298,-0.000614,1.000000,0.068754,0.002257,1.000000,0.070437,-0.055814,0.381979
17.941000,9.340000,15.383516,0.096097,-0.002986,0.000031,661.180782,680.132335,681.141454,660.186940,-0.476926,-0.016692,-0.145411,0.000031,1.145442,0.112788,0.142425,0.000000,15.383516,0.096097,-0.002986,0.000031,1.000000,0.066127,0.004417,1.000000,0.071208,-0.056400,0.381814
17.964000,9.363000,15.410266,0.173122,0.004846,0.001210,651.848434,689.382692,688.656688,654.420954,-0.449713,0.059151,-0.139147,0.001210,1.144979,0.113971,0.143994,0.000000,15.410266,0.173122,0.004846,0.001210,1.000000,0.063036,0.004309,1.000000,0.071992,-0.056992,0.381660
17.983000,9.382000,15.320712,0.158150,-0.053680,0.000805,661.609076,676.450761,694.638007,643.707733,-0.538751,0.042982,-0.199157,0.000805,1.144463,0.115168,0.145476,0.000000,15.320712,0.158150,-0.053680,0.000805,1.000000,0.064323,0.007054,1.000000,0.072733,-0.057591,0.381488
18.001000,9.400000,15.295097,0.144567,-0.049323,-0.000173,662.074785,675.592031,691.698716,644.967212,-0.563836,0.028189,-0.196249,-0.000173,1.143934,0.116378,0.146926,0.000000,15.295097,0.144567,-0.049323,-0.000173,1.000000,0.064595,0.007110,1.000000,0.073458,-0.058196,0.381311
18.024000,9.423000,15.433916,0.134286,0.024592,-0.000506,653.728536,689.819047,681.390212,661.764515,-0.424586,0.016689,-0.123898,-0.000506,1.143502,0.117597,0.148490,0.000000,15.433916,0.134286,0.024592,-0.000506,1.000000,0.062786,0.003366,1.000000,0.074240,-0.058805,0.381167
18.040000,9.439000,15.347259,0.050170,-0.005853,-0.000930,666.022910,674.514396,675.793260,663.359989,-0.510764,-0.068660,-0.155824,-0.000930,1.143023,0.118831,0.149971,0.000000,15.347259,0.050170,-0.005853,-0.000930,1.000000,0.070120,0.005508,1.000000,0.074981,-0.059421,0.381008
18.063000,9.462000,15.267017,0.056918,-0.021701,-0.001286,666.356311,670.954028,677.266147,658.037386,-0.590488,-0.063159,-0.173091,-0.001286,1.142506,0.120077,0.151390,0.000000,15.267017,0.056918,-0.021701,-0.001286,1.000000,0.069737,0.006882,1.000000,0.075692,-0.060043,0.380835
18.087000,9.486000,15.247940,0.115167,-0.000906,-0.001153,656.217334,679.958504,679.431351,655.049099,-0.609040,-0.006167,-0.153689,-0.001153,1.141980,0.121334,0.152783,0.000000,15.247940,0.115167,-0.000906,-0.001153,1.000000,0.064579,0.006075,1.000000,0.076389,-0.060670,0.380660
18.110000,9.509000,15.274800,0.128475,0.060479,-0.000386,644.506259,691.664372,671.425934,664.998002,-0.581580,0.005871,-0.093593,-0.000386,1.141380,0.122604,0.154072,0.000000,15.274800,0.128475,0.060479,-0.000386,1.000000,0.056008,0.004262,1.000000,0.077035,-0.061304,0.380460
18.123000,9.522000,15.358895,0.069857,0.050849,-0.000301,654.322461,685.919942,668.815856,671.358084,-0.497046,-0.054019,-0.104702,-0.000301,1.140941,0.123876,0.155551,0.000000,15.358895,0.069857,0.050849,-0.000301,1.000000,0.064745,0.003859,1.000000,0.077774,-0.061940,0.380314
18.148000,9.547000,15.350960,0.108170,0.040859,0.000386,651.535523,687.743535,674.525459,665.776135,-0.504578,-0.016988,-0.116192,0.000386,1.140538,0.125158,0.157051,0.000000,15.350960,0.108170,0.040859,0.000386,1.000000,0.063191,0.003925,1.000000,0.078524,-0.062581,0.380179
18.162000,9.561000,15.414753,0.161518,0.090238,0.000543,638.556117,702.363396,673.233871,669.986910,-0.440440,0.035072,-0.068350,0.000543,1.140193,0.126446,0.158588,0.000000,15.414753,0.161518,0.090238,0.000543,1.000000,0.059548,0.002530,1.000000,0.079292,-0.063225,0.380064
18.181000,9.580000,15.270056,0.111728,0.004691,0.000133,655.660534,680.524478,679.067576,657.366777,-0.584728,-0.016017,-0.155357,0.000133,1.139784,0.127745,0.160048,0.000000,15.270056,0.111728,0.004691,0.000133,1.000000,0.063263,0.005858,1.000000,0.080022,-0.063875,0.379928
18.205000,9.604000,14.938687,0.181397,-0.037519,0.000915,647.788746,673.223460,686.296486,635.328321,-0.915155,0.052342,-0.198448,0.000915,1.138841,0.129054,0.160928,0.000000,14.938687,0.181397,-0.037519,0.000915,1.000000,0.050544,0.012587,1.000000,0.080462,-0.064530,0.379614
18.224000,9.623000,15.264513,0.149609,-0.033721,0.001036,657.780704,677.587615,689.424337,646.926095,-0.588936,0.019239,-0.196078,0.001036,1.138450,0.130369,0.162357,0.000000,15.264513,0.149609,-0.033721,0.001036,1.000000,0.061783,0.007350,1.000000,0.081176,-0.065188,0.379483
18.242000,9.641000,15.146080,0.129162,-0.099094,0.000471,668.601313,662.114782,695.297812,634.746276,-0.706884,-0.002533,-0.262769,0.000471,1.137963,0.131694,0.163675,0.000000,15.146080,0.129162,-0.099094,0.000471,1.000000,0.064740,0.011902,1.000000,0.081834,-0.065851,0.379321
18.264000,9.663000,15.209748,0.118012,-0.046983,0.000245,662.438283,671.225195,686.964824,646.471203,-0.642788,-0.015016,-0.212018,0.000245,1.137537,0.133027,0.165035,0.000000,15.209748,0.118012,-0.046983,0.000245,1.000000,0.063268,0.008649,1.000000,0.082514,-0.066518,0.379179
18.285000,9.684000,15.282242,0.090266,0.001931,0.000033,658.713491,678.167814,677.550516,659.396629,-0.569934,-0.044101,-0.164523,0.000033,1.137176,0.134367,0.166454,0.000000,15.282242,0.090266,0.001931,0.000033,1.000000,0.063930,0.006150,1.000000,0.083224,-0.067188,0.379059
18.306000,9.705000,14.995585,0.078559,-0.002059,-0.000616,654.483996,670.322247,670.565045,653.316290,-0.855799,-0.057158,-0.169488,-0.000616,1.136384,0.135717,0.167429,0.000000,14.995585,0.078559,-0.002059,-0.000616,1.000000,0.057511,0.010523,1.000000,0.083712,-0.067862,0.378795
18.322000,9.721000,15.048351,0.076326,-0.003546,-0.001614,656.506655,671.371016,671.387379,654.088959,-0.802548,-0.060751,-0.172231,-0.001614,1.135899,0.137077,0.168686,0.000000,15.048351,0.076326,-0.003546,-0.001614,1.000000,0.067539,0.009777,1.000000,0.084341,-0.068541,0.378633
18.342000,9.741000,15.210783,0.075881,0.065998,-0.001726,648.244474,686.388485,663.138396,669.501191,-0.639739,-0.062562,-0.104037,-0.001726,1.135522,0.138443,0.170035,0.000000,15.210783,0.075881,0.065998,-0.001726,1.000000,0.063312,0.005567,1.000000,0.085017,-0.069222,0.378507
18.365000,9.764000,15.280997,0.102818,0.031918,-0.001728,652.832624,685.031367,673.218559,662.469894,-0.569500,-0.036998,-0.139769,-0.001728,1.135497,0.139817,0.171687,0.000000,15.280997,0.102818,0.031918,-0.001728,1.000000,0.074957,0.005334,1.000000,0.085844,-0.069908,0.378499
18.384000,9.783000,14.940734,0.101783,-0.002973,-0.001618,651.292199,671.764613,671.586339,649.050906,-0.909251,-0.039414,-0.175852,-0.001618,1.134985,0.141196,0.172880,0.000000,14.940734,0.101783,-0.002973,-0.001618,1.000000,0.064671,0.011515,1.000000,0.086441,-0.070597,0.378328
18.410000,9.809000,14.959444,0.124049,0.049369,-0.001395,640.117215,683.064266,665.585930,656.202554,-0.889770,-0.018530,-0.124449,-0.001395,1.134215,0.142579,0.173818,0.000000,14.959444,0.124049,0.049369,-0.001395,1.000000,0.050843,0.009500,1.000000,0.086911,-0.071287,0.378072
18.432000,9.831000,15.075849,0.081803,0.009957,-0.000872,650.728609,682.620763,671.897770,661.015025,-0.772961,-0.062162,-0.165128,-0.000872,1.133811,0.143965,0.175085,0.000000,15.075849,0.081803,0.009957,-0.000872,1.000000,0.061312,0.009088,1.000000,0.087545,-0.071979,0.377937
18.446000,9.845000,15.197719,0.102291,0.031136,-0.000529,650.728609,682.620763,671.897770,661.015025,-0.650817,-0.043063,-0.145311,-0.000529,1.133536,0.145354,0.176448,0.000000,15.197719,0.102291,0.031136,-0.000529,1.000000,0.059404,0.006533,1.000000,0.088227,-0.072673,0.377845
18.463000,9.862000,15.152436,0.154490,0.020193,0.000236,645.724945,684.882120,678.386887,652.898270,-0.695818,0.007746,-0.157594,0.000236,1.133254,0.146745,0.177787,0.000000,15.152436,0.154490,0.020193,0.000236,1.000000,0.057375,0.007331,1.000000,0.088897,-0.073368,0.377751
18.482000,9.881000,14.987329,0.149528,-0.040380,0.000740,652.851886,670.567142,684.506735,639.351055,-0.860572,0.001391,-0.219419,0.000740,1.132901,0.148137,0.179040,0.000000,14.987329,0.149528,-0.040380,0.000740,1.000000,0.059816,0.012221,1.000000,0.089523,-0.074065,0.377634
18.503000,9.902000,14.799672,0.075597,-0.085332,0.000452,664.281313,651.085101,680.253027,635.072960,-1.047749,-0.073935,-0.265509,0.000452,1.132421,0.149532,0.180177,0.000000,14.799672,0.075597,-0.085332,0.000452,1.000000,0.066606,0.018574,1.000000,0.090091,-0.074763,0.377474
18.520000,9.919000,15.002549,0.158418,-0.009344,-0.000040,647.150101,677.291354,680.359219,643.863429,-0.844533,0.007490,-0.190763,-0.000040,1.132083,0.150928,0.181419,0.000000,15.002549,0.158418,-0.009344,-0.000040,1.000000,0.057225,0.010777,1.000000,0.090712,-0.075461,0.377361
18.543000,9.942000,14.893667,0.075301,-0.029797,-0.000219,657.174369,662.913778,672.790886,646.728894,-0.953000,-0.077026,-0.212378,-0.000219,1.131667,0.152327,0.182580,0.000000,14.893667,0.075301,-0.029797,-0.000219,1.000000,0.063188,0.014186,1.000000,0.091293,-0.076160,0.377222
18.563000,9.962000,14.891481,0.129427,-0.016312,0.001060,648.574828,670.305176,676.521393,643.695187,-0.954782,-0.024298,-0.200038,0.001060,1.131263,0.153724,0.183726,0.000000,14.891481,0.129427,-0.016312,0.001060,1.000000,0.059145,0.013177,1.000000,0.091865,-0.076860,0.377088
18.583000,9.982000,14.939883,0.098308,0.019089,0.001231,646.803826,673.993464,668.490098,654.326792,-0.906017,-0.056813,-0.165813,0.001231,1.130900,0.155122,0.184901,0.000000,14.939883,0.098308,0.019089,0.001231,1.000000,0.059110,0.011281,1.000000,0.092451,-0.077560,0.376967
18.605000,10.004000,14.858421,0.111118,0.001075,0.001437,646.641938,670.456140,671.139620,648.097235,-0.987074,-0.045401,-0.184940,0.001437,1.130494,0.156519,0.186015,0.000000,14.858421,0.111118,0.001075,0.001437,1.000000,0.059343,0.013370,1.000000,0.093007,-0.078260,0.376831
