t,t_rel,x,y,z,phi,theta,psi,vx,vy,vz,p,q,r,ref_x,ref_y,ref_z,ref_phi,ref_theta,ref_psi,ref_vx,ref_vy,ref_vz,ref_p,ref_q,ref_r,err_x,err_y,err_z,err_phi,err_theta,err_psi,err_vx,err_vy,err_vz,err_3d,err_vel_3d
6.951000,0.000000,-0.073786,-0.014297,1.048992,-0.019864,0.000750,0.001641,0.023689,0.113832,0.030618,-0.014366,0.062272,-0.000042,0.000000,0.000000,1.000000,0.000000,0.000000,0.000000,0.000074,0.000074,0.000000,0.000000,0.000000,0.000000,-0.073786,-0.014297,0.048992,-0.019864,0.000750,0.001641,0.023614,0.113758,0.030618,0.089717,0.120149
6.960000,0.009000,-0.073458,-0.013565,1.049161,-0.019932,0.000713,0.001651,0.024055,0.114603,0.030613,-0.008559,0.048339,-0.000216,0.000000,0.000000,1.000000,0.000000,0.000000,0.000000,0.000074,0.000074,0.000000,0.000000,0.000000,0.000000,-0.073458,-0.013565,0.049161,-0.019932,0.000713,0.001651,0.023981,0.114528,0.030613,0.089425,0.120950
6.970000,0.019000,-0.073148,-0.012970,1.049290,-0.020029,0.001194,0.001643,0.024336,0.114851,0.030542,-0.019261,0.119500,-0.001185,0.000000,0.000000,1.000000,0.000000,0.000000,0.000000,0.000074,0.000074,0.000000,0.000000,0.000000,0.000000,-0.073149,-0.012971,0.049290,-0.020029,0.001194,0.001643,0.024262,0.114776,0.030542,0.089154,0.121223
6.980000,0.029000,-0.072852,-0.012432,1.049405,-0.019863,0.000253,0.001663,0.024528,0.114884,0.030430,-0.007387,0.054614,-0.000645,0.000004,0.000004,1.000000,0.000000,0.000000,0.000000,0.000297,0.000297,0.000000,0.000000,0.000000,0.000000,-0.072856,-0.012436,0.049405,-0.019863,0.000253,0.001663,0.024231,0.114587,0.030430,0.088901,0.121010
6.990000,0.039000,-0.072606,-0.011283,1.049709,-0.019936,0.000799,0.001645,0.024550,0.116840,0.030826,-0.014317,0.105743,-0.001325,0.000004,0.000004,1.000000,0.000000,0.000000,0.000000,0.000297,0.000297,0.000000,0.000000,0.000000,0.000000,-0.072610,-0.011287,0.049709,-0.019936,0.000799,0.001645,0.024253,0.116544,0.030826,0.088717,0.122967
7.000000,0.049000,-0.072467,-0.011628,1.049587,-0.019519,-0.000092,0.001662,0.024139,0.113642,0.029972,-0.001536,0.034248,-0.000556,0.000013,0.000013,1.000000,0.000000,0.000000,0.000000,0.000669,0.000665,0.000000,0.000000,0.000000,0.000000,-0.072481,-0.011641,0.049587,-0.019519,-0.000092,0.001662,0.023471,0.112977,0.029972,0.088588,0.119218
7.010000,0.059000,-0.072141,-0.011395,1.049607,-0.019502,-0.000494,0.001678,0.024352,0.112896,0.029432,0.002074,0.026825,-0.000596,0.000013,0.000013,1.000000,0.000000,0.000000,0.000000,0.000669,0.000665,0.000000,0.000000,0.000000,0.000000,-0.072154,-0.011409,0.049607,-0.019502,-0.000494,0.001678,0.023683,0.112231,0.029432,0.088302,0.118418
7.020000,0.069000,-0.071897,-0.010266,1.049901,-0.019481,-0.000226,0.001667,0.024300,0.114815,0.029707,-0.005185,0.083522,-0.001243,0.000032,0.000032,1.000000,0.000000,0.000000,0.000000,0.001187,0.001177,0.000000,0.000000,0.000000,0.000000,-0.071929,-0.010298,0.049901,-0.019481,-0.000226,0.001667,0.023113,0.113638,0.029707,0.088147,0.119709
7.030000,0.079000,-0.071571,-0.010371,1.049819,-0.019220,-0.001399,0.001691,0.024427,0.112790,0.029063,-0.004816,0.040313,-0.000924,0.000032,0.000032,1.000000,0.000000,0.000000,0.000000,0.001187,0.001177,0.000000,0.000000,0.000000,0.000000,-0.071603,-0.010403,0.049819,-0.019220,-0.001399,0.001691,0.023240,0.111613,0.029063,0.087847,0.117653
7.040000,0.089000,-0.071327,-0.009243,1.050109,-0.019268,-0.000996,0.001674,0.024286,0.114684,0.029526,-0.024087,0.126336,-0.001775,0.000064,0.000063,1.000000,0.000000,0.000000,0.000000,0.001888,0.001863,0.000000,0.000000,0.000000,0.000000,-0.071390,-0.009306,0.050109,-0.019268,-0.000996,0.001674,0.022397,0.112821,0.029526,0.087716,0.118752
7.050000,0.099000,-0.071110,-0.009287,1.050061,-0.018770,-0.002367,0.001696,0.023960,0.112562,0.028986,-0.004036,0.041482,-0.000848,0.000064,0.000063,1.000000,0.000000,0.000000,0.000000,0.001888,0.001863,0.000000,0.000000,0.000000,0.000000,-0.071174,-0.009350,0.050061,-0.018770,-0.002367,0.001696,0.022072,0.110699,0.028986,0.087517,0.116540
7.060000,0.109000,-0.070859,-0.008930,1.050123,-0.018616,-0.002816,0.001709,0.023724,0.111934,0.028785,-0.007720,0.050155,-0.000698,0.000107,0.000105,1.000000,0.000000,0.000000,0.000000,0.002660,0.002610,0.000000,0.000000,0.000000,0.000000,-0.070966,-0.009036,0.050123,-0.018616,-0.002816,0.001709,0.021064,0.109325,0.028785,0.087351,0.114996
7.070000,0.119000,-0.070597,-0.008490,1.050209,-0.018548,-0.003092,0.001721,0.023503,0.111614,0.028631,-0.014448,0.064282,-0.000597,0.000107,0.000105,1.000000,0.000000,0.000000,0.000000,0.002660,0.002610,0.000000,0.000000,0.000000,0.000000,-0.070704,-0.008595,0.050209,-0.018548,-0.003092,0.001721,0.020843,0.109004,0.028631,0.087143,0.114613
7.080000,0.129000,-0.070223,-0.008060,1.050273,-0.018715,-0.003184,0.001737,0.023648,0.111559,0.028416,-0.020607,0.080112,-0.000433,0.000169,0.000167,1.000000,0.000000,0.000000,0.000000,0.003611,0.003518,0.000000,0.000000,0.000000,0.000000,-0.070392,-0.008227,0.050273,-0.018715,-0.003184,0.001737,0.020037,0.108040,0.028416,0.086891,0.113498
7.090000,0.139000,-0.069874,-0.007279,1.050440,-0.018906,-0.003029,0.001746,0.023722,0.112484,0.028495,-0.027820,0.099390,-0.000199,0.000169,0.000167,1.000000,0.000000,0.000000,0.000000,0.003611,0.003518,0.000000,0.000000,0.000000,0.000000,-0.070043,-0.007445,0.050440,-0.018906,-0.003029,0.001746,0.020111,0.108966,0.028495,0.086636,0.114411
7.100000,0.149000,-0.069558,-0.006676,1.050556,-0.019154,-0.002564,0.001750,0.023698,0.112746,0.028421,-0.038412,0.127923,-0.000069,0.000252,0.000247,1.000000,0.000000,0.000000,0.000000,0.004703,0.004545,0.000000,0.000000,0.000000,0.000000,-0.069810,-0.006923,0.050556,-0.019154,-0.002564,0.001750,0.018995,0.108201,0.028421,0.086471,0.113472
7.113000,0.162000,-0.069321,-0.005549,1.050841,-0.019428,-0.001981,0.001748,0.023436,0.114631,0.028808,-0.037023,0.133402,-0.000054,0.000358,0.000349,1.000000,0.000000,0.000000,0.000000,0.005932,0.005680,0.000000,0.000000,0.000000,0.000000,-0.069679,-0.005898,0.050841,-0.019428,-0.001981,0.001748,0.017504,0.108951,0.028808,0.086456,0.114047
7.120000,0.169000,-0.069088,-0.006011,1.050644,-0.019629,-0.001303,0.001752,0.023197,0.111356,0.027787,-0.039381,0.144222,-0.000012,0.000358,0.000349,1.000000,0.000000,0.000000,0.000000,0.005932,0.005680,0.000000,0.000000,0.000000,0.000000,-0.069447,-0.006361,0.050644,-0.019629,-0.001303,0.001752,0.017265,0.105676,0.027787,0.086187,0.110624
7.130000,0.179000,-0.068856,-0.004898,1.050922,-0.020023,0.000139,0.001724,0.023065,0.113287,0.028051,-0.041070,0.201325,-0.001022,0.000358,0.000349,1.000000,0.000000,0.000000,0.000000,0.005932,0.005680,0.000000,0.000000,0.000000,0.000000,-0.069215,-0.005247,0.050922,-0.020023,0.000139,0.001724,0.017134,0.107607,0.028051,0.086089,0.112515
7.141000,0.190000,-0.068575,-0.005120,1.050769,-0.020224,0.000244,0.001737,0.023154,0.110975,0.027052,-0.031056,0.137104,-0.000045,0.000490,0.000475,1.000000,0.000000,0.000000,0.000000,0.007295,0.006913,0.000000,0.000000,0.000000,0.000000,-0.069065,-0.005595,0.050769,-0.020224,0.000244,0.001737,0.015859,0.104062,0.027052,0.085900,0.108685
7.150000,0.199000,-0.068343,-0.004010,1.051040,-0.020452,0.000994,0.001730,0.023170,0.112966,0.027387,-0.024411,0.111454,0.000000,0.000490,0.000475,1.000000,0.000000,0.000000,0.000000,0.007295,0.006913,0.000000,0.000000,0.000000,0.000000,-0.068834,-0.004485,0.051040,-0.020452,0.000994,0.001730,0.015875,0.106053,0.027387,0.085809,0.110676
7.160000,0.209000,-0.068044,-0.004203,1.050887,-0.020594,0.001577,0.001731,0.023471,0.110819,0.026481,-0.017814,0.095076,-0.000189,0.000651,0.000626,1.000000,0.000000,0.000000,0.000000,0.008791,0.008234,0.000000,0.000000,0.000000,0.000000,-0.068695,-0.004829,0.050887,-0.020594,0.001577,0.001731,0.014681,0.102585,0.026481,0.085626,0.106960
7.170000,0.219000,-0.067809,-0.003095,1.051152,-0.020772,0.002528,0.001709,0.023623,0.112848,0.026868,-0.025024,0.155972,-0.001218,0.000651,0.000626,1.000000,0.000000,0.000000,0.000000,0.008791,0.008234,0.000000,0.000000,0.000000,0.000000,-0.068460,-0.003721,0.051152,-0.020772,0.002528,0.001709,0.014832,0.104614,0.026868,0.085541,0.109023
7.180000,0.229000,-0.067599,-0.003167,1.051073,-0.020626,0.002320,0.001715,0.023686,0.110858,0.026244,-0.017303,0.105500,-0.000762,0.000843,0.000805,1.000000,0.000000,0.000000,0.000000,0.010414,0.009629,0.000000,0.000000,0.000000,0.000000,-0.068442,-0.003972,0.051073,-0.020626,0.002320,0.001715,0.013272,0.101229,0.026244,0.085490,0.105414
7.190000,0.239000,-0.067350,-0.002835,1.051108,-0.020596,0.002443,0.001713,0.023921,0.110393,0.026002,-0.010851,0.068993,-0.000830,0.000843,0.000805,1.000000,0.000000,0.000000,0.000000,0.010414,0.009629,0.000000,0.000000,0.000000,0.000000,-0.068193,-0.003639,0.051108,-0.020596,0.002443,0.001713,0.013508,0.100764,0.026002,0.085297,0.104938
7.203000,0.252000,-0.066975,-0.002465,1.051132,-0.020721,0.002491,0.001713,0.024607,0.110376,0.025733,-0.006122,0.051372,-0.001226,0.001068,0.001012,1.000000,0.000000,0.000000,0.000000,0.012161,0.011086,0.000000,0.000000,0.000000,0.000000,-0.068043,-0.003477,0.051132,-0.020721,0.002491,0.001713,0.012447,0.099290,0.025733,0.085185,0.103323
7.210000,0.259000,-0.066611,-0.001711,1.051271,-0.020740,0.002356,0.001711,0.025250,0.111444,0.025909,-0.013076,0.064926,-0.001572,0.001068,0.001012,1.000000,0.000000,0.000000,0.000000,0.012161,0.011086,0.000000,0.000000,0.000000,0.000000,-0.067680,-0.002723,0.051271,-0.020740,0.002356,0.001711,0.013089,0.100357,0.025909,0.084951,0.104471
7.220000,0.269000,-0.066359,-0.000597,1.051530,-0.020871,0.003005,0.001682,0.025479,0.113490,0.026436,-0.030750,0.139944,-0.002382,0.001330,0.001248,1.000000,0.000000,0.000000,0.000000,0.014027,0.012592,0.000000,0.000000,0.000000,0.000000,-0.067689,-0.001845,0.051530,-0.020871,0.003005,0.001682,0.011451,0.100898,0.026436,0.085091,0.104930
7.231000,0.280000,-0.066059,-0.000969,1.051379,-0.020591,0.001873,0.001695,0.025793,0.110702,0.025723,-0.012928,0.055348,-0.001416,0.001330,0.001248,1.000000,0.000000,0.000000,0.000000,0.014027,0.012592,0.000000,0.000000,0.000000,0.000000,-0.067389,-0.002217,0.051379,-0.020591,0.001873,0.001695,0.011766,0.098110,0.025723,0.084770,0.102106
7.240000,0.289000,-0.065703,-0.000286,1.051510,-0.020682,0.001692,0.001695,0.026300,0.111492,0.025846,-0.019144,0.061511,-0.001269,0.001630,0.001516,1.000000,0.000000,0.000000,0.000000,0.016009,0.014131,0.000000,0.000000,0.000000,0.000000,-0.067333,-0.001801,0.051510,-0.020682,0.001692,0.001695,0.010291,0.097361,0.025846,0.084796,0.101257
7.250000,0.299000,-0.065440,0.000829,1.051769,-0.020873,0.002307,0.001670,0.026464,0.113531,0.026330,-0.036096,0.142446,-0.001918,0.001630,0.001516,1.000000,0.000000,0.000000,0.000000,0.016009,0.014131,0.000000,0.000000,0.000000,0.000000,-0.067070,-0.000687,0.051769,-0.020873,0.002307,0.001670,0.010455,0.099400,0.026330,0.084728,0.103358
7.260000,0.309000,-0.065257,0.000551,1.051676,-0.020597,0.001355,0.001679,0.026285,0.110787,0.025778,-0.026537,0.074047,-0.001098,0.001971,0.001814,1.000000,0.000000,0.000000,0.000000,0.018101,0.015688,0.000000,0.000000,0.000000,0.000000,-0.067228,-0.001262,0.051676,-0.020597,0.001355,0.001679,0.008184,0.095099,0.025778,0.084803,0.098870
7.270000,0.319000,-0.065000,0.000835,1.051720,-0.020684,0.001276,0.001682,0.026366,0.110151,0.025478,-0.019440,0.054795,-0.000726,0.001971,0.001814,1.000000,0.000000,0.000000,0.000000,0.018101,0.015688,0.000000,0.000000,0.000000,0.000000,-0.066971,-0.000979,0.051720,-0.020684,0.001276,0.001682,0.008265,0.094463,0.025478,0.084623,0.098187
7.280000,0.329000,-0.064718,0.001231,1.051789,-0.020863,0.001336,0.001686,0.026537,0.109948,0.025257,-0.023859,0.062412,-0.000391,0.002355,0.002143,1.000000,0.000000,0.000000,0.000000,0.020299,0.017248,0.000000,0.000000,0.000000,0.000000,-0.067073,-0.000913,0.051789,-0.020863,0.001336,0.001686,0.006238,0.092700,0.025257,0.084745,0.096281
7.290000,0.339000,-0.064423,0.001659,1.051864,-0.021065,0.001408,0.001692,0.026755,0.109887,0.025165,-0.037128,0.096267,-0.000360,0.002355,0.002143,1.000000,0.000000,0.000000,0.000000,0.020299,0.017248,0.000000,0.000000,0.000000,0.000000,-0.066778,-0.000484,0.051864,-0.021065,0.001408,0.001692,0.006456,0.092639,0.025165,0.084555,0.096213
7.300000,0.349000,-0.064120,0.002100,1.051946,-0.021265,0.001460,0.001701,0.026999,0.109887,0.025090,-0.037839,0.097164,-0.000128,0.002784,0.002504,1.000000,0.000000,0.000000,0.000000,0.022596,0.018794,0.000000,0.000000,0.000000,0.000000,-0.066904,-0.000404,0.051946,-0.021265,0.001460,0.001701,0.004403,0.091093,0.025090,0.084703,0.094588
7.310000,0.359000,-0.063812,0.002545,1.052032,-0.021487,0.001573,0.001712,0.027259,0.109923,0.025033,-0.032103,0.089804,0.000008,0.002784,0.002504,1.000000,0.000000,0.000000,0.000000,0.022596,0.018794,0.000000,0.000000,0.000000,0.000000,-0.066596,0.000041,0.052032,-0.021487,0.001573,0.001712,0.004663,0.091128,0.025033,0.084512,0.094619
7.323000,0.372000,-0.063376,0.002947,1.052105,-0.021915,0.001830,0.001726,0.027985,0.110140,0.024939,-0.034677,0.099215,0.000316,0.003259,0.002895,1.000000,0.000000,0.000000,0.000000,0.024988,0.020311,0.000000,0.000000,0.000000,0.000000,-0.066636,0.000052,0.052105,-0.021915,0.001830,0.001726,0.002997,0.089830,0.024939,0.084589,0.093276
7.330000,0.379000,-0.062966,0.003699,1.052266,-0.022277,0.002260,0.001734,0.028635,0.111339,0.025074,-0.039738,0.118187,0.000270,0.003259,0.002895,1.000000,0.000000,0.000000,0.000000,0.024988,0.020311,0.000000,0.000000,0.000000,0.000000,-0.066225,0.000804,0.052266,-0.022277,0.002260,0.001734,0.003647,0.091028,0.025074,0.084369,0.094488
7.340000,0.389000,-0.062587,0.004276,1.052384,-0.022594,0.002740,0.001739,0.029187,0.111892,0.025077,-0.041122,0.127337,0.000234,0.003784,0.003316,1.000000,0.000000,0.000000,0.000000,0.027468,0.021780,0.000000,0.000000,0.000000,0.000000,-0.066370,0.000960,0.052384,-0.022594,0.002740,0.001739,0.001719,0.090112,0.025077,0.084558,0.093552
7.352000,0.401000,-0.062230,0.004780,1.052480,-0.022892,0.003281,0.001742,0.029682,0.112193,0.024957,-0.034533,0.123142,0.000090,0.003784,0.003316,1.000000,0.000000,0.000000,0.000000,0.027468,0.021780,0.000000,0.000000,0.000000,0.000000,-0.066014,0.001465,0.052480,-0.022892,0.003281,0.001742,0.002214,0.090413,0.024957,0.084345,0.093820
7.361000,0.410000,-0.061884,0.005256,1.052564,-0.023166,0.003852,0.001742,0.030175,0.112409,0.024804,-0.032599,0.125948,-0.000056,0.004449,0.003835,1.000000,0.000000,0.000000,0.000000,0.030422,0.023390,0.000000,0.000000,0.000000,0.000000,-0.066333,0.001420,0.052564,-0.023166,0.003852,0.001742,-0.000247,0.089019,0.024804,0.084647,0.092411
7.372000,0.421000,-0.061541,0.005719,1.052640,-0.023411,0.004429,0.001740,0.030695,0.112603,0.024594,-0.030905,0.124427,-0.000220,0.004449,0.003835,1.000000,0.000000,0.000000,0.000000,0.030422,0.023390,0.000000,0.000000,0.000000,0.000000,-0.065990,0.001884,0.052640,-0.023411,0.004429,0.001740,0.000274,0.089213,0.024594,0.084435,0.092541
7.383000,0.432000,-0.061196,0.006178,1.052708,-0.023626,0.004994,0.001735,0.031260,0.112797,0.024368,-0.028114,0.123234,-0.000469,0.004986,0.004243,1.000000,0.000000,0.000000,0.000000,0.032669,0.024511,0.000000,0.000000,0.000000,0.000000,-0.066181,0.001935,0.052708,-0.023626,0.004994,0.001735,-0.001409,0.088287,0.024368,0.084628,0.091599
7.390000,0.439000,-0.060883,0.007306,1.052952,-0.023907,0.006226,0.001701,0.031747,0.115124,0.024667,-0.034205,0.183963,-0.001441,0.004986,0.004243,1.000000,0.000000,0.000000,0.000000,0.032669,0.024511,0.000000,0.000000,0.000000,0.000000,-0.065868,0.003063,0.052952,-0.023907,0.006226,0.001701,-0.000922,0.090613,0.024667,0.084569,0.093915
7.400000,0.449000,-0.060725,0.006914,1.052823,-0.023769,0.006044,0.001703,0.031687,0.112228,0.023873,-0.025840,0.119536,-0.000675,0.005666,0.004745,1.000000,0.000000,0.000000,0.000000,0.035376,0.025738,0.000000,0.000000,0.000000,0.000000,-0.066390,0.002168,0.052823,-0.023769,0.006044,0.001703,-0.003689,0.086490,0.023873,0.084868,0.089800
7.410000,0.459000,-0.060438,0.007174,1.052836,-0.023868,0.006487,0.001694,0.032138,0.111778,0.023437,-0.018432,0.093300,-0.000604,0.005666,0.004745,1.000000,0.000000,0.000000,0.000000,0.035376,0.025738,0.000000,0.000000,0.000000,0.000000,-0.066104,0.002429,0.052836,-0.023868,0.006487,0.001694,-0.003238,0.086039,0.023437,0.084660,0.089233
7.422000,0.471000,-0.059977,0.007508,1.052821,-0.024105,0.006799,0.001690,0.033245,0.111922,0.022930,-0.011353,0.072810,-0.000824,0.006401,0.005271,1.000000,0.000000,0.000000,0.000000,0.038146,0.026851,0.000000,0.000000,0.000000,0.000000,-0.066378,0.002236,0.052821,-0.024105,0.006799,0.001690,-0.004900,0.085070,0.022930,0.084859,0.088243
7.431000,0.480000,-0.059504,0.008263,1.052918,-0.024196,0.006895,0.001686,0.034402,0.113279,0.022925,-0.015462,0.081074,-0.001279,0.006401,0.005271,1.000000,0.000000,0.000000,0.000000,0.038146,0.026851,0.000000,0.000000,0.000000,0.000000,-0.065905,0.002991,0.052918,-0.024196,0.006895,0.001686,-0.003744,0.086427,0.022925,0.084574,0.089494
7.441000,0.490000,-0.059059,0.008849,1.052978,-0.024215,0.006849,0.001684,0.035419,0.113981,0.022811,-0.014221,0.071973,-0.001347,0.007233,0.005846,1.000000,0.000000,0.000000,0.000000,0.041113,0.027879,0.000000,0.000000,0.000000,0.000000,-0.066293,0.003003,0.052978,-0.024215,0.006849,0.001684,-0.005695,0.086101,0.022811,0.084914,0.089254
7.450000,0.499000,-0.058705,0.009989,1.053206,-0.024357,0.007568,0.001653,0.036090,0.116368,0.023232,-0.026394,0.145347,-0.002027,0.007233,0.005846,1.000000,0.000000,0.000000,0.000000,0.041113,0.027879,0.000000,0.000000,0.000000,0.000000,-0.065938,0.004143,0.053206,-0.024357,0.007568,0.001653,-0.005024,0.088489,0.023232,0.084829,0.091625
7.460000,0.509000,-0.058488,0.009660,1.053077,-0.023990,0.006632,0.001662,0.036205,0.113691,0.022603,-0.013524,0.069706,-0.001124,0.008084,0.006412,1.000000,0.000000,0.000000,0.000000,0.043989,0.028707,0.000000,0.000000,0.000000,0.000000,-0.066572,0.003248,0.053077,-0.023990,0.006632,0.001662,-0.007784,0.084984,0.022603,0.085203,0.088283
7.470000,0.519000,-0.058014,0.009869,1.053043,-0.024117,0.006469,0.001669,0.037212,0.113339,0.022161,-0.007985,0.044505,-0.000660,0.008084,0.006412,1.000000,0.000000,0.000000,0.000000,0.043989,0.028707,0.000000,0.000000,0.000000,0.000000,-0.066098,0.003457,0.053043,-0.024117,0.006469,0.001669,-0.006777,0.084632,0.022161,0.084820,0.087748
7.480000,0.529000,-0.057501,0.010620,1.053144,-0.024222,0.006357,0.001676,0.038334,0.114635,0.022123,-0.008054,0.040409,-0.000350,0.008946,0.006964,1.000000,0.000000,0.000000,0.000000,0.046757,0.029342,0.000000,0.000000,0.000000,0.000000,-0.066447,0.003656,0.053144,-0.024222,0.006357,0.001676,-0.008424,0.085292,0.022123,0.085163,0.088517
7.493000,0.542000,-0.057018,0.011210,1.053211,-0.024265,0.006148,0.001687,0.039289,0.115306,0.022136,-0.019183,0.071169,-0.000493,0.009911,0.007556,1.000000,0.000000,0.000000,0.000000,0.049704,0.029838,0.000000,0.000000,0.000000,0.000000,-0.066929,0.003653,0.053211,-0.024265,0.006148,0.001687,-0.010415,0.085468,0.022136,0.085582,0.088900
7.500000,0.549000,-0.056557,0.011734,1.053271,-0.024312,0.005977,0.001699,0.040109,0.115723,0.022129,-0.022330,0.078091,-0.000280,0.009911,0.007556,1.000000,0.000000,0.000000,0.000000,0.049704,0.029838,0.000000,0.000000,0.000000,0.000000,-0.066468,0.004178,0.053271,-0.024312,0.005977,0.001699,-0.009595,0.085885,0.022129,0.085284,0.089207
7.510000,0.559000,-0.056156,0.012891,1.053493,-0.024535,0.006757,0.001677,0.040694,0.118119,0.022551,-0.032092,0.158755,-0.001157,0.009911,0.007556,1.000000,0.000000,0.000000,0.000000,0.049704,0.029838,0.000000,0.000000,0.000000,0.000000,-0.066067,0.005335,0.053493,-0.024535,0.006757,0.001677,-0.009010,0.088281,0.022551,0.085175,0.091561
7.520000,0.569000,-0.055821,0.012363,1.053332,-0.024402,0.005846,0.001704,0.040965,0.115003,0.021852,-0.020162,0.082831,0.000041,0.010934,0.008156,1.000000,0.000000,0.000000,0.000000,0.052676,0.030142,0.000000,0.000000,0.000000,0.000000,-0.066756,0.004206,0.053332,-0.024402,0.005846,0.001704,-0.011711,0.084861,0.021852,0.085547,0.088409
7.530000,0.579000,-0.055295,0.013064,1.053437,-0.024583,0.005998,0.001716,0.041941,0.116091,0.021821,-0.014002,0.068824,0.000468,0.010934,0.008156,1.000000,0.000000,0.000000,0.000000,0.052676,0.030142,0.000000,0.000000,0.000000,0.000000,-0.066229,0.004908,0.053437,-0.024583,0.005998,0.001716,-0.010735,0.085949,0.021821,0.085240,0.089323
7.540000,0.589000,-0.054875,0.014225,1.053655,-0.024724,0.006686,0.001704,0.042527,0.118512,0.022123,-0.014902,0.120195,-0.000237,0.012018,0.008761,1.000000,0.000000,0.000000,0.000000,0.055666,0.030241,0.000000,0.000000,0.000000,0.000000,-0.066893,0.005465,0.053655,-0.024724,0.006686,0.001704,-0.013139,0.088271,0.022123,0.085927,0.091945
7.551000,0.600000,-0.054621,0.013944,1.053569,-0.024566,0.006153,0.001727,0.042481,0.115978,0.021620,-0.020795,0.097360,0.000210,0.012018,0.008761,1.000000,0.000000,0.000000,0.000000,0.055666,0.030241,0.000000,0.000000,0.000000,0.000000,-0.066639,0.005183,0.053569,-0.024566,0.006153,0.001727,-0.013185,0.085737,0.021620,0.085657,0.089399
7.560000,0.609000,-0.054233,0.014252,1.053604,-0.024572,0.006138,0.001742,0.042918,0.115648,0.021483,-0.018443,0.095969,0.000199,0.013161,0.009365,1.000000,0.000000,0.000000,0.000000,0.058665,0.030121,0.000000,0.000000,0.000000,0.000000,-0.067394,0.004888,0.053604,-0.024572,0.006138,0.001742,-0.015746,0.085527,0.021483,0.086251,0.089579
7.571000,0.620000,-0.053632,0.014633,1.053648,-0.024769,0.006256,0.001759,0.044104,0.115900,0.021360,-0.013521,0.091980,0.000243,0.013161,0.009365,1.000000,0.000000,0.000000,0.000000,0.058665,0.030121,0.000000,0.000000,0.000000,0.000000,-0.066793,0.005269,0.053648,-0.024769,0.006256,0.001759,-0.014561,0.085779,0.021360,0.085833,0.089590
7.580000,0.629000,-0.053191,0.015792,1.053862,-0.024904,0.007175,0.001739,0.044716,0.118341,0.021736,-0.021288,0.167830,-0.000838,0.014364,0.009964,1.000000,0.000000,0.000000,0.000000,0.061665,0.029772,0.000000,0.000000,0.000000,0.000000,-0.067556,0.005828,0.053862,-0.024904,0.007175,0.001739,-0.016949,0.088569,0.021736,0.086596,0.092759
7.590000,0.639000,-0.052802,0.015803,1.053850,-0.024732,0.006736,0.001757,0.045116,0.116864,0.021442,-0.013629,0.107610,0.000064,0.014364,0.009964,1.000000,0.000000,0.000000,0.000000,0.061665,0.029772,0.000000,0.000000,0.000000,0.000000,-0.067166,0.005839,0.053850,-0.024732,0.006736,0.001757,-0.016549,0.087092,0.021442,0.086286,0.091206
7.601000,0.650000,-0.052079,0.016460,1.053948,-0.024815,0.007158,0.001760,0.046745,0.117773,0.021478,-0.012929,0.119054,-0.000142,0.015628,0.010554,1.000000,0.000000,0.000000,0.000000,0.064659,0.029183,0.000000,0.000000,0.000000,0.000000,-0.067707,0.005906,0.053948,-0.024815,0.007158,0.001760,-0.017914,0.088590,0.021478,0.086773,0.092900
7.613000,0.662000,-0.051471,0.017053,1.054037,-0.024863,0.007537,0.001762,0.047945,0.118417,0.021425,-0.012607,0.115210,-0.000278,0.017018,0.011158,1.000000,0.000000,0.000000,0.000000,0.067785,0.028295,0.000000,0.000000,0.000000,0.000000,-0.068489,0.005895,0.054037,-0.024863,0.007537,0.001762,-0.019840,0.090123,0.021425,0.087439,0.094735
7.620000,0.669000,-0.050991,0.018237,1.054251,-0.024989,0.008689,0.001730,0.048683,0.120866,0.021739,-0.021597,0.188928,-0.001340,0.017018,0.011158,1.000000,0.000000,0.000000,0.000000,0.067785,0.028295,0.000000,0.000000,0.000000,0.000000,-0.068010,0.007079,0.054251,-0.024989,0.008689,0.001730,-0.019103,0.092572,0.021739,0.087285,0.096990
7.630000,0.679000,-0.050559,0.017765,1.054131,-0.024810,0.008198,0.001744,0.049221,0.117918,0.021026,-0.009401,0.111021,-0.000400,0.017018,0.011158,1.000000,0.000000,0.000000,0.000000,0.067785,0.028295,0.000000,0.000000,0.000000,0.000000,-0.067578,0.006607,0.054131,-0.024810,0.008198,0.001744,-0.018564,0.089623,0.021026,0.086836,0.093910
7.642000,0.691000,-0.049929,0.018506,1.054241,-0.024898,0.008647,0.001740,0.050518,0.119088,0.021018,-0.011283,0.117321,-0.000613,0.018333,0.011686,1.000000,0.000000,0.000000,0.000000,0.070592,0.027246,0.000000,0.000000,0.000000,0.000000,-0.068262,0.006820,0.054241,-0.024898,0.008647,0.001740,-0.020074,0.091842,0.021018,0.087454,0.096331
7.650000,0.699000,-0.049331,0.019109,1.054319,-0.024941,0.009103,0.001733,0.051691,0.119724,0.020917,-0.011406,0.120630,-0.000756,0.018333,0.011686,1.000000,0.000000,0.000000,0.000000,0.070592,0.027246,0.000000,0.000000,0.000000,0.000000,-0.067664,0.007423,0.054319,-0.024941,0.009103,0.001733,-0.018901,0.092478,0.020917,0.087087,0.096680
7.663000,0.712000,-0.048752,0.019661,1.054381,-0.024970,0.009581,0.001724,0.052797,0.120149,0.020770,-0.011668,0.123953,-0.000883,0.019774,0.012218,1.000000,0.000000,0.000000,0.000000,0.073514,0.025883,0.000000,0.000000,0.000000,0.000000,-0.068526,0.007443,0.054381,-0.024970,0.009581,0.001724,-0.020717,0.094266,0.020770,0.087798,0.098725
7.672000,0.721000,-0.048178,0.020192,1.054431,-0.024993,0.010087,0.001713,0.053891,0.120490,0.020557,-0.007297,0.124522,-0.000870,0.019774,0.012218,1.000000,0.000000,0.000000,0.000000,0.073514,0.025883,0.000000,0.000000,0.000000,0.000000,-0.067952,0.007974,0.054431,-0.024993,0.010087,0.001713,-0.019623,0.094607,0.020557,0.087429,0.098783
7.680000,0.729000,-0.047639,0.021397,1.054637,-0.025067,0.011332,0.001673,0.054880,0.122950,0.020807,-0.010947,0.193269,-0.001711,0.021273,0.012719,1.000000,0.000000,0.000000,0.000000,0.076396,0.024250,0.000000,0.000000,0.000000,0.000000,-0.068912,0.008678,0.054637,-0.025067,0.011332,0.001673,-0.021517,0.098701,0.020807,0.088371,0.103139
7.693000,0.742000,-0.047238,0.020860,1.054443,-0.024896,0.011044,0.001675,0.055349,0.119700,0.019902,-0.005039,0.119765,-0.000807,0.022830,0.013186,1.000000,0.000000,0.000000,0.000000,0.079230,0.022341,0.000000,0.000000,0.000000,0.000000,-0.070068,0.007674,0.054443,-0.024896,0.011044,0.001675,-0.023881,0.097358,0.019902,0.089064,0.102201
7.700000,0.749000,-0.046545,0.021606,1.054500,-0.024928,0.011608,0.001664,0.056933,0.120832,0.019743,-0.002028,0.121458,-0.000854,0.022830,0.013186,1.000000,0.000000,0.000000,0.000000,0.079230,0.022341,0.000000,0.000000,0.000000,0.000000,-0.069374,0.008420,0.054500,-0.024928,0.011608,0.001664,-0.022297,0.098491,0.019743,0.088622,0.102895
7.712000,0.761000,-0.045881,0.022218,1.054520,-0.024891,0.012120,0.001653,0.058403,0.121438,0.019563,0.001112,0.119161,-0.000850,0.022830,0.013186,1.000000,0.000000,0.000000,0.000000,0.079230,0.022341,0.000000,0.000000,0.000000,0.000000,-0.068711,0.009032,0.054520,-0.024891,0.012120,0.001653,-0.020826,0.099096,0.019563,0.088177,0.103134
7.724000,0.773000,-0.045234,0.022779,1.054524,-0.024810,0.012591,0.001642,0.059811,0.121833,0.019339,0.003235,0.115244,-0.000855,0.024606,0.013651,1.000000,0.000000,0.000000,0.000000,0.082280,0.019921,0.000000,0.000000,0.000000,0.000000,-0.069841,0.009127,0.054524,-0.024810,0.012591,0.001642,-0.022468,0.101911,0.019339,0.089073,0.106135
7.732000,0.781000,-0.044589,0.023321,1.054517,-0.024771,0.013751,0.001607,0.061208,0.122137,0.019087,-0.000947,0.178784,-0.001629,0.024606,0.013651,1.000000,0.000000,0.000000,0.000000,0.082280,0.019921,0.000000,0.000000,0.000000,0.000000,-0.069196,0.009670,0.054517,-0.024771,0.013751,0.001607,-0.021071,0.102216,0.019087,0.088621,0.106096
7.743000,0.792000,-0.043939,0.023856,1.054498,-0.024568,0.013416,0.001607,0.062609,0.122394,0.018811,0.007702,0.106624,-0.000846,0.026109,0.013990,1.000000,0.000000,0.000000,0.000000,0.084715,0.017690,0.000000,0.000000,0.000000,0.000000,-0.070048,0.009866,0.054498,-0.024568,0.013416,0.001607,-0.022106,0.104704,0.018811,0.089298,0.108653
7.751000,0.800000,-0.043279,0.024388,1.054470,-0.024479,0.014485,0.001575,0.064039,0.122621,0.018558,0.006766,0.147634,-0.001396,0.026109,0.013990,1.000000,0.000000,0.000000,0.000000,0.084715,0.017690,0.000000,0.000000,0.000000,0.000000,-0.069388,0.010398,0.054470,-0.024479,0.014485,0.001575,-0.020676,0.104931,0.018558,0.088825,0.108546
7.760000,0.809000,-0.042607,0.024920,1.054434,-0.024226,0.014116,0.001577,0.065493,0.122821,0.018290,0.016897,0.069484,-0.000610,0.027830,0.014317,1.000000,0.000000,0.000000,0.000000,0.087351,0.014947,0.000000,0.000000,0.000000,0.000000,-0.070437,0.010603,0.054434,-0.024226,0.014116,0.001577,-0.021858,0.107874,0.018290,0.089649,0.111576
7.770000,0.819000,-0.041952,0.026149,1.054617,-0.024057,0.014810,0.001555,0.066881,0.125211,0.018730,0.014220,0.119505,-0.001201,0.027830,0.014317,1.000000,0.000000,0.000000,0.000000,0.087351,0.014947,0.000000,0.000000,0.000000,0.000000,-0.069782,0.011832,0.054617,-0.024057,0.014810,0.001555,-0.020470,0.110264,0.018730,0.089401,0.113701
7.780000,0.829000,-0.041672,0.025761,1.054418,-0.023491,0.014115,0.001562,0.066842,0.121998,0.018049,0.021182,0.055592,-0.000667,0.029693,0.014598,1.000000,0.000000,0.000000,0.000000,0.090029,0.011769,0.000000,0.000000,0.000000,0.000000,-0.071365,0.011163,0.054418,-0.023491,0.014115,0.001562,-0.023186,0.110230,0.018049,0.090437,0.114079
7.790000,0.839000,-0.041114,0.026075,1.054350,-0.023141,0.013852,0.001568,0.067798,0.121381,0.017700,0.025604,0.046281,-0.000706,0.029693,0.014598,1.000000,0.000000,0.000000,0.000000,0.090029,0.011769,0.000000,0.000000,0.000000,0.000000,-0.070807,0.011477,0.054350,-0.023141,0.013852,0.001568,-0.022231,0.109612,0.017700,0.089996,0.113236
7.803000,0.852000,-0.040222,0.026489,1.054208,-0.022947,0.013392,0.001585,0.069859,0.121421,0.017144,0.031708,0.018825,-0.000658,0.031426,0.014792,1.000000,0.000000,0.000000,0.000000,0.092365,0.008634,0.000000,0.000000,0.000000,0.000000,-0.071647,0.011697,0.054208,-0.022947,0.013392,0.001585,-0.022506,0.112787,0.017144,0.090602,0.116281
7.810000,0.859000,-0.039523,0.027703,1.054379,-0.022630,0.013580,0.001574,0.071177,0.123687,0.017680,0.021202,0.105492,-0.001418,0.031426,0.014792,1.000000,0.000000,0.000000,0.000000,0.092365,0.008634,0.000000,0.000000,0.000000,0.000000,-0.070949,0.012911,0.054379,-0.022630,0.013580,0.001574,-0.021188,0.115053,0.017680,0.090319,0.118316
7.824000,0.873000,-0.038689,0.027632,1.054102,-0.022135,0.012083,0.001605,0.072793,0.121824,0.016893,0.029385,0.026458,-0.000618,0.033297,0.014930,1.000000,0.000000,0.000000,0.000000,0.094726,0.005074,0.000000,0.000000,0.000000,0.000000,-0.071986,0.012702,0.054102,-0.022135,0.012083,0.001605,-0.021933,0.116750,0.016893,0.090942,0.119988
7.830000,0.879000,-0.037962,0.028850,1.054271,-0.021841,0.012347,0.001593,0.073982,0.124009,0.017409,0.024372,0.093501,-0.001201,0.033297,0.014930,1.000000,0.000000,0.000000,0.000000,0.094726,0.005074,0.000000,0.000000,0.000000,0.000000,-0.071258,0.013920,0.054271,-0.021841,0.012347,0.001593,-0.020745,0.118935,0.017409,0.090647,0.121980
7.841000,0.890000,-0.037150,0.028705,1.053989,-0.021347,0.010977,0.001628,0.075296,0.121799,0.016596,0.034366,0.013108,-0.000102,0.035214,0.014993,1.000000,0.000000,0.000000,0.000000,0.096980,0.001252,0.000000,0.000000,0.000000,0.000000,-0.072364,0.013712,0.053989,-0.021347,0.010977,0.001628,-0.021684,0.120547,0.016596,0.091320,0.123601
7.851000,0.900000,-0.036182,0.029503,1.053964,-0.021002,0.010360,0.001655,0.077102,0.122690,0.016586,0.037563,0.019109,0.000275,0.035214,0.014993,1.000000,0.000000,0.000000,0.000000,0.096980,0.001252,0.000000,0.000000,0.000000,0.000000,-0.071396,0.014510,0.053964,-0.021002,0.010360,0.001655,-0.019878,0.121438,0.016586,0.090664,0.124167
7.860000,0.909000,-0.035411,0.030730,1.054130,-0.020626,0.010551,0.001654,0.078121,0.124764,0.017139,0.035162,0.094183,-0.000375,0.037374,0.014972,1.000000,0.000000,0.000000,0.000000,0.099325,-0.003242,0.000000,0.000000,0.000000,0.000000,-0.072785,0.015758,0.054130,-0.020626,0.010551,0.001654,-0.021204,0.128006,0.017139,0.092065,0.130877
7.871000,0.920000,-0.034735,0.030326,1.053820,-0.020066,0.009195,0.001698,0.078628,0.121485,0.016431,0.031669,0.051051,0.000305,0.037374,0.014972,1.000000,0.000000,0.000000,0.000000,0.099325,-0.003242,0.000000,0.000000,0.000000,0.000000,-0.072108,0.015354,0.053820,-0.020066,0.009195,0.001698,-0.020697,0.124727,0.016431,0.091280,0.127496
7.883000,0.932000,-0.033756,0.031092,1.053793,-0.019691,0.008883,0.001725,0.080188,0.122150,0.016559,0.031186,0.072848,0.000526,0.039178,0.014879,1.000000,0.000000,0.000000,0.000000,0.101132,-0.007136,0.000000,0.000000,0.000000,0.000000,-0.072934,0.016213,0.053793,-0.019691,0.008883,0.001725,-0.020944,0.129286,0.016559,0.092064,0.132014
7.890000,0.939000,-0.032841,0.031708,1.053743,-0.019289,0.008745,0.001751,0.081429,0.122203,0.016640,0.032099,0.086305,0.000693,0.039178,0.014879,1.000000,0.000000,0.000000,0.000000,0.101132,-0.007136,0.000000,0.000000,0.000000,0.000000,-0.072019,0.016829,0.053743,-0.019289,0.008745,0.001751,-0.019703,0.129339,0.016640,0.091423,0.131885
7.900000,0.949000,-0.032027,0.032930,1.053909,-0.018968,0.009608,0.001742,0.082290,0.124111,0.017355,0.024015,0.180364,-0.000410,0.041220,0.014691,1.000000,0.000000,0.000000,0.000000,0.103014,-0.011681,0.000000,0.000000,0.000000,0.000000,-0.073246,0.018239,0.053909,-0.018968,0.009608,0.001742,-0.020724,0.135792,0.017355,0.092757,0.138456
7.913000,0.962000,-0.031434,0.032404,1.053606,-0.018401,0.008833,0.001782,0.082250,0.120262,0.016647,0.030916,0.105159,0.000793,0.041220,0.014691,1.000000,0.000000,0.000000,0.000000,0.103014,-0.011681,0.000000,0.000000,0.000000,0.000000,-0.072654,0.017713,0.053606,-0.018401,0.008833,0.001782,-0.020764,0.131943,0.016647,0.092011,0.134600
7.922000,0.971000,-0.030430,0.033141,1.053585,-0.018114,0.009374,0.001798,0.083758,0.120703,0.016776,0.027589,0.136362,0.000738,0.043298,0.014410,1.000000,0.000000,0.000000,0.000000,0.104756,-0.016443,0.000000,0.000000,0.000000,0.000000,-0.073728,0.018730,0.053585,-0.018114,0.009374,0.001798,-0.020998,0.137146,0.016776,0.093048,0.139755
7.930000,0.979000,-0.029593,0.034348,1.053753,-0.017838,0.010737,0.001780,0.084681,0.122495,0.017452,0.025375,0.215237,-0.000542,0.043298,0.014410,1.000000,0.000000,0.000000,0.000000,0.104756,-0.016443,0.000000,0.000000,0.000000,0.000000,-0.072890,0.019937,0.053753,-0.017838,0.010737,0.001780,-0.020075,0.138937,0.017452,0.092736,0.141461
7.940000,0.989000,-0.029158,0.034043,1.053561,-0.017238,0.010502,0.001805,0.084130,0.119070,0.017062,0.029906,0.150604,0.000595,0.045409,0.014032,1.000000,0.000000,0.000000,0.000000,0.106351,-0.021405,0.000000,0.000000,0.000000,0.000000,-0.074567,0.020011,0.053561,-0.017238,0.010502,0.001805,-0.022221,0.140476,0.017062,0.093965,0.143242
7.950000,0.999000,-0.028167,0.034265,1.053394,-0.017015,0.011304,0.001818,0.085664,0.117938,0.016602,0.038264,0.124719,0.000773,0.045409,0.014032,1.000000,0.000000,0.000000,0.000000,0.106351,-0.021405,0.000000,0.000000,0.000000,0.000000,-0.073576,0.020233,0.053394,-0.017015,0.011304,0.001818,-0.020687,0.139344,0.016602,0.093133,0.141846
7.960000,1.009000,-0.027059,0.035041,1.053375,-0.016702,0.012224,0.001822,0.087694,0.118464,0.016580,0.043505,0.125214,0.000501,0.047551,0.013553,1.000000,0.000000,0.000000,0.000000,0.107791,-0.026553,0.000000,0.000000,0.000000,0.000000,-0.074609,0.021488,0.053375,-0.016702,0.012224,0.001822,-0.020097,0.145017,0.016580,0.094219,0.147339
7.970000,1.019000,-0.026182,0.036225,1.053541,-0.016267,0.013476,0.001806,0.088899,0.120116,0.017250,0.037493,0.192225,-0.000802,0.047551,0.013553,1.000000,0.000000,0.000000,0.000000,0.107791,-0.026553,0.000000,0.000000,0.000000,0.000000,-0.073732,0.022672,0.053541,-0.016267,0.013476,0.001806,-0.018893,0.146669,0.017250,0.093900,0.148883
7.980000,1.029000,-0.025407,0.035785,1.053253,-0.015713,0.013511,0.001824,0.089715,0.116457,0.016580,0.037653,0.141892,-0.000177,0.049719,0.012969,1.000000,0.000000,0.000000,0.000000,0.109069,-0.031867,0.000000,0.000000,0.000000,0.000000,-0.075127,0.022816,0.053253,-0.015713,0.013511,0.001824,-0.019354,0.148324,0.016580,0.094871,0.150498
7.990000,1.039000,-0.024510,0.036950,1.053419,-0.015238,0.014068,0.001823,0.091034,0.118009,0.017117,0.045452,0.105636,-0.000098,0.049719,0.012969,1.000000,0.000000,0.000000,0.000000,0.109069,-0.031867,0.000000,0.000000,0.000000,0.000000,-0.074230,0.023981,0.053419,-0.015238,0.014068,0.001823,-0.018036,0.149875,0.017117,0.094545,0.151924
8.000000,1.049000,-0.023890,0.036818,1.053274,-0.014554,0.014320,0.001825,0.091340,0.115114,0.016737,0.049514,0.080728,-0.000493,0.051912,0.012277,1.000000,0.000000,0.000000,0.000000,0.110178,-0.037327,0.000000,0.000000,0.000000,0.000000,-0.075802,0.024540,0.053274,-0.014554,0.014320,0.001825,-0.018838,0.152441,0.016737,0.095845,0.154510
8.011000,1.060000,-0.022756,0.037038,1.053155,-0.014129,0.014449,0.001828,0.093503,0.113851,0.016455,0.050181,0.079814,-0.001197,0.051912,0.012277,1.000000,0.000000,0.000000,0.000000,0.110178,-0.037327,0.000000,0.000000,0.000000,0.000000,-0.074668,0.024761,0.053155,-0.014129,0.014449,0.001828,-0.016676,0.151179,0.016455,0.094941,0.152983
8.020000,1.069000,-0.021821,0.038177,1.053320,-0.013628,0.015247,0.001805,0.094926,0.115248,0.017008,0.045996,0.147221,-0.002276,0.054125,0.011475,1.000000,0.000000,0.000000,0.000000,0.111112,-0.042913,0.000000,0.000000,0.000000,0.000000,-0.075946,0.026702,0.053320,-0.013628,0.015247,0.001805,-0.016186,0.158161,0.017008,0.096560,0.159895
8.030000,1.079000,-0.021089,0.038101,1.053205,-0.012856,0.014293,0.001814,0.095531,0.112489,0.016842,0.048133,0.072201,-0.001273,0.054125,0.011475,1.000000,0.000000,0.000000,0.000000,0.111112,-0.042913,0.000000,0.000000,0.000000,0.000000,-0.075214,0.026626,0.053205,-0.012856,0.014293,0.001814,-0.015581,0.155403,0.016842,0.095901,0.157087
8.042000,1.091000,-0.019868,0.038310,1.053115,-0.012409,0.014046,0.001818,0.097839,0.111111,0.016753,0.048068,0.057620,-0.001381,0.056355,0.010560,1.000000,0.000000,0.000000,0.000000,0.111862,-0.048603,0.000000,0.000000,0.000000,0.000000,-0.076223,0.027750,0.053115,-0.012409,0.014046,0.001818,-0.014023,0.159714,0.016753,0.096960,0.161202
8.050000,1.099000,-0.018890,0.039421,1.053283,-0.011880,0.013840,0.001815,0.099219,0.112338,0.017336,0.046084,0.060884,-0.001337,0.056355,0.010560,1.000000,0.000000,0.000000,0.000000,0.111862,-0.048603,0.000000,0.000000,0.000000,0.000000,-0.075245,0.028861,0.053283,-0.011880,0.013840,0.001815,-0.012643,0.160941,0.017336,0.096612,0.162365
8.060000,1.109000,-0.017785,0.039175,1.053121,-0.011373,0.013629,0.001820,0.100930,0.109220,0.016943,0.043271,0.062977,-0.001238,0.058599,0.009530,1.000000,0.000000,0.000000,0.000000,0.112424,-0.054373,0.000000,0.000000,0.000000,0.000000,-0.076384,0.029645,0.053121,-0.011373,0.013629,0.001820,-0.011494,0.163593,0.016943,0.097648,0.164869
8.072000,1.121000,-0.016500,0.039802,1.053156,-0.010947,0.013522,0.001821,0.103243,0.108966,0.017033,0.048941,0.071547,-0.001118,0.058599,0.009530,1.000000,0.000000,0.000000,0.000000,0.112424,-0.054373,0.000000,0.000000,0.000000,0.000000,-0.075098,0.030272,0.053156,-0.010947,0.013522,0.001821,-0.009181,0.163339,0.017033,0.096859,0.164481
8.082000,1.131000,-0.015310,0.040265,1.053165,-0.010469,0.013452,0.001823,0.105109,0.108082,0.017084,0.043878,0.073323,-0.001085,0.060964,0.008324,1.000000,0.000000,0.000000,0.000000,0.112804,-0.060489,0.000000,0.000000,0.000000,0.000000,-0.076274,0.031941,0.053165,-0.010469,0.013452,0.001823,-0.007694,0.168571,0.017084,0.098308,0.169610
8.090000,1.139000,-0.014259,0.041346,1.053336,-0.010031,0.014186,0.001804,0.106435,0.109117,0.017609,0.039409,0.149530,-0.001902,0.060964,0.008324,1.000000,0.000000,0.000000,0.000000,0.112804,-0.060489,0.000000,0.000000,0.000000,0.000000,-0.075223,0.033021,0.053336,-0.010031,0.014186,0.001804,-0.006369,0.169606,0.017609,0.097947,0.170637
8.100000,1.149000,-0.013781,0.040901,1.053197,-0.009245,0.013239,0.001815,0.105605,0.104906,0.017218,0.044776,0.081729,-0.001010,0.063109,0.007122,1.000000,0.000000,0.000000,0.000000,0.112956,-0.066051,0.000000,0.000000,0.000000,0.000000,-0.076890,0.033778,0.053197,-0.009245,0.013239,0.001815,-0.007351,0.170957,0.017218,0.099413,0.171979
8.111000,1.160000,-0.012577,0.040925,1.053101,-0.008839,0.013286,0.001822,0.107393,0.102791,0.016836,0.053181,0.059762,-0.000630,0.063109,0.007122,1.000000,0.000000,0.000000,0.000000,0.112956,-0.066051,0.000000,0.000000,0.000000,0.000000,-0.075686,0.033803,0.053101,-0.008839,0.013286,0.001822,-0.005563,0.168841,0.016836,0.098441,0.169770
8.122000,1.171000,-0.011204,0.041492,1.053124,-0.008364,0.013441,0.001826,0.109767,0.102304,0.016809,0.056189,0.058370,-0.000455,0.065481,0.005671,1.000000,0.000000,0.000000,0.000000,0.112908,-0.072199,0.000000,0.000000,0.000000,0.000000,-0.076685,0.035822,0.053124,-0.008364,0.013441,0.001826,-0.003141,0.174503,0.016809,0.099930,0.175339
8.131000,1.180000,-0.010107,0.042515,1.053292,-0.007803,0.014025,0.001816,0.111091,0.103131,0.017329,0.049797,0.137781,-0.001396,0.065481,0.005671,1.000000,0.000000,0.000000,0.000000,0.112908,-0.072199,0.000000,0.000000,0.000000,0.000000,-0.075588,0.036845,0.053292,-0.007803,0.014025,0.001816,-0.001817,0.175330,0.017329,0.099554,0.176194
8.140000,1.189000,-0.009172,0.041902,1.053067,-0.007105,0.013090,0.001836,0.111720,0.098635,0.016689,0.051225,0.073994,-0.000616,0.067624,0.004246,1.000000,0.000000,0.000000,0.000000,0.112663,-0.077737,0.000000,0.000000,0.000000,0.000000,-0.076796,0.037656,0.053067,-0.007105,0.013090,0.001836,-0.000943,0.176372,0.016689,0.100656,0.177163
8.150000,1.199000,-0.008055,0.042889,1.053234,-0.006593,0.013830,0.001825,0.113008,0.099337,0.017092,0.049967,0.124179,-0.001361,0.067624,0.004246,1.000000,0.000000,0.000000,0.000000,0.112663,-0.077737,0.000000,0.000000,0.000000,0.000000,-0.075679,0.038643,0.053234,-0.006593,0.013830,0.001825,0.000345,0.177075,0.017092,0.100271,0.177898
8.161000,1.210000,-0.006960,0.042406,1.053052,-0.005923,0.012871,0.001847,0.114120,0.095324,0.016470,0.057849,0.034468,-0.000247,0.069985,0.002550,1.000000,0.000000,0.000000,0.000000,0.112164,-0.083801,0.000000,0.000000,0.000000,0.000000,-0.076945,0.039856,0.053052,-0.005923,0.012871,0.001847,0.001956,0.179125,0.016470,0.101605,0.179892
8.170000,1.219000,-0.005538,0.042843,1.053084,-0.005357,0.012578,0.001858,0.116374,0.094352,0.016505,0.057780,0.023283,-0.000280,0.069985,0.002550,1.000000,0.000000,0.000000,0.000000,0.112164,-0.083801,0.000000,0.000000,0.000000,0.000000,-0.075524,0.040293,0.053084,-0.005357,0.012578,0.001858,0.004210,0.178153,0.016505,0.100724,0.178966
8.180000,1.229000,-0.004375,0.043786,1.053249,-0.004779,0.012811,0.001854,0.117612,0.094882,0.016930,0.055294,0.077565,-0.001030,0.072110,0.000906,1.000000,0.000000,0.000000,0.000000,0.111502,-0.089208,0.000000,0.000000,0.000000,0.000000,-0.076485,0.042880,0.053249,-0.004779,0.012811,0.001854,0.006110,0.184091,0.016930,0.102587,0.184968
8.190000,1.239000,-0.003759,0.043326,1.053126,-0.003943,0.011486,0.001872,0.116761,0.090616,0.016587,0.052970,0.042765,-0.000611,0.072110,0.000906,1.000000,0.000000,0.000000,0.000000,0.111502,-0.089208,0.000000,0.000000,0.000000,0.000000,-0.075870,0.042419,0.053126,-0.003943,0.011486,0.001872,0.005258,0.179824,0.016587,0.101873,0.180664
8.202000,1.251000,-0.002401,0.043194,1.053052,-0.003440,0.010813,0.001886,0.118519,0.087937,0.016359,0.052084,0.027392,-0.000548,0.074663,-0.001220,1.000000,0.000000,0.000000,0.000000,0.110428,-0.095616,0.000000,0.000000,0.000000,0.000000,-0.077064,0.044414,0.053052,-0.003440,0.010813,0.001886,0.008091,0.183553,0.016359,0.103566,0.184458
8.210000,1.259000,-0.000886,0.043570,1.053097,-0.002933,0.010392,0.001896,0.120749,0.086765,0.016481,0.047724,0.038099,-0.000536,0.074663,-0.001220,1.000000,0.000000,0.000000,0.000000,0.110428,-0.095616,0.000000,0.000000,0.000000,0.000000,-0.075549,0.044790,0.053097,-0.002933,0.010392,0.001896,0.010321,0.182381,0.016481,0.102631,0.183415
8.220000,1.269000,0.000506,0.043779,1.053118,-0.002420,0.009998,0.001907,0.122403,0.084982,0.016531,0.043808,0.047757,-0.000476,0.076532,-0.002885,1.000000,0.000000,0.000000,0.000000,0.109438,-0.100230,0.000000,0.000000,0.000000,0.000000,-0.076027,0.046664,0.053118,-0.002420,0.009998,0.001907,0.012965,0.185211,0.016531,0.103823,0.186399
8.230000,1.279000,0.001815,0.043918,1.053132,-0.001932,0.009689,0.001917,0.123660,0.082959,0.016556,0.042402,0.060020,-0.000469,0.076532,-0.002885,1.000000,0.000000,0.000000,0.000000,0.109438,-0.100230,0.000000,0.000000,0.000000,0.000000,-0.074717,0.046803,0.053132,-0.001932,0.009689,0.001917,0.014222,0.183188,0.016556,0.102938,0.184484
8.240000,1.289000,0.003052,0.044748,1.053298,-0.001508,0.010289,0.001911,0.124614,0.083151,0.017027,0.037716,0.144968,-0.001475,0.078708,-0.004942,1.000000,0.000000,0.000000,0.000000,0.108057,-0.105497,0.000000,0.000000,0.000000,0.000000,-0.075656,0.049690,0.053298,-0.001508,0.010289,0.001911,0.016557,0.188648,0.017027,0.105041,0.190137
8.253000,1.302000,0.003845,0.043871,1.053107,-0.000969,0.009165,0.001936,0.123859,0.077825,0.016411,0.039021,0.067698,-0.000432,0.080853,-0.007103,1.000000,0.000000,0.000000,0.000000,0.106440,-0.110561,0.000000,0.000000,0.000000,0.000000,-0.077008,0.050974,0.053107,-0.000969,0.009165,0.001936,0.017419,0.188386,0.016411,0.106531,0.189900
8.262000,1.311000,0.005322,0.044073,1.053138,-0.000606,0.009898,0.001935,0.125608,0.076159,0.016454,0.035575,0.144607,-0.001468,0.080853,-0.007103,1.000000,0.000000,0.000000,0.000000,0.106440,-0.110561,0.000000,0.000000,0.000000,0.000000,-0.075531,0.051176,0.053138,-0.000606,0.009898,0.001935,0.019168,0.186719,0.016454,0.105582,0.188421
8.271000,1.320000,0.006701,0.044145,1.053141,-0.000213,0.009292,0.001955,0.126940,0.074038,0.016416,0.034093,0.085400,-0.000494,0.080853,-0.007103,1.000000,0.000000,0.000000,0.000000,0.106440,-0.110561,0.000000,0.000000,0.000000,0.000000,-0.074152,0.051248,0.053141,-0.000213,0.009292,0.001955,0.020500,0.184599,0.016416,0.104636,0.186458
8.280000,1.329000,0.007971,0.044885,1.053305,0.000127,0.010146,0.001950,0.127855,0.074061,0.016852,0.030513,0.160382,-0.001552,0.083381,-0.009826,1.000000,0.000000,0.000000,0.000000,0.104181,-0.116327,0.000000,0.000000,0.000000,0.000000,-0.075410,0.054711,0.053305,0.000127,0.010146,0.001950,0.023674,0.190389,0.016852,0.107338,0.192594
8.292000,1.341000,0.008813,0.043959,1.053075,0.000553,0.009501,0.001971,0.127178,0.068731,0.016105,0.032307,0.090436,-0.000652,0.083381,-0.009826,1.000000,0.000000,0.000000,0.000000,0.104181,-0.116327,0.000000,0.000000,0.000000,0.000000,-0.074568,0.053785,0.053075,0.000553,0.009501,0.001971,0.022996,0.185058,0.016105,0.106161,0.187176
8.301000,1.350000,0.010333,0.044053,1.053080,0.000845,0.009828,0.001977,0.129006,0.066857,0.016057,0.030522,0.096705,-0.000870,0.085035,-0.011717,1.000000,0.000000,0.000000,0.000000,0.102482,-0.119959,0.000000,0.000000,0.000000,0.000000,-0.074701,0.055770,0.053080,0.000845,0.009828,0.001977,0.026524,0.186817,0.016057,0.107276,0.189372
8.310000,1.359000,0.011752,0.044022,1.053056,0.001163,0.010098,0.001981,0.130430,0.064567,0.015954,0.033432,0.093045,-0.001000,0.085035,-0.011717,1.000000,0.000000,0.000000,0.000000,0.102482,-0.119959,0.000000,0.000000,0.000000,0.000000,-0.073282,0.055739,0.053056,0.001163,0.010098,0.001981,0.027948,0.184526,0.015954,0.106264,0.187311
8.324000,1.373000,0.013112,0.043939,1.053020,0.001497,0.010313,0.001983,0.131609,0.062140,0.015820,0.034390,0.089836,-0.001145,0.087061,-0.014159,1.000000,0.000000,0.000000,0.000000,0.100136,-0.124234,0.000000,0.000000,0.000000,0.000000,-0.073950,0.058099,0.053020,0.001497,0.010313,0.001983,0.031472,0.186374,0.015820,0.107959,0.189673
8.330000,1.379000,0.014428,0.044561,1.053178,0.001841,0.011212,0.001973,0.132625,0.061995,0.016262,0.035795,0.148133,-0.002086,0.087061,-0.014159,1.000000,0.000000,0.000000,0.000000,0.100136,-0.124234,0.000000,0.000000,0.000000,0.000000,-0.072634,0.058720,0.053178,0.001841,0.011212,0.001973,0.032489,0.186228,0.016262,0.107478,0.189739
8.340000,1.389000,0.015244,0.043547,1.052897,0.002246,0.010435,0.001985,0.131787,0.056626,0.015414,0.036421,0.072670,-0.001273,0.089038,-0.016684,1.000000,0.000000,0.000000,0.000000,0.097544,-0.128185,0.000000,0.000000,0.000000,0.000000,-0.073795,0.060231,0.052897,0.002246,0.010435,0.001985,0.034243,0.184811,0.015414,0.108957,0.188587
8.351000,1.400000,0.016811,0.043497,1.052872,0.002591,0.011225,0.001977,0.133709,0.054501,0.015250,0.033816,0.108843,-0.001932,0.089038,-0.016684,1.000000,0.000000,0.000000,0.000000,0.097544,-0.128185,0.000000,0.000000,0.000000,0.000000,-0.072227,0.060181,0.052872,0.002591,0.011225,0.001977,0.036165,0.182686,0.015250,0.107861,0.186854
8.360000,1.409000,0.018278,0.043330,1.052820,0.003002,0.010437,0.001978,0.135193,0.051992,0.015008,0.035456,0.022324,-0.001368,0.091056,-0.019416,1.000000,0.000000,0.000000,0.000000,0.094555,-0.131955,0.000000,0.000000,0.000000,0.000000,-0.072778,0.062747,0.052820,0.003002,0.010437,0.001978,0.040638,0.183947,0.015008,0.109653,0.188980
8.371000,1.420000,0.019685,0.043116,1.052761,0.003371,0.010657,0.001967,0.136390,0.049365,0.014919,0.029655,0.069922,-0.002061,0.091056,-0.019416,1.000000,0.000000,0.000000,0.000000,0.094555,-0.131955,0.000000,0.000000,0.000000,0.000000,-0.071371,0.062532,0.052761,0.003371,0.010657,0.001967,0.041835,0.181320,0.014919,0.108572,0.186681
8.380000,1.429000,0.021064,0.042872,1.052702,0.003790,0.009285,0.001962,0.137383,0.046687,0.014833,0.030843,-0.015168,-0.001784,0.092825,-0.021953,1.000000,0.000000,0.000000,0.000000,0.091614,-0.135005,0.000000,0.000000,0.000000,0.000000,-0.071761,0.064825,0.052702,0.003790,0.009285,0.001962,0.045769,0.181692,0.014833,0.110134,0.187954
8.390000,1.439000,0.022432,0.042602,1.052642,0.004128,0.008264,0.001948,0.138228,0.043975,0.014785,0.026560,-0.035004,-0.001934,0.092825,-0.021953,1.000000,0.000000,0.000000,0.000000,0.091614,-0.135005,0.000000,0.000000,0.000000,0.000000,-0.070392,0.064555,0.052642,0.004128,0.008264,0.001948,0.046614,0.178979,0.014785,0.109058,0.185540
8.401000,1.450000,0.023799,0.042305,1.052580,0.004427,0.007038,0.001933,0.138931,0.041233,0.014736,0.022609,-0.053739,-0.001958,0.094624,-0.024682,1.000000,0.000000,0.000000,0.000000,0.088274,-0.137817,0.000000,0.000000,0.000000,0.000000,-0.070826,0.066987,0.052580,0.004427,0.007038,0.001933,0.050657,0.179050,0.014736,0.110762,0.186661
8.410000,1.459000,0.025188,0.042718,1.052727,0.004653,0.006500,0.001912,0.139626,0.040797,0.015317,0.015386,0.041975,-0.002627,0.094624,-0.024682,1.000000,0.000000,0.000000,0.000000,0.088274,-0.137817,0.000000,0.000000,0.000000,0.000000,-0.069436,0.067400,0.052727,0.004653,0.006500,0.001912,0.051352,0.178614,0.015317,0.110201,0.186480
8.423000,1.472000,0.025985,0.041577,1.052427,0.004932,0.004073,0.001909,0.137966,0.035462,0.014476,0.019065,-0.056158,-0.001592,0.096439,-0.027603,1.000000,0.000000,0.000000,0.000000,0.084497,-0.140303,0.000000,0.000000,0.000000,0.000000,-0.070454,0.069180,0.052427,0.004932,0.004073,0.001909,0.053469,0.175765,0.014476,0.111795,0.184287
8.432000,1.481000,0.027612,0.041275,1.052397,0.005109,0.003559,0.001893,0.139231,0.032937,0.014440,0.016697,0.014789,-0.002064,0.096439,-0.027603,1.000000,0.000000,0.000000,0.000000,0.084497,-0.140303,0.000000,0.000000,0.000000,0.000000,-0.068826,0.068878,0.052397,0.005109,0.003559,0.001893,0.054734,0.173240,0.014440,0.110575,0.182254
8.440000,1.489000,0.029128,0.040872,1.052350,0.005243,0.001712,0.001892,0.139920,0.030118,0.014355,0.011682,-0.043973,-0.001124,0.098010,-0.030287,1.000000,0.000000,0.000000,0.000000,0.080842,-0.142116,0.000000,0.000000,0.000000,0.000000,-0.068882,0.071159,0.052350,0.005243,0.001712,0.001892,0.059077,0.172234,0.014355,0.112022,0.182649
8.450000,1.499000,0.030527,0.041174,1.052494,0.005331,0.000529,0.001888,0.140079,0.029601,0.014980,0.004101,-0.026922,-0.000610,0.098010,-0.030287,1.000000,0.000000,0.000000,0.000000,0.080842,-0.142116,0.000000,0.000000,0.000000,0.000000,-0.067483,0.071460,0.052494,0.005331,0.000529,0.001888,0.059237,0.171717,0.014980,0.111427,0.182264
8.460000,1.509000,0.031076,0.040375,1.052320,0.005474,0.000021,0.001884,0.137070,0.025488,0.014667,-0.000954,0.055770,-0.001217,0.099586,-0.033144,1.000000,0.000000,0.000000,0.000000,0.076752,-0.143554,0.000000,0.000000,0.000000,0.000000,-0.068510,0.073519,0.052320,0.005474,0.000021,0.001884,0.060318,0.169042,0.014667,0.113296,0.180079
8.470000,1.519000,0.032168,0.039885,1.052259,0.005544,-0.001805,0.001898,0.135995,0.022618,0.014645,0.002282,-0.019850,-0.000254,0.099586,-0.033144,1.000000,0.000000,0.000000,0.000000,0.076752,-0.143554,0.000000,0.000000,0.000000,0.000000,-0.067419,0.073030,0.052259,0.005544,-0.001805,0.001898,0.059243,0.166172,0.014645,0.112292,0.177023
8.480000,1.529000,0.033408,0.039410,1.052213,0.005542,-0.002779,0.001909,0.135389,0.019890,0.014669,-0.000925,-0.011448,0.000107,0.101078,-0.036026,1.000000,0.000000,0.000000,0.000000,0.072412,-0.144486,0.000000,0.000000,0.000000,0.000000,-0.067671,0.075436,0.052213,0.005542,-0.002779,0.001909,0.062977,0.164376,0.014669,0.114000,0.176637
8.491000,1.540000,0.035176,0.038507,1.052090,0.005404,-0.003467,0.001928,0.136620,0.016058,0.014455,-0.008661,0.029022,0.000287,0.101078,-0.036026,1.000000,0.000000,0.000000,0.000000,0.072412,-0.144486,0.000000,0.000000,0.000000,0.000000,-0.065902,0.074533,0.052090,0.005404,-0.003467,0.001928,0.064208,0.160544,0.014455,0.112302,0.173511
8.500000,1.549000,0.036958,0.037961,1.052074,0.005318,-0.003825,0.001947,0.137787,0.013296,0.014557,-0.013501,0.060403,0.000502,0.102616,-0.039210,1.000000,0.000000,0.000000,0.000000,0.067353,-0.144902,0.000000,0.000000,0.000000,0.000000,-0.065658,0.077171,0.052074,0.005318,-0.003825,0.001947,0.070435,0.158198,0.014557,0.113921,0.173780
8.510000,1.559000,0.038336,0.038094,1.052220,0.005198,-0.004077,0.001964,0.137404,0.012770,0.015162,-0.015364,0.069987,0.000499,0.102616,-0.039210,1.000000,0.000000,0.000000,0.000000,0.067353,-0.144902,0.000000,0.000000,0.000000,0.000000,-0.064280,0.077304,0.052220,0.005198,-0.004077,0.001964,0.070051,0.157672,0.015162,0.113290,0.173198
8.520000,1.569000,0.039098,0.037191,1.052050,0.005130,-0.003549,0.001977,0.134795,0.008892,0.014833,-0.018612,0.158233,-0.000723,0.103790,-0.041818,1.000000,0.000000,0.000000,0.000000,0.062992,-0.144751,0.000000,0.000000,0.000000,0.000000,-0.064692,0.079009,0.052050,0.005130,-0.003549,0.001977,0.071803,0.153643,0.014833,0.114615,0.170240
8.531000,1.580000,0.040669,0.036111,1.051909,0.004882,-0.004196,0.002019,0.135179,0.004874,0.014526,-0.018416,0.053161,0.000786,0.103790,-0.041818,1.000000,0.000000,0.000000,0.000000,0.062992,-0.144751,0.000000,0.000000,0.000000,0.000000,-0.063121,0.077928,0.051909,0.004882,-0.004196,0.002019,0.072187,0.149625,0.014526,0.112923,0.166762
8.540000,1.589000,0.042387,0.035431,1.051897,0.004698,-0.003554,0.002034,0.136111,0.002094,0.014603,-0.019573,0.094823,-0.000210,0.104999,-0.044706,1.000000,0.000000,0.000000,0.000000,0.057915,-0.144047,0.000000,0.000000,0.000000,0.000000,-0.062612,0.080138,0.051897,0.004698,-0.003554,0.002034,0.078196,0.146141,0.014603,0.114174,0.166388
8.550000,1.599000,0.043939,0.034674,1.051864,0.004473,-0.003600,0.002063,0.136429,-0.000846,0.014659,-0.025920,0.104318,0.000087,0.104999,-0.044706,1.000000,0.000000,0.000000,0.000000,0.057915,-0.144047,0.000000,0.000000,0.000000,0.000000,-0.061060,0.079380,0.051864,0.004473,-0.003600,0.002063,0.078513,0.143201,0.014659,0.112781,0.163969
8.560000,1.609000,0.045304,0.034665,1.052011,0.004213,-0.002556,0.002069,0.136074,-0.001288,0.015240,-0.029413,0.181909,-0.001310,0.106105,-0.047576,1.000000,0.000000,0.000000,0.000000,0.052598,-0.142764,0.000000,0.000000,0.000000,0.000000,-0.060801,0.082241,0.052011,0.004213,-0.002556,0.002069,0.083477,0.141476,0.015240,0.114741,0.164973
8.570000,1.619000,0.045872,0.033735,1.051855,0.004027,-0.003270,0.002094,0.132883,-0.004659,0.014894,-0.028733,0.088565,-0.000396,0.106105,-0.047576,1.000000,0.000000,0.000000,0.000000,0.052598,-0.142764,0.000000,0.000000,0.000000,0.000000,-0.060233,0.081310,0.051855,0.004027,-0.003270,0.002094,0.080285,0.138105,0.014894,0.113703,0.160439
8.581000,1.630000,0.047345,0.032530,1.051746,0.003643,-0.003022,0.002105,0.133099,-0.008517,0.014693,-0.032156,0.083257,-0.000986,0.107101,-0.050413,1.000000,0.000000,0.000000,0.000000,0.047042,-0.140888,0.000000,0.000000,0.000000,0.000000,-0.059756,0.082943,0.051746,0.003643,-0.003022,0.002105,0.086057,0.132372,0.014693,0.114577,0.158569
8.591000,1.640000,0.049023,0.031689,1.051761,0.003328,-0.002085,0.002102,0.134076,-0.011268,0.014803,-0.034978,0.143287,-0.002127,0.107101,-0.050413,1.000000,0.000000,0.000000,0.000000,0.047042,-0.140888,0.000000,0.000000,0.000000,0.000000,-0.058078,0.082102,0.051761,0.003328,-0.002085,0.002102,0.087034,0.129621,0.014803,0.113107,0.156830
8.600000,1.649000,0.050546,0.030786,1.051752,0.003005,-0.002602,0.002105,0.134468,-0.014115,0.014837,-0.037021,0.072834,-0.001877,0.107985,-0.053207,1.000000,0.000000,0.000000,0.000000,0.041252,-0.138408,0.000000,0.000000,0.000000,0.000000,-0.057439,0.083993,0.051752,0.003005,-0.002602,0.002105,0.093216,0.124293,0.014837,0.114159,0.156071
8.613000,1.662000,0.051963,0.029880,1.051734,0.002634,-0.002602,0.002094,0.134474,-0.016830,0.014851,-0.043177,0.059617,-0.002210,0.107985,-0.053207,1.000000,0.000000,0.000000,0.000000,0.041252,-0.138408,0.000000,0.000000,0.000000,0.000000,-0.056021,0.083087,0.051734,0.002634,-0.002602,0.002094,0.093223,0.121578,0.014851,0.112775,0.153923
8.620000,1.669000,0.053324,0.028972,1.051711,0.002224,-0.002738,0.002079,0.134270,-0.019416,0.014849,-0.046420,0.048885,-0.002543,0.108750,-0.055945,1.000000,0.000000,0.000000,0.000000,0.035230,-0.135313,0.000000,0.000000,0.000000,0.000000,-0.055426,0.084917,0.051711,0.002224,-0.002738,0.002079,0.099039,0.115897,0.014849,0.113829,0.153171
8.630000,1.679000,0.054654,0.028053,1.051684,0.001776,-0.002993,0.002061,0.133946,-0.021904,0.014813,-0.047894,0.042358,-0.002683,0.108750,-0.055945,1.000000,0.000000,0.000000,0.000000,0.035230,-0.135313,0.000000,0.000000,0.000000,0.000000,-0.054096,0.083998,0.051684,0.001776,-0.002993,0.002061,0.098716,0.113409,0.014813,0.112487,0.151082
8.640000,1.689000,0.055993,0.027834,1.051832,0.001297,-0.002569,0.002035,0.133651,-0.022080,0.015294,-0.051336,0.103560,-0.003366,0.109478,-0.059009,1.000000,0.000000,0.000000,0.000000,0.028026,-0.130985,0.000000,0.000000,0.000000,0.000000,-0.053485,0.086843,0.051832,0.001297,-0.002569,0.002035,0.105625,0.108905,0.015294,0.114407,0.152483
8.650000,1.699000,0.056740,0.026358,1.051579,0.000771,-0.003774,0.002026,0.131198,-0.026008,0.014588,-0.052212,0.036003,-0.002667,0.109478,-0.059009,1.000000,0.000000,0.000000,0.000000,0.028026,-0.130985,0.000000,0.000000,0.000000,0.000000,-0.052738,0.085367,0.051579,0.000771,-0.003774,0.002026,0.103172,0.104977,0.014588,0.112824,0.147911
8.660000,1.709000,0.058052,0.026097,1.051725,0.000257,-0.004247,0.002006,0.130815,-0.026085,0.015060,-0.055691,0.027343,-0.002674,0.109974,-0.061586,1.000000,0.000000,0.000000,0.000000,0.021524,-0.126549,0.000000,0.000000,0.000000,0.000000,-0.051922,0.087683,0.051725,0.000257,-0.004247,0.002006,0.109292,0.100464,0.015060,0.114279,0.149213
8.673000,1.722000,0.059201,0.024485,1.051478,-0.000355,-0.004876,0.001992,0.129816,-0.030260,0.014405,-0.061903,0.015203,-0.002486,0.110292,-0.063701,1.000000,0.000000,0.000000,0.000000,0.015827,-0.122283,0.000000,0.000000,0.000000,0.000000,-0.051091,0.088187,0.051478,-0.000355,-0.004876,0.001992,0.113989,0.092023,0.014405,0.114181,0.147205
8.680000,1.729000,0.060788,0.023387,1.051442,-0.000977,-0.005396,0.001979,0.130371,-0.032752,0.014374,-0.068062,0.010178,-0.002266,0.110292,-0.063701,1.000000,0.000000,0.000000,0.000000,0.015827,-0.122283,0.000000,0.000000,0.000000,0.000000,-0.049503,0.087088,0.051442,-0.000977,-0.005396,0.001979,0.114545,0.089531,0.014374,0.112611,0.146092
8.690000,1.739000,0.062092,0.023059,1.051586,-0.001657,-0.005294,0.001956,0.129839,-0.032657,0.014891,-0.073073,0.079882,-0.002823,0.110292,-0.063701,1.000000,0.000000,0.000000,0.000000,0.015827,-0.122283,0.000000,0.000000,0.000000,0.000000,-0.048200,0.086761,0.051586,-0.001657,-0.005294,0.001956,0.114012,0.089626,0.014891,0.111856,0.145785
8.700000,1.749000,0.063079,0.021383,1.051271,-0.002380,-0.006855,0.001958,0.128105,-0.036636,0.014059,-0.075106,0.004747,-0.001934,0.110539,-0.066092,1.000000,0.000000,0.000000,0.000000,0.008929,-0.116683,0.000000,0.000000,0.000000,0.000000,-0.047460,0.087476,0.051271,-0.002380,-0.006855,0.001958,0.119176,0.080047,0.014059,0.111952,0.144250
8.710000,1.759000,0.064623,0.020219,1.051211,-0.003124,-0.007522,0.001953,0.128367,-0.038932,0.013883,-0.073861,-0.019828,-0.001481,0.110539,-0.066092,1.000000,0.000000,0.000000,0.000000,0.008929,-0.116683,0.000000,0.000000,0.000000,0.000000,-0.045916,0.086312,0.051211,-0.003124,-0.007522,0.001953,0.119438,0.077751,0.013883,0.110365,0.143190
8.720000,1.769000,0.065907,0.019830,1.051350,-0.003863,-0.007720,0.001939,0.127626,-0.038626,0.014295,-0.072238,0.028508,-0.001938,0.110647,-0.068365,1.000000,0.000000,0.000000,0.000000,0.001826,-0.110457,0.000000,0.000000,0.000000,0.000000,-0.044740,0.088195,0.051350,-0.003863,-0.007720,0.001939,0.125800,0.071831,0.014295,0.111431,0.145566
8.731000,1.780000,0.066854,0.018127,1.051004,-0.004696,-0.009424,0.001951,0.125595,-0.042265,0.013460,-0.078857,-0.009277,-0.001425,0.110647,-0.068365,1.000000,0.000000,0.000000,0.000000,0.001826,-0.110457,0.000000,0.000000,0.000000,0.000000,-0.043794,0.086492,0.051004,-0.004696,-0.009424,0.001951,0.123769,0.068191,0.013460,0.109545,0.141950
8.740000,1.789000,0.068110,0.017705,1.051139,-0.005484,-0.009516,0.001938,0.124664,-0.041804,0.014044,-0.081486,0.073485,-0.002219,0.110611,-0.070506,1.000000,0.000000,0.000000,0.000000,-0.005476,-0.103609,0.000000,0.000000,0.000000,0.000000,-0.042501,0.088211,0.051139,-0.005484,-0.009516,0.001938,0.130140,0.061805,0.014044,0.110466,0.144754
8.750000,1.799000,0.068888,0.016542,1.050942,-0.006214,-0.011588,0.001953,0.121947,-0.043605,0.013612,-0.075679,-0.046350,-0.001032,0.110611,-0.070506,1.000000,0.000000,0.000000,0.000000,-0.005476,-0.103609,0.000000,0.000000,0.000000,0.000000,-0.041723,0.087049,0.050942,-0.006214,-0.011588,0.001953,0.127423,0.060004,0.013612,0.109148,0.141501
8.760000,1.809000,0.070337,0.014859,1.050739,-0.007048,-0.012660,0.001968,0.121614,-0.046784,0.013171,-0.075977,-0.052190,-0.000720,0.110427,-0.072505,1.000000,0.000000,0.000000,0.000000,-0.012971,-0.096148,0.000000,0.000000,0.000000,0.000000,-0.040090,0.087363,0.050739,-0.007048,-0.012660,0.001968,0.134585,0.049365,0.013171,0.108692,0.143956
8.770000,1.819000,0.071888,0.013526,1.050687,-0.007783,-0.013685,0.001982,0.121557,-0.048874,0.013246,-0.081510,-0.012699,-0.000869,0.110427,-0.072505,1.000000,0.000000,0.000000,0.000000,-0.012971,-0.096148,0.000000,0.000000,0.000000,0.000000,-0.038539,0.086031,0.050687,-0.007783,-0.013685,0.001982,0.134528,0.047275,0.013246,0.107031,0.143207
8.780000,1.829000,0.073104,0.013037,1.050819,-0.008598,-0.013812,0.001974,0.120205,-0.048108,0.013859,-0.086216,0.082336,-0.001778,0.110091,-0.074348,1.000000,0.000000,0.000000,0.000000,-0.020651,-0.088084,0.000000,0.000000,0.000000,0.000000,-0.036987,0.087386,0.050819,-0.008598,-0.013812,0.001974,0.140856,0.039976,0.013859,0.107642,0.147073
8.792000,1.841000,0.074069,0.011205,1.050529,-0.009393,-0.015819,0.002007,0.117869,-0.051423,0.013291,-0.086910,-0.010146,-0.000657,0.109571,-0.076103,1.000000,0.000000,0.000000,0.000000,-0.028907,-0.078982,0.000000,0.000000,0.000000,0.000000,-0.035502,0.087308,0.050529,-0.009393,-0.015819,0.002007,0.146776,0.027559,0.013291,0.106941,0.149931
8.800000,1.849000,0.075492,0.009859,1.050500,-0.010218,-0.016514,0.002025,0.117173,-0.053153,0.013491,-0.092003,0.012378,-0.000513,0.109571,-0.076103,1.000000,0.000000,0.000000,0.000000,-0.028907,-0.078982,0.000000,0.000000,0.000000,0.000000,-0.034079,0.085963,0.050500,-0.010218,-0.016514,0.002025,0.146080,0.025829,0.013491,0.105362,0.148958
8.810000,1.859000,0.076776,0.008521,1.050454,-0.011098,-0.017119,0.002042,0.115927,-0.054712,0.013633,-0.103014,0.023442,-0.000518,0.109571,-0.076103,1.000000,0.000000,0.000000,0.000000,-0.028907,-0.078982,0.000000,0.000000,0.000000,0.000000,-0.032795,0.084624,0.050454,-0.011098,-0.017119,0.002042,0.144835,0.024270,0.013633,0.103838,0.147486
8.820000,1.869000,0.077967,0.007219,1.050407,-0.012130,-0.016884,0.002040,0.114333,-0.055991,0.013763,-0.116379,0.103568,-0.001542,0.108913,-0.077591,1.000000,0.000000,0.000000,0.000000,-0.036945,-0.069725,0.000000,0.000000,0.000000,0.000000,-0.030946,0.084810,0.050407,-0.012130,-0.016884,0.002040,0.151277,0.013734,0.013763,0.103399,0.152522
8.832000,1.881000,0.079100,0.005939,1.050358,-0.013077,-0.018129,0.002066,0.112529,-0.057046,0.013828,-0.106542,0.030606,-0.000628,0.108137,-0.078829,1.000000,0.000000,0.000000,0.000000,-0.044730,-0.060416,0.000000,0.000000,0.000000,0.000000,-0.029038,0.084768,0.050358,-0.013077,-0.018129,0.002066,0.157259,0.003370,0.013828,0.102785,0.157902
8.840000,1.889000,0.080225,0.005369,1.050496,-0.014143,-0.017823,0.002056,0.110737,-0.055759,0.014437,-0.111358,0.102518,-0.001705,0.108137,-0.078829,1.000000,0.000000,0.000000,0.000000,-0.044730,-0.060416,0.000000,0.000000,0.000000,0.000000,-0.027912,0.084198,0.050496,-0.014143,-0.017823,0.002056,0.155466,0.004657,0.014437,0.102070,0.156205
8.851000,1.900000,0.080817,0.003731,1.050228,-0.015430,-0.018939,0.002085,0.107051,-0.057530,0.013814,-0.121226,0.042110,-0.000797,0.108137,-0.078829,1.000000,0.000000,0.000000,0.000000,-0.044730,-0.060416,0.000000,0.000000,0.000000,0.000000,-0.027321,0.082560,0.050228,-0.015430,-0.018939,0.002085,0.151781,0.002886,0.013814,0.100426,0.152436
8.860000,1.909000,0.081887,0.003156,1.050367,-0.016661,-0.019176,0.002089,0.105174,-0.056011,0.014386,-0.129151,0.049355,-0.001074,0.107159,-0.079935,1.000000,0.000000,0.000000,0.000000,-0.053075,-0.050095,0.000000,0.000000,0.000000,0.000000,-0.025272,0.083090,0.050367,-0.016661,-0.019176,0.002089,0.158249,-0.005916,0.014386,0.100396,0.159011
8.870000,1.919000,0.082493,0.001954,1.050215,-0.017968,-0.018803,0.002075,0.101679,-0.056344,0.014098,-0.129247,0.114489,-0.002095,0.107159,-0.079935,1.000000,0.000000,0.000000,0.000000,-0.053075,-0.050095,0.000000,0.000000,0.000000,0.000000,-0.024667,0.081889,0.050215,-0.017968,-0.018803,0.002075,0.154754,-0.006249,0.014098,0.099176,0.155520
8.882000,1.931000,0.083676,0.000146,1.050053,-0.019308,-0.019748,0.002099,0.100359,-0.058357,0.013783,-0.128329,0.042640,-0.001243,0.106013,-0.080829,1.000000,0.000000,0.000000,0.000000,-0.061564,-0.039262,0.000000,0.000000,0.000000,0.000000,-0.022337,0.080974,0.050053,-0.019308,-0.019748,0.002099,0.161924,-0.019095,0.013783,0.097781,0.163627
8.891000,1.940000,0.084952,-0.001327,1.050015,-0.020568,-0.019959,0.002106,0.099396,-0.059320,0.013774,-0.125150,0.014922,-0.001150,0.106013,-0.080829,1.000000,0.000000,0.000000,0.000000,-0.061564,-0.039262,0.000000,0.000000,0.000000,0.000000,-0.021061,0.079502,0.050015,-0.020568,-0.019959,0.002106,0.160960,-0.020058,0.013774,0.096258,0.162789
8.902000,1.951000,0.086083,-0.002769,1.049948,-0.021796,-0.019774,0.002097,0.097915,-0.060012,0.013676,-0.120847,0.054021,-0.001852,0.104555,-0.081557,1.000000,0.000000,0.000000,0.000000,-0.071060,-0.026784,0.000000,0.000000,0.000000,0.000000,-0.018472,0.078787,0.049948,-0.021796,-0.019774,0.002097,0.168974,-0.033228,0.013676,0.095097,0.172752
8.912000,1.961000,0.087109,-0.004144,1.049876,-0.023080,-0.020866,0.002115,0.096060,-0.060304,0.013620,-0.126791,0.019985,-0.001569,0.103205,-0.081944,1.000000,0.000000,0.000000,0.000000,-0.078942,-0.016164,0.000000,0.000000,0.000000,0.000000,-0.016095,0.077800,0.049876,-0.023080,-0.020866,0.002115,0.175002,-0.044140,0.013620,0.093806,0.180996
8.920000,1.969000,0.088070,-0.004747,1.050013,-0.024348,-0.020667,0.002095,0.093996,-0.058031,0.014171,-0.127813,0.090610,-0.002527,0.103205,-0.081944,1.000000,0.000000,0.000000,0.000000,-0.078942,-0.016164,0.000000,0.000000,0.000000,0.000000,-0.015135,0.077197,0.050013,-0.024348,-0.020667,0.002095,0.172938,-0.041867,0.014171,0.093218,0.178497
8.933000,1.982000,0.088611,-0.006430,1.049721,-0.025631,-0.022387,0.002125,0.090414,-0.058893,0.013482,-0.124937,-0.004606,-0.001783,0.103205,-0.081944,1.000000,0.000000,0.000000,0.000000,-0.078942,-0.016164,0.000000,0.000000,0.000000,0.000000,-0.014594,0.075514,0.049721,-0.025631,-0.022387,0.002125,0.169356,-0.042729,0.013482,0.091583,0.175183
8.945000,1.994000,0.089515,-0.007019,1.049856,-0.026880,-0.022433,0.002109,0.088199,-0.056369,0.014046,-0.128397,0.062280,-0.002651,0.101183,-0.082156,1.000000,0.000000,0.000000,0.000000,-0.089597,-0.001469,0.000000,0.000000,0.000000,0.000000,-0.011668,0.075138,0.049856,-0.026880,-0.022433,0.002109,0.177796,-0.054899,0.014046,0.090925,0.186608
8.956000,2.005000,0.090278,-0.008872,1.049606,-0.028088,-0.024111,0.002143,0.085462,-0.057672,0.013353,-0.125054,-0.044317,-0.001739,0.099399,-0.082070,1.000000,0.000000,0.000000,0.000000,-0.098140,0.010562,0.000000,0.000000,0.000000,0.000000,-0.009121,0.073199,0.049606,-0.028088,-0.024111,0.002143,0.183602,-0.068234,0.013353,0.088893,0.196326
8.960000,2.009000,0.091132,-0.009449,1.049739,-0.029339,-0.024555,0.002138,0.083079,-0.054908,0.013790,-0.129614,-0.004689,-0.002369,0.099399,-0.082070,1.000000,0.000000,0.000000,0.000000,-0.098140,0.010562,0.000000,0.000000,0.000000,0.000000,-0.008267,0.072622,0.049739,-0.029339,-0.024555,0.002138,0.181219,-0.065471,0.013790,0.088410,0.193176
8.970000,2.019000,0.091662,-0.010699,1.049584,-0.030506,-0.026183,0.002168,0.079516,-0.054222,0.013521,-0.128656,-0.012144,-0.002167,0.099399,-0.082070,1.000000,0.000000,0.000000,0.000000,-0.098140,0.010562,0.000000,0.000000,0.000000,0.000000,-0.007737,0.071371,0.049584,-0.030506,-0.026183,0.002168,0.177656,-0.064784,0.013521,0.087248,0.189582
8.980000,2.029000,0.092353,-0.011873,1.049512,-0.031743,-0.027512,0.002198,0.076544,-0.053166,0.013497,-0.130074,-0.027057,-0.002346,0.097665,-0.081797,1.000000,0.000000,0.000000,0.000000,-0.105856,0.021599,0.000000,0.000000,0.000000,0.000000,-0.005312,0.069925,0.049512,-0.031743,-0.027512,0.002198,0.182400,-0.074765,0.013497,0.085844,0.197590
8.990000,2.039000,0.093338,-0.013705,1.049390,-0.033045,-0.028813,0.002240,0.074584,-0.054048,0.013276,-0.131387,-0.044542,-0.002229,0.097665,-0.081797,1.000000,0.000000,0.000000,0.000000,-0.105856,0.021599,0.000000,0.000000,0.000000,0.000000,-0.004327,0.068093,0.049390,-0.033045,-0.028813,0.002240,0.180441,-0.075646,0.013276,0.084230,0.196106
9.001000,2.050000,0.094306,-0.015148,1.049386,-0.034316,-0.029215,0.002241,0.072506,-0.053717,0.013397,-0.136225,0.036572,-0.002995,0.095342,-0.081198,1.000000,0.000000,0.000000,0.000000,-0.115473,0.035550,0.000000,0.000000,0.000000,0.000000,-0.001036,0.066050,0.049386,-0.034316,-0.029215,0.002241,0.187979,-0.089267,0.013397,0.082478,0.208528
9.010000,2.059000,0.095136,-0.016540,1.049364,-0.035588,-0.031144,0.002287,0.069884,-0.053083,0.013497,-0.137403,-0.018537,-0.002020,0.095342,-0.081198,1.000000,0.000000,0.000000,0.000000,-0.115473,0.035550,0.000000,0.000000,0.000000,0.000000,-0.000205,0.064658,0.049364,-0.035588,-0.031144,0.002287,0.185356,-0.088633,0.013497,0.081348,0.205900
9.021000,2.070000,0.095865,-0.017844,1.049341,-0.036943,-0.032114,0.002320,0.066873,-0.052017,0.013585,-0.141129,0.003904,-0.001770,0.093064,-0.080400,1.000000,0.000000,0.000000,0.000000,-0.124244,0.048440,0.000000,0.000000,0.000000,0.000000,0.002800,0.062556,0.049341,-0.036943,-0.032114,0.002320,0.191117,-0.100457,0.013585,0.079722,0.216337
9.030000,2.079000,0.096533,-0.018364,1.049477,-0.038353,-0.032075,0.002301,0.063695,-0.048381,0.014082,-0.147041,0.091276,-0.002622,0.093064,-0.080400,1.000000,0.000000,0.000000,0.000000,-0.124244,0.048440,0.000000,0.000000,0.000000,0.000000,0.003469,0.062036,0.049477,-0.038353,-0.032075,0.002301,0.187939,-0.096820,0.014082,0.079426,0.211881
9.041000,2.090000,0.096869,-0.019972,1.049271,-0.039800,-0.033744,0.002353,0.059319,-0.047949,0.013564,-0.145349,0.020094,-0.001410,0.090487,-0.079294,1.000000,0.000000,0.000000,0.000000,-0.133539,0.062242,0.000000,0.000000,0.000000,0.000000,0.006382,0.059322,0.049271,-0.039800,-0.033744,0.002353,0.192859,-0.110191,0.013564,0.077379,0.222532
9.051000,2.100000,0.097555,-0.021232,1.049277,-0.041217,-0.034214,0.002379,0.056302,-0.046498,0.013546,-0.142513,0.006507,-0.000948,0.090487,-0.079294,1.000000,0.000000,0.000000,0.000000,-0.133539,0.062242,0.000000,0.000000,0.000000,0.000000,0.007068,0.058062,0.049277,-0.041217,-0.034214,0.002379,0.189841,-0.108740,0.013546,0.076481,0.219198
9.062000,2.111000,0.098146,-0.022463,1.049264,-0.042633,-0.034737,0.002409,0.053003,-0.044856,0.013466,-0.141796,0.003216,-0.000785,0.087722,-0.077909,1.000000,0.000000,0.000000,0.000000,-0.142887,0.076241,0.000000,0.000000,0.000000,0.000000,0.010424,0.055447,0.049264,-0.042633,-0.034737,0.002409,0.195889,-0.121097,0.013466,0.074899,0.230691
9.070000,2.119000,0.098676,-0.022911,1.049398,-0.044033,-0.035329,0.002432,0.049560,-0.040661,0.013899,-0.143999,0.027466,-0.001265,0.087722,-0.077909,1.000000,0.000000,0.000000,0.000000,-0.142887,0.076241,0.000000,0.000000,0.000000,0.000000,0.010954,0.054998,0.049398,-0.044033,-0.035329,0.002432,0.192447,-0.116902,0.013899,0.074733,0.225599
9.080000,2.129000,0.098817,-0.023903,1.049272,-0.045498,-0.035154,0.002416,0.044790,-0.038105,0.013552,-0.147946,0.109032,-0.002432,0.084771,-0.076243,1.000000,0.000000,0.000000,0.000000,-0.152274,0.090392,0.000000,0.000000,0.000000,0.000000,0.014046,0.052341,0.049272,-0.045498,-0.035154,0.002416,0.197064,-0.128498,0.013552,0.073243,0.235647
9.090000,2.139000,0.099282,-0.025424,1.049198,-0.046907,-0.036628,0.002472,0.041270,-0.037052,0.013273,-0.139747,0.020242,-0.001382,0.084771,-0.076243,1.000000,0.000000,0.000000,0.000000,-0.152274,0.090392,0.000000,0.000000,0.000000,0.000000,0.014511,0.050819,0.049198,-0.046907,-0.036628,0.002472,0.193545,-0.127444,0.013273,0.072205,0.232116
9.101000,2.150000,0.099792,-0.026606,1.049229,-0.048245,-0.037125,0.002501,0.037985,-0.035028,0.013293,-0.137470,0.027801,-0.001642,0.081631,-0.074293,1.000000,0.000000,0.000000,0.000000,-0.161691,0.104649,0.000000,0.000000,0.000000,0.000000,0.018160,0.047687,0.049229,-0.048245,-0.037125,0.002501,0.199677,-0.139677,0.013293,0.070904,0.244043
9.112000,2.161000,0.100207,-0.027753,1.049236,-0.049565,-0.037621,0.002526,0.034421,-0.032814,0.013334,-0.148852,0.029489,-0.001826,0.081631,-0.074293,1.000000,0.000000,0.000000,0.000000,-0.161691,0.104649,0.000000,0.000000,0.000000,0.000000,0.018576,0.046540,0.049236,-0.049565,-0.037621,0.002526,0.196112,-0.137463,0.013334,0.070251,0.239862
9.120000,2.169000,0.100551,-0.028081,1.049370,-0.051052,-0.037327,0.002493,0.030696,-0.027938,0.013735,-0.164103,0.102520,-0.002937,0.078303,-0.072057,1.000000,0.000000,0.000000,0.000000,-0.171125,0.118964,0.000000,0.000000,0.000000,0.000000,0.022248,0.043976,0.049370,-0.051052,-0.037327,0.002493,0.201821,-0.146902,0.013735,0.069758,0.250001
9.132000,2.181000,0.100702,-0.029600,1.049198,-0.052301,-0.038596,0.002537,0.026345,-0.026697,0.013193,-0.136826,0.034903,-0.002041,0.078303,-0.072057,1.000000,0.000000,0.000000,0.000000,-0.171125,0.118964,0.000000,0.000000,0.000000,0.000000,0.022399,0.042457,0.049198,-0.052301,-0.038596,0.002537,0.197470,-0.145661,0.013193,0.068737,0.245735
9.140000,2.189000,0.101003,-0.030617,1.049209,-0.053676,-0.039096,0.002557,0.022643,-0.023910,0.013189,-0.138690,0.035104,-0.002384,0.074786,-0.069534,1.000000,0.000000,0.000000,0.000000,-0.180564,0.133288,0.000000,0.000000,0.000000,0.000000,0.026217,0.038918,0.049209,-0.053676,-0.039096,0.002557,0.203206,-0.157198,0.013189,0.067996,0.257251
9.150000,2.199000,0.101229,-0.030856,1.049341,-0.055061,-0.038747,0.002514,0.018773,-0.018631,0.013535,-0.144537,0.109427,-0.003365,0.074786,-0.069534,1.000000,0.000000,0.000000,0.000000,-0.180564,0.133288,0.000000,0.000000,0.000000,0.000000,0.026443,0.038679,0.049341,-0.055061,-0.038747,0.002514,0.199336,-0.151918,0.013535,0.068043,0.250993
9.160000,2.209000,0.101319,-0.032338,1.049139,-0.056440,-0.039868,0.002547,0.014503,-0.017191,0.012891,-0.143434,0.041577,-0.002713,0.071081,-0.066726,1.000000,0.000000,0.000000,0.000000,-0.189995,0.147570,0.000000,0.000000,0.000000,0.000000,0.030238,0.034388,0.049139,-0.056440,-0.039868,0.002547,0.204498,-0.164761,0.012891,0.067168,0.262929
9.171000,2.220000,0.101484,-0.033251,1.049126,-0.057806,-0.040298,0.002559,0.010616,-0.013970,0.012715,-0.137038,0.014796,-0.002527,0.071081,-0.066726,1.000000,0.000000,0.000000,0.000000,-0.189995,0.147570,0.000000,0.000000,0.000000,0.000000,0.030403,0.033475,0.049126,-0.057806,-0.040298,0.002559,0.200611,-0.161540,0.012715,0.066771,0.257879
9.180000,2.229000,0.101590,-0.033390,1.049253,-0.059175,-0.040152,0.002526,0.006630,-0.008290,0.012946,-0.136958,0.062957,-0.003168,0.067187,-0.063632,1.000000,0.000000,0.000000,0.000000,-0.199406,0.161760,0.000000,0.000000,0.000000,0.000000,0.034404,0.030242,0.049253,-0.059175,-0.040152,0.002526,0.206037,-0.170050,0.012946,0.067261,0.267462
9.191000,2.240000,0.101597,-0.034805,1.049013,-0.060488,-0.041279,0.002566,0.002375,-0.006576,0.012215,-0.135646,0.031297,-0.002825,0.067187,-0.063632,1.000000,0.000000,0.000000,0.000000,-0.199406,0.161760,0.000000,0.000000,0.000000,0.000000,0.034410,0.028827,0.049013,-0.060488,-0.041279,0.002566,0.201781,-0.168336,0.012215,0.066463,0.263062
9.200000,2.249000,0.101621,-0.034871,1.049135,-0.061843,-0.040969,0.002519,-0.001714,-0.000625,0.012551,-0.139803,0.112695,-0.003698,0.062896,-0.060080,1.000000,0.000000,0.000000,0.000000,-0.209253,0.176504,0.000000,0.000000,0.000000,0.000000,0.038725,0.025209,0.049135,-0.061843,-0.040969,0.002519,0.207539,-0.177129,0.012551,0.067449,0.273139
9.210000,2.259000,0.101586,-0.035741,1.049002,-0.062941,-0.042562,0.002562,-0.005931,0.002662,0.012191,-0.127381,0.013526,-0.002728,0.062896,-0.060080,1.000000,0.000000,0.000000,0.000000,-0.209253,0.176504,0.000000,0.000000,0.000000,0.000000,0.038691,0.024339,0.049002,-0.062941,-0.042562,0.002562,0.203322,-0.173842,0.012191,0.067011,0.267786
9.220000,2.269000,0.101515,-0.036873,1.048877,-0.064202,-0.043227,0.002609,-0.010207,0.005361,0.011851,-0.122750,0.016160,-0.002639,0.058835,-0.056601,1.000000,0.000000,0.000000,0.000000,-0.218119,0.189656,0.000000,0.000000,0.000000,0.000000,0.042679,0.019728,0.048877,-0.064202,-0.043227,0.002609,0.207912,-0.184295,0.011851,0.067821,0.278087
9.230000,2.279000,0.101388,-0.037545,1.048860,-0.065367,-0.043900,0.002644,-0.014604,0.009396,0.011811,-0.132449,0.018658,-0.002528,0.058835,-0.056601,1.000000,0.000000,0.000000,0.000000,-0.218119,0.189656,0.000000,0.000000,0.000000,0.000000,0.042553,0.019056,0.048860,-0.065367,-0.043900,0.002644,0.203515,-0.180260,0.011811,0.067537,0.272124
9.240000,2.289000,0.101216,-0.038204,1.048819,-0.066537,-0.044550,0.002680,-0.019071,0.013445,0.011688,-0.134548,0.021125,-0.002338,0.054380,-0.052672,1.000000,0.000000,0.000000,0.000000,-0.227396,0.203257,0.000000,0.000000,0.000000,0.000000,0.046836,0.014468,0.048819,-0.066537,-0.044550,0.002680,0.208324,-0.189812,0.011688,0.069182,0.282071
9.250000,2.299000,0.101025,-0.038069,1.048936,-0.067881,-0.044340,0.002643,-0.023489,0.019996,0.012077,-0.136819,0.104573,-0.003266,0.054380,-0.052672,1.000000,0.000000,0.000000,0.000000,-0.227396,0.203257,0.000000,0.000000,0.000000,0.000000,0.046645,0.014602,0.048936,-0.067881,-0.044340,0.002643,0.203907,-0.183261,0.012077,0.069164,0.274424
9.260000,2.309000,0.100885,-0.038837,1.048781,-0.068902,-0.045719,0.002689,-0.027634,0.023506,0.011653,-0.122398,0.031568,-0.002316,0.049740,-0.048473,1.000000,0.000000,0.000000,0.000000,-0.236602,0.216557,0.000000,0.000000,0.000000,0.000000,0.051145,0.009636,0.048781,-0.068902,-0.045719,0.002689,0.208967,-0.193050,0.011653,0.071332,0.284730
9.270000,2.319000,0.100570,-0.039706,1.048636,-0.070149,-0.046309,0.002738,-0.032317,0.026982,0.011192,-0.124450,0.001530,-0.002017,0.049740,-0.048473,1.000000,0.000000,0.000000,0.000000,-0.236602,0.216557,0.000000,0.000000,0.000000,0.000000,0.050830,0.008767,0.048636,-0.070149,-0.046309,0.002738,0.204284,-0.189574,0.011192,0.070895,0.278919
9.280000,2.329000,0.100247,-0.039437,1.048748,-0.071393,-0.046296,0.002717,-0.036907,0.033883,0.011482,-0.132017,0.050286,-0.002766,0.044917,-0.044012,1.000000,0.000000,0.000000,0.000000,-0.245724,0.229502,0.000000,0.000000,0.000000,0.000000,0.055330,0.004575,0.048748,-0.071393,-0.046296,0.002717,0.208817,-0.195619,0.011482,0.073883,0.286362
9.291000,2.340000,0.099869,-0.040512,1.048523,-0.072409,-0.047497,0.002783,-0.041602,0.036474,0.010915,-0.114511,0.031635,-0.002497,0.044917,-0.044012,1.000000,0.000000,0.000000,0.000000,-0.245724,0.229502,0.000000,0.000000,0.000000,0.000000,0.054952,0.003499,0.048523,-0.072409,-0.047497,0.002783,0.204122,-0.193028,0.010915,0.073392,0.281149
9.301000,2.350000,0.099356,-0.040803,1.048489,-0.073502,-0.048234,0.002828,-0.046691,0.041574,0.010911,-0.109674,0.028423,-0.002769,0.039912,-0.039296,1.000000,0.000000,0.000000,0.000000,-0.254750,0.242040,0.000000,0.000000,0.000000,0.000000,0.059444,-0.001507,0.048489,-0.073502,-0.048234,0.002828,0.208060,-0.200466,0.010911,0.076727,0.289127
9.312000,2.361000,0.098827,-0.041096,1.048447,-0.074529,-0.048937,0.002870,-0.051727,0.046588,0.010903,-0.117678,0.017518,-0.002794,0.039912,-0.039296,1.000000,0.000000,0.000000,0.000000,-0.254750,0.242040,0.000000,0.000000,0.000000,0.000000,0.058915,-0.001800,0.048447,-0.074529,-0.048937,0.002870,0.203024,-0.195452,0.010903,0.076298,0.282027
9.322000,2.371000,0.098272,-0.041336,1.048409,-0.075540,-0.049589,0.002909,-0.056742,0.051716,0.010899,-0.116780,0.020741,-0.002899,0.034727,-0.034333,1.000000,0.000000,0.000000,0.000000,-0.263668,0.254120,0.000000,0.000000,0.000000,0.000000,0.063545,-0.007002,0.048409,-0.075540,-0.049589,0.002909,0.206925,-0.202404,0.010899,0.080190,0.289662
9.330000,2.379000,0.097681,-0.041515,1.048376,-0.076546,-0.050187,0.002944,-0.061772,0.056975,0.010892,-0.101104,0.038946,-0.002980,0.034727,-0.034333,1.000000,0.000000,0.000000,0.000000,-0.263668,0.254120,0.000000,0.000000,0.000000,0.000000,0.062953,-0.007182,0.048376,-0.076546,-0.050187,0.002944,0.201896,-0.197145,0.010892,0.079718,0.282395
9.340000,2.389000,0.097063,-0.040946,1.048485,-0.077554,-0.049801,0.002884,-0.066756,0.064515,0.011293,-0.100909,0.129786,-0.003972,0.029366,-0.029134,1.000000,0.000000,0.000000,0.000000,-0.272463,0.265689,0.000000,0.000000,0.000000,0.000000,0.067697,-0.011811,0.048485,-0.077554,-0.049801,0.002884,0.205707,-0.201174,0.011293,0.084102,0.287948
9.351000,2.400000,0.096616,-0.041829,1.048294,-0.078403,-0.051108,0.002938,-0.071014,0.067325,0.010794,-0.097159,0.045920,-0.003011,0.029366,-0.029134,1.000000,0.000000,0.000000,0.000000,-0.272463,0.265689,0.000000,0.000000,0.000000,0.000000,0.067250,-0.012695,0.048294,-0.078403,-0.051108,0.002938,0.201449,-0.198364,0.010794,0.083762,0.282925
9.360000,2.409000,0.095774,-0.041735,1.048284,-0.079284,-0.051413,0.002950,-0.076576,0.073288,0.010822,-0.089296,0.064378,-0.003026,0.023830,-0.023709,1.000000,0.000000,0.000000,0.000000,-0.281123,0.276698,0.000000,0.000000,0.000000,0.000000,0.071944,-0.018026,0.048284,-0.079284,-0.051413,0.002950,0.204547,-0.203410,0.010822,0.088500,0.288673
9.370000,2.419000,0.094933,-0.041672,1.048255,-0.080073,-0.051612,0.002955,-0.081965,0.079008,0.010789,-0.081916,0.073941,-0.002937,0.023830,-0.023709,1.000000,0.000000,0.000000,0.000000,-0.281123,0.276698,0.000000,0.000000,0.000000,0.000000,0.071103,-0.017963,0.048255,-0.080073,-0.051612,0.002955,0.199159,-0.197690,0.010789,0.087788,0.280824
9.380000,2.429000,0.094113,-0.040882,1.048363,-0.080887,-0.050877,0.002866,-0.087091,0.086894,0.011154,-0.085012,0.158730,-0.003907,0.018122,-0.018070,1.000000,0.000000,0.000000,0.000000,-0.289636,0.287097,0.000000,0.000000,0.000000,0.000000,0.075991,-0.022811,0.048363,-0.080887,-0.050877,0.002866,0.202545,-0.200203,0.011154,0.092919,0.285009
9.390000,2.439000,0.093512,-0.041637,1.048152,-0.081408,-0.051707,0.002893,-0.091263,0.089677,0.010563,-0.074276,0.076806,-0.002771,0.018122,-0.018070,1.000000,0.000000,0.000000,0.000000,-0.289636,0.287097,0.000000,0.000000,0.000000,0.000000,0.075390,-0.023567,0.048152,-0.081408,-0.051707,0.002893,0.198373,-0.197421,0.010563,0.092508,0.280068
9.402000,2.451000,0.092431,-0.041287,1.048121,-0.082040,-0.051691,0.002883,-0.097013,0.096048,0.010502,-0.066025,0.088082,-0.002757,0.012245,-0.012230,1.000000,0.000000,0.000000,0.000000,-0.297988,0.296838,0.000000,0.000000,0.000000,0.000000,0.080185,-0.029057,0.048121,-0.082040,-0.051691,0.002883,0.200975,-0.200790,0.010502,0.097927,0.284285
9.410000,2.459000,0.091461,-0.040327,1.048226,-0.082573,-0.051617,0.002855,-0.102155,0.104128,0.010865,-0.061407,0.089962,-0.002767,0.012245,-0.012230,1.000000,0.000000,0.000000,0.000000,-0.297988,0.296838,0.000000,0.000000,0.000000,0.000000,0.079215,-0.028097,0.048226,-0.082573,-0.051617,0.002855,0.195833,-0.192710,0.010865,0.096903,0.274965
9.420000,2.469000,0.090953,-0.040706,1.048075,-0.082844,-0.051388,0.002841,-0.105436,0.107474,0.010470,-0.056392,0.090994,-0.002791,0.006204,-0.006202,1.000000,0.000000,0.000000,0.000000,-0.306166,0.305874,0.000000,0.000000,0.000000,0.000000,0.084749,-0.034504,0.048075,-0.082844,-0.051388,0.002841,0.200730,-0.198400,0.010470,0.103364,0.282427
9.430000,2.479000,0.090090,-0.040516,1.048000,-0.083346,-0.050432,0.002753,-0.109850,0.112769,0.010236,-0.063106,0.162862,-0.003776,0.006204,-0.006202,1.000000,0.000000,0.000000,0.000000,-0.306166,0.305874,0.000000,0.000000,0.000000,0.000000,0.083887,-0.034314,0.048000,-0.083346,-0.050432,0.002753,0.196317,-0.193104,0.010236,0.102560,0.275562
9.440000,2.489000,0.089095,-0.040179,1.047932,-0.083650,-0.051100,0.002751,-0.114575,0.118437,0.010021,-0.050953,0.086757,-0.002797,-0.000000,0.000000,1.000000,0.000000,0.000000,0.000000,-0.314159,0.314159,0.000000,0.000000,0.000000,0.000000,0.089095,-0.040179,0.047932,-0.083650,-0.051100,0.002751,0.199584,-0.195722,0.010021,0.108857,0.279717
9.452000,2.501000,0.087644,-0.039856,1.047775,-0.084137,-0.051257,0.002763,-0.120781,0.124230,0.009650,-0.042190,0.048622,-0.002463,-0.006361,0.006359,1.000000,0.000000,0.000000,0.000000,-0.321954,0.321651,0.000000,0.000000,0.000000,0.000000,0.094005,-0.046215,0.047775,-0.084137,-0.051257,0.002763,0.201172,-0.197421,0.009650,0.115132,0.282025
9.460000,2.509000,0.086099,-0.039030,1.047714,-0.084482,-0.051557,0.002774,-0.127114,0.131335,0.009559,-0.033870,0.027395,-0.002515,-0.006361,0.006359,1.000000,0.000000,0.000000,0.000000,-0.321954,0.321651,0.000000,0.000000,0.000000,0.000000,0.092460,-0.045390,0.047714,-0.084482,-0.051557,0.002774,0.194839,-0.190316,0.009559,0.113515,0.272532
9.470000,2.519000,0.084828,-0.037717,1.047810,-0.084818,-0.051286,0.002726,-0.132243,0.139670,0.010047,-0.050824,0.117861,-0.003531,-0.006361,0.006359,1.000000,0.000000,0.000000,0.000000,-0.321954,0.321651,0.000000,0.000000,0.000000,0.000000,0.091189,-0.044076,0.047810,-0.084818,-0.051286,0.002726,0.189711,-0.181981,0.010047,0.112000,0.263075
9.481000,2.530000,0.083736,-0.038036,1.047543,-0.084744,-0.052638,0.002791,-0.136607,0.142500,0.009462,-0.036583,0.042529,-0.002839,-0.012877,0.012860,1.000000,0.000000,0.000000,0.000000,-0.329537,0.328308,0.000000,0.000000,0.000000,0.000000,0.096613,-0.050896,0.047543,-0.084744,-0.052638,0.002791,0.192931,-0.185808,0.009462,0.119100,0.268023
9.490000,2.539000,0.082370,-0.036611,1.047637,-0.085106,-0.052217,0.002727,-0.141837,0.150851,0.009843,-0.038265,0.105194,-0.003566,-0.012877,0.012860,1.000000,0.000000,0.000000,0.000000,-0.329537,0.328308,0.000000,0.000000,0.000000,0.000000,0.095247,-0.049471,0.047637,-0.085106,-0.052217,0.002727,0.187700,-0.177457,0.009843,0.117425,0.258494
9.500000,2.549000,0.081463,-0.036561,1.047500,-0.084932,-0.053496,0.002787,-0.145273,0.154298,0.009536,-0.018053,0.007837,-0.002281,-0.019541,0.019486,1.000000,0.000000,0.000000,0.000000,-0.336898,0.334091,0.000000,0.000000,0.000000,0.000000,0.101004,-0.056047,0.047500,-0.084932,-0.053496,0.002787,0.191625,-0.179793,0.009536,0.124898,0.262938
9.510000,2.559000,0.079767,-0.035955,1.047374,-0.085093,-0.054431,0.002879,-0.151510,0.159951,0.009298,-0.009755,-0.005354,-0.001781,-0.019541,0.019486,1.000000,0.000000,0.000000,0.000000,-0.336898,0.334091,0.000000,0.000000,0.000000,0.000000,0.099309,-0.055441,0.047374,-0.085093,-0.054431,0.002879,0.185388,-0.174140,0.009298,0.123208,0.254519
9.520000,2.569000,0.078252,-0.034356,1.047467,-0.085190,-0.054485,0.002865,-0.156920,0.168337,0.009700,-0.014439,0.063415,-0.002505,-0.026351,0.026218,1.000000,0.000000,0.000000,0.000000,-0.344023,0.338963,0.000000,0.000000,0.000000,0.000000,0.104603,-0.060574,0.047467,-0.085190,-0.054485,0.002865,0.187103,-0.170625,0.009700,0.129862,0.253406
9.530000,2.579000,0.077128,-0.034098,1.047360,-0.084787,-0.056048,0.002962,-0.160821,0.171913,0.009600,-0.009157,0.022389,-0.001970,-0.026351,0.026218,1.000000,0.000000,0.000000,0.000000,-0.344023,0.338963,0.000000,0.000000,0.000000,0.000000,0.103479,-0.060316,0.047360,-0.084787,-0.056048,0.002962,0.183202,-0.167050,0.009600,0.128798,0.248114
9.540000,2.589000,0.075195,-0.033258,1.047254,-0.084718,-0.057217,0.003078,-0.167628,0.177753,0.009497,0.000475,0.019464,-0.001594,-0.033301,0.033038,1.000000,0.000000,0.000000,0.000000,-0.350901,0.342889,0.000000,0.000000,0.000000,0.000000,0.108496,-0.066296,0.047254,-0.084718,-0.057217,0.003078,0.183273,-0.165136,0.009497,0.135645,0.246879
9.550000,2.599000,0.073073,-0.031775,1.047245,-0.084604,-0.058056,0.003155,-0.174977,0.185349,0.009617,0.006695,0.038486,-0.001238,-0.033301,0.033038,1.000000,0.000000,0.000000,0.000000,-0.350901,0.342889,0.000000,0.000000,0.000000,0.000000,0.106373,-0.064813,0.047245,-0.084604,-0.058056,0.003155,0.175924,-0.157541,0.009617,0.133222,0.236349
9.561000,2.610000,0.071082,-0.030467,1.047226,-0.084389,-0.058667,0.003218,-0.181655,0.192013,0.009701,0.009042,0.058150,-0.000974,-0.040385,0.039927,1.000000,0.000000,0.000000,0.000000,-0.357521,0.345839,0.000000,0.000000,0.000000,0.000000,0.111468,-0.070394,0.047226,-0.084389,-0.058667,0.003218,0.175866,-0.153826,0.009701,0.140038,0.233849
9.571000,2.620000,0.069163,-0.029212,1.047209,-0.084120,-0.059022,0.003264,-0.187885,0.198222,0.009783,0.009307,0.081510,-0.001099,-0.040385,0.039927,1.000000,0.000000,0.000000,0.000000,-0.357521,0.345839,0.000000,0.000000,0.000000,0.000000,0.109548,-0.069139,0.047209,-0.084120,-0.059022,0.003264,0.169636,-0.147618,0.009783,0.137876,0.225084
9.580000,2.629000,0.067284,-0.027230,1.047307,-0.084022,-0.058211,0.003184,-0.193754,0.206510,0.010200,-0.006454,0.187376,-0.002673,-0.047600,0.046865,1.000000,0.000000,0.000000,0.000000,-0.363870,0.347784,0.000000,0.000000,0.000000,0.000000,0.114884,-0.074095,0.047307,-0.084022,-0.058211,0.003184,0.170115,-0.141274,0.010200,0.144659,0.221363
9.590000,2.639000,0.066533,-0.027324,1.047210,-0.083157,-0.058944,0.003229,-0.195392,0.207329,0.010009,0.014289,0.096337,-0.001153,-0.047600,0.046865,1.000000,0.000000,0.000000,0.000000,-0.363870,0.347784,0.000000,0.000000,0.000000,0.000000,0.114132,-0.074189,0.047210,-0.083157,-0.058944,0.003229,0.168477,-0.140454,0.010009,0.144080,0.219573
9.600000,2.649000,0.064430,-0.026260,1.047137,-0.082958,-0.058885,0.003258,-0.201810,0.212549,0.009891,0.016199,0.116966,-0.001162,-0.054938,0.053832,1.000000,0.000000,0.000000,0.000000,-0.369937,0.348697,0.000000,0.000000,0.000000,0.000000,0.119368,-0.080091,0.047137,-0.082958,-0.058885,0.003258,0.168127,-0.136148,0.009891,0.151279,0.216566
9.610000,2.659000,0.061925,-0.024377,1.047139,-0.082730,-0.058630,0.003243,-0.209426,0.220151,0.009948,0.019240,0.135826,-0.001269,-0.054938,0.053832,1.000000,0.000000,0.000000,0.000000,-0.369937,0.348697,0.000000,0.000000,0.000000,0.000000,0.116863,-0.078208,0.047139,-0.082730,-0.058630,0.003243,0.160510,-0.128546,0.009948,0.148309,0.205880
9.620000,2.669000,0.059831,-0.022175,1.047239,-0.082531,-0.057278,0.003118,-0.215251,0.228296,0.010292,0.005682,0.226082,-0.002916,-0.062395,0.060806,1.000000,0.000000,0.000000,0.000000,-0.375712,0.348556,0.000000,0.000000,0.000000,0.000000,0.122226,-0.082981,0.047239,-0.082531,-0.057278,0.003118,0.160460,-0.120261,0.010292,0.155102,0.200789
9.630000,2.679000,0.058711,-0.021951,1.047135,-0.081568,-0.057076,0.003092,-0.217305,0.229321,0.010049,0.029986,0.153657,-0.001765,-0.062395,0.060806,1.000000,0.000000,0.000000,0.000000,-0.375712,0.348556,0.000000,0.000000,0.000000,0.000000,0.121106,-0.082757,0.047135,-0.081568,-0.057076,0.003092,0.158407,-0.119235,0.010049,0.154069,0.198521
9.640000,2.689000,0.056261,-0.020576,1.047046,-0.081221,-0.056336,0.003052,-0.223966,0.234714,0.009855,0.037039,0.166423,-0.002287,-0.069965,0.067767,1.000000,0.000000,0.000000,0.000000,-0.381183,0.347343,0.000000,0.000000,0.000000,0.000000,0.126226,-0.088343,0.047046,-0.081221,-0.056336,0.003052,0.157217,-0.112629,0.009855,0.161092,0.193648
9.650000,2.699000,0.054021,-0.018229,1.047144,-0.080842,-0.054679,0.002894,-0.229560,0.242709,0.010194,0.022630,0.232649,-0.003709,-0.069965,0.067767,1.000000,0.000000,0.000000,0.000000,-0.381183,0.347343,0.000000,0.000000,0.000000,0.000000,0.123986,-0.085996,0.047144,-0.080842,-0.054679,0.002894,0.151623,-0.104633,0.010194,0.158084,0.184503
9.661000,2.710000,0.051720,-0.017290,1.046993,-0.080050,-0.054723,0.002868,-0.235091,0.245947,0.009802,0.042096,0.147658,-0.002636,-0.077641,0.074692,1.000000,0.000000,0.000000,0.000000,-0.386340,0.345039,0.000000,0.000000,0.000000,0.000000,0.129361,-0.091983,0.046993,-0.080050,-0.054723,0.002868,0.151250,-0.099092,0.009802,0.165539,0.181085
9.671000,2.720000,0.049369,-0.014831,1.047091,-0.079622,-0.053253,0.002723,-0.240522,0.253827,0.010118,0.040765,0.190946,-0.003447,-0.077641,0.074692,1.000000,0.000000,0.000000,0.000000,-0.386340,0.345039,0.000000,0.000000,0.000000,0.000000,0.127010,-0.089523,0.047091,-0.079622,-0.053253,0.002723,0.145819,-0.091213,0.010118,0.162368,0.172294
9.680000,2.729000,0.047762,-0.014099,1.046997,-0.078511,-0.053045,0.002683,-0.243011,0.255482,0.009878,0.064640,0.110514,-0.002524,-0.085416,0.081561,1.000000,0.000000,0.000000,0.000000,-0.391174,0.341634,0.000000,0.000000,0.000000,0.000000,0.133178,-0.095660,0.046997,-0.078511,-0.053045,0.002683,0.148162,-0.086153,0.009878,0.170575,0.171674
9.690000,2.739000,0.045653,-0.012627,1.046962,-0.077525,-0.052828,0.002666,-0.247152,0.259649,0.009826,0.081427,0.082347,-0.002608,-0.085416,0.081561,1.000000,0.000000,0.000000,0.000000,-0.391174,0.341634,0.000000,0.000000,0.000000,0.000000,0.131069,-0.094188,0.046962,-0.077525,-0.052828,0.002666,0.144021,-0.081985,0.009826,0.168095,0.166013
9.700000,2.749000,0.043356,-0.010941,1.046942,-0.076655,-0.051974,0.002596,-0.251785,0.264342,0.009827,0.077349,0.139133,-0.003385,-0.093285,0.088350,1.000000,0.000000,0.000000,0.000000,-0.395673,0.337119,0.000000,0.000000,0.000000,0.000000,0.136642,-0.099292,0.046942,-0.076655,-0.051974,0.002596,0.143888,-0.072777,0.009827,0.175309,0.161545
9.711000,2.760000,0.040115,-0.008768,1.046889,-0.075580,-0.053407,0.002648,-0.259720,0.270832,0.009774,0.090374,0.062849,-0.002817,-0.093285,0.088350,1.000000,0.000000,0.000000,0.000000,-0.395673,0.337119,0.000000,0.000000,0.000000,0.000000,0.133400,-0.097119,0.046889,-0.075580,-0.053407,0.002648,0.135953,-0.066287,0.009774,0.171540,0.151568
9.720000,2.769000,0.036778,-0.006084,1.046904,-0.074492,-0.054155,0.002687,-0.267759,0.278486,0.009927,0.100188,0.047462,-0.002474,-0.101241,0.095038,1.000000,0.000000,0.000000,0.000000,-0.399829,0.331487,0.000000,0.000000,0.000000,0.000000,0.138019,-0.101122,0.046904,-0.074492,-0.054155,0.002687,0.132070,-0.053001,0.009927,0.177412,0.142654
9.731000,2.780000,0.033713,-0.003726,1.046910,-0.073254,-0.054833,0.002733,-0.274579,0.284559,0.010050,0.104726,0.056197,-0.001934,-0.101241,0.095038,1.000000,0.000000,0.000000,0.000000,-0.399829,0.331487,0.000000,0.000000,0.000000,0.000000,0.134954,-0.098764,0.046910,-0.073254,-0.054833,0.002733,0.125251,-0.046927,0.010050,0.173688,0.134130
9.740000,2.789000,0.030968,-0.000881,1.047010,-0.071955,-0.055314,0.002758,-0.280029,0.291771,0.010456,0.106079,0.063631,-0.001363,-0.109680,0.101927,1.000000,0.000000,0.000000,0.000000,-0.403813,0.324370,0.000000,0.000000,0.000000,0.000000,0.140647,-0.102808,0.047010,-0.071955,-0.055314,0.002758,0.123784,-0.032599,0.010456,0.180447,0.128431
9.750000,2.799000,0.029765,-0.000588,1.046941,-0.070353,-0.054237,0.002719,-0.279772,0.289748,0.010311,0.085511,0.177069,-0.002530,-0.109680,0.101927,1.000000,0.000000,0.000000,0.000000,-0.403813,0.324370,0.000000,0.000000,0.000000,0.000000,0.139445,-0.102515,0.046941,-0.070353,-0.054237,0.002719,0.124041,-0.034622,0.010311,0.179325,0.129194
9.760000,2.809000,0.027536,0.000993,1.046944,-0.068661,-0.055482,0.002772,-0.283243,0.292261,0.010388,0.108072,0.088838,-0.001090,-0.117384,0.108020,1.000000,0.000000,0.000000,0.000000,-0.407074,0.316871,0.000000,0.000000,0.000000,0.000000,0.144919,-0.107027,0.046944,-0.068661,-0.055482,0.002772,0.123831,-0.024610,0.010388,0.186172,0.126679
9.770000,2.819000,0.024989,0.002900,1.046966,-0.067264,-0.055593,0.002804,-0.287743,0.295703,0.010464,0.116338,0.065748,-0.000439,-0.117384,0.108020,1.000000,0.000000,0.000000,0.000000,-0.407074,0.316871,0.000000,0.000000,0.000000,0.000000,0.142373,-0.105120,0.046966,-0.067264,-0.055593,0.002804,0.119331,-0.021169,0.010464,0.183101,0.121645
9.780000,2.829000,0.021332,0.005419,1.046989,-0.066172,-0.055794,0.002853,-0.296115,0.301404,0.010546,0.121460,0.080156,0.000371,-0.125557,0.114270,1.000000,0.000000,0.000000,0.000000,-0.410145,0.307896,0.000000,0.000000,0.000000,0.000000,0.146889,-0.108851,0.046989,-0.066172,-0.055794,0.002853,0.114031,-0.006492,0.010546,0.188767,0.114701
9.790000,2.839000,0.017535,0.008476,1.047065,-0.064948,-0.055890,0.002879,-0.304700,0.308367,0.010745,0.113945,0.129548,0.000145,-0.125557,0.114270,1.000000,0.000000,0.000000,0.000000,-0.410145,0.307896,0.000000,0.000000,0.000000,0.000000,0.143091,-0.105794,0.047065,-0.064948,-0.055890,0.002879,0.105445,0.000471,0.010745,0.184072,0.105992
9.800000,2.849000,0.014488,0.011560,1.047173,-0.063804,-0.054598,0.002796,-0.310235,0.314751,0.011040,0.087429,0.241584,-0.001473,-0.133787,0.120329,1.000000,0.000000,0.000000,0.000000,-0.412839,0.297821,0.000000,0.000000,0.000000,0.000000,0.148275,-0.108769,0.047173,-0.063804,-0.054598,0.002796,0.102603,0.016930,0.011040,0.189846,0.104575
9.810000,2.859000,0.012806,0.012235,1.047171,-0.061599,-0.055037,0.002833,-0.310644,0.312423,0.010896,0.140335,0.097230,0.000569,-0.133787,0.120329,1.000000,0.000000,0.000000,0.000000,-0.412839,0.297821,0.000000,0.000000,0.000000,0.000000,0.146593,-0.108094,0.047171,-0.061599,-0.055037,0.002833,0.102195,0.014602,0.010896,0.188146,0.103806
9.820000,2.869000,0.010220,0.014070,1.047225,-0.060005,-0.054521,0.002850,-0.314231,0.314188,0.010930,0.143228,0.108099,0.000872,-0.142068,0.126175,1.000000,0.000000,0.000000,0.000000,-0.415146,0.286659,0.000000,0.000000,0.000000,0.000000,0.152287,-0.112105,0.047225,-0.060005,-0.054521,0.002850,0.100915,0.027529,0.010930,0.194908,0.105172
9.832000,2.881000,0.006333,0.016707,1.047325,-0.058655,-0.054386,0.002890,-0.322340,0.318931,0.011104,0.130963,0.150034,0.000667,-0.142068,0.126175,1.000000,0.000000,0.000000,0.000000,-0.415146,0.286659,0.000000,0.000000,0.000000,0.000000,0.148400,-0.109468,0.047325,-0.058655,-0.054386,0.002890,0.092806,0.032272,0.011104,0.190383,0.098882
9.840000,2.889000,0.003109,0.019897,1.047436,-0.057341,-0.052887,0.002808,-0.327718,0.324689,0.011318,0.103056,0.258302,-0.001243,-0.150390,0.131788,1.000000,0.000000,0.000000,0.000000,-0.417060,0.274428,0.000000,0.000000,0.000000,0.000000,0.153500,-0.111891,0.047436,-0.057341,-0.052887,0.002808,0.089342,0.050261,0.011318,0.195785,0.103132
9.850000,2.899000,-0.000301,0.021688,1.047551,-0.055186,-0.053587,0.002867,-0.333550,0.325676,0.011434,0.175945,0.103071,0.001156,-0.150390,0.131788,1.000000,0.000000,0.000000,0.000000,-0.417060,0.274428,0.000000,0.000000,0.000000,0.000000,0.150089,-0.110100,0.047551,-0.055186,-0.053587,0.002867,0.083511,0.051248,0.011434,0.192119,0.098647
9.862000,2.911000,-0.004415,0.024888,1.047709,-0.053453,-0.053358,0.002886,-0.341669,0.331176,0.011683,0.189334,0.103783,0.001217,-0.160003,0.137926,1.000000,0.000000,0.000000,0.000000,-0.418767,0.259069,0.000000,0.000000,0.000000,0.000000,0.155588,-0.113037,0.047709,-0.053453,-0.053358,0.002886,0.077098,0.072107,0.011683,0.198144,0.106207
9.870000,2.919000,-0.008211,0.027721,1.047870,-0.051463,-0.053119,0.002909,-0.348307,0.334959,0.011891,0.165306,0.151865,0.000473,-0.160003,0.137926,1.000000,0.000000,0.000000,0.000000,-0.418767,0.259069,0.000000,0.000000,0.000000,0.000000,0.151792,-0.110205,0.047870,-0.051463,-0.053119,0.002909,0.070460,0.075890,0.011891,0.193591,0.104237
9.881000,2.930000,-0.011821,0.030368,1.048038,-0.049375,-0.052761,0.002928,-0.354004,0.337735,0.012127,0.166558,0.160125,0.000323,-0.167131,0.142227,1.000000,0.000000,0.000000,0.000000,-0.419683,0.246849,0.000000,0.000000,0.000000,0.000000,0.155310,-0.111859,0.048038,-0.049375,-0.052761,0.002928,0.065679,0.090886,0.012127,0.197335,0.112787
9.890000,2.939000,-0.015356,0.032934,1.048216,-0.047269,-0.052239,0.002941,-0.359175,0.339907,0.012269,0.177899,0.161646,0.000372,-0.167131,0.142227,1.000000,0.000000,0.000000,0.000000,-0.419683,0.246849,0.000000,0.000000,0.000000,0.000000,0.151775,-0.109293,0.048216,-0.047269,-0.052239,0.002941,0.060508,0.093058,0.012269,0.193146,0.111676
9.900000,2.949000,-0.018947,0.036333,1.048339,-0.045486,-0.050625,0.002868,-0.364323,0.344532,0.012257,0.154417,0.263268,-0.001592,-0.175532,0.147013,1.000000,0.000000,0.000000,0.000000,-0.420378,0.231555,0.000000,0.000000,0.000000,0.000000,0.156584,-0.110680,0.048339,-0.045486,-0.050625,0.002868,0.056055,0.112977,0.012257,0.197751,0.126713
9.910000,2.959000,-0.020169,0.036524,1.048458,-0.042503,-0.050284,0.002896,-0.360716,0.337619,0.012115,0.193351,0.140152,0.000747,-0.175532,0.147013,1.000000,0.000000,0.000000,0.000000,-0.420378,0.231555,0.000000,0.000000,0.000000,0.000000,0.155363,-0.110489,0.048458,-0.042503,-0.050284,0.002896,0.059662,0.106064,0.012115,0.196707,0.122294
9.920000,2.969000,-0.023966,0.038830,1.048695,-0.040555,-0.049599,0.002918,-0.366366,0.338614,0.012331,0.195777,0.148405,0.000722,-0.183943,0.151483,1.000000,0.000000,0.000000,0.000000,-0.420656,0.215300,0.000000,0.000000,0.000000,0.000000,0.159977,-0.112653,0.048695,-0.040555,-0.049599,0.002918,0.054289,0.123314,0.012331,0.201630,0.135299
9.930000,2.979000,-0.027630,0.042216,1.048818,-0.038428,-0.048839,0.002907,-0.371252,0.342573,0.012205,0.171415,0.186216,0.000069,-0.183943,0.151483,1.000000,0.000000,0.000000,0.000000,-0.420656,0.215300,0.000000,0.000000,0.000000,0.000000,0.156313,-0.109267,0.048818,-0.038428,-0.048839,0.002907,0.049404,0.127274,0.012205,0.196867,0.137070
9.940000,2.989000,-0.030161,0.043530,1.048997,-0.035837,-0.047814,0.002914,-0.371821,0.339087,0.012258,0.177719,0.183865,-0.000086,-0.192355,0.155619,1.000000,0.000000,0.000000,0.000000,-0.420510,0.198120,0.000000,0.000000,0.000000,0.000000,0.162194,-0.112088,0.048997,-0.035837,-0.047814,0.002914,0.048689,0.140967,0.012258,0.203154,0.149642
9.950000,2.999000,-0.033407,0.045693,1.049183,-0.033939,-0.045860,0.002864,-0.374844,0.338543,0.012258,0.151911,0.274619,-0.001959,-0.192355,0.155619,1.000000,0.000000,0.000000,0.000000,-0.420510,0.198120,0.000000,0.000000,0.000000,0.000000,0.158948,-0.109926,0.049183,-0.033939,-0.045860,0.002864,0.045666,0.140423,0.012258,0.199417,0.148170
9.960000,3.009000,-0.036906,0.048079,1.049377,-0.031451,-0.045820,0.002884,-0.378578,0.338599,0.012294,0.185671,0.185954,-0.000182,-0.200760,0.159402,1.000000,0.000000,0.000000,0.000000,-0.419937,0.180056,0.000000,0.000000,0.000000,0.000000,0.163854,-0.111323,0.049377,-0.031451,-0.045820,0.002884,0.041359,0.158543,0.012294,0.204155,0.164310
9.970000,3.019000,-0.040538,0.050548,1.049575,-0.029299,-0.044889,0.002885,-0.382566,0.338736,0.012270,0.198553,0.155791,0.000176,-0.200760,0.159402,1.000000,0.000000,0.000000,0.000000,-0.419937,0.180056,0.000000,0.000000,0.000000,0.000000,0.160222,-0.108854,0.049575,-0.029299,-0.044889,0.002885,0.037371,0.158680,0.012270,0.199945,0.163482
9.980000,3.029000,-0.044255,0.053053,1.049771,-0.027174,-0.043901,0.002886,-0.386616,0.338787,0.012253,0.198993,0.156645,0.000095,-0.209150,0.162815,1.000000,0.000000,0.000000,0.000000,-0.418932,0.161150,0.000000,0.000000,0.000000,0.000000,0.164895,-0.109762,0.049771,-0.027174,-0.043901,0.002886,0.032316,0.177637,0.012253,0.204243,0.180968
9.992000,3.041000,-0.049349,0.056196,1.050058,-0.025305,-0.043515,0.002906,-0.395416,0.341249,0.012431,0.177550,0.179680,-0.000584,-0.217515,0.165843,1.000000,0.000000,0.000000,0.000000,-0.417492,0.141450,0.000000,0.000000,0.000000,0.000000,0.168166,-0.109647,0.050058,-0.025305,-0.043515,0.002906,0.022076,0.199800,0.012431,0.206901,0.201400
10.000000,3.049000,-0.053303,0.059608,1.050182,-0.023527,-0.041719,0.002854,-0.399683,0.343712,0.012136,0.135687,0.277208,-0.002469,-0.217515,0.165843,1.000000,0.000000,0.000000,0.000000,-0.417492,0.141450,0.000000,0.000000,0.000000,0.000000,0.164212,-0.106234,0.050182,-0.023527,-0.041719,0.002854,0.017809,0.202263,0.012136,0.201915,0.203408
10.010000,3.059000,-0.056319,0.061120,1.050379,-0.020574,-0.041790,0.002879,-0.400357,0.339376,0.011959,0.190923,0.169465,-0.000708,-0.217515,0.165843,1.000000,0.000000,0.000000,0.000000,-0.417492,0.141450,0.000000,0.000000,0.000000,0.000000,0.161196,-0.104723,0.050379,-0.020574,-0.041790,0.002879,0.017135,0.197927,0.011959,0.198719,0.199027
10.020000,3.069000,-0.059914,0.063340,1.050571,-0.018290,-0.041069,0.002889,-0.403019,0.337525,0.011780,0.187396,0.169242,-0.000790,-0.225847,0.168468,1.000000,0.000000,0.000000,0.000000,-0.415614,0.121005,0.000000,0.000000,0.000000,0.000000,0.165933,-0.105128,0.050571,-0.018290,-0.041069,0.002889,0.012595,0.216520,0.011780,0.202838,0.217206
10.030000,3.079000,-0.065047,0.066314,1.050858,-0.016464,-0.040715,0.002909,-0.411080,0.338566,0.011886,0.177097,0.174190,-0.000920,-0.225847,0.168468,1.000000,0.000000,0.000000,0.000000,-0.415614,0.121005,0.000000,0.000000,0.000000,0.000000,0.160799,-0.102154,0.050858,-0.016464,-0.040715,0.002909,0.004534,0.217562,0.011886,0.197176,0.217933
10.040000,3.089000,-0.069158,0.069700,1.050977,-0.014692,-0.038973,0.002871,-0.415066,0.340164,0.011504,0.143263,0.270976,-0.002573,-0.234136,0.170678,1.000000,0.000000,0.000000,0.000000,-0.413295,0.099868,0.000000,0.000000,0.000000,0.000000,0.164978,-0.100978,0.050977,-0.014692,-0.038973,0.002871,-0.001772,0.240295,0.011504,0.200033,0.240577
10.050000,3.099000,-0.072227,0.071130,1.051164,-0.012015,-0.038710,0.002892,-0.415091,0.334821,0.011259,0.178133,0.192523,-0.001155,-0.234136,0.170678,1.000000,0.000000,0.000000,0.000000,-0.413295,0.099868,0.000000,0.000000,0.000000,0.000000,0.161909,-0.099548,0.051164,-0.012015,-0.038710,0.002892,-0.001796,0.234953,0.011259,0.196830,0.235230
10.061000,3.110000,-0.077259,0.073817,1.051410,-0.010225,-0.038054,0.002908,-0.422092,0.334322,0.011198,0.175341,0.203053,-0.001282,-0.242375,0.172459,1.000000,0.000000,0.000000,0.000000,-0.410532,0.078097,0.000000,0.000000,0.000000,0.000000,0.165117,-0.098641,0.051410,-0.010225,-0.038054,0.002908,-0.011560,0.256225,0.011198,0.199089,0.256730
10.073000,3.122000,-0.082597,0.077193,1.051603,-0.008422,-0.037152,0.002907,-0.429867,0.335746,0.011012,0.188358,0.215715,-0.001488,-0.242375,0.172459,1.000000,0.000000,0.000000,0.000000,-0.410532,0.078097,0.000000,0.000000,0.000000,0.000000,0.159778,-0.095266,0.051603,-0.008422,-0.037152,0.002907,-0.019335,0.257649,0.011012,0.193048,0.258608
10.080000,3.129000,-0.086896,0.080550,1.051713,-0.006537,-0.034995,0.002874,-0.433500,0.336558,0.010593,0.178096,0.306708,-0.003070,-0.250555,0.173798,1.000000,0.000000,0.000000,0.000000,-0.407325,0.055749,0.000000,0.000000,0.000000,0.000000,0.163659,-0.093248,0.051713,-0.006537,-0.034995,0.002874,-0.026175,0.280810,0.010593,0.195330,0.282226
10.090000,3.139000,-0.090293,0.081499,1.051864,-0.003998,-0.034332,0.002907,-0.433635,0.329176,0.010259,0.188113,0.227489,-0.001298,-0.250555,0.173798,1.000000,0.000000,0.000000,0.000000,-0.407325,0.055749,0.000000,0.000000,0.000000,0.000000,0.160262,-0.092300,0.051864,-0.003998,-0.034332,0.002907,-0.026309,0.273427,0.010259,0.192075,0.274882
10.100000,3.149000,-0.094629,0.084790,1.051966,-0.002116,-0.032057,0.002885,-0.436989,0.329556,0.009800,0.166435,0.318720,-0.002812,-0.258665,0.174685,1.000000,0.000000,0.000000,0.000000,-0.403673,0.032886,0.000000,0.000000,0.000000,0.000000,0.164036,-0.089895,0.051966,-0.002116,-0.032057,0.002885,-0.033317,0.296671,0.009800,0.194138,0.298696
10.110000,3.159000,-0.097321,0.085759,1.052044,0.000798,-0.030994,0.002909,-0.434192,0.321736,0.009334,0.197472,0.236739,-0.001505,-0.258665,0.174685,1.000000,0.000000,0.000000,0.000000,-0.403673,0.032886,0.000000,0.000000,0.000000,0.000000,0.161345,-0.088926,0.052044,0.000798,-0.030994,0.002909,-0.030519,0.288851,0.009334,0.191438,0.290608
10.120000,3.169000,-0.101002,0.087669,1.052126,0.003232,-0.029364,0.002921,-0.434886,0.317339,0.008897,0.204196,0.241892,-0.001621,-0.266699,0.175111,1.000000,0.000000,0.000000,0.000000,-0.399574,0.009572,0.000000,0.000000,0.000000,0.000000,0.165697,-0.087442,0.052126,0.003232,-0.029364,0.002921,-0.035312,0.307767,0.008897,0.194470,0.309913
10.130000,3.179000,-0.106402,0.090282,1.052216,0.005315,-0.028144,0.002942,-0.441583,0.315725,0.008580,0.204301,0.236804,-0.001753,-0.266699,0.175111,1.000000,0.000000,0.000000,0.000000,-0.399574,0.009572,0.000000,0.000000,0.000000,0.000000,0.160297,-0.084828,0.052216,0.005315,-0.028144,0.002942,-0.042009,0.306153,0.008580,0.188726,0.309141
10.140000,3.189000,-0.112017,0.093437,1.052297,0.007539,-0.026935,0.002954,-0.448686,0.315500,0.008248,0.209168,0.236795,-0.002002,-0.274645,0.175066,1.000000,0.000000,0.000000,0.000000,-0.395029,-0.014126,0.000000,0.000000,0.000000,0.000000,0.162628,-0.081629,0.052297,0.007539,-0.026935,0.002954,-0.053657,0.329626,0.008248,0.189331,0.334067
10.150000,3.199000,-0.116504,0.096592,1.052379,0.009978,-0.025438,0.002959,-0.451328,0.314752,0.007991,0.210110,0.233806,-0.002285,-0.274645,0.175066,1.000000,0.000000,0.000000,0.000000,-0.395029,-0.014126,0.000000,0.000000,0.000000,0.000000,0.158141,-0.078474,0.052379,0.009978,-0.025438,0.002959,-0.056299,0.328878,0.007991,0.184148,0.333757
10.160000,3.209000,-0.120059,0.097357,1.052360,0.012697,-0.023808,0.002975,-0.450367,0.305902,0.007448,0.212983,0.220994,-0.002743,-0.282497,0.174543,1.000000,0.000000,0.000000,0.000000,-0.390039,-0.038140,0.000000,0.000000,0.000000,0.000000,0.162438,-0.077186,0.052360,0.012697,-0.023808,0.002975,-0.060328,0.344042,0.007448,0.187311,0.349371
10.170000,3.219000,-0.125417,0.100145,1.052392,0.014718,-0.021828,0.002982,-0.455781,0.303986,0.007104,0.185233,0.301530,-0.004101,-0.282497,0.174543,1.000000,0.000000,0.000000,0.000000,-0.390039,-0.038140,0.000000,0.000000,0.000000,0.000000,0.157079,-0.074398,0.052392,0.014718,-0.021828,0.002982,-0.065742,0.342126,0.007104,0.181532,0.348458
10.182000,3.231000,-0.130340,0.102534,1.052399,0.017464,-0.021531,0.003000,-0.459308,0.300455,0.006795,0.223207,0.186164,-0.002702,-0.290244,0.173538,1.000000,0.000000,0.000000,0.000000,-0.384604,-0.062400,0.000000,0.000000,0.000000,0.000000,0.159904,-0.071005,0.052399,0.017464,-0.021531,0.003000,-0.074704,0.362855,0.006795,0.182638,0.370528
10.190000,3.239000,-0.134933,0.105538,1.052467,0.019696,-0.019669,0.003006,-0.461413,0.298738,0.006674,0.203056,0.241910,-0.003593,-0.290244,0.173538,1.000000,0.000000,0.000000,0.000000,-0.384604,-0.062400,0.000000,0.000000,0.000000,0.000000,0.155311,-0.068000,0.052467,0.019696,-0.019669,0.003006,-0.076809,0.361138,0.006674,0.177478,0.369276
10.200000,3.249000,-0.137723,0.105680,1.052352,0.022790,-0.018839,0.003028,-0.456866,0.287278,0.006023,0.227781,0.162535,-0.002680,-0.297878,0.172046,1.000000,0.000000,0.000000,0.000000,-0.378726,-0.086834,0.000000,0.000000,0.000000,0.000000,0.160155,-0.066366,0.052352,0.022790,-0.018839,0.003028,-0.078140,0.374112,0.006023,0.181094,0.382233
10.210000,3.259000,-0.142291,0.108553,1.052412,0.025067,-0.017213,0.003038,-0.458707,0.285039,0.005924,0.201701,0.239801,-0.003698,-0.297878,0.172046,1.000000,0.000000,0.000000,0.000000,-0.378726,-0.086834,0.000000,0.000000,0.000000,0.000000,0.155587,-0.063493,0.052412,0.025067,-0.017213,0.003038,-0.079980,0.371872,0.005924,0.176027,0.380422
10.226000,3.275000,-0.146191,0.109319,1.052285,0.028114,-0.017282,0.003058,-0.458053,0.275783,0.005369,0.226385,0.143296,-0.002559,-0.305762,0.169952,1.000000,0.000000,0.000000,0.000000,-0.372081,-0.112596,0.000000,0.000000,0.000000,0.000000,0.159571,-0.060634,0.052285,0.028114,-0.017282,0.003058,-0.085972,0.388380,0.005369,0.178531,0.397817
10.230000,3.279000,-0.151681,0.111758,1.052251,0.030665,-0.017081,0.003063,-0.463062,0.272189,0.005091,0.230319,0.126728,-0.002295,-0.305762,0.169952,1.000000,0.000000,0.000000,0.000000,-0.372081,-0.112596,0.000000,0.000000,0.000000,0.000000,0.154082,-0.058194,0.052251,0.030665,-0.017081,0.003063,-0.090981,0.384785,0.005091,0.172794,0.395427
10.240000,3.289000,-0.156311,0.114480,1.052302,0.033338,-0.016758,0.003065,-0.464737,0.269172,0.005064,0.232071,0.113747,-0.002039,-0.313502,0.167317,1.000000,0.000000,0.000000,0.000000,-0.364953,-0.138383,0.000000,0.000000,0.000000,0.000000,0.157191,-0.052837,0.052302,0.033338,-0.016758,0.003065,-0.099784,0.407555,0.005064,0.173886,0.419623
10.251000,3.300000,-0.159638,0.114679,1.052132,0.036245,-0.016150,0.003075,-0.461671,0.257673,0.004504,0.211954,0.150308,-0.002124,-0.313502,0.167317,1.000000,0.000000,0.000000,0.000000,-0.364953,-0.138383,0.000000,0.000000,0.000000,0.000000,0.153864,-0.052638,0.052132,0.036245,-0.016150,0.003075,-0.096718,0.396056,0.004504,0.170771,0.407720
10.260000,3.309000,-0.164255,0.117255,1.052177,0.038364,-0.014647,0.003108,-0.463246,0.254109,0.004578,0.161831,0.266981,-0.003487,-0.320013,0.164628,1.000000,0.000000,0.000000,0.000000,-0.358462,-0.160439,0.000000,0.000000,0.000000,0.000000,0.155759,-0.047372,0.052177,0.038364,-0.014647,0.003108,-0.104784,0.414548,0.004578,0.170960,0.427610
10.270000,3.319000,-0.167040,0.117680,1.052067,0.041718,-0.014930,0.003142,-0.458185,0.243083,0.004266,0.201859,0.156021,-0.001745,-0.320013,0.164628,1.000000,0.000000,0.000000,0.000000,-0.358462,-0.160439,0.000000,0.000000,0.000000,0.000000,0.152973,-0.046947,0.052067,0.041718,-0.014930,0.003142,-0.099723,0.403522,0.004266,0.168273,0.415684
10.281000,3.330000,-0.172309,0.119073,1.051940,0.043891,-0.014576,0.003182,-0.462193,0.236028,0.003905,0.182260,0.178948,-0.000955,-0.327107,0.161175,1.000000,0.000000,0.000000,0.000000,-0.350841,-0.184824,0.000000,0.000000,0.000000,0.000000,0.154798,-0.042101,0.051940,0.043891,-0.014576,0.003182,-0.111352,0.420852,0.003905,0.168620,0.435352
10.290000,3.339000,-0.178096,0.121145,1.051878,0.045815,-0.013886,0.003240,-0.467862,0.231015,0.003753,0.151206,0.211522,-0.000615,-0.327107,0.161175,1.000000,0.000000,0.000000,0.000000,-0.350841,-0.184824,0.000000,0.000000,0.000000,0.000000,0.149011,-0.040030,0.051878,0.045815,-0.013886,0.003240,-0.117021,0.415839,0.003753,0.162782,0.432007
10.300000,3.349000,-0.182775,0.123455,1.051916,0.047326,-0.011773,0.003331,-0.469213,0.226506,0.003891,0.098342,0.316905,-0.002166,-0.334044,0.157236,1.000000,0.000000,0.000000,0.000000,-0.342794,-0.209007,0.000000,0.000000,0.000000,0.000000,0.151269,-0.033781,0.051916,0.047326,-0.011773,0.003331,-0.126419,0.435513,0.003891,0.163459,0.453507
10.312000,3.361000,-0.186384,0.123414,1.051716,0.049673,-0.011140,0.003430,-0.466586,0.214296,0.003405,0.142382,0.231546,-0.000531,-0.340816,0.152816,1.000000,0.000000,0.000000,0.000000,-0.334325,-0.232911,0.000000,0.000000,0.000000,0.000000,0.154432,-0.029402,0.051716,0.049673,-0.011140,0.003430,-0.132261,0.447207,0.003405,0.165494,0.466367
10.321000,3.370000,-0.191930,0.125079,1.051630,0.051084,-0.009749,0.003531,-0.470854,0.208045,0.003252,0.117623,0.262667,-0.000348,-0.340816,0.152816,1.000000,0.000000,0.000000,0.000000,-0.334325,-0.232911,0.000000,0.000000,0.000000,0.000000,0.148886,-0.027737,0.051630,0.051084,-0.009749,0.003531,-0.136529,0.440956,0.003252,0.160006,0.461620
10.333000,3.382000,-0.197015,0.126395,1.051525,0.052255,-0.007218,0.003662,-0.473140,0.200613,0.003097,0.085510,0.348440,-0.002375,-0.347414,0.147922,1.000000,0.000000,0.000000,0.000000,-0.325440,-0.256458,0.000000,0.000000,0.000000,0.000000,0.150399,-0.021527,0.051525,0.052255,-0.007218,0.003662,-0.147700,0.457071,0.003097,0.160431,0.480353
10.340000,3.389000,-0.201747,0.128401,1.051556,0.053914,-0.006320,0.003796,-0.473929,0.195437,0.003337,0.104711,0.269482,-0.000496,-0.347414,0.147922,1.000000,0.000000,0.000000,0.000000,-0.325440,-0.256458,0.000000,0.000000,0.000000,0.000000,0.145668,-0.019521,0.051556,0.053914,-0.006320,0.003796,-0.148489,0.451895,0.003337,0.155750,0.475677
10.352000,3.401000,-0.204610,0.127836,1.051308,0.055445,-0.003994,0.003909,-0.467809,0.181891,0.002763,0.124954,0.268441,-0.001030,-0.347414,0.147922,1.000000,0.000000,0.000000,0.000000,-0.325440,-0.256458,0.000000,0.000000,0.000000,0.000000,0.142804,-0.020086,0.051308,0.055445,-0.003994,0.003909,-0.142369,0.438349,0.002763,0.153065,0.460897
10.360000,3.409000,-0.209288,0.129655,1.051335,0.056694,-0.001313,0.004047,-0.468181,0.176431,0.003003,0.122147,0.345282,-0.003294,-0.353831,0.142561,1.000000,0.000000,0.000000,0.000000,-0.316145,-0.279573,0.000000,0.000000,0.000000,0.000000,0.144543,-0.012906,0.051335,0.056694,-0.001313,0.004047,-0.152036,0.456004,0.003003,0.153930,0.480691
10.373000,3.422000,-0.212005,0.129562,1.051169,0.058320,0.000425,0.004183,-0.461336,0.164592,0.002760,0.103942,0.269070,-0.001545,-0.360058,0.136742,1.000000,0.000000,0.000000,0.000000,-0.306447,-0.302180,0.000000,0.000000,0.000000,0.000000,0.148053,-0.007180,0.051169,0.058320,0.000425,0.004183,-0.154889,0.466771,0.002760,0.156810,0.491806
10.381000,3.430000,-0.217266,0.130029,1.050949,0.059643,0.002003,0.004281,-0.463676,0.155432,0.002359,0.115754,0.259253,-0.002585,-0.360058,0.136742,1.000000,0.000000,0.000000,0.000000,-0.306447,-0.302180,0.000000,0.000000,0.000000,0.000000,0.142791,-0.006713,0.050949,0.059643,0.002003,0.004281,-0.157229,0.457611,0.002359,0.151757,0.483875
10.390000,3.439000,-0.223063,0.131086,1.050815,0.061063,0.003436,0.004364,-0.467671,0.148132,0.002206,0.128129,0.240965,-0.004163,-0.360058,0.136742,1.000000,0.000000,0.000000,0.000000,-0.306447,-0.302180,0.000000,0.000000,0.000000,0.000000,0.136994,-0.005656,0.050815,0.061063,0.003436,0.004364,-0.161223,0.450312,0.002206,0.146224,0.478308
10.400000,3.449000,-0.227740,0.132567,1.050837,0.062345,0.005843,0.004470,-0.467306,0.142117,0.002509,0.107456,0.301979,-0.006383,-0.366086,0.130477,1.000000,0.000000,0.000000,0.000000,-0.296352,-0.324203,0.000000,0.000000,0.000000,0.000000,0.138346,0.002090,0.050837,0.062345,0.005843,0.004470,-0.170953,0.466320,0.002509,0.147406,0.496675
10.410000,3.459000,-0.230085,0.132096,1.050636,0.064439,0.007331,0.004551,-0.458437,0.129567,0.002254,0.140246,0.241373,-0.004799,-0.366086,0.130477,1.000000,0.000000,0.000000,0.000000,-0.296352,-0.324203,0.000000,0.000000,0.000000,0.000000,0.136002,0.001619,0.050636,0.064439,0.007331,0.004551,-0.162085,0.453770,0.002254,0.145131,0.481854
10.420000,3.469000,-0.233827,0.132293,1.050491,0.066132,0.008899,0.004598,-0.454727,0.119697,0.002154,0.146880,0.226573,-0.005800,-0.371909,0.123779,1.000000,0.000000,0.000000,0.000000,-0.285868,-0.345568,0.000000,0.000000,0.000000,0.000000,0.138083,0.008514,0.050491,0.066132,0.008899,0.004598,-0.168858,0.465266,0.002154,0.147271,0.494965
10.434000,3.483000,-0.239406,0.132388,1.050240,0.067740,0.009741,0.004611,-0.457657,0.110027,0.001735,0.149732,0.197324,-0.007022,-0.377518,0.116660,1.000000,0.000000,0.000000,0.000000,-0.275003,-0.366204,0.000000,0.000000,0.000000,0.000000,0.138113,0.015729,0.050240,0.067740,0.009741,0.004611,-0.182654,0.476231,0.001735,0.147806,0.510060
10.442000,3.491000,-0.245216,0.132892,1.050077,0.069557,0.010506,0.004615,-0.461184,0.101553,0.001567,0.159281,0.185632,-0.008215,-0.377518,0.116660,1.000000,0.000000,0.000000,0.000000,-0.275003,-0.366204,0.000000,0.000000,0.000000,0.000000,0.132303,0.016233,0.050077,0.069557,0.010506,0.004615,-0.186180,0.467757,0.001567,0.142391,0.503450
10.453000,3.502000,-0.249827,0.133908,1.050092,0.071484,0.011497,0.004616,-0.460121,0.094689,0.002029,0.153284,0.190405,-0.008355,-0.377518,0.116660,1.000000,0.000000,0.000000,0.000000,-0.275003,-0.366204,0.000000,0.000000,0.000000,0.000000,0.127691,0.017248,0.050092,0.071484,0.011497,0.004616,-0.185118,0.460892,0.002029,0.138245,0.496683
10.463000,3.512000,-0.253419,0.132836,1.049731,0.073486,0.012675,0.004596,-0.455390,0.081185,0.001365,0.151723,0.185767,-0.008520,-0.382907,0.109136,1.000000,0.000000,0.000000,0.000000,-0.263766,-0.386038,0.000000,0.000000,0.000000,0.000000,0.129488,0.023700,0.049731,0.073486,0.012675,0.004596,-0.191624,0.467223,0.001365,0.140719,0.504994
10.476000,3.525000,-0.258836,0.132909,1.049549,0.075339,0.013339,0.004587,-0.457270,0.071633,0.001182,0.141033,0.190978,-0.008106,-0.388067,0.101224,1.000000,0.000000,0.000000,0.000000,-0.252165,-0.405002,0.000000,0.000000,0.000000,0.000000,0.129230,0.031685,0.049549,0.075339,0.013339,0.004587,-0.205104,0.476635,0.001182,0.141984,0.518893
10.480000,3.529000,-0.263409,0.133625,1.049561,0.076750,0.015249,0.004649,-0.455918,0.064206,0.001561,0.098516,0.282386,-0.008840,-0.388067,0.101224,1.000000,0.000000,0.000000,0.000000,-0.252165,-0.405002,0.000000,0.000000,0.000000,0.000000,0.124657,0.032401,0.049561,0.076750,0.015249,0.004649,-0.203753,0.469208,0.001561,0.138006,0.511541
10.490000,3.539000,-0.266607,0.132275,1.049176,0.078898,0.015593,0.004651,-0.449650,0.050250,0.000935,0.101696,0.190490,-0.007451,-0.388067,0.101224,1.000000,0.000000,0.000000,0.000000,-0.252165,-0.405002,0.000000,0.000000,0.000000,0.000000,0.121460,0.031051,0.049176,0.078898,0.015593,0.004651,-0.197485,0.455252,0.000935,0.134666,0.496242
10.500000,3.549000,-0.271103,0.132777,1.049185,0.079916,0.017498,0.004727,-0.448071,0.042460,0.001460,0.035384,0.278566,-0.008204,-0.392991,0.092942,1.000000,0.000000,0.000000,0.000000,-0.240210,-0.423028,0.000000,0.000000,0.000000,0.000000,0.121888,0.039835,0.049185,0.079916,0.017498,0.004727,-0.207861,0.465488,0.001460,0.137341,0.509791
10.510000,3.559000,-0.273771,0.131882,1.048936,0.081898,0.018251,0.004760,-0.439920,0.030203,0.001270,0.074316,0.201868,-0.006921,-0.392991,0.092942,1.000000,0.000000,0.000000,0.000000,-0.240210,-0.423028,0.000000,0.000000,0.000000,0.000000,0.119220,0.038940,0.048936,0.081898,0.018251,0.004760,-0.199710,0.453231,0.001270,0.134627,0.495282
10.520000,3.569000,-0.278823,0.130796,1.048598,0.082731,0.019141,0.004786,-0.440536,0.017984,0.000817,0.033720,0.208744,-0.006167,-0.397673,0.084309,1.000000,0.000000,0.000000,0.000000,-0.227912,-0.440052,0.000000,0.000000,0.000000,0.000000,0.118850,0.046487,0.048598,0.082731,0.019141,0.004786,-0.212624,0.458035,0.000817,0.136558,0.504981
10.530000,3.579000,-0.283228,0.130976,1.048606,0.083070,0.021226,0.004897,-0.438602,0.009815,0.001345,-0.021289,0.285594,-0.007280,-0.397673,0.084309,1.000000,0.000000,0.000000,0.000000,-0.227912,-0.440052,0.000000,0.000000,0.000000,0.000000,0.114444,0.046667,0.048606,0.083070,0.021226,0.004897,-0.210691,0.449866,0.001345,0.132808,0.496761
10.540000,3.589000,-0.286288,0.129885,1.048326,0.083939,0.022123,0.004962,-0.431818,-0.002258,0.001005,-0.010532,0.213174,-0.005834,-0.402105,0.075347,1.000000,0.000000,0.000000,0.000000,-0.215279,-0.456011,0.000000,0.000000,0.000000,0.000000,0.115817,0.054538,0.048326,0.083939,0.022123,0.004962,-0.216539,0.453752,0.001005,0.136833,0.502774
10.550000,3.599000,-0.290076,0.128986,1.048102,0.084105,0.023513,0.005020,-0.427757,-0.013252,0.000852,-0.001813,0.187841,-0.005569,-0.402105,0.075347,1.000000,0.000000,0.000000,0.000000,-0.215279,-0.456011,0.000000,0.000000,0.000000,0.000000,0.112029,0.053639,0.048102,0.084105,0.023513,0.005020,-0.212478,0.442758,0.000852,0.133197,0.491103
10.560000,3.609000,-0.294074,0.128026,1.047878,0.083990,0.024834,0.005079,-0.424459,-0.024081,0.000702,-0.024427,0.183499,-0.005157,-0.406282,0.066077,1.000000,0.000000,0.000000,0.000000,-0.202324,-0.470846,0.000000,0.000000,0.000000,0.000000,0.112207,0.061949,0.047878,0.083990,0.024834,0.005079,-0.222135,0.446765,0.000702,0.136823,0.498942
10.571000,3.620000,-0.299575,0.126332,1.047497,0.083640,0.025440,0.005107,-0.426631,-0.036707,0.000212,-0.054411,0.187433,-0.005145,-0.406282,0.066077,1.000000,0.000000,0.000000,0.000000,-0.202324,-0.470846,0.000000,0.000000,0.000000,0.000000,0.106707,0.060255,0.047497,0.083640,0.025440,0.005107,-0.224307,0.434138,0.000212,0.131427,0.488661
10.580000,3.629000,-0.303841,0.125965,1.047499,0.083099,0.027312,0.005212,-0.424068,-0.044973,0.000860,-0.087137,0.265251,-0.006695,-0.410196,0.056521,1.000000,0.000000,0.000000,0.000000,-0.189058,-0.484500,0.000000,0.000000,0.000000,0.000000,0.106355,0.069444,0.047499,0.083099,0.027312,0.005212,-0.235010,0.439527,0.000860,0.135609,0.498412
10.592000,3.641000,-0.308305,0.123715,1.047030,0.083035,0.027090,0.005228,-0.422325,-0.058785,0.000183,-0.023481,0.143232,-0.005247,-0.413842,0.046705,1.000000,0.000000,0.000000,0.000000,-0.175492,-0.496921,0.000000,0.000000,0.000000,0.000000,0.105537,0.077011,0.047030,0.083035,0.027090,0.005228,-0.246833,0.438136,0.000183,0.138854,0.502882
10.600000,3.649000,-0.312528,0.123127,1.047031,0.082802,0.028522,0.005295,-0.419595,-0.066995,0.000901,-0.014943,0.200170,-0.006650,-0.413842,0.046705,1.000000,0.000000,0.000000,0.000000,-0.175492,-0.496921,0.000000,0.000000,0.000000,0.000000,0.101314,0.076423,0.047031,0.082802,0.028522,0.005295,-0.244103,0.429926,0.000901,0.135340,0.494392
10.615000,3.664000,-0.316543,0.120712,1.046579,0.082298,0.028557,0.005291,-0.416244,-0.080537,0.000418,-0.065015,0.171498,-0.006021,-0.417214,0.036653,1.000000,0.000000,0.000000,0.000000,-0.161638,-0.508059,0.000000,0.000000,0.000000,0.000000,0.100671,0.084059,0.046579,0.082298,0.028557,0.005291,-0.254606,0.427522,0.000418,0.139177,0.497593
10.620000,3.669000,-0.320705,0.119906,1.046583,0.081979,0.029314,0.005313,-0.413372,-0.088688,0.001281,-0.065087,0.179758,-0.006422,-0.417214,0.036653,1.000000,0.000000,0.000000,0.000000,-0.161638,-0.508059,0.000000,0.000000,0.000000,0.000000,0.096509,0.083254,0.046583,0.081979,0.029314,0.005313,-0.251733,0.419371,0.001281,0.135702,0.489125
10.630000,3.679000,-0.324553,0.117314,1.046150,0.081264,0.031128,0.005361,-0.409496,-0.102017,0.000863,-0.069204,0.275325,-0.008014,-0.417214,0.036653,1.000000,0.000000,0.000000,0.000000,-0.161638,-0.508059,0.000000,0.000000,0.000000,0.000000,0.092661,0.080661,0.046150,0.081264,0.031128,0.005361,-0.247858,0.406042,0.000863,0.131233,0.475714
10.641000,3.690000,-0.329514,0.115182,1.045937,0.081214,0.030825,0.005387,-0.409643,-0.113661,0.001094,-0.035185,0.192604,-0.006702,-0.420306,0.026391,1.000000,0.000000,0.000000,0.000000,-0.147510,-0.517867,0.000000,0.000000,0.000000,0.000000,0.090792,0.088790,0.045937,0.081214,0.030825,0.005387,-0.262133,0.404206,0.001094,0.135045,0.481765
10.653000,3.702000,-0.333980,0.112993,1.045721,0.081049,0.031839,0.005408,-0.407909,-0.125062,0.001291,-0.038434,0.172307,-0.006873,-0.423245,0.015421,1.000000,0.000000,0.000000,0.000000,-0.132393,-0.526689,0.000000,0.000000,0.000000,0.000000,0.089265,0.097572,0.045721,0.081049,0.031839,0.005408,-0.275516,0.401627,0.001291,0.139925,0.487047
10.661000,3.710000,-0.338059,0.111742,1.045734,0.080935,0.032921,0.005440,-0.404709,-0.133086,0.002155,-0.031695,0.167345,-0.007295,-0.423245,0.015421,1.000000,0.000000,0.000000,0.000000,-0.132393,-0.526689,0.000000,0.000000,0.000000,0.000000,0.085186,0.096321,0.045734,0.080935,0.032921,0.005440,-0.272316,0.393603,0.002155,0.136477,0.478627
10.670000,3.719000,-0.339542,0.110055,1.045486,0.080449,0.035280,0.005482,-0.392228,-0.141912,0.002218,-0.060302,0.268637,-0.008763,-0.423245,0.015421,1.000000,0.000000,0.000000,0.000000,-0.132393,-0.526689,0.000000,0.000000,0.000000,0.000000,0.083703,0.094634,0.045486,0.080449,0.035280,0.005482,-0.259835,0.384777,0.002218,0.134278,0.464298
10.680000,3.729000,-0.342572,0.108095,1.045312,0.080559,0.035608,0.005491,-0.385633,-0.151389,0.002492,-0.036124,0.206096,-0.008185,-0.425629,0.005348,1.000000,0.000000,0.000000,0.000000,-0.118481,-0.533330,0.000000,0.000000,0.000000,0.000000,0.083057,0.102746,0.045312,0.080559,0.035608,0.005491,-0.267152,0.381941,0.002492,0.139673,0.466107
10.690000,3.739000,-0.345996,0.105929,1.045152,0.080460,0.036585,0.005482,-0.380587,-0.161254,0.002685,-0.037491,0.158190,-0.008284,-0.425629,0.005348,1.000000,0.000000,0.000000,0.000000,-0.118481,-0.533330,0.000000,0.000000,0.000000,0.000000,0.079633,0.100580,0.045152,0.080460,0.036585,0.005482,-0.262106,0.372076,0.002685,0.136002,0.455134
10.701000,3.750000,-0.350818,0.102519,1.044898,0.080328,0.037278,0.005451,-0.380715,-0.174804,0.002591,-0.044169,0.161690,-0.008713,-0.427953,-0.005915,1.000000,0.000000,0.000000,0.000000,-0.102857,-0.539152,0.000000,0.000000,0.000000,0.000000,0.077135,0.108435,0.044898,0.080328,0.037278,0.005451,-0.277858,0.364348,0.002591,0.140441,0.458215
10.710000,3.759000,-0.355689,0.099389,1.044763,0.080282,0.037907,0.005433,-0.380891,-0.187324,0.002810,-0.069034,0.189957,-0.009134,-0.427953,-0.005915,1.000000,0.000000,0.000000,0.000000,-0.102857,-0.539152,0.000000,0.000000,0.000000,0.000000,0.072264,0.105305,0.044763,0.080282,0.037907,0.005433,-0.278034,0.351828,0.002810,0.135333,0.448435
10.720000,3.769000,-0.359498,0.097516,1.044791,0.079594,0.039808,0.005494,-0.377089,-0.195252,0.003502,-0.118460,0.279831,-0.010260,-0.429772,-0.016198,1.000000,0.000000,0.000000,0.000000,-0.088512,-0.543019,0.000000,0.000000,0.000000,0.000000,0.070274,0.113714,0.044791,0.079594,0.039808,0.005494,-0.288578,0.347767,0.003502,0.140981,0.451920
10.731000,3.780000,-0.361447,0.095282,1.044614,0.079516,0.040301,0.005486,-0.366694,-0.203720,0.003597,-0.085542,0.188805,-0.008968,-0.429772,-0.016198,1.000000,0.000000,0.000000,0.000000,-0.088512,-0.543019,0.000000,0.000000,0.000000,0.000000,0.068324,0.111481,0.044614,0.079516,0.040301,0.005486,-0.278182,0.339300,0.003597,0.138154,0.438774
10.741000,3.790000,-0.365569,0.091560,1.044430,0.078825,0.041076,0.005452,-0.364407,-0.216726,0.003669,-0.114742,0.193652,-0.008665,-0.431462,-0.027633,1.000000,0.000000,0.000000,0.000000,-0.072440,-0.545717,0.000000,0.000000,0.000000,0.000000,0.065894,0.119193,0.044430,0.078825,0.041076,0.005452,-0.291967,0.328991,0.003669,0.143258,0.439879
10.750000,3.799000,-0.369213,0.089393,1.044466,0.077680,0.043014,0.005518,-0.360295,-0.224501,0.004279,-0.161988,0.275817,-0.009586,-0.431462,-0.027633,1.000000,0.000000,0.000000,0.000000,-0.072440,-0.545717,0.000000,0.000000,0.000000,0.000000,0.062249,0.117026,0.044466,0.077680,0.043014,0.005518,-0.287855,0.321217,0.004279,0.139812,0.431346
10.761000,3.810000,-0.371689,0.086692,1.044327,0.076809,0.043729,0.005529,-0.352073,-0.233386,0.004359,-0.151829,0.206835,-0.008399,-0.432756,-0.038560,1.000000,0.000000,0.000000,0.000000,-0.056937,-0.546728,0.000000,0.000000,0.000000,0.000000,0.061067,0.125252,0.044327,0.076809,0.043729,0.005529,-0.295136,0.313342,0.004359,0.146226,0.430473
10.770000,3.819000,-0.374763,0.083780,1.044230,0.075440,0.045054,0.005538,-0.346174,-0.242590,0.004474,-0.150477,0.187553,-0.008022,-0.432756,-0.038560,1.000000,0.000000,0.000000,0.000000,-0.056937,-0.546728,0.000000,0.000000,0.000000,0.000000,0.057993,0.122340,0.044230,0.075440,0.045054,0.005538,-0.289237,0.304137,0.004474,0.142430,0.419735
10.780000,3.829000,-0.379133,0.079347,1.044054,0.073915,0.046099,0.005531,-0.345061,-0.256319,0.004361,-0.173656,0.193823,-0.007679,-0.433697,-0.048945,1.000000,0.000000,0.000000,0.000000,-0.042046,-0.546263,0.000000,0.000000,0.000000,0.000000,0.054564,0.128293,0.044054,0.073915,0.046099,0.005531,-0.303014,0.289944,0.004361,0.146209,0.419409
10.791000,3.840000,-0.382584,0.076784,1.044098,0.072217,0.047440,0.005571,-0.340463,-0.263597,0.004888,-0.200940,0.218818,-0.007642,-0.433697,-0.048945,1.000000,0.000000,0.000000,0.000000,-0.042046,-0.546263,0.000000,0.000000,0.000000,0.000000,0.051113,0.125730,0.044098,0.072217,0.047440,0.005571,-0.298417,0.282666,0.004888,0.142706,0.411067
10.803000,3.852000,-0.386115,0.072292,1.043853,0.070307,0.048594,0.005560,-0.336277,-0.276427,0.004565,-0.217989,0.211589,-0.007414,-0.434380,-0.059853,1.000000,0.000000,0.000000,0.000000,-0.026214,-0.544263,0.000000,0.000000,0.000000,0.000000,0.048265,0.132146,0.043853,0.070307,0.048594,0.005560,-0.310063,0.267836,0.004565,0.147361,0.409751
10.810000,3.859000,-0.389477,0.069528,1.043899,0.068130,0.050710,0.005635,-0.331432,-0.283343,0.005051,-0.233081,0.282440,-0.008637,-0.434380,-0.059853,1.000000,0.000000,0.000000,0.000000,-0.026214,-0.544263,0.000000,0.000000,0.000000,0.000000,0.044902,0.129381,0.043899,0.068130,0.050710,0.005635,-0.305218,0.260920,0.005051,0.143816,0.401575
10.820000,3.869000,-0.391656,0.066506,1.043745,0.066042,0.051569,0.005653,-0.322426,-0.290282,0.004949,-0.218577,0.206962,-0.007587,-0.434744,-0.070706,1.000000,0.000000,0.000000,0.000000,-0.010236,-0.540707,0.000000,0.000000,0.000000,0.000000,0.043089,0.137211,0.043745,0.066042,0.051569,0.005653,-0.312190,0.250425,0.004949,0.150324,0.400249
10.831000,3.880000,-0.394438,0.063136,1.043641,0.063838,0.052870,0.005654,-0.315779,-0.298008,0.004990,-0.213879,0.179550,-0.007414,-0.434744,-0.070706,1.000000,0.000000,0.000000,0.000000,-0.010236,-0.540707,0.000000,0.000000,0.000000,0.000000,0.040306,0.133842,0.043641,0.063838,0.052870,0.005654,-0.305543,0.242699,0.004990,0.146433,0.390237
10.840000,3.889000,-0.397369,0.059555,1.043541,0.061610,0.054686,0.005670,-0.309771,-0.306008,0.005049,-0.219144,0.227299,-0.008450,-0.434788,-0.081471,1.000000,0.000000,0.000000,0.000000,0.005873,-0.535593,0.000000,0.000000,0.000000,0.000000,0.037420,0.141026,0.043541,0.061610,0.054686,0.005670,-0.315644,0.229585,0.005049,0.152264,0.390341
10.851000,3.900000,-0.401976,0.053770,1.043385,0.060161,0.054719,0.005658,-0.309909,-0.321430,0.004947,-0.206952,0.158731,-0.007685,-0.434788,-0.081471,1.000000,0.000000,0.000000,0.000000,0.005873,-0.535593,0.000000,0.000000,0.000000,0.000000,0.032812,0.135241,0.043385,0.060161,0.054719,0.005658,-0.315782,0.214162,0.004947,0.145771,0.381586
10.861000,3.910000,-0.405712,0.048859,1.043258,0.058266,0.056109,0.005652,-0.306807,-0.332967,0.004968,-0.220917,0.236672,-0.009064,-0.434509,-0.092119,1.000000,0.000000,0.000000,0.000000,0.022096,-0.528923,0.000000,0.000000,0.000000,0.000000,0.028796,0.140978,0.043258,0.058266,0.056109,0.005652,-0.328904,0.195956,0.004968,0.150251,0.382885
10.870000,3.919000,-0.408781,0.045530,1.043307,0.056514,0.056315,0.005647,-0.301303,-0.338709,0.005539,-0.219754,0.185029,-0.008593,-0.434509,-0.092119,1.000000,0.000000,0.000000,0.000000,0.022096,-0.528923,0.000000,0.000000,0.000000,0.000000,0.025728,0.137648,0.043307,0.056514,0.056315,0.005647,-0.323399,0.190214,0.005539,0.146576,0.375232
10.880000,3.929000,-0.410048,0.042874,1.043137,0.053832,0.058632,0.005638,-0.289469,-0.341149,0.005463,-0.248194,0.273181,-0.009877,-0.433865,-0.103138,1.000000,0.000000,0.000000,0.000000,0.039237,-0.520254,0.000000,0.000000,0.000000,0.000000,0.023816,0.146012,0.043137,0.053832,0.058632,0.005638,-0.328706,0.179105,0.005463,0.154102,0.374374
10.891000,3.940000,-0.413190,0.037778,1.042961,0.052084,0.058671,0.005579,-0.284731,-0.351555,0.005322,-0.208438,0.148510,-0.008413,-0.433865,-0.103138,1.000000,0.000000,0.000000,0.000000,0.039237,-0.520254,0.000000,0.000000,0.000000,0.000000,0.020674,0.140916,0.042961,0.052084,0.058671,0.005579,-0.323968,0.168700,0.005322,0.148763,0.365299
10.902000,3.951000,-0.416710,0.032570,1.042882,0.050260,0.059491,0.005534,-0.281383,-0.362308,0.005470,-0.215224,0.149103,-0.008393,-0.432971,-0.112937,1.000000,0.000000,0.000000,0.000000,0.054822,-0.510952,0.000000,0.000000,0.000000,0.000000,0.016262,0.145507,0.042882,0.050260,0.059491,0.005534,-0.336205,0.148644,0.005470,0.152563,0.367640
10.910000,3.959000,-0.419523,0.028947,1.042936,0.048107,0.060984,0.005525,-0.275471,-0.367239,0.006039,-0.252581,0.238561,-0.009475,-0.432971,-0.112937,1.000000,0.000000,0.000000,0.000000,0.054822,-0.510952,0.000000,0.000000,0.000000,0.000000,0.013448,0.141884,0.042936,0.048107,0.060984,0.005525,-0.330293,0.143714,0.006039,0.148847,0.360255
10.921000,3.970000,-0.421531,0.024463,1.042721,0.045843,0.061308,0.005449,-0.266874,-0.373911,0.005811,-0.250129,0.182860,-0.008794,-0.431710,-0.123046,1.000000,0.000000,0.000000,0.000000,0.071292,-0.499682,0.000000,0.000000,0.000000,0.000000,0.010179,0.147508,0.042721,0.045843,0.061308,0.005449,-0.338166,0.125771,0.005811,0.153907,0.360844
10.931000,3.980000,-0.424675,0.019182,1.042673,0.043648,0.062123,0.005395,-0.262551,-0.383482,0.005968,-0.259155,0.161456,-0.008385,-0.430119,-0.132914,1.000000,0.000000,0.000000,0.000000,0.087810,-0.486915,0.000000,0.000000,0.000000,0.000000,0.005444,0.152096,0.042673,0.043648,0.062123,0.005395,-0.350362,0.103432,0.005968,0.158062,0.365359
10.941000,3.990000,-0.427471,0.014159,1.042626,0.041209,0.063015,0.005339,-0.257037,-0.391546,0.006126,-0.273051,0.160089,-0.008201,-0.430119,-0.132914,1.000000,0.000000,0.000000,0.000000,0.087810,-0.486915,0.000000,0.000000,0.000000,0.000000,0.002648,0.147073,0.042626,0.041209,0.063015,0.005339,-0.344848,0.095369,0.006126,0.153148,0.357844
10.953000,4.002000,-0.430031,0.009316,1.042587,0.038553,0.063954,0.005282,-0.250774,-0.398417,0.006340,-0.292435,0.185656,-0.008325,-0.427987,-0.143456,1.000000,0.000000,0.000000,0.000000,0.106017,-0.471177,0.000000,0.000000,0.000000,0.000000,-0.002043,0.152772,0.042587,0.038553,0.063954,0.005282,-0.356791,0.072759,0.006340,0.158610,0.364190
10.961000,4.010000,-0.432436,0.004551,1.042556,0.035699,0.064977,0.005226,-0.244088,-0.404490,0.006578,-0.308215,0.193109,-0.008263,-0.427987,-0.143456,1.000000,0.000000,0.000000,0.000000,0.106017,-0.471177,0.000000,0.000000,0.000000,0.000000,-0.004449,0.148007,0.042556,0.035699,0.064977,0.005226,-0.350105,0.066687,0.006578,0.154068,0.356461
10.970000,4.019000,-0.434877,0.000506,1.042622,0.032616,0.066910,0.005212,-0.237653,-0.407976,0.007039,-0.331034,0.270759,-0.009091,-0.427987,-0.143456,1.000000,0.000000,0.000000,0.000000,0.106017,-0.471177,0.000000,0.000000,0.000000,0.000000,-0.006890,0.143962,0.042622,0.032616,0.066910,0.005212,-0.343670,0.063200,0.007039,0.150297,0.349503
10.983000,4.032000,-0.435991,-0.003251,1.042496,0.029133,0.067516,0.005137,-0.226666,-0.409037,0.006816,-0.307425,0.164345,-0.007772,-0.425823,-0.152268,1.000000,0.000000,0.000000,0.000000,0.121755,-0.456187,0.000000,0.000000,0.000000,0.000000,-0.010167,0.149018,0.042496,0.029133,0.067516,0.005137,-0.348420,0.047150,0.006816,0.155292,0.351662
10.991000,4.040000,-0.438572,-0.008791,1.042484,0.026053,0.068651,0.005080,-0.221164,-0.416616,0.006928,-0.325182,0.173760,-0.007524,-0.425823,-0.152268,1.000000,0.000000,0.000000,0.000000,0.121755,-0.456187,0.000000,0.000000,0.000000,0.000000,-0.012749,0.143477,0.042484,0.026053,0.068651,0.005080,-0.342919,0.039571,0.006928,0.150177,0.345264
11.001000,4.050000,-0.440875,-0.014078,1.042460,0.022816,0.069778,0.005021,-0.214741,-0.422695,0.007005,-0.332058,0.168493,-0.007278,-0.423361,-0.160784,1.000000,0.000000,0.000000,0.000000,0.137490,-0.439935,0.000000,0.000000,0.000000,0.000000,-0.017515,0.146706,0.042460,0.022816,0.069778,0.005021,-0.352232,0.017240,0.007005,0.153728,0.352723
11.012000,4.061000,-0.442984,-0.019184,1.042437,0.019486,0.070845,0.004956,-0.207735,-0.427575,0.007098,-0.336823,0.188436,-0.007540,-0.423361,-0.160784,1.000000,0.000000,0.000000,0.000000,0.137490,-0.439935,0.000000,0.000000,0.000000,0.000000,-0.019623,0.141600,0.042437,0.019486,0.070845,0.004956,-0.345225,0.012360,0.007098,0.149119,0.345519
11.020000,4.069000,-0.444957,-0.024202,1.042416,0.016109,0.071898,0.004886,-0.200391,-0.431633,0.007196,-0.338119,0.187091,-0.007618,-0.420445,-0.169400,1.000000,0.000000,0.000000,0.000000,0.154036,-0.421503,0.000000,0.000000,0.000000,0.000000,-0.024512,0.145198,0.042416,0.016109,0.071898,0.004886,-0.354427,-0.010130,0.007196,0.153240,0.354644
11.030000,4.079000,-0.446961,-0.028519,1.042488,0.012724,0.073770,0.004840,-0.193293,-0.433184,0.007528,-0.345337,0.256589,-0.008437,-0.420445,-0.169400,1.000000,0.000000,0.000000,0.000000,0.154036,-0.421503,0.000000,0.000000,0.000000,0.000000,-0.026516,0.140881,0.042488,0.012724,0.073770,0.004840,-0.347329,-0.011681,0.007528,0.149519,0.347607
11.041000,4.090000,-0.447832,-0.032361,1.042364,0.008852,0.074229,0.004745,-0.182380,-0.431722,0.007279,-0.335817,0.176428,-0.007604,-0.417199,-0.177635,1.000000,0.000000,0.000000,0.000000,0.170545,-0.401758,0.000000,0.000000,0.000000,0.000000,-0.030633,0.145274,0.042364,0.008852,0.074229,0.004745,-0.352925,-0.029964,0.007279,0.154394,0.354270
11.050000,4.099000,-0.449905,-0.038156,1.042357,0.005704,0.075159,0.004662,-0.176008,-0.437425,0.007284,-0.330356,0.150349,-0.007383,-0.417199,-0.177635,1.000000,0.000000,0.000000,0.000000,0.170545,-0.401758,0.000000,0.000000,0.000000,0.000000,-0.032705,0.139479,0.042357,0.005704,0.075159,0.004662,-0.346553,-0.035668,0.007284,0.149393,0.348460
11.060000,4.109000,-0.451665,-0.042530,1.042429,0.002396,0.076663,0.004597,-0.168601,-0.437952,0.007520,-0.332866,0.193631,-0.007954,-0.413624,-0.185462,1.000000,0.000000,0.000000,0.000000,0.187001,-0.380748,0.000000,0.000000,0.000000,0.000000,-0.038041,0.142932,0.042429,0.002396,0.076663,0.004597,-0.355602,-0.057204,0.007520,0.153873,0.360252
11.070000,4.119000,-0.452299,-0.045465,1.042344,-0.001450,0.077273,0.004513,-0.157384,-0.432552,0.007317,-0.332144,0.168931,-0.007540,-0.413624,-0.185462,1.000000,0.000000,0.000000,0.000000,0.187001,-0.380748,0.000000,0.000000,0.000000,0.000000,-0.038675,0.139997,0.042344,-0.001450,0.077273,0.004513,-0.344385,-0.051803,0.007317,0.151287,0.348336
11.080000,4.129000,-0.453972,-0.051483,1.042271,-0.004667,0.077779,0.004397,-0.150279,-0.437624,0.007150,-0.328338,0.150271,-0.007572,-0.409720,-0.192857,1.000000,0.000000,0.000000,0.000000,0.203387,-0.358529,0.000000,0.000000,0.000000,0.000000,-0.044252,0.141374,0.042271,-0.004667,0.077779,0.004397,-0.353666,-0.079095,0.007150,0.154051,0.362473
11.090000,4.139000,-0.455475,-0.055859,1.042342,-0.007957,0.079281,0.004314,-0.142617,-0.437132,0.007383,-0.325778,0.215558,-0.008176,-0.409720,-0.192857,1.000000,0.000000,0.000000,0.000000,0.203387,-0.358529,0.000000,0.000000,0.000000,0.000000,-0.045755,0.136998,0.042342,-0.007957,0.079281,0.004314,-0.346004,-0.078602,0.007383,0.150515,0.354897
11.100000,4.149000,-0.456413,-0.059901,1.042275,-0.011418,0.079304,0.004225,-0.133208,-0.434758,0.007198,-0.315872,0.136268,-0.007397,-0.405489,-0.199796,1.000000,0.000000,0.000000,0.000000,0.219686,-0.335159,0.000000,0.000000,0.000000,0.000000,-0.050924,0.139894,0.042275,-0.011418,0.079304,0.004225,-0.352894,-0.099599,0.007198,0.154761,0.366751
11.110000,4.159000,-0.457992,-0.066421,1.042207,-0.014413,0.079662,0.004108,-0.126450,-0.440628,0.006981,-0.315539,0.109109,-0.006952,-0.405489,-0.199796,1.000000,0.000000,0.000000,0.000000,0.219686,-0.335159,0.000000,0.000000,0.000000,0.000000,-0.052503,0.133375,0.042207,-0.014413,0.079662,0.004108,-0.346137,-0.105469,0.006981,0.149422,0.361916
11.120000,4.169000,-0.459257,-0.070827,1.042277,-0.017575,0.080752,0.004022,-0.118609,-0.439179,0.007165,-0.318298,0.156957,-0.007330,-0.400933,-0.206256,1.000000,0.000000,0.000000,0.000000,0.235881,-0.310699,0.000000,0.000000,0.000000,0.000000,-0.058324,0.135429,0.042277,-0.017575,0.080752,0.004022,-0.354490,-0.128480,0.007165,0.153395,0.377123
11.130000,4.179000,-0.460077,-0.075011,1.042205,-0.020874,0.080692,0.003933,-0.109475,-0.436309,0.006978,-0.317911,0.130937,-0.007008,-0.400933,-0.206256,1.000000,0.000000,0.000000,0.000000,0.235881,-0.310699,0.000000,0.000000,0.000000,0.000000,-0.059143,0.131244,0.042205,-0.020874,0.080692,0.003933,-0.345357,-0.125610,0.006978,0.150014,0.367556
11.140000,4.189000,-0.461039,-0.079680,1.042169,-0.024055,0.080957,0.003842,-0.101149,-0.434978,0.006895,-0.317220,0.123455,-0.006882,-0.396055,-0.212217,1.000000,0.000000,0.000000,0.000000,0.251955,-0.285215,0.000000,0.000000,0.000000,0.000000,-0.064984,0.132537,0.042169,-0.024055,0.080957,0.003842,-0.353104,-0.149762,0.006895,0.153516,0.383613
11.154000,4.203000,-0.462339,-0.086507,1.042104,-0.026922,0.081078,0.003734,-0.094387,-0.440753,0.006703,-0.315875,0.112136,-0.006293,-0.390856,-0.217658,1.000000,0.000000,0.000000,0.000000,0.267890,-0.258777,0.000000,0.000000,0.000000,0.000000,-0.071483,0.131151,0.042104,-0.026922,0.081078,0.003734,-0.362276,-0.181976,0.006703,0.155187,0.405468
11.160000,4.209000,-0.463283,-0.090915,1.042171,-0.030089,0.082197,0.003641,-0.086407,-0.438077,0.006892,-0.321491,0.186879,-0.006736,-0.390856,-0.217658,1.000000,0.000000,0.000000,0.000000,0.267890,-0.258777,0.000000,0.000000,0.000000,0.000000,-0.072427,0.126743,0.042171,-0.030089,0.082197,0.003641,-0.354297,-0.179299,0.006892,0.151947,0.397142
11.170000,4.219000,-0.463905,-0.095199,1.042103,-0.033452,0.081942,0.003562,-0.077599,-0.434381,0.006704,-0.329049,0.129270,-0.005833,-0.390856,-0.217658,1.000000,0.000000,0.000000,0.000000,0.267890,-0.258777,0.000000,0.000000,0.000000,0.000000,-0.073049,0.122460,0.042103,-0.033452,0.081942,0.003562,-0.345488,-0.175604,0.006704,0.148678,0.387613
11.182000,4.231000,-0.464858,-0.101812,1.042027,-0.036517,0.082252,0.003461,-0.070319,-0.438463,0.006487,-0.337315,0.136022,-0.005178,-0.385340,-0.222562,1.000000,0.000000,0.000000,0.000000,0.283670,-0.231458,0.000000,0.000000,0.000000,0.000000,-0.079518,0.120750,0.042027,-0.036517,0.082252,0.003461,-0.353989,-0.207005,0.006487,0.150565,0.410123
11.191000,4.240000,-0.465752,-0.108191,1.042005,-0.039581,0.082834,0.003377,-0.062978,-0.441654,0.006404,-0.340183,0.145340,-0.004494,-0.385340,-0.222562,1.000000,0.000000,0.000000,0.000000,0.283670,-0.231458,0.000000,0.000000,0.000000,0.000000,-0.080412,0.114370,0.042005,-0.039581,0.082834,0.003377,-0.346648,-0.210196,0.006404,0.145984,0.405448
11.202000,4.251000,-0.466448,-0.114030,1.041964,-0.042881,0.083503,0.003294,-0.055122,-0.442440,0.006248,-0.346543,0.152790,-0.003956,-0.379510,-0.226911,1.000000,0.000000,0.000000,0.000000,0.299278,-0.203333,0.000000,0.000000,0.000000,0.000000,-0.086938,0.112881,0.041964,-0.042881,0.083503,0.003294,-0.354400,-0.239107,0.006248,0.148531,0.427564
11.213000,4.262000,-0.466989,-0.119448,1.041912,-0.046369,0.084254,0.003210,-0.046917,-0.441332,0.006086,-0.359604,0.154005,-0.003756,-0.373055,-0.230864,1.000000,0.000000,0.000000,0.000000,0.315464,-0.173019,0.000000,0.000000,0.000000,0.000000,-0.093934,0.111416,0.041912,-0.046369,0.084254,0.003210,-0.362381,-0.268312,0.006086,0.151637,0.450942
11.220000,4.269000,-0.467410,-0.124618,1.041852,-0.050012,0.085054,0.003123,-0.038503,-0.439016,0.005883,-0.368593,0.157492,-0.003531,-0.373055,-0.230864,1.000000,0.000000,0.000000,0.000000,0.315464,-0.173019,0.000000,0.000000,0.000000,0.000000,-0.094355,0.106246,0.041852,-0.050012,0.085054,0.003123,-0.353967,-0.265996,0.005883,0.148130,0.442811
11.230000,4.279000,-0.467731,-0.129644,1.041784,-0.053789,0.085873,0.003035,-0.029948,-0.435897,0.005680,-0.373924,0.154523,-0.003455,-0.373055,-0.230864,1.000000,0.000000,0.000000,0.000000,0.315464,-0.173019,0.000000,0.000000,0.000000,0.000000,-0.094676,0.101220,0.041784,-0.053789,0.085873,0.003035,-0.345412,-0.262878,0.005680,0.144759,0.434104
11.240000,4.289000,-0.467961,-0.134577,1.041709,-0.057678,0.086682,0.002944,-0.021293,-0.432189,0.005434,-0.383000,0.153197,-0.003361,-0.366924,-0.233886,1.000000,0.000000,0.000000,0.000000,0.329914,-0.144981,0.000000,0.000000,0.000000,0.000000,-0.101038,0.099309,0.041709,-0.057678,0.086682,0.002944,-0.351207,-0.287208,0.005434,0.147684,0.453722
11.250000,4.299000,-0.468174,-0.138899,1.041763,-0.061518,0.088209,0.002822,-0.012756,-0.426489,0.005605,-0.401008,0.225241,-0.004086,-0.366924,-0.233886,1.000000,0.000000,0.000000,0.000000,0.329914,-0.144981,0.000000,0.000000,0.000000,0.000000,-0.101250,0.094987,0.041763,-0.061518,0.088209,0.002822,-0.342670,-0.281508,0.005605,0.144977,0.443510
11.264000,4.313000,-0.468087,-0.142452,1.041534,-0.066110,0.088210,0.002725,-0.003502,-0.417037,0.004913,-0.395916,0.126662,-0.002830,-0.360175,-0.236486,1.000000,0.000000,0.000000,0.000000,0.344908,-0.114919,0.000000,0.000000,0.000000,0.000000,-0.107912,0.094034,0.041534,-0.066110,0.088210,0.002725,-0.348410,-0.302118,0.004913,0.149038,0.461182
11.270000,4.319000,-0.468100,-0.148013,1.041444,-0.070159,0.088960,0.002635,0.005216,-0.415093,0.004609,-0.416604,0.124710,-0.002533,-0.360175,-0.236486,1.000000,0.000000,0.000000,0.000000,0.344908,-0.114919,0.000000,0.000000,0.000000,0.000000,-0.107925,0.088473,0.041444,-0.070159,0.088960,0.002635,-0.339692,-0.300173,0.004609,0.145578,0.453339
11.280000,4.329000,-0.468048,-0.152164,1.041490,-0.074336,0.090202,0.002522,0.013976,-0.408171,0.004679,-0.418037,0.168856,-0.002994,-0.353129,-0.238480,1.000000,0.000000,0.000000,0.000000,0.359665,-0.084381,0.000000,0.000000,0.000000,0.000000,-0.114919,0.086316,0.041490,-0.074336,0.090202,0.002522,-0.345690,-0.323790,0.004679,0.149594,0.473670
11.290000,4.339000,-0.467894,-0.154843,1.041319,-0.079262,0.090274,0.002446,0.022793,-0.395438,0.004242,-0.393558,0.134489,-0.002546,-0.353129,-0.238480,1.000000,0.000000,0.000000,0.000000,0.359665,-0.084381,0.000000,0.000000,0.000000,0.000000,-0.114765,0.083636,0.041319,-0.079262,0.090274,0.002446,-0.336872,-0.311057,0.004242,0.147896,0.458538
11.300000,4.349000,-0.467618,-0.160378,1.041122,-0.083584,0.090534,0.002365,0.031729,-0.392536,0.003705,-0.392938,0.110643,-0.002748,-0.345790,-0.239858,1.000000,0.000000,0.000000,0.000000,0.374170,-0.053454,0.000000,0.000000,0.000000,0.000000,-0.121828,0.079481,0.041122,-0.083584,0.090534,0.002365,-0.342441,-0.339082,0.003705,0.151163,0.481930
11.310000,4.359000,-0.467300,-0.164303,1.041159,-0.087524,0.091634,0.002244,0.040662,-0.384281,0.003878,-0.351987,0.170693,-0.003407,-0.345790,-0.239858,1.000000,0.000000,0.000000,0.000000,0.374170,-0.053454,0.000000,0.000000,0.000000,0.000000,-0.121510,0.075555,0.041159,-0.087524,0.091634,0.002244,-0.333508,-0.330828,0.003878,0.148887,0.469776
11.320000,4.369000,-0.466878,-0.169609,1.040901,-0.091721,0.090968,0.002184,0.049541,-0.380146,0.003148,-0.353088,0.081473,-0.003125,-0.338164,-0.240616,1.000000,0.000000,0.000000,0.000000,0.388406,-0.022226,0.000000,0.000000,0.000000,0.000000,-0.128715,0.071006,0.040901,-0.091721,0.090968,0.002184,-0.338865,-0.357920,0.003148,0.152585,0.492896
11.330000,4.379000,-0.466273,-0.175056,1.040785,-0.095047,0.091768,0.002066,0.058855,-0.376642,0.002874,-0.324315,0.126256,-0.003497,-0.338164,-0.240616,1.000000,0.000000,0.000000,0.000000,0.388406,-0.022226,0.000000,0.000000,0.000000,0.000000,-0.128109,0.065559,0.040785,-0.095047,0.091768,0.002066,-0.329551,-0.354417,0.002874,0.149577,0.483966
11.340000,4.389000,-0.465684,-0.178823,1.040814,-0.098784,0.091140,0.002043,0.067846,-0.367242,0.002996,-0.327295,0.048965,-0.002966,-0.330256,-0.240746,1.000000,0.000000,0.000000,0.000000,0.402359,0.009212,0.000000,0.000000,0.000000,0.000000,-0.135429,0.061923,0.040814,-0.098784,0.091140,0.002043,-0.334512,-0.376454,0.002996,0.154406,0.503612
11.350000,4.399000,-0.465115,-0.183009,1.040537,-0.102402,0.090769,0.002016,0.076294,-0.358599,0.002368,-0.316354,0.042641,-0.002908,-0.330256,-0.240746,1.000000,0.000000,0.000000,0.000000,0.402359,0.009212,0.000000,0.000000,0.000000,0.000000,-0.134860,0.057737,0.040537,-0.102402,0.090769,0.002016,-0.326064,-0.367810,0.002368,0.152197,0.491536
11.360000,4.409000,-0.464352,-0.186595,1.040561,-0.105526,0.090335,0.002029,0.085263,-0.348476,0.002600,-0.296137,0.022437,-0.002817,-0.322072,-0.240246,1.000000,0.000000,0.000000,0.000000,0.416012,0.040768,0.000000,0.000000,0.000000,0.000000,-0.142281,0.053651,0.040561,-0.105526,0.090335,0.002029,-0.330749,-0.389244,0.002600,0.157377,0.510796
11.371000,4.420000,-0.463558,-0.191144,1.040291,-0.108527,0.089482,0.002067,0.093808,-0.341184,0.002030,-0.268523,0.022198,-0.002477,-0.322072,-0.240246,1.000000,0.000000,0.000000,0.000000,0.416012,0.040768,0.000000,0.000000,0.000000,0.000000,-0.141486,0.049103,0.040291,-0.108527,0.089482,0.002067,-0.322205,-0.381952,0.002030,0.155090,0.499707
11.380000,4.429000,-0.462620,-0.194556,1.040311,-0.111230,0.088730,0.002130,0.102659,-0.330448,0.002299,-0.248478,0.016778,-0.001943,-0.313617,-0.239115,1.000000,0.000000,0.000000,0.000000,0.429353,0.072350,0.000000,0.000000,0.000000,0.000000,-0.149002,0.044559,0.040311,-0.111230,0.088730,0.002130,-0.326694,-0.402798,0.002299,0.160662,0.518633
11.391000,4.440000,-0.461653,-0.199083,1.040041,-0.113876,0.087871,0.002186,0.111045,-0.323169,0.001760,-0.252972,0.029110,-0.001538,-0.313617,-0.239115,1.000000,0.000000,0.000000,0.000000,0.429353,0.072350,0.000000,0.000000,0.000000,0.000000,-0.148036,0.040032,0.040041,-0.113876,0.087871,0.002186,-0.318307,-0.395519,0.001760,0.158494,0.507699
11.403000,4.452000,-0.460313,-0.203785,1.039921,-0.116231,0.087257,0.002244,0.120474,-0.316862,0.001647,-0.249038,0.041021,-0.000897,-0.304900,-0.237353,1.000000,0.000000,0.000000,0.000000,0.442365,0.103866,0.000000,0.000000,0.000000,0.000000,-0.155414,0.033568,0.039921,-0.116231,0.087257,0.002244,-0.321891,-0.420727,0.001647,0.163933,0.529743
11.411000,4.460000,-0.458987,-0.208047,1.039799,-0.118699,0.086776,0.002291,0.129459,-0.308939,0.001566,-0.275536,0.066229,-0.000493,-0.304900,-0.237353,1.000000,0.000000,0.000000,0.000000,0.442365,0.103866,0.000000,0.000000,0.000000,0.000000,-0.154087,0.029306,0.039799,-0.118699,0.086776,0.002291,-0.312906,-0.412804,0.001566,0.161819,0.517996
11.420000,4.469000,-0.457641,-0.211960,1.039683,-0.121366,0.086497,0.002322,0.138141,-0.299785,0.001484,-0.288555,0.088405,0.000299,-0.295925,-0.234962,1.000000,0.000000,0.000000,0.000000,0.455035,0.135222,0.000000,0.000000,0.000000,0.000000,-0.161716,0.023002,0.039683,-0.121366,0.086497,0.002322,-0.316895,-0.435007,0.001484,0.168095,0.538196
11.433000,4.482000,-0.456249,-0.215634,1.039574,-0.124240,0.086432,0.002333,0.146657,-0.289823,0.001439,-0.273751,0.089665,0.000774,-0.286701,-0.231946,1.000000,0.000000,0.000000,0.000000,0.467350,0.166327,0.000000,0.000000,0.000000,0.000000,-0.169548,0.016312,0.039574,-0.124240,0.086432,0.002333,-0.320693,-0.456151,0.001439,0.174868,0.557602
11.441000,4.490000,-0.454795,-0.219135,1.039470,-0.127246,0.086531,0.002331,0.155088,-0.279309,0.001376,-0.282643,0.105091,0.001325,-0.286701,-0.231946,1.000000,0.000000,0.000000,0.000000,0.467350,0.166327,0.000000,0.000000,0.000000,0.000000,-0.168094,0.012811,0.039470,-0.127246,0.086531,0.002331,-0.312262,-0.445637,0.001376,0.173140,0.544152
11.452000,4.501000,-0.453270,-0.222496,1.039369,-0.130339,0.086747,0.002315,0.163485,-0.268370,0.001320,-0.287074,0.109172,0.001287,-0.277233,-0.228311,1.000000,0.000000,0.000000,0.000000,0.479295,0.197089,0.000000,0.000000,0.000000,0.000000,-0.176036,0.005815,0.039369,-0.130339,0.086747,0.002315,-0.315810,-0.465459,0.001320,0.180479,0.562486
11.460000,4.509000,-0.451635,-0.225180,1.039382,-0.133221,0.087831,0.002185,0.172080,-0.255460,0.001559,-0.273450,0.185042,-0.000192,-0.277233,-0.228311,1.000000,0.000000,0.000000,0.000000,0.479295,0.197089,0.000000,0.000000,0.000000,0.000000,-0.174401,0.003131,0.039382,-0.133221,0.087831,0.002185,-0.307215,-0.452549,0.001559,0.178820,0.546977
11.471000,4.520000,-0.450639,-0.227701,1.039184,-0.136868,0.087123,0.002175,0.177940,-0.241454,0.001129,-0.291004,0.084195,0.001620,-0.277233,-0.228311,1.000000,0.000000,0.000000,0.000000,0.479295,0.197089,0.000000,0.000000,0.000000,0.000000,-0.173406,0.000610,0.039184,-0.136868,0.087123,0.002175,-0.301355,-0.438542,0.001129,0.177779,0.532105
11.483000,4.532000,-0.448580,-0.231203,1.039092,-0.139899,0.087500,0.002148,0.187515,-0.231463,0.000972,-0.294219,0.083352,0.001505,-0.267531,-0.224065,1.000000,0.000000,0.000000,0.000000,0.490858,0.227415,0.000000,0.000000,0.000000,0.000000,-0.181049,-0.007138,0.039092,-0.139899,0.087500,0.002148,-0.303344,-0.458879,0.000972,0.185358,0.550080
11.490000,4.539000,-0.446705,-0.233518,1.039102,-0.143026,0.087737,0.002132,0.196185,-0.217604,0.001145,-0.268631,0.104634,0.000743,-0.267531,-0.224065,1.000000,0.000000,0.000000,0.000000,0.490858,0.227415,0.000000,0.000000,0.000000,0.000000,-0.179173,-0.009453,0.039102,-0.143026,0.087737,0.002132,-0.294673,-0.445019,0.001145,0.183634,0.533738
11.503000,4.552000,-0.445311,-0.236336,1.038920,-0.146262,0.087473,0.002136,0.202676,-0.205088,0.000705,-0.257898,0.072907,-0.000147,-0.256093,-0.218439,1.000000,0.000000,0.000000,0.000000,0.503667,0.261636,0.000000,0.000000,0.000000,0.000000,-0.189218,-0.017896,0.038920,-0.146262,0.087473,0.002136,-0.300991,-0.466724,0.000705,0.194007,0.555363
11.510000,4.559000,-0.443285,-0.238387,1.038927,-0.148850,0.088194,0.002028,0.211348,-0.190607,0.000782,-0.215512,0.138497,-0.001543,-0.256093,-0.218439,1.000000,0.000000,0.000000,0.000000,0.503667,0.261636,0.000000,0.000000,0.000000,0.000000,-0.187191,-0.019947,0.038927,-0.148850,0.088194,0.002028,-0.292319,-0.452243,0.000782,0.192234,0.538493
11.520000,4.569000,-0.441421,-0.241454,1.038769,-0.151791,0.087116,0.002054,0.218959,-0.179390,0.000337,-0.221323,0.054025,-0.001803,-0.247453,-0.213780,1.000000,0.000000,0.000000,0.000000,0.512788,0.286404,0.000000,0.000000,0.000000,0.000000,-0.193969,-0.027674,0.038769,-0.151791,0.087116,0.002054,-0.293830,-0.465794,0.000337,0.199731,0.550726
11.530000,4.579000,-0.439232,-0.243248,1.038772,-0.154013,0.087647,0.001954,0.227601,-0.164357,0.000395,-0.193644,0.108318,-0.002580,-0.247453,-0.213780,1.000000,0.000000,0.000000,0.000000,0.512788,0.286404,0.000000,0.000000,0.000000,0.000000,-0.191779,-0.029467,0.038772,-0.154013,0.087647,0.001954,-0.285188,-0.450761,0.000395,0.197866,0.533402
11.541000,4.590000,-0.437144,-0.246211,1.038617,-0.156393,0.086330,0.002016,0.235381,-0.153217,-0.000043,-0.195312,0.016539,-0.002363,-0.236570,-0.207451,1.000000,0.000000,0.000000,0.000000,0.523637,0.316294,0.000000,0.000000,0.000000,0.000000,-0.200575,-0.038760,0.038617,-0.156393,0.086330,0.002016,-0.288256,-0.469511,-0.000043,0.207903,0.550938
11.550000,4.599000,-0.434309,-0.248847,1.038534,-0.158279,0.085739,0.002101,0.245604,-0.141391,-0.000228,-0.168903,0.000216,-0.002599,-0.236570,-0.207451,1.000000,0.000000,0.000000,0.000000,0.523637,0.316294,0.000000,0.000000,0.000000,0.000000,-0.197740,-0.041397,0.038534,-0.158279,0.085739,0.002101,-0.278033,-0.457685,-0.000228,0.205669,0.535517
11.561000,4.610000,-0.431626,-0.251178,1.038446,-0.160089,0.084867,0.002218,0.254847,-0.128678,-0.000346,-0.162195,0.018495,-0.002730,-0.226531,-0.201190,1.000000,0.000000,0.000000,0.000000,0.533044,0.342589,0.000000,0.000000,0.000000,0.000000,-0.205095,-0.049988,0.038446,-0.160089,0.084867,0.002218,-0.278198,-0.471267,-0.000346,0.214572,0.547254
11.572000,4.621000,-0.429012,-0.253231,1.038356,-0.161828,0.083816,0.002356,0.263408,-0.115239,-0.000483,-0.151431,0.007917,-0.002545,-0.226531,-0.201190,1.000000,0.000000,0.000000,0.000000,0.533044,0.342589,0.000000,0.000000,0.000000,0.000000,-0.202481,-0.052041,0.038356,-0.161828,0.083816,0.002356,-0.269637,-0.457828,-0.000483,0.212551,0.531329
11.583000,4.632000,-0.426399,-0.255067,1.038270,-0.163507,0.082746,0.002502,0.271551,-0.101316,-0.000581,-0.143276,0.005289,-0.002255,-0.215774,-0.194068,1.000000,0.000000,0.000000,0.000000,0.542517,0.369418,0.000000,0.000000,0.000000,0.000000,-0.210624,-0.060998,0.038270,-0.163507,0.082746,0.002502,-0.270966,-0.470734,-0.000581,0.222594,0.543152
11.591000,4.640000,-0.423750,-0.256723,1.038190,-0.165133,0.081743,0.002644,0.279419,-0.087078,-0.000678,-0.136708,0.012288,-0.001696,-0.215774,-0.194068,1.000000,0.000000,0.000000,0.000000,0.542517,0.369418,0.000000,0.000000,0.000000,0.000000,-0.207976,-0.062654,0.038190,-0.165133,0.081743,0.002644,-0.263097,-0.456496,-0.000678,0.220541,0.526887
11.600000,4.649000,-0.420956,-0.257593,1.038183,-0.166503,0.081862,0.002607,0.287532,-0.070691,-0.000575,-0.113016,0.110191,-0.002452,-0.204833,-0.186420,1.000000,0.000000,0.000000,0.000000,0.551537,0.395297,0.000000,0.000000,0.000000,0.000000,-0.216123,-0.071174,0.038183,-0.166503,0.081862,0.002607,-0.264005,-0.465988,-0.000575,0.230723,0.535578
11.610000,4.659000,-0.420009,-0.258491,1.038100,-0.168394,0.079508,0.002751,0.288556,-0.054534,-0.000678,-0.129580,0.024672,-0.001471,-0.204833,-0.186420,1.000000,0.000000,0.000000,0.000000,0.551537,0.395297,0.000000,0.000000,0.000000,0.000000,-0.215176,-0.072071,0.038100,-0.168394,0.079508,0.002751,-0.262981,-0.449831,-0.000678,0.230101,0.521064
11.620000,4.669000,-0.417027,-0.260171,1.037993,-0.169941,0.078787,0.002879,0.296676,-0.041279,-0.000866,-0.123573,0.040053,-0.000777,-0.193716,-0.178263,1.000000,0.000000,0.000000,0.000000,0.560097,0.420147,0.000000,0.000000,0.000000,0.000000,-0.223311,-0.081908,0.037993,-0.169941,0.078787,0.002879,-0.263422,-0.461427,-0.000866,0.240874,0.531325
11.630000,4.679000,-0.413404,-0.261447,1.037919,-0.171295,0.078579,0.002956,0.306815,-0.027216,-0.000979,-0.105769,0.068158,-0.000506,-0.193716,-0.178263,1.000000,0.000000,0.000000,0.000000,0.560097,0.420147,0.000000,0.000000,0.000000,0.000000,-0.219688,-0.083184,0.037919,-0.171295,0.078579,0.002956,-0.253282,-0.447363,-0.000979,0.237950,0.514088
11.640000,4.689000,-0.410336,-0.261720,1.037909,-0.172362,0.079250,0.002834,0.314609,-0.010213,-0.000920,-0.071286,0.169172,-0.001750,-0.182432,-0.169621,1.000000,0.000000,0.000000,0.000000,0.568187,0.443894,0.000000,0.000000,0.000000,0.000000,-0.227904,-0.092099,0.037909,-0.172362,0.079250,0.002834,-0.253578,-0.454106,-0.000920,0.248716,0.520111
11.651000,4.700000,-0.407978,-0.263206,1.037769,-0.173931,0.077836,0.002910,0.319430,0.002574,-0.001206,-0.096711,0.072931,-0.000600,-0.182432,-0.169621,1.000000,0.000000,0.000000,0.000000,0.568187,0.443894,0.000000,0.000000,0.000000,0.000000,-0.225546,-0.093585,0.037769,-0.173931,0.077836,0.002910,-0.248757,-0.441320,-0.001206,0.247095,0.506601
11.660000,4.709000,-0.404784,-0.263181,1.037757,-0.174909,0.078554,0.002777,0.327153,0.019846,-0.001135,-0.065581,0.157293,-0.002214,-0.170992,-0.160516,1.000000,0.000000,0.000000,0.000000,0.575797,0.466465,0.000000,0.000000,0.000000,0.000000,-0.233793,-0.102665,0.037757,-0.174909,0.078554,0.002777,-0.248643,-0.446619,-0.001135,0.258118,0.511169
11.670000,4.719000,-0.402793,-0.263946,1.037662,-0.176215,0.077432,0.002805,0.330213,0.034064,-0.001286,-0.077793,0.091833,-0.000761,-0.170992,-0.160516,1.000000,0.000000,0.000000,0.000000,0.575797,0.466465,0.000000,0.000000,0.000000,0.000000,-0.231801,-0.103431,0.037662,-0.176215,0.077432,0.002805,-0.245584,-0.432400,-0.001286,0.256609,0.497276
11.681000,4.730000,-0.399029,-0.264816,1.037530,-0.177290,0.077534,0.002827,0.339502,0.047818,-0.001561,-0.066071,0.094670,-0.000966,-0.159404,-0.150971,1.000000,0.000000,0.000000,0.000000,0.582919,0.487792,0.000000,0.000000,0.000000,0.000000,-0.239626,-0.113845,0.037530,-0.177290,0.077534,0.002827,-0.243416,-0.439975,-0.001561,0.267936,0.502824
11.690000,4.739000,-0.394810,-0.265027,1.037435,-0.178153,0.077875,0.002817,0.350170,0.063240,-0.001732,-0.047213,0.095124,-0.001215,-0.159404,-0.150971,1.000000,0.000000,0.000000,0.000000,0.582919,0.487792,0.000000,0.000000,0.000000,0.000000,-0.235406,-0.114056,0.037435,-0.178153,0.077875,0.002817,-0.232748,-0.424553,-0.001732,0.264246,0.484169
11.701000,4.750000,-0.390908,-0.265134,1.037335,-0.178889,0.078032,0.002811,0.359316,0.078564,-0.001930,-0.034727,0.092444,-0.001413,-0.146498,-0.139995,1.000000,0.000000,0.000000,0.000000,0.590181,0.509739,0.000000,0.000000,0.000000,0.000000,-0.244410,-0.125139,0.037335,-0.178889,0.078032,0.002811,-0.230865,-0.431175,-0.001930,0.277109,0.489095
11.711000,4.760000,-0.387194,-0.265078,1.037234,-0.179510,0.078048,0.002811,0.367464,0.094012,-0.002057,-0.027931,0.079071,-0.001556,-0.146498,-0.139995,1.000000,0.000000,0.000000,0.000000,0.590181,0.509739,0.000000,0.000000,0.000000,0.000000,-0.240696,-0.125083,0.037234,-0.179510,0.078048,0.002811,-0.222717,-0.415727,-0.002057,0.273800,0.471631
11.720000,4.769000,-0.383520,-0.264137,1.037213,-0.179802,0.078823,0.002654,0.375219,0.111854,-0.001957,0.006020,0.150015,-0.002924,-0.135825,-0.130667,1.000000,0.000000,0.000000,0.000000,0.595669,0.526462,0.000000,0.000000,0.000000,0.000000,-0.247694,-0.133470,0.037213,-0.179802,0.078823,0.002654,-0.220450,-0.414608,-0.001957,0.283816,0.469577
11.730000,4.779000,-0.382188,-0.264500,1.037111,-0.180403,0.077228,0.002687,0.374221,0.124751,-0.002040,-0.034286,0.075802,-0.001771,-0.135825,-0.130667,1.000000,0.000000,0.000000,0.000000,0.595669,0.526462,0.000000,0.000000,0.000000,0.000000,-0.246363,-0.133832,0.037111,-0.180403,0.077228,0.002687,-0.221448,-0.401711,-0.002040,0.282813,0.458710
11.740000,4.789000,-0.379322,-0.264204,1.037020,-0.180784,0.076712,0.002727,0.378714,0.139569,-0.002091,-0.028477,0.064350,-0.001987,-0.123855,-0.119964,1.000000,0.000000,0.000000,0.000000,0.601283,0.543687,0.000000,0.000000,0.000000,0.000000,-0.255468,-0.144241,0.037020,-0.180784,0.076712,0.002727,-0.222569,-0.404117,-0.002091,0.295702,0.461359
11.750000,4.799000,-0.375996,-0.263684,1.036926,-0.181168,0.076243,0.002785,0.384659,0.154696,-0.002155,0.002317,0.051551,-0.001945,-0.123855,-0.119964,1.000000,0.000000,0.000000,0.000000,0.601283,0.543687,0.000000,0.000000,0.000000,0.000000,-0.252141,-0.143720,0.036926,-0.181168,0.076243,0.002785,-0.216625,-0.388991,-0.002155,0.292565,0.445247
11.765000,4.814000,-0.371210,-0.263036,1.036765,-0.181739,0.076049,0.002886,0.395591,0.170083,-0.002423,0.003897,0.040506,-0.001927,-0.111777,-0.108930,1.000000,0.000000,0.000000,0.000000,0.606382,0.559433,0.000000,0.000000,0.000000,0.000000,-0.259433,-0.154106,0.036765,-0.181739,0.076049,0.002886,-0.210790,-0.389350,-0.002423,0.303983,0.442755
11.770000,4.819000,-0.366197,-0.261708,1.036645,-0.182116,0.075669,0.003007,0.406954,0.187116,-0.002546,0.011308,0.028876,-0.001833,-0.111777,-0.108930,1.000000,0.000000,0.000000,0.000000,0.606382,0.559433,0.000000,0.000000,0.000000,0.000000,-0.254420,-0.152778,0.036645,-0.182116,0.075669,0.003007,-0.199428,-0.372317,-0.002546,0.299021,0.422372
11.780000,4.829000,-0.362128,-0.259837,1.036620,-0.182008,0.075949,0.002936,0.414474,0.205234,-0.002388,0.050702,0.115317,-0.003005,-0.099603,-0.097596,1.000000,0.000000,0.000000,0.000000,0.610958,0.573654,0.000000,0.000000,0.000000,0.000000,-0.262525,-0.162240,0.036620,-0.182008,0.075949,0.002936,-0.196484,-0.368420,-0.002388,0.310777,0.417547
11.792000,4.841000,-0.358873,-0.259717,1.036424,-0.182320,0.073866,0.003129,0.418635,0.217056,-0.002643,0.034431,0.013555,-0.001812,-0.087342,-0.085994,1.000000,0.000000,0.000000,0.000000,0.615009,0.586306,0.000000,0.000000,0.000000,0.000000,-0.271530,-0.173723,0.036424,-0.182320,0.073866,0.003129,-0.196373,-0.369250,-0.002643,0.324400,0.418228
11.800000,4.849000,-0.353912,-0.257916,1.036303,-0.182332,0.073232,0.003291,0.428735,0.234175,-0.002676,0.055311,0.009419,-0.001845,-0.087342,-0.085994,1.000000,0.000000,0.000000,0.000000,0.615009,0.586306,0.000000,0.000000,0.000000,0.000000,-0.266570,-0.171922,0.036303,-0.182332,0.073232,0.003291,-0.186273,-0.352131,-0.002676,0.319272,0.398373
11.813000,4.862000,-0.349296,-0.256171,1.036180,-0.182126,0.072411,0.003462,0.437146,0.250476,-0.002678,0.070797,0.011925,-0.001919,-0.075006,-0.074155,1.000000,0.000000,0.000000,0.000000,0.618528,0.597349,0.000000,0.000000,0.000000,0.000000,-0.274290,-0.182016,0.036180,-0.182126,0.072411,0.003462,-0.181382,-0.346874,-0.002678,0.331170,0.391444
11.820000,4.869000,-0.344924,-0.253667,1.036153,-0.181421,0.072524,0.003421,0.444341,0.268621,-0.002385,0.118526,0.105260,-0.003332,-0.075006,-0.074155,1.000000,0.000000,0.000000,0.000000,0.618528,0.597349,0.000000,0.000000,0.000000,0.000000,-0.269918,-0.179512,0.036153,-0.181421,0.072524,0.003421,-0.174188,-0.328728,-0.002385,0.326171,0.372034
11.830000,4.879000,-0.343248,-0.253458,1.036033,-0.180947,0.069853,0.003609,0.441453,0.278176,-0.002321,0.085045,0.007692,-0.002071,-0.075006,-0.074155,1.000000,0.000000,0.000000,0.000000,0.618528,0.597349,0.000000,0.000000,0.000000,0.000000,-0.268242,-0.179303,0.036033,-0.180947,0.069853,0.003609,-0.177075,-0.319173,-0.002321,0.324656,0.365010
11.840000,4.889000,-0.338595,-0.251695,1.035860,-0.180502,0.068955,0.003814,0.449199,0.293178,-0.002399,0.100281,0.006600,-0.002051,-0.062605,-0.062111,1.000000,0.000000,0.000000,0.000000,0.621513,0.606752,0.000000,0.000000,0.000000,0.000000,-0.275990,-0.189584,0.035860,-0.180502,0.068955,0.003814,-0.172314,-0.313574,-0.002399,0.336747,0.357808
11.850000,4.899000,-0.334103,-0.248763,1.035836,-0.179815,0.068036,0.003963,0.456031,0.311169,-0.002068,0.115573,0.014324,-0.002112,-0.062605,-0.062111,1.000000,0.000000,0.000000,0.000000,0.621513,0.606752,0.000000,0.000000,0.000000,0.000000,-0.271498,-0.186652,0.035836,-0.179815,0.068036,0.003963,-0.165482,-0.295582,-0.002068,0.331413,0.338759
11.860000,4.909000,-0.331048,-0.247616,1.035700,-0.178619,0.066685,0.004138,0.457330,0.322343,-0.002046,0.129891,0.014235,-0.002133,-0.050149,-0.049896,1.000000,0.000000,0.000000,0.000000,0.623959,0.614484,0.000000,0.000000,0.000000,0.000000,-0.280899,-0.197720,0.035700,-0.178619,0.066685,0.004138,-0.166629,-0.292141,-0.002046,0.345358,0.336327
11.870000,4.919000,-0.327113,-0.245604,1.035583,-0.177504,0.065605,0.004309,0.461633,0.336112,-0.001962,0.142915,0.012464,-0.002327,-0.050149,-0.049896,1.000000,0.000000,0.000000,0.000000,0.623959,0.614484,0.000000,0.000000,0.000000,0.000000,-0.276964,-0.195708,0.035583,-0.177504,0.065605,0.004309,-0.162326,-0.278372,-0.001962,0.340994,0.322249
11.880000,4.929000,-0.321398,-0.242729,1.035394,-0.176578,0.064999,0.004510,0.472090,0.352660,-0.002077,0.160337,0.011755,-0.002317,-0.037650,-0.037543,1.000000,0.000000,0.000000,0.000000,0.625865,0.620523,0.000000,0.000000,0.000000,0.000000,-0.283748,-0.205186,0.035394,-0.176578,0.064999,0.004510,-0.153775,-0.267863,-0.002077,0.351947,0.308872
11.890000,4.939000,-0.316677,-0.239203,1.035373,-0.174978,0.065110,0.004467,0.478524,0.370268,-0.001662,0.196238,0.113436,-0.004308,-0.037650,-0.037543,1.000000,0.000000,0.000000,0.000000,0.625865,0.620523,0.000000,0.000000,0.000000,0.000000,-0.279027,-0.201660,0.035373,-0.174978,0.065110,0.004467,-0.147341,-0.250255,-0.001662,0.346084,0.290413
11.900000,4.949000,-0.313227,-0.237543,1.035225,-0.173569,0.062982,0.004640,0.480040,0.380715,-0.001594,0.170537,0.026624,-0.002692,-0.025118,-0.025086,1.000000,0.000000,0.000000,0.000000,0.627228,0.624849,0.000000,0.000000,0.000000,0.000000,-0.288109,-0.212456,0.035225,-0.173569,0.062982,0.004640,-0.147187,-0.244134,-0.001594,0.359702,0.285076
11.910000,4.959000,-0.309010,-0.234991,1.035103,-0.172023,0.061997,0.004787,0.484165,0.393835,-0.001443,0.167218,-0.008982,-0.002369,-0.025118,-0.025086,1.000000,0.000000,0.000000,0.000000,0.627228,0.624849,0.000000,0.000000,0.000000,0.000000,-0.283891,-0.209905,0.035103,-0.172023,0.061997,0.004787,-0.143063,-0.231014,-0.001443,0.354805,0.271729
11.920000,4.969000,-0.302965,-0.231384,1.034910,-0.170867,0.061431,0.004983,0.494647,0.410413,-0.001481,0.168929,-0.022796,-0.002732,-0.012565,-0.012561,1.000000,0.000000,0.000000,0.000000,0.628046,0.627451,0.000000,0.000000,0.000000,0.000000,-0.290400,-0.218823,0.034910,-0.170867,0.061431,0.004983,-0.133399,-0.217038,-0.001481,0.365287,0.254760
11.930000,4.979000,-0.298019,-0.227280,1.034895,-0.169177,0.061201,0.004995,0.500717,0.427458,-0.000972,0.210250,0.086304,-0.004979,-0.012565,-0.012561,1.000000,0.000000,0.000000,0.000000,0.628046,0.627451,0.000000,0.000000,0.000000,0.000000,-0.285454,-0.214719,0.034895,-0.169177,0.061201,0.004995,-0.127329,-0.199992,-0.000972,0.358895,0.237088
11.941000,4.990000,-0.292901,-0.224504,1.034698,-0.168053,0.059064,0.005242,0.507043,0.439577,-0.000981,0.182891,-0.002319,-0.004486,0.000000,0.000000,1.000000,0.000000,0.000000,0.000000,0.628319,0.628319,0.000000,0.000000,0.000000,0.000000,-0.292901,-0.224504,0.034698,-0.168053,0.059064,0.005242,-0.121276,-0.188741,-0.000981,0.370671,0.224348
11.952000,5.001000,-0.286717,-0.219956,1.034612,-0.166804,0.058171,0.005436,0.516882,0.457165,-0.000687,0.183458,-0.040981,-0.004763,0.000000,0.000000,1.000000,0.000000,0.000000,0.000000,0.628319,0.628319,0.000000,0.000000,0.000000,0.000000,-0.286717,-0.219956,0.034612,-0.166804,0.058171,0.005436,-0.111437,-0.171154,-0.000687,0.363022,0.204236
11.960000,5.009000,-0.281548,-0.215384,1.034605,-0.164968,0.057759,0.005457,0.522617,0.473805,-0.000138,0.220257,0.030464,-0.006457,0.012565,0.012561,1.000000,0.000000,0.000000,0.000000,0.628120,0.627525,0.000000,0.000000,0.000000,0.000000,-0.294113,-0.227945,0.034605,-0.164968,0.057759,0.005457,-0.105503,-0.153720,-0.000138,0.373710,0.186442
11.971000,5.020000,-0.277734,-0.213394,1.034504,-0.163454,0.055007,0.005737,0.523094,0.481050,0.000151,0.211416,-0.026864,-0.005678,0.012565,0.012561,1.000000,0.000000,0.000000,0.000000,0.628120,0.627525,0.000000,0.000000,0.000000,0.000000,-0.290299,-0.225955,0.034504,-0.163454,0.055007,0.005737,-0.105026,-0.146475,0.000151,0.369486,0.180237
11.980000,5.029000,-0.272503,-0.208583,1.034505,-0.161340,0.054732,0.005724,0.528509,0.497361,0.000762,0.273340,0.085250,-0.007698,0.025122,0.025090,1.000000,0.000000,0.000000,0.000000,0.627525,0.625146,0.000000,0.000000,0.000000,0.000000,-0.297625,-0.233674,0.034505,-0.161340,0.054732,0.005724,-0.099016,-0.127785,0.000762,0.379967,0.161659
11.991000,5.040000,-0.267909,-0.205715,1.034469,-0.159890,0.051830,0.006010,0.531254,0.506562,0.001172,0.231777,-0.032684,-0.006418,0.025122,0.025090,1.000000,0.000000,0.000000,0.000000,0.627525,0.625146,0.000000,0.000000,0.000000,0.000000,-0.293031,-0.230805,0.034469,-0.159890,0.051830,0.006010,-0.096271,-0.118584,0.001172,0.374601,0.152747
12.000000,5.049000,-0.262596,-0.200649,1.034481,-0.157573,0.051497,0.005999,0.536344,0.522506,0.001746,0.288243,0.079547,-0.008377,0.037663,0.037556,1.000000,0.000000,0.000000,0.000000,0.626533,0.621188,0.000000,0.000000,0.000000,0.000000,-0.300260,-0.238205,0.034481,-0.157573,0.051497,0.005999,-0.090190,-0.098683,0.001746,0.384820,0.133699
12.010000,5.059000,-0.259248,-0.198324,1.034488,-0.155374,0.048487,0.006217,0.534026,0.528171,0.002192,0.260873,-0.013590,-0.006738,0.037663,0.037556,1.000000,0.000000,0.000000,0.000000,0.626533,0.621188,0.000000,0.000000,0.000000,0.000000,-0.296911,-0.235880,0.034488,-0.155374,0.048487,0.006217,-0.092507,-0.093018,0.002192,0.380769,0.131205
12.020000,5.069000,-0.253113,-0.193530,1.034521,-0.153347,0.047400,0.006441,0.541658,0.542525,0.002733,0.286006,-0.002286,-0.006602,0.050806,0.050543,1.000000,0.000000,0.000000,0.000000,0.625066,0.615344,0.000000,0.000000,0.000000,0.000000,-0.303919,-0.244073,0.034521,-0.153347,0.047400,0.006441,-0.083408,-0.072819,0.002733,0.391318,0.110756
12.031000,5.080000,-0.246370,-0.187584,1.034564,-0.150788,0.047738,0.006421,0.551106,0.559922,0.003170,0.334322,0.115653,-0.008605,0.050806,0.050543,1.000000,0.000000,0.000000,0.000000,0.625066,0.615344,0.000000,0.000000,0.000000,0.000000,-0.297176,-0.238127,0.034564,-0.150788,0.047738,0.006421,-0.073961,-0.055422,0.003170,0.382378,0.092476
12.040000,5.089000,-0.240859,-0.181985,1.034596,-0.148608,0.045691,0.006537,0.555655,0.574965,0.003601,0.306702,0.025022,-0.006534,0.062667,0.062172,1.000000,0.000000,0.000000,0.000000,0.623364,0.608579,0.000000,0.000000,0.000000,0.000000,-0.303526,-0.244157,0.034596,-0.148608,0.045691,0.006537,-0.067709,-0.033614,0.003601,0.391072,0.075679
12.050000,5.099000,-0.238086,-0.180072,1.034630,-0.145054,0.044011,0.006653,0.550089,0.576295,0.003928,0.303496,-0.010713,-0.005960,0.062667,0.062172,1.000000,0.000000,0.000000,0.000000,0.623364,0.608579,0.000000,0.000000,0.000000,0.000000,-0.300752,-0.242245,0.034630,-0.145054,0.044011,0.006653,-0.073275,-0.032284,0.003928,0.387729,0.080168
12.061000,5.110000,-0.232010,-0.174969,1.034692,-0.142435,0.043352,0.006810,0.556511,0.588943,0.004239,0.325682,0.038531,-0.006812,0.075113,0.074260,1.000000,0.000000,0.000000,0.000000,0.621188,0.599959,0.000000,0.000000,0.000000,0.000000,-0.307123,-0.249230,0.034692,-0.142435,0.043352,0.006810,-0.064678,-0.011016,0.004239,0.397043,0.065746
12.071000,5.120000,-0.225131,-0.168498,1.034767,-0.139897,0.042786,0.006928,0.565511,0.605442,0.004620,0.330457,0.030248,-0.007451,0.075113,0.074260,1.000000,0.000000,0.000000,0.000000,0.621188,0.599959,0.000000,0.000000,0.000000,0.000000,-0.300244,-0.242759,0.034767,-0.139897,0.042786,0.006928,-0.055677,0.005483,0.004620,0.387669,0.056137
12.080000,5.129000,-0.219476,-0.162444,1.034814,-0.136598,0.043075,0.006812,0.569670,0.619331,0.004947,0.374410,0.148863,-0.009950,0.087512,0.086161,1.000000,0.000000,0.000000,0.000000,0.618620,0.589824,0.000000,0.000000,0.000000,0.000000,-0.306988,-0.248605,0.034814,-0.136598,0.043075,0.006812,-0.048950,0.029508,0.004947,0.396557,0.057369
12.092000,5.141000,-0.215212,-0.159330,1.034934,-0.133677,0.040391,0.006997,0.568599,0.622484,0.005403,0.335914,0.004764,-0.007661,0.099855,0.097843,1.000000,0.000000,0.000000,0.000000,0.615661,0.578199,0.000000,0.000000,0.000000,0.000000,-0.315067,-0.257173,0.034934,-0.133677,0.040391,0.006997,-0.047062,0.044285,0.005403,0.408198,0.064848
12.101000,5.150000,-0.208504,-0.152779,1.035057,-0.130958,0.039736,0.007101,0.576238,0.637183,0.005894,0.344787,0.009910,-0.008104,0.099855,0.097843,1.000000,0.000000,0.000000,0.000000,0.615661,0.578199,0.000000,0.000000,0.000000,0.000000,-0.308359,-0.250622,0.035057,-0.130958,0.039736,0.007101,-0.039423,0.058985,0.005894,0.398905,0.071190
12.110000,5.159000,-0.202741,-0.146407,1.035116,-0.127513,0.039824,0.007008,0.580088,0.650156,0.006080,0.393165,0.122756,-0.010354,0.099855,0.097843,1.000000,0.000000,0.000000,0.000000,0.615661,0.578199,0.000000,0.000000,0.000000,0.000000,-0.302596,-0.244250,0.035116,-0.127513,0.039824,0.007008,-0.035573,0.071958,0.006080,0.390456,0.080500
12.120000,5.169000,-0.200143,-0.144438,1.035227,-0.123909,0.036861,0.007126,0.572336,0.646937,0.006471,0.353272,0.024252,-0.008373,0.112135,0.109279,1.000000,0.000000,0.000000,0.000000,0.612313,0.565113,0.000000,0.000000,0.000000,0.000000,-0.312278,-0.253717,0.035227,-0.123909,0.036861,0.007126,-0.039977,0.081824,0.006471,0.403895,0.091297
12.131000,5.180000,-0.193934,-0.138691,1.035404,-0.121031,0.035982,0.007267,0.577741,0.657273,0.006949,0.344960,-0.026577,-0.007885,0.112135,0.109279,1.000000,0.000000,0.000000,0.000000,0.612313,0.565113,0.000000,0.000000,0.000000,0.000000,-0.306070,-0.247970,0.035404,-0.121031,0.035982,0.007267,-0.034572,0.092160,0.006949,0.395501,0.098676
12.140000,5.189000,-0.188157,-0.132118,1.035474,-0.117583,0.035708,0.007221,0.581218,0.669253,0.007139,0.377975,0.039112,-0.009411,0.124345,0.120438,1.000000,0.000000,0.000000,0.000000,0.608579,0.550600,0.000000,0.000000,0.000000,0.000000,-0.312502,-0.252557,0.035474,-0.117583,0.035708,0.007221,-0.027360,0.118653,0.007139,0.403362,0.121976
12.150000,5.199000,-0.184223,-0.128602,1.035613,-0.114076,0.033354,0.007337,0.577873,0.669858,0.007403,0.365123,0.017582,-0.009106,0.124345,0.120438,1.000000,0.000000,0.000000,0.000000,0.608579,0.550600,0.000000,0.000000,0.000000,0.000000,-0.308568,-0.249041,0.035613,-0.114076,0.033354,0.007337,-0.030705,0.119258,0.007403,0.398125,0.123370
12.160000,5.209000,-0.177431,-0.122084,1.035836,-0.111314,0.032299,0.007496,0.584838,0.681175,0.007938,0.365790,0.002983,-0.009446,0.136476,0.131294,1.000000,0.000000,0.000000,0.000000,0.604460,0.534696,0.000000,0.000000,0.000000,0.000000,-0.313907,-0.253378,0.035836,-0.111314,0.032299,0.007496,-0.019622,0.146480,0.007938,0.404997,0.148001
12.170000,5.219000,-0.171582,-0.115273,1.035916,-0.108152,0.030904,0.007565,0.587933,0.692172,0.007971,0.359388,-0.011403,-0.009370,0.136476,0.131294,1.000000,0.000000,0.000000,0.000000,0.604460,0.534696,0.000000,0.000000,0.000000,0.000000,-0.308058,-0.246566,0.035916,-0.108152,0.030904,0.007565,-0.016526,0.157476,0.007971,0.396213,0.158542
12.180000,5.229000,-0.167459,-0.111473,1.036103,-0.104302,0.029105,0.007669,0.584626,0.692003,0.008363,0.362387,-0.008401,-0.009399,0.149720,0.142850,1.000000,0.000000,0.000000,0.000000,0.599488,0.515643,0.000000,0.000000,0.000000,0.000000,-0.317179,-0.254323,0.036103,-0.104302,0.029105,0.007669,-0.014862,0.176360,0.008363,0.408150,0.177183
12.190000,5.239000,-0.160518,-0.104639,1.036391,-0.101474,0.028213,0.007808,0.591492,0.702681,0.008935,0.378879,0.005819,-0.009253,0.149720,0.142850,1.000000,0.000000,0.000000,0.000000,0.599488,0.515643,0.000000,0.000000,0.000000,0.000000,-0.310238,-0.247489,0.036391,-0.101474,0.028213,0.007808,-0.007996,0.187039,0.008935,0.398526,0.187423
12.202000,5.251000,-0.153096,-0.096685,1.036625,-0.098574,0.027658,0.007876,0.599717,0.716337,0.009366,0.388910,0.028253,-0.009194,0.160472,0.151983,1.000000,0.000000,0.000000,0.000000,0.595079,0.498879,0.000000,0.000000,0.000000,0.000000,-0.313568,-0.248668,0.036625,-0.098574,0.027658,0.007876,0.004637,0.217458,0.009366,0.401873,0.217709
12.210000,5.259000,-0.147099,-0.089522,1.036718,-0.095177,0.026763,0.007886,0.602353,0.726046,0.009190,0.399158,0.041599,-0.009234,0.160472,0.151983,1.000000,0.000000,0.000000,0.000000,0.595079,0.498879,0.000000,0.000000,0.000000,0.000000,-0.307571,-0.241505,0.036718,-0.095177,0.026763,0.007886,0.007273,0.227167,0.009190,0.392775,0.227469
12.221000,5.270000,-0.144060,-0.086913,1.036919,-0.090599,0.025218,0.007922,0.594209,0.719088,0.009377,0.409947,0.057180,-0.009121,0.172911,0.162243,1.000000,0.000000,0.000000,0.000000,0.589551,0.478033,0.000000,0.000000,0.000000,0.000000,-0.316971,-0.249156,0.036919,-0.090599,0.025218,0.007922,0.004658,0.241055,0.009377,0.404861,0.241282
12.230000,5.279000,-0.139226,-0.081868,1.037106,-0.086149,0.025516,0.007820,0.592703,0.720704,0.009460,0.463428,0.160520,-0.011575,0.172911,0.162243,1.000000,0.000000,0.000000,0.000000,0.589551,0.478033,0.000000,0.000000,0.000000,0.000000,-0.312137,-0.244110,0.037106,-0.086149,0.025516,0.007820,0.003152,0.242671,0.009460,0.397991,0.242875
12.243000,5.292000,-0.132013,-0.074447,1.037388,-0.083463,0.024235,0.007908,0.599828,0.730738,0.009845,0.423743,0.051173,-0.009085,0.184062,0.171137,1.000000,0.000000,0.000000,0.000000,0.584196,0.458024,0.000000,0.000000,0.000000,0.000000,-0.316075,-0.245583,0.037388,-0.083463,0.024235,0.007908,0.015632,0.272713,0.009845,0.402010,0.273338
12.252000,5.301000,-0.124438,-0.066101,1.037612,-0.080074,0.024203,0.007914,0.607936,0.743000,0.009973,0.406139,0.028623,-0.008880,0.184062,0.171137,1.000000,0.000000,0.000000,0.000000,0.584196,0.458024,0.000000,0.000000,0.000000,0.000000,-0.308501,-0.237238,0.037612,-0.080074,0.024203,0.007914,0.023740,0.284976,0.009973,0.390985,0.286137
12.260000,5.309000,-0.118359,-0.058671,1.037712,-0.076015,0.024481,0.007803,0.610251,0.750874,0.009762,0.424921,0.101232,-0.010657,0.195687,0.180077,1.000000,0.000000,0.000000,0.000000,0.578199,0.435835,0.000000,0.000000,0.000000,0.000000,-0.314046,-0.238748,0.037712,-0.076015,0.024481,0.007803,0.032052,0.315039,0.009762,0.396292,0.316815
12.273000,5.322000,-0.113645,-0.054564,1.037981,-0.071941,0.022466,0.007873,0.607604,0.746828,0.009926,0.429766,0.036250,-0.010382,0.207188,0.188563,1.000000,0.000000,0.000000,0.000000,0.571836,0.412545,0.000000,0.000000,0.000000,0.000000,-0.320833,-0.243127,0.037981,-0.071941,0.022466,0.007873,0.035767,0.334283,0.009926,0.404335,0.336338
12.281000,5.330000,-0.107569,-0.047095,1.038081,-0.067646,0.022821,0.007744,0.609751,0.753893,0.009619,0.480454,0.143553,-0.012913,0.207188,0.188563,1.000000,0.000000,0.000000,0.000000,0.571836,0.412545,0.000000,0.000000,0.000000,0.000000,-0.314757,-0.235658,0.038081,-0.067646,0.022821,0.007744,0.037915,0.341348,0.009619,0.395040,0.343582
12.290000,5.339000,-0.102193,-0.042111,1.038362,-0.064152,0.020474,0.007818,0.609330,0.752129,0.009819,0.413742,0.014850,-0.011095,0.207188,0.188563,1.000000,0.000000,0.000000,0.000000,0.571836,0.412545,0.000000,0.000000,0.000000,0.000000,-0.309381,-0.230674,0.038362,-0.064152,0.020474,0.007818,0.037494,0.339584,0.009819,0.387813,0.341789
12.300000,5.349000,-0.096100,-0.034590,1.038461,-0.060017,0.020615,0.007698,0.611288,0.758427,0.009504,0.450405,0.121944,-0.013187,0.219123,0.196960,1.000000,0.000000,0.000000,0.000000,0.564767,0.386970,0.000000,0.000000,0.000000,0.000000,-0.315223,-0.231549,0.038461,-0.060017,0.020615,0.007698,0.046520,0.371457,0.009504,0.393014,0.374479
12.310000,5.359000,-0.090554,-0.029402,1.038747,-0.056454,0.018316,0.007768,0.611230,0.756477,0.009717,0.417793,0.015403,-0.011142,0.219123,0.196960,1.000000,0.000000,0.000000,0.000000,0.564767,0.386970,0.000000,0.000000,0.000000,0.000000,-0.309676,-0.226362,0.038747,-0.056454,0.018316,0.007768,0.046462,0.369508,0.009717,0.385539,0.372544
12.320000,5.369000,-0.084441,-0.021838,1.038844,-0.052279,0.018463,0.007648,0.612981,0.762017,0.009395,0.461303,0.130801,-0.013021,0.229790,0.204085,1.000000,0.000000,0.000000,0.000000,0.558033,0.362900,0.000000,0.000000,0.000000,0.000000,-0.314231,-0.225922,0.038844,-0.052279,0.018463,0.007648,0.054948,0.399117,0.009395,0.388961,0.402992
12.330000,5.379000,-0.080565,-0.018118,1.039025,-0.048179,0.015731,0.007667,0.606584,0.753592,0.009296,0.416799,0.023995,-0.010919,0.229790,0.204085,1.000000,0.000000,0.000000,0.000000,0.558033,0.362900,0.000000,0.000000,0.000000,0.000000,-0.310355,-0.222203,0.039025,-0.048179,0.015731,0.007667,0.048551,0.390693,0.009296,0.383689,0.393808
12.340000,5.389000,-0.075404,-0.012568,1.039193,-0.044221,0.014512,0.007666,0.604917,0.751635,0.009183,0.415929,0.028619,-0.010565,0.240877,0.211082,1.000000,0.000000,0.000000,0.000000,0.550600,0.336670,0.000000,0.000000,0.000000,0.000000,-0.316281,-0.223650,0.039193,-0.044221,0.014512,0.007666,0.054317,0.414965,0.009183,0.389344,0.418605
12.350000,5.399000,-0.069848,-0.006509,1.039357,-0.040427,0.013519,0.007665,0.604629,0.751185,0.009081,0.406143,0.037846,-0.009783,0.240877,0.211082,1.000000,0.000000,0.000000,0.000000,0.550600,0.336670,0.000000,0.000000,0.000000,0.000000,-0.310725,-0.217591,0.039357,-0.040427,0.013519,0.007665,0.054030,0.414515,0.009081,0.381372,0.418121
12.363000,5.412000,-0.062128,0.001644,1.039587,-0.037424,0.013433,0.007698,0.612192,0.758288,0.009189,0.403707,0.056587,-0.009048,0.252354,0.217855,1.000000,0.000000,0.000000,0.000000,0.542421,0.308215,0.000000,0.000000,0.000000,0.000000,-0.314483,-0.216211,0.039587,-0.037424,0.013433,0.007698,0.069770,0.450073,0.009189,0.383684,0.455542
12.371000,5.420000,-0.054313,0.010394,1.039762,-0.034347,0.013346,0.007690,0.619721,0.766539,0.009113,0.399814,0.066689,-0.008739,0.252354,0.217855,1.000000,0.000000,0.000000,0.000000,0.542421,0.308215,0.000000,0.000000,0.000000,0.000000,-0.306667,-0.207461,0.039762,-0.034347,0.013346,0.007690,0.077300,0.458325,0.009113,0.372379,0.464887
12.380000,5.429000,-0.047301,0.018097,1.039914,-0.030993,0.013113,0.007681,0.624022,0.770361,0.008982,0.394880,0.077956,-0.008287,0.262587,0.223460,1.000000,0.000000,0.000000,0.000000,0.534696,0.281727,0.000000,0.000000,0.000000,0.000000,-0.309889,-0.205363,0.039914,-0.030993,0.013113,0.007681,0.089327,0.488634,0.008982,0.373896,0.496812
12.393000,5.442000,-0.040827,0.025154,1.040041,-0.027469,0.012794,0.007672,0.626185,0.771364,0.008715,0.413966,0.064412,-0.008135,0.273197,0.228810,1.000000,0.000000,0.000000,0.000000,0.526234,0.253154,0.000000,0.000000,0.000000,0.000000,-0.314024,-0.203656,0.040041,-0.027469,0.012794,0.007672,0.099950,0.518211,0.008715,0.376417,0.527834
12.400000,5.449000,-0.034565,0.032868,1.040129,-0.023330,0.013436,0.007573,0.627415,0.774059,0.008348,0.472153,0.160680,-0.010609,0.273197,0.228810,1.000000,0.000000,0.000000,0.000000,0.526234,0.253154,0.000000,0.000000,0.000000,0.000000,-0.307762,-0.195943,0.040129,-0.023330,0.013436,0.007573,0.101180,0.520906,0.008348,0.367044,0.530707
12.410000,5.459000,-0.032444,0.034397,1.040183,-0.018853,0.010882,0.007591,0.613730,0.754531,0.007907,0.438201,0.056941,-0.008045,0.273197,0.228810,1.000000,0.000000,0.000000,0.000000,0.526234,0.253154,0.000000,0.000000,0.000000,0.000000,-0.305641,-0.194413,0.040183,-0.018853,0.010882,0.007591,0.087495,0.501378,0.007907,0.364455,0.509016
12.420000,5.469000,-0.027777,0.039296,1.040257,-0.014757,0.010018,0.007585,0.609580,0.747347,0.007545,0.448461,0.051233,-0.007894,0.283634,0.233582,1.000000,0.000000,0.000000,0.000000,0.517441,0.223940,0.000000,0.000000,0.000000,0.000000,-0.311411,-0.194286,0.040257,-0.014757,0.010018,0.007585,0.092139,0.523407,0.007545,0.369249,0.531509
12.430000,5.479000,-0.022422,0.045024,1.040332,-0.010713,0.009302,0.007578,0.607984,0.742992,0.007318,0.420366,0.057460,-0.007809,0.283634,0.233582,1.000000,0.000000,0.000000,0.000000,0.517441,0.223940,0.000000,0.000000,0.000000,0.000000,-0.306056,-0.188558,0.040332,-0.010713,0.009302,0.007578,0.090544,0.519051,0.007318,0.361734,0.526940
12.440000,5.489000,-0.014811,0.052878,1.040429,-0.007209,0.009054,0.007606,0.614637,0.746414,0.007166,0.442583,0.036695,-0.007616,0.293893,0.237764,1.000000,0.000000,0.000000,0.000000,0.508320,0.194161,0.000000,0.000000,0.000000,0.000000,-0.308704,-0.184886,0.040429,-0.007209,0.009054,0.007606,0.106317,0.552253,0.007166,0.362098,0.562439
12.450000,5.499000,-0.008665,0.060342,1.040501,-0.002784,0.009420,0.007527,0.615518,0.747127,0.006951,0.472131,0.142913,-0.010221,0.293893,0.237764,1.000000,0.000000,0.000000,0.000000,0.508320,0.194161,0.000000,0.000000,0.000000,0.000000,-0.302557,-0.177422,0.040501,-0.002784,0.009420,0.007527,0.107198,0.552966,0.006951,0.353072,0.563303
12.462000,5.511000,-0.002329,0.066181,1.040558,0.001129,0.007659,0.007573,0.617153,0.742340,0.006702,0.449617,0.031290,-0.007561,0.303965,0.241345,1.000000,0.000000,0.000000,0.000000,0.498879,0.163892,0.000000,0.000000,0.000000,0.000000,-0.306295,-0.175164,0.040558,0.001129,0.007659,0.007573,0.118275,0.578449,0.006702,0.355167,0.590455
12.470000,5.519000,0.005222,0.074314,1.040621,0.004855,0.007150,0.007558,0.622976,0.745144,0.006488,0.429604,-0.010382,-0.006844,0.303965,0.241345,1.000000,0.000000,0.000000,0.000000,0.498879,0.163892,0.000000,0.000000,0.000000,0.000000,-0.298744,-0.167032,0.040621,0.004855,0.007150,0.007558,0.124097,0.581253,0.006488,0.344670,0.594388
12.480000,5.529000,0.011451,0.081765,1.040686,0.008885,0.006171,0.007503,0.623672,0.744677,0.006286,0.418765,-0.021338,-0.006981,0.313846,0.244317,1.000000,0.000000,0.000000,0.000000,0.489122,0.133208,0.000000,0.000000,0.000000,0.000000,-0.302394,-0.162552,0.040686,0.008885,0.006171,0.007503,0.134549,0.611469,0.006286,0.345718,0.626129
12.490000,5.539000,0.014412,0.084092,1.040685,0.013784,0.003950,0.007466,0.612561,0.725847,0.005926,0.411553,-0.010030,-0.008496,0.313846,0.244317,1.000000,0.000000,0.000000,0.000000,0.489122,0.133208,0.000000,0.000000,0.000000,0.000000,-0.299434,-0.160225,0.040685,0.013784,0.003950,0.007466,0.123439,0.592639,0.005926,0.342035,0.605387
12.500000,5.549000,0.021135,0.090566,1.040714,0.017026,0.002766,0.007443,0.615287,0.722552,0.005659,0.390463,-0.023769,-0.009497,0.323528,0.246671,1.000000,0.000000,0.000000,0.000000,0.479057,0.102188,0.000000,0.000000,0.000000,0.000000,-0.302393,-0.156105,0.040714,0.017026,0.002766,0.007443,0.136230,0.620364,0.005659,0.342736,0.635171
12.510000,5.559000,0.028739,0.098553,1.040767,0.019977,0.001683,0.007377,0.620893,0.724022,0.005518,0.368337,-0.017680,-0.009472,0.323528,0.246671,1.000000,0.000000,0.000000,0.000000,0.479057,0.102188,0.000000,0.000000,0.000000,0.000000,-0.294789,-0.148119,0.040767,0.019977,0.001683,0.007377,0.141837,0.621834,0.005518,0.332418,0.637828
12.520000,5.569000,0.034948,0.105793,1.040823,0.023660,0.001508,0.007279,0.621073,0.722066,0.005380,0.394538,0.106992,-0.011754,0.333006,0.248403,1.000000,0.000000,0.000000,0.000000,0.468689,0.070910,0.000000,0.000000,0.000000,0.000000,-0.298058,-0.142610,0.040823,0.023660,0.001508,0.007279,0.152384,0.651156,0.005380,0.332930,0.668770
12.531000,5.580000,0.039565,0.109281,1.040839,0.027080,-0.001578,0.007257,0.615505,0.707209,0.005153,0.379036,-0.013564,-0.009283,0.342274,0.249507,1.000000,0.000000,0.000000,0.000000,0.458024,0.039452,0.000000,0.000000,0.000000,0.000000,-0.302709,-0.140225,0.040839,0.027080,-0.001578,0.007257,0.157481,0.667757,0.005153,0.336101,0.686095
12.542000,5.591000,0.046822,0.116679,1.040889,0.029788,-0.002618,0.007184,0.619419,0.706129,0.005024,0.364152,-0.002532,-0.009011,0.342274,0.249507,1.000000,0.000000,0.000000,0.000000,0.458024,0.039452,0.000000,0.000000,0.000000,0.000000,-0.295452,-0.132827,0.040889,0.029788,-0.002618,0.007184,0.161395,0.666676,0.005024,0.326507,0.685952
12.550000,5.599000,0.053449,0.123248,1.040928,0.032782,-0.003490,0.007115,0.620812,0.701795,0.004880,0.350210,0.027311,-0.008741,0.342274,0.249507,1.000000,0.000000,0.000000,0.000000,0.458024,0.039452,0.000000,0.000000,0.000000,0.000000,-0.288825,-0.126258,0.040928,0.032782,-0.003490,0.007115,0.162788,0.662343,0.004880,0.317862,0.682072
12.560000,5.609000,0.059686,0.129328,1.040956,0.036331,-0.003173,0.007065,0.620656,0.695548,0.004699,0.390375,0.152937,-0.010756,0.351325,0.249980,1.000000,0.000000,0.000000,0.000000,0.447071,0.007895,0.000000,0.000000,0.000000,0.000000,-0.291639,-0.120652,0.040956,0.036331,-0.003173,0.007065,0.173585,0.687652,0.004699,0.318258,0.709238
12.570000,5.619000,0.065892,0.136283,1.041003,0.038928,-0.005273,0.006996,0.620234,0.692032,0.004576,0.366556,0.028354,-0.008402,0.351325,0.249980,1.000000,0.000000,0.000000,0.000000,0.447071,0.007895,0.000000,0.000000,0.000000,0.000000,-0.285433,-0.113697,0.041003,0.038928,-0.005273,0.006996,0.173163,0.684137,0.004576,0.309968,0.705726
12.580000,5.629000,0.067847,0.137289,1.040981,0.043311,-0.007186,0.006943,0.604551,0.667446,0.004241,0.368214,0.041926,-0.007865,0.360155,0.249822,1.000000,0.000000,0.000000,0.000000,0.435835,-0.023681,0.000000,0.000000,0.000000,0.000000,-0.292308,-0.112534,0.040981,0.043311,-0.007186,0.006943,0.168715,0.691127,0.004241,0.315891,0.711435
12.590000,5.639000,0.074080,0.142698,1.040961,0.046248,-0.007638,0.006926,0.604796,0.659584,0.003921,0.372426,0.049513,-0.007056,0.360155,0.249822,1.000000,0.000000,0.000000,0.000000,0.435835,-0.023681,0.000000,0.000000,0.000000,0.000000,-0.286074,-0.107125,0.040961,0.046248,-0.007638,0.006926,0.168961,0.683266,0.003921,0.308208,0.703857
12.600000,5.649000,0.080128,0.149294,1.041000,0.049973,-0.007140,0.006878,0.604079,0.655046,0.003769,0.427176,0.155174,-0.009171,0.368757,0.249033,1.000000,0.000000,0.000000,0.000000,0.424324,-0.055199,0.000000,0.000000,0.000000,0.000000,-0.288628,-0.099740,0.041000,0.049973,-0.007140,0.006878,0.179754,0.710244,0.003769,0.308116,0.732648
12.610000,5.659000,0.084120,0.152421,1.040960,0.053498,-0.009143,0.006860,0.596039,0.638359,0.003451,0.365698,0.064683,-0.007004,0.368757,0.249033,1.000000,0.000000,0.000000,0.000000,0.424324,-0.055199,0.000000,0.000000,0.000000,0.000000,-0.284637,-0.096612,0.040960,0.053498,-0.009143,0.006860,0.171715,0.693558,0.003451,0.303364,0.714507
12.620000,5.669000,0.089243,0.156980,1.040930,0.057083,-0.009836,0.006822,0.592290,0.627059,0.003153,0.371846,0.067600,-0.006934,0.377126,0.247615,1.000000,0.000000,0.000000,0.000000,0.412545,-0.086576,0.000000,0.000000,0.000000,0.000000,-0.287882,-0.090635,0.040930,0.057083,-0.009836,0.006822,0.179745,0.713635,0.003153,0.304576,0.735930
12.630000,5.679000,0.096619,0.163293,1.040852,0.059909,-0.009730,0.006805,0.596898,0.622570,0.002757,0.364936,0.069100,-0.006977,0.377126,0.247615,1.000000,0.000000,0.000000,0.000000,0.412545,-0.086576,0.000000,0.000000,0.000000,0.000000,-0.280507,-0.084322,0.040852,0.059909,-0.009730,0.006805,0.184353,0.709147,0.002757,0.295742,0.732723
12.641000,5.690000,0.102588,0.169519,1.040880,0.063138,-0.010135,0.006736,0.595973,0.616689,0.002660,0.348880,0.075137,-0.007434,0.385257,0.245572,1.000000,0.000000,0.000000,0.000000,0.400505,-0.117735,0.000000,0.000000,0.000000,0.000000,-0.282669,-0.076053,0.040880,0.063138,-0.010135,0.006736,0.195468,0.734424,0.002660,0.295562,0.759996
12.650000,5.699000,0.106891,0.172734,1.040786,0.067155,-0.009768,0.006735,0.589168,0.600341,0.002282,0.368360,0.175386,-0.009824,0.385257,0.245572,1.000000,0.000000,0.000000,0.000000,0.400505,-0.117735,0.000000,0.000000,0.000000,0.000000,-0.278366,-0.072838,0.040786,0.067155,-0.009768,0.006735,0.188663,0.718076,0.002282,0.290614,0.742450
12.662000,5.711000,0.113949,0.178370,1.040642,0.069310,-0.010799,0.006722,0.592625,0.593420,0.001755,0.319729,0.066481,-0.007948,0.393532,0.242759,1.000000,0.000000,0.000000,0.000000,0.387592,-0.150131,0.000000,0.000000,0.000000,0.000000,-0.279583,-0.064389,0.040642,0.069310,-0.010799,0.006722,0.205034,0.743550,0.001755,0.289766,0.771303
12.671000,5.720000,0.121397,0.184858,1.040544,0.071594,-0.010728,0.006653,0.597262,0.589048,0.001412,0.278925,0.028287,-0.007935,0.393532,0.242759,1.000000,0.000000,0.000000,0.000000,0.387592,-0.150131,0.000000,0.000000,0.000000,0.000000,-0.272135,-0.057901,0.040544,0.071594,-0.010728,0.006653,0.209671,0.739179,0.001412,0.281165,0.768342
12.680000,5.729000,0.127369,0.190749,1.040558,0.074384,-0.010440,0.006595,0.596254,0.582007,0.001392,0.285767,0.092633,-0.009494,0.400783,0.239630,1.000000,0.000000,0.000000,0.000000,0.375675,-0.179083,0.000000,0.000000,0.000000,0.000000,-0.273414,-0.048882,0.040558,0.074384,-0.010440,0.006595,0.220579,0.761090,0.001392,0.280695,0.792411
12.690000,5.739000,0.130354,0.192374,1.040404,0.077445,-0.012667,0.006515,0.584569,0.560105,0.000997,0.296022,0.043584,-0.008844,0.400783,0.239630,1.000000,0.000000,0.000000,0.000000,0.375675,-0.179083,0.000000,0.000000,0.000000,0.000000,-0.270430,-0.047257,0.040404,0.077445,-0.012667,0.006515,0.208894,0.739188,0.000997,0.277485,0.768138
12.700000,5.749000,0.135098,0.195981,1.040291,0.079824,-0.013852,0.006400,0.579521,0.545842,0.000713,0.276702,0.023581,-0.009447,0.408532,0.235538,1.000000,0.000000,0.000000,0.000000,0.362255,-0.210605,0.000000,0.000000,0.000000,0.000000,-0.273434,-0.039557,0.040291,0.079824,-0.013852,0.006400,0.217266,0.756447,0.000713,0.279203,0.787031
12.712000,5.761000,0.142145,0.201119,1.040107,0.081345,-0.014500,0.006271,0.582972,0.537845,0.000276,0.240128,0.001041,-0.009832,0.408532,0.235538,1.000000,0.000000,0.000000,0.000000,0.362255,-0.210605,0.000000,0.000000,0.000000,0.000000,-0.266387,-0.034419,0.040107,0.081345,-0.014500,0.006271,0.220717,0.748450,0.000276,0.271580,0.780316
12.720000,5.769000,0.149498,0.206929,1.039988,0.082952,-0.015129,0.006116,0.587229,0.531863,0.000024,0.232671,-0.002298,-0.010023,0.415298,0.231269,1.000000,0.000000,0.000000,0.000000,0.349895,-0.238622,0.000000,0.000000,0.000000,0.000000,-0.265800,-0.024340,0.039988,0.082952,-0.015129,0.006116,0.237334,0.770486,0.000024,0.269891,0.806211
12.731000,5.780000,0.156078,0.211848,1.039858,0.084699,-0.016051,0.005960,0.588427,0.522680,-0.000142,0.223382,0.013159,-0.009390,0.415298,0.231269,1.000000,0.000000,0.000000,0.000000,0.349895,-0.238622,0.000000,0.000000,0.000000,0.000000,-0.259220,-0.019421,0.039858,0.084699,-0.016051,0.005960,0.238531,0.761302,-0.000142,0.262985,0.797796
12.741000,5.790000,0.162135,0.216205,1.039728,0.086480,-0.017062,0.005816,0.587581,0.511614,-0.000321,0.213577,0.020716,-0.008788,0.422164,0.226207,1.000000,0.000000,0.000000,0.000000,0.336670,-0.267525,0.000000,0.000000,0.000000,0.000000,-0.260029,-0.010002,0.039728,0.086480,-0.017062,0.005816,0.250911,0.779139,-0.000321,0.263236,0.818544
12.750000,5.799000,0.168011,0.221321,1.039724,0.088617,-0.016848,0.005746,0.585946,0.503077,-0.000060,0.279777,0.126356,-0.009982,0.422164,0.226207,1.000000,0.000000,0.000000,0.000000,0.336670,-0.267525,0.000000,0.000000,0.000000,0.000000,-0.254153,-0.004886,0.039724,0.088617,-0.016848,0.005746,0.249276,0.770602,-0.000060,0.257285,0.809917
12.760000,5.809000,0.171219,0.222159,1.039482,0.090373,-0.019600,0.005658,0.574855,0.480297,-0.000521,0.240985,0.015915,-0.007115,0.428763,0.220573,1.000000,0.000000,0.000000,0.000000,0.323232,-0.295752,0.000000,0.000000,0.000000,0.000000,-0.257544,0.001586,0.039482,0.090373,-0.019600,0.005658,0.251623,0.776049,-0.000521,0.260558,0.815822
12.775000,5.824000,0.177824,0.226720,1.039344,0.092036,-0.020119,0.005560,0.576160,0.470964,-0.000693,0.231131,-0.011286,-0.005340,0.435092,0.214382,1.000000,0.000000,0.000000,0.000000,0.309590,-0.323232,0.000000,0.000000,0.000000,0.000000,-0.257268,0.012338,0.039344,0.092036,-0.020119,0.005560,0.266571,0.794196,-0.000693,0.260551,0.837739
12.782000,5.831000,0.183882,0.230654,1.039196,0.093917,-0.020922,0.005457,0.575373,0.459521,-0.000908,0.237041,-0.022991,-0.004594,0.435092,0.214382,1.000000,0.000000,0.000000,0.000000,0.309590,-0.323232,0.000000,0.000000,0.000000,0.000000,-0.251210,0.016272,0.039196,0.093917,-0.020922,0.005457,0.265784,0.782753,-0.000908,0.254770,0.826646
12.790000,5.839000,0.189635,0.235249,1.039187,0.096289,-0.021146,0.005390,0.573356,0.450241,-0.000600,0.288901,0.092824,-0.006543,0.435092,0.214382,1.000000,0.000000,0.000000,0.000000,0.309590,-0.323232,0.000000,0.000000,0.000000,0.000000,-0.245456,0.020868,0.039187,0.096289,-0.021146,0.005390,0.263766,0.773473,-0.000600,0.249439,0.817210
12.801000,5.850000,0.192878,0.235861,1.038934,0.098338,-0.023989,0.005294,0.562450,0.427787,-0.001035,0.254584,0.004271,-0.005053,0.441736,0.206947,1.000000,0.000000,0.000000,0.000000,0.294358,-0.352514,0.000000,0.000000,0.000000,0.000000,-0.248858,0.028915,0.038934,0.098338,-0.023989,0.005294,0.268092,0.780301,-0.001035,0.253539,0.825073
12.811000,5.860000,0.199356,0.239824,1.038803,0.100290,-0.024850,0.005169,0.563313,0.417393,-0.001133,0.239727,-0.030776,-0.004568,0.441736,0.206947,1.000000,0.000000,0.000000,0.000000,0.294358,-0.352514,0.000000,0.000000,0.000000,0.000000,-0.242380,0.032878,0.038803,0.100290,-0.024850,0.005169,0.268955,0.769907,-0.001133,0.247658,0.815533
12.823000,5.872000,0.205287,0.243193,1.038673,0.102360,-0.025967,0.005030,0.562068,0.405021,-0.001247,0.236942,-0.040473,-0.004743,0.446921,0.200392,1.000000,0.000000,0.000000,0.000000,0.281727,-0.375675,0.000000,0.000000,0.000000,0.000000,-0.241633,0.042801,0.038673,0.102360,-0.025967,0.005030,0.280340,0.780695,-0.001247,0.248423,0.829504
12.830000,5.879000,0.210908,0.247243,1.038660,0.104732,-0.026365,0.004941,0.559549,0.394898,-0.000923,0.247282,0.089938,-0.006639,0.446921,0.200392,1.000000,0.000000,0.000000,0.000000,0.281727,-0.375675,0.000000,0.000000,0.000000,0.000000,-0.236013,0.046852,0.038660,0.104732,-0.026365,0.004941,0.277821,0.770573,-0.000923,0.243704,0.819126
12.840000,5.889000,0.214075,0.247524,1.038457,0.106819,-0.029428,0.004812,0.548361,0.372402,-0.001195,0.205041,0.001751,-0.005198,0.452414,0.192628,1.000000,0.000000,0.000000,0.000000,0.267525,-0.400505,0.000000,0.000000,0.000000,0.000000,-0.238339,0.054895,0.038457,0.106819,-0.029428,0.004812,0.280836,0.772907,-0.001195,0.247584,0.822348
12.851000,5.900000,0.220392,0.250841,1.038352,0.108299,-0.030250,0.004680,0.548620,0.360853,-0.001222,0.210951,-0.028089,-0.004206,0.452414,0.192628,1.000000,0.000000,0.000000,0.000000,0.267525,-0.400505,0.000000,0.000000,0.000000,0.000000,-0.232022,0.058213,0.038352,0.108299,-0.030250,0.004680,0.281095,0.761359,-0.001222,0.242268,0.811593
12.860000,5.909000,0.225878,0.254450,1.038339,0.110410,-0.030524,0.004608,0.545677,0.350149,-0.000995,0.254980,0.048901,-0.005452,0.457621,0.184378,1.000000,0.000000,0.000000,0.000000,0.253154,-0.424324,0.000000,0.000000,0.000000,0.000000,-0.231743,0.070072,0.038339,0.110410,-0.030524,0.004608,0.292524,0.774473,-0.000995,0.245122,0.827877
12.872000,5.921000,0.229464,0.254769,1.038176,0.111554,-0.032809,0.004510,0.536130,0.328885,-0.001167,0.171478,0.024572,-0.003612,0.462539,0.175662,1.000000,0.000000,0.000000,0.000000,0.238622,-0.447071,0.000000,0.000000,0.000000,0.000000,-0.233075,0.079106,0.038176,0.111554,-0.032809,0.004510,0.297508,0.775957,-0.001167,0.249076,0.831036
12.880000,5.929000,0.234825,0.258058,1.038164,0.113269,-0.032561,0.004502,0.532931,0.317853,-0.000913,0.196206,0.153414,-0.005356,0.462539,0.175662,1.000000,0.000000,0.000000,0.000000,0.238622,-0.447071,0.000000,0.000000,0.000000,0.000000,-0.227713,0.082395,0.038164,0.113269,-0.032561,0.004502,0.294309,0.764924,-0.000913,0.245151,0.819590
12.891000,5.940000,0.239336,0.258810,1.038037,0.114210,-0.034703,0.004439,0.526944,0.299013,-0.001017,0.155637,0.036782,-0.002642,0.462539,0.175662,1.000000,0.000000,0.000000,0.000000,0.238622,-0.447071,0.000000,0.000000,0.000000,0.000000,-0.223203,0.083147,0.038037,0.114210,-0.034703,0.004439,0.288322,0.746084,-0.001017,0.241205,0.799857
12.900000,5.949000,0.244605,0.261800,1.038027,0.115765,-0.034335,0.004455,0.523558,0.287719,-0.000795,0.185438,0.153268,-0.004442,0.467164,0.166503,1.000000,0.000000,0.000000,0.000000,0.223940,-0.468689,0.000000,0.000000,0.000000,0.000000,-0.222559,0.095297,0.038027,0.115765,-0.034335,0.004455,0.299618,0.756408,-0.000795,0.245072,0.813587
12.911000,5.960000,0.249270,0.262409,1.037915,0.116396,-0.035803,0.004438,0.518325,0.269218,-0.000905,0.132708,0.072778,-0.002064,0.467164,0.166503,1.000000,0.000000,0.000000,0.000000,0.223940,-0.468689,0.000000,0.000000,0.000000,0.000000,-0.217895,0.095906,0.037915,0.116396,-0.035803,0.004438,0.294385,0.737906,-0.000905,0.241068,0.794462
12.921000,5.970000,0.255486,0.264644,1.037844,0.117117,-0.035568,0.004435,0.518719,0.256564,-0.000907,0.119302,0.105921,-0.001891,0.471495,0.156923,1.000000,0.000000,0.000000,0.000000,0.209117,-0.489122,0.000000,0.000000,0.000000,0.000000,-0.216009,0.107721,0.037844,0.117117,-0.035568,0.004435,0.309603,0.745686,-0.000907,0.244327,0.807404
12.930000,5.979000,0.260673,0.267209,1.037835,0.118306,-0.034514,0.004540,0.515250,0.244988,-0.000749,0.148091,0.207342,-0.004066,0.471495,0.156923,1.000000,0.000000,0.000000,0.000000,0.209117,-0.489122,0.000000,0.000000,0.000000,0.000000,-0.210822,0.110287,0.037835,0.118306,-0.034514,0.004540,0.306133,0.734110,-0.000749,0.240916,0.795384
12.940000,5.989000,0.262992,0.266974,1.037745,0.119164,-0.036229,0.004580,0.501696,0.224217,-0.000846,0.109467,0.113144,-0.002042,0.475722,0.146438,1.000000,0.000000,0.000000,0.000000,0.193410,-0.509247,0.000000,0.000000,0.000000,0.000000,-0.212730,0.120536,0.037745,0.119164,-0.036229,0.004580,0.308286,0.733464,-0.000846,0.247402,0.795620
12.950000,5.999000,0.266977,0.267790,1.037664,0.119891,-0.036309,0.004611,0.494589,0.207873,-0.000953,0.089324,0.071504,-0.001759,0.475722,0.146438,1.000000,0.000000,0.000000,0.000000,0.193410,-0.509247,0.000000,0.000000,0.000000,0.000000,-0.208745,0.121353,0.037664,0.119891,-0.036309,0.004611,0.301179,0.717120,-0.000953,0.244376,0.777799
12.960000,6.009000,0.271394,0.268732,1.037574,0.120437,-0.036176,0.004637,0.489302,0.192486,-0.001088,0.077161,0.070763,-0.002101,0.479261,0.136599,1.000000,0.000000,0.000000,0.000000,0.179083,-0.526234,0.000000,0.000000,0.000000,0.000000,-0.207867,0.132133,0.037574,0.120437,-0.036176,0.004637,0.310220,0.718721,-0.001088,0.249158,0.782813
12.970000,6.019000,0.275973,0.269622,1.037481,0.120808,-0.036167,0.004634,0.484799,0.177405,-0.001198,0.073650,0.107092,-0.003374,0.479261,0.136599,1.000000,0.000000,0.000000,0.000000,0.179083,-0.526234,0.000000,0.000000,0.000000,0.000000,-0.203288,0.133024,0.037481,0.120808,-0.036167,0.004634,0.305716,0.703639,-0.001198,0.245817,0.767184
12.980000,6.029000,0.282216,0.270385,1.037338,0.120627,-0.035912,0.004586,0.486627,0.162917,-0.001446,0.052624,0.080562,-0.004569,0.482691,0.125906,1.000000,0.000000,0.000000,0.000000,0.163892,-0.542819,0.000000,0.000000,0.000000,0.000000,-0.200475,0.144479,0.037338,0.120627,-0.035912,0.004586,0.322735,0.705736,-0.001446,0.249917,0.776031
12.990000,6.039000,0.287082,0.272014,1.037324,0.121151,-0.035107,0.004638,0.483125,0.150988,-0.001271,0.080042,0.167791,-0.006498,0.482691,0.125906,1.000000,0.000000,0.000000,0.000000,0.163892,-0.542819,0.000000,0.000000,0.000000,0.000000,-0.195609,0.146108,0.037324,0.121151,-0.035107,0.004638,0.319233,0.693807,-0.001271,0.246989,0.763728
13.004000,6.053000,0.290617,0.271829,1.037226,0.121002,-0.036695,0.004584,0.475044,0.133480,-0.001349,0.035593,0.060792,-0.005387,0.486112,0.113777,1.000000,0.000000,0.000000,0.000000,0.147062,-0.559477,0.000000,0.000000,0.000000,0.000000,-0.195495,0.158051,0.037226,0.121002,-0.036695,0.004584,0.327982,0.692957,-0.001349,0.254134,0.766658
13.010000,6.059000,0.294816,0.272033,1.037150,0.120928,-0.037200,0.004503,0.469607,0.117998,-0.001347,0.018839,0.025202,-0.005199,0.486112,0.113777,1.000000,0.000000,0.000000,0.000000,0.147062,-0.559477,0.000000,0.000000,0.000000,0.000000,-0.191295,0.158256,0.037150,0.120928,-0.037200,0.004503,0.322545,0.677475,-0.001347,0.251035,0.750340
13.020000,6.069000,0.300721,0.271982,1.037027,0.120387,-0.037329,0.004380,0.470608,0.102715,-0.001476,0.000700,0.001438,-0.005827,0.488634,0.103594,1.000000,0.000000,0.000000,0.000000,0.133208,-0.571836,0.000000,0.000000,0.000000,0.000000,-0.187913,0.168388,0.037027,0.120387,-0.037329,0.004380,0.337400,0.674552,-0.001476,0.255024,0.754229
13.030000,6.079000,0.305427,0.273010,1.037012,0.120396,-0.037308,0.004324,0.466962,0.090806,-0.001264,0.039907,0.109575,-0.007198,0.488634,0.103594,1.000000,0.000000,0.000000,0.000000,0.133208,-0.571836,0.000000,0.000000,0.000000,0.000000,-0.183207,0.169416,0.037012,0.120396,-0.037308,0.004324,0.333754,0.662643,-0.001264,0.252263,0.741949
13.040000,6.089000,0.308787,0.272371,1.036917,0.119752,-0.039421,0.004179,0.458612,0.073909,-0.001294,0.003553,0.027055,-0.006707,0.491144,0.092031,1.000000,0.000000,0.000000,0.000000,0.117735,-0.584196,0.000000,0.000000,0.000000,0.000000,-0.182357,0.180340,0.036917,0.119752,-0.039421,0.004179,0.340877,0.658105,-0.001294,0.259113,0.741148
13.053000,6.102000,0.314254,0.271655,1.036800,0.118997,-0.040085,0.004004,0.458170,0.057937,-0.001388,-0.021093,-0.017776,-0.006219,0.491144,0.092031,1.000000,0.000000,0.000000,0.000000,0.117735,-0.584196,0.000000,0.000000,0.000000,0.000000,-0.176890,0.179624,0.036800,0.118997,-0.040085,0.004004,0.340435,0.642133,-0.001388,0.254772,0.726796
13.061000,6.110000,0.319987,0.271383,1.036727,0.118372,-0.040700,0.003828,0.458529,0.043632,-0.001348,-0.028969,-0.023199,-0.006149,0.493546,0.079045,1.000000,0.000000,0.000000,0.000000,0.100630,-0.596086,0.000000,0.000000,0.000000,0.000000,-0.173559,0.192338,0.036727,0.118372,-0.040700,0.003828,0.357899,0.639717,-0.001348,0.261659,0.733029
13.072000,6.121000,0.325075,0.270794,1.036656,0.117710,-0.041621,0.003645,0.456443,0.028754,-0.001264,-0.018440,0.012748,-0.006007,0.493546,0.079045,1.000000,0.000000,0.000000,0.000000,0.100630,-0.596086,0.000000,0.000000,0.000000,0.000000,-0.168471,0.191749,0.036656,0.117710,-0.041621,0.003645,0.355813,0.624840,-0.001264,0.257864,0.719048
13.080000,6.129000,0.329639,0.271082,1.036644,0.117528,-0.041488,0.003600,0.452361,0.017108,-0.001009,0.023563,0.130676,-0.006820,0.495231,0.068238,1.000000,0.000000,0.000000,0.000000,0.086576,-0.604460,0.000000,0.000000,0.000000,0.000000,-0.165591,0.202844,0.036644,0.117528,-0.041488,0.003600,0.365784,0.621568,-0.001009,0.264403,0.721211
13.090000,6.139000,0.331310,0.269777,1.036580,0.116530,-0.044472,0.003445,0.437998,0.000778,-0.000954,-0.043016,-0.040136,-0.005175,0.495231,0.068238,1.000000,0.000000,0.000000,0.000000,0.086576,-0.604460,0.000000,0.000000,0.000000,0.000000,-0.163921,0.201539,0.036580,0.116530,-0.044472,0.003445,0.351422,0.605238,-0.000954,0.262347,0.699865
13.101000,6.150000,0.335891,0.268186,1.036503,0.115646,-0.045270,0.003283,0.434586,-0.015385,-0.000933,-0.047429,-0.036673,-0.004399,0.496806,0.056068,1.000000,0.000000,0.000000,0.000000,0.070910,-0.612313,0.000000,0.000000,0.000000,0.000000,-0.160915,0.212119,0.036503,0.115646,-0.045270,0.003283,0.363676,0.596928,-0.000933,0.268739,0.698988
13.110000,6.159000,0.340237,0.268033,1.036494,0.115176,-0.045630,0.003197,0.430140,-0.026820,-0.000726,-0.008988,0.091489,-0.005150,0.496806,0.056068,1.000000,0.000000,0.000000,0.000000,0.070910,-0.612313,0.000000,0.000000,0.000000,0.000000,-0.156569,0.211965,0.036494,0.115176,-0.045630,0.003197,0.359230,0.585494,-0.000726,0.266035,0.686913
13.122000,6.171000,0.344261,0.265790,1.036438,0.113973,-0.047497,0.003054,0.424802,-0.044183,-0.000690,-0.059727,-0.012276,-0.003666,0.498067,0.043756,1.000000,0.000000,0.000000,0.000000,0.055199,-0.618620,0.000000,0.000000,0.000000,0.000000,-0.153806,0.222034,0.036438,0.113973,-0.047497,0.003054,0.369603,0.574437,-0.000690,0.272550,0.683070
13.130000,6.179000,0.348509,0.265348,1.036431,0.113378,-0.047615,0.003003,0.420134,-0.055447,-0.000507,-0.043386,0.069763,-0.004272,0.498067,0.043756,1.000000,0.000000,0.000000,0.000000,0.055199,-0.618620,0.000000,0.000000,0.000000,0.000000,-0.149558,0.221593,0.036431,0.113378,-0.047615,0.003003,0.364935,0.563173,-0.000507,0.269811,0.671075
13.140000,6.189000,0.352289,0.262832,1.036428,0.112228,-0.048993,0.002906,0.414107,-0.072599,-0.000313,-0.067786,0.015448,-0.002433,0.499013,0.031333,1.000000,0.000000,0.000000,0.000000,0.039452,-0.623364,0.000000,0.000000,0.000000,0.000000,-0.146725,0.231499,0.036428,0.112228,-0.048993,0.002906,0.374654,0.550765,-0.000313,0.276491,0.666114
13.153000,6.202000,0.357233,0.260941,1.036441,0.111243,-0.049282,0.002826,0.412317,-0.087358,-0.000102,-0.073871,0.036202,-0.001849,0.499645,0.018832,1.000000,0.000000,0.000000,0.000000,0.023681,-0.626533,0.000000,0.000000,0.000000,0.000000,-0.142412,0.242109,0.036441,0.111243,-0.049282,0.002826,0.388636,0.539176,-0.000102,0.283242,0.664641
13.161000,6.210000,0.361648,0.258914,1.036463,0.110142,-0.049690,0.002760,0.408630,-0.101975,0.000134,-0.083970,0.041872,-0.001292,0.499645,0.018832,1.000000,0.000000,0.000000,0.000000,0.023681,-0.626533,0.000000,0.000000,0.000000,0.000000,-0.137996,0.240082,0.036463,0.110142,-0.049690,0.002760,0.384948,0.524559,0.000134,0.279306,0.650651
13.170000,6.219000,0.365735,0.257894,1.036464,0.109301,-0.049273,0.002793,0.403746,-0.112849,0.000242,-0.059101,0.141404,-0.002499,0.499645,0.018832,1.000000,0.000000,0.000000,0.000000,0.023681,-0.626533,0.000000,0.000000,0.000000,0.000000,-0.133910,0.239062,0.036464,0.109301,-0.049273,0.002793,0.380065,0.513684,0.000242,0.276428,0.639000
13.183000,6.232000,0.367996,0.255165,1.036501,0.107521,-0.051076,0.002745,0.392642,-0.128258,0.000460,-0.097954,0.058599,-0.001123,0.499968,0.005654,1.000000,0.000000,0.000000,0.000000,0.007106,-0.628158,0.000000,0.000000,0.000000,0.000000,-0.131972,0.249511,0.036501,0.107521,-0.051076,0.002745,0.385536,0.499900,0.000460,0.284613,0.631299
13.191000,6.240000,0.372485,0.252676,1.036513,0.106550,-0.050266,0.002788,0.389785,-0.142678,0.000547,-0.086837,0.118666,-0.002137,0.499968,0.005654,1.000000,0.000000,0.000000,0.000000,0.007106,-0.628158,0.000000,0.000000,0.000000,0.000000,-0.127483,0.247022,0.036513,0.106550,-0.050266,0.002788,0.382679,0.485480,0.000547,0.280366,0.618170
13.200000,6.249000,0.376383,0.251250,1.036518,0.104817,-0.051405,0.002773,0.384761,-0.153161,0.000625,-0.131670,0.028395,-0.000614,0.499952,-0.006911,1.000000,0.000000,0.000000,0.000000,-0.008685,-0.628078,0.000000,0.000000,0.000000,0.000000,-0.123569,0.258160,0.036518,0.104817,-0.051405,0.002773,0.393446,0.474918,0.000625,0.288530,0.616723
13.210000,6.259000,0.377917,0.249232,1.036523,0.103328,-0.051702,0.002785,0.371504,-0.164721,0.000648,-0.118797,0.096721,-0.001724,0.499952,-0.006911,1.000000,0.000000,0.000000,0.000000,-0.008685,-0.628078,0.000000,0.000000,0.000000,0.000000,-0.122036,0.256142,0.036523,0.103328,-0.051702,0.002785,0.380189,0.463357,0.000648,0.286069,0.599369
13.223000,6.272000,0.381827,0.245854,1.036524,0.101273,-0.052718,0.002727,0.367302,-0.180022,0.000677,-0.152104,0.023691,-0.000954,0.499645,-0.018832,1.000000,0.000000,0.000000,0.000000,-0.023681,-0.626533,0.000000,0.000000,0.000000,0.000000,-0.117818,0.264685,0.036524,0.101273,-0.052718,0.002727,0.390984,0.446511,0.000677,0.292016,0.593499
13.230000,6.279000,0.385500,0.244053,1.036531,0.099422,-0.053416,0.002669,0.362113,-0.190004,0.000704,-0.157966,0.021285,-0.001248,0.499645,-0.018832,1.000000,0.000000,0.000000,0.000000,-0.023681,-0.626533,0.000000,0.000000,0.000000,0.000000,-0.114145,0.262885,0.036531,0.099422,-0.053416,0.002669,0.385794,0.436530,0.000704,0.288915,0.582577
13.240000,6.289000,0.387859,0.241477,1.036524,0.097308,-0.054503,0.002584,0.352430,-0.201721,0.000706,-0.173141,0.008185,-0.001494,0.499013,-0.031333,1.000000,0.000000,0.000000,0.000000,-0.039452,-0.623364,0.000000,0.000000,0.000000,0.000000,-0.111154,0.272810,0.036524,0.097308,-0.054503,0.002584,0.391883,0.421643,0.000706,0.296841,0.575635
13.251000,6.300000,0.390855,0.238752,1.036515,0.095024,-0.055538,0.002482,0.345294,-0.213345,0.000691,-0.180245,0.016962,-0.001899,0.499013,-0.031333,1.000000,0.000000,0.000000,0.000000,-0.039452,-0.623364,0.000000,0.000000,0.000000,0.000000,-0.108158,0.270085,0.036515,0.095024,-0.055538,0.002482,0.384747,0.410019,0.000691,0.293219,0.562269
13.260000,6.309000,0.394007,0.235849,1.036499,0.093138,-0.055373,0.002468,0.338884,-0.224982,0.000674,-0.145763,0.122099,-0.003166,0.498067,-0.043756,1.000000,0.000000,0.000000,0.000000,-0.055199,-0.618620,0.000000,0.000000,0.000000,0.000000,-0.104059,0.279604,0.036499,0.093138,-0.055373,0.002468,0.394082,0.393638,0.000674,0.300565,0.557003
13.273000,6.322000,0.398292,0.231433,1.036460,0.090492,-0.056797,0.002375,0.336811,-0.240866,0.000597,-0.181483,0.035914,-0.001903,0.498067,-0.043756,1.000000,0.000000,0.000000,0.000000,-0.055199,-0.618620,0.000000,0.000000,0.000000,0.000000,-0.099775,0.275188,0.036460,0.090492,-0.056797,0.002375,0.392010,0.377754,0.000597,0.294980,0.544399
13.283000,6.332000,0.402550,0.227360,1.036433,0.088808,-0.056130,0.002376,0.334568,-0.255266,0.000575,-0.141478,0.147432,-0.002881,0.496734,-0.056680,1.000000,0.000000,0.000000,0.000000,-0.071694,-0.611957,0.000000,0.000000,0.000000,0.000000,-0.094185,0.284040,0.036433,0.088808,-0.056130,0.002376,0.406263,0.356691,0.000575,0.301458,0.540628
13.292000,6.341000,0.406273,0.223407,1.036400,0.086338,-0.057345,0.002337,0.330413,-0.268492,0.000558,-0.182110,0.065841,-0.001451,0.496734,-0.056680,1.000000,0.000000,0.000000,0.000000,-0.071694,-0.611957,0.000000,0.000000,0.000000,0.000000,-0.090462,0.280087,0.036400,0.086338,-0.057345,0.002337,0.402107,0.343465,0.000558,0.296575,0.528828
13.300000,6.349000,0.409623,0.219574,1.036363,0.084260,-0.057330,0.002324,0.325034,-0.280591,0.000546,-0.173331,0.102091,-0.000965,0.495231,-0.068238,1.000000,0.000000,0.000000,0.000000,-0.086576,-0.604460,0.000000,0.000000,0.000000,0.000000,-0.085607,0.287812,0.036363,0.084260,-0.057330,0.002324,0.411610,0.323869,0.000546,0.302467,0.523750
13.314000,6.363000,0.412749,0.215773,1.036319,0.082161,-0.057176,0.002332,0.319034,-0.291926,0.000531,-0.181592,0.107723,-0.000754,0.493343,-0.080236,1.000000,0.000000,0.000000,0.000000,-0.102188,-0.595079,0.000000,0.000000,0.000000,0.000000,-0.080594,0.296008,0.036319,0.082161,-0.057176,0.002332,0.421222,0.303154,0.000531,0.308926,0.518971
13.322000,6.371000,0.415731,0.211943,1.036269,0.080017,-0.056905,0.002353,0.312750,-0.302747,0.000517,-0.184090,0.121074,-0.000592,0.493343,-0.080236,1.000000,0.000000,0.000000,0.000000,-0.102188,-0.595079,0.000000,0.000000,0.000000,0.000000,-0.077612,0.292179,0.036269,0.080017,-0.056905,0.002353,0.414938,0.292332,0.000517,0.304479,0.507574
13.330000,6.379000,0.418859,0.208915,1.036274,0.078171,-0.055698,0.002444,0.307153,-0.310640,0.000685,-0.173380,0.199357,-0.001715,0.493343,-0.080236,1.000000,0.000000,0.000000,0.000000,-0.102188,-0.595079,0.000000,0.000000,0.000000,0.000000,-0.074484,0.289151,0.036274,0.078171,-0.055698,0.002444,0.409340,0.284439,0.000685,0.300786,0.498463
13.340000,6.389000,0.420205,0.205412,1.036158,0.075352,-0.056487,0.002467,0.295588,-0.318664,0.000518,-0.198125,0.123481,-0.000668,0.491144,-0.092031,1.000000,0.000000,0.000000,0.000000,-0.117735,-0.584196,0.000000,0.000000,0.000000,0.000000,-0.070939,0.297444,0.036158,0.075352,-0.056487,0.002467,0.413323,0.265532,0.000518,0.307916,0.491267
13.350000,6.399000,0.423160,0.202226,1.036163,0.073064,-0.056134,0.002507,0.290021,-0.326093,0.000695,-0.224707,0.080239,-0.000648,0.491144,-0.092031,1.000000,0.000000,0.000000,0.000000,-0.117735,-0.584196,0.000000,0.000000,0.000000,0.000000,-0.067983,0.294257,0.036163,0.073064,-0.056134,0.002507,0.407756,0.258102,0.000695,0.304166,0.482579
13.360000,6.409000,0.425375,0.197652,1.036029,0.070299,-0.055975,0.002494,0.282255,-0.336948,0.000482,-0.248941,0.059253,-0.001257,0.488634,-0.103594,1.000000,0.000000,0.000000,0.000000,-0.133208,-0.571836,0.000000,0.000000,0.000000,0.000000,-0.063259,0.301246,0.036029,0.070299,-0.055975,0.002494,0.415463,0.234889,0.000482,0.309918,0.477266
13.370000,6.419000,0.428198,0.194283,1.036034,0.067808,-0.055383,0.002523,0.276749,-0.343884,0.000699,-0.228068,0.134937,-0.002538,0.488634,-0.103594,1.000000,0.000000,0.000000,0.000000,-0.133208,-0.571836,0.000000,0.000000,0.000000,0.000000,-0.060436,0.297877,0.036034,0.067808,-0.055383,0.002523,0.409957,0.227952,0.000699,0.306074,0.469071
13.380000,6.429000,0.429793,0.190915,1.035952,0.064594,-0.056420,0.002508,0.267112,-0.349811,0.000675,-0.247421,0.075042,-0.002247,0.485816,-0.114895,1.000000,0.000000,0.000000,0.000000,-0.148597,-0.558033,0.000000,0.000000,0.000000,0.000000,-0.056023,0.305810,0.035952,0.064594,-0.056420,0.002508,0.415709,0.208222,0.000675,0.312971,0.464941
13.390000,6.439000,0.431985,0.187007,1.035897,0.061584,-0.056778,0.002467,0.259941,-0.357182,0.000752,-0.263048,0.037121,-0.002392,0.485816,-0.114895,1.000000,0.000000,0.000000,0.000000,-0.148597,-0.558033,0.000000,0.000000,0.000000,0.000000,-0.053831,0.301902,0.035897,0.061584,-0.056778,0.002467,0.408538,0.200850,0.000752,0.308757,0.455242
13.401000,6.450000,0.435122,0.181071,1.035818,0.058650,-0.057049,0.002388,0.256511,-0.370754,0.000771,-0.263143,0.042804,-0.002967,0.482691,-0.125906,1.000000,0.000000,0.000000,0.000000,-0.163892,-0.542819,0.000000,0.000000,0.000000,0.000000,-0.047568,0.306977,0.035818,0.058650,-0.057049,0.002388,0.420402,0.172066,0.000771,0.312699,0.454253
13.410000,6.459000,0.437688,0.177364,1.035825,0.056018,-0.056620,0.002383,0.250896,-0.376544,0.001058,-0.230178,0.132958,-0.003794,0.482691,-0.125906,1.000000,0.000000,0.000000,0.000000,-0.163892,-0.542819,0.000000,0.000000,0.000000,0.000000,-0.045003,0.303269,0.035825,0.056018,-0.056620,0.002383,0.414787,0.166275,0.001058,0.308676,0.446875
13.420000,6.469000,0.440137,0.171578,1.035731,0.052535,-0.058286,0.002296,0.245186,-0.388272,0.001055,-0.271273,0.022040,-0.003442,0.479261,-0.136599,1.000000,0.000000,0.000000,0.000000,-0.179083,-0.526234,0.000000,0.000000,0.000000,0.000000,-0.039123,0.308176,0.035731,0.052535,-0.058286,0.002296,0.424269,0.137962,0.001055,0.312698,0.446137
13.430000,6.479000,0.442589,0.167695,1.035742,0.049444,-0.059158,0.002232,0.239436,-0.393453,0.001323,-0.294980,-0.021411,-0.003180,0.479261,-0.136599,1.000000,0.000000,0.000000,0.000000,-0.179083,-0.526234,0.000000,0.000000,0.000000,0.000000,-0.036672,0.304293,0.035742,0.049444,-0.059158,0.002232,0.418518,0.132781,0.001323,0.308572,0.439079
13.440000,6.489000,0.444063,0.163861,1.035688,0.046055,-0.060244,0.002149,0.230388,-0.397494,0.001407,-0.297425,-0.029800,-0.003287,0.475528,-0.146946,1.000000,0.000000,0.000000,0.000000,-0.194161,-0.508320,0.000000,0.000000,0.000000,0.000000,-0.031465,0.310807,0.035688,0.046055,-0.060244,0.002149,0.424549,0.110827,0.001407,0.314428,0.438779
13.453000,6.502000,0.446658,0.157657,1.035632,0.042886,-0.061208,0.002043,0.225675,-0.409038,0.001452,-0.284000,-0.001262,-0.003530,0.471495,-0.156923,1.000000,0.000000,0.000000,0.000000,-0.209117,-0.489122,0.000000,0.000000,0.000000,0.000000,-0.024838,0.314580,0.035632,0.042886,-0.061208,0.002043,0.434791,0.080085,0.001452,0.317564,0.442108
13.461000,6.510000,0.448914,0.153567,1.035646,0.039663,-0.062377,0.001967,0.219644,-0.413269,0.001710,-0.287437,-0.005152,-0.003492,0.471495,-0.156923,1.000000,0.000000,0.000000,0.000000,-0.209117,-0.489122,0.000000,0.000000,0.000000,0.000000,-0.022581,0.310490,0.035646,0.039663,-0.062377,0.001967,0.428761,0.075853,0.001710,0.313344,0.435422
13.470000,6.519000,0.450349,0.149441,1.035609,0.036516,-0.062585,0.001917,0.210853,-0.416691,0.001801,-0.263895,0.096937,-0.003822,0.471495,-0.156923,1.000000,0.000000,0.000000,0.000000,-0.209117,-0.489122,0.000000,0.000000,0.000000,0.000000,-0.021146,0.306364,0.035609,0.036516,-0.062585,0.001917,0.419969,0.072431,0.001801,0.309150,0.426173
13.480000,6.529000,0.452745,0.142941,1.035583,0.033042,-0.064530,0.001844,0.205778,-0.427655,0.001927,-0.297479,0.001620,-0.002493,0.467164,-0.166503,1.000000,0.000000,0.000000,0.000000,-0.223940,-0.468689,0.000000,0.000000,0.000000,0.000000,-0.014419,0.309444,0.035583,0.033042,-0.064530,0.001844,0.429718,0.041033,0.001927,0.311816,0.431677
13.490000,6.539000,0.454803,0.138664,1.035602,0.030069,-0.064513,0.001819,0.199429,-0.430916,0.002128,-0.282056,0.072684,-0.002667,0.467164,-0.166503,1.000000,0.000000,0.000000,0.000000,-0.223940,-0.468689,0.000000,0.000000,0.000000,0.000000,-0.012362,0.305167,0.035602,0.030069,-0.064513,0.001819,0.423369,0.037772,0.002128,0.307485,0.425056
13.500000,6.549000,0.456642,0.132460,1.035583,0.026562,-0.066038,0.001776,0.192589,-0.439668,0.002216,-0.306622,-0.004773,-0.000932,0.462300,-0.176109,1.000000,0.000000,0.000000,0.000000,-0.239352,-0.445960,0.000000,0.000000,0.000000,0.000000,-0.005658,0.308569,0.035583,0.026562,-0.066038,0.001776,0.431942,0.006292,0.002216,0.310665,0.431993
13.510000,6.559000,0.458568,0.128063,1.035606,0.023497,-0.066085,0.001766,0.186094,-0.442290,0.002367,-0.289924,0.074826,-0.001347,0.462300,-0.176109,1.000000,0.000000,0.000000,0.000000,-0.239352,-0.445960,0.000000,0.000000,0.000000,0.000000,-0.003732,0.304172,0.035606,0.023497,-0.066085,0.001766,0.425446,0.003670,0.002367,0.306272,0.425469
13.520000,6.569000,0.459653,0.123966,1.035600,0.019676,-0.067711,0.001750,0.176807,-0.442953,0.002437,-0.309506,0.011728,-0.000236,0.457621,-0.184378,1.000000,0.000000,0.000000,0.000000,-0.253154,-0.424324,0.000000,0.000000,0.000000,0.000000,0.002033,0.308344,0.035600,0.019676,-0.067711,0.001750,0.429961,-0.018629,0.002437,0.310399,0.430371
13.530000,6.579000,0.461085,0.119241,1.035604,0.016170,-0.068515,0.001735,0.169021,-0.445510,0.002477,-0.310924,0.034200,-0.000223,0.457621,-0.184378,1.000000,0.000000,0.000000,0.000000,-0.253154,-0.424324,0.000000,0.000000,0.000000,0.000000,0.003464,0.303619,0.035604,0.016170,-0.068515,0.001735,0.422174,-0.021186,0.002477,0.305719,0.422713
13.540000,6.589000,0.462570,0.114246,1.035607,0.012710,-0.069228,0.001730,0.161631,-0.448616,0.002512,-0.314301,0.038180,0.000288,0.452414,-0.192628,1.000000,0.000000,0.000000,0.000000,-0.267525,-0.400505,0.000000,0.000000,0.000000,0.000000,0.010156,0.306874,0.035607,0.012710,-0.069228,0.001730,0.429156,-0.048111,0.002512,0.309100,0.431852
13.550000,6.599000,0.464527,0.107025,1.035594,0.009515,-0.069613,0.001725,0.156233,-0.458782,0.002483,-0.308558,0.048223,0.000939,0.452414,-0.192628,1.000000,0.000000,0.000000,0.000000,-0.267525,-0.400505,0.000000,0.000000,0.000000,0.000000,0.012114,0.299654,0.035594,0.009515,-0.069613,0.001725,0.423758,-0.058277,0.002483,0.302003,0.427754
13.561000,6.610000,0.466443,0.100211,1.035591,0.006495,-0.069734,0.001738,0.150754,-0.467285,0.002482,-0.303498,0.075433,0.001329,0.446356,-0.201141,1.000000,0.000000,0.000000,0.000000,-0.283138,-0.373138,0.000000,0.000000,0.000000,0.000000,0.020087,0.301352,0.035591,0.006495,-0.069734,0.001738,0.433892,-0.094147,0.002482,0.304111,0.443996
13.572000,6.621000,0.468047,0.093924,1.035577,0.003331,-0.069776,0.001756,0.144319,-0.473247,0.002437,-0.308986,0.089248,0.001240,0.446356,-0.201141,1.000000,0.000000,0.000000,0.000000,-0.283138,-0.373138,0.000000,0.000000,0.000000,0.000000,0.021691,0.295064,0.035577,0.003331,-0.069776,0.001756,0.427457,-0.100108,0.002437,0.297992,0.439030
13.580000,6.629000,0.469490,0.089191,1.035602,0.000240,-0.068884,0.001771,0.137459,-0.473586,0.002508,-0.290982,0.183039,0.000069,0.441146,-0.207649,1.000000,0.000000,0.000000,0.000000,-0.295752,-0.349895,0.000000,0.000000,0.000000,0.000000,0.028344,0.296840,0.035602,0.000240,-0.068884,0.001771,0.433211,-0.123690,0.002508,0.300308,0.450530
13.591000,6.640000,0.470111,0.084384,1.035522,-0.003802,-0.069772,0.001794,0.128044,-0.472835,0.002267,-0.322215,0.093678,0.001213,0.441146,-0.207649,1.000000,0.000000,0.000000,0.000000,-0.295752,-0.349895,0.000000,0.000000,0.000000,0.000000,0.028966,0.292033,0.035522,-0.003802,-0.069772,0.001794,0.423796,-0.122940,0.002267,0.295608,0.441274
13.602000,6.651000,0.471498,0.077973,1.035487,-0.006872,-0.068753,0.001794,0.121658,-0.478029,0.002164,-0.317990,0.170410,-0.000043,0.435092,-0.214382,1.000000,0.000000,0.000000,0.000000,-0.309590,-0.323232,0.000000,0.000000,0.000000,0.000000,0.036406,0.292355,0.035487,-0.006872,-0.068753,0.001794,0.431247,-0.154797,0.002164,0.296742,0.458193
13.611000,6.660000,0.472670,0.071947,1.035440,-0.010330,-0.069126,0.001815,0.114748,-0.481322,0.002045,-0.323226,0.109884,0.000661,0.435092,-0.214382,1.000000,0.000000,0.000000,0.000000,-0.309590,-0.323232,0.000000,0.000000,0.000000,0.000000,0.037578,0.286329,0.035440,-0.010330,-0.069126,0.001815,0.424338,-0.158090,0.002045,0.290950,0.452835
13.620000,6.669000,0.473818,0.067134,1.035461,-0.013562,-0.068027,0.001810,0.107948,-0.480320,0.002128,-0.308846,0.186164,-0.000592,0.428763,-0.220573,1.000000,0.000000,0.000000,0.000000,-0.323232,-0.295752,0.000000,0.000000,0.000000,0.000000,0.045054,0.287706,0.035461,-0.013562,-0.068027,0.001810,0.431180,-0.184568,0.002128,0.293364,0.469027
13.633000,6.682000,0.474174,0.062609,1.035330,-0.017933,-0.068566,0.001814,0.098746,-0.476977,0.001794,-0.342377,0.105361,0.000243,0.422164,-0.226207,1.000000,0.000000,0.000000,0.000000,-0.336670,-0.267525,0.000000,0.000000,0.000000,0.000000,0.052010,0.288816,0.035330,-0.017933,-0.068566,0.001814,0.435416,-0.209452,0.001794,0.295581,0.483178
13.645000,6.694000,0.475210,0.056198,1.035268,-0.021377,-0.068191,0.001810,0.092258,-0.480634,0.001698,-0.337192,0.104082,-0.000173,0.422164,-0.226207,1.000000,0.000000,0.000000,0.000000,-0.336670,-0.267525,0.000000,0.000000,0.000000,0.000000,0.053046,0.282405,0.035268,-0.021377,-0.068191,0.001810,0.428928,-0.213109,0.001698,0.289500,0.478955
13.650000,6.699000,0.476066,0.050174,1.035192,-0.025001,-0.067931,0.001803,0.085385,-0.482417,0.001563,-0.341790,0.097668,-0.000418,0.422164,-0.226207,1.000000,0.000000,0.000000,0.000000,-0.336670,-0.267525,0.000000,0.000000,0.000000,0.000000,0.053902,0.276381,0.035192,-0.025001,-0.067931,0.001803,0.422055,-0.214892,0.001563,0.283779,0.473615
13.660000,6.709000,0.476920,0.045350,1.035208,-0.028417,-0.066955,0.001775,0.078696,-0.479972,0.001692,-0.321071,0.166107,-0.001444,0.415298,-0.231269,1.000000,0.000000,0.000000,0.000000,-0.349895,-0.238622,0.000000,0.000000,0.000000,0.000000,0.061622,0.276619,0.035208,-0.028417,-0.066955,0.001775,0.428591,-0.241350,0.001692,0.285578,0.491877
13.671000,6.720000,0.477107,0.040864,1.035029,-0.032969,-0.067753,0.001771,0.070025,-0.475068,0.001260,-0.368978,0.052294,-0.000212,0.415298,-0.231269,1.000000,0.000000,0.000000,0.000000,-0.349895,-0.238622,0.000000,0.000000,0.000000,0.000000,0.061809,0.272133,0.035029,-0.032969,-0.067753,0.001771,0.419920,-0.236446,0.001260,0.281254,0.481914
13.681000,6.730000,0.477812,0.034481,1.034936,-0.036534,-0.067840,0.001768,0.063444,-0.477233,0.001078,-0.375497,0.029366,-0.000714,0.407078,-0.236368,1.000000,0.000000,0.000000,0.000000,-0.364831,-0.204643,0.000000,0.000000,0.000000,0.000000,0.070734,0.270849,0.034936,-0.036534,-0.067840,0.001768,0.428275,-0.272590,0.001078,0.282104,0.507667
13.691000,6.740000,0.478364,0.028498,1.034834,-0.040259,-0.067527,0.001743,0.056532,-0.477509,0.000930,-0.363252,0.102180,-0.001679,0.407078,-0.236368,1.000000,0.000000,0.000000,0.000000,-0.364831,-0.204643,0.000000,0.000000,0.000000,0.000000,0.071286,0.264866,0.034834,-0.040259,-0.067527,0.001743,0.421362,-0.272866,0.000930,0.276495,0.501999
13.701000,6.750000,0.478930,0.023723,1.034843,-0.044262,-0.068934,0.001763,0.049782,-0.473549,0.001097,-0.374611,0.020085,-0.001779,0.400783,-0.239630,1.000000,0.000000,0.000000,0.000000,-0.375675,-0.179083,0.000000,0.000000,0.000000,0.000000,0.078146,0.263354,0.034843,-0.044262,-0.068934,0.001763,0.425456,-0.294466,0.001097,0.276904,0.517421
13.710000,6.759000,0.478909,0.020976,1.034714,-0.048805,-0.068826,0.001730,0.041207,-0.461641,0.000894,-0.350380,0.083081,-0.002367,0.400783,-0.239630,1.000000,0.000000,0.000000,0.000000,-0.375675,-0.179083,0.000000,0.000000,0.000000,0.000000,0.078125,0.260607,0.034714,-0.048805,-0.068826,0.001730,0.416881,-0.282559,0.000894,0.274271,0.503617
13.720000,6.769000,0.479109,0.016606,1.034622,-0.053298,-0.070514,0.001758,0.033649,-0.455555,0.000779,-0.370942,-0.016218,-0.002028,0.392756,-0.243056,1.000000,0.000000,0.000000,0.000000,-0.388833,-0.147062,0.000000,0.000000,0.000000,0.000000,0.086353,0.259662,0.034622,-0.053298,-0.070514,0.001758,0.422482,-0.308493,0.000779,0.275826,0.523125
13.730000,6.779000,0.479313,0.011753,1.034533,-0.057416,-0.071575,0.001791,0.026289,-0.451022,0.000657,-0.341560,-0.016553,-0.002068,0.392756,-0.243056,1.000000,0.000000,0.000000,0.000000,-0.388833,-0.147062,0.000000,0.000000,0.000000,0.000000,0.086557,0.254809,0.034533,-0.057416,-0.071575,0.001791,0.415122,-0.303961,0.000657,0.271316,0.514508
13.740000,6.789000,0.479477,0.006693,1.034440,-0.061395,-0.072754,0.001836,0.018940,-0.447011,0.000498,-0.333954,-0.030882,-0.002246,0.385257,-0.245572,1.000000,0.000000,0.000000,0.000000,-0.400505,-0.117735,0.000000,0.000000,0.000000,0.000000,0.094220,0.252265,0.034440,-0.061395,-0.072754,0.001836,0.419446,-0.329276,0.000498,0.271479,0.533252
13.750000,6.799000,0.479582,0.001547,1.034343,-0.065148,-0.074018,0.001889,0.011525,-0.443071,0.000345,-0.327930,-0.010040,-0.002549,0.385257,-0.245572,1.000000,0.000000,0.000000,0.000000,-0.400505,-0.117735,0.000000,0.000000,0.000000,0.000000,0.094326,0.247119,0.034343,-0.065148,-0.074018,0.001889,0.412030,-0.325336,0.000345,0.266729,0.524988
13.760000,6.809000,0.479621,-0.003621,1.034244,-0.068621,-0.075283,0.001947,0.004007,-0.438995,0.000157,-0.303617,-0.008479,-0.002507,0.377126,-0.247615,1.000000,0.000000,0.000000,0.000000,-0.412545,-0.086576,0.000000,0.000000,0.000000,0.000000,0.102495,0.243994,0.034244,-0.068621,-0.075283,0.001947,0.416552,-0.352419,0.000157,0.266854,0.545633
13.770000,6.819000,0.479553,-0.010852,1.034083,-0.071350,-0.076331,0.002005,-0.003706,-0.441755,-0.000180,-0.264358,0.012323,-0.001701,0.377126,-0.247615,1.000000,0.000000,0.000000,0.000000,-0.412545,-0.086576,0.000000,0.000000,0.000000,0.000000,0.102428,0.236764,0.034083,-0.071350,-0.076331,0.002005,0.408839,-0.355179,-0.000180,0.260212,0.541573
13.780000,6.829000,0.479516,-0.015269,1.034081,-0.073984,-0.076973,0.002048,-0.011254,-0.434751,-0.000068,-0.221917,0.052479,-0.000629,0.367907,-0.249141,1.000000,0.000000,0.000000,0.000000,-0.425487,-0.052052,0.000000,0.000000,0.000000,0.000000,0.111609,0.233871,0.034081,-0.073984,-0.076973,0.002048,0.414233,-0.382699,-0.000068,0.261370,0.563957
13.790000,6.839000,0.479201,-0.021653,1.033898,-0.076250,-0.077330,0.002078,-0.019479,-0.434027,-0.000416,-0.228308,0.079540,-0.000037,0.367907,-0.249141,1.000000,0.000000,0.000000,0.000000,-0.425487,-0.052052,0.000000,0.000000,0.000000,0.000000,0.111294,0.227487,0.033898,-0.076250,-0.077330,0.002078,0.406008,-0.381975,-0.000416,0.255511,0.557448
13.801000,6.850000,0.478856,-0.027898,1.033805,-0.078179,-0.077414,0.002096,-0.027620,-0.433015,-0.000511,-0.214438,0.109524,0.000777,0.360155,-0.249822,1.000000,0.000000,0.000000,0.000000,-0.435835,-0.023681,0.000000,0.000000,0.000000,0.000000,0.118702,0.221925,0.033805,-0.078179,-0.077414,0.002096,0.408215,-0.409333,-0.000511,0.253936,0.578095
13.810000,6.859000,0.478580,-0.032228,1.033800,-0.080318,-0.076322,0.002018,-0.035284,-0.425330,-0.000315,-0.230042,0.198755,-0.000372,0.360155,-0.249822,1.000000,0.000000,0.000000,0.000000,-0.435835,-0.023681,0.000000,0.000000,0.000000,0.000000,0.118426,0.217595,0.033800,-0.080318,-0.076322,0.002018,0.400551,-0.401649,-0.000315,0.250029,0.567241
13.820000,6.869000,0.478215,-0.035350,1.033689,-0.082945,-0.076985,0.002029,-0.042927,-0.412979,-0.000450,-0.231764,0.116994,0.000700,0.351325,-0.249980,1.000000,0.000000,0.000000,0.000000,-0.447071,0.007895,0.000000,0.000000,0.000000,0.000000,0.126890,0.214631,0.033689,-0.082945,-0.076985,0.002029,0.404144,-0.420875,-0.000450,0.251600,0.583496
13.830000,6.879000,0.477747,-0.039508,1.033604,-0.085383,-0.076594,0.002012,-0.050636,-0.404559,-0.000539,-0.242966,0.095069,0.000762,0.351325,-0.249980,1.000000,0.000000,0.000000,0.000000,-0.447071,0.007895,0.000000,0.000000,0.000000,0.000000,0.126422,0.210472,0.033604,-0.085383,-0.076594,0.002012,0.396435,-0.412455,-0.000539,0.247811,0.572084
13.840000,6.889000,0.477190,-0.043972,1.033520,-0.087863,-0.076042,0.001983,-0.058342,-0.397311,-0.000638,-0.257786,0.105527,0.000615,0.341815,-0.249466,1.000000,0.000000,0.000000,0.000000,-0.458565,0.041028,0.000000,0.000000,0.000000,0.000000,0.135375,0.205495,0.033520,-0.087863,-0.076042,0.001983,0.400223,-0.438339,-0.000638,0.248351,0.593566
13.850000,6.899000,0.476550,-0.048550,1.033438,-0.090486,-0.075535,0.001951,-0.066020,-0.390495,-0.000699,-0.264014,0.137935,0.000010,0.341815,-0.249466,1.000000,0.000000,0.000000,0.000000,-0.458565,0.041028,0.000000,0.000000,0.000000,0.000000,0.134735,0.200917,0.033438,-0.090486,-0.075535,0.001951,0.392545,-0.431523,-0.000699,0.244211,0.583356
13.860000,6.909000,0.475830,-0.053154,1.033362,-0.093291,-0.075143,0.001920,-0.073665,-0.383762,-0.000760,-0.283451,0.130247,-0.000461,0.333006,-0.248403,1.000000,0.000000,0.000000,0.000000,-0.468689,0.070910,0.000000,0.000000,0.000000,0.000000,0.142824,0.195249,0.033362,-0.093291,-0.075143,0.001920,0.395024,-0.454672,-0.000760,0.244200,0.602305
13.870000,6.919000,0.474733,-0.059610,1.033255,-0.096081,-0.074918,0.001895,-0.082297,-0.383228,-0.000898,-0.298848,0.102305,-0.000732,0.333006,-0.248403,1.000000,0.000000,0.000000,0.000000,-0.468689,0.070910,0.000000,0.000000,0.000000,0.000000,0.141727,0.188793,0.033255,-0.096081,-0.074918,0.001895,0.386391,-0.454138,-0.000898,0.238401,0.596272
13.880000,6.929000,0.473910,-0.063442,1.033246,-0.099061,-0.073900,0.001789,-0.089722,-0.373775,-0.000771,-0.295564,0.170657,-0.001790,0.323528,-0.246671,1.000000,0.000000,0.000000,0.000000,-0.479057,0.102188,0.000000,0.000000,0.000000,0.000000,0.150382,0.183230,0.033246,-0.099061,-0.073900,0.001789,0.389334,-0.475963,-0.000771,0.239360,0.614917
13.890000,6.939000,0.472757,-0.069132,1.033134,-0.102352,-0.074515,0.001787,-0.097929,-0.370195,-0.000937,-0.305146,0.100400,-0.000806,0.323528,-0.246671,1.000000,0.000000,0.000000,0.000000,-0.479057,0.102188,0.000000,0.000000,0.000000,0.000000,0.149229,0.177539,0.033134,-0.102352,-0.074515,0.001787,0.381128,-0.472383,-0.000937,0.234281,0.606964
13.900000,6.949000,0.471778,-0.072834,1.033124,-0.105569,-0.074430,0.001771,-0.105324,-0.360120,-0.000828,-0.305719,0.095356,-0.001016,0.313846,-0.244317,1.000000,0.000000,0.000000,0.000000,-0.489122,0.133208,0.000000,0.000000,0.000000,0.000000,0.157933,0.171483,0.033124,-0.105569,-0.074430,0.001771,0.383799,-0.493328,-0.000828,0.235470,0.625040
13.910000,6.959000,0.470920,-0.076304,1.033052,-0.108879,-0.073394,0.001663,-0.111943,-0.348870,-0.000927,-0.285775,0.177031,-0.001774,0.313846,-0.244317,1.000000,0.000000,0.000000,0.000000,-0.489122,0.133208,0.000000,0.000000,0.000000,0.000000,0.157074,0.168013,0.033052,-0.108879,-0.073394,0.001663,0.377179,-0.482078,-0.000927,0.232364,0.612098
13.920000,6.969000,0.469845,-0.080158,1.032991,-0.112319,-0.074184,0.001664,-0.119102,-0.339079,-0.001029,-0.295674,0.092506,-0.001006,0.303965,-0.241345,1.000000,0.000000,0.000000,0.000000,-0.498879,0.163892,0.000000,0.000000,0.000000,0.000000,0.165880,0.161188,0.032991,-0.112319,-0.074184,0.001664,0.379777,-0.502970,-0.001029,0.233636,0.630247
13.930000,6.979000,0.468207,-0.085783,1.032881,-0.115209,-0.074346,0.001673,-0.127975,-0.335261,-0.001306,-0.279974,0.056056,-0.000571,0.303965,-0.241345,1.000000,0.000000,0.000000,0.000000,-0.498879,0.163892,0.000000,0.000000,0.000000,0.000000,0.164242,0.155562,0.032881,-0.115209,-0.074346,0.001673,0.370904,-0.499152,-0.001306,0.228596,0.621872
13.940000,6.989000,0.466927,-0.089136,1.032868,-0.118004,-0.073790,0.001603,-0.135348,-0.323923,-0.001325,-0.257998,0.110107,-0.001058,0.293893,-0.237764,1.000000,0.000000,0.000000,0.000000,-0.508320,0.194161,0.000000,0.000000,0.000000,0.000000,0.173035,0.148629,0.032868,-0.118004,-0.073790,0.001603,0.372972,-0.518084,-0.001325,0.230460,0.638374
13.950000,6.999000,0.465798,-0.092581,1.032773,-0.121090,-0.074507,0.001636,-0.141874,-0.312662,-0.001554,-0.258496,0.083324,-0.000614,0.293893,-0.237764,1.000000,0.000000,0.000000,0.000000,-0.508320,0.194161,0.000000,0.000000,0.000000,0.000000,0.171906,0.145183,0.032773,-0.121090,-0.074507,0.001636,0.366447,-0.506823,-0.001554,0.227385,0.625424
13.962000,7.011000,0.463931,-0.097758,1.032649,-0.123552,-0.075072,0.001701,-0.150817,-0.307325,-0.001860,-0.233817,0.055165,-0.000215,0.283634,-0.233582,1.000000,0.000000,0.000000,0.000000,-0.517441,0.223940,0.000000,0.000000,0.000000,0.000000,0.180296,0.135824,0.032649,-0.123552,-0.075072,0.001701,0.366624,-0.531265,-0.001860,0.228081,0.645491
13.972000,7.021000,0.461927,-0.102504,1.032568,-0.125633,-0.075541,0.001760,-0.160039,-0.300798,-0.002063,-0.206852,0.058009,0.000252,0.283634,-0.233582,1.000000,0.000000,0.000000,0.000000,-0.517441,0.223940,0.000000,0.000000,0.000000,0.000000,0.178293,0.131078,0.032568,-0.125633,-0.075541,0.001760,0.357402,-0.524738,-0.002063,0.223675,0.634894
13.980000,7.029000,0.460005,-0.106762,1.032489,-0.127604,-0.075032,0.001698,-0.168669,-0.292526,-0.002284,-0.184498,0.147239,-0.000527,0.272671,-0.228556,1.000000,0.000000,0.000000,0.000000,-0.526665,0.254598,0.000000,0.000000,0.000000,0.000000,0.187334,0.121794,0.032489,-0.127604,-0.075032,0.001698,0.357997,-0.547124,-0.002284,0.225796,0.653844
13.990000,7.039000,0.458318,-0.109687,1.032467,-0.129831,-0.076294,0.001760,-0.176230,-0.279937,-0.002278,-0.212802,0.075412,0.000389,0.272671,-0.228556,1.000000,0.000000,0.000000,0.000000,-0.526665,0.254598,0.000000,0.000000,0.000000,0.000000,0.185648,0.118869,0.032467,-0.129831,-0.076294,0.001760,0.350436,-0.534536,-0.002278,0.222821,0.639170
14.000000,7.049000,0.457411,-0.111715,1.032395,-0.132202,-0.076356,0.001819,-0.180698,-0.263997,-0.002447,-0.199631,0.082048,0.000845,0.262587,-0.223460,1.000000,0.000000,0.000000,0.000000,-0.534696,0.281727,0.000000,0.000000,0.000000,0.000000,0.194823,0.111745,0.032395,-0.132202,-0.076356,0.001819,0.353998,-0.545724,-0.002447,0.226920,0.650489
14.010000,7.059000,0.455282,-0.115811,1.032292,-0.134102,-0.076538,0.001881,-0.189357,-0.255427,-0.002701,-0.184700,0.093305,0.001778,0.262587,-0.223460,1.000000,0.000000,0.000000,0.000000,-0.534696,0.281727,0.000000,0.000000,0.000000,0.000000,0.192695,0.107650,0.032292,-0.134102,-0.076538,0.001881,0.345338,-0.537155,-0.002701,0.223075,0.638593
14.020000,7.069000,0.453388,-0.118365,1.032265,-0.135940,-0.075611,0.001774,-0.196970,-0.242213,-0.002750,-0.183483,0.193630,0.000689,0.251812,-0.217546,1.000000,0.000000,0.000000,0.000000,-0.542819,0.309590,0.000000,0.000000,0.000000,0.000000,0.201577,0.099181,0.032265,-0.135940,-0.075611,0.001774,0.345849,-0.551803,-0.002750,0.226961,0.651234
14.030000,7.079000,0.451893,-0.121009,1.032181,-0.137893,-0.076188,0.001813,-0.202827,-0.229252,-0.002916,-0.205977,0.107315,0.002105,0.251812,-0.217546,1.000000,0.000000,0.000000,0.000000,-0.542819,0.309590,0.000000,0.000000,0.000000,0.000000,0.200082,0.096536,0.032181,-0.137893,-0.076188,0.001813,0.339992,-0.538842,-0.002916,0.224472,0.637145
14.040000,7.089000,0.450024,-0.123812,1.032102,-0.139771,-0.075901,0.001822,-0.209799,-0.217143,-0.003091,-0.208818,0.119401,0.002213,0.240877,-0.211082,1.000000,0.000000,0.000000,0.000000,-0.550600,0.336670,0.000000,0.000000,0.000000,0.000000,0.209147,0.087270,0.032102,-0.139771,-0.075901,0.001822,0.340801,-0.553813,-0.003091,0.228887,0.650280
14.050000,7.099000,0.447244,-0.127903,1.031966,-0.141612,-0.075692,0.001824,-0.219715,-0.209522,-0.003415,-0.179149,0.131275,0.001917,0.240877,-0.211082,1.000000,0.000000,0.000000,0.000000,-0.550600,0.336670,0.000000,0.000000,0.000000,0.000000,0.206367,0.083179,0.031966,-0.141612,-0.075692,0.001824,0.330885,-0.546192,-0.003415,0.224784,0.638609
14.061000,7.110000,0.444346,-0.131449,1.031855,-0.143496,-0.075459,0.001802,-0.229742,-0.200412,-0.003684,-0.187508,0.137382,0.001673,0.229790,-0.204085,1.000000,0.000000,0.000000,0.000000,-0.558033,0.362900,0.000000,0.000000,0.000000,0.000000,0.214556,0.072636,0.031855,-0.143496,-0.075459,0.001802,0.328290,-0.563311,-0.003684,0.228746,0.652003
14.070000,7.119000,0.442048,-0.133453,1.031818,-0.145358,-0.074097,0.001622,-0.237263,-0.186248,-0.003664,-0.181854,0.222189,0.000188,0.229790,-0.204085,1.000000,0.000000,0.000000,0.000000,-0.558033,0.362900,0.000000,0.000000,0.000000,0.000000,0.212258,0.070632,0.031818,-0.145358,-0.074097,0.001622,0.320770,-0.549147,-0.003664,0.225953,0.635979
14.081000,7.130000,0.439930,-0.136511,1.031648,-0.147484,-0.074288,0.001610,-0.243691,-0.175400,-0.004059,-0.187941,0.140460,0.001311,0.218558,-0.196572,1.000000,0.000000,0.000000,0.000000,-0.565113,0.388213,0.000000,0.000000,0.000000,0.000000,0.221372,0.060061,0.031648,-0.147484,-0.074288,0.001610,0.321422,-0.563613,-0.004059,0.231548,0.648836
14.090000,7.139000,0.437493,-0.138265,1.031607,-0.149300,-0.073772,0.001551,-0.251103,-0.160836,-0.004046,-0.169597,0.112865,0.001565,0.218558,-0.196572,1.000000,0.000000,0.000000,0.000000,-0.565113,0.388213,0.000000,0.000000,0.000000,0.000000,0.218935,0.058307,0.031607,-0.149300,-0.073772,0.001551,0.314010,-0.549049,-0.004046,0.228760,0.632514
14.100000,7.149000,0.435790,-0.140223,1.031486,-0.151100,-0.072395,0.001412,-0.255491,-0.146984,-0.004288,-0.156752,0.168047,0.000616,0.207188,-0.188563,1.000000,0.000000,0.000000,0.000000,-0.571836,0.412545,0.000000,0.000000,0.000000,0.000000,0.228603,0.048340,0.031486,-0.151100,-0.072395,0.001412,0.316346,-0.559529,-0.004288,0.235770,0.642780
14.110000,7.159000,0.433521,-0.142260,1.031375,-0.152918,-0.072609,0.001402,-0.261712,-0.133727,-0.004449,-0.153220,0.132805,0.001182,0.207188,-0.188563,1.000000,0.000000,0.000000,0.000000,-0.571836,0.412545,0.000000,0.000000,0.000000,0.000000,0.226333,0.046303,0.031375,-0.152918,-0.072609,0.001402,0.310125,-0.546272,-0.004449,0.233142,0.628180
14.120000,7.169000,0.430129,-0.145275,1.031208,-0.154359,-0.072760,0.001431,-0.271681,-0.123916,-0.004793,-0.131125,0.109324,0.000998,0.195687,-0.180077,1.000000,0.000000,0.000000,0.000000,-0.578199,0.435835,0.000000,0.000000,0.000000,0.000000,0.234442,0.034802,0.031208,-0.154359,-0.072760,0.001431,0.306517,-0.559751,-0.004793,0.239057,0.638198
14.130000,7.179000,0.427412,-0.146514,1.031160,-0.155659,-0.071678,0.001273,-0.278945,-0.108652,-0.004724,-0.111807,0.192358,-0.000088,0.195687,-0.180077,1.000000,0.000000,0.000000,0.000000,-0.578199,0.435835,0.000000,0.000000,0.000000,0.000000,0.231725,0.033563,0.031160,-0.155659,-0.071678,0.001273,0.299254,-0.544487,-0.004724,0.236208,0.621322
14.140000,7.189000,0.425249,-0.148368,1.031047,-0.156891,-0.072343,0.001308,-0.283894,-0.095665,-0.004866,-0.100342,0.093845,0.001029,0.184062,-0.171137,1.000000,0.000000,0.000000,0.000000,-0.584196,0.458024,0.000000,0.000000,0.000000,0.000000,0.241187,0.022769,0.031047,-0.156891,-0.072343,0.001308,0.300301,-0.553690,-0.004866,0.244240,0.629902
14.150000,7.199000,0.422638,-0.150056,1.030949,-0.157890,-0.072323,0.001343,-0.290272,-0.082428,-0.004923,-0.092150,0.070411,0.001452,0.184062,-0.171137,1.000000,0.000000,0.000000,0.000000,-0.584196,0.458024,0.000000,0.000000,0.000000,0.000000,0.238576,0.021081,0.030949,-0.157890,-0.072323,0.001343,0.293924,-0.540452,-0.004923,0.241497,0.615227
14.160000,7.209000,0.419836,-0.151654,1.030851,-0.158673,-0.072389,0.001392,-0.297108,-0.069256,-0.004991,-0.072942,0.060979,0.001518,0.172321,-0.161764,1.000000,0.000000,0.000000,0.000000,-0.589824,0.479057,0.000000,0.000000,0.000000,0.000000,0.247514,0.010110,0.030851,-0.158673,-0.072389,0.001392,0.292716,-0.548313,-0.004991,0.249635,0.621574
14.170000,7.219000,0.415867,-0.153960,1.030704,-0.159171,-0.073008,0.001502,-0.307915,-0.058686,-0.005170,-0.049045,0.078541,0.001235,0.172321,-0.161764,1.000000,0.000000,0.000000,0.000000,-0.589824,0.479057,0.000000,0.000000,0.000000,0.000000,0.243546,0.007804,0.030704,-0.159171,-0.073008,0.001502,0.281908,-0.537743,-0.005170,0.245597,0.607179
14.180000,7.229000,0.411826,-0.155605,1.030591,-0.159413,-0.073618,0.001598,-0.318701,-0.046431,-0.005257,-0.027512,0.077195,0.001510,0.160472,-0.151983,1.000000,0.000000,0.000000,0.000000,-0.595079,0.498879,0.000000,0.000000,0.000000,0.000000,0.251354,-0.003623,0.030591,-0.159413,-0.073618,0.001598,0.276379,-0.545309,-0.005257,0.253235,0.611371
14.192000,7.241000,0.408089,-0.157026,1.030490,-0.159558,-0.074085,0.001690,-0.328045,-0.033766,-0.005257,-0.030906,0.086327,0.001918,0.160472,-0.151983,1.000000,0.000000,0.000000,0.000000,-0.595079,0.498879,0.000000,0.000000,0.000000,0.000000,0.247617,-0.005043,0.030490,-0.159558,-0.074085,0.001690,0.267034,-0.532644,-0.005257,0.249538,0.595856
14.200000,7.249000,0.404808,-0.157363,1.030437,-0.159858,-0.073230,0.001571,-0.335457,-0.017969,-0.005120,-0.041141,0.197483,0.000717,0.148521,-0.141817,1.000000,0.000000,0.000000,0.000000,-0.599959,0.517441,0.000000,0.000000,0.000000,0.000000,0.256287,-0.015546,0.030437,-0.159858,-0.073230,0.001571,0.264502,-0.535410,-0.005120,0.258556,0.597203
14.211000,7.260000,0.402372,-0.158937,1.030349,-0.159878,-0.074188,0.001692,-0.339533,-0.006445,-0.005060,-0.029858,0.108258,0.002615,0.148521,-0.141817,1.000000,0.000000,0.000000,0.000000,-0.599959,0.517441,0.000000,0.000000,0.000000,0.000000,0.253852,-0.017119,0.030349,-0.159878,-0.074188,0.001692,0.260426,-0.523886,-0.005060,0.256232,0.585067
14.220000,7.269000,0.398977,-0.159001,1.030299,-0.160166,-0.073116,0.001545,-0.346958,0.009387,-0.004897,-0.045717,0.225584,0.001128,0.135267,-0.130223,1.000000,0.000000,0.000000,0.000000,-0.604889,0.536347,0.000000,0.000000,0.000000,0.000000,0.263710,-0.028779,0.030299,-0.160166,-0.073116,0.001545,0.257931,-0.526960,-0.004897,0.267001,0.586719
14.230000,7.279000,0.396773,-0.159875,1.030246,-0.160113,-0.073519,0.001598,-0.349796,0.022103,-0.004777,-0.007150,0.104876,0.004074,0.135267,-0.130223,1.000000,0.000000,0.000000,0.000000,-0.604889,0.536347,0.000000,0.000000,0.000000,0.000000,0.261506,-0.029653,0.030246,-0.160113,-0.073519,0.001598,0.255093,-0.514245,-0.004777,0.264914,0.574058
14.240000,7.289000,0.392611,-0.160950,1.030165,-0.160232,-0.072629,0.001520,-0.359484,0.034006,-0.004744,0.002532,0.180391,0.002866,0.124345,-0.120438,1.000000,0.000000,0.000000,0.000000,-0.608579,0.550600,0.000000,0.000000,0.000000,0.000000,0.268266,-0.040511,0.030165,-0.160232,-0.072629,0.001520,0.249094,-0.516594,-0.004744,0.272980,0.573532
14.250000,7.299000,0.389016,-0.160610,1.030117,-0.160441,-0.072864,0.001521,-0.366822,0.049876,-0.004635,-0.028363,0.159379,0.004161,0.124345,-0.120438,1.000000,0.000000,0.000000,0.000000,-0.608579,0.550600,0.000000,0.000000,0.000000,0.000000,0.264671,-0.040171,0.030117,-0.160441,-0.072864,0.001521,0.241757,-0.500724,-0.004635,0.269391,0.556051
14.260000,7.309000,0.386316,-0.161297,1.030074,-0.160385,-0.072161,0.001526,-0.370605,0.061840,-0.004513,-0.025225,0.166020,0.004381,0.112135,-0.109279,1.000000,0.000000,0.000000,0.000000,-0.612313,0.565113,0.000000,0.000000,0.000000,0.000000,0.274180,-0.052018,0.030074,-0.160385,-0.072161,0.001526,0.241709,-0.503273,-0.004513,0.280687,0.558326
14.270000,7.319000,0.382970,-0.161587,1.030034,-0.160401,-0.071501,0.001516,-0.376504,0.074799,-0.004394,-0.005339,0.161348,0.004557,0.112135,-0.109279,1.000000,0.000000,0.000000,0.000000,-0.612313,0.565113,0.000000,0.000000,0.000000,0.000000,0.270835,-0.052308,0.030034,-0.160401,-0.071501,0.001516,0.235809,-0.490314,-0.004394,0.277470,0.544090
14.280000,7.329000,0.378089,-0.162041,1.029989,-0.160535,-0.071115,0.001514,-0.387627,0.087050,-0.004292,-0.002982,0.171023,0.004688,0.099855,-0.097843,1.000000,0.000000,0.000000,0.000000,-0.615661,0.578199,0.000000,0.000000,0.000000,0.000000,0.278234,-0.064198,0.029989,-0.160535,-0.071115,0.001514,0.228034,-0.491149,-0.004292,0.287115,0.541521
14.292000,7.341000,0.373050,-0.161823,1.029944,-0.160516,-0.070684,0.001475,-0.398918,0.100915,-0.004224,0.000344,0.175326,0.004631,0.087512,-0.086161,1.000000,0.000000,0.000000,0.000000,-0.618620,0.589824,0.000000,0.000000,0.000000,0.000000,0.285539,-0.075662,0.029944,-0.160516,-0.070684,0.001475,0.219702,-0.488909,-0.004224,0.296907,0.536021
14.300000,7.349000,0.369061,-0.160814,1.029902,-0.160496,-0.068946,0.001240,-0.405983,0.116801,-0.004144,-0.002439,0.270024,0.002567,0.087512,-0.086161,1.000000,0.000000,0.000000,0.000000,-0.618620,0.589824,0.000000,0.000000,0.000000,0.000000,0.281549,-0.074653,0.029902,-0.160496,-0.068946,0.001240,0.212637,-0.473023,-0.004144,0.292809,0.518635
14.311000,7.360000,0.365624,-0.161506,1.029886,-0.160163,-0.068758,0.001225,-0.410621,0.126695,-0.004002,0.015518,0.189122,0.004130,0.087512,-0.086161,1.000000,0.000000,0.000000,0.000000,-0.618620,0.589824,0.000000,0.000000,0.000000,0.000000,0.278112,-0.075346,0.029886,-0.160163,-0.068758,0.001225,0.207999,-0.463129,-0.004002,0.289683,0.507709
14.320000,7.369000,0.361517,-0.160239,1.029846,-0.159926,-0.067954,0.001135,-0.417503,0.142545,-0.003926,0.024099,0.191220,0.003757,0.075113,-0.074260,1.000000,0.000000,0.000000,0.000000,-0.621188,0.599959,0.000000,0.000000,0.000000,0.000000,0.286405,-0.085979,0.029846,-0.159926,-0.067954,0.001135,0.203685,-0.457414,-0.003926,0.300517,0.500730
14.330000,7.379000,0.358804,-0.160353,1.029825,-0.159367,-0.066661,0.001064,-0.418996,0.153194,-0.003812,0.034310,0.187423,0.003609,0.075113,-0.074260,1.000000,0.000000,0.000000,0.000000,-0.621188,0.599959,0.000000,0.000000,0.000000,0.000000,0.283691,-0.086093,0.029825,-0.159367,-0.066661,0.001064,0.202192,-0.446765,-0.003812,0.297963,0.490403
14.340000,7.389000,0.353814,-0.159962,1.029773,-0.158931,-0.066003,0.001013,-0.428461,0.165563,-0.003787,0.052625,0.184454,0.003125,0.062667,-0.062172,1.000000,0.000000,0.000000,0.000000,-0.623364,0.608579,0.000000,0.000000,0.000000,0.000000,0.291147,-0.097789,0.029773,-0.158931,-0.066003,0.001013,0.194903,-0.443016,-0.003787,0.308570,0.484009
14.350000,7.399000,0.349529,-0.158306,1.029735,-0.158387,-0.064176,0.000752,-0.435047,0.181288,-0.003735,0.053591,0.273472,0.001537,0.062667,-0.062172,1.000000,0.000000,0.000000,0.000000,-0.623364,0.608579,0.000000,0.000000,0.000000,0.000000,0.286862,-0.096133,0.029735,-0.158387,-0.064176,0.000752,0.188317,-0.427291,-0.003735,0.304000,0.466963
14.362000,7.411000,0.344997,-0.158183,1.029666,-0.157396,-0.064310,0.000724,-0.442118,0.191558,-0.003756,0.079499,0.175994,0.002831,0.048930,-0.048696,1.000000,0.000000,0.000000,0.000000,-0.625303,0.616284,0.000000,0.000000,0.000000,0.000000,0.296066,-0.109488,0.029666,-0.157396,-0.064310,0.000724,0.183185,-0.424726,-0.003756,0.317053,0.462562
14.370000,7.419000,0.340575,-0.156268,1.029629,-0.156384,-0.063573,0.000640,-0.448538,0.207133,-0.003678,0.101183,0.142216,0.003318,0.048930,-0.048696,1.000000,0.000000,0.000000,0.000000,-0.625303,0.616284,0.000000,0.000000,0.000000,0.000000,0.291645,-0.107572,0.029629,-0.156384,-0.063573,0.000640,0.176765,-0.409151,-0.003678,0.312260,0.445717
14.380000,7.429000,0.337502,-0.155967,1.029574,-0.155079,-0.061747,0.000477,-0.449756,0.216609,-0.003624,0.103097,0.203665,0.002427,0.037663,-0.037556,1.000000,0.000000,0.000000,0.000000,-0.626533,0.621188,0.000000,0.000000,0.000000,0.000000,0.299838,-0.118411,0.029574,-0.155079,-0.061747,0.000477,0.176777,-0.404579,-0.003624,0.323726,0.441529
14.390000,7.439000,0.333535,-0.154949,1.029517,-0.153734,-0.061818,0.000467,-0.454061,0.228196,-0.003560,0.102370,0.167018,0.003030,0.037663,-0.037556,1.000000,0.000000,0.000000,0.000000,-0.626533,0.621188,0.000000,0.000000,0.000000,0.000000,0.295872,-0.117392,0.029517,-0.153734,-0.061818,0.000467,0.172472,-0.392992,-0.003560,0.319675,0.429188
14.400000,7.449000,0.327729,-0.153528,1.029438,-0.152514,-0.062000,0.000520,-0.464778,0.240999,-0.003546,0.120281,0.140780,0.003456,0.025122,-0.025090,1.000000,0.000000,0.000000,0.000000,-0.627525,0.625146,0.000000,0.000000,0.000000,0.000000,0.302606,-0.128438,0.029438,-0.152514,-0.062000,0.000520,0.162747,-0.384147,-0.003546,0.330051,0.417215
14.410000,7.459000,0.323081,-0.151118,1.029402,-0.151300,-0.060603,0.000339,-0.470957,0.256098,-0.003393,0.107423,0.236934,0.002346,0.025122,-0.025090,1.000000,0.000000,0.000000,0.000000,-0.627525,0.625146,0.000000,0.000000,0.000000,0.000000,0.297959,-0.126028,0.029402,-0.151300,-0.060603,0.000339,0.156568,-0.369048,-0.003393,0.324849,0.400901
14.420000,7.469000,0.319527,-0.150378,1.029365,-0.149314,-0.061166,0.000410,-0.472921,0.264867,-0.003222,0.134837,0.120120,0.004725,0.012565,-0.012561,1.000000,0.000000,0.000000,0.000000,-0.628120,0.627525,0.000000,0.000000,0.000000,0.000000,0.306961,-0.137817,0.029365,-0.149314,-0.061166,0.000410,0.155200,-0.362658,-0.003222,0.337759,0.394485
14.430000,7.479000,0.313686,-0.148668,1.029326,-0.147904,-0.061284,0.000503,-0.483002,0.276964,-0.003059,0.156639,0.105534,0.005862,0.012565,-0.012561,1.000000,0.000000,0.000000,0.000000,-0.628120,0.627525,0.000000,0.000000,0.000000,0.000000,0.301121,-0.136107,0.029326,-0.147904,-0.061284,0.000503,0.145118,-0.350561,-0.003059,0.331751,0.379423
14.440000,7.489000,0.308856,-0.145899,1.029295,-0.146332,-0.060232,0.000405,-0.489109,0.291608,-0.002851,0.158798,0.187525,0.005004,-0.000628,0.000628,1.000000,0.000000,0.000000,0.000000,-0.628318,0.628317,0.000000,0.000000,0.000000,0.000000,0.309484,-0.146527,0.029295,-0.146332,-0.060232,0.000405,0.139209,-0.336709,-0.002851,0.343670,0.364363
14.450000,7.499000,0.305246,-0.144944,1.029281,-0.144297,-0.060707,0.000507,-0.490568,0.299397,-0.002616,0.140247,0.140499,0.005745,-0.000628,0.000628,1.000000,0.000000,0.000000,0.000000,-0.628318,0.628317,0.000000,0.000000,0.000000,0.000000,0.305875,-0.145573,0.029281,-0.144297,-0.060707,0.000507,0.137750,-0.328920,-0.002616,0.340012,0.356609
14.461000,7.510000,0.299228,-0.142844,1.029265,-0.142657,-0.061076,0.000646,-0.500630,0.311154,-0.002373,0.149491,0.136727,0.006726,-0.012565,0.012561,1.000000,0.000000,0.000000,0.000000,-0.628120,0.627525,0.000000,0.000000,0.000000,0.000000,0.311793,-0.155405,0.029265,-0.142657,-0.061076,0.000646,0.127490,-0.316371,-0.002373,0.349603,0.341101
14.470000,7.519000,0.294222,-0.139733,1.029241,-0.141154,-0.059713,0.000517,-0.506710,0.325266,-0.002199,0.129020,0.248935,0.004889,-0.012565,0.012561,1.000000,0.000000,0.000000,0.000000,-0.628120,0.627525,0.000000,0.000000,0.000000,0.000000,0.306787,-0.152294,0.029241,-0.141154,-0.059713,0.000517,0.121410,-0.302259,-0.002199,0.343754,0.325739
14.480000,7.529000,0.290495,-0.138553,1.029251,-0.138810,-0.060150,0.000623,-0.507922,0.332119,-0.001899,0.153944,0.145162,0.007603,-0.025122,0.025090,1.000000,0.000000,0.000000,0.000000,-0.627525,0.625146,0.000000,0.000000,0.000000,0.000000,0.315617,-0.163644,0.029251,-0.138810,-0.060150,0.000623,0.119603,-0.293027,-0.001899,0.356720,0.316502
14.491000,7.540000,0.284271,-0.136073,1.029275,-0.137235,-0.060118,0.000732,-0.518024,0.343523,-0.001608,0.171793,0.130990,0.008665,-0.037663,0.037556,1.000000,0.000000,0.000000,0.000000,-0.626533,0.621188,0.000000,0.000000,0.000000,0.000000,0.321935,-0.173629,0.029275,-0.137235,-0.060118,0.000732,0.108510,-0.277665,-0.001608,0.366942,0.298118
14.500000,7.549000,0.279091,-0.132638,1.029259,-0.135511,-0.058808,0.000638,-0.524006,0.357094,-0.001416,0.170135,0.216230,0.007032,-0.037663,0.037556,1.000000,0.000000,0.000000,0.000000,-0.626533,0.621188,0.000000,0.000000,0.000000,0.000000,0.316754,-0.170194,0.029259,-0.135511,-0.058808,0.000638,0.102527,-0.264095,-0.001416,0.360771,0.283302
14.511000,7.560000,0.273603,-0.130816,1.029318,-0.133489,-0.059304,0.000777,-0.530794,0.364880,-0.001079,0.167154,0.175295,0.008331,-0.037663,0.037556,1.000000,0.000000,0.000000,0.000000,-0.626533,0.621188,0.000000,0.000000,0.000000,0.000000,0.311267,-0.168373,0.029318,-0.133489,-0.059304,0.000777,0.095739,-0.256308,-0.001079,0.355100,0.273607
14.520000,7.569000,0.268296,-0.127168,1.029307,-0.131809,-0.057556,0.000626,-0.536690,0.378070,-0.000929,0.147998,0.305149,0.005586,-0.050181,0.049927,1.000000,0.000000,0.000000,0.000000,-0.625146,0.615661,0.000000,0.000000,0.000000,0.000000,0.318476,-0.177095,0.029307,-0.131809,-0.057556,0.000626,0.088456,-0.237592,-0.000929,0.365580,0.253525
14.533000,7.582000,0.263015,-0.125346,1.029400,-0.129400,-0.058220,0.000756,-0.542188,0.384718,-0.000542,0.191154,0.183638,0.008232,-0.062667,0.062172,1.000000,0.000000,0.000000,0.000000,-0.623364,0.608579,0.000000,0.000000,0.000000,0.000000,0.325681,-0.187518,0.029400,-0.129400,-0.058220,0.000756,0.081176,-0.223860,-0.000542,0.376956,0.238125
14.540000,7.589000,0.256338,-0.121595,1.029457,-0.127454,-0.057720,0.000781,-0.552493,0.397459,-0.000242,0.200448,0.211581,0.007793,-0.062667,0.062172,1.000000,0.000000,0.000000,0.000000,-0.623364,0.608579,0.000000,0.000000,0.000000,0.000000,0.319005,-0.183767,0.029457,-0.127454,-0.057720,0.000781,0.070871,-0.211120,-0.000242,0.369327,0.222698
14.550000,7.599000,0.250813,-0.117620,1.029455,-0.125439,-0.055611,0.000589,-0.558221,0.410032,-0.000192,0.183904,0.331251,0.005096,-0.062667,0.062172,1.000000,0.000000,0.000000,0.000000,-0.623364,0.608579,0.000000,0.000000,0.000000,0.000000,0.313480,-0.179793,0.029455,-0.125439,-0.055611,0.000589,0.065143,-0.198547,-0.000192,0.362578,0.208961
14.560000,7.609000,0.248022,-0.116758,1.029539,-0.122408,-0.054994,0.000621,-0.553806,0.411154,0.000154,0.200247,0.228094,0.007451,-0.075113,0.074260,1.000000,0.000000,0.000000,0.000000,-0.621188,0.599959,0.000000,0.000000,0.000000,0.000000,0.323135,-0.191019,0.029539,-0.122408,-0.054994,0.000621,0.067382,-0.188805,0.000154,0.376533,0.200469
14.570000,7.619000,0.243459,-0.114292,1.029604,-0.119929,-0.053612,0.000606,-0.555762,0.417721,0.000402,0.221218,0.198648,0.007984,-0.075113,0.074260,1.000000,0.000000,0.000000,0.000000,-0.621188,0.599959,0.000000,0.000000,0.000000,0.000000,0.318572,-0.188552,0.029604,-0.119929,-0.053612,0.000606,0.065426,-0.182238,0.000402,0.371371,0.193627
14.583000,7.632000,0.236546,-0.110657,1.029711,-0.117798,-0.052821,0.000626,-0.565938,0.428319,0.000678,0.213987,0.232920,0.007130,-0.088748,0.087339,1.000000,0.000000,0.000000,0.000000,-0.618342,0.588728,0.000000,0.000000,0.000000,0.000000,0.325295,-0.197996,0.029711,-0.117798,-0.052821,0.000626,0.052403,-0.160409,0.000678,0.381971,0.168753
14.591000,7.640000,0.229286,-0.106183,1.029792,-0.115457,-0.052175,0.000618,-0.576958,0.440931,0.000903,0.230236,0.223690,0.006616,-0.088748,0.087339,1.000000,0.000000,0.000000,0.000000,-0.618342,0.588728,0.000000,0.000000,0.000000,0.000000,0.318034,-0.193522,0.029792,-0.115457,-0.052175,0.000618,0.041384,-0.147797,0.000903,0.373476,0.153484
14.600000,7.649000,0.223516,-0.101774,1.029801,-0.113145,-0.049946,0.000425,-0.582125,0.452310,0.000944,0.204872,0.334559,0.004040,-0.099855,0.097843,1.000000,0.000000,0.000000,0.000000,-0.615661,0.578199,0.000000,0.000000,0.000000,0.000000,0.323371,-0.199617,0.029801,-0.113145,-0.049946,0.000425,0.033536,-0.125889,0.000944,0.381187,0.130283
14.610000,7.659000,0.218758,-0.100030,1.029970,-0.109790,-0.049914,0.000498,-0.583307,0.454150,0.001384,0.247772,0.213572,0.006696,-0.099855,0.097843,1.000000,0.000000,0.000000,0.000000,-0.615661,0.578199,0.000000,0.000000,0.000000,0.000000,0.318613,-0.197873,0.029970,-0.109790,-0.049914,0.000498,0.032354,-0.124049,0.001384,0.376253,0.128206
14.621000,7.670000,0.211724,-0.095548,1.030075,-0.107240,-0.049219,0.000499,-0.592561,0.465046,0.001552,0.244241,0.222343,0.006441,-0.112135,0.109279,1.000000,0.000000,0.000000,0.000000,-0.612313,0.565113,0.000000,0.000000,0.000000,0.000000,0.323859,-0.204827,0.030075,-0.107240,-0.049219,0.000499,0.019753,-0.100067,0.001552,0.384374,0.102010
14.630000,7.679000,0.205220,-0.091473,1.030184,-0.104516,-0.048320,0.000498,-0.599476,0.473822,0.001761,0.246031,0.226861,0.006376,-0.112135,0.109279,1.000000,0.000000,0.000000,0.000000,-0.612313,0.565113,0.000000,0.000000,0.000000,0.000000,0.317355,-0.200752,0.030184,-0.104516,-0.048320,0.000498,0.012837,-0.091291,0.001761,0.376731,0.092206
14.640000,7.689000,0.199225,-0.086735,1.030202,-0.102047,-0.046057,0.000324,-0.604250,0.484107,0.001728,0.220195,0.341293,0.004175,-0.124345,0.120438,1.000000,0.000000,0.000000,0.000000,-0.608579,0.550600,0.000000,0.000000,0.000000,0.000000,0.323570,-0.207173,0.030202,-0.102047,-0.046057,0.000324,0.004329,-0.066493,0.001728,0.385396,0.066656
14.650000,7.699000,0.196836,-0.085991,1.030316,-0.098131,-0.045090,0.000349,-0.595770,0.479820,0.001927,0.255283,0.236059,0.006472,-0.124345,0.120438,1.000000,0.000000,0.000000,0.000000,-0.608579,0.550600,0.000000,0.000000,0.000000,0.000000,0.321180,-0.206430,0.030316,-0.098131,-0.045090,0.000349,0.012809,-0.070780,0.001927,0.383000,0.071955
14.660000,7.709000,0.192125,-0.083121,1.030407,-0.095097,-0.043630,0.000349,-0.595753,0.482978,0.002092,0.256171,0.242950,0.006529,-0.136476,0.131294,1.000000,0.000000,0.000000,0.000000,-0.604460,0.534696,0.000000,0.000000,0.000000,0.000000,0.328601,-0.214415,0.030407,-0.095097,-0.043630,0.000349,0.008707,-0.051717,0.002092,0.393544,0.052487
14.670000,7.719000,0.184830,-0.078794,1.030546,-0.092621,-0.042755,0.000376,-0.604877,0.491303,0.002362,0.250982,0.238474,0.006710,-0.136476,0.131294,1.000000,0.000000,0.000000,0.000000,-0.604460,0.534696,0.000000,0.000000,0.000000,0.000000,0.321306,-0.210087,0.030546,-0.092621,-0.042755,0.000376,-0.000417,-0.043393,0.002362,0.385107,0.043459
14.680000,7.729000,0.178781,-0.073881,1.030569,-0.090105,-0.040374,0.000222,-0.609093,0.500410,0.002321,0.224424,0.342923,0.004641,-0.148521,0.141817,1.000000,0.000000,0.000000,0.000000,-0.599959,0.517441,0.000000,0.000000,0.000000,0.000000,0.327302,-0.215698,0.030569,-0.090105,-0.040374,0.000222,-0.009134,-0.017031,0.002321,0.393175,0.019465
14.690000,7.739000,0.174297,-0.071507,1.030666,-0.086550,-0.039507,0.000231,-0.607380,0.500186,0.002424,0.263686,0.250341,0.006446,-0.148521,0.141817,1.000000,0.000000,0.000000,0.000000,-0.599959,0.517441,0.000000,0.000000,0.000000,0.000000,0.322818,-0.213324,0.030666,-0.086550,-0.039507,0.000231,-0.007420,-0.017255,0.002424,0.388148,0.018938
14.700000,7.749000,0.168846,-0.068043,1.030742,-0.083568,-0.037996,0.000224,-0.609054,0.503595,0.002497,0.264884,0.251512,0.006422,-0.160472,0.151983,1.000000,0.000000,0.000000,0.000000,-0.595079,0.498879,0.000000,0.000000,0.000000,0.000000,0.329317,-0.220026,0.030742,-0.083568,-0.037996,0.000224,-0.013975,0.004716,0.002497,0.397249,0.014959
14.710000,7.759000,0.163064,-0.064261,1.030812,-0.080639,-0.036540,0.000220,-0.611708,0.507731,0.002539,0.254970,0.243947,0.006596,-0.160472,0.151983,1.000000,0.000000,0.000000,0.000000,-0.595079,0.498879,0.000000,0.000000,0.000000,0.000000,0.323536,-0.216243,0.030812,-0.080639,-0.036540,0.000220,-0.016629,0.008852,0.002539,0.390367,0.019009
14.724000,7.773000,0.155023,-0.059275,1.030906,-0.078189,-0.035806,0.000255,-0.622279,0.516124,0.002626,0.263439,0.232656,0.006502,-0.172321,0.161764,1.000000,0.000000,0.000000,0.000000,-0.589824,0.479057,0.000000,0.000000,0.000000,0.000000,0.327344,-0.221039,0.030906,-0.078189,-0.035806,0.000255,-0.032455,0.037067,0.002626,0.396191,0.049338
14.730000,7.779000,0.148800,-0.054113,1.030932,-0.075551,-0.033481,0.000138,-0.625802,0.523802,0.002538,0.240161,0.328431,0.004474,-0.172321,0.161764,1.000000,0.000000,0.000000,0.000000,-0.589824,0.479057,0.000000,0.000000,0.000000,0.000000,0.321121,-0.215877,0.030932,-0.075551,-0.033481,0.000138,-0.035978,0.044746,0.002538,0.388174,0.057472
14.740000,7.789000,0.144041,-0.051494,1.030988,-0.071966,-0.032826,0.000173,-0.623795,0.522193,0.002571,0.262840,0.225716,0.006212,-0.184062,0.171137,1.000000,0.000000,0.000000,0.000000,-0.584196,0.458024,0.000000,0.000000,0.000000,0.000000,0.328103,-0.222631,0.030988,-0.071966,-0.032826,0.000173,-0.039599,0.064169,0.002571,0.397714,0.075448
14.750000,7.799000,0.136341,-0.046792,1.031049,-0.069359,-0.032308,0.000239,-0.632322,0.528195,0.002608,0.285241,0.179901,0.006924,-0.184062,0.171137,1.000000,0.000000,0.000000,0.000000,-0.584196,0.458024,0.000000,0.000000,0.000000,0.000000,0.320404,-0.217929,0.031049,-0.069359,-0.032308,0.000239,-0.048126,0.070170,0.002608,0.388736,0.085128
14.760000,7.809000,0.130018,-0.041510,1.031075,-0.066505,-0.030508,0.000184,-0.635500,0.535006,0.002566,0.280375,0.251660,0.005519,-0.195687,0.180077,1.000000,0.000000,0.000000,0.000000,-0.578199,0.435835,0.000000,0.000000,0.000000,0.000000,0.325705,-0.221587,0.031075,-0.066505,-0.030508,0.000184,-0.057301,0.099171,0.002566,0.395159,0.114564
14.770000,7.819000,0.125367,-0.038951,1.031106,-0.062817,-0.030170,0.000264,-0.632452,0.531910,0.002527,0.278681,0.203090,0.006588,-0.195687,0.180077,1.000000,0.000000,0.000000,0.000000,-0.578199,0.435835,0.000000,0.000000,0.000000,0.000000,0.321054,-0.219028,0.031106,-0.062817,-0.030170,0.000264,-0.054253,0.096075,0.002527,0.389893,0.110364
14.781000,7.830000,0.117650,-0.034205,1.031152,-0.059882,-0.030261,0.000384,-0.640504,0.536819,0.002552,0.294273,0.175670,0.007038,-0.207188,0.188563,1.000000,0.000000,0.000000,0.000000,-0.571836,0.412545,0.000000,0.000000,0.000000,0.000000,0.324838,-0.222767,0.031152,-0.059882,-0.030261,0.000384,-0.068668,0.124274,0.002552,0.395114,0.142006
14.792000,7.841000,0.109491,-0.028455,1.031202,-0.056904,-0.030271,0.000476,-0.649865,0.544418,0.002597,0.303278,0.167653,0.007573,-0.207188,0.188563,1.000000,0.000000,0.000000,0.000000,-0.571836,0.412545,0.000000,0.000000,0.000000,0.000000,0.316679,-0.217018,0.031202,-0.056904,-0.030271,0.000476,-0.078028,0.131873,0.002597,0.385170,0.153250
14.800000,7.849000,0.102098,-0.023397,1.031255,-0.053954,-0.028837,0.000485,-0.656080,0.548930,0.002669,0.279723,0.281180,0.005558,-0.218558,0.196572,1.000000,0.000000,0.000000,0.000000,-0.565113,0.388213,0.000000,0.000000,0.000000,0.000000,0.320656,-0.219969,0.031255,-0.053954,-0.028837,0.000485,-0.090967,0.160717,0.002669,0.390107,0.184695
14.810000,7.859000,0.095537,-0.017908,1.031282,-0.050351,-0.029546,0.000578,-0.659048,0.554195,0.002643,0.306955,0.194724,0.007599,-0.218558,0.196572,1.000000,0.000000,0.000000,0.000000,-0.565113,0.388213,0.000000,0.000000,0.000000,0.000000,0.314095,-0.214480,0.031282,-0.050351,-0.029546,0.000578,-0.093935,0.165982,0.002643,0.381623,0.190738
14.820000,7.869000,0.092800,-0.016918,1.031324,-0.045956,-0.027986,0.000679,-0.648103,0.543218,0.002688,0.310260,0.203187,0.007859,-0.230905,0.204808,1.000000,0.000000,0.000000,0.000000,-0.557305,0.360317,0.000000,0.000000,0.000000,0.000000,0.323706,-0.221726,0.031324,-0.045956,-0.027986,0.000679,-0.090798,0.182901,0.002688,0.393610,0.204217
14.830000,7.879000,0.087644,-0.013597,1.031370,-0.042243,-0.026930,0.000777,-0.646114,0.540601,0.002723,0.297357,0.205512,0.007958,-0.230905,0.204808,1.000000,0.000000,0.000000,0.000000,-0.557305,0.360317,0.000000,0.000000,0.000000,0.000000,0.318550,-0.218405,0.031370,-0.042243,-0.026930,0.000777,-0.088809,0.180284,0.002723,0.387503,0.200990
14.840000,7.889000,0.081809,-0.009709,1.031421,-0.038685,-0.025848,0.000871,-0.646539,0.539749,0.002786,0.297764,0.225975,0.008143,-0.240877,0.211082,1.000000,0.000000,0.000000,0.000000,-0.550600,0.336670,0.000000,0.000000,0.000000,0.000000,0.322686,-0.220791,0.031421,-0.038685,-0.025848,0.000871,-0.095940,0.203079,0.002786,0.392253,0.224618
14.850000,7.899000,0.075672,-0.005603,1.031474,-0.035236,-0.024644,0.000958,-0.647935,0.539358,0.002847,0.302789,0.242769,0.008022,-0.240877,0.211082,1.000000,0.000000,0.000000,0.000000,-0.550600,0.336670,0.000000,0.000000,0.000000,0.000000,0.316549,-0.216685,0.031474,-0.035236,-0.024644,0.000958,-0.097335,0.202688,0.002847,0.384898,0.224866
14.860000,7.909000,0.069379,-0.001402,1.031527,-0.031891,-0.023292,0.001042,-0.649723,0.538988,0.002920,0.296393,0.261428,0.007918,-0.252354,0.217855,1.000000,0.000000,0.000000,0.000000,-0.542421,0.308215,0.000000,0.000000,0.000000,0.000000,0.321733,-0.219257,0.031527,-0.031891,-0.023292,0.001042,-0.107302,0.230773,0.002920,0.390614,0.254516
14.870000,7.919000,0.062999,0.002841,1.031576,-0.028628,-0.021791,0.001122,-0.651623,0.538452,0.002951,0.283148,0.264775,0.007628,-0.252354,0.217855,1.000000,0.000000,0.000000,0.000000,-0.542421,0.308215,0.000000,0.000000,0.000000,0.000000,0.315354,-0.215014,0.031576,-0.028628,-0.021791,0.001122,-0.109202,0.230237,0.002951,0.382983,0.254839
14.880000,7.929000,0.054310,0.008257,1.031637,-0.025987,-0.020762,0.001222,-0.661639,0.542251,0.003024,0.276076,0.278649,0.007363,-0.263122,0.223741,1.000000,0.000000,0.000000,0.000000,-0.534281,0.280315,0.000000,0.000000,0.000000,0.000000,0.317432,-0.215484,0.031637,-0.025987,-0.020762,0.001222,-0.127358,0.261935,0.003024,0.384964,0.291272
14.890000,7.939000,0.047694,0.013680,1.031667,-0.022906,-0.019042,0.001274,-0.663688,0.544794,0.002976,0.277156,0.280106,0.006895,-0.263122,0.223741,1.000000,0.000000,0.000000,0.000000,-0.534281,0.280315,0.000000,0.000000,0.000000,0.000000,0.310816,-0.210062,0.031667,-0.022906,-0.019042,0.001274,-0.129407,0.264479,0.002976,0.376477,0.294456
14.900000,7.949000,0.042627,0.016409,1.031696,-0.019426,-0.016843,0.001347,-0.659893,0.537697,0.002937,0.269497,0.283569,0.006366,-0.273197,0.228810,1.000000,0.000000,0.000000,0.000000,-0.526234,0.253154,0.000000,0.000000,0.000000,0.000000,0.315824,-0.212402,0.031696,-0.019426,-0.016843,0.001347,-0.133658,0.284544,0.002937,0.381921,0.314386
14.911000,7.960000,0.034487,0.021235,1.031729,-0.016864,-0.015592,0.001438,-0.667094,0.538508,0.002890,0.292321,0.277033,0.005678,-0.273197,0.228810,1.000000,0.000000,0.000000,0.000000,-0.526234,0.253154,0.000000,0.000000,0.000000,0.000000,0.307684,-0.207575,0.031729,-0.016864,-0.015592,0.001438,-0.140860,0.285354,0.002890,0.372510,0.318241
14.920000,7.969000,0.027816,0.026620,1.031758,-0.013941,-0.012821,0.001448,-0.668626,0.540160,0.002840,0.293450,0.377878,0.002873,-0.283634,0.233582,1.000000,0.000000,0.000000,0.000000,-0.517441,0.223940,0.000000,0.000000,0.000000,0.000000,0.311450,-0.206962,0.031758,-0.013941,-0.012821,0.001448,-0.151185,0.316219,0.002840,0.375291,0.350513
14.932000,7.981000,0.020874,0.030045,1.031765,-0.010816,-0.012369,0.001557,-0.670876,0.535272,0.002728,0.292192,0.229131,0.005445,-0.283634,0.233582,1.000000,0.000000,0.000000,0.000000,-0.517441,0.223940,0.000000,0.000000,0.000000,0.000000,0.304509,-0.203537,0.031765,-0.010816,-0.012369,0.001557,-0.153436,0.311332,0.002728,0.367644,0.347099
14.940000,7.989000,0.014165,0.035398,1.031792,-0.007894,-0.010078,0.001587,-0.672091,0.536331,0.002684,0.281037,0.294042,0.003608,-0.293893,0.237764,1.000000,0.000000,0.000000,0.000000,-0.508320,0.194161,0.000000,0.000000,0.000000,0.000000,0.308058,-0.202366,0.031792,-0.007894,-0.010078,0.001587,-0.163771,0.342170,0.002684,0.369950,0.379352
14.953000,8.002000,0.007659,0.038425,1.031781,-0.004132,-0.009606,0.001688,-0.672365,0.529537,0.002535,0.309940,0.244522,0.003738,-0.303965,0.241345,1.000000,0.000000,0.000000,0.000000,-0.498879,0.163892,0.000000,0.000000,0.000000,0.000000,0.311624,-0.202920,0.031781,-0.004132,-0.009606,0.001688,-0.173486,0.365645,0.002535,0.373224,0.404723
14.960000,8.009000,-0.000567,0.043792,1.031797,-0.000860,-0.008951,0.001755,-0.678740,0.530574,0.002471,0.324909,0.230209,0.003039,-0.303965,0.241345,1.000000,0.000000,0.000000,0.000000,-0.498879,0.163892,0.000000,0.000000,0.000000,0.000000,0.303398,-0.197553,0.031797,-0.000860,-0.008951,0.001755,-0.179861,0.366682,0.002471,0.363440,0.408426
14.972000,8.021000,-0.008055,0.048489,1.031813,0.002678,-0.008137,0.001825,-0.682127,0.528809,0.002424,0.322729,0.218740,0.003198,-0.313846,0.244317,1.000000,0.000000,0.000000,0.000000,-0.489122,0.133208,0.000000,0.000000,0.000000,0.000000,0.305791,-0.195828,0.031813,0.002678,-0.008137,0.001825,-0.193004,0.395601,0.002424,0.364512,0.440178
14.981000,8.030000,-0.015079,0.052802,1.031831,0.006335,-0.007204,0.001898,-0.683619,0.525374,0.002383,0.323938,0.215906,0.003187,-0.313846,0.244317,1.000000,0.000000,0.000000,0.000000,-0.489122,0.133208,0.000000,0.000000,0.000000,0.000000,0.298767,-0.191515,0.031831,0.006335,-0.007204,0.001898,-0.194497,0.392166,0.002383,0.356304,0.437755
14.991000,8.040000,-0.021859,0.056904,1.031847,0.009683,-0.005001,0.001958,-0.684072,0.520944,0.002336,0.289420,0.341805,0.001031,-0.313846,0.244317,1.000000,0.000000,0.000000,0.000000,-0.489122,0.133208,0.000000,0.000000,0.000000,0.000000,0.291987,-0.187413,0.031847,0.009683,-0.005001,0.001958,-0.194950,0.387736,0.002336,0.348416,0.433993
15.000000,8.049000,-0.028700,0.062114,1.031871,0.013603,-0.005237,0.002047,-0.684698,0.519955,0.002309,0.320332,0.234845,0.003313,-0.323528,0.246671,1.000000,0.000000,0.000000,0.000000,-0.479057,0.102188,0.000000,0.000000,0.000000,0.000000,0.294828,-0.184558,0.031871,0.013603,-0.005237,0.002047,-0.205641,0.417767,0.002309,0.349286,0.465642
15.010000,8.059000,-0.030879,0.062435,1.031867,0.018221,-0.002906,0.002137,-0.668431,0.501590,0.002195,0.348686,0.203947,0.004032,-0.323528,0.246671,1.000000,0.000000,0.000000,0.000000,-0.479057,0.102188,0.000000,0.000000,0.000000,0.000000,0.292649,-0.184237,0.031867,0.018221,-0.002906,0.002137,-0.189374,0.399402,0.002195,0.347278,0.442029
15.020000,8.069000,-0.035973,0.065233,1.031873,0.022009,-0.001293,0.002236,-0.663012,0.492359,0.002105,0.346216,0.212058,0.004548,-0.333006,0.248403,1.000000,0.000000,0.000000,0.000000,-0.468689,0.070910,0.000000,0.000000,0.000000,0.000000,0.297033,-0.183169,0.031873,0.022009,-0.001293,0.002236,-0.194323,0.421450,0.002105,0.350422,0.464097
15.030000,8.079000,-0.041856,0.068588,1.031880,0.025665,0.000079,0.002345,-0.660476,0.485078,0.002028,0.293354,0.241488,0.004152,-0.333006,0.248403,1.000000,0.000000,0.000000,0.000000,-0.468689,0.070910,0.000000,0.000000,0.000000,0.000000,0.291150,-0.179815,0.031880,0.025665,0.000079,0.002345,-0.191787,0.414168,0.002028,0.343683,0.456423
15.040000,8.089000,-0.048073,0.072117,1.031887,0.029384,0.001255,0.002463,-0.659111,0.478322,0.001947,0.301194,0.235658,0.004610,-0.342274,0.249507,1.000000,0.000000,0.000000,0.000000,-0.458024,0.039452,0.000000,0.000000,0.000000,0.000000,0.294200,-0.177389,0.031887,0.029384,0.001255,0.002463,-0.201086,0.438870,0.001947,0.345018,0.482748
15.050000,8.099000,-0.056693,0.076608,1.031896,0.032592,0.001609,0.002598,-0.666386,0.475340,0.001860,0.310810,0.208530,0.005243,-0.342274,0.249507,1.000000,0.000000,0.000000,0.000000,-0.458024,0.039452,0.000000,0.000000,0.000000,0.000000,0.285580,-0.172898,0.031896,0.032592,0.001609,0.002598,-0.208362,0.435887,0.001860,0.335361,0.483131
15.060000,8.109000,-0.063357,0.081362,1.031915,0.035700,0.003692,0.002718,-0.666220,0.472144,0.001794,0.258663,0.310035,0.002552,-0.351325,0.249980,1.000000,0.000000,0.000000,0.000000,-0.447071,0.007895,0.000000,0.000000,0.000000,0.000000,0.287968,-0.168618,0.031915,0.035700,0.003692,0.002718,-0.219149,0.464248,0.001794,0.335226,0.513377
15.070000,8.119000,-0.068390,0.083471,1.031914,0.039974,0.004100,0.002868,-0.660095,0.459691,0.001667,0.278229,0.224550,0.004590,-0.351325,0.249980,1.000000,0.000000,0.000000,0.000000,-0.447071,0.007895,0.000000,0.000000,0.000000,0.000000,0.282935,-0.166509,0.031914,0.039974,0.004100,0.002868,-0.213024,0.451795,0.001667,0.329842,0.499501
15.082000,8.131000,-0.076514,0.087293,1.031906,0.042750,0.004493,0.003001,-0.665239,0.453958,0.001512,0.246821,0.219358,0.004138,-0.360155,0.249822,1.000000,0.000000,0.000000,0.000000,-0.435835,-0.023681,0.000000,0.000000,0.000000,0.000000,0.283640,-0.162529,0.031906,0.042750,0.004493,0.003001,-0.229404,0.477639,0.001512,0.328459,0.529875
15.090000,8.139000,-0.083167,0.091833,1.031921,0.045219,0.006683,0.003136,-0.664786,0.449766,0.001427,0.189788,0.328684,0.001061,-0.360155,0.249822,1.000000,0.000000,0.000000,0.000000,-0.435835,-0.023681,0.000000,0.000000,0.000000,0.000000,0.276988,-0.157990,0.031921,0.045219,0.006683,0.003136,-0.228950,0.473448,0.001427,0.320471,0.525902
15.100000,8.149000,-0.090065,0.094265,1.031881,0.048049,0.006559,0.003288,-0.665150,0.438838,0.001170,0.193296,0.221495,0.003154,-0.368757,0.249033,1.000000,0.000000,0.000000,0.000000,-0.424324,-0.055199,0.000000,0.000000,0.000000,0.000000,0.278692,-0.154769,0.031881,0.048049,0.006559,0.003288,-0.240826,0.494037,0.001170,0.320373,0.549610
15.114000,8.163000,-0.098283,0.098545,1.031855,0.049894,0.007277,0.003410,-0.670174,0.434191,0.000969,0.191259,0.200546,0.003191,-0.377126,0.247615,1.000000,0.000000,0.000000,0.000000,-0.412545,-0.086576,0.000000,0.000000,0.000000,0.000000,0.278843,-0.149071,0.031855,0.049894,0.007277,0.003410,-0.257629,0.520768,0.000969,0.317789,0.581010
15.120000,8.169000,-0.104985,0.102887,1.031864,0.051807,0.009279,0.003541,-0.669443,0.429300,0.000869,0.175440,0.278835,0.000908,-0.377126,0.247615,1.000000,0.000000,0.000000,0.000000,-0.412545,-0.086576,0.000000,0.000000,0.000000,0.000000,0.272141,-0.144729,0.031864,0.051807,0.009279,0.003541,-0.256898,0.515876,0.000869,0.309875,0.576304
15.130000,8.179000,-0.108267,0.103515,1.031809,0.054589,0.010382,0.003681,-0.656334,0.411546,0.000627,0.177391,0.240126,0.002397,-0.377126,0.247615,1.000000,0.000000,0.000000,0.000000,-0.412545,-0.086576,0.000000,0.000000,0.000000,0.000000,0.268859,-0.144100,0.031809,0.054589,0.010382,0.003681,-0.243789,0.498122,0.000627,0.306695,0.554580
15.140000,8.189000,-0.113631,0.105795,1.031767,0.056722,0.011555,0.003792,-0.651034,0.400129,0.000417,0.174372,0.233819,0.001907,-0.385257,0.245572,1.000000,0.000000,0.000000,0.000000,-0.400505,-0.117735,0.000000,0.000000,0.000000,0.000000,0.271625,-0.139777,0.031767,0.056722,0.011555,0.003792,-0.250528,0.517864,0.000417,0.307127,0.575281
15.150000,8.199000,-0.119569,0.108400,1.031726,0.058750,0.012637,0.003899,-0.647867,0.390076,0.000247,0.174835,0.214101,0.001326,-0.385257,0.245572,1.000000,0.000000,0.000000,0.000000,-0.400505,-0.117735,0.000000,0.000000,0.000000,0.000000,0.265688,-0.137172,0.031726,0.058750,0.012637,0.003899,-0.247362,0.507811,0.000247,0.300687,0.564854
15.160000,8.209000,-0.125743,0.111067,1.031687,0.060777,0.013731,0.004005,-0.645562,0.380406,0.000074,0.179072,0.220256,0.000696,-0.393144,0.242908,1.000000,0.000000,0.000000,0.000000,-0.388213,-0.148597,0.000000,0.000000,0.000000,0.000000,0.267401,-0.131841,0.031687,0.060777,0.013731,0.004005,-0.257349,0.529003,0.000074,0.299816,0.588280
15.170000,8.219000,-0.132022,0.113709,1.031648,0.062833,0.014853,0.004109,-0.643610,0.370791,-0.000056,0.179844,0.231446,0.000122,-0.393144,0.242908,1.000000,0.000000,0.000000,0.000000,-0.388213,-0.148597,0.000000,0.000000,0.000000,0.000000,0.261122,-0.129199,0.031648,0.062833,0.014853,0.004109,-0.255397,0.519387,-0.000056,0.293051,0.578784
15.180000,8.229000,-0.140566,0.116859,1.031574,0.064520,0.015368,0.004209,-0.649830,0.363640,-0.000295,0.187245,0.235652,-0.000889,-0.400783,0.239630,1.000000,0.000000,0.000000,0.000000,-0.375675,-0.179083,0.000000,0.000000,0.000000,0.000000,0.260217,-0.122771,0.031574,0.064520,0.015368,0.004209,-0.274155,0.542723,-0.000295,0.289452,0.608038
15.190000,8.239000,-0.149003,0.120437,1.031513,0.066415,0.016156,0.004307,-0.655353,0.357559,-0.000463,0.185226,0.243186,-0.001883,-0.400783,0.239630,1.000000,0.000000,0.000000,0.000000,-0.375675,-0.179083,0.000000,0.000000,0.000000,0.000000,0.251780,-0.119193,0.031513,0.066415,0.016156,0.004307,-0.279678,0.536642,-0.000463,0.280345,0.605149
15.200000,8.249000,-0.155557,0.124013,1.031508,0.068269,0.018584,0.004449,-0.653737,0.351042,-0.000474,0.156933,0.348341,-0.004534,-0.408170,0.235748,1.000000,0.000000,0.000000,0.000000,-0.362900,-0.209117,0.000000,0.000000,0.000000,0.000000,0.252613,-0.111735,0.031508,0.068269,0.018584,0.004449,-0.290837,0.560158,-0.000474,0.278012,0.631161
15.210000,8.259000,-0.159092,0.124407,1.031420,0.071285,0.019685,0.004570,-0.641188,0.333614,-0.000688,0.186931,0.256485,-0.002294,-0.408170,0.235748,1.000000,0.000000,0.000000,0.000000,-0.362900,-0.209117,0.000000,0.000000,0.000000,0.000000,0.249078,-0.111340,0.031420,0.071285,0.019685,0.004570,-0.278289,0.542731,-0.000688,0.274633,0.609919
15.221000,8.270000,-0.166417,0.126421,1.031280,0.073209,0.020748,0.004666,-0.642551,0.322884,-0.001061,0.185773,0.261483,-0.002794,-0.415298,0.231269,1.000000,0.000000,0.000000,0.000000,-0.349895,-0.238622,0.000000,0.000000,0.000000,0.000000,0.248881,-0.104848,0.031280,0.073209,0.020748,0.004666,-0.292655,0.561507,-0.001061,0.271870,0.633197
15.230000,8.279000,-0.174483,0.129354,1.031167,0.075129,0.021738,0.004767,-0.646428,0.315090,-0.001331,0.149718,0.249660,-0.003345,-0.415298,0.231269,1.000000,0.000000,0.000000,0.000000,-0.349895,-0.238622,0.000000,0.000000,0.000000,0.000000,0.240815,-0.101915,0.031167,0.075129,0.021738,0.004767,-0.296532,0.553713,-0.001331,0.263344,0.628117
15.240000,8.289000,-0.180947,0.132505,1.031153,0.076629,0.024230,0.004921,-0.644253,0.307716,-0.001319,0.090621,0.345102,-0.005629,-0.422164,0.226207,1.000000,0.000000,0.000000,0.000000,-0.336670,-0.267525,0.000000,0.000000,0.000000,0.000000,0.241217,-0.093702,0.031153,0.076629,0.024230,0.004921,-0.307583,0.575241,-0.001319,0.260646,0.652312
15.250000,8.299000,-0.184216,0.132580,1.031006,0.079543,0.025778,0.005039,-0.630505,0.289869,-0.001606,0.165427,0.272691,-0.004261,-0.422164,0.226207,1.000000,0.000000,0.000000,0.000000,-0.336670,-0.267525,0.000000,0.000000,0.000000,0.000000,0.237948,-0.093627,0.031006,0.079543,0.025778,0.005039,-0.293835,0.557394,-0.001606,0.257579,0.630103
15.260000,8.309000,-0.191326,0.134065,1.030794,0.081008,0.027014,0.005126,-0.630864,0.278029,-0.002093,0.146951,0.270927,-0.005137,-0.428763,0.220573,1.000000,0.000000,0.000000,0.000000,-0.323232,-0.295752,0.000000,0.000000,0.000000,0.000000,0.237438,-0.086508,0.030794,0.081008,0.027014,0.005126,-0.307633,0.573781,-0.002093,0.254575,0.651050
15.270000,8.319000,-0.197634,0.136845,1.030773,0.082482,0.029719,0.005294,-0.628161,0.270068,-0.001976,0.109064,0.361033,-0.007211,-0.428763,0.220573,1.000000,0.000000,0.000000,0.000000,-0.323232,-0.295752,0.000000,0.000000,0.000000,0.000000,0.231129,-0.083728,0.030773,0.082482,0.029719,0.005294,-0.304929,0.565820,-0.001976,0.247746,0.642758
15.280000,8.329000,-0.202019,0.137301,1.030590,0.084565,0.030904,0.005403,-0.618482,0.254405,-0.002356,0.115795,0.260182,-0.005985,-0.435092,0.214382,1.000000,0.000000,0.000000,0.000000,-0.309590,-0.323232,0.000000,0.000000,0.000000,0.000000,0.233073,-0.077081,0.030590,0.084565,0.030904,0.005403,-0.308892,0.577637,-0.002356,0.247387,0.655046
15.293000,8.342000,-0.209460,0.138567,1.030328,0.085727,0.031946,0.005472,-0.619982,0.242571,-0.002896,0.126653,0.215098,-0.005896,-0.441146,0.207649,1.000000,0.000000,0.000000,0.000000,-0.295752,-0.349895,0.000000,0.000000,0.000000,0.000000,0.231685,-0.069082,0.030328,0.085727,0.031946,0.005472,-0.324230,0.592466,-0.002896,0.243660,0.675388
15.300000,8.349000,-0.217326,0.140525,1.030142,0.086931,0.032719,0.005525,-0.622844,0.232958,-0.003219,0.122514,0.187547,-0.006116,-0.441146,0.207649,1.000000,0.000000,0.000000,0.000000,-0.295752,-0.349895,0.000000,0.000000,0.000000,0.000000,0.223819,-0.067124,0.030142,0.086931,0.032719,0.005525,-0.327092,0.582853,-0.003219,0.235604,0.668369
15.310000,8.359000,-0.223555,0.142855,1.030110,0.088160,0.034593,0.005627,-0.619564,0.224400,-0.002915,0.113238,0.298686,-0.007973,-0.441146,0.207649,1.000000,0.000000,0.000000,0.000000,-0.295752,-0.349895,0.000000,0.000000,0.000000,0.000000,0.217591,-0.064794,0.030110,0.088160,0.034593,0.005627,-0.323812,0.574295,-0.002915,0.229021,0.659301
15.323000,8.372000,-0.228421,0.142363,1.029801,0.089922,0.034614,0.005645,-0.611435,0.206934,-0.003441,0.135401,0.196762,-0.006774,-0.446921,0.200392,1.000000,0.000000,0.000000,0.000000,-0.281727,-0.375675,0.000000,0.000000,0.000000,0.000000,0.218500,-0.058029,0.029801,0.089922,0.034614,0.005645,-0.329708,0.582608,-0.003441,0.228030,0.669441
15.332000,8.381000,-0.235737,0.143727,1.029626,0.091406,0.034957,0.005649,-0.612329,0.196029,-0.003557,0.133042,0.157221,-0.006630,-0.452414,0.192628,1.000000,0.000000,0.000000,0.000000,-0.267525,-0.400505,0.000000,0.000000,0.000000,0.000000,0.216677,-0.048901,0.029626,0.091406,0.034957,0.005649,-0.344804,0.596535,-0.003557,0.224093,0.689025
15.340000,8.389000,-0.241860,0.145688,1.029591,0.092739,0.036529,0.005727,-0.608823,0.187031,-0.003277,0.109465,0.238183,-0.008045,-0.452414,0.192628,1.000000,0.000000,0.000000,0.000000,-0.267525,-0.400505,0.000000,0.000000,0.000000,0.000000,0.210553,-0.046941,0.029591,0.092739,0.036529,0.005727,-0.341298,0.587537,-0.003277,0.217742,0.679481
15.350000,8.399000,-0.246210,0.144793,1.029324,0.094829,0.036481,0.005708,-0.599026,0.168997,-0.003584,0.141827,0.158737,-0.006733,-0.452414,0.192628,1.000000,0.000000,0.000000,0.000000,-0.267525,-0.400505,0.000000,0.000000,0.000000,0.000000,0.206204,-0.047835,0.029324,0.094829,0.036481,0.005708,-0.331501,0.569503,-0.003584,0.213701,0.658968
15.360000,8.409000,-0.252200,0.146483,1.029288,0.096251,0.038068,0.005791,-0.595363,0.159653,-0.003226,0.119792,0.264891,-0.008195,-0.457873,0.183953,1.000000,0.000000,0.000000,0.000000,-0.252431,-0.425487,0.000000,0.000000,0.000000,0.000000,0.205673,-0.037470,0.029288,0.096251,0.038068,0.005791,-0.342932,0.585141,-0.003226,0.211100,0.678235
15.373000,8.422000,-0.257482,0.145724,1.029029,0.098176,0.037422,0.005762,-0.589293,0.142749,-0.003520,0.106601,0.129651,-0.006547,-0.457873,0.183953,1.000000,0.000000,0.000000,0.000000,-0.252431,-0.425487,0.000000,0.000000,0.000000,0.000000,0.200391,-0.038229,0.029029,0.098176,0.037422,0.005762,-0.336862,0.568236,-0.003520,0.206060,0.660591
15.380000,8.429000,-0.264626,0.146340,1.028865,0.099175,0.038356,0.005806,-0.590091,0.130635,-0.003548,0.048084,0.217990,-0.007977,-0.462539,0.175662,1.000000,0.000000,0.000000,0.000000,-0.238622,-0.447071,0.000000,0.000000,0.000000,0.000000,0.197913,-0.029323,0.028865,0.099175,0.038356,0.005806,-0.351468,0.577706,-0.003548,0.202145,0.676230
15.390000,8.439000,-0.270527,0.147646,1.028829,0.101185,0.037791,0.005809,-0.586336,0.120799,-0.003147,0.095639,0.177818,-0.007099,-0.462539,0.175662,1.000000,0.000000,0.000000,0.000000,-0.238622,-0.447071,0.000000,0.000000,0.000000,0.000000,0.192012,-0.028017,0.028829,0.101185,0.037791,0.005809,-0.347714,0.567870,-0.003147,0.196175,0.665876
15.400000,8.449000,-0.273288,0.146731,1.028661,0.102750,0.038920,0.005783,-0.571406,0.103753,-0.003167,0.075184,0.181861,-0.007220,-0.467164,0.166503,1.000000,0.000000,0.000000,0.000000,-0.223940,-0.468689,0.000000,0.000000,0.000000,0.000000,0.193877,-0.019772,0.028661,0.102750,0.038920,0.005783,-0.347466,0.572442,-0.003167,0.196979,0.669651
15.410000,8.459000,-0.279666,0.146121,1.028435,0.103444,0.039265,0.005767,-0.569956,0.088828,-0.003396,0.035120,0.194315,-0.006649,-0.467164,0.166503,1.000000,0.000000,0.000000,0.000000,-0.223940,-0.468689,0.000000,0.000000,0.000000,0.000000,0.187499,-0.020382,0.028435,0.103444,0.039265,0.005767,-0.346016,0.557517,-0.003396,0.190735,0.656173
15.422000,8.471000,-0.286808,0.146130,1.028277,0.103814,0.039912,0.005820,-0.571262,0.075990,-0.003437,-0.009331,0.237075,-0.006114,-0.471495,0.156923,1.000000,0.000000,0.000000,0.000000,-0.209117,-0.489122,0.000000,0.000000,0.000000,0.000000,0.184687,-0.010793,0.028277,0.103814,0.039912,0.005820,-0.362145,0.565112,-0.003437,0.187151,0.671203
15.430000,8.479000,-0.292521,0.146890,1.028243,0.103728,0.042276,0.006005,-0.567248,0.065751,-0.003039,-0.050140,0.354019,-0.007865,-0.471495,0.156923,1.000000,0.000000,0.000000,0.000000,-0.209117,-0.489122,0.000000,0.000000,0.000000,0.000000,0.178975,-0.010033,0.028243,0.103728,0.042276,0.006005,-0.358131,0.554873,-0.003039,0.181467,0.660418
15.440000,8.489000,-0.295390,0.145731,1.028079,0.104190,0.043349,0.006127,-0.553051,0.049526,-0.003041,-0.041023,0.264631,-0.005258,-0.475528,0.146946,1.000000,0.000000,0.000000,0.000000,-0.194161,-0.508320,0.000000,0.000000,0.000000,0.000000,0.180139,-0.001215,0.028079,0.104190,0.043349,0.006127,-0.358890,0.557846,-0.003041,0.182318,0.663328
15.450000,8.499000,-0.301654,0.144534,1.027848,0.103694,0.044856,0.006249,-0.551389,0.034315,-0.003275,-0.035588,0.245885,-0.004132,-0.475528,0.146946,1.000000,0.000000,0.000000,0.000000,-0.194161,-0.508320,0.000000,0.000000,0.000000,0.000000,0.173875,-0.002413,0.027848,0.103694,0.044856,0.006249,-0.357228,0.542636,-0.003275,0.176107,0.649674
15.461000,8.510000,-0.308585,0.143873,1.027680,0.103297,0.046912,0.006444,-0.552028,0.021022,-0.003324,-0.040145,0.311225,-0.005693,-0.479618,0.135544,1.000000,0.000000,0.000000,0.000000,-0.177569,-0.527953,0.000000,0.000000,0.000000,0.000000,0.171032,0.008329,0.027680,0.103297,0.046912,0.006444,-0.374459,0.548975,-0.003324,0.173458,0.664534
15.470000,8.519000,-0.314106,0.144083,1.027647,0.102994,0.047886,0.006626,-0.547393,0.010835,-0.002900,-0.054549,0.270451,-0.004670,-0.479618,0.135544,1.000000,0.000000,0.000000,0.000000,-0.177569,-0.527953,0.000000,0.000000,0.000000,0.000000,0.165512,0.008539,0.027647,0.102994,0.047886,0.006626,-0.369824,0.538788,-0.002900,0.168022,0.653507
15.480000,8.529000,-0.318363,0.141941,1.027391,0.102657,0.049705,0.006731,-0.538243,-0.006271,-0.003142,-0.053549,0.259715,-0.004706,-0.482691,0.125906,1.000000,0.000000,0.000000,0.000000,-0.163892,-0.542819,0.000000,0.000000,0.000000,0.000000,0.164328,0.016036,0.027391,0.102657,0.049705,0.006731,-0.374351,0.536548,-0.003142,0.167365,0.654242
15.490000,8.539000,-0.323745,0.141879,1.027360,0.102374,0.051144,0.006867,-0.533260,-0.016386,-0.002761,-0.041918,0.243185,-0.005243,-0.482691,0.125906,1.000000,0.000000,0.000000,0.000000,-0.163892,-0.542819,0.000000,0.000000,0.000000,0.000000,0.158946,0.015973,0.027360,0.102374,0.051144,0.006867,-0.369369,0.526433,-0.002761,0.162072,0.643097
15.500000,8.549000,-0.328581,0.139590,1.027121,0.102049,0.052561,0.006928,-0.526396,-0.032977,-0.002999,-0.038130,0.229331,-0.006278,-0.485816,0.114895,1.000000,0.000000,0.000000,0.000000,-0.148597,-0.558033,0.000000,0.000000,0.000000,0.000000,0.157235,0.024695,0.027121,0.102049,0.052561,0.006928,-0.377799,0.525056,-0.002999,0.161457,0.646858
15.510000,8.559000,-0.333845,0.139260,1.027091,0.101677,0.054849,0.007100,-0.521118,-0.043026,-0.002613,-0.046203,0.327288,-0.009020,-0.485816,0.114895,1.000000,0.000000,0.000000,0.000000,-0.148597,-0.558033,0.000000,0.000000,0.000000,0.000000,0.151971,0.024365,0.027091,0.101677,0.054849,0.007100,-0.372521,0.515007,-0.002613,0.156278,0.635619
15.520000,8.569000,-0.337205,0.137582,1.026931,0.101597,0.055698,0.007181,-0.509094,-0.056975,-0.002624,-0.030982,0.235751,-0.007878,-0.488634,0.103594,1.000000,0.000000,0.000000,0.000000,-0.133208,-0.571836,0.000000,0.000000,0.000000,0.000000,0.151429,0.033988,0.026931,0.101597,0.055698,0.007181,-0.375886,0.514862,-0.002624,0.157516,0.637479
15.530000,8.579000,-0.341618,0.136037,1.026791,0.101390,0.057082,0.007231,-0.501139,-0.069928,-0.002575,-0.044647,0.194286,-0.008169,-0.488634,0.103594,1.000000,0.000000,0.000000,0.000000,-0.133208,-0.571836,0.000000,0.000000,0.000000,0.000000,0.147016,0.032443,0.026791,0.101390,0.057082,0.007231,-0.367931,0.501908,-0.002575,0.152919,0.622328
15.542000,8.591000,-0.348003,0.133492,1.026552,0.101153,0.057757,0.007218,-0.500481,-0.085459,-0.002817,-0.040601,0.176714,-0.009809,-0.491144,0.092031,1.000000,0.000000,0.000000,0.000000,-0.117735,-0.584196,0.000000,0.000000,0.000000,0.000000,0.143141,0.041460,0.026552,0.101153,0.057757,0.007218,-0.382746,0.498737,-0.002817,0.151372,0.628682
15.553000,8.602000,-0.354462,0.131320,1.026382,0.100999,0.058243,0.007191,-0.500010,-0.099655,-0.002830,-0.057183,0.189265,-0.011808,-0.493343,0.080236,1.000000,0.000000,0.000000,0.000000,-0.102188,-0.595079,0.000000,0.000000,0.000000,0.000000,0.138881,0.051084,0.026382,0.100999,0.058243,0.007191,-0.397822,0.495424,-0.002830,0.150311,0.635386
15.560000,8.609000,-0.359462,0.130323,1.026354,0.100432,0.060138,0.007264,-0.494165,-0.109596,-0.002429,-0.093290,0.283895,-0.014017,-0.493343,0.080236,1.000000,0.000000,0.000000,0.000000,-0.102188,-0.595079,0.000000,0.000000,0.000000,0.000000,0.133881,0.050087,0.026354,0.100432,0.060138,0.007264,-0.391977,0.485483,-0.002429,0.145352,0.623976
15.571000,8.620000,-0.363460,0.127251,1.026081,0.100194,0.059985,0.007195,-0.484915,-0.125507,-0.002667,-0.084337,0.181648,-0.011946,-0.493343,0.080236,1.000000,0.000000,0.000000,0.000000,-0.102188,-0.595079,0.000000,0.000000,0.000000,0.000000,0.129883,0.047015,0.026081,0.100194,0.059985,0.007195,-0.382727,0.469573,-0.002667,0.140571,0.605793
15.580000,8.629000,-0.368309,0.125996,1.026055,0.099355,0.061805,0.007258,-0.478893,-0.135374,-0.002183,-0.126545,0.285228,-0.013190,-0.495402,0.067028,1.000000,0.000000,0.000000,0.000000,-0.085012,-0.605314,0.000000,0.000000,0.000000,0.000000,0.127093,0.058967,0.026055,0.099355,0.061805,0.007258,-0.393882,0.469940,-0.002183,0.142508,0.613181
15.590000,8.639000,-0.371304,0.123773,1.025889,0.098809,0.062004,0.007212,-0.466398,-0.147752,-0.002169,-0.088036,0.153765,-0.011853,-0.495402,0.067028,1.000000,0.000000,0.000000,0.000000,-0.085012,-0.605314,0.000000,0.000000,0.000000,0.000000,0.124098,0.056745,0.025889,0.098809,0.062004,0.007212,-0.381387,0.457562,-0.002169,0.138890,0.595670
15.600000,8.649000,-0.376810,0.120344,1.025665,0.097615,0.062435,0.007129,-0.463324,-0.163365,-0.002321,-0.118228,0.152425,-0.011206,-0.496806,0.056068,1.000000,0.000000,0.000000,0.000000,-0.070910,-0.612313,0.000000,0.000000,0.000000,0.000000,0.119996,0.064276,0.025665,0.097615,0.062435,0.007129,-0.392414,0.448948,-0.002321,0.138525,0.596279
15.610000,8.659000,-0.382692,0.117221,1.025511,0.096420,0.062832,0.007082,-0.461641,-0.177797,-0.002247,-0.166249,0.187078,-0.010786,-0.496806,0.056068,1.000000,0.000000,0.000000,0.000000,-0.070910,-0.612313,0.000000,0.000000,0.000000,0.000000,0.114114,0.061153,0.025511,0.096420,0.062832,0.007082,-0.390731,0.434517,-0.002247,0.131956,0.584363
15.620000,8.669000,-0.387928,0.114079,1.025359,0.094998,0.063424,0.007046,-0.457620,-0.191650,-0.002162,-0.187021,0.193259,-0.010239,-0.498067,0.043756,1.000000,0.000000,0.000000,0.000000,-0.055199,-0.618620,0.000000,0.000000,0.000000,0.000000,0.110139,0.070323,0.025359,0.094998,0.063424,0.007046,-0.402422,0.426970,-0.002162,0.133113,0.586730
15.630000,8.679000,-0.392504,0.112162,1.025337,0.093133,0.065358,0.007127,-0.451262,-0.201003,-0.001631,-0.203586,0.294523,-0.011602,-0.498067,0.043756,1.000000,0.000000,0.000000,0.000000,-0.055199,-0.618620,0.000000,0.000000,0.000000,0.000000,0.105563,0.068406,0.025337,0.093133,0.065358,0.007127,-0.396064,0.417617,-0.001631,0.128316,0.575563
15.640000,8.689000,-0.394305,0.109933,1.025188,0.091418,0.065909,0.007115,-0.435118,-0.210429,-0.001479,-0.183141,0.196007,-0.009921,-0.499013,0.031333,1.000000,0.000000,0.000000,0.000000,-0.039452,-0.623364,0.000000,0.000000,0.000000,0.000000,0.104708,0.078600,0.025188,0.091418,0.065909,0.007115,-0.395666,0.412935,-0.001479,0.133327,0.571900
15.651000,8.700000,-0.399067,0.105978,1.024987,0.089438,0.066638,0.007067,-0.430102,-0.224938,-0.001540,-0.185801,0.166334,-0.009142,-0.499013,0.031333,1.000000,0.000000,0.000000,0.000000,-0.039452,-0.623364,0.000000,0.000000,0.000000,0.000000,0.099947,0.074644,0.024987,0.089438,0.066638,0.007067,-0.390650,0.398426,-0.001540,0.127222,0.557990
15.660000,8.709000,-0.403368,0.103728,1.024971,0.087583,0.068302,0.007125,-0.423434,-0.233733,-0.001047,-0.188533,0.230746,-0.010344,-0.499645,0.018832,1.000000,0.000000,0.000000,0.000000,-0.023681,-0.626533,0.000000,0.000000,0.000000,0.000000,0.096277,0.084896,0.024971,0.087583,0.068302,0.007125,-0.399752,0.392801,-0.001047,0.130768,0.560442
15.670000,8.719000,-0.406309,0.100771,1.024814,0.085556,0.068911,0.007119,-0.412066,-0.244038,-0.000943,-0.195125,0.207624,-0.009302,-0.499645,0.018832,1.000000,0.000000,0.000000,0.000000,-0.023681,-0.626533,0.000000,0.000000,0.000000,0.000000,0.093336,0.081940,0.024814,0.085556,0.068911,0.007119,-0.388384,0.382496,-0.000943,0.126655,0.545111
15.681000,8.730000,-0.411316,0.096170,1.024615,0.083645,0.069372,0.007059,-0.408494,-0.259115,-0.000953,-0.193335,0.201006,-0.009331,-0.499968,0.005654,1.000000,0.000000,0.000000,0.000000,-0.007106,-0.628158,0.000000,0.000000,0.000000,0.000000,0.088652,0.090516,0.024615,0.083645,0.069372,0.007059,-0.401388,0.369043,-0.000953,0.129066,0.545257
15.690000,8.739000,-0.415401,0.093579,1.024606,0.081823,0.070199,0.007062,-0.401572,-0.267333,-0.000466,-0.192851,0.174573,-0.009453,-0.499968,0.005654,1.000000,0.000000,0.000000,0.000000,-0.007106,-0.628158,0.000000,0.000000,0.000000,0.000000,0.084567,0.087924,0.024606,0.081823,0.070199,0.007062,-0.394466,0.360825,-0.000466,0.124450,0.534601
15.701000,8.750000,-0.419597,0.088776,1.024394,0.079979,0.071000,0.006999,-0.395303,-0.281926,-0.000573,-0.189477,0.178845,-0.009654,-0.499961,-0.006283,1.000000,0.000000,0.000000,0.000000,0.007895,-0.628120,0.000000,0.000000,0.000000,0.000000,0.080363,0.095059,0.024394,0.079979,0.071000,0.006999,-0.403198,0.346194,-0.000573,0.126844,0.531431
15.710000,8.759000,-0.423550,0.085957,1.024388,0.078210,0.071925,0.006998,-0.388223,-0.289778,-0.000112,-0.193695,0.194324,-0.009939,-0.499961,-0.006283,1.000000,0.000000,0.000000,0.000000,0.007895,-0.628120,0.000000,0.000000,0.000000,0.000000,0.076410,0.092240,0.024388,0.078210,0.071925,0.006998,-0.396119,0.338342,-0.000112,0.122235,0.520947
15.720000,8.769000,-0.426176,0.082678,1.024264,0.076236,0.073175,0.006960,-0.376579,-0.298298,-0.000003,-0.194237,0.195886,-0.010329,-0.499645,-0.018832,1.000000,0.000000,0.000000,0.000000,0.023681,-0.626533,0.000000,0.000000,0.000000,0.000000,0.073469,0.101509,0.024264,0.076236,0.073175,0.006960,-0.400260,0.328235,-0.000003,0.127634,0.517636
15.730000,8.779000,-0.430733,0.077471,1.024102,0.074383,0.073826,0.006884,-0.372239,-0.312688,-0.000022,-0.210968,0.180095,-0.010598,-0.499645,-0.018832,1.000000,0.000000,0.000000,0.000000,0.023681,-0.626533,0.000000,0.000000,0.000000,0.000000,0.068911,0.096302,0.024102,0.074383,0.073826,0.006884,-0.395920,0.313846,-0.000022,0.120846,0.505225
15.740000,8.789000,-0.435494,0.072483,1.023997,0.072582,0.074523,0.006833,-0.368681,-0.326166,0.000126,-0.226187,0.182818,-0.011288,-0.499013,-0.031333,1.000000,0.000000,0.000000,0.000000,0.039452,-0.623364,0.000000,0.000000,0.000000,0.000000,0.063519,0.103816,0.023997,0.072582,0.074523,0.006833,-0.408134,0.297198,0.000126,0.124050,0.504876
15.750000,8.799000,-0.439181,0.069221,1.023998,0.070322,0.076354,0.006853,-0.361253,-0.333283,0.000611,-0.245039,0.279211,-0.012562,-0.499013,-0.031333,1.000000,0.000000,0.000000,0.000000,0.039452,-0.623364,0.000000,0.000000,0.000000,0.000000,0.059833,0.100554,0.023998,0.070322,0.076354,0.006853,-0.400705,0.290081,0.000611,0.119445,0.494684
15.760000,8.809000,-0.441058,0.066121,1.023864,0.067987,0.076825,0.006803,-0.347546,-0.338828,0.000698,-0.232530,0.197821,-0.011528,-0.498067,-0.043756,1.000000,0.000000,0.000000,0.000000,0.055199,-0.618620,0.000000,0.000000,0.000000,0.000000,0.057009,0.109877,0.023864,0.067987,0.076825,0.006803,-0.402744,0.279792,0.000698,0.126065,0.490395
15.770000,8.819000,-0.445054,0.060656,1.023689,0.065595,0.077486,0.006703,-0.341876,-0.351858,0.000587,-0.245345,0.152788,-0.011195,-0.498067,-0.043756,1.000000,0.000000,0.000000,0.000000,0.055199,-0.618620,0.000000,0.000000,0.000000,0.000000,0.053013,0.104412,0.023689,0.065595,0.077486,0.006703,-0.397075,0.266762,0.000587,0.119471,0.478363
15.780000,8.829000,-0.448473,0.057137,1.023694,0.063109,0.078322,0.006657,-0.334170,-0.358278,0.001018,-0.261122,0.140881,-0.011152,-0.496806,-0.056068,1.000000,0.000000,0.000000,0.000000,0.070910,-0.612313,0.000000,0.000000,0.000000,0.000000,0.048333,0.113205,0.023694,0.063109,0.078322,0.006657,-0.405080,0.254035,0.001018,0.125351,0.478147
15.790000,8.839000,-0.450849,0.053325,1.023554,0.060260,0.079976,0.006602,-0.322946,-0.364769,0.001056,-0.277907,0.233456,-0.012182,-0.496806,-0.056068,1.000000,0.000000,0.000000,0.000000,0.070910,-0.612313,0.000000,0.000000,0.000000,0.000000,0.045957,0.109393,0.023554,0.060260,0.079976,0.006602,-0.393856,0.247544,0.001056,0.120969,0.465190
15.800000,8.849000,-0.453740,0.049115,1.023450,0.057646,0.079823,0.006519,-0.313922,-0.372198,0.001213,-0.275042,0.162913,-0.011393,-0.495056,-0.069446,1.000000,0.000000,0.000000,0.000000,0.088140,-0.603590,0.000000,0.000000,0.000000,0.000000,0.041316,0.118561,0.023450,0.057646,0.079823,0.006519,-0.402062,0.231392,0.001213,0.127725,0.463894
15.810000,8.859000,-0.457833,0.042802,1.023294,0.055019,0.079915,0.006388,-0.309547,-0.386106,0.001169,-0.272271,0.114993,-0.010787,-0.495056,-0.069446,1.000000,0.000000,0.000000,0.000000,0.088140,-0.603590,0.000000,0.000000,0.000000,0.000000,0.037223,0.112248,0.023294,0.055019,0.079915,0.006388,-0.397687,0.217484,0.001169,0.120531,0.453272
15.820000,8.869000,-0.461868,0.036825,1.023207,0.052481,0.079989,0.006283,-0.305067,-0.398592,0.001340,-0.278749,0.098933,-0.010350,-0.493343,-0.080236,1.000000,0.000000,0.000000,0.000000,0.102188,-0.595079,0.000000,0.000000,0.000000,0.000000,0.031475,0.117061,0.023207,0.052481,0.079989,0.006283,-0.407255,0.196488,0.001340,0.123420,0.452179
15.830000,8.879000,-0.465394,0.031194,1.023121,0.049789,0.080017,0.006172,-0.298885,-0.409101,0.001536,-0.290997,0.126274,-0.010302,-0.493343,-0.080236,1.000000,0.000000,0.000000,0.000000,0.102188,-0.595079,0.000000,0.000000,0.000000,0.000000,0.027949,0.111430,0.023121,0.049789,0.080017,0.006172,-0.401073,0.185978,0.001536,0.117186,0.442097
15.840000,8.889000,-0.468383,0.027103,1.023137,0.046876,0.081283,0.006132,-0.290939,-0.413965,0.002036,-0.302202,0.228640,-0.011248,-0.491144,-0.092031,1.000000,0.000000,0.000000,0.000000,0.117735,-0.584196,0.000000,0.000000,0.000000,0.000000,0.022761,0.119135,0.023137,0.046876,0.081283,0.006132,-0.408674,0.170230,0.002036,0.123476,0.442715
15.851000,8.900000,-0.470301,0.022393,1.022989,0.043602,0.080571,0.006007,-0.279495,-0.419483,0.002027,-0.300269,0.123870,-0.009695,-0.491144,-0.092031,1.000000,0.000000,0.000000,0.000000,0.117735,-0.584196,0.000000,0.000000,0.000000,0.000000,0.020843,0.114424,0.022989,0.043602,0.080571,0.006007,-0.397230,0.164713,0.002027,0.118557,0.430030
15.861000,8.910000,-0.473620,0.016469,1.022939,0.040766,0.080725,0.005913,-0.273440,-0.429414,0.002311,-0.311015,0.139645,-0.009092,-0.488634,-0.103594,1.000000,0.000000,0.000000,0.000000,0.133208,-0.571836,0.000000,0.000000,0.000000,0.000000,0.015014,0.120063,0.022939,0.040766,0.080725,0.005913,-0.406648,0.142423,0.002311,0.123153,0.430874
15.870000,8.919000,-0.476355,0.012175,1.022962,0.037653,0.082124,0.005879,-0.265438,-0.433386,0.002754,-0.318721,0.239594,-0.010064,-0.488634,-0.103594,1.000000,0.000000,0.000000,0.000000,0.133208,-0.571836,0.000000,0.000000,0.000000,0.000000,0.012279,0.115769,0.022962,0.037653,0.082124,0.005879,-0.398646,0.138451,0.002754,0.118661,0.422013
15.881000,8.930000,-0.477525,0.008940,1.022886,0.034052,0.081959,0.005806,-0.252116,-0.432599,0.002904,-0.314079,0.150992,-0.008628,-0.485816,-0.114895,1.000000,0.000000,0.000000,0.000000,0.148597,-0.558033,0.000000,0.000000,0.000000,0.000000,0.008290,0.123835,0.022886,0.034052,0.081959,0.005806,-0.400712,0.125433,0.002904,0.126205,0.419896
15.890000,8.939000,-0.479568,0.004518,1.022838,0.030614,0.082588,0.005731,-0.242342,-0.435767,0.003035,-0.320137,0.124296,-0.007730,-0.485816,-0.114895,1.000000,0.000000,0.000000,0.000000,0.148597,-0.558033,0.000000,0.000000,0.000000,0.000000,0.006248,0.119413,0.022838,0.030614,0.082588,0.005731,-0.390939,0.122266,0.003035,0.121738,0.409624
15.900000,8.949000,-0.481802,-0.000341,1.022792,0.027273,0.083855,0.005662,-0.233542,-0.440068,0.003169,-0.322910,0.184711,-0.008544,-0.482691,-0.125906,1.000000,0.000000,0.000000,0.000000,0.163892,-0.542819,0.000000,0.000000,0.000000,0.000000,0.000889,0.125565,0.022792,0.027273,0.083855,0.005662,-0.397433,0.102751,0.003169,0.127620,0.410513
15.910000,8.959000,-0.484075,-0.005437,1.022745,0.023917,0.083839,0.005598,-0.225144,-0.444752,0.003276,-0.318803,0.158180,-0.007721,-0.482691,-0.125906,1.000000,0.000000,0.000000,0.000000,0.163892,-0.542819,0.000000,0.000000,0.000000,0.000000,-0.001384,0.120469,0.022745,0.023917,0.083839,0.005598,-0.389036,0.098068,0.003276,0.122605,0.401219
15.920000,8.969000,-0.486325,-0.010677,1.022702,0.020579,0.084262,0.005522,-0.216920,-0.449463,0.003391,-0.320334,0.152234,-0.007707,-0.479261,-0.136599,1.000000,0.000000,0.000000,0.000000,0.179083,-0.526234,0.000000,0.000000,0.000000,0.000000,-0.007064,0.125921,0.022702,0.020579,0.084262,0.005522,-0.396003,0.076771,0.003391,0.128146,0.403390
15.930000,8.979000,-0.489320,-0.018177,1.022628,0.017574,0.084414,0.005412,-0.211681,-0.461294,0.003392,-0.316633,0.132641,-0.007720,-0.479261,-0.136599,1.000000,0.000000,0.000000,0.000000,0.179083,-0.526234,0.000000,0.000000,0.000000,0.000000,-0.010059,0.118421,0.022628,0.017574,0.084414,0.005412,-0.390764,0.064940,0.003392,0.120983,0.396138
15.940000,8.989000,-0.492132,-0.025154,1.022599,0.014731,0.084722,0.005328,-0.205908,-0.471020,0.003526,-0.310031,0.135793,-0.007897,-0.475334,-0.147454,1.000000,0.000000,0.000000,0.000000,0.194912,-0.507391,0.000000,0.000000,0.000000,0.000000,-0.016798,0.122300,0.022599,0.014731,0.084722,0.005328,-0.400820,0.036371,0.003526,0.125500,0.402482
15.950000,8.999000,-0.494191,-0.029864,1.022635,0.011587,0.085208,0.005271,-0.197549,-0.472425,0.003839,-0.316064,0.145263,-0.007815,-0.475334,-0.147454,1.000000,0.000000,0.000000,0.000000,0.194912,-0.507391,0.000000,0.000000,0.000000,0.000000,-0.018857,0.117590,0.022635,0.011587,0.085208,0.005271,-0.392461,0.034966,0.003839,0.121224,0.394034
15.960000,9.009000,-0.495856,-0.035666,1.022522,0.008098,0.086710,0.005154,-0.188084,-0.476331,0.003710,-0.318591,0.235035,-0.008923,-0.471286,-0.157411,1.000000,0.000000,0.000000,0.000000,0.209861,-0.488130,0.000000,0.000000,0.000000,0.000000,-0.024570,0.121746,0.022522,0.008098,0.086710,0.005154,-0.397945,0.011799,0.003710,0.126226,0.398137
15.972000,9.021000,-0.498154,-0.042343,1.022486,0.005156,0.086128,0.005082,-0.181172,-0.483457,0.003738,-0.324596,0.142702,-0.007503,-0.471286,-0.157411,1.000000,0.000000,0.000000,0.000000,0.209861,-0.488130,0.000000,0.000000,0.000000,0.000000,-0.026868,0.115068,0.022486,0.005156,0.086128,0.005082,-0.391033,0.004673,0.003738,0.120284,0.391079
15.980000,9.029000,-0.500153,-0.048607,1.022438,0.001983,0.086654,0.004995,-0.173384,-0.488525,0.003724,-0.332103,0.150935,-0.007403,-0.467164,-0.166503,1.000000,0.000000,0.000000,0.000000,0.223940,-0.468689,0.000000,0.000000,0.000000,0.000000,-0.032989,0.117896,0.022438,0.001983,0.086654,0.004995,-0.397324,-0.019836,0.003724,0.124464,0.397836
15.990000,9.039000,-0.501937,-0.054574,1.022381,-0.001383,0.088139,0.004897,-0.165036,-0.492016,0.003709,-0.343414,0.236874,-0.008354,-0.467164,-0.166503,1.000000,0.000000,0.000000,0.000000,0.223940,-0.468689,0.000000,0.000000,0.000000,0.000000,-0.034773,0.111929,0.022381,-0.001383,0.088139,0.004897,-0.388976,-0.023327,0.003709,0.119323,0.389692
16.000000,9.049000,-0.503568,-0.060384,1.022316,-0.004738,0.087859,0.004820,-0.156390,-0.494481,0.003667,-0.343351,0.154083,-0.007257,-0.462539,-0.175662,1.000000,0.000000,0.000000,0.000000,0.238622,-0.447071,0.000000,0.000000,0.000000,0.000000,-0.041029,0.115278,0.022316,-0.004738,0.087859,0.004820,-0.395013,-0.047410,0.003667,0.124380,0.397864
16.010000,9.059000,-0.505132,-0.065329,1.022352,-0.008165,0.088450,0.004757,-0.147742,-0.493974,0.003928,-0.349522,0.121281,-0.006820,-0.462539,-0.175662,1.000000,0.000000,0.000000,0.000000,0.238622,-0.447071,0.000000,0.000000,0.000000,0.000000,-0.042593,0.110333,0.022352,-0.008165,0.088450,0.004757,-0.386365,-0.046903,0.003928,0.120363,0.389221
16.020000,9.069000,-0.505879,-0.069743,1.022167,-0.012548,0.089125,0.004643,-0.136466,-0.490170,0.003527,-0.366972,0.107620,-0.006539,-0.457621,-0.184378,1.000000,0.000000,0.000000,0.000000,0.253154,-0.424324,0.000000,0.000000,0.000000,0.000000,-0.048258,0.114635,0.022167,-0.012548,0.089125,0.004643,-0.389620,-0.065846,0.003527,0.126339,0.395160
16.032000,9.081000,-0.507487,-0.076348,1.022095,-0.016187,0.089347,0.004556,-0.128600,-0.494493,0.003421,-0.380494,0.122906,-0.006828,-0.457621,-0.184378,1.000000,0.000000,0.000000,0.000000,0.253154,-0.424324,0.000000,0.000000,0.000000,0.000000,-0.049866,0.108030,0.022095,-0.016187,0.089347,0.004556,-0.381754,-0.070169,0.003421,0.121018,0.388164
16.040000,9.089000,-0.508773,-0.081293,1.022129,-0.020079,0.089525,0.004495,-0.119809,-0.492861,0.003623,-0.391461,0.114955,-0.006836,-0.452414,-0.192628,1.000000,0.000000,0.000000,0.000000,0.267525,-0.400505,0.000000,0.000000,0.000000,0.000000,-0.056359,0.111335,0.022129,-0.020079,0.089525,0.004495,-0.387334,-0.092356,0.003623,0.126734,0.398209
16.050000,9.099000,-0.509269,-0.084624,1.022006,-0.024720,0.090848,0.004379,-0.108498,-0.484636,0.003449,-0.377057,0.199682,-0.007663,-0.452414,-0.192628,1.000000,0.000000,0.000000,0.000000,0.267525,-0.400505,0.000000,0.000000,0.000000,0.000000,-0.056855,0.108004,0.022006,-0.024720,0.090848,0.004379,-0.376023,-0.084130,0.003449,0.124023,0.385335
16.060000,9.109000,-0.510155,-0.089389,1.021932,-0.029059,0.090080,0.004304,-0.098978,-0.481426,0.003411,-0.380966,0.106360,-0.006680,-0.446921,-0.200392,1.000000,0.000000,0.000000,0.000000,0.281727,-0.375675,0.000000,0.000000,0.000000,0.000000,-0.063234,0.111003,0.021932,-0.029059,0.090080,0.004304,-0.380706,-0.105751,0.003411,0.129619,0.395135
16.070000,9.119000,-0.511095,-0.094617,1.021865,-0.033185,0.090136,0.004220,-0.089981,-0.479596,0.003383,-0.369573,0.072833,-0.006327,-0.446921,-0.200392,1.000000,0.000000,0.000000,0.000000,0.281727,-0.375675,0.000000,0.000000,0.000000,0.000000,-0.064174,0.105775,0.021865,-0.033185,0.090136,0.004220,-0.371709,-0.103921,0.003383,0.125638,0.385977
16.083000,9.132000,-0.512365,-0.102268,1.021743,-0.036876,0.089960,0.004123,-0.082533,-0.485658,0.003181,-0.363340,0.058526,-0.005946,-0.441146,-0.207649,1.000000,0.000000,0.000000,0.000000,0.295752,-0.349895,0.000000,0.000000,0.000000,0.000000,-0.071219,0.105381,0.021743,-0.036876,0.089960,0.004123,-0.378285,-0.135763,0.003181,0.129036,0.401922
16.092000,9.141000,-0.513499,-0.109492,1.021680,-0.040266,0.089657,0.004060,-0.074843,-0.490074,0.003166,-0.355658,0.090043,-0.005783,-0.441146,-0.207649,1.000000,0.000000,0.000000,0.000000,0.295752,-0.349895,0.000000,0.000000,0.000000,0.000000,-0.072354,0.098157,0.021680,-0.040266,0.089657,0.004060,-0.370595,-0.140179,0.003166,0.123854,0.396234
16.100000,9.149000,-0.514248,-0.114393,1.021712,-0.043831,0.090555,0.003965,-0.066011,-0.486076,0.003418,-0.337968,0.195204,-0.006584,-0.435092,-0.214382,1.000000,0.000000,0.000000,0.000000,0.309590,-0.323232,0.000000,0.000000,0.000000,0.000000,-0.079156,0.099989,0.021712,-0.043831,0.090555,0.003965,-0.375601,-0.162844,0.003418,0.129363,0.409396
16.112000,9.161000,-0.514845,-0.120184,1.021557,-0.047839,0.089151,0.003907,-0.057064,-0.484073,0.003156,-0.341827,0.075445,-0.005134,-0.435092,-0.214382,1.000000,0.000000,0.000000,0.000000,0.309590,-0.323232,0.000000,0.000000,0.000000,0.000000,-0.079753,0.094198,0.021557,-0.047839,0.089151,0.003907,-0.366654,-0.160841,0.003156,0.125294,0.400393
16.123000,9.172000,-0.515577,-0.126920,1.021517,-0.051072,0.088973,0.003856,-0.048912,-0.485668,0.003219,-0.328918,0.087427,-0.004544,-0.428763,-0.220573,1.000000,0.000000,0.000000,0.000000,0.323232,-0.295752,0.000000,0.000000,0.000000,0.000000,-0.086814,0.093653,0.021517,-0.051072,0.088973,0.003856,-0.372144,-0.189916,0.003219,0.129501,0.417815
16.130000,9.179000,-0.516066,-0.131776,1.021549,-0.054369,0.089843,0.003766,-0.040145,-0.480606,0.003488,-0.314249,0.184764,-0.005471,-0.428763,-0.220573,1.000000,0.000000,0.000000,0.000000,0.323232,-0.295752,0.000000,0.000000,0.000000,0.000000,-0.087303,0.088797,0.021549,-0.054369,0.089843,0.003766,-0.363376,-0.184854,0.003488,0.126376,0.407708
16.140000,9.189000,-0.516247,-0.135150,1.021473,-0.058495,0.088900,0.003734,-0.030643,-0.469613,0.003413,-0.320090,0.101587,-0.003881,-0.421827,-0.226474,1.000000,0.000000,0.000000,0.000000,0.337336,-0.266095,0.000000,0.000000,0.000000,0.000000,-0.094420,0.091323,0.021473,-0.058495,0.088900,0.003734,-0.367979,-0.203518,0.003413,0.133102,0.420523
16.152000,9.201000,-0.516659,-0.141815,1.021390,-0.061782,0.088967,0.003667,-0.022340,-0.469977,0.003252,-0.326733,0.078679,-0.003256,-0.415298,-0.231269,1.000000,0.000000,0.000000,0.000000,0.349895,-0.238622,0.000000,0.000000,0.000000,0.000000,-0.101361,0.089454,0.021390,-0.061782,0.088967,0.003667,-0.372236,-0.231355,0.003252,0.136871,0.438286
16.160000,9.209000,-0.516882,-0.146515,1.021423,-0.065057,0.089750,0.003586,-0.013581,-0.463867,0.003408,-0.325200,0.137825,-0.004025,-0.415298,-0.231269,1.000000,0.000000,0.000000,0.000000,0.349895,-0.238622,0.000000,0.000000,0.000000,0.000000,-0.101584,0.084754,0.021423,-0.065057,0.089750,0.003586,-0.363476,-0.225245,0.003408,0.134021,0.427623
16.170000,9.219000,-0.517113,-0.152933,1.021309,-0.068481,0.088948,0.003542,-0.005232,-0.462906,0.003160,-0.319800,0.098586,-0.003656,-0.415298,-0.231269,1.000000,0.000000,0.000000,0.000000,0.349895,-0.238622,0.000000,0.000000,0.000000,0.000000,-0.101815,0.078336,0.021309,-0.068481,0.088948,0.003542,-0.355127,-0.224283,0.003160,0.130219,0.420034
16.181000,9.230000,-0.517236,-0.159552,1.021279,-0.071592,0.088858,0.003503,0.003230,-0.462844,0.003143,-0.322326,0.097560,-0.003867,-0.408170,-0.235748,1.000000,0.000000,0.000000,0.000000,0.362900,-0.209117,0.000000,0.000000,0.000000,0.000000,-0.109066,0.076196,0.021279,-0.071592,0.088858,0.003503,-0.359669,-0.253727,0.003143,0.134737,0.440170
16.190000,9.239000,-0.517204,-0.164181,1.021311,-0.074825,0.089829,0.003394,0.011982,-0.455767,0.003299,-0.329094,0.193971,-0.004942,-0.408170,-0.235748,1.000000,0.000000,0.000000,0.000000,0.362900,-0.209117,0.000000,0.000000,0.000000,0.000000,-0.109034,0.071567,0.021311,-0.074825,0.089829,0.003394,-0.350918,-0.246650,0.003299,0.132153,0.428941
16.200000,9.249000,-0.517153,-0.167525,1.021248,-0.078863,0.088765,0.003368,0.020432,-0.443571,0.003151,-0.345772,0.101439,-0.003687,-0.400783,-0.239630,1.000000,0.000000,0.000000,0.000000,0.375675,-0.179083,0.000000,0.000000,0.000000,0.000000,-0.116370,0.072106,0.021248,-0.078863,0.088765,0.003368,-0.355242,-0.264488,0.003151,0.138537,0.442901
16.210000,9.259000,-0.517023,-0.172006,1.021218,-0.082582,0.088708,0.003328,0.028859,-0.435538,0.003048,-0.333298,0.063993,-0.003054,-0.400783,-0.239630,1.000000,0.000000,0.000000,0.000000,0.375675,-0.179083,0.000000,0.000000,0.000000,0.000000,-0.116240,0.067625,0.021218,-0.082582,0.088708,0.003328,-0.346815,-0.256455,0.003048,0.136143,0.431346
16.220000,9.269000,-0.516776,-0.178828,1.021170,-0.086088,0.088634,0.003289,0.037382,-0.435372,0.002866,-0.347651,0.056181,-0.002409,-0.393144,-0.242908,1.000000,0.000000,0.000000,0.000000,0.388213,-0.148597,0.000000,0.000000,0.000000,0.000000,-0.123632,0.064080,0.021170,-0.086088,0.088634,0.003289,-0.350831,-0.286775,0.002866,0.140852,0.453134
16.231000,9.280000,-0.516370,-0.185325,1.021160,-0.089478,0.088438,0.003280,0.046190,-0.434148,0.002811,-0.336086,0.082915,-0.002589,-0.393144,-0.242908,1.000000,0.000000,0.000000,0.000000,0.388213,-0.148597,0.000000,0.000000,0.000000,0.000000,-0.123226,0.057583,0.021160,-0.089478,0.088438,0.003280,-0.342022,-0.285552,0.002811,0.137653,0.445564
16.240000,9.289000,-0.515908,-0.189666,1.021188,-0.092848,0.089261,0.003179,0.054897,-0.425316,0.002841,-0.304153,0.180895,-0.003703,-0.385257,-0.245572,1.000000,0.000000,0.000000,0.000000,0.400505,-0.117735,0.000000,0.000000,0.000000,0.000000,-0.130652,0.055906,0.021188,-0.092848,0.089261,0.003179,-0.345608,-0.307580,0.002841,0.143681,0.462665
16.250000,9.299000,-0.515539,-0.194828,1.021142,-0.097080,0.087873,0.003181,0.062866,-0.418444,0.002657,-0.334324,0.073289,-0.002713,-0.385257,-0.245572,1.000000,0.000000,0.000000,0.000000,0.400505,-0.117735,0.000000,0.000000,0.000000,0.000000,-0.130282,0.050744,0.021142,-0.097080,0.087873,0.003181,-0.337639,-0.300708,0.002657,0.141405,0.452142
16.260000,9.309000,-0.514837,-0.200737,1.021152,-0.100447,0.087570,0.003180,0.071738,-0.414604,0.002608,-0.325727,0.072760,-0.002736,-0.376713,-0.247701,1.000000,0.000000,0.000000,0.000000,0.413140,-0.085012,0.000000,0.000000,0.000000,0.000000,-0.138125,0.046964,0.021152,-0.100447,0.087570,0.003180,-0.341403,-0.329592,0.002608,0.147416,0.474546
16.270000,9.319000,-0.514120,-0.204883,1.021178,-0.103846,0.087297,0.003187,0.080352,-0.404690,0.002592,-0.304042,0.075809,-0.002575,-0.376713,-0.247701,1.000000,0.000000,0.000000,0.000000,0.413140,-0.085012,0.000000,0.000000,0.000000,0.000000,-0.137407,0.042818,0.021178,-0.103846,0.087297,0.003187,-0.332789,-0.319678,0.002592,0.145474,0.461464
16.280000,9.329000,-0.513749,-0.207823,1.021165,-0.107445,0.087913,0.003076,0.087367,-0.390052,0.002425,-0.269400,0.170185,-0.003704,-0.368757,-0.249033,1.000000,0.000000,0.000000,0.000000,0.424324,-0.055199,0.000000,0.000000,0.000000,0.000000,-0.144993,0.041210,0.021165,-0.107445,0.087913,0.003076,-0.336957,-0.334853,0.002425,0.152214,0.475050
16.290000,9.339000,-0.513079,-0.211808,1.021164,-0.111101,0.086821,0.003079,0.095176,-0.379337,0.002284,-0.309980,0.057461,-0.002260,-0.368757,-0.249033,1.000000,0.000000,0.000000,0.000000,0.424324,-0.055199,0.000000,0.000000,0.000000,0.000000,-0.144323,0.037226,0.021164,-0.111101,0.086821,0.003079,-0.329148,-0.324139,0.002284,0.150541,0.461963
16.300000,9.349000,-0.512275,-0.216088,1.021162,-0.114268,0.086630,0.003069,0.103167,-0.369759,0.002108,-0.299725,0.059115,-0.002255,-0.360155,-0.249822,1.000000,0.000000,0.000000,0.000000,0.435835,-0.023681,0.000000,0.000000,0.000000,0.000000,-0.152120,0.033734,0.021162,-0.114268,0.086630,0.003069,-0.332669,-0.346078,0.002108,0.157246,0.480044
16.310000,9.359000,-0.511083,-0.222301,1.021145,-0.117096,0.086478,0.003061,0.112231,-0.366736,0.001877,-0.259933,0.089418,-0.002814,-0.360155,-0.249822,1.000000,0.000000,0.000000,0.000000,0.435835,-0.023681,0.000000,0.000000,0.000000,0.000000,-0.150929,0.027521,0.021145,-0.117096,0.086478,0.003061,-0.323605,-0.343055,0.001877,0.154868,0.471604
16.320000,9.369000,-0.509720,-0.227966,1.021145,-0.119773,0.086222,0.003066,0.121587,-0.361988,0.001667,-0.249885,0.079428,-0.003173,-0.351325,-0.249980,1.000000,0.000000,0.000000,0.000000,0.447071,0.007895,0.000000,0.000000,0.000000,0.000000,-0.158395,0.022014,0.021145,-0.119773,0.086222,0.003066,-0.325484,-0.369884,0.001667,0.161309,0.492704
16.330000,9.379000,-0.508394,-0.233068,1.021141,-0.122372,0.086056,0.003058,0.130448,-0.355080,0.001475,-0.251076,0.075379,-0.003331,-0.351325,-0.249980,1.000000,0.000000,0.000000,0.000000,0.447071,0.007895,0.000000,0.000000,0.000000,0.000000,-0.157069,0.016912,0.021141,-0.122372,0.086056,0.003058,-0.316623,-0.362976,0.001475,0.159385,0.481668
16.340000,9.389000,-0.507068,-0.237698,1.021137,-0.124872,0.086788,0.002931,0.138973,-0.346444,0.001256,-0.229608,0.164090,-0.004379,-0.341356,-0.249425,1.000000,0.000000,0.000000,0.000000,0.459104,0.042604,0.000000,0.000000,0.000000,0.000000,-0.165711,0.011727,0.021137,-0.124872,0.086788,0.002931,-0.320131,-0.389048,0.001256,0.167465,0.503829
16.350000,9.399000,-0.505678,-0.241162,1.021149,-0.127691,0.085685,0.002934,0.147423,-0.334104,0.001108,-0.248644,0.080787,-0.003269,-0.341356,-0.249425,1.000000,0.000000,0.000000,0.000000,0.459104,0.042604,0.000000,0.000000,0.000000,0.000000,-0.164321,0.008262,0.021149,-0.127691,0.085685,0.002934,-0.311681,-0.376708,0.001108,0.165883,0.488933
16.360000,9.409000,-0.505138,-0.243290,1.021128,-0.130850,0.085196,0.002926,0.152469,-0.316746,0.000832,-0.243091,0.082704,-0.003198,-0.333006,-0.248403,1.000000,0.000000,0.000000,0.000000,0.468689,0.070910,0.000000,0.000000,0.000000,0.000000,-0.172133,0.005113,0.021128,-0.130850,0.085196,0.002926,-0.316220,-0.387655,0.000832,0.173500,0.500272
16.370000,9.419000,-0.503592,-0.248000,1.021099,-0.133503,0.085010,0.002925,0.160908,-0.308544,0.000547,-0.261999,0.088256,-0.002630,-0.333006,-0.248403,1.000000,0.000000,0.000000,0.000000,0.468689,0.070910,0.000000,0.000000,0.000000,0.000000,-0.170587,0.000403,0.021099,-0.133503,0.085010,0.002925,-0.307781,-0.379454,0.000547,0.171887,0.488584
16.380000,9.429000,-0.501983,-0.251085,1.021105,-0.136135,0.085882,0.002781,0.169286,-0.295372,0.000339,-0.266040,0.185311,-0.003470,-0.323528,-0.246671,1.000000,0.000000,0.000000,0.000000,0.479057,0.102188,0.000000,0.000000,0.000000,0.000000,-0.178455,-0.004414,0.021105,-0.136135,0.085882,0.002781,-0.309771,-0.397560,0.000339,0.179753,0.503996
16.390000,9.439000,-0.500888,-0.254184,1.021067,-0.139080,0.084756,0.002787,0.175489,-0.282078,0.000051,-0.260499,0.099250,-0.001968,-0.323528,-0.246671,1.000000,0.000000,0.000000,0.000000,0.479057,0.102188,0.000000,0.000000,0.000000,0.000000,-0.177360,-0.007513,0.021067,-0.139080,0.084756,0.002787,-0.303568,-0.384266,0.000051,0.178765,0.489708
16.400000,9.449000,-0.498920,-0.259024,1.021004,-0.142022,0.084770,0.002788,0.184596,-0.274783,-0.000340,-0.284372,0.104302,-0.000978,-0.313846,-0.244317,1.000000,0.000000,0.000000,0.000000,0.489122,0.133208,0.000000,0.000000,0.000000,0.000000,-0.185074,-0.014707,0.021004,-0.142022,0.084770,0.002788,-0.304526,-0.407991,-0.000340,0.186842,0.509110
16.410000,9.459000,-0.496666,-0.263431,1.020950,-0.144999,0.085051,0.002773,0.194438,-0.266315,-0.000669,-0.269891,0.105610,-0.000187,-0.313846,-0.244317,1.000000,0.000000,0.000000,0.000000,0.489122,0.133208,0.000000,0.000000,0.000000,0.000000,-0.182821,-0.019114,0.020950,-0.144999,0.085051,0.002773,-0.294684,-0.399523,-0.000669,0.185007,0.496445
16.420000,9.469000,-0.494722,-0.266094,1.020943,-0.147711,0.086096,0.002618,0.202831,-0.252000,-0.000896,-0.224757,0.190145,-0.001250,-0.303466,-0.241181,1.000000,0.000000,0.000000,0.000000,0.499358,0.165416,0.000000,0.000000,0.000000,0.000000,-0.191256,-0.024913,0.020943,-0.147711,0.086096,0.002618,-0.296527,-0.417415,-0.000896,0.194005,0.512020
16.430000,9.479000,-0.493717,-0.268484,1.020867,-0.151600,0.085073,0.002628,0.207541,-0.236501,-0.001231,-0.264522,0.064922,0.000616,-0.303466,-0.241181,1.000000,0.000000,0.000000,0.000000,0.499358,0.165416,0.000000,0.000000,0.000000,0.000000,-0.190251,-0.027304,0.020867,-0.151600,0.085073,0.002628,-0.291818,-0.401917,-0.001231,0.193330,0.496685
16.440000,9.489000,-0.492064,-0.271283,1.020798,-0.154733,0.084935,0.002658,0.214416,-0.222708,-0.001580,-0.250957,0.048486,0.001570,-0.293893,-0.237764,1.000000,0.000000,0.000000,0.000000,0.508320,0.194161,0.000000,0.000000,0.000000,0.000000,-0.198171,-0.033519,0.020798,-0.154733,0.084935,0.002658,-0.293905,-0.416869,-0.001580,0.202059,0.510061
16.450000,9.499000,-0.490179,-0.274172,1.020726,-0.157274,0.085344,0.002607,0.221875,-0.209438,-0.001928,-0.187565,0.140954,-0.000114,-0.293893,-0.237764,1.000000,0.000000,0.000000,0.000000,0.508320,0.194161,0.000000,0.000000,0.000000,0.000000,-0.196286,-0.036408,0.020726,-0.157274,0.085344,0.002607,-0.286446,-0.403599,-0.001928,0.200707,0.494921
16.462000,9.511000,-0.487476,-0.278355,1.020618,-0.160137,0.084178,0.002729,0.231972,-0.200597,-0.002413,-0.196173,0.056270,0.001020,-0.283634,-0.233582,1.000000,0.000000,0.000000,0.000000,0.517441,0.223940,0.000000,0.000000,0.000000,0.000000,-0.203841,-0.044773,0.020618,-0.160137,0.084178,0.002729,-0.285469,-0.424538,-0.002413,0.209716,0.511596
16.470000,9.519000,-0.484582,-0.281887,1.020547,-0.161931,0.084888,0.002662,0.242376,-0.189870,-0.002702,-0.176713,0.129470,-0.000470,-0.283634,-0.233582,1.000000,0.000000,0.000000,0.000000,0.517441,0.223940,0.000000,0.000000,0.000000,0.000000,-0.200947,-0.048305,0.020547,-0.161931,0.084888,0.002662,-0.275065,-0.413810,-0.002702,0.207691,0.496897
16.480000,9.529000,-0.481887,-0.285012,1.020484,-0.164130,0.083278,0.002809,0.251625,-0.177847,-0.002990,-0.191349,0.010274,0.000112,-0.273197,-0.228810,1.000000,0.000000,0.000000,0.000000,0.526234,0.253154,0.000000,0.000000,0.000000,0.000000,-0.208690,-0.056202,0.020484,-0.164130,0.083278,0.002809,-0.274609,-0.431000,-0.002990,0.217094,0.511058
16.490000,9.539000,-0.479370,-0.286791,1.020455,-0.166054,0.082380,0.002954,0.259864,-0.161590,-0.003078,-0.154442,-0.019005,-0.000823,-0.273197,-0.228810,1.000000,0.000000,0.000000,0.000000,0.526234,0.253154,0.000000,0.000000,0.000000,0.000000,-0.206173,-0.057981,0.020455,-0.166054,0.082380,0.002954,-0.266371,-0.414744,-0.003078,0.215145,0.492925
16.500000,9.549000,-0.478318,-0.288434,1.020412,-0.167814,0.081754,0.002992,0.262451,-0.144859,-0.003225,-0.115387,0.046211,-0.002305,-0.262587,-0.223460,1.000000,0.000000,0.000000,0.000000,0.534696,0.281727,0.000000,0.000000,0.000000,0.000000,-0.215730,-0.064974,0.020412,-0.167814,0.081754,0.002992,-0.272245,-0.426587,-0.003225,0.226225,0.506067
16.510000,9.559000,-0.476288,-0.290375,1.020369,-0.169977,0.079449,0.003227,0.268313,-0.129590,-0.003333,-0.137429,-0.004851,-0.001609,-0.262587,-0.223460,1.000000,0.000000,0.000000,0.000000,0.534696,0.281727,0.000000,0.000000,0.000000,0.000000,-0.213701,-0.066915,0.020369,-0.169977,0.079449,0.003227,-0.266383,-0.411317,-0.003333,0.224857,0.490054
16.520000,9.569000,-0.473947,-0.292364,1.020327,-0.171375,0.079308,0.003237,0.274949,-0.114871,-0.003459,-0.099257,0.111422,-0.003169,-0.251812,-0.217546,1.000000,0.000000,0.000000,0.000000,0.542819,0.309590,0.000000,0.000000,0.000000,0.000000,-0.222136,-0.074818,0.020327,-0.171375,0.079308,0.003237,-0.267871,-0.424460,-0.003459,0.235277,0.501930
16.530000,9.579000,-0.471437,-0.294315,1.020288,-0.173250,0.076729,0.003486,0.281810,-0.100377,-0.003548,-0.115065,-0.004566,-0.001908,-0.251812,-0.217546,1.000000,0.000000,0.000000,0.000000,0.542819,0.309590,0.000000,0.000000,0.000000,0.000000,-0.219625,-0.076769,0.020288,-0.173250,0.076729,0.003486,-0.261009,-0.409967,-0.003548,0.233539,0.486016
16.541000,9.590000,-0.467926,-0.297131,1.020254,-0.174652,0.075637,0.003737,0.291876,-0.088968,-0.003637,-0.100262,0.004906,-0.001654,-0.239223,-0.210066,1.000000,0.000000,0.000000,0.000000,0.551737,0.340660,0.000000,0.000000,0.000000,0.000000,-0.228702,-0.087065,0.020254,-0.174652,0.075637,0.003737,-0.259861,-0.429628,-0.003637,0.245551,0.502117
16.550000,9.599000,-0.464259,-0.299233,1.020228,-0.175555,0.075877,0.003738,0.302051,-0.075646,-0.003682,-0.059084,0.128837,-0.003252,-0.239223,-0.210066,1.000000,0.000000,0.000000,0.000000,0.551737,0.340660,0.000000,0.000000,0.000000,0.000000,-0.225036,-0.089167,0.020228,-0.175555,0.075877,0.003738,-0.249686,-0.416306,-0.003682,0.242901,0.485456
16.560000,9.609000,-0.460888,-0.301052,1.020214,-0.176997,0.074103,0.003927,0.310686,-0.061651,-0.003707,-0.077795,0.047395,-0.001134,-0.229790,-0.204085,1.000000,0.000000,0.000000,0.000000,0.558033,0.362900,0.000000,0.000000,0.000000,0.000000,-0.231098,-0.096967,0.020214,-0.176997,0.074103,0.003927,-0.247346,-0.424551,-0.003707,0.251431,0.491363
16.570000,9.619000,-0.457781,-0.301669,1.020177,-0.177782,0.074568,0.003832,0.318009,-0.044091,-0.003794,-0.062722,0.123874,-0.002530,-0.229790,-0.204085,1.000000,0.000000,0.000000,0.000000,0.558033,0.362900,0.000000,0.000000,0.000000,0.000000,-0.227991,-0.097584,0.020177,-0.177782,0.074568,0.003832,-0.240023,-0.406991,-0.003794,0.248816,0.472512
16.583000,9.632000,-0.455780,-0.303511,1.020214,-0.179153,0.072821,0.004003,0.321010,-0.030671,-0.003676,-0.091420,0.029266,-0.000732,-0.218558,-0.196572,1.000000,0.000000,0.000000,0.000000,0.565113,0.388213,0.000000,0.000000,0.000000,0.000000,-0.237222,-0.106939,0.020214,-0.179153,0.072821,0.004003,-0.244103,-0.418884,-0.003676,0.260996,0.484833
16.590000,9.639000,-0.452078,-0.304718,1.020216,-0.180283,0.072387,0.004130,0.329962,-0.015743,-0.003665,-0.085084,0.025159,-0.001343,-0.218558,-0.196572,1.000000,0.000000,0.000000,0.000000,0.565113,0.388213,0.000000,0.000000,0.000000,0.000000,-0.233520,-0.108146,0.020216,-0.180283,0.072387,0.004130,-0.235151,-0.403956,-0.003665,0.258140,0.467429
16.600000,9.649000,-0.448779,-0.304875,1.020180,-0.181138,0.072633,0.004072,0.337110,0.002145,-0.003784,-0.056780,0.101622,-0.002983,-0.207188,-0.188563,1.000000,0.000000,0.000000,0.000000,0.571836,0.412545,0.000000,0.000000,0.000000,0.000000,-0.241591,-0.116313,0.020180,-0.181138,0.072633,0.004072,-0.234726,-0.410400,-0.003784,0.268890,0.472799
16.610000,9.659000,-0.447314,-0.305817,1.020229,-0.182618,0.070514,0.004240,0.337320,0.017069,-0.003691,-0.073773,0.048237,-0.002098,-0.207188,-0.188563,1.000000,0.000000,0.000000,0.000000,0.571836,0.412545,0.000000,0.000000,0.000000,0.000000,-0.240126,-0.117254,0.020229,-0.182618,0.070514,0.004240,-0.234516,-0.395476,-0.003691,0.267989,0.459796
16.621000,9.670000,-0.443729,-0.306991,1.020292,-0.183944,0.069634,0.004449,0.345012,0.031146,-0.003581,-0.073919,0.035108,-0.002646,-0.195108,-0.179641,1.000000,0.000000,0.000000,0.000000,0.578507,0.436971,0.000000,0.000000,0.000000,0.000000,-0.248621,-0.127350,0.020292,-0.183944,0.069634,0.004449,-0.233496,-0.405826,-0.003581,0.280075,0.468217
16.630000,9.679000,-0.440279,-0.306680,1.020257,-0.184690,0.069975,0.004358,0.351876,0.049390,-0.003784,-0.023159,0.146237,-0.004639,-0.195108,-0.179641,1.000000,0.000000,0.000000,0.000000,0.578507,0.436971,0.000000,0.000000,0.000000,0.000000,-0.245171,-0.127039,0.020257,-0.184690,0.069975,0.004358,-0.226632,-0.387582,-0.003784,0.276872,0.448994
16.640000,9.689000,-0.436959,-0.307901,1.020373,-0.186099,0.068073,0.004568,0.357930,0.062360,-0.003554,-0.050837,0.041943,-0.003312,-0.184062,-0.171137,1.000000,0.000000,0.000000,0.000000,0.584196,0.458024,0.000000,0.000000,0.000000,0.000000,-0.252896,-0.136764,0.020373,-0.186099,0.068073,0.004568,-0.226266,-0.395664,-0.003554,0.288229,0.455806
16.650000,9.699000,-0.433379,-0.307278,1.020337,-0.186615,0.068479,0.004457,0.364636,0.080818,-0.003785,-0.012837,0.119018,-0.004731,-0.184062,-0.171137,1.000000,0.000000,0.000000,0.000000,0.584196,0.458024,0.000000,0.000000,0.000000,0.000000,-0.249317,-0.136141,0.020337,-0.186615,0.068479,0.004457,-0.219560,-0.377207,-0.003785,0.284793,0.436470
16.663000,9.712000,-0.430066,-0.308217,1.020469,-0.187715,0.066719,0.004660,0.370060,0.093855,-0.003552,-0.033727,0.021283,-0.003334,-0.172321,-0.161764,1.000000,0.000000,0.000000,0.000000,0.589824,0.479057,0.000000,0.000000,0.000000,0.000000,-0.257745,-0.146453,0.020469,-0.187715,0.066719,0.004660,-0.219764,-0.385202,-0.003552,0.297153,0.443496
16.670000,9.719000,-0.426365,-0.307278,1.020433,-0.188057,0.066922,0.004587,0.376627,0.112469,-0.003824,0.010619,0.108172,-0.004794,-0.172321,-0.161764,1.000000,0.000000,0.000000,0.000000,0.589824,0.479057,0.000000,0.000000,0.000000,0.000000,-0.254044,-0.145514,0.020433,-0.188057,0.066922,0.004587,-0.213197,-0.366588,-0.003824,0.293480,0.424092
16.681000,9.730000,-0.422975,-0.307920,1.020579,-0.188992,0.064861,0.004836,0.381732,0.125582,-0.003566,-0.015370,-0.001320,-0.003658,-0.160472,-0.151983,1.000000,0.000000,0.000000,0.000000,0.595079,0.498879,0.000000,0.000000,0.000000,0.000000,-0.262503,-0.155937,0.020579,-0.188992,0.064861,0.004836,-0.213348,-0.373297,-0.003566,0.306019,0.429977
16.690000,9.739000,-0.419157,-0.306664,1.020543,-0.189148,0.064841,0.004803,0.388109,0.144320,-0.003867,0.028319,0.090669,-0.005183,-0.160472,-0.151983,1.000000,0.000000,0.000000,0.000000,0.595079,0.498879,0.000000,0.000000,0.000000,0.000000,-0.258685,-0.154681,0.020543,-0.189148,0.064841,0.004803,-0.206971,-0.354559,-0.003867,0.302104,0.410565
16.702000,9.751000,-0.415671,-0.307012,1.020690,-0.189887,0.062481,0.005109,0.392920,0.157442,-0.003647,0.004081,-0.013165,-0.003777,-0.148521,-0.141817,1.000000,0.000000,0.000000,0.000000,0.599959,0.517441,0.000000,0.000000,0.000000,0.000000,-0.267150,-0.165195,0.020690,-0.189887,0.062481,0.005109,-0.207039,-0.359999,-0.003647,0.314781,0.415304
16.710000,9.759000,-0.411742,-0.305438,1.020654,-0.189847,0.062344,0.005097,0.399053,0.176267,-0.003968,0.049771,0.087258,-0.005331,-0.148521,-0.141817,1.000000,0.000000,0.000000,0.000000,0.599959,0.517441,0.000000,0.000000,0.000000,0.000000,-0.263221,-0.163621,0.020654,-0.189847,0.062344,0.005097,-0.200906,-0.341174,-0.003968,0.310618,0.395952
16.721000,9.770000,-0.408161,-0.305497,1.020785,-0.190452,0.059830,0.005435,0.403546,0.189352,-0.003787,0.019596,-0.023840,-0.003732,-0.136476,-0.131294,1.000000,0.000000,0.000000,0.000000,0.604460,0.534696,0.000000,0.000000,0.000000,0.000000,-0.271685,-0.174203,0.020785,-0.190452,0.059830,0.005435,-0.200914,-0.345344,-0.003787,0.323406,0.399554
16.730000,9.779000,-0.403344,-0.304107,1.020820,-0.190699,0.058511,0.005737,0.412187,0.206791,-0.003901,0.032316,-0.033545,-0.003547,-0.136476,-0.131294,1.000000,0.000000,0.000000,0.000000,0.604460,0.534696,0.000000,0.000000,0.000000,0.000000,-0.266868,-0.172813,0.020820,-0.190699,0.058511,0.005737,-0.192272,-0.327904,-0.003901,0.318617,0.380138
16.740000,9.789000,-0.398906,-0.302753,1.020857,-0.190691,0.057157,0.006040,0.419008,0.223487,-0.004002,0.048677,-0.033250,-0.003338,-0.124345,-0.120438,1.000000,0.000000,0.000000,0.000000,0.608579,0.550600,0.000000,0.000000,0.000000,0.000000,-0.274561,-0.182315,0.020857,-0.190691,0.057157,0.006040,-0.189571,-0.327113,-0.004002,0.330238,0.378095
16.750000,9.799000,-0.394685,-0.301325,1.020890,-0.190541,0.055732,0.006335,0.424640,0.239842,-0.004144,0.079146,0.016036,-0.004029,-0.124345,-0.120438,1.000000,0.000000,0.000000,0.000000,0.608579,0.550600,0.000000,0.000000,0.000000,0.000000,-0.270340,-0.180886,0.020890,-0.190541,0.055732,0.006335,-0.183939,-0.310757,-0.004144,0.325945,0.361138
16.763000,9.812000,-0.390558,-0.299776,1.020923,-0.190188,0.054485,0.006583,0.429583,0.256034,-0.004256,0.089558,0.026740,-0.004232,-0.111523,-0.108713,1.000000,0.000000,0.000000,0.000000,0.612490,0.565801,0.000000,0.000000,0.000000,0.000000,-0.279035,-0.191062,0.020923,-0.190188,0.054485,0.006583,-0.182907,-0.309768,-0.004256,0.338826,0.359762
16.770000,9.819000,-0.386263,-0.297215,1.020880,-0.189297,0.054739,0.006491,0.434890,0.274894,-0.004574,0.143138,0.162494,-0.007004,-0.111523,-0.108713,1.000000,0.000000,0.000000,0.000000,0.612490,0.565801,0.000000,0.000000,0.000000,0.000000,-0.274740,-0.188502,0.020880,-0.189297,0.054739,0.006491,-0.177600,-0.290908,-0.004574,0.333842,0.340867
16.781000,9.830000,-0.384025,-0.297142,1.021007,-0.188773,0.052148,0.006749,0.432471,0.284890,-0.004367,0.119555,0.067456,-0.004083,-0.099855,-0.097843,1.000000,0.000000,0.000000,0.000000,0.615661,0.578199,0.000000,0.000000,0.000000,0.000000,-0.284170,-0.199299,0.021007,-0.188773,0.052148,0.006749,-0.183190,-0.293309,-0.004367,0.347727,0.345844
16.790000,9.839000,-0.379700,-0.294293,1.020964,-0.187586,0.052802,0.006582,0.437546,0.303622,-0.004595,0.154999,0.154945,-0.006213,-0.099855,-0.097843,1.000000,0.000000,0.000000,0.000000,0.615661,0.578199,0.000000,0.000000,0.000000,0.000000,-0.279845,-0.196450,0.020964,-0.187586,0.052802,0.006582,-0.178115,-0.274576,-0.004595,0.342557,0.327320
16.800000,9.849000,-0.377277,-0.293532,1.021048,-0.186572,0.051042,0.006693,0.435562,0.314511,-0.004418,0.129857,0.063850,-0.003749,-0.087512,-0.086161,1.000000,0.000000,0.000000,0.000000,0.618620,0.589824,0.000000,0.000000,0.000000,0.000000,-0.289766,-0.207371,0.021048,-0.186572,0.051042,0.006693,-0.183058,-0.275313,-0.004418,0.356945,0.330647
16.810000,9.859000,-0.372447,-0.291383,1.021162,-0.185747,0.050908,0.006820,0.442265,0.330214,-0.004159,0.138788,0.078555,-0.004413,-0.087512,-0.086161,1.000000,0.000000,0.000000,0.000000,0.618620,0.589824,0.000000,0.000000,0.000000,0.000000,-0.284935,-0.205223,0.021162,-0.185747,0.050908,0.006820,-0.176355,-0.259610,-0.004159,0.351784,0.313872
16.820000,9.869000,-0.368024,-0.288081,1.021120,-0.184693,0.050613,0.006833,0.447206,0.348651,-0.004342,0.143734,0.076764,-0.004990,-0.075113,-0.074260,1.000000,0.000000,0.000000,0.000000,0.621188,0.599959,0.000000,0.000000,0.000000,0.000000,-0.292911,-0.213821,0.021120,-0.184693,0.050613,0.006833,-0.173982,-0.251308,-0.004342,0.363266,0.305686
16.830000,9.879000,-0.364991,-0.286770,1.021237,-0.183248,0.049865,0.006905,0.446938,0.359546,-0.004125,0.169211,0.096465,-0.006164,-0.075113,-0.074260,1.000000,0.000000,0.000000,0.000000,0.621188,0.599959,0.000000,0.000000,0.000000,0.000000,-0.289879,-0.212510,0.021237,-0.183248,0.049865,0.006905,-0.174250,-0.240413,-0.004125,0.360057,0.296949
16.840000,9.889000,-0.361144,-0.284521,1.021321,-0.182020,0.049294,0.006977,0.449555,0.373287,-0.003986,0.173180,0.092519,-0.006856,-0.062667,-0.062172,1.000000,0.000000,0.000000,0.000000,0.623364,0.608579,0.000000,0.000000,0.000000,0.000000,-0.298477,-0.222349,0.021321,-0.182020,0.049294,0.006977,-0.173809,-0.235292,-0.003986,0.372803,0.292554
16.850000,9.899000,-0.357019,-0.281936,1.021403,-0.180752,0.048811,0.007038,0.453025,0.387613,-0.003853,0.161342,0.096345,-0.007234,-0.062667,-0.062172,1.000000,0.000000,0.000000,0.000000,0.623364,0.608579,0.000000,0.000000,0.000000,0.000000,-0.294352,-0.219764,0.021403,-0.180752,0.048811,0.007038,-0.170339,-0.220966,-0.003853,0.367964,0.279027
16.860000,9.909000,-0.351287,-0.278476,1.021562,-0.179748,0.048854,0.007130,0.462170,0.404802,-0.003485,0.174243,0.102798,-0.007908,-0.050181,-0.049927,1.000000,0.000000,0.000000,0.000000,0.625146,0.615661,0.000000,0.000000,0.000000,0.000000,-0.301106,-0.228549,0.021562,-0.179748,0.048854,0.007130,-0.162976,-0.210859,-0.003485,0.378635,0.266524
16.872000,9.921000,-0.345426,-0.274262,1.021653,-0.178556,0.049162,0.007123,0.471442,0.423566,-0.003375,0.192731,0.127853,-0.008128,-0.050181,-0.049927,1.000000,0.000000,0.000000,0.000000,0.625146,0.615661,0.000000,0.000000,0.000000,0.000000,-0.295245,-0.224334,0.021653,-0.178556,0.049162,0.007123,-0.153704,-0.192095,-0.003375,0.371435,0.246043
16.880000,9.929000,-0.340711,-0.270026,1.021619,-0.177071,0.049210,0.007039,0.476199,0.441266,-0.003609,0.199332,0.143403,-0.008191,-0.037663,-0.037556,1.000000,0.000000,0.000000,0.000000,0.626533,0.621188,0.000000,0.000000,0.000000,0.000000,-0.303048,-0.232470,0.021619,-0.177071,0.049210,0.007039,-0.150334,-0.179922,-0.003609,0.382554,0.234489
16.891000,9.940000,-0.337026,-0.268284,1.021848,-0.175217,0.049117,0.007028,0.477122,0.449958,-0.003148,0.206925,0.138205,-0.008004,-0.037663,-0.037556,1.000000,0.000000,0.000000,0.000000,0.626533,0.621188,0.000000,0.000000,0.000000,0.000000,-0.299362,-0.230728,0.021848,-0.175217,0.049117,0.007028,-0.149411,-0.171230,-0.003148,0.378590,0.227274
16.900000,9.949000,-0.331398,-0.263838,1.021936,-0.173782,0.049629,0.006956,0.485015,0.467464,-0.003089,0.214307,0.144271,-0.007971,-0.024495,-0.024465,1.000000,0.000000,0.000000,0.000000,0.627564,0.625303,0.000000,0.000000,0.000000,0.000000,-0.306903,-0.239373,0.021936,-0.173782,0.049629,0.006956,-0.142550,-0.157839,-0.003089,0.389833,0.212704
16.910000,9.959000,-0.326548,-0.259163,1.021905,-0.171655,0.051036,0.006628,0.489825,0.484661,-0.003420,0.260028,0.249212,-0.010251,-0.024495,-0.024465,1.000000,0.000000,0.000000,0.000000,0.627564,0.625303,0.000000,0.000000,0.000000,0.000000,-0.302053,-0.234698,0.021905,-0.171655,0.051036,0.006628,-0.137739,-0.140641,-0.003420,0.383144,0.196885
16.920000,9.969000,-0.323168,-0.257402,1.022117,-0.169970,0.049738,0.006640,0.489243,0.491397,-0.002997,0.221512,0.138608,-0.007891,-0.012565,-0.012561,1.000000,0.000000,0.000000,0.000000,0.628120,0.627525,0.000000,0.000000,0.000000,0.000000,-0.310603,-0.244841,0.022117,-0.169970,0.049738,0.006640,-0.138877,-0.136128,-0.002997,0.396119,0.194491
16.930000,9.979000,-0.318275,-0.252488,1.022087,-0.167770,0.051090,0.006327,0.494069,0.508209,-0.003332,0.283622,0.232383,-0.009967,-0.012565,-0.012561,1.000000,0.000000,0.000000,0.000000,0.628120,0.627525,0.000000,0.000000,0.000000,0.000000,-0.305710,-0.239927,0.022087,-0.167770,0.051090,0.006327,-0.134051,-0.119316,-0.003332,0.389245,0.179491
16.941000,9.990000,-0.314046,-0.249755,1.022284,-0.166148,0.050028,0.006359,0.496427,0.517192,-0.002965,0.254460,0.118392,-0.007614,0.000000,0.000000,1.000000,0.000000,0.000000,0.000000,0.000000,0.000000,0.000000,0.000000,0.000000,0.000000,-0.314046,-0.249755,0.022284,-0.166148,0.050028,0.006359,0.496427,0.517192,-0.002965,0.401869,0.716893
