timestamp,x,y,theta
1771057945402515288,0.0,0.0,0.0
1771057945502413220,0.0,0.0,0.0
1771057945602694479,0.0,0.0,0.0
1771057945702416127,0.0,0.0,0.0
1771057945802495272,0.0,0.0,0.0
1771057945902422610,0.0,0.0,0.0
1771057946002410443,0.0,0.0,0.0
1771057946102445595,2.4290158692470202e-05,-1.4405148659350827e-09,-0.00012483151448608297
1771057946202508208,1.1716413761993622e-06,3.835056917904747e-12,1.573570483123516e-06
1771057946302489668,7.409579839028491e-08,2.2052607621588526e-11,1.5670597425740498e-05
1771057946402412968,7.182090383427773e-08,2.2024720259029847e-11,1.5844124550418498e-05
1771057946502406150,7.181620475938192e-08,2.2024647434698388e-11,1.58440784490665e-05
1771057946602502979,7.181619493847406e-08,2.2024647279415975e-11,1.584407843998397e-05
1771057946702784067,7.181619491807854e-08,2.2024647279092887e-11,1.5844078439982177e-05
1771057946802520933,7.181619491803628e-08,2.2024647279092215e-11,1.5844078439982177e-05
1771057946902947868,7.181619491803619e-08,2.2024647279092215e-11,1.5844078439982177e-05
1771057947002499442,7.181619491803619e-08,2.2024647279092215e-11,1.5844078439982177e-05
1771057947102512502,7.181619491803619e-08,2.2024647279092215e-11,1.5844078439982177e-05
1771057947202417676,7.181619491803619e-08,2.2024647279092215e-11,1.5844078439982177e-05
1771057947302393906,1.2242488733698684e-06,4.0283881034809705e-11,1.5844078439982177e-05
1771057947402430479,9.970218462894837e-07,5.410669516061805e-11,1.8289379909090624e-05
1771057947502408252,2.5163654219143424e-05,-8.00976024871492e-09,-0.0005668203333378007
1771057947602394340,0.00010547255529536588,-1.2605756610846907e-07,-0.0019051629056725343
1771057947702403081,0.0007369085756446926,-1.262324830154634e-06,-0.0015638888671146971
1771057947802416721,0.0017075820491249023,-2.3754311953891413e-06,-0.000771283291410604
1771057947902454668,0.0026816955537383776,-2.8524540676670085e-06,-0.00022690962673524738
1771057948002711900,0.003616618262710735,-2.666599385599789e-06,0.0003506400273104828
1771057948102364375,0.004670419429088392,-2.3335304060027962e-06,0.0002863435629318431
1771057948202421668,0.005323290863482196,-2.100315092144409e-06,0.0005856640061477228
1771057948302409929,0.006178295733063552,-1.108115891208964e-06,0.0017274907100897027
1771057948402567001,0.007373033191537354,1.1986396531950215e-06,0.002034923940406556
1771057948502478216,0.00815959469523358,2.9838126480478568e-06,0.0023945142769271374
1771057948602501775,0.009217715613398457,5.706683930575968e-06,0.0026267494174131985
1771057948702563536,0.010819972599844538,1.0043934671404223e-05,0.0027219330045610292
1771057948802510990,0.01247264709163786,1.4854810945877555e-05,0.0031789904974490993
1771057948902501266,0.014473710098310583,2.1396623620589376e-05,0.0034681759482296432
1771057949002417812,0.016513438830490616,2.8942317595875243e-05,0.003806034731520643
1771057949102488689,0.018286678678790975,3.647776860540577e-05,0.0044495843098226896
1771057949202512388,0.020396828094730556,4.614381721217222e-05,0.004818586405483178
1771057949302500027,0.022431761897867553,5.625285482008225e-05,0.00511156675777573
1771057949402472629,0.024262327566511966,6.603472172955912e-05,0.005483129149485483
1771057949502502128,0.026392990083533203,7.790390692147213e-05,0.005540945009851566
1771057949602430185,0.028482749569159554,8.865612000564248e-05,0.004913350383870632
1771057949702484391,0.030438110133917735,9.770711138402983e-05,0.004665000641934789
1771057949802397971,0.03333738816316481,0.00011061818330487373,0.004339670255473618
1771057949902519645,0.036471461060235924,0.00012340541692078757,0.0038360445601769194
1771057950002495643,0.03959638319723777,0.00013409004881749392,0.0031458434466389565
1771057950102352584,0.042201502005844195,0.0001409200427634248,0.002042419956193303
1771057950202433400,0.04614374627557038,0.00014740759477591155,0.0011146783537522968
1771057950302510790,0.051489516716810825,0.00015139143561736698,-0.00021860445199284176
1771057950402605632,0.05780549564989049,0.00014488099417783598,-0.001472883837759084
1771057950502449439,0.06385175343182023,0.0001346869055449642,-0.002349623541727446
1771057950602501500,0.0720210379391285,0.00011338507093448179,-0.0027653635622274103
1771057950702495602,0.08041279686139818,8.887257081219094e-05,-0.0025703975729830745
1771057950802525391,0.08793373445867043,6.96490185720274e-05,-0.0025672265026833586
1771057950902472083,0.09766249083648196,5.39514677899862e-05,-0.0008246708114215812
1771057951002460413,0.1081402483615856,6.125877587425047e-05,0.0014807335402028414
1771057951102381596,0.11843211828820391,7.504254876043479e-05,0.0019763106851503234
1771057951202466199,0.1268497210140189,8.998735902541807e-05,0.0012384874184317798
1771057951302420124,0.13706536184275683,9.692350777779489e-05,0.0006361840749825683
1771057951402434904,0.14743279187249955,0.0001039834287581715,0.0006285197100000136
1771057951502465294,0.15815139821356244,9.685281373020804e-05,-0.0011996113033263716
1771057951602493159,0.16690464670421548,8.121132009154472e-05,-0.001856580141291441
1771057951702418028,0.17764635415649052,5.272081474271497e-05,-0.004062055473056922
1771057951802415867,0.18820416631528095,1.1176146951350683e-05,-0.004258256001099586
1771057951902415027,0.1968147328019318,-1.9288195985172175e-05,-0.0024907957439233705
1771057952002422904,0.20707148824745092,-3.2046514258606346e-05,0.0005851339021927898
1771057952102388761,0.21743728399012288,-1.1640635670992771e-05,0.0025845768468593594
1771057952202479495,0.22762553142975891,2.821502359362766e-05,0.004508459669600106
1771057952302458306,0.23814274599245716,8.943725261095694e-05,0.005988927549309083
1771057952402461734,0.2468942655732562,0.00014114432108627029,0.005619443514279495
1771057952502454412,0.25745566813820464,0.00019073127165412953,0.003843510572224168
1771057952602495682,0.26804153101269335,0.00022259760538985342,0.0024221301552758475
1771057952702490143,0.2768017117719047,0.0002479055591409643,0.0026648178716596423
1771057952802429269,0.2875094792456716,0.00026954573703391463,0.001769663748062201
1771057952902388513,0.2963266885642822,0.00028952022299854284,0.0029607230544355092
1771057953002526046,0.3069034262386045,0.00032520594389703363,0.0032257791562326113
1771057953102470712,0.3174851881280049,0.0003796955085167334,0.005879716566428437
1771057953202509497,0.32604465056379006,0.0004334065981411781,0.006332146932283467
1771057953302421691,0.3365284286031038,0.0005108982533865606,0.008558504483349851
1771057953402458352,0.3469979165802116,0.0005959210757303549,0.007770161188338017
1771057953502537393,0.35583515842155666,0.0006593467990125258,0.006903286363505421
1771057953602405303,0.36661801133539595,0.0007350313835367974,0.006535269757350429
1771057953702350520,0.37737825419144666,0.0007840318125564256,0.002882407469220436
1771057953802471230,0.38799042090055114,0.0008101866654838812,0.0015966416080980905
1771057953902450362,0.3964429070494285,0.0008274981776406481,0.0025573201109926978
1771057954002488986,0.40678724705567537,0.000867062896805791,0.005207449382271197
1771057954102418894,0.41730530154496903,0.0009321815211754856,0.007784937705723351
1771057954202478347,0.4260975574116787,0.0010100262417838987,0.010259429793088783
1771057954302434544,0.4365870046642002,0.0011148945807638443,0.009271660322897033
1771057954402446047,0.4471956779080142,0.0012152137432011804,0.009247914370444229
1771057954502454864,0.45568323547243955,0.0012930636665401392,0.008717240001797785
1771057954602546688,0.4632804672650953,0.0011436450981425021,0.00884263372243715
1771057954702492626,0.4138378649333313,-0.0036156723746453563,0.008151176300977475
1771057954802486445,0.367566243925548,-0.008119858362398775,0.00911869694824294
1771057954902514910,0.3764264158725843,-0.008036002628379953,0.009343612634538674
1771057955002500573,0.38704236386254964,-0.007937781555100514,0.009422206216821157
1771057955102500062,0.397500044183165,-0.007833754226509258,0.00997607999642988
1771057955202420581,0.4056567807505058,-0.007744242290301682,0.012428900819340387
1771057955302410622,0.4158377035801113,-0.0076047526109268605,0.014920313709508979
1771057955402431482,0.42648533309556824,-0.007454003360333812,0.014159512579357506
1771057955502486215,0.43706258943099896,-0.007306443488918535,0.013836243708282792
1771057955602466869,0.44569423085214777,-0.007199147734869442,0.010444446663155903
1771057955702481987,0.45644294373413874,-0.007093608049032245,0.008676730744925526
1771057955802479472,0.46713345231525183,-0.007005343115633451,0.007482864019790043
1771057955902552941,0.47584667895385646,-0.006938609609122976,0.008060905357003505
1771057956002490072,0.48624163914687124,-0.006847464765362243,0.008735954947964517
1771057956102398267,0.49702446048394344,-0.0067359621633659795,0.011361543707134367
1771057956202487346,0.5057650912963907,-0.00662094441140792,0.014269138102841809
1771057956302481815,0.5162318537123433,-0.006466767362417566,0.015549068758323088
1771057956402553570,0.5266752787783264,-0.00630250359391923,0.015337422334187369
1771057956502478807,0.5352051825618199,-0.006172383721845358,0.015333266547369837
1771057956602481983,0.5458859562993218,-0.005999579123109085,0.016771370928028752
1771057956702391541,0.5567703887103136,-0.005832953803225974,0.014689322583407518
1771057956802390498,0.5657355079289481,-0.0057035107026399195,0.014118335565566357
1771057956902403302,0.5762462277053069,-0.005563967578448278,0.012117967615668865
1771057957002394404,0.5868275846248003,-0.005441021482498297,0.011586704221208157
1771057957102396657,0.5952465605261363,-0.00533276248224566,0.013968326435810708
1771057957202393109,0.6056360048642586,-0.005173500689908751,0.01770000409635521
1771057957302386165,0.6161089523006034,-0.004976049677480715,0.01932326318620849
1771057957402392756,0.6251007378670212,-0.004799693505112601,0.020267276763542234
1771057957502390571,0.6356039372237345,-0.004592734229571028,0.01946999270583911
1771057957602393044,0.6462225320192145,-0.004405576771699296,0.017125950858333183
1771057957702394376,0.6549836138838415,-0.0042593037801376835,0.01630620546932816
1771057957802393363,0.6655519084940839,-0.004095973948307796,0.014704575816939259
1771057957902410834,0.676303342239387,-0.003934560038331997,0.015012859001353688
1771057958002391947,0.6852549978452188,-0.003800995048704719,0.014765826600722435
1771057958102371577,0.6958034669634883,-0.003636349886832789,0.01684276253053757
1771057958202393707,0.7059194606066823,-0.003461210099213038,0.01765777378060976
1771057958302390279,0.7160453001458467,-0.003269414671250012,0.01970017966223605
1771057958402389476,0.7246143530928996,-0.003506081471809539,0.0219763009008414
1771057958502395966,0.734632230859145,-0.0132895998234782,0.024261902713347973
1771057958602373141,0.7452560640116787,-0.0225987284384166,0.02411008550902655
1771057958702386935,0.75571427791907,-0.022352581131593004,0.023433094639067748
1771057958802402062,0.7642074992515363,-0.02216461241572918,0.02063307718417438
1771057958902405056,0.7748749162489417,-0.021953985646433374,0.018805661031034288
1771057959002363736,0.7854340721070241,-0.021760716913086165,0.017523606019291926
1771057959102390124,0.7939980525105063,-0.021606929996475642,0.018627789015100153
1771057959202392666,0.8044809770373182,-0.02139937148412984,0.020830471074050637
1771057959302400328,0.8151035728462873,-0.021170887211278834,0.022904639305240483
1771057959402398302,0.8238367358932752,-0.020957263029402116,0.025802222957933107
1771057959502501355,0.8344355193837082,-0.020695220783901208,0.02353530375685691
1771057959602417364,0.8450010866777772,-0.020449854393948468,0.02273766604329457
1771057959702301391,0.8536151769141559,-0.020256454755416535,0.021881573667908816
1771057959802301920,0.8642912858709205,-0.0200220891994928,0.02203576251999914
1771057959902489814,0.8750681236455379,-0.01979272078437276,0.02044577330559864
1771057960002318908,0.8841819400688518,-0.019609381764284513,0.01993659559895047
1771057960102364661,0.8949098103919035,-0.019395439990855058,0.019823509192260086
1771057960202392211,0.9055261213341603,-0.019184328679503808,0.02055565292016389
1771057960302374905,0.9140021699435241,-0.01900245773722039,0.022194545095587475
1771057960402431239,0.9244025007615333,-0.018757230681429718,0.02493907903058758
1771057960502403273,0.9348305546565674,-0.018479489942942854,0.02795673149617141
1771057960602363805,0.9435998060505579,-0.018236846314676813,0.028036638300222065
1771057960702463662,0.954094147679363,-0.01793984311371884,0.028724396615451658
1771057960802368148,0.9646220071490481,-0.017649936788656735,0.026803237715133595
1771057960902464938,0.97321686692261,-0.01743487435117304,0.024040994273595975
1771057961002415151,0.9838297441272175,-0.017192307253529555,0.02223255448796967
1771057961102385511,0.9942067752507819,-0.016959798012216087,0.022800277984618925
1771057961202415214,1.0049723008788314,-0.016709092553842002,0.023638641176837706
1771057961302416032,1.013523732297048,-0.016494738122650055,0.02606409412144939
1771057961402472766,1.0239375535886681,-0.016218776291836504,0.02692791905758516
1771057961502412519,1.0342788843955624,-0.01593571989055126,0.028137743868784936
1771057961602408047,1.0428599286539662,-0.015697145414894094,0.027140053249256398
1771057961702415838,1.0531235442724733,-0.015417582676194044,0.02768274658529261
1771057961802384184,1.0636214585422705,-0.015121238016923399,0.028190768978920245
1771057961902472489,1.0745208212151844,-0.014828546554093186,0.025873863664506638
1771057962002356575,1.0832859543324649,-0.014606585190516129,0.025026903348566335
1771057962102336463,1.0938674990016866,-0.014354218337062307,0.022801435805675223
1771057962202399258,1.1035996408659825,-0.014343137440535,0.023432046018761518
1771057962302383945,1.0920064022779987,-0.019297919890615207,0.023978014198052428
1771057962402352411,1.0833297897833878,-0.02396544300713413,0.02566161469372824
1771057962502472665,1.093471458427382,-0.02369357835784005,0.027211757292343992
1771057962602497408,1.103910519073929,-0.02339560009899541,0.029529648202745333
1771057962702433763,1.112641494024724,-0.023128770007836287,0.030598728633443328
1771057962802396599,1.123036457789328,-0.022807867855109163,0.03136449268633756
1771057962902388670,1.1333672973708384,-0.02249361185132542,0.029711256228952255
1771057963002385530,1.1440790175726672,-0.022192718558531853,0.027697368261468035
1771057963102365888,1.1529538763032885,-0.021942127256346672,0.028021545538156504
1771057963202389027,1.1638501656809694,-0.021643148528749073,0.027043646797113276
1771057963302397709,1.1725700275427668,-0.021402302562155227,0.028337543896821183
1771057963402413745,1.1831132087263523,-0.021103139521888366,0.028282146069713292
1771057963502433447,1.1935913154446258,-0.020787766117947054,0.030956235123700028
1771057963602413946,1.2021652830052878,-0.020517359156975102,0.032368163242001084
1771057963702396929,1.2126614948751981,-0.020167524712976972,0.03445132844159706
1771057963802410350,1.2231911363488066,-0.019810434848374647,0.033033267719224234
1771057963902427788,1.2339763217614255,-0.0194630556341891,0.03163337005479316
1771057964002317685,1.2428512396887383,-0.019195028710760266,0.028719562776165407
1771057964102395387,1.2536086370482287,-0.01889983791397814,0.026813014574999766
1771057964202416161,1.262361110847312,-0.018663172580323278,0.02670113162101652
1771057964302408291,1.2727862853619556,-0.018377267274362466,0.028426673036463904
1771057964402489400,1.283455541043863,-0.01805988408681108,0.03116933770867305
1771057964502398963,1.2938546526508512,-0.017729579817902193,0.033081529594584116
1771057964602365234,1.302558270758693,-0.017431631807612515,0.03518013385210312
1771057964702399664,1.312782688681806,-0.017071158538816095,0.034626791105880426
1771057964802414668,1.323356799990121,-0.016694115235865784,0.035697537638890955
1771057964902368826,1.3318311252038628,-0.016393167545138244,0.03556783573924188
1771057965002334325,1.3422184233796264,-0.016021992978994606,0.03589090245807502
1771057965102399322,1.3531009992691345,-0.015649379879769255,0.03268318514600822
1771057965202405348,1.3637498692643217,-0.015306872682493824,0.03144930161129512
1771057965302429258,1.3725514430426118,-0.015031659088588962,0.03078010704946918
1771057965402383044,1.383109554610505,-0.01470304356651304,0.031660375493758885
1771057965502402516,1.3916569766646425,-0.0144252467424194,0.03301118685688351
1771057965602312339,1.4020912978891524,-0.014064904168079127,0.0361841973947854
1771057965702415008,1.4127809774559756,-0.013658722896782296,0.03866336800024316
1771057965802408620,1.4215904028482815,-0.013328420690540233,0.03734335682939954
1771057965902447588,1.432179574275782,-0.012939750864150897,0.03647277691438328
1771057966002294031,1.4416260782865562,-0.01306552974000939,0.03382024589531522
1771057966102383194,1.4254180790076227,-0.02292024200221187,0.031178234159594042
1771057966202295351,1.4123173599262495,-0.03227868578092401,0.02795513785432604
1771057966302291898,1.423225455805874,-0.03197123878106213,0.028316087150741295
1771057966402330355,1.432004744772811,-0.031720042110047586,0.02802611155430739
1771057966502285384,1.4426822876388419,-0.03140293966624134,0.030888931502535334
1771057966602367734,1.4532829959806564,-0.03106704614674393,0.03247078838215479
1771057966702364080,1.4617819756091754,-0.030789732218146376,0.03342244234792992
1771057966802374274,1.472151347842862,-0.030437348626931718,0.03443382390429708
1771057966902389737,1.4825965648081498,-0.03007440093845323,0.035276375449560346
1771057967002413185,1.491538492747847,-0.029746449307230447,0.03688809241142061
1771057967102422015,1.5022817222475116,-0.02936560197923045,0.03388740588905372
1771057967202366953,1.5130969330545185,-0.029008535384233387,0.03180202176422185
1771057967302462999,1.5218924355563652,-0.028739708164730003,0.029272843071310242
1771057967402475145,1.5322261867862876,-0.028439096619841085,0.029132904819855306
1771057967502303713,1.5424623823729224,-0.02813733613963361,0.030315233483862326
1771057967602309748,1.5508830709747006,-0.027872151340134176,0.033099945537529436
1771057967702290454,1.5615150060958645,-0.02751193840387302,0.03387910038381335
1771057967802390978,1.5721995044706245,-0.027141367410807072,0.034844797290156306
1771057967902344263,1.5809008794922617,-0.026837522243103817,0.03489074547692742
1771057968002404901,1.5914386307222244,-0.026473257576650294,0.034693514123023836
1771057968102330272,1.601997099096162,-0.026116282800670694,0.03272904792735421
1771057968202450863,1.6107919191736884,-0.025834796639092623,0.03121846011352217
1771057968302358150,1.6216415069364185,-0.02549601006139661,0.030771931302831824
1771057968402425771,1.632521419234839,-0.02516708112423389,0.030548852952469795
1771057968502386289,1.6413508992098704,-0.024891121565842673,0.03168732499502606
1771057968602388586,1.651813986378745,-0.024552253476652523,0.03293125964874405
1771057968702383929,1.6623324822250214,-0.02418734895990051,0.035809856009428875
1771057968802418357,1.6708252023158099,-0.023875515542336807,0.037690451835388515
1771057968902477693,1.6812653490379372,-0.02346772451881382,0.04096933669275875
1771057969002385480,1.6920879289766284,-0.023025940947383253,0.04036695808062937
1771057969102298227,1.7010371932247492,-0.022668526732964572,0.03956695608386906
1771057969202430901,1.7116815661215656,-0.022273387144055155,0.035030426281747365
1771057969302413449,1.7223506622580267,-0.02191001955494132,0.033413832736205816
1771057969402474678,1.7310436885556955,-0.02162130094794609,0.032755727305677045
1771057969502891931,1.7414607265329516,-0.021275986820873862,0.033822120830512815
1771057969602553491,1.7521624632826551,-0.020893188232728194,0.0369740007836554
1771057969702476057,1.7609191332576655,-0.02055510356680665,0.040562010399620915
1771057969802376259,1.7701757425844316,-0.020364327858963645,0.04134056608386825
1771057969902436135,1.7556073435746993,-0.02494221376310797,0.040211769969865106
1771057970002373498,1.740468492591016,-0.029345928314914768,0.04093485615275999
1771057970102349815,1.7509102610517469,-0.028925815077055904,0.04000579731996175
1771057970202370225,1.761613099031812,-0.028494375166031434,0.04087359264653253
1771057970302413108,1.770524423519914,-0.02813897968805118,0.03846947560705626
1771057970402544539,1.7814257232886217,-0.027726859293838425,0.03728338956030187
1771057970502484847,1.791813148148709,-0.027350158677941876,0.0355939708901515
1771057970602411079,1.8005229839494803,-0.027036865789435642,0.036223695420169996
1771057970702306873,1.81079504426788,-0.026655599360102825,0.03794461547509166
1771057970802397756,1.8212607512529158,-0.026238195161952194,0.041177905296907756
1771057970902452672,1.8313857345457267,-0.02580502779048769,0.044148993792252636
1771057971002404552,1.8399469585622026,-0.025431642862864395,0.04442101024766544
1771057971102410064,1.8505114672372944,-0.024964401103829276,0.043650643214218764
1771057971202743016,1.8611360238549544,-0.024516581470548623,0.04090873576732377
1771057971302316568,1.869897362260761,-0.02417111935178194,0.038470060291506555
1771057971402436326,1.8804873939959579,-0.02377425437813089,0.036859051464152776
1771057971502406160,1.8912228521468781,-0.023383097270452305,0.03619983909585505
1771057971602428363,1.900051880782209,-0.02306167125171652,0.03638620589700337
1771057971702404369,1.910731978073392,-0.02266566695348083,0.0376660713076109
1771057971802397958,1.9211799523576862,-0.02227022324477563,0.03798289291283632
1771057971902342964,1.9298302054406473,-0.021936350856355556,0.039959234342948145
1771057972002402719,1.9402369798162435,-0.021513892490258806,0.04087769193689608
1771057972102316516,1.950716907810879,-0.021077636319001163,0.04198080356547083
1771057972202406877,1.959647435960221,-0.020701852843201023,0.041510668452833424
1771057972302396378,1.9704609247170135,-0.020266455125830404,0.03928647098093884
1771057972402435082,1.979379276355156,-0.019918774344812068,0.03878973362437395
1771057972502363797,1.9899334856067548,-0.019521667129341898,0.03702634979717725
1771057972602396599,2.000621731321786,-0.01912080562771204,0.037817861000925455
1771057972702403092,2.0092440728230243,-0.018789639763563085,0.039483603061849705
1771057972802493654,2.0197467533384827,-0.018356276908009894,0.04299022120713085
1771057972902388085,2.030173614494476,-0.017897826203536013,0.044530951251374004
1771057973002415948,2.038898874531285,-0.01749662236778847,0.046706431291872956
1771057973102405949,2.049497679596037,-0.017005352441425405,0.04578700810200284
1771057973202404215,2.0598139980818457,-0.01652974770180468,0.04649370918576576
1771057973302416478,2.0703033572616323,-0.016044234015205903,0.045631051839158714
1771057973402456564,2.079137807200835,-0.015874621282831333,0.04409539316337368
1771057973502703252,2.08994084956838,-0.02009978663877219,0.04633682434826861
1771057973602403403,2.100745792093478,-0.02402170041225421,0.04818781710380824
1771057973702409755,2.1093804488579098,-0.02360447817911293,0.048281973420894686
1771057973802418361,2.119839323265452,-0.02309506217253668,0.048713327151567266
1771057973902392382,2.1284223734579224,-0.02265893222992106,0.052438068889534555
1771057974002370059,2.138856902865855,-0.02210749124558245,0.0541654268985913
1771057974102419793,2.1492081691407736,-0.021538379514540462,0.055599917007242365
1771057974202705364,2.159962675146669,-0.02094918311424103,0.05392106484424417
1771057974302425412,2.1686704839388384,-0.020483214234330915,0.053164789741400036
1771057974402526594,2.1793354100461095,-0.019925984225719756,0.05100103976692869
1771057974502401906,2.1900365834053788,-0.019391032991112445,0.049250251942655345
1771057974602530139,2.1987634732764563,-0.018960698588388794,0.04905056841641383
1771057974702410962,2.2091409560651427,-0.01844564299849294,0.050152603554197366
1771057974802414368,2.21989565779237,-0.017900155825202935,0.05141665209542034
1771057974902475012,2.22862083784664,-0.017446121042403923,0.053091549806249604
1771057975002413044,2.239064428788621,-0.016888191538138655,0.053728639878868556
1771057975102496231,2.249462359256213,-0.016330496648480256,0.05321057628912553
1771057975202505697,2.258114955974344,-0.01585674116165056,0.055491465189338104
1771057975302496769,2.2684725639180425,-0.01528057950476859,0.056103284204206336
1771057975402471200,2.2792914802102398,-0.014669917080939412,0.05655329949489533
1771057975502475286,2.2882811661856026,-0.014171745339815828,0.054534271343550225
1771057975602395433,2.298987797156905,-0.013594946673590347,0.05251712489776729
1771057975702472108,2.309532353450794,-0.01304588161136594,0.05166205084773973
1771057975802495260,2.3182687098580708,-0.012592332268740958,0.05275213808129588
1771057975902489679,2.328647438347534,-0.012037058866759362,0.0543691508067287
1771057976002649530,2.3391916540645847,-0.01144187235567759,0.05783337249246537
1771057976102383053,2.347911687678552,-0.010924486469675157,0.059604562855364265
1771057976202480476,2.3583820559376303,-0.010308751244449063,0.058822801576979354
1771057976302474032,2.367137791885327,-0.00979940850911705,0.057959052240279356
1771057976402502084,2.3778044536580403,-0.009193088141854544,0.05561318220332004
1771057976502508714,2.388374242631431,-0.008614230464098302,0.05392186238178391
1771057976602474808,2.3971627553713812,-0.00814257482122599,0.053374028748697094
1771057976702474085,2.4079123879466855,-0.007569891271707194,0.05306393805344638
1771057976802514701,2.4185000638947893,-0.00700809238692901,0.052789544185750145
1771057976902491845,2.4274348336921334,-0.00652218903768452,0.055000694394701524
1771057977002419376,2.4376783070642354,-0.0059509372001698285,0.056628730272047685
1771057977102499195,2.447834144809941,-0.005372647455284943,0.0580230074729174
1771057977202505826,2.4584658658162155,-0.005031715682037641,0.059756175029816616
1771057977302577289,2.477191858660681,-0.00982033287233891,0.057316299136781546
1771057977402471806,2.4975668910080877,-0.014287319675364729,0.05366360644370774
1771057977502389558,2.508462906438038,-0.01372079631683873,0.050520578813423436
1771057977602319713,2.5173361070425644,-0.013284051766195681,0.04790116499919345
1771057977702370628,2.5278643787387223,-0.012787742259250626,0.04627928599824154
1771057977802414308,2.538462350507577,-0.012290262130097068,0.04741140413745372
1771057977902425728,2.547062630438037,-0.01187415386082194,0.049500624586924065
1771057978002409815,2.557772543185963,-0.011332399293555964,0.05206364421516204
1771057978102398621,2.5681673944296626,-0.010785310166818884,0.05284327928791058
1771057978202493939,2.576909898493695,-0.010321436261769026,0.05294258514283437
1771057978302330466,2.587438128616511,-0.009770854626067596,0.05181412307189056
1771057978402430553,2.597651612494816,-0.009240678748111672,0.0524989741076659
1771057978502502867,2.606058686235297,-0.008806020861142544,0.050712545613010404
1771057978602599478,2.616678525225611,-0.008275106148580555,0.04913061181558723
1771057978702562194,2.6275117681258537,-0.0077459084887401,0.04823314641531963
1771057978802525341,2.638294696776568,-0.007235452939355999,0.0469818359975706
1771057978902406523,2.647113997880661,-0.006816927453618643,0.04778249330961429
1771057979002434373,2.657470773796486,-0.006310177665423813,0.04978825505962087
1771057979102494163,2.6678516864080044,-0.005770618701102015,0.053331767374285424
1771057979202511342,2.6763460326001143,-0.005308766609659454,0.05550248504128191
1771057979302469179,2.686963118836492,-0.004706804248049465,0.05803193180483651
1771057979402473614,2.6956910198668274,-0.004201803427913639,0.05730913758037797
1771057979502477047,2.7065202007319176,-0.0035931803484335473,0.055371112763051476
1771057979602425716,2.7171578475682456,-0.003024544797280565,0.05170083938174544
1771057979702570427,2.7259761980951525,-0.0025708760818834303,0.051355659623569944
1771057979802579140,2.736459018277646,-0.002030620551511611,0.05183053352759293
1771057979902559450,2.7471875892963986,-0.0014717277630324904,0.05229023831701898
1771057980002573673,2.7560155020472297,-0.0009916139041251104,0.055524819752693334
1771057980102381244,2.766706170822554,-0.00039652997070381557,0.05600967875174561
1771057980202418611,2.7770632651915603,0.00018152343726715592,0.05513426210428367
1771057980302484673,2.785684397662141,0.0006538530796452169,0.055052562588321335
1771057980402456575,2.79617503915335,0.0012396611646230682,0.05646312850710907
1771057980502466881,2.806384675662183,0.0018086382280265018,0.05539068401979968
1771057980602500020,2.8171063029278196,0.0024067352345927134,0.05620747400471992
1771057980702389336,2.826068851992761,0.00289997583195796,0.053597355978076154
1771057980802594080,2.836140496980765,0.0029957465304651792,0.05349215965211158
1771057980902377476,2.8365681783828975,-0.005943029010479994,0.05816735523607439
1771057981002278344,2.8356123646079663,-0.014461254012818711,0.06569715568048863
1771057981102467017,2.8458902058051185,-0.013776017777823835,0.06752565447415093
1771057981202472563,2.8564411028144403,-0.013046003646851906,0.07014289650600743
1771057981302480604,2.865203214336845,-0.012419340152874797,0.0722575421770215
1771057981402394967,2.8756599955572018,-0.011666496867833678,0.07138992503580982
1771057981502355958,2.885917498227681,-0.010931526531687469,0.07159914113874326
1771057981602582213,2.896130170140161,-0.010210829314603376,0.07005076255469014
1771057981702393461,2.904633455117898,-0.009622613043913139,0.06834118373873826
1771057981802461094,2.915051910250657,-0.008917146686265157,0.06721515167762579
1771057981902403551,2.925592075738003,-0.008207981853162585,0.06714109417655832
1771057982002379080,2.936103270795798,-0.007498682420048031,0.06743806532308988
1771057982102312719,2.9447304420710823,-0.006910275278834366,0.06852465806056485
1771057982202484019,2.954901775720684,-0.006200946967560517,0.07023984147664418
1771057982302415965,2.965025704237719,-0.005472946585985378,0.07400446769789767
1771057982402469251,2.975200797276471,-0.00471392423052755,0.07488282296806406
1771057982502553255,2.983935655140126,-0.004054904347728344,0.07549307528237328
1771057982602533443,2.9946708878694075,-0.0032503495014884753,0.07398062754498881
1771057982702560088,3.005369586078534,-0.0024688736820315804,0.07253873715392939
1771057982802507914,3.0139772022185465,-0.0018526593311865847,0.07042334919647324
1771057982902490757,3.024581169739032,-0.0011123627992297158,0.06934291203330685
1771057983002456977,3.035173578418266,-0.0003714962422362855,0.07057748757886899
1771057983102317587,3.0437998472276813,0.00023986840717524216,0.07188843727573029
1771057983202424785,3.054291303028926,0.0010104788543683074,0.07513362219076576
1771057983302585615,3.064789059449785,0.0018165595695147363,0.07754251209001352
1771057983402419193,3.073519110109932,0.0025006597067417924,0.0788621653567814
1771057983502497917,3.0839256125544274,0.0033115817093052613,0.07688809614809497
1771057983602518030,3.0944175823517237,0.004125285215621555,0.07804814781849699
1771057983702322463,3.103116313847041,0.0048036619443996564,0.07667000432264019
1771057983802420744,3.1139117402366283,0.005628100300020394,0.07568494475118957
1771057983902380091,3.124912746941662,0.006459961095983235,0.07527281379583568
1771057984002358425,3.13365800806453,0.00711289398954934,0.07402657750494657
1771057984102373036,3.1441333405758667,0.007891743528860462,0.07475166730592453
1771057984202371337,3.154528246617113,0.008680236440041011,0.07642718646978516
1771057984302427377,3.1632414521209933,0.00936725577244965,0.08035192945500233
1771057984402473068,3.174209496343707,0.009930679455722347,0.08082744411063725
1771057984502331123,3.199712857811203,0.005314820395169187,0.07712896862228384
1771057984602320386,3.224574200585799,0.0008552269210450186,0.0704968858896521
1771057984702751277,3.2333458430038613,0.00146983774687158,0.06920447344063427
1771057984802341404,3.2439033226338982,0.0021938529569240223,0.06727168279092231
1771057984902363510,3.2545552202893435,0.0029107876640487723,0.06718177978523976
1771057985002414410,3.2632670306182856,0.003497157778271809,0.06713937339475562
1771057985102497250,3.273928768028523,0.004218575178989992,0.06816949187197678
1771057985202296573,3.284582152801531,0.0049456788703745175,0.06861276211568952
1771057985302849175,3.2931539035795185,0.005538262673450742,0.0697431463935843
1771057985402380299,3.3037200036626806,0.006283925516549924,0.07174244685754379
1771057985502351858,3.3139695438657846,0.0070227649881692555,0.07228524777375152
1771057985602505082,3.3225627265231545,0.007655962320733442,0.07434653806907023
1771057985702389436,3.3330912496453347,0.008433281629346201,0.0732486678153634
1771057985802526820,3.3439166614507103,0.009227196769766882,0.07291225528147169
1771057985902435340,3.352750232624941,0.009861365471516073,0.07045135161435234
1771057986002433810,3.363489538571825,0.010614559705056287,0.06890069371267192
1771057986102432371,3.3739188337990385,0.011332405775483542,0.0682860209980078
1771057986202382258,3.382335065887239,0.011915382128553129,0.06998683856303696
1771057986302506587,3.3926780433400996,0.012647874064346018,0.07121213321609725
1771057986402400088,3.403434281539234,0.013437852748171525,0.07452291344495067
1771057986502365024,3.412075852378105,0.014088121714324206,0.07526331989067245
1771057986602526904,3.4227153343272483,0.014883801218782106,0.07446580269570946
1771057986702320305,3.43319244147146,0.015660366414822116,0.07330779239968682
1771057986802419135,3.4419794590202657,0.016300955182482355,0.07226724465581992
1771057986902417926,3.4524997450046166,0.01706397573697775,0.07223330740631918
1771057987002399955,3.4633719040065483,0.017840562690510584,0.07087491420285849
1771057987102309836,3.472393761149943,0.0184784060978513,0.06998020624115353
1771057987202474330,3.4829592957108026,0.019218820618057714,0.06974272938177449
1771057987302347462,3.4935233210905516,0.019971308416961556,0.07185994428577692
1771057987402316836,3.5020292410280205,0.020590289009725926,0.0737594340955791
1771057987502415626,3.5124164189274696,0.021370252410697385,0.07700560920394502
1771057987602389108,3.520778959475865,0.02202047305204871,0.0777513435572494
1771057987702387908,3.5314408595392703,0.022857683804434634,0.07892887816088975
1771057987802431052,3.542253230613223,0.023698985841675124,0.07672585528260749
1771057987902348869,3.5510892736818396,0.02436377590679724,0.07318467347122039
1771057988002514816,3.5609854389206164,0.02490291846975047,0.0706227455494052
1771057988102326861,3.556654520391959,0.021141153449041522,0.0748486908708342
1771057988202352882,3.55091706379935,0.01751664654983473,0.08088653999608945
1771057988302389934,3.5615434934005323,0.018389010436322933,0.08346628235402032
1771057988402455009,3.57194417140449,0.019276576835231707,0.08668483965395615
1771057988502480720,3.5823987947454423,0.020184338856854583,0.08639981179257437
1771057988602503074,3.5910416917903527,0.020935218956574297,0.08632910409091787
1771057988702412243,3.6015287929016435,0.021839024310166627,0.08580944689376639
1771057988802568612,3.6117883848234373,0.022726386808580884,0.0866980875462967
1771057988902287601,3.6202125885701295,0.02345568360403083,0.08583689361208877
1771057989002484666,3.630968856120327,0.024373188249725453,0.08461455464076349
1771057989102396019,3.6419278423466057,0.025294932160805583,0.08330692487653599
1771057989202424575,3.6507101263690847,0.0260228461136868,0.0826748120018698
1771057989302419416,3.661267303734613,0.026899975354738703,0.08276310285703631
1771057989402490883,3.671564807536135,0.027768967827844687,0.08536952610848983
1771057989502405031,3.6800699633658853,0.028511157445404528,0.0886250298050294
1771057989602433947,3.6905706406273504,0.029451548442114728,0.09051798114221493
1771057989702425362,3.701057735715848,0.030408360586462707,0.09193456551172703
1771057989802418581,3.709762771037448,0.031201316851968836,0.08951962975209603
1771057989902353729,3.7203333738978364,0.03214496563441596,0.08857012746369224
1771057990002481663,3.7308825279817373,0.0330650553976867,0.08555191927511388
1771057990102364832,3.7395002142864846,0.03380502921781692,0.0855672135757284
1771057990202477917,3.750164103671518,0.03470128257832375,0.08129609021082874
1771057990302478980,3.7610095984693523,0.03554290283464012,0.07373502998651811
1771057990402497736,3.769769165755401,0.036153102644916724,0.06539505384915155
1771057990502452110,3.780222353482928,0.0367976035504361,0.05630110753187176
1771057990602419469,3.7906068841442315,0.037327273146064016,0.046555860755719596
1771057990702460117,3.7991519340906765,0.037691214968811115,0.03871968850402901
1771057990802527485,3.809689846969554,0.03804685468873617,0.027849535920543934
1771057990902450440,3.8202586186656924,0.03827829987554068,0.01604959947604042
1771057991002391739,3.8293794883763668,0.03838569021893351,0.006617286670633496
1771057991102454869,3.840223857430924,0.03839888265143823,-0.00485537812557786
1771057991202399514,3.8509610384725588,0.038282664809114575,-0.016220041316307447
1771057991302411307,3.8595714827570746,0.03811742917678032,-0.02201336728821066
1771057991402491619,3.8699515399457707,0.03786551694027429,-0.026314686497508046
1771057991502455902,3.8803729357073355,0.03760162581574117,-0.024591122485280423
1771057991602485047,3.8891387075859076,0.03739295259666481,-0.023580305715918078
1771057991702479898,3.8996737184074663,0.03715010476514591,-0.02181447664868185
1771057991802338329,3.911332939289623,0.03683300524943339,-0.020196077326805766
1771057991902359249,3.9373375708279017,0.03501038627997344,0.013968395135814568
1771057992002517279,3.959350797123019,0.033545975766238856,0.04617186002975619
1771057992102365511,3.970047188127369,0.03402189676032635,0.043240604253538324
1771057992202528439,3.978897480834493,0.0344000219204435,0.042724768692950305
1771057992302534691,3.989678426003824,0.0348602088454833,0.04222556094527022
1771057992402465840,4.0003083776028685,0.03531449439364304,0.04349385235811873
1771057992502401888,4.008935020788796,0.03569335387936745,0.04438114724297909
1771057992602412328,4.019255169620394,0.03615729821125907,0.0463622422741994
1771057992702778241,4.029685700332156,0.036646212932536504,0.04668660149418962
1771057992802491267,4.038423866880442,0.03705805172091575,0.04713856276135738
1771057992902457252,4.04915442444928,0.037557757877075326,0.045595242440703586
1771057993002471679,4.05989520811673,0.03803736007523956,0.04427852022286833
1771057993102321273,4.068737892705213,0.03842354505314727,0.0425813906892263
1771057993202387377,4.0795089681870875,0.0388682718470747,0.03992837768127716
1771057993302382307,4.090004649648695,0.039286434223639255,0.03989728498663596
1771057993402413275,4.098721636060242,0.03963148841016911,0.04030881200302117
1771057993502381864,4.1091849637379125,0.04007183965079847,0.04334450232517613
1771057993602377084,4.119800611663155,0.040547384440187406,0.04596334857051884
1771057993702455202,4.128453229014154,0.04095960326017528,0.04858636706480175
1771057993802394486,4.138899708851667,0.04146973384884706,0.048557390004991784
1771057993902379867,4.149311260908983,0.04197701091473277,0.04892758346025529
1771057994002389434,4.158015207811115,0.042390043591020776,0.04609945646218673
1771057994102367742,4.16881307889164,0.04287151775406256,0.043364082645088516
1771057994202389712,4.179603627380894,0.04332922606307732,0.041226543170695594
1771057994302387126,4.188470867667451,0.04369352559769929,0.04155305513630366
1771057994402503154,4.199159895991185,0.04414769476872332,0.04298815797978755
1771057994502474498,4.20777440612495,0.04451987748379088,0.04352512293708627
1771057994602404835,4.21804024654418,0.044976101763772536,0.044536484468769184
1771057994702386298,4.228458392861373,0.045440337510117834,0.04467636756614062
1771057994802409962,4.237182618835404,0.045839078242943754,0.04666409629105081
1771057994902388530,4.247966962793352,0.0463390735590794,0.0462539161306289
1771057995002389751,4.25880821827686,0.046842102546558184,0.04639730750884265
1771057995102384068,4.267513867587146,0.0472457514975928,0.04583123343710746
1771057995202416708,4.278245989946533,0.04772907393952608,0.04443322575761435
1771057995302411987,4.288955110655304,0.048197560427283015,0.0427318476260692
1771057995402294913,4.297813733406271,0.047814237058731224,0.04088781833552764
1771057995502387146,4.306054376521474,0.030207778821616793,0.007440172080095576
1771057995602391963,4.309029631958526,0.012385612053655848,-0.023145579918514247
1771057995702381161,4.317724746135891,0.012197682507458896,-0.020243694649194878
1771057995802392711,4.327952637906888,0.011992558609020848,-0.019122286957924044
1771057995903027833,4.338247510430806,0.01179994088705888,-0.018572072189975076
1771057996002392527,4.347031504637911,0.01163213548322517,-0.01877180999154709
1771057996102394268,4.357681334965796,0.011435541025528129,-0.018826313731184905
1771057996202393393,4.36861987557978,0.011220585017689327,-0.02016660880488787
1771057996302344719,4.3774677041198595,0.011037453303075817,-0.021683889696267767
1771057996402343504,4.388184757211364,0.010803115898752741,-0.022242872745313842
1771057996502382265,4.398438510162242,0.010582162879150342,-0.021274814303299115
1771057996602389687,4.407120380965156,0.010401951113395785,-0.02084095260033519
1771057996702382981,4.417619273034152,0.010189059963619268,-0.01878678190787977
1771057996802384592,4.42821632090413,0.009989518624834076,-0.018845415645528458
1771057996902383938,4.436971772352634,0.009830864231113401,-0.017644377876059304
1771057997002389887,4.4476318335048095,0.009646257826709609,-0.01806918927080906
1771057997102395144,4.4578933406376064,0.009448735345490095,-0.019712351444976635
1771057997202355085,4.468114875114474,0.0092346266829271,-0.022143280136111353
1771057997302347147,4.476980889931641,0.009025071925344075,-0.02457163313133804
1771057997402394023,4.487818295435831,0.008759226047061308,-0.02470195346296022
1771057997502353253,4.498357228447287,0.008494979931639252,-0.025166881471704528
1771057997602481763,4.507205029060806,0.008288378858600065,-0.02256788724628437
1771057997702403502,4.517483786203979,0.008066138736508549,-0.020847138859831256
1771057997802355237,4.527767026870209,0.007870490471158786,-0.01799417975541874
1771057997902348572,4.536438526090854,0.007715671709992128,-0.017835989966471195
1771057998002355742,4.54698808269302,0.007524205354806246,-0.017543350803431796
1771057998102345129,4.557694671906643,0.007321899557750561,-0.02033783656255023
1771057998202348802,4.566538267721195,0.007143020239352038,-0.02009954232574942
1771057998302344651,4.5774807860368725,0.006923257842351732,-0.020594585379657443
1771057998402428687,4.588100142328883,0.006692023014795795,-0.022467503976437535
1771057998502386223,4.596737841341655,0.006496206823185774,-0.02301523876675067
1771057998602372453,4.6073807179948725,0.00625379831772685,-0.022778573671981765
1771057998702357090,4.6159436405835805,0.006067242414764057,-0.021637891465227675
1771057998802359431,4.626734756949733,0.005833532099028871,-0.02080118069661837
1771057998902386810,4.637287908621818,0.005628266646534735,-0.018671275913518817
1771057999002352441,4.645949216825215,0.005465151457215933,-0.018319264154201795
1771057999102355473,4.656398670458863,0.005275551231322395,-0.018560940104142224
1771057999202355078,4.66686944994347,0.004841108393632998,-0.02115179847150707
1771057999302433673,4.6707482545204195,-0.00019067533260561098,-0.01986484755691485
1771057999402416547,4.676875791136768,-0.005016842858108966,-0.019726978763469075
1771057999502394250,4.687760010942876,-0.005227475183017388,-0.01896800665611404
1771057999602390840,4.696267744810775,-0.005384508558718554,-0.017606116633383462
1771057999702345730,4.706595353610202,-0.005562857772904245,-0.016023012515913235
1771057999802389790,4.716988147952237,-0.005716572684594551,-0.014490531964051902
1771057999902376891,4.725567169477826,-0.005834077270167826,-0.013644651486996813
1771058000002363382,4.736182671254722,-0.005964136551439042,-0.01100401289264447
1771058000102335284,4.746923474829183,-0.006093299888218828,-0.011939723547113682
1771058000202362541,4.755721770260694,-0.006193725600893374,-0.012022155183062763
1771058000302351776,4.766378673706113,-0.006329913324367886,-0.01379848219078795
1771058000402380195,4.776923235713233,-0.006474568147340404,-0.014071044584745125
1771058000502334875,4.785761388606466,-0.006617594984590219,-0.01772773804551047
1771058000602353916,4.796516752070411,-0.006811027281370202,-0.017943908199346523
1771058000702402324,4.807271551607649,-0.006992065475900783,-0.016336276650562486
1771058000802352555,4.816049103230386,-0.007125261219718321,-0.013645005947130228
1771058000902413315,4.826400757467899,-0.007253547642429747,-0.011569281859655601
1771058001002356092,4.836598584378457,-0.0073588565401261075,-0.00948707131139408
1771058001102382848,4.844896137005558,-0.007439154217958127,-0.010480853136825565
1771058001202353086,4.855584153794157,-0.007554096864512833,-0.010932203107727537
1771058001302346629,4.86633904505123,-0.007671881825908833,-0.010929843503497854
1771058001402395777,4.877358136543481,-0.00781389782040845,-0.014164625242002727
1771058001502391664,4.886281205528667,-0.00793832146608578,-0.014462815710700572
1771058001602391820,4.896866283812295,-0.008092430886698365,-0.015213604505543436
1771058001702394820,4.905410214817908,-0.008215762396766552,-0.01446623063278037
1771058001802389926,4.915920011721543,-0.008373042441036094,-0.014215398490784441
1771058001902395702,4.926357891455144,-0.008506721577279247,-0.01132903393160728
1771058002002387321,4.93511187480434,-0.008596214423024884,-0.009882123519412082
1771058002102298407,4.945690955066627,-0.008692262122111133,-0.008006117197610692
1771058002202390435,4.9563485026109415,-0.008785986474157237,-0.008890049155799452
1771058002302391211,4.965018683947268,-0.008869104592860722,-0.009401932706635533
1771058002402379373,4.975655563055603,-0.008973593705330157,-0.011604623686611273
1771058002502368177,4.986388154135725,-0.009102791777011648,-0.012594528796450328
1771058002602377889,4.995352357229808,-0.009220530429197293,-0.013046408514391985
1771058002702377222,5.006090388403012,-0.009362577737692723,-0.013380174511726323
1771058002802389781,5.016719155620008,-0.009488670018859335,-0.011096529391116277
1771058002902385888,5.0252567703860835,-0.009577232620184173,-0.009692154354407696
1771058003002389529,5.03564528635845,-0.01016838728362729,-0.008584712040780037
1771058003102372431,5.04653927363131,-0.021401239281702386,-0.022842532744240602
1771058003202388305,5.054982862169553,-0.032297609416038535,-0.03298704643333022
1771058003302393819,5.065651451902645,-0.03265387417150411,-0.03445782575678767
1771058003402390627,5.075963276772601,-0.03301192128476115,-0.035311750616148815
1771058003502390260,5.086429922366505,-0.03338598582358727,-0.0364159760580271
1771058003602391887,5.094986380317465,-0.033709602871464704,-0.03879980071759307
1771058003702404545,5.105351679664993,-0.034109733444653415,-0.03882241988409803
1771058003802392676,5.115936996288504,-0.03451455011949891,-0.03747798506826066
1771058003902350170,5.1245309901002525,-0.03482761156481683,-0.03497445098460684
1771058004002396772,5.135111012708764,-0.03519057869826002,-0.032982780387409975
1771058004102374833,5.145572036880511,-0.03552264924040423,-0.030779502394743245
1771058004202406357,5.154068279550215,-0.03578704817973945,-0.031793434708958956
1771058004302384358,5.164518015373646,-0.03612149654597939,-0.031749226195331
1771058004402402967,5.17521681970901,-0.0364865646919259,-0.035671469394138504
1771058004502383854,5.184091964605771,-0.036801883887667065,-0.036177455690245434
1771058004602493215,5.19509564803299,-0.0372096359594482,-0.0383869277945896
1771058004702446800,5.20589403477958,-0.03763206935347049,-0.039212588810004737
1771058004802406016,5.214357371332633,-0.037965309987715495,-0.039375394996103597
1771058004902375823,5.22449652036611,-0.03836257582670089,-0.03883684812368307
1771058005002449005,5.234936414274854,-0.03875544593807676,-0.036777610840609966
1771058005102425974,5.243468829906968,-0.03906838120664194,-0.035574847734835054
1771058005202399927,5.254121132318873,-0.039435090749590486,-0.03361620324145977
1771058005302378169,5.264916846419471,-0.03980504735278512,-0.034389202226531516
1771058005402399532,5.273834294217285,-0.04011114769146369,-0.03481254893867286
1771058005502481571,5.284255526255023,-0.0404813549890099,-0.03648205180277679
1771058005602501902,5.294997485831915,-0.04088533283604992,-0.038629682381178726
1771058005702480374,5.303821648515255,-0.041234979812401214,-0.04087598938984484
1771058005802514562,5.314614733103029,-0.04168218419426579,-0.04110399203677085
1771058005902484949,5.325253891095507,-0.042116016500257085,-0.0402647649729811
1771058006002351929,5.333978575932833,-0.042455686419496486,-0.037467268671883956
1771058006102372130,5.344387797465864,-0.042830336284326774,-0.03512900110388569
1771058006202490226,5.35467745772691,-0.04318390036035937,-0.03386284150388803
1771058006302414775,5.363328668456313,-0.04347301863701113,-0.03368983228089518
1771058006402469732,5.373905464395712,-0.04383689204830048,-0.03518512020845449
1771058006502501535,5.384725966888625,-0.04421269837313935,-0.035107071575818063
1771058006602492700,5.393554912820206,-0.04475019743477634,-0.036836075412502056
1771058006702500367,5.399329909527421,-0.049844563923123225,-0.034894731704438305
1771058006802495290,5.4049980928710895,-0.05464723448151122,-0.03246165530869559
1771058006902488379,5.413628006406784,-0.05492574597168007,-0.032101777243344023
1771058007002489003,5.424172674314809,-0.0552578133660693,-0.03143191126183325
1771058007102478615,5.432874648046289,-0.05551096300970329,-0.027203271451250947
1771058007202455212,5.443510952717894,-0.05579562488121023,-0.026577975419633977
1771058007302276084,5.454096974772304,-0.056073763231844764,-0.025756078854109882
1771058007402303378,5.464485116229758,-0.05634786856207635,-0.027012721822448234
1771058007502414020,5.473187714603505,-0.05658814350120514,-0.02828140069781466
1771058007602479936,5.483844013474547,-0.05689386776143547,-0.02987572416963508
1771058007702508763,5.494708435721872,-0.05723563699406045,-0.03301266583813858
1771058007802298095,5.503603657900449,-0.05752496257464576,-0.032810222433046314
1771058007902496343,5.514427880529327,-0.05788185151932389,-0.03285133790864235
1771058008002485214,5.523145982609583,-0.05815359182814692,-0.0296635572895621
1771058008102324621,5.533452159395436,-0.058451778977699154,-0.027543813548811802
1771058008202493161,5.543731488326259,-0.05872162973195434,-0.02561410312032646
1771058008302294576,5.552394605013967,-0.058943043233028444,-0.025116125278900343
1771058008402307723,5.563146051095444,-0.05921035107925239,-0.024150316648257772
1771058008502483627,5.573889760602631,-0.05946983802486322,-0.024764144341968178
1771058008602772236,5.582419634241656,-0.05967840532110344,-0.02400514882093154
1771058008702546199,5.593080853288521,-0.0599358511337357,-0.025136350219900006
1771058008802340259,5.603664179058347,-0.06020789594044368,-0.02663507558826334
1771058008902287651,5.614311505378035,-0.06049810250374607,-0.027963218236437094
1771058009002423229,5.623027930053446,-0.06073658453346649,-0.02720210838883341
1771058009102474147,5.633783557225364,-0.06101344197878551,-0.02420589381684674
1771058009202411709,5.6442836644538446,-0.061266957392865695,-0.023496042598008266
1771058009302367386,5.652787517174657,-0.06145744920765517,-0.021452370307150102
1771058009402308405,5.663264267947481,-0.061691219175330964,-0.023195137296282597
1771058009502411261,5.671950443663388,-0.061892660085568346,-0.02368568604285109
1771058009602527242,5.6826301010919895,-0.06215545689760213,-0.025402648246229273
1771058009702404289,5.693566133982083,-0.06243567744580682,-0.026076976503182404
1771058009802428035,5.7023471154445495,-0.06266733574041287,-0.02736185242187127
1771058009902299642,5.713310930726392,-0.06297471254989959,-0.028394163437314473
1771058010002484384,5.723880575131467,-0.06326734052189736,-0.027077052379923326
1771058010102389414,5.732409020218471,-0.063498897331287,-0.026334690943098635
1771058010202418098,5.742450056095996,-0.06401687858862652,-0.024952936102197024
1771058010302454307,5.742940291297479,-0.06974764270807748,-0.028366852959622265
1771058010402316887,5.7421990567961405,-0.07525649876893908,-0.032042503336884534
1771058010502287271,5.752788896567624,-0.07560561211625799,-0.032927201568946136
1771058010602459949,5.76334248267775,-0.07594826132304357,-0.03237045995467101
1771058010702515094,5.771989696169978,-0.07623555697936896,-0.03367265402529685
1771058010802457124,5.7826725627595295,-0.07659544175462885,-0.034392702250483076
1771058010902299656,5.793426802946177,-0.07698240024807512,-0.03674014598549558
1771058011002718050,5.802376049207007,-0.07731068528770946,-0.036516892210612786
1771058011102469127,5.8129933782780485,-0.07768832124296185,-0.03507410985903181
1771058011202481561,5.823579398575068,-0.07804899435498544,-0.03300529589734334
1771058011302493744,5.832073759385129,-0.07832024294976087,-0.03083268103831969
1771058011402372123,5.842461823236296,-0.07864042865901968,-0.029665612899296655
1771058011502301629,5.8530272086375925,-0.07896374063671552,-0.03170328626129424
1771058011602493152,5.86170843002434,-0.07924177963093296,-0.032759761265023536
1771058011702488583,5.872552271032204,-0.0795988043032569,-0.033147596364141586
1771058011802494785,5.883549216171132,-0.07998408005549318,-0.03641923653352517
1771058011902423619,5.892323364673634,-0.08030554413453511,-0.037369662633413
1771058012002310835,5.90281768326621,-0.08069711879408198,-0.03793509393425409
1771058012102331093,5.911552744253325,-0.08102180963317603,-0.03730505533228354
1771058012202457893,5.922050843251665,-0.08141625874680636,-0.03665496722191276
1771058012302484302,5.932694965593282,-0.08178952730606522,-0.03346404169071432
1771058012402379453,5.942791111715687,-0.08211779939913524,-0.03182376211795508
1771058012503148089,5.951496380107652,-0.08238875339531737,-0.030205098307170757
1771058012602322223,5.961969331563861,-0.0827068336306197,-0.030453201484324854
1771058012702487806,5.972481117971576,-0.08303661831143791,-0.03169434840379976
1771058012802509226,5.981242604087783,-0.0833164386617194,-0.03349579663837606
1771058012902347689,5.992002791478405,-0.08368212140110409,-0.03443650377230521
1771058013002451736,6.000925148533602,-0.08399518966337724,-0.03529080821984637
1771058013102403182,6.011782223542256,-0.08437891610196142,-0.03516875338823977
1771058013202503591,6.022304320061985,-0.08473926587882011,-0.033725030732889925
1771058013302500594,6.030770497876058,-0.08501767748213133,-0.03207551669958399
1771058013402427084,6.041262817127561,-0.0853441639301738,-0.02970194262670222
1771058013502314680,6.051822158283496,-0.08567087245753266,-0.031060958585745518
1771058013602416532,6.060697424712931,-0.08594252287150714,-0.03010533440150313
1771058013702470643,6.071415968642796,-0.08626590724081798,-0.0312896327821815
1771058013802502542,6.082090267396985,-0.08660402997753508,-0.031925098586065265
1771058013902434712,6.090817385109165,-0.0868863421435867,-0.03297784908745152
1771058014002451162,6.101492570287801,-0.08748882551931539,-0.03514624793346819
1771058014102317988,6.1122097987936606,-0.09269065275710597,-0.03335237027988992
1771058014202509059,6.120982652687155,-0.09758243343027434,-0.030238675030348727
1771058014302493117,6.13167761078799,-0.0978970833199214,-0.027973447250983365
1771058014402493526,6.142339611900296,-0.0981868411391795,-0.025928221299726346
1771058014502350252,6.150840935182148,-0.09839454048778462,-0.023800841297082095
1771058014602516336,6.161038374805852,-0.0986353753498684,-0.024302179259907
1771058014702314371,6.1715878027630575,-0.09888982764464829,-0.024359015018067903
1771058014802517795,6.180454440212388,-0.0991170989536051,-0.02651491650365211
1771058014902400761,6.191349231523424,-0.09939883284002018,-0.02549499582874292
1771058015002432419,6.200246793364637,-0.09963153507568862,-0.02745055386428667
1771058015102367815,6.211038787223099,-0.09993298918367137,-0.028050877993533996
1771058015202486818,6.221275929747064,-0.1002255744329198,-0.02857336965043838
1771058015302431832,6.231344154925847,-0.10051604123187612,-0.029009141946140345
1771058015402358801,6.241706985213073,-0.10080613218900263,-0.028205851019501463
1771058015502378997,6.24998584896243,-0.10103647238570068,-0.02655735388708301
1771058015602393252,6.260535769400341,-0.10131661081753549,-0.026138490561473906
1771058015702423757,6.271074287810722,-0.10159797402850629,-0.0264705059736199
1771058015802312023,6.2798411317742,-0.10183126895837775,-0.02732037802690846
1771058015902402753,6.290049749382864,-0.10212124547583672,-0.029819212461571022
1771058016002422979,6.300825818937538,-0.10244812394282132,-0.030792658993355662
1771058016102525621,6.3113994288618995,-0.10279055534235426,-0.03353395178853027
1771058016202567568,6.320106066617961,-0.10307763625295199,-0.03233979452891834
1771058016302507000,6.330663162936166,-0.10341908119995236,-0.03219735285613226
1771058016402469937,6.341008332598063,-0.1037331468288518,-0.028734231738139725
1771058016502495122,6.349608460096424,-0.10397237082060856,-0.026903198345153735
1771058016602431338,6.359808999150193,-0.10424310892733851,-0.025859829394144915
1771058016702416688,6.37042164717229,-0.10451706102232036,-0.026463969586076334
1771058016802403771,6.379208597543979,-0.1047518795263236,-0.026033495107837385
1771058016902354464,6.389891959979753,-0.10503675712790733,-0.02709482321672165
1771058017002509075,6.40068433046635,-0.1053408318686562,-0.02835350654914842
1771058017102516946,6.409487535233491,-0.10559128859053662,-0.029877899982921226
1771058017202407836,6.420043328420643,-0.10591618723046432,-0.03171359098580656
1771058017302479719,6.430561406728559,-0.10624657885335313,-0.0309736729621464
1771058017402493051,6.439306925460987,-0.10651503841178586,-0.030658301420415864
1771058017502484412,6.45001698555078,-0.1068214710660701,-0.027064564217336155
1771058017602452117,6.46053667817075,-0.10709935189994745,-0.02586981781727693
1771058017702486048,6.4692316350910275,-0.10732001270377245,-0.02438715796325073
1771058017802463362,6.479625270934303,-0.10758391149060575,-0.026430786358076414
1771058017902331258,6.49016920867543,-0.10786747998870104,-0.027755001669973644
1771058018002448658,6.499273681588533,-0.10860459983628272,-0.02903182414390596
1771058018102393009,6.5151408231265755,-0.11842995612295773,-0.025364486729200053
1771058018202767535,6.53074997470727,-0.12772040108371288,-0.021296800109696413
1771058018302509602,6.539564994083746,-0.12791067264769165,-0.021385792420033016
1771058018402504419,6.550023959021255,-0.12812087219147833,-0.019093182427621966
1771058018502482313,6.560312635315819,-0.12831054285949858,-0.017140338735788987
1771058018602392228,6.568961976652109,-0.12844659123596583,-0.014343825884164059
1771058018702420538,6.579506063239918,-0.12859194368554905,-0.013099464978886399
1771058018802429802,6.59024771535818,-0.1287238611353622,-0.01246842502541942
1771058018902393860,6.598959168410062,-0.1288376020181184,-0.014001941874172466
1771058019002522811,6.609454568466919,-0.12898195457036776,-0.013632283602139536
1771058019102495204,6.620103556215876,-0.12914708085694088,-0.017228257267405633
1771058019202551056,6.630526898968888,-0.1293459563074903,-0.021044002586980408
1771058019302445932,6.639107434093429,-0.12952663896082905,-0.021351245507899536
1771058019402372379,6.6497064638614765,-0.12974786248186823,-0.0206031176502854
1771058019502436125,6.6601396469999425,-0.12995413118448518,-0.01909668916653596
1771058019602400474,6.66858431075394,-0.13011565889870375,-0.018539113224601438
1771058019702398966,6.67905873622106,-0.13029701269967087,-0.01680207859798261
1771058019802417958,6.689164144096621,-0.13046976446682412,-0.017278607234661663
1771058019902459042,6.699375999686567,-0.1306528900581923,-0.018984337406202346
1771058020002577683,6.708284324662031,-0.13083319609673844,-0.021048059508190456
1771058020102517454,6.7189956020622725,-0.13105516677462492,-0.020573552059871283
1771058020202531656,6.7297510940702026,-0.13128391357995872,-0.022168610951616093
1771058020302460767,6.738583882471227,-0.13148108405624379,-0.022258975089008485
1771058020402467675,6.749084298605831,-0.1317207341095975,-0.023610907872215495
1771058020502493700,6.759559332955326,-0.13195813841551546,-0.02254552520518318
1771058020602482233,6.768256993087918,-0.1321482474656216,-0.02146335088741812
1771058020702410282,6.778772068609137,-0.13235770278930808,-0.018384566520423917
1771058020802416669,6.7892638394756375,-0.13253783236233124,-0.016508936226300654
1771058020902398700,6.797987811618508,-0.13269188599673823,-0.0176174662256113
1771058021002386863,6.808401358907811,-0.13287371863486702,-0.017488527045654182
1771058021102286888,6.8188612487957965,-0.13306738138865598,-0.018645188357942766
1771058021202347448,6.827722629015536,-0.13323416339348906,-0.019690134855740914
1771058021302331332,6.8386158763186415,-0.1334614565745902,-0.021685996980581695
1771058021402411008,6.849250706733464,-0.13368935610900132,-0.020841361369519095
1771058021502518126,6.859883631546497,-0.13390194775374828,-0.01949824880963399
1771058021602625374,6.869013986587731,-0.13457252544031595,-0.018077196539171548
1771058021702356379,6.889309716554323,-0.14504707314445806,-0.020492549986731414
1771058021802504865,6.907299548497381,-0.15507902226870954,-0.02303248134239112
1771058021902349205,6.917862680644708,-0.15531774936566622,-0.022735341272843965
1771058022002427047,6.92859772386561,-0.15555757532828962,-0.021987313066743577
1771058022102492555,6.938980449050494,-0.15578338217344065,-0.021557742553550804
1771058022202348416,6.949697941642498,-0.15602931791342078,-0.023622300643041515
1771058022302556415,6.95817742469917,-0.15623313050379994,-0.024634791244400222
1771058022402393791,6.968595349927002,-0.1565016981082838,-0.026905155750261308
1771058022502410948,6.979008587766409,-0.15677681986060715,-0.02663512223908553
1771058022602489040,6.987817625781795,-0.15701255339858777,-0.025770513009480977
1771058022702453126,6.998395609948025,-0.15726856327500063,-0.0221941596178089
1771058022802424356,7.008571851931494,-0.15749056372247713,-0.021698783946869325
1771058022902376349,7.018977900886774,-0.15770643502550355,-0.020379917842916435
1771058023002482004,7.027206828130553,-0.15787540695185778,-0.021217338723137052
1771058023102474333,7.037477209356639,-0.15810856413226168,-0.023525009615183532
1771058023202571120,7.048211985428397,-0.1583764263080972,-0.026532374219024994
1771058023302534024,7.058690001278519,-0.15865704110205212,-0.02705808678487323
1771058023402396727,7.067379395809661,-0.15889485620498303,-0.02754663070182485
1771058023502490989,7.0781415429857555,-0.15919119772973453,-0.027339047111244817
1771058023602491284,7.088463987594102,-0.159468259196285,-0.026519936097963385
1771058023702478083,7.097143567227918,-0.15969475454234797,-0.025634241390088137
1771058023802349302,7.107635348357598,-0.1599479009752538,-0.022507211274736108
1771058023902376868,7.1183405564577305,-0.16019479458243246,-0.02247616148986265
1771058024002293053,7.127215286715168,-0.16038907792291643,-0.02164611886027989
1771058024102435306,7.137806830731495,-0.16063071464191814,-0.02461711675950351
1771058024202457131,7.148367445028748,-0.16089286136508066,-0.024928148490283995
1771058024302417629,7.157139330771463,-0.16112091243346302,-0.027183856367019924
1771058024402306461,7.167907299883098,-0.161425927973503,-0.029391802069133863
1771058024502306615,7.178610145658972,-0.16173824141560889,-0.03004349695439767
1771058024602496157,7.187502251908649,-0.16200413308589043,-0.028897008173299713
1771058024702432299,7.198106021627727,-0.1623005136002813,-0.026729426418950035
1771058024802384071,7.208557906745037,-0.16257788695882608,-0.025471094015681255
1771058024902385918,7.216970206926924,-0.1627833563916154,-0.02357639500467974
1771058025002321399,7.227366143265084,-0.16303107282278054,-0.024824844512278565
1771058025102490272,7.238072013170173,-0.16329556541639542,-0.025124091620981656
1771058025202434429,7.247588968759385,-0.16378343991246924,-0.027243195200379853
1771058025302404064,7.273459163827587,-0.16938077120933476,-0.030020882883703578
1771058025402343412,7.298565385724443,-0.17482193017032788,-0.03517352434243401
1771058025502407055,7.3072244430686935,-0.17513279392521508,-0.036183554222543234
1771058025602355921,7.317751991614971,-0.17551993735384536,-0.0367133970081418
1771058025702396330,7.328085593896538,-0.17590177194861747,-0.036651469216921466
1771058025802457349,7.336760202789238,-0.17620547925515928,-0.035219572774845
1771058025902358033,7.347120079369116,-0.176553739713812,-0.03224237519037182
1771058026002318251,7.3576872263592366,-0.176885586104789,-0.030961769942024417
1771058026102510147,7.366554075492264,-0.17716634863264047,-0.031389653192798524
1771058026202426140,7.376943442323482,-0.1774980365265746,-0.03266711053644203
1771058026302483952,7.387625325905847,-0.17786333159175266,-0.0353334510523231
1771058026402391378,7.396553187531127,-0.1781857324012995,-0.03617373440140628
1771058026502305818,7.407305192319788,-0.17858881768212365,-0.038393600895771915
1771058026602436138,7.417958712277088,-0.1789957225057367,-0.03783921302359145
1771058026702497136,7.426456534607343,-0.17931545158741347,-0.03738242194952697
1771058026802417838,7.436617254185126,-0.17968626432776785,-0.034998090594735395
1771058026902397712,7.446734692513291,-0.1800424886851885,-0.03463124614053734
1771058027002308244,7.457048826397534,-0.18039421565556668,-0.033322633642374117
1771058027102314318,7.465802464519127,-0.1806822256492222,-0.03361445266310464
1771058027202420060,7.476554382932824,-0.18103919600737772,-0.03272780390470672
1771058027302318489,7.487288061315543,-0.18139824613328984,-0.03401076351508
1771058027402369147,7.496211871944987,-0.18171687459828914,-0.03664676614318744
1771058027502327109,7.50676882275612,-0.1821087860075034,-0.03892080698351012
1771058027602314597,7.517498107250412,-0.1825369663318655,-0.040668315859748984
1771058027702501122,7.5262998469394775,-0.182891914081231,-0.03943191336986121
1771058027802508077,7.536758119006787,-0.18330608554794328,-0.03972358477548536
1771058027902473684,7.5474611166774475,-0.18371146898191973,-0.03667030652183436
1771058028002422268,7.556061620678018,-0.1840170962080941,-0.03559588013817767
1771058028102396160,7.566479750081834,-0.18437632128324696,-0.033397468613705336
1771058028202299288,7.574976974514982,-0.18466875581904052,-0.034948297807088496
1771058028302341509,7.585707221942921,-0.18505374255492582,-0.03654491842662123
1771058028402380955,7.596486614871432,-0.1854542558540892,-0.03784748054238419
1771058028502417456,7.605451945176226,-0.1858017231168341,-0.038687922884696
1771058028602404643,7.616332099801415,-0.18622099351982163,-0.03840768732438502
1771058028702406237,7.626998432885314,-0.18663732101008262,-0.03932502339485609
1771058028802481180,7.635494928831738,-0.18719757023729733,-0.038711342012965416
1771058028902355333,7.646015354053654,-0.19275462083592834,-0.03944438416382144
1771058029002356266,7.6564440754334,-0.19810730637964888,-0.03935770687867413
1771058029102301874,7.665317448828253,-0.19845903324048497,-0.03904178052247862
1771058029202350276,7.675812226523222,-0.1988691385936412,-0.03843092044243409
1771058029302511943,7.686426682745566,-0.19928050111387963,-0.039144541407876904
1771058029402346621,7.69512528728522,-0.19960283666915057,-0.035201156397321756
1771058029502305293,7.7057687434630395,-0.19995534434665824,-0.03010049524345193
1771058029602486748,7.716625728803365,-0.20024378027638823,-0.023884295584012265
1771058029702394514,7.725516203413489,-0.20041385911509074,-0.015081331013499264
1771058029802473094,7.736127036091341,-0.20052301094344094,-0.005318525971172486
1771058029902471461,7.746734012412594,-0.20051794799028688,0.0054527097327328276
1771058030002503022,7.755190606140179,-0.20042429263686054,0.016139641947550618
1771058030102493394,7.76550456605734,-0.20019528130428407,0.027825851349412303
1771058030202447337,7.774250536502212,-0.19990703378218228,0.03851943907761744
1771058030302501951,7.784799037860324,-0.19945220271311315,0.04773596056972842
1771058030402357978,7.79553230875835,-0.19891777763665472,0.0513573984750493
1771058030502520497,7.806132183931611,-0.19836627802654064,0.052742624087723004
1771058030602469881,7.814562975879563,-0.19793546487020186,0.04968979614598819
1771058030702413695,7.825075095139432,-0.19742266649831086,0.04835315298463411
1771058030802524415,7.8354274548936615,-0.1969326780389519,0.04584834760093201
1771058030902391744,7.845692550770325,-0.19644649581128426,0.04832992743312729
1771058031002509367,7.856313939165579,-0.19592082902023406,0.050805452070445456
1771058031102488878,7.864942668049574,-0.19547905005208105,0.05226100876977535
1771058031202563449,7.875285969105532,-0.1949377844486799,0.05231433743595785
1771058031302555324,7.885659005208861,-0.194391370591569,0.05279115559589042
1771058031402361997,7.8942664553037645,-0.19393409966766245,0.0533841909216277
1771058031502424656,7.90495503375443,-0.1933740293804075,0.05207298414136201
1771058031602454592,7.915590125083838,-0.19283110947845172,0.04937016339022654
1771058031702491252,7.924374919200009,-0.1924071041109153,0.04687902865979018
1771058031802517752,7.935224866582846,-0.19190186904189482,0.04659160929043909
1771058031902473217,7.945907751914568,-0.19141287612811325,0.045523834786895756
1771058032002639201,7.954464840365652,-0.19101771657597885,0.04693767948055394
1771058032102494937,7.9645900459261885,-0.1905397117489181,0.046867176001652834
1771058032202409074,7.974970466989923,-0.19003930806760616,0.04927852267876038
1771058032302460240,7.983813730972139,-0.1896030622145197,0.04973537395320462
1771058032402399805,7.994227588169415,-0.18958693231797794,0.048722907371203494
1771058032502494323,7.999934004625446,-0.19939800864755805,0.04293521045670957
1771058032602430712,8.003848562288779,-0.20886148021894724,0.03862429668763368
1771058032702402207,8.01450911586815,-0.20845723485541096,0.03772921184820672
1771058032802432073,8.025224078019594,-0.2080769063160669,0.034973233978276834
1771058032902473882,8.03419325263275,-0.20775884816039958,0.03513839029267998
1771058033002499249,8.044976270250764,-0.20737498674531984,0.03593440207309257
1771058033102483779,8.055325316923508,-0.20699021726846134,0.03793890971043747
1771058033202371615,8.063826295176302,-0.20666460929884478,0.03915407908080242
1771058033302517691,8.074060502045883,-0.20625325028390473,0.04134025926972815
1771058033402358017,8.08454963134734,-0.20581469657151352,0.041882296966140514
1771058033502591047,8.093253721211399,-0.20544402359902086,0.04296947078170491
1771058033602353175,8.103952421892096,-0.20499472801927604,0.04113748432077367
1771058033702332124,8.114750020133641,-0.20457226886351224,0.03727332632606552
1771058033802491425,8.123500273232779,-0.20425209317662735,0.0352167316633267
1771058033902355176,8.133903791858456,-0.20388901658306036,0.03460422713409662
1771058034002405189,8.144265671840746,-0.20352054144044263,0.03641268451361869
1771058034102318002,8.154683221218638,-0.20314472961319596,0.036745015742605656
1771058034202309855,8.163074281032095,-0.20282557875686708,0.03793725082672664
1771058034302505184,8.17357038818259,-0.20242514214503532,0.03843492402857337
1771058034402506445,8.18373097371903,-0.20203536609802755,0.03862764794417278
1771058034502351369,8.193917276180503,-0.201656446632897,0.03664751700335977
1771058034602521349,8.20255339596008,-0.20134188751126103,0.03620948761463045
1771058034702300710,8.213198552367729,-0.20096043696755866,0.03496933177513719
1771058034802316047,8.224124835473644,-0.20058272212072564,0.03457526182800732
1771058034902363445,8.233182301748144,-0.2002781314158118,0.032708742747201584
1771058035002278262,8.244012637975615,-0.19992242669979,0.03292098724409929
1771058035102399820,8.254436536919359,-0.199579438749995,0.03256361456563736
1771058035202325106,8.262762055088041,-0.19929800946078127,0.0352194501738017
1771058035302366333,8.272988025913982,-0.19892360920642888,0.03789993541128384
1771058035402418870,8.283172426072754,-0.198534930939484,0.038555140734471985
1771058035502395463,8.293873684256077,-0.19811515606358168,0.038600772895394805
1771058035602460475,8.302665840974107,-0.19777870288130137,0.03790538374077787
1771058035702275923,8.313256337919423,-0.19738329184396747,0.03677124087468042
1771058035802320144,8.324073576924874,-0.19701998425103,0.031914777034237875
1771058035902418418,8.332833227997218,-0.19674654553061363,0.03040018309009918
1771058036002416332,8.34336256229073,-0.19667587872288073,0.02897659618141532
1771058036102461014,8.354243701968217,-0.2019949608862701,0.02398754142204279
1771058036202403954,8.362867528830197,-0.20723830751064146,0.01813496559762254
1771058036302491968,8.373303099148732,-0.20703772337403917,0.02009504659870187
1771058036402346920,8.383634903989964,-0.2068295628534536,0.019606273147143565
1771058036502471604,8.392152226249774,-0.2066600491113488,0.020607709635359586
1771058036602829761,8.40257639979997,-0.2064517753305018,0.01910550504329281
1771058036703107625,8.413144725597904,-0.20625363020895351,0.01837496677689791
1771058036802413126,8.42375260685957,-0.20606452714131274,0.016504507032208755
1771058036902379850,8.432697700007767,-0.20592915953282376,0.013801116148038002
1771058037002472333,8.443295431212633,-0.2057919853205897,0.012553603880281422
1771058037102429208,8.453581889050138,-0.20567305407880043,0.011093589523420539
1771058037202352760,8.463877341123867,-0.20554092208783023,0.013682021745001752
1771058037302514463,8.472224739828226,-0.20542070887039676,0.01531028474433988
1771058037402473443,8.482419899244151,-0.2052525984839577,0.017777541966513502
1771058037502320560,8.49325964272912,-0.20505944931515235,0.01835969819629777
1771058037602505838,8.50178154254286,-0.20490776655475618,0.017492730864043567
1771058037702391197,8.512472451142692,-0.20472847123233687,0.015592803741954498
1771058037802472689,8.522872482641198,-0.20457573214425084,0.013507520221769265
1771058037902348470,8.533199611618308,-0.20445896960310458,0.010096670777863043
1771058038002504032,8.541895684942203,-0.20438354640841272,0.00789667465937041
1771058038102429587,8.552453717262678,-0.20430016629994796,0.008022618372656486
1771058038202488064,8.56274615194637,-0.20422026197278484,0.0071124437934060245
1771058038302308801,8.573176870977422,-0.20413977766825298,0.008507407954923498
1771058038402426611,8.583337055187416,-0.20406373724842033,0.0078078725442894134
1771058038502316498,8.591560566527503,-0.20399525921075373,0.008151872980865995
1771058038602594632,8.601796796503349,-0.2039118446113841,0.008122678592207996
1771058038702494509,8.612456615755576,-0.2038243006096825,0.007936610291368145
1771058038802289677,8.623157586823806,-0.20374446692959983,0.00689678840617142
1771058038902393490,8.632019269951522,-0.20368830526618587,0.00527744438495363
1771058039002474009,8.642585624088207,-0.20365022870187446,0.002306500576682956
1771058039102470909,8.653461283515053,-0.20362554974216246,0.002736729727486052
1771058039202624186,8.662172604382677,-0.20359260810594354,0.004079618483298789
1771058039302429282,8.672500072868523,-0.20354237094364142,0.00602551558175138
1771058039402487158,8.682655136909633,-0.2034624208333809,0.009239474452733593
1771058039502495960,8.691404170732746,-0.2033749547182123,0.010473850959255385
1771058039602424671,8.700921128590315,-0.20378296498227058,0.010426250764961911
1771058039702497976,8.691501670427176,-0.2141576637730507,0.0033252122523595704
1771058039802271853,8.681030618253358,-0.22412863435341646,-0.001968026298331985
1771058039902371919,8.691682663668447,-0.22416179636974404,-0.005116294546620921
1771058040002430125,8.702538151414847,-0.22423853306263108,-0.008075519147150097
1771058040102412708,8.71157259494622,-0.22431509454233012,-0.009056269710577223
1771058040202524345,8.722293462383867,-0.2244172829078151,-0.00976450759661896
1771058040302388202,8.732596991221651,-0.2245225232540855,-0.011192159910087951
1771058040402347741,8.741163326698612,-0.22461295099362377,-0.009420276398509932
1771058040502492200,8.751626325558087,-0.22470934887176275,-0.00899346283549615
1771058040602495472,8.762158635703958,-0.22480025214798022,-0.008051717318943555
1771058040702530433,8.771023184509053,-0.2248717258935256,-0.008009060438873577
1771058040802420651,8.781445497048109,-0.22496167988401006,-0.009526542130845585
1771058040902395839,8.792003542522043,-0.22507570972646018,-0.012230162125007308
1771058041002505202,8.800773621488807,-0.22519527343389512,-0.015021593786888379
1771058041102427770,8.811450563901753,-0.2253531557106851,-0.014629565997009682
1771058041202466739,8.821853229604798,-0.22551261801397499,-0.01579079981878137
1771058041302503263,8.830713623388268,-0.2256432127103889,-0.014253292614122434
1771058041402483681,8.841365478980473,-0.225785064195954,-0.012265150328272776
1771058041502488956,8.85158749117571,-0.22590208228532033,-0.010104546318393082
1771058041602499341,8.861919323070069,-0.2260058709938173,-0.009889860845768947
1771058041702503593,8.871872180132005,-0.22609568936065166,-0.008606528738960804
1771058041802501945,8.880470602809028,-0.22616798166830593,-0.008387049056981045
1771058041902482684,8.891359068157147,-0.22626590878928488,-0.009017242493518957
1771058042002408548,8.902206366349981,-0.22637775173013963,-0.011923901938700241
1771058042102392642,8.911194215951438,-0.226497232172034,-0.01510312660299302
1771058042202835086,8.921685469454179,-0.2266577772512392,-0.015079079373574927
1771058042302312289,8.932299322377544,-0.2268298369409128,-0.01623289744121597
1771058042402369442,8.940980382948363,-0.22696738224993773,-0.014891643787508067
1771058042502327567,8.951266134534006,-0.22712275962033396,-0.01560817549301316
1771058042602568378,8.962028250726906,-0.22727643156507776,-0.013137150606352585
1771058042702462682,8.970843394930233,-0.22739436718347095,-0.013363466675098716
1771058042802448730,8.981195103055995,-0.2275371315115038,-0.013901062026942409
1771058042902351580,8.991696868768392,-0.22769425047359032,-0.016089010565064704
1771058043002274689,9.000211402804794,-0.22783405380306798,-0.01656885143869431
1771058043102410200,9.01079334712706,-0.22801427563789173,-0.017346976671665487
1771058043202493151,9.021014422762885,-0.22849908846225211,-0.019907280774507263
1771058043302537439,9.015370693832175,-0.23480626272679422,-0.032206558016694635
1771058043402395835,9.010945773955775,-0.24105690410370673,-0.04437908172356735
1771058043502411649,9.021065971999102,-0.24149798569277725,-0.042549747086167176
1771058043602297026,9.031473307103111,-0.2419377354140998,-0.04135120398621764
1771058043702468956,9.041636086896338,-0.24234687327899773,-0.039132699612149935
1771058043802453049,9.050157326091464,-0.24268124090875454,-0.039813392443835985
1771058043902466379,9.060558489141481,-0.243086915298663,-0.03841710108813645
1771058044002488965,9.071121792371104,-0.24350883116492184,-0.040909694762516345
1771058044102520759,9.081589261201737,-0.24396205341650046,-0.04519024828783595
1771058044202523157,9.089909805803448,-0.24434507938110006,-0.04747125225694631
1771058044302483315,9.100630533663969,-0.2448589903982672,-0.04789901631555127
1771058044402429857,9.110557002721775,-0.2453311241148607,-0.046833855414295904
1771058044502470989,9.120874965909456,-0.2458203056567836,-0.047153690277899306
1771058044602480200,9.131181079307218,-0.24629167489358983,-0.04580549767570508
1771058044702401645,9.139744977610752,-0.24668121597216974,-0.04525535698275692
1771058044802507168,9.149872452253753,-0.24713950985330357,-0.045169597533844426
1771058044902382626,9.159921438267578,-0.24760245000608339,-0.046381682428253204
1771058045002433566,9.170451103323073,-0.24809154078974022,-0.046746848179108756
1771058045102377653,9.179009914584336,-0.24849734575033977,-0.04856453769247161
1771058045202385080,9.190080171511148,-0.24904703293737346,-0.049821078926393814
1771058045302385313,9.20060640842809,-0.2495926790945413,-0.05325454109508678
1771058045402377532,9.211325326116448,-0.25017304685096675,-0.054421401868816194
1771058045502947515,9.219888671821739,-0.2506320455960255,-0.053495105324052154
1771058045602286896,9.23019821834413,-0.25116646299322637,-0.050246596275865835
1771058045702415543,9.240405017144036,-0.2516651265021298,-0.0477758021226656
1771058045802303153,9.250743683460971,-0.25215500799656787,-0.04641727534237868
1771058045902415539,9.259100520588873,-0.2525404008855844,-0.04673786781424816
1771058046002382760,9.269806730277196,-0.253040727234091,-0.04724297487670065
1771058046102380017,9.280347582471077,-0.2535466231866056,-0.04891792577146574
1771058046202363709,9.289256665492667,-0.2540087881747732,-0.05325071640815857
1771058046302387186,9.29981760317535,-0.25457047572389746,-0.05360530548802245
1771058046402538225,9.310155861640148,-0.2551306903012581,-0.05488413684859023
1771058046502435232,9.318789145612863,-0.25560151075341864,-0.053516999460303166
1771058046602403374,9.32932138702715,-0.256164304761203,-0.052984083094055744
1771058046702402115,9.33946081905068,-0.2566912162759757,-0.05119030057471179
1771058046802373623,9.349426344732823,-0.2574767779915532,-0.050924734849826195
1771058046902502851,9.347798813104616,-0.2632153000083993,-0.05303304752178779
1771058047002385300,9.348623007968946,-0.26885221215883287,-0.05631037730672191
1771058047102468891,9.359045070579855,-0.2694457291070855,-0.057860015698243054
1771058047202474674,9.369868987462628,-0.2700771423854578,-0.05914237996313413
1771058047302477151,9.380407263738888,-0.2707171316859143,-0.061632862527826154
1771058047402348238,9.389008250291933,-0.27125413450455554,-0.06274933165630184
1771058047502404888,9.399449092021976,-0.27192153868215124,-0.06425326596607973
1771058047602492055,9.409391419366324,-0.27254075819566165,-0.060956545809528626
1771058047702474604,9.41973100357964,-0.2731601558024333,-0.05896173973676581
1771058047802774836,9.428145131583298,-0.2736499451677738,-0.057196283971639054
1771058047902462275,9.438718559556031,-0.2742540521079743,-0.05687245475842563
1771058048002420047,9.448979335081487,-0.27483835841557086,-0.0570328158640578
1771058048102510110,9.459281858030064,-0.27543339859867916,-0.05844162272736073
1771058048202456650,9.469180715444043,-0.27601529959744275,-0.05836693433331792
1771058048302479385,9.478081881706002,-0.27655239933600523,-0.06111925502941921
1771058048402493493,9.48852716729715,-0.2771908699828779,-0.06053559531478475
1771058048502427129,9.499320178995013,-0.27781478835489354,-0.05600330814662585
1771058048602379180,9.50784213033696,-0.27825991393672783,-0.048447398217464806
1771058048702467959,9.518286393537064,-0.2787140483949398,-0.038160954655379976
1771058048802527083,9.528525513394408,-0.27903760818914175,-0.02424138400573679
1771058048902474455,9.538769121353438,-0.2792334419692332,-0.013173102770386337
1771058049002449630,9.547412983038042,-0.27930552339221565,-0.0031378565471092868
1771058049102498483,9.558319410245101,-0.27928293349566086,0.007383913504760001
1771058049202410428,9.568724986185147,-0.27918491785798233,0.011216131568514622
1771058049302405910,9.577262256757457,-0.2790880211270304,0.011978991473265832
1771058049402435978,9.587721492091752,-0.27896849526173834,0.010713367733246017
1771058049502377148,9.598210429308342,-0.2788526450403735,0.011482158854837695
1771058049602497257,9.60901267185455,-0.278722499439736,0.011998460563724304
1771058049702485606,9.61789511664969,-0.2786093439537644,0.013853148731001146
1771058049802490206,9.628261982360893,-0.27846258700707266,0.014659737255044715
1771058049902464298,9.638725558849423,-0.2783151010234914,0.014297637552423777
1771058050002436627,9.647060487689261,-0.2781915522671767,0.014527570158967662
1771058050102376493,9.657734206768954,-0.2780349780246048,0.014712873308365886
1771058050202259462,9.667835645402928,-0.2778768716019174,0.017007323859828775
1771058050302475853,9.678397201736574,-0.27772518391462325,0.013633900509345912
1771058050402566034,9.687108565554439,-0.27761086813937297,0.01210432545545289
1771058050502456648,9.698007552909429,-0.2774931633881908,0.008998430663710116
1771058050602487126,9.708208809451902,-0.27790138847519874,0.007453312886055707
1771058050702321743,9.719057765207666,-0.28864366540473707,-0.0009259221434461742
1771058050802491877,9.727191084698328,-0.29899728385150903,-0.007629508143127356
1771058050902333888,9.737249794250394,-0.2990561728265422,-0.005442002029644057
1771058051002290746,9.747807974774133,-0.29909935650362074,-0.002732740482454286
1771058051102471239,9.758033161712914,-0.29912903317463246,-0.0031694736387237305
1771058051202311907,9.76842429968282,-0.2991771669809311,-0.005463116162017188
1771058051302308340,9.77693883906371,-0.2992230055873196,-0.006168491416645462
1771058051402473594,9.786989564186344,-0.2992926956699439,-0.007820058349895935
1771058051502290477,9.797423591128199,-0.2993756571503454,-0.00738710660796986
1771058051602285668,9.807899724325866,-0.2994696947431411,-0.01005493995870459
1771058051702285698,9.818529878096378,-0.2995650518074373,-0.008461080821816697
1771058051802290808,9.828862680665562,-0.2996569526899573,-0.009193021718180898
1771058051902414984,9.837438606286645,-0.2997273521936492,-0.007260453455750722
1771058052002410556,9.84743489222688,-0.29978637472076575,-0.004727368813050911
1771058052102421216,9.857359182759165,-0.29981866491313514,-0.0017228822426073186
1771058052202361362,9.86742045613776,-0.299827888494163,-0.00029518034701860296
1771058052302311768,9.878358862204053,-0.29983356796383887,-0.0001703136974400499
1771058052402319061,9.887143630734899,-0.29986584111858283,-0.005757314247941608
1771058052502310775,9.897448002672846,-0.29995120096146266,-0.009860386239843652
1771058052602296007,9.908153818802093,-0.30006253437698505,-0.011243948850867784
1771058052702305054,9.916789344358374,-0.30016241310931546,-0.012049525767902318
1771058052802399423,9.927420239264414,-0.3002794911939066,-0.009565278927360525
1771058052902375186,9.938132796962947,-0.3003770027862649,-0.008199217273898513
1771058053002382530,9.94681984987358,-0.30043816040880955,-0.006896796523533357
1771058053102316123,9.957321778981111,-0.30051705216180313,-0.008506389895067643
1771058053202388710,9.967708767370794,-0.30061053657764925,-0.009656043513357544
1771058053302397586,9.976249797260932,-0.30069438031437024,-0.010074704117624268
1771058053402474682,9.986633820586832,-0.3007984491217055,-0.010189818258826162
1771058053502383979,9.997176548196661,-0.30091086428508995,-0.011563695703196469
1771058053602399137,10.0059623456639,-0.30102117518698424,-0.012469713597969388
1771058053702357477,10.01674124728077,-0.3011614175333637,-0.01404060326250862
1771058053802382765,10.027197691303138,-0.3013249439456045,-0.016085319642463826
1771058053902391821,10.037355338006074,-0.30147746494627214,-0.014119716224672136
1771058054002361573,10.045894388482031,-0.3015846384338441,-0.011234989154645046
1771058054102388783,10.05623324063624,-0.30168198132166757,-0.007423926713288855
1771058054202360909,10.066800621834723,-0.30175474446068606,-0.0062014183888535815
1771058054302414790,10.0772429349803,-0.301809918395884,-0.004932403674192996
1771058054402412835,10.086446054338124,-0.30237010959534405,-0.007757255911234036
1771058054502375603,10.107131606082795,-0.3134701348484401,-0.021625159599258925
1771058054602436888,10.126403681246506,-0.32421209603137235,-0.03431834109013369
1771058054702355864,10.136826886939255,-0.32456386247286884,-0.03375519213440707
1771058054802296500,10.147087660114577,-0.3249058890308699,-0.033112265218722424
1771058054902480838,10.155688794655024,-0.3251883423189488,-0.031860587075859224
1771058055002312277,10.166014503706558,-0.3255115733685945,-0.03108423429168437
1771058055102346190,10.176378772343504,-0.3258461756051356,-0.032480606085551894
1771058055202428545,10.186356082379948,-0.3261739048016523,-0.033146689044526674
1771058055302469721,10.196553085226466,-0.3265043792284499,-0.03181541042552892
1771058055402479979,10.20506239506986,-0.3267718366681327,-0.03083585360616813
1771058055502388083,10.215523749094226,-0.32710282686827896,-0.032305951092675644
1771058055602378603,10.22613915111395,-0.3274524029128052,-0.033757305117721105
1771058055702382028,10.236919615603423,-0.3278471817363815,-0.0396534988996353
1771058055802367719,10.245534476375813,-0.3281895293345014,-0.03972760593766322
1771058055902434975,10.256108433462193,-0.32860997672773706,-0.03908865902118073
1771058056002391301,10.266428332250143,-0.328998616174786,-0.035819169043921836
1771058056102379316,10.27671826779922,-0.32935337860570724,-0.03349841470030098
1771058056202459556,10.28519364368394,-0.3296332490276359,-0.0325412872462035
1771058056302411312,10.29552309587836,-0.32996585864451355,-0.03246550562499684
1771058056402384679,10.305887916111603,-0.33032240716492633,-0.0351539607924534
1771058056502398724,10.316104583732889,-0.3307011223747931,-0.03984108553071217
1771058056602401096,10.32465256859391,-0.33106182382444915,-0.04308773619266675
1771058056702399681,10.335143809487732,-0.33151626582925986,-0.043559056513966056
1771058056802412614,10.345989947430127,-0.33200496546835556,-0.04567682546584456
1771058056902395119,10.356696895607781,-0.3324909124996651,-0.045658663548994366
1771058057002368456,10.364942968823188,-0.332871464167261,-0.046542009650312535
1771058057102407938,10.375461306544945,-0.33335706536675125,-0.045065886801091366
1771058057202403227,10.386053952351618,-0.333843487581281,-0.04559460547504936
1771058057302386162,10.394602306844478,-0.3342194102342919,-0.043199764080348056
1771058057402357004,10.40521024773928,-0.33467793123248324,-0.04335157159662578
1771058057502400013,10.415788817341866,-0.3351435698571843,-0.04448211053362863
1771058057602471766,10.424669718307362,-0.3355493331055184,-0.04726592084485806
1771058057702507010,10.435387587022777,-0.3360828775051836,-0.0516679998622107
1771058057802407269,10.446157544945123,-0.3366425366812307,-0.052597470299567024
1771058057902384513,10.454899732084144,-0.3371007419972569,-0.051692459026530344
1771058058002412814,10.465644624192116,-0.3379246299173716,-0.049644118090134075
1771058058102400838,10.476597724731729,-0.3444484372719421,-0.05818481787163457
1771058058202398310,10.484651342992153,-0.35064702036435924,-0.06699913614090391
1771058058302354394,10.494905671006853,-0.3513332241468292,-0.06704949453704562
1771058058402411860,10.505150293394266,-0.35201762040557893,-0.06628357189372625
1771058058502371921,10.513884323392896,-0.3526081557224525,-0.06759877738057905
1771058058602373691,10.524052193049297,-0.35328879023472215,-0.06693364252174068
1771058058702470482,10.534811044667368,-0.3539878146660913,-0.06290850561839689
1771058058802393703,10.54516292460409,-0.35461092248724446,-0.05761111680008644
1771058058902417465,10.554063763873144,-0.3550949928176854,-0.050712536076324144
1771058059003017550,10.564525946636845,-0.35557489963357436,-0.04089184525421377
1771058059102397822,10.574880895933495,-0.3559502208263845,-0.03124776202393104
1771058059202393049,10.583673675618133,-0.3561689419137226,-0.01871324954454481
1771058059302430446,10.608463575797508,-0.35639812191549747,-0.0007672020410662096
1771058059402448106,10.619352647251125,-0.35636478404712846,0.00807671678890552
1771058059502337473,10.629813419834619,-0.3562394111816205,0.015637646286006168
1771058059602364921,10.63859630785538,-0.3560714785368131,0.02325188162390037
1771058059702363645,10.649116317868572,-0.35577234780124756,0.03381893885944196
1771058059802328034,10.66000205495331,-0.3553528531501692,0.0440830336172426
1771058059902508002,10.670494897145378,-0.354831714777609,0.05394677533554
1771058060002370348,10.679278535088036,-0.35431861416818866,0.06272907050570918
1771058060102423835,10.689613484194384,-0.3536275910008486,0.07125086705437776
1771058060202436174,10.699854477579503,-0.35283727782636176,0.08254253597940134
1771058060302417755,10.710040180305802,-0.35193261529408115,0.09470860819037775
1771058060402420076,10.720196444223967,-0.3509141071166292,0.10475536874337625
1771058060502372582,10.72841369416755,-0.3500150238139572,0.11265843387537615
1771058060602401383,10.738520198362961,-0.34885977650362565,0.11450839476826717
1771058060702488303,10.74887880818072,-0.34766853474113546,0.11429373178452724
1771058060802458002,10.757727439739261,-0.3466549675985129,0.11351162546326765
1771058060902402112,10.768479894281375,-0.3454401727719796,0.11196263165706147
1771058061002373674,10.77926314699161,-0.3442258470867272,0.11217012172002964
1771058061102295661,10.788050515054294,-0.34323574827818804,0.11180709852524931
1771058061202287993,10.798488607724146,-0.3420513744125373,0.11400776436063491
1771058061302743492,10.808691330894229,-0.3408894357250787,0.11363117537865913
1771058061402461593,10.8170719155279,-0.3399329579510695,0.11379435540406423
1771058061502312656,10.827619832979693,-0.3387296557920352,0.11330174577471992
1771058061602325997,10.837373396918336,-0.33800506329337887,0.11429342492899529
1771058061702384744,10.826704472062097,-0.34781545854067875,0.10594834785119299
1771058061802431588,10.817745658965233,-0.3570418440835015,0.09758387368617748
1771058061902483141,10.828278525167887,-0.3560209077788701,0.09516057830522469
1771058062002394298,10.836934130077115,-0.35519994660798804,0.09384280103752302
1771058062102286790,10.847423635573742,-0.3542214618974566,0.09232987952757479
1771058062202389720,10.858005054099637,-0.35323896570428803,0.09313009864251155
1771058062302394875,10.868428535540348,-0.3522493929182844,0.09554920736118708
1771058062402450405,10.8768772030581,-0.351434391195822,0.09644765758578475
1771058062502405926,10.88676895321273,-0.35048013238249465,0.09646493802819146
1771058062602497334,10.89687904849507,-0.34951229994564215,0.0945724401997
1771058062702388082,10.906971172301782,-0.34856177095642527,0.09278140434639477
1771058062802455966,10.915931195359027,-0.34774241241368453,0.0897593283567252
1771058062902374006,10.926475664512983,-0.3467956887955894,0.08958850482666632
1771058063002358081,10.937179686633774,-0.3458390697855067,0.08869245734634047
1771058063102333429,10.947596292192387,-0.34491679583492796,0.08831500442541154
1771058063202392345,10.956056065663187,-0.3441671479355439,0.08775232157366554
1771058063302398802,10.966299273757928,-0.3432575627891765,0.08894267649851666
1771058063402393085,10.976821028409185,-0.3423092049843339,0.09043755339450583
1771058063502397228,10.987280482304605,-0.3413553637719593,0.09175207114568326
1771058063602413483,10.995712738748104,-0.3405720236305283,0.09316565862020391
1771058063702405373,11.006144420175795,-0.3395973833588919,0.09286916763844094
1771058063802370631,11.016428016319445,-0.338641031487001,0.09229044601617654
1771058063902428596,11.024940061988477,-0.3378637800972224,0.09044911907587865
1771058064002395818,11.035763708350116,-0.3368843658499785,0.09031051390926699
1771058064102340377,11.04650124371256,-0.3359189859029317,0.08867011048171791
1771058064202424351,11.05704993521587,-0.3349717626906832,0.09000029954826082
1771058064302408495,11.065592375359827,-0.3341905879158362,0.09213506232307125
1771058064402468403,11.075720497403662,-0.33324139451493573,0.09502294200447522
1771058064502386171,11.085954384239836,-0.3322648599974307,0.09491436979036177
1771058064602395042,11.09596905178774,-0.3313193254459452,0.09412123592212797
1771058064702405636,11.10455589890619,-0.3305034935770279,0.09458969009069103
1771058064802397435,11.115230133857915,-0.3294895916573026,0.09485703008768614
1771058064902384234,11.12583162424523,-0.328479866098641,0.0945836601415077
1771058065002370202,11.13440126266637,-0.32767669615385153,0.09282468917571361
1771058065102362030,11.144913844384847,-0.32670170537721255,0.09187784751078466
1771058065202409614,11.154891934614248,-0.3259739747709445,0.08973453684319592
1771058065302407904,11.148608946239452,-0.3301820060071039,0.09091390882054724
1771058065402422465,11.144944437534138,-0.33397198629727054,0.09105755036148229
1771058065502410446,11.155544368393631,-0.3329877359400635,0.09385865653038165
1771058065603012051,11.164228734399767,-0.3321658310657174,0.09476701397866515
1771058065702409542,11.1745282656776,-0.33117923141326955,0.0964647385285097
1771058065802424063,11.184968010132149,-0.3301749096207367,0.09508756610880265
1771058065902426361,11.19349338811745,-0.32936755344575563,0.09381785181615117
1771058066002421265,11.204429077897512,-0.3283313871966189,0.09428159534428428
1771058066102337860,11.21486299047765,-0.32735467345700386,0.09267511171603933
1771058066202366338,11.225481319024757,-0.3263662243914458,0.09267313781775481
1771058066302391419,11.234028824804804,-0.3255722406700179,0.09265212858137137
1771058066402451516,11.244058313380902,-0.3246303473058163,0.09427015383066134
1771058066502379202,11.254256529040063,-0.32366694631286963,0.09430422030487082
1771058066602381550,11.26421876093257,-0.3227195883202971,0.09519216258662111
1771058066702280351,11.272904313691287,-0.3218911151452015,0.09544592138249042
1771058066802420209,11.283236719944053,-0.32089552657154363,0.0966492681378361
1771058066902435041,11.29362156902211,-0.3198963790359399,0.09503783291272949
1771058067002313744,11.30397768951406,-0.31891351044228733,0.09448649964797555
1771058067102408286,11.314231592406712,-0.31795811744833125,0.09148410725942836
1771058067202330121,11.323173188770228,-0.31714833555594946,0.08959467369048632
1771058067302416197,11.333670011394908,-0.3162059315379866,0.0896557759208267
1771058067402362939,11.344279360918012,-0.3152525391312453,0.09053754097774824
1771058067502403338,11.353054261519079,-0.31444784233978296,0.09230298904883635
1771058067602401157,11.363465496961304,-0.3134817075160161,0.09242674802012786
1771058067702403093,11.373351899060708,-0.31255710839109074,0.09310305917639349
1771058067802402915,11.381781675604696,-0.31177891383324696,0.09169682606454109
1771058067902361931,11.392484793811143,-0.31079926855162965,0.09108552084296781
1771058068002668535,11.402779972082929,-0.3098677912694938,0.0890258142447869
1771058068102404396,11.413494758385935,-0.3089034401476276,0.08967730133025843
1771058068202410811,11.422172365644144,-0.3081212160215079,0.08948522692672549
1771058068302412216,11.432663779306768,-0.307187406457307,0.08886898619733946
1771058068402354679,11.442914728517529,-0.3062816085741733,0.08710471151636008
1771058068502402031,11.453248231074415,-0.3053730045777481,0.08818400324669913
1771058068602412794,11.461820730157394,-0.3046035039407342,0.0903122232986568
1771058068702386496,11.472099657777855,-0.30367296933691756,0.0910758040146188
1771058068802389494,11.482540317972429,-0.30271299386626804,0.09229314383206672
1771058068902506278,11.492799407928787,-0.3017676300415135,0.0922319298947507
1771058069002472877,11.501178810111265,-0.3014959701413864,0.09079606366858331
1771058069102384872,11.512148007518183,-0.311221005048105,0.08068583412640826
1771058069202392759,11.522578447636674,-0.3205199478260592,0.07274139917985349
1771058069302393602,11.531619192817196,-0.31986526858370734,0.07136962574526103
1771058069402396700,11.54236624018086,-0.31908366325407167,0.07371988328399164
1771058069502382736,11.552984780155436,-0.3182906699544885,0.07496399812523558
1771058069602412534,11.561531743732086,-0.3176508516575298,0.07561735771239482
1771058069702484713,11.571838913119766,-0.3168756545850442,0.07416238130488581
1771058069802355189,11.58200342275325,-0.3161180839832154,0.07432237499355819
1771058069902364939,11.590646033233622,-0.31547215208951185,0.07463994625682861
1771058070002405779,11.601132982400125,-0.3146850939921815,0.07559459367164205
1771058070102407553,11.61167941407332,-0.3138890849816103,0.07487314697908941
1771058070202371547,11.620496162612618,-0.3132348083875658,0.07352944296182719
1771058070302429117,11.631097376717907,-0.3124548708184143,0.07270862864703054
1771058070402456410,11.641524928697804,-0.3117109109061127,0.06997207869560015
1771058070502411857,11.652235328385109,-0.31095999103330074,0.06932916726927292
1771058070602410596,11.66077974607195,-0.3103618586322987,0.07028854193603294
1771058070702412782,11.671329652444374,-0.3095964457901632,0.07454309851268838
1771058070802404588,11.681822385141816,-0.30881371659273404,0.07504965181857573
1771058070902367619,11.690222288140044,-0.3081857771747871,0.07480905520341599
1771058071002408318,11.700490957803446,-0.30743038645212417,0.07173121146719029
1771058071102410002,11.71101037440025,-0.30668108279065853,0.07023133658710232
1771058071202413319,11.719904728525028,-0.3060569462584437,0.06944948194704252
1771058071302422337,11.730497073828328,-0.3053232642760082,0.06917804224156918
1771058071402449430,11.741340614047642,-0.3045675933123331,0.0694005210942647
1771058071502355593,11.75010250282679,-0.30396158500328063,0.06866919064830737
1771058071602391271,11.760245531582463,-0.30326024173301325,0.06943269267252226
1771058071702382395,11.770664108772404,-0.30254209937606413,0.06925671833439927
1771058071802423765,11.779355645686257,-0.30193265313668816,0.07010191730880712
1771058071902405281,11.789850792889872,-0.3011980376919481,0.06959066006262923
1771058072002816842,11.800213595739912,-0.3004673608919619,0.07143497077252162
1771058072102456549,11.81067955188843,-0.2997220442284212,0.07092202891774033
1771058072202452061,11.819031501628775,-0.2991364403747312,0.06944431807664002
1771058072302388471,11.829661722171005,-0.2984060507169195,0.06685964777193436
1771058072402433267,11.839970116703388,-0.297717080750179,0.06622612628308099
1771058072502403832,11.850600102738072,-0.29701122497744903,0.06611803470014047
1771058072602706987,11.859475320671569,-0.29642122341895405,0.06747797939585146
1771058072702456432,11.87010030485404,-0.2956904196540917,0.07001281421787292
1771058072802413331,11.880110396347671,-0.29518099713936596,0.0720511149033436
1771058072902481731,11.88356629076758,-0.29974438012662086,0.06999417446414276
1771058073002407211,11.889126525488086,-0.3039652035570477,0.06741195588784306
1771058073102493705,11.899461432461894,-0.30327294766986945,0.06597757689947022
1771058073202410878,11.908386157317763,-0.30269429605377196,0.06359594074281555
1771058073302403484,11.919022207015933,-0.30201744970875066,0.06358947340491343
1771058073402467315,11.929853964103266,-0.30133986643876143,0.061349238196742706
1771058073502387043,11.940254467576326,-0.30070755477705124,0.0605321888634865
1771058073602420957,11.949042541923529,-0.3001773383297226,0.0595680673419681
1771058073702478697,11.959336525204574,-0.2995512413669361,0.06168600735213533
1771058073802410828,11.969970579091754,-0.29888908102877054,0.06307798810121794
1771058073902463628,11.978418185872965,-0.2983599320638215,0.06284583068257593
1771058074002407051,11.988772638701532,-0.29773634521351466,0.05703390823595419
1771058074102333541,11.999261495583491,-0.29718600392403083,0.048654038799605795
1771058074202392723,12.00799888669378,-0.2968002794876461,0.03891403873395106
1771058074302411068,12.018593407955391,-0.29644514533120603,0.0271267413718078
1771058074402387643,12.029420818600006,-0.2962155110589495,0.014447932368231296
1771058074502407450,12.040107581093828,-0.2961121625238723,0.005598312934884134
1771058074602378936,12.048793412906656,-0.29609596113112335,-0.0017019207762510495
1771058074702412459,12.059056645655236,-0.2961464651760657,-0.008949088822679915
1771058074802415013,12.069382094493557,-0.29627954118847954,-0.01703949111030978
1771058074902466751,12.077796834781438,-0.2964635487628977,-0.026626610165832745
1771058075002406196,12.088195189488436,-0.29679392650282654,-0.03758652100309136
1771058075102408359,12.098761183053922,-0.2972456206904268,-0.047947545174457026
1771058075202428396,12.109489433536814,-0.29782098348201025,-0.05834922786777518
1771058075302455096,12.118130489335522,-0.2983726444180752,-0.06847051740699173
1771058075402377799,12.128373295724662,-0.299127307422713,-0.07978369106596656
1771058075502408586,12.138914046099508,-0.30002911268599775,-0.0904550773861808
1771058075602409998,12.149339528789222,-0.30103805797933747,-0.10126557359040919
1771058075702382305,12.157768370949855,-0.30192144781876307,-0.10762513267601466
1771058075802767564,12.167993870835017,-0.30307009988746114,-0.11669329865378664
1771058075902367896,12.178483934210151,-0.3043471075118831,-0.1252164606598198
1771058076002422368,12.188862676992034,-0.3057017549485639,-0.13416036188481592
1771058076102319041,12.197627754153784,-0.3069315593180737,-0.1453523293065738
1771058076202419270,12.20795492566816,-0.3085064770268102,-0.15768306219517042
1771058076302401715,12.218589514852539,-0.3102745915971512,-0.170633742092344
1771058076402494961,12.228227436097132,-0.3121068423084876,-0.18179719973776004
1771058076502386053,12.259060442033283,-0.32036134744758216,-0.2030307201958008
1771058076602390230,12.287172693700672,-0.3284705680705353,-0.22282855471570542
1771058076702384377,12.295726904856897,-0.3304423083417425,-0.22965900988093058
1771058076802391179,12.305857133899643,-0.33285374504631937,-0.238590031160937
1771058076902453045,12.316041765600469,-0.3353859686352991,-0.24847747018526103
1771058077002363834,12.324259732321746,-0.33751904468716853,-0.25876935284026303
1771058077102348504,12.334301524166367,-0.34022888739955826,-0.269432121182304
1771058077202388518,12.344479290464887,-0.34308490453288254,-0.2786540420115737
1771058077302418212,12.355049266132978,-0.3461900266833222,-0.2915492320926683
1771058077402379427,12.363372684335989,-0.34872970676101667,-0.30046066570749563
1771058077502388332,12.373618123444778,-0.3519484812435074,-0.3088699917870636
1771058077602373663,12.383641900195185,-0.35519888274717104,-0.31775244065360236
1771058077702490102,12.391504766709254,-0.35782130401067036,-0.325852232545335
1771058077802363189,12.401117590914652,-0.3611155288065091,-0.3359549677117952
1771058077902464219,12.410897227529787,-0.36458414330615074,-0.3451880964672671
1771058078002395177,12.420977127364688,-0.3682729639915363,-0.3554434837715625
1771058078102281479,12.42909442682206,-0.37133393540098014,-0.36583307390315434
1771058078202389501,12.438886780879217,-0.3751403306600145,-0.37688234558774336
1771058078302394358,12.448743239898668,-0.37910223764008566,-0.3876826379238358
1771058078402462455,12.458236681712275,-0.38304404260293623,-0.3990886555464759
1771058078502393142,12.46633054443483,-0.38650649719535846,-0.4094084154479528
1771058078602387299,12.47571262275708,-0.3906144939910172,-0.41619506942071255
1771058078702354544,12.48544554670482,-0.3949680962090425,-0.4239327072292543
1771058078802369480,12.493169075549721,-0.3984876650154927,-0.4309086597471953
1771058078902456924,12.50264247818583,-0.4028787157610658,-0.43823347068921037
1771058079002412538,12.51230638604078,-0.4074765214049343,-0.449686646957988
1771058079102408167,12.521603730660658,-0.41204315586351514,-0.4617193345018335
1771058079202495129,12.529372868230414,-0.41596126730182315,-0.47289381744401315
1771058079302436746,12.538818130522584,-0.4208470874338506,-0.48213877048120146
1771058079402424590,12.548136847524729,-0.42578255786425023,-0.4905634621965088
1771058079502410331,12.555912433649873,-0.42996859770453666,-0.49758506546914577
1771058079602372837,12.565024018884516,-0.43496214481449247,-0.50591560994739
1771058079702402560,12.574059643331617,-0.44003964160446474,-0.5164953541188819
1771058079802703709,12.581543608683257,-0.4443357643560222,-0.5260560807875359
1771058079902452981,12.590502136951008,-0.44959747933631533,-0.537086303116946
1771058080002418202,12.599586601724187,-0.4550663690411718,-0.5466573018374353
1771058080102317629,12.60716590576737,-0.4597349120951746,-0.5567562055177799
1771058080202403318,12.616871986304687,-0.46557354664996375,-0.5683425632362848
1771058080302404106,12.635969575140065,-0.4721968560912675,-0.5886160248730138
1771058080402464508,12.651927232460405,-0.47777698379678024,-0.6054972163348269
1771058080502401786,12.66035003697172,-0.48366298926609175,-0.6146052287740551
1771058080602405650,12.668837020081666,-0.48971317384282,-0.6230942235249656
1771058080702415856,12.675679274580025,-0.4946616475261194,-0.6296422259873831
1771058080802516945,12.684152093354742,-0.5008902250547098,-0.6387033290565374
1771058080902428725,12.692788777982086,-0.5073780017173635,-0.6488556301019062
1771058081002373828,12.699674961862318,-0.5126490286811856,-0.6583285730012624
1771058081102405434,12.70801363664474,-0.5191802084697381,-0.6710777901560123
1771058081202410129,12.716365146469428,-0.5258962568668435,-0.6825845812849282
1771058081302363538,12.723035582233539,-0.5313633982446644,-0.690963046658275
1771058081402471940,12.731129320430059,-0.5381012946391341,-0.6988378049518325
1771058081502424777,12.73923881413196,-0.5449704297597913,-0.7061552303695857
1771058081602470630,12.745776714498199,-0.5505879132701992,-0.7136753273806439
1771058081702427936,12.753717728764297,-0.5575216747895293,-0.7228727859343599
1771058081802411761,12.761549251041554,-0.5645014458891693,-0.7333128400730429
1771058081902415385,12.769248203295254,-0.571518883470328,-0.7449689127320764
1771058082002394422,12.775505552758908,-0.5773544209696049,-0.7563547963409143
1771058082102404797,12.783239266350861,-0.5847440321023372,-0.76966205651438
1771058082202395295,12.790863632244907,-0.5922138161261568,-0.7805213707772575
1771058082302391304,12.797177998694798,-0.598521210190212,-0.7891781627648582
1771058082402407150,12.80453082523143,-0.6059727382954241,-0.795518439123204
1771058082502452141,12.811547699819696,-0.6131939817004415,-0.8034488218447425
1771058082602379499,12.81874922961383,-0.6207418696820428,-0.8138628984216679
1771058082702278464,12.824529642183629,-0.626917102191541,-0.822735737124373
1771058082802371236,12.831712144829218,-0.6347358590218011,-0.8331509274488054
1771058082902290940,12.838874864918917,-0.6427082556322141,-0.8437729407348948
1771058083002309020,12.84476923707675,-0.6494059270649846,-0.8538136874840622
1771058083102294328,12.851799390775364,-0.6575453521858516,-0.8640533107083612
1771058083202346152,12.858703177597514,-0.6657298905577034,-0.8752716365967755
1771058083302359703,12.864278734799166,-0.6724821298650097,-0.8857057034252964
1771058083402354098,12.870887436653376,-0.6806352711756207,-0.8951432608780893
1771058083502323095,12.876241089758299,-0.6873725710782626,-0.9031710679049497
1771058083602317029,12.88271323482793,-0.6956278689909157,-0.9090140014472252
1771058083702307977,12.888973620864796,-0.7037502583739801,-0.9185061178366629
1771058083802318333,12.895160992571409,-0.7119461725916996,-0.9290404734694248
1771058083902359426,12.900451321347477,-0.71910777474518,-0.939486808803407
1771058084002358330,12.90689927821476,-0.7277234289332235,-0.9525651057181448
1771058084102365058,12.917982873112935,-0.7364014292218353,-0.9663798832333004
1771058084202320989,12.928628819118456,-0.7449969550703233,-0.975013680509553
1771058084302286349,12.933454063788005,-0.7521644577111264,-0.9823928407187873
1771058084402309257,12.939306025663756,-0.7609953129077442,-0.9892226785914033
1771058084502284576,12.944823002782073,-0.7694733256147956,-0.9980083016178257
1771058084602296283,12.94948034999772,-0.7767672638931828,-1.0074912950156074
1771058084702296018,12.955068767193069,-0.7857193481578642,-1.0184100325303806
1771058084802320109,12.960349216501255,-0.7943797702321338,-1.0280561791269185
1771058084902357986,12.965823602631902,-0.8035689129664303,-1.038205204697322
1771058085002302876,12.970302117741065,-0.8112772069494922,-1.0500172899897562
1771058085102303662,12.975461411397514,-0.8203698247838882,-1.05921324030856
1771058085202302996,12.980646804995422,-0.8297244012833604,-1.0696749039393176
1771058085302295496,12.984757442258823,-0.8373033754523838,-1.0780289481920275
1771058085402299649,12.989549899825601,-0.8462802617596776,-1.0823206236983975
1771058085502295085,12.994325723792581,-0.8553140506215358,-1.0862599232474948
1771058085602303105,12.998997125185898,-0.8641874499477507,-1.0862861606579242
1771058085702357944,13.003122620666176,-0.8720249928128356,-1.0864862769229686
1771058085802309426,13.008162098961293,-0.8816067769014566,-1.0872765132935311
1771058085902353354,13.013136808643612,-0.8910762367615601,-1.087412822756457
1771058086002409896,13.018032601830512,-0.9004428967372218,-1.0899069827706607
1771058086102321994,13.02195927021052,-0.9079739662869439,-1.0904195451751444
1771058086202775518,13.02677460697573,-0.9172338968485638,-1.0926076621456615
1771058086302407384,13.031714284193194,-0.9267569007545959,-1.092124122942726
1771058086402493512,13.035741339683696,-0.9345077766233056,-1.0910946121203113
1771058086502493266,13.040595056460456,-0.943812018516089,-1.0882939542276706
1771058086602424480,13.045442745378196,-0.9530740748022364,-1.0885755277522127
1771058086702364039,13.049438233928331,-0.9607058836634503,-1.0882350527888227
1771058086802418908,13.054250505155075,-0.9699116524344142,-1.0905168694939131
1771058086902431656,13.059244319668727,-0.9795181177849601,-1.0916469525708874
1771058087002317755,13.063359166794742,-0.9874487019422218,-1.0930435993673955
1771058087102320584,13.068360207258634,-0.9971288763554429,-1.0953210277311003
1771058087202354001,13.073329380656395,-1.0067696936194745,-1.095126157650331
1771058087302336672,13.077265273458067,-1.014420398235648,-1.0959130590341077
1771058087402350482,13.08202499070842,-1.0236572042065997,-1.0937901086043753
1771058087502318455,13.086680019098377,-1.0326793703258512,-1.0937656429903262
1771058087602378242,13.090482475203743,-1.0400075271785592,-1.0916882088517699
1771058087702382464,13.095397043579666,-1.0494711760335567,-1.0917237527420576
1771058087802390994,13.100357644372242,-1.0590180800019877,-1.0911781729024173
1771058087902401147,13.105312787227865,-1.0685682882008098,-1.093322691307178
1771058088002398105,13.1096634296806,-1.0759320619081283,-1.0939148186185543
1771058088102410031,13.122272892619955,-1.0800119886456736,-1.0792141194178508
1771058088202371882,13.13179845426098,-1.0836723253614973,-1.0658897374595275
1771058088302363229,13.136093967740656,-1.0914352684933266,-1.0660706114698524
1771058088402463633,13.141284072197424,-1.1008185748940238,-1.0649931753663469
1771058088502406749,13.145449366323517,-1.108321871191562,-1.063709962442554
1771058088602358701,13.150437810947182,-1.1173062167524181,-1.0632699609226863
1771058088702418087,13.1554492067356,-1.126306396620474,-1.0620301663743623
1771058088802386641,13.16055680345187,-1.1354842214171614,-1.0631649070623495
1771058088902400400,13.16476584924459,-1.1430437832466718,-1.0628811453069464
1771058089002353114,13.170068887851853,-1.1525946534928255,-1.064756698993611
1771058089102385178,13.17515670265,-1.161792728231206,-1.065972941300618
1771058089202365143,13.179357194099005,-1.1694088492066002,-1.0681039193647102
1771058089302389772,13.184364589632803,-1.1785087268840388,-1.067569669302228
1771058089402361271,13.189285411028836,-1.1874409542376274,-1.0665833887969154
1771058089502392183,13.194447297144858,-1.1967971096082481,-1.065427823773318
1771058089602391555,13.19868812419473,-1.2044405871796677,-1.0644887392494407
1771058089702384274,13.20385427876554,-1.213735048523506,-1.0632859500035536
1771058089802400047,13.209020851962775,-1.2230157828913566,-1.0628612764589516
1771058089902394529,13.21320166820207,-1.2305425868250073,-1.0637865302587795
1771058090002393139,13.218258098498806,-1.239649939878603,-1.0638853431637614
1771058090102405105,13.222576281767877,-1.24744810411621,-1.0666560761119845
1771058090202391932,13.227781949365811,-1.2568932790334542,-1.067329257508586
1771058090302395111,13.23310963609961,-1.2665970318128756,-1.0695446393600267
1771058090402371689,13.237342469551146,-1.2743222570193529,-1.0699800105266952
1771058090502401628,13.24236837663455,-1.283506769862336,-1.0699941793379926
1771058090602360803,13.247319193267716,-1.2925202525339294,-1.067344528191061
1771058090702357279,13.251414989900317,-1.2999566393665083,-1.067172721180573
1771058090802358554,13.256472398091775,-1.309132218172237,-1.066027277683498
1771058090902366442,13.261687263291748,-1.3185914817223578,-1.0676737870795852
1771058091002358179,13.266000324738444,-1.3264288754667917,-1.067590925126426
1771058091102392476,13.271180743175286,-1.3358475260065112,-1.068738541944777
1771058091202389753,13.27627227385517,-1.3451737768180851,-1.0723040937673074
1771058091302400385,13.280215085228406,-1.3524258018501387,-1.0735465339846373
1771058091402326707,13.285316656507046,-1.3618347206130663,-1.0748971737838635
1771058091502391993,13.290205791565722,-1.3708400105730798,-1.0719526510381185
1771058091602389831,13.295262605532098,-1.3801245013936365,-1.0713628498086565
1771058091702386888,13.299408370345713,-1.3877160591632987,-1.0699142175052863
1771058091802400035,13.304196328380295,-1.3978160074024597,-1.0712818129541075
1771058091902401309,13.303950467395776,-1.4273404341553944,-1.076905166667543
1771058092003216897,13.302406694841178,-1.4543834222230883,-1.0839206102673544
1771058092102409178,13.307292227748968,-1.463624518488557,-1.0847486298757367
1771058092202396676,13.312353675463214,-1.4732234045633608,-1.0871824501356282
1771058092302392469,13.316473202211542,-1.4810818684091787,-1.088289362631189
1771058092402399194,13.321478816617423,-1.4906495226815852,-1.0887703847691554
1771058092502939880,13.326306063160176,-1.4998874168923806,-1.089033883059418
1771058092602395450,13.33023052291022,-1.5073726894463624,-1.0876743852262203
1771058092702387567,13.335050551963851,-1.5165432858684607,-1.0863878055319207
1771058092802407296,13.339978356139527,-1.5258760588943387,-1.0838016680902303
1771058092902417747,13.344941506544075,-1.5352538004133318,-1.0838594571217368
1771058093002405746,13.348909448060327,-1.5427517847826284,-1.0838792102256016
1771058093102385820,13.353881934398524,-1.5521737517687348,-1.0866327827792441
1771058093202406660,13.358799655314547,-1.5615375254448114,-1.0877774144924082
1771058093302406471,13.362906255006358,-1.5693902659815213,-1.0898356341363624
1771058093402427062,13.367868635620008,-1.578909697909536,-1.090445914887078
1771058093502394090,13.37278891179707,-1.5883479463873502,-1.0904675654601952
1771058093602403549,13.37676794272423,-1.5959862558911524,-1.0899018757193517
1771058093702405504,13.38162785961562,-1.605288986505675,-1.0886384307514378
1771058093802388924,13.386406152980232,-1.614416547912551,-1.0873406347745949
1771058093902350763,13.390380482215107,-1.6219708786028437,-1.0865292132672888
1771058094002364009,13.395341372452355,-1.6313958254266037,-1.0866051393025054
1771058094102337139,13.400303142009413,-1.640825500208402,-1.0863952102730188
1771058094202404117,13.404480874364335,-1.648781293130581,-1.0880492274943216
1771058094302402725,13.409412372151232,-1.6581947299365731,-1.088574445388559
1771058094402323065,13.414295282090853,-1.6675438473231698,-1.09041400823647
1771058094502458182,13.418222996273578,-1.675080130646305,-1.089961903526349
1771058094602368132,13.423112277463735,-1.6844900260831774,-1.0922281973945185
1771058094702395184,13.427758917855055,-1.6934250586034396,-1.0901033554135504
1771058094802427656,13.432634423839971,-1.702756131083623,-1.0892187015946144
1771058094902423018,13.436674961779431,-1.7104818232067787,-1.0878272228184658
1771058095002409053,13.441469809400424,-1.719640486937309,-1.0890386481319043
1771058095102414984,13.446231275108875,-1.7287601211576387,-1.0893908579267797
1771058095202409454,13.450255743132324,-1.7364700969173679,-1.0911710520996705
1771058095302404645,13.455197351406929,-1.7459868511648053,-1.0932261709327882
1771058095402433470,13.459959694890655,-1.756097295410654,-1.0943199792265457
1771058095502377625,13.458840725502705,-1.7742173643836696,-1.097566646620406
1771058095602407392,13.458586314465252,-1.7934125136422192,-1.0993637919540027
1771058095702401040,13.463312378116125,-1.8026786695634467,-1.0990549539531378
1771058095802365804,13.467125353384729,-1.8101361615178995,-1.0970483127237063
1771058095902473979,13.471845729280474,-1.8193458220469507,-1.098051953218002
1771058096002409998,13.476553771890913,-1.8285716810175672,-1.1007452569621663
1771058096102339955,13.481380686790537,-1.838185016063354,-1.1099101637793731
1771058096202369531,13.485296365551413,-1.8461709101279147,-1.1200276977459713
1771058096302363450,13.489785446313165,-1.855566516414799,-1.1306330560088778
1771058096402458911,13.494235036936837,-1.8651504605657552,-1.1415895964932354
1771058096502414316,13.49774706099497,-1.8729371244110666,-1.15187705421768
1771058096602364652,13.502043228155204,-1.8826845748508938,-1.160258951898569
1771058096702406531,13.506231239713895,-1.8923971875311936,-1.167853374359656
1771058096802411601,13.510331016606417,-1.9021295960774622,-1.1757378733833628
1771058096902422211,13.513484202639626,-1.9097484292858855,-1.1817534790526043
1771058097002367767,13.517373841003959,-1.9193605698446032,-1.1912977625597327
1771058097102401992,13.521109635377822,-1.9289024133910653,-1.2030516792377703
1771058097202405448,13.524841912444122,-1.938774865966986,-1.214705673869307
1771058097302413382,13.527894017273384,-1.9471510610451825,-1.2274515178292549
1771058097402482092,13.531510118319597,-1.957443458152147,-1.2379410368796857
1771058097502374207,13.534386087037243,-1.9658721067197593,-1.2461597770521557
1771058097602436094,13.537689943005224,-1.9757906422960394,-1.2532117208676525
1771058097702376020,13.540889626640059,-1.9856801128368415,-1.261861450194745
1771058097802406868,13.543457885512213,-1.9938564158112198,-1.271151763486207
1771058097902470177,13.54647304564682,-2.003795884691174,-1.2818168931100933
1771058098002395996,13.54945619609916,-2.014071572003526,-1.2935482759748411
1771058098102297048,13.55222970033723,-2.0239657716434056,-1.3018766205907835
1771058098202354535,13.554485835325334,-2.032292386556337,-1.3108285787600453
1771058098302389651,13.557207771626524,-2.042755306320026,-1.3221511552316043
1771058098402411031,13.559825731482325,-2.053350549025555,-1.3339527335944035
1771058098502358580,13.56184142062809,-2.0619018148756796,-1.3450727340996729
1771058098602357227,13.56411864187568,-2.07201827290769,-1.3539256198805119
1771058098702374108,13.56623976423118,-2.081808731694585,-1.361367384048283
1771058098802408572,13.568289050216709,-2.0916407814307014,-1.3691095835202607
1771058098902435512,13.569949975192728,-2.0999249404400784,-1.376779101659534
1771058099002417457,13.57200159029037,-2.110611110352014,-1.3865845038224927
1771058099102416685,13.573866532158663,-2.120962736312272,-1.3990698006972286
1771058099202594841,13.576046202049103,-2.1318028384982224,-1.413716070116956
1771058099302354243,13.580133230664151,-2.147412096768462,-1.4531995276993708
1771058099402436779,13.572551853235554,-2.161297007522784,-1.4923110318161814
1771058099502407792,13.573339290793282,-2.1718922510671113,-1.5007617371637227
1771058099602409494,13.573927890889816,-2.180700066728949,-1.5070773292533606
1771058099702405936,13.57454631809256,-2.19124234251298,-1.5178515508939374
1771058099802676938,13.57505365143138,-2.2017808312896094,-1.527065592435569
1771058099902357942,13.575383616938641,-2.2101582919114375,-1.536159151474509
1771058100002387767,13.575693620314595,-2.22067620533926,-1.5471625641262092
1771058100102322702,13.575876613736682,-2.231391526889849,-1.559064638140969
1771058100202394707,13.57593613485364,-2.240303925510641,-1.5694401124158663
1771058100302390247,13.575899899397067,-2.251192167771238,-1.5795586375768393
1771058100402423528,13.575741619422802,-2.262039787678256,-1.5899813744426046
1771058100502386446,13.575549329220825,-2.2706707726180944,-1.5965283035773208
1771058100602698085,13.575243935032734,-2.281014966222035,-1.6050245316421603
1771058100702389619,13.57484239830723,-2.291472916965851,-1.6130109229206089
1771058100802408382,13.574431894843446,-2.3001654171783,-1.622280885283404
1771058100902428739,13.573820725726817,-2.310743482650834,-1.6340888642575944
1771058101002392739,13.573230413714846,-2.3195435368198907,-1.6421149179322672
1771058101102393819,13.572397690240434,-2.3304737893473795,-1.651859172771651
1771058101202393726,13.571507928615882,-2.340900279540394,-1.6609435284326695
1771058101302383886,13.570534134451036,-2.3513903482429312,-1.6652729307207226
1771058101402393712,13.569710015698965,-2.3600188531681368,-1.6674517483187268
1771058101502390183,13.568716299250223,-2.37020153120083,-1.6678514558122235
1771058101602387325,13.56770182049037,-2.380646440374393,-1.6676373133686493
1771058101702358398,13.566878172413821,-2.389235822213871,-1.665034635252592
1771058101802353447,13.565902144744152,-2.3996491264663224,-1.6636206318979825
1771058101902411204,13.564923327354851,-2.410145187432762,-1.6640965368549192
1771058102002388118,13.564108900664017,-2.4187768925968007,-1.6660652496498656
1771058102102280922,13.56308167762816,-2.4293714822731416,-1.6688437262670415
1771058102202399915,13.562011571904101,-2.4401885548995073,-1.6698102559069645
1771058102302475887,13.561105217204682,-2.449193092180231,-1.671605683080854
1771058102402271847,13.560013950362947,-2.460002933229561,-1.6706893612019151
1771058102502408073,13.55897889723896,-2.470349707498897,-1.6704996373897838
1771058102602514582,13.558133312386097,-2.478861398858333,-1.669191805883949
1771058102702385004,13.557142371899243,-2.488973695551714,-1.6680960207533695
1771058102802406782,13.55616391704303,-2.4990707658525717,-1.6663454920716219
1771058102902375491,13.55515487688277,-2.5096006850693775,-1.666148435698357
1771058103002378313,13.554323428385391,-2.518331996220334,-1.665354731292609
1771058103102391786,13.553320388085472,-2.528905842324144,-1.6655062190845917
1771058103202433181,13.552868284547518,-2.539761586116111,-1.6662682996510831
1771058103302450200,13.559299398010468,-2.550301272927022,-1.6432600431505704
1771058103402418116,13.555910492004603,-2.5592369271024724,-1.6200747204055337
1771058103502275142,13.555395425972241,-2.5698798683641693,-1.6187495128992548
1771058103602391530,13.554978273622789,-2.5786261778710093,-1.6178477025413946
1771058103702385205,13.554501993779278,-2.5892162267306578,-1.6136428272531382
1771058103802387787,13.554058534005035,-2.5996247388262397,-1.612779251523435
1771058103902391951,13.553704864474552,-2.6080695420913687,-1.612642993887367
1771058104002403590,13.553254533623313,-2.61863967206357,-1.614154329137883
1771058104102319227,13.552772769085031,-2.6294313491275254,-1.6161052238788078
1771058104202392893,13.55237051995504,-2.6382572096594368,-1.6168356288533345
1771058104302392900,13.551864405702094,-2.649111528581411,-1.617842430417829
1771058104402396533,13.551363310365332,-2.6597926787825816,-1.6174703867576576
1771058104502383315,13.550945608914539,-2.668508625686581,-1.6190547217881273
1771058104602388942,13.550444259598565,-2.6788367078360817,-1.6197667461473317
1771058104702386013,13.549930276146453,-2.689417237048789,-1.619451163457945
1771058104802447596,13.549526787047107,-2.698042742897149,-1.616047843415368
1771058104902480144,13.549056911567904,-2.7086494606357956,-1.6138067163014138
1771058105002354893,13.54861210563965,-2.719239422510208,-1.6118150646935163
1771058105102398111,13.548254381627938,-2.727855767660886,-1.6130277648689098
1771058105202353202,13.547796722619422,-2.738504457329433,-1.6144898783236192
1771058105302653287,13.547308859176237,-2.749223987635143,-1.617428672560649
1771058105402392038,13.546872114811814,-2.758149056913388,-1.6212716995747058
1771058105502390070,13.54633582878183,-2.768919221797592,-1.6207955781986638
1771058105602429852,13.545903599044316,-2.7776381742898764,-1.620114089589145
1771058105702294531,13.545405008484478,-2.7880414800518762,-1.6169655351408494
1771058105802336066,13.544919070856592,-2.7984616031207805,-1.6169650520034795
1771058105902318629,13.544524226258194,-2.8070586196321266,-1.6169753061397434
1771058106002397315,13.544034005793106,-2.817646008526829,-1.617612294626287
1771058106102386229,13.543537773117441,-2.8282555367069264,-1.6174338381588675
1771058106202386986,13.543111386913518,-2.8371953888213888,-1.619066322175475
1771058106302385860,13.542588845433508,-2.848010521017409,-1.619073455128845
1771058106402380986,13.542057491819376,-2.8586795369604907,-1.6221930488482597
1771058106502429053,13.5415951213202,-2.8675116659824145,-1.623921925933959
1771058106602399583,13.541023955063775,-2.878112505775351,-1.624886789262703
1771058106702392235,13.540470598401244,-2.8884857536242023,-1.6235238179507316
1771058106802356011,13.540037706717058,-2.8969190845800235,-1.6211153246992656
1771058106902385343,13.539527027494183,-2.9073499994394343,-1.6179088914839252
1771058107002391731,13.539047802623644,-2.9177640067356903,-1.615579477217761
1771058107102353804,13.53856327778774,-2.9283034914172594,-1.6169415849060342
1771058107202679787,13.537685743437489,-2.9343679095656405,-1.6188959164986183
1771058107302413568,13.526861426866024,-2.8953125687548718,-1.628790181950916
1771058107402416619,13.515683106123703,-2.8581937142645417,-1.6358799275211244
1771058107502403479,13.515102467612342,-2.8669958003155176,-1.636944221311421
1771058107602372075,13.514407359295692,-2.877640214687725,-1.6353589146586112
1771058107702400814,13.513747507808816,-2.887856935785145,-1.635412491734843
1771058107802407052,13.51307924687165,-2.8982594337290952,-1.6343693899124685
1771058107902376479,13.512544674498622,-2.9066823872721756,-1.6338366962778959
1771058108002444062,13.511917533422768,-2.916714127356508,-1.6324906933390377
1771058108102411175,13.511259436985602,-2.9274627101140953,-1.631683509266157
1771058108202435826,13.51074545220916,-2.935915260802943,-1.631062558902887
1771058108302420822,13.51009849122003,-2.9465808960121813,-1.6318902837685034
1771058108402361395,13.509419982837876,-2.957273669373677,-1.6358968093755577
1771058108502508759,13.508717175451384,-2.967885675735723,-1.638426036282918
1771058108602508022,13.50811135591761,-2.976722142861806,-1.6402958331291027
1771058108702487799,13.507373783261441,-2.987406642718953,-1.6383578059792705
1771058108802534262,13.506668120540862,-2.998080218440175,-1.6351555647184477
1771058108902393560,13.506138870077224,-3.0064034353700877,-1.6330727895903807
1771058109002505797,13.505500586653444,-3.0167858470685367,-1.6314779128878016
1771058109102509709,13.504879099028908,-3.0270306912763645,-1.631536201489787
1771058109202499715,13.504338657843698,-3.03586839231593,-1.632426837025635
1771058109302494459,13.503677684344327,-3.046530466444598,-1.6330865909456311
1771058109402381419,13.503009231873733,-3.057236704794897,-1.6338336991882625
1771058109502509486,13.502451621522312,-3.0660597002563414,-1.6345602754361788
1771058109602549727,13.501758664451296,-3.076737683433223,-1.6360112427186178
1771058109702314465,13.501176035070856,-3.0854689419026893,-1.6380929167008051
1771058109802465366,13.500477271902458,-3.095897894611961,-1.6374920681067562
1771058109902389907,13.499774178778587,-3.106441746915206,-1.6367932173177207
1771058110002514798,13.499216343145976,-3.115037681296599,-1.6344814650516273
1771058110102315404,13.49853573543148,-3.1257192611321147,-1.6339350995703228
1771058110202503004,13.497882968724882,-3.1362080729856063,-1.6322682613222372
1771058110302500163,13.49733729436089,-3.1449465177882767,-1.6342747868982883
1771058110402383957,13.496669155332102,-3.1552917405442664,-1.6361190552964568
1771058110502418246,13.495949849333835,-3.166053944354227,-1.6388958745780813
1771058110602521375,13.495210219840335,-3.1766126133662707,-1.6418212452729999
1771058110702566405,13.49458606844299,-3.1855268391180958,-1.640340793105771
1771058110802534007,13.493848131116131,-3.1962070493990553,-1.639327870371408
1771058110902472394,13.49326836413763,-3.204744051286631,-1.6376328436681717
1771058111002508406,13.492500091539851,-3.213901867227769,-1.6379783661629952
1771058111102968843,13.487276472511347,-3.1999707439267544,-1.6558570212351553
1771058111202493976,13.477334082723749,-3.1856182358989527,-1.6738754013098527
1771058111302364845,13.476432430261028,-3.194355761890881,-1.6730277400616747
1771058111402430463,13.475322285484001,-3.2050975631187946,-1.6742960375299885
1771058111502509346,13.47442419340854,-3.213747672525046,-1.6744634713759754
1771058111602504049,13.47331899127853,-3.2242118306186978,-1.678428343436444
1771058111702493553,13.47216383099814,-3.234779267570703,-1.6806067176234467
1771058111802771464,13.470996072103908,-3.2453352152039585,-1.6814198446964934
1771058111902408158,13.470024641236753,-3.2540529838973216,-1.6813735804728591
1771058112002513742,13.468874201386946,-3.264488343954466,-1.6800236366221677
1771058112102404168,13.467747681661063,-3.2749291681667394,-1.676221468609551
1771058112202427815,13.46686192405097,-3.2833208924208543,-1.6757835326449644
1771058112302397972,13.465754614124272,-3.2937812889343894,-1.6769971282649159
1771058112402492494,13.464644163299798,-3.3041478302295735,-1.6782563020865153
1771058112502499491,13.463682946498034,-3.3129381928722372,-1.6808547089854096
1771058112602737024,13.462467315352384,-3.3238873523780454,-1.6812070179099388
1771058112702427922,13.461288279689688,-3.334438205660499,-1.6821762595678582
1771058112802500412,13.46029728007125,-3.343284368327728,-1.6820713267399996
1771058112902409353,13.459139617425038,-3.3536035163981612,-1.6829430714150526
1771058113002503925,13.45799515081679,-3.363814705280639,-1.68183106233514
1771058113102395462,13.457043505162792,-3.3724199723956465,-1.6802215079965968
1771058113202457933,13.455903957147,-3.3829158167311197,-1.6774237381949662
1771058113302500406,13.45477757453008,-3.393475684284928,-1.6768747143797913
1771058113402474851,13.453860172368604,-3.4021284356805745,-1.6759609884689153
1771058113502506053,13.452745281866488,-3.412637968373936,-1.6776531058115733
1771058113602483072,13.451571081555858,-3.4233832235841195,-1.6810377905290155
1771058113702472394,13.45061299411835,-3.431938167606792,-1.6840489136506824
1771058113802499358,13.449383770643532,-3.442630904199166,-1.6867224410475787
1771058113902472500,13.448165231061393,-3.45316615904947,-1.6854277838531837
1771058114002504543,13.447155718982053,-3.461971215396618,-1.6841344033053587
1771058114102387624,13.446025307879236,-3.4720829864975498,-1.6804501143876005
1771058114202477697,13.444920010237876,-3.4820267413774495,-1.6826118983436003
1771058114302412045,13.443749943733481,-3.4924056477609815,-1.6833063078692956
1771058114402448597,13.442770894262868,-3.5010249228790276,-1.684452280753582
1771058114502513472,13.441572373973447,-3.511521093785956,-1.6844887180380228
1771058114602513694,13.44013626438526,-3.52074772864442,-1.6858139776707581
1771058114702492066,13.433757976342378,-3.5012041265666642,-1.688005221969587
1771058114802497719,13.427798913217417,-3.481081939189113,-1.691161831317557
1771058114902464448,13.42651312457151,-3.491627321898252,-1.6930139271333522
1771058115002494788,13.42522222230672,-3.5021665846492467,-1.6928169179607
1771058115102485011,13.424172880776865,-3.5107757830080852,-1.69175511681439
1771058115203152859,13.422920833627344,-3.521243875792019,-1.6879988057974435
1771058115302408420,13.421696492586285,-3.5317443956979164,-1.685514465696013
1771058115402371111,13.420727400261907,-3.5402000088236965,-1.6842476464698046
1771058115502522810,13.419519859827497,-3.55069837648171,-1.6860707697243877
1771058115602498496,13.418513881820974,-3.5593277488629522,-1.687675621762925
1771058115702516663,13.417227388373956,-3.570141820170418,-1.6906032114010927
1771058115802427876,13.415916525882322,-3.5808935591197826,-1.6932004535909393
1771058115902391860,13.414834050093,-3.5897606161908153,-1.6926580320881273
1771058116002523010,13.413561368509537,-3.6002180428974104,-1.6912742466218595
1771058116102320758,13.412328692715981,-3.6104385172833466,-1.6907823450221657
1771058116202522232,13.411293314667198,-3.6189762482396852,-1.6914881358802263
1771058116302503117,13.410046114363116,-3.629301614850252,-1.6909080913243633
1771058116402332766,13.408797025709248,-3.6396848093742835,-1.6906689009118567
1771058116502495315,13.407527702976072,-3.6502491837083375,-1.6905662447808607
1771058116602502601,13.406443010844503,-3.659227076885372,-1.6912008625411032
1771058116702874176,13.405181126886966,-3.669648654937562,-1.6915703469811045
1771058116802455544,13.403875890144032,-3.6802716989177395,-1.6946118034689994
1771058116902436870,13.402771413389644,-3.6890805959422672,-1.6960581998994393
1771058117002504189,13.401430540907462,-3.6996631742965507,-1.6968591170754546
1771058117102496666,13.40034878859431,-3.7082182791339577,-1.6953577245168576
1771058117202507217,13.399031932810333,-3.718819585673289,-1.6932808702757576
1771058117302467092,13.39778603875324,-3.7290781714971337,-1.6905961830023413
1771058117402433480,13.39656627948235,-3.7392493994272527,-1.6901391068090812
1771058117502531376,13.395550398290231,-3.747657471746645,-1.6914389602466973
1771058117602406150,13.394272090884739,-3.7581069357691157,-1.693801861143486
1771058117702417012,13.392960143812154,-3.768762326717711,-1.6928235201276745
1771058117802452099,13.391923930105524,-3.777408943437052,-1.687316711078535
1771058117902450357,13.390695794624532,-3.7881143427373707,-1.6814691025334396
1771058118002453544,13.389580834523677,-3.7985441021413755,-1.673114101101414
1771058118102290656,13.388740349619923,-3.8071040248293175,-1.6635864410118135
1771058118202478252,13.387814121523496,-3.8176273043084565,-1.6536600190672996
1771058118302490105,13.387010712252621,-3.8281863165718746,-1.6415867966952935
1771058118402486108,13.386562565854694,-3.834142821142122,-1.6277298816435162
1771058118502397100,13.385573025673223,-3.7863153063794766,-1.5954984303049995
1771058118602490899,13.379679918539,-3.7384713151429882,-1.5664524202202796
1771058118702482874,13.379752945878407,-3.7469183149944536,-1.5576289398267587
1771058118802485309,13.379929546940692,-3.7573943390535796,-1.5493547926991018
1771058118902448741,13.380188409685822,-3.7681732101882517,-1.54443618353535
1771058119002505739,13.380504661253353,-3.778977337176671,-1.5398309241466461
1771058119102499939,13.380775735982631,-3.7877919210485427,-1.5397321629715148
1771058119202569310,13.381117721934727,-3.7984232060419174,-1.5374928471278821
1771058119302554523,13.381471223119695,-3.8088606708992527,-1.5366124597989335
1771058119402453171,13.381765915554876,-3.81709484875908,-1.5341188879857564
1771058119502343653,13.382153937101847,-3.8273740354554935,-1.5322797467286484
1771058119602501403,13.38255658312661,-3.837713226274097,-1.5308418624079505
1771058119702498858,13.382910281703804,-3.8465845882602663,-1.5313681807266502
1771058119802500772,13.38332901816271,-3.8573919923456867,-1.5328471090889173
1771058119902473671,13.383718249594686,-3.8681244527807097,-1.535987799201352
1771058120002502456,13.384006342086073,-3.8766106197485786,-1.537374693948526
1771058120102357751,13.384358901128612,-3.887339185492676,-1.5381791881166162
1771058120202497005,13.38468776916113,-3.897614513684692,-1.5399350738423332
1771058120302467809,13.385037805213248,-3.908340955957052,-1.5373649284117656
1771058120402526390,13.385325395592778,-3.9169617055943586,-1.537021665854432
1771058120502498638,13.385685989017485,-3.927252655433451,-1.5345034697547695
1771058120602504749,13.386052867385489,-3.937456893126561,-1.534715712973783
1771058120702514537,13.386366973333013,-3.946054373381288,-1.5342910598964106
1771058120802496944,13.386748385690927,-3.9566633808645157,-1.535327140007206
1771058120902347801,13.387122216478172,-3.967441734770178,-1.5364386537276151
1771058121002503776,13.3874243764353,-3.9764506523954797,-1.5386179112790936
1771058121102405690,13.387759655490594,-3.9871502060817035,-1.5405626665225032
1771058121202518192,13.3880825587902,-3.9977175937339275,-1.5397936272104669
1771058121302497954,13.388403981795195,-4.008098832581991,-1.5387592431413468
1771058121402510156,13.388682980791703,-4.016527569289068,-1.5371383116793762
1771058121502644460,13.389040035365914,-4.026816982778049,-1.5358113641528837
1771058121602483424,13.38942289152658,-4.037269089728089,-1.5329645226680424
1771058121702315726,13.389807804797293,-4.047498186068062,-1.5326806136663327
1771058121802424732,13.390121380334984,-4.055813409786754,-1.5332098398890277
1771058121902384124,13.390505056685882,-4.066379109280249,-1.5363770479053291
1771058122002491247,13.390759634614618,-4.073008759705686,-1.5389051600974972
1771058122102296286,13.380265805758697,-4.00758793830636,-1.5759333724427276
1771058122202426642,13.35453808129656,-3.935937503713107,-1.6091592892483368
1771058122302482547,13.354123199955758,-3.9466706005404704,-1.6100344563224158
1771058122402489379,13.353713144649152,-3.9573009904514946,-1.6086565653796483
1771058122502384610,13.353399660074118,-3.9658710229903016,-1.6070922680024995
1771058122602358239,13.35302575106595,-3.976118465662197,-1.6062884146418932
1771058122702424223,13.352653881862748,-3.986392245726146,-1.6077553069434858
1771058122802412730,13.352258706538631,-3.9969996414718163,-1.6085136663563735
1771058122902476570,13.35193118516159,-4.005740978126759,-1.6080881098255515
1771058123002306226,13.351522494672748,-4.016362656424729,-1.6101273011343407
1771058123102303119,13.351108907575345,-4.026709376087609,-1.611024477810827
1771058123202866265,13.350680779492622,-4.0370975723553215,-1.6130426396676987
1771058123302388738,13.350316913801851,-4.045805094489401,-1.6120457061302353
1771058123402304647,13.349867786895267,-4.056494196467121,-1.6124810635314444
1771058123502289527,13.349443751176588,-4.066899997760755,-1.6101505481012082
1771058123602369518,13.34910920716265,-4.075683449968121,-1.60840641218685
1771058123702476439,13.348732818772989,-4.086079077184689,-1.606130313438848
1771058123802436572,13.348369385856026,-4.096404451831553,-1.6061013220267328
1771058123902434396,13.348063333412444,-4.104936714014988,-1.6060875810062438
1771058124002290793,13.347689044953633,-4.115462745752126,-1.6081107097174487
1771058124102398445,13.347279076750038,-4.126199521834831,-1.6099883917607247
1771058124202423851,13.346931932985814,-4.135047596721357,-1.6101635961997895
1771058124302378323,13.346497390524911,-4.145881322194077,-1.6115929933173332
1771058124402474083,13.346070079984903,-4.156492538678755,-1.6110339358845684
1771058124502302185,13.34573208832251,-4.16506952015342,-1.610125760644275
1771058124602293437,13.345344264099706,-4.175447566031979,-1.6060324481345813
1771058124702432248,13.344968613255512,-4.186017622248974,-1.6055627827416106
1771058124802426956,13.34466127186116,-4.194791789213619,-1.6057106871820004
1771058124902326073,13.344291673738091,-4.2053446700096995,-1.6064431653279125
1771058125002501163,13.343916806244108,-4.21571594269262,-1.6077821988982364
1771058125102316952,13.343520473547256,-4.226128039739379,-1.6099481864215368
1771058125202471933,13.343175947867676,-4.234646185162042,-1.611834238148197
1771058125302470809,13.342731396830596,-4.245389108164709,-1.6129470930462897
1771058125402492809,13.342284458202894,-4.2560268806872745,-1.6122274355590156
1771058125502914506,13.341933886659298,-4.26491079494858,-1.60892143195009
1771058125602466194,13.341548932011827,-4.275321076221422,-1.6066597452191727
1771058125702294155,13.341197398629868,-4.285536375669004,-1.6039261482037752
1771058125802491096,13.34062288588624,-4.291673740893313,-1.6032502938818787
1771058125902493619,13.335023867867356,-4.220229843114824,-1.609042983875838
1771058126002396873,13.328860171753838,-4.154649130161653,-1.6182236713238738
1771058126102345273,13.328338035848569,-4.165435347943174,-1.620627922973039
1771058126202298021,13.327892735154434,-4.174217793119004,-1.6226915020617385
1771058126302482458,13.327330802848591,-4.184830633557025,-1.6244574592026304
1771058126402502323,13.326765705362492,-4.195265214309253,-1.6251652023741052
1771058126502572533,13.326204342504695,-4.205593278553855,-1.6243872693902695
1771058126602387360,13.325758077995152,-4.214073903027947,-1.623252107497562
1771058126702433464,13.325207643867774,-4.22472946514057,-1.6219525225835354
1771058126802485160,13.324687418803359,-4.2351257928623784,-1.6202558487740513
1771058126902493112,13.324265793326232,-4.243655763472136,-1.6200181069043076
1771058127002499011,13.323742139362565,-4.254311278376456,-1.6201229535687132
1771058127102473900,13.32321911837389,-4.264722033514089,-1.6219692523368678
1771058127202489907,13.322760702149482,-4.273548957925883,-1.6232841799980382
1771058127302368424,13.322197522665965,-4.2842102124130435,-1.6246828053401587
1771058127402341730,13.321625603864137,-4.294897627783114,-1.6238446230401868
1771058127502495599,13.321067996436252,-4.305425401991347,-1.6236367168825383
1771058127602320033,13.320623131790327,-4.3139223102525115,-1.6220706988792335
1771058127702436791,13.32010061171225,-4.3241890878007485,-1.6212503426409413
1771058127802451627,13.31959251212577,-4.334403239923434,-1.6197283771021938
1771058127902486079,13.319086647856722,-4.344866859851189,-1.6192336822477782
1771058128002494091,13.318678539672359,-4.353229079813221,-1.619514208205153
1771058128102496482,13.318150361887913,-4.364063290746459,-1.6196375111723704
1771058128202480428,13.31761198374119,-4.3748412238354355,-1.6210388819463142
1771058128302360387,13.317178768945269,-4.383361190565628,-1.622444079557092
1771058128402435817,13.316634851399304,-4.393751744795072,-1.6237743817272983
1771058128502481831,13.316079551573614,-4.404274434137957,-1.6233219085214299
1771058128602407306,13.315524030091185,-4.414864767178194,-1.622906833268257
1771058128702300049,13.315078838809235,-4.423435524266106,-1.6213809862882842
1771058128802298923,13.31455638692813,-4.43380332948778,-1.6208218830074712
1771058128902469143,13.314026976466643,-4.4444363256552215,-1.6204761040049727
1771058129002332110,13.313612636298979,-4.45274948421698,-1.62089039024361
1771058129102464958,13.313092966177084,-4.463029101847891,-1.6215739462718404
1771058129202311723,13.312551717583096,-4.47355706472851,-1.6227271737253262
1771058129302316759,13.311974546978085,-4.484411807461775,-1.6245094759546976
1771058129402461479,13.31125150717871,-4.489849756433815,-1.624931141405063
1771058129502498496,13.305353447949415,-4.430461555304067,-1.6317317331250882
1771058129602289967,13.299277795932085,-4.374481390908388,-1.6355885173492988
1771058129702391465,13.298732316413359,-4.382947110244624,-1.6346360328068266
1771058129802427630,13.298096607819994,-4.393041522606106,-1.6325607345264737
1771058129902345600,13.297451459905867,-4.403602397434714,-1.6311593949048233
1771058130002522031,13.29693086913196,-4.412346092770081,-1.6288200481878121
1771058130102338789,13.296347974821778,-4.422844529229849,-1.6230473664564833
1771058130202456348,13.295834732713372,-4.433356614012345,-1.6160938724424898
1771058130302435304,13.295402573256627,-4.4439058024122415,-1.6072636450007642
1771058130402480175,13.295121008086095,-4.452480114992962,-1.6003497277858354
1771058130502467607,13.294837018703198,-4.4629140211830105,-1.595726966269083
1771058130602518609,13.29459194889855,-4.47372551032864,-1.5921010265751105
1771058130702346028,13.294375703558899,-4.484114062342368,-1.590840896552191
1771058130802319854,13.294206199933397,-4.492838347194963,-1.5895704093675886
1771058130902384492,13.29400901659221,-4.503122193621877,-1.5899012786770361
1771058131002482413,13.29382478215967,-4.513517392746099,-1.5880613150026135
1771058131102452021,13.293672838535263,-4.522140615264547,-1.5882631733310966
1771058131202940472,13.293483320385024,-4.532757398000371,-1.5887990969396522
1771058131302445780,13.293280259335814,-4.543431886140238,-1.5905703139572855
1771058131402477205,13.293105519312954,-4.552140481148953,-1.5911389071556967
1771058131502496617,13.292906575542055,-4.562812101812041,-1.5880036318429966
1771058131602486884,13.29276569148812,-4.5730470347504495,-1.5803718482395608
1771058131702410885,13.292723700239598,-4.5835732342157485,-1.5692456179511576
1771058131802298628,13.292795722482087,-4.592380543144426,-1.5565370552726916
1771058131902305606,13.2930025712693,-4.603026027774337,-1.5451134890999498
1771058132002500792,13.29333517510916,-4.613634049616955,-1.5342292424579322
1771058132102470850,13.293687998757841,-4.622168917189228,-1.5248119982619313
1771058132202511943,13.294211799835475,-4.6326919387586045,-1.5172827316376447
1771058132302425975,13.29478974797754,-4.6426712981824165,-1.508008211718301
1771058132402491283,13.295377462283529,-4.6514836278321425,-1.4996553295567159
1771058132502398252,13.296166304849825,-4.662043214372799,-1.4931190643290362
1771058132602488799,13.297018618011421,-4.672709746756339,-1.489767409345278
1771058132702385668,13.297728445523028,-4.6815202863693965,-1.49143228310265
1771058132802423054,13.29857975486427,-4.692245104914887,-1.4912077483724073
1771058132902347205,13.299390546602385,-4.702354107424181,-1.4901351128120397
1771058133002485913,13.300250574782417,-4.712831240135014,-1.4870390567433716
1771058133102416586,13.300984241880231,-4.721439155110293,-1.4855265476188466
1771058133202411701,13.30185670502438,-4.731596128213578,-1.4852645051813214
1771058133302718187,13.302751516540699,-4.742068828658979,-1.4861895798614786
1771058133402468358,13.3034779102358,-4.747472731561538,-1.4888794657804814
1771058133502484814,13.304010857558334,-4.687998258987733,-1.496051713056411
1771058133602728550,13.304132832575773,-4.632069615573457,-1.502767841837772
1771058133702393950,13.30487203980758,-4.6426729650974625,-1.5006654617322552
1771058133802410657,13.305498055428398,-4.651495906980026,-1.4999057867164258
1771058133902418396,13.30627046099905,-4.662180213510233,-1.4977896411480884
1771058134002412028,13.306907219515297,-4.67086007647239,-1.4978018976049965
1771058134102368951,13.307663328580096,-4.681171346828053,-1.4968670321506121
1771058134202419000,13.30843111512392,-4.691561397776651,-1.4965235810572055
1771058134302311280,13.309081058530543,-4.700226754751338,-1.4957053643437535
1771058134402339858,13.309876935586153,-4.710732070874361,-1.4949565711509851
1771058134502461603,13.310687425992084,-4.721388149513306,-1.495322874203975
1771058134602486134,13.311338205992213,-4.730222439246507,-1.4989475951099538
1771058134702491819,13.312072751801123,-4.740667489923219,-1.50177134106716
1771058134802407493,13.312808840915391,-4.751392186230431,-1.5026277137193857
1771058134902297569,13.31352471536526,-4.761886767314918,-1.5027472434114262
1771058135002481131,13.314122400751017,-4.770388610205725,-1.498884957320686
1771058135102283039,13.314885067555021,-4.780886913145993,-1.4974365047632483
1771058135202476780,13.315669623571184,-4.791358781856917,-1.4949174245941939
1771058135302324275,13.316307560837823,-4.799848272126956,-1.4963973673302373
1771058135402405342,13.31706279906917,-4.810016526946082,-1.4966163616071493
1771058135502505836,13.317840297579524,-4.820666237675141,-1.4987342158290229
1771058135602397485,13.318474300441295,-4.829385756417648,-1.4973036432656102
1771058135702474985,13.319253465742785,-4.839988512893891,-1.4977638344749156
1771058135802405888,13.320032381149842,-4.85065945881664,-1.4990596735495065
1771058135902296254,13.320810181983127,-4.861559653582079,-1.500393475321054
1771058136002364187,13.321424461240296,-4.870288181403069,-1.5002507167473091
1771058136102368578,13.32214309054488,-4.8803178281311705,-1.4976055001123008
1771058136202485914,13.322914698381148,-4.890700336806821,-1.4958377884505265
1771058136302391679,13.323557698847841,-4.899092072002913,-1.4929719035121982
1771058136402366955,13.324358463383922,-4.909495139986287,-1.4954854906931851
1771058136502493388,13.325133897239699,-4.920075206375744,-1.499571047141012
1771058136602479846,13.325808605982507,-4.930345814242234,-1.5104800801821925
1771058136702474870,13.326293750369887,-4.939283596020145,-1.5222251703965108
1771058136802449485,13.326754279832778,-4.94973855368036,-1.531944841660882
1771058136902417648,13.327119688344405,-4.960382263394433,-1.5409161676211411
1771058137002384248,13.327568649386835,-4.966228828390142,-1.5493142312234074
1771058137102448893,13.325476365415506,-4.916012233502583,-1.5858722024953653
1771058137202476188,13.311392234662438,-4.8600451694544144,-1.6192848814220657
1771058137302482173,13.31087301333489,-4.870451918235231,-1.621774770070063
1771058137402426500,13.310445077435869,-4.87888231592647,-1.6216615282884908
1771058137502298550,13.309923705877072,-4.889183543109754,-1.6209035110611045
1771058137602312880,13.309396507707467,-4.899611587160326,-1.6213684379927749
1771058137702381093,13.308941779933416,-4.9084205314677885,-1.623650056774885
1771058137802436380,13.308371075539576,-4.9192164945186985,-1.624165953362585
1771058137902459497,13.307788622355025,-4.929960829067037,-1.6256554736835171
1771058138002295990,13.30730883084113,-4.93869372103457,-1.6253539441215814
1771058138102304659,13.306757577007401,-4.94899040451104,-1.62292037301994
1771058138202388340,13.306240781122883,-4.9591793113926315,-1.6204750822414775
1771058138302473053,13.30573147597119,-4.9696975068343345,-1.6184498218251269
1771058138402504085,13.305319405739336,-4.978305152315414,-1.6183070691491228
1771058138502345307,13.3048171787784,-4.988680617468924,-1.6204136145897177
1771058138602432013,13.30429103730654,-4.999074321685816,-1.6222576987703574
1771058138702425403,13.303835711339346,-5.007931691589489,-1.6227439527714798
1771058138802421358,13.30328049418021,-5.018556319566782,-1.6227812311597243
1771058138902399299,13.302749168867203,-5.028822600437907,-1.6220630426551832
1771058139002301005,13.302201998711034,-5.039451506961946,-1.6226511207697787
1771058139102298493,13.301765125973166,-5.048020613595428,-1.6210487581141457
1771058139202516919,13.301234057536982,-5.058515331882905,-1.6216945118068329
1771058139302354824,13.300702042860891,-5.068905185180537,-1.6219598569958065
1771058139402379462,13.300275847520298,-5.077240901280643,-1.6216779562407475
1771058139502417607,13.2997466229029,-5.087800209103037,-1.6209199755698713
1771058139602400106,13.29920478724767,-5.098598483470768,-1.6212476803241611
1771058139702489858,13.298750563184068,-5.10742996959114,-1.622539002233367
1771058139802414928,13.298170161405272,-5.118442214507985,-1.6244958625554902
1771058139902365036,13.29757969744412,-5.129146720871258,-1.6266536538677896
1771058140002483984,13.297104275671813,-5.137770037511693,-1.6256399757386506
1771058140102382313,13.29653727750546,-5.148198845999952,-1.6238653208132565
1771058140202385340,13.29599256595827,-5.158689741538243,-1.621241524719219
1771058140302323535,13.29555613492062,-5.167416656897148,-1.6204972041888608
1771058140402364835,13.295040225122657,-5.1779607471281,-1.6191062853300875
1771058140502493010,13.294542437858164,-5.188205566909081,-1.6193054960696511
1771058140602414983,13.294032094934876,-5.1985259325218465,-1.6206970509257586
1771058140702502801,13.293598858830748,-5.2070629188767725,-1.6220707137676258
1771058140802429334,13.293071146757821,-5.217454610843253,-1.6218650777825458
1771058140902389651,13.292520362440984,-5.228150559841001,-1.6225678587811212
1771058141002406645,13.292963802302477,-5.234664857095969,-1.6229360438234106
1771058141102374064,13.308683417742845,-5.188319198007097,-1.5974787884979378
1771058141202408751,13.316206322750961,-5.138430550327439,-1.572215553627656
1771058141302513481,13.31620425419641,-5.148652017739168,-1.5700821339976379
1771058141402827818,13.316210436275126,-5.157122011337852,-1.5684862303395068
1771058141502512903,13.316235056584537,-5.167717642983573,-1.5680516576738666
1771058141602433714,13.31626466975741,-5.178587864267825,-1.5687348389161069
1771058141702370325,13.316276588830092,-5.187395733096191,-1.5700821927429198
1771058141802464866,13.316271407764056,-5.197769578228598,-1.572630255162925
1771058141902477561,13.316243167090073,-5.208293910201514,-1.5738431462339888
1771058142002507279,13.316212341020377,-5.217147077256262,-1.5751823941646155
1771058142102459299,13.31617297296368,-5.22780425848562,-1.573807815132121
1771058142202393746,13.31614939914309,-5.238148970508855,-1.5724757017171205
1771058142302422491,13.316144089514319,-5.247016328463297,-1.5704712430883605
1771058142402451417,13.316150900623862,-5.257402966620009,-1.5700705011917118
1771058142502466857,13.316165559831754,-5.267521300215706,-1.5692777354013627
1771058142602455757,13.316187032965185,-5.2780476284676086,-1.5684750605867583
1771058142702504300,13.316201762705553,-5.286764222840955,-1.5686366703342383
1771058142802575606,13.316216856851723,-5.297400117800913,-1.570090085152036
1771058142902425853,13.316217265451469,-5.3080619770015405,-1.5719988454510276
1771058143002395687,13.316198774124116,-5.316992433487331,-1.573572859675283
1771058143102479577,13.31616281161095,-5.327703727445397,-1.5751954163950301
1771058143202488394,13.316118170950634,-5.338281799085131,-1.5743827413872702
1771058143302459670,13.316096712426988,-5.346773296665055,-1.5729303765483438
1771058143402599305,13.316085738341421,-5.356921044781284,-1.5706100086755754
1771058143502312322,13.31609041485831,-5.367573795689887,-1.5700315485869938
1771058143602479259,13.316093652612182,-5.376030998886459,-1.5707278122926116
1771058143702309107,13.316088262550812,-5.386738028370519,-1.5722810426654796
1771058143802303186,13.316067379179431,-5.3972540366128685,-1.573804764262372
1771058143902434085,13.316034468937628,-5.406098173599317,-1.5749680715932468
1771058144002436600,13.315982302687488,-5.416654215995097,-1.5759619191008951
1771058144102376597,13.3159348665455,-5.427548663169088,-1.5748450515126444
1771058144202325701,13.315896670574453,-5.436421278068129,-1.574969772403347
1771058144302489451,13.315859665275037,-5.447107327753577,-1.5735490615329284
1771058144402375255,13.315834581631965,-5.45757519473645,-1.5727415925368344
1771058144502497687,13.315823291258086,-5.465996716178922,-1.5713690280073902
1771058144602436301,13.315581053836874,-5.473429937734452,-1.5702257862947864
1771058144702326824,13.310466495677044,-5.424100412184542,-1.5697955213672001
1771058144802311966,13.305507437429167,-5.375794751772922,-1.5735137027329062
1771058144902390134,13.305466533305268,-5.386496350560483,-1.5759209753298506
1771058145002561539,13.305395505099577,-5.397237942986507,-1.57871949383182
1771058145102416023,13.305321042380468,-5.406002358536641,-1.5800061462974426
1771058145202297588,13.305230003924901,-5.416451866944996,-1.5791138433374388
1771058145302595453,13.305151331958694,-5.427084606975743,-1.5773815521629224
1771058145402313728,13.30511233766329,-5.435941811005858,-1.5734926504186801
1771058145502407556,13.305091628473024,-5.44645820381554,-1.5721098864674055
1771058145602641139,13.3050735527692,-5.457067012682755,-1.5727146958730438
1771058145702353153,13.305052685250597,-5.465810745469266,-1.573527445351108
1771058145802412194,13.305013425325496,-5.476110829459942,-1.5753736662553843
1771058145902494260,13.304969269219098,-5.486726528924596,-1.5750563454113258
1771058146002430028,13.30493154122339,-5.495372826618979,-1.5747776362199715
1771058146102428364,13.304887950763257,-5.5060895274448445,-1.575410602172204
1771058146202368760,13.304835331598852,-5.516811700943068,-1.5756221279978835
1771058146302282025,13.3047834132499,-5.52741795044528,-1.5755964289972566
1771058146402277837,13.304747095011678,-5.5361129084381835,-1.5744109130908142
1771058146502493555,13.304721116721968,-5.546383128106724,-1.5720458197913691
1771058146602555231,13.304715791047272,-5.55668388036635,-1.570276292835272
1771058146702362856,13.304730178999693,-5.565251670598467,-1.5683056738149979
1771058146802267495,13.304753411822366,-5.575749681417904,-1.5691191166773844
1771058146902292231,13.304761687647368,-5.586494884427193,-1.5710991671610208
1771058147002411907,13.30474192614788,-5.595241608254064,-1.5746452896514505
1771058147102485907,13.304693366890916,-5.605951185964901,-1.5758270341925573
1771058147202281739,13.304639694918391,-5.616648189210018,-1.5760910626406142
1771058147302323487,13.304596043741212,-5.625400830174609,-1.5753217643140418
1771058147402405160,13.304553623780432,-5.636122959928191,-1.573928642550939
1771058147502500189,13.304524725973202,-5.646827490902961,-1.5727694487821764
1771058147602502403,13.304509749395658,-5.655375238178852,-1.5725844417288393
1771058147702482233,13.304492592857203,-5.665896130212861,-1.5727806177774961
1771058147802305287,13.304477125340373,-5.676244192695103,-1.5720295481341333
1771058147902265150,13.304469643958253,-5.685031522686444,-1.571267238752374
1771058148002427166,13.304463643827884,-5.6957941198290625,-1.5712858503994436
1771058148102409662,13.304440645697907,-5.706624779592566,-1.5744253069214373
1771058148202506444,13.304204239261354,-5.7133174523030235,-1.5767499559821323
1771058148302328094,13.298789924673049,-5.6745025758727135,-1.589441075980633
1771058148402430467,13.292176236450185,-5.634852556998799,-1.59834041147666
1771058148502388246,13.291900311594691,-5.645300010142848,-1.5957438087794042
1771058148602480228,13.291655866739136,-5.655768930901875,-1.592993560838989
1771058148702473364,13.29147076290978,-5.664644649797714,-1.5908713230592617
1771058148802511445,13.291258750929675,-5.675078090959162,-1.590815014562938
1771058148902404711,13.291040697040161,-5.685433713114938,-1.5924749188889487
1771058149002473420,13.290806766455633,-5.695867752409881,-1.5937774413130927
1771058149102381694,13.29060398536011,-5.704580439500009,-1.5948735077189786
1771058149202501460,13.290341226845687,-5.715228443575616,-1.5956977156820629
1771058149302416707,13.290082101061758,-5.72558200954438,-1.5959614288447372
1771058149402367031,13.289862527949117,-5.734273203126809,-1.5965916736246986
1771058149502317826,13.289597176547371,-5.744931953231748,-1.595129394239517
1771058149602798475,13.289341739512945,-5.755475272663349,-1.5948544101750497
1771058149702372957,13.289136261307437,-5.764020528642795,-1.5941458977013543
1771058149802492582,13.288899022310323,-5.774391710061535,-1.5927994804345285
1771058149902270479,13.288678771135455,-5.78486796526778,-1.5915116704493473
1771058150002399973,13.288490922034326,-5.793772194931635,-1.5925558443094265
1771058150102404700,13.288240891710553,-5.8046158186725085,-1.594851801588786
1771058150202413053,13.287967282962017,-5.815407287663748,-1.5976348852906557
1771058150302476441,13.287717383621798,-5.824277639990611,-1.6000248322742359
1771058150402540170,13.287417451407768,-5.834886797381423,-1.5980564529355463
1771058150502322926,13.28713962097497,-5.845481816641212,-1.5955702302923729
1771058150602349514,13.286927833639677,-5.854231623631841,-1.5937673160356631
1771058150702403545,13.286687853489932,-5.864900573635416,-1.592803247609141
1771058150802641233,13.28646819871157,-5.875303015039697,-1.5914179303301699
1771058150902271590,13.286287677361479,-5.884016729700629,-1.5916498661008658
1771058151002409840,13.286069972356147,-5.894393410025297,-1.591372243913156
1771058151102362157,13.285843274517319,-5.905080685705893,-1.5924007514626168
1771058151202760039,13.285656235944735,-5.91363362970912,-1.5935400798882948
1771058151302348967,13.285397263661675,-5.924661526256728,-1.5947965278011393
1771058151402372429,13.285125037527084,-5.935413748347933,-1.5964252951454012
1771058151502455434,13.284903562690902,-5.943984830011739,-1.5972716168769485
1771058151602507039,13.284626134729917,-5.954418651184517,-1.597349849429851
1771058151702411455,13.284370065742566,-5.96461546348636,-1.5944652110634303
1771058151802393889,13.2838915705007,-5.972018904699779,-1.5921568792100864
1771058151902307734,13.278392005571565,-5.921097079926316,-1.5971890498930164
1771058152002323341,13.272675247064418,-5.874114158312334,-1.6031904324827975
1771058152102345249,13.272331474237774,-5.88454861303684,-1.604510143241111
1771058152202533413,13.271966432662433,-5.895002223506637,-1.6066631725635752
1771058152302427680,13.271656209451104,-5.903642030167957,-1.6066651489368082
1771058152402284055,13.271274413709717,-5.91412095708141,-1.6079698264952609
1771058152502404350,13.27088042928429,-5.925042491112158,-1.6061696098959315
1771058152602293116,13.270566595403906,-5.934022644761695,-1.605284770845451
1771058152702404995,13.270213358406636,-5.944300134786841,-1.6044658979199262
1771058152802419680,13.26987803024453,-5.954408031421746,-1.6038197210853904
1771058152902352650,13.269607138610175,-5.962787596783924,-1.6027220476461057
1771058153002514774,13.269287353657175,-5.973075468237438,-1.601242595449494
1771058153102414821,13.268963959764617,-5.983417960064596,-1.6021849336749814
1771058153202487235,13.268675587734744,-5.992360721619248,-1.6040068140326111
1771058153302487593,13.268311643348145,-6.003112356086161,-1.6061672273496663
1771058153402411185,13.26792144146767,-6.0137999136512335,-1.608286134968195
1771058153502281556,13.267507291087465,-6.0246316473972765,-1.609482093450731
1771058153602261003,13.26718027375706,-6.0331582727847,-1.6081459549323407
1771058153702382510,13.266792759755095,-6.043614561766828,-1.6075686973430319
1771058153802369923,13.26643113027406,-6.053958321350047,-1.6048107882895932
1771058153902284658,13.266137725967209,-6.062672536799804,-1.6038704731430078
1771058154002274866,13.265789223305287,-6.073096578926938,-1.6044384863463963
1771058154102471746,13.26543339794288,-6.083632833722254,-1.604959244656334
1771058154202408011,13.265131827297276,-6.0923232341945575,-1.6062776082032824
1771058154302447773,13.264750788879542,-6.103052330463285,-1.6060078435015404
1771058154402537259,13.264355800756443,-6.113966571553286,-1.6068320259134783
1771058154502414532,13.264030612142864,-6.122886715348571,-1.607693446363234
1771058154602365285,13.263627459234565,-6.133757982403394,-1.608090982635085
1771058154702453409,13.263242113846237,-6.144283829435606,-1.6070666101351756
1771058154802421815,13.26293696812198,-6.152890224830195,-1.6053077589363076
1771058154902480703,13.262587407518229,-6.1632108837624475,-1.6036547703418262
1771058155002346445,13.262260549930561,-6.173466254264213,-1.6019942714148214
1771058155102278352,13.26199155865528,-6.18224300418081,-1.6010869145997793
1771058155202425547,13.26165659156299,-6.192957235774552,-1.6028002179079153
1771058155302375057,13.26130818769186,-6.203277320682412,-1.6056648844741461
1771058155402446228,13.26071225579875,-6.210768177043459,-1.6080604571200785
1771058155502326517,13.25538222183367,-6.159547914708762,-1.6096083403452446
1771058155602292598,13.250199688016913,-6.112848568533094,-1.6082068798346387
1771058155702406200,13.249805713472526,-6.123303882569894,-1.6081084170531617
1771058155802273604,13.24941695056389,-6.133895249903286,-1.6072084475606665
1771058155902477486,13.249094973015719,-6.142683340840401,-1.6073615941150097
1771058156002525153,13.248718882547841,-6.1530066863079576,-1.607251201695754
1771058156102351008,13.24834423666239,-6.163331884691164,-1.6067971757696047
1771058156202502822,13.248038620756262,-6.171685895457344,-1.607739644461077
1771058156302480455,13.24764603834797,-6.182166902400834,-1.6088816872021967
1771058156402480721,13.247237426495147,-6.192870038611673,-1.6092272161860215
1771058156502423708,13.246815127491345,-6.2035364551248335,-1.611535162911251
1771058156602477796,13.24644039684301,-6.2125874873188245,-1.6125374238247983
1771058156702471710,13.246006554915823,-6.22295693032904,-1.612662486692575
1771058156802515258,13.245593147716022,-6.233077676365041,-1.6109284528813081
1771058156902446233,13.245198901380515,-6.243375005047708,-1.6073631363265528
1771058157002483128,13.2448985321554,-6.25192897703416,-1.6045408201098663
1771058157102282533,13.244548879348798,-6.262570497886653,-1.6029061906282462
1771058157202270936,13.244193825110603,-6.273303629420239,-1.604612429871264
1771058157302494636,13.24389262103714,-6.281899631058428,-1.6067082885588486
1771058157402394942,13.243503111223415,-6.292434777717398,-1.6083232475548506
1771058157502412240,13.24317082322656,-6.3012349780624195,-1.6089601302354344
1771058157602330029,13.242763462443829,-6.3119269751033125,-1.6090447508251329
1771058157702370631,13.242355482358914,-6.322662810294572,-1.6084174696137556
1771058157802380735,13.242033453813546,-6.331453406966476,-1.6069662839963612
1771058157902333521,13.241648782248813,-6.3421670653139035,-1.6061916787132697
1771058158002489542,13.241289114309033,-6.35247895864568,-1.6055736836332872
1771058158102314775,13.240991921965097,-6.361076893281277,-1.605214440778571
1771058158202295514,13.240631479740568,-6.371625692604337,-1.6043391024254794
1771058158302501319,13.240272116009315,-6.382337052686989,-1.604221839814751
1771058158402571506,13.239964494316656,-6.39122952674686,-1.6060827277221728
1771058158502504935,13.239566943330281,-6.40209640764788,-1.6091976488022268
1771058158602420159,13.239148706747596,-6.412820536256518,-1.6107072917733962
1771058158702270700,13.238796935146482,-6.42161116012295,-1.6111072159693431
1771058158802381155,13.238382515165686,-6.432208736310789,-1.6082701208895949
1771058158902456773,13.238002081453352,-6.4427600492140495,-1.6054326421637486
1771058159002412944,13.237464635070761,-6.447884758612753,-1.6034261736501807
1771058159102378042,13.231823295813284,-6.383240685954297,-1.6077829188988877
1771058159202302634,13.226014107212732,-6.321579803220334,-1.612729895482783
1771058159302366149,13.225581744951185,-6.331794396987543,-1.6137308527855605
1771058159402490860,13.225204733012168,-6.340495120561346,-1.6139579556438783
1771058159502509980,13.224730400162219,-6.351137904480198,-1.6163261094510433
1771058159602430875,13.224232456215738,-6.3619168254832,-1.6176124776537684
1771058159702278640,13.223803115208767,-6.370859160346401,-1.6194123196660528
1771058159802498191,13.223271092981491,-6.381648311583494,-1.6211432474047496
1771058159902465113,13.222742098246066,-6.3923447665932605,-1.6196585616540213
1771058160002433106,13.222323610712916,-6.400970561416137,-1.6186465022194967
1771058160102384458,13.22185893721371,-6.411040803884881,-1.6151945527618774
1771058160202399010,13.221409958314952,-6.421267795974256,-1.614098537494664
1771058160302485438,13.220960522338835,-6.4317741942816875,-1.6136394167060857
1771058160402288007,13.22058171575602,-6.440440217886703,-1.6154941118108204
1771058160502433457,13.220092734048276,-6.451060803459071,-1.617512650974653
1771058160602450313,13.21957608267191,-6.461793618362718,-1.6203303258059465
1771058160702292367,13.219127579720183,-6.470666318406242,-1.621658019053322
1771058160802306829,13.218618394347036,-6.480712877686012,-1.6212952086283725
1771058160902365915,13.218090081982744,-6.491359586567991,-1.619315131764954
1771058161002455078,13.217666534619315,-6.500173827399036,-1.6178299937971958
1771058161102424594,13.217178931298573,-6.51058423410005,-1.6176339321477495
1771058161202284552,13.216709716022034,-6.520650181266238,-1.6172491612796431
1771058161302292110,13.216230713090194,-6.531051056679364,-1.6164194041370783
1771058161402297794,13.215828466219005,-6.539706645277538,-1.6176777197079373
1771058161502413287,13.215317027799056,-6.550351335420143,-1.6197500108666574
1771058161602385638,13.214776822066021,-6.561291475932239,-1.6211866316401882
1771058161702373569,13.214321430699162,-6.57019024985557,-1.6229832182925592
1771058161802470436,13.213751358337621,-6.580856241369932,-1.6247611825088535
1771058161902288264,13.213287693920044,-6.5894742368399895,-1.62481589560763
1771058162002407684,13.212725701796746,-6.600011422313897,-1.6236395850432366
1771058162102414480,13.212191975595434,-6.610364480451094,-1.6217688746024976
1771058162202390538,13.211749163950206,-6.6191548031293825,-1.6196528918549502
1771058162302313465,13.211239179897902,-6.629548601202825,-1.6195135997867336
1771058162402299232,13.210714663892801,-6.640142642094358,-1.62138322763234
1771058162502338780,13.210274485406941,-6.648765055922515,-1.622585997250964
1771058162602412573,13.209501569440217,-6.65928996358047,-1.6241253326687162
1771058162702427344,13.203787885157086,-6.669792177162139,-1.625128368873176
1771058162802329542,13.198260370018783,-6.680215635119748,-1.6280302881350115
1771058162902292134,13.197745457740428,-6.689274961535005,-1.6274213043189287
1771058163002391256,13.197141691791963,-6.700029199870239,-1.6263381561585446
1771058163102493142,13.19655591643959,-6.710572665827795,-1.6257371831998568
1771058163202428151,13.196094008857406,-6.71908778857775,-1.6244797608929809
1771058163302339346,13.19555258379403,-6.729363995230906,-1.6228667128941163
1771058163402370077,13.195020073532186,-6.739722379415631,-1.6218690953809272
1771058163502416838,13.194573080771642,-6.748348429532448,-1.6224577495806813
1771058163602429335,13.19400263691133,-6.759148494238027,-1.6249568241308372
1771058163702479964,13.193403495064086,-6.769834077704425,-1.6286711387202049
1771058163802326826,13.19288957746476,-6.7786425071391365,-1.6295553640484428
1771058163902290210,13.192253812435537,-6.789306109572709,-1.6308034778477274
1771058164002295483,13.191629597079988,-6.7997401718907575,-1.6296111230566035
1771058164102371239,13.191125433866498,-6.80851618757552,-1.6276000089348421
1771058164202493663,13.190555195071575,-6.818817946755771,-1.6252779964387627
1771058164302454231,13.189983523495007,-6.8292682093247565,-1.6253364902611764
1771058164402281195,13.189504899144856,-6.837941283244233,-1.6260962508449481
1771058164502385806,13.188916434141731,-6.848457567098646,-1.6271147734324418
1771058164602684615,13.188328484007506,-6.858951473799814,-1.626760434229806
1771058164702411009,13.187827865552208,-6.867847742105142,-1.6272716177351276
1771058164802525669,13.187202648948436,-6.878636220466492,-1.629509149377204
1771058164902396987,13.186561083638574,-6.88950874630035,-1.630554432440463
1771058165002466331,13.186028372586263,-6.898320964908688,-1.6318814095463705
1771058165102319946,13.185394386704038,-6.908820106981074,-1.63057248379906
1771058165202495791,13.184784718570384,-6.919244544932769,-1.6278630147350397
1771058165302395193,13.184319049593912,-6.927574059256643,-1.625572971626201
1771058165402273845,13.183743889184553,-6.938250775838411,-1.624250563737673
1771058165502436535,13.183286024346584,-6.946951816794642,-1.623156540322076
1771058165602483196,13.182711936029632,-6.957735754995616,-1.6250737912024174
1771058165702508135,13.182123223019977,-6.9682772266056565,-1.6273981772445378
1771058165802481787,13.181516411242248,-6.978724097984478,-1.62998033210485
1771058165902277823,13.18099798219541,-6.9874593788868955,-1.6303084739041962
1771058166002281382,13.1803894785677,-6.9976951412835104,-1.6297181603422475
1771058166102479679,13.179757920944972,-7.008374602848691,-1.6293363599212445
1771058166202292917,13.17914592891695,-7.018960540244622,-1.628214433172891
1771058166302375285,13.178646035940389,-7.0275999392801785,-1.6287951691965643
1771058166402360469,13.177830684651383,-7.035742320937686,-1.6292052936714898
1771058166502362053,13.171878829121813,-6.996219174289087,-1.6332067696063977
1771058166602427499,13.165911829612138,-6.9567353552558915,-1.6387164951153332
1771058166702411000,13.165183009926242,-6.9674126206402205,-1.6397893247370106
1771058166802450536,13.164567215466487,-6.97631881172889,-1.6399712838601965
1771058166902295454,13.163824283211856,-6.986919835343451,-1.6421794660380968
1771058167002292791,13.1630382460642,-6.997752517324389,-1.64370742047076
1771058167102454378,13.162273206561709,-7.0082664425546115,-1.64338679841013
1771058167202694094,13.161660857431453,-7.016819345192476,-1.6414494421779813
1771058167302337169,13.160939333162037,-7.027232930834866,-1.6382229983287098
1771058167402403987,13.160241387112906,-7.0376578306825595,-1.6365968624340828
1771058167502292417,13.159677249714319,-7.046227539295113,-1.6363545404283086
1771058167602364044,13.159002168151243,-7.0564867450201225,-1.6372211263149228
1771058167702486798,13.158291104340545,-7.066980488964865,-1.639788335049137
1771058167802380257,13.157683626466984,-7.075694339613649,-1.6404657415865076
1771058167902305898,13.15694532312923,-7.086209568744807,-1.6414961210419312
1771058168002328742,13.156175127827753,-7.097010236498751,-1.6428514921317992
1771058168102349282,13.155534650257279,-7.105869275310758,-1.642672902541315
1771058168202429896,13.154766698343373,-7.11645286706487,-1.6439734940623738
1771058168302558521,13.154002890241719,-7.126828011388709,-1.6443470666095743
1771058168402372850,13.153372641073457,-7.135426295091505,-1.644071387506247
1771058168502281758,13.152652113195984,-7.14535435850414,-1.642543752084234
1771058168602281459,13.151896177762918,-7.1558861903440505,-1.6421027597166187
1771058168702449278,13.15112382262374,-7.16662662378907,-1.6428909389091448
1771058168802331055,13.150475965708438,-7.175471645065978,-1.6450802605306596
1771058168902392622,13.149667186215495,-7.1861084695881035,-1.6487373020979568
1771058169002401921,13.148852839397648,-7.196472162669909,-1.6502201733094586
1771058169102425536,13.14815524669806,-7.205228542024192,-1.6498057949542289
1771058169202476373,13.147360811376297,-7.21538188214338,-1.6481201766805293
1771058169302475672,13.146556674707668,-7.225849863403158,-1.6465774317860578
1771058169402423003,13.14578203604287,-7.236157954064832,-1.6448436002899296
1771058169502294370,13.145144882059354,-7.244814365771293,-1.643766684761096
1771058169602301775,13.144389875219407,-7.255128715637691,-1.6437962523680183
1771058169702394311,13.143619591331934,-7.265590179237669,-1.6447833214221084
1771058169802512475,13.142981869765928,-7.2742099866732195,-1.6442910354012485
1771058169902435630,13.142180559062833,-7.284903386077228,-1.6465525542908277
1771058170002459145,13.141351024261464,-7.295675161435333,-1.648512928169016
1771058170102265559,13.140649534303208,-7.30459471859433,-1.6499999799825154
1771058170202405735,13.139587320171865,-7.314864932485204,-1.6516725250404902
1771058170302459136,13.133918180463466,-7.320347037358267,-1.6489340069932605
1771058170402422647,13.128627811736509,-7.324133441030067,-1.646394338621433
1771058170502563234,13.127868191818738,-7.3343806366337185,-1.6435711230527024
1771058170602545250,13.12710485723598,-7.34490496575112,-1.6428082301510294
1771058170702501257,13.126472251958123,-7.3537092700081415,-1.6422223374743168
1771058170802470038,13.12570828343351,-7.364263082726242,-1.644112586131805
1771058170902487181,13.124913781394042,-7.374852699621944,-1.6468861421573713
1771058171002409133,13.124236809353432,-7.3836601426376065,-1.648584612051937
1771058171102404765,13.123406699847848,-7.394310481215709,-1.6487998030197295
1771058171202498983,13.122568944719964,-7.405082654854557,-1.648356306917795
1771058171302514011,13.121886859393728,-7.41391391428609,-1.6471484413207833
1771058171402420574,13.121089441785477,-7.424469484636573,-1.6451700947611458
1771058171502418580,13.120326376384426,-7.434721056250031,-1.6449214106039376
1771058171602366411,13.119699250082915,-7.443246613523184,-1.6436261852279392
1771058171702475478,13.118949408007163,-7.4535807152082425,-1.6427624498974223
1771058171802738556,13.1182033372272,-7.4639911271261115,-1.6427900139804832
1771058171902388983,13.117547962522238,-7.472942095218859,-1.6449573552188825
1771058172002493421,13.116742234945447,-7.483670427491304,-1.6470990787765103
1771058172102446011,13.115910608981592,-7.494349966033279,-1.6495179832395126
1771058172202398380,13.115217686119555,-7.503028494465265,-1.6506068957505897
1771058172302302297,13.114368231030442,-7.513619684670066,-1.650761504457633
1771058172402493459,13.113535560100786,-7.524128450413012,-1.6494968495300577
1771058172502474453,13.112753528483879,-7.534211882161691,-1.6474631123017884
1771058172602479031,13.112102594615342,-7.542740278671787,-1.6459460386667177
1771058172702470685,13.111310757290036,-7.553257635733677,-1.6459912363639801
1771058172802451227,13.110517175562615,-7.563661479084236,-1.6477975617126845
1771058172902475363,13.109842391872592,-7.572365341572806,-1.648842773623287
1771058173002482105,13.109016127172039,-7.582928311195633,-1.649217170809129
1771058173102455383,13.108208663836102,-7.593270372597918,-1.647935710076292
1771058173202493765,13.107372147531235,-7.603973173899322,-1.6495775062580378
1771058173302448919,13.106690865068112,-7.612646799657509,-1.6492460786849448
1771058173402490647,13.105867114293602,-7.623142829159154,-1.6491459164754245
1771058173502474636,13.10507296504324,-7.633303237359155,-1.6479031665585606
1771058173602481578,13.104293395157281,-7.64351219072966,-1.646418895385861
1771058173702396506,13.103667139441699,-7.651910202687454,-1.6442099887377013
1771058173802345950,13.102917941303355,-7.662176312009749,-1.6436033723373533
1771058173902393068,13.102131605065896,-7.672858169947239,-1.6447494828276277
1771058174002478730,13.101212055716763,-7.680235712756308,-1.64724870067748
1771058174102370884,13.095254184994594,-7.66094806507794,-1.6519510555442418
1771058174203043658,13.089431379312483,-7.643016195383748,-1.6547449941395735
1771058174302436105,13.088701481253619,-7.651680210207642,-1.654601409986879
1771058174402483934,13.087815807889164,-7.6623588032148024,-1.6517541242326985
1771058174502481819,13.08695278912651,-7.6730550942652105,-1.650750995454271
1771058174602401295,13.086271604668246,-7.681680209827137,-1.6489791013803259
1771058174702478831,13.085445954216329,-7.692266563961402,-1.648816474760016
1771058174802433925,13.084632142197975,-7.702595682077641,-1.6495694619190515
1771058174902489809,13.08394781422345,-7.711277258450782,-1.6492866937224757
1771058175002470371,13.083112372926916,-7.721865535439596,-1.6503451319147473
1771058175102424983,13.082244394087148,-7.732701124071083,-1.6516984500091452
1771058175203217674,13.081505023162693,-7.741642915529862,-1.6539510344248785
1771058175302335350,13.08059751533287,-7.752472861124444,-1.6549126449429608
1771058175402497726,13.079696143475994,-7.763085096381571,-1.6559954513586426
1771058175502395030,13.07897437434761,-7.771669328414509,-1.6538485256842033
1771058175602483937,13.078143679729,-7.781841431695723,-1.6501822613037096
1771058175702402521,13.077341735123463,-7.792057125550164,-1.647798448657798
1771058175802302930,13.076672045254238,-7.800807497007606,-1.64680091870284
1771058175902477330,13.075859703142653,-7.811463442632041,-1.6474875261381114
1771058176002319910,13.075034137203316,-7.8220324436940825,-1.6495646012345817
1771058176102395080,13.074341394488473,-7.830686014713962,-1.6510431420434837
1771058176202538450,13.073490107581542,-7.841116090832545,-1.6533527491109132
1771058176302332207,13.072608708685118,-7.851802409142678,-1.6532405552145812
1771058176402428066,13.071877026356646,-7.860733743980113,-1.652204906277097
1771058176502669432,13.070999529802618,-7.871442274421748,-1.65225277008859
1771058176602455845,13.070138323098508,-7.882041744278679,-1.6518107447541834
1771058176702388977,13.069432066012915,-7.89067240746817,-1.6527501279768637
1771058176802483804,13.068589657879691,-7.900977509062552,-1.651874347065054
1771058176902380146,13.067749169190131,-7.911417731460739,-1.6501111729701479
1771058177002493108,13.067066920048042,-7.920020011978572,-1.649858989084095
1771058177102497083,13.066211014727209,-7.930724365027583,-1.6517482664416998
1771058177202395488,13.065483376399401,-7.9396522855053755,-1.6526327603708346
1771058177302326886,13.064583403416739,-7.950382794030423,-1.6561862426616833
1771058177402360768,13.063653272890303,-7.96112615132394,-1.6574480022896392
1771058177502447730,13.062908210110233,-7.969776008057984,-1.6565302658371468
1771058177602407021,13.061589920968682,-7.980038468393812,-1.654436006467039
1771058177702476971,13.050388801432712,-7.990740847401838,-1.6566281998685122
1771058177802365928,13.039444768307076,-7.999193364685068,-1.6599149739490064
1771058177902454964,13.038515688171445,-8.009595948588704,-1.6598226623354626
1771058178002291432,13.037567822543723,-8.02018561228681,-1.66055218659668
1771058178102475718,13.036794283846623,-8.028790798492437,-1.6609755933455634
1771058178202480495,13.0358361855507,-8.039333484207406,-1.6614329326984736
1771058178302291163,13.034843226802098,-8.05015162843902,-1.6628834082651025
1771058178402532769,13.034010993038626,-8.059116931459522,-1.6642456122515608
1771058178502496868,13.03302842332836,-8.069619261732425,-1.6642899495761097
1771058178602377619,13.032036288776437,-8.080173092807405,-1.6645586711950813
1771058178702400379,13.031227015139471,-8.088801622035676,-1.6633281193565046
1771058178802482282,13.030267339577481,-8.09917278720257,-1.6628682500112557
1771058178902473753,13.029333329583189,-8.109495722266068,-1.660205159287581
1771058179002456868,13.028539990535004,-8.118338899907522,-1.6601018514412065
1771058179102452597,13.027578340194,-8.128957910620455,-1.6618630494443676
1771058179202402960,13.026602279710794,-8.139535943210163,-1.6639230346582075
1771058179302522373,13.025778134741438,-8.148206104780016,-1.6672883973098078
1771058179402469580,13.024755940191799,-8.158790848247712,-1.6669218983411966
1771058179502501928,13.023727431736324,-8.1694761375923,-1.6655436011946334
1771058179602467420,13.022917945681641,-8.17817044407999,-1.6617395329202262
1771058179702482666,13.02198391114362,-8.188861378465182,-1.6534964003937334
1771058179802537707,13.021165732463178,-8.199380497845377,-1.644124824745604
1771058179902450588,13.020574736265212,-8.208019048173533,-1.6334694210521234
1771058180002571915,13.019956784481245,-8.218373507226646,-1.6253951380531884
1771058180102468887,13.019430147661378,-8.228815391613209,-1.617682310456947
1771058180202541110,13.019066938987049,-8.237512798679985,-1.6070594937213845
1771058180302404327,13.01871852045721,-8.248213175070617,-1.5999888481678262
1771058180402274848,13.018420713125922,-8.259099777858115,-1.5965564327795916
1771058180502452402,13.018200515089564,-8.2678212975392,-1.5954643921815843
1771058180602391563,13.017926169123594,-8.278543634687015,-1.596517871691809
1771058180702277874,13.017707201918725,-8.287368386240964,-1.5952196590160257
1771058180802307797,13.017458251464275,-8.297827612970599,-1.5941458363582313
1771058180902357568,13.017234261754654,-8.308290767197704,-1.5912317484918121
1771058181002331826,13.017056418047444,-8.316948159812759,-1.590844938831051
1771058181102284031,13.01684009944953,-8.327468401191533,-1.5917741486497463
1771058181202295189,13.01660142599469,-8.337636076949273,-1.5939441702070518
1771058181302287630,13.016151192294044,-8.336443229459494,-1.5978997983861831
1771058181402299649,13.015453648624177,-8.337303727837927,-1.602917538586791
1771058181502286140,13.0151047440758,-8.348052940529307,-1.6026854291344832
1771058181602351720,13.01481820922099,-8.35699073486029,-1.6036057862624973
1771058181702323934,13.014463985997335,-8.367787647258984,-1.6039512802177698
1771058181802291228,13.01411265026487,-8.378421129812375,-1.6036882415922256
1771058181902285894,13.01383555748416,-8.386919997657655,-1.6026451913247297
1771058182002295288,13.013515750532825,-8.397393144847548,-1.600128431063388
1771058182102302648,13.013223489161856,-8.407813928771134,-1.5976291990012998
1771058182202293697,13.012997405107654,-8.416529438485362,-1.5959387987005396
1771058182302283784,13.01271776751478,-8.427135329536014,-1.598133175567333
1771058182402299189,13.01240522120786,-8.437879852874293,-1.6019179573552238
1771058182502362835,13.012114091508629,-8.446689166115267,-1.605837954857774
1771058182602397306,13.011735697850664,-8.457391357521807,-1.6063994330001705
1771058182702285560,13.011369841494798,-8.467811554416537,-1.6052492354527341
1771058182802312227,13.011073065529,-8.47652953741015,-1.6034274580405028
1771058182902279741,13.010732850288008,-8.487152506874727,-1.6025713613249117
1771058183002368074,13.010405995415528,-8.497630860913265,-1.601380360609679
1771058183102284631,13.010147078108723,-8.506085457052844,-1.6016338501388563
1771058183202305637,13.009828980503343,-8.516344118670276,-1.6019002685105768
1771058183302363312,13.009503215743806,-8.526900001981591,-1.6013872198216832
1771058183402299125,13.00918138546757,-8.537297644315855,-1.6019871946929796
1771058183502292979,13.008865037642714,-8.547665179639214,-1.6013561288989273
1771058183602306240,13.008578792563249,-8.556468968446413,-1.6050278175713175
1771058183702282330,13.008193947305795,-8.567396829174053,-1.6070238562101595
1771058183802299468,13.007872987927371,-8.576099892325663,-1.6083007616943108
1771058183902291248,13.007487493816441,-8.586646515067033,-1.6062437529651892
1771058184002416721,13.007133128932761,-8.597101940225983,-1.6032654747092152
1771058184102355270,13.006864398863247,-8.605646774957751,-1.6008912037725749
1771058184202301703,13.006551360067554,-8.616217821993244,-1.6004147993556035
1771058184302286740,13.006235127927962,-8.62679057042721,-1.6009332560692595
1771058184402295852,13.005964668146294,-8.635539071794321,-1.6031358160067788
1771058184502294084,13.005610659724994,-8.646146234636799,-1.6051043500246773
1771058184602298507,13.00524359178297,-8.656735192725124,-1.6061354900057234
1771058184702275248,13.004926226923263,-8.665666269975597,-1.606665268281771
1771058184802548541,13.00455152990556,-8.676386595648577,-1.6046747452277574
1771058184902305065,13.004191315307278,-8.686924679446793,-1.6047767083818893
1771058185002412574,13.003894625291338,-8.695527211888681,-1.6051302565518175
1771058185102314052,13.00353247329387,-8.705935671140752,-1.6059902558203418
1771058185202433623,13.002708857261917,-8.716336386027933,-1.6054736839571198
1771058185302501306,12.992021518382082,-8.725514993042848,-1.6133116388788913
1771058185402435647,12.980771072565817,-8.735484971763654,-1.620657454130864
1771058185502436924,12.980231700763015,-8.746271892187574,-1.6213620424222892
1771058185602501260,12.979768363326222,-8.755157848204162,-1.624149111597241
1771058185702428658,12.979182980201777,-8.765871983726397,-1.626863568643313
1771058185802517210,12.978578326324586,-8.776525499489855,-1.6276031455650177
1771058185902396656,12.97809096578726,-8.785249123851628,-1.6259509058071604
1771058186002449441,12.977529920481949,-8.795629279251207,-1.6236341101595164
1771058186102411694,12.976990019932234,-8.806084243081605,-1.6212639434255613
1771058186202499064,12.976554063749525,-8.81476339482193,-1.6206778737494771
1771058186302456608,12.976035133961691,-8.82520708847442,-1.6204996427412706
1771058186402444108,12.97548875850209,-8.835830096187072,-1.6232058785445895
1771058186502508244,12.975040924170742,-8.844429207331387,-1.622819833590674
1771058186602377912,12.974477914017692,-8.855107142158339,-1.6236847920037316
1771058186702302383,12.973903085517117,-8.86580410177862,-1.6248947271282237
1771058186802522785,12.973416796206887,-8.874697317374515,-1.6262775223770118
1771058186902355643,12.972813661372879,-8.88542187691211,-1.6278811352918312
1771058187002494720,12.972221030863823,-8.895940001788066,-1.627294043896859
1771058187102311958,12.971725996130095,-8.904651033613087,-1.626676967724117
1771058187202335156,12.971156618864491,-8.915019194966348,-1.6244661198384758
1771058187302375366,12.970607557612022,-8.925458118945581,-1.6224273525375812
1771058187402378105,12.970166630360062,-8.934085461964196,-1.621576731767701
1771058187502519367,12.969624023565679,-8.944663863966747,-1.6229989431969127
1771058187602298553,12.969079519023833,-8.955053613838798,-1.623195611667682
1771058187702473548,12.96850781522221,-8.96555578150722,-1.6269148391315045
1771058187802265388,12.968010930226843,-8.974487070790646,-1.6260965392481426
1771058187902447036,12.967421771062757,-8.98518938831997,-1.6254556362248476
1771058188002558151,12.966852858455237,-8.9956999808181,-1.624135271005391
1771058188102388553,12.96638802219236,-9.004506738986779,-1.6232117034844264
1771058188202461996,12.96584606776631,-9.014888723482812,-1.6232201185118795
1771058188302339567,12.965303913887489,-9.025300324612463,-1.622994582700029
1771058188402457725,12.964848920671129,-9.03386342673818,-1.6240782312003232
1771058188502479890,12.964291066133633,-9.04430310876406,-1.6239682024043893
1771058188602260889,12.963824614056689,-9.053095824942915,-1.6235589853514583
1771058188702434983,12.963249236061628,-9.063764262793985,-1.6255928506182962
1771058188802560073,12.96239803762424,-9.074731988463332,-1.6287142823512257
1771058188902390455,12.956785132767692,-9.085186120011485,-1.6303427041098955
1771058189002421127,12.951483301496616,-9.093995647190539,-1.6308798542671514
1771058189102284722,12.950866192752196,-9.104507662593722,-1.628137631639685
1771058189202435261,12.950280382432066,-9.114962590306934,-1.6257000224540017
1771058189302478746,12.9498244824798,-9.123524072136092,-1.6224415293391818
1771058189402476145,12.949277724379645,-9.134043308012835,-1.6229431038946696
1771058189502348967,12.948821956483071,-9.142718191210971,-1.6239378882783981
1771058189602435234,12.948243958025529,-9.153392301613565,-1.6261616326328383
1771058189702366617,12.947641654561707,-9.163970298720624,-1.6279440686833662
1771058189802413329,12.947138428185614,-9.172860561053646,-1.6273927445790317
1771058189902278266,12.946540727679935,-9.183406545679222,-1.6277550474136424
1771058190002413225,12.945953360204516,-9.193852873613608,-1.6264635269813168
1771058190102335471,12.945362047367212,-9.204380184762588,-1.6270090191999884
1771058190202389556,12.944791067872899,-9.214572881112856,-1.6260936818426222
1771058190302479048,12.944328438615091,-9.22299877253818,-1.6255801939772447
1771058190402510521,12.943778339642723,-9.233296188880466,-1.622727012113023
1771058190502486839,12.943245192640642,-9.243809115778646,-1.6202947757875132
1771058190602478977,12.942822876204922,-9.252287764126155,-1.6201249853647526
1771058190702393398,12.942283336599797,-9.262982240648828,-1.6227470909984238
1771058190802404331,12.941707656835355,-9.273778002867111,-1.6254439057171777
1771058190902472474,12.94121999828688,-9.282596659384403,-1.6268765047030072
1771058191002476234,12.940614407084123,-9.293234384165263,-1.627913672461715
1771058191102472700,12.940014393429095,-9.304011181716572,-1.6255692304374356
1771058191202479284,12.93954506657249,-9.312692087550285,-1.6244947873749727
1771058191302482263,12.938991465042943,-9.323250439429515,-1.6221857313499513
1771058191402481724,12.938449258584011,-9.333695411823584,-1.6223127932917403
1771058191502503037,12.937995675598088,-9.342348573388687,-1.6237736892204353
1771058191602497960,12.937427698197983,-9.352894732513427,-1.6255323396632373
1771058191702496209,12.936849872672836,-9.363493447608647,-1.6250338252832623
1771058191802480983,12.936365218797782,-9.372301329652146,-1.6260686494651237
1771058191902430510,12.93576375537687,-9.383147867632907,-1.6258792952603347
1771058192002524020,12.935266632701925,-9.392054206359205,-1.6278043417467707
1771058192102492813,12.934654737710217,-9.402778548597873,-1.6283758583229901
1771058192202519516,12.934051929980532,-9.413292199080527,-1.6278465056229188
1771058192302544034,12.933564477333247,-9.421868874233585,-1.6266575595757677
1771058192402332586,12.93299267614497,-9.432398640127603,-1.6235294743007087
1771058192502498553,12.93245262818351,-9.442813628148393,-1.621982204732163
1771058192602498475,12.93192283595091,-9.45321367453235,-1.6221128733186332
1771058192702487887,12.931462398477127,-9.46193115162136,-1.6245386189939832
1771058192802551449,12.930640072800907,-9.472479947432245,-1.6276205631294887
1771058192902414312,12.924990582784963,-9.481278777858327,-1.6327123644417565
1771058193002499826,12.919367433648175,-9.492007193660523,-1.6339605933083123
1771058193102323654,12.918687447281856,-9.50279689133924,-1.6330431462217048
1771058193202496072,12.918144996437581,-9.51153082995765,-1.631581059465433
1771058193302504651,12.917495759330373,-9.522186255511002,-1.6323123921336762
1771058193402367402,12.916862321979995,-9.532585588300092,-1.6314743058895111
1771058193502501308,12.916335834272285,-9.541265093219703,-1.6314350959402566
1771058193602509084,12.91569724610859,-9.551752361242553,-1.6313077684907085
1771058193702404398,12.915062094516639,-9.562320367928361,-1.6305464766541153
1771058193802403989,12.914536781977937,-9.571050302485155,-1.6315891377193117
1771058193902385345,12.913886027492886,-9.581798951947107,-1.6313763471980947
1771058194002452655,12.913203982295743,-9.59270538499376,-1.6343012741715839
1771058194102473266,12.912631365281655,-9.601591190379914,-1.6358803409421536
1771058194202306160,12.911938749740527,-9.61215341404506,-1.6365399468997828
1771058194302513224,12.911264058570886,-9.622662948608443,-1.633502058890456
1771058194402474222,12.91073134958399,-9.631358945152819,-1.6304054544571907
1771058194502384874,12.910127176727448,-9.641628726239276,-1.6284249299705804
1771058194602485646,12.909514923605734,-9.652226946607424,-1.6291917704955758
1771058194702543718,12.90901175584926,-9.660820096875895,-1.62969633749268
1771058194802511278,12.908371596064578,-9.671354674812962,-1.6328510606544644
1771058194902387976,12.90771308836644,-9.681822183186206,-1.633778857970359
1771058195002499549,12.907160535187321,-9.690627948122753,-1.6338032624165066
1771058195102411463,12.906478344074964,-9.701426202257231,-1.6345137883285017
1771058195202519108,12.905799437037256,-9.71213920703602,-1.633971573562342
1771058195302619038,12.905240792823772,-9.72091437353443,-1.634685602557969
1771058195402492530,12.904572970183345,-9.731379124088523,-1.6354407676848866
1771058195502493403,12.904020642559914,-9.739862270897028,-1.6358947843048472
1771058195602426277,12.903355024067828,-9.75034152448562,-1.6328285221362382
1771058195702499977,12.902703527089681,-9.760873130984848,-1.6320267671436766
1771058195802507863,12.902057080841203,-9.771337000550798,-1.6327407594443413
1771058195902449734,12.901509844365842,-9.78005213513421,-1.63478794994776
1771058196002306113,12.900820197538291,-9.790658461145455,-1.6368644582322398
1771058196102498429,12.900109986321013,-9.801191301214192,-1.639552619165986
1771058196202557331,12.899501762384391,-9.809999099069973,-1.6393292754901077
1771058196302534609,12.89878608834917,-9.82057504904704,-1.637356474957744
1771058196402449759,12.897845821744706,-9.831205592828281,-1.6354516616906514
1771058196502494945,12.891892973487273,-9.840357623005275,-1.6425725604858572
1771058196602473726,12.88512510346247,-9.850162949013104,-1.65111074362744
1771058196702495307,12.884276313634713,-9.860672640812645,-1.6523776506653942
1771058196802577203,12.88356002377241,-9.869339785654649,-1.654015483944991
1771058196902471073,12.882693515209134,-9.879808862514306,-1.6527258434550727
1771058197002498516,12.881813095528328,-9.89039586390209,-1.6536765040862211
1771058197102416501,12.88106267015272,-9.899320887364407,-1.6550978294046024
1771058197202503055,12.880143002083916,-9.910089922595848,-1.6569615603482886
1771058197302507183,12.879212256616428,-9.92081189753711,-1.657621638924108
1771058197402456448,12.878466850279745,-9.929493994523568,-1.6561466660555046
1771058197502494039,12.87757819794389,-9.939938987913997,-1.6545338071508628
1771058197602496104,12.87670506155036,-9.950551706968632,-1.6520648070927153
1771058197702565025,12.87602518363364,-9.959005824500228,-1.6506431342821992
1771058197802388430,12.875179776913551,-9.96953501973928,-1.651141337982385
1771058197902486166,12.874466526160376,-9.978293744291793,-1.6529178413003358
1771058198002511204,12.873589100821949,-9.988917334288878,-1.6536194268005129
1771058198102435010,12.872684268035888,-9.999654648581398,-1.6558805774445922
1771058198202427405,12.871940671762667,-10.00847863114328,-1.6542240748369679
1771058198302503119,12.871060149023243,-10.019133159311213,-1.652679987438973
1771058198402518608,12.87021746001776,-10.029488835552304,-1.651098665002949
1771058198502362933,12.86937304726283,-10.040006733900174,-1.650769636215397
1771058198602423047,12.86868825250285,-10.048557400104261,-1.6506318297282967
1771058198702434709,12.867856677814157,-10.058986080817956,-1.650096399463154
1771058198802483522,12.867014764179427,-10.069512651400917,-1.6503748943118068
1771058198902338888,12.86633596922079,-10.078109233828009,-1.6491409007744553
1771058199002497919,12.865504343459857,-10.088729568865798,-1.6487731439016513
1771058199102492339,12.864803554639336,-10.097633833297042,-1.650562915233675
1771058199202803969,12.863937877687775,-10.108229167655512,-1.6542741028474077
1771058199302380917,12.863034195193078,-10.11893729926134,-1.6556782126547918
1771058199402476908,12.862288077957468,-10.127686441148242,-1.656202782578544
1771058199502311545,12.861403107082008,-10.138292963383748,-1.6517748858245929
1771058199602313057,12.860589045193521,-10.148467758823205,-1.6491557168996474
1771058199702419068,12.859911655908215,-10.157141655832987,-1.647910896660879
1771058199802507646,12.859089195678816,-10.16773494338356,-1.6487838331106357
1771058199902433615,12.858263276443921,-10.17822303831531,-1.65025429061243
1771058200003164219,12.858157594659215,-10.19071369632357,-1.6568202379515082
1771058200102389320,12.861567037567966,-10.222663314017296,-1.7046741500453861
1771058200202547830,12.847214091782604,-10.227089837207515,-1.75243097765675
1771058200302451507,12.845277283617094,-10.23737670394734,-1.7618674527931963
1771058200402431057,12.843510661252555,-10.246304799838217,-1.7706807885336466
1771058200502500258,12.841407232435945,-10.256455254830932,-1.7799864746649254
1771058200602497021,12.83920251317802,-10.26660339513339,-1.7890281316124437
1771058200702497752,12.837314147016581,-10.275010066559986,-1.7946847639861143
1771058200802629551,12.83498639390898,-10.285048290075004,-1.8025830716092441
1771058200902463496,12.832468006063081,-10.295451330758798,-1.8130396335444217
1771058201002498612,12.830378546552476,-10.303752651382498,-1.8221712669575432
1771058201102494533,12.827675350671008,-10.313993515473975,-1.8361317250837796
1771058201202433526,12.824792906660988,-10.324313524218486,-1.8495514513340827
1771058201302518556,12.822342852362368,-10.332725086414406,-1.8585608499506365
1771058201402429567,12.819292257005714,-10.342881108574591,-1.866957473373678
1771058201502497064,12.816162014220467,-10.352993853054716,-1.8743613555484562
1771058201602521900,12.813501874005883,-10.361392855753333,-1.8811681923328674
1771058201702374930,12.810234485900029,-10.371418856130425,-1.8906401336407277
1771058201802563907,12.806838263323709,-10.381476992489599,-1.9010423709793003
1771058201902359980,12.803975640369789,-10.389711830526725,-1.9098972032405779
1771058202002500325,12.800452096045237,-10.399541837636058,-1.9208168633444964
1771058202102333868,12.796749020427534,-10.409488648953431,-1.9330889121210983
1771058202202315251,12.793535376398516,-10.417817217897053,-1.9443310198713606
1771058202302414679,12.789450784372374,-10.428071697076593,-1.9559895642160992
1771058202402419857,12.785395753826787,-10.43794658669793,-1.9642822401150226
1771058202502557947,12.782034746181338,-10.445963537870771,-1.9708391551091091
1771058202602456324,12.777993935572454,-10.455419818136857,-1.979413155711851
1771058202702293894,12.773883887343167,-10.464797486468584,-1.988553248990668
1771058202802449738,12.77030935299328,-10.472756892097152,-1.997936918034063
1771058202902430511,12.765800835355417,-10.482524720344095,-2.008974838347612
1771058203002497737,12.762021955840329,-10.490480109553877,-2.019526752674787
1771058203102491022,12.75731085279789,-10.500158614109406,-2.02904357829033
1771058203202504576,12.752553469804088,-10.509672702787892,-2.0406640635124655
1771058203302388034,12.747757908854386,-10.518966675961973,-2.0529662613731694
1771058203402374166,12.743718316573606,-10.526615100634967,-2.06148041323997
1771058203502466499,12.738792034579614,-10.535738385303627,-2.071058756995207
1771058203602471256,12.733734543016006,-10.544911373249068,-2.077790782045576
1771058203702406031,12.729484285427716,-10.552493524606852,-2.0852213482509256
1771058203802512882,12.7242031491995,-10.561748572862657,-2.0942076553493236
1771058203902436175,12.718853575512451,-10.57090838478425,-2.1045261775611217
1771058204002499263,12.714377190333092,-10.579748423503393,-2.118802677053966
1771058204102363874,12.701911700285608,-10.600404426809302,-2.171985765576563
1771058204202487356,12.676138557859232,-10.592263276578405,-2.221533321089729
1771058204302365273,12.669754135081819,-10.600580339515053,-2.2288936783041278
1771058204402422499,12.66449491439229,-10.607339034053924,-2.2348793261660194
1771058204502551972,12.657961898565796,-10.615624639574571,-2.242200125444132
1771058204602295414,12.651507532340464,-10.623680353050053,-2.250195206424352
1771058204702471766,12.645948831609058,-10.630488039375821,-2.2604141778257105
1771058204802481903,12.639304144302152,-10.638474094254908,-2.2700461347365497
1771058204902503242,12.632514147735417,-10.646458984478441,-2.2799822533478236
1771058205002425723,12.626877362260393,-10.652955834655684,-2.2905503851438946
1771058205102558262,12.619727032333664,-10.661037784487563,-2.300274592807076
1771058205202278128,12.612427846895507,-10.669108879360452,-2.3106830112476855
1771058205302327690,12.606483225241957,-10.675570688150126,-2.3186807494243595
1771058205402425543,12.599303990761694,-10.683245487848039,-2.327205136773975
1771058205502399992,12.592176992285076,-10.69071721687663,-2.336860615797311
1771058205602508826,12.586141954990712,-10.696935902229287,-2.345513795326934
1771058205702409125,12.578837737428906,-10.704337596280885,-2.354812958170632
1771058205802449729,12.571305019780436,-10.711804111791876,-2.3655166857843017
1771058205902428897,12.564941373312308,-10.717973417610684,-2.3769030317086703
1771058206002477948,12.55707116358413,-10.725448854127778,-2.3869549429718044
1771058206102321258,12.549090731972786,-10.732861259145759,-2.3984445509996064
1771058206202435472,12.54284245550059,-10.738544504882665,-2.408155490776501
1771058206302418347,12.535023287721124,-10.74553477100797,-2.416964274884054
1771058206402504307,12.527033759025885,-10.75253694878104,-2.426305761617721
1771058206502464960,12.520501658916825,-10.758171965878196,-2.4324406925911632
1771058206602456992,12.512469309366134,-10.765007282758502,-2.441234034894525
1771058206702293920,12.504391540695005,-10.77174242217494,-2.451173299780365
1771058206802409266,12.49777106866776,-10.777148612521989,-2.461803277233698
1771058206902428900,12.489636078536101,-10.783673475974863,-2.4712351102473105
1771058207002366580,12.481075391954548,-10.790372506637103,-2.483053177586741
1771058207102450015,12.474048569923564,-10.79575909755677,-2.492016207993848
1771058207203270336,12.465625629486782,-10.802114298389776,-2.498600005241301
1771058207302373333,12.457097071102856,-10.80844711522751,-2.5063460123426315
1771058207402432132,12.448979551578987,-10.814382802981717,-2.5136036449136148
1771058207502519003,12.442219399143246,-10.819254822568448,-2.521383426592735
1771058207602308882,12.433464321299535,-10.825426388524013,-2.5338631757061156
1771058207702416893,12.424972417566286,-10.831257902960873,-2.5456336174497043
1771058207802417331,12.416097555548758,-10.83719841496166,-2.556580670917515
1771058207902291009,12.408772390014827,-10.841999396342102,-2.5661041657075474
1771058208002511844,12.400246207142741,-10.847850014308467,-2.5765738544687937
1771058208102378979,12.395966175415914,-10.858419169374319,-2.5899801868770216
1771058208202418130,12.393016634427099,-10.867360882816893,-2.6021897781740386
1771058208302495653,12.384039062002017,-10.872680416690532,-2.6117717368616207
1771058208402315308,12.374871892531065,-10.877996299599083,-2.620437348875533
1771058208502499854,12.367668711332595,-10.882093766600637,-2.627966272941899
1771058208602402566,12.358429864700243,-10.887257065802649,-2.6365882952928485
1771058208702424635,12.349030398511854,-10.892389390184906,-2.6465638866229755
1771058208802507208,12.34140325823941,-10.896449043227111,-2.658727486370926
1771058208902391525,12.331807964395233,-10.901410127822587,-2.6703647612050267
1771058209002500208,12.322426639411077,-10.906113488942587,-2.6824083809264585
1771058209102432766,12.313041696145152,-10.910697684539251,-2.691791396712715
1771058209202436249,12.305255051775902,-10.914424324454643,-2.698606095501531
1771058209302316809,12.295886620548416,-10.91882737076648,-2.705834130161611
1771058209402324359,12.286425748608615,-10.923178004613593,-2.7138901482132005
1771058209502429234,12.27868992986512,-10.926668532319319,-2.721901136580886
1771058209602424081,12.269060554475955,-10.930912845496898,-2.7319450964691314
1771058209702518676,12.259530660630823,-10.934982168925181,-2.7446692767813397
1771058209802486842,12.249740005811946,-10.939022942523522,-2.75587725307366
1771058209902296898,12.24149375879264,-10.94232388952766,-2.766004099325195
1771058210002413155,12.23133067076932,-10.94625450709799,-2.7790345707310373
1771058210102390558,12.221319800760295,-10.950000648822837,-2.7877513133651326
1771058210202502406,12.21317193045278,-10.952976841302814,-2.7953177107727503
1771058210302490990,12.203342664567526,-10.956478279071241,-2.8035468873748486
1771058210402518909,12.195437810124997,-10.95922061218553,-2.8115678027771533
1771058210502450896,12.185638233607932,-10.962532767823554,-2.821343650549298
1771058210602373044,12.175645412698794,-10.96579432429655,-2.831385058862171
1771058210702526631,12.16519134893359,-10.969082654392103,-2.84141955194404
1771058210802375380,12.156633493533052,-10.971684679723111,-2.8514527802941583
1771058210902429970,12.146531091252317,-10.974645346833451,-2.8627389683161892
1771058211002367908,12.136378378970264,-10.977501935271562,-2.8720612370489476
1771058211102424591,12.128185659924512,-10.979729110492336,-2.8804036528248984
1771058211202429947,12.118006587285151,-10.982392548269972,-2.891675498504099
1771058211302490216,12.107803169847877,-10.984954847671297,-2.8994818901340067
1771058211402387958,12.099574132830426,-10.986946935959201,-2.908088808407141
1771058211502411478,12.089134385808283,-10.989385527622979,-2.9166940823323086
1771058211602368783,12.078799381295546,-10.991701523781831,-2.925722970722928
1771058211702430966,12.070352390970333,-10.993507703740299,-2.936533735243982
1771058211802504892,12.0597844033062,-10.995688016396972,-2.948685156713211
1771058211902431799,12.049389753261176,-10.998389367898268,-2.9553017594302675
1771058212002405945,12.040946795145143,-11.000164268270085,-2.959291266760656
1771058212102427882,12.03061778819368,-11.00202624921908,-2.9668057385950526
1771058212202524781,12.020245693977717,-11.003823521548881,-2.9743532647931317
1771058212302516470,12.011835547360263,-11.005207501321285,-2.982484003977008
1771058212402432056,12.001447213203097,-11.00681617496196,-2.993150397417683
1771058212502433494,11.991268158424544,-11.00827661404494,-3.0043392563864995
1771058212602479847,11.981010135907416,-11.009626073912925,-3.016359541281802
1771058212702493368,11.972389060666455,-11.010671296911662,-3.0257913716953984
1771058212802534601,11.961791044781801,-11.011851684525217,-3.035478538212104
1771058212902501503,11.951244809740375,-11.012918982195542,-3.045412118550281
1771058213002391871,11.940678044927566,-11.01388425530351,-3.0545467581604715
1771058213102488338,11.93213447785098,-11.014591654349834,-3.0630476331998295
1771058213202479747,11.922121122915993,-11.01533645797603,-3.072959686386849
1771058213302506673,11.911961135428662,-11.015993418264193,-3.0816893424058383
1771058213402432818,11.901626365736348,-11.016573386754965,-3.089808892090462
1771058213502509899,11.892724172394534,-11.016989770581118,-3.0994127251720145
1771058213602538668,11.88195835234011,-11.017387356842962,-3.110877484634517
1771058213702480673,11.87113699586959,-11.017660069393513,-3.121564832004309
1771058213802519101,11.86222065437686,-11.017791901228977,-3.1318644221996634
1771058213902408666,11.851476001898483,-11.017843230351192,3.1408915443038885
1771058214002411867,11.843022004157383,-11.017809631213888,3.1335883413783754
1771058214102394529,11.832467713076134,-11.017680550916465,3.1246197468888743
1771058214202475527,11.821891184500238,-11.017460222014227,3.1178929151689774
1771058214302487364,11.811417535589051,-11.017163631047586,3.1091821711809837
1771058214402479012,11.802604245907627,-11.016836982615628,3.0995614409083485
1771058214502503243,11.792023307849286,-11.016336923531712,3.088616665467525
1771058214602384091,11.781625427058067,-11.015723418126727,3.0769113844671603
1771058214702484296,11.772845044767188,-11.015102347068568,3.06504465558689
1771058214802337512,11.762269595924758,-11.014228550256213,3.05420182549629
1771058214902470659,11.753316191669974,-11.013412866309247,3.0469540655632175
1771058215002761825,11.742708890317537,-11.012367415282489,3.0391153934438457
1771058215102499743,11.732155961057757,-11.011257528393445,3.0339348235909087
1771058215202500458,11.723707536798383,-11.010310838262628,3.026020838912383
1771058215302507406,11.713312572840666,-11.009045635491281,3.013837021651391
1771058215402550892,11.702840064888896,-11.007636811529862,3.002494325837056
1771058215502489210,11.694092346036005,-11.00636049973465,2.9908721948544055
1771058215602422868,11.6833097291289,-11.004664827169448,2.9796794954110175
1771058215702382646,11.671825859247912,-11.002721363066934,2.9690582715089358
1771058215802425551,11.661986788267207,-11.001283902156935,2.960624302224091
1771058215902486281,11.645733367665631,-11.004588733484734,2.95360888027381
1771058216002372139,11.629553461447504,-11.007367116250874,2.948496364575444
1771058216102476059,11.61847803486338,-11.00514124628529,2.9385781203329544
1771058216202531698,11.609512593107771,-11.003259461072725,2.931003219418432
1771058216302299302,11.598248014341074,-11.000808517528396,2.9232024806094112
1771058216402414123,11.586974796408061,-10.998231567954827,2.9115202300213068
1771058216502484360,11.575630701974653,-10.995491280440605,2.898177227071019
1771058216602478784,11.566326690528363,-10.993119277938318,2.885275053164745
1771058216702477826,11.555145516020715,-10.990131916573157,2.8754700005281078
1771058216802572990,11.544045203983742,-10.987039772301495,2.8657797581891225
1771058216902357495,11.535175633467839,-10.984490714709056,2.8580179859584494
1771058217002480933,11.523979857713972,-10.98118403044956,2.8494642857302988
1771058217102432655,11.51285182082647,-10.977762896656051,2.8377112917534304
1771058217202474548,11.503612487759863,-10.974808331722196,2.826255993147324
1771058217302453872,11.492684071045002,-10.971168744258184,2.8137074817276324
1771058217402485075,11.481677046242647,-10.967352595071803,2.802281726406835
1771058217502433360,11.472692656292743,-10.96412414715394,2.7912258010952216
1771058217602489791,11.461627244892417,-10.96002910270346,2.7829701796855213
1771058217702483652,11.450894354231949,-10.955948403687744,2.773503299462183
1771058217802507321,11.440362925433984,-10.951824932231274,2.764459548509472
1771058217902433705,11.432035614670209,-10.948493628941156,2.7571022604048623
1771058218002476930,11.421554448438183,-10.944199356258226,2.747612558538401
1771058218102367085,11.410738940534081,-10.939646830611588,2.738387998667558
1771058218202408527,11.401701993402392,-10.935761343891114,2.7325784147475565
1771058218302435802,11.390720820058961,-10.930982826550077,2.730124414176288
1771058218402621717,11.380101509175002,-10.92634500154267,2.7294530683354212
1771058218502587085,11.371457147130362,-10.922566205904532,2.7292055822390213
1771058218602388762,11.360968699073958,-10.917988480616325,2.7306218743072095
1771058218702529372,11.350272004854205,-10.913332810283125,2.731495478042147
1771058218802294419,11.341614518135948,-10.909574950476967,2.732562001596874
1771058218902471288,11.33085478789892,-10.904915029004114,2.7333254680403547
1771058219002410085,11.32038806185798,-10.900388323594617,2.733365047283686
1771058219102481433,11.311758848183839,-10.896649462954032,2.7316472333778306
1771058219202404560,11.300922724353514,-10.891931218013424,2.729612864424611
1771058219302535431,11.290026944994297,-10.887167485924047,2.728590830141505
1771058219402391200,11.282813244088777,-10.890809515597699,2.734421102882359
1771058219502475062,11.277988829071365,-10.969012410916534,2.829417046939924
1771058219602469124,11.203527401773522,-10.893989158011145,2.921579075929928
1771058219702475358,11.19452295987728,-10.891982816877903,2.9228612309611433
1771058219802436648,11.183413776066464,-10.889512109137385,2.922365891558519
1771058219902407565,11.172036395790473,-10.886984912669785,2.923340879647842
1771058220002471379,11.16063424639865,-10.884469724432822,2.924847118504195
1771058220102493684,11.151402273917151,-10.882433338487502,2.924054143632746
1771058220202387485,11.139954405830602,-10.87990054563662,2.923699829887875
1771058220302416482,11.128920141723386,-10.877453804599845,2.9227021423962296
1771058220402428828,11.117937631885166,-10.875014067329886,2.9231742952338955
1771058220502510115,11.108808745461909,-10.872997212120875,2.9250673011654236
1771058220602475141,11.09758105406942,-10.8705401180925,2.9273713081797403
1771058220702787566,11.086340741164545,-10.868099736072612,2.928380870060903
1771058220802514681,11.077281360878475,-10.866133648881032,2.927624609162176
1771058220902497461,11.066142626086148,-10.863711491468916,2.9271552916804637
1771058221002458950,11.054823667185392,-10.861246693539318,2.9269062975721964
1771058221102486725,11.045233069370727,-10.859171712014199,2.930099294117143
1771058221202474954,11.033350286738374,-10.85667274863112,2.938557515783717
1771058221302485557,11.021634542751643,-10.854329677666566,2.94898925557331
1771058221402478686,11.012345406925578,-10.852564641779377,2.9591203996962205
1771058221502472917,11.001178358417532,-10.850564288243998,2.9704014269050583
1771058221602482137,10.989641870873426,-10.848645248860027,2.9824390228721516
1771058221702375407,10.980188203646456,-10.847182842422978,2.9933613024716115
1771058221802370289,10.9686627482303,-10.84552408820263,3.0050710226235724
1771058221902460612,10.957096853809226,-10.844004190533635,3.016343811775068
1771058222002474000,10.947618503306758,-10.842848786168627,3.0241474001968607
1771058222102436040,10.936051279519392,-10.841529641665893,3.032524769904654
1771058222202411805,10.92430016742758,-10.84030244122765,3.0414621471786054
1771058222302450521,10.914452769529428,-10.839363137651304,3.051281817460515
1771058222402479988,10.902642658217006,-10.838352212135273,3.062522487821354
1771058222502500940,10.891415417669334,-10.83750258590614,3.070279487616967
1771058222602414949,10.881973209784837,-10.836881487570956,3.0812723656747867
1771058222702420571,10.870534703311344,-10.83624298928229,3.090844453193765
1771058222802367633,10.859163647128252,-10.835705606733715,3.0975990849986634
1771058222902496709,10.849775218977236,-10.83530209171574,3.0990538399041205
1771058223002472875,10.837833660280646,-10.835368816667813,3.096572333320384
1771058223102474931,10.822778209315086,-10.843934280395537,3.111281104241709
1771058223202431299,10.80461166583877,-10.847563521163622,3.1270656510923995
1771058223302397417,10.795031685460726,-10.847432087675092,3.127971460369521
1771058223402465527,10.783500087547587,-10.847278740057124,3.129021182985535
1771058223502501136,10.77178159081741,-10.847150408621946,3.131467802101408
1771058223602504213,10.762304710439182,-10.847059492021781,3.131773718580769
1771058223702472515,10.750972831546463,-10.846953507133627,3.1320260367168054
1771058223802453119,10.739475852227496,-10.84685626843401,3.133523143526635
1771058223902274603,10.729754120529448,-10.846789119762438,3.1353019253474494
1771058224002432824,10.718089064222237,-10.84669786900147,3.1328219435415945
1771058224102481537,10.706286829832107,-10.84658392147728,3.1314833802072832
1771058224202451802,10.696500500566893,-10.84648000088881,3.130584828873732
1771058224302367864,10.684802599575157,-10.846337632251977,3.1278225979060506
1771058224402286902,10.67332942465492,-10.846195588503463,3.1300501779617624
1771058224502347127,10.664057087979259,-10.846106866839573,3.133873711728541
1771058224602346988,10.652434634724017,-10.846015836203893,3.1347756052937576
1771058224702385111,10.642874185202038,-10.845946336423069,3.1343969527402944
1771058224802491825,10.631276365266848,-10.845858438873538,3.1337921985115957
1771058224902422234,10.619874840827675,-10.845747425332931,3.1298078381243446
1771058225002360648,10.60837055513923,-10.845604870279526,3.128549370248063
1771058225102425893,10.59862122749163,-10.845479188362173,3.1289091959275583
1771058225202478012,10.586877801859426,-10.845327866526222,3.128690047204557
1771058225302511797,10.575110397248816,-10.845163189844403,3.127734496157279
1771058225402473035,10.565561401086855,-10.845034661825249,3.1288601728013123
1771058225502478035,10.55436704756225,-10.84489807306079,3.1298965069318374
1771058225602826386,10.543015570191102,-10.844780903067125,3.132734035392975
1771058225702500068,10.533469380431418,-10.84471118619161,3.1357296730153505
1771058225802503014,10.522062003922711,-10.844641730564472,3.1354553686168884
1771058225902475172,10.510365068230827,-10.84454148185997,3.1319322061780097
1771058226002276978,10.500589405951915,-10.844430886044801,3.1294039076878133
1771058226102468090,10.488939460920633,-10.844282438037382,3.128721500105467
1771058226202496474,10.477255363299788,-10.844137391006385,3.1299968339202318
1771058226302469584,10.467959568521858,-10.844047349198032,3.133401978486336
1771058226402419439,10.4566638515833,-10.843967736549303,3.1358258499145935
1771058226502331764,10.445005086357225,-10.843880641217758,3.1334504528560494
1771058226602543596,10.434443126216085,-10.843502787828777,3.1312331906941417
1771058226702405635,10.438101976012858,-10.831199912153533,3.105146091268265
1771058226802416566,10.433283802339197,-10.807824861404427,3.0785314343828363
1771058226903100282,10.421790533237454,-10.807102843739369,3.078133223872412
1771058227002411216,10.40989768071843,-10.806352839700164,3.078146946841618
1771058227102430142,10.400218307259127,-10.805718780460047,3.0749112462839294
1771058227202500125,10.388655994545957,-10.804934625346355,3.0732491526666887
1771058227302466171,10.379228125367089,-10.804300673931738,3.0757551633495694
1771058227402374387,10.367946938885142,-10.803566000212692,3.0773436516950246
1771058227502458256,10.356492232139662,-10.802847773967638,3.080334937566844
1771058227602429662,10.346872550002312,-10.802270338942051,3.082561113877349
1771058227702407260,10.335230611536042,-10.801580897891064,3.08148711130612
1771058227802427508,10.324112342885169,-10.800890737080188,3.0775724640262045
1771058227902282834,10.312589423748145,-10.800150547757568,3.0777911970397285
1771058228002461954,10.30296229526963,-10.799534777564473,3.0771446990050406
1771058228102301329,10.2911300458359,-10.798770068269214,3.0764063912457273
1771058228202538739,10.279808239847759,-10.798039072246674,3.0771387690319467
1771058228302537396,10.268778996228491,-10.797337468049097,3.0784004708492985
1771058228402364849,10.259614392500557,-10.796751117908618,3.0776252145713006
1771058228502275489,10.248412731518274,-10.796042415286923,3.079509703345486
1771058228602296799,10.237072306102199,-10.795354353625811,3.08213638816794
1771058228702489004,10.22516446292895,-10.794638008939955,3.080970654612533
1771058228802526194,10.215377731762459,-10.794028363145532,3.077317142768943
1771058228902452364,10.203567871575077,-10.793265953045402,3.076294121281805
1771058229002491638,10.192169076270403,-10.792510605844868,3.0745876859951835
1771058229102295756,10.182829914196292,-10.791879863560695,3.0744091586509015
1771058229202470166,10.17145813215522,-10.791142907680026,3.079627052480313
1771058229302480535,10.160231651907484,-10.790461036373031,3.0818679635415807
1771058229402405693,10.15077017603779,-10.789897886424843,3.0819636341503918
1771058229502296766,10.139116017149872,-10.789208943562826,3.0824777455958934
1771058229602911139,10.12732092947708,-10.78849118523302,3.0797378043826384
1771058229702360906,10.118071424899385,-10.787908194921759,3.07884385181227
1771058229802413345,10.106456536110603,-10.787184447683735,3.0805644578020033
1771058229902374431,10.094855102656815,-10.786477105437758,3.080593436767679
1771058230002305189,10.0834205701353,-10.785772908791113,3.079496239173429
1771058230102369921,10.073966017015865,-10.785193182915176,3.080721914721234
1771058230202473246,10.062834471025786,-10.784541880915107,3.0815327689423455
1771058230302421066,10.051336127453965,-10.784287772985355,3.0848821679387677
1771058230402503631,10.041766660586887,-10.78401192832796,3.089964019226771
1771058230502513449,10.030464659247638,-10.783427560915401,3.090310166341477
1771058230602373092,10.01871921545095,-10.78280606290084,3.087028978125639
1771058230702520601,10.008930374236822,-10.782253891652486,3.0834732463365024
1771058230802474763,9.997147007574302,-10.78156333650281,3.0823029812295117
1771058230902478059,9.985431537829204,-10.780870541086772,3.0823722934211997
1771058231002480993,9.976167429249998,-10.780321437649869,3.0835102402073145
1771058231102476984,9.964576479543732,-10.779670459272277,3.0874601130559656
1771058231202530805,9.953106078288522,-10.779055594863094,3.0879743398159905
1771058231302539601,9.94363068428831,-10.778544795983871,3.087765480343645
1771058231402385798,9.93233219960794,-10.777943345558434,3.0889503231003257
1771058231502513038,9.920630754621266,-10.777326203563268,3.08875899224713
1771058231602495814,9.911151997813725,-10.776814361746647,3.0877860351806254
1771058231702479432,9.899493839328565,-10.776173227024989,3.086520064720839
1771058231802452690,9.887593232936593,-10.775506809979943,3.0853956943105647
1771058231902412352,9.876335694611988,-10.774860961052246,3.0834274357648415
1771058232002484598,9.867115433305136,-10.774333021945859,3.085204830081488
1771058232102395818,9.855805314798786,-10.77371572164405,3.089025140244064
1771058232202423459,9.844645124567508,-10.77312380458475,3.0887846613594196
1771058232302288091,9.833341433736736,-10.772530500816943,3.089579081333645
1771058232402482187,9.823661399726229,-10.77202177898168,3.0883299761025365
1771058232502493858,9.811994371567463,-10.77138106014195,3.0842513626079544
1771058232602511920,9.80040757939232,-10.770711905546792,3.082730453383611
1771058232702499034,9.790577239493135,-10.770142552711194,3.0839804823969033
1771058232802623338,9.779198255240546,-10.769493549382643,3.084705110404423
1771058232902427897,9.767417961822161,-10.768824794834751,3.0852702260363847
1771058233002517825,9.75788315491724,-10.76829385607106,3.0864594909050265
1771058233102484470,9.746795978362492,-10.767686267892602,3.0862539059815024
1771058233202452438,9.735610536381275,-10.767087714374115,3.0890487554301576
1771058233302417980,9.724048547538212,-10.76649968400236,3.0916878581851925
1771058233402474786,9.71440238855454,-10.766031399074352,3.0937808551651607
1771058233502474634,9.702815698826841,-10.765451639669491,3.0898262429026415
1771058233602487997,9.690926752695145,-10.764819827880205,3.087575059147998
1771058233702397724,9.681584191860763,-10.76430991077608,3.086419285359655
1771058233802476622,9.670416899056669,-10.763185212340673,3.0847786589271124
1771058233902482582,9.669092394518767,-10.75277275761273,3.0900127016531345
1771058234002474044,9.669380614591367,-10.742947935137845,3.0956654989484482
1771058234102392337,9.65781694750494,-10.742407905785239,3.0942322123242207
1771058234202470733,9.646544648479992,-10.74187016897584,3.093626666856287
1771058234302461253,9.635099425750246,-10.741317299779794,3.0925944871504623
1771058234402400926,9.625661632060318,-10.740841526929337,3.0892309146751424
1771058234502476497,9.613992568055654,-10.740234065374839,3.0891546683194564
1771058234602501142,9.60242196903436,-10.739634116223332,3.0897979654427403
1771058234702268629,9.592694300131654,-10.73912934929837,3.0889380665817994
1771058234802381460,9.581217327568432,-10.738519625738267,3.088135429479746
1771058234902500043,9.569855265786984,-10.737925497093244,3.090127737093128
1771058235002394160,9.560383134934975,-10.737448000196206,3.091544082990637
1771058235102298947,9.548973078088789,-10.73689686330506,3.0947325935534247
1771058235202298363,9.537483487715082,-10.736377994146743,3.0975068252742366
1771058235302334139,9.527802936347044,-10.735952273686625,3.0969011888201106
1771058235402354795,9.516436462572004,-10.735419160791146,3.092656606022831
1771058235502403335,9.50487473680888,-10.734845207935706,3.091655349495544
1771058235602324884,9.493421239819856,-10.734268000446974,3.090070776408392
1771058235702292430,9.484084253253396,-10.733787879825922,3.0904465346023366
1771058235802265055,9.472661128207381,-10.733219084526425,3.093195222738118
1771058235902351887,9.461467045392975,-10.732689909757273,3.095254342521
1771058236002465760,9.45010696244681,-10.73214635060582,3.093635577073641
1771058236102452132,9.440631603257714,-10.731684050548715,3.092986573240337
1771058236202522492,9.429096937333227,-10.731129956392273,3.0943735139748494
1771058236302435194,9.417454528749154,-10.730574535992439,3.093529431301247
1771058236402386288,9.407671663928324,-10.730096725206067,3.091623155375482
1771058236502759693,9.395827509172205,-10.729504525971752,3.0908644249849218
1771058236602504887,9.38396300913058,-10.728892116288417,3.088913135251292
1771058236703064836,9.37445778303531,-10.728384462596377,3.088038482319333
1771058236802511745,9.36312536742513,-10.727801700104095,3.0928811481512235
1771058236902385142,9.351736215645868,-10.727264888965443,3.09562550774691
1771058237002499967,9.342230389900838,-10.726830795830676,3.096012292464076
1771058237102487700,9.330620383028961,-10.726309851031846,3.0971810334015215
1771058237202293659,9.31918853549493,-10.725795805074359,3.095687264050608
1771058237302284679,9.309555588346004,-10.72534127533434,3.093272619637009
1771058237402407519,9.297915108917636,-10.724545778659499,3.093953016221326
1771058237502332914,9.286195782697432,-10.718760700218583,3.0914609845317624
1771058237602420998,9.276714335372931,-10.713034139581426,3.087831037378045
1771058237702367243,9.26548229264254,-10.712430409238964,3.0881970918918915
1771058237802504259,9.25409105993721,-10.711832907097737,3.090086971620807
1771058237902371484,9.242918269587273,-10.711252414710723,3.089856831262496
1771058238002388353,9.233765683027814,-10.710777180250306,3.0909254222897005
1771058238102289843,9.22226983556648,-10.710202170951641,3.0924229927793756
1771058238202413353,9.210570828774133,-10.709618538234032,3.091128998606691
1771058238302284947,9.198818583163881,-10.70899855521842,3.0869676840125333
1771058238402501994,9.18911210900998,-10.708466912088296,3.085748189619599
1771058238502434323,9.177422083859458,-10.707809183780912,3.085106784126111
1771058238602493110,9.16602303671381,-10.707171376089901,3.0868358380113463
1771058238702481715,9.15685777320354,-10.706697108156002,3.0923968981822467
1771058238802456634,9.145485204657486,-10.706145105657862,3.094028222429933
1771058238902769033,9.134286516411255,-10.705609716767155,3.0940425808433876
1771058239002478819,9.124714457148556,-10.705159314358626,3.0946334619557914
1771058239102433680,9.113013557424566,-10.704604035427467,3.0937390174914743
1771058239202529798,9.101508957195685,-10.704045505164421,3.0933968159411274
1771058239302367186,9.091845170566675,-10.70358340370237,3.0944854004419713
1771058239402422908,9.080162163889085,-10.703034102822171,3.0946381983733304
1771058239502417554,9.068855940565234,-10.702494193574713,3.0922431146317986
1771058239602517099,9.057489453777725,-10.70194716805915,3.0940470143343557
1771058239702491416,9.048048701204808,-10.701515830593523,3.097178716421066
1771058239802463409,9.03675751840186,-10.701032291770433,3.099545443476284
1771058239902428219,9.025361052444277,-10.700560664259482,3.1013632837004925
1771058240002406043,9.013838383196862,-10.70010196818865,3.1019644572727323
1771058240102481512,9.004141662083244,-10.69970292238713,3.0982831814021328
1771058240202467902,8.992584341897084,-10.699187036479136,3.0945633492720277
1771058240302314307,8.981023421408267,-10.698644079046067,3.09394966334587
1771058240402370900,8.971436232599538,-10.69819772136893,3.0956480338840415
1771058240502500802,8.959825611204657,-10.697662555118145,3.095686368732489
1771058240602508552,8.948237349701955,-10.697150193390113,3.0984390782244535
1771058240702430170,8.938697522585374,-10.696746008059334,3.099481019186719
1771058240802389679,8.92738789363226,-10.696269350381291,3.099011305229058
1771058240902367803,8.91611212244548,-10.695802477376708,3.100918942948876
1771058241002520318,8.906171888345133,-10.695182393058442,3.102686958014883
1771058241102522998,8.889769622354482,-10.689412978006866,3.094756123116437
1771058241202492115,8.87326106877978,-10.683305503631123,3.0881470324238323
1771058241302381241,8.863620864449697,-10.682788546810794,3.087680071198926
1771058241402473461,8.85192939216472,-10.682141882379952,3.0848181209135164
1771058241502471954,8.840359993200288,-10.681503033119153,3.087229875948127
1771058241602520511,8.830987662200652,-10.681014493265689,3.0915441042102834
1771058241702457998,8.819703268446903,-10.680439916528737,3.0903835706188216
1771058241802410464,8.808035809440641,-10.67983791163579,3.0902540823256195
1771058241902261407,8.798663770588572,-10.679352429036395,3.08954124255557
1771058242002279917,8.787134851144009,-10.678729898122935,3.0857735618090025
1771058242102403817,8.775433181906807,-10.678065768208544,3.0843070859297526
1771058242202471370,8.765736337550571,-10.677516004406954,3.0853266072031045
1771058242302477547,8.754012890445175,-10.676855330355934,3.08538284409587
1771058242402491469,8.742304868705554,-10.676184431629945,3.0844392631364017
1771058242502493207,8.732862100927797,-10.675649819371348,3.08615308515882
1771058242602592922,8.721694882236386,-10.675034230751628,3.086824876506677
1771058242702500702,8.710330328462538,-10.674422012301452,3.0883767473263877
1771058242802379658,8.700779416311256,-10.673927344845456,3.0915454913131675
1771058242902468331,8.689164434033314,-10.673355901081095,3.0924373518712645
1771058243002474337,8.677523651500753,-10.672762584719887,3.089554394997418
1771058243102472258,8.66773926980941,-10.672244067339712,3.0879803850988328
1771058243202499174,8.656079630348362,-10.671610741726845,3.0863134348619337
1771058243302397396,8.644535799020602,-10.67097257540793,3.086250996086982
1771058243402377564,8.635080428268324,-10.670465082376879,3.0887647396144713
1771058243502476787,8.623450084213621,-10.669872917683769,3.091996033307026
1771058243602507229,8.611845365835954,-10.669297284226623,3.0916986602091288
1771058243702398999,8.602410363763834,-10.668820432243415,3.090694389232809
1771058243802502770,8.590858392132784,-10.668231233134659,3.090910890995719
1771058243902452680,8.579252688887248,-10.667629397773446,3.089274894774857
1771058244002568475,8.568016064133559,-10.66703673396853,3.088262166622492
1771058244102513004,8.558293442506756,-10.666516275605126,3.0879809796779814
1771058244202430362,8.546583027109497,-10.665872920401121,3.085744355097493
1771058244302427020,8.535387308632822,-10.665232987731862,3.083857873695882
1771058244402275888,8.525898522401027,-10.664695742071054,3.086583899501347
1771058244502473397,8.514568457957731,-10.664085305823207,3.0891392220098024
1771058244602474363,8.503150533929816,-10.66326427612745,3.091951636214892
1771058244702435063,8.493720111001029,-10.657663924266068,3.0926898336104696
1771058244802498228,8.482027262743623,-10.65209789538563,3.0883687027352953
1771058244902499284,8.470360734757499,-10.651446744465076,3.0843239763269588
1771058245002393218,8.46079828937872,-10.650884684028561,3.082979796257426
1771058245102458606,8.44906781903898,-10.650202122390887,3.0842354206623668
1771058245202410639,8.43738031833889,-10.649534317286268,3.0847752828589274
1771058245302436482,8.427764603051086,-10.648991235344631,3.0855299436704184
1771058245402483666,8.416193727572121,-10.648358384257019,3.0879744518411063
1771058245502291346,8.40484514545391,-10.647740039621517,3.086975244311205
1771058245602514653,8.395343910270379,-10.647216570850812,3.0870564171813664
1771058245702427723,8.383851028966841,-10.64660670117873,3.0900735063375393
1771058245802471209,8.37215790501427,-10.645997276220399,3.088973202404716
1771058245902504346,8.362336297384484,-10.645464692847348,3.085321646618116
1771058246002484453,8.350491730728502,-10.644795328051174,3.0840674209958503
1771058246102531967,8.33884806024967,-10.644121379364432,3.0831437018624843
1771058246202488538,8.329288228271672,-10.64355917251692,3.0831612656079868
1771058246302355169,8.318184171553867,-10.642940759657538,3.0887556285111972
1771058246402485640,8.306599142584732,-10.642348255323025,3.0914950611487217
1771058246502549185,8.297173706632687,-10.641873951776038,3.090778655544593
1771058246602464709,8.285877482217073,-10.641309810963183,3.092076503761798
1771058246702482847,8.274282780006308,-10.640733143432154,3.09119167372022
1771058246802509331,8.264741384308211,-10.640240554683011,3.0889987732437847
1771058246902388416,8.253108983503942,-10.639641275985177,3.091420050510229
1771058247002420981,8.241330028617542,-10.639054817390907,3.0916627601681426
1771058247102471541,8.231613053177197,-10.638566245615138,3.0900469758729896
1771058247202571043,8.220064868683789,-10.637977959685472,3.0905423873340196
1771058247302546420,8.20859766115207,-10.637404979887311,3.0920023686285245
1771058247402447436,8.199310368933867,-10.636953352404522,3.0933500004544277
1771058247502489709,8.187842734033786,-10.636414004306562,3.0961987528476413
1771058247602405624,8.176265509921826,-10.635898376592884,3.097436845535953
1771058247702352266,8.16651570692431,-10.635454765091453,3.0943739187072903
1771058247802357419,8.154654539495086,-10.63487731873554,3.090223145981219
1771058247902478813,8.142847036834342,-10.63426181835423,3.0882924728861973
1771058248002521527,8.133222597336008,-10.633755658643004,3.089502287999397
1771058248102494600,8.12167007779315,-10.633153163002063,3.089993600621993
1771058248202555468,8.11020758885443,-10.632341521078159,3.092906667399145
1771058248302413042,8.100602007523474,-10.626880320823693,3.0941233810790556
1771058248402511301,8.089150620008274,-10.62156832297465,3.0923691199320773
1771058248502411696,8.077701840691947,-10.62101028775345,3.092988048435563
1771058248602415506,8.068037057121767,-10.62055152586337,3.09471133965442
1771058248702413325,8.056409926573508,-10.619990555255015,3.092436282090712
1771058248802452613,8.044577497410884,-10.619395065240909,3.090874108584796
1771058248902467765,8.03494714981945,-10.618901229739937,3.090416215615781
1771058249002421951,8.0232492558162,-10.618288096921631,3.088065166149991
1771058249102376157,8.01377412770243,-10.617785905959266,3.089124546035541
1771058249202417909,8.002362468146146,-10.617204076113026,3.09253066783496
1771058249302423293,7.991034891616525,-10.61665649178131,3.0947338295996887
1771058249402390824,7.981444888706753,-10.616200919427015,3.0948396796249957
1771058249502505344,7.969669800239279,-10.61564734737038,3.0947111601279147
1771058249602396781,7.9580474214475645,-10.615081193177602,3.090588275712659
1771058249702499378,7.948435318682324,-10.614574452239395,3.087107943936924
1771058249802495644,7.936566754590101,-10.613933553065653,3.0875875181495083
1771058249902476481,7.924867604236836,-10.613309983627865,3.0885529911179703
1771058250002451106,7.915220825169317,-10.612790117865174,3.087794401810836
1771058250102392227,7.903702899365503,-10.612182093012123,3.0901891216346877
1771058250202408881,7.89243119365729,-10.611610045632698,3.0905098165593845
1771058250302426357,7.883014515580737,-10.611125143821834,3.0904044805964785
1771058250402457759,7.871879160313668,-10.610572834650114,3.0935280865281274
1771058250502503698,7.860310072826374,-10.610022603438512,3.094143590471886
1771058250602460129,7.850573052308409,-10.609541237599277,3.0912355585156597
1771058250702413873,7.83859454228104,-10.60890927903203,3.0869608496771415
1771058250802414938,7.827430123543304,-10.608287823539861,3.0849952225504818
1771058250902471007,7.816115687881472,-10.60763984448613,3.083734647573518
1771058251002479205,7.805155797095303,-10.607025119665174,3.0869295291479104
1771058251102478476,7.795853575728085,-10.606538123530509,3.0909737488068876
1771058251202420268,7.784351765934182,-10.605943582790513,3.0892889994568176
1771058251302487407,7.772800613553479,-10.605330347132021,3.0885985071903272
1771058251402479906,7.763295084425015,-10.604820979571809,3.0878094775769207
1771058251502518271,7.751799830968984,-10.604187248565083,3.0851043651008063
1771058251602511951,7.740234209376411,-10.603537287478522,3.085317073887393
1771058251702503026,7.730522581713331,-10.602995946028955,3.0862478936724362
1771058251802408269,7.718969457361146,-10.602162529918836,3.0866095294297096
1771058251902388684,7.712264919068789,-10.597245894367116,3.090284786803125
1771058252002569169,7.705722050911968,-10.592223978328816,3.097957092958603
1771058252102554322,7.69630458575987,-10.591827479161191,3.100133324331165
1771058252202495342,7.685009598579653,-10.59137627289097,3.1027779817802243
1771058252302483772,7.6734150978119136,-10.590942114003218,3.1053688688575596
1771058252402394776,7.663656382897902,-10.590594323540989,3.105743278014445
1771058252502506029,7.651963637390807,-10.590145665317612,3.100989868543492
1771058252602482546,7.640263473731033,-10.589650227967443,3.0991150946403843
1771058252702394652,7.630744738640947,-10.589244042050835,3.099101470654789
1771058252802385596,7.6190689885610015,-10.588751124699892,3.1000545059399953
1771058252902491820,7.609526232521839,-10.588363286164364,3.1016615318960707
1771058253002424013,7.597946397201004,-10.587917322528364,3.1043605740147453
1771058253102525868,7.586434868610993,-10.587484699096125,3.1041309099271883
1771058253202402756,7.577080600224258,-10.587126846099254,3.1030896170755726
1771058253302381728,7.565437060092581,-10.586686727886404,3.1046523166442306
1771058253402447063,7.553792990418838,-10.586249287650967,3.103577465643474
1771058253502514864,7.5440027332283375,-10.58586486752255,3.100779595200572
1771058253602562906,7.532053612712516,-10.585377716773918,3.10017293004882
1771058253702414968,7.520334456067511,-10.584883363527327,3.0984648429365196
1771058253802581385,7.510838246139718,-10.584466557236746,3.097472365179592
1771058253902487919,7.499649992749081,-10.58399907432326,3.1026583679385262
1771058254002477020,7.488358542894117,-10.583579664094996,3.1056198579962677
1771058254102406498,7.478912277457356,-10.583245551607371,3.1064454242668673
1771058254202477484,7.467165447098009,-10.582832907993525,3.106546509433149
1771058254302490740,7.455650072454697,-10.582420873268633,3.104638266003168
1771058254402475693,7.44423561788161,-10.581977859384594,3.1015646950134883
1771058254502464503,7.434694442356926,-10.581582439830699,3.100607003299473
1771058254602413368,7.422996515558037,-10.581109571366468,3.1022657285390487
1771058254702419661,7.411298985635533,-10.5806477806959,3.1017661900325817
1771058254802469306,7.401687106471318,-10.580261022668418,3.10106350493191
1771058254902422659,7.390255193973372,-10.579811517651416,3.1032820586224994
1771058255002473557,7.378880542355718,-10.57937140992323,3.1028984665671584
1771058255102474299,7.369446396894608,-10.57900325725866,3.10364667840007
1771058255202581634,7.357844832684785,-10.578582255154187,3.106750768963683
1771058255302563090,7.346160692948065,-10.57816458212398,3.104673154506292
1771058255402486125,7.336849925357006,-10.57778235741659,3.100063611908571
1771058255502501395,7.334988517890729,-10.577286604165794,3.0987691446357335
1771058255602429239,7.332885874617553,-10.576788873476406,3.098323784819956
1771058255702503631,7.323512008114905,-10.576388034970357,3.099605899133991
1771058255802458326,7.311847408437824,-10.575926435427647,3.1039156718972225
1771058255902383475,7.302383294132799,-10.575581664147816,3.1057950607502383
1771058256002380030,7.290826595286805,-10.575166526001418,3.1049472040440746
1771058256102471634,7.279269266719838,-10.574749505344702,3.10522741739119
1771058256202524315,7.26964731673235,-10.574404335548977,3.1055053851933083
1771058256302390382,7.25814084294044,-10.573975748564163,3.1032776494447747
1771058256402449294,7.246343017291959,-10.573525306501953,3.1037940711629886
1771058256502420410,7.236580837443981,-10.573158891913764,3.1039860816414926
1771058256602789580,7.22481430518595,-10.572706335201769,3.1017711762092635
1771058256702766788,7.213308382912118,-10.572259022687017,3.1031760546950813
1771058256802493170,7.2038753904452015,-10.571911993511879,3.1061276462379115
1771058256902503640,7.1924739059529195,-10.571506099850431,3.1061117688843187
1771058257002417418,7.180997204486724,-10.571100120664248,3.107139593909014
1771058257102425173,7.17130442294364,-10.570766195750465,3.1072354031254616
1771058257202412760,7.1595818573072965,-10.570347170187253,3.104464032136476
1771058257302461853,7.147876350285866,-10.569888982937286,3.1007162314631587
1771058257402473896,7.1381892408425145,-10.569487216223468,3.099878967477465
1771058257502413703,7.126492028265394,-10.56900967464237,3.1018115531164945
1771058257602521758,7.114873816507849,-10.568542177400307,3.102232703359137
1771058257702468447,7.1053547977968545,-10.56817657058016,3.104638953232398
1771058257802422370,7.09412919849065,-10.567766599755757,3.1059147645993557
1771058257902389889,7.082775820628024,-10.567352887935336,3.1045240152712505
1771058258002508204,7.071460770669864,-10.566943264207111,3.1060467948347332
1771058258102407092,7.061899657758758,-10.566616319689633,3.1082818636382346
1771058258202495390,7.050216023905003,-10.566205563843848,3.105060407426659
1771058258302518103,7.038602529056302,-10.565764358136178,3.102957243669727
1771058258402520688,7.02891869036498,-10.565386232880826,3.1025273246743605
1771058258502468369,7.017345598187264,-10.564919318741389,3.10007014449587
1771058258602353742,7.005939686230196,-10.564461703292118,3.102526881999448
1771058258702508325,6.99651315148383,-10.564113024772663,3.1068742409869787
1771058258802466155,6.985135269187273,-10.56370843150675,3.1059753327053916
1771058258902448832,6.973531292706959,-10.56328267932646,3.1047837124664928
1771058259002405280,6.9642250127144205,-10.562454881177437,3.103421500641039
1771058259102507543,6.957692107568871,-10.551675261684984,3.0936380670958217
1771058259202950673,6.950685329875469,-10.540430980122547,3.084987737130967
1771058259302470352,6.9409814707080555,-10.539880817712106,3.0849262981001964
1771058259402461175,6.929248825906818,-10.539218929211923,3.0854501755566988
1771058259502468488,6.917481018888517,-10.538540914329275,3.083679441142497
1771058259602520737,6.908068748568288,-10.537997007736848,3.0846584074709407
1771058259702412361,6.896691421650621,-10.537360623633603,3.087167802845553
1771058259802495699,6.885287045480092,-10.536748070932468,3.0890519400847856
1771058259902372094,6.875750652226466,-10.536257665180013,3.091317684855718
1771058260002524102,6.864099350619889,-10.535680771417518,3.0926954050773263
1771058260102428621,6.852378642900677,-10.535079913831662,3.08905922013335
1771058260202489125,6.842760074021413,-10.534561985273395,3.0863172950506192
1771058260302515955,6.831056024475619,-10.533911744002726,3.085173564119918
1771058260402377602,6.821517406619803,-10.533372488402708,3.08483913562018
1771058260502493812,6.810019261311578,-10.53273353656057,3.0866483402137197
1771058260602490716,6.798406476197756,-10.532117045983927,3.089601016154208
1771058260702493641,6.788807872658929,-10.531615653210086,3.0888004159792772
1771058260802636311,6.7773700396289716,-10.531007098602391,3.0879132763167765
1771058260902431682,6.765799046629319,-10.530386326339421,3.087742381854807
1771058261002518596,6.756210891698028,-10.529867918616993,3.086698569575236
1771058261102430258,6.744467865811902,-10.529219041078829,3.085311044802634
1771058261202414868,6.732606249629592,-10.528549543954973,3.0847383766365195
1771058261302461325,6.722859237914132,-10.527993873684117,3.0837430524814033
1771058261402436938,6.711380654315684,-10.527321168911453,3.08241959093454
1771058261502376122,6.700091957754754,-10.526665898529867,3.0854533081899955
1771058261602470721,6.690681731515956,-10.526155524551552,3.0882720286493828
1771058261702468235,6.679614468546395,-10.525579890317836,3.0902362753078787
1771058261802507599,6.668276606996632,-10.525006023905675,3.0909132423635297
1771058261902465378,6.6564695658718795,-10.52440358343069,3.0896230343602804
1771058262002381528,6.646855471787064,-10.523886680438501,3.0861632805461623
1771058262102402817,6.635163762746962,-10.523230902995156,3.0852438153025794
1771058262202400351,6.623538595668779,-10.522589159960354,3.0866845015814857
1771058262302392335,6.613788366314646,-10.522058964068993,3.0872078120145243
1771058262402509205,6.602264467479422,-10.52144612279534,3.0895509579027767
1771058262502496740,6.592879189654327,-10.520971937354691,3.0916078903937008
1771058262602362014,6.581185448667891,-10.520181463407312,3.091123367661633
1771058262702467012,6.559704362864177,-10.514586641075883,3.091057487252356
1771058262802495104,6.539262389146295,-10.509301506385972,3.0947107513465837
1771058262902390865,6.527623872534521,-10.50874825158831,3.0933535771525107
1771058263002986553,6.517892572875362,-10.50826087075725,3.089263567846029
1771058263102495170,6.506016327166816,-10.507639636650692,3.08824120728634
1771058263202610447,6.494369237879526,-10.50701284627769,3.087164593893081
1771058263302408553,6.484819165768025,-10.50649456394879,3.0876067144428645
1771058263402460690,6.473551187597091,-10.505917358078369,3.093129218395493
1771058263502499502,6.464140003418955,-10.505477854692414,3.0960843779743152
1771058263602408178,6.4525708807079365,-10.504954210713246,3.0958753962001793
1771058263702494450,6.440995011879168,-10.504428250993454,3.095678503895135
1771058263802453370,6.431356971626895,-10.503985079392713,3.0949720914470773
1771058263902395960,6.419734549445728,-10.503441744927128,3.0943425030452882
1771058264002421056,6.40805310393273,-10.502887123403648,3.0944736857401947
1771058264102453336,6.398332982929893,-10.502437651778076,3.095989715765721
1771058264202420712,6.386515988459709,-10.501892840938355,3.0947451904612633
1771058264302459624,6.3750686579379385,-10.50136282502359,3.0955534074867694
1771058264402416490,6.365594261053591,-10.500938269784912,3.097538040304469
1771058264502404175,6.3542160187009715,-10.500432631553215,3.09749941494239
1771058264602414072,6.342822225583156,-10.4999355827148,3.0994947233195247
1771058264702477400,6.333035804483289,-10.499528536251445,3.100779340830532
1771058264802422685,6.32127429284368,-10.499036583424159,3.0986619829925353
1771058264902493808,6.309830301461894,-10.49852168389773,3.094761133726331
1771058265002483046,6.300308255306242,-10.498070762606039,3.0934291309347404
1771058265102400678,6.28883658036436,-10.497525645438257,3.094564033341427
1771058265202486187,6.277551409325371,-10.496998163592805,3.095571572356702
1771058265302478491,6.265960132536212,-10.496482381526002,3.0986085841128683
1771058265402484149,6.256449069567333,-10.496081217239139,3.0999878255952527
1771058265502859729,6.244991750969363,-10.495601664868788,3.0988578929501283
1771058265602529531,6.2334494452581986,-10.495116444241944,3.0996484347574063
1771058265702431924,6.223823158568519,-10.494725096156303,3.101583079065376
1771058265802527704,6.212305184578748,-10.494250057181702,3.0996094446607154
1771058265902414276,6.200401898346752,-10.493750446811612,3.0995577360245377
1771058266002501049,6.190685383317772,-10.493334032580947,3.0982716219534905
1771058266102306698,6.178924081193956,-10.492815722374582,3.0958293875216145
1771058266202312376,6.167836319563506,-10.492094332521656,3.0980075507516385
1771058266302314388,6.163445479030724,-10.486897445619451,3.1031724315918234
1771058266402454661,6.157070093399655,-10.481871039508576,3.107062279569559
1771058266502338739,6.1455175922177325,-10.481462595225636,3.1067213058277554
1771058266602428507,6.1341542264660305,-10.481058650470434,3.1054889842275917
1771058266702294180,6.1244710223616075,-10.48069650707654,3.1019663671258053
1771058266802459391,6.113299722428698,-10.480245448677906,3.0996320081311732
1771058266902358707,6.101521092161619,-10.479760083908012,3.100368321907163
1771058267002507517,6.091821439027099,-10.479373469621674,3.1025743026528545
1771058267102467178,6.080076913049444,-10.478908124575131,3.101895161465021
1771058267202330115,6.06863187830104,-10.478463471006165,3.1036737934600476
1771058267302517578,6.059251929960531,-10.478118492606765,3.105306033989882
1771058267402464505,6.047819546330045,-10.477704956072486,3.1052519975298343
1771058267502433443,6.036234785734271,-10.477305855259445,3.108321496492513
1771058267602511278,6.026656570796283,-10.477001624908018,3.110470368985615
1771058267702474185,6.014880832778301,-10.476612639373567,3.1065921352155748
1771058267802318697,6.003021136787584,-10.476169543719656,3.1029910563264433
1771058267902368008,5.993341481657694,-10.475791463436224,3.102790501019302
1771058268002518270,5.981703755035946,-10.475333648576134,3.1021202248081385
1771058268102370918,5.9722586868324905,-10.474975389336137,3.1047670791495086
1771058268202326150,5.960898826332269,-10.474579976199994,3.1089960572849855
1771058268302319003,5.949324257635205,-10.474194321505202,3.1082638545533947
1771058268402383242,5.939769773161972,-10.473863027283553,3.1066644312671845
1771058268502463942,5.92825742000175,-10.473451379615867,3.10579120214956
1771058268602468898,5.916526327869738,-10.473025313678576,3.1050735341566322
1771058268702308982,5.906836807550386,-10.472664091916567,3.103422690807729
1771058268802365817,5.895342922662602,-10.472232788560333,3.1041089140901703
1771058268902304678,5.883442103653863,-10.47178235133369,3.1028501811305094
1771058269002518600,5.873773131432637,-10.471394962323945,3.101125654374938
1771058269102433235,5.862418380273436,-10.470947010428524,3.1039247626326905
1771058269202376715,5.851049811146156,-10.47053198647356,3.1055001155226165
1771058269302301659,5.84161945875576,-10.470198252540715,3.1071449063100136
1771058269402430851,5.83012113933181,-10.46982082064417,3.1096944658733006
1771058269502492334,5.818283769513959,-10.469444775583227,3.109117751773437
1771058269602497741,5.808538272176374,-10.469111961603836,3.105693153716213
1771058269702433085,5.796906354204169,-10.468683219776587,3.104376073322868
1771058269802476424,5.785004931886447,-10.46806808202186,3.1045923767162518
1771058269902462804,5.7654596461427,-10.463450731413763,3.11050877585151
1771058270002473341,5.744305464047556,-10.45865815941414,3.117202059919364
1771058270102485340,5.732736569382653,-10.458399673627685,3.1204251012536974
1771058270203122664,5.721444086972865,-10.458159478292313,3.1200159878205946
1771058270302473420,5.71206396130541,-10.457946876304668,3.118679743259728
1771058270402538360,5.700688781711007,-10.457697789252684,3.1207457784725374
1771058270502394413,5.689366270192958,-10.457455653480736,3.1196361637612275
1771058270602483048,5.679644803919082,-10.457228476116626,3.116551179887482
1771058270702401249,5.667644788929027,-10.456928610892621,3.1156963853810407
1771058270802430611,5.6560433870315,-10.456621266119448,3.114106703858848
1771058270902410570,5.646501362278571,-10.456354603942408,3.1134508459126446
1771058271002475910,5.634972679394727,-10.45605562529457,3.1184858968018343
1771058271102480645,5.623375340684758,-10.455810844146722,3.1218045498171025
1771058271202481001,5.613884113793503,-10.45562861849072,3.1225498540279255
1771058271302557673,5.602262266501824,-10.455412547688884,3.1226884490759765
1771058271402420769,5.590541103193091,-10.455191020033542,3.1216207322292497
1771058271502492662,5.580985719553703,-10.454993346387816,3.1197602130525635
1771058271602455157,5.569212195887192,-10.454736006873947,3.1198424174746213
1771058271702479308,5.557546262435802,-10.4544994090063,3.121986862966819
1771058271802481208,5.547816172498565,-10.45431041157109,3.121649587408236
1771058271902475032,5.536139288544565,-10.45407906921028,3.121046936728182
1771058272002496890,5.524717188961956,-10.453857462532023,3.122613751667573
1771058272102383942,5.51539583477324,-10.45367264014348,3.1213269512818616
1771058272202432850,5.504185813671807,-10.453448189289885,3.122136286592989
1771058272302491928,5.492524754970943,-10.453237457354671,3.124374563326727
1771058272402471785,5.482721795257981,-10.453062073313212,3.1226654147275776
1771058272502474817,5.470906063125398,-10.452814594911494,3.117984557450154
1771058272602479491,5.459396205298255,-10.452532984514724,3.1156932095244843
1771058272702761001,5.449676958773889,-10.452287441513324,3.1162366197320486
1771058272802370376,5.438412609092426,-10.452010211279891,3.1176890254961447
1771058272902390480,5.426911051634334,-10.451763895837008,3.1220394234879403
1771058273002393722,5.417410627606451,-10.451592663267018,3.124591669852946
1771058273102412523,5.405891680922204,-10.451393357296624,3.1234570297113047
1771058273202480858,5.39428434808678,-10.451187051163135,3.1233738043074664
1771058273302380583,5.384840651510542,-10.451012842275379,3.1224711076557177
1771058273402412900,5.373714737748278,-10.450334883893287,3.1215126516050864
1771058273502409359,5.366912053288207,-10.43986018837137,3.119924699324792
1771058273602405887,5.361857124810067,-10.429630037027207,3.1160317285368473
1771058273702477038,5.3500891620044015,-10.4293183204784,3.113212675634894
1771058273802596329,5.338902679285731,-10.429014273048244,3.1147739003422874
1771058273902528927,5.329530508770651,-10.428773797552227,3.1166920069704327
1771058274002391352,5.318075582426297,-10.42849915772823,3.118408798998994
1771058274102470627,5.306793632485398,-10.428238272597346,3.1190829925235777
1771058274202260674,5.2951282326532265,-10.427978332568543,3.1192172795538182
1771058274302489433,5.285509919305811,-10.42775230183741,3.1164512165867637
1771058274402335556,5.273773824411232,-10.427437723422324,3.1121472726936896
1771058274502370728,5.262099326998733,-10.427090447632304,3.1112956638700338
1771058274602422501,5.2524281097368535,-10.426811215168,3.1136789607156845
1771058274702481388,5.240730962527085,-10.426478533849759,3.113077411669428
1771058274802471254,5.229206391191764,-10.426157740333926,3.114734557680539
1771058274902300756,5.219640368015245,-10.425907719211535,3.1163134230092155
1771058275002471695,5.208329123541615,-10.42561955403903,3.115449363235885
1771058275102482971,5.196670231460486,-10.425328922723564,3.1174490754065083
1771058275202409898,5.187218284107705,-10.425117073700276,3.1201271939332114
1771058275302353956,5.175402677700692,-10.424836666229512,3.116653706216414
1771058275402309788,5.165718975026316,-10.424576753906125,3.11397730517551
1771058275502297158,5.15381863589379,-10.424238649581975,3.113446619972248
1771058275602499116,5.142252299997364,-10.423906958060153,3.112746165404169
1771058275702482099,5.132701659686539,-10.423642697494577,3.1148170541253917
1771058275802304457,5.121339836023314,-10.423357217357308,3.119063174354573
1771058275902292760,5.109598128292008,-10.423094526971381,3.1196350923967433
1771058276002299337,5.100119375160613,-10.422877483817759,3.1186625416228018
1771058276102388921,5.08840076689784,-10.42260853562498,3.11891350359378
1771058276202479006,5.076814258588952,-10.422327812297034,3.1155732481579106
1771058276302508617,5.067103131882519,-10.422059259975166,3.112572327302943
1771058276402425905,5.055228549576751,-10.421721108242151,3.1132141406549763
1771058276502293679,5.043624496550677,-10.42139691090996,3.113473264478977
1771058276602300196,5.033821803426804,-10.42111220611917,3.1121485288984387
1771058276702478568,5.022306174734446,-10.420785109826687,3.1146201499141113
1771058276802490144,5.010920763427675,-10.420486122197227,3.115330407638744
1771058276902385070,5.001609989421662,-10.42024705412006,3.116955189580091
1771058277002448725,4.990364396236105,-10.419732533316473,3.1192315124085623
1771058277102301490,4.983449510589592,-10.414481932994097,3.1203337451662176
1771058277202299390,4.978457085819752,-10.409492631629199,3.1167195013423306
1771058277302502560,4.966772448493215,-10.409191077631302,3.114880555247604
1771058277402436659,4.955102738917116,-10.408889338165821,3.1169013922607927
1771058277502312077,4.945500838049336,-10.408652139723692,3.1168193959025206
1771058277602303214,4.934062398266731,-10.40839335915865,3.119815208443097
1771058277702393570,4.922432144029986,-10.40816608978633,3.123492217936735
1771058277802525134,4.912832009108991,-10.40799852452568,3.124024141269883
1771058277902435277,4.901785194042718,-10.407796075745878,3.122249177701286
1771058278002300226,4.890390567410466,-10.407578958814451,3.1225944433333273
1771058278102475862,4.880900287407597,-10.407396904588715,3.121764984930247
1771058278202281869,4.869076776767405,-10.407162044365396,3.1209555565731675
1771058278302404275,4.857143182086239,-10.406917299185395,3.120506516255349
1771058278402448583,4.847336836739907,-10.406712213610422,3.1201614690723734
1771058278502414983,4.835807257184125,-10.40645511701149,3.1185470532901074
1771058278602540154,4.824420704915743,-10.406206229799935,3.1213360912211296
1771058278702284593,4.81499967205974,-10.406039764005147,3.125538885990717
1771058278802451093,4.803596090532031,-10.405870334515853,3.127566399230973
1771058278902424076,4.791860748207408,-10.405719470911173,3.1296117284177396
1771058279002427806,4.78211873980828,-10.405603398179132,3.128934716674829
1771058279102310448,4.770503620543464,-10.405430592623258,3.1247072687618895
1771058279202301024,4.758716659680255,-10.405210032880245,3.1227219141795395
1771058279302470308,4.74913489176926,-10.405041738028451,3.1249507327213033
1771058279402384990,4.73748763561795,-10.404850901036326,3.1252736786664985
1771058279502494261,4.727887476613784,-10.404697773211542,3.1257715363833842
1771058279602431215,4.716345287089409,-10.404529400125234,3.128312867245642
1771058279702403706,4.704963663760274,-10.404372985933641,3.127638168123875
1771058279802509570,4.695453363566425,-10.404234214641821,3.1274654252581433
1771058279902390549,4.6839338492819556,-10.404089793157482,3.1304020427945014
1771058280002389009,4.672188280023681,-10.403951663708167,3.129153202096826
1771058280102403871,4.662427142361608,-10.403811257808815,3.125123605129518
1771058280202503382,4.650742305602671,-10.403613250578854,3.1234476448207142
1771058280302495331,4.639087972735152,-10.403398478392567,3.122483620824396
1771058280402447934,4.629562089247044,-10.4032144846149,3.1222878173912783
1771058280502513862,4.618132232021123,-10.403023587638078,3.1275836110061923
1771058280602397655,4.606604890218034,-10.402658789721762,3.130245008199684
1771058280702502728,4.597169168683941,-10.397235521874663,3.122818441420798
1771058280802502260,4.585529589645115,-10.391101538061513,3.1165859215265073
1771058280902409408,4.573899473131513,-10.39081279929229,3.116235397094761
1771058281002451000,4.56422168390638,-10.39056606126693,3.115362824995155
1771058281102384797,4.552569037951995,-10.3902613112967,3.115744848153196
1771058281202410198,4.540744225460374,-10.389965602055822,3.116882426931702
1771058281302408909,4.531020035546644,-10.389725148305017,3.1161400456828083
1771058281402473044,4.519454351619055,-10.3894304114931,3.1153298516465875
1771058281502475431,4.508049309066509,-10.389145171757052,3.117262786396491
1771058281602301424,4.498609529162565,-10.38893088859944,3.1198243836360144
1771058281702303411,4.48709020017665,-10.388683428523423,3.120900477148341
1771058281802456845,4.475738832992823,-10.38845699657564,3.1219986136664537
1771058281902392466,4.466175486215171,-10.388257512058717,3.119070109997126
1771058282002427586,4.454525666711772,-10.38797480661421,3.114561278411969
1771058282102355321,4.442770994211847,-10.387647695912596,3.1128190491959504
1771058282202293958,4.4331196102021515,-10.387380423763533,3.11456508204011
1771058282302460887,4.421592150670206,-10.387067531499161,3.114815590725881
1771058282402383513,4.4100390473098035,-10.38677822946687,3.118138859677297
1771058282502464529,4.400484566100726,-10.386562230836498,3.1197784761079337
1771058282602505299,4.389062410843804,-10.386306272011359,3.1179956642070628
1771058282702412316,4.37749113769075,-10.386039156739448,3.118678233392091
1771058282802392260,4.367885830605469,-10.385831429865856,3.1206317473844556
1771058282902456415,4.356257995368096,-10.385571172761049,3.118299276974495
1771058283002520860,4.344453172275782,-10.385275968676519,3.1163288338296806
1771058283102316294,4.334657883400285,-10.385019425728482,3.115482138285928
1771058283202475779,4.323001506011021,-10.384710791238485,3.1148203581058675
1771058283302393826,4.311496209158846,-10.384403931277822,3.115248610678723
1771058283402451397,4.302088540211329,-10.384174179464923,3.1192878422439496
1771058283502413508,4.290671383744224,-10.383928968723966,3.121085140803383
1771058283602431635,4.2790352214221965,-10.383682366977553,3.1208182179397665
1771058283702423953,4.269500391731464,-10.383481244486534,3.12038975803623
1771058283802409678,4.257814587124411,-10.38321170445509,3.1162926231449646
1771058283902412967,4.248112539777792,-10.382943394194262,3.111861986139394
1771058284002514411,4.236263835292537,-10.382588766433095,3.111828946771695
1771058284102370771,4.224841940447956,-10.382263004346202,3.1142001697119626
1771058284202479990,4.213705136134843,-10.381713533383477,3.113757877203069
1771058284302496975,4.2144733502364735,-10.376639742774572,3.116142520371975
1771058284402467030,4.212476407314734,-10.371763836705313,3.1204652568519897
1771058284502537255,4.201151912700289,-10.371526514925616,3.1208353991330906
1771058284602498734,4.191609691845807,-10.371334467188408,3.121882189634257
1771058284702981531,4.179990731030879,-10.371121485462243,3.1246534647990654
1771058284802413267,4.168059026715063,-10.370901590512897,3.122147118342285
1771058284902451070,4.158342136272235,-10.370691347791233,3.1184063596401033
1771058285002498091,4.146657687490416,-10.370417246661063,3.1186140497104993
1771058285102498284,4.135037412342089,-10.37014884802445,3.117718432411505
1771058285202501401,4.125638668028166,-10.369940276143506,3.1201333001685825
1771058285302418165,4.114286159860453,-10.369730375281843,3.124772171063725
1771058285402430861,4.104657201338217,-10.369575963093261,3.125377664803101
1771058285502419642,4.093174232829057,-10.369383290812603,3.124456122540349
1771058285602514003,4.0815807518888265,-10.369178407896037,3.1235547139063518
1771058285702510177,4.071906065568464,-10.368996765087903,3.1212557608369638
1771058285802513996,4.0604284269026545,-10.368751088467018,3.1189686154249343
1771058285902386727,4.048804517836583,-10.36848599527654,3.1180604776764813
1771058286002514661,4.036945628590109,-10.368208568002146,3.1176128341770006
1771058286102364057,4.027357180024563,-10.367974446974447,3.1167408769368485
1771058286202485389,4.015895017407811,-10.367699037455175,3.119091454532776
1771058286302426038,4.004461082680803,-10.367462055539281,3.12175341683579
1771058286402392966,3.9950262910394754,-10.367285673002584,3.1237994640614173
1771058286502426512,3.983530192573146,-10.367097235201005,3.1266247048760025
1771058286602381598,3.973936372645958,-10.366958642326086,3.126618331954224
1771058286702474646,3.9620541337260953,-10.366752765940515,3.121858741009878
1771058286802426997,3.950358456427431,-10.36649653246079,3.1190990012048165
1771058286902262156,3.940746786449208,-10.366284651616397,3.120265786072962
1771058287002433593,3.9290172528438836,-10.366038071370838,3.121078736646826
1771058287102288138,3.9174282487450993,-10.365810157674645,3.1220222482100546
1771058287202533064,3.9060566403035555,-10.365604200494541,3.124416527852718
1771058287302504541,3.8966204719140283,-10.365426983675466,3.1220905762619546
1771058287402436183,3.885177302828379,-10.365191693206377,3.1210117746127772
1771058287502474426,3.875635155836539,-10.364999053738387,3.1224151307642907
1771058287602412951,3.8638905935834345,-10.364769875221405,3.121864053540186
1771058287702469670,3.8520627610073586,-10.364523392196777,3.1195029404113894
1771058287802415578,3.8422018181272635,-10.364083422167136,3.1175907817370643
1771058287902476154,3.8304428987665293,-10.35923594079079,3.1199458856810933
1771058288002479732,3.818851259281611,-10.3544818912334,3.122328458653636
1771058288102434267,3.8094535081139447,-10.354309611137781,3.1255966953488903
1771058288202487319,3.7980769425249603,-10.354150061303606,3.1302479162361796
1771058288302485797,3.7865130571857177,-10.354026433297731,3.13124824412272
1771058288402436795,3.776907762637174,-10.35392943360486,3.131612637383642
1771058288502505275,3.765267690534711,-10.353813947688527,3.1307430130079155
1771058288602506138,3.7536619795242587,-10.353663468099866,3.1270419369176334
1771058288702492733,3.7439762122234392,-10.353517845710725,3.1274561579408826
1771058288802533171,3.7322227578090517,-10.353366028168407,3.13028194643699
1771058288902478759,3.7207745768034433,-10.353246330317704,3.131886085933252
1771058289002356248,3.7111820078197977,-10.353148620152412,3.1309611378219673
1771058289102436460,3.700041535436392,-10.353045256639492,3.1334969915096216
1771058289202501975,3.688578305658066,-10.352956273593508,3.134436382661657
1771058289302508768,3.677190126720442,-10.352871032430658,3.135304169206384
1771058289402436161,3.6677512160258816,-10.352814160685854,3.1364395113015857
1771058289502422316,3.6559851813235595,-10.35274987197783,3.13627244167179
1771058289602544949,3.644151101368822,-10.35265961580039,3.131590764767497
1771058289702464307,3.634375103270544,-10.352550746669687,3.129138714681489
1771058289802412158,3.622741623683021,-10.352408935056648,3.1294438902982074
1771058289902449400,3.613259503548158,-10.352298548042045,3.1308660035955453
1771058290002500387,3.601801113366631,-10.352183927191074,3.1335935278622298
1771058290102381773,3.59028193848427,-10.35211365214448,3.1370662502639246
1771058290202652776,3.5807808727669515,-10.352067360547045,3.1358943980383915
1771058290302502272,3.5691982771400004,-10.351990205600535,3.133943048028953
1771058290402472726,3.5575514073408923,-10.351911470199644,3.135083571238712
1771058290502407523,3.5479518213353933,-10.351851076961148,3.1350511849884706
1771058290602501321,3.5362846739362626,-10.351781469867339,3.1363402355821988
1771058290702509046,3.5244039258147715,-10.351723140114691,3.1364951125009894
1771058290802535566,3.5146732302092105,-10.351672536790224,3.1353827475357687
1771058290902447460,3.503181712673105,-10.351606655573237,3.1356955541665346
1771058291002469402,3.4918451373837684,-10.351560075747862,3.1385776888297845
1771058291102408667,3.482337680707593,-10.3515515195301,3.1415762492740122
1771058291202519326,3.470736130092406,-10.351543688387347,-3.1415617212058935
1771058291302370584,3.458937622082831,-10.351544839326033,3.1415255154828357
1771058291402421782,3.4486319106405388,-10.351304184096758,3.1380630553085664
1771058291502412213,3.421884780433173,-10.346426226060888,3.1346971667991896
1771058291602408356,3.3960599125626683,-10.341732422125247,3.1342356231649275
1771058291702779209,3.3867190549480997,-10.341678153375643,3.13736372672029
1771058291802434957,3.3750406243088698,-10.34162726213382,3.1375104487342935
1771058291902396133,3.36344041250193,-10.34158208482695,3.1386379954012598
1771058292002504969,3.353894544066952,-10.34156680545286,3.141567469943378
1771058292102363261,3.342500273310068,-10.341561881893181,3.140615321856174
1771058292202502254,3.331301833980319,-10.341550854381243,3.140910710501319
1771058292302519556,3.31973487582332,-10.341561431614377,-3.13932727769276
1771058292402385512,3.310626167867645,-10.34156537444564,3.1410952528033733
1771058292502458740,3.298818987234455,-10.3415357580356,3.137457917608181
1771058292602405489,3.286937076241472,-10.341484115543473,3.1375571246646285
1771058292702495570,3.277354137310315,-10.341441798867017,3.136143732065549
1771058292802527751,3.2658594563717855,-10.341381572507196,3.1364307036390238
1771058292902424545,3.2543972504055807,-10.341351357086658,3.1407647734250586
1771058293002502552,3.24481860734128,-10.341346061143103,3.1414178021934274
1771058293102424774,3.2332328215766832,-10.341331403906533,3.1398026355338278
1771058293202500217,3.221576618043045,-10.341307273736227,3.1392130774949214
1771058293302556232,3.2119128933969705,-10.341274167202773,3.136342260816709
1771058293402452235,3.2001881588065095,-10.34119953654874,3.134085651208904
1771058293502497600,3.188351700763251,-10.341103345800917,3.132810815705944
1771058293602497089,3.178524776723009,-10.341024659542075,3.1335318333208355
1771058293702502588,3.166944364658973,-10.340923334117594,3.1324074598202842
1771058293802507497,3.155554717913224,-10.340815167450433,3.132468725560948
1771058293902467952,3.146243863675842,-10.340739734723353,3.1336666018383914
1771058294002499160,3.134801336601381,-10.34065559398942,3.1349413028953608
1771058294102323286,3.125355220896542,-10.34059811327829,3.1356793825425577
1771058294202431190,3.1135503346386564,-10.340539936909543,3.136896192215987
1771058294302324727,3.101622308063292,-10.340466754920303,3.13382013764517
1771058294402474961,3.0919584118892534,-10.340372096065451,3.1301476497658407
1771058294502317322,3.080172962204667,-10.340230779656288,3.1299983136318006
1771058294602369069,3.0686080183185416,-10.340113233634238,3.1318819588841107
1771058294702409314,3.0591042672972595,-10.340031517455738,3.133934536294584
1771058294802418771,3.0477680929990276,-10.339967714098684,3.137632166349739
1771058294902399794,3.036412348499546,-10.339908328463519,3.1357033318399976
1771058295002490315,3.0261279792020233,-10.339364417822587,3.1342326132687193
1771058295102479774,2.9995785110107773,-10.329273349410007,3.1336611611674368
1771058295202496304,2.9736832593298135,-10.319649101582598,3.133016682161051
1771058295302377498,2.9620885202468683,-10.319540425547423,3.131278115979508
1771058295402447860,2.9522761387795557,-10.31942989876645,3.129517623033408
1771058295502413514,2.9403945249270085,-10.319280379921867,3.1281974788635925
1771058295602364099,2.9288777006945024,-10.319115654503953,3.126911001747165
1771058295702473385,2.919741613943912,-10.318980664520453,3.128057947738265
1771058295802476630,2.9084992606211593,-10.318848103048584,3.1315894766523504
1771058295902407648,2.8969609246145462,-10.318747495332453,3.133663985395299
1771058296002594121,2.887588002723168,-10.318677620497745,3.134285425820014
1771058296102402917,2.8759648604976427,-10.318596562206892,3.1339229433076308
1771058296202493517,2.8647580917136577,-10.318487356110069,3.129728696736135
1771058296302487284,2.85338853006509,-10.318333380439935,3.1278905836392887
1771058296402483605,2.843674580544265,-10.318214012063383,3.130453533462138
1771058296502485939,2.832152711464258,-10.318093236538925,3.131609330592658
1771058296602344920,2.8207784690750537,-10.317985217630927,3.1317831357744828
1771058296702292599,2.80936803345512,-10.317887796659527,3.133295527125147
1771058296802325480,2.800109943833878,-10.317817380578738,3.133731143367116
1771058296902349334,2.788786229849232,-10.317722050704141,3.1330357656189216
1771058297002481293,2.777203438188017,-10.317641073480843,3.135662980910342
1771058297102410687,2.767464079988263,-10.3175825268663,3.1353146611449287
1771058297202388694,2.75598216402179,-10.317493110806865,3.131131424572469
1771058297302318008,2.7441490672110045,-10.317360733655114,3.12885564273673
1771058297402484291,2.732286629851423,-10.317205395118908,3.127870433818336
1771058297502475273,2.723011412671025,-10.31708644469407,3.1292035357564236
1771058297602435125,2.7116253757779525,-10.316965770502655,3.133141963872988
1771058297702302963,2.7000716077004427,-10.316891973499274,3.136585463948141
1771058297802431675,2.69055202657881,-10.31684577007865,3.136104037355037
1771058297902408740,2.6789507881773527,-10.31678081033684,3.1349988029769715
1771058298002500221,2.6694324243739156,-10.316718049323894,3.1343557470913717
1771058298102469601,2.6577286341154176,-10.316634801103184,3.134112160200436
1771058298202380761,2.6459733544125896,-10.316548317310211,3.134440517343815
1771058298302473865,2.6362535458451513,-10.316483451309946,3.135109852200277
1771058298402436723,2.6244307906785016,-10.316404151151087,3.13394143826979
1771058298502416312,2.612863216329075,-10.316316816971348,3.1334526215932694
1771058298602423564,2.6033461040607184,-10.316013167442454,3.13541727279653
1771058298702342859,2.5919177083979914,-10.310955590891556,3.1369968098675676
1771058298802410134,2.5806215374130663,-10.306142434913085,3.137777186929789
1771058298902447513,2.5712133642911095,-10.306105417517035,3.1375951226673675
1771058299002415871,2.5592998548139114,-10.306044034929444,3.1351833434900866
1771058299102386313,2.5477407488550443,-10.305943912933301,3.1301367860711142
1771058299202542677,2.5358889462309806,-10.305791242171146,3.1275020239232005
1771058299302409132,2.5262520497565184,-10.305665605057662,3.129557242379753
1771058299402404020,2.5149693894057674,-10.305527596562076,3.1296156644147772
1771058299502369893,2.503564055470432,-10.305404105903868,3.1319673128121077
1771058299602410207,2.4942045752593702,-10.305316308299208,3.1321756142343737
1771058299702408181,2.4830655709920113,-10.3052111838238,3.1311156937207114
1771058299802413218,2.4714488121591924,-10.305096015289234,3.131806889439369
1771058299902428695,2.4618475840888925,-10.305011135287934,3.1329630253191936
1771058300002410428,2.4503891999684444,-10.304915272499716,3.1329414089787413
1771058300102417659,2.438940144902452,-10.304795326837514,3.1299145952053427
1771058300202368253,2.4273288023204835,-10.304656985008634,3.1297885592351484
1771058300302408126,2.416140355320063,-10.30451606310405,3.127542001000726
1771058300402390209,2.4068286340318146,-10.304384283276594,3.1274243840675795
1771058300502376311,2.395492452260449,-10.304244937565151,3.131520823463536
1771058300602409150,2.3840132221387473,-10.304144298961976,3.1335927935352
1771058300702407424,2.374277383718668,-10.30405438285458,3.132138288561686
1771058300802412251,2.362654474878326,-10.303942187399691,3.1317273414575126
1771058300902411457,2.351003736529657,-10.303810256698775,3.1281868347967183
1771058301002377059,2.3413032816388846,-10.30366291461986,3.1245848433640924
1771058301102402845,2.3296051210115825,-10.303464551727831,3.1240189266973766
1771058301202360512,2.3178152206377565,-10.303271815002542,3.1258414412178466
1771058301303084461,2.3081534085443303,-10.303124324295798,3.126470462158208
1771058301402386746,2.296571420229649,-10.302953624217757,3.1271539248268985
1771058301502410017,2.2853584103241613,-10.302806405641913,3.1288036203754137
1771058301602413020,2.275918590345899,-10.30268830385694,3.1290188858003276
1771058301702373803,2.264418614239562,-10.302558873723306,3.1305582207310847
1771058301802408856,2.252725494326839,-10.302446472751235,3.1326054430443553
1771058301902394065,2.2428924391889207,-10.302355758285241,3.1311700295092213
1771058302002405103,2.231034789689631,-10.30220726658791,3.127568764234063
1771058302102426390,2.2214349877956177,-10.302065445802,3.1268475267777727
1771058302202483616,2.209838416220236,-10.301940534146201,3.1281391549026334
1771058302302466961,2.203750912543607,-10.302542627614594,3.1355137923589593
1771058302402362079,2.197147800727167,-10.302818453210511,-3.138208918221558
1771058302502308705,2.187590102673123,-10.30286268873074,-3.1368629102240213
1771058302602429551,2.1760698804444703,-10.302907837155134,-3.1384036163415683
1771058302702436220,2.1645824763469412,-10.302934961082633,-3.1395706722563625
1771058302802461415,2.154901741681411,-10.30295396136462,-3.140132190280486
1771058302902424862,2.143180202201252,-10.30296693457411,-3.1410370817709423
1771058303002522564,2.1315826161933353,-10.302970794589099,-3.141148775563099
1771058303102483006,2.121803688206279,-10.302979092759676,-3.1409852317673583
1771058303202496067,2.1102680698438707,-10.30297368271926,3.140291983786606
1771058303302419088,2.0991064350747717,-10.302967956714996,-3.141217136894288
1771058303402454972,2.0880567940951336,-10.30299251109045,-3.1386298020514323
1771058303502321286,2.0790869444352875,-10.30302761571687,-3.1369725480346804
1771058303602515470,2.067636409359446,-10.303088102632966,-3.1359682495434167
1771058303702504626,2.0561011649499004,-10.303159091945178,-3.1353741452290196
1771058303802495325,2.0442708892582355,-10.303208084990006,-3.1390712190400554
1771058303902473210,2.0351322442306663,-10.303210931025406,3.1410156027094276
1771058304002497372,2.0234434466959526,-10.30320335402652,-3.141254345554159
1771058304102410323,2.012021442947293,-10.303214972738582,-3.139283723077677
1771058304202510590,2.0008775981981035,-10.303251230690394,-3.1377901535489197
1771058304302467003,1.9913298823312813,-10.303297511615908,-3.1357535256187345
1771058304402336502,1.9798894857172424,-10.303371418947853,-3.1351176320093956
1771058304502413254,1.9688521148146685,-10.30343297593616,-3.1367969581371997
1771058304602496979,1.9571977088599901,-10.303493862641451,-3.135560510841639
1771058304702462740,1.9474869929191851,-10.303558933074134,-3.134720171056557
1771058304802416238,1.9359314182395726,-10.303628773919888,-3.137187988899183
1771058304902345320,1.9244172702439153,-10.303663808792225,-3.1402997511140485
1771058305002372187,1.91258264962384,-10.303678414845313,-3.1410378064351656
1771058305102487612,1.903267223261376,-10.303687219691662,-3.140594536999295
1771058305202469884,1.8920798567156734,-10.30371848363804,-3.1367108915237534
1771058305302497342,1.8806697611027152,-10.303801691960265,-3.1328727588895315
1771058305402321736,1.8710617753132808,-10.303894007862295,-3.1317481536842786
1771058305502486093,1.8594592325016683,-10.3040078805569,-3.132664013604593
1771058305602520514,1.8477660419736668,-10.304112000061524,-3.13380357112771
1771058305702376497,1.8381198973689474,-10.30418399111243,-3.1350608105264555
1771058305802448900,1.826214975572574,-10.304010712031609,-3.137488336713925
1771058305902424741,1.8094600604292135,-10.299059580088704,-3.1359083438806494
1771058306002424436,1.7948364496559759,-10.294366308709629,-3.1344209795509057
1771058306102605846,1.7834893732107415,-10.294442252721383,-3.135966674780399
1771058306202373842,1.7721640658382491,-10.29451749162517,-3.1345847366676
1771058306302494646,1.7627391149337968,-10.294593941665552,-3.133013320466251
1771058306402370958,1.7512947391362992,-10.294687634886722,-3.1333522882538785
1771058306502309757,1.7398292103880368,-10.294793669973862,-3.1317478512586927
1771058306602478402,1.7301363492089374,-10.294887611895616,-3.1322087704339494
1771058306702423033,1.718264518232534,-10.294975180821043,-3.1367070337686087
1771058306802449669,1.7064537261254442,-10.295020263897362,-3.1390398597895497
1771058306902371737,1.6968749174776254,-10.29505082645577,-3.1382583586445456
1771058307002502571,1.6856651512585423,-10.295089433117731,-3.1376282204737307
1771058307102604299,1.6743481941860996,-10.29516249035638,-3.132877535449302
1771058307202346246,1.663299250956108,-10.29528159827005,-3.1292182567022913
1771058307302647392,1.6519249788685622,-10.295417181863419,-3.130416467710994
1771058307402409115,1.6428449490614014,-10.29551136972801,-3.1319288943431087
1771058307502367903,1.6314134801392923,-10.295625541346643,-3.1312918022806135
1771058307602510118,1.6201833505998102,-10.29573255455699,-3.13279795480231
1771058307702406517,1.608616180025139,-10.295818694099585,-3.13410534419589
1771058307802495831,1.5988084681418733,-10.295885961720442,-3.1346518077908794
1771058307902409573,1.5872467990751347,-10.295962799193108,-3.134754558963646
1771058308002384641,1.57577599813767,-10.29603717640135,-3.135646632414164
1771058308102418651,1.5646922791941116,-10.296121358219727,-3.132787425217046
1771058308202392837,1.5553856663601133,-10.296225326266095,-3.129223708040132
1771058308302411638,1.5438761478016227,-10.296363996157913,-3.129415249058028
1771058308402391054,1.5320966725944911,-10.296501237542936,-3.1301150636552837
1771058308502322138,1.522448263293972,-10.29660410021379,-3.1315500727487002
1771058308602472138,1.5106973980177567,-10.29669730747388,-3.135987119746622
1771058308702380660,1.4992136955527469,-10.296751053906215,-3.1377516045261578
1771058308802388810,1.4894413128412733,-10.29680089164331,-3.135522540745617
1771058308902467845,1.4779541160334106,-10.296890523067612,-3.1329954889699274
1771058309002426822,1.4664346217312612,-10.29699206549275,-3.131760013031478
1771058309102389567,1.4569155139050747,-10.297093733110101,-3.1296753870467557
1771058309202369544,1.4455410440573713,-10.297222105450816,-3.130936176425672
1771058309302385208,1.4339054679937282,-10.297357113082258,-3.1295640304501053
1771058309402755404,1.4248220960304685,-10.297217675999995,-3.127639424849653
1771058309502402280,1.4232861919612467,-10.292251719139873,-3.1297791991149846
1771058309602431220,1.421009644870415,-10.287401731803957,-3.1347257107403563
1771058309702488102,1.4112742048715876,-10.287460709066156,-3.1358736895209436
1771058309802387066,1.3998358815230891,-10.28752682328011,-3.136410622581576
1771058309902380689,1.3884370403800592,-10.287600553980532,-3.1342883027937036
1771058310002285473,1.3791250714185022,-10.28768644174485,-3.1308455416573007
1771058310102287261,1.3675991402392105,-10.287834284987031,-3.126945294737878
1771058310202383698,1.355903357164826,-10.287999053084828,-3.1277527486399204
1771058310302303370,1.3463834571630724,-10.288123238764193,-3.128903454102676
1771058310402391252,1.3348085066535265,-10.28827185471335,-3.1281270117387847
1771058310502389192,1.3231300783506594,-10.2884134032805,-3.1304620272589463
1771058310602385730,1.3117173956989323,-10.288541334730965,-3.1308819394457315
1771058310702383350,1.3019177177871766,-10.288656914801184,-3.1293402004856796
1771058310802398093,1.2900898309957711,-10.288799811735291,-3.1298287992389717
1771058310902381526,1.2786199707090316,-10.288938493058286,-3.129136481303983
1771058311002384767,1.2694269326833039,-10.289068372010252,-3.125900074113321
1771058311102381825,1.258403532868322,-10.289253904085598,-3.1237428612935365
1771058311202397529,1.2470159761781214,-10.289468453747205,-3.1225977410337125
1771058311302384409,1.2352539745405602,-10.289699751514473,-3.12184100789218
1771058311402378842,1.2255349278905048,-10.289869329228267,-3.1259336882314352
1771058311502430575,1.2137951533188198,-10.290024860810973,-3.129666766016894
1771058311602388088,1.204162202361249,-10.290133057087687,-3.129835559152336
1771058311702384205,1.192551200472303,-10.290287421321622,-3.1270990546227235
1771058311802399298,1.1814422300686174,-10.290463701857384,-3.125365530859799
1771058311902383893,1.1700618312856161,-10.290673032010243,-3.1217604973175366
1771058312002385300,1.1604429788224901,-10.290871080746463,-3.1209911073212933
1771058312102455637,1.1490576486682251,-10.291095992267156,-3.1228406899031143
1771058312202463837,1.137451554631116,-10.291303526045489,-3.1236807258284713
1771058312302311943,1.127849012330185,-10.291480938091865,-3.1228995793692054
1771058312402412848,1.1162761785246331,-10.291693840604966,-3.1236623898714546
1771058312502418753,1.1045082083986355,-10.291895819013838,-3.1249637063631543
1771058312602351600,1.0946738812148775,-10.292058160110837,-3.1256190004786384
1771058312702469788,1.0833117471291709,-10.292243944838006,-3.1254093364102755
1771058312802548692,1.0722589952566868,-10.292430205700967,-3.123730282634401
1771058312902479855,1.0611198932314354,-10.292665650303505,-3.117971096311171
1771058313002474790,1.0494650432915642,-10.293934890486117,-3.1177998666450777
1771058313102475705,1.0288541740996373,-10.296986451696613,3.1170576201901223
1771058313202294095,1.0095235204502813,-10.26310699802307,3.0717850005882146
1771058313302452228,0.9980676806703399,-10.262287503841577,3.068575769573394
1771058313402486216,0.9866597764933651,-10.261425451019214,3.064903761990655
1771058313502471812,0.9753083184197027,-10.260565192664718,3.0667798853843498
1771058313602436269,0.9660966661734052,-10.25988682348681,3.0686142308454496
1771058313702468724,0.9549315764367949,-10.259071638953692,3.068005436430291
1771058313802422059,0.9439802357547946,-10.258279232941195,3.070506634739193
1771058313902373641,0.9330078980171761,-10.25750178548008,3.0708323460704428
1771058314002501056,0.9218507830625802,-10.256704248175126,3.070666605485304
1771058314102500679,0.9126156630638884,-10.256052212341757,3.0722890460172927
1771058314202319700,0.9005621559201247,-10.255216036705054,3.0727235494078142
1771058314302315024,0.88908983725395,-10.254404951617808,3.0687051224282076
1771058314402356656,0.879360571189761,-10.253676409004495,3.0651975160298637
1771058314502338626,0.8678971976713279,-10.252778368636992,3.0611588035731185
1771058314602483634,0.8563110850444899,-10.251805894835151,3.0544725255710152
1771058314702288988,0.8452349706994884,-10.25081102382509,3.050049367263684
1771058314802325301,0.8358184174832424,-10.249914007139644,3.0426115793703716
1771058314902433289,0.8245304123282318,-10.248743211251831,3.0335389310531338
1771058315002431439,0.8133261937158731,-10.247471702381047,3.023132535843646
1771058315102830798,0.8021227637727502,-10.246058357211567,3.0102680464146285
1771058315202538778,0.7925359417437767,-10.244737378574222,2.9986311472114937
1771058315302330697,0.7809002708609061,-10.242990213330081,2.985446493151311
1771058315402424318,0.7694351310028251,-10.24113053373999,2.976061580603609
1771058315502471510,0.7581365157091393,-10.239200707494927,2.9686127056960125
1771058315602505498,0.7491826763444722,-10.237595252677242,2.959788407984668
1771058315702419708,0.7383176039915749,-10.235553475546627,2.9503419778659232
1771058315802310705,0.727375427718195,-10.233376791749123,2.9395290390559983
1771058315902408884,0.7161518560061078,-10.231014157722871,2.9289973050304208
1771058316002434175,0.7066949380376024,-10.228915700797533,2.9184356788983328
1771058316102457152,0.6949872498950898,-10.226190609351047,2.9074805608963135
1771058316202533419,0.6835770742896328,-10.223402083913795,2.896046152296185
1771058316302423153,0.672724919752941,-10.220621565859496,2.8856089490186387
1771058316402458222,0.6635113251349183,-10.218164769968261,2.876348444037973
1771058316502414612,0.6525111241421397,-10.215118711550964,2.8662084840215156
1771058316602500889,0.640037100216337,-10.222043570456659,2.8523977414559463
1771058316702473500,0.6175257544400568,-10.293723425040607,2.720098599773348
1771058316802452242,0.6615625044088347,-10.120571391838741,2.5923144196562946
1771058316902460020,0.6516380293268114,-10.114388871393228,2.57829196356559
1771058317002494137,0.6419395077083401,-10.108168611917858,2.56533004120986
1771058317102505712,0.6337664303800219,-10.102788477691856,2.5535474220307184
1771058317202388963,0.624174661858917,-10.096337231161623,2.5449224943438837
1771058317302432208,0.614774751446749,-10.08989749805024,2.5371762712084234
1771058317402364382,0.60682085227762,-10.084359654047665,2.529328243742859
1771058317502532423,0.5975766807560134,-10.077813054025727,2.5204567749534537
1771058317602536443,0.5883197853817279,-10.071100067692852,2.5086182562721495
1771058317702418743,0.5804864715360063,-10.065289572022078,2.497306876605743
1771058317802503085,0.5712932494615259,-10.058304477560139,2.485379537022516
1771058317902289463,0.5620182735653394,-10.051085539186346,2.4747771173699236
1771058318002283113,0.5544315892864384,-10.045061710476082,2.4652625591159976
1771058318102467305,0.5452731970124782,-10.03764306712741,2.455379835903803
1771058318202448090,0.5365184914276648,-10.030402502839767,2.4459343347992606
1771058318302415000,0.5294139727854326,-10.024406578998512,2.4361725829147356
1771058318402432045,0.5210568154478157,-10.017226074290534,2.426597255421717
1771058318502428841,0.5126797279622801,-10.009880966320612,2.4155760327422304
1771058318602498165,0.5042916091458958,-10.002371804314418,2.4058972383541763
1771058318702311543,0.49557529147783086,-9.994382728469127,2.3937374453771834
1771058318802305183,0.48711379227295737,-9.986420413507581,2.3805188185869577
1771058318902358537,0.4803815967562928,-9.979950274949493,2.3708556837212105
1771058319002420597,0.472099349923389,-9.971841342101573,2.3619186161852683
1771058319102494519,0.4639799728420506,-9.963747907988276,2.3537738756553606
1771058319202397056,0.45713482434278774,-9.956802351136062,2.3450865972461226
1771058319302489513,0.44904036333302955,-9.948459904887867,2.336462367584435
1771058319402493613,0.44244274236433423,-9.941520041408266,2.3254154069611332
1771058319502268038,0.4344802049716865,-9.932960960728447,2.3144743379877575
1771058319602479190,0.42668876627879637,-9.924355334839756,2.300514999814091
1771058319702843402,0.4202565657166124,-9.917072961803436,2.288309412599008
1771058319802450139,0.4126953341365551,-9.9083122520343,2.2768497845962683
1771058319902452605,0.4053922435806081,-9.899674413928603,2.267601712451643
1771058320002409826,0.39791406014592745,-9.890671809316276,2.2602799497247896
1771058320102450455,0.390945948448711,-9.882137408883453,2.2512637632372923
1771058320202509489,0.38263849477099043,-9.88163928972029,2.245594855254621
1771058320302351321,0.3471607082013355,-9.955555130813186,2.3265193492614404
1771058320402473033,0.3561015463052586,-9.891560616985931,2.4051191766915885
1771058320502288796,0.34880756576399197,-9.884881354882431,2.39543457337792
1771058320602499898,0.3400406814962067,-9.87670263225412,2.3866816744810113
1771058320702449704,0.3315164626469347,-9.868653223163925,2.3834935239794026
1771058320802562109,0.32456319055229077,-9.86206186378432,2.3815712734338663
1771058320902476318,0.3162998614453749,-9.85422161621755,2.3830474867674223
1771058321002483704,0.30807120114880604,-9.846439287500093,2.3844415384323225
1771058321102496440,0.30100362559672433,-9.839768915487372,2.3856947162824653
1771058321202425346,0.29268900263285325,-9.831936091666098,2.386854365728199
1771058321302293488,0.2846200091500797,-9.824343043048948,2.386305453637376
1771058321402319879,0.27617363017207097,-9.816365595098961,2.38271998715966
1771058321502331994,0.26928807013258815,-9.809812259338536,2.379476674544069
1771058321602559376,0.2608311531775689,-9.80173739157507,2.3792966327343414
1771058321702318381,0.2526267263053148,-9.793907734191691,2.3802243306019464
1771058321802532348,0.2444635357240914,-9.78614590290972,2.3827550336737895
1771058321902419435,0.23789112115809896,-9.779920525048407,2.3840203160317492
1771058322002432972,0.2300557342834031,-9.77251391282979,2.384092332904048
1771058322102344756,0.22176271725211727,-9.764670549666757,2.3833555013361005
1771058322202314400,0.21337447988457559,-9.756727562066143,2.383071537936551
1771058322302348406,0.20638270449304308,-9.7500954684045,2.3818729285355147
1771058322402374246,0.1979778931196705,-9.742101198114678,2.38055315098408
1771058322502311869,0.18974142355694124,-9.734250307414186,2.3799663951928784
1771058322602500871,0.18142111600288668,-9.72630886040233,2.378934650430698
1771058322702325136,0.17450303692572433,-9.719694306475581,2.37792941812766
1771058322802489596,0.16607484304554632,-9.711652916111198,2.380910690556185
1771058322902376930,0.1575887320188123,-9.703607352214547,2.3838794626477204
1771058323002315308,0.15091132015265352,-9.697298884686361,2.38562279935076
1771058323102325009,0.1427020698346908,-9.689560173111236,2.3857353132817454
1771058323202456575,0.13461880036519958,-9.681925982315068,2.3837161111451173
1771058323302328009,0.12621553301045818,-9.67394264596376,2.380062964012466
1771058323402374671,0.11908405806400779,-9.667146008602096,2.380385032920809
1771058323502316180,0.11062302667544621,-9.65913272471117,2.3870175411024275
1771058323602342032,0.10221140064352863,-9.651303052150123,2.3978183927182486
1771058323702459641,0.09406709781186606,-9.643892437933346,2.408331002845119
1771058323802373837,0.08641843315539344,-9.663019849629057,2.4263635456104695
1771058323902450367,0.11416448420561043,-9.940007408593672,2.6191124291309924
1771058324002456180,0.16851331900874733,-9.686756881144104,2.8028541045260695
1771058324102338279,0.15738010670899327,-9.68290641758462,2.813891829242375
1771058324202512431,0.14871996003822874,-9.680005706550538,2.8222312575474757
1771058324302375913,0.13785489429335684,-9.676455571184976,2.83005244070007
1771058324402417770,0.12703059173120357,-9.673008149657614,2.8368276243585857
1771058324502486248,0.11558347813233572,-9.66947250046964,2.847076683951397
1771058324602273964,0.10661850139960927,-9.666814406579364,2.8597618902830924
1771058324702507100,0.09547951542913258,-9.663652301664266,2.871751641603479
1771058324802415429,0.08478091244175379,-9.660752065525182,2.8830547559207576
1771058324902369215,0.07407562479475183,-9.657977369271281,2.8929703394516824
1771058325002391604,0.06335828851187308,-9.655321716187933,2.903910558262294
1771058325102339804,0.05382452908408175,-9.653052322140327,2.912727162079386
1771058325202391573,0.04257197882891117,-9.65047645414804,2.9214292041688794
1771058325302425168,0.03134225747398278,-9.648006819340933,2.92850541925813
1771058325402662345,0.0205215943532997,-9.645695275432074,2.934041454166322
1771058325502451448,0.00908197811301914,-9.643346144759787,2.943630296678077
1771058325602484381,-0.000462830647521395,-9.641488758109958,2.9552673692811298
1771058325702515320,-0.011975257712073972,-9.639391333442164,2.9679520590041752
1771058325802464222,-0.02325348110033243,-9.6374838597238,2.9793651898732056
1771058325902399166,-0.03229998733407968,-9.636041817481624,2.9884609057106486
1771058326002429063,-0.043367327939184186,-9.634384369814857,2.9979886440854133
1771058326102471458,-0.054469200949619045,-9.63282106009387,3.006874427414662
1771058326202398180,-0.06552893399154902,-9.631387800207476,3.017354687768093
1771058326302540218,-0.07672485663080164,-9.630044224354917,3.027290703495408
1771058326402534400,-0.088170942939642,-9.628781910009176,3.0352840489079655
1771058326502494777,-0.09748404169352076,-9.627823541921453,3.042375965071157
1771058326602471867,-0.10886578962871019,-9.626742229411926,3.052090441381007
1771058326702592583,-0.12028181175744268,-9.625782997204448,3.063594583463724
1771058326802374997,-0.13173931809911288,-9.624966907799722,3.0763754878664082
1771058326902477247,-0.1428152160419489,-9.624318847815124,3.088520839047595
1771058327002372879,-0.1524126627327569,-9.623845687614894,3.0967868000697094
1771058327102413455,-0.16384379271045724,-9.623375419036273,3.1046703895065226
1771058327202386891,-0.17500644944919852,-9.623011750316051,3.112842966763265
1771058327302403250,-0.18462510232560092,-9.622779315737363,3.1229549586306673
1771058327402387457,-0.19646160655340839,-9.623573364795067,3.130635645603276
1771058327502404888,-0.20669739555889888,-9.621828649594491,3.0910736150961964
1771058327602432909,-0.218767821740006,-9.58172088637783,3.0527513734327836
1771058327702470118,-0.22808903182069784,-9.580929017008042,3.061548102747913
1771058327802321779,-0.23932407300648564,-9.580084239599021,3.07222822300011
1771058327902371813,-0.2509528062295874,-9.579351427855016,3.0845127005649653
1771058328002482133,-0.2605089763528876,-9.578867280173306,3.0970226859267633
1771058328102306145,-0.272032401318814,-9.578412785503591,3.1077150042417547
1771058328202475563,-0.28322625648626953,-9.578082040987098,3.1167583106960937
1771058328302288774,-0.29453309324943344,-9.577843603985311,3.124343208981137
1771058328402297973,-0.3044833293052833,-9.577689326980416,3.1280658709254188
1771058328502487139,-0.316256021932551,-9.577533177498871,3.128921131712815
1771058328602356338,-0.327677613164699,-9.577386903752938,3.12828459037392
1771058328702484887,-0.33882459675631704,-9.57724545909258,3.129655157261504
1771058328802652391,-0.348074509895981,-9.577144649849743,3.1322796298826376
1771058328902417259,-0.35926627968784564,-9.577048863363313,3.133759163142992
1771058329002430395,-0.37069428231355284,-9.576961895641862,3.1344241239692097
1771058329102685031,-0.38229977183045794,-9.576886814457822,3.1349503025534076
1771058329202336313,-0.3916789433718306,-9.576824122422202,3.1335586226314827
1771058329302555361,-0.40294069229655083,-9.576722347367692,3.1310991272678157
1771058329402513996,-0.4144452722834373,-9.576598043606666,3.1306425040715116
1771058329502378199,-0.4261761593630422,-9.576462425591284,3.1293167390102727
1771058329602487625,-0.43582935592651273,-9.576338686466048,3.1285382179027352
1771058329702397677,-0.4472032541936488,-9.576189839698038,3.129075124310036
1771058329802548703,-0.45805051860983337,-9.576065723589977,3.131298172861638
1771058329902409289,-0.46916263645739553,-9.575952630499064,3.1316245091095447
1771058330002578330,-0.4802004997329772,-9.575851616034385,3.1337912043182534
1771058330102408892,-0.48946363757446365,-9.575788684271892,3.1352260289795812
1771058330202407889,-0.5009374492253791,-9.575706118572626,3.1334590671645435
1771058330302416024,-0.512710913557032,-9.575594442118941,3.130762370054012
1771058330402505946,-0.5245013700775241,-9.575462892410247,3.129848755641272
1771058330502430009,-0.5339367127025465,-9.575344655612604,3.1281061269901023
1771058330602407865,-0.5454274227150075,-9.575188182699627,3.1276455176430717
1771058330702304033,-0.5570792758447944,-9.57504370065785,3.1308221792123505
1771058330802532823,-0.5662300515128003,-9.574946111173418,3.1309252424528826
1771058330902405837,-0.5776613649422457,-9.57482599083501,3.1311013699603487
1771058331002478066,-0.589772802942753,-9.581446048438227,3.1264306569153875
1771058331102422441,-0.6036730745528753,-9.621035842202623,3.021265351641572
1771058331202517167,-0.5975758728951264,-9.491916694005662,2.921592363903147
1771058331302517500,-0.609267645674461,-9.489296583880254,2.9208019636332763
1771058331402428962,-0.6187561764649652,-9.487162797032632,2.9196566042742975
1771058331502430969,-0.6299897202526896,-9.484620027705137,2.918209892278964
1771058331602454867,-0.6410146601462263,-9.482126322935581,2.9200177733974813
1771058331702473386,-0.6518811037643939,-9.479690540125624,2.921287790803354
1771058331802487406,-0.6607890105481848,-9.477700935891825,2.9220914318022615
1771058331902542024,-0.6721190971168198,-9.475175378781827,2.923550024217374
1771058332002528952,-0.6831528160449225,-9.472732595770704,2.9245014101252806
1771058332102355644,-0.6947072971172532,-9.470162801679418,2.921841764797616
1771058332202386410,-0.7038896647442723,-9.46809377609161,2.9191396429929055
1771058332302414902,-0.7151136724389757,-9.465554888533656,2.918820617785704
1771058332402407334,-0.7264536621647797,-9.462982848619625,2.9176829908647886
1771058332502379026,-0.735937848431345,-9.46082510552164,2.9180638214737753
1771058332602358463,-0.7469420404109415,-9.45833567096286,2.9208728836900955
1771058332702479363,-0.7581930905114711,-9.455806706946568,2.920780655245635
1771058332802562680,-0.7688557767172202,-9.453399555408986,2.9190471116005225
1771058332902301763,-0.7777912844069337,-9.451378343508527,2.918651773255793
1771058333002408716,-0.7888504147209168,-9.448862654702307,2.916783727821974
1771058333102400671,-0.8004664891877238,-9.446191114421143,2.9142009198722003
1771058333202292543,-0.8120791963226588,-9.443493986606654,2.913134042302605
1771058333302284909,-0.821115902436174,-9.441389015878705,2.912199837954752
1771058333402299738,-0.8320583008971236,-9.438831100004148,2.9113241869981406
1771058333502484175,-0.8431390931563354,-9.436245495719692,2.913340255193798
1771058333602385525,-0.8542231506317193,-9.433689361134437,2.915667871576651
1771058333702330099,-0.8631029130180967,-9.431651495762456,2.916224903691194
1771058333802475540,-0.8742651699429893,-9.429092814286697,2.916749681482569
1771058333902430463,-0.8855835934398875,-9.426505559438091,2.917297126971034
1771058334002485039,-0.8965898628671884,-9.423963161668109,2.9120618535811182
1771058334102418485,-0.9061167220720683,-9.4216856144639,2.902370731791094
1771058334202383512,-0.9173865056772335,-9.418888405494457,2.892967627260389
1771058334302498068,-0.9287583482327277,-9.415944082058488,2.884234742344437
1771058334402484967,-0.9379488859600138,-9.413498462542933,2.877656228853965
1771058334502330534,-0.9488715493663018,-9.410503958396323,2.869455112235629
1771058334602502730,-0.9653754482857608,-9.422056866158233,2.854419362327053
1771058334702489199,-1.041127168817079,-9.525630800111728,2.6914543421667227
1771058334802462411,-0.9674732650378903,-9.29015241367257,2.5366496545001325
1771058334902429873,-0.9753337229041321,-9.284662035393767,2.527130135181164
1771058335002489022,-0.9849514033320457,-9.27780274025199,2.5170008364348333
1771058335102490072,-0.9942381468261203,-9.271029884126163,2.506637281278355
1771058335202446036,-1.0034206073476284,-9.264174897251163,2.4951470761831844
1771058335302555956,-1.010899854807164,-9.258485459257166,2.486794172877799
1771058335402381819,-1.0197139112406788,-9.25165921749949,2.477604781714347
1771058335502352571,-1.028500834249284,-9.244727194246702,2.4692242964272393
1771058335602401824,-1.0371816152597884,-9.237741499518116,2.459454046690147
1771058335702431339,-1.045814491426162,-9.23064645228637,2.4485523915035188
1771058335802534557,-1.0544752996610267,-9.223357237815243,2.436070820195456
1771058335902404184,-1.061903789394993,-9.216940040481711,2.4236557265106153
1771058336002479938,-1.070680537135809,-9.209191569655614,2.4130525214981073
1771058336102406208,-1.0792716600720915,-9.20145793646209,2.404433921360887
1771058336202398676,-1.086181335236061,-9.195146331236078,2.3980336429769964
1771058336302430620,-1.0945792846955307,-9.187350258189676,2.388570426943371
1771058336402397308,-1.1028670744878308,-9.179521320345572,2.379977042633337
1771058336502482555,-1.1109222992497436,-9.171753627638221,2.3692655818012343
1771058336602597038,-1.119058200891761,-9.163729236441092,2.3574503702370886
1771058336702445649,-1.1257686692318227,-9.156973477058106,2.347386053183816
1771058336802335519,-1.1339169140354972,-9.148588804803897,2.335987179051519
1771058336902272690,-1.1422174204125124,-9.139841391460214,2.325096035355629
1771058337002454944,-1.1488540966009086,-9.132704174690305,2.314618105292631
1771058337102435292,-1.1563010147407695,-9.124545240917719,2.3066728867453588
1771058337202299827,-1.1637779237817583,-9.116205413278458,2.2972594152011347
1771058337302292770,-1.1699167640078691,-9.109231384071093,2.288590700163926
1771058337402477753,-1.1773444798633417,-9.100646666215031,2.278644474184151
1771058337502479973,-1.1847761769690983,-9.091874551843764,2.2672419813297098
1771058337603043977,-1.1922250090292401,-9.082865915020335,2.2560130736238166
1771058337702301492,-1.1994457618886791,-9.073907693559478,2.243038931621927
1771058337802396972,-1.2053751650155267,-9.066377596020855,2.2322394604694797
1771058337902281676,-1.2123231977489883,-9.057366903745441,2.2221121940285995
1771058338002419178,-1.2192056428652442,-9.048258763605029,2.2138742711317114
1771058338102416543,-1.2249807783018092,-9.040503903177578,2.2079759076113787
1771058338202415511,-1.2316855857265523,-9.03163687210745,2.19726591689175
1771058338302286473,-1.2332764015246358,-9.032379441256687,2.1715939156274193
1771058338402489534,-1.231749657468697,-9.031778119436982,2.145607435027027
1771058338502464587,-1.2380014093196117,-9.022025043758205,2.1347067725789284
1771058338602477502,-1.244167765565777,-9.012111341473151,2.1214700734983634
1771058338702330218,-1.2491394988247908,-9.003924332342418,2.111698984974379
1771058338802401646,-1.2551775822560707,-8.99377828676782,2.103044451697933
1771058338902477483,-1.2609340620935914,-8.98390510770766,2.094933141047693
1771058339002485709,-1.2654642919928616,-8.97598544307353,2.0861239434637087
1771058339102477577,-1.271041250817838,-8.966017229646418,2.0754716036451737
1771058339202376487,-1.2766544367452415,-8.955740164479725,2.0666513352103637
1771058339302337686,-1.2811352366451487,-8.947349735537241,2.0564793418864538
1771058339402484944,-1.2865795206912676,-8.936915149322871,2.046502685037768
1771058339502478817,-1.2917505900459858,-8.926733242092102,2.034501242269146
1771058339602478981,-1.296831977875076,-8.916408480447632,2.022623074756594
1771058339702311092,-1.301817209949597,-8.905992099080983,2.011973834044723
1771058339802402492,-1.305731448666302,-8.897611021992308,2.0039296708405554
1771058339902477952,-1.3104427134516037,-8.88735127053651,1.9972927670376395
1771058340002485351,-1.3150527816899924,-8.877073619736219,1.9877099785692915
1771058340102296164,-1.319569540923732,-8.866721818922397,1.9776219411927833
1771058340202412236,-1.3240022657242303,-8.856237314065481,1.964670268476859
1771058340302281622,-1.3276548887284054,-8.847297641037457,1.9527533370939416
1771058340402275258,-1.3320217680697528,-8.836214210818461,1.9402083993169092
1771058340502477777,-1.3354952505026336,-8.827125542022277,1.9320161689299147
1771058340602475932,-1.3395237597742913,-8.816319522244449,1.922741868844808
1771058340702404332,-1.3434637047183617,-8.805452637542789,1.9151365701844567
1771058340802488252,-1.346614343463136,-8.796563743792916,1.9068785672688382
1771058340902299426,-1.350412875505942,-8.785520775763892,1.8960526577748402
1771058341002483700,-1.3540631250262098,-8.774519305375186,1.8859349551932432
1771058341102475827,-1.357511395287725,-8.763741890142178,1.8747782138814022
1771058341202407538,-1.3602695983018336,-8.754782022534794,1.8642780857850068
1771058341302286136,-1.3636809733009372,-8.743274364972066,1.852831714347974
1771058341402278844,-1.366946025259269,-8.73176839389889,1.8433012738346706
1771058341502416421,-1.3694809459537893,-8.722547683653623,1.8352945385593251
1771058341602411444,-1.372433858911366,-8.711475027601479,1.8270985977750913
1771058341702292267,-1.375265396722952,-8.700444520548817,1.8174505858334697
1771058341802475913,-1.377270424596034,-8.69129034610977,1.8056244022577754
1771058341902418184,-1.3749107634798676,-8.680035708591761,1.7965279930185485
1771058342002449747,-1.3727307265703175,-8.668479688138394,1.7844566458518438
1771058342102382133,-1.3747566524452886,-8.658922751730627,1.7746307508991432
1771058342202486881,-1.3770641739115526,-8.647484550153816,1.7642624861149991
1771058342302309325,-1.379163477135565,-8.636444183003785,1.753167309128353
1771058342402488977,-1.3811480466160262,-8.625423971569598,1.7451246374845746
1771058342502470388,-1.383086399794264,-8.614164712080166,1.7381179071058075
1771058342602476987,-1.3845727555154195,-8.60515386334886,1.730716876921343
1771058342702459229,-1.386329356539786,-8.593894091661541,1.7201762196450834
1771058342802494683,-1.3879463857540184,-8.58269298787771,1.7087843570617314
1771058342902426809,-1.3894230495633906,-8.57146152073958,1.6950421107030622
1771058343002306563,-1.390564404009499,-8.561875181866752,1.6837103111967344
1771058343102295983,-1.3918657468480546,-8.550030123830295,1.675631991586869
1771058343202478235,-1.3930557222156725,-8.538231612293673,1.667586925812149
1771058343302296715,-1.3939481445118354,-8.528721784124379,1.6602121089718778
1771058343402658874,-1.39490888678659,-8.517398493764524,1.6496664120096554
1771058343502501921,-1.3957483567814304,-8.505983334200302,1.6388376726305112
1771058343602429121,-1.3963217888453947,-8.49683712803711,1.6283082963811522
1771058343702491101,-1.396933581243184,-8.485062717269168,1.6171159944351468
1771058343802321835,-1.3974086654154227,-8.473484530315245,1.60738671085096
1771058343902332496,-1.3977790335734621,-8.461453707801697,1.596195314464525
1771058344002560235,-1.3979713129532936,-8.451952100557499,1.5859168360065543
1771058344102385122,-1.398078727185986,-8.440518075635104,1.5747762454967946
1771058344202495138,-1.3980764988508252,-8.429074650796423,1.5670847542187416
1771058344302451859,-1.3980067421563707,-8.419667594717595,1.559119149175983
1771058344402432446,-1.3978305413999017,-8.408103630285842,1.5519120153375308
1771058344502551299,-1.3975354603810324,-8.396457524077329,1.5401546726363984
1771058344602492009,-1.3971728897312943,-8.386639426819158,1.5288587839319672
1771058344702506903,-1.396617722897357,-8.375085168243643,1.5159497816964682
1771058344802489644,-1.3959117583685945,-8.363446659054828,1.5052389948537825
1771058344902412670,-1.3951080934625164,-8.352199705559153,1.4946902225723153
1771058345002410159,-1.3943688800137135,-8.34299712720921,1.4865557073300066
1771058345102495031,-1.393364205147659,-8.331647868832526,1.4783337988145884
1771058345202493837,-1.3922523569074645,-8.32026848649209,1.4688595444424066
1771058345302357703,-1.3912327518267134,-8.310770262365141,1.4584653365297338
1771058345403225945,-1.3905942048257725,-8.299416219949872,1.4484968701948464
1771058345502459235,-1.4016449838421554,-8.294349564634182,1.4516059540267165
1771058345602507787,-1.4104375466576702,-8.287668090742406,1.4553176356742101
1771058345702778868,-1.4090094998240286,-8.27595380308417,1.443280421700682
1771058345802492474,-1.4074877845748492,-8.264509928551734,1.4342712132275295
1771058345902315401,-1.4058772685086574,-8.253175530206146,1.4256965127579222
1771058346002296213,-1.4045190844891415,-8.24414561850709,1.41756412362489
1771058346102476633,-1.4027701326414554,-8.233146667820774,1.407600056405441
1771058346202412071,-1.400891076039109,-8.221948531629838,1.3996103639184394
1771058346302477379,-1.3988097252254885,-8.21025465606498,1.389774105056919
1771058346402303597,-1.3970586701638714,-8.200967890449235,1.379353115978421
1771058346502307336,-1.3947907452803943,-8.18955310957902,1.3690041404994329
1771058346602427851,-1.3924273458967669,-8.178316179213908,1.3580544746992795
1771058346702400581,-1.390016830023173,-8.167422237021674,1.3481521505922156
1771058346802304097,-1.3878170539866659,-8.157934566744547,1.3380781394291383
1771058346902295453,-1.3849950796692791,-8.146279093224106,1.3291150145124702
1771058347002304814,-1.38204394454731,-8.134479098844748,1.3221105970235278
1771058347102479346,-1.3789331873179123,-8.122456341158005,1.3135170030867414
1771058347202483080,-1.3757194064686535,-8.110549451132545,1.301661732740821
1771058347302317578,-1.3728861004149966,-8.100528929179733,1.2891184425355384
1771058347402307374,-1.3692506373639528,-8.088240566827228,1.2771036949757748
1771058347502289737,-1.3656180774032265,-8.076414408157543,1.2682536720544824
1771058347602321174,-1.3618849243543627,-8.06459214766408,1.262194637228804
1771058347702490437,-1.3581998448542052,-8.05313314660923,1.2577907389568788
1771058347802502276,-1.3550558017054017,-8.043469172916422,1.2556273186513276
1771058347902344408,-1.3511570202752026,-8.03153996290418,1.2545261813360657
1771058348002321631,-1.3471598563417633,-8.019366292589789,1.2519708562107958
1771058348102296523,-1.343893396149051,-8.00947189929264,1.250756644543103
1771058348202431754,-1.339854213427663,-7.997250710996536,1.250781898686097
1771058348302330930,-1.3358843584023141,-7.985253516834206,1.2507695796268292
1771058348402365007,-1.3326894504828743,-7.97556347898478,1.2531483752828974
1771058348502503344,-1.32876912005106,-7.9635548878193845,1.257142386558233
1771058348602317055,-1.3249478586370707,-7.95175679018981,1.258909389208463
1771058348702544725,-1.3211698361075275,-7.940051050282987,1.2591660098319002
1771058348802318028,-1.328509548598773,-7.945897897588247,1.2634924000632168
1771058348902333539,-1.455831742665839,-8.113982345141352,1.4231167406174419
1771058349002308832,-1.4086754178053695,-7.920693989336694,1.5771461822692026
1771058349102488743,-1.4087657769121886,-7.907705428699675,1.578167412591256
1771058349202297159,-1.40885705292312,-7.897075296122171,1.5801872061633004
1771058349302494133,-1.408976816781605,-7.884809685334007,1.5806689449680265
1771058349402433872,-1.4090973960633644,-7.872490235362353,1.5802796236886127
1771058349502316761,-1.409192133897312,-7.862103031434936,1.5797171484358254
1771058349602563471,-1.409310227137416,-7.849659865190356,1.5810462543980153
1771058349702456139,-1.40945874327232,-7.836988198784063,1.5834347852335602
1771058349802433149,-1.4096386725872145,-7.824242542455185,1.5853810637858154
1771058349902358099,-1.4097919457075827,-7.813525097169309,1.5838795107072632
1771058350002314620,-1.4099380384037845,-7.80057828497347,1.5810095691720298
1771058350102498533,-1.4100383101179652,-7.790249817116443,1.5818693111543871
1771058350202403439,-1.4101872144088352,-7.777553263018083,1.5849045080449733
1771058350302500154,-1.4104019255057993,-7.764914464268161,1.590428345880152
1771058350402433985,-1.410615402140384,-7.754511547502915,1.5913396753384699
1771058350502357877,-1.4108593756597738,-7.742159364138313,1.5891001841227679
1771058350602500681,-1.4110779990961477,-7.729450118702555,1.5859908382037136
1771058350702400116,-1.411234753731537,-7.718831418030231,1.5841982807963761
1771058350802432928,-1.4114138841183994,-7.705962547100446,1.5843012104496013
1771058350902887543,-1.4115984575737013,-7.693209279970089,1.585485085632929
1771058351002409681,-1.4117867981362888,-7.680486602482164,1.5853685332564573
1771058351102501000,-1.4119485682738802,-7.670167034871875,1.5869788990077793
1771058351202619160,-1.4121490929370935,-7.657655467945174,1.5872527974733297
1771058351302361997,-1.412359441491395,-7.645029514067751,1.588322531510745
1771058351402486240,-1.4125405341537718,-7.63465335235456,1.589001292088222
1771058351502484950,-1.412778677937883,-7.621689292707254,1.58959028523442
1771058351602481937,-1.413006202340319,-7.609080481937633,1.5880430745599365
1771058351702473955,-1.4131876146121503,-7.598517993164105,1.5879747991104374
1771058351802482133,-1.413420860295397,-7.585871610634279,1.5906868130882417
1771058351902418363,-1.4136946737371385,-7.573180876702439,1.5930625849974402
1771058352002479374,-1.413721762892357,-7.5627573025076,1.594016579874549
1771058352102377094,-1.4094288909462085,-7.55033326553957,1.5973343051536364
1771058352202417108,-1.4053564319923004,-7.537845507038209,1.5999217182425889
1771058352302270322,-1.4056525586613566,-7.527595657248193,1.5991504778142112
1771058352402328451,-1.4060251462496027,-7.5148849003064315,1.600757475579184
1771058352502488246,-1.4064023655777205,-7.501969900049359,1.5998729979734836
1771058352602271626,-1.4067386657768832,-7.489485728909558,1.5965566039735426
1771058352702469304,-1.406989394028725,-7.47916779925455,1.594983624820474
1771058352802478849,-1.4072931898066194,-7.466760523452327,1.5967166782042737
1771058352902378723,-1.4076450997248995,-7.4542031916633915,1.6007521478986981
1771058353002290189,-1.4080256942542166,-7.442023355140209,1.6029020542774302
1771058353102295110,-1.4083560656669305,-7.4316863062362275,1.6019429938713359
1771058353202281024,-1.4087371213348736,-7.418886150430286,1.5984662206295865
1771058353302725031,-1.4090848395022992,-7.406023905126053,1.5967407948858554
1771058353402403913,-1.4093649843715093,-7.39555617493605,1.5975893827407182
1771058353502310464,-1.4097390161494228,-7.382639865429463,1.6010678360742139
1771058353602655160,-1.4101435508343152,-7.370042611001256,1.604012483538242
1771058353702376384,-1.4105029711397612,-7.359583089901409,1.6058886426360148
1771058353802454105,-1.4109101418149117,-7.347267167306584,1.6026130995331132
1771058353902391946,-1.4112922798491785,-7.334717804301225,1.6010907168751978
1771058354002312734,-1.4116056578628897,-7.324435203307982,1.6023356875902826
1771058354102538355,-1.411989462915915,-7.312022146732521,1.602219965272263
1771058354202328305,-1.412383595064448,-7.29908804082469,1.6007276573314457
1771058354302432631,-1.4127556333403937,-7.2861501397706165,1.5981731627647107
1771058354402585722,-1.4130363233906507,-7.275770902668765,1.5972580613710095
1771058354502436780,-1.4133755791513711,-7.263516353420427,1.599028332921364
1771058354602432086,-1.4137408838265784,-7.251432018534845,1.6020052120214203
1771058354702290539,-1.4141451361404935,-7.23884694371185,1.6037113119294741
1771058354802501731,-1.4144733934305331,-7.2288955993325965,1.6035396648090798
1771058354902433455,-1.4148930387854306,-7.216238213715662,1.6035395100979737
1771058355002301596,-1.4152916040112618,-7.20372588851724,1.6028452713773134
1771058355102749108,-1.4156879858273475,-7.191278393245384,1.603286323710573
1771058355202489227,-1.4155874733911857,-7.180895581871644,1.6028667235046326
1771058355302435583,-1.4066021096844956,-7.168420453006078,1.607816999581723
1771058355402333816,-1.3980679768871571,-7.156245790567362,1.6154822775010036
1771058355502423328,-1.3986442135927666,-7.143716245515207,1.6171053448954136
1771058355602434820,-1.3991270491719572,-7.133543467558778,1.6188410545089678
1771058355702415001,-1.3997317668531837,-7.120966019398392,1.6179173952870123
1771058355802412676,-1.4003197409864683,-7.108251311761015,1.6158556363810175
1771058355902450558,-1.4007788263449763,-7.097753163308069,1.6122895204343632
1771058356002427904,-1.4013185031974889,-7.084754993554832,1.6113091356246598
1771058356102403280,-1.4018501230618705,-7.0720468859148555,1.6130444959481223
1771058356202507905,-1.4023169529151431,-7.061544500978637,1.6166275394345015
1771058356302480606,-1.402913573343219,-7.048841625130865,1.6187348350026953
1771058356402455662,-1.40349719412737,-7.036573458889099,1.6180872313722965
1771058356502435477,-1.4040668393130957,-7.024338279654171,1.6172340614869904
1771058356602415171,-1.4045335500202984,-7.014198012869672,1.617730573818325
1771058356702502423,-1.405156730997426,-7.0012763365302115,1.6211906239257918
1771058356802517916,-1.4058175913416298,-6.988349332093136,1.6216582860951916
1771058356902435391,-1.4063602477010644,-6.977610697677881,1.6205288766910764
1771058357002430335,-1.4069891109053483,-6.964867499285914,1.6195491093549683
1771058357102327094,-1.4076000929248869,-6.952415229892117,1.6198158330336865
1771058357202506998,-1.40812323861618,-6.941996573813227,1.6223275112985946
1771058357302415921,-1.4087694991455688,-6.929980594199189,1.6263302011015095
1771058357402575977,-1.4094751288581375,-6.917346741557184,1.626303457876262
1771058357502494418,-1.410026692873842,-6.907119142553625,1.6229207972591464
1771058357602499115,-1.4106791963378482,-6.8944583341304275,1.6210558353731277
1771058357702376165,-1.411294311193787,-6.881746876526036,1.6177033026477237
1771058357802513859,-1.4118906260530792,-6.868888703081172,1.6175749921610332
1771058357902395228,-1.4123819208571229,-6.858315673502582,1.617775965629811
1771058358002486371,-1.4129853296086425,-6.845708072345967,1.6194069556811665
1771058358102299824,-1.413590948141934,-6.833307599374508,1.6194563622665088
1771058358202413695,-1.4140907598306178,-6.823049541001292,1.6195357147961578
1771058358302501697,-1.4146990386907499,-6.810684725211211,1.6201032814797067
1771058358402436624,-1.4153264480280856,-6.797941077098745,1.6198573280138187
1771058358502488045,-1.4157539818234648,-6.785468543303065,1.6174148167169076
1771058358602457949,-1.4160427967033598,-6.774835273109333,1.615251287759701
1771058358702434836,-1.4166078468218193,-6.762239752958874,1.615628641749206
1771058358802483973,-1.4171987453587538,-6.749537874412497,1.6183215444218446
1771058358902783051,-1.4177183941109743,-6.73910215422478,1.6224206697553007
1771058359002430594,-1.4183635940577446,-6.726470163050061,1.6214913230528722
1771058359102409019,-1.4189830086277353,-6.7139081388902,1.6195258853004217
1771058359202423162,-1.419478988092545,-6.703608417700621,1.6184902800631888
1771058359302377781,-1.4200852075551187,-6.69072374259127,1.617351621264807
1771058359402413155,-1.4205800852146644,-6.680165733025645,1.617452727202764
1771058359502450834,-1.4211889964513422,-6.667185277564598,1.6177631485022284
1771058359602412246,-1.4217765595039977,-6.654354160319483,1.6153473359258501
1771058359702366755,-1.4222369655113458,-6.643900489865277,1.614286949493026
1771058359802369356,-1.422799547824385,-6.631286194375159,1.6160750226294192
1771058359902391485,-1.4233913088502184,-6.618778956448611,1.6196050689331847
1771058360002416339,-1.4239199694082787,-6.608327453700908,1.622745979709429
1771058360102325224,-1.424569364448327,-6.595685920654316,1.621627218147529
1771058360202435777,-1.4251770133387525,-6.583068401593759,1.6178250640713687
1771058360302390781,-1.4256563410674734,-6.572394149463682,1.6146139574593095
1771058360402414016,-1.4262187211584538,-6.559501812135948,1.6149060210396577
1771058360502406222,-1.4268148433643932,-6.546691587965291,1.6194346058654456
1771058360602416783,-1.4273359330878033,-6.5363667733304185,1.6228474939100137
1771058360702477761,-1.4279863904395387,-6.523961085638084,1.623399536802175
1771058360802538278,-1.4286226335980943,-6.511585163169653,1.6212837370033113
1771058360902339134,-1.4291469834501647,-6.501165830498919,1.620659997855084
1771058361002482210,-1.4297716219261183,-6.488708078275011,1.6205439357895155
1771058361102427780,-1.4304268380212526,-6.475885770039816,1.621969936619343
1771058361202418187,-1.4309838417342307,-6.465163062207748,1.6224298012745801
1771058361302414474,-1.4316409235073206,-6.4524506937818655,1.6218744327208396
1771058361402421101,-1.43226613203035,-6.439948930398342,1.6204495752194787
1771058361502383694,-1.4328829289266598,-6.427748347785889,1.6230108649809356
1771058361602311289,-1.4332191095839564,-6.418021291116834,1.626408817668408
1771058361702370027,-1.429304752533242,-6.415843477898882,1.6313164833621
1771058361802420619,-1.4256627220590712,-6.412920837621026,1.6355769895614083
1771058361902426926,-1.426480014911757,-6.400173063126535,1.6334122819189467
1771058362002469192,-1.4271257080028663,-6.389815515738573,1.6321729624076324
1771058362102338810,-1.427906432707089,-6.377113851386082,1.632104184073443
1771058362202334280,-1.4287012675452813,-6.3642973767128135,1.6331998844048279
1771058362302350240,-1.4293633882732415,-6.353843569698397,1.633791068160653
1771058362402458898,-1.4301680660633886,-6.3413238256535225,1.6364006510710944
1771058362502427937,-1.430964945845246,-6.329338343272984,1.638562622730468
1771058362602407707,-1.4318279300510959,-6.316778153889649,1.6403195937534543
1771058362702285070,-1.4325340108610476,-6.306562960023469,1.6396147937045138
1771058362802274318,-1.4333826938011773,-6.293984133847203,1.6370145648795842
1771058362902385902,-1.4341960365358917,-6.2812008854195165,1.6330362590570369
1771058363002976328,-1.434855397941293,-6.270365562007943,1.6311575295891634
1771058363102367889,-1.435625936438469,-6.257764288388754,1.6333020285640418
1771058363202374996,-1.4364406470745381,-6.245104308469185,1.6364381620416766
1771058363302376512,-1.437126087217374,-6.234822443988889,1.6378363032098913
1771058363402417565,-1.4379471422140098,-6.222623835917522,1.6374708527522828
1771058363502390255,-1.4387871904636063,-6.209944678627525,1.6366851310724395
1771058363602365080,-1.4394671040326776,-6.199719058061323,1.6375658492023426
1771058363702285089,-1.4403385840807603,-6.187091095871131,1.641340631071932
1771058363802298839,-1.441243370077399,-6.174492428774919,1.6433269322818058
1771058363902357154,-1.4421457050569249,-6.1619511239886675,1.642146281553919
1771058364002389680,-1.4430330324881018,-6.149422001785767,1.641106541668448
1771058364102464401,-1.4437481340802627,-6.13916166867084,1.6404287062721774
1771058364202389725,-1.444641933854819,-6.126586891282289,1.6429468320450358
1771058364302421894,-1.4455487165047236,-6.114271043829167,1.6455352023401186
1771058364402391283,-1.4463285161764121,-6.103813355551903,1.6446413010369254
1771058364502387533,-1.4472339371202656,-6.091348840380738,1.6421352933227618
1771058364602404764,-1.4481100856241524,-6.078713441059876,1.6376148758803188
1771058364702383671,-1.4488195121999032,-6.0679855805534855,1.635538827138971
1771058364802501204,-1.4491738094093756,-6.0559281789422705,1.635486466002472
1771058364902384507,-1.438861881135511,-6.059655972697733,1.623205412933698
1771058365002360067,-1.4274959810550638,-6.061912791576926,1.6091665743277932
1771058365102358706,-1.4279735331664525,-6.0494414305499,1.6089878814753529
1771058365202266581,-1.4284442914674522,-6.036931538321712,1.6082162221799392
1771058365302389449,-1.4288372890604797,-6.026438174954622,1.6087720666348682
1771058365402335286,-1.4293244710760766,-6.013580810231392,1.6093318235065905
1771058365502329527,-1.4298092171155994,-6.000685103379398,1.6083289876829956
1771058365602415765,-1.4301958988441599,-5.990092107004175,1.6071339414384505
1771058365702377272,-1.430653661424508,-5.977574533840439,1.6077783765995506
1771058365802348499,-1.4311362029958468,-5.964951650928399,1.6093109279848865
1771058365902380011,-1.4315530864065313,-5.95450361784251,1.611111434845682
1771058366002389140,-1.4320525085994373,-5.942216519679162,1.610785687835877
1771058366102345042,-1.4325489277803567,-5.929585289354524,1.6093722833987425
1771058366202388361,-1.4329384409070278,-5.919115342539957,1.6069366790708346
1771058366302310337,-1.4333894671377103,-5.906464201010612,1.605676025846269
1771058366402396108,-1.4338479238057418,-5.893387592817811,1.6058080519169609
1771058366502376937,-1.4342247596290556,-5.882811145664439,1.606579705870907
1771058366602367855,-1.4346655102826866,-5.870080221183679,1.6045842197727858
1771058366702303077,-1.4350803125144656,-5.857718095484998,1.6046700613275808
1771058366802296570,-1.4354322729202642,-5.847357052531958,1.6055536818154261
1771058366902353887,-1.4358784233594988,-5.834938807186173,1.6084774832031994
1771058367002390503,-1.4363718003314614,-5.822328679181673,1.6105177754612732
1771058367102376036,-1.4367870315787523,-5.811760501904949,1.608768728024107
1771058367202430681,-1.437257132046018,-5.798936867748523,1.6051882629921448
1771058367302475388,-1.437683543114526,-5.786216195122849,1.6030412395625597
1771058367402371628,-1.4381033943803665,-5.7735733576347155,1.6047399002691956
1771058367502356599,-1.4384909618858628,-5.762973224709125,1.6090846951935749
1771058367602402137,-1.4389900544192344,-5.750693299273383,1.6136117766754903
1771058367702370176,-1.4395272437046098,-5.73822642278161,1.6132002240194456
1771058367802379124,-1.4399405289159755,-5.728133210025973,1.6105226247571967
1771058367902732435,-1.4404292663877567,-5.715616172088271,1.6091033612037915
1771058368002381218,-1.4409355182113845,-5.703526576432175,1.609548750905952
1771058368102487578,-1.4419678344324183,-5.703163179392687,1.615653927804856
1771058368202488865,-1.443073921184462,-5.699493552879438,1.6188081027711945
1771058368302393786,-1.4436727390085284,-5.687024724635122,1.618786911814873
1771058368402365947,-1.444269911477865,-5.674567469488786,1.6183796587260006
1771058368502388104,-1.4447542971774041,-5.664507107580822,1.61905999035985
1771058368602413989,-1.4453686511188208,-5.6521955582328305,1.621786202534262
1771058368702384978,-1.4460122309521068,-5.639615520589499,1.621184105118757
1771058368802472651,-1.4466497482713914,-5.626963562506206,1.6204776554647131
1771058368902382903,-1.447173227037032,-5.616585391747047,1.6208152082937402
1771058369002342049,-1.447784957819633,-5.604068283876717,1.6188292515155656
1771058369102435478,-1.4484101121588733,-5.591277608953232,1.620503578783171
1771058369202326216,-1.4489429937643585,-5.580753587278405,1.622557760023297
1771058369302318911,-1.4495987098307719,-5.5681061467280815,1.6232731171894168
1771058369402482455,-1.450260752238325,-5.555615774664937,1.6244614255580307
1771058369502277850,-1.45083005322266,-5.545207654863225,1.6263604946669141
1771058369602430994,-1.4515302027771195,-5.5326527094759355,1.6269090234713106
1771058369702428498,-1.4522439250510324,-5.519846763226906,1.6259779460589658
1771058369802419159,-1.452818261546681,-5.50922918420434,1.6229713235058598
1771058369902508470,-1.453480853583529,-5.4963290632891075,1.6203241355140416
1771058370002459294,-1.4540009294440117,-5.485791733175318,1.6197121734564532
1771058370102498082,-1.4546329220754828,-5.4733297082572046,1.623047068456939
1771058370202396219,-1.4553217771468359,-5.4606462154756334,1.6271954240725643
1771058370302390622,-1.4560111611680844,-5.448519722643078,1.6284334272812473
1771058370402559540,-1.4566049310009523,-5.438033500358623,1.6265085687249254
1771058370502317588,-1.4572687092954668,-5.425718719965372,1.6231109845736746
1771058370602624933,-1.4579304312603902,-5.4131712417516065,1.6243649842294596
1771058370702476420,-1.458507634197817,-5.402519100582929,1.6255870421108878
1771058370802402772,-1.4592219281624024,-5.389695331982251,1.6272656125392957
1771058370902659469,-1.4599469264412974,-5.376901024051816,1.6274752001862371
1771058371003176188,-1.4605358032585514,-5.366506277075932,1.6264301398157124
1771058371102541272,-1.461235374716015,-5.3539644017638865,1.6265030332639943
1771058371202597368,-1.4617624440949144,-5.340981136558932,1.629133140908734
1771058371302330351,-1.4582624863008893,-5.320903130449079,1.6394469915141074
1771058371402502420,-1.4550481068843588,-5.298431377730298,1.6456032810126147
1771058371502522056,-1.455954458802931,-5.285947193602807,1.6416327421580537
1771058371602452048,-1.4566936776649317,-5.275334185416357,1.63924064315047
1771058371702475421,-1.4575733616609554,-5.262362498011468,1.6379543501486353
1771058371802431654,-1.4584188532942717,-5.249872777361958,1.6395404761721488
1771058371902390893,-1.4592775953068289,-5.237637807203717,1.6423975054569977
1771058372002541461,-1.4600159814322664,-5.227368778108412,1.643041144246921
1771058372102415661,-1.4609177217606035,-5.214864054422128,1.6430928731088752
1771058372202547306,-1.4618135966358978,-5.202322109468456,1.6411639989798275
1771058372302488084,-1.4625374605601094,-5.191975525342286,1.639908076267052
1771058372402342546,-1.4634434314493285,-5.179106559979052,1.6406062986257284
1771058372502516122,-1.4643418267694441,-5.166278822261958,1.6403782315255466
1771058372602515052,-1.4650692387634434,-5.155927834657016,1.6409491309105073
1771058372702504784,-1.4659730351879423,-5.143215051400375,1.6425902196308564
1771058372802489256,-1.4669006064569343,-5.130640368779805,1.6464596565970548
1771058372902406108,-1.467834031760189,-5.1184453001304835,1.648281832611942
1771058373002489270,-1.4686153732604081,-5.108256506083013,1.6470419789088342
1771058373102309710,-1.4695761503105391,-5.095481884269567,1.6445721526250896
1771058373202488451,-1.4704834247368286,-5.082960702812535,1.6424812964338817
1771058373302515600,-1.4712361388099362,-5.072363223943887,1.6416744419994844
1771058373402298217,-1.4721711508237076,-5.059307674962065,1.6433864892433578
1771058373502474313,-1.4731021902440524,-5.0466080174516375,1.644010024330487
1771058373602544284,-1.4738656608073155,-5.036119485699346,1.642655545098091
1771058373702420121,-1.4747687523838708,-5.023613372152273,1.6427181071907373
1771058373802508007,-1.4756563262794353,-5.011420469471753,1.6440255402268882
1771058373902479238,-1.476412879490323,-5.001243531813186,1.6464034899626196
1771058374002318685,-1.477392115296758,-4.988461075695027,1.6485287429730562
1771058374102363602,-1.4783729887601522,-4.975761278271495,1.647281184274088
1771058374202433597,-1.479156868384636,-4.965283947638902,1.643861506315868
1771058374302377660,-1.4800590481507028,-4.95268179372821,1.6412783781000135
1771058374402579860,-1.4807304216205859,-4.940318562153561,1.6415622548393987
1771058374502612234,-1.4764409343437483,-4.937878989774315,1.6444035490450581
1771058374602413922,-1.4722391637911492,-4.937283638572135,1.6467745721029698
1771058374702504708,-1.473200698070662,-4.92459361282175,1.6463282771889909
1771058374802390699,-1.4740955626957506,-4.912486109324358,1.6431697269881407
1771058374902480563,-1.4748230383080658,-4.902229977280016,1.6398251888272086
1771058375002472107,-1.4757172415838458,-4.889344123126151,1.6392559354260379
1771058375102467974,-1.476630417271127,-4.876226777518087,1.6406861682207174
1771058375202507455,-1.477370295302701,-4.865663071641604,1.6406063433150688
1771058375302326692,-1.4782471455074369,-4.85295354380136,1.6395417077169538
1771058375402498238,-1.4790938420201982,-4.840651867613439,1.6395722738140301
1771058375502472103,-1.4798031695799159,-4.830385354297079,1.6403430209536087
1771058375602488249,-1.480694887057961,-4.8178123616264985,1.6428207478829722
1771058375702477243,-1.4815863934390627,-4.805456490645429,1.643318191852709
1771058375802460205,-1.4823491672817517,-4.794819764655292,1.641861515100512
1771058375902278290,-1.483241068437735,-4.782074382942777,1.6398195620419427
1771058376002497076,-1.484118972138356,-4.769240011373296,1.6383854911515205
1771058376102389238,-1.4848412333106804,-4.758682962709412,1.6395099775640243
1771058376202361564,-1.4857208532122232,-4.746057100644623,1.6406959588518515
1771058376302453200,-1.486600495171115,-4.733710280271715,1.6428135377975532
1771058376402358347,-1.487349660372555,-4.7234272329161255,1.6440249358464938
1771058376502479219,-1.4882672821188132,-4.710860340246726,1.6435949177049005
1771058376602471744,-1.489195236976629,-4.698106520186317,1.6436448401188921
1771058376702481392,-1.4901250872541327,-4.685365901585308,1.6438598156809874
1771058376802542009,-1.4908670994532978,-4.674998507702742,1.641364234942221
1771058376902377251,-1.4917553702991997,-4.661990559023109,1.6371992823634614
1771058377002306203,-1.4925850740643165,-4.649370409964162,1.6363582702137525
1771058377102412692,-1.4932776156568561,-4.639004662852435,1.639275001923153
1771058377202418718,-1.494156811512772,-4.62651732469051,1.6429951716884537
1771058377302468888,-1.4950614238459359,-4.614176391766915,1.644598486538953
1771058377403075721,-1.495818119421279,-4.603805666261725,1.6420641160146907
1771058377502368793,-1.49671896136016,-4.590989292904619,1.6400857075801656
1771058377602564835,-1.497476752751505,-4.580446738613791,1.6406864296282426
1771058377702409650,-1.4987978480062112,-4.567744986765324,1.6470610196009448
1771058377802417960,-1.5001759137579098,-4.554861673414236,1.6532352456163937
1771058377902303243,-1.501231663094016,-4.5423378113284985,1.6555870171686662
1771058378002423077,-1.5020965851274446,-4.532030828311486,1.6543105121600767
1771058378102396865,-1.5031068051380565,-4.519722479652338,1.6522522504692008
1771058378202471126,-1.5041312331377124,-4.507235017754582,1.6540009205189252
1771058378302499219,-1.5049784452971497,-4.497102746907818,1.6550576372423378
1771058378402432378,-1.506054485872525,-4.484346140590014,1.6553785841297348
1771058378502386929,-1.5071036287275286,-4.471761286719306,1.6524616614663903
1771058378602534872,-1.5079581401914677,-4.46119104115711,1.6498456993733537
1771058378702469956,-1.5089566921795177,-4.448544341895221,1.6489052598516516
1771058378802519059,-1.5099616422998183,-4.435974371142154,1.6512751829021466
1771058378902433262,-1.510979608826795,-4.423604486903042,1.654196773583338
1771058379002413251,-1.5118491076372438,-4.41328301311441,1.655335342699888
1771058379102410248,-1.5128702313468159,-4.401210165046945,1.6550273511086921
1771058379202889033,-1.5139096991486771,-4.388736167027589,1.6532774276011284
1771058379302387079,-1.514774917043698,-4.378261613814931,1.6536824522605387
1771058379402505961,-1.5158361094778998,-4.365402090546721,1.653318974318335
1771058379502457671,-1.5168902756490157,-4.352507051606234,1.6524740233888084
1771058379602522558,-1.5177392569313861,-4.342097194110573,1.652833728273146
1771058379702504056,-1.5187708327702412,-4.329716748158542,1.6555445016318802
1771058379802477697,-1.519850970123251,-4.317169875766206,1.6568856136589687
1771058379902291191,-1.5207570291591441,-4.306738108285381,1.6571503040184499
1771058380002391377,-1.521826335925382,-4.294325279901559,1.655704064535398
1771058380102387757,-1.5228850883247462,-4.281717519191411,1.65242435572612
1771058380202538043,-1.5239147914934401,-4.269027742733475,1.650350445144437
1771058380302390707,-1.5247641018255669,-4.258477118456965,1.6512753697725109
1771058380402395533,-1.5257925770323908,-4.245863532001633,1.6530848002430145
1771058380502391974,-1.5268496557733489,-4.233189939938707,1.6547109711876402
1771058380602390368,-1.5276971176777359,-4.223074074637771,1.654505631150221
1771058380702371138,-1.52870336445159,-4.211012893384111,1.6541644739089585
1771058380802466449,-1.5295014330664642,-4.198481615126725,1.6544596060150496
1771058380902463400,-1.5257247246671168,-4.181443744552949,1.6584694165701281
1771058381002387621,-1.5220997859878427,-4.166063739788809,1.6618444617003236
1771058381102395989,-1.5232311805251406,-4.153663040360615,1.660906223622642
1771058381202389979,-1.5243588151183864,-4.14101193434433,1.6582337096636135
1771058381302396563,-1.525468926725278,-4.128263555034223,1.6568923677069407
1771058381402388059,-1.5265484828848965,-4.115958230950537,1.65931009392014
1771058381502395344,-1.5274963996933408,-4.105541829216533,1.6635291270962904
1771058381602832808,-1.528652872679284,-4.093329060774069,1.6668573096070913
1771058381702413733,-1.5298388928048716,-4.080989785999079,1.6660459644567644
1771058381802333740,-1.53079755197089,-4.070810686962211,1.6632224523573504
1771058381902337139,-1.5319510291785168,-4.0580660152907155,1.6597225775981375
1771058382002412425,-1.533087758095908,-4.045153343153483,1.6590099264138367
1771058382102427390,-1.5340261365917183,-4.034535720539693,1.6599572539223941
1771058382202410484,-1.5351634663395153,-4.021895004613867,1.660903056033067
1771058382302418826,-1.5363011231561243,-4.0093673303373825,1.661549418313501
1771058382402455723,-1.5372538217665395,-3.998908298286177,1.6613893268239994
1771058382502368902,-1.5383776288451045,-3.9866360970768797,1.6627060811333856
1771058382602408394,-1.539557751359479,-3.973919054786328,1.6639703150035625
1771058382702427767,-1.5405318357310485,-3.9634623083145675,1.6627855213475997
1771058382802409148,-1.5417140909387461,-3.950609849193703,1.6611568776677275
1771058382902461304,-1.542869638511032,-3.9378051508155627,1.6600426845632943
1771058383002408168,-1.543815488339063,-3.9271882918382994,1.6596039888334402
1771058383102383642,-1.5449574566627966,-3.9145236235214247,1.6625153229814482
1771058383202811386,-1.5459239629492636,-3.9041075828027845,1.6647709187528532
1771058383302449209,-1.547104613360105,-3.8916208071654497,1.6654163131783741
1771058383402393102,-1.5482957980196792,-3.879046138967401,1.6649152409547436
1771058383502388914,-1.5492681263738817,-3.868698144140329,1.664117073348177
1771058383602390568,-1.5504556248164008,-3.855954812336585,1.6638551190414712
1771058383702351162,-1.5516545853194241,-3.8430838106130176,1.6632779291716489
1771058383802385710,-1.5526415134949776,-3.8323736411557627,1.6614502749558635
1771058383902286970,-1.553777115230961,-3.819753596442422,1.6589293411711237
1771058384002303643,-1.5549408516371122,-3.807830765925295,1.660372295090035
1771058384102371188,-1.5569951998419809,-3.8079710257039867,1.6728024843850504
1771058384202314944,-1.5590888592783139,-3.804988128854175,1.6842694122603727
1771058384302312264,-1.560519544392995,-3.7925184275268577,1.6858755485277173
1771058384402383787,-1.5617085067763723,-3.7821093784619197,1.6835042315058453
1771058384502402037,-1.5631006647991645,-3.7695737737938817,1.67994455189832
1771058384602289666,-1.5644805792852896,-3.756908958397311,1.6794617488186236
1771058384702363433,-1.5658771363578552,-3.7442360150068055,1.682084328165132
1771058384802369670,-1.5670374600343262,-3.734019721260255,1.6858346341368116
1771058384902379164,-1.5685036971732451,-3.7214604789439747,1.6882548184868778
1771058385002402964,-1.5699425179860578,-3.709242576436445,1.6870191636023246
1771058385102387154,-1.5711370141854397,-3.6989020291916876,1.6846625974475675
1771058385202387915,-1.5725531762438045,-3.6864919205605506,1.6844688451188394
1771058385302388455,-1.573978626691149,-3.6740755336076294,1.68537167695799
1771058385402387062,-1.5754286775681154,-3.6615021456244907,1.6852945004472846
1771058385502374638,-1.5766162808709518,-3.651155435249107,1.6842780283350547
1771058385602313750,-1.578069346753403,-3.6382475187151684,1.6819004354940776
1771058385702325873,-1.5794814843177942,-3.625578142219993,1.6827039250815972
1771058385802402901,-1.5806477650069146,-3.6152658538310725,1.6852521435439742
1771058385902433880,-1.5820363328952025,-3.6032760044002323,1.6877408894077814
1771058386002420373,-1.5835231844751538,-3.590659784670402,1.6886616808119714
1771058386102403515,-1.5850067664719942,-3.578092851704298,1.6878870406245854
1771058386202403249,-1.5862231718876743,-3.5677428798707496,1.687537260497359
1771058386302403112,-1.5877374320488569,-3.554874727111507,1.6881613922030119
1771058386402452542,-1.5892134176890833,-3.5424232319431486,1.688919371801149
1771058386502459359,-1.5904142310226987,-3.5323312653991916,1.6889058876802523
1771058386602407603,-1.5919126299418647,-3.519781031289222,1.6891316975556374
1771058386702405183,-1.59341964554213,-3.5073101757360234,1.6920300633506677
1771058386802325233,-1.594948890862642,-3.494938101373723,1.6947230436508827
1771058386902429778,-1.5962405693950137,-3.484664489880336,1.6965334258497498
1771058387002348145,-1.597836968361947,-3.471973170609065,1.6956466802996288
1771058387102407688,-1.5991240765642836,-3.4615503500990457,1.692976306197735
1771058387202404641,-1.601905618577176,-3.455233121554871,1.6844913987487502
1771058387302414448,-1.592456920321716,-3.502757014525603,1.5659638010089258
1771058387402430788,-1.5049887716176782,-3.4140504589175036,1.452284957405371
1771058387502467017,-1.5034865532352706,-3.4016547944034334,1.4475431315057206
1771058387602313349,-1.5021909531234812,-3.391562165025369,1.4383874548336342
1771058387702407900,-1.50052640545855,-3.3794434409759146,1.4297020009138302
1771058387802403821,-1.4986670059420604,-3.3669378178383935,1.417696777660778
1771058387902395894,-1.4970278998878639,-3.3567275346806857,1.4062910341997241
1771058388002397946,-1.4949012654187097,-3.3442842006029485,1.3965891221851248
1771058388102288739,-1.49263371307853,-3.3317395504932454,1.3871044270191397
1771058388202346003,-1.4902045895908005,-3.3190827022166465,1.3754791030000963
1771058388302387295,-1.4881691734402134,-3.309050672711213,1.3650231503641597
1771058388402390615,-1.4855891037728837,-3.296832691511322,1.3594293828741701
1771058388502329670,-1.4828988309773985,-3.284581054778589,1.3509011189281923
1771058388603049079,-1.4805414421281737,-3.2743397027834353,1.339144560526166
1771058388702384673,-1.4775238193281455,-3.261861147773007,1.3269668731627204
1771058388802392631,-1.4743283278720307,-3.2493866509353886,1.3131739703918408
1771058388902392273,-1.4715522170583926,-3.2390995228272574,1.3009923112721293
1771058389002375795,-1.4681950015287688,-3.2271639089084188,1.290599876522597
1771058389102283274,-1.4646407239702723,-3.2149517189375336,1.284613702602606
1771058389202372824,-1.4617026167484397,-3.205070555095208,1.278731926446925
1771058389302386047,-1.4580293047410295,-3.1930080991115988,1.2705611950626985
1771058389402389391,-1.4543238195146975,-3.181240560619899,1.2611614131084037
1771058389502408506,-1.4511335862515393,-3.171420406588344,1.2516065958003155
1771058389602298001,-1.4471219632608978,-3.159459148109316,1.241653475419551
1771058389702389244,-1.4429301051932146,-3.147412624256982,1.2309310003234373
1771058389802351299,-1.4392783738071424,-3.137188489721388,1.223694361954087
1771058389902349192,-1.4349027348533534,-3.12518547860686,1.2177924350474112
1771058390002405177,-1.4305378249403615,-3.113465171096464,1.2112137022170595
1771058390102381985,-1.4270350965835812,-3.104247648801592,1.2041907320902503
1771058390202388129,-1.4226168247871236,-3.0928877550254645,1.1948271072006047
1771058390302364616,-1.417848453383895,-3.080958499854037,1.184672935712034
1771058390402393013,-1.413164586246368,-3.069715977872516,1.1750939894426156
1771058390502340975,-1.4094295789185924,-3.0661711485169416,1.1953353863682898
1771058390602284478,-1.401135162102988,-3.0558149974810176,1.2162033485235664
1771058390702367240,-1.3966374098567549,-3.043882247422201,1.204505676001528
1771058390802389835,-1.392148736481504,-3.032348410174074,1.196379259501317
1771058390902370701,-1.3883110989972538,-3.0226757902865,1.1903516483331043
1771058391002397965,-1.3835724801896339,-3.01091594284227,1.1844548587994477
1771058391102385308,-1.3789601705920296,-2.999688400069508,1.176855328465783
1771058391202334316,-1.3740887812727403,-2.9880820690549266,1.1712173242474426
1771058391302364531,-1.3700276090419061,-2.9785093109275786,1.1681657168441377
1771058391402361903,-1.3650756598948286,-2.966903640815217,1.1672058427096985
1771058391502363052,-1.3600314904077466,-2.955054981648181,1.169796697557231
1771058391602284618,-1.3559985968388135,-2.945504283336498,1.1727397487092273
1771058391702384777,-1.3511323030866622,-2.9339437931214336,1.1721803780445843
1771058391802387008,-1.346330921229904,-2.9225687187040457,1.1706676531976947
1771058391902436921,-1.3413497578586364,-2.910818976858468,1.1696322570407522
1771058392002503787,-1.3373250654881685,-2.9013424242882078,1.1689267614410621
1771058392102332498,-1.3324193091639343,-2.889778477057864,1.1689705962507315
1771058392202482508,-1.3273733181259573,-2.8779322457589567,1.1653349043903998
1771058392302408818,-1.32317701205129,-2.868169143254147,1.1627413373735325
1771058392402504163,-1.3181924532512772,-2.8566511453280485,1.1610888446320162
1771058392502469287,-1.3132516869861588,-2.845251143073299,1.1620038489995579
1771058392602479458,-1.308384303802188,-2.833940628483301,1.1664866465873964
1771058392702474089,-1.3044876401261947,-2.8248150721622247,1.168346477128213
1771058392802480252,-1.2996124175501196,-2.813372950248012,1.1680180040665282
1771058392902416921,-1.2946539487974835,-2.8018039628705536,1.1648353049737097
1771058393002484102,-1.2896796325786557,-2.7902784444445974,1.1625849929290897
1771058393102484939,-1.2854928999277115,-2.7806508907751146,1.1596910538369396
1771058393202411794,-1.2803987321730492,-2.768957827706603,1.1600795031583635
1771058393302473750,-1.2753186174038982,-2.7572763611808755,1.1610623171534618
1771058393402486660,-1.2712885481820946,-2.7479688588611504,1.1625245264238002
1771058393502680610,-1.2664900090603677,-2.736823518981793,1.1647022246903393
1771058393602390046,-1.2625438569036138,-2.7261728775591676,1.16696458055109
1771058393702336078,-1.2742222178618379,-2.7260024005305263,1.2168500698663582
1771058393802493367,-1.2736606119637548,-2.7044128632405062,1.262316792164909
1771058393902495938,-1.26980250476917,-2.6924167609728524,1.2567214254120818
1771058394002410449,-1.2658573999395082,-2.6803148154530625,1.2551571597834057
1771058394102361165,-1.2625541463339998,-2.6701694658064454,1.2570275183260693
1771058394202282223,-1.2586399713443255,-2.6581058668596835,1.2586303645068093
1771058394302489663,-1.2547767136889378,-2.646156725359223,1.2589174216231205
1771058394402494653,-1.2516907529447425,-2.636622269672232,1.257406519641925
1771058394502398939,-1.2477825004857328,-2.6245540246179893,1.2573678925794975
1771058394602374092,-1.244023581092324,-2.6129366192518404,1.257642781879824
1771058394702477171,-1.240104137392401,-2.60080070062525,1.2580332540902666
1771058394802505646,-1.2368517118248645,-2.590745058776987,1.2565502483643356
1771058394902471461,-1.233022971265136,-2.579014521266993,1.253547830697215
1771058395002485098,-1.2291300849022884,-2.567204082309928,1.2512603123669381
1771058395102475875,-1.2252001200601734,-2.5553048998457353,1.2531524039792437
1771058395202484457,-1.2221065964535436,-2.545835947299784,1.2575670984162184
1771058395302436459,-1.2182833178594512,-2.533968784456123,1.261262227540297
1771058395402382020,-1.2144814500487877,-2.522127502620105,1.2598015837857823
1771058395502474603,-1.2106345425498217,-2.5102762921947637,1.2552921213936714
1771058395602483365,-1.207379801449938,-2.500416276238443,1.2497434967099124
1771058395702474884,-1.2033314728737379,-2.4882834309527677,1.2475665439773134
1771058395802481421,-1.1993006584927066,-2.4762281143351395,1.2483029651038071
1771058395902483270,-1.195308109887983,-2.464248512185412,1.2488677248457472
1771058396002510347,-1.192221317721729,-2.4549677900125655,1.2496324771072855
1771058396102381038,-1.1883406185866248,-2.4433234238782013,1.24794440181957
1771058396202354847,-1.1843183032623794,-2.431335503636735,1.2458655408288797
1771058396302486821,-1.1809317651876476,-2.421299687308389,1.2450540653642015
1771058396402407187,-1.1768440405380654,-2.4092306484346846,1.2437457397115057
1771058396502413960,-1.1727712511645576,-2.3972765899693727,1.2412650773014293
1771058396602481480,-1.1693524671083688,-2.3872732270875003,1.242580259818881
1771058396702423538,-1.1652439660787186,-2.3751116382752393,1.2487487493117615
1771058396802521085,-1.1663253021177176,-2.3709862971476614,1.2642454339736955
1771058396902392948,-1.227595855012808,-2.434996063146315,1.4131766595247004
1771058397002426873,-1.2267736843116348,-2.325311816889192,1.5537939616830485
1771058397102380158,-1.226607124523411,-2.3126593680956127,1.5616805272887042
1771058397202489733,-1.2265482957331644,-2.302329259072092,1.5692980453698013
1771058397302490849,-1.2265751842609582,-2.2893283651603245,1.5779898238315901
1771058397402478550,-1.226713383035535,-2.276282531705963,1.5858888993789437
1771058397502486920,-1.226897277448763,-2.265657789324873,1.591430641231522
1771058397602478869,-1.227190630263775,-2.2530759471042447,1.5983586773048413
1771058397702452713,-1.2276012855821479,-2.240503800193178,1.6084461643803107
1771058397802415786,-1.2280333163116997,-2.2303140199924503,1.6187269390746468
1771058397902262576,-1.2287007789890276,-2.217705035998568,1.6307398465206213
1771058398002410455,-1.2295086395271098,-2.20530147973105,1.6418662464180946
1771058398102338245,-1.2304185346859897,-2.19326019956414,1.6507271563769679
1771058398202356038,-1.231258854985832,-2.1831048099047674,1.6567831257470294
1771058398302389642,-1.2324048922341924,-2.170044174750087,1.6609536355010774
1771058398402477590,-1.233581264684765,-2.1576076410145184,1.6695283338051363
1771058398502482939,-1.2348849687420598,-2.144997025781141,1.6777274133518003
1771058398602371995,-1.2360451444832232,-2.1346442671768227,1.6876294508466365
1771058398702368647,-1.237550180944303,-2.122471003599035,1.7013647889472383
1771058398802433982,-1.2393074161171829,-2.1097363380841347,1.7134064419693344
1771058398902424603,-1.240932042672595,-2.09869491667283,1.7213902159183123
1771058399002450441,-1.243072883101749,-2.084936241230089,1.7298475585304054
1771058399102375130,-1.245299377883837,-2.0712612764262097,1.734936430821071
1771058399202405833,-1.2471382662461312,-2.060281021948951,1.739348259060579
1771058399302482534,-1.2494477532314792,-2.046958621375463,1.7469331488511701
1771058399402384629,-1.2519248862837353,-2.033362014647407,1.7554785490962266
1771058399502573757,-1.2544923586656338,-2.020000184150831,1.765105013858554
1771058399602429252,-1.2567140384868096,-2.009020978268927,1.7755633926434664
1771058399702490544,-1.2594825817105046,-1.996006952626292,1.7857276961967528
1771058399802417938,-1.262447042155648,-1.9827496357616354,1.7951045017047158
1771058399902392101,-1.2655694326081888,-1.9693061915729668,1.8026321255937339
1771058400002420930,-1.2677344696936057,-1.9601745313730259,1.8042296195306848
1771058400102484581,-1.2546705381343748,-1.9532678830483325,1.7373627474079558
1771058400202413132,-1.2260028730600525,-1.8989780269328769,1.6800882487362712
1771058400302505087,-1.2275701459070936,-1.885582020570716,1.6939564871476773
1771058400402384423,-1.2290232805532697,-1.8744282322944805,1.7062295572556927
1771058400502504132,-1.2309131978630155,-1.860976734491512,1.7140098036402085
1771058400602504210,-1.2325678205377488,-1.8497177802472216,1.7203091415727954
1771058400702496243,-1.2346830316172395,-1.8359752484006417,1.728259826217479
1771058400802592477,-1.2368779204586393,-1.8224486886719946,1.735751951351243
1771058400902434431,-1.2387493577693909,-1.81125557230453,1.737839760275373
1771058401002415522,-1.2410664628688095,-1.7974624488367592,1.736326471511184
1771058401102406859,-1.2433703850042952,-1.7836193572133094,1.7349182368802571
1771058401202409918,-1.2452440834344167,-1.772419674952796,1.7378935036475947
1771058401302427835,-1.247550624797578,-1.7589089514631322,1.7414724006566251
1771058401402455832,-1.249846173589253,-1.7456793903206478,1.743567593928472
1771058401502491403,-1.251790719402082,-1.7344918691515119,1.7423950041748122
1771058401602596989,-1.2541094003058357,-1.7210541403324902,1.7413335455526129
1771058401702410834,-1.2564886094337866,-1.7071916903960744,1.740974780492017
1771058401802501141,-1.2587697904533446,-1.693894718484409,1.7408154780173057
1771058401902351375,-1.2606877850013016,-1.6826965765355766,1.74038188479669
1771058402002509503,-1.2629787047907626,-1.6692092393711189,1.7389173383421825
1771058402102429035,-1.2652030154761391,-1.6560630653547594,1.7389957248410841
1771058402202490842,-1.267437122758738,-1.6429675164825106,1.7406636317742599
1771058402302517791,-1.2693638086354189,-1.6317451538410932,1.7411623519144892
1771058402402446301,-1.2715907336957706,-1.6187444739831776,1.7394077554591068
1771058402502400441,-1.2738898367489573,-1.605061495241646,1.735398106579241
1771058402602480061,-1.275761754091704,-1.59374494999145,1.7333736182253119
1771058402702412499,-1.2780160730541783,-1.579994718178936,1.7334643571986956
1771058402802507379,-1.2801909915095822,-1.5703286522748616,1.731352230023531
1771058402902460356,-1.2665669999441356,-1.5979462432814593,1.6512953061360331
1771058403002488798,-1.2230852851966496,-1.570894714108535,1.574875890793591
1771058403102501255,-1.223139250489945,-1.557265556006307,1.5751263705671745
1771058403202422115,-1.2231967779609736,-1.543515748845107,1.575063721442566
1771058403302537058,-1.2232468006428245,-1.5321433186930715,1.5751327424976855
1771058403402466625,-1.223296539942643,-1.5183117485392943,1.5737438677735642
1771058403502522455,-1.2233209995302037,-1.5046982546361782,1.5724122626562587
1771058403602367298,-1.2233208494926604,-1.4908702343530074,1.570546174008537
1771058403702385756,-1.223322415411598,-1.4794926046034593,1.5720934976849832
1771058403802332927,-1.223355196891303,-1.4658572179374048,1.5738721432488179
1771058403902329943,-1.223389620409785,-1.4522131308899269,1.5725989767185453
1771058404002341307,-1.2234029519703462,-1.4407532554590574,1.5709893549152745
1771058404102446196,-1.2233902836335648,-1.4267811421135708,1.5686834192609718
1771058404202410204,-1.2233634327195197,-1.4151868676213049,1.5685112338591092
1771058404302295089,-1.2233231237678739,-1.4013561918445152,1.5674597662702927
1771058404402319153,-1.223273204568068,-1.387682554829711,1.5666062456128893
1771058404502482895,-1.223216509183099,-1.374579108485685,1.566701306932455
1771058404602489885,-1.223183050826239,-1.3633499528176305,1.569106611091448
1771058404702469523,-1.2231710983875992,-1.3494550219855075,1.571491349442393
1771058404802384587,-1.223182204845095,-1.3357350478572494,1.5718042008755935
1771058404902386778,-1.2231835298743325,-1.3242640348466033,1.5699026874162603
1771058405002552213,-1.2231524521002495,-1.3106136207075068,1.5678670213680193
1771058405102484705,-1.2230976895625094,-1.2968363099685494,1.56737047967411
1771058405202409352,-1.2230610194307143,-1.2833088411214852,1.5695481219541099
1771058405302477595,-1.2230555811180643,-1.2721908083994222,1.5713187743772008
1771058405402272762,-1.223064437500847,-1.258421731798581,1.5713581709084385
1771058405502422301,-1.2230633159250193,-1.2450210609145955,1.5700895415744707
1771058405602416161,-1.2225837131309687,-1.235009893387982,1.5686098015811418
1771058405702381526,-1.21255177669752,-1.246102999269036,1.5683327835843484
1771058405802479406,-1.2029638923812733,-1.255929610995178,1.5667059128693916
1771058405902415014,-1.2029063109787144,-1.2445048748704224,1.564770534441951
1771058406002492415,-1.2028197371218319,-1.2306701627138192,1.5641373198745354
1771058406102466481,-1.2027413811522552,-1.2174723242973116,1.5656534705924772
1771058406202476727,-1.2027064444192916,-1.206003928751871,1.5697680126993985
1771058406302449742,-1.2027032610726298,-1.1926158211773714,1.5716015071103733
1771058406402357350,-1.2027096666353234,-1.178830128962277,1.5705630973022575
1771058406502392885,-1.2026792242870297,-1.1650292346631526,1.5673405567156147
1771058406602485580,-1.2026210873245136,-1.1536818918858707,1.5647985385675722
1771058406702480557,-1.2025372167439432,-1.1398189681209345,1.5657188533955546
1771058406802520810,-1.202468248957242,-1.1263557560408692,1.5665235549600378
1771058406902470139,-1.2024198202058152,-1.1152391687180216,1.5665387496417313
1771058407002507658,-1.202356161376672,-1.1017973241189054,1.5655817722177299
1771058407102408619,-1.2022795756681424,-1.0884752880047115,1.5649560397084339
1771058407202598515,-1.2022055878252118,-1.0746737085561557,1.5657227706967034
1771058407302361630,-1.2021450262508582,-1.0635570032540542,1.5652465623520313
1771058407402540345,-1.202051892974369,-1.0497412569170388,1.5622935219231706
1771058407502343628,-1.2019272158665615,-1.0360243195814611,1.5606406140637417
1771058407602407903,-1.2018086827992027,-1.0225375124036598,1.562574740951936
1771058407702413996,-1.2017360489516484,-1.009412777194445,1.5671506253176597
1771058407802428935,-1.2017112220734187,-0.9981672286288248,1.5699120841536005
1771058407902421482,-1.2016984953852692,-0.9846142695708284,1.5695502048330847
1771058408002540492,-1.2016726333992729,-0.9707281734221533,1.5680687819026147
1771058408102370972,-1.2016255703682326,-0.9592079002593499,1.566088184755953
1771058408202401036,-1.2015531908637058,-0.9451810135532179,1.5660121282263342
1771058408302390060,-1.2014829728907674,-0.9311564930777472,1.5662363650648294
1771058408402263292,-1.2011692145290702,-0.9200557877900719,1.5664844522047634
1771058408502258178,-1.1955646705807705,-0.9116292252492348,1.5611559715806498
1771058408602475973,-1.189942131849417,-0.9025491217004316,1.5571524481274233
1771058408702378502,-1.189797655714421,-0.8911062150872624,1.5588961751255606
1771058408802333631,-1.1896472782926004,-0.8773878694686674,1.5598946354434353
1771058408902397550,-1.1894742001672505,-0.8634888240935368,1.5567744753374957
1771058409002361416,-1.189292940055707,-0.8518994246165859,1.553370690276949
1771058409102484213,-1.1890504995696922,-0.8379935718279796,1.5531532554769172
1771058409202474635,-1.1888660792174814,-0.826463558649519,1.5560927562011775
1771058409302434879,-1.1886930302649876,-0.8131932048474484,1.5588761713034798
1771058409402449738,-1.188540446888105,-0.800059125375479,1.5596062047800936
1771058409502505567,-1.1883831275107086,-0.7862669570237628,1.5593554323381371
1771058409602492081,-1.1882431207947395,-0.7747669950373339,1.5588095989087383
1771058409702495508,-1.1880807331340915,-0.761197415280848,1.5591632586368915
1771058409802495219,-1.1879142950377108,-0.7476448636375137,1.5584756996863767
1771058409902403903,-1.187720360793393,-0.7340499981015522,1.5555289645748975
1771058410002404986,-1.1875371621144124,-0.7228281309216769,1.554450025082229
1771058410102477160,-1.187317354347659,-0.7096354085679648,1.5550252225137213
1771058410202274095,-1.1871136242657094,-0.6958347401523266,1.5569478269999724
1771058410302473885,-1.186925037454147,-0.6824862319247957,1.5564699988581028
1771058410402354050,-1.1867479509671863,-0.6713215537592934,1.553174418178655
1771058410502369074,-1.186481647866776,-0.6573509721795245,1.5503220178244759
1771058410602458852,-1.18618155077095,-0.6433134478982803,1.5488144380109874
1771058410702472624,-1.1859219882007368,-0.6316900723371344,1.5482196334920189
1771058410802480354,-1.1856255728348488,-0.6183997884654664,1.5491426202323664
1771058410902375508,-1.1853310864360056,-0.6048925766698625,1.5488343308418726
1771058411002287975,-1.1850465264131973,-0.5917030653174669,1.5495618919960583
1771058411102406854,-1.1848141454663015,-0.5805613256510398,1.5508660086517825
1771058411202487849,-1.1840650071309824,-0.5671421313400336,1.5513594440271794
1771058411302361647,-1.1729274652813242,-0.5636169451211543,1.5406270136672706
1771058411402460988,-1.1616004244914686,-0.5590500570595882,1.5275460906566176
1771058411502353992,-1.1611062514564425,-0.547622091862471,1.5281272716797014
1771058411602298455,-1.1605095108590149,-0.5337145090179742,1.5290730949429014
1771058411702473292,-1.159965413839589,-0.520246853854351,1.531778161875381
1771058411802509151,-1.159534989017554,-0.5090029452794775,1.5326787832337099
1771058411902500675,-1.1590093445220555,-0.4954107201771585,1.5312742212879162
1771058412002462993,-1.1584527421899917,-0.4815735274454269,1.5296368568411138
1771058412102419334,-1.1579818806862656,-0.47010864015360543,1.5297456424261122
1771058412202379672,-1.1574193761270264,-0.4563558571538371,1.529819498659962
1771058412302487905,-1.1568388649325376,-0.4424988121795135,1.5281001080040262
1771058412402370645,-1.1563530446159822,-0.43104795542886354,1.5284653728578523
1771058412502372734,-1.1557894898512702,-0.4175333206623204,1.5296062621127426
1771058412602294278,-1.1552511672254075,-0.40389922428853886,1.532616976701704
1771058412702419804,-1.1548466773579085,-0.39304586398325725,1.5350483841022575
1771058412802316500,-1.154353379909721,-0.379495180202027,1.533869784896933
1771058412902380508,-1.1538309225219834,-0.36600578017228624,1.5305379097349578
1771058413002375884,-1.1532756126360306,-0.3527070980469542,1.528447538988102
1771058413102556602,-1.1526905374671914,-0.33891898542388343,1.5291640564073652
1771058413202516614,-1.1522175062069513,-0.32737620833608094,1.5314656445114463
1771058413302611116,-1.1517014304808386,-0.3141308960755067,1.5324283562571013
1771058413402428043,-1.151174691743778,-0.3006834004339476,1.5311355084346876
1771058413502407052,-1.1507263160594183,-0.2896715596532413,1.529374498260632
1771058413602546380,-1.1501444791624458,-0.2755453036663731,1.5296436027245164
1771058413702481265,-1.1495810500399353,-0.2619258150828241,1.528968302875097
1771058413802396942,-1.1489979989506507,-0.24845776004224707,1.5261309332461885
1771058413902386652,-1.1484653777864837,-0.23697229723191438,1.5227034387838991
1771058414002501032,-1.1475530314475044,-0.22374915701410192,1.5220245980208322
1771058414102490346,-1.140531640912557,-0.22169885377226706,1.5038314365601948
1771058414202509066,-1.131221738624343,-0.21862895146996575,1.486602086571054
1771058414302467761,-1.1300677857759744,-0.20498746354225972,1.485826159052765
1771058414402334580,-1.128869635356276,-0.191085509056804,1.4838345091142575
1771058414502400401,-1.127856263962471,-0.17963830768911127,1.4816330845100547
1771058414602435934,-1.1265902501125673,-0.16557613445391084,1.4809761246810649
1771058414702421631,-1.1253453563071956,-0.15173243185393748,1.4812932566261494
1771058414802503553,-1.1243771832053726,-0.14095362599380756,1.4819350515107372
1771058414902374689,-1.1231690541061834,-0.12751107450907018,1.4811865173649936
1771058415002317213,-1.1219434966090347,-0.11387496996896651,1.4815804119428715
1771058415102294228,-1.1209482733407476,-0.10279579997601918,1.4813875169799702
1771058415202711781,-1.119714730775991,-0.08907442439396362,1.480306252669182
1771058415302344574,-1.1184584582517987,-0.07539093863878055,1.4777969003918803
1771058415402416441,-1.117150554262576,-0.06167871895553123,1.4737939267724252
1771058415502483921,-1.11600793294674,-0.05014425703554881,1.470908209550641
1771058415602319594,-1.1146473287098164,-0.03643470770562729,1.47314603023568
1771058415702317739,-1.113340339020084,-0.022843266702211373,1.4760530035922392
1771058415802391360,-1.1122801679576213,-0.011701773673382654,1.476180994012681
1771058415902410436,-1.1110014807899518,0.0015952601852555759,1.4742140427640378
1771058416002591063,-1.109676999876239,0.015165163304823537,1.472906680871447
1771058416102354863,-1.1085301594371035,0.026774002907496097,1.4722199759677388
1771058416202517219,-1.107147244473599,0.040650326066789866,1.471252948991468
1771058416302506773,-1.1057601755528434,0.054360950711658695,1.469204540402518
1771058416402451481,-1.1046041215468883,0.06550246982586572,1.4669737973305823
1771058416502497183,-1.1031762430324257,0.07909459618242565,1.466309144453903
1771058416602491586,-1.1017608080427106,0.09267434092307525,1.4682901147798602
1771058416702496490,-1.1003993363039895,0.10586710576091019,1.4678007853189863
1771058416802343389,-1.0987288305394953,0.11614870085220819,1.46507296404424
1771058416902421464,-1.0868781271459298,0.10969182089176854,1.4584486815696416
1771058417002344831,-1.0752887527277446,0.10459218974163065,1.4520881736076172
1771058417102512131,-1.073931644640667,0.11591846552885521,1.4514513500308657
1771058417202505157,-1.0723534176699108,0.1292000884368747,1.4531892176958776
1771058417302527599,-1.0707655495578265,0.14268884781746927,1.4538246885380675
1771058417402417105,-1.0694552262393637,0.15384578329636422,1.4542047093352832
1771058417502502819,-1.0678444739886395,0.16754133096088708,1.4539807913386182
1771058417602464134,-1.066230579601763,0.18133213439883544,1.4549371460935454
1771058417702352748,-1.0648911143807673,0.19282250088152963,1.4544365073230414
1771058417802457970,-1.0632936727303122,0.20630602706851953,1.4515712873681683
1771058417902378075,-1.0616452487125798,0.21996839832200177,1.4505161491006657
1771058418002517663,-1.0602478707700893,0.23148986304151453,1.4511986231856076
1771058418102608912,-1.0586661536310675,0.24471458323573447,1.4534609501889664
1771058418202293799,-1.0570837089362515,0.25823576250668623,1.4549446904838035
1771058418302491463,-1.0557620556908454,0.26950958418962845,1.4530926722132615
1771058418402471619,-1.0541381689367277,0.2831054551104293,1.4505036027086988
1771058418502431426,-1.0524599778664667,0.2968881430868091,1.4492190157660825
1771058418602416861,-1.0507912402853377,0.31048848047726807,1.4487358804438941
1771058418702260454,-1.0494274604870562,0.32157459744495664,1.4481770111293384
1771058418802478157,-1.0477349606841404,0.3352681719619479,1.447388864301502
1771058418902510603,-1.0460770848345646,0.34857434596881554,1.4470662694112577
1771058419002501649,-1.0446713660458427,0.359916894115357,1.448697006410319
1771058419102528349,-1.0430178967920458,0.37337588668233135,1.4492558138107654
1771058419202629433,-1.0413354690346086,0.3871227369827581,1.44903902199004
1771058419302430679,-1.0399296507590385,0.39850031742684244,1.4467982306878473
1771058419402447380,-1.038219493171411,0.4120271301716203,1.4440453527015082
1771058419502543293,-1.0364499678129802,0.4258494367754446,1.4441367406050796
1771058419602408131,-1.0347223541469601,0.4377722247575129,1.4456349777977222
1771058419702365969,-1.0271104930941952,0.46073439722105203,1.4364648474007045
1771058419802483895,-1.0189194405207722,0.48381129740917306,1.425413275996951
1771058419902474104,-1.0172463053467986,0.49514934531322474,1.4232498861749128
1771058420002840848,-1.0152296971670074,0.5086898675500748,1.4224936027737536
1771058420102416736,-1.0131512047159754,0.5225930046198011,1.4224507946733689
1771058420202493617,-1.0114413485568097,0.5339818938175354,1.4212736729699054
1771058420302479263,-1.0093712588497574,0.5475496485204312,1.4177288513786945
1771058420402478014,-1.007290059848156,0.5610229472795609,1.4173634851359533
1771058420502613679,-1.0055901773841587,0.5720338831099996,1.418353875017968
1771058420602482099,-1.0035106559239528,0.5856545908327506,1.4205612528368214
1771058420702476803,-1.0015099887701577,0.5988460797138515,1.4202163008498558
1771058420802554105,-0.9994808835496238,0.6121306405283793,1.4181727764860619
1771058420902470027,-0.9976895093738198,0.6236489993613139,1.4156528232543981
1771058421002529134,-0.9955053063345929,0.6374938908204895,1.4136912228377372
1771058421102477713,-0.9933572461955187,0.6510509202455248,1.414658773589882
1771058421203164934,-0.9915989372108349,0.6622418671675412,1.4157151540714057
1771058421302542364,-0.9895052504109465,0.6756248916231371,1.4156478234407261
1771058421402474612,-0.9874128270778302,0.6889535848231878,1.4150493100014798
1771058421502747526,-0.9856175181952809,0.7003030591647876,1.413507851650967
1771058421602895900,-0.983457923373062,0.713937146947039,1.413614871027573
1771058421702324078,-0.9812545290671437,0.7277843432117219,1.412489760453883
1771058421802477872,-0.9794332259433647,0.7390697916954245,1.409178977845476
1771058421902410591,-0.9771613310799765,0.7529092080777291,1.4075971633993662
1771058422002385431,-0.9749783518716928,0.7662296478061892,1.4092434108833483
1771058422102383310,-0.9731619708520789,0.777467064922555,1.4118052978896558
1771058422202294182,-0.9710626369134951,0.7906450705036763,1.4137564944154346
1771058422302316799,-0.968972706247575,0.8037884173693142,1.4125301682612648
1771058422402454908,-0.9676122476409885,0.814828261252214,1.4079159881904866
1771058422502501420,-0.9603761888535276,0.831268678470809,1.3380357884485763
1771058422602340604,-0.9252031221261792,0.8686423434740682,1.2731368527447688
1771058422702529371,-0.9218137908129185,0.8797005624383836,1.2741387856372013
1771058422802379155,-0.9178527697351724,0.8926476158470695,1.2742967570262034
1771058422902481205,-0.9139482490014723,0.905406982018869,1.2741889204550798
1771058423002473954,-0.9100221454936266,0.9182384092267295,1.2745165158051937
1771058423102357247,-0.9066585345668114,0.9292351355794946,1.273589837534044
1771058423202429434,-0.9026378931127912,0.9423439632032187,1.2722090349813298
1771058423302480030,-0.8984689812390849,0.9557957653296834,1.2685750797848725
1771058423402464929,-0.8949961401786579,0.966884387827875,1.266063820333192
1771058423502447484,-0.8908168214741226,0.9801734142871616,1.2665107038524708
1771058423602391314,-0.8868794237187405,0.9927655715861503,1.2686935504508405
1771058423702691239,-0.8835415474894841,1.0035089897781795,1.2697990232714873
1771058423802362044,-0.8795511015223605,1.0163814114927048,1.2702548122757982
1771058423902491611,-0.8754694034231854,1.0295306020603068,1.269571900124891
1771058424002509964,-0.8719819676909886,1.0407288117595517,1.268852887030863
1771058424102555996,-0.8678962591707036,1.0538281538746137,1.2680139479837695
1771058424202394859,-0.8637513344132168,1.0670478489409891,1.2662626889791593
1771058424302356508,-0.8602844512189973,1.0780687095843504,1.2661701630348583
1771058424402532089,-0.8562226115990343,1.0909362264888367,1.2642508395413752
1771058424502368407,-0.8520318989441025,1.1040656900387704,1.259813328328803
1771058424602432914,-0.8479202894358044,1.1166924366871536,1.25364097091886
1771058424702395265,-0.8443984399117186,1.127233106900536,1.2441819331343678
1771058424802411129,-0.8399049173250388,1.1401965545099575,1.2304681720174246
1771058424902448944,-0.8350896685772007,1.153457861363802,1.2167627118590723
1771058425002493182,-0.8309890297285962,1.164403557262239,1.2080159418543894
1771058425102507297,-0.825983923716481,1.177407955083309,1.1994013857287524
1771058425202631184,-0.8241594997601362,1.187090352618993,1.1840890102960437
1771058425302479320,-0.8314938776869605,1.1691310935000145,1.0564762906555425
1771058425402509556,-0.7436656541292006,1.1983973378307295,0.9311343290054236
1771058425502582614,-0.7353798682863291,1.209440961711925,0.9218659525169297
1771058425602492639,-0.7283914472486641,1.218574949839088,0.9125725235840573
1771058425702350023,-0.7197661996189604,1.2296139125774288,0.9013795443297836
1771058425802273654,-0.7109058248967832,1.2406712591924336,0.8887771509340255
1771058425902349087,-0.703766131988675,1.2493896340397912,0.8795269689228659
1771058426002284080,-0.6950566842062553,1.2598818590666547,0.8746468170364536
1771058426102364036,-0.6862928936588597,1.2703180657429596,0.8691923431597993
1771058426202313752,-0.6788588073742696,1.2790387080558752,0.8604593331470715
1771058426302386124,-0.6697529192990741,1.2894959285931336,0.847918034034814
1771058426402392079,-0.660444084865242,1.299889043494301,0.8346194258145258
1771058426502489419,-0.6527574569509094,1.3082926055441364,0.8254226240962509
1771058426602354632,-0.6432489866939717,1.3184914290901282,0.8156999559759327
1771058426702334126,-0.633753253602503,1.3284921769832518,0.808037021605147
1771058426802365860,-0.6258958035221349,1.336656498360044,0.8012045275115053
1771058426902429716,-0.6164609238718315,1.346305572088717,0.7919873081304177
1771058427002419378,-0.6086057631147108,1.354181778861069,0.7814857177713319
1771058427102383938,-0.5987221212543288,1.3638940211141883,0.7702788434986685
1771058427202408393,-0.5883522917327673,1.3738472427417223,0.7588924192674819
1771058427302407709,-0.5799199145939777,1.3817689743116128,0.7490933895967988
1771058427402332322,-0.5698553842020448,1.3910624281744552,0.7410695289476232
1771058427502396704,-0.5598670403528692,1.4001243342643495,0.7319907052490076
1771058427602349661,-0.5514215995875187,1.407647873513595,0.722704677150406
1771058427702385217,-0.5410115901275807,1.416755737272867,0.7135585582170728
1771058427802358734,-0.5303805134817976,1.425857075071808,0.7035447063006788
1771058427902384652,-0.5215749614393443,1.433245735723955,0.6929395121050596
1771058428002458702,-0.5110550965507876,1.4418470025833972,0.6797387508960581
1771058428102340788,-0.49992231790367736,1.4502248484885647,0.6656210313817696
1771058428202355389,-0.49065629486061635,1.45687912684031,0.6555937667014556
1771058428302347536,-0.4797846781823125,1.465178051930486,0.648171134771183
1771058428402359633,-0.46892868364937446,1.4733114602214474,0.6390566739264246
1771058428502365767,-0.4600266226366303,1.4798552061235721,0.6289701393880702
1771058428602350510,-0.4489995694532558,1.4877693580354245,0.6156464221564039
1771058428702341927,-0.43767832809030693,1.495688867184021,0.6051210961667584
1771058428802478582,-0.4261422038127609,1.5035962165800898,0.5965116403381842
1771058428902421205,-0.41686245811579425,1.5098429923119618,0.5880573328898174
1771058429002410356,-0.40562538217488076,1.5172685624710316,0.5787427776039124
1771058429102374465,-0.39447233001665793,1.5244713230041351,0.5682205075377508
1771058429202405292,-0.3848384154031539,1.5305651141236027,0.5589624238561015
1771058429302329424,-0.3729314491548621,1.5379462724234143,0.5492986889068341
1771058429402467577,-0.3611597706872507,1.5450730289617716,0.5376319755457061
1771058429502323568,-0.3492569314168179,1.5520594985099487,0.5256881491354696
1771058429602532076,-0.33924081638308845,1.5578004659219142,0.5162211680771314
1771058429702441760,-0.3275270025708199,1.5643907190444888,0.5087303431309881
1771058429802319453,-0.31610981514878844,1.5707031064959218,0.5021191465574665
1771058429902482604,-0.3042165744888736,1.5771537690636221,0.4929219487198131
1771058430002334778,-0.2941230831277917,1.582489509299554,0.4803688251198516
1771058430102419874,-0.28181221298057846,1.588788989945804,0.46719189830555763
1771058430202368468,-0.2694378535230628,1.5949361633876826,0.45582174417156746
1771058430302315459,-0.25938285840135755,1.5998089183327364,0.44674068922699045
1771058430402311894,-0.24668712242803625,1.6058277990938983,0.4374695960085254
1771058430502400447,-0.23414810941540054,1.6116196642979834,0.4282182270304315
1771058430602372807,-0.22399482079128852,1.6162038552253417,0.4197485623996603
1771058430702398849,-0.21163241827076718,1.6216607528199312,0.4107216960738086
1771058430802276427,-0.19894994415368839,1.6265975191999145,0.3990651374712891
1771058430902434654,-0.18793827909077976,1.620498722466857,0.38303509073632047
1771058431002403486,-0.1743799589198325,1.6156523656901167,0.3674623901853504
1771058431102384267,-0.1614298604055664,1.6205670364599052,0.3588151523376466
1771058431202455572,-0.1511944227578308,1.624361532293841,0.35216508629168314
1771058431302286304,-0.13872515259393126,1.6288855888078486,0.3439776664390412
1771058431402397645,-0.12570694383737457,1.6334812106256735,0.3355562811726037
1771058431502363878,-0.11488654532448006,1.6371954688626333,0.32598531368209477
1771058431602339078,-0.10185513158595416,1.6415126683294603,0.313937274068842
1771058431702369594,-0.08871680803529625,1.6456786567149275,0.3016437431072791
1771058431802648328,-0.07765859401340958,1.6490521987692541,0.2905152490488493
1771058431902386061,-0.06415796219337278,1.6530358115317036,0.28214589936645884
1771058432002491061,-0.05082017694920449,1.6568404259182623,0.27366308808150164
1771058432102415679,-0.04006742006797026,1.6597996703955706,0.2637964834235478
1771058432202395723,-0.027018039023244178,1.6632575005087018,0.2531209293436709
1771058432302340820,-0.013600767085901744,1.6666386836085616,0.24079727771650158
1771058432402337105,-0.00230195743370043,1.669355249077629,0.23133257825095882
1771058432502329954,0.011494472896772301,1.672544074119398,0.2217333593616667
1771058432602369142,0.022579780112742753,1.6749906064575728,0.2123764460083658
1771058432702388121,0.03573934869709294,1.677767643274645,0.2027877370964311
1771058432802449902,0.04882610817381572,1.6803891403602398,0.19183252516547863
1771058432902414397,0.06194890671956177,1.6828626958083812,0.1816816419237356
1771058433002415191,0.07540597775528735,1.6852749109010445,0.1735446359433342
1771058433102407924,0.08654456468145977,1.6871625810735327,0.16293957175134174
1771058433202404315,0.10019350388578818,1.6892896973843055,0.14807351590173123
1771058433302407699,0.11373540752093447,1.6912212811039002,0.1364181428586203
1771058433402386325,0.12463795964737301,1.692673494794509,0.12800276436409144
1771058433502403195,0.13844505847817334,1.694391970977453,0.11904863031506535
1771058433602452428,0.15174652388803533,1.6959324823299924,0.11031989283408218
1771058433702450862,0.1628607145291383,1.697099383060349,0.09915053696080933
1771058433802391356,0.1766027926627931,1.6983749414408464,0.0851713857591975
1771058433902368730,0.19051364534543502,1.6994838248992492,0.07468445085970436
1771058434002319142,0.2020380587643995,1.7002979658755537,0.06540950283980144
1771058434102401282,0.2159873789516551,1.7011509593897056,0.05555831213042416
1771058434202412286,0.2298367363241942,1.7018619256416976,0.04648919783671538
1771058434302482233,0.24104144996321786,1.7023368864074961,0.03824172559450382
1771058434402473679,0.25448951195969727,1.7028054967527297,0.030878851811931004
1771058434502303615,0.26821199739629265,1.7031535362420707,0.021040632658457518
1771058434602366408,0.27979924173153936,1.703333107462075,0.011269273525479151
1771058434702394725,0.29383513486571644,1.70340837049089,-0.0010593974003165053
1771058434802381562,0.30773827865686965,1.7032909646822936,-0.014339411549990444
1771058434902450948,0.3189763948220872,1.7030714045101103,-0.024192101637135234
1771058435002402949,0.33272066699812974,1.7026922665400686,-0.031047909272160203
1771058435102401934,0.3462989202269071,1.702215456355359,-0.03847364228939165
1771058435202470874,0.35735248346811765,1.70173894405985,-0.04771509498820763
1771058435302329179,0.3710363705062427,1.7010078645388678,-0.060142412891832815
1771058435402447294,0.3847646440053323,1.7001152200901686,-0.07069869027269204
1771058435502406423,0.39864412187575926,1.6990438682672568,-0.08330792612429697
1771058435602406160,0.41027265158506765,1.6980184567278762,-0.09235393363382101
1771058435702386550,0.4240849710294121,1.6966819796211556,-0.10155462976814007
1771058435802402789,0.43516093571871917,1.6955169083365216,-0.10870248216390356
1771058435902420491,0.448583416015369,1.6939956002507186,-0.11816386685925181
1771058436002308412,0.46213938512084596,1.6923143805158758,-0.1286160096304025
1771058436102296592,0.4735055218506474,1.690780032899783,-0.13891176273939007
1771058436202383261,0.48751922215076426,1.6887427071823602,-0.15093950741364753
1771058436302346644,0.5014322297213809,1.6865574880052945,-0.16106752785839998
1771058436402369150,0.512161421441844,1.6852573225262901,-0.1679895566104194
1771058436502304267,0.5200458242463419,1.6947766561174862,-0.1598767647425523
1771058436602374716,0.5293777877499855,1.7049479119843451,-0.15017460912842662
1771058436702344891,0.543264806065249,1.7027954866296637,-0.1566630452552747
1771058436802398126,0.5544413703876252,1.7009825282839244,-0.16500227699483375
1771058436902412205,0.5681387875139086,1.6986164473243273,-0.17827342534569346
1771058437002374245,0.5820072620704773,1.6960022888670205,-0.19318165273459584
1771058437102402597,0.5932346325346032,1.6937525040842338,-0.20238518667387712
1771058437202409959,0.6068014836267883,1.6909229971772843,-0.20848119072527088
1771058437302383466,0.6197394278425392,1.688134840715478,-0.2159145882632468
1771058437402416787,0.6307480504956784,1.6856670867770083,-0.22529159296882764
1771058437502426464,0.6440562379280914,1.6825662192342543,-0.2338231464997002
1771058437602423265,0.6574436401473447,1.679305820245041,-0.24382413574022924
1771058437702332899,0.6686476586378083,1.6764500064740555,-0.25499573451962293
1771058437802345471,0.6822044214609093,1.6728496640165957,-0.26422036591615405
1771058437902369465,0.6931741030035594,1.6698277325088662,-0.2736733134822517
1771058438002316110,0.7064961758340909,1.666016806477817,-0.28401768184981874
1771058438102347783,0.7194958412672552,1.6621599783581296,-0.2923780584651959
1771058438202370229,0.7302176768800885,1.6588922803185078,-0.29933148626426426
1771058438302326858,0.7434032953586085,1.6547443634802326,-0.3107514589826978
1771058438402351057,0.7568382739898949,1.6503311262591938,-0.32361670434066475
1771058438502313568,0.7677333342541379,1.646594482364057,-0.3368899351223915
1771058438602351524,0.7808540136827293,1.6419291661197049,-0.34742210240878885
1771058438702380382,0.7937367964461677,1.637200301177181,-0.35552120803624654
1771058438802417897,0.8043423062900805,1.633209744083743,-0.36378118489043787
1771058438902370819,0.8169776580002415,1.6283363271229092,-0.3729170638039835
1771058439002306648,0.8293621430660458,1.6234238641754262,-0.38220580582014346
1771058439102388693,0.8420115533129593,1.6182528035393875,-0.3936134612869611
1771058439202545262,0.8522984335679871,1.6139170448246327,-0.4045475767506815
1771058439302334475,0.8652189311463259,1.6083101200070615,-0.41480117557865503
1771058439402393346,1.770952853795893,-0.0585797025107353,-0.2749786601769112
1771058439502286788,1.7818932245980088,-0.061673070420737996,-0.27579957284928613
1771058439602366379,1.794811541569313,-0.0653344415669106,-0.2766329290033255
1771058439702400753,1.8075097797643567,-0.06894616410954901,-0.2763884234829612
1771058439802405590,1.818529549842184,-0.07208058630170822,-0.2773870460847496
1771058439902403684,1.8318102557585414,-0.07588649350317622,-0.28030354740623753
1771058440002349187,1.8451920974283604,-0.07977685862967432,-0.2852938309319175
1771058440102372444,1.8583858610650212,-0.08366447152216505,-0.28763925167937093
1771058440202415440,1.8692912944724895,-0.08689524946122207,-0.2886811748032338
1771058440302391366,1.8826097358063683,-0.09085224683371296,-0.2893708271127721
1771058440402368134,1.895718619539534,-0.09474856381242036,-0.2882065682139608
1771058440502301619,1.9063412209128652,-0.09790620515364212,-0.2890904666363298
1771058440602311200,1.9193891051245524,-0.10179768775289544,-0.2900446674686734
1771058440702405364,1.930253667370157,-0.1050483745303965,-0.2914206831783596
1771058440802425235,1.943568300043303,-0.10905879374632876,-0.2941152079959212
1771058440902348500,1.9568186127916443,-0.11309535541086913,-0.29825166233942785
1771058441002364484,1.9700936460705236,-0.11717076492937029,-0.2974798895834882
1771058441102345916,1.9807733602270927,-0.12043823783212071,-0.29641777277501746
1771058441202355152,1.9937696276371524,-0.12440805293811996,-0.29769011699180026
1771058441302643013,2.006957854415428,-0.12845964069247673,-0.2977519457898532
1771058441402396667,2.017907141100662,-0.13183271137744645,-0.2999320257174572
1771058441502275362,2.031179016491879,-0.1359676542769428,-0.3044852290830329
1771058441602333181,2.044386314013872,-0.14015645269797217,-0.3086106732344005
1771058441702395087,2.0553042638425314,-0.14364846151611532,-0.3109721544728038
1771058441802356942,2.068735106378572,-0.14796896309726337,-0.31185474489624193
1771058441902354625,2.0817998069117083,-0.15217224518697225,-0.31073284622122155
1771058442002345516,2.091235102154511,-0.15505933269897687,-0.30847651797525566
1771058442102344196,2.083121972093527,-0.14706176841899588,-0.27819894377798127
1771058442202305254,2.077971006129939,-0.1357024442828152,-0.251217253977317
1771058442302327139,2.0913781295261664,-0.1391688397817621,-0.25468863861649255
1771058442402547806,2.1046792416417937,-0.14266411303518378,-0.2595541806973649
1771058442502369246,2.117957564257078,-0.14620452799874606,-0.26119253659579755
1771058442602395429,2.1288103840420742,-0.14910511551177974,-0.26100971806177586
1771058442702313034,2.1420783258180887,-0.15264556396418794,-0.2609600797790463
1771058442802378573,2.1553918680398176,-0.15618198740226497,-0.2584710425257691
1771058442902378295,2.1663717185201827,-0.15908810659412342,-0.258970996402841
1771058443002340234,2.179428433168111,-0.1625638195053516,-0.2620013644106025
1771058443102386030,2.1926851879216933,-0.16614489036660718,-0.26470467774320144
1771058443202489898,2.2037855065327188,-0.16917768543221756,-0.26853097042213875
1771058443302377690,2.2174607182154036,-0.17295973154495092,-0.2720171335474834
1771058443402425310,2.230974337275768,-0.17673829264945784,-0.2727842891241222
1771058443502321047,2.2418662415296984,-0.1797792327301977,-0.2717226423778717
1771058443602415046,2.2547462702935963,-0.18335794731101362,-0.27069675388116626
1771058443702406197,2.2677623599401695,-0.18696401151513609,-0.2698030630325736
1771058443802343394,2.2788933981337696,-0.19005207599937224,-0.2712050743800611
1771058443902408738,2.292356429808934,-0.19382863979956966,-0.275962857594235
1771058444002315807,2.3057197310578985,-0.19763998759606505,-0.2794647472541703
1771058444102406405,2.316649244234335,-0.20079053859608642,-0.2821850414215463
1771058444202412179,2.32995252580144,-0.20465420738826845,-0.2836312081684329
1771058444302411601,2.3432838681201273,-0.20852724062591133,-0.28217671425484053
1771058444402446471,2.354197527010604,-0.21169025957210685,-0.2823474331844797
1771058444502432417,2.367292472760437,-0.21550587128360554,-0.2851490654331088
1771058444602408444,2.3800711087954234,-0.21927314426847122,-0.2876585457327573
1771058444702758570,2.3909458469368348,-0.22251114356475243,-0.29088100362189273
1771058444802408490,2.404557719874826,-0.22760659365283198,-0.294368338402168
1771058444902435325,2.421705228433712,-0.24973438871022546,-0.2602383270963792
1771058445002387917,2.441424236793991,-0.2648802006495603,-0.22624662876575877
1771058445102447459,2.4544809883942116,-0.26788595315976726,-0.22650256556031198
1771058445202282210,2.4677101254624256,-0.2709306598994212,-0.2257408446210317
1771058445302484918,2.4788137504200547,-0.2734801454378557,-0.22568140149725405
1771058445402472121,2.4923352201180764,-0.2765985500474568,-0.22782761056655396
1771058445502504462,2.505874695878884,-0.279761387226781,-0.23107166956281372
1771058445602417783,2.5168535177692455,-0.28237299062273635,-0.23618106985109094
1771058445702370250,2.5305137158546205,-0.28568210959498863,-0.238663916805174
1771058445802478767,2.5417437178035396,-0.2884126823464408,-0.23909559410451464
1771058445902455731,2.555208065393606,-0.2917012568429156,-0.24011996249247547
1771058446002478984,2.5683347500539395,-0.2949073246087668,-0.23894257073808048
1771058446102504717,2.5790487586055297,-0.29752940312712406,-0.24118609387604364
1771058446202306759,2.5926670679356243,-0.30090287259059245,-0.24426242608002952
1771058446302475968,2.606490659885161,-0.30436460179720104,-0.24588399992468055
1771058446402498214,2.6177552742778816,-0.30721737386955006,-0.2500797905155987
1771058446502386162,2.6309253321593524,-0.3105963160077936,-0.25291744877040756
1771058446602419890,2.643886782226597,-0.3139563854945626,-0.25498809903781977
1771058446702358546,2.6568910313127647,-0.3173460128783865,-0.25475214952249753
1771058446802287582,2.6679528899357123,-0.32022120638825813,-0.2539616085012968
1771058446902486107,2.6812023655501553,-0.3236667023740387,-0.25531035693633386
1771058447002947107,2.6943813763225,-0.3271271577033783,-0.2576208099060935
1771058447102276245,2.705344442359128,-0.33003857642241163,-0.26157156188883507
1771058447202360867,2.718868366515998,-0.33369222704786283,-0.2665348339511341
1771058447302388879,2.7325324797366126,-0.3374360153538176,-0.268823178188066
1771058447402417092,2.7435721947651155,-0.3404777102460761,-0.269793191488665
1771058447502460223,2.7562087682188867,-0.34397654123170973,-0.2711734522053931
1771058447602300074,2.7659669077032527,-0.35026220141084474,-0.26201566861633474
1771058447702296154,2.7543152645537603,-0.36052810526038925,-0.1083610159500075
1771058447802462032,2.807856802472414,-0.27515000974629267,0.041004871728393524
1771058447902414659,2.82202733740827,-0.2745081772080402,0.04932724388743896
1771058448002421701,2.8333319719664587,-0.27390546997834786,0.056889044340630184
1771058448102533409,2.847063639341828,-0.2730660688319375,0.06605666552866539
1771058448202481573,2.8607649882284085,-0.2720742604097355,0.07759675641573867
1771058448302428575,2.8743792239922046,-0.2709470519209711,0.08763333642816018
1771058448402485638,2.885323038127801,-0.26994589152775017,0.09521446802365342
1771058448502480372,2.8984094274505425,-0.2686303889830812,0.10588088715091341
1771058448602478742,2.9118962288128003,-0.2671264511688465,0.11609817287835605
1771058448702479908,2.9255927825535926,-0.26545022548073405,0.12681430330451113
1771058448802487065,2.9367754796462986,-0.26396126214344395,0.13704789050495794
1771058448902386686,2.950352630723521,-0.2620408766748641,0.14430196982358823
1771058449002509846,2.9640454351144983,-0.2599711144034904,0.15455375503983051
1771058449102340970,2.97518949027173,-0.25816184110693996,0.1663301514988758
1771058449202493813,2.988841213952666,-0.25579453612665404,0.1769748339271706
1771058449302374462,3.0024080661469212,-0.253303979577729,0.18564964830607925
1771058449402488179,3.013423690021923,-0.2511935277824149,0.19285876500648932
1771058449502823733,3.0269670562214657,-0.24849331343438408,0.2020908810275154
1771058449602503145,3.040477149986245,-0.24563544999837728,0.21373795421245356
1771058449702380939,3.0517914967383057,-0.24313289212445355,0.22245081580951137
1771058449802491891,3.065555880760911,-0.23996253600623962,0.2309576687100034
1771058449902311834,3.0790490801749644,-0.23673806708759848,0.23826712638395497
1771058450002478583,3.089830012235022,-0.23406722150601222,0.2480469603338069
1771058450102288261,3.1030418763181453,-0.23065054729716916,0.2594826754021255
1771058450202479853,3.115847390050714,-0.22717959736637816,0.2702764141488269
1771058450302461231,3.1266665759555985,-0.22413312471769764,0.27876702415493415
1771058450402540167,3.139176826251076,-0.22035547404244138,0.28620228009303333
1771058450502394480,3.137709384373715,-0.21751249246121862,0.2881248351452842
1771058450602519605,3.1347977905338693,-0.2150265263819353,0.29237741942114154
1771058450702480984,3.1478660144385695,-0.21103137845930497,0.3009717785753723
1771058450802463895,3.160936057022778,-0.20690515221311312,0.3098474937542851
1771058450902394997,3.171657166787206,-0.2034168393108695,0.3189355807339334
1771058451002287504,3.184624545405822,-0.1990661767545765,0.32820474178341763
1771058451102455496,3.1977607543389786,-0.19449805779074048,0.34020185206874604
1771058451202307481,3.208391399774132,-0.19067225927439146,0.35105307601829594
1771058451302396260,3.2208690036641556,-0.18604419155182317,0.36043779091330075
1771058451402375469,3.2337649945456914,-0.181121507832124,0.36911709342841925
1771058451502356001,3.2468413247519416,-0.17600196252122213,0.37734731221113565
1771058451602410234,3.257264552773756,-0.17181515249769586,0.3869781033982756
1771058451702299079,3.2695967704426603,-0.1667256911009911,0.39682342131306675
1771058451802303186,3.28204891817121,-0.16143594601786138,0.40700163378092397
1771058451902476849,3.2922612953576804,-0.15698144566952266,0.4167113780392223
1771058452002544729,3.304991376501835,-0.1512689694690632,0.4278662856485197
1771058452102486270,3.3175374285524937,-0.14545807751884432,0.43842307048166335
1771058452202496675,3.3278271467226594,-0.14056378641474065,0.4485050058950433
1771058452302485247,3.3402089635478314,-0.134547718773935,0.4562389289936117
1771058452402282101,3.352670888406212,-0.1283549171403866,0.4651615595088551
1771058452502419188,3.3629772794150115,-0.12310977995241412,0.4753085556875697
1771058452602473928,3.3752123857826453,-0.11675680284231404,0.48255046938351087
1771058452702480715,3.3872523784132604,-0.11035856576137792,0.4939191138348239
1771058452802557907,3.3970278792242263,-0.10503183300806906,0.5041683791859468
1771058452902309264,3.4091118821280486,-0.09830835975508467,0.5118193367262347
1771058453002375766,3.4211965012932772,-0.09151516801414328,0.5123715302512141
1771058453102425320,3.4310945896679406,-0.08596849122975225,0.5103352311516873
1771058453202319045,3.4417560826797367,-0.08398238570697103,0.5035226072778359
1771058453302299487,3.4460982780809903,-0.1395984598440414,0.3931371524761711
1771058453402295609,3.477678702358795,-0.14371006465077185,0.28957260026703774
1771058453502532594,3.488454440446367,-0.14048012458060155,0.29286348071525514
1771058453602512104,3.5014575778639783,-0.1365457414531126,0.2954191209958425
1771058453702480653,3.5145131989080376,-0.1325726589629057,0.29503995975714414
1771058453802373036,3.525374072812589,-0.12926333818287494,0.29674660986085144
1771058453902349770,3.538723023079436,-0.1251662833934999,0.2988637391429738
1771058454002452537,3.5523033757456317,-0.12098871485533502,0.2979092138114128
1771058454102405311,3.563242187750224,-0.11763494620708626,0.2983079133326664
1771058454202409764,3.576305622601092,-0.11360351244687683,0.30115452545684845
1771058454302402174,3.588884254112138,-0.1096507392600885,0.3077235614869535
1771058454402425172,3.5997172599327634,-0.10619143936698938,0.31030485379223827
1771058454502372937,3.6129435189946273,-0.10195718320756875,0.3096223662977322
1771058454602420182,3.6261682864532503,-0.09773365129297096,0.30922677242668534
1771058454702412472,3.637161170351398,-0.09422901015667895,0.30798311787367494
1771058454802323505,3.650361988962999,-0.09002893645284615,0.30772340889250027
1771058454902426518,3.6637279487678214,-0.08575771072810001,0.31109002038606154
1771058455002447823,3.6746069082026382,-0.08224269464041223,0.31315636749730624
1771058455102409650,3.6875675106983747,-0.07802919628046467,0.3164809772412677
1771058455202466018,3.7004604438437565,-0.07377965978188739,0.32017353715968083
1771058455302336218,3.711065667762141,-0.07025271547212508,0.3215726107103596
1771058455402416993,3.72436234874546,-0.0658206012026068,0.32293267622894845
1771058455502386795,3.737758295013133,-0.06134504898578097,0.3210953257140634
1771058455602406522,3.7486531514132757,-0.05773465838363334,0.3191147615788438
1771058455702405019,3.7617624491963584,-0.05339979752453816,0.3207273162217129
1771058455802283405,3.7744207708648636,-0.049162191810763645,0.3248621082925575
1771058455902387816,3.785198339368682,-0.04551661251003214,0.3285500939222739
1771058456002486515,3.795869549458714,-0.04589679438121275,0.3250826752626572
1771058456102405114,3.7831550451156777,-0.11239031277877976,0.18800432509698525
1771058456202360503,3.818396984366169,-0.11760871522504512,0.05750486362319138
1771058456302281697,3.8321922000964856,-0.11680296467482698,0.05946433304323495
1771058456402333852,3.8464080715897393,-0.1159468495662419,0.060673064289245654
1771058456502402459,3.857960099136558,-0.11523789812070184,0.061904549517293884
1771058456602396412,3.8717247225043927,-0.11437106939987807,0.06452453665222486
1771058456702408410,3.8851473778145453,-0.1134694773356979,0.06977578573493605
1771058456802301459,3.8962919069363258,-0.1126683150419403,0.07362448025060842
1771058456902421675,3.909942473485399,-0.11163913486653332,0.0778672049568648
1771058457002341686,3.9240470989049814,-0.11054662989715558,0.07667720959828819
1771058457102413174,3.9354972648245123,-0.10967662539139056,0.07539346069851237
1771058457202373818,3.9493244511990984,-0.10863910465966775,0.0749315181129269
1771058457302288655,3.962960414413025,-0.10759429058346281,0.07761694538971185
1771058457402365693,3.9744084144608003,-0.10669495107490157,0.0793715272934186
1771058457502391593,3.9882041759662927,-0.10559491366562535,0.07978181190682258
1771058457602405490,3.999285455018565,-0.10474417420590854,0.0735765077996523
1771058457702315658,4.012896246725403,-0.10381017735271847,0.06326326357325825
1771058457802409338,4.026660986817404,-0.10301977668178441,0.05189795136394064
1771058457902406813,4.038330769039565,-0.10247366988263895,0.04148957271156655
1771058458002407535,4.052480206585994,-0.1019503377822959,0.030907733945601625
1771058458102551667,4.066186192061565,-0.10159553328948245,0.020565980314315998
1771058458202414880,4.079628822477418,-0.10134576269036222,0.015912675293291455
1771058458302350411,4.09066744610978,-0.10118737084145168,0.011739287338567385
1771058458402499664,4.104510568694967,-0.10107088203147097,0.004044083888924419
1771058458502414104,4.118447803132263,-0.1010905720717643,-0.0069518011902473704
1771058458602370957,4.1297883684485805,-0.101235123943888,-0.017560323846978365
1771058458702373096,4.1435186133094595,-0.10157089062561653,-0.029917494458583313
1771058458802292587,4.153237148755173,-0.10484327480351974,-0.044846508369799025
1771058458902396773,4.143533508695481,-0.15235675707665486,-0.1444467232609232
1771058459002468055,4.160045342421893,-0.17742517678800374,-0.23774716205473326
1771058459102365549,4.170963357943162,-0.18011272846981585,-0.24444396371193558
1771058459202505949,4.184230953535478,-0.18348445185884366,-0.2534626517553333
1771058459302390097,4.197602000273873,-0.1870411684395803,-0.2662544916752722
1771058459402373747,4.2087528121830555,-0.19015765323138112,-0.27918200110753544
1771058459502308903,4.222391433291518,-0.19413250467373055,-0.28929414137521164
1771058459602373818,4.235642468641641,-0.19813826980836335,-0.29746916595428774
1771058459702361235,4.24624825548015,-0.20143065580384567,-0.30497096768576387
1771058459802304506,4.259160246677482,-0.20554440801264784,-0.31304737208696903
1771058459902427814,4.272341146114107,-0.20986545535945522,-0.3210779182186577
1771058460002381415,4.283295605924012,-0.21353386799233398,-0.32633929224921265
1771058460102339310,4.296478602656639,-0.2180656870717934,-0.3363916950147399
1771058460202389222,4.309460231490338,-0.2227176444292498,-0.34972209355343215
1771058460302407583,4.320266467887807,-0.22674366274999525,-0.3621208450527178
1771058460402450642,4.3331799324641835,-0.23171099470045498,-0.3715316505296797
1771058460502432523,4.345608301448024,-0.2365991095843416,-0.3769433493966662
1771058460602395367,4.355968763725111,-0.2407444164791377,-0.38383857595378995
1771058460702468273,4.3686864500382105,-0.24596226838643842,-0.39468217925808247
1771058460802424415,4.38150359610267,-0.25139589655569194,-0.4061962555463624
1771058460902366880,4.392049826525371,-0.25600806687530575,-0.4185196077370231
1771058461002385722,4.404914033428274,-0.2618114581374762,-0.42995408275049146
1771058461102403678,4.417445760858547,-0.2676398067643593,-0.4402312534290236
1771058461202407106,4.427628805447177,-0.2724929088767274,-0.4494485024816206
1771058461302405864,4.439899361901084,-0.2784769244283627,-0.45908400092842494
1771058461402491380,4.452252303400391,-0.2846556489507268,-0.46816346324817454
1771058461502538301,4.462126877860432,-0.28968640878722596,-0.4750646088278604
1771058461602513294,4.469002797229459,-0.29624483320153105,-0.4789033024321031
1771058461702279226,4.38810173030498,-0.2798504696930797,-0.3683576092614109
1771058461802408636,4.347733672517826,-0.21825677090017992,-0.26110842162131603
1771058461902370373,4.360762320491869,-0.2217981430380065,-0.26830360406987175
1771058462002430129,4.3737550146029545,-0.22540145723325722,-0.27154468725986664
1771058462102404216,4.384596965416515,-0.2284428242069998,-0.2741076652005193
1771058462202292848,4.398053945649993,-0.23224150524484388,-0.27583813865765994
1771058462302705157,4.4113614625327955,-0.23604944744556544,-0.2801881086283872
1771058462402448099,4.422252959881627,-0.23920752363923858,-0.28290416518917383
1771058462502356650,4.435621170269627,-0.24310531991368034,-0.2834944316707405
1771058462602389580,4.446784040310234,-0.24636114700734568,-0.2839806489040826
1771058462702395467,4.460148144125119,-0.2502717302591826,-0.28450825459953016
1771058462802404110,4.47319697270288,-0.2540983954937279,-0.28481774895857065
1771058462902413996,4.483762684085997,-0.25720553811179947,-0.2859981320745028
1771058463002338236,4.496815785062939,-0.26105792533866046,-0.2867824959027487
1771058463102387854,4.510246743241435,-0.26502868837503346,-0.2869975621618006
1771058463202374199,4.5237393564526585,-0.26903691370256855,-0.2895378912079464
1771058463302419107,4.534692693290257,-0.2723088340612585,-0.2902715627138826
1771058463402375415,4.54769029317699,-0.27620686861140875,-0.2912302010522079
1771058463502311584,4.554659335976513,-0.27829273477613015,-0.2897531969844619
1771058463602323398,4.555868124219165,-0.27865240586101025,-0.2882523102783505
1771058463702402382,4.55597567554237,-0.2786842550597082,-0.28746143660962753
1771058463802401351,4.556000673946453,-0.27869164320111306,-0.2872849290279735
1771058463902365534,4.556001288673988,-0.27869182485772903,-0.28727034186286426
1771058464002298998,4.556000510826979,-0.2786915950487696,-0.2872701640380116
1771058464102452290,4.555999527223145,-0.27869130445061874,-0.28727016408571915
1771058464202423160,4.55599903235083,-0.2786911582444187,-0.28727016408572853
1771058464302368342,4.555998012147073,-0.278690856833105,-0.28727016408572853
1771058464402476647,4.555997191407884,-0.27869061435205555,-0.28727016408572853
1771058464502483547,4.555996412630854,-0.2786903842684012,-0.28727016408572853
1771058464602315221,4.555996474006708,-0.2786904024014225,-0.28727016408572853
1771058464702404590,4.556017845441906,-0.27869671510879,-0.2871665561670014
1771058464802405969,4.555993668928805,-0.27868957377605375,-0.28728558157644835
1771058464902435092,4.555992809271407,-0.2786893197823983,-0.2872872218667153
1771058465002410111,4.555992012619575,-0.2786890844030041,-0.28728721857547695
1771058465102396116,4.556014602175768,-0.278695757266207,-0.28716386547643225
1771058465202413973,4.55601461787733,-0.2786957619268633,-0.28714933689022315
1771058465302413825,4.555991372600445,-0.2786888954772091,-0.28728846475113273
1771058465402399169,4.556012639476404,-0.27869517758756057,-0.2871628139007276
1771058465502434629,4.556011726585581,-0.27869490802936614,-0.28718218374819665
1771058465602478907,4.5560101195294,-0.27869443373618585,-0.28719399398999473
1771058465702390840,4.556010811564136,-0.2786946377944335,-0.28715860982107017
1771058465797723431,4.556010273983823,-0.27869447906790557,-0.2871716248151637
1771058469702452907,4.556005760334456,-0.27869314339203966,-0.2869735046325872
1771058469802462769,4.556016155552406,-0.27869621192949845,-0.28697559959181584
1771058469902400543,4.556016179538135,-0.2786962190083928,-0.28697534903863203
1771058470002457225,4.556016179587674,-0.2786962190230131,-0.2869753491070006
1771058470102481912,4.556016179587777,-0.27869621902304376,-0.2869753491070142
1771058470202469817,4.556016179587777,-0.2786962190230442,-0.2869753491070142
1771058470302436903,4.556016179587777,-0.2786962190230442,-0.2869753491070142
1771058470402497057,4.556016179587777,-0.2786962190230442,-0.2869753491070142
1771058470502493489,4.556016179587777,-0.2786962190230442,-0.2869753491070142
1771058470602482998,4.556016179587777,-0.2786962190230442,-0.2869753491070142
1771058470702355191,4.556016179587777,-0.2786962190230442,-0.2869753491070142
1771058470802434924,4.556016179587777,-0.2786962190230442,-0.2869753491070142
1771058470902473777,4.556016179587777,-0.2786962190230442,-0.2869753491070142
1771058471002474447,4.556016179587777,-0.2786962190230442,-0.2869753491070142
1771058471102469502,4.556016179587777,-0.27869621902304464,-0.2869753491070142
1771058471202500485,4.556016179587777,-0.2786962190230442,-0.2869753491070142
1771058471302393554,4.556016179587777,-0.2786962190230442,-0.2869753491070142
1771058471402471649,4.55603933635004,-0.27870305457039546,-0.2870993970113468
1771058471502382391,4.556017696370081,-0.2786966666506232,-0.28697615620221173
1771058471602261613,4.556016662412326,-0.2786963614864302,-0.28696230155168473
1771058471702380576,4.5560166602553425,-0.27869636084988025,-0.28696212982246516
1771058471802715203,4.556016660250898,-0.2786963608485684,-0.28696212986804814
1771058471902318245,4.556016660250889,-0.2786963608485662,-0.28696212986805697
1771058472002579601,4.556016660250889,-0.27869636084856575,-0.28696212986805697
1771058472102413281,4.556016660250889,-0.27869636084856575,-0.28696212986805697
1771058472202516479,4.556016660250889,-0.27869636084856575,-0.28696212986805697
1771058472302511619,4.556016660250889,-0.27869636084856575,-0.28696212986805697
1771058472402489276,4.556016660250889,-0.27869636084856575,-0.28696212986805697
1771058472502472573,4.556016660250888,-0.27869636084856575,-0.28696212986805697
1771058472602475628,4.5560177662320775,-0.27869668723177643,-0.28696212986805697
1771058472702293949,4.556017946753938,-0.27869674048375526,-0.2869619701653618
1771058472802453706,4.556041174952631,-0.27870360419191265,-0.2875478556793126
1771058472902366147,4.556119991236688,-0.2787269908007013,-0.2888835902142613
1771058473002517417,4.556716717698535,-0.27890426817870173,-0.28854503535158704
1771058473102268754,4.557652031913612,-0.27918147029099005,-0.2877477791340657
1771058473202265633,4.558588813727257,-0.27945843414810545,-0.28720200385405464
