t,t_rel,thrust,tau_phi,tau_theta,tau_psi,w0,w1,w2,w3,ud_T,ud_phi,ud_theta,ud_psi,ui_T,ui_phi,ui_theta,ui_psi,ut_T,ut_phi,ut_theta,ut_psi,torque_scale,cost_state,cost_input,solve_ok,int_err_x,int_err_y,int_err_z
36.247000,0.537000,14.806223,-0.000000,-0.000000,0.000000,659.438055,659.438099,659.438188,659.438113,-1.976339,-0.000000,-0.000000,0.000000,2.067562,-0.000000,-0.000000,0.000000,14.806223,-0.000000,-0.000000,0.000000,1.000000,0.093520,0.039059,1.000000,-0.000000,0.000000,0.689187
36.248000,0.538000,14.766528,-0.000000,-0.000000,0.000000,659.438055,659.438099,659.438188,659.438113,-1.976339,-0.000000,-0.000000,0.000000,2.067562,-0.000000,-0.000000,0.000000,14.806223,-0.000000,-0.000000,0.000000,1.000000,0.093520,0.039059,1.000000,-0.000000,0.000000,0.689187
36.249000,0.539000,14.807637,-0.000001,-0.000000,0.000000,659.438055,659.438099,659.438188,659.438113,-1.976339,-0.000000,-0.000000,0.000000,2.067562,-0.000000,-0.000000,0.000000,14.806223,-0.000000,-0.000000,0.000000,1.000000,0.093520,0.039059,1.000000,-0.000000,0.000000,0.689187
36.250000,0.540000,14.844575,-0.000000,-0.000000,0.000000,659.438055,659.438099,659.438188,659.438113,-1.976339,-0.000000,-0.000000,0.000000,2.067562,-0.000000,-0.000000,0.000000,14.806223,-0.000000,-0.000000,0.000000,1.000000,0.093520,0.039059,1.000000,-0.000000,0.000000,0.689187
36.251000,0.541000,14.863554,-0.000000,-0.000000,0.000000,659.438055,659.438099,659.438188,659.438113,-1.976339,-0.000000,-0.000000,0.000000,2.067562,-0.000000,-0.000000,0.000000,14.806223,-0.000000,-0.000000,0.000000,1.000000,0.093520,0.039059,1.000000,-0.000000,0.000000,0.689187
36.253000,0.543000,14.877333,0.000000,-0.000000,0.000000,658.490870,658.490930,658.490978,658.490896,-1.976339,-0.000000,-0.000000,0.000000,2.067562,-0.000000,-0.000000,0.000000,14.806223,-0.000000,-0.000000,0.000000,1.000000,0.093520,0.039059,1.000000,-0.000000,0.000000,0.689187
36.253000,0.543000,14.869695,0.000000,-0.000000,0.000000,658.490870,658.490930,658.490978,658.490896,-1.976339,-0.000000,-0.000000,0.000000,2.067562,-0.000000,-0.000000,0.000000,14.806223,-0.000000,-0.000000,0.000000,1.000000,0.093520,0.039059,1.000000,-0.000000,0.000000,0.689187
36.264000,0.554000,14.827009,0.000000,-0.000000,0.000000,658.490870,658.490930,658.490978,658.490896,-1.977899,-0.000000,-0.000000,0.000000,2.070536,-0.000000,-0.000000,0.000000,14.807637,-0.000001,-0.000000,0.000000,1.000000,0.086098,0.039121,1.000000,-0.000000,0.000000,0.690179
36.283000,0.573000,14.770200,0.000000,-0.000000,0.000000,657.228186,657.228224,657.228270,657.228222,-2.022521,0.000000,-0.000000,0.000000,2.077721,-0.000000,-0.000000,0.000000,14.770200,0.000000,-0.000000,0.000000,1.000000,0.071579,0.040906,1.000000,-0.000000,0.000000,0.692574
36.305000,0.595000,14.859451,0.000000,-0.000000,0.000000,659.210875,659.210931,659.210995,659.210922,-1.934214,0.000000,-0.000000,0.000000,2.078665,-0.000000,-0.000000,0.000000,14.859451,0.000000,-0.000000,0.000000,1.000000,0.066176,0.037412,1.000000,-0.000000,0.000000,0.692888
36.321000,0.611000,14.827684,0.000000,-0.000000,0.000000,658.505876,658.505889,658.505951,658.505926,-1.966825,0.000000,-0.000000,0.000000,2.079510,-0.000000,-0.000000,0.000000,14.827684,0.000000,-0.000000,0.000000,1.000000,0.064937,0.038684,1.000000,-0.000000,0.000000,0.693170
36.342000,0.632000,14.870299,-0.000000,-0.000000,0.000000,659.451472,659.451461,659.451526,659.451523,-1.925015,0.000000,-0.000000,0.000000,2.080314,-0.000000,-0.000000,0.000000,14.870299,-0.000000,-0.000000,0.000000,1.000000,0.061582,0.037057,1.000000,-0.000000,0.000000,0.693438
36.365000,0.655000,14.872372,-0.000000,-0.000000,0.000000,659.497472,659.497431,659.497486,659.497520,-1.923679,-0.000000,-0.000000,0.000000,2.081052,-0.000000,-0.000000,0.000000,14.872372,-0.000000,-0.000000,0.000000,1.000000,0.059668,0.037005,1.000000,-0.000000,0.000000,0.693684
36.387000,0.677000,14.865183,-0.000000,-0.000000,0.000000,659.338065,659.338009,659.338075,659.338115,-1.931538,-0.000000,-0.000000,0.000000,2.081722,-0.000000,-0.000000,0.000000,14.865183,-0.000000,-0.000000,0.000000,1.000000,0.058253,0.037308,1.000000,-0.000000,0.000000,0.693907
36.403000,0.693000,14.855809,-0.000000,-0.000000,0.000000,659.130137,659.130094,659.130150,659.130175,-1.941514,-0.000000,-0.000000,0.000000,2.082323,-0.000000,-0.000000,0.000000,14.855809,-0.000000,-0.000000,0.000000,1.000000,0.056969,0.037695,1.000000,-0.000000,0.000000,0.694108
36.424000,0.714000,14.845188,-0.000000,-0.000000,0.000000,658.894463,658.894442,658.894497,658.894501,-1.952664,0.000000,-0.000000,0.000000,2.082853,-0.000000,-0.000000,0.000000,14.845188,-0.000000,-0.000000,0.000000,1.000000,0.055747,0.038129,1.000000,-0.000000,0.000000,0.694284
36.441000,0.731000,14.844522,0.000000,-0.000000,0.000000,658.879666,658.879669,658.879721,658.879703,-1.953795,0.000000,-0.000000,0.000000,2.083317,-0.000000,-0.000000,0.000000,14.844522,0.000000,-0.000000,0.000000,1.000000,0.054229,0.038173,1.000000,-0.000000,0.000000,0.694439
36.467000,0.757000,14.820093,0.000000,-0.000000,0.000000,658.337297,658.337313,658.337368,658.337340,-1.978606,0.000000,-0.000000,0.000000,2.083699,-0.000000,-0.000000,0.000000,14.820093,0.000000,-0.000000,0.000000,1.000000,0.053552,0.039149,1.000000,-0.000000,0.000000,0.694566
36.482000,0.772000,14.843156,0.000000,-0.000000,0.000000,658.849340,658.849375,658.849424,658.849386,-1.955874,0.000000,-0.000000,0.000000,2.084031,-0.000000,-0.000000,0.000000,14.843156,0.000000,-0.000000,0.000000,1.000000,0.051318,0.038254,1.000000,-0.000000,0.000000,0.694677
36.506000,0.796000,14.805916,0.000000,0.000000,0.000000,658.022333,658.022350,658.022378,658.022366,-1.993324,0.000000,0.000000,0.000000,2.084240,-0.000000,-0.000000,0.000000,14.805916,0.000000,0.000000,0.000000,1.000000,0.050566,0.039733,1.000000,-0.000000,0.000000,0.694747
36.523000,0.813000,14.870208,0.000000,0.000000,0.000000,659.449457,659.449483,659.449518,659.449496,-1.929253,0.000000,0.000000,0.000000,2.084461,-0.000000,-0.000000,0.000000,14.870208,0.000000,0.000000,0.000000,1.000000,0.047736,0.037220,1.000000,-0.000000,0.000000,0.694820
36.541000,0.831000,14.818522,-0.000000,0.000000,0.000000,658.302409,658.302409,658.302438,658.302443,-1.981062,0.000000,0.000000,0.000000,2.084584,-0.000000,-0.000000,0.000000,14.818522,-0.000000,0.000000,0.000000,1.000000,0.048275,0.039246,1.000000,-0.000000,0.000000,0.694861
36.567000,0.857000,14.866784,-0.000000,0.000000,0.000000,659.373559,659.373545,659.373570,659.373590,-1.932899,0.000000,0.000000,0.000000,2.084683,-0.000000,-0.000000,0.000000,14.866784,-0.000000,0.000000,0.000000,1.000000,0.045572,0.037361,1.000000,-0.000000,0.000000,0.694894
36.580000,0.870000,14.882192,-0.000000,0.000000,0.000000,659.715146,659.715130,659.715164,659.715188,-1.917543,0.000000,0.000000,0.000000,2.084735,-0.000000,-0.000000,0.000000,14.882192,-0.000000,0.000000,0.000000,1.000000,0.044030,0.036770,1.000000,-0.000000,0.000000,0.694912
36.601000,0.891000,14.853533,-0.000000,0.000000,0.000000,659.079635,659.079618,659.079643,659.079665,-1.946184,0.000000,0.000000,0.000000,2.084716,-0.000000,-0.000000,0.000000,14.853533,-0.000000,0.000000,0.000000,1.000000,0.044129,0.037876,1.000000,-0.000000,0.000000,0.694905
36.623000,0.913000,14.875354,-0.000000,0.000000,0.000000,659.563569,659.563563,659.563588,659.563597,-1.924309,0.000000,0.000000,0.000000,2.084663,-0.000000,-0.000000,0.000000,14.875354,-0.000000,0.000000,0.000000,1.000000,0.042570,0.037030,1.000000,-0.000000,0.000000,0.694888
36.644000,0.934000,14.868058,-0.000000,0.000000,0.000000,659.401796,659.401794,659.401822,659.401830,-1.931495,0.000000,0.000000,0.000000,2.084553,-0.000000,-0.000000,0.000000,14.868058,-0.000000,0.000000,0.000000,1.000000,0.042012,0.037307,1.000000,-0.000000,0.000000,0.694851
36.662000,0.952000,14.891500,0.000000,0.000000,0.000000,659.921419,659.921426,659.921452,659.921451,-1.907911,0.000000,0.000000,0.000000,2.084411,-0.000000,-0.000000,0.000000,14.891500,0.000000,0.000000,0.000000,1.000000,0.040499,0.036401,1.000000,-0.000000,0.000000,0.694804
36.682000,0.972000,14.833891,0.000000,0.000000,0.000000,658.643698,658.643710,658.643732,658.643727,-1.965290,0.000000,0.000000,0.000000,2.084181,-0.000000,-0.000000,0.000000,14.833891,0.000000,0.000000,0.000000,1.000000,0.041772,0.038624,1.000000,-0.000000,0.000000,0.694727
36.702000,0.992000,14.853869,0.000000,0.000000,0.000000,659.087068,659.087077,659.087101,659.087101,-1.945049,0.000000,0.000000,0.000000,2.083917,-0.000000,-0.000000,0.000000,14.853869,0.000000,0.000000,0.000000,1.000000,0.040425,0.037832,1.000000,-0.000000,0.000000,0.694639
36.724000,1.014000,14.913141,0.000000,0.000000,0.000000,660.400752,660.400762,660.400780,660.400784,-1.885504,0.000000,0.000000,0.000000,2.083645,-0.000000,-0.000000,0.000000,14.913141,0.000000,0.000000,0.000000,1.000000,0.037781,0.035551,1.000000,-0.000000,0.000000,0.694548
36.742000,1.032000,14.900904,0.000000,0.000000,0.000000,660.129754,660.129761,660.129781,660.129789,-1.897418,0.000000,0.000000,0.000000,2.083322,-0.000000,-0.000000,0.000000,14.900904,0.000000,0.000000,0.000000,1.000000,0.037657,0.036002,1.000000,-0.000000,0.000000,0.694441
36.765000,1.055000,14.902414,-0.000000,0.000000,0.000000,660.163214,660.163217,660.163234,660.163247,-1.895549,0.000000,0.000000,0.000000,2.082963,-0.000000,-0.000000,0.000000,14.902414,-0.000000,0.000000,0.000000,1.000000,0.037167,0.035931,1.000000,-0.000000,0.000000,0.694321
36.782000,1.072000,14.900819,-0.000000,0.000000,0.000000,660.127882,660.127882,660.127894,660.127908,-1.896747,0.000000,0.000000,0.000000,2.082566,-0.000000,-0.000000,0.000000,14.900819,-0.000000,0.000000,0.000000,1.000000,0.036791,0.035976,1.000000,-0.000000,0.000000,0.694189
36.802000,1.092000,14.868654,-0.000000,0.000000,0.000000,659.415016,659.415017,659.415025,659.415036,-1.928454,0.000000,0.000000,0.000000,2.082108,-0.000000,-0.000000,0.000000,14.868654,-0.000000,0.000000,0.000000,1.000000,0.037461,0.037189,1.000000,-0.000000,0.000000,0.694036
36.828000,1.118000,14.886229,-0.000000,0.000000,0.000000,659.804619,659.804619,659.804631,659.804644,-1.910394,0.000000,0.000000,0.000000,2.081622,-0.000000,-0.000000,0.000000,14.886229,-0.000000,0.000000,0.000000,1.000000,0.036444,0.036496,1.000000,-0.000000,0.000000,0.693874
36.841000,1.131000,14.869969,-0.000000,0.000000,0.000000,659.444174,659.444179,659.444186,659.444193,-1.926116,0.000000,0.000000,0.000000,2.081084,-0.000000,-0.000000,0.000000,14.869969,-0.000000,0.000000,0.000000,1.000000,0.036590,0.037099,1.000000,-0.000000,0.000000,0.693695
36.865000,1.155000,14.891334,-0.000000,0.000000,0.000000,659.917748,659.917751,659.917761,659.917770,-1.904187,0.000000,0.000000,0.000000,2.080521,-0.000000,-0.000000,0.000000,14.891334,-0.000000,0.000000,0.000000,1.000000,0.035491,0.036259,1.000000,-0.000000,0.000000,0.693507
36.883000,1.173000,14.875572,0.000000,0.000000,0.000000,659.568414,659.568423,659.568429,659.568435,-1.919336,0.000000,0.000000,0.000000,2.079908,-0.000000,-0.000000,0.000000,14.875572,0.000000,0.000000,0.000000,1.000000,0.035683,0.036838,1.000000,-0.000000,0.000000,0.693303
36.901000,1.191000,14.832998,0.000000,0.000000,0.000000,658.623889,658.623896,658.623906,658.623909,-1.961228,0.000000,0.000000,0.000000,2.079226,-0.000000,-0.000000,0.000000,14.832998,0.000000,0.000000,0.000000,1.000000,0.036833,0.038464,1.000000,-0.000000,0.000000,0.693075
36.924000,1.214000,14.863267,-0.000000,0.000000,0.000000,659.295549,659.295554,659.295565,659.295573,-1.930257,0.000000,0.000000,0.000000,2.078524,-0.000000,-0.000000,0.000000,14.863267,-0.000000,0.000000,0.000000,1.000000,0.035461,0.037259,1.000000,-0.000000,0.000000,0.692841
36.943000,1.233000,14.906835,-0.000000,0.000000,0.000000,660.261130,660.261139,660.261143,660.261154,-1.885975,0.000000,0.000000,0.000000,2.077810,-0.000000,-0.000000,0.000000,14.906835,-0.000000,0.000000,0.000000,1.000000,0.033680,0.035569,1.000000,-0.000000,0.000000,0.692603
36.963000,1.253000,14.902301,-0.000000,0.000000,0.000000,660.160709,660.160717,660.160721,660.160733,-1.889758,0.000000,0.000000,0.000000,2.077059,-0.000000,-0.000000,0.000000,14.902301,-0.000000,0.000000,0.000000,1.000000,0.033600,0.035712,1.000000,-0.000000,0.000000,0.692353
36.983000,1.273000,14.918233,-0.000000,0.000000,0.000000,660.513510,660.513516,660.513521,660.513535,-1.873056,0.000000,0.000000,0.000000,2.076289,-0.000000,-0.000000,0.000000,14.918233,-0.000000,0.000000,0.000000,1.000000,0.032871,0.035083,1.000000,-0.000000,0.000000,0.692096
37.001000,1.291000,14.859576,-0.000000,0.000000,0.000000,659.213685,659.213688,659.213695,659.213703,-1.930873,0.000000,0.000000,0.000000,2.075449,-0.000000,-0.000000,0.000000,14.859576,-0.000000,0.000000,0.000000,1.000000,0.034694,0.037283,1.000000,-0.000000,0.000000,0.691816
37.026000,1.316000,14.904928,-0.000000,0.000000,0.000000,660.218902,660.218909,660.218911,660.218923,-1.884681,0.000000,0.000000,0.000000,2.074610,-0.000000,-0.000000,0.000000,14.904928,-0.000000,0.000000,0.000000,1.000000,0.032967,0.035520,1.000000,-0.000000,0.000000,0.691537
37.042000,1.332000,14.922152,-0.000000,0.000000,0.000000,660.600252,660.600257,660.600261,660.600272,-1.866598,0.000000,0.000000,0.000000,2.073750,-0.000000,-0.000000,0.000000,14.922152,-0.000000,0.000000,0.000000,1.000000,0.032220,0.034842,1.000000,-0.000000,0.000000,0.691250
37.064000,1.354000,14.901121,-0.000000,0.000000,0.000000,660.134572,660.134580,660.134582,660.134590,-1.886728,0.000000,0.000000,0.000000,2.072849,-0.000000,-0.000000,0.000000,14.901121,-0.000000,0.000000,0.000000,1.000000,0.032801,0.035597,1.000000,-0.000000,0.000000,0.690950
37.083000,1.373000,14.895542,0.000000,0.000000,0.000000,660.010993,660.010998,660.011003,660.011008,-1.891375,0.000000,0.000000,0.000000,2.071918,-0.000000,-0.000000,0.000000,14.895542,0.000000,0.000000,0.000000,1.000000,0.032871,0.035773,1.000000,-0.000000,0.000000,0.690639
37.102000,1.392000,14.896018,-0.000000,0.000000,0.000000,660.021522,660.021531,660.021531,660.021541,-1.889941,0.000000,0.000000,0.000000,2.070959,-0.000000,-0.000000,0.000000,14.896018,-0.000000,0.000000,0.000000,1.000000,0.032738,0.035719,1.000000,-0.000000,0.000000,0.690320
37.125000,1.415000,14.897814,-0.000000,0.000000,0.000000,660.061320,660.061327,660.061327,660.061338,-1.887158,0.000000,0.000000,0.000000,2.069973,-0.000000,-0.000000,0.000000,14.897814,-0.000000,0.000000,0.000000,1.000000,0.032571,0.035614,1.000000,-0.000000,0.000000,0.689991
37.151000,1.441000,14.914717,-0.000000,0.000000,0.000000,660.435675,660.435679,660.435682,660.435696,-1.869240,0.000000,0.000000,0.000000,2.068957,-0.000000,-0.000000,0.000000,14.914717,-0.000000,0.000000,0.000000,1.000000,0.031879,0.034941,1.000000,-0.000000,0.000000,0.689652
37.162000,1.452000,14.923280,-0.000000,0.000000,0.000000,660.625219,660.625225,660.625225,660.625237,-1.859658,0.000000,0.000000,0.000000,2.067938,-0.000000,-0.000000,0.000000,14.923280,-0.000000,0.000000,0.000000,1.000000,0.031537,0.034583,1.000000,-0.000000,0.000000,0.689313
37.184000,1.474000,14.860991,-0.000000,0.000000,0.000000,659.245077,659.245083,659.245084,659.245091,-1.920860,0.000000,0.000000,0.000000,2.066851,-0.000000,-0.000000,0.000000,14.860991,-0.000000,0.000000,0.000000,1.000000,0.033601,0.036897,1.000000,-0.000000,0.000000,0.688950
37.202000,1.492000,14.911726,-0.000000,0.000000,0.000000,660.369431,660.369436,660.369436,660.369450,-1.869048,0.000000,0.000000,0.000000,2.065774,-0.000000,-0.000000,0.000000,14.911726,-0.000000,0.000000,0.000000,1.000000,0.031794,0.034933,1.000000,-0.000000,0.000000,0.688591
37.222000,1.512000,14.927542,-0.000000,0.000000,0.000000,660.719559,660.719567,660.719566,660.719576,-1.852139,0.000000,0.000000,0.000000,2.064681,-0.000000,-0.000000,0.000000,14.927542,-0.000000,0.000000,0.000000,1.000000,0.031205,0.034304,1.000000,-0.000000,0.000000,0.688227
37.244000,1.534000,14.902566,0.000000,0.000000,0.000000,660.166591,660.166603,660.166599,660.166607,-1.875983,0.000000,0.000000,0.000000,2.063550,-0.000000,-0.000000,0.000000,14.902566,0.000000,0.000000,0.000000,1.000000,0.032007,0.035193,1.000000,-0.000000,0.000000,0.687850
37.262000,1.552000,14.914288,0.000000,0.000000,0.000000,660.426158,660.426168,660.426165,660.426174,-1.863118,0.000000,0.000000,0.000000,2.062406,-0.000000,-0.000000,0.000000,14.914288,0.000000,0.000000,0.000000,1.000000,0.031571,0.034712,1.000000,-0.000000,0.000000,0.687469
37.285000,1.575000,14.898766,0.000000,0.000000,0.000000,660.082408,660.082419,660.082414,660.082422,-1.877462,0.000000,0.000000,0.000000,2.061228,-0.000000,-0.000000,0.000000,14.898766,0.000000,0.000000,0.000000,1.000000,0.032068,0.035249,1.000000,-0.000000,0.000000,0.687076
37.303000,1.593000,14.855096,0.000000,0.000000,0.000000,659.114311,659.114321,659.114319,659.114327,-1.919901,0.000000,0.000000,0.000000,2.059998,-0.000000,-0.000000,0.000000,14.855096,0.000000,0.000000,0.000000,1.000000,0.033554,0.036860,1.000000,-0.000000,0.000000,0.686666
37.323000,1.613000,14.880004,-0.000000,0.000000,0.000000,659.666659,659.666665,659.666663,659.666674,-1.893753,0.000000,0.000000,0.000000,2.058757,-0.000000,-0.000000,0.000000,14.880004,-0.000000,0.000000,0.000000,1.000000,0.032676,0.035863,1.000000,-0.000000,0.000000,0.686252
37.345000,1.635000,14.923993,-0.000000,0.000000,0.000000,660.641007,660.641012,660.641008,660.641020,-1.848528,0.000000,0.000000,0.000000,2.057520,-0.000000,-0.000000,0.000000,14.923993,-0.000000,0.000000,0.000000,1.000000,0.031172,0.034171,1.000000,-0.000000,0.000000,0.685840
37.363000,1.653000,14.920829,-0.000000,0.000000,0.000000,660.570966,660.570972,660.570969,660.570980,-1.850432,0.000000,0.000000,0.000000,2.056261,-0.000000,-0.000000,0.000000,14.920829,-0.000000,0.000000,0.000000,1.000000,0.031276,0.034241,1.000000,-0.000000,0.000000,0.685420
37.382000,1.672000,14.874596,-0.000000,0.000000,0.000000,659.546784,659.546789,659.546788,659.546795,-1.895354,0.000000,0.000000,0.000000,2.054951,-0.000000,-0.000000,0.000000,14.874596,-0.000000,0.000000,0.000000,1.000000,0.032855,0.035924,1.000000,-0.000000,0.000000,0.684984
37.408000,1.698000,14.926089,-0.000000,0.000000,0.000000,660.687399,660.687404,660.687402,660.687411,-1.842568,0.000000,0.000000,0.000000,2.053657,-0.000000,-0.000000,0.000000,14.926089,-0.000000,0.000000,0.000000,1.000000,0.031098,0.033951,1.000000,-0.000000,0.000000,0.684552
37.422000,1.712000,14.883618,-0.000000,0.000000,0.000000,659.746770,659.746777,659.746774,659.746784,-1.883694,0.000000,0.000000,0.000000,2.052313,-0.000000,-0.000000,0.000000,14.883618,-0.000000,0.000000,0.000000,1.000000,0.032561,0.035483,1.000000,-0.000000,0.000000,0.684104
37.443000,1.733000,14.935555,-0.000000,0.000000,0.000000,660.896866,660.896872,660.896867,660.896882,-1.830432,0.000000,0.000000,0.000000,2.050987,-0.000000,-0.000000,0.000000,14.935555,-0.000000,0.000000,0.000000,1.000000,0.030802,0.033505,1.000000,-0.000000,0.000000,0.683662
37.463000,1.753000,14.906536,-0.000000,0.000000,0.000000,660.254504,660.254515,660.254506,660.254519,-1.858089,0.000000,0.000000,0.000000,2.049624,-0.000000,-0.000000,0.000000,14.906536,-0.000000,0.000000,0.000000,1.000000,0.031797,0.034525,1.000000,-0.000000,0.000000,0.683208
37.484000,1.774000,14.932284,0.000000,0.000000,0.000000,660.824491,660.824504,660.824495,660.824506,-1.830981,0.000000,0.000000,0.000000,2.048265,-0.000000,-0.000000,0.000000,14.932284,0.000000,0.000000,0.000000,1.000000,0.030931,0.033525,1.000000,-0.000000,0.000000,0.682755
37.502000,1.792000,14.884773,0.000000,0.000000,0.000000,659.772368,659.772378,659.772374,659.772379,-1.877084,0.000000,0.000000,0.000000,2.046857,-0.000000,-0.000000,0.000000,14.884773,0.000000,0.000000,0.000000,1.000000,0.032564,0.035234,1.000000,-0.000000,0.000000,0.682286
37.522000,1.812000,14.946378,-0.000000,0.000000,0.000000,661.136274,661.136285,661.136277,661.136289,-1.814099,0.000000,0.000000,0.000000,2.045477,-0.000000,-0.000000,0.000000,14.946378,-0.000000,0.000000,0.000000,1.000000,0.030490,0.032910,1.000000,-0.000000,0.000000,0.681826
37.542000,1.832000,14.929980,0.000000,0.000000,0.000000,660.773510,660.773521,660.773515,660.773523,-1.829090,0.000000,0.000000,0.000000,2.044070,-0.000000,-0.000000,0.000000,14.929980,0.000000,0.000000,0.000000,1.000000,0.031058,0.033456,1.000000,-0.000000,0.000000,0.681357
37.563000,1.853000,14.922176,0.000000,0.000000,0.000000,660.600797,660.600806,660.600800,660.600809,-1.835472,0.000000,0.000000,0.000000,2.042648,-0.000000,-0.000000,0.000000,14.922176,0.000000,0.000000,0.000000,1.000000,0.031322,0.033690,1.000000,-0.000000,0.000000,0.680883
37.583000,1.873000,14.876879,-0.000000,0.000000,0.000000,659.597380,659.597385,659.597383,659.597389,-1.879302,0.000000,0.000000,0.000000,2.041181,-0.000000,-0.000000,0.000000,14.876879,-0.000000,0.000000,0.000000,1.000000,0.032888,0.035318,1.000000,-0.000000,0.000000,0.680394
37.609000,1.899000,14.935448,-0.000000,0.000000,0.000000,660.894505,660.894511,660.894505,660.894518,-1.819285,0.000000,0.000000,0.000000,2.039734,-0.000000,-0.000000,0.000000,14.935448,-0.000000,0.000000,0.000000,1.000000,0.030945,0.033098,1.000000,-0.000000,0.000000,0.679911
37.628000,1.918000,14.893148,-0.000000,0.000000,0.000000,659.957957,659.957962,659.957959,659.957967,-1.860092,0.000000,0.000000,0.000000,2.038241,-0.000000,-0.000000,0.000000,14.893148,-0.000000,0.000000,0.000000,1.000000,0.032418,0.034599,1.000000,-0.000000,0.000000,0.679414
37.646000,1.936000,14.952803,-0.000000,0.000000,0.000000,661.278373,661.278378,661.278372,661.278386,-1.798975,0.000000,0.000000,0.000000,2.036778,-0.000000,-0.000000,0.000000,14.952803,-0.000000,0.000000,0.000000,1.000000,0.030422,0.032363,1.000000,-0.000000,0.000000,0.678926
37.664000,1.954000,14.949271,-0.000000,0.000000,0.000000,661.200258,661.200265,661.200258,661.200270,-1.801030,0.000000,0.000000,0.000000,2.035301,-0.000000,-0.000000,0.000000,14.949271,-0.000000,0.000000,0.000000,1.000000,0.030557,0.032437,1.000000,-0.000000,0.000000,0.678434
37.681000,1.971000,14.939742,-0.000000,0.000000,0.000000,660.989492,660.989500,660.989494,660.989505,-1.809070,0.000000,0.000000,0.000000,2.033812,-0.000000,-0.000000,0.000000,14.939742,-0.000000,0.000000,0.000000,1.000000,0.030863,0.032727,1.000000,-0.000000,0.000000,0.677937
37.706000,1.996000,14.918450,0.000000,0.000000,0.000000,660.518316,660.518328,660.518321,660.518329,-1.828850,0.000000,0.000000,0.000000,2.032300,-0.000000,-0.000000,0.000000,14.918450,0.000000,0.000000,0.000000,1.000000,0.031576,0.033447,1.000000,-0.000000,0.000000,0.677433
37.723000,2.013000,14.914037,0.000000,0.000000,0.000000,660.420609,660.420622,660.420614,660.420621,-1.831739,0.000000,0.000000,0.000000,2.030776,-0.000000,-0.000000,0.000000,14.914037,0.000000,0.000000,0.000000,1.000000,0.031740,0.033553,1.000000,-0.000000,0.000000,0.676925
37.749000,2.039000,14.916095,0.000000,0.000000,0.000000,660.466171,660.466182,660.466175,660.466182,-1.828138,0.000000,0.000000,0.000000,2.029233,-0.000000,-0.000000,0.000000,14.916095,0.000000,0.000000,0.000000,1.000000,0.031742,0.033421,1.000000,-0.000000,0.000000,0.676411
37.761000,2.051000,14.915778,0.000000,0.000000,0.000000,660.459153,660.459163,660.459156,660.459164,-1.826906,0.000000,0.000000,0.000000,2.027684,-0.000000,-0.000000,0.000000,14.915778,0.000000,0.000000,0.000000,1.000000,0.031742,0.033376,1.000000,-0.000000,0.000000,0.675895
37.783000,2.073000,14.914374,-0.000000,0.000000,0.000000,660.428076,660.428082,660.428076,660.428086,-1.826748,0.000000,0.000000,0.000000,2.026123,-0.000000,-0.000000,0.000000,14.914374,-0.000000,0.000000,0.000000,1.000000,0.031822,0.033370,1.000000,-0.000000,0.000000,0.675374
37.804000,2.094000,14.893180,-0.000000,0.000000,0.000000,659.958649,659.958655,659.958649,659.958659,-1.846354,0.000000,0.000000,0.000000,2.024534,-0.000000,-0.000000,0.000000,14.893180,-0.000000,0.000000,0.000000,1.000000,0.032575,0.034090,1.000000,-0.000000,0.000000,0.674845
37.822000,2.112000,14.928413,-0.000000,0.000000,0.000000,660.738840,660.738841,660.738838,660.738847,-1.809544,0.000000,0.000000,0.000000,2.022957,-0.000000,-0.000000,0.000000,14.928413,-0.000000,0.000000,0.000000,1.000000,0.031423,0.032744,1.000000,-0.000000,0.000000,0.674319
37.841000,2.131000,14.901411,-0.000000,0.000000,0.000000,660.141011,660.141015,660.141010,660.141020,-1.834938,0.000000,0.000000,0.000000,2.021350,-0.000000,-0.000000,0.000000,14.901411,-0.000000,0.000000,0.000000,1.000000,0.032374,0.033670,1.000000,-0.000000,0.000000,0.673783
37.867000,2.157000,14.945696,-0.000000,0.000000,0.000000,661.121203,661.121214,661.121203,661.121217,-1.789059,0.000000,0.000000,0.000000,2.019756,-0.000000,-0.000000,0.000000,14.945696,-0.000000,0.000000,0.000000,1.000000,0.030961,0.032007,1.000000,-0.000000,0.000000,0.673252
37.882000,2.172000,14.899410,-0.000000,0.000000,0.000000,660.096672,660.096680,660.096673,660.096682,-1.833717,0.000000,0.000000,0.000000,2.018127,-0.000000,-0.000000,0.000000,14.899410,-0.000000,0.000000,0.000000,1.000000,0.032490,0.033625,1.000000,-0.000000,0.000000,0.672709
37.902000,2.192000,14.899243,0.000000,0.000000,0.000000,660.092969,660.092983,660.092972,660.092985,-1.832247,0.000000,0.000000,0.000000,2.016489,-0.000000,-0.000000,0.000000,14.899243,0.000000,0.000000,0.000000,1.000000,0.032514,0.033571,1.000000,-0.000000,0.000000,0.672163
37.927000,2.217000,14.905963,0.000000,0.000000,0.000000,660.241813,660.241823,660.241815,660.241823,-1.823881,0.000000,0.000000,0.000000,2.014844,-0.000000,-0.000000,0.000000,14.905963,0.000000,0.000000,0.000000,1.000000,0.032336,0.033265,1.000000,-0.000000,0.000000,0.671615
37.947000,2.237000,14.956712,0.000000,0.000000,0.000000,661.364796,661.364809,661.364797,661.364809,-1.771511,0.000000,0.000000,0.000000,2.013223,-0.000000,-0.000000,0.000000,14.956712,0.000000,0.000000,0.000000,1.000000,0.030679,0.031383,1.000000,-0.000000,0.000000,0.671074
37.960000,2.250000,14.940177,0.000000,0.000000,0.000000,660.999130,660.999142,660.999132,660.999141,-1.786407,0.000000,0.000000,0.000000,2.011584,-0.000000,-0.000000,0.000000,14.940177,0.000000,0.000000,0.000000,1.000000,0.031228,0.031912,1.000000,-0.000000,0.000000,0.670528
37.986000,2.276000,14.890258,0.000000,0.000000,0.000000,659.893920,659.893926,659.893922,659.893926,-1.834649,0.000000,0.000000,0.000000,2.009907,-0.000000,-0.000000,0.000000,14.890258,0.000000,0.000000,0.000000,1.000000,0.032892,0.033659,1.000000,-0.000000,0.000000,0.669969
38.003000,2.293000,14.905470,-0.000000,0.000000,0.000000,660.230914,660.230921,660.230913,660.230924,-1.817761,0.000000,0.000000,0.000000,2.008232,-0.000000,-0.000000,0.000000,14.905470,-0.000000,0.000000,0.000000,1.000000,0.032399,0.033043,1.000000,-0.000000,0.000000,0.669411
38.025000,2.315000,14.947339,-0.000000,0.000000,0.000000,661.157544,661.157549,661.157543,661.157552,-1.774236,0.000000,0.000000,0.000000,2.006575,-0.000000,-0.000000,0.000000,14.947339,-0.000000,0.000000,0.000000,1.000000,0.031044,0.031479,1.000000,-0.000000,0.000000,0.668858
38.041000,2.331000,14.943799,-0.000000,0.000000,0.000000,661.079250,661.079256,661.079249,661.079259,-1.776110,0.000000,0.000000,0.000000,2.004909,-0.000000,-0.000000,0.000000,14.943799,-0.000000,0.000000,0.000000,1.000000,0.031166,0.031546,1.000000,-0.000000,0.000000,0.668303
38.064000,2.354000,14.938134,-0.000000,0.000000,0.000000,660.953937,660.953943,660.953936,660.953946,-1.780103,0.000000,0.000000,0.000000,2.003238,-0.000000,-0.000000,0.000000,14.938134,-0.000000,0.000000,0.000000,1.000000,0.031327,0.031688,1.000000,-0.000000,0.000000,0.667746
38.082000,2.372000,14.946448,-0.000000,0.000000,0.000000,661.137827,661.137833,661.137826,661.137836,-1.770121,0.000000,0.000000,0.000000,2.001569,-0.000000,-0.000000,0.000000,14.946448,-0.000000,0.000000,0.000000,1.000000,0.031032,0.031333,1.000000,-0.000000,0.000000,0.667190
38.103000,2.393000,14.890878,-0.000000,0.000000,0.000000,659.907654,659.907659,659.907655,659.907660,-1.823979,0.000000,0.000000,0.000000,1.999857,-0.000000,-0.000000,0.000000,14.890878,-0.000000,0.000000,0.000000,1.000000,0.032880,0.033269,1.000000,-0.000000,0.000000,0.666619
38.132000,2.422000,14.951260,-0.000000,0.000000,0.000000,661.244244,661.244253,661.244244,661.244255,-1.761915,0.000000,0.000000,0.000000,1.998175,-0.000000,-0.000000,0.000000,14.951260,-0.000000,0.000000,0.000000,1.000000,0.030930,0.031043,1.000000,-0.000000,0.000000,0.666058
38.146000,2.436000,14.946099,0.000000,0.000000,0.000000,661.130112,661.130123,661.130113,661.130124,-1.765384,0.000000,0.000000,0.000000,1.996483,-0.000000,-0.000000,0.000000,14.946099,0.000000,0.000000,0.000000,1.000000,0.031104,0.031166,1.000000,-0.000000,0.000000,0.665494
38.168000,2.458000,14.948825,-0.000000,0.000000,0.000000,661.190395,661.190404,661.190396,661.190405,-1.760968,0.000000,0.000000,0.000000,1.994793,-0.000000,-0.000000,0.000000,14.948825,-0.000000,0.000000,0.000000,1.000000,0.030976,0.031010,1.000000,-0.000000,0.000000,0.664931
38.181000,2.471000,14.927677,-0.000000,0.000000,0.000000,660.722557,660.722561,660.722556,660.722563,-1.780408,0.000000,0.000000,0.000000,1.993086,-0.000000,-0.000000,0.000000,14.927677,-0.000000,0.000000,0.000000,1.000000,0.031643,0.031699,1.000000,-0.000000,0.000000,0.664362
38.201000,2.491000,14.930859,-0.000000,0.000000,0.000000,660.792971,660.792979,660.792971,660.792982,-1.775519,0.000000,0.000000,0.000000,1.991379,-0.000000,-0.000000,0.000000,14.930859,-0.000000,0.000000,0.000000,1.000000,0.031515,0.031525,1.000000,-0.000000,0.000000,0.663793
38.224000,2.514000,14.931672,0.000000,0.000000,0.000000,660.810956,660.810966,660.810958,660.810965,-1.772995,0.000000,0.000000,0.000000,1.989668,-0.000000,-0.000000,0.000000,14.931672,0.000000,0.000000,0.000000,1.000000,0.031482,0.031435,1.000000,-0.000000,0.000000,0.663223
38.241000,2.531000,14.938572,0.000000,0.000000,0.000000,660.963614,660.963622,660.963615,660.963623,-1.764385,0.000000,0.000000,0.000000,1.987957,-0.000000,-0.000000,0.000000,14.938572,0.000000,0.000000,0.000000,1.000000,0.031247,0.031131,1.000000,-0.000000,0.000000,0.662652
38.261000,2.551000,14.885309,0.000000,0.000000,0.000000,659.784232,659.784239,659.784234,659.784238,-1.815897,0.000000,0.000000,0.000000,1.986205,-0.000000,-0.000000,0.000000,14.885309,0.000000,0.000000,0.000000,1.000000,0.033020,0.032975,1.000000,-0.000000,0.000000,0.662068
38.281000,2.571000,14.898628,0.000000,0.000000,0.000000,660.079352,660.079358,660.079353,660.079359,-1.800827,0.000000,0.000000,0.000000,1.984455,-0.000000,-0.000000,0.000000,14.898628,0.000000,0.000000,0.000000,1.000000,0.032593,0.032430,1.000000,-0.000000,0.000000,0.661485
38.301000,2.591000,14.909569,-0.000000,0.000000,0.000000,660.321682,660.321688,660.321682,660.321689,-1.788132,0.000000,0.000000,0.000000,1.982701,-0.000000,-0.000000,0.000000,14.909569,-0.000000,0.000000,0.000000,1.000000,0.032283,0.031974,1.000000,-0.000000,0.000000,0.660900
38.328000,2.618000,14.961037,-0.000000,0.000000,0.000000,661.460422,661.460430,661.460421,661.460432,-1.734939,0.000000,0.000000,0.000000,1.980977,-0.000000,-0.000000,0.000000,14.961037,-0.000000,0.000000,0.000000,1.000000,0.030611,0.030100,1.000000,-0.000000,0.000000,0.660326
38.341000,2.631000,14.946154,0.000000,0.000000,0.000000,661.131331,661.131341,661.131332,661.131341,-1.748086,0.000000,0.000000,0.000000,1.979240,-0.000000,-0.000000,0.000000,14.946154,0.000000,0.000000,0.000000,1.000000,0.031070,0.030558,1.000000,-0.000000,0.000000,0.659747
38.366000,2.656000,14.938828,-0.000000,0.000000,0.000000,660.969284,660.969294,660.969285,660.969294,-1.753671,0.000000,0.000000,0.000000,1.977499,-0.000000,-0.000000,0.000000,14.938828,-0.000000,0.000000,0.000000,1.000000,0.031249,0.030754,1.000000,-0.000000,0.000000,0.659166
38.385000,2.675000,14.893071,0.000000,0.000000,0.000000,659.956232,659.956240,659.956232,659.956241,-1.797655,0.000000,0.000000,0.000000,1.975725,-0.000000,-0.000000,0.000000,14.893071,0.000000,0.000000,0.000000,1.000000,0.032738,0.032316,1.000000,-0.000000,0.000000,0.658575
38.402000,2.692000,14.908977,-0.000000,0.000000,0.000000,660.308577,660.308579,660.308576,660.308581,-1.779979,0.000000,0.000000,0.000000,1.973957,-0.000000,-0.000000,0.000000,14.908977,-0.000000,0.000000,0.000000,1.000000,0.032211,0.031683,1.000000,-0.000000,0.000000,0.657986
38.425000,2.715000,14.918422,-0.000000,0.000000,0.000000,660.517702,660.517706,660.517701,660.517708,-1.768765,0.000000,0.000000,0.000000,1.972187,-0.000000,-0.000000,0.000000,14.918422,-0.000000,0.000000,0.000000,1.000000,0.031930,0.031285,1.000000,-0.000000,0.000000,0.657396
38.445000,2.735000,14.967987,-0.000000,0.000000,0.000000,661.614032,661.614036,661.614030,661.614039,-1.717461,0.000000,0.000000,0.000000,1.970448,-0.000000,-0.000000,0.000000,14.967987,-0.000000,0.000000,0.000000,1.000000,0.030310,0.029497,1.000000,-0.000000,0.000000,0.656816
38.462000,2.752000,14.952024,0.000000,0.000000,0.000000,661.261149,661.261156,661.261149,661.261156,-1.731674,0.000000,0.000000,0.000000,1.968698,-0.000000,-0.000000,0.000000,14.952024,0.000000,0.000000,0.000000,1.000000,0.030776,0.029987,1.000000,-0.000000,0.000000,0.656233
38.482000,2.772000,14.943604,0.000000,0.000000,0.000000,661.074923,661.074929,661.074924,661.074928,-1.738342,0.000000,0.000000,0.000000,1.966946,-0.000000,-0.000000,0.000000,14.943604,0.000000,0.000000,0.000000,1.000000,0.030968,0.030218,1.000000,-0.000000,0.000000,0.655649
38.504000,2.794000,14.896838,0.000000,0.000000,0.000000,660.039713,660.039719,660.039713,660.039719,-1.783323,0.000000,0.000000,0.000000,1.965161,-0.000000,-0.000000,0.000000,14.896838,0.000000,0.000000,0.000000,1.000000,0.032460,0.031802,1.000000,-0.000000,0.000000,0.655054
38.527000,2.817000,14.911702,-0.000000,0.000000,0.000000,660.368915,660.368921,660.368915,660.368922,-1.766681,0.000000,0.000000,0.000000,1.963383,-0.000000,-0.000000,0.000000,14.911702,-0.000000,0.000000,0.000000,1.000000,0.031958,0.031212,1.000000,-0.000000,0.000000,0.654461
38.541000,2.831000,14.920597,-0.000000,0.000000,0.000000,660.565844,660.565852,660.565844,660.565853,-1.756008,0.000000,0.000000,0.000000,1.961605,-0.000000,-0.000000,0.000000,14.920597,-0.000000,0.000000,0.000000,1.000000,0.031686,0.030836,1.000000,-0.000000,0.000000,0.653868
38.566000,2.856000,14.969829,-0.000000,0.000000,0.000000,661.654741,661.654748,661.654740,661.654750,-1.705029,0.000000,0.000000,0.000000,1.959858,-0.000000,-0.000000,0.000000,14.969829,-0.000000,0.000000,0.000000,1.000000,0.030077,0.029071,1.000000,-0.000000,0.000000,0.653286
38.582000,2.872000,14.914174,-0.000000,0.000000,0.000000,660.423655,660.423660,660.423655,660.423660,-1.758898,0.000000,0.000000,0.000000,1.958073,-0.000000,-0.000000,0.000000,14.914174,-0.000000,0.000000,0.000000,1.000000,0.031831,0.030937,1.000000,-0.000000,0.000000,0.652691
38.601000,2.891000,14.953699,-0.000000,0.000000,0.000000,661.298185,661.298192,661.298185,661.298193,-1.717618,0.000000,0.000000,0.000000,1.956317,-0.000000,-0.000000,0.000000,14.953699,-0.000000,0.000000,0.000000,1.000000,0.030479,0.029502,1.000000,-0.000000,0.000000,0.652106
38.623000,2.913000,14.962274,-0.000000,0.000000,0.000000,661.487755,661.487760,661.487755,661.487761,-1.707294,0.000000,0.000000,0.000000,1.954567,-0.000000,-0.000000,0.000000,14.962274,-0.000000,0.000000,0.000000,1.000000,0.030164,0.029149,1.000000,-0.000000,0.000000,0.651522
38.643000,2.933000,14.905032,0.000000,0.000000,0.000000,660.221199,660.221202,660.221200,660.221202,-1.762749,0.000000,0.000000,0.000000,1.952780,-0.000000,-0.000000,0.000000,14.905032,0.000000,0.000000,0.000000,1.000000,0.031947,0.031073,1.000000,-0.000000,0.000000,0.650927
38.664000,2.954000,14.958250,-0.000000,0.000000,0.000000,661.398796,661.398802,661.398797,661.398803,-1.707782,0.000000,0.000000,0.000000,1.951031,-0.000000,-0.000000,0.000000,14.958250,-0.000000,0.000000,0.000000,1.000000,0.030168,0.029165,1.000000,-0.000000,0.000000,0.650344
38.687000,2.977000,14.942552,-0.000000,0.000000,0.000000,661.051661,661.051665,661.051660,661.051666,-1.721719,0.000000,0.000000,0.000000,1.949271,-0.000000,-0.000000,0.000000,14.942552,-0.000000,0.000000,0.000000,1.000000,0.030625,0.029643,1.000000,-0.000000,0.000000,0.649757
38.703000,2.993000,14.955136,0.000000,0.000000,0.000000,661.329949,661.329955,661.329949,661.329955,-1.707386,0.000000,0.000000,0.000000,1.947522,-0.000000,-0.000000,0.000000,14.955136,0.000000,0.000000,0.000000,1.000000,0.030160,0.029152,1.000000,-0.000000,0.000000,0.649174
38.724000,3.014000,14.938177,0.000000,0.000000,0.000000,660.954872,660.954879,660.954873,660.954878,-1.722586,0.000000,0.000000,0.000000,1.945763,-0.000000,-0.000000,0.000000,14.938177,0.000000,0.000000,0.000000,1.000000,0.030639,0.029673,1.000000,-0.000000,0.000000,0.648588
38.747000,3.037000,14.926862,-0.000000,0.000000,0.000000,660.704513,660.704516,660.704513,660.704516,-1.732135,0.000000,0.000000,0.000000,1.943997,-0.000000,-0.000000,0.000000,14.926862,-0.000000,0.000000,0.000000,1.000000,0.030947,0.030003,1.000000,-0.000000,0.000000,0.647999
38.763000,3.053000,14.934714,-0.000000,0.000000,0.000000,660.878264,660.878270,660.878264,660.878270,-1.722523,0.000000,0.000000,0.000000,1.942237,-0.000000,0.000000,0.000000,14.934714,-0.000000,0.000000,0.000000,1.000000,0.030654,0.029671,1.000000,0.000000,0.000000,0.647412
38.782000,3.072000,14.907019,0.000000,0.000000,0.000000,660.265216,660.265220,660.265216,660.265220,-1.748436,0.000000,0.000000,0.000000,1.940455,-0.000000,0.000000,0.000000,14.907019,0.000000,0.000000,0.000000,1.000000,0.031526,0.030570,1.000000,0.000000,0.000000,0.646818
38.809000,3.099000,14.908449,-0.000000,0.000000,0.000000,660.296884,660.296887,660.296884,660.296887,-1.745222,0.000000,0.000000,0.000000,1.938671,-0.000000,0.000000,0.000000,14.908449,-0.000000,0.000000,0.000000,1.000000,0.031465,0.030458,1.000000,0.000000,0.000000,0.646224
38.826000,3.116000,14.945964,-0.000000,0.000000,0.000000,661.127119,661.127123,661.127118,661.127125,-1.705946,0.000000,0.000000,0.000000,1.936910,-0.000000,0.000000,0.000000,14.945964,-0.000000,0.000000,0.000000,1.000000,0.030254,0.029103,1.000000,0.000000,0.000000,0.645637
38.843000,3.133000,14.952814,0.000000,0.000000,0.000000,661.278604,661.278610,661.278604,661.278610,-1.697338,0.000000,0.000000,0.000000,1.935152,-0.000000,0.000000,0.000000,14.952814,0.000000,0.000000,0.000000,1.000000,0.029999,0.028810,1.000000,0.000000,0.000000,0.645051
38.866000,3.156000,14.936597,-0.000000,0.000000,0.000000,660.919914,660.919918,660.919913,660.919919,-1.711790,0.000000,0.000000,0.000000,1.933387,-0.000000,0.000000,0.000000,14.936597,-0.000000,0.000000,0.000000,1.000000,0.030431,0.029302,1.000000,0.000000,0.000000,0.644462
38.882000,3.172000,14.941582,-0.000000,0.000000,0.000000,661.030211,661.030216,661.030211,661.030216,-1.705044,0.000000,0.000000,0.000000,1.931626,-0.000000,0.000000,0.000000,14.941582,-0.000000,0.000000,0.000000,1.000000,0.030215,0.029072,1.000000,0.000000,0.000000,0.643875
38.905000,3.195000,14.913514,0.000000,0.000000,0.000000,660.409029,660.409034,660.409029,660.409034,-1.731334,0.000000,0.000000,0.000000,1.929847,-0.000000,0.000000,0.000000,14.913514,0.000000,0.000000,0.000000,1.000000,0.031066,0.029975,1.000000,0.000000,0.000000,0.643282
38.928000,3.218000,14.948124,0.000000,0.000000,0.000000,661.174891,661.174896,661.174892,661.174895,-1.694969,0.000000,0.000000,0.000000,1.928092,-0.000000,0.000000,0.000000,14.948124,0.000000,0.000000,0.000000,1.000000,0.029912,0.028729,1.000000,0.000000,0.000000,0.642697
38.947000,3.237000,14.957883,0.000000,0.000000,0.000000,661.390696,661.390699,661.390697,661.390699,-1.683461,0.000000,0.000000,0.000000,1.926344,-0.000000,0.000000,0.000000,14.957883,0.000000,0.000000,0.000000,1.000000,0.029561,0.028340,1.000000,0.000000,0.000000,0.642115
38.961000,3.251000,14.943500,0.000000,0.000000,0.000000,661.072637,661.072640,661.072637,661.072640,-1.696090,0.000000,0.000000,0.000000,1.924590,-0.000000,0.000000,0.000000,14.943500,0.000000,0.000000,0.000000,1.000000,0.029930,0.028767,1.000000,0.000000,0.000000,0.641530
38.981000,3.271000,14.896556,0.000000,0.000000,0.000000,660.033459,660.033461,660.033459,660.033461,-1.741249,0.000000,-0.000000,0.000000,1.922805,-0.000000,0.000000,0.000000,14.896556,0.000000,0.000000,0.000000,1.000000,0.031372,0.030319,1.000000,0.000000,0.000000,0.640935
39.003000,3.293000,14.911777,-0.000000,0.000000,0.000000,660.370585,660.370586,660.370584,660.370587,-1.724252,0.000000,-0.000000,0.000000,1.921030,-0.000000,0.000000,0.000000,14.911777,-0.000000,0.000000,0.000000,1.000000,0.030854,0.029730,1.000000,0.000000,0.000000,0.640343
39.022000,3.312000,14.956157,-0.000000,0.000000,0.000000,661.352527,661.352529,661.352526,661.352530,-1.678124,0.000000,0.000000,0.000000,1.919281,-0.000000,0.000000,0.000000,14.956157,-0.000000,0.000000,0.000000,1.000000,0.029437,0.028161,1.000000,0.000000,0.000000,0.639760
39.045000,3.335000,14.954800,-0.000000,0.000000,0.000000,661.322523,661.322527,661.322523,661.322528,-1.677733,0.000000,0.000000,0.000000,1.917532,-0.000000,0.000000,0.000000,14.954800,-0.000000,0.000000,0.000000,1.000000,0.029426,0.028148,1.000000,0.000000,0.000000,0.639177
39.068000,3.358000,14.949800,-0.000000,0.000000,0.000000,661.211959,661.211962,661.211958,661.211963,-1.680986,0.000000,0.000000,0.000000,1.915785,-0.000000,0.000000,0.000000,14.949800,-0.000000,0.000000,0.000000,1.000000,0.029486,0.028257,1.000000,0.000000,0.000000,0.638595
39.082000,3.372000,14.945766,-0.000000,0.000000,0.000000,661.122754,661.122757,661.122754,661.122758,-1.683274,0.000000,0.000000,0.000000,1.914040,-0.000000,0.000000,0.000000,14.945766,-0.000000,0.000000,0.000000,1.000000,0.029524,0.028334,1.000000,0.000000,0.000000,0.638013
39.101000,3.391000,14.934819,-0.000000,0.000000,0.000000,660.880593,660.880595,660.880592,660.880596,-1.692471,0.000000,0.000000,0.000000,1.912291,-0.000000,0.000000,0.000000,14.934819,-0.000000,0.000000,0.000000,1.000000,0.029796,0.028645,1.000000,0.000000,0.000000,0.637430
39.125000,3.415000,14.955322,-0.000000,0.000000,0.000000,661.334076,661.334079,661.334076,661.334079,-1.670236,0.000000,-0.000000,0.000000,1.910558,-0.000000,0.000000,0.000000,14.955322,-0.000000,0.000000,0.000000,1.000000,0.029078,0.027897,1.000000,0.000000,0.000000,0.636853
39.142000,3.432000,14.951307,-0.000000,0.000000,0.000000,661.245285,661.245287,661.245285,661.245287,-1.672519,0.000000,-0.000000,0.000000,1.908826,-0.000000,0.000000,0.000000,14.951307,-0.000000,0.000000,0.000000,1.000000,0.029132,0.027973,1.000000,0.000000,0.000000,0.636275
39.169000,3.459000,14.946987,0.000000,0.000000,0.000000,661.149745,661.149747,661.149745,661.149747,-1.675108,0.000000,-0.000000,0.000000,1.907095,-0.000000,0.000000,0.000000,14.946987,0.000000,0.000000,0.000000,1.000000,0.029180,0.028060,1.000000,0.000000,0.000000,0.635698
39.182000,3.472000,14.933538,0.000000,0.000000,0.000000,660.852248,660.852250,660.852249,660.852250,-1.686819,0.000000,-0.000000,0.000000,1.905358,-0.000000,0.000000,0.000000,14.933538,0.000000,0.000000,0.000000,1.000000,0.029526,0.028454,1.000000,0.000000,0.000000,0.635119
39.201000,3.491000,14.932391,0.000000,0.000000,0.000000,660.826863,660.826865,660.826863,660.826864,-1.686231,0.000000,-0.000000,0.000000,1.903621,-0.000000,0.000000,0.000000,14.932391,0.000000,0.000000,0.000000,1.000000,0.029502,0.028434,1.000000,0.000000,0.000000,0.634540
39.224000,3.514000,14.944266,0.000000,0.000000,0.000000,661.089584,661.089586,661.089585,661.089586,-1.672628,0.000000,-0.000000,0.000000,1.901894,-0.000000,0.000000,0.000000,14.944266,0.000000,0.000000,0.000000,1.000000,0.029080,0.027977,1.000000,0.000000,0.000000,0.633965
39.241000,3.531000,14.927064,-0.000000,0.000000,0.000000,660.708989,660.708990,660.708989,660.708991,-1.688092,0.000000,-0.000000,0.000000,1.900156,-0.000000,0.000000,0.000000,14.927064,-0.000000,0.000000,0.000000,1.000000,0.029568,0.028497,1.000000,0.000000,0.000000,0.633385
39.264000,3.554000,14.947391,-0.000000,0.000000,0.000000,661.158690,661.158691,661.158690,661.158692,-1.666043,0.000000,-0.000000,0.000000,1.898434,-0.000000,0.000000,0.000000,14.947391,-0.000000,0.000000,0.000000,1.000000,0.028869,0.027757,1.000000,0.000000,0.000000,0.632811
39.284000,3.574000,14.935274,0.000000,0.000000,0.000000,660.890644,660.890646,660.890644,660.890646,-1.676431,0.000000,-0.000000,0.000000,1.896705,-0.000000,0.000000,0.000000,14.935274,0.000000,0.000000,0.000000,1.000000,0.029194,0.028104,1.000000,0.000000,0.000000,0.632235
39.305000,3.595000,14.891139,0.000000,0.000000,0.000000,659.913440,659.913442,659.913441,659.913441,-1.718807,0.000000,-0.000000,0.000000,1.894946,-0.000000,0.000000,0.000000,14.891139,0.000000,0.000000,0.000000,1.000000,0.030543,0.029543,1.000000,0.000000,0.000000,0.631649
39.321000,3.611000,14.953380,-0.000000,0.000000,0.000000,661.291127,661.291128,661.291127,661.291129,-1.654849,0.000000,-0.000000,0.000000,1.893229,-0.000000,0.000000,0.000000,14.953380,-0.000000,0.000000,0.000000,1.000000,0.028550,0.027385,1.000000,0.000000,0.000000,0.631076
39.343000,3.633000,14.946081,0.000000,0.000000,0.000000,661.129712,661.129714,661.129713,661.129713,-1.660425,0.000000,-0.000000,0.000000,1.891506,-0.000000,0.000000,0.000000,14.946081,0.000000,0.000000,0.000000,1.000000,0.028746,0.027570,1.000000,0.000000,0.000000,0.630502
39.366000,3.656000,14.899745,0.000000,0.000000,0.000000,660.104107,660.104108,660.104107,660.104107,-1.705008,0.000000,-0.000000,0.000000,1.889753,-0.000000,0.000000,0.000000,14.899745,0.000000,0.000000,0.000000,1.000000,0.030131,0.029071,1.000000,0.000000,0.000000,0.629918
39.383000,3.673000,14.913961,0.000000,0.000000,0.000000,660.418939,660.418940,660.418939,660.418940,-1.689049,0.000000,-0.000000,0.000000,1.888010,-0.000000,0.000000,0.000000,14.913961,0.000000,0.000000,0.000000,1.000000,0.029641,0.028529,1.000000,0.000000,0.000000,0.629337
39.403000,3.693000,14.957513,0.000000,0.000000,0.000000,661.382510,661.382511,661.382510,661.382511,-1.643783,0.000000,-0.000000,0.000000,1.886295,-0.000000,0.000000,0.000000,14.957513,0.000000,0.000000,0.000000,1.000000,0.028264,0.027020,1.000000,0.000000,0.000000,0.628765
39.422000,3.712000,14.955860,0.000000,0.000000,0.000000,661.345967,661.345968,661.345967,661.345968,-1.643722,0.000000,-0.000000,0.000000,1.884582,-0.000000,0.000000,0.000000,14.955860,0.000000,0.000000,0.000000,1.000000,0.028251,0.027018,1.000000,0.000000,0.000000,0.628194
39.444000,3.734000,14.908196,0.000000,0.000000,0.000000,660.291280,660.291280,660.291280,660.291280,-1.689644,0.000000,-0.000000,0.000000,1.882840,-0.000000,0.000000,0.000000,14.908196,0.000000,0.000000,0.000000,1.000000,0.029644,0.028549,1.000000,0.000000,0.000000,0.627613
39.462000,3.752000,14.919860,-0.000000,0.000000,0.000000,660.549524,660.549524,660.549524,660.549524,-1.676248,0.000000,-0.000000,0.000000,1.881108,-0.000000,0.000000,0.000000,14.919860,-0.000000,0.000000,0.000000,1.000000,0.029216,0.028098,1.000000,0.000000,0.000000,0.627036
39.481000,3.771000,14.971308,0.000000,0.000000,0.000000,661.687423,661.687424,661.687423,661.687424,-1.623104,0.000000,-0.000000,0.000000,1.879411,-0.000000,0.000000,0.000000,14.971308,0.000000,0.000000,0.000000,1.000000,0.027591,0.026345,1.000000,0.000000,0.000000,0.626470
39.504000,3.794000,14.917657,0.000000,0.000000,0.000000,660.500756,660.500756,660.500756,660.500756,-1.675024,0.000000,-0.000000,0.000000,1.877681,-0.000000,0.000000,0.000000,14.917657,0.000000,0.000000,0.000000,1.000000,0.029174,0.028057,1.000000,0.000000,0.000000,0.625894
39.525000,3.815000,14.928737,-0.000000,0.000000,0.000000,660.746000,660.745999,660.745999,660.746000,-1.662225,0.000000,-0.000000,0.000000,1.875961,-0.000000,0.000000,0.000000,14.928737,-0.000000,0.000000,0.000000,1.000000,0.028752,0.027630,1.000000,0.000000,0.000000,0.625320
39.545000,3.835000,14.952437,0.000000,0.000000,0.000000,661.270283,661.270283,661.270283,661.270283,-1.636823,0.000000,-0.000000,0.000000,1.874260,-0.000000,0.000000,0.000000,14.952437,0.000000,0.000000,0.000000,1.000000,0.027962,0.026792,1.000000,0.000000,0.000000,0.624753
39.565000,3.855000,14.956993,0.000000,-0.000000,0.000000,661.371014,661.371015,661.371015,661.371014,-1.630572,0.000000,-0.000000,0.000000,1.872565,-0.000000,0.000000,0.000000,14.956993,0.000000,-0.000000,0.000000,1.000000,0.027744,0.026588,1.000000,0.000000,0.000000,0.624188
39.582000,3.872000,14.952597,0.000000,-0.000000,0.000000,661.273821,661.273821,661.273821,661.273820,-1.633277,0.000000,-0.000000,0.000000,1.870874,-0.000000,0.000000,0.000000,14.952597,0.000000,-0.000000,0.000000,1.000000,0.027775,0.026676,1.000000,0.000000,0.000000,0.623625
39.607000,3.897000,14.948137,0.000000,-0.000000,0.000000,661.175194,661.175194,661.175195,661.175194,-1.636049,0.000000,-0.000000,0.000000,1.869186,-0.000000,0.000000,0.000000,14.948137,0.000000,-0.000000,0.000000,1.000000,0.027810,0.026767,1.000000,0.000000,0.000000,0.623062
39.626000,3.916000,14.949738,0.000000,-0.000000,0.000000,661.210600,661.210599,661.210601,661.210599,-1.632766,0.000000,-0.000000,0.000000,1.867504,-0.000000,0.000000,0.000000,14.949738,0.000000,-0.000000,0.000000,1.000000,0.027668,0.026659,1.000000,0.000000,0.000000,0.622501
39.644000,3.934000,14.902089,0.000000,-0.000000,0.000000,660.156032,660.156031,660.156032,660.156030,-1.678703,0.000000,-0.000000,0.000000,1.865793,-0.000000,0.000000,0.000000,14.902089,0.000000,-0.000000,0.000000,1.000000,0.029070,0.028180,1.000000,0.000000,0.000000,0.621931
39.665000,3.955000,14.945817,0.000000,-0.000000,0.000000,661.123872,661.123870,661.123872,661.123870,-1.633296,0.000000,-0.000000,0.000000,1.864113,-0.000000,0.000000,0.000000,14.945817,0.000000,-0.000000,0.000000,1.000000,0.027662,0.026677,1.000000,0.000000,0.000000,0.621371
39.683000,3.973000,14.961962,0.000000,-0.000000,0.000000,661.480860,661.480859,661.480861,661.480859,-1.615483,0.000000,-0.000000,0.000000,1.862445,-0.000000,0.000000,0.000000,14.961962,0.000000,-0.000000,0.000000,1.000000,0.027126,0.026098,1.000000,0.000000,0.000000,0.620815
39.707000,3.997000,14.940409,0.000000,-0.000000,0.000000,661.004254,661.004253,661.004254,661.004253,-1.635359,0.000000,-0.000000,0.000000,1.860767,-0.000000,0.000000,0.000000,14.940409,0.000000,-0.000000,0.000000,1.000000,0.027688,0.026744,1.000000,0.000000,0.000000,0.620256
39.725000,4.015000,14.946990,0.000000,-0.000000,0.000000,661.149833,661.149832,661.149833,661.149832,-1.627110,0.000000,-0.000000,0.000000,1.859100,-0.000000,0.000000,0.000000,14.946990,0.000000,-0.000000,0.000000,1.000000,0.027391,0.026475,1.000000,0.000000,0.000000,0.619700
39.742000,4.032000,14.900799,0.000000,-0.000000,0.000000,660.127440,660.127439,660.127440,660.127439,-1.671605,0.000000,-0.000000,0.000000,1.857403,-0.000000,0.000000,0.000000,14.900799,0.000000,-0.000000,0.000000,1.000000,0.028751,0.027943,1.000000,0.000000,0.000000,0.619134
39.764000,4.054000,14.914434,0.000000,-0.000000,0.000000,660.429398,660.429397,660.429398,660.429397,-1.656283,0.000000,-0.000000,0.000000,1.855716,-0.000000,0.000000,0.000000,14.914434,0.000000,-0.000000,0.000000,1.000000,0.028284,0.027433,1.000000,0.000000,0.000000,0.618572
39.781000,4.071000,14.952761,0.000000,-0.000000,0.000000,661.277446,661.277446,661.277447,661.277445,-1.616293,0.000000,-0.000000,0.000000,1.854054,-0.000000,0.000000,0.000000,14.952761,0.000000,-0.000000,0.000000,1.000000,0.027091,0.026124,1.000000,0.000000,0.000000,0.618018
39.803000,4.093000,14.955154,0.000000,-0.000000,0.000000,661.330369,661.330368,661.330370,661.330368,-1.612241,0.000000,-0.000000,0.000000,1.852396,-0.000000,0.000000,0.000000,14.955154,0.000000,-0.000000,0.000000,1.000000,0.026955,0.025993,1.000000,0.000000,0.000000,0.617465
39.823000,4.113000,14.950897,0.000000,-0.000000,0.000000,661.236220,661.236219,661.236220,661.236218,-1.614844,0.000000,-0.000000,0.000000,1.850741,-0.000000,0.000000,0.000000,14.950897,0.000000,-0.000000,0.000000,1.000000,0.026983,0.026077,1.000000,0.000000,0.000000,0.616914
39.845000,4.135000,14.961550,0.000000,-0.000000,0.000000,661.471752,661.471750,661.471752,661.471750,-1.602550,0.000000,-0.000000,0.000000,1.849099,-0.000000,0.000000,0.000000,14.961550,0.000000,-0.000000,0.000000,1.000000,0.026563,0.025682,1.000000,0.000000,0.000000,0.616366
39.862000,4.152000,14.937322,0.000000,-0.000000,0.000000,660.935971,660.935969,660.935971,660.935969,-1.625125,0.000000,-0.000000,0.000000,1.847447,-0.000000,0.000000,0.000000,14.937322,0.000000,-0.000000,0.000000,1.000000,0.027200,0.026410,1.000000,0.000000,0.000000,0.615816
39.886000,4.176000,14.914828,-0.000000,-0.000000,0.000000,660.438136,660.438134,660.438136,660.438134,-1.645953,0.000000,-0.000000,0.000000,1.845782,-0.000000,0.000000,0.000000,14.914828,-0.000000,-0.000000,0.000000,1.000000,0.027827,0.027092,1.000000,0.000000,0.000000,0.615261
39.903000,4.193000,14.961053,0.000000,-0.000000,0.000000,661.460779,661.460776,661.460779,661.460776,-1.598097,0.000000,-0.000000,0.000000,1.844150,-0.000000,0.000000,0.000000,14.961053,0.000000,-0.000000,0.000000,1.000000,0.026370,0.025539,1.000000,0.000000,0.000000,0.614717
39.922000,4.212000,14.959709,0.000000,-0.000000,0.000000,661.431067,661.431064,661.431067,661.431064,-1.597811,0.000000,-0.000000,0.000000,1.842520,-0.000000,0.000000,0.000000,14.959709,0.000000,-0.000000,0.000000,1.000000,0.026343,0.025530,1.000000,0.000000,0.000000,0.614173
39.942000,4.232000,14.943705,0.000000,-0.000000,0.000000,661.077165,661.077163,661.077165,661.077162,-1.612181,0.000000,-0.000000,0.000000,1.840886,-0.000000,0.000000,0.000000,14.943705,0.000000,-0.000000,0.000000,1.000000,0.026718,0.025991,1.000000,0.000000,0.000000,0.613629
39.963000,4.253000,14.930871,0.000000,-0.000000,0.000000,660.793223,660.793221,660.793223,660.793220,-1.623378,0.000000,-0.000000,0.000000,1.839249,0.000000,0.000000,0.000000,14.930871,0.000000,-0.000000,0.000000,1.000000,0.027022,0.026354,1.000000,0.000000,-0.000000,0.613083
39.981000,4.271000,14.942582,0.000000,-0.000000,0.000000,661.052330,661.052328,661.052330,661.052327,-1.610040,-0.000000,-0.000000,0.000000,1.837622,0.000000,0.000000,0.000000,14.942582,0.000000,-0.000000,0.000000,1.000000,0.026599,0.025922,1.000000,0.000000,-0.000000,0.612541
40.006000,4.296000,14.898336,0.000000,-0.000000,0.000000,660.072889,660.072887,660.072889,660.072887,-1.652630,-0.000000,-0.000000,0.000000,1.835966,0.000000,0.000000,0.000000,14.898336,0.000000,-0.000000,0.000000,1.000000,0.027898,0.027312,1.000000,0.000000,-0.000000,0.611989
40.022000,4.312000,14.947553,0.000000,-0.000000,0.000000,661.162280,661.162278,661.162281,661.162277,-1.601792,-0.000000,-0.000000,0.000000,1.834345,0.000000,0.000000,0.000000,14.947553,0.000000,-0.000000,0.000000,1.000000,0.026355,0.025657,1.000000,0.000000,-0.000000,0.611448
40.044000,4.334000,14.949793,0.000000,-0.000000,0.000000,661.211810,661.211807,661.211810,661.211807,-1.597933,-0.000000,-0.000000,0.000000,1.832726,0.000000,0.000000,0.000000,14.949793,0.000000,-0.000000,0.000000,1.000000,0.026248,0.025534,1.000000,0.000000,-0.000000,0.610909
40.062000,4.352000,14.904594,0.000000,-0.000000,0.000000,660.211504,660.211502,660.211504,660.211502,-1.641485,-0.000000,-0.000000,0.000000,1.831079,0.000000,0.000000,0.000000,14.904594,0.000000,-0.000000,0.000000,1.000000,0.027540,0.026945,1.000000,0.000000,-0.000000,0.610360
40.082000,4.372000,14.946729,0.000000,-0.000000,0.000000,661.144047,661.144046,661.144049,661.144044,-1.597735,-0.000000,-0.000000,0.000000,1.829464,0.000000,0.000000,0.000000,14.946729,0.000000,-0.000000,0.000000,1.000000,0.026207,0.025528,1.000000,0.000000,-0.000000,0.609821
40.102000,4.392000,14.956488,0.000000,-0.000000,0.000000,661.359855,661.359852,661.359855,661.359852,-1.586368,-0.000000,-0.000000,0.000000,1.827857,0.000000,0.000000,0.000000,14.956488,0.000000,-0.000000,0.000000,1.000000,0.025866,0.025166,1.000000,0.000000,-0.000000,0.609286
40.122000,4.412000,14.908360,-0.000000,-0.000000,0.000000,660.294908,660.294905,660.294907,660.294905,-1.632861,-0.000000,-0.000000,0.000000,1.826221,0.000000,0.000000,0.000000,14.908360,-0.000000,-0.000000,0.000000,1.000000,0.027232,0.026662,1.000000,0.000000,-0.000000,0.608740
40.141000,4.431000,14.919399,0.000000,-0.000000,0.000000,660.539332,660.539329,660.539332,660.539329,-1.620196,-0.000000,-0.000000,0.000000,1.824595,0.000000,0.000000,0.000000,14.919399,0.000000,-0.000000,0.000000,1.000000,0.026835,0.026250,1.000000,0.000000,-0.000000,0.608198
40.164000,4.454000,14.961293,0.000000,-0.000000,0.000000,661.466092,661.466088,661.466093,661.466088,-1.576704,-0.000000,-0.000000,0.000000,1.822998,0.000000,0.000000,0.000000,14.961293,0.000000,-0.000000,0.000000,1.000000,0.025546,0.024860,1.000000,0.000000,-0.000000,0.607666
40.184000,4.474000,14.958824,0.000000,-0.000000,0.000000,661.411501,661.411497,661.411501,661.411497,-1.577579,-0.000000,-0.000000,0.000000,1.821404,0.000000,0.000000,0.000000,14.958824,0.000000,-0.000000,0.000000,1.000000,0.025545,0.024888,1.000000,0.000000,-0.000000,0.607135
40.202000,4.492000,14.910661,0.000000,-0.000000,0.000000,660.345875,660.345872,660.345875,660.345872,-1.624121,-0.000000,-0.000000,0.000000,1.819782,0.000000,0.000000,0.000000,14.910661,0.000000,-0.000000,0.000000,1.000000,0.026887,0.026378,1.000000,0.000000,-0.000000,0.606594
40.222000,4.512000,14.965727,0.000000,-0.000000,0.000000,661.564084,661.564081,661.564085,661.564080,-1.567477,-0.000000,-0.000000,0.000000,1.818203,0.000000,0.000000,0.000000,14.965727,0.000000,-0.000000,0.000000,1.000000,0.025169,0.024570,1.000000,0.000000,-0.000000,0.606068
40.241000,4.531000,14.964527,0.000000,-0.000000,0.000000,661.537559,661.537556,661.537560,661.537555,-1.567101,-0.000000,-0.000000,0.000000,1.816627,0.000000,0.000000,0.000000,14.964527,0.000000,-0.000000,0.000000,1.000000,0.025136,0.024558,1.000000,0.000000,-0.000000,0.605542
40.263000,4.553000,14.907107,-0.000000,-0.000000,0.000000,660.267160,660.267157,660.267160,660.267157,-1.622912,-0.000000,-0.000000,0.000000,1.815019,0.000000,0.000000,0.000000,14.907107,-0.000000,-0.000000,0.000000,1.000000,0.026744,0.026338,1.000000,0.000000,-0.000000,0.605006
40.284000,4.574000,14.959652,0.000000,-0.000000,0.000000,661.429805,661.429803,661.429807,661.429801,-1.568799,-0.000000,-0.000000,0.000000,1.813451,0.000000,0.000000,0.000000,14.959652,0.000000,-0.000000,0.000000,1.000000,0.025104,0.024611,1.000000,0.000000,-0.000000,0.604484
40.303000,4.593000,14.909794,-0.000000,-0.000000,0.000000,660.326677,660.326674,660.326677,660.326674,-1.617055,-0.000000,-0.000000,0.000000,1.811849,0.000000,0.000000,0.000000,14.909794,-0.000000,-0.000000,0.000000,1.000000,0.026540,0.026149,1.000000,0.000000,-0.000000,0.603950
40.324000,4.614000,14.937056,0.000000,-0.000000,0.000000,660.930077,660.930074,660.930077,660.930073,-1.588216,-0.000000,-0.000000,0.000000,1.810272,0.000000,0.000000,0.000000,14.937056,0.000000,-0.000000,0.000000,1.000000,0.025643,0.025224,1.000000,0.000000,-0.000000,0.603424
40.344000,4.634000,14.915114,-0.000000,-0.000000,0.000000,660.444472,660.444468,660.444472,660.444468,-1.608563,-0.000000,-0.000000,0.000000,1.808677,0.000000,0.000000,0.000000,14.915114,-0.000000,-0.000000,0.000000,1.000000,0.026274,0.025875,1.000000,0.000000,-0.000000,0.602892
40.363000,4.653000,14.954703,0.000000,-0.000000,0.000000,661.320388,661.320384,661.320389,661.320383,-1.567409,-0.000000,-0.000000,0.000000,1.807112,0.000000,0.000000,0.000000,14.954703,0.000000,-0.000000,0.000000,1.000000,0.025044,0.024568,1.000000,0.000000,-0.000000,0.602371
40.383000,4.673000,14.971370,-0.000000,-0.000000,0.000000,661.688814,661.688808,661.688813,661.688808,-1.549192,-0.000000,-0.000000,0.000000,1.805563,0.000000,0.000000,0.000000,14.971370,-0.000000,-0.000000,0.000000,1.000000,0.024490,0.024000,1.000000,0.000000,-0.000000,0.601854
40.401000,4.691000,14.953187,-0.000000,-0.000000,0.000000,661.286878,661.286872,661.286878,661.286873,-1.565821,-0.000000,-0.000000,0.000000,1.804009,0.000000,0.000000,0.000000,14.953187,-0.000000,-0.000000,0.000000,1.000000,0.024912,0.024518,1.000000,0.000000,-0.000000,0.601336
40.424000,4.714000,14.946370,-0.000000,-0.000000,0.000000,661.136105,661.136099,661.136104,661.136100,-1.571089,-0.000000,-0.000000,0.000000,1.802458,0.000000,0.000000,0.000000,14.946370,-0.000000,-0.000000,0.000000,1.000000,0.025006,0.024683,1.000000,0.000000,-0.000000,0.600819
40.448000,4.738000,14.901078,0.000000,-0.000000,0.000000,660.133626,660.133621,660.133626,660.133621,-1.614803,-0.000000,-0.000000,0.000000,1.800880,0.000000,0.000000,0.000000,14.901078,0.000000,-0.000000,0.000000,1.000000,0.026279,0.026076,1.000000,0.000000,-0.000000,0.600293
40.462000,4.752000,14.959585,0.000000,-0.000000,0.000000,661.428316,661.428314,661.428318,661.428312,-1.554760,-0.000000,-0.000000,0.000000,1.799345,0.000000,0.000000,0.000000,14.959585,0.000000,-0.000000,0.000000,1.000000,0.024496,0.024173,1.000000,0.000000,-0.000000,0.599782
40.484000,4.774000,14.942651,0.000000,-0.000000,0.000000,661.053843,661.053840,661.053844,661.053839,-1.570154,-0.000000,-0.000000,0.000000,1.797805,0.000000,0.000000,0.000000,14.942651,0.000000,-0.000000,0.000000,1.000000,0.024893,0.024654,1.000000,0.000000,-0.000000,0.599268
40.502000,4.792000,14.948793,0.000000,-0.000000,0.000000,661.189709,661.189707,661.189711,661.189705,-1.562481,-0.000000,-0.000000,0.000000,1.796275,0.000000,0.000000,0.000000,14.948793,0.000000,-0.000000,0.000000,1.000000,0.024631,0.024413,1.000000,0.000000,-0.000000,0.598758
40.522000,4.812000,14.946819,0.000000,-0.000000,0.000000,661.146041,661.146038,661.146042,661.146037,-1.562930,-0.000000,-0.000000,0.000000,1.794749,0.000000,0.000000,0.000000,14.946819,0.000000,-0.000000,0.000000,1.000000,0.024611,0.024427,1.000000,0.000000,-0.000000,0.598250
40.542000,4.832000,14.894197,-0.000000,-0.000000,0.000000,659.981197,659.981194,659.981197,659.981194,-1.613992,-0.000000,-0.000000,0.000000,1.793189,0.000000,0.000000,0.000000,14.894197,-0.000000,-0.000000,0.000000,1.000000,0.026104,0.026050,1.000000,0.000000,-0.000000,0.597730
40.563000,4.853000,14.942261,-0.000000,-0.000000,0.000000,661.045219,661.045215,661.045219,661.045215,-1.564403,-0.000000,-0.000000,0.000000,1.791664,0.000000,0.000000,0.000000,14.942261,-0.000000,-0.000000,0.000000,1.000000,0.024638,0.024474,1.000000,0.000000,-0.000000,0.597221
40.581000,4.871000,14.956301,0.000000,-0.000000,0.000000,661.355712,661.355707,661.355712,661.355706,-1.548847,-0.000000,-0.000000,0.000000,1.790147,0.000000,0.000000,0.000000,14.956301,0.000000,-0.000000,0.000000,1.000000,0.024199,0.023989,1.000000,0.000000,-0.000000,0.596716
40.607000,4.897000,14.936262,0.000000,-0.000000,0.000000,660.912508,660.912505,660.912509,660.912504,-1.567361,-0.000000,-0.000000,0.000000,1.788622,0.000000,0.000000,0.000000,14.936262,0.000000,-0.000000,0.000000,1.000000,0.024705,0.024566,1.000000,0.000000,-0.000000,0.596207
40.622000,4.912000,14.945150,0.000000,-0.000000,0.000000,661.109128,661.109122,661.109128,661.109121,-1.556959,-0.000000,-0.000000,0.000000,1.787109,0.000000,0.000000,0.000000,14.945150,0.000000,-0.000000,0.000000,1.000000,0.024367,0.024241,1.000000,0.000000,-0.000000,0.595703
40.645000,4.935000,14.942687,0.000000,-0.000000,0.000000,661.054644,661.054638,661.054644,661.054638,-1.557910,-0.000000,-0.000000,0.000000,1.785597,0.000000,0.000000,0.000000,14.942687,0.000000,-0.000000,0.000000,1.000000,0.024374,0.024271,1.000000,0.000000,-0.000000,0.595199
40.669000,4.959000,14.941881,0.000000,-0.000000,0.000000,661.036820,661.036815,661.036821,661.036814,-1.557208,-0.000000,-0.000000,0.000000,1.784089,0.000000,0.000000,0.000000,14.941881,0.000000,-0.000000,0.000000,1.000000,0.024328,0.024249,1.000000,0.000000,-0.000000,0.594696
40.682000,4.972000,14.898904,0.000000,-0.000000,0.000000,660.085482,660.085477,660.085482,660.085476,-1.598649,-0.000000,-0.000000,0.000000,1.782553,0.000000,0.000000,0.000000,14.898904,0.000000,-0.000000,0.000000,1.000000,0.025533,0.025557,1.000000,0.000000,-0.000000,0.594184
40.701000,4.991000,14.949448,0.000000,-0.000000,0.000000,661.204178,661.204174,661.204179,661.204173,-1.546607,-0.000000,-0.000000,0.000000,1.781054,0.000000,0.000000,0.000000,14.949448,0.000000,-0.000000,0.000000,1.000000,0.024007,0.023920,1.000000,0.000000,-0.000000,0.593685
40.723000,5.013000,14.909878,0.000000,-0.000000,0.000000,660.328522,660.328520,660.328523,660.328519,-1.584649,-0.000000,-0.000000,0.000000,1.779527,0.000000,0.000000,0.000000,14.909878,0.000000,-0.000000,0.000000,1.000000,0.025129,0.025111,1.000000,0.000000,-0.000000,0.593176
40.744000,5.034000,14.922466,0.000000,-0.000000,0.000000,660.607211,660.607208,660.607213,660.607206,-1.570546,-0.000000,-0.000000,0.000000,1.778011,0.000000,0.000000,0.000000,14.922466,0.000000,-0.000000,0.000000,1.000000,0.024705,0.024666,1.000000,0.000000,-0.000000,0.592670
40.765000,5.055000,14.964579,0.000000,-0.000000,0.000000,661.538714,661.538709,661.538714,661.538708,-1.526946,-0.000000,-0.000000,0.000000,1.776525,0.000000,0.000000,0.000000,14.964579,0.000000,-0.000000,0.000000,1.000000,0.023449,0.023316,1.000000,0.000000,-0.000000,0.592175
40.782000,5.072000,14.962036,0.000000,-0.000000,0.000000,661.482513,661.482507,661.482513,661.482507,-1.528006,-0.000000,-0.000000,0.000000,1.775043,0.000000,0.000000,0.000000,14.962036,0.000000,-0.000000,0.000000,1.000000,0.023447,0.023348,1.000000,0.000000,-0.000000,0.591681
40.802000,5.092000,14.946571,0.000000,-0.000000,0.000000,661.140555,661.140551,661.140557,661.140550,-1.541986,-0.000000,-0.000000,0.000000,1.773557,0.000000,0.000000,0.000000,14.946571,0.000000,-0.000000,0.000000,1.000000,0.023790,0.023777,1.000000,0.000000,-0.000000,0.591186
40.821000,5.111000,14.955124,0.000000,-0.000000,0.000000,661.329700,661.329694,661.329700,661.329694,-1.531961,-0.000000,-0.000000,0.000000,1.772085,0.000000,0.000000,0.000000,14.955124,0.000000,-0.000000,0.000000,1.000000,0.023453,0.023469,1.000000,0.000000,-0.000000,0.590695
40.843000,5.133000,14.907981,-0.000000,-0.000000,0.000000,660.286512,660.286508,660.286512,660.286508,-1.577605,-0.000000,-0.000000,0.000000,1.770585,0.000000,0.000000,0.000000,14.907981,-0.000000,-0.000000,0.000000,1.000000,0.024747,0.024888,1.000000,0.000000,-0.000000,0.590195
40.863000,5.153000,14.920228,0.000000,-0.000000,0.000000,660.557669,660.557666,660.557670,660.557665,-1.563869,-0.000000,-0.000000,0.000000,1.769096,0.000000,0.000000,0.000000,14.920228,0.000000,-0.000000,0.000000,1.000000,0.024334,0.024457,1.000000,0.000000,-0.000000,0.589699
40.884000,5.174000,14.963364,0.000000,-0.000000,0.000000,661.511861,661.511856,661.511862,661.511855,-1.519273,-0.000000,-0.000000,0.000000,1.767637,0.000000,0.000000,0.000000,14.963364,0.000000,-0.000000,0.000000,1.000000,0.023060,0.023082,1.000000,0.000000,-0.000000,0.589212
40.903000,5.193000,14.961464,0.000000,-0.000000,0.000000,661.469865,661.469859,661.469866,661.469859,-1.519718,-0.000000,-0.000000,0.000000,1.766182,0.000000,0.000000,0.000000,14.961464,0.000000,-0.000000,0.000000,1.000000,0.023045,0.023095,1.000000,0.000000,-0.000000,0.588727
40.923000,5.213000,14.955869,0.000000,-0.000000,0.000000,661.346160,661.346154,661.346160,661.346153,-1.523862,-0.000000,-0.000000,0.000000,1.764731,0.000000,0.000000,0.000000,14.955869,0.000000,-0.000000,0.000000,1.000000,0.023106,0.023222,1.000000,0.000000,-0.000000,0.588244
40.943000,5.233000,14.908663,0.000000,-0.000000,0.000000,660.301615,660.301609,660.301616,660.301609,-1.569590,-0.000000,-0.000000,0.000000,1.763253,0.000000,0.000000,0.000000,14.908663,0.000000,-0.000000,0.000000,1.000000,0.024383,0.024636,1.000000,0.000000,-0.000000,0.587751
40.963000,5.253000,14.956155,0.000000,-0.000000,0.000000,661.352499,661.352495,661.352500,661.352494,-1.520657,-0.000000,-0.000000,0.000000,1.761812,0.000000,0.000000,0.000000,14.956155,0.000000,-0.000000,0.000000,1.000000,0.022956,0.023124,1.000000,0.000000,-0.000000,0.587271
40.981000,5.271000,14.914551,0.000000,-0.000000,0.000000,660.431998,660.431995,660.431998,660.431995,-1.560792,-0.000000,-0.000000,0.000000,1.760343,0.000000,0.000000,0.000000,14.914551,0.000000,-0.000000,0.000000,1.000000,0.024105,0.024361,1.000000,0.000000,-0.000000,0.586781
41.004000,5.294000,14.925742,0.000000,-0.000000,0.000000,660.679720,660.679718,660.679722,660.679717,-1.548144,-0.000000,-0.000000,0.000000,1.758886,0.000000,0.000000,0.000000,14.925742,0.000000,-0.000000,0.000000,1.000000,0.023721,0.023968,1.000000,0.000000,-0.000000,0.586295
41.022000,5.312000,14.967079,0.000000,-0.000000,0.000000,661.593966,661.593960,661.593966,661.593960,-1.505380,-0.000000,-0.000000,0.000000,1.757459,0.000000,0.000000,0.000000,14.967079,0.000000,-0.000000,0.000000,1.000000,0.022503,0.022662,1.000000,0.000000,-0.000000,0.585820
41.041000,5.331000,14.954528,0.000000,-0.000000,0.000000,661.316511,661.316507,661.316513,661.316505,-1.516500,-0.000000,-0.000000,0.000000,1.756028,0.000000,0.000000,0.000000,14.954528,0.000000,-0.000000,0.000000,1.000000,0.022786,0.022998,1.000000,0.000000,-0.000000,0.585343
41.064000,5.354000,14.961184,-0.000000,-0.000000,0.000000,661.463669,661.463663,661.463669,661.463663,-1.508426,-0.000000,-0.000000,0.000000,1.754610,0.000000,0.000000,0.000000,14.961184,-0.000000,-0.000000,0.000000,1.000000,0.022502,0.022754,1.000000,0.000000,-0.000000,0.584870
41.083000,5.373000,14.954479,-0.000000,-0.000000,0.000000,661.315434,661.315427,661.315434,661.315427,-1.513716,-0.000000,-0.000000,0.000000,1.753195,0.000000,0.000000,0.000000,14.954479,-0.000000,-0.000000,0.000000,1.000000,0.022605,0.022913,1.000000,0.000000,-0.000000,0.584398
41.102000,5.392000,14.951119,-0.000000,-0.000000,0.000000,661.241147,661.241140,661.241146,661.241140,-1.515665,-0.000000,-0.000000,0.000000,1.751785,0.000000,0.000000,0.000000,14.951119,-0.000000,-0.000000,0.000000,1.000000,0.022621,0.022972,1.000000,0.000000,-0.000000,0.583928
41.123000,5.413000,14.957844,0.000000,-0.000000,0.000000,661.389824,661.389819,661.389825,661.389818,-1.507541,-0.000000,-0.000000,0.000000,1.750385,0.000000,0.000000,0.000000,14.957844,0.000000,-0.000000,0.000000,1.000000,0.022356,0.022727,1.000000,0.000000,-0.000000,0.583462
41.142000,5.432000,14.904165,0.000000,-0.000000,0.000000,660.202006,660.202001,660.202006,660.202000,-1.559788,-0.000000,-0.000000,0.000000,1.748953,0.000000,0.000000,0.000000,14.904165,0.000000,-0.000000,0.000000,1.000000,0.023817,0.024329,1.000000,0.000000,-0.000000,0.582984
41.162000,5.452000,14.914675,0.000000,-0.000000,0.000000,660.434733,660.434731,660.434734,660.434730,-1.547855,-0.000000,-0.000000,0.000000,1.747530,0.000000,0.000000,0.000000,14.914675,0.000000,-0.000000,0.000000,1.000000,0.023466,0.023959,1.000000,0.000000,-0.000000,0.582510
41.181000,5.471000,14.958824,0.000000,-0.000000,0.000000,661.411495,661.411489,661.411496,661.411489,-1.502313,-0.000000,-0.000000,0.000000,1.746137,0.000000,0.000000,0.000000,14.958824,0.000000,-0.000000,0.000000,1.000000,0.022190,0.022569,1.000000,0.000000,-0.000000,0.582046
41.204000,5.494000,14.915865,0.000000,-0.000000,0.000000,660.461088,660.461083,660.461089,660.461083,-1.543851,-0.000000,-0.000000,0.000000,1.744715,0.000000,0.000000,0.000000,14.915865,0.000000,-0.000000,0.000000,1.000000,0.023359,0.023835,1.000000,0.000000,-0.000000,0.581572
41.221000,5.511000,14.970683,0.000000,-0.000000,0.000000,661.673622,661.673617,661.673623,661.673616,-1.487654,-0.000000,-0.000000,0.000000,1.743337,0.000000,0.000000,0.000000,14.970683,0.000000,-0.000000,0.000000,1.000000,0.021748,0.022131,1.000000,0.000000,-0.000000,0.581112
41.248000,5.538000,14.946269,0.000000,-0.000000,0.000000,661.133878,661.133874,661.133878,661.133874,-1.510682,-0.000000,-0.000000,0.000000,1.741950,0.000000,0.000000,0.000000,14.946269,0.000000,-0.000000,0.000000,1.000000,0.022340,0.022822,1.000000,0.000000,-0.000000,0.580650
41.262000,5.552000,14.950146,0.000000,-0.000000,0.000000,661.219619,661.219615,661.219621,661.219613,-1.505424,-0.000000,-0.000000,0.000000,1.740570,0.000000,0.000000,0.000000,14.950146,0.000000,-0.000000,0.000000,1.000000,0.022178,0.022663,1.000000,0.000000,-0.000000,0.580190
41.282000,5.572000,14.954025,-0.000000,-0.000000,0.000000,661.305402,661.305395,661.305401,661.305396,-1.500172,-0.000000,-0.000000,0.000000,1.739197,0.000000,0.000000,0.000000,14.954025,-0.000000,-0.000000,0.000000,1.000000,0.021997,0.022505,1.000000,0.000000,-0.000000,0.579732
41.302000,5.592000,14.906215,-0.000000,-0.000000,0.000000,660.247413,660.247407,660.247411,660.247409,-1.546581,-0.000000,-0.000000,0.000000,1.737797,0.000000,0.000000,0.000000,14.906215,-0.000000,-0.000000,0.000000,1.000000,0.023286,0.023919,1.000000,0.000000,-0.000000,0.579266
41.326000,5.616000,14.947655,0.000000,-0.000000,0.000000,661.164522,661.164517,661.164523,661.164516,-1.503772,-0.000000,-0.000000,0.000000,1.736427,0.000000,0.000000,0.000000,14.947655,0.000000,-0.000000,0.000000,1.000000,0.022064,0.022613,1.000000,0.000000,-0.000000,0.578809
41.341000,5.631000,14.967206,0.000000,-0.000000,0.000000,661.596773,661.596767,661.596774,661.596767,-1.482867,-0.000000,-0.000000,0.000000,1.735073,0.000000,0.000000,0.000000,14.967206,0.000000,-0.000000,0.000000,1.000000,0.021478,0.021989,1.000000,0.000000,-0.000000,0.578358
41.361000,5.651000,14.910737,-0.000019,-0.000009,-0.000004,660.352449,660.345550,660.345664,660.346567,-1.537948,-0.000019,-0.000009,-0.000004,1.733685,0.000000,0.000000,0.000000,14.910737,-0.000019,-0.000009,-0.000004,1.000000,0.022992,0.023653,1.000000,0.000000,-0.000000,0.577895
41.383000,5.673000,14.918214,-0.000029,-0.000014,-0.000005,660.520460,660.509506,660.510658,660.511767,-1.529092,-0.000030,-0.000014,-0.000005,1.732306,0.000000,0.000000,0.000000,14.918214,-0.000029,-0.000014,-0.000005,1.000000,0.022724,0.023381,1.000000,0.000000,-0.000000,0.577435
41.404000,5.694000,14.924959,-0.000037,-0.000019,-0.000006,660.671599,660.657566,660.659669,660.660706,-1.520973,-0.000037,-0.000019,-0.000006,1.730931,0.000000,0.000000,0.000000,14.924959,-0.000037,-0.000019,-0.000006,1.000000,0.022504,0.023134,1.000000,0.000000,-0.000000,0.576977
41.422000,5.712000,14.960721,-0.000029,-0.000017,-0.000005,661.461199,661.449418,661.451442,661.451723,-1.483861,-0.000030,-0.000017,-0.000005,1.729582,0.000000,0.000000,0.000000,14.960721,-0.000029,-0.000017,-0.000005,1.000000,0.021467,0.022018,1.000000,0.000000,-0.000000,0.576527
41.442000,5.732000,14.962296,-0.000005,-0.000008,-0.000002,661.490933,661.487370,661.488132,661.486539,-1.480944,-0.000005,-0.000008,-0.000002,1.728239,0.000000,0.000000,0.000000,14.962296,-0.000005,-0.000008,-0.000002,1.000000,0.021362,0.021932,1.000000,0.000000,-0.000000,0.576080
41.463000,5.753000,14.966453,-0.000002,-0.000006,-0.000002,661.581940,661.579693,661.580199,661.578687,-1.475455,-0.000002,-0.000006,-0.000002,1.726907,0.000000,0.000000,0.000000,14.966453,-0.000002,-0.000006,-0.000002,1.000000,0.021165,0.021770,1.000000,0.000000,-0.000000,0.575636
41.484000,5.774000,14.950908,0.000019,0.000005,0.000000,661.233352,661.239242,661.237718,661.235534,-1.489665,0.000019,0.000005,0.000000,1.725573,0.000000,0.000000,0.000000,14.950908,0.000019,0.000005,0.000000,1.000000,0.021510,0.022191,1.000000,0.000000,-0.000000,0.575191
41.501000,5.791000,14.903204,0.000017,0.000007,0.000001,660.177313,660.183383,660.181605,660.180581,-1.536007,0.000017,0.000007,0.000001,1.724211,0.000000,0.000000,0.000000,14.903204,0.000017,0.000007,0.000001,1.000000,0.022781,0.023593,1.000000,0.000000,-0.000000,0.574737
41.522000,5.812000,14.916958,0.000012,0.000007,0.000001,660.482535,660.487358,660.485768,660.485504,-1.520902,0.000012,0.000007,0.000001,1.722860,0.000000,0.000000,0.000000,14.916958,0.000012,0.000007,0.000001,1.000000,0.022351,0.023131,1.000000,0.000000,-0.000000,0.574287
41.546000,5.836000,14.958943,0.000011,0.000008,0.000001,661.411219,661.416111,661.414376,661.414841,-1.477595,0.000011,0.000008,0.000001,1.721539,0.000000,0.000000,0.000000,14.958943,0.000011,0.000008,0.000001,1.000000,0.021151,0.021833,1.000000,0.000000,-0.000000,0.573846
41.563000,5.853000,14.952037,0.000002,0.000005,0.000001,661.260061,661.262088,661.261132,661.262424,-1.483183,0.000002,0.000005,0.000001,1.720220,0.000000,0.000000,0.000000,14.952037,0.000002,0.000005,0.000001,1.000000,0.021266,0.021998,1.000000,0.000000,-0.000000,0.573407
41.585000,5.875000,14.949366,-0.000003,0.000002,0.000001,661.202091,661.202205,661.201962,661.203198,-1.484539,-0.000003,0.000002,0.000001,1.718904,0.000000,0.000000,0.000000,14.949366,-0.000003,0.000002,0.000001,1.000000,0.021274,0.022039,1.000000,0.000000,-0.000000,0.572968
41.602000,5.892000,14.947236,-0.000005,-0.000001,0.000000,661.155805,661.154569,661.154965,661.155756,-1.485357,-0.000005,-0.000001,0.000000,1.717593,0.000000,0.000000,0.000000,14.947236,-0.000005,-0.000001,0.000000,1.000000,0.021270,0.022063,1.000000,0.000000,-0.000000,0.572531
41.621000,5.911000,14.955558,-0.000005,-0.000002,-0.000000,661.340206,661.338394,661.339205,661.339355,-1.475735,-0.000005,-0.000002,-0.000000,1.716293,0.000000,-0.000000,0.000000,14.955558,-0.000005,-0.000002,-0.000000,1.000000,0.020981,0.021778,1.000000,-0.000000,-0.000000,0.572098
41.641000,5.931000,14.943881,-0.000003,-0.000003,-0.000000,661.081997,661.080236,661.081217,661.080774,-1.486109,-0.000003,-0.000003,-0.000000,1.714990,0.000000,-0.000000,0.000000,14.943881,-0.000003,-0.000003,-0.000000,1.000000,0.021241,0.022085,1.000000,-0.000000,-0.000000,0.571663
41.661000,5.951000,14.951466,-0.000002,-0.000003,-0.000000,661.249574,661.248154,661.249036,661.248478,-1.477231,-0.000002,-0.000003,-0.000000,1.713697,0.000000,-0.000000,0.000000,14.951466,-0.000002,-0.000003,-0.000000,1.000000,0.020973,0.021822,1.000000,-0.000000,-0.000000,0.571232
41.680000,5.970000,14.940804,0.000003,-0.000001,-0.000000,661.012958,661.013098,661.013435,661.012452,-1.486598,0.000003,-0.000001,-0.000000,1.712401,0.000000,-0.000000,0.000000,14.940804,0.000003,-0.000001,-0.000000,1.000000,0.021210,0.022100,1.000000,-0.000000,-0.000000,0.570800
41.704000,5.994000,14.949424,0.000004,0.000000,-0.000000,661.203286,661.204053,661.204008,661.203268,-1.476692,0.000003,0.000000,-0.000000,1.711116,0.000000,-0.000000,0.000000,14.949424,0.000004,0.000000,-0.000000,1.000000,0.020919,0.021806,1.000000,-0.000000,-0.000000,0.570372
41.722000,6.012000,14.931199,0.000004,0.000001,-0.000000,660.799949,660.801018,660.800831,660.800123,-1.493623,0.000004,0.000001,-0.000000,1.709821,0.000000,-0.000000,0.000000,14.931199,0.000004,0.000001,-0.000000,1.000000,0.021371,0.022309,1.000000,-0.000000,-0.000000,0.569940
41.741000,6.031000,14.908875,0.000002,0.000001,0.000000,660.305827,660.306765,660.306374,660.306289,-1.514639,0.000002,0.000001,0.000000,1.708514,0.000000,-0.000000,0.000000,14.908875,0.000002,0.000001,0.000000,1.000000,0.021946,0.022941,1.000000,-0.000000,-0.000000,0.569505
41.764000,6.054000,14.951563,0.000001,0.000001,0.000000,661.250605,661.251264,661.250854,661.251133,-1.470670,0.000001,0.000001,0.000000,1.707234,0.000000,-0.000000,0.000000,14.951563,0.000001,0.000001,0.000000,1.000000,0.020747,0.021629,1.000000,-0.000000,-0.000000,0.569078
41.788000,6.078000,14.943951,-0.000000,0.000001,0.000000,661.082348,661.082784,661.082404,661.082864,-1.476999,-0.000000,0.000001,0.000000,1.705950,0.000000,-0.000000,0.000000,14.943951,-0.000000,0.000001,0.000000,1.000000,0.020919,0.021815,1.000000,-0.000000,-0.000000,0.568650
41.804000,6.094000,14.963601,-0.000001,0.000001,0.000000,661.517036,661.517094,661.516880,661.517375,-1.456084,-0.000001,0.000001,0.000000,1.704685,0.000000,-0.000000,0.000000,14.963601,-0.000001,0.000001,0.000000,1.000000,0.020324,0.021202,1.000000,-0.000000,-0.000000,0.568228
41.827000,6.117000,14.940728,-0.000001,0.000000,0.000000,661.011320,661.011237,661.011126,661.011547,-1.477682,-0.000001,0.000001,0.000000,1.703410,-0.000000,-0.000000,0.000000,14.940728,-0.000001,0.000000,0.000000,1.000000,0.020886,0.021835,1.000000,-0.000000,0.000000,0.567803
41.849000,6.139000,14.906595,-0.000000,-0.000001,0.000000,660.255935,660.255680,660.255900,660.255756,-1.510522,-0.000000,-0.000001,0.000000,1.702117,-0.000000,-0.000000,0.000000,14.906595,-0.000000,-0.000001,0.000000,1.000000,0.021766,0.022817,1.000000,-0.000000,0.000000,0.567372
41.863000,6.153000,14.960982,-0.000001,-0.000000,0.000000,661.459326,661.459056,661.459245,661.459193,-1.454880,-0.000000,-0.000000,0.000000,1.700862,-0.000000,-0.000000,0.000000,14.960982,-0.000001,-0.000000,0.000000,1.000000,0.020243,0.021167,1.000000,-0.000000,0.000000,0.566954
41.885000,6.175000,14.954059,0.000001,-0.000001,0.000000,661.306236,661.306060,661.306365,661.305948,-1.460545,0.000001,-0.000001,0.000000,1.699604,-0.000000,-0.000000,0.000000,14.954059,0.000001,-0.000001,0.000000,1.000000,0.020389,0.021332,1.000000,-0.000000,0.000000,0.566535
41.903000,6.193000,14.949276,0.000001,-0.000001,0.000000,661.200400,661.200348,661.200573,661.200193,-1.464074,0.000001,-0.000001,0.000000,1.698350,-0.000000,-0.000000,0.000000,14.949276,0.000001,-0.000001,0.000000,1.000000,0.020454,0.021435,1.000000,-0.000000,0.000000,0.566117
41.923000,6.213000,14.956258,0.000001,-0.000000,0.000000,661.354729,661.354781,661.354947,661.354585,-1.455849,0.000001,-0.000000,0.000000,1.697107,-0.000000,-0.000000,0.000000,14.956258,0.000001,-0.000000,0.000000,1.000000,0.020207,0.021195,1.000000,-0.000000,0.000000,0.565702
41.941000,6.231000,14.935609,0.000001,-0.000000,0.000000,660.897993,660.898117,660.898202,660.897936,-1.475245,0.000001,-0.000000,0.000000,1.695854,-0.000000,-0.000000,0.000000,14.935609,0.000001,-0.000000,0.000000,1.000000,0.020711,0.021763,1.000000,-0.000000,0.000000,0.565285
41.964000,6.254000,14.954284,0.000000,0.000000,0.000000,661.311035,661.311181,661.311131,661.311115,-1.455335,0.000001,0.000000,0.000000,1.694619,-0.000000,-0.000000,0.000000,14.954284,0.000000,0.000000,0.000000,1.000000,0.020151,0.021180,1.000000,-0.000000,0.000000,0.564873
41.982000,6.272000,14.951476,0.000000,0.000000,0.000000,661.248956,661.249086,661.248989,661.249091,-1.456909,0.000000,0.000000,0.000000,1.693385,-0.000000,-0.000000,0.000000,14.951476,0.000000,0.000000,0.000000,1.000000,0.020179,0.021226,1.000000,-0.000000,0.000000,0.564462
42.002000,6.292000,14.938426,-0.000001,0.000000,0.000000,660.960380,660.960395,660.960266,660.960541,-1.468722,-0.000000,0.000001,0.000000,1.692148,-0.000000,-0.000000,0.000000,14.938426,-0.000001,0.000000,0.000000,1.000000,0.020476,0.021571,1.000000,-0.000000,0.000000,0.564049
42.024000,6.314000,14.947021,-0.000001,0.000000,0.000000,661.150504,661.150504,661.150388,661.150658,-1.458900,-0.000000,0.000001,0.000000,1.690921,-0.000000,-0.000000,0.000000,14.947021,-0.000001,0.000000,0.000000,1.000000,0.020196,0.021284,1.000000,-0.000000,0.000000,0.563640
42.042000,6.332000,14.937182,-0.000001,0.000000,0.000000,660.932892,660.932836,660.932770,660.932988,-1.467508,-0.000000,0.000000,0.000000,1.689690,-0.000000,-0.000000,0.000000,14.937182,-0.000001,0.000000,0.000000,1.000000,0.020417,0.021536,1.000000,-0.000000,0.000000,0.563230
42.063000,6.353000,14.893912,-0.000000,0.000000,0.000000,659.974892,659.974851,659.974840,659.974932,-1.509519,-0.000000,0.000000,0.000000,1.688431,-0.000000,-0.000000,0.000000,14.893912,-0.000000,0.000000,0.000000,1.000000,0.021568,0.022786,1.000000,-0.000000,0.000000,0.562810
42.085000,6.375000,14.955793,-0.000000,0.000000,0.000000,661.344494,661.344454,661.344450,661.344530,-1.446421,-0.000000,0.000000,0.000000,1.687214,-0.000000,-0.000000,0.000000,14.955793,-0.000000,0.000000,0.000000,1.000000,0.019851,0.020921,1.000000,-0.000000,0.000000,0.562405
42.104000,6.394000,14.941152,-0.000000,-0.000000,0.000000,661.020693,661.020666,661.020694,661.020697,-1.459835,0.000000,0.000000,0.000000,1.685987,-0.000000,-0.000000,0.000000,14.941152,-0.000000,-0.000000,0.000000,1.000000,0.020217,0.021311,1.000000,-0.000000,0.000000,0.561996
42.121000,6.411000,14.958829,0.000000,-0.000000,0.000000,661.411591,661.411609,661.411640,661.411585,-1.440949,0.000000,0.000000,0.000000,1.684778,-0.000000,-0.000000,0.000000,14.958829,0.000000,-0.000000,0.000000,1.000000,0.019688,0.020763,1.000000,-0.000000,0.000000,0.561593
42.141000,6.431000,14.936835,0.000000,-0.000000,0.000000,660.925186,660.925198,660.925234,660.925176,-1.461722,0.000001,0.000000,0.000000,1.683558,-0.000000,-0.000000,0.000000,14.936835,0.000000,-0.000000,0.000000,1.000000,0.020228,0.021366,1.000000,-0.000000,0.000000,0.561186
42.164000,6.454000,14.911948,0.000000,-0.000000,0.000000,660.374345,660.374359,660.374377,660.374348,-1.485376,0.000000,0.000000,0.000000,1.682324,-0.000000,-0.000000,0.000000,14.911948,0.000000,-0.000000,0.000000,1.000000,0.020856,0.022063,1.000000,-0.000000,0.000000,0.560775
42.186000,6.476000,14.944237,0.000000,0.000000,0.000000,661.088927,661.088938,661.088939,661.088947,-1.451877,0.000000,0.000000,0.000000,1.681114,-0.000000,-0.000000,0.000000,14.944237,0.000000,0.000000,0.000000,1.000000,0.019949,0.021079,1.000000,-0.000000,0.000000,0.560371
42.202000,6.492000,14.954031,-0.000000,0.000000,0.000000,661.305515,661.305527,661.305483,661.305573,-1.440881,0.000000,0.000000,0.000000,1.679912,-0.000000,-0.000000,0.000000,14.954031,-0.000000,0.000000,0.000000,1.000000,0.019653,0.020761,1.000000,-0.000000,0.000000,0.559971
42.222000,6.512000,14.907146,-0.000000,0.000000,0.000000,660.268029,660.268027,660.267990,660.268085,-1.486534,0.000000,0.000000,0.000000,1.678681,-0.000000,-0.000000,0.000000,14.907146,-0.000000,0.000000,0.000000,1.000000,0.020873,0.022098,1.000000,-0.000000,0.000000,0.559560
42.241000,6.531000,14.954520,0.000027,0.000013,0.000006,661.309218,661.319104,661.319093,661.317914,-1.437966,0.000028,0.000013,0.000006,1.677485,-0.000000,-0.000000,0.000000,14.954520,0.000027,0.000013,0.000006,1.000000,0.019553,0.020677,1.000000,-0.000000,0.000000,0.559162
42.262000,6.552000,14.913278,0.000067,0.000033,0.000011,660.387285,660.412297,660.409177,660.406500,-1.477983,0.000068,0.000033,0.000011,1.676262,-0.000000,-0.000000,0.000000,14.913278,0.000067,0.000033,0.000011,1.000000,0.020632,0.021844,1.000000,-0.000000,0.000000,0.558754
42.282000,6.572000,14.924845,0.000047,0.000027,0.000009,660.647396,660.666061,660.663227,660.662814,-1.465204,0.000047,0.000027,0.000009,1.675049,-0.000000,-0.000000,0.000000,14.924845,0.000047,0.000027,0.000009,1.000000,0.020277,0.021468,1.000000,-0.000000,0.000000,0.558350
42.302000,6.592000,14.975570,0.000054,0.000030,0.000009,661.767816,661.789059,661.785248,661.784277,-1.413302,0.000055,0.000030,0.000009,1.673872,-0.000000,-0.000000,0.000000,14.975570,0.000054,0.000030,0.000009,1.000000,0.018897,0.019974,1.000000,-0.000000,0.000000,0.557957
42.321000,6.611000,14.961999,-0.000001,0.000009,0.000003,661.479049,661.481936,661.481087,661.484655,-1.425692,-0.000001,0.000010,0.000003,1.672691,-0.000000,-0.000000,0.000000,14.961999,-0.000001,0.000009,0.000003,1.000000,0.019200,0.020326,1.000000,-0.000000,0.000000,0.557564
42.344000,6.634000,14.911589,-0.000026,-0.000003,0.000000,660.369631,660.363002,660.364284,660.368722,-1.474894,-0.000026,-0.000003,0.000000,1.671483,-0.000000,-0.000000,0.000000,14.911589,-0.000026,-0.000003,0.000000,1.000000,0.020486,0.021753,1.000000,-0.000000,0.000000,0.557161
42.364000,6.654000,14.964453,-0.000011,-0.000001,0.000000,661.537184,661.534364,661.535103,661.537091,-1.420858,-0.000011,-0.000001,0.000000,1.670311,-0.000001,-0.000000,0.000000,14.964453,-0.000011,-0.000001,0.000000,1.000000,0.019048,0.020188,1.000000,-0.000000,0.000000,0.556770
42.381000,6.671000,14.972871,-0.000054,-0.000018,-0.000003,661.731663,661.714207,661.718526,661.723484,-1.411278,-0.000053,-0.000018,-0.000003,1.669149,-0.000001,-0.000000,0.000000,14.972871,-0.000054,-0.000018,-0.000003,1.000000,0.018786,0.019917,1.000000,-0.000000,0.000000,0.556383
42.404000,6.694000,14.965173,-0.000034,-0.000017,-0.000003,661.559176,661.546388,661.550136,661.551689,-1.417817,-0.000034,-0.000016,-0.000003,1.667990,-0.000001,-0.000000,0.000000,14.965173,-0.000034,-0.000017,-0.000003,1.000000,0.018920,0.020102,1.000000,-0.000000,0.000000,0.555997
42.422000,6.712000,14.956966,-0.000018,-0.000012,-0.000002,661.375085,661.367208,661.369985,661.369374,-1.424869,-0.000017,-0.000012,-0.000002,1.666834,-0.000001,-0.000000,0.000000,14.956966,-0.000018,-0.000012,-0.000002,1.000000,0.019071,0.020303,1.000000,-0.000000,0.000000,0.555611
42.442000,6.732000,14.950972,0.000008,-0.000005,-0.000001,661.238296,661.238358,661.239237,661.235694,-1.429709,0.000009,-0.000005,-0.000001,1.665682,-0.000001,-0.000000,0.000000,14.950972,0.000008,-0.000005,-0.000001,1.000000,0.019173,0.020441,1.000000,-0.000000,0.000000,0.555227
42.464000,6.754000,14.946097,0.000037,0.000004,-0.000000,661.125586,661.134712,661.133175,661.126832,-1.433434,0.000037,0.000004,-0.000000,1.664531,-0.000001,-0.000000,0.000000,14.946097,0.000037,0.000004,-0.000000,1.000000,0.019251,0.020547,1.000000,-0.000000,0.000000,0.554844
42.483000,6.773000,14.933467,0.000030,0.000006,0.000000,660.846377,660.854863,660.852784,660.848677,-1.444909,0.000030,0.000007,0.000000,1.663376,-0.000001,-0.000000,0.000000,14.933467,0.000030,0.000006,0.000000,1.000000,0.019543,0.020878,1.000000,-0.000000,0.000000,0.554459
42.508000,6.798000,14.924413,0.000034,0.000009,0.000000,660.645045,660.655235,660.652447,660.648499,-1.452804,0.000034,0.000009,0.000000,1.662217,-0.000001,-0.000000,0.000000,14.924413,0.000034,0.000009,0.000000,1.000000,0.019749,0.021106,1.000000,-0.000000,0.000000,0.554072
42.523000,6.813000,14.933968,0.000020,0.000010,0.000001,660.857806,660.865265,660.862442,660.861566,-1.442097,0.000020,0.000010,0.000001,1.661065,-0.000001,-0.000000,0.000000,14.933968,0.000020,0.000010,0.000001,1.000000,0.019464,0.020796,1.000000,-0.000000,0.000000,0.553688
42.542000,6.832000,14.908727,-0.000004,0.000006,0.000001,660.302338,660.303361,660.301798,660.304663,-1.466168,-0.000004,0.000006,0.000001,1.659895,-0.000000,-0.000000,0.000000,14.908727,-0.000004,0.000006,0.000001,1.000000,0.020112,0.021496,1.000000,-0.000000,0.000000,0.553298
42.566000,6.856000,14.940641,-0.000008,0.000005,0.000000,661.009207,661.009241,661.007859,661.011272,-1.433106,-0.000007,0.000005,0.000000,1.658748,-0.000000,-0.000000,0.000000,14.940641,-0.000008,0.000005,0.000000,1.000000,0.019233,0.020538,1.000000,-0.000000,0.000000,0.552916
42.586000,6.876000,14.945790,-0.000023,0.000000,0.000000,661.125609,661.120824,661.120954,661.125767,-1.426813,-0.000022,0.000000,0.000000,1.657604,-0.000000,-0.000000,0.000000,14.945790,-0.000023,0.000000,0.000000,1.000000,0.019070,0.020358,1.000000,-0.000000,0.000000,0.552535
42.603000,6.893000,14.944794,-0.000023,-0.000003,-0.000000,661.104179,661.098325,661.099352,661.103127,-1.426669,-0.000022,-0.000003,-0.000000,1.656463,-0.000000,-0.000000,0.000000,14.944794,-0.000023,-0.000003,-0.000000,1.000000,0.019055,0.020354,1.000000,-0.000000,0.000000,0.552154
42.626000,6.916000,14.905768,-0.000001,-0.000005,-0.000000,660.238510,660.236678,660.238203,660.236616,-1.464531,-0.000000,-0.000005,-0.000000,1.655299,-0.000000,-0.000000,0.000000,14.905768,-0.000001,-0.000005,-0.000000,1.000000,0.020048,0.021449,1.000000,-0.000000,0.000000,0.551766
42.651000,6.941000,14.952022,-0.000005,-0.000005,-0.000000,661.262610,661.259800,661.261405,661.260623,-1.417143,-0.000004,-0.000005,-0.000000,1.654165,-0.000000,-0.000000,0.000000,14.952022,-0.000005,-0.000005,-0.000000,1.000000,0.018803,0.020083,1.000000,-0.000000,0.000000,0.551388
42.667000,6.957000,14.928708,0.000007,-0.000003,-0.000000,660.745097,660.745776,660.746505,660.744062,-1.439308,0.000008,-0.000002,-0.000000,1.653016,-0.000000,-0.000000,0.000000,14.928708,0.000007,-0.000003,-0.000000,1.000000,0.019386,0.020716,1.000000,-0.000000,0.000000,0.551005
42.684000,6.974000,14.970047,0.000010,-0.000002,-0.000000,661.659052,661.660254,661.660937,661.658053,-1.396850,0.000010,-0.000002,-0.000000,1.651897,-0.000000,-0.000000,0.000000,14.970047,0.000010,-0.000002,-0.000000,1.000000,0.018272,0.019512,1.000000,-0.000000,0.000000,0.550632
42.708000,6.998000,14.952271,0.000011,0.000001,-0.000000,661.265333,661.267977,661.267627,661.265517,-1.413504,0.000012,0.000001,-0.000000,1.650776,-0.000000,-0.000000,0.000000,14.952271,0.000011,0.000001,-0.000000,1.000000,0.018671,0.019980,1.000000,-0.000000,0.000000,0.550259
42.724000,7.014000,14.903885,0.000009,0.000001,-0.000000,660.194725,660.196950,660.196617,660.194888,-1.460741,0.000010,0.000001,-0.000000,1.649626,-0.000000,-0.000000,0.000000,14.903885,0.000009,0.000001,-0.000000,1.000000,0.019902,0.021338,1.000000,-0.000000,0.000000,0.549875
42.741000,7.031000,14.946690,0.000003,0.000002,-0.000000,661.142501,661.143919,661.143184,661.143162,-1.416818,0.000004,0.000002,-0.000000,1.648508,-0.000000,-0.000000,0.000000,14.946690,0.000003,0.000002,-0.000000,1.000000,0.018735,0.020074,1.000000,-0.000000,0.000000,0.549503
42.766000,7.056000,14.966931,-0.000003,0.000002,-0.000000,661.590583,661.590823,661.590040,661.591340,-1.395474,-0.000002,0.000002,-0.000000,1.647405,-0.000000,-0.000000,0.000000,14.966931,-0.000003,0.000002,-0.000000,1.000000,0.018181,0.019473,1.000000,-0.000000,0.000000,0.549135
42.782000,7.072000,14.960634,-0.000008,0.000002,0.000000,661.452062,661.450949,661.450393,661.452625,-1.400670,-0.000008,0.000002,0.000000,1.646304,-0.000000,-0.000000,0.000000,14.960634,-0.000008,0.000002,0.000000,1.000000,0.018294,0.019619,1.000000,-0.000000,0.000000,0.548768
42.802000,7.092000,14.936507,-0.000008,0.000001,-0.000000,660.918648,660.917229,660.917026,660.918848,-1.423686,-0.000007,0.000001,-0.000000,1.645194,-0.000000,-0.000000,0.000000,14.936507,-0.000008,0.000001,-0.000000,1.000000,0.018870,0.020269,1.000000,-0.000000,0.000000,0.548398
42.824000,7.114000,14.954377,-0.000005,-0.000001,-0.000000,661.313832,661.312511,661.312751,661.313574,-1.404724,-0.000005,-0.000001,-0.000000,1.644100,-0.000000,-0.000000,0.000000,14.954377,-0.000005,-0.000001,-0.000000,1.000000,0.018362,0.019732,1.000000,-0.000000,0.000000,0.548033
42.842000,7.132000,14.933689,-0.000005,-0.000001,-0.000000,660.856251,660.854954,660.855266,660.855899,-1.424307,-0.000004,-0.000001,-0.000000,1.642996,-0.000000,-0.000000,0.000000,14.933689,-0.000005,-0.000001,-0.000000,1.000000,0.018863,0.020287,1.000000,-0.000000,0.000000,0.547665
42.861000,7.151000,14.909713,0.000001,-0.000001,-0.000000,660.325020,660.324766,660.325125,660.324608,-1.447165,0.000001,-0.000001,-0.000000,1.641878,-0.000000,-0.000000,0.000000,14.909713,0.000001,-0.000001,-0.000000,1.000000,0.019459,0.020943,1.000000,-0.000000,0.000000,0.547293
42.885000,7.175000,14.942614,0.000003,-0.000001,-0.000000,661.052934,661.053165,661.053491,661.052546,-1.413169,0.000003,-0.000001,-0.000000,1.640783,-0.000000,-0.000000,0.000000,14.942614,0.000003,-0.000001,-0.000000,1.000000,0.018568,0.019970,1.000000,-0.000000,0.000000,0.546928
42.902000,7.192000,14.947801,0.000004,-0.000001,-0.000000,661.167491,661.168063,661.168363,661.167118,-1.406891,0.000004,-0.000001,-0.000000,1.639692,-0.000000,-0.000000,0.000000,14.947801,0.000004,-0.000001,-0.000000,1.000000,0.018406,0.019793,1.000000,-0.000000,0.000000,0.546564
42.922000,7.212000,14.918595,0.000003,-0.000000,-0.000000,660.521247,660.521845,660.521915,660.521115,-1.434988,0.000003,-0.000000,-0.000000,1.638584,-0.000000,-0.000000,0.000000,14.918595,0.000003,-0.000000,-0.000000,1.000000,0.019131,0.020592,1.000000,-0.000000,0.000000,0.546195
42.946000,7.236000,14.922749,0.000002,-0.000000,-0.000000,660.613298,660.613690,660.613723,660.613207,-1.429728,0.000002,-0.000000,-0.000000,1.637477,-0.000000,-0.000000,0.000000,14.922749,0.000002,-0.000000,-0.000000,1.000000,0.018999,0.020441,1.000000,-0.000000,0.000000,0.545826
42.964000,7.254000,14.928489,-0.000000,0.000000,-0.000000,660.740490,660.740551,660.740412,660.740583,-1.422886,-0.000000,0.000000,-0.000000,1.636375,-0.000000,-0.000000,0.000000,14.928489,-0.000000,0.000000,-0.000000,1.000000,0.018824,0.020246,1.000000,-0.000000,0.000000,0.545458
42.988000,7.278000,14.932798,-0.000002,0.000001,-0.000000,660.835972,660.835777,660.835579,660.836131,-1.417478,-0.000002,0.000001,-0.000000,1.635276,-0.000000,-0.000000,0.000000,14.932798,-0.000002,0.000001,-0.000000,1.000000,0.018682,0.020092,1.000000,-0.000000,0.000000,0.545092
43.005000,7.295000,14.979598,-0.000003,0.000000,-0.000000,661.870812,661.870395,661.870213,661.870960,-1.369615,-0.000003,0.000001,-0.000000,1.634213,-0.000000,-0.000000,0.000000,14.979598,-0.000003,0.000000,-0.000000,1.000000,0.017447,0.018758,1.000000,-0.000000,0.000000,0.544738
43.023000,7.313000,14.974018,-0.000002,0.000000,-0.000000,661.747491,661.747161,661.747069,661.747552,-1.374134,-0.000002,0.000000,-0.000000,1.633152,-0.000000,-0.000000,0.000000,14.974018,-0.000002,0.000000,-0.000000,1.000000,0.017541,0.018882,1.000000,-0.000000,0.000000,0.544384
43.043000,7.333000,14.914082,0.000000,-0.000000,-0.000000,660.421625,660.421618,660.421641,660.421575,-1.432978,0.000000,-0.000000,-0.000000,1.632060,-0.000000,-0.000000,0.000000,14.914082,0.000000,-0.000000,-0.000000,1.000000,0.019032,0.020534,1.000000,-0.000000,0.000000,0.544020
43.063000,7.353000,14.955795,0.000001,-0.000000,-0.000000,661.344522,661.344572,661.344676,661.344389,-1.390206,0.000001,-0.000000,-0.000000,1.631001,-0.000000,-0.000000,0.000000,14.955795,0.000001,-0.000000,-0.000000,1.000000,0.017909,0.019327,1.000000,-0.000000,0.000000,0.543667
43.083000,7.373000,14.965484,0.000002,-0.000000,-0.000000,661.558639,661.558815,661.558942,661.558480,-1.379468,0.000001,-0.000000,-0.000000,1.629952,0.000000,-0.000000,0.000000,14.965484,0.000002,-0.000000,-0.000000,1.000000,0.017630,0.019029,1.000000,-0.000000,-0.000000,0.543317
43.104000,7.394000,14.960461,0.000002,-0.000000,-0.000000,661.447601,661.447778,661.447906,661.447442,-1.383445,0.000001,-0.000000,-0.000000,1.628906,0.000000,-0.000000,0.000000,14.960461,0.000002,-0.000000,-0.000000,1.000000,0.017712,0.019139,1.000000,-0.000000,-0.000000,0.542969
43.125000,7.415000,14.944517,0.000001,-0.000000,-0.000000,661.095112,661.095152,661.095235,661.095003,-1.398339,0.000001,-0.000000,-0.000000,1.627856,0.000000,-0.000000,0.000000,14.944517,0.000001,-0.000000,-0.000000,1.000000,0.018074,0.019554,1.000000,-0.000000,-0.000000,0.542619
43.146000,7.436000,14.898379,-0.000000,-0.000000,-0.000000,660.073860,660.073831,660.073847,660.073819,-1.443399,-0.000000,-0.000000,-0.000000,1.626778,0.000000,-0.000000,0.000000,14.898379,-0.000000,-0.000000,-0.000000,1.000000,0.019241,0.020834,1.000000,-0.000000,-0.000000,0.542259
43.163000,7.453000,14.958243,-0.000000,-0.000000,-0.000000,661.398690,661.398629,661.398654,661.398638,-1.382499,-0.000000,-0.000000,-0.000000,1.625742,0.000000,-0.000000,0.000000,14.958243,-0.000000,-0.000000,-0.000000,1.000000,0.017661,0.019113,1.000000,-0.000000,-0.000000,0.541914
43.185000,7.475000,14.950220,-0.000001,-0.000000,-0.000000,661.221344,661.221199,661.221200,661.221322,-1.389480,-0.000001,-0.000000,-0.000000,1.624701,0.000000,-0.000000,0.000000,14.950220,-0.000001,-0.000000,-0.000000,1.000000,0.017840,0.019307,1.000000,-0.000000,-0.000000,0.541567
43.202000,7.492000,14.945835,-0.000000,-0.000000,-0.000000,661.124327,661.124233,661.124239,661.124301,-1.392827,-0.000000,-0.000000,-0.000000,1.623662,0.000000,0.000000,0.000000,14.945835,-0.000000,-0.000000,-0.000000,1.000000,0.017912,0.019400,1.000000,0.000000,-0.000000,0.541221
43.223000,7.513000,14.935007,-0.000000,0.000000,-0.000000,660.884780,660.884747,660.884730,660.884772,-1.402613,-0.000000,-0.000000,-0.000000,1.622620,0.000000,0.000000,0.000000,14.935007,-0.000000,0.000000,-0.000000,1.000000,0.018154,0.019673,1.000000,0.000000,-0.000000,0.540873
43.241000,7.531000,14.946325,0.000000,-0.000000,-0.000000,661.135119,661.135129,661.135146,661.135083,-1.390264,0.000000,-0.000000,-0.000000,1.621589,0.000000,0.000000,0.000000,14.946325,0.000000,-0.000000,-0.000000,1.000000,0.017830,0.019328,1.000000,0.000000,-0.000000,0.540530
43.263000,7.553000,14.901528,0.000000,-0.000000,-0.000000,660.143565,660.143631,660.143646,660.143530,-1.434000,0.000000,-0.000000,-0.000000,1.620528,0.000000,0.000000,0.000000,14.901528,0.000000,-0.000000,-0.000000,1.000000,0.018962,0.020564,1.000000,0.000000,-0.000000,0.540176
43.280000,7.570000,14.960084,0.000001,-0.000000,-0.000000,661.439314,661.439406,661.439442,661.439261,-1.374425,0.000000,-0.000000,-0.000000,1.619509,0.000000,0.000000,0.000000,14.960084,0.000001,-0.000000,-0.000000,1.000000,0.017426,0.018890,1.000000,0.000000,-0.000000,0.539836
43.300000,7.590000,14.943278,0.000000,-0.000000,-0.000000,661.067699,661.067737,661.067796,661.067627,-1.390207,0.000000,-0.000000,-0.000000,1.618485,0.000000,0.000000,0.000000,14.943278,0.000000,-0.000000,-0.000000,1.000000,0.017811,0.019327,1.000000,0.000000,-0.000000,0.539495
43.324000,7.614000,14.949898,0.000001,-0.000000,-0.000000,661.214096,661.214174,661.214214,661.214038,-1.382573,0.000000,-0.000000,-0.000000,1.617470,0.000000,0.000000,0.000000,14.949898,0.000001,-0.000000,-0.000000,1.000000,0.017606,0.019115,1.000000,0.000000,-0.000000,0.539157
43.344000,7.634000,14.939124,0.000000,-0.000000,-0.000000,660.975860,660.975809,660.975867,660.975790,-1.392328,-0.000000,-0.000000,-0.000000,1.616452,0.000000,0.000000,0.000000,14.939124,0.000000,-0.000000,-0.000000,1.000000,0.017847,0.019386,1.000000,0.000000,-0.000000,0.538817
43.363000,7.653000,14.895348,0.000000,-0.000000,-0.000000,660.006702,660.006694,660.006735,660.006646,-1.435057,-0.000000,-0.000000,-0.000000,1.615405,0.000000,0.000000,0.000000,14.895348,0.000000,-0.000000,-0.000000,1.000000,0.018952,0.020594,1.000000,0.000000,-0.000000,0.538468
43.383000,7.673000,14.912288,-0.000000,-0.000000,-0.000000,660.381930,660.381880,660.381911,660.381886,-1.417080,-0.000000,-0.000000,-0.000000,1.614368,0.000000,0.000000,0.000000,14.912288,-0.000000,-0.000000,-0.000000,1.000000,0.018487,0.020081,1.000000,0.000000,-0.000000,0.538123
43.408000,7.698000,14.967825,-0.000000,-0.000000,-0.000000,661.610496,661.610442,661.610467,661.610460,-1.360542,-0.000000,-0.000000,-0.000000,1.613367,0.000000,0.000000,0.000000,14.967825,-0.000000,-0.000000,-0.000000,1.000000,0.017055,0.018511,1.000000,0.000000,-0.000000,0.537789
43.421000,7.711000,14.949015,-0.000000,-0.000000,-0.000000,661.194614,661.194589,661.194600,661.194592,-1.378341,-0.000000,-0.000000,-0.000000,1.612356,0.000000,0.000000,0.000000,14.949015,-0.000000,-0.000000,-0.000000,1.000000,0.017498,0.018998,1.000000,0.000000,-0.000000,0.537452
43.445000,7.735000,14.949594,0.000000,-0.000000,-0.000000,661.207427,661.207419,661.207428,661.207407,-1.376758,-0.000000,-0.000000,-0.000000,1.611352,0.000000,0.000000,0.000000,14.949594,0.000000,-0.000000,-0.000000,1.000000,0.017443,0.018955,1.000000,0.000000,-0.000000,0.537117
43.462000,7.752000,14.919938,0.000000,-0.000000,-0.000000,660.551253,660.551266,660.551276,660.551234,-1.405393,-0.000000,-0.000000,-0.000000,1.610331,0.000000,0.000000,0.000000,14.919938,0.000000,-0.000000,-0.000000,1.000000,0.018165,0.019751,1.000000,0.000000,-0.000000,0.536777
43.485000,7.775000,14.955083,0.000000,-0.000000,-0.000000,661.328788,661.328782,661.328832,661.328731,-1.369255,0.000000,-0.000000,-0.000000,1.609338,0.000000,0.000000,0.000000,14.955083,0.000000,-0.000000,-0.000000,1.000000,0.017241,0.018749,1.000000,0.000000,-0.000000,0.536446
43.501000,7.791000,14.945717,0.000000,-0.000000,-0.000000,661.121646,661.121688,661.121715,661.121611,-1.377623,0.000000,-0.000000,-0.000000,1.608340,0.000000,0.000000,0.000000,14.945717,0.000000,-0.000000,-0.000000,1.000000,0.017449,0.018978,1.000000,0.000000,-0.000000,0.536113
43.527000,7.817000,14.945224,0.000000,-0.000000,-0.000000,661.110750,661.110782,661.110814,661.110709,-1.377124,0.000000,-0.000000,-0.000000,1.607348,0.000000,0.000000,0.000000,14.945224,0.000000,-0.000000,-0.000000,1.000000,0.017422,0.018965,1.000000,0.000000,-0.000000,0.535783
43.543000,7.833000,14.963967,0.000000,-0.000000,-0.000000,661.525187,661.525193,661.525228,661.525144,-1.357405,-0.000000,-0.000000,-0.000000,1.606372,0.000000,0.000000,0.000000,14.963967,0.000000,-0.000000,-0.000000,1.000000,0.016923,0.018425,1.000000,0.000000,-0.000000,0.535457
43.564000,7.854000,14.908888,0.000000,-0.000000,-0.000000,660.306607,660.306587,660.306607,660.306580,-1.411475,-0.000000,-0.000000,-0.000000,1.605363,0.000000,0.000000,0.000000,14.908888,0.000000,-0.000000,-0.000000,1.000000,0.018287,0.019923,1.000000,0.000000,-0.000000,0.535121
43.583000,7.873000,14.962761,0.000000,-0.000000,-0.000000,661.498539,661.498525,661.498554,661.498502,-1.356633,-0.000000,-0.000000,-0.000000,1.604394,0.000000,0.000000,0.000000,14.962761,0.000000,-0.000000,-0.000000,1.000000,0.016890,0.018405,1.000000,0.000000,-0.000000,0.534798
43.604000,7.894000,14.953494,-0.000000,-0.000000,-0.000000,661.293686,661.293640,661.293672,661.293647,-1.364926,-0.000000,-0.000000,-0.000000,1.603421,0.000000,0.000000,0.000000,14.953494,-0.000000,-0.000000,-0.000000,1.000000,0.017095,0.018630,1.000000,0.000000,-0.000000,0.534474
43.623000,7.913000,14.958632,0.000000,-0.000000,-0.000000,661.407257,661.407241,661.407260,661.407231,-1.358825,-0.000000,-0.000000,-0.000000,1.602457,0.000000,0.000000,0.000000,14.958632,0.000000,-0.000000,-0.000000,1.000000,0.016931,0.018464,1.000000,0.000000,-0.000000,0.534152
43.642000,7.932000,14.945377,0.000000,-0.000000,-0.000000,661.114171,661.114146,661.114169,661.114142,-1.371113,-0.000000,-0.000000,-0.000000,1.601490,0.000000,0.000000,0.000000,14.945377,0.000000,-0.000000,-0.000000,1.000000,0.017228,0.018800,1.000000,0.000000,-0.000000,0.533830
43.668000,7.958000,14.942226,0.000000,-0.000000,-0.000000,661.044447,661.044439,661.044459,661.044422,-1.373300,-0.000000,-0.000000,-0.000000,1.600526,0.000000,0.000000,0.000000,14.942226,0.000000,-0.000000,-0.000000,1.000000,0.017276,0.018860,1.000000,0.000000,-0.000000,0.533509
43.687000,7.977000,14.899065,0.000000,-0.000000,-0.000000,660.089033,660.089037,660.089052,660.089012,-1.415468,-0.000000,-0.000000,-0.000000,1.599533,0.000000,0.000000,0.000000,14.899065,0.000000,-0.000000,-0.000000,1.000000,0.018350,0.020036,1.000000,0.000000,-0.000000,0.533178
43.706000,7.996000,14.950029,0.000000,-0.000000,-0.000000,661.217032,661.217049,661.217059,661.217017,-1.363547,-0.000000,-0.000000,-0.000000,1.598576,0.000000,0.000000,0.000000,14.950029,0.000000,-0.000000,-0.000000,1.000000,0.017030,0.018593,1.000000,0.000000,-0.000000,0.532859
43.725000,8.015000,14.962717,0.000000,-0.000000,-0.000000,661.497540,661.497566,661.497570,661.497531,-1.349911,-0.000000,-0.000000,-0.000000,1.597627,0.000000,0.000000,0.000000,14.962717,0.000000,-0.000000,-0.000000,1.000000,0.016693,0.018223,1.000000,0.000000,-0.000000,0.532542
43.742000,8.032000,14.959039,0.000000,-0.000000,-0.000000,661.416242,661.416256,661.416263,661.416231,-1.352643,-0.000000,-0.000000,-0.000000,1.596682,0.000000,0.000000,0.000000,14.959039,0.000000,-0.000000,-0.000000,1.000000,0.016751,0.018296,1.000000,0.000000,-0.000000,0.532227
43.761000,8.051000,14.943885,0.000000,-0.000000,-0.000000,661.081159,661.081148,661.081165,661.081138,-1.366848,-0.000000,-0.000000,-0.000000,1.595733,0.000000,0.000000,0.000000,14.943885,0.000000,-0.000000,-0.000000,1.000000,0.017094,0.018683,1.000000,0.000000,-0.000000,0.531911
43.785000,8.075000,14.898192,-0.000000,-0.000000,-0.000000,660.069704,660.069691,660.069702,660.069690,-1.411564,-0.000000,-0.000000,-0.000000,1.594755,0.000000,0.000000,0.000000,14.898192,-0.000000,-0.000000,-0.000000,1.000000,0.018227,0.019925,1.000000,0.000000,-0.000000,0.531585
43.806000,8.096000,14.943685,0.000000,-0.000000,-0.000000,661.076716,661.076719,661.076725,661.076705,-1.365124,-0.000000,-0.000000,-0.000000,1.593809,0.000000,0.000000,0.000000,14.943685,0.000000,-0.000000,-0.000000,1.000000,0.017048,0.018636,1.000000,0.000000,-0.000000,0.531270
43.824000,8.114000,14.922614,-0.000000,-0.000000,-0.000000,660.610494,660.610485,660.610492,660.610483,-1.385233,-0.000000,-0.000000,-0.000000,1.592847,0.000000,0.000000,0.000000,14.922614,-0.000000,-0.000000,-0.000000,1.000000,0.017558,0.019189,1.000000,0.000000,-0.000000,0.530949
43.843000,8.133000,14.922929,-0.000000,-0.000000,-0.000000,660.617468,660.617452,660.617464,660.617453,-1.383957,-0.000000,-0.000000,-0.000000,1.591886,0.000000,0.000000,0.000000,14.922929,-0.000000,-0.000000,-0.000000,1.000000,0.017525,0.019153,1.000000,0.000000,-0.000000,0.530629
43.863000,8.153000,14.928191,0.000000,-0.000000,-0.000000,660.733946,660.733927,660.733946,660.733923,-1.377736,-0.000000,-0.000000,-0.000000,1.590928,0.000000,0.000000,0.000000,14.928191,0.000000,-0.000000,-0.000000,1.000000,0.017369,0.018982,1.000000,0.000000,-0.000000,0.530309
43.885000,8.175000,14.961855,0.000000,-0.000000,-0.000000,661.478518,661.478506,661.478520,661.478500,-1.343139,-0.000000,-0.000000,-0.000000,1.589995,0.000000,0.000000,0.000000,14.961855,0.000000,-0.000000,-0.000000,1.000000,0.016507,0.018040,1.000000,0.000000,-0.000000,0.529998
43.904000,8.194000,14.967222,0.000000,-0.000000,-0.000000,661.597143,661.597122,661.597145,661.597117,-1.336848,-0.000000,-0.000000,-0.000000,1.589070,0.000000,0.000000,0.000000,14.967222,0.000000,-0.000000,-0.000000,1.000000,0.016346,0.017872,1.000000,0.000000,-0.000000,0.529690
43.927000,8.217000,14.913112,0.000000,-0.000000,-0.000000,660.400140,660.400132,660.400143,660.400127,-1.390005,-0.000000,-0.000000,-0.000000,1.588117,0.000000,0.000000,0.000000,14.913112,0.000000,-0.000000,-0.000000,1.000000,0.017657,0.019321,1.000000,0.000000,-0.000000,0.529372
43.942000,8.232000,14.969250,0.000000,-0.000000,-0.000000,661.641949,661.641941,661.641956,661.641932,-1.332955,-0.000000,-0.000000,-0.000000,1.587205,0.000000,0.000000,0.000000,14.969250,0.000000,-0.000000,-0.000000,1.000000,0.016237,0.017768,1.000000,0.000000,-0.000000,0.529068
43.963000,8.253000,14.970324,0.000000,-0.000000,-0.000000,661.665686,661.665688,661.665693,661.665679,-1.330972,-0.000000,-0.000000,-0.000000,1.586296,0.000000,0.000000,0.000000,14.970324,0.000000,-0.000000,-0.000000,1.000000,0.016184,0.017715,1.000000,0.000000,-0.000000,0.528765
43.983000,8.273000,14.944854,0.000000,-0.000000,-0.000000,661.102567,661.102574,661.102574,661.102564,-1.355524,-0.000000,-0.000000,-0.000000,1.585378,0.000000,0.000000,0.000000,14.944854,0.000000,-0.000000,-0.000000,1.000000,0.016777,0.018374,1.000000,0.000000,-0.000000,0.528459
44.002000,8.292000,14.945929,0.000000,0.000000,-0.000000,661.126354,661.126363,661.126360,661.126355,-1.353537,-0.000000,-0.000000,-0.000000,1.584466,0.000000,0.000000,0.000000,14.945929,0.000000,0.000000,-0.000000,1.000000,0.016720,0.018321,1.000000,0.000000,-0.000000,0.528155
44.022000,8.312000,14.949898,-0.000000,-0.000000,-0.000000,661.214131,661.214121,661.214129,661.214121,-1.348663,-0.000000,-0.000000,-0.000000,1.583561,0.000000,0.000000,0.000000,14.949898,-0.000000,-0.000000,-0.000000,1.000000,0.016596,0.018189,1.000000,0.000000,-0.000000,0.527854
44.045000,8.335000,14.945451,-0.000000,-0.000000,-0.000000,661.115798,661.115784,661.115795,661.115785,-1.352205,-0.000000,-0.000000,-0.000000,1.582657,0.000000,0.000000,0.000000,14.945451,-0.000000,-0.000000,-0.000000,1.000000,0.016680,0.018285,1.000000,0.000000,-0.000000,0.527552
44.065000,8.355000,14.943746,-0.000000,-0.000000,-0.000000,661.078083,661.078068,661.078080,661.078070,-1.353009,-0.000000,-0.000000,-0.000000,1.581755,0.000000,0.000000,0.000000,14.943746,-0.000000,-0.000000,-0.000000,1.000000,0.016696,0.018306,1.000000,0.000000,-0.000000,0.527252
44.082000,8.372000,14.934357,-0.000000,-0.000000,-0.000000,660.870364,660.870357,660.870362,660.870357,-1.361492,-0.000000,-0.000000,-0.000000,1.580849,0.000000,0.000000,0.000000,14.934357,-0.000000,-0.000000,-0.000000,1.000000,0.016904,0.018537,1.000000,0.000000,-0.000000,0.526950
44.110000,8.400000,14.938046,0.000000,-0.000000,-0.000000,660.951973,660.951975,660.951977,660.951970,-1.356903,-0.000000,-0.000000,-0.000000,1.579948,0.000000,0.000000,0.000000,14.938046,0.000000,-0.000000,-0.000000,1.000000,0.016788,0.018412,1.000000,0.000000,-0.000000,0.526649
44.122000,8.412000,14.957359,0.000000,-0.000000,-0.000000,661.379104,661.379103,661.379107,661.379099,-1.336704,-0.000000,-0.000000,-0.000000,1.579063,0.000000,0.000000,0.000000,14.957359,0.000000,-0.000000,-0.000000,1.000000,0.016290,0.017868,1.000000,0.000000,-0.000000,0.526354
44.144000,8.434000,14.954067,0.000000,-0.000000,-0.000000,661.306317,661.306318,661.306322,661.306313,-1.339112,-0.000000,-0.000000,-0.000000,1.578178,0.000000,0.000000,0.000000,14.954067,0.000000,-0.000000,-0.000000,1.000000,0.016346,0.017932,1.000000,0.000000,-0.000000,0.526059
44.161000,8.451000,14.940149,0.000000,-0.000000,-0.000000,660.998506,660.998503,660.998510,660.998498,-1.352141,-0.000000,-0.000000,-0.000000,1.577290,0.000000,0.000000,0.000000,14.940149,0.000000,-0.000000,-0.000000,1.000000,0.016661,0.018283,1.000000,0.000000,-0.000000,0.525763
44.184000,8.474000,14.938289,0.000000,-0.000000,-0.000000,660.957370,660.957366,660.957373,660.957362,-1.353113,-0.000000,-0.000000,-0.000000,1.576403,0.000000,0.000000,0.000000,14.938289,0.000000,-0.000000,-0.000000,1.000000,0.016683,0.018309,1.000000,0.000000,-0.000000,0.525468
44.202000,8.492000,14.896342,0.000000,-0.000000,-0.000000,660.028712,660.028709,660.028712,660.028707,-1.394146,-0.000000,-0.000000,-0.000000,1.575487,0.000000,0.000000,0.000000,14.896342,0.000000,-0.000000,-0.000000,1.000000,0.017711,0.019436,1.000000,0.000000,-0.000000,0.525162
44.223000,8.513000,14.954175,0.000000,-0.000000,-0.000000,661.308707,661.308706,661.308708,661.308703,-1.335433,-0.000000,-0.000000,-0.000000,1.574607,0.000000,0.000000,0.000000,14.954175,0.000000,-0.000000,-0.000000,1.000000,0.016254,0.017834,1.000000,0.000000,-0.000000,0.524869
44.240000,8.530000,14.914374,0.000000,-0.000000,-0.000000,660.428081,660.428080,660.428082,660.428078,-1.374324,-0.000000,-0.000000,-0.000000,1.573698,0.000000,0.000000,0.000000,14.914374,0.000000,-0.000000,-0.000000,1.000000,0.017218,0.018888,1.000000,0.000000,-0.000000,0.524566
44.261000,8.551000,14.966025,0.000000,-0.000000,-0.000000,661.570684,661.570686,661.570687,661.570683,-1.321799,-0.000000,-0.000000,-0.000000,1.572824,0.000000,0.000000,0.000000,14.966025,0.000000,-0.000000,-0.000000,1.000000,0.015927,0.017472,1.000000,0.000000,-0.000000,0.524275
44.285000,8.575000,14.963915,0.000000,-0.000000,-0.000000,661.524032,661.524032,661.524033,661.524029,-1.323037,-0.000000,-0.000000,-0.000000,1.571952,0.000000,0.000000,0.000000,14.963915,0.000000,-0.000000,-0.000000,1.000000,0.015954,0.017504,1.000000,0.000000,-0.000000,0.523984
44.302000,8.592000,14.914700,0.000000,-0.000000,-0.000000,660.435300,660.435301,660.435302,660.435297,-1.371352,-0.000000,-0.000000,-0.000000,1.571052,0.000000,0.000000,0.000000,14.914700,0.000000,-0.000000,-0.000000,1.000000,0.017137,0.018806,1.000000,0.000000,-0.000000,0.523684
44.322000,8.612000,14.959132,0.000000,-0.000000,-0.000000,661.418305,661.418307,661.418307,661.418304,-1.326054,-0.000000,-0.000000,-0.000000,1.570186,0.000000,0.000000,0.000000,14.959132,0.000000,-0.000000,-0.000000,1.000000,0.016019,0.017584,1.000000,0.000000,-0.000000,0.523395
44.342000,8.632000,14.967724,0.000000,0.000000,-0.000000,661.608219,661.608223,661.608222,661.608220,-1.316605,-0.000000,-0.000000,-0.000000,1.569329,0.000000,0.000000,0.000000,14.967724,0.000000,0.000000,-0.000000,1.000000,0.015790,0.017334,1.000000,0.000000,-0.000000,0.523110
44.362000,8.652000,14.961455,0.000000,0.000000,-0.000000,661.469670,661.469673,661.469672,661.469670,-1.322019,-0.000000,-0.000000,-0.000000,1.568475,0.000000,0.000000,0.000000,14.961455,0.000000,0.000000,-0.000000,1.000000,0.015915,0.017477,1.000000,0.000000,-0.000000,0.522825
44.386000,8.676000,14.904211,0.000000,-0.000000,-0.000000,660.203031,660.203032,660.203033,660.203029,-1.378375,-0.000000,-0.000000,-0.000000,1.567586,0.000000,0.000000,0.000000,14.904211,0.000000,-0.000000,-0.000000,1.000000,0.017299,0.018999,1.000000,0.000000,-0.000000,0.522529
44.403000,8.693000,14.913643,0.000000,-0.000000,-0.000000,660.411899,660.411899,660.411899,660.411898,-1.368062,-0.000000,-0.000000,-0.000000,1.566705,0.000000,0.000000,0.000000,14.913643,0.000000,-0.000000,-0.000000,1.000000,0.017040,0.018716,1.000000,0.000000,-0.000000,0.522235
44.424000,8.714000,14.956789,0.000000,-0.000000,-0.000000,661.366508,661.366509,661.366511,661.366505,-1.324062,-0.000000,-0.000000,-0.000000,1.565851,0.000000,0.000000,0.000000,14.956789,0.000000,-0.000000,-0.000000,1.000000,0.015962,0.017531,1.000000,0.000000,-0.000000,0.521950
44.446000,8.736000,14.965662,0.000000,-0.000000,-0.000000,661.562654,661.562655,661.562656,661.562652,-1.314344,-0.000000,-0.000000,-0.000000,1.565006,0.000000,0.000000,0.000000,14.965662,0.000000,-0.000000,-0.000000,1.000000,0.015728,0.017275,1.000000,0.000000,-0.000000,0.521669
44.467000,8.757000,14.942387,0.000000,0.000000,-0.000000,661.048021,661.048025,661.048024,661.048022,-1.336763,-0.000000,-0.000000,-0.000000,1.564150,0.000000,0.000000,0.000000,14.942387,0.000000,0.000000,-0.000000,1.000000,0.016266,0.017869,1.000000,0.000000,-0.000000,0.521383
44.481000,8.771000,14.957915,0.000000,0.000000,-0.000000,661.391407,661.391410,661.391409,661.391407,-1.320395,-0.000000,-0.000000,-0.000000,1.563311,0.000000,0.000000,0.000000,14.957915,0.000000,0.000000,-0.000000,1.000000,0.015867,0.017434,1.000000,0.000000,-0.000000,0.521104
44.502000,8.792000,14.935704,0.000000,0.000000,-0.000000,660.900162,660.900167,660.900164,660.900164,-1.341756,-0.000000,-0.000000,-0.000000,1.562459,0.000000,0.000000,0.000000,14.935704,0.000000,0.000000,-0.000000,1.000000,0.016383,0.018003,1.000000,0.000000,-0.000000,0.520820
44.526000,8.816000,14.953107,0.000000,0.000000,-0.000000,661.285098,661.285102,661.285101,661.285099,-1.323517,-0.000000,-0.000000,-0.000000,1.561624,0.000000,0.000000,0.000000,14.953107,0.000000,0.000000,-0.000000,1.000000,0.015939,0.017517,1.000000,0.000000,-0.000000,0.520541
44.545000,8.835000,14.939696,0.000000,-0.000000,-0.000000,660.988493,660.988495,660.988497,660.988491,-1.336086,-0.000000,-0.000000,-0.000000,1.560782,0.000000,0.000000,0.000000,14.939696,0.000000,-0.000000,-0.000000,1.000000,0.016242,0.017851,1.000000,0.000000,-0.000000,0.520261
44.561000,8.851000,14.894936,0.000000,-0.000000,-0.000000,659.997562,659.997562,659.997564,659.997560,-1.379975,-0.000000,-0.000000,-0.000000,1.559911,0.000000,0.000000,0.000000,14.894936,0.000000,-0.000000,-0.000000,1.000000,0.017328,0.019043,1.000000,0.000000,-0.000000,0.519970
44.581000,8.871000,14.911331,0.000000,0.000000,-0.000000,660.360700,660.360703,660.360702,660.360701,-1.362718,0.000000,-0.000000,-0.000000,1.559049,0.000000,0.000000,0.000000,14.911331,0.000000,0.000000,-0.000000,1.000000,0.016898,0.018570,1.000000,0.000000,-0.000000,0.519683
44.601000,8.891000,14.922103,0.000000,0.000000,-0.000000,660.599168,660.599173,660.599171,660.599170,-1.351087,0.000000,-0.000000,-0.000000,1.558189,0.000000,0.000000,0.000000,14.922103,0.000000,0.000000,-0.000000,1.000000,0.016613,0.018254,1.000000,0.000000,-0.000000,0.519396
44.622000,8.912000,14.928578,0.000000,0.000000,-0.000000,660.742484,660.742492,660.742488,660.742488,-1.343755,0.000000,-0.000000,-0.000000,1.557333,-0.000000,0.000000,0.000000,14.928578,0.000000,0.000000,-0.000000,1.000000,0.016434,0.018057,1.000000,0.000000,0.000000,0.519111
44.645000,8.935000,14.966917,0.000000,0.000000,-0.000000,661.590384,661.590390,661.590387,661.590386,-1.304587,0.000000,-0.000000,-0.000000,1.556504,-0.000000,0.000000,0.000000,14.966917,0.000000,0.000000,-0.000000,1.000000,0.015489,0.017019,1.000000,0.000000,0.000000,0.518835
44.663000,8.953000,14.962842,0.000000,0.000000,-0.000000,661.500318,661.500324,661.500322,661.500320,-1.307835,0.000000,-0.000000,-0.000000,1.555677,-0.000000,0.000000,0.000000,14.962842,0.000000,0.000000,-0.000000,1.000000,0.015564,0.017104,1.000000,0.000000,0.000000,0.518559
44.683000,8.973000,14.956278,0.000000,0.000000,-0.000000,661.355207,661.355212,661.355210,661.355209,-1.313574,0.000000,-0.000000,-0.000000,1.554852,-0.000000,0.000000,0.000000,14.956278,0.000000,0.000000,-0.000000,1.000000,0.015698,0.017255,1.000000,0.000000,0.000000,0.518284
44.702000,8.992000,14.943858,0.000000,0.000000,-0.000000,661.080550,661.080555,661.080553,661.080553,-1.325167,0.000000,-0.000000,-0.000000,1.554025,-0.000000,0.000000,0.000000,14.943858,0.000000,0.000000,-0.000000,1.000000,0.015975,0.017561,1.000000,0.000000,0.000000,0.518008
44.726000,9.016000,14.939512,0.000000,0.000000,-0.000000,660.984406,660.984413,660.984407,660.984412,-1.328688,0.000000,-0.000000,-0.000000,1.553199,-0.000000,0.000000,0.000000,14.939512,0.000000,0.000000,-0.000000,1.000000,0.016059,0.017654,1.000000,0.000000,0.000000,0.517733
44.746000,9.036000,14.951613,0.000000,0.000000,-0.000000,661.252051,661.252057,661.252053,661.252055,-1.315772,0.000000,-0.000000,-0.000000,1.552385,-0.000000,0.000000,0.000000,14.951613,0.000000,0.000000,-0.000000,1.000000,0.015747,0.017313,1.000000,0.000000,0.000000,0.517462
44.761000,9.051000,14.939353,0.000000,0.000000,-0.000000,660.980892,660.980897,660.980892,660.980897,-1.327212,0.000000,-0.000000,-0.000000,1.551565,-0.000000,0.000000,0.000000,14.939353,0.000000,0.000000,-0.000000,1.000000,0.016022,0.017615,1.000000,0.000000,0.000000,0.517188
44.784000,9.074000,14.949350,-0.000007,0.000004,0.000002,661.201564,661.201233,661.201240,661.204023,-1.316406,-0.000007,0.000003,0.000002,1.550756,-0.000000,0.000000,0.000000,14.949350,-0.000007,0.000004,0.000002,1.000000,0.015761,0.017329,1.000000,0.000000,0.000000,0.516919
44.803000,9.093000,14.937526,-0.000013,0.000007,0.000003,660.939745,660.939262,660.938788,660.944083,-1.327416,-0.000013,0.000007,0.000003,1.549941,-0.000000,0.000000,0.000000,14.937526,-0.000013,0.000007,0.000003,1.000000,0.016026,0.017620,1.000000,0.000000,0.000000,0.516647
44.825000,9.115000,14.957950,-0.000017,0.000009,0.000003,661.391296,661.390883,661.389853,661.396690,-1.306194,-0.000017,0.000009,0.000003,1.549144,-0.000000,0.000000,0.000000,14.957950,-0.000017,0.000009,0.000003,1.000000,0.015517,0.017061,1.000000,0.000000,0.000000,0.516381
44.843000,9.133000,14.936821,-0.000014,0.000009,0.000003,660.924004,660.923813,660.922822,660.928869,-1.326514,-0.000014,0.000008,0.000003,1.548335,-0.000000,0.000000,0.000000,14.936821,-0.000014,0.000009,0.000003,1.000000,0.016003,0.017596,1.000000,0.000000,0.000000,0.516112
44.863000,9.153000,14.914890,-0.000001,0.000003,0.000001,660.438738,660.439510,660.439328,660.440408,-1.347622,-0.000000,0.000002,0.000001,1.547512,-0.000000,0.000000,0.000000,14.914890,-0.000001,0.000003,0.000001,1.000000,0.016517,0.018161,1.000000,0.000000,0.000000,0.515837
44.883000,9.173000,14.961864,0.000003,0.000000,0.000000,661.478130,661.478962,661.479129,661.478609,-1.299857,0.000003,0.000000,0.000000,1.546722,-0.000000,0.000000,0.000000,14.961864,0.000003,0.000000,0.000000,1.000000,0.015367,0.016896,1.000000,0.000000,0.000000,0.515574
44.903000,9.193000,14.910864,0.000009,-0.000003,-0.000000,660.350073,660.350942,660.351776,660.348614,-1.350033,0.000010,-0.000004,-0.000000,1.545897,-0.000000,0.000000,0.000000,14.910864,0.000009,-0.000003,-0.000000,1.000000,0.016576,0.018226,1.000000,0.000000,0.000000,0.515299
44.925000,9.215000,14.964000,0.000012,-0.000004,-0.000001,661.525640,661.526604,661.527693,661.523695,-1.296112,0.000012,-0.000005,-0.000001,1.545112,-0.000000,0.000000,0.000000,14.964000,0.000012,-0.000004,-0.000001,1.000000,0.015278,0.016799,1.000000,0.000000,0.000000,0.515037
44.944000,9.234000,14.963574,0.000009,-0.000005,-0.000001,661.516706,661.516878,661.518009,661.514455,-1.295754,0.000009,-0.000005,-0.000001,1.544328,-0.000000,0.000000,0.000000,14.963574,0.000009,-0.000005,-0.000001,1.000000,0.015270,0.016790,1.000000,0.000000,0.000000,0.514776
44.963000,9.253000,14.906765,0.000001,-0.000003,-0.000001,660.260184,660.259380,660.259937,660.258862,-1.351746,0.000001,-0.000003,-0.000001,1.543511,-0.000000,0.000000,0.000000,14.906765,0.000001,-0.000003,-0.000001,1.000000,0.016618,0.018272,1.000000,0.000000,0.000000,0.514504
44.981000,9.271000,14.960545,-0.000000,-0.000002,-0.000000,661.450069,661.449298,661.449749,661.449045,-1.297188,-0.000000,-0.000002,-0.000000,1.542733,-0.000000,0.000000,0.000000,14.960545,-0.000000,-0.000002,-0.000000,1.000000,0.015304,0.016827,1.000000,0.000000,0.000000,0.514244
45.004000,9.294000,14.943604,-0.000005,-0.000001,-0.000000,661.075574,661.074436,661.074481,661.075225,-1.313340,-0.000004,-0.000001,-0.000000,1.541944,-0.000000,0.000000,0.000000,14.943604,-0.000005,-0.000001,-0.000000,1.000000,0.015688,0.017249,1.000000,0.000000,0.000000,0.513981
45.022000,9.312000,14.959849,-0.000006,0.000001,0.000000,661.434568,661.433722,661.433326,661.435000,-1.296323,-0.000006,0.000001,0.000000,1.541172,-0.000000,0.000000,0.000000,14.959849,-0.000006,0.000001,0.000000,1.000000,0.015285,0.016805,1.000000,0.000000,0.000000,0.513724
45.047000,9.337000,14.904635,-0.000004,0.000002,0.000000,660.212490,660.212218,660.211644,660.213275,-1.350729,-0.000004,0.000002,0.000000,1.540364,-0.000000,0.000000,0.000000,14.904635,-0.000004,0.000002,0.000000,1.000000,0.016594,0.018245,1.000000,0.000000,0.000000,0.513455
45.062000,9.352000,14.948626,-0.000001,0.000001,0.000000,661.185854,661.186061,661.185650,661.186451,-1.305962,-0.000001,0.000001,0.000000,1.539588,-0.000000,0.000000,0.000000,14.948626,-0.000001,0.000001,0.000000,1.000000,0.015513,0.017055,1.000000,0.000000,0.000000,0.513196
45.089000,9.379000,14.944045,0.000001,0.000001,0.000000,661.084386,661.084909,661.084697,661.084736,-1.309768,0.000001,0.000001,0.000000,1.538813,-0.000000,0.000000,0.000000,14.944045,0.000001,0.000001,0.000000,1.000000,0.015605,0.017155,1.000000,0.000000,0.000000,0.512938
45.106000,9.396000,14.952511,0.000002,0.000000,0.000000,661.271669,661.272149,661.272174,661.271697,-1.300535,0.000002,-0.000000,0.000000,1.538047,-0.000000,0.000000,0.000000,14.952511,0.000002,0.000000,0.000000,1.000000,0.015386,0.016914,1.000000,0.000000,0.000000,0.512682
45.126000,9.416000,14.896976,0.000002,-0.000001,-0.000000,660.042657,660.042870,660.043090,660.042415,-1.355270,0.000002,-0.000001,-0.000000,1.537246,-0.000000,0.000000,0.000000,14.896976,0.000002,-0.000001,-0.000000,1.000000,0.016708,0.018368,1.000000,0.000000,0.000000,0.512415
45.145000,9.435000,14.954885,0.000003,-0.000001,-0.000000,661.324288,661.324559,661.324823,661.323996,-1.296598,0.000003,-0.000001,-0.000000,1.536484,-0.000000,0.000000,0.000000,14.954885,0.000003,-0.000001,-0.000000,1.000000,0.015294,0.016812,1.000000,0.000000,0.000000,0.512161
45.161000,9.451000,14.941986,0.000002,-0.000001,-0.000000,661.039162,661.039147,661.039467,661.038782,-1.308726,0.000002,-0.000001,-0.000000,1.535712,-0.000000,0.000000,0.000000,14.941986,0.000002,-0.000001,-0.000000,1.000000,0.015580,0.017128,1.000000,0.000000,0.000000,0.511904
45.180000,9.470000,14.958971,0.000001,-0.000001,-0.000000,661.414860,661.414671,661.414994,661.414465,-1.290984,0.000001,-0.000001,-0.000000,1.534955,-0.000000,0.000000,0.000000,14.958971,0.000001,-0.000001,-0.000000,1.000000,0.015163,0.016666,1.000000,0.000000,0.000000,0.511652
45.207000,9.497000,14.950408,-0.000001,-0.000001,-0.000000,661.225647,661.225226,661.225381,661.225435,-1.298785,-0.000001,-0.000001,-0.000000,1.534193,-0.000000,0.000000,0.000000,14.950408,-0.000001,-0.000001,-0.000000,1.000000,0.015346,0.016868,1.000000,0.000000,0.000000,0.511398
45.229000,9.519000,14.901428,-0.000002,0.000000,-0.000000,660.141566,660.141220,660.141075,660.141693,-1.346975,-0.000002,0.000000,-0.000000,1.533403,-0.000000,0.000000,0.000000,14.901428,-0.000002,0.000000,-0.000000,1.000000,0.016506,0.018143,1.000000,0.000000,0.000000,0.511134
45.244000,9.534000,14.959101,-0.000003,0.000000,-0.000000,661.417857,661.417384,661.417276,661.417939,-1.288551,-0.000002,-0.000000,-0.000000,1.532652,-0.000000,0.000000,0.000000,14.959101,-0.000003,0.000000,-0.000000,1.000000,0.015107,0.016604,1.000000,0.000000,0.000000,0.510884
45.266000,9.556000,14.962363,-0.000002,0.000001,-0.000000,661.489904,661.489568,661.489377,661.490076,-1.284540,-0.000002,0.000000,-0.000000,1.531903,-0.000000,0.000000,0.000000,14.962363,-0.000002,0.000001,-0.000000,1.000000,0.015013,0.016500,1.000000,0.000000,0.000000,0.510634
45.282000,9.572000,14.956385,-0.000001,0.000000,-0.000000,661.357602,661.357553,661.357408,661.357734,-1.289772,-0.000001,0.000000,-0.000000,1.531157,-0.000000,0.000000,0.000000,14.956385,-0.000001,0.000000,-0.000000,1.000000,0.015138,0.016635,1.000000,0.000000,0.000000,0.510386
45.302000,9.592000,14.900440,0.000001,0.000000,-0.000000,660.119372,660.119633,660.119604,660.119389,-1.344936,0.000001,-0.000000,-0.000000,1.530376,-0.000000,0.000000,0.000000,14.900440,0.000001,0.000000,-0.000000,1.000000,0.016460,0.018089,1.000000,0.000000,0.000000,0.510125
45.325000,9.615000,14.911135,0.000002,-0.000000,-0.000000,660.356204,660.356520,660.356566,660.356143,-1.333467,0.000002,-0.000000,-0.000000,1.529602,-0.000000,0.000000,0.000000,14.911135,0.000002,-0.000000,-0.000000,1.000000,0.016180,0.017781,1.000000,0.000000,0.000000,0.509867
45.346000,9.636000,14.955514,0.000002,-0.000000,-0.000000,661.338142,661.338493,661.338620,661.337993,-1.288339,0.000003,-0.000001,-0.000000,1.528853,-0.000000,0.000000,0.000000,14.955514,0.000002,-0.000000,-0.000000,1.000000,0.015103,0.016598,1.000000,0.000000,0.000000,0.509618
45.367000,9.657000,14.953043,0.000002,-0.000000,-0.000000,661.283554,661.283839,661.283972,661.283400,-1.290062,0.000002,-0.000001,-0.000000,1.528106,-0.000000,0.000000,0.000000,14.953043,0.000002,-0.000000,-0.000000,1.000000,0.015145,0.016643,1.000000,0.000000,0.000000,0.509369
45.385000,9.675000,14.962939,0.000001,-0.000000,-0.000000,661.502444,661.502493,661.502635,661.502282,-1.279432,0.000001,-0.000001,-0.000000,1.527371,-0.000000,0.000000,0.000000,14.962939,0.000001,-0.000000,-0.000000,1.000000,0.014900,0.016369,1.000000,0.000000,0.000000,0.509124
45.409000,9.699000,14.938635,0.000000,-0.000000,-0.000000,660.965062,660.964992,660.965105,660.964928,-1.302989,0.000001,-0.000001,-0.000000,1.526624,-0.000000,0.000000,0.000000,14.938635,0.000000,-0.000000,-0.000000,1.000000,0.015454,0.016978,1.000000,0.000000,0.000000,0.508875
45.425000,9.715000,14.945489,-0.000001,-0.000000,-0.000000,661.116787,661.116468,661.116485,661.116756,-1.295397,-0.000001,-0.000000,-0.000000,1.525886,-0.000000,0.000000,0.000000,14.945489,-0.000001,-0.000000,-0.000000,1.000000,0.015278,0.016781,1.000000,0.000000,0.000000,0.508629
45.444000,9.734000,14.952544,-0.000001,-0.000000,-0.000000,661.272790,661.272508,661.272517,661.272762,-1.287612,-0.000001,-0.000000,-0.000000,1.525156,-0.000000,0.000000,0.000000,14.952544,-0.000001,-0.000000,-0.000000,1.000000,0.015097,0.016579,1.000000,0.000000,0.000000,0.508385
45.463000,9.753000,14.909109,-0.000002,0.000000,-0.000000,660.311669,660.311356,660.311330,660.311676,-1.330286,-0.000001,-0.000000,-0.000000,1.524396,-0.000000,0.000000,0.000000,14.909109,-0.000002,0.000000,-0.000000,1.000000,0.016110,0.017697,1.000000,0.000000,0.000000,0.508132
45.483000,9.773000,14.953249,-0.000001,0.000000,-0.000000,661.288275,661.288184,661.288097,661.288352,-1.285420,-0.000000,-0.000000,-0.000000,1.523669,-0.000000,0.000000,0.000000,14.953249,-0.000001,0.000000,-0.000000,1.000000,0.015048,0.016523,1.000000,0.000000,0.000000,0.507890
45.504000,9.794000,14.945807,-0.000000,0.000000,-0.000000,661.123636,661.123675,661.123605,661.123696,-1.292131,0.000000,-0.000000,-0.000000,1.522938,-0.000000,0.000000,0.000000,14.945807,-0.000000,0.000000,-0.000000,1.000000,0.015204,0.016696,1.000000,0.000000,0.000000,0.507646
45.524000,9.814000,14.952994,0.000000,0.000000,-0.000000,661.282552,661.282649,661.282595,661.282595,-1.284221,0.000001,-0.000000,-0.000000,1.522215,-0.000000,0.000000,0.000000,14.952994,0.000000,0.000000,-0.000000,1.000000,0.015022,0.016492,1.000000,0.000000,0.000000,0.507405
45.543000,9.833000,14.933449,0.000001,0.000000,-0.000000,660.850208,660.850369,660.850337,660.850227,-1.303032,0.000001,-0.000000,-0.000000,1.521482,-0.000000,0.000000,0.000000,14.933449,0.000001,0.000000,-0.000000,1.000000,0.015466,0.016979,1.000000,0.000000,0.000000,0.507161
45.565000,9.855000,14.942548,0.000001,-0.000000,-0.000000,661.051516,661.051642,661.051664,661.051484,-1.293210,0.000001,-0.000000,-0.000000,1.520758,-0.000000,0.000000,0.000000,14.942548,0.000001,-0.000000,-0.000000,1.000000,0.015236,0.016724,1.000000,0.000000,0.000000,0.506919
45.583000,9.873000,14.897181,0.000001,-0.000000,-0.000000,660.047275,660.047344,660.047379,660.047230,-1.337822,0.000001,-0.000000,-0.000000,1.520003,-0.000000,0.000000,0.000000,14.897181,0.000001,-0.000000,-0.000000,1.000000,0.016301,0.017898,1.000000,0.000000,0.000000,0.506668
45.603000,9.893000,14.942504,0.000000,-0.000000,-0.000000,661.050569,661.050625,661.050656,661.050525,-1.291776,0.000001,-0.000000,-0.000000,1.519279,-0.000001,0.000000,0.000000,14.942504,0.000000,-0.000000,-0.000000,1.000000,0.015202,0.016687,1.000000,0.000000,0.000000,0.506426
45.622000,9.912000,14.954188,-0.000000,-0.000000,-0.000000,661.309025,661.308971,661.308995,661.308990,-1.279374,0.000000,-0.000000,-0.000000,1.518562,-0.000001,0.000000,0.000000,14.954188,-0.000000,-0.000000,-0.000000,1.000000,0.014911,0.016368,1.000000,0.000000,0.000000,0.506187
45.642000,9.932000,14.907382,-0.000000,-0.000000,-0.000000,660.273309,660.273219,660.273219,660.273300,-1.325432,0.000000,-0.000000,-0.000000,1.517814,-0.000001,0.000000,0.000000,14.907382,-0.000000,-0.000000,-0.000000,1.000000,0.016000,0.017568,1.000000,0.000000,0.000000,0.505938
45.664000,9.954000,14.949415,-0.000000,0.000000,-0.000000,661.203499,661.203431,661.203423,661.203496,-1.282682,0.000000,-0.000000,-0.000000,1.517097,-0.000001,0.000000,0.000000,14.949415,-0.000000,0.000000,-0.000000,1.000000,0.014990,0.016453,1.000000,0.000000,0.000000,0.505699
45.683000,9.973000,14.958975,-0.000000,0.000000,-0.000000,661.414859,661.414837,661.414811,661.414879,-1.272412,0.000000,-0.000000,-0.000000,1.516387,-0.000001,0.000000,0.000000,14.958975,-0.000000,0.000000,-0.000000,1.000000,0.014752,0.016190,1.000000,0.000000,0.000000,0.505462
45.702000,9.992000,14.910666,-0.000000,0.000000,-0.000000,660.345986,660.345982,660.345953,660.346006,-1.319982,0.000000,-0.000000,-0.000000,1.515648,-0.000001,0.000000,0.000000,14.910666,-0.000000,0.000000,-0.000000,1.000000,0.015873,0.017424,1.000000,0.000000,0.000000,0.505216
45.724000,10.014000,14.966557,0.000000,0.000000,-0.000000,661.582411,661.582452,661.582416,661.582438,-1.263393,0.000001,-0.000000,-0.000000,1.514950,-0.000001,0.000000,0.000000,14.966557,0.000000,0.000000,-0.000000,1.000000,0.014550,0.015962,1.000000,0.000000,0.000000,0.504983
45.742000,10.032000,14.965897,0.000000,0.000000,-0.000000,661.567803,661.567874,661.567847,661.567823,-1.263357,0.000001,-0.000000,-0.000000,1.514253,-0.000001,0.000000,0.000000,14.965897,0.000000,0.000000,-0.000000,1.000000,0.014551,0.015961,1.000000,0.000000,0.000000,0.504751
45.762000,10.052000,14.948952,0.000000,0.000000,-0.000000,661.193181,661.193248,661.193233,661.193190,-1.279600,0.000001,-0.000000,-0.000000,1.513552,-0.000001,0.000000,0.000000,14.948952,0.000000,0.000000,-0.000000,1.000000,0.014932,0.016374,1.000000,0.000000,0.000000,0.504517
45.787000,10.077000,14.954142,0.000000,0.000000,-0.000000,661.307948,661.308003,661.307985,661.307960,-1.273718,0.000001,-0.000000,-0.000000,1.512860,-0.000001,0.000000,0.000000,14.954142,0.000000,0.000000,-0.000000,1.000000,0.014801,0.016224,1.000000,0.000000,0.000000,0.504287
45.803000,10.093000,14.951826,0.000000,0.000000,-0.000000,661.256761,661.256791,661.256777,661.256770,-1.275344,0.000001,-0.000000,-0.000000,1.512170,-0.000001,0.000000,0.000000,14.951826,0.000000,0.000000,-0.000000,1.000000,0.014843,0.016265,1.000000,0.000000,0.000000,0.504057
45.822000,10.112000,14.948611,-0.000000,0.000000,-0.000000,661.185673,661.185681,661.185665,661.185683,-1.277871,0.000001,-0.000000,-0.000000,1.511482,-0.000001,0.000000,0.000000,14.948611,-0.000000,0.000000,-0.000000,1.000000,0.014906,0.016330,1.000000,0.000000,0.000000,0.503827
45.842000,10.132000,14.928590,-0.000000,0.000000,-0.000000,660.742747,660.742748,660.742728,660.742761,-1.297194,0.000001,-0.000000,-0.000000,1.510783,-0.000001,0.000000,0.000000,14.928590,-0.000000,0.000000,-0.000000,1.000000,0.015359,0.016827,1.000000,0.000000,0.000000,0.503594
45.869000,10.159000,14.908602,-0.000000,0.000000,-0.000000,660.300266,660.300257,660.300241,660.300276,-1.316469,0.000001,-0.000000,-0.000000,1.510071,-0.000001,0.000000,0.000000,14.908602,-0.000000,0.000000,-0.000000,1.000000,0.015815,0.017331,1.000000,0.000000,0.000000,0.503357
45.884000,10.174000,14.935887,-0.000000,0.000000,-0.000000,660.904214,660.904205,660.904179,660.904233,-1.288489,0.000001,-0.000000,-0.000000,1.509375,-0.000001,0.000000,0.000000,14.935887,-0.000000,0.000000,-0.000000,1.000000,0.015153,0.016602,1.000000,0.000000,0.000000,0.503125
45.909000,10.199000,14.909443,0.000000,0.000000,-0.000000,660.318895,660.318912,660.318899,660.318905,-1.314217,0.000001,-0.000000,-0.000000,1.508660,-0.000001,0.000000,0.000000,14.909443,0.000000,0.000000,-0.000000,1.000000,0.015756,0.017272,1.000000,0.000000,0.000000,0.502887
45.922000,10.212000,14.963264,-0.000000,0.000000,-0.000000,661.509640,661.509653,661.509627,661.509662,-1.259718,0.000001,-0.000000,-0.000000,1.507982,-0.000001,0.000000,0.000000,14.963264,-0.000000,0.000000,-0.000000,1.000000,0.014485,0.015869,1.000000,0.000000,0.000000,0.502661
45.946000,10.236000,14.914521,0.000000,0.000000,-0.000000,660.431321,660.431353,660.431335,660.431335,-1.307748,0.000001,-0.000000,-0.000000,1.507270,-0.000001,0.000000,0.000000,14.914521,0.000000,0.000000,-0.000000,1.000000,0.015601,0.017102,1.000000,0.000000,0.000000,0.502423
45.963000,10.253000,14.922899,0.000000,0.000000,-0.000000,660.616771,660.616817,660.616796,660.616788,-1.298667,0.000001,-0.000000,-0.000000,1.506565,-0.000001,0.000000,0.000000,14.922899,0.000000,0.000000,-0.000000,1.000000,0.015389,0.016865,1.000000,0.000000,0.000000,0.502188
45.983000,10.273000,14.958772,0.000000,0.000000,-0.000000,661.410318,661.410378,661.410348,661.410345,-1.262113,0.000001,-0.000000,-0.000000,1.505885,-0.000001,0.000000,0.000000,14.958772,0.000000,0.000000,-0.000000,1.000000,0.014540,0.015929,1.000000,0.000000,0.000000,0.501962
46.006000,10.296000,14.973953,0.000000,0.000000,-0.000000,661.745845,661.745899,661.745872,661.745869,-1.246266,0.000001,-0.000000,-0.000000,1.505219,-0.000001,0.000000,0.000000,14.973953,0.000000,0.000000,-0.000000,1.000000,0.014184,0.015532,1.000000,0.000000,0.000000,0.501740
46.022000,10.312000,14.954863,0.000000,0.000000,-0.000000,661.323899,661.323935,661.323912,661.323919,-1.264684,0.000001,-0.000000,-0.000000,1.504547,-0.000001,0.000000,0.000000,14.954863,0.000000,0.000000,-0.000000,1.000000,0.014611,0.015994,1.000000,0.000000,0.000000,0.501516
46.042000,10.332000,14.939366,0.000000,0.000000,-0.000000,660.981165,660.981200,660.981171,660.981190,-1.279504,0.000001,-0.000000,-0.000000,1.503870,-0.000001,0.000000,0.000000,14.939366,0.000000,0.000000,-0.000000,1.000000,0.014960,0.016371,1.000000,0.000000,0.000000,0.501290
46.061000,10.351000,14.958760,-0.000000,0.000000,-0.000000,661.410068,661.410081,661.410055,661.410091,-1.259450,0.000001,-0.000000,-0.000000,1.503210,-0.000001,0.000000,0.000000,14.958760,-0.000000,0.000000,-0.000000,1.000000,0.014505,0.015862,1.000000,0.000000,0.000000,0.501070
46.085000,10.375000,14.954565,-0.000000,0.000000,-0.000000,661.317320,661.317330,661.317304,661.317343,-1.262987,0.000001,-0.000000,-0.000000,1.502551,-0.000001,0.000000,0.000000,14.954565,-0.000000,0.000000,-0.000000,1.000000,0.014590,0.015951,1.000000,0.000000,0.000000,0.500850
46.105000,10.395000,14.939935,-0.000000,0.000000,-0.000000,660.993773,660.993786,660.993765,660.993792,-1.276951,0.000001,-0.000000,-0.000000,1.501887,-0.000001,0.000000,0.000000,14.939935,-0.000000,0.000000,-0.000000,1.000000,0.014917,0.016306,1.000000,0.000000,0.000000,0.500629
46.121000,10.411000,14.937629,-0.000000,0.000000,-0.000000,660.942743,660.942763,660.942740,660.942764,-1.278595,0.000001,-0.000000,-0.000000,1.501223,-0.000001,0.000000,0.000000,14.937629,-0.000000,0.000000,-0.000000,1.000000,0.014959,0.016348,1.000000,0.000000,0.000000,0.500408
46.144000,10.434000,14.948501,0.000000,0.000000,-0.000000,661.183225,661.183253,661.183226,661.183249,-1.267068,0.000001,-0.000000,-0.000000,1.500569,-0.000001,0.000000,0.000000,14.948501,0.000000,0.000000,-0.000000,1.000000,0.014695,0.016055,1.000000,0.000000,0.000000,0.500190
46.165000,10.455000,14.938016,0.000000,0.000000,-0.000000,660.951309,660.951347,660.951321,660.951332,-1.276893,0.000001,-0.000000,-0.000000,1.499909,-0.000001,0.000000,0.000000,14.938016,0.000000,0.000000,-0.000000,1.000000,0.014923,0.016305,1.000000,0.000000,0.000000,0.499970
46.183000,10.473000,14.894286,0.000000,0.000000,-0.000000,659.983153,659.983183,659.983165,659.983169,-1.319934,0.000001,-0.000000,-0.000000,1.499220,-0.000001,0.000000,0.000000,14.894286,0.000000,0.000000,-0.000000,1.000000,0.015934,0.017422,1.000000,0.000000,0.000000,0.499740
46.202000,10.492000,14.945978,0.000000,0.000000,-0.000000,661.127426,661.127469,661.127437,661.127457,-1.267587,0.000001,-0.000000,-0.000000,1.498565,-0.000001,0.000000,0.000000,14.945978,0.000000,0.000000,-0.000000,1.000000,0.014706,0.016068,1.000000,0.000000,0.000000,0.499522
46.222000,10.512000,14.907365,0.000000,0.000000,-0.000000,660.272852,660.272880,660.272857,660.272874,-1.305515,0.000001,-0.000000,-0.000000,1.497880,-0.000001,0.000000,0.000000,14.907365,0.000000,0.000000,-0.000000,1.000000,0.015583,0.017044,1.000000,0.000000,0.000000,0.499293
46.245000,10.535000,14.950634,-0.000000,0.000000,-0.000000,661.230394,661.230430,661.230391,661.230431,-1.261591,0.000001,-0.000000,-0.000000,1.497225,-0.000001,0.000000,0.000000,14.950634,-0.000000,0.000000,-0.000000,1.000000,0.014563,0.015916,1.000000,0.000000,0.000000,0.499075
46.262000,10.552000,14.955173,-0.000000,0.000000,-0.000000,661.330767,661.330794,661.330760,661.330799,-1.256401,0.000001,-0.000000,-0.000000,1.496574,-0.000001,0.000000,0.000000,14.955173,-0.000000,0.000000,-0.000000,1.000000,0.014445,0.015785,1.000000,0.000000,0.000000,0.498858
46.283000,10.573000,14.965872,-0.000000,0.000000,-0.000000,661.567272,661.567298,661.567267,661.567301,-1.245063,0.000001,-0.000000,-0.000000,1.495935,-0.000001,0.000000,0.000000,14.965872,-0.000000,0.000000,-0.000000,1.000000,0.014196,0.015502,1.000000,0.000000,0.000000,0.498645
46.304000,10.594000,14.941061,-0.000000,0.000000,-0.000000,661.018674,661.018699,661.018670,661.018702,-1.269223,0.000001,-0.000000,-0.000000,1.495284,-0.000001,0.000000,0.000000,14.941061,-0.000000,0.000000,-0.000000,1.000000,0.014753,0.016109,1.000000,0.000000,0.000000,0.498428
46.322000,10.612000,14.947405,0.000000,0.000000,-0.000000,661.158983,661.159014,661.158993,661.159003,-1.262238,0.000001,-0.000000,-0.000000,1.494643,-0.000001,0.000000,0.000000,14.947405,0.000000,0.000000,-0.000000,1.000000,0.014601,0.015932,1.000000,0.000000,0.000000,0.498214
46.342000,10.632000,14.943859,0.000000,0.000000,-0.000000,661.080558,661.080591,661.080571,661.080578,-1.265142,0.000001,-0.000000,-0.000000,1.494001,-0.000001,0.000000,0.000000,14.943859,0.000000,0.000000,-0.000000,1.000000,0.014671,0.016006,1.000000,0.000000,0.000000,0.498000
46.363000,10.653000,14.943101,0.000000,0.000000,-0.000000,661.063797,661.063817,661.063804,661.063810,-1.265260,0.000001,-0.000000,-0.000000,1.493361,-0.000001,0.000000,0.000000,14.943101,0.000000,0.000000,-0.000000,1.000000,0.014677,0.016009,1.000000,0.000000,0.000001,0.497787
46.390000,10.680000,14.934221,0.000000,0.000000,-0.000000,660.867341,660.867374,660.867346,660.867367,-1.273496,0.000001,-0.000000,-0.000000,1.492717,-0.000001,0.000000,0.000000,14.934221,0.000000,0.000000,-0.000000,1.000000,0.014868,0.016218,1.000000,0.000000,0.000001,0.497572
46.408000,10.698000,14.937807,-0.000000,0.000000,-0.000000,660.946691,660.946708,660.946685,660.946713,-1.269270,0.000001,-0.000000,-0.000000,1.492077,-0.000001,0.000000,0.000000,14.937807,-0.000000,0.000000,-0.000000,1.000000,0.014773,0.016110,1.000000,0.000000,0.000001,0.497359
46.423000,10.713000,14.942333,-0.000000,0.000000,-0.000000,661.046795,661.046830,661.046791,661.046831,-1.264108,0.000001,-0.000000,-0.000000,1.491441,-0.000001,0.000000,0.000000,14.942333,-0.000000,0.000000,-0.000000,1.000000,0.014656,0.015980,1.000000,0.000000,0.000001,0.497147
46.448000,10.738000,14.957802,-0.000000,0.000000,-0.000000,661.388896,661.388930,661.388891,661.388933,-1.248015,0.000001,-0.000000,-0.000000,1.490818,-0.000001,0.000000,0.000000,14.957802,-0.000000,0.000000,-0.000000,1.000000,0.014295,0.015575,1.000000,0.000000,0.000001,0.496939
46.464000,10.754000,14.953394,-0.000000,0.000000,-0.000000,661.291418,661.291454,661.291417,661.291454,-1.251802,0.000001,-0.000000,-0.000000,1.490195,-0.000001,0.000000,0.000000,14.953394,-0.000000,0.000000,-0.000000,1.000000,0.014386,0.015670,1.000000,0.000000,0.000001,0.496732
46.485000,10.775000,14.949545,0.000000,0.000000,-0.000000,661.206304,661.206339,661.206306,661.206336,-1.255030,0.000001,-0.000000,-0.000000,1.489575,-0.000001,0.000000,0.000000,14.949545,0.000000,0.000000,-0.000000,1.000000,0.014467,0.015751,1.000000,0.000000,0.000001,0.496525
46.505000,10.795000,14.896033,0.000000,0.000000,-0.000000,660.021858,660.021881,660.021865,660.021873,-1.307886,0.000001,-0.000000,-0.000000,1.488919,-0.000001,0.000000,0.000000,14.896033,0.000000,0.000000,-0.000000,1.000000,0.015693,0.017106,1.000000,0.000000,0.000001,0.496306
46.524000,10.814000,14.943928,0.000000,0.000000,-0.000000,661.082076,661.082112,661.082083,661.082104,-1.259368,0.000001,-0.000000,-0.000000,1.488296,-0.000001,0.000000,0.000000,14.943928,0.000000,0.000000,-0.000000,1.000000,0.014567,0.015860,1.000000,0.000000,0.000001,0.496099
46.546000,10.836000,14.939639,0.000000,0.000000,-0.000000,660.987222,660.987248,660.987224,660.987246,-1.263027,0.000001,-0.000000,-0.000000,1.487667,-0.000001,0.000000,0.000000,14.939639,0.000000,0.000000,-0.000000,1.000000,0.014644,0.015952,1.000000,0.000000,0.000001,0.495889
46.565000,10.855000,14.917540,0.000000,0.000000,-0.000000,660.498170,660.498187,660.498171,660.498185,-1.284484,0.000001,-0.000000,-0.000000,1.487025,-0.000001,0.000000,0.000000,14.917540,0.000000,0.000000,-0.000000,1.000000,0.015140,0.016499,1.000000,0.000000,0.000001,0.495675
46.586000,10.876000,14.919276,0.000000,0.000000,-0.000000,660.536577,660.536607,660.536577,660.536606,-1.282107,0.000001,-0.000000,-0.000000,1.486383,-0.000001,0.000000,0.000000,14.919276,0.000000,0.000000,-0.000000,1.000000,0.015083,0.016438,1.000000,0.000000,0.000001,0.495461
46.606000,10.896000,14.925613,-0.000000,0.000000,-0.000000,660.676857,660.676877,660.676855,660.676878,-1.275131,0.000001,-0.000000,-0.000000,1.485744,-0.000001,0.000000,0.000000,14.925613,-0.000000,0.000000,-0.000000,1.000000,0.014917,0.016260,1.000000,0.000000,0.000001,0.495248
46.625000,10.915000,14.960207,-0.000000,0.000000,-0.000000,661.442067,661.442096,661.442059,661.442104,-1.239920,0.000001,-0.000000,-0.000000,1.485128,-0.000001,0.000000,0.000000,14.960207,-0.000000,0.000000,-0.000000,1.000000,0.014116,0.015374,1.000000,0.000000,0.000001,0.495043
46.643000,10.933000,14.960919,-0.000000,0.000000,-0.000000,661.457801,661.457832,661.457795,661.457837,-1.238596,0.000001,-0.000000,-0.000000,1.484516,-0.000001,0.000000,0.000000,14.960919,-0.000000,0.000000,-0.000000,1.000000,0.014092,0.015341,1.000000,0.000000,0.000001,0.494839
46.663000,10.953000,14.927657,0.000000,0.000000,-0.000000,660.722097,660.722125,660.722101,660.722121,-1.271229,0.000001,-0.000000,-0.000000,1.483886,-0.000001,0.000000,0.000000,14.927657,0.000000,0.000000,-0.000000,1.000000,0.014841,0.016160,1.000000,0.000000,0.000001,0.494629
46.681000,10.971000,14.954302,0.000000,0.000000,-0.000000,661.311496,661.311535,661.311496,661.311535,-1.243976,0.000001,-0.000000,-0.000000,1.483278,-0.000001,0.000000,0.000000,14.954302,0.000000,0.000000,-0.000000,1.000000,0.014229,0.015475,1.000000,0.000000,0.000001,0.494426
46.705000,10.995000,14.927633,0.000000,0.000000,-0.000000,660.721565,660.721607,660.721575,660.721596,-1.270020,0.000001,-0.000000,-0.000000,1.482654,-0.000001,0.000000,0.000000,14.927633,0.000000,0.000000,-0.000000,1.000000,0.014822,0.016130,1.000000,0.000000,0.000001,0.494218
46.723000,11.013000,14.970294,0.000000,0.000000,-0.000000,661.665008,661.665048,661.665016,661.665039,-1.226768,0.000001,-0.000000,-0.000000,1.482062,-0.000001,0.000000,0.000000,14.970294,0.000000,0.000000,-0.000000,1.000000,0.013854,0.015050,1.000000,0.000000,0.000001,0.494021
46.742000,11.032000,14.956936,0.000000,0.000000,-0.000000,661.369736,661.369775,661.369749,661.369762,-1.239529,0.000001,-0.000000,-0.000000,1.481465,-0.000001,0.000000,0.000000,14.956936,0.000000,0.000000,-0.000000,1.000000,0.014145,0.015364,1.000000,0.000000,0.000001,0.493822
46.763000,11.053000,14.907981,0.000000,0.000000,-0.000000,660.286497,660.286518,660.286503,660.286511,-1.287858,0.000001,-0.000000,-0.000000,1.480839,-0.000001,0.000000,0.000000,14.907981,0.000000,0.000000,-0.000000,1.000000,0.015257,0.016586,1.000000,0.000000,0.000001,0.493613
46.786000,11.076000,14.951100,-0.000000,0.000000,-0.000000,661.240696,661.240719,661.240688,661.240727,-1.244142,0.000001,-0.000000,-0.000000,1.480241,-0.000001,0.000000,0.000000,14.951100,-0.000000,0.000000,-0.000000,1.000000,0.014255,0.015479,1.000000,0.000000,0.000001,0.493414
46.805000,11.095000,14.969004,-0.000000,0.000000,-0.000000,661.636504,661.636527,661.636498,661.636532,-1.225655,0.000001,-0.000000,-0.000000,1.479659,-0.000001,0.000000,0.000000,14.969004,-0.000000,0.000000,-0.000000,1.000000,0.013850,0.015022,1.000000,0.000000,0.000001,0.493220
46.822000,11.112000,14.911972,-0.000000,0.000000,-0.000000,660.374884,660.374903,660.374883,660.374904,-1.282070,0.000001,-0.000000,-0.000000,1.479042,-0.000001,0.000000,0.000000,14.911972,-0.000000,0.000000,-0.000000,1.000000,0.015134,0.016437,1.000000,0.000000,0.000001,0.493014
46.846000,11.136000,14.957032,-0.000000,0.000000,-0.000000,661.371866,661.371895,661.371857,661.371904,-1.236420,0.000001,-0.000000,-0.000000,1.478452,-0.000001,0.000000,0.000000,14.957032,-0.000000,0.000000,-0.000000,1.000000,0.014086,0.015287,1.000000,0.000000,0.000001,0.492817
46.865000,11.155000,14.973891,-0.000000,0.000000,-0.000000,661.744501,661.744534,661.744500,661.744535,-1.218985,0.000001,-0.000000,-0.000000,1.477877,-0.000001,0.000000,0.000000,14.973891,-0.000000,0.000000,-0.000000,1.000000,0.013708,0.014859,1.000000,0.000000,0.000001,0.492626
46.883000,11.173000,14.965159,0.000000,0.000000,-0.000000,661.551506,661.551543,661.551507,661.551542,-1.227144,0.000001,-0.000000,-0.000000,1.477302,-0.000001,0.000000,0.000000,14.965159,0.000000,0.000000,-0.000000,1.000000,0.013903,0.015059,1.000000,0.000000,0.000001,0.492434
46.902000,11.192000,14.939500,0.000000,0.000000,-0.000000,660.984123,660.984158,660.984125,660.984157,-1.252217,0.000001,-0.000000,-0.000000,1.476717,-0.000001,0.000000,0.000000,14.939500,0.000000,0.000000,-0.000000,1.000000,0.014479,0.015680,1.000000,0.000000,0.000001,0.492239
46.921000,11.211000,14.945803,0.000000,0.000000,-0.000000,661.123542,661.123581,661.123552,661.123570,-1.245338,0.000001,-0.000000,-0.000000,1.476140,-0.000001,0.000000,0.000000,14.945803,0.000000,0.000000,-0.000000,1.000000,0.014334,0.015509,1.000000,0.000000,0.000001,0.492047
46.941000,11.231000,14.942204,0.000000,0.000000,-0.000000,661.043953,661.043989,661.043963,661.043979,-1.248358,0.000001,-0.000000,-0.000000,1.475563,-0.000001,0.000000,0.000000,14.942204,0.000000,0.000000,-0.000000,1.000000,0.014405,0.015584,1.000000,0.000000,0.000001,0.491854
46.962000,11.252000,14.940976,0.000000,0.000000,-0.000000,661.016792,661.016824,661.016799,661.016817,-1.249010,0.000001,-0.000000,-0.000000,1.474986,-0.000001,0.000000,0.000000,14.940976,0.000000,0.000000,-0.000000,1.000000,0.014424,0.015600,1.000000,0.000000,0.000001,0.491662
46.984000,11.274000,14.950867,-0.000000,0.000000,-0.000000,661.235549,661.235573,661.235547,661.235574,-1.238552,0.000001,-0.000000,-0.000000,1.474419,-0.000001,0.000000,0.000000,14.950867,-0.000000,0.000000,-0.000000,1.000000,0.014194,0.015340,1.000000,0.000000,0.000001,0.491473
47.009000,11.299000,14.935677,-0.000000,0.000000,-0.000000,660.899570,660.899577,660.899559,660.899587,-1.253167,0.000001,-0.000000,-0.000000,1.473844,-0.000001,0.000000,0.000000,14.935677,-0.000000,0.000000,-0.000000,1.000000,0.014529,0.015704,1.000000,0.000000,0.000001,0.491281
47.021000,11.311000,14.936883,-0.000000,0.000000,-0.000000,660.926254,660.926273,660.926243,660.926284,-1.251387,0.000001,-0.000000,-0.000000,1.473270,-0.000001,0.000000,0.000000,14.936883,-0.000000,0.000000,-0.000000,1.000000,0.014489,0.015660,1.000000,0.000000,0.000001,0.491090
47.044000,11.334000,14.909609,-0.000000,0.000000,-0.000000,660.322555,660.322574,660.322553,660.322576,-1.278069,0.000001,-0.000000,-0.000000,1.472678,-0.000001,0.000000,0.000000,14.909609,-0.000000,0.000000,-0.000000,1.000000,0.015096,0.016335,1.000000,0.000000,0.000001,0.490893
47.063000,11.353000,14.956215,-0.000000,0.000000,-0.000000,661.353808,661.353836,661.353803,661.353841,-1.230901,0.000001,-0.000000,-0.000000,1.472117,-0.000001,0.000000,0.000000,14.956215,-0.000000,0.000000,-0.000000,1.000000,0.014027,0.015151,1.000000,0.000000,0.000001,0.490706
47.086000,11.376000,14.939315,-0.000000,0.000000,-0.000000,660.980032,660.980063,660.980031,660.980064,-1.247229,0.000001,-0.000000,-0.000000,1.471543,-0.000001,0.000000,0.000000,14.939315,-0.000000,0.000000,-0.000000,1.000000,0.014388,0.015556,1.000000,0.000000,0.000001,0.490514
47.109000,11.399000,14.944562,0.000000,0.000000,-0.000000,661.096107,661.096153,661.096123,661.096137,-1.241415,0.000001,-0.000000,-0.000000,1.470977,-0.000001,0.000000,0.000000,14.944562,0.000000,0.000000,-0.000000,1.000000,0.014267,0.015411,1.000000,0.000000,0.000001,0.490326
47.122000,11.412000,14.943202,0.000000,0.000000,-0.000000,661.066010,661.066051,661.066022,661.066039,-1.242210,0.000001,-0.000000,-0.000000,1.470412,-0.000001,0.000000,0.000000,14.943202,0.000000,0.000000,-0.000000,1.000000,0.014287,0.015431,1.000000,0.000000,0.000001,0.490137
47.140000,11.430000,14.899701,0.000000,0.000000,-0.000000,660.103121,660.103145,660.103128,660.103139,-1.285115,0.000001,-0.000000,-0.000000,1.469816,-0.000001,0.000000,0.000000,14.899701,0.000000,0.000000,-0.000000,1.000000,0.015265,0.016515,1.000000,0.000000,0.000001,0.489939
47.162000,11.452000,14.959966,-0.000000,0.000000,-0.000000,661.436727,661.436747,661.436726,661.436749,-1.224297,0.000001,-0.000000,-0.000000,1.469263,-0.000001,0.000000,0.000000,14.959966,-0.000000,0.000000,-0.000000,1.000000,0.013888,0.014989,1.000000,0.000000,0.000001,0.489754
47.181000,11.471000,14.951211,-0.000000,0.000000,-0.000000,661.243151,661.243181,661.243150,661.243182,-1.232491,0.000001,-0.000000,-0.000000,1.468702,-0.000001,0.000000,0.000000,14.951211,-0.000000,0.000000,-0.000000,1.000000,0.014067,0.015190,1.000000,0.000000,0.000001,0.489567
47.203000,11.493000,14.946468,-0.000000,0.000000,-0.000000,661.138272,661.138301,661.138270,661.138303,-1.236675,0.000001,-0.000000,-0.000000,1.468143,-0.000001,0.000000,0.000000,14.946468,-0.000000,0.000000,-0.000000,1.000000,0.014171,0.015294,1.000000,0.000000,0.000001,0.489381
47.223000,11.513000,14.954470,-0.000000,0.000000,-0.000000,661.315210,661.315236,661.315203,661.315243,-1.228123,0.000001,-0.000000,-0.000000,1.467593,-0.000001,0.000000,0.000000,14.954470,-0.000000,0.000000,-0.000000,1.000000,0.013990,0.015083,1.000000,0.000000,0.000001,0.489198
47.250000,11.540000,14.941986,-0.000000,0.000000,-0.000000,661.039125,661.039155,661.039124,661.039155,-1.240052,0.000001,-0.000000,-0.000000,1.467037,-0.000001,0.000000,0.000000,14.941986,-0.000000,0.000000,-0.000000,1.000000,0.014263,0.015377,1.000000,0.000000,0.000001,0.489012
47.264000,11.554000,14.896932,0.000000,0.000000,-0.000000,660.041769,660.041798,660.041770,660.041796,-1.284520,0.000001,-0.000000,-0.000000,1.466452,-0.000001,0.000000,0.000000,14.896932,0.000000,0.000000,-0.000000,1.000000,0.015276,0.016500,1.000000,0.000000,0.000001,0.488817
47.286000,11.576000,14.943020,-0.000000,0.000000,-0.000000,661.062007,661.062028,661.062000,661.062035,-1.237877,0.000001,-0.000000,-0.000000,1.465897,-0.000001,0.000000,0.000000,14.943020,-0.000000,0.000000,-0.000000,1.000000,0.014212,0.015323,1.000000,0.000000,0.000001,0.488632
47.305000,11.595000,14.947825,0.000000,0.000000,-0.000000,661.168286,661.168315,661.168293,661.168308,-1.232522,0.000001,-0.000000,-0.000000,1.465348,-0.000001,0.000000,0.000000,14.947825,0.000000,0.000000,-0.000000,1.000000,0.014099,0.015191,1.000000,0.000000,0.000001,0.488449
47.322000,11.612000,14.935699,-0.000000,0.000000,-0.000000,660.900055,660.900076,660.900054,660.900077,-1.244093,0.000001,-0.000000,-0.000000,1.464792,-0.000001,0.000000,0.000000,14.935699,-0.000000,0.000000,-0.000000,1.000000,0.014361,0.015478,1.000000,0.000000,0.000001,0.488264
47.346000,11.636000,14.943621,0.000000,0.000000,-0.000000,661.075291,661.075313,661.075291,661.075312,-1.235623,0.000001,-0.000000,-0.000000,1.464244,-0.000001,0.000000,0.000000,14.943621,0.000000,0.000000,-0.000000,1.000000,0.014177,0.015268,1.000000,0.000000,0.000001,0.488081
47.362000,11.652000,14.943173,0.000000,0.000000,-0.000000,661.065384,661.065406,661.065384,661.065405,-1.235524,0.000001,-0.000000,-0.000000,1.463697,-0.000001,0.000000,0.000000,14.943173,0.000000,0.000000,-0.000000,1.000000,0.014177,0.015265,1.000000,0.000000,0.000001,0.487899
47.386000,11.676000,14.943073,0.000000,0.000000,-0.000000,661.063187,661.063202,661.063187,661.063202,-1.235079,0.000001,-0.000000,-0.000000,1.463152,-0.000001,0.000000,0.000000,14.943073,0.000000,0.000000,-0.000000,1.000000,0.014175,0.015254,1.000000,0.000000,0.000001,0.487717
47.407000,11.697000,14.943019,0.000000,0.000000,-0.000000,661.061978,661.062006,661.061980,661.062005,-1.234591,0.000001,-0.000000,-0.000000,1.462610,-0.000001,0.000000,0.000000,14.943019,0.000000,0.000000,-0.000000,1.000000,0.014168,0.015242,1.000000,0.000000,0.000001,0.487537
47.427000,11.717000,14.943051,0.000000,0.000000,-0.000000,661.062677,661.062704,661.062678,661.062703,-1.234019,0.000001,-0.000000,-0.000000,1.462069,-0.000001,0.000000,0.000000,14.943051,0.000000,0.000000,-0.000000,1.000000,0.014160,0.015228,1.000000,0.000000,0.000001,0.487356
47.444000,11.734000,14.957013,0.000000,0.000000,-0.000000,661.371450,661.371484,661.371456,661.371477,-1.219527,0.000001,-0.000000,-0.000000,1.461540,-0.000001,0.000000,0.000000,14.957013,0.000000,0.000000,-0.000000,1.000000,0.013844,0.014872,1.000000,0.000000,0.000001,0.487180
47.464000,11.754000,14.953126,0.000000,0.000000,-0.000000,661.285504,661.285537,661.285509,661.285531,-1.222885,0.000001,-0.000000,-0.000000,1.461012,-0.000001,0.000000,0.000000,14.953126,0.000000,0.000000,-0.000000,1.000000,0.013927,0.014954,1.000000,0.000000,0.000001,0.487004
47.487000,11.777000,14.939628,0.000000,0.000000,-0.000000,660.986958,660.986988,660.986964,660.986982,-1.235850,0.000001,-0.000000,-0.000000,1.460477,-0.000001,0.000000,0.000000,14.939628,0.000000,0.000000,-0.000000,1.000000,0.014224,0.015273,1.000000,0.000000,0.000001,0.486826
47.505000,11.795000,14.936725,-0.000000,0.000000,-0.000000,660.922741,660.922756,660.922733,660.922764,-1.238219,0.000001,-0.000000,-0.000000,1.459943,-0.000001,0.000000,0.000000,14.936725,-0.000000,0.000000,-0.000000,1.000000,0.014283,0.015332,1.000000,0.000000,0.000000,0.486648
47.528000,11.818000,14.911214,0.000000,0.000000,-0.000000,660.358103,660.358116,660.358103,660.358115,-1.263178,0.000001,-0.000000,-0.000000,1.459392,-0.000001,0.000000,0.000000,14.911214,0.000000,0.000000,-0.000000,1.000000,0.014843,0.015956,1.000000,0.000000,0.000000,0.486464
47.543000,11.833000,14.938587,-0.000000,0.000000,-0.000000,660.963955,660.963967,660.963945,660.963977,-1.235270,0.000001,-0.000000,-0.000000,1.458858,-0.000001,0.000000,0.000000,14.938587,-0.000000,0.000000,-0.000000,1.000000,0.014210,0.015259,1.000000,0.000000,0.000000,0.486286
47.561000,11.851000,14.920245,-0.000000,0.000000,-0.000000,660.558043,660.558052,660.558039,660.558055,-1.253064,0.000001,-0.000000,-0.000000,1.458309,-0.000001,0.000000,0.000000,14.920245,-0.000000,0.000000,-0.000000,1.000000,0.014601,0.015702,1.000000,0.000000,0.000000,0.486103
47.582000,11.872000,14.956699,0.000000,0.000000,-0.000000,661.364511,661.364534,661.364514,661.364531,-1.216087,0.000001,-0.000000,-0.000000,1.457786,-0.000001,0.000000,0.000000,14.956699,0.000000,0.000000,-0.000000,1.000000,0.013781,0.014789,1.000000,0.000000,0.000000,0.485929
47.607000,11.897000,14.947342,0.000000,0.000000,-0.000000,661.157605,661.157619,661.157605,661.157619,-1.224916,0.000001,-0.000000,-0.000000,1.457258,-0.000001,0.000000,0.000000,14.947342,0.000000,0.000000,-0.000000,1.000000,0.013977,0.015004,1.000000,0.000000,0.000000,0.485753
47.622000,11.912000,14.922827,0.000000,0.000000,-0.000000,660.615197,660.615214,660.615199,660.615212,-1.248889,0.000001,-0.000000,-0.000000,1.456716,-0.000001,0.000000,0.000000,14.922827,0.000000,0.000000,-0.000000,1.000000,0.014520,0.015597,1.000000,0.000000,0.000000,0.485572
