t,t_rel,thrust,tau_phi,tau_theta,tau_psi,w0,w1,w2,w3,ud_T,ud_phi,ud_theta,ud_psi,ui_T,ui_phi,ui_theta,ui_psi,ut_T,ut_phi,ut_theta,ut_psi,torque_scale,cost_state,cost_input,solve_ok,int_err_x,int_err_y,int_err_z
7.363000,0.013000,17.971200,-0.047417,0.248014,0.000000,690.196642,758.123040,680.562220,766.783566,1.292913,-0.047410,0.248016,0.000000,1.963288,-0.000007,-0.000003,0.000000,17.971200,-0.047417,0.248014,0.000000,1.000000,0.047054,0.023092,1.000000,-0.000001,0.000003,0.654429
7.383000,0.033000,17.684675,-0.032626,0.180050,0.000019,693.694780,743.728549,687.126924,749.825750,1.007482,-0.032619,0.180050,0.000019,1.962193,-0.000007,-0.000000,0.000000,17.684675,-0.032626,0.180050,0.000019,1.000000,0.031874,0.013498,1.000000,-0.000000,0.000003,0.654064
7.407000,0.057000,16.929033,-0.022541,0.125803,0.000092,685.477204,721.247235,680.945278,725.651273,0.252824,-0.022534,0.125795,0.000092,1.961210,-0.000007,0.000008,0.000000,16.929033,-0.022541,0.125803,0.000092,1.000000,0.015098,0.002272,1.000000,0.000004,0.000003,0.653737
7.423000,0.073000,16.258207,0.006179,-0.008197,0.000026,690.243908,688.816704,691.506680,687.585564,-0.417083,0.006186,-0.008224,0.000026,1.960290,-0.000007,0.000027,0.000000,16.258207,0.006179,-0.008197,0.000026,1.000000,0.022385,0.001750,1.000000,0.000013,0.000004,0.653430
7.444000,0.094000,15.910065,0.012906,-0.056699,-0.000142,690.150231,674.091026,692.654388,671.311617,-0.764407,0.012915,-0.056757,-0.000142,1.959472,-0.000009,0.000058,0.000000,15.910065,0.012906,-0.056699,-0.000142,1.000000,0.028432,0.006182,1.000000,0.000029,0.000004,0.653157
7.462000,0.112000,15.564529,0.023887,-0.136401,-0.000948,694.965362,654.450107,699.106394,648.601281,-1.109131,0.023899,-0.136508,-0.000948,1.958660,-0.000011,0.000107,0.000000,15.564529,0.023887,-0.136401,-0.000948,1.000000,0.041595,0.014222,1.000000,0.000054,0.000006,0.652887
7.483000,0.133000,15.331302,0.018513,-0.145975,-0.001334,692.269881,647.131473,695.093780,642.075133,-1.341538,0.018528,-0.146149,-0.001334,1.957840,-0.000015,0.000174,0.000000,15.331302,0.018513,-0.145975,-0.001334,1.000000,0.044076,0.020168,1.000000,0.000087,0.000007,0.652613
7.503000,0.153000,15.178476,0.010429,-0.127816,-0.001423,686.913825,645.998849,688.065263,642.616776,-1.493533,0.010448,-0.128078,-0.001423,1.957009,-0.000019,0.000261,0.000000,15.178476,0.010429,-0.127816,-0.001423,1.000000,0.043030,0.023958,1.000000,0.000131,0.000010,0.652336
7.522000,0.172000,15.154315,0.000805,-0.085525,-0.001149,680.325861,651.645251,679.706094,650.571818,-1.516903,0.000831,-0.085898,-0.001149,1.956217,-0.000026,0.000373,0.000000,15.154315,0.000805,-0.085525,-0.001149,1.000000,0.038419,0.023748,1.000000,0.000186,0.000013,0.652072
7.546000,0.196000,15.046504,-0.006896,-0.036186,-0.000644,670.394615,656.701954,668.513669,657.662875,-1.623894,-0.006860,-0.036698,-0.000644,1.955398,-0.000036,0.000512,0.000000,15.046504,-0.006896,-0.036186,-0.000644,1.000000,0.038034,0.026510,1.000000,0.000256,0.000018,0.651799
7.563000,0.213000,15.004994,-0.006951,-0.021444,-0.000650,667.015211,658.297372,665.108615,659.262782,-1.664563,-0.006905,-0.022115,-0.000650,1.954557,-0.000046,0.000671,0.000000,15.004994,-0.006951,-0.021444,-0.000650,1.000000,0.038399,0.027761,1.000000,0.000335,0.000023,0.651519
7.586000,0.236000,14.871936,-0.004430,0.025360,-0.000467,655.784126,663.513678,654.511784,664.084144,-1.796686,-0.004372,0.024508,-0.000467,1.953622,-0.000058,0.000851,0.000000,14.871936,-0.004430,0.025360,-0.000467,1.000000,0.041449,0.032343,1.000000,0.000426,0.000029,0.651207
7.602000,0.252000,14.819109,0.001682,0.030588,-0.000348,653.012594,663.831619,653.123902,663.210582,-1.848523,0.001755,0.029533,-0.000348,1.952632,-0.000072,0.001056,0.000000,14.819109,0.001682,0.030588,-0.000348,1.000000,0.043670,0.034258,1.000000,0.000528,0.000036,0.650877
7.622000,0.272000,14.874440,0.004932,0.029748,-0.000201,653.996622,665.190815,654.903781,664.003184,-1.792205,0.005023,0.028460,-0.000201,1.951645,-0.000091,0.001289,0.000000,14.874440,0.004932,0.029748,-0.000201,1.000000,0.042502,0.032203,1.000000,0.000644,0.000046,0.650548
7.642000,0.292000,14.910370,0.008414,0.022298,-0.000011,655.641113,665.012574,657.418141,663.239757,-1.755280,0.008530,0.020745,-0.000011,1.950650,-0.000115,0.001553,0.000000,14.910370,0.008414,0.022298,-0.000011,1.000000,0.042193,0.030860,1.000000,0.000776,0.000058,0.650217
7.662000,0.312000,14.921965,0.011525,0.006688,0.000241,658.153461,662.852648,660.756913,660.613138,-1.742681,0.011671,0.004838,0.000241,1.949646,-0.000146,0.001849,0.000000,14.921965,0.011525,0.006688,0.000241,1.000000,0.042844,0.030385,1.000000,0.000925,0.000073,0.649882
7.682000,0.332000,14.847329,0.015435,-0.019302,0.000276,660.506875,657.168854,663.945968,654.105259,-1.816235,0.015613,-0.021467,0.000276,1.948564,-0.000178,0.002165,0.000000,14.847329,0.015435,-0.019302,0.000276,1.000000,0.045797,0.033058,1.000000,0.001082,0.000089,0.649521
7.703000,0.353000,14.742076,0.010554,-0.035534,0.000134,661.504370,651.562728,663.816307,649.408781,-1.920301,0.010768,-0.038035,0.000134,1.947378,-0.000214,0.002502,0.000000,14.742076,0.010554,-0.035534,0.000134,1.000000,0.049373,0.037032,1.000000,0.001251,0.000107,0.649126
7.722000,0.372000,14.774219,0.017090,-0.038318,-0.000050,662.064538,652.573221,665.615027,648.876901,-1.886940,0.017344,-0.041180,-0.000050,1.946159,-0.000254,0.002862,0.000000,14.774219,0.017090,-0.038318,-0.000050,1.000000,0.048735,0.035805,1.000000,0.001431,0.000127,0.648720
7.744000,0.394000,14.828351,0.014301,-0.036638,-0.000069,663.273690,653.784529,666.221451,650.677243,-1.831576,0.014602,-0.039890,-0.000069,1.944927,-0.000302,0.003253,0.000000,14.828351,0.014301,-0.036638,-0.000069,1.000000,0.047211,0.033727,1.000000,0.001626,0.000151,0.648309
7.765000,0.415000,14.880975,0.012071,-0.028008,-0.000139,663.229107,656.231664,665.661627,653.556224,-1.777730,0.012433,-0.031692,-0.000139,1.943705,-0.000362,0.003684,0.000000,14.880975,0.012071,-0.028008,-0.000139,1.000000,0.046269,0.031719,1.000000,0.001842,0.000181,0.647902
7.781000,0.431000,14.799967,0.014604,-0.009430,-0.000172,658.017516,657.890486,660.980032,654.657366,-1.857415,0.015025,-0.013551,-0.000172,1.942382,-0.000421,0.004121,0.000000,14.799967,0.014604,-0.009430,-0.000172,1.000000,0.048508,0.034541,1.000000,0.002061,0.000211,0.647461
7.806000,0.456000,14.854215,0.012709,-0.004257,-0.000185,658.543577,659.782390,661.095558,656.950437,-1.801851,0.013202,-0.008851,-0.000185,1.941066,-0.000493,0.004595,0.000000,14.854215,0.012709,-0.004257,-0.000185,1.000000,0.047379,0.032492,1.000000,0.002297,0.000246,0.647022
7.824000,0.474000,14.798567,0.017926,0.008621,-0.000106,654.516872,661.262810,658.244707,657.394199,-1.856108,0.018492,0.003541,-0.000106,1.939675,-0.000566,0.005079,0.000000,14.798567,0.017926,0.008621,-0.000106,1.000000,0.049381,0.034487,1.000000,0.002540,0.000283,0.646558
7.844000,0.494000,14.859311,0.015660,0.012851,-0.000140,655.399401,663.097408,658.619642,659.691954,-1.793982,0.016314,0.007251,-0.000140,1.938294,-0.000654,0.005600,0.000000,14.859311,0.015660,0.012851,-0.000140,1.000000,0.048004,0.032216,1.000000,0.002800,0.000327,0.646098
7.862000,0.512000,14.899346,0.009963,0.013791,-0.000064,656.707984,663.511937,658.772470,661.368587,-1.752564,0.010717,0.007641,-0.000064,1.936910,-0.000755,0.006150,0.000000,14.899346,0.009963,0.013791,-0.000064,1.000000,0.046925,0.030732,1.000000,0.003075,0.000377,0.645637
7.884000,0.534000,14.895256,0.022543,0.017065,-0.000024,654.705427,665.279445,659.466053,660.524955,-1.755247,0.023409,0.010340,-0.000024,1.935503,-0.000866,0.006724,0.000000,14.895256,0.022543,0.017065,-0.000024,1.000000,0.047904,0.030874,1.000000,0.003362,0.000433,0.645168
7.904000,0.554000,14.851478,0.023948,0.005331,-0.000029,655.595076,662.476424,660.642183,657.400520,-1.797591,0.024935,-0.001991,-0.000029,1.934069,-0.000987,0.007322,0.000000,14.851478,0.023948,0.005331,-0.000029,1.000000,0.049276,0.032376,1.000000,0.003661,0.000494,0.644690
7.922000,0.572000,14.749534,0.022781,-0.011367,0.000015,656.294455,657.230950,661.120828,652.397514,-1.897983,0.023884,-0.019280,0.000015,1.932517,-0.001104,0.007913,0.000000,14.749534,0.022781,-0.011367,0.000015,1.000000,0.051789,0.036118,1.000000,0.003957,0.000552,0.644172
7.944000,0.594000,14.844050,0.033289,-0.000002,-0.000016,655.347671,662.383589,662.372682,655.335374,-1.801952,0.034527,-0.008540,-0.000016,1.931003,-0.001239,0.008538,0.000000,14.844050,0.033289,-0.000002,-0.000016,1.000000,0.050094,0.032597,1.000000,0.004269,0.000619,0.643668
7.962000,0.612000,14.881077,0.028487,0.000908,-0.000084,656.551044,662.876849,662.506896,656.799505,-1.763395,0.029874,-0.008279,-0.000084,1.929472,-0.001387,0.009187,0.000000,14.881077,0.028487,0.000908,-0.000084,1.000000,0.049308,0.031192,1.000000,0.004593,0.000694,0.643157
7.984000,0.634000,14.904865,0.027165,0.008420,-0.000093,655.936750,664.538730,661.613928,658.749499,-1.738073,0.028716,-0.001440,-0.000093,1.927938,-0.001551,0.009860,0.000000,14.904865,0.027165,0.008420,-0.000093,1.000000,0.049185,0.030292,1.000000,0.004930,0.000776,0.642646
8.002000,0.652000,14.900974,0.023223,0.012295,-0.000117,655.612703,664.705341,660.444579,659.731178,-1.740413,0.024949,0.001744,-0.000117,1.926387,-0.001726,0.010551,0.000000,14.900974,0.023223,0.012295,-0.000117,1.000000,0.049567,0.030353,1.000000,0.005275,0.000864,0.642129
8.022000,0.672000,14.820521,0.014981,0.003265,-0.000156,656.256384,660.546064,659.317650,657.258597,-1.819243,0.016884,-0.007978,-0.000156,1.924764,-0.001903,0.011242,0.000000,14.820521,0.014981,0.003265,-0.000156,1.000000,0.051484,0.033131,1.000000,0.005621,0.000952,0.641588
8.041000,0.691000,14.801346,0.031477,0.006393,-0.000306,653.590091,662.448253,660.047881,655.559527,-1.836765,0.033559,-0.005545,-0.000306,1.923112,-0.002082,0.011938,0.000000,14.801346,0.031477,0.006393,-0.000306,1.000000,0.052606,0.033853,1.000000,0.005969,0.001042,0.641037
8.062000,0.712000,14.849532,0.026654,0.016895,-0.000343,653.387773,664.798158,658.802727,658.925386,-1.786922,0.028928,0.004245,-0.000343,1.921454,-0.002274,0.012650,0.000000,14.849532,0.026654,0.016895,-0.000343,1.000000,0.051631,0.032016,1.000000,0.006325,0.001138,0.640485
8.082000,0.732000,14.793735,0.034379,0.012544,-0.000379,652.076426,663.656670,659.110878,656.108075,-1.840994,0.036847,-0.000819,-0.000379,1.919729,-0.002468,0.013362,0.000000,14.793735,0.034379,0.012544,-0.000379,1.000000,0.053586,0.034028,1.000000,0.006681,0.001235,0.639910
8.110000,0.760000,14.857252,0.014537,0.020762,-0.000289,654.166349,664.332136,657.049881,661.054888,-1.775764,0.017218,0.006665,-0.000289,1.918015,-0.002681,0.014097,0.000000,14.857252,0.014537,0.020762,-0.000289,1.000000,0.051938,0.031567,1.000000,0.007048,0.001342,0.639338
8.127000,0.777000,14.935019,0.034479,0.035828,-0.000300,651.189027,670.659067,658.309519,663.229863,-1.696315,0.037392,0.020974,-0.000300,1.916334,-0.002913,0.014854,0.000000,14.935019,0.034479,0.035828,-0.000300,1.000000,0.050798,0.028959,1.000000,0.007427,0.001458,0.638778
8.145000,0.795000,14.783392,0.046007,0.023850,-0.000379,648.643801,666.558769,658.179512,656.581481,-1.845942,0.049017,0.008394,-0.000379,1.914333,-0.003011,0.015456,0.000000,14.783392,0.046007,0.023850,-0.000379,1.000000,0.053134,0.034322,1.000000,0.007728,0.001507,0.638111
8.163000,0.813000,14.961775,0.022675,0.047318,-0.000370,651.092100,671.969278,655.662239,666.970234,-1.665876,0.025958,0.031068,-0.000370,1.912651,-0.003283,0.016250,0.000000,14.961775,0.022675,0.047318,-0.000370,1.000000,0.050911,0.027915,1.000000,0.008125,0.001644,0.637550
8.182000,0.832000,14.990648,0.029390,0.042117,-0.000212,651.864048,672.362612,657.963403,666.085113,-1.635322,0.032960,0.025061,-0.000212,1.910970,-0.003570,0.017056,0.000000,14.990648,0.029390,0.042117,-0.000212,1.000000,0.050130,0.026914,1.000000,0.008528,0.001788,0.636990
8.203000,0.853000,14.902386,0.030184,0.028939,-0.000310,652.108226,668.346208,658.303809,661.787723,-1.721848,0.034038,0.011086,-0.000310,1.909234,-0.003854,0.017854,0.000000,14.902386,0.030184,0.028939,-0.000310,1.000000,0.052027,0.029776,1.000000,0.008926,0.001930,0.636411
8.222000,0.872000,14.920300,0.031190,0.020963,-0.000359,653.793494,667.518531,660.151262,660.702316,-1.702212,0.035339,0.002304,-0.000359,1.907512,-0.004150,0.018659,0.000000,14.920300,0.031190,0.020963,-0.000359,1.000000,0.051298,0.029101,1.000000,0.009329,0.002078,0.635837
8.242000,0.892000,14.836844,0.022329,-0.002620,-0.000290,656.896072,660.731660,661.409225,655.782513,-1.783885,0.026776,-0.022078,-0.000290,1.905729,-0.004446,0.019458,0.000000,14.836844,0.022329,-0.002620,-0.000290,1.000000,0.053295,0.031943,1.000000,0.009728,0.002226,0.635243
8.263000,0.913000,14.921472,0.035043,0.022991,-0.000331,653.050259,668.276982,660.247792,660.677978,-1.697515,0.039809,0.002715,-0.000331,1.903987,-0.004765,0.020275,0.000000,14.921472,0.035043,0.022991,-0.000331,1.000000,0.051970,0.028975,1.000000,0.010137,0.002386,0.634662
8.283000,0.933000,14.920563,0.032544,0.019415,-0.000221,653.872219,667.351956,660.612091,660.355308,-1.696669,0.037638,-0.001680,-0.000221,1.902232,-0.005094,0.021096,0.000000,14.920563,0.032544,0.019415,-0.000221,1.000000,0.052135,0.028929,1.000000,0.010547,0.002551,0.634077
8.302000,0.952000,14.856242,0.042389,0.026429,0.000159,650.033087,668.006436,659.163577,659.233332,-1.759185,0.047799,0.004530,0.000159,1.900427,-0.005410,0.021899,0.000000,14.856242,0.042389,0.026429,0.000159,1.000000,0.054441,0.031178,1.000000,0.010948,0.002709,0.633476
8.323000,0.973000,14.814394,0.025707,0.021496,0.000154,651.731638,664.513613,657.310473,659.223732,-1.799185,0.031439,-0.001203,0.000154,1.898579,-0.005732,0.022699,0.000000,14.814394,0.025707,0.021496,0.000154,1.000000,0.055927,0.032470,1.000000,0.011349,0.002871,0.632860
8.344000,0.994000,14.897506,0.035059,0.052537,0.000159,647.222524,672.526335,654.835503,665.349199,-1.714264,0.041137,0.029022,0.000159,1.896770,-0.006077,0.023515,0.000000,14.897506,0.035059,0.052537,0.000159,1.000000,0.054744,0.029640,1.000000,0.011756,0.003044,0.632257
8.362000,1.012000,14.898455,0.029237,0.050039,0.000028,648.350605,671.575590,654.620021,665.506688,-1.711504,0.035676,0.025703,0.000028,1.894959,-0.006439,0.024336,0.000000,14.898455,0.029237,0.050039,0.000028,1.000000,0.054985,0.029486,1.000000,0.012166,0.003225,0.631653
8.381000,1.031000,14.855207,0.016935,0.036328,-0.000107,651.117696,667.098455,654.653491,663.471135,-1.752888,0.023727,0.011184,-0.000107,1.893095,-0.006792,0.025144,0.000000,14.855207,0.016935,0.036328,-0.000107,1.000000,0.055719,0.030795,1.000000,0.012570,0.003402,0.631032
8.403000,1.053000,14.931400,0.023600,0.068595,-0.000243,646.574344,674.910774,651.464511,669.838534,-1.674872,0.030786,0.042620,-0.000243,1.891272,-0.007187,0.025975,0.000000,14.931400,0.023600,0.068595,-0.000243,1.000000,0.054608,0.028328,1.000000,0.012986,0.003600,0.630424
8.421000,1.071000,14.949965,0.021936,0.062619,-0.000190,648.192126,674.125091,652.752526,669.433224,-1.654491,0.029536,0.035807,-0.000190,1.889456,-0.007600,0.026812,0.000000,14.949965,0.021936,0.062619,-0.000190,1.000000,0.053818,0.027589,1.000000,0.013404,0.003807,0.629819
8.443000,1.093000,14.996635,0.023284,0.065361,-0.000183,648.621526,675.729743,653.471353,670.774468,-1.606044,0.031323,0.037703,-0.000183,1.887679,-0.008039,0.027659,0.000000,14.996635,0.023284,0.065361,-0.000183,1.000000,0.052568,0.026034,1.000000,0.013827,0.004026,0.629226
8.462000,1.112000,14.970119,0.030038,0.052445,-0.000177,649.535767,673.696482,655.818972,667.322846,-1.630774,0.038524,0.023943,-0.000177,1.885893,-0.008485,0.028502,0.000000,14.970119,0.030038,0.052445,-0.000177,1.000000,0.052768,0.026800,1.000000,0.014249,0.004250,0.628631
8.482000,1.132000,14.972524,0.022737,0.054127,-0.000180,650.081990,673.275653,654.807263,668.419071,-1.626597,0.031705,0.024768,-0.000180,1.884121,-0.008968,0.029359,0.000000,14.972524,0.022737,0.054127,-0.000180,1.000000,0.053217,0.026620,1.000000,0.014677,0.004492,0.628040
8.502000,1.152000,14.908215,0.035542,0.031467,-0.000281,651.219840,669.445401,658.578248,661.793581,-1.689097,0.044988,0.001264,-0.000281,1.882311,-0.009446,0.030203,0.000000,14.908215,0.035542,0.031467,-0.000281,1.000000,0.054296,0.028733,1.000000,0.015099,0.004731,0.627437
8.521000,1.171000,14.890477,0.024839,0.013163,-0.000203,655.088006,664.823410,660.204657,659.442896,-1.705013,0.034769,-0.017878,-0.000203,1.880491,-0.009930,0.031041,0.000000,14.890477,0.024839,0.013163,-0.000203,1.000000,0.054767,0.029224,1.000000,0.015518,0.004973,0.626830
8.542000,1.192000,14.975704,0.026401,0.044573,-0.000358,651.476324,672.194294,656.842585,666.428202,-1.618029,0.036875,0.012670,-0.000358,1.878733,-0.010474,0.031903,0.000000,14.975704,0.026401,0.044573,-0.000358,1.000000,0.054005,0.026332,1.000000,0.015949,0.005245,0.626244
8.563000,1.213000,14.905765,0.025150,0.027797,-0.000289,652.910533,667.694933,658.049092,662.205849,-1.686155,0.036145,-0.004946,-0.000289,1.876919,-0.010995,0.032742,0.000000,14.905765,0.025150,0.027797,-0.000289,1.000000,0.055447,0.028564,1.000000,0.016368,0.005506,0.625640
8.583000,1.233000,14.880525,0.045490,0.047920,-0.000201,646.648029,672.601464,656.229491,662.961407,-1.709565,0.056986,0.014357,-0.000201,1.875090,-0.011496,0.033563,0.000000,14.880525,0.045490,0.047920,-0.000201,1.000000,0.056518,0.029571,1.000000,0.016778,0.005757,0.625030
8.602000,1.252000,14.920068,0.029654,0.055686,-0.000133,647.870928,673.094460,654.119753,666.829446,-1.668219,0.041691,0.021295,-0.000133,1.873287,-0.012037,0.034391,0.000000,14.920068,0.029654,0.055686,-0.000133,1.000000,0.056475,0.028049,1.000000,0.017192,0.006028,0.624429
8.621000,1.271000,14.872832,0.035956,0.056498,0.000122,645.892315,672.759156,653.685381,665.368392,-1.713611,0.048512,0.021298,0.000122,1.871443,-0.012556,0.035200,0.000000,14.872832,0.035956,0.056498,0.000122,1.000000,0.058019,0.029645,1.000000,0.017596,0.006288,0.623814
8.646000,1.296000,14.924163,0.016051,0.070540,-0.000005,646.799689,674.209051,650.243033,670.881806,-1.660459,0.029159,0.034528,-0.000005,1.869622,-0.013108,0.036012,0.000000,14.924163,0.016051,0.070540,-0.000005,1.000000,0.057451,0.027775,1.000000,0.018002,0.006564,0.623207
8.668000,1.318000,14.947684,0.002537,0.090601,-0.000242,645.381317,676.755582,645.754298,676.050157,-1.635062,0.016158,0.053802,-0.000242,1.867747,-0.013620,0.036799,0.000000,14.947684,0.002537,0.090601,-0.000242,1.000000,0.056059,0.027050,1.000000,0.018396,0.006821,0.622582
8.684000,1.334000,14.964058,0.005333,0.062646,-0.000415,650.365819,672.804385,651.210707,671.383759,-1.616914,0.019586,0.025027,-0.000415,1.865973,-0.014253,0.037619,0.000000,14.964058,0.005333,0.062646,-0.000415,1.000000,0.056838,0.026245,1.000000,0.018805,0.007137,0.621991
8.706000,1.356000,14.864549,0.016286,0.031006,-0.000681,652.518961,666.557292,655.503708,662.621873,-1.714577,0.031136,-0.007406,-0.000681,1.864126,-0.014851,0.038412,0.000000,14.864549,0.016286,0.031006,-0.000681,1.000000,0.058228,0.029500,1.000000,0.019202,0.007436,0.621375
8.723000,1.373000,14.937010,0.015089,0.064144,-0.001068,648.684806,673.723748,651.155117,669.783767,-1.640306,0.030558,0.024940,-0.001068,1.862316,-0.015469,0.039204,0.000000,14.937010,0.015089,0.064144,-0.001068,1.000000,0.056534,0.027062,1.000000,0.019597,0.007746,0.620772
8.743000,1.393000,14.957444,0.011782,0.057703,-0.000998,650.589531,672.722955,652.396508,669.518556,-1.618072,0.027908,0.017709,-0.000998,1.860516,-0.016126,0.039994,0.000000,14.957444,0.011782,0.057703,-0.000998,1.000000,0.056081,0.026291,1.000000,0.019992,0.008075,0.620172
8.762000,1.412000,14.901397,0.020593,0.036374,-0.000632,651.941994,668.699295,655.879363,663.911216,-1.672291,0.037373,-0.004394,-0.000632,1.858688,-0.016780,0.040769,0.000000,14.901397,0.020593,0.036374,-0.000632,1.000000,0.057201,0.028107,1.000000,0.020379,0.008402,0.619563
8.782000,1.432000,14.931098,0.028970,0.070964,-0.000455,645.652447,675.932418,651.547190,669.590810,-1.640777,0.046407,0.029432,-0.000455,1.856875,-0.017437,0.041532,0.000000,14.931098,0.028970,0.070964,-0.000455,1.000000,0.056978,0.027224,1.000000,0.020761,0.008731,0.618958
8.802000,1.452000,14.944351,0.017733,0.068909,-0.000299,647.463855,674.659575,651.053932,670.761805,-1.625720,0.035866,0.026618,-0.000299,1.855071,-0.018133,0.042291,0.000000,14.944351,0.017733,0.068909,-0.000299,1.000000,0.057268,0.026629,1.000000,0.021140,0.009079,0.618357
8.824000,1.474000,14.878271,0.036932,0.068389,0.000065,643.856558,674.984414,651.842241,667.371094,-1.689951,0.055711,0.025365,0.000065,1.853222,-0.018778,0.043024,0.000000,14.878271,0.036932,0.068389,0.000065,1.000000,0.058757,0.028934,1.000000,0.021506,0.009402,0.617741
8.841000,1.491000,14.845799,0.032704,0.066228,0.000039,643.963266,673.492755,651.025321,666.726385,-1.720545,0.052108,0.022490,0.000039,1.851344,-0.019404,0.043738,0.000000,14.845799,0.032704,0.066228,0.000039,1.000000,0.060328,0.029925,1.000000,0.021863,0.009715,0.617115
8.867000,1.517000,14.914646,0.012719,0.073479,0.000064,646.407370,674.122663,649.187701,671.538747,-1.649857,0.032800,0.029031,0.000064,1.849503,-0.020081,0.044448,0.000000,14.914646,0.012719,0.073479,0.000064,1.000000,0.059210,0.027412,1.000000,0.022218,0.010053,0.616501
8.882000,1.532000,14.879022,0.009673,0.067060,-0.000081,647.098060,672.015919,649.118858,669.947014,-1.683604,0.030402,0.021922,-0.000081,1.847626,-0.020729,0.045138,0.000000,14.879022,0.009673,0.067060,-0.000081,1.000000,0.060759,0.028486,1.000000,0.022563,0.010377,0.615875
8.903000,1.553000,14.840296,0.000625,0.043771,-0.000182,651.267510,666.352245,651.271865,666.082400,-1.720419,0.022000,-0.002041,-0.000182,1.845715,-0.021375,0.045812,0.000000,14.840296,0.000625,0.043771,-0.000182,1.000000,0.062003,0.029647,1.000000,0.022900,0.010700,0.615238
8.922000,1.572000,14.972694,-0.025058,0.083648,-0.000292,650.137253,673.310981,644.537325,678.254136,-1.586195,-0.002958,0.037165,-0.000292,1.843889,-0.022100,0.046483,0.000000,14.972694,-0.025058,0.083648,-0.000292,1.000000,0.059410,0.025299,1.000000,0.023236,0.011063,0.614630
8.946000,1.596000,14.971635,-0.015211,0.077938,-0.000153,649.997015,673.299461,646.620437,676.323129,-1.585425,0.007620,0.030799,-0.000153,1.842060,-0.022831,0.047139,0.000000,14.971635,-0.015211,0.077938,-0.000153,1.000000,0.058242,0.025236,1.000000,0.023563,0.011428,0.614020
8.965000,1.615000,14.906754,0.012033,0.074349,-0.000558,646.374735,674.261383,648.562703,671.347366,-1.648455,0.035579,0.026575,-0.000558,1.840209,-0.023546,0.047774,0.000000,14.906754,0.012033,0.074349,-0.000558,1.000000,0.059021,0.027371,1.000000,0.023881,0.011786,0.613403
8.986000,1.636000,14.957174,-0.017079,0.082481,-0.000533,649.220864,673.695363,645.163773,676.814782,-1.596211,0.007235,0.034083,-0.000533,1.838385,-0.024314,0.048398,0.000000,14.957174,-0.017079,0.082481,-0.000533,1.000000,0.058321,0.025600,1.000000,0.024193,0.012170,0.612795
9.003000,1.653000,14.993925,-0.005113,0.077983,-0.000625,649.577478,675.012437,648.032861,675.594174,-1.557667,0.020014,0.028975,-0.000625,1.836592,-0.025127,0.049008,0.000000,14.993925,-0.005113,0.077983,-0.000625,1.000000,0.056696,0.024387,1.000000,0.024497,0.012576,0.612197
9.022000,1.672000,14.954283,0.011676,0.074828,-0.000624,647.427885,675.359430,649.488534,672.473744,-1.595500,0.037590,0.025231,-0.000624,1.834783,-0.025914,0.049597,0.000000,14.954283,0.011676,0.074828,-0.000624,1.000000,0.057034,0.025661,1.000000,0.024792,0.012970,0.611594
9.042000,1.692000,14.929748,0.021698,0.066977,-0.000564,647.138360,674.530840,651.388876,669.605923,-1.618233,0.048420,0.016811,-0.000564,1.832982,-0.026722,0.050166,0.000000,14.929748,0.021698,0.066977,-0.000564,1.000000,0.057883,0.026450,1.000000,0.025076,0.013373,0.610994
9.062000,1.712000,14.841713,0.035016,0.067675,-0.000468,643.550466,674.076932,650.749835,666.444979,-1.704400,0.062500,0.016958,-0.000468,1.831113,-0.027483,0.050716,0.000000,14.841713,0.035016,0.067675,-0.000468,1.000000,0.060047,0.029469,1.000000,0.025351,0.013754,0.610371
9.083000,1.733000,14.878464,0.014116,0.068375,-0.000482,646.522363,672.836179,649.211584,669.540805,-1.665792,0.042380,0.017127,-0.000482,1.829256,-0.028263,0.051249,0.000000,14.878464,0.014116,0.068375,-0.000482,1.000000,0.059930,0.027958,1.000000,0.025618,0.014144,0.609752
9.105000,1.755000,14.981712,-0.028373,0.045837,-0.000315,657.206650,666.825016,650.942104,672.485113,-1.560751,0.000743,-0.005922,-0.000315,1.827463,-0.029116,0.051759,0.000000,14.981712,-0.028373,0.045837,-0.000315,1.000000,0.059239,0.024363,1.000000,0.025873,0.014570,0.609154
9.128000,1.778000,14.989912,-0.030578,0.079623,-0.000228,651.787110,672.416677,645.056936,678.548580,-1.550768,-0.000590,0.027375,-0.000228,1.825680,-0.029988,0.052248,0.000000,14.989912,-0.030578,0.079623,-0.000228,1.000000,0.059465,0.024124,1.000000,0.026117,0.015006,0.608560
9.145000,1.795000,14.904258,-0.001263,0.078909,0.000483,646.583271,673.200080,646.657676,673.827266,-1.634612,0.029557,0.026195,0.000483,1.823870,-0.030821,0.052714,0.000000,14.904258,-0.001263,0.078909,0.000483,1.000000,0.061142,0.026876,1.000000,0.026350,0.015422,0.607957
9.160000,1.810000,14.910019,-0.008601,0.090125,0.000454,645.562090,674.449865,644.031524,676.566305,-1.627028,0.023035,0.036960,0.000454,1.822048,-0.031636,0.053165,0.000000,14.910019,-0.008601,0.090125,0.000454,1.000000,0.060543,0.026662,1.000000,0.026576,0.015829,0.607349
9.184000,1.834000,14.919516,-0.004145,0.062520,0.000396,650.111152,670.522622,649.505809,671.684121,-1.615714,0.028315,0.008927,0.000396,1.820230,-0.032460,0.053593,0.000000,14.919516,-0.004145,0.062520,0.000396,1.000000,0.059711,0.026193,1.000000,0.026790,0.016241,0.606743
9.203000,1.853000,14.923403,-0.005832,0.093868,0.000393,644.936148,675.672017,643.959031,677.169575,-1.610011,0.027459,0.039869,0.000393,1.818414,-0.033291,0.053999,0.000000,14.923403,-0.005832,0.093868,0.000393,1.000000,0.060150,0.026156,1.000000,0.026993,0.016656,0.606138
9.224000,1.874000,14.871077,0.007891,0.088897,0.000127,643.228613,675.226799,645.026152,673.693626,-1.660489,0.041979,0.034510,0.000127,1.816566,-0.034088,0.054387,0.000000,14.871077,0.007891,0.088897,0.000127,1.000000,0.061645,0.027868,1.000000,0.027187,0.017054,0.605522
9.242000,1.892000,14.863560,-0.002880,0.089297,-0.000059,644.220035,674.089127,643.554811,674.639459,-1.666140,0.031982,0.034537,-0.000059,1.814700,-0.034862,0.054760,0.000000,14.863560,-0.002880,0.089297,-0.000059,1.000000,0.062615,0.027982,1.000000,0.027374,0.017440,0.604900
9.263000,1.913000,14.960811,-0.041214,0.042204,-0.000096,658.644847,664.324421,649.803911,672.835828,-1.567101,-0.005452,-0.012875,-0.000096,1.812913,-0.035762,0.055079,0.000000,14.960811,-0.041214,0.042204,-0.000096,1.000000,0.062234,0.024578,1.000000,0.027533,0.017890,0.604304
9.283000,1.933000,14.927288,-0.010753,0.068216,-0.000117,650.191460,671.156555,647.800240,673.295227,-1.598836,0.025926,0.012849,-0.000117,1.811124,-0.036679,0.055367,0.000000,14.927288,-0.010753,0.068216,-0.000117,1.000000,0.061482,0.025646,1.000000,0.027678,0.018348,0.603708
9.304000,1.954000,14.899838,-0.049972,0.084623,0.000601,650.679255,668.962465,640.330580,679.737459,-1.624451,-0.012444,0.028968,0.000601,1.809288,-0.037528,0.055655,0.000000,14.899838,-0.049972,0.084623,0.000601,1.000000,0.063486,0.026488,1.000000,0.027822,0.018773,0.603096
9.325000,1.975000,14.902200,-0.032082,0.061823,0.000838,652.671578,666.949117,646.392173,674.249731,-1.620254,0.006297,0.005905,0.000838,1.807454,-0.038380,0.055918,0.000000,14.902200,-0.032082,0.061823,0.000838,1.000000,0.061796,0.026260,1.000000,0.027954,0.019198,0.602485
9.344000,1.994000,14.986985,-0.065332,0.089921,0.000729,653.314576,670.109581,639.766048,684.096150,-1.533693,-0.026039,0.033782,0.000729,1.805678,-0.039293,0.056139,0.000000,14.986985,-0.065332,0.089921,0.000729,1.000000,0.061361,0.023704,1.000000,0.028064,0.019654,0.601893
9.362000,2.012000,14.990416,-0.044617,0.081870,0.000206,652.755111,671.184004,643.314829,680.532979,-1.528496,-0.004398,0.025540,0.000206,1.803913,-0.040219,0.056330,0.000000,14.990416,-0.044617,0.081870,0.000206,1.000000,0.059877,0.023430,1.000000,0.028160,0.020116,0.601304
9.382000,2.032000,14.904540,-0.008682,0.090688,-0.000920,645.842680,674.936618,643.304290,676.031059,-1.612561,0.032416,0.034177,-0.000920,1.802101,-0.041098,0.056511,0.000000,14.904540,-0.008682,0.090688,-0.000920,1.000000,0.060450,0.026225,1.000000,0.028251,0.020556,0.600700
9.405000,2.055000,14.960758,-0.022353,0.077113,-0.001035,650.974436,672.521134,645.430952,676.353004,-1.554584,0.019679,0.020469,-0.001035,1.800342,-0.042032,0.056645,0.000000,14.960758,-0.022353,0.077113,-0.001035,1.000000,0.060194,0.024248,1.000000,0.028317,0.021023,0.600114
9.427000,2.077000,14.855525,0.004988,0.093890,-0.000679,642.606557,675.726993,643.196975,674.184247,-1.657918,0.047773,0.037062,-0.000679,1.798443,-0.042785,0.056828,0.000000,14.855525,0.004988,0.093890,-0.000679,1.000000,0.059169,0.027853,1.000000,0.028409,0.021399,0.599481
9.443000,2.093000,14.928768,0.000863,0.065813,-0.000586,649.563538,672.168605,649.329902,671.544538,-1.582908,0.044555,0.008898,-0.000586,1.796676,-0.043692,0.056915,0.000000,14.928768,0.000863,0.065813,-0.000586,1.000000,0.061080,0.025262,1.000000,0.028452,0.021853,0.598892
9.467000,2.117000,14.871062,0.006466,0.081281,-0.000138,644.807915,673.909729,646.103947,672.467535,-1.638786,0.050986,0.024268,-0.000138,1.794848,-0.044520,0.057013,0.000000,14.871062,0.006466,0.081281,-0.000138,1.000000,0.062194,0.027175,1.000000,0.028501,0.022266,0.598283
9.485000,2.135000,14.827206,-0.003920,0.056450,0.000054,649.182378,667.638628,648.379916,668.497260,-1.680771,0.041397,-0.000650,0.000054,1.792977,-0.045317,0.057100,0.000000,14.827206,-0.003920,0.056450,0.000054,1.000000,0.064689,0.028421,1.000000,0.028545,0.022665,0.597659
9.503000,2.153000,14.909587,-0.056240,0.075135,0.000110,653.378917,667.112643,641.359562,678.834049,-1.596564,-0.010101,0.017985,0.000110,1.791151,-0.046139,0.057150,0.000000,14.909587,-0.056240,0.075135,0.000110,1.000000,0.065635,0.025533,1.000000,0.028570,0.023076,0.597050
9.523000,2.173000,14.876187,-0.047447,0.052261,0.000217,655.590366,663.390314,645.589054,673.441350,-1.628111,-0.000497,-0.004915,0.000217,1.789298,-0.046950,0.057176,0.000000,14.876187,-0.047447,0.052261,0.000217,1.000000,0.066629,0.026510,1.000000,0.028583,0.023481,0.596433
9.542000,2.192000,14.937906,-0.088639,0.072968,-0.000036,657.874512,664.035106,638.810009,682.344489,-1.564574,-0.040870,0.015795,-0.000036,1.787480,-0.047769,0.057173,0.000000,14.937906,-0.088639,0.072968,-0.000036,1.000000,0.066952,0.024671,1.000000,0.028582,0.023890,0.595827
9.563000,2.213000,14.996039,-0.101455,0.048852,-0.000028,664.609194,659.870298,642.979101,680.924132,-1.504664,-0.052812,-0.008255,-0.000028,1.785703,-0.048643,0.057108,0.000000,14.996039,-0.101455,0.048852,-0.000028,1.000000,0.064971,0.022926,1.000000,0.028549,0.024328,0.595234
9.583000,2.233000,14.951738,-0.045724,0.038244,-0.000250,659.649983,663.039329,649.747021,672.384831,-1.547174,0.003783,-0.018773,-0.000250,1.783913,-0.049507,0.057017,0.000000,14.951738,-0.045724,0.038244,-0.000250,1.000000,0.062494,0.023974,1.000000,0.028503,0.024760,0.594638
9.603000,2.253000,14.926218,-0.025703,0.064167,-0.000359,652.550968,668.992214,646.784765,674.049397,-1.570893,0.024620,0.007237,-0.000359,1.782111,-0.050323,0.056930,0.000000,14.926218,-0.025703,0.064167,-0.000359,1.000000,0.061369,0.024743,1.000000,0.028460,0.025168,0.594037
9.625000,2.275000,14.872315,-0.015021,0.072686,-0.000315,648.708020,670.340106,645.248556,673.214190,-1.622973,0.036113,0.015874,-0.000315,1.780288,-0.051134,0.056812,0.000000,14.872315,-0.015021,0.072686,-0.000315,1.000000,0.063131,0.026496,1.000000,0.028401,0.025573,0.593429
9.650000,2.300000,14.975279,-0.049653,0.080206,-0.000159,653.369573,670.190902,642.584575,680.310916,-1.518245,0.002323,0.023561,-0.000159,1.778523,-0.051976,0.056645,0.000000,14.975279,-0.049653,0.080206,-0.000159,1.000000,0.061111,0.023107,1.000000,0.028317,0.025994,0.592841
9.666000,2.316000,14.968203,-0.072765,0.078633,0.000319,655.771054,667.182549,640.363246,682.440091,-1.523495,-0.020020,0.022126,0.000319,1.776698,-0.052745,0.056507,0.000000,14.968203,-0.072765,0.078633,0.000319,1.000000,0.059971,0.023299,1.000000,0.028248,0.026378,0.592233
9.683000,2.333000,14.970254,-0.051234,0.074286,0.000103,654.351065,668.822468,643.429054,679.483631,-1.519692,0.002352,0.018010,0.000103,1.774947,-0.053586,0.056276,0.000000,14.970254,-0.051234,0.074286,0.000103,1.000000,0.061988,0.023128,1.000000,0.028133,0.026798,0.591649
9.703000,2.353000,14.873472,-0.042062,0.078395,-0.000198,650.601762,668.466924,641.392324,677.024003,-1.614665,0.012318,0.022345,-0.000198,1.773136,-0.054381,0.056050,0.000000,14.873472,-0.042062,0.078395,-0.000198,1.000000,0.064385,0.026137,1.000000,0.028020,0.027196,0.591045
9.721000,2.371000,14.896402,-0.048425,0.059454,-0.000437,655.142291,665.201986,644.452248,674.933223,-1.589941,0.006759,0.003669,-0.000437,1.771344,-0.055183,0.055785,0.000000,14.896402,-0.048425,0.059454,-0.000437,1.000000,0.064614,0.025285,1.000000,0.027886,0.027597,0.590448
9.742000,2.392000,14.962633,-0.054492,0.049704,-0.000557,658.970537,664.419744,646.953114,675.323700,-1.521961,0.001505,-0.005772,-0.000557,1.769593,-0.055996,0.055476,0.000000,14.962633,-0.054492,0.049704,-0.000557,1.000000,0.063422,0.023167,1.000000,0.027732,0.028004,0.589864
9.763000,2.413000,14.951248,-0.053562,0.047494,-0.000582,659.005692,663.902022,647.170971,674.603396,-1.531591,0.003233,-0.007652,-0.000582,1.767838,-0.056794,0.055146,0.000000,14.951248,-0.053562,0.047494,-0.000582,1.000000,0.063810,0.023465,1.000000,0.027566,0.028404,0.589279
9.782000,2.432000,14.966348,-0.065567,0.028166,-0.000512,663.865496,659.660542,649.600279,672.971669,-1.514761,-0.007946,-0.026582,-0.000512,1.766109,-0.057620,0.054748,0.000000,14.966348,-0.065567,0.028166,-0.000512,1.000000,0.064964,0.023022,1.000000,0.027367,0.028817,0.588703
9.809000,2.459000,14.898964,-0.047208,0.064501,-0.000178,654.111196,666.139343,643.853607,675.801585,-1.580371,0.011172,0.010115,-0.000178,1.764335,-0.058380,0.054387,0.000000,14.898964,-0.047208,0.064501,-0.000178,1.000000,0.064491,0.024998,1.000000,0.027185,0.029197,0.588112
9.822000,2.472000,14.864757,-0.046014,0.075445,0.000123,651.224375,667.244910,641.397911,676.872715,-1.612780,0.013091,0.021420,0.000123,1.762537,-0.059105,0.054025,0.000000,14.864757,-0.046014,0.075445,0.000123,1.000000,0.065396,0.026074,1.000000,0.027004,0.029560,0.587512
9.845000,2.495000,14.944444,-0.069660,0.040427,0.000229,661.471646,660.546291,646.804101,675.245759,-1.531345,-0.009786,-0.013146,0.000229,1.760789,-0.059873,0.053574,0.000000,14.944444,-0.069660,0.040427,0.000229,1.000000,0.065393,0.023477,1.000000,0.026778,0.029945,0.586930
9.868000,2.518000,14.961299,-0.092608,0.036571,0.000581,664.783612,657.701501,645.510411,677.464367,-1.512691,-0.032031,-0.016597,0.000581,1.758990,-0.060576,0.053169,0.000000,14.961299,-0.092608,0.036571,0.000581,1.000000,0.063278,0.023013,1.000000,0.026575,0.030296,0.586330
9.882000,2.532000,14.959577,-0.064594,0.044095,0.000719,660.476477,661.849055,647.229510,675.847122,-1.512685,-0.003269,-0.008565,0.000719,1.757262,-0.061325,0.052660,0.000000,14.959577,-0.064594,0.044095,0.000719,1.000000,0.065234,0.022891,1.000000,0.026320,0.030671,0.585754
9.903000,2.553000,14.864533,-0.061433,0.063223,0.000819,654.721354,663.292644,642.113701,676.685689,-1.605941,0.000598,0.011057,0.000819,1.755474,-0.062030,0.052166,0.000000,14.864533,-0.061433,0.063223,0.000819,1.000000,0.067375,0.025803,1.000000,0.026073,0.031023,0.585158
9.923000,2.573000,14.899941,-0.055558,0.047936,0.000745,657.533745,662.125003,646.195223,674.273109,-1.568789,0.007196,-0.003655,0.000745,1.753730,-0.062754,0.051592,0.000000,14.899941,-0.055558,0.047936,0.000745,1.000000,0.068104,0.024618,1.000000,0.025786,0.031385,0.584577
9.943000,2.593000,14.957576,-0.064582,0.041294,0.000447,661.003299,661.434908,647.574751,675.233408,-1.509426,-0.001126,-0.009717,0.000447,1.752002,-0.063456,0.051011,0.000000,14.957576,-0.064582,0.041294,0.000447,1.000000,0.066246,0.022793,1.000000,0.025495,0.031736,0.584001
9.961000,2.611000,14.947244,-0.063214,0.040678,-0.000016,660.898168,661.424502,647.429599,674.590441,-1.518025,0.000924,-0.009736,-0.000016,1.750270,-0.064138,0.050414,0.000000,14.947244,-0.063214,0.040678,-0.000016,1.000000,0.066736,0.023054,1.000000,0.025196,0.032078,0.583423
9.983000,2.633000,14.867182,-0.058172,0.054888,-0.000273,656.250757,662.699704,643.591439,674.607039,-1.596311,0.006615,0.005073,-0.000273,1.748493,-0.064787,0.049815,0.000000,14.867182,-0.058172,0.054888,-0.000273,1.000000,0.068932,0.025489,1.000000,0.024895,0.032403,0.582831
10.006000,2.656000,14.910469,-0.066233,0.042637,-0.000528,660.248570,660.824347,645.748165,674.237707,-1.551284,-0.000805,-0.006541,-0.000528,1.746753,-0.065428,0.049179,0.000000,14.910469,-0.066233,0.042637,-0.000528,1.000000,0.069181,0.024069,1.000000,0.024576,0.032724,0.582251
10.022000,2.672000,14.896176,-0.069732,0.047966,-0.000541,659.397178,661.051212,644.112426,675.172628,-1.563813,-0.003697,-0.000590,-0.000541,1.744989,-0.066034,0.048556,0.000000,14.896176,-0.069732,0.047966,-0.000541,1.000000,0.069530,0.024457,1.000000,0.024263,0.033028,0.581663
10.041000,2.691000,14.898155,-0.077903,0.037254,-0.000472,662.101241,658.379599,645.168501,674.299325,-1.560063,-0.011287,-0.010674,-0.000472,1.743218,-0.066617,0.047929,0.000000,14.898155,-0.077903,0.037254,-0.000472,1.000000,0.070172,0.024362,1.000000,0.023949,0.033320,0.581073
10.066000,2.716000,14.967678,-0.090915,0.002591,-0.000534,670.857508,652.624416,651.331501,671.338433,-1.488814,-0.023709,-0.044636,-0.000534,1.741492,-0.067206,0.047227,0.000000,14.967678,-0.090915,0.002591,-0.000534,1.000000,0.070183,0.022421,1.000000,0.023596,0.033615,0.580497
10.083000,2.733000,14.981384,-0.089387,-0.004436,-0.000389,672.124533,651.826079,653.065438,670.355567,-1.473398,-0.021605,-0.050926,-0.000389,1.739782,-0.067782,0.046489,0.000000,14.981384,-0.089387,-0.004436,-0.000389,1.000000,0.070118,0.022015,1.000000,0.023226,0.033904,0.579927
10.102000,2.752000,14.919327,-0.073733,0.022104,-0.000035,664.546382,656.530440,648.886319,671.961940,-1.533712,-0.005412,-0.023673,-0.000035,1.738039,-0.068321,0.045777,0.000000,14.919327,-0.073733,0.022104,-0.000035,1.000000,0.070165,0.023582,1.000000,0.022869,0.034174,0.579346
10.123000,2.773000,14.905575,-0.069439,0.029464,0.000077,662.505881,657.895476,647.800554,672.492138,-1.545718,-0.000602,-0.015591,0.000077,1.736293,-0.068838,0.045055,0.000000,14.905575,-0.069439,0.029464,0.000077,1.000000,0.070169,0.023917,1.000000,0.022506,0.034433,0.578764
10.144000,2.794000,14.982425,-0.080015,-0.014803,0.000063,672.754933,650.884336,656.027085,667.832533,-1.467177,-0.010654,-0.059030,0.000063,1.734602,-0.069362,0.044227,0.000000,14.982425,-0.080015,-0.014803,0.000063,1.000000,0.070622,0.021886,1.000000,0.022091,0.034695,0.578201
10.164000,2.814000,14.952194,-0.066045,0.026396,0.000279,663.627364,658.687598,649.819430,672.717777,-1.495709,0.003810,-0.017012,0.000279,1.732903,-0.069856,0.043408,0.000000,14.952194,-0.066045,0.026396,0.000279,1.000000,0.069697,0.022402,1.000000,0.021681,0.034942,0.577634
10.181000,2.831000,14.985884,-0.079356,-0.013412,0.000182,672.487989,651.225934,655.978084,668.119446,-1.460349,-0.009014,-0.055933,0.000182,1.731233,-0.070342,0.042521,0.000000,14.985884,-0.079356,-0.013412,0.000182,1.000000,0.070975,0.021647,1.000000,0.021237,0.035185,0.577078
10.201000,2.851000,15.009333,-0.075902,-0.005561,0.000237,671.307142,653.452441,655.540478,669.613687,-1.435260,-0.005087,-0.047141,0.000237,1.729593,-0.070814,0.041580,0.000000,15.009333,-0.075902,-0.005561,0.000237,1.000000,0.070702,0.020825,1.000000,0.020765,0.035422,0.576531
10.221000,2.871000,14.996326,-0.077714,0.001000,0.000252,670.106123,654.091323,653.935600,670.625194,-1.446637,-0.006449,-0.039610,0.000252,1.727962,-0.071265,0.040609,0.000000,14.996326,-0.077714,0.001000,0.000252,1.000000,0.071265,0.021089,1.000000,0.020279,0.035647,0.575987
10.246000,2.896000,14.945293,-0.072726,0.044622,0.000131,661.134040,660.993875,645.727824,676.241321,-1.496020,-0.001042,0.004958,0.000131,1.726313,-0.071683,0.039664,0.000000,14.945293,-0.072726,0.044622,0.000131,1.000000,0.070644,0.022383,1.000000,0.019806,0.035856,0.575438
10.264000,2.914000,14.788722,-0.048402,0.073991,-0.000169,650.126726,665.192942,639.551695,675.121904,-1.650774,0.023648,0.035078,-0.000169,1.724496,-0.072051,0.038914,0.000000,14.788722,-0.048402,0.073991,-0.000169,1.000000,0.070884,0.027430,1.000000,0.019431,0.036039,0.574832
10.283000,2.933000,14.921227,-0.081532,0.053905,-0.000112,660.034441,661.207193,642.520906,678.077489,-1.516600,-0.009116,0.015941,-0.000112,1.722826,-0.072417,0.037964,0.000000,14.921227,-0.081532,0.053905,-0.000112,1.000000,0.071894,0.023034,1.000000,0.018956,0.036222,0.574275
10.306000,2.956000,14.879030,-0.068570,0.066938,-0.000012,655.460152,663.812512,640.717185,678.036077,-1.557097,0.004183,0.029935,-0.000012,1.721127,-0.072753,0.037004,0.000000,14.879030,-0.068570,0.066938,-0.000012,1.000000,0.074056,0.024337,1.000000,0.018475,0.036390,0.573709
10.324000,2.974000,14.971114,-0.090566,-0.003703,0.000169,671.707822,651.377972,652.781456,670.589324,-1.463363,-0.017495,-0.039702,0.000169,1.719477,-0.073071,0.035999,0.000000,14.971114,-0.090566,-0.003703,0.000169,1.000000,0.075283,0.021603,1.000000,0.017971,0.036550,0.573159
10.342000,2.992000,14.988565,-0.084192,-0.027997,-0.000001,675.542925,648.315458,657.957329,666.153635,-1.444279,-0.010828,-0.062940,-0.000001,1.717844,-0.073364,0.034943,0.000000,14.988565,-0.084192,-0.027997,-0.000001,1.000000,0.076805,0.021267,1.000000,0.017442,0.036696,0.572615
10.362000,3.012000,14.920954,-0.081163,-0.015393,0.000061,671.635916,649.277035,654.634463,666.505024,-1.510227,-0.007535,-0.049323,0.000061,1.716181,-0.073628,0.033929,0.000000,14.920954,-0.081163,-0.015393,0.000061,1.000000,0.078674,0.023057,1.000000,0.016933,0.036829,0.572060
10.382000,3.032000,14.850316,-0.044183,-0.000522,-0.000222,663.826212,654.320081,654.334400,663.486267,-1.579152,0.029686,-0.033468,-0.000222,1.714468,-0.073869,0.032946,0.000000,14.850316,-0.044183,-0.000522,-0.000222,1.000000,0.080164,0.025137,1.000000,0.016439,0.036949,0.571489
10.403000,3.053000,14.904766,-0.090635,-0.033318,-0.000426,675.425005,644.968721,656.170638,663.922843,-1.523021,-0.016553,-0.065227,-0.000426,1.712787,-0.074082,0.031909,0.000000,14.904766,-0.090635,-0.033318,-0.000426,1.000000,0.079829,0.023649,1.000000,0.015919,0.037056,0.570929
10.424000,3.074000,14.864065,-0.055020,-0.009226,-0.000275,666.752876,651.994722,654.965252,663.430452,-1.561942,0.019264,-0.040233,-0.000275,1.711007,-0.074284,0.031008,0.000000,14.864065,-0.055020,-0.009226,-0.000275,1.000000,0.077113,0.024596,1.000000,0.015465,0.037158,0.570336
10.445000,3.095000,14.909158,-0.090239,-0.041062,0.000004,676.620182,643.589127,657.787917,662.830307,-1.515087,-0.015774,-0.071138,0.000004,1.709244,-0.074465,0.030077,0.000000,14.909158,-0.090239,-0.041062,0.000004,1.000000,0.076549,0.023486,1.000000,0.014998,0.037248,0.569748
10.466000,3.116000,15.007970,-0.083804,-0.051741,0.000306,679.757542,644.543185,662.580993,662.638560,-1.414650,-0.009214,-0.080686,0.000306,1.707619,-0.074590,0.028945,0.000000,15.007970,-0.083804,-0.051741,0.000306,1.000000,0.079178,0.020672,1.000000,0.014432,0.037311,0.569206
10.482000,3.132000,15.001958,-0.090175,-0.029701,0.000862,676.436078,647.338413,658.217648,667.115555,-1.419056,-0.015493,-0.057495,0.000862,1.706014,-0.074682,0.027794,0.000000,15.001958,-0.090175,-0.029701,0.000862,1.000000,0.079333,0.020492,1.000000,0.013856,0.037357,0.568671
10.505000,3.155000,14.984514,-0.046366,-0.024793,0.000765,670.742626,652.527037,661.582906,662.937937,-1.434889,0.028381,-0.051424,0.000765,1.704403,-0.074748,0.026631,0.000000,14.984514,-0.046366,-0.024793,0.000765,1.000000,0.080411,0.020934,1.000000,0.013274,0.037389,0.568134
10.521000,3.171000,14.991133,-0.091817,-0.033976,0.000540,677.191814,646.300626,658.420490,666.205138,-1.426693,-0.017048,-0.059390,0.000540,1.702825,-0.074769,0.025415,0.000000,14.991133,-0.091817,-0.033976,0.000540,1.000000,0.081010,0.020736,1.000000,0.012665,0.037399,0.567608
10.541000,3.191000,14.979677,-0.070141,-0.019484,0.000277,672.381825,650.985899,657.889653,666.033998,-1.436585,0.004611,-0.043657,0.000277,1.701262,-0.074752,0.024173,0.000000,14.979677,-0.070141,-0.019484,0.000277,1.000000,0.082204,0.020830,1.000000,0.012044,0.037390,0.567087
10.568000,3.218000,14.893542,-0.098340,-0.011680,0.000098,672.184998,647.443808,651.562910,668.336498,-1.521033,-0.023576,-0.034781,0.000098,1.699575,-0.074764,0.023101,0.000000,14.893542,-0.098340,-0.011680,0.000098,1.000000,0.078180,0.023312,1.000000,0.011507,0.037395,0.566525
10.581000,3.231000,14.940185,-0.070058,-0.007738,0.000113,669.600316,652.200432,654.948092,667.078215,-1.472793,0.004646,-0.029633,0.000113,1.697979,-0.074704,0.021895,0.000000,14.940185,-0.070058,-0.007738,0.000113,1.000000,0.082286,0.021781,1.000000,0.010905,0.037365,0.565993
10.607000,3.257000,14.880337,-0.076087,0.012070,-0.000186,665.685389,653.746285,649.439965,669.616190,-1.531001,-0.001458,-0.008658,-0.000186,1.696338,-0.074629,0.020728,0.000000,14.880337,-0.076087,0.012070,-0.000186,1.000000,0.082976,0.023447,1.000000,0.010321,0.037327,0.565446
10.626000,3.276000,14.802405,-0.053401,0.007082,-0.000234,662.452052,653.579766,650.962797,664.681253,-1.607162,0.021200,-0.012652,-0.000234,1.694567,-0.074601,0.019734,0.000000,14.802405,-0.053401,0.007082,-0.000234,1.000000,0.083506,0.025891,1.000000,0.009823,0.037312,0.564856
10.641000,3.291000,14.921638,-0.074558,0.001713,-0.000306,668.219565,653.097635,652.278398,668.572925,-1.486303,-0.000090,-0.016855,-0.000306,1.692942,-0.074469,0.018569,0.000000,14.921638,-0.074558,0.001713,-0.000306,1.000000,0.083670,0.022119,1.000000,0.009240,0.037245,0.564314
10.664000,3.314000,14.942670,-0.062268,-0.031052,-0.000470,672.954395,649.288572,659.612551,662.147313,-1.463644,0.012042,-0.048462,-0.000470,1.691314,-0.074311,0.017410,0.000000,14.942670,-0.062268,-0.031052,-0.000470,1.000000,0.085592,0.021672,1.000000,0.008660,0.037166,0.563771
10.684000,3.334000,14.965602,-0.021278,-0.062926,-0.000583,674.576012,648.723474,669.765111,652.819508,-1.439104,0.052824,-0.079140,-0.000583,1.689706,-0.074103,0.016214,0.000000,14.965602,-0.021278,-0.062926,-0.000583,1.000000,0.089389,0.021616,1.000000,0.008061,0.037061,0.563235
10.703000,3.353000,14.953293,-0.074932,-0.068678,-0.001010,680.923596,641.821109,664.717491,657.094434,-1.449804,-0.001058,-0.083716,-0.001010,1.688098,-0.073874,0.015038,0.000000,14.953293,-0.074932,-0.068678,-0.001010,1.000000,0.086845,0.021720,1.000000,0.007471,0.036947,0.562699
10.726000,3.376000,14.881846,-0.078167,-0.039045,-0.001756,675.054207,645.323078,657.492664,660.620325,-1.519614,-0.004534,-0.052944,-0.001756,1.686459,-0.073633,0.013899,0.000000,14.881846,-0.078167,-0.039045,-0.001756,1.000000,0.088512,0.023375,1.000000,0.006900,0.036826,0.562153
10.744000,3.394000,14.920745,-0.077232,-0.069560,-0.001565,680.794811,640.895621,663.715241,656.246534,-1.479089,-0.003873,-0.082313,-0.001565,1.684834,-0.073359,0.012753,0.000000,14.920745,-0.077232,-0.069560,-0.001565,1.000000,0.088284,0.022556,1.000000,0.006326,0.036688,0.561611
10.764000,3.414000,14.937367,-0.071177,-0.063228,-0.001437,679.441160,642.989512,663.688350,657.109337,-1.460849,0.001873,-0.074830,-0.001437,1.683216,-0.073050,0.011602,0.000000,14.937367,-0.071177,-0.063228,-0.001437,1.000000,0.087985,0.021901,1.000000,0.005749,0.036533,0.561072
10.782000,3.432000,14.962143,-0.055206,-0.082332,-0.001207,681.418934,641.848372,669.204854,652.773052,-1.434476,0.017478,-0.092753,-0.001207,1.681619,-0.072684,0.010421,0.000000,14.962143,-0.055206,-0.082332,-0.001207,1.000000,0.089510,0.021468,1.000000,0.005158,0.036349,0.560540
10.807000,3.457000,14.909967,-0.054728,-0.029106,-0.000627,671.190189,649.759465,659.296338,660.901007,-1.485046,0.017570,-0.038373,-0.000627,1.680013,-0.072298,0.009267,0.000000,14.909967,-0.054728,-0.029106,-0.000627,1.000000,0.089977,0.022232,1.000000,0.004581,0.036156,0.560004
10.822000,3.472000,14.866462,-0.059020,-0.025415,-0.000620,670.066084,648.956372,657.247609,661.021158,-1.526896,0.012916,-0.033591,-0.000620,1.678358,-0.071936,0.008176,0.000000,14.866462,-0.059020,-0.025415,-0.000620,1.000000,0.089347,0.023444,1.000000,0.004035,0.035974,0.559453
10.842000,3.492000,14.945855,-0.033834,-0.059601,-0.000500,674.861012,647.473391,667.495237,654.319884,-1.445898,0.037654,-0.066632,-0.000500,1.676752,-0.071488,0.007031,0.000000,14.945855,-0.033834,-0.059601,-0.000500,1.000000,0.090128,0.021492,1.000000,0.003463,0.035749,0.558917
10.861000,3.511000,14.966012,-0.041742,-0.056235,-0.000375,675.509417,647.613311,666.587615,656.236637,-1.424148,0.029268,-0.062130,-0.000375,1.675161,-0.071011,0.005894,0.000000,14.966012,-0.041742,-0.056235,-0.000375,1.000000,0.088872,0.020754,1.000000,0.002895,0.035510,0.558387
10.881000,3.531000,14.971411,-0.030337,-0.074871,-0.000555,677.612436,645.793623,670.964654,651.867710,-1.417170,0.040142,-0.079616,-0.000555,1.673581,-0.070479,0.004746,0.000000,14.971411,-0.030337,-0.074871,-0.000555,1.000000,0.090549,0.020879,1.000000,0.002322,0.035243,0.557860
10.902000,3.552000,14.901715,-0.065553,-0.045768,-0.000757,674.960275,645.567071,660.765125,658.969901,-1.485248,0.004417,-0.049426,-0.000757,1.671962,-0.069969,0.003658,0.000000,14.901715,-0.065553,-0.045768,-0.000757,1.000000,0.088852,0.022306,1.000000,0.001778,0.034987,0.557321
10.922000,3.572000,14.924491,-0.053585,-0.063522,-0.000837,677.201333,644.310503,665.507610,655.138439,-1.460871,0.015828,-0.066090,-0.000837,1.670362,-0.069413,0.002567,0.000000,14.924491,-0.053585,-0.063522,-0.000837,1.000000,0.090362,0.021803,1.000000,0.001233,0.034709,0.556787
10.944000,3.594000,14.878948,-0.070368,-0.044894,-0.001176,674.961966,644.849449,659.456839,658.960620,-1.504779,-0.001503,-0.046414,-0.001176,1.668727,-0.068865,0.001521,0.000000,14.878948,-0.070368,-0.044894,-0.001176,1.000000,0.090320,0.022859,1.000000,0.000710,0.034434,0.556242
10.962000,3.612000,14.843384,-0.059425,-0.051950,-0.001088,674.208048,643.958613,661.056065,655.837189,-1.538677,0.008874,-0.052447,-0.001088,1.667061,-0.068299,0.000497,0.000000,14.843384,-0.059425,-0.051950,-0.001088,1.000000,0.093203,0.023958,1.000000,0.000199,0.034150,0.555687
10.982000,3.632000,14.999277,-0.020583,-0.094426,-0.001081,680.630923,644.276212,675.663993,647.858502,-1.381220,0.047019,-0.093841,-0.001081,1.665497,-0.067602,-0.000585,0.000000,14.999277,-0.020583,-0.094426,-0.001081,1.000000,0.094180,0.020180,1.000000,-0.000341,0.033801,0.555166
11.002000,3.652000,14.943005,-0.041596,-0.070699,-0.000973,677.607090,644.827456,668.328142,652.988376,-1.435890,0.025340,-0.069088,-0.000973,1.663894,-0.066936,-0.001611,0.000000,14.943005,-0.041596,-0.070699,-0.000973,1.000000,0.093127,0.021159,1.000000,-0.000854,0.033467,0.554631
11.022000,3.672000,14.881728,-0.013287,-0.052885,-0.000963,670.376569,649.580439,666.940973,651.668928,-1.495525,0.052976,-0.050280,-0.000963,1.662253,-0.066264,-0.002605,0.000000,14.881728,-0.013287,-0.052885,-0.000963,1.000000,0.096958,0.022899,1.000000,-0.001350,0.033130,0.554084
11.043000,3.693000,14.985921,-0.021845,-0.095057,-0.001434,680.697781,643.866503,675.228533,647.443688,-1.389765,0.043659,-0.091440,-0.001434,1.660686,-0.065503,-0.003617,0.000000,14.985921,-0.021845,-0.095057,-0.001434,1.000000,0.094762,0.020341,1.000000,-0.001855,0.032749,0.553562
11.060000,3.710000,14.912776,-0.027042,-0.053736,-0.000723,672.538637,648.562480,666.412356,653.779092,-1.461302,0.037694,-0.049141,-0.000723,1.659078,-0.064737,-0.004595,0.000000,14.912776,-0.027042,-0.053736,-0.000723,1.000000,0.095279,0.021738,1.000000,-0.002343,0.032365,0.553026
11.085000,3.735000,14.945497,-0.045530,-0.089723,-0.000263,680.971468,640.847404,671.413917,650.459465,-1.426989,0.018426,-0.084173,-0.000263,1.657486,-0.063956,-0.005550,0.000000,14.945497,-0.045530,-0.089723,-0.000263,1.000000,0.094253,0.021105,1.000000,-0.002820,0.031974,0.552495
11.102000,3.752000,14.998368,-0.017373,-0.098095,-0.000087,680.550180,643.567573,676.926450,647.247467,-1.372567,0.045708,-0.091582,-0.000087,1.655935,-0.063081,-0.006513,0.000000,14.998368,-0.017373,-0.098095,-0.000087,1.000000,0.096297,0.019887,1.000000,-0.003300,0.031536,0.551978
11.123000,3.773000,14.946332,-0.046526,-0.087578,0.000372,680.520184,640.881435,671.189156,651.204853,-1.423027,0.015702,-0.080143,0.000372,1.654359,-0.062228,-0.007436,0.000000,14.946332,-0.046526,-0.087578,0.000372,1.000000,0.095120,0.020917,1.000000,-0.003760,0.031109,0.551453
11.143000,3.793000,14.905470,-0.042621,-0.074963,0.000102,677.241951,642.692829,668.490918,651.942129,-1.462294,0.018756,-0.066637,0.000102,1.652764,-0.061377,-0.008326,0.000000,14.905470,-0.042621,-0.074963,0.000102,1.000000,0.096472,0.021862,1.000000,-0.004203,0.030683,0.550921
11.164000,3.814000,14.918512,-0.034348,-0.064544,-0.000189,675.038643,645.817342,667.783390,653.033782,-1.447683,0.026109,-0.055342,-0.000189,1.651194,-0.060457,-0.009202,0.000000,14.918512,-0.034348,-0.064544,-0.000189,1.000000,0.098826,0.021332,1.000000,-0.004640,0.030223,0.550398
11.181000,3.831000,14.972890,-0.006252,-0.085763,-0.000261,676.876287,646.410301,675.409181,647.549783,-1.391752,0.053246,-0.075699,-0.000261,1.649642,-0.059498,-0.010064,0.000000,14.972890,-0.006252,-0.085763,-0.000261,1.000000,0.099181,0.020226,1.000000,-0.005069,0.029743,0.549881
11.202000,3.852000,14.904755,0.000809,-0.054412,-0.000174,669.397258,651.033666,669.444802,650.724174,-1.458291,0.059350,-0.043519,-0.000174,1.648046,-0.058542,-0.010894,0.000000,14.904755,0.000809,-0.054412,-0.000174,1.000000,0.100814,0.021808,1.000000,-0.005482,0.029264,0.549349
11.226000,3.876000,14.944188,-0.003001,-0.094277,-0.000520,677.425297,644.729747,676.451177,644.965775,-1.417296,0.054545,-0.082573,-0.000520,1.646484,-0.057545,-0.011704,0.000000,14.944188,-0.003001,-0.094277,-0.000520,1.000000,0.100395,0.021067,1.000000,-0.005886,0.028766,0.548828
11.242000,3.892000,15.002936,0.025217,-0.090789,-0.000310,675.137777,649.616202,680.108124,643.942220,-1.357035,0.081650,-0.078287,-0.000310,1.644971,-0.056433,-0.012502,0.000000,15.002936,0.025217,-0.090789,-0.000310,1.000000,0.102861,0.019695,1.000000,-0.006284,0.028209,0.548324
11.265000,3.915000,15.024072,0.020416,-0.104939,-0.000107,678.370599,647.042400,682.476348,642.548647,-1.334409,0.075684,-0.091661,-0.000107,1.643481,-0.055269,-0.013279,0.000000,15.024072,0.020416,-0.104939,-0.000107,1.000000,0.102447,0.019219,1.000000,-0.006670,0.027627,0.547827
11.283000,3.933000,15.029685,-0.002500,-0.066316,-0.000163,674.447573,651.424769,673.819028,651.831264,-1.327407,0.051387,-0.052309,-0.000163,1.642092,-0.053887,-0.014007,0.000000,15.029685,-0.002500,-0.066316,-0.000163,1.000000,0.108607,0.018158,1.000000,-0.007032,0.026936,0.547364
11.303000,3.953000,14.950670,-0.029126,-0.097571,-0.000286,680.709174,641.379209,674.527440,647.446784,-1.404922,0.023577,-0.082849,-0.000286,1.640592,-0.052703,-0.014722,0.000000,14.950670,-0.029126,-0.097571,-0.000286,1.000000,0.100743,0.020480,1.000000,-0.007389,0.026344,0.546864
11.321000,3.971000,14.944521,-0.016516,-0.090393,-0.000315,678.106250,643.873550,674.488761,647.187120,-1.409579,0.034944,-0.074985,-0.000315,1.639100,-0.051460,-0.015408,0.000000,14.944521,-0.016516,-0.090393,-0.000315,1.000000,0.103428,0.020554,1.000000,-0.007730,0.025722,0.546367
11.347000,3.997000,14.958688,-0.018563,-0.092863,-0.000189,678.987597,643.492055,675.039947,647.348145,-1.393936,0.031607,-0.076800,-0.000189,1.637623,-0.050170,-0.016064,0.000000,14.958688,-0.018563,-0.092863,-0.000189,1.000000,0.104685,0.020120,1.000000,-0.008057,0.025077,0.545874
11.365000,4.015000,14.879594,-0.034941,-0.082681,0.000113,677.171521,641.579923,670.025717,649.208695,-1.471507,0.013992,-0.065993,0.000113,1.636101,-0.048933,-0.016688,0.000000,14.879594,-0.034941,-0.082681,0.000113,1.000000,0.104914,0.022108,1.000000,-0.008367,0.024459,0.545367
11.384000,4.034000,14.819718,-0.020502,-0.085775,0.000234,674.862273,641.191449,670.780506,645.814348,-1.529807,0.027218,-0.068489,0.000234,1.634525,-0.047720,-0.017285,0.000000,14.819718,-0.020502,-0.085775,0.000234,1.000000,0.107825,0.023946,1.000000,-0.008664,0.023852,0.544842
11.402000,4.052000,14.890541,0.009970,-0.083480,0.000180,672.886157,646.517609,675.070283,644.509350,-1.457443,0.056436,-0.065627,0.000180,1.632983,-0.046467,-0.017853,0.000000,14.890541,0.009970,-0.083480,0.000180,1.000000,0.109860,0.021991,1.000000,-0.008947,0.023225,0.544328
11.421000,4.071000,14.967153,0.043611,-0.080392,0.000279,670.515523,652.345621,679.703101,643.189544,-1.379329,0.088724,-0.062014,0.000279,1.631482,-0.045113,-0.018378,0.000000,14.967153,0.043611,-0.080392,0.000279,1.000000,0.112382,0.020197,1.000000,-0.009208,0.022549,0.543827
11.441000,4.091000,14.977340,0.052623,-0.082758,0.000234,670.214174,653.145111,681.219828,642.012923,-1.367651,0.096367,-0.063885,0.000234,1.629991,-0.043744,-0.018873,0.000000,14.977340,0.052623,-0.082758,0.000234,1.000000,0.113071,0.020041,1.000000,-0.009454,0.021864,0.543330
11.465000,4.115000,14.956041,0.048011,-0.084061,0.000353,670.406063,651.904485,680.546639,641.847063,-1.387454,0.090375,-0.064726,0.000353,1.628495,-0.042364,-0.019335,0.000000,14.956041,0.048011,-0.084061,0.000353,1.000000,0.112562,0.020486,1.000000,-0.009684,0.021175,0.542832
11.483000,4.133000,14.969730,0.054515,-0.081346,0.000311,669.587485,653.389494,681.043007,641.912444,-1.372288,0.095434,-0.061593,0.000311,1.627017,-0.040918,-0.019752,0.000000,14.969730,0.054515,-0.081346,0.000311,1.000000,0.113398,0.020122,1.000000,-0.009891,0.020452,0.542339
11.503000,4.153000,14.957930,0.017556,-0.089066,0.000151,674.507594,647.897233,678.225619,644.231939,-1.382610,0.057031,-0.068926,0.000151,1.625540,-0.039475,-0.020140,0.000000,14.957930,0.017556,-0.089066,0.000151,1.000000,0.109922,0.019916,1.000000,-0.010084,0.019730,0.541847
11.521000,4.171000,14.873265,-0.027894,-0.065075,0.000104,673.378472,645.280077,667.657020,651.353384,-1.465750,0.010154,-0.044576,0.000104,1.624015,-0.038048,-0.020499,0.000000,14.873265,-0.027894,-0.065075,0.000104,1.000000,0.108721,0.021693,1.000000,-0.010262,0.019017,0.541338
11.540000,4.190000,14.904963,0.011267,-0.101033,0.000142,676.005443,643.939814,678.419465,641.611484,-1.432547,0.047845,-0.080218,0.000142,1.622510,-0.036578,-0.020815,0.000000,14.904963,0.011267,-0.101033,0.000142,1.000000,0.112967,0.021394,1.000000,-0.010419,0.018282,0.540837
11.562000,4.212000,15.000109,0.033887,-0.083760,-0.000185,672.965038,651.646755,679.814970,644.217608,-1.335952,0.068916,-0.062687,-0.000185,1.621061,-0.035029,-0.021073,0.000000,15.000109,0.033887,-0.083760,-0.000185,1.000000,0.114740,0.018716,1.000000,-0.010547,0.017508,0.540354
11.583000,4.233000,14.978762,0.040865,-0.100753,-0.000820,674.835837,649.224757,682.659139,639.744706,-1.355842,0.074363,-0.079445,-0.000820,1.619604,-0.033498,-0.021308,0.000000,14.978762,0.040865,-0.100753,-0.000820,1.000000,0.116055,0.019567,1.000000,-0.010664,0.016743,0.539868
11.605000,4.255000,14.961501,0.043709,-0.090303,-0.000695,672.378937,650.900002,680.898048,640.926988,-1.371666,0.075627,-0.068819,-0.000695,1.618167,-0.031918,-0.021483,0.000000,14.961501,0.043709,-0.090303,-0.000695,1.000000,0.119613,0.019860,1.000000,-0.010751,0.015953,0.539389
11.621000,4.271000,14.943293,0.044353,-0.070098,-0.000682,668.520830,654.038752,677.229750,643.985200,-1.388476,0.074579,-0.048525,-0.000682,1.616769,-0.030226,-0.021573,0.000000,14.943293,0.044353,-0.070098,-0.000682,1.000000,0.126733,0.020070,1.000000,-0.010795,0.015107,0.538923
11.648000,4.298000,14.926901,0.060664,-0.093526,-0.000273,670.260880,651.213932,682.563118,637.890817,-1.403338,0.089426,-0.071771,-0.000273,1.615239,-0.028762,-0.021755,0.000000,14.926901,0.060664,-0.093526,-0.000273,1.000000,0.114369,0.021008,1.000000,-0.010885,0.014376,0.538413
11.663000,4.313000,14.987180,0.078965,-0.073638,-0.000376,666.361414,657.964666,682.409131,640.734282,-1.341640,0.106078,-0.051840,-0.000376,1.613820,-0.027113,-0.021798,0.000000,14.987180,0.078965,-0.073638,-0.000376,1.000000,0.123933,0.019394,1.000000,-0.010906,0.013551,0.537940
11.681000,4.331000,14.965704,0.062684,-0.097443,-0.000169,671.517731,651.583840,684.279071,637.910710,-1.361681,0.088178,-0.075613,-0.000169,1.612385,-0.025494,-0.021830,0.000000,14.965704,0.062684,-0.097443,-0.000169,1.000000,0.121372,0.019891,1.000000,-0.010921,0.012742,0.537462
11.704000,4.354000,14.891478,0.030445,-0.113362,0.000152,675.786112,643.549483,682.134803,637.049423,-1.434426,0.054378,-0.091494,0.000152,1.610904,-0.023933,-0.021868,0.000000,14.891478,0.030445,-0.113362,0.000152,1.000000,0.118921,0.021709,1.000000,-0.010939,0.011961,0.536968
11.721000,4.371000,14.939925,0.051984,-0.088785,0.000447,670.401987,651.115082,681.419018,640.256483,-1.384530,0.074301,-0.066946,0.000447,1.609455,-0.022318,-0.021839,0.000000,14.939925,0.051984,-0.088785,0.000447,1.000000,0.121707,0.020170,1.000000,-0.010924,0.011154,0.536485
11.742000,4.392000,14.979573,0.065969,-0.072861,0.000674,667.055423,656.143215,681.147783,642.525230,-1.343460,0.086610,-0.051129,0.000674,1.608033,-0.020641,-0.021732,0.000000,14.979573,0.065969,-0.072861,0.000674,1.000000,0.124573,0.019060,1.000000,-0.010870,0.010316,0.536011
11.761000,4.411000,14.929009,0.028424,-0.056894,0.000693,667.167184,653.757341,673.551895,648.220687,-1.392576,0.047404,-0.035290,0.000693,1.606585,-0.018980,-0.021604,0.000000,14.929009,0.028424,-0.056894,0.000693,1.000000,0.122691,0.019742,1.000000,-0.010806,0.009486,0.535528
11.782000,4.432000,14.922559,0.050071,-0.053171,0.000827,664.084994,656.501214,675.072426,646.446417,-1.397584,0.067373,-0.031742,0.000827,1.605143,-0.017302,-0.021428,0.000000,14.922559,0.050071,-0.053171,0.000827,1.000000,0.125822,0.020087,1.000000,-0.010718,0.008647,0.535048
11.801000,4.451000,15.001317,0.114786,-0.057115,0.000303,659.871626,664.597287,683.872944,640.335141,-1.317435,0.130355,-0.035943,0.000303,1.603751,-0.015569,-0.021172,0.000000,15.001317,0.114786,-0.057115,0.000303,1.000000,0.131986,0.019185,1.000000,-0.010589,0.007780,0.534584
11.824000,4.474000,14.930718,0.083087,-0.104909,-0.000085,669.859873,651.657217,686.858442,633.584211,-1.386599,0.096989,-0.083963,-0.000085,1.602316,-0.013902,-0.020946,0.000000,14.930718,0.083087,-0.104909,-0.000085,1.000000,0.127370,0.020872,1.000000,-0.010476,0.006947,0.534105
11.843000,4.493000,14.893609,0.076307,-0.115991,-0.000208,671.655385,648.226302,687.154399,631.452660,-1.422251,0.088567,-0.095277,-0.000208,1.600860,-0.012260,-0.020713,0.000000,14.893609,0.076307,-0.115991,-0.000208,1.000000,0.127216,0.021920,1.000000,-0.010359,0.006126,0.533620
11.862000,4.512000,14.899577,0.072008,-0.106846,-0.000152,670.679727,649.463053,685.365330,633.711998,-1.414825,0.082625,-0.086398,-0.000152,1.599402,-0.010617,-0.020448,0.000000,14.899577,0.072008,-0.106846,-0.000152,1.000000,0.127439,0.021446,1.000000,-0.010226,0.005305,0.533134
11.882000,4.532000,14.878617,0.072646,-0.089947,-0.000087,667.291360,651.955706,682.224476,636.179141,-1.434304,0.081619,-0.069798,-0.000087,1.597921,-0.008973,-0.020150,0.000000,14.878617,0.072646,-0.089947,-0.000087,1.000000,0.129128,0.021726,1.000000,-0.010077,0.004483,0.532640
11.905000,4.555000,14.904360,0.072723,-0.046902,-0.000216,660.602867,659.968905,675.611379,644.269928,-1.407018,0.080130,-0.026973,-0.000216,1.596378,-0.007406,-0.019930,0.000000,14.904360,0.072723,-0.046902,-0.000216,1.000000,0.124150,0.020512,1.000000,-0.009966,0.003699,0.532126
11.921000,4.571000,15.017130,0.112896,-0.025180,-0.000384,655.203025,670.390758,678.512052,646.210360,-1.292852,0.118579,-0.005704,-0.000384,1.594982,-0.005683,-0.019476,0.000000,15.017130,0.112896,-0.025180,-0.000384,1.000000,0.134026,0.018124,1.000000,-0.009739,0.002837,0.531661
11.942000,4.592000,15.043877,0.118532,0.009763,-0.000570,649.241134,677.456131,673.793993,652.189288,-1.264736,0.122448,0.028689,-0.000570,1.593613,-0.003916,-0.018926,0.000000,15.043877,0.118532,0.009763,-0.000570,1.000000,0.137051,0.017577,1.000000,-0.009464,0.001954,0.531204
11.961000,4.611000,15.020349,0.104700,-0.023535,0.000238,655.643037,669.648595,677.679684,647.696690,-1.286901,0.106856,-0.005181,0.000238,1.592250,-0.002156,-0.018353,0.000000,15.020349,0.104700,-0.023535,0.000238,1.000000,0.134452,0.017706,1.000000,-0.009177,0.001074,0.530750
11.983000,4.633000,14.991137,0.094773,-0.039737,0.000447,658.744079,665.162470,678.789176,645.368886,-1.314763,0.095155,-0.022022,0.000447,1.590900,-0.000381,-0.017714,0.000000,14.991137,0.094773,-0.039737,0.000447,1.000000,0.135709,0.018240,1.000000,-0.008857,0.000186,0.530300
12.002000,4.652000,14.894261,0.030551,-0.079906,0.000540,670.109928,649.292089,676.799674,643.135143,-1.410221,0.029206,-0.062785,0.000540,1.589482,0.001345,-0.017121,0.000000,14.894261,0.030551,-0.079906,0.000540,1.000000,0.130972,0.020367,1.000000,-0.008560,-0.000677,0.529827
12.025000,4.675000,14.927214,0.095993,-0.106993,0.000929,668.438845,652.200278,688.773630,632.121979,-1.375874,0.092917,-0.090506,0.000929,1.588089,0.003076,-0.016487,0.000000,14.927214,0.095993,-0.106993,0.000929,1.000000,0.133666,0.020613,1.000000,-0.008243,-0.001542,0.529363
12.045000,4.695000,14.885751,0.076545,-0.117839,0.001261,671.261480,647.174669,687.809588,631.508990,-1.415909,0.071751,-0.101999,0.001261,1.586659,0.004793,-0.015840,0.000000,14.885751,0.076545,-0.117839,0.001261,1.000000,0.133772,0.021603,1.000000,-0.007919,-0.002401,0.528886
12.062000,4.712000,14.999425,0.131700,-0.049850,0.000745,656.643050,667.381715,684.509406,639.905113,-1.300882,0.125138,-0.034791,0.000745,1.585307,0.006562,-0.015059,0.000000,14.999425,0.131700,-0.049850,0.000745,1.000000,0.141826,0.018610,1.000000,-0.007528,-0.003285,0.528436
12.083000,4.733000,14.923562,0.048355,-0.072060,0.000007,667.762777,653.416981,677.776943,643.034449,-1.375352,0.040060,-0.057745,0.000007,1.583914,0.008294,-0.014314,0.000000,14.923562,0.048355,-0.072060,0.000007,1.000000,0.136874,0.019410,1.000000,-0.007155,-0.004151,0.527971
12.104000,4.754000,14.946218,0.093945,-0.046650,0.000074,659.146155,663.059161,678.754604,643.084060,-1.351404,0.083833,-0.033341,0.000074,1.582622,0.010112,-0.013309,0.000000,14.946218,0.093945,-0.046650,0.000074,1.000000,0.151700,0.019077,1.000000,-0.006652,-0.005060,0.527541
12.121000,4.771000,14.965138,0.168990,0.000049,0.000337,643.388464,678.986049,679.212102,643.660940,-1.331123,0.157124,0.012479,0.000337,1.581261,0.011866,-0.012431,0.000000,14.965138,0.168990,0.000049,0.000337,1.000000,0.149840,0.020203,1.000000,-0.006212,-0.005937,0.527087
12.141000,4.791000,14.973774,0.161677,0.006080,0.000437,643.285764,679.383598,677.681945,645.738332,-1.321136,0.148052,0.017572,0.000437,1.579910,0.013626,-0.011492,0.000000,14.973774,0.161677,0.006080,0.000437,1.000000,0.150023,0.019677,1.000000,-0.005741,-0.006817,0.526637
12.164000,4.814000,14.996129,0.169040,0.041664,0.001045,636.520194,686.247676,673.207932,651.860277,-1.297459,0.153631,0.052089,0.001045,1.578588,0.015409,-0.010425,0.000000,14.996129,0.169040,0.041664,0.001045,1.000000,0.155493,0.019466,1.000000,-0.005207,-0.007708,0.526196
12.182000,4.832000,15.005659,0.147699,0.032417,0.001512,640.524554,682.586085,672.913741,652.940287,-1.286619,0.130506,0.041717,0.001512,1.577278,0.017193,-0.009299,0.000000,15.005659,0.147699,0.032417,0.001512,1.000000,0.154620,0.018431,1.000000,-0.004643,-0.008600,0.525759
12.206000,4.856000,14.959482,0.103311,-0.038007,0.001299,656.539495,665.325620,678.987885,644.368553,-1.331466,0.084355,-0.029813,0.001299,1.575948,0.018956,-0.008193,0.000000,14.959482,0.103311,-0.038007,0.001299,1.000000,0.149466,0.018529,1.000000,-0.004089,-0.009482,0.525316
12.224000,4.874000,14.957943,0.084932,-0.036570,0.000640,658.438679,663.862751,676.602347,646.306121,-1.331683,0.064209,-0.029568,0.000640,1.574626,0.020723,-0.007002,0.000000,14.957943,0.084932,-0.036570,0.000640,1.000000,0.152234,0.018234,1.000000,-0.003492,-0.010364,0.524875
12.247000,4.897000,14.947705,0.058036,-0.089221,0.000605,669.961206,651.799117,682.329753,639.762426,-1.340615,0.035550,-0.083477,0.000605,1.573319,0.022485,-0.005743,0.000000,14.947705,0.058036,-0.089221,0.000605,1.000000,0.152125,0.018796,1.000000,-0.002862,-0.011245,0.524440
12.263000,4.913000,14.930516,0.028568,-0.115788,0.000747,677.022588,643.573380,683.381284,637.960054,-1.356552,0.004307,-0.111495,0.000747,1.572069,0.024261,-0.004293,0.000000,14.930516,0.028568,-0.115788,0.000747,1.000000,0.159662,0.019647,1.000000,-0.002137,-0.012132,0.524023
12.285000,4.935000,14.844758,0.114531,-0.133444,0.001344,669.010619,647.590562,693.341263,623.575666,-1.440908,0.088558,-0.130279,0.001344,1.570666,0.025974,-0.003165,0.000000,14.844758,0.114531,-0.133444,0.001344,1.000000,0.148003,0.023244,1.000000,-0.001572,-0.012988,0.523555
12.304000,4.954000,14.821848,0.106825,-0.116830,0.001428,666.484734,649.095098,689.406183,626.921233,-1.462385,0.079150,-0.114816,0.001428,1.569233,0.027675,-0.002015,0.000000,14.821848,0.106825,-0.116830,0.001428,1.000000,0.150561,0.023331,1.000000,-0.000996,-0.013838,0.523078
12.322000,4.972000,14.992386,0.170308,0.040771,0.000943,636.490231,686.187940,673.371995,651.446936,-1.290523,0.140916,0.041372,0.000943,1.567909,0.029392,-0.000600,0.000000,14.992386,0.170308,0.040771,0.000943,1.000000,0.166433,0.018811,1.000000,-0.000287,-0.014696,0.522636
12.345000,4.995000,14.921775,0.096895,-0.001902,-0.000353,650.753332,670.543052,670.924085,649.830531,-1.359763,0.065804,-0.002671,-0.000353,1.566538,0.031091,0.000770,0.000000,14.921775,0.096895,-0.001902,-0.000353,1.000000,0.160386,0.018923,1.000000,0.000400,-0.015545,0.522179
12.364000,5.014000,14.901344,0.148802,0.064158,-0.000952,633.301614,686.604227,664.553659,654.987732,-1.378812,0.116027,0.062003,-0.000952,1.565156,0.032775,0.002155,0.000000,14.901344,0.148802,0.064158,-0.000952,1.000000,0.167992,0.020742,1.000000,0.001096,-0.016386,0.521719
12.389000,5.039000,14.838471,0.156657,0.008832,-0.000794,640.711265,676.870469,673.354488,643.203856,-1.440187,0.122213,0.005537,-0.000794,1.563658,0.034443,0.003295,0.000000,14.838471,0.156657,0.008832,-0.000794,1.000000,0.157415,0.022238,1.000000,0.001670,-0.017219,0.521219
12.402000,5.052000,14.969864,0.196868,0.120419,-0.001119,619.517932,702.043274,661.509702,660.976448,-1.307453,0.160773,0.115565,-0.001119,1.562317,0.036095,0.004854,0.000000,14.969864,0.196868,0.120419,-0.001119,1.000000,0.176652,0.021015,1.000000,0.002453,-0.018044,0.520772
12.425000,5.075000,14.969297,0.178619,0.048845,-0.001053,634.348270,688.601242,671.691164,650.651513,-1.306660,0.140883,0.042469,-0.001053,1.560957,0.037735,0.006376,0.000000,14.969297,0.178619,0.048845,-0.001053,1.000000,0.167491,0.019239,1.000000,0.003217,-0.018863,0.520319
12.444000,5.094000,14.941422,0.165953,0.035866,-0.001045,637.387079,684.593951,671.947389,649.138352,-1.333161,0.126593,0.027956,-0.001045,1.559584,0.039359,0.007911,0.000000,14.941422,0.165953,0.035866,-0.001045,1.000000,0.167327,0.019454,1.000000,0.003987,-0.019673,0.519861
12.465000,5.115000,14.906816,0.132895,-0.008979,-0.000593,647.867624,672.855161,675.422652,644.293847,-1.366304,0.091910,-0.018259,-0.000593,1.558120,0.040984,0.009280,0.000000,14.906816,0.132895,-0.008979,-0.000593,1.000000,0.158628,0.019546,1.000000,0.004675,-0.020484,0.519373
12.483000,5.133000,14.937776,0.094206,-0.026042,-0.000402,655.572738,666.570005,675.011519,646.271428,-1.333973,0.051639,-0.036962,-0.000402,1.556749,0.042567,0.010920,0.000000,14.937776,0.094206,-0.026042,-0.000402,1.000000,0.166789,0.018198,1.000000,0.005496,-0.021274,0.518916
12.505000,5.155000,14.871829,0.081138,-0.091587,0.000551,666.310203,652.177785,683.432030,635.058804,-1.398496,0.036996,-0.104069,0.000551,1.555326,0.044143,0.012482,0.000000,14.871829,0.081138,-0.091587,0.000551,1.000000,0.163262,0.020778,1.000000,0.006279,-0.022060,0.518442
12.525000,5.175000,14.938760,0.077950,0.002482,0.000862,651.970065,669.217465,669.010717,653.468638,-1.330182,0.032271,-0.011727,0.000862,1.553942,0.045678,0.014208,0.000000,14.938760,0.077950,0.002482,0.000862,1.000000,0.168413,0.017812,1.000000,0.007144,-0.022827,0.517981
12.541000,5.191000,14.909700,0.056491,0.002311,0.001141,653.538163,666.207890,666.262031,655.182419,-1.357832,0.009293,-0.013619,0.001141,1.552532,0.047198,0.015930,0.000000,14.909700,0.056491,0.002311,0.001141,1.000000,0.169201,0.018464,1.000000,0.008007,-0.023585,0.517511
12.563000,5.213000,14.935928,0.145735,0.034242,0.001151,638.954573,681.326498,670.762233,651.760406,-1.330204,0.097037,0.016567,0.001151,1.551132,0.048698,0.017675,0.000000,14.935928,0.145735,0.034242,0.001151,1.000000,0.168301,0.018664,1.000000,0.008882,-0.024333,0.517044
12.584000,5.234000,14.949695,0.156400,0.085284,-0.000097,629.505677,691.529697,663.135041,659.207078,-1.315044,0.106240,0.065780,-0.000097,1.549739,0.050160,0.019505,0.000000,14.949695,0.156400,0.085284,-0.000097,1.000000,0.173772,0.018855,1.000000,0.009801,-0.025061,0.516580
12.607000,5.257000,14.876252,0.214961,0.022423,-0.000185,632.579418,685.656252,678.126640,640.362846,-1.387043,0.163332,0.001195,-0.000185,1.548295,0.051629,0.021227,0.000000,14.876252,0.214961,0.022423,-0.000185,1.000000,0.172628,0.021907,1.000000,0.010666,-0.025793,0.516098
12.620000,5.270000,14.923317,0.190514,0.101041,-0.000372,622.365261,697.049402,663.366457,657.598417,-1.338561,0.137472,0.077959,-0.000372,1.546878,0.053042,0.023082,0.000000,14.923317,0.190514,0.101041,-0.000372,1.000000,0.179308,0.020415,1.000000,0.011597,-0.026496,0.515626
12.641000,5.291000,14.957246,0.186387,0.095743,-0.001028,624.821274,696.733943,664.349387,657.629172,-1.303234,0.131977,0.070725,-0.001028,1.545479,0.054410,0.025018,0.000000,14.957246,0.186387,0.095743,-0.001028,1.000000,0.180180,0.019226,1.000000,0.012569,-0.027177,0.515160
12.662000,5.312000,14.888428,0.162509,0.037926,-0.001961,636.517154,683.791445,669.772542,648.309974,-1.370603,0.106735,0.011033,-0.001961,1.544032,0.055774,0.026893,0.000000,14.888428,0.162509,0.037926,-0.001961,1.000000,0.177750,0.019937,1.000000,0.013511,-0.027856,0.514677
12.685000,5.335000,14.939727,0.119111,0.070525,-0.002450,636.860360,686.010363,660.675245,659.494985,-1.317890,0.062031,0.041652,-0.002450,1.542617,0.057080,0.028873,0.000000,14.939727,0.119111,0.070525,-0.002450,1.000000,0.181741,0.017927,1.000000,0.014505,-0.028505,0.514206
12.702000,5.352000,14.879590,0.044350,-0.014667,-0.001925,658.152613,662.576476,666.130738,651.681997,-1.376564,-0.014033,-0.045460,-0.001925,1.541155,0.058383,0.030793,0.000000,14.879590,0.044350,-0.014667,-0.001925,1.000000,0.182330,0.019176,1.000000,0.015468,-0.029153,0.513718
12.724000,5.374000,14.852513,0.127646,-0.031334,-0.001521,651.410023,667.727585,677.107698,639.339167,-1.402153,0.067956,-0.063978,-0.001521,1.539666,0.059690,0.032645,0.000000,14.852513,0.127646,-0.031334,-0.001521,1.000000,0.174348,0.020532,1.000000,0.016397,-0.029804,0.513222
12.742000,5.392000,14.825420,0.084265,-0.037269,-0.000352,656.030663,661.130899,673.438476,642.857345,-1.427741,0.023318,-0.071810,-0.000352,1.538161,0.060947,0.034541,0.000000,14.825420,0.084265,-0.037269,-0.000352,1.000000,0.180343,0.020955,1.000000,0.017349,-0.030429,0.512720
12.762000,5.412000,14.928911,0.160220,0.077774,-0.000113,629.948226,690.258233,664.344865,657.051138,-1.322780,0.098061,0.041273,-0.000113,1.536691,0.062159,0.036501,0.000000,14.928911,0.160220,0.077774,-0.000113,1.000000,0.179310,0.018629,1.000000,0.018332,-0.031032,0.512230
12.783000,5.433000,14.994338,0.105758,0.066291,-0.000113,639.465168,684.253084,662.016746,662.292168,-1.256064,0.042665,0.027313,-0.000113,1.535402,0.063092,0.038978,0.000000,14.994338,0.105758,0.066291,-0.000113,1.000000,0.204835,0.016034,1.000000,0.019572,-0.031495,0.511801
12.805000,5.455000,14.813859,0.229004,0.069167,0.000140,621.055601,693.257061,670.538535,645.728684,-1.434988,0.164671,0.028395,0.000140,1.533847,0.064334,0.040772,0.000000,14.813859,0.229004,0.069167,0.000140,1.000000,0.184677,0.023384,1.000000,0.020477,-0.032109,0.511282
12.826000,5.476000,14.843116,0.173459,0.049734,-0.000478,631.632275,685.324533,668.451148,648.744405,-1.404250,0.108026,0.006959,-0.000478,1.532365,0.065433,0.042776,0.000000,14.843116,0.173459,0.049734,-0.000478,1.000000,0.195826,0.020891,1.000000,0.021483,-0.032654,0.510788
12.842000,5.492000,14.803001,0.190538,0.025443,-0.001520,633.526418,682.599466,673.062784,641.343537,-1.442829,0.123973,-0.019222,-0.001520,1.530830,0.066564,0.044665,0.000000,14.803001,0.190538,0.025443,-0.001520,1.000000,0.198850,0.022392,1.000000,0.022434,-0.033213,0.510277
12.866000,5.516000,14.817889,0.147041,0.060120,-0.002351,632.798044,684.503817,662.725124,652.066593,-1.426391,0.079361,0.013589,-0.002351,1.529280,0.067679,0.046531,0.000000,14.817889,0.147041,0.060120,-0.002351,1.000000,0.205056,0.020995,1.000000,0.023375,-0.033764,0.509760
12.882000,5.532000,14.850569,0.129210,0.099476,-0.003297,628.854457,690.184657,654.510878,661.059699,-1.392156,0.060447,0.051075,-0.003297,1.527726,0.068764,0.048401,0.000000,14.850569,0.129210,0.099476,-0.003297,1.000000,0.206449,0.020008,1.000000,0.024317,-0.034299,0.509242
12.902000,5.552000,14.880499,0.080635,0.151320,-0.004709,626.171167,694.873332,640.450857,674.968001,-1.360672,0.010821,0.101042,-0.004709,1.526172,0.069814,0.050278,0.000000,14.880499,0.080635,0.151320,-0.004709,1.000000,0.211361,0.019549,1.000000,0.025265,-0.034816,0.508724
12.922000,5.572000,14.869874,0.023904,0.130770,-0.004870,635.907132,685.636419,637.584590,677.101252,-1.369723,-0.046929,0.078625,-0.004870,1.524597,0.070832,0.052145,0.000000,14.869874,0.023904,0.130770,-0.004870,1.000000,0.210172,0.019602,1.000000,0.026206,-0.035317,0.508199
12.943000,5.593000,14.953071,0.029334,0.203894,-0.005613,624.459579,700.082690,626.824369,690.082180,-1.285014,-0.042367,0.149720,-0.005613,1.523085,0.071701,0.054174,0.000000,14.953071,0.029334,0.203894,-0.005613,1.000000,0.201390,0.018937,1.000000,0.027228,-0.035743,0.507695
12.966000,5.616000,14.973874,0.142449,0.238789,-0.005972,605.906458,717.293552,633.445242,684.642734,-1.262692,0.069864,0.182640,-0.005972,1.521566,0.072586,0.056148,0.000000,14.973874,0.142449,0.238789,-0.005972,1.000000,0.189425,0.019771,1.000000,0.028223,-0.036177,0.507189
12.983000,5.633000,14.918730,0.138123,0.185872,-0.005412,614.618759,707.180737,641.250212,675.357646,-1.316286,0.064667,0.127787,-0.005412,1.520017,0.073456,0.058085,0.000000,14.918730,0.138123,0.185872,-0.005412,1.000000,0.184812,0.019380,1.000000,0.029197,-0.036605,0.506672
13.002000,5.652000,15.009281,0.163680,0.211067,-0.002141,607.996138,714.359479,642.852662,680.099107,-1.224257,0.089494,0.150907,-0.002141,1.518538,0.074185,0.060160,0.000000,15.009281,0.163680,0.211067,-0.002141,1.000000,0.180925,0.018067,1.000000,0.030238,-0.036964,0.506179
13.027000,5.677000,14.928931,0.114911,0.082527,0.000572,633.843651,686.197353,659.009606,662.906945,-1.303035,0.039884,0.020468,0.000572,1.516966,0.075027,0.062059,0.000000,14.928931,0.114911,0.082527,0.000572,1.000000,0.173195,0.017180,1.000000,0.031186,-0.037384,0.505655
13.042000,5.692000,15.012669,0.150940,0.171208,0.000820,615.730906,705.801484,649.558169,675.983170,-1.217847,0.075361,0.106976,0.000820,1.515516,0.075580,0.064232,0.000000,15.012669,0.150940,0.171208,0.000820,1.000000,0.183209,0.016544,1.000000,0.032271,-0.037657,0.505172
13.065000,5.715000,14.955763,0.136533,0.037839,0.002767,639.191107,680.799971,670.195209,654.436530,-1.273264,0.060357,-0.028479,0.002767,1.514028,0.076176,0.066318,0.000000,14.955763,0.136533,0.037839,0.002767,1.000000,0.178908,0.016658,1.000000,0.033311,-0.037956,0.504676
13.086000,5.736000,14.957636,0.120337,0.059172,0.003170,637.094707,682.554843,665.093069,660.001597,-1.269923,0.043652,-0.009276,0.003170,1.512558,0.076685,0.068448,0.000000,14.957636,0.120337,0.059172,0.003170,1.000000,0.181551,0.016327,1.000000,0.034370,-0.038211,0.504186
13.103000,5.753000,14.881897,0.116006,0.020540,0.002776,642.768291,674.220510,669.356992,651.995977,-1.344135,0.038776,-0.049957,0.002776,1.511033,0.077230,0.070496,0.000000,14.881897,0.116006,0.020540,0.002776,1.000000,0.180717,0.018468,1.000000,0.035389,-0.038486,0.503678
13.125000,5.775000,14.913767,0.032307,0.044548,0.002118,648.570632,670.512360,656.968913,665.395478,-1.310760,-0.045373,-0.028045,0.002118,1.509527,0.077681,0.072594,0.000000,14.913767,0.032307,0.044548,0.002118,1.000000,0.189233,0.017466,1.000000,0.036434,-0.038712,0.503176
13.144000,5.794000,14.922229,0.108323,0.106783,0.001425,629.782885,689.038430,654.308779,667.876819,-1.300799,0.030226,0.032100,0.001425,1.508029,0.078097,0.074683,0.000000,14.922229,0.108323,0.106783,0.001425,1.000000,0.181893,0.017115,1.000000,0.037476,-0.038919,0.502676
13.167000,5.817000,14.962184,0.055995,0.236827,0.000535,613.384759,705.949477,626.365120,695.208580,-1.259299,-0.022581,0.160137,0.000535,1.506484,0.078577,0.076690,0.000000,14.962184,0.055995,0.236827,0.000535,1.000000,0.181362,0.018474,1.000000,0.038478,-0.039159,0.502161
13.182000,5.832000,14.997680,0.054387,0.197344,0.000382,621.655778,700.267356,634.002169,689.649847,-1.222356,-0.024363,0.118447,0.000382,1.505035,0.078751,0.078896,0.000000,14.997680,0.054387,0.197344,0.000382,1.000000,0.188016,0.016404,1.000000,0.039581,-0.039242,0.501678
13.203000,5.853000,14.897914,0.093775,0.099492,-0.000423,632.802896,686.542570,652.813087,666.926115,-1.320616,0.014754,0.018505,-0.000423,1.503530,0.079021,0.080988,0.000000,14.897914,0.093775,0.099492,-0.000423,1.000000,0.180620,0.017496,1.000000,0.040626,-0.039374,0.501177
13.222000,5.872000,14.842670,0.113770,0.087513,-0.001590,631.882889,685.864831,655.352656,661.135044,-1.374329,0.034532,0.004445,-0.001590,1.502000,0.079238,0.083068,0.000000,14.842670,0.113770,0.087513,-0.001590,1.000000,0.182456,0.019009,1.000000,0.041666,-0.039480,0.500667
13.245000,5.895000,14.964019,0.094914,0.216389,-0.003473,614.274121,708.016048,632.885661,686.516372,-1.251512,0.015647,0.131143,-0.003473,1.500532,0.079267,0.085246,0.000000,14.964019,0.094914,0.216389,-0.003473,1.000000,0.188236,0.017408,1.000000,0.042755,-0.039491,0.500177
13.262000,5.912000,14.898655,0.152418,0.145940,-0.003803,619.205059,701.216021,649.873202,667.359153,-1.315356,0.073033,0.058614,-0.003803,1.499012,0.079385,0.087326,0.000000,14.898655,0.152418,0.145940,-0.003803,1.000000,0.181365,0.018180,1.000000,0.043796,-0.039546,0.499671
13.282000,5.932000,14.858218,0.142925,0.140457,-0.003707,620.276600,698.510419,648.928893,666.575828,-1.354244,0.063406,0.051102,-0.003707,1.497461,0.079518,0.089356,0.000000,14.858218,0.142925,0.140457,-0.003707,1.000000,0.184842,0.019004,1.000000,0.044811,-0.039609,0.499154
13.302000,5.952000,14.865499,0.056795,0.057562,-0.002695,644.304534,675.995786,654.557187,662.117708,-1.345480,-0.022540,-0.033964,-0.002695,1.495978,0.079335,0.091526,0.000000,14.865499,0.056795,0.057562,-0.002695,1.000000,0.203743,0.018270,1.000000,0.045896,-0.039514,0.498659
13.323000,5.973000,14.874339,0.046939,0.130670,-0.002357,632.579269,687.117004,641.125472,675.758515,-1.335074,-0.032394,0.037112,-0.002357,1.494413,0.079333,0.093558,0.000000,14.874339,0.046939,0.130670,-0.002357,1.000000,0.195901,0.018067,1.000000,0.046911,-0.039511,0.498138
13.347000,5.997000,14.922460,0.074391,0.199861,-0.000681,617.574245,701.476876,633.628207,686.042612,-1.285424,-0.004809,0.104241,-0.000681,1.492884,0.079200,0.095619,0.000000,14.922460,0.074391,0.199861,-0.000681,1.000000,0.194885,0.017612,1.000000,0.047941,-0.039441,0.497628
13.365000,6.015000,14.816827,0.094508,0.209856,-0.000034,610.703026,702.637747,631.861694,683.624856,-1.389314,0.014826,0.112483,-0.000034,1.491141,0.079682,0.097372,0.000000,14.816827,0.094508,0.209856,-0.000034,1.000000,0.180413,0.020589,1.000000,0.048817,-0.039680,0.497047
13.388000,6.038000,15.035312,0.006180,0.223547,-0.000199,623.414148,700.680624,624.644870,699.305634,-1.169408,-0.072854,0.123994,-0.000199,1.489720,0.079034,0.099553,0.000000,15.035312,0.006180,0.223547,-0.000199,1.000000,0.213157,0.015743,1.000000,0.049905,-0.039354,0.496573
13.402000,6.052000,14.958707,0.061543,0.249084,-0.000021,610.628706,708.573547,624.491011,696.357754,-1.244483,-0.017144,0.147485,-0.000021,1.488191,0.078687,0.101598,0.000000,14.958707,0.061543,0.249084,-0.000021,1.000000,0.193461,0.017692,1.000000,0.050927,-0.039178,0.496064
13.423000,6.073000,14.958510,0.036818,0.213849,-0.000543,620.059197,700.690723,627.872898,692.934868,-1.243166,-0.041458,0.110217,-0.000543,1.486677,0.078276,0.103631,0.000000,14.958510,0.036818,0.213849,-0.000543,1.000000,0.194704,0.016841,1.000000,0.051941,-0.038971,0.495559
13.444000,6.094000,14.888226,0.106214,0.131457,-0.000737,625.602797,692.921767,648.288072,670.675280,-1.311905,0.028330,0.025848,-0.000737,1.485131,0.077883,0.105609,0.000000,14.888226,0.106214,0.131457,-0.000737,1.000000,0.186943,0.017358,1.000000,0.052927,-0.038775,0.495044
13.468000,6.118000,14.872408,0.099550,0.111467,-0.000603,629.506779,688.610668,650.727294,667.714348,-1.326163,0.022076,0.003915,-0.000603,1.483571,0.077474,0.107552,0.000000,14.872408,0.099550,0.111467,-0.000603,1.000000,0.187796,0.017637,1.000000,0.053895,-0.038571,0.494524
13.486000,6.136000,14.954139,0.025728,0.149525,-0.000719,632.804989,689.140935,637.918638,683.384966,-1.242915,-0.051124,0.039995,-0.000719,1.482054,0.076852,0.109530,0.000000,14.954139,0.025728,0.149525,-0.000719,1.000000,0.194470,0.015870,1.000000,0.054879,-0.038263,0.494018
13.507000,6.157000,14.966076,0.024891,0.147560,-0.001591,633.841154,689.312128,638.129982,683.076351,-1.229468,-0.051287,0.036079,-0.001591,1.480544,0.076179,0.111482,0.000000,14.966076,0.024891,0.147560,-0.001591,1.000000,0.193903,0.015509,1.000000,0.055852,-0.037927,0.493515
13.524000,6.174000,14.971959,-0.022704,0.170729,-0.001660,635.117735,688.434708,628.895803,691.787844,-1.222086,-0.098079,0.057303,-0.001660,1.479046,0.075375,0.113427,0.000000,14.971959,-0.022704,0.170729,-0.001660,1.000000,0.200901,0.016226,1.000000,0.056820,-0.037527,0.493015
13.546000,6.196000,14.913702,0.014226,0.229404,-0.002206,619.340091,700.613691,620.883537,696.163981,-1.278745,-0.060641,0.114153,-0.002206,1.477447,0.074868,0.115251,0.000000,14.913702,0.014226,0.229404,-0.002206,1.000000,0.183576,0.018023,1.000000,0.057728,-0.037275,0.492482
13.568000,6.218000,14.960791,-0.011839,0.179707,-0.002315,632.312578,691.001046,627.991216,691.676321,-1.230157,-0.085801,0.062579,-0.002315,1.475948,0.073962,0.117128,0.000000,14.960791,-0.011839,0.179707,-0.002315,1.000000,0.197859,0.016261,1.000000,0.058665,-0.036821,0.491983
13.584000,6.234000,14.976938,0.025196,0.179177,-0.002237,628.662920,694.948565,632.580289,688.223219,-1.212553,-0.047640,0.060181,-0.002237,1.474491,0.072837,0.118997,0.000000,14.976938,0.025196,0.179177,-0.002237,1.000000,0.201347,0.015292,1.000000,0.059596,-0.036258,0.491497
13.603000,6.253000,14.873245,0.146015,0.147940,-0.001025,617.919018,699.357218,649.261184,668.868660,-1.314703,0.074040,0.027174,-0.001025,1.472948,0.071975,0.120767,0.000000,14.873245,0.146015,0.147940,-0.001025,1.000000,0.183187,0.017907,1.000000,0.060478,-0.035828,0.490983
13.621000,6.271000,14.914654,0.063900,0.173342,-0.000670,623.370802,695.995095,636.997760,682.588685,-1.271771,-0.007060,0.050822,-0.000670,1.471426,0.070960,0.122520,0.000000,14.914654,0.063900,0.173342,-0.000670,1.000000,0.193837,0.016437,1.000000,0.061351,-0.035323,0.490475
13.642000,6.292000,14.874300,0.110045,0.160520,-0.001560,619.904775,698.014987,643.027046,674.523980,-1.310567,0.040003,0.036312,-0.001560,1.469867,0.070042,0.124208,0.000000,14.874300,0.110045,0.160520,-0.001560,1.000000,0.189817,0.017468,1.000000,0.062192,-0.034865,0.489956
13.668000,6.318000,14.942222,0.011648,0.169552,-0.001498,630.801795,691.020316,632.268856,687.557086,-1.241148,-0.057171,0.043670,-0.001498,1.468370,0.068819,0.125882,0.000000,14.942222,0.011648,0.169552,-0.001498,1.000000,0.208944,0.015922,1.000000,0.063025,-0.034256,0.489457
13.684000,6.334000,14.891139,0.020916,0.184753,-0.002175,626.115806,693.592826,629.147762,687.767459,-1.290673,-0.046883,0.057265,-0.002175,1.466813,0.067799,0.127488,0.000000,14.891139,0.020916,0.184753,-0.002175,1.000000,0.205794,0.017207,1.000000,0.063825,-0.033746,0.488938
13.702000,6.352000,14.846025,0.006412,0.126966,-0.001546,636.732785,681.476902,637.008455,679.003985,-1.334194,-0.060385,-0.002075,-0.001546,1.465219,0.066797,0.129041,0.000000,14.846025,0.006412,0.126966,-0.001546,1.000000,0.208486,0.018166,1.000000,0.064599,-0.033247,0.488406
13.722000,6.372000,14.986183,-0.110030,0.227014,-0.002044,635.191598,689.242282,609.036012,709.656949,-1.192538,-0.175479,0.096443,-0.002044,1.463722,0.065449,0.130570,0.000000,14.986183,-0.110030,0.227014,-0.002044,1.000000,0.226814,0.018231,1.000000,0.065360,-0.032574,0.487907
13.744000,6.394000,14.947051,-0.045340,0.213967,-0.001833,629.406114,692.731164,617.917623,700.451854,-1.230152,-0.109444,0.081925,-0.001833,1.462203,0.064104,0.132042,0.000000,14.947051,-0.045340,0.213967,-0.001833,1.000000,0.214605,0.017002,1.000000,0.066093,-0.031903,0.487401
13.765000,6.415000,14.959661,-0.043569,0.232749,-0.002831,626.508094,696.582163,614.613035,703.185823,-1.216028,-0.106342,0.099283,-0.002831,1.460689,0.062774,0.133465,0.000000,14.959661,-0.043569,0.232749,-0.002831,1.000000,0.210526,0.016905,1.000000,0.066802,-0.031239,0.486896
13.782000,6.432000,14.972646,-0.037470,0.221695,-0.002930,628.152176,695.715144,617.591378,701.044757,-1.201544,-0.098786,0.086859,-0.002930,1.459190,0.061316,0.134836,0.000000,14.972646,-0.037470,0.221695,-0.002930,1.000000,0.209911,0.016168,1.000000,0.067484,-0.030512,0.486397
13.804000,6.454000,14.920027,0.045869,0.139226,-0.001882,632.057251,689.202127,640.721783,678.455576,-1.252635,-0.014029,0.003075,-0.001882,1.457662,0.059898,0.136152,0.000000,14.920027,0.045869,0.139226,-0.001882,1.000000,0.199158,0.015712,1.000000,0.068139,-0.029806,0.485887
13.825000,6.475000,14.948267,0.041403,0.214713,-0.001986,619.686063,701.596555,627.454224,691.865904,-1.222891,-0.017020,0.077302,-0.001986,1.456158,0.058423,0.137411,0.000000,14.948267,0.041403,0.214713,-0.001986,1.000000,0.202421,0.015582,1.000000,0.068765,-0.029071,0.485386
13.843000,6.493000,14.879989,0.067551,0.142553,-0.001637,628.047484,690.992786,641.668609,676.006934,-1.289617,0.010535,0.003934,-0.001637,1.454606,0.057016,0.138619,0.000000,14.879989,0.067551,0.142553,-0.001637,1.000000,0.200330,0.016644,1.000000,0.069366,-0.028371,0.484869
13.862000,6.512000,14.987017,-0.026948,0.218193,-0.002358,627.736109,696.294002,619.965927,699.944935,-1.181110,-0.082302,0.078439,-0.002358,1.453127,0.055354,0.139754,0.000000,14.987017,-0.026948,0.218193,-0.002358,1.000000,0.216903,0.015243,1.000000,0.069930,-0.027542,0.484376
13.883000,6.533000,14.940117,-0.019669,0.160008,-0.001676,635.955882,686.316144,630.401483,689.054869,-1.226500,-0.073413,0.019171,-0.001676,1.451617,0.053744,0.140837,0.000000,14.940117,-0.019669,0.160008,-0.001676,1.000000,0.215987,0.015619,1.000000,0.070469,-0.026740,0.483872
13.901000,6.551000,14.923367,-0.027675,0.168867,-0.002250,635.089368,686.812111,627.329149,690.739969,-1.241734,-0.079800,0.027005,-0.002250,1.450101,0.052125,0.141862,0.000000,14.923367,-0.027675,0.168867,-0.002250,1.000000,0.217881,0.016129,1.000000,0.070979,-0.025933,0.483367
13.923000,6.573000,14.925765,-0.075059,0.243961,-0.003198,627.339310,694.665317,608.012910,707.247642,-1.237822,-0.125533,0.101135,-0.003198,1.448587,0.050473,0.142827,0.000000,14.925765,-0.075059,0.243961,-0.003198,1.000000,0.227168,0.017922,1.000000,0.071458,-0.025109,0.482862
13.944000,6.594000,14.974407,-0.087444,0.231653,-0.002533,631.792508,692.206168,610.291001,707.755075,-1.187700,-0.136179,0.087931,-0.002533,1.447107,0.048736,0.143723,0.000000,14.974407,-0.087444,0.231653,-0.002533,1.000000,0.227823,0.016735,1.000000,0.071904,-0.024243,0.482369
13.969000,6.619000,14.965860,-0.075968,0.233574,-0.002572,629.999512,693.505141,611.026478,706.740100,-1.194765,-0.122949,0.089015,-0.002572,1.445625,0.046981,0.144560,0.000000,14.965860,-0.075968,0.233574,-0.002572,1.000000,0.225507,0.016579,1.000000,0.072319,-0.023369,0.481875
13.985000,6.635000,14.988857,-0.106720,0.203241,-0.002390,639.213509,685.873832,613.719288,705.482590,-1.170316,-0.151776,0.057942,-0.002390,1.444173,0.045056,0.145299,0.000000,14.988857,-0.106720,0.203241,-0.002390,1.000000,0.233732,0.016336,1.000000,0.072686,-0.022409,0.481391
14.005000,6.655000,14.925244,-0.002882,0.209200,-0.001928,625.074401,695.792572,622.997379,694.954295,-1.232435,-0.046179,0.063175,-0.001928,1.442678,0.043297,0.146025,0.000000,14.925244,-0.002882,0.209200,-0.001928,1.000000,0.214854,0.015802,1.000000,0.073047,-0.021533,0.480893
14.021000,6.671000,14.950451,-0.036175,0.177518,-0.000932,634.631156,687.453930,625.951754,694.057633,-1.205754,-0.077623,0.030846,-0.000932,1.441205,0.041448,0.146672,0.000000,14.950451,-0.036175,0.177518,-0.000932,1.000000,0.220856,0.015236,1.000000,0.073368,-0.020612,0.480402
14.044000,6.694000,14.851633,0.034736,0.158181,0.000131,627.573121,688.973811,635.330290,682.014732,-1.302968,-0.005254,0.010793,0.000131,1.439601,0.039990,0.147387,0.000000,14.851633,0.034736,0.158181,0.000131,1.000000,0.198571,0.016992,1.000000,0.073723,-0.019888,0.479867
14.063000,6.713000,14.972753,-0.069894,0.162100,-0.000294,641.308507,681.729222,625.729161,695.644847,-1.180382,-0.107981,0.014194,-0.000294,1.438135,0.038087,0.147906,0.000000,14.972753,-0.069894,0.162100,-0.000294,1.000000,0.226341,0.015119,1.000000,0.073980,-0.018937,0.479378
14.084000,6.734000,15.020016,-0.102453,0.135711,-0.000441,650.536386,675.086519,627.895669,695.576381,-1.131684,-0.138480,-0.012605,-0.000441,1.436700,0.036027,0.148316,0.000000,15.020016,-0.102453,0.135711,-0.000441,1.000000,0.233757,0.014741,1.000000,0.074183,-0.017911,0.478900
14.105000,6.755000,14.937597,-0.084984,0.162876,-0.000446,642.063896,679.615681,623.026589,696.485392,-1.212567,-0.119287,0.014070,-0.000446,1.435163,0.034302,0.148806,0.000000,14.937597,-0.084984,0.162876,-0.000446,1.000000,0.211459,0.016146,1.000000,0.074426,-0.017052,0.478388
14.122000,6.772000,14.990712,-0.129091,0.177442,-0.000127,645.381158,678.529815,616.801692,704.433842,-1.158020,-0.161339,0.028338,-0.000127,1.433732,0.032249,0.149104,0.000000,14.990712,-0.129091,0.177442,-0.000127,1.000000,0.236102,0.016093,1.000000,0.074573,-0.016027,0.477911
14.142000,6.792000,15.013819,-0.142267,0.171393,0.000108,648.289165,676.581526,617.053655,705.334841,-1.133505,-0.172337,0.022100,0.000108,1.432323,0.030071,0.149294,0.000000,15.013819,-0.142267,0.171393,0.000108,1.000000,0.241075,0.015867,1.000000,0.074666,-0.014941,0.477441
14.166000,6.816000,15.026128,-0.143220,0.170028,-0.000290,649.048339,676.672724,617.336779,705.322217,-1.119810,-0.171031,0.020641,-0.000290,1.430939,0.027810,0.149387,0.000000,15.026128,-0.143220,0.170028,-0.000290,1.000000,0.244961,0.015508,1.000000,0.074711,-0.013813,0.476980
14.182000,6.832000,14.953083,-0.018140,0.148378,-0.000723,637.793089,684.484565,633.290394,687.628735,-1.191435,-0.043770,-0.001081,-0.000723,1.429519,0.025630,0.149459,0.000000,14.953083,-0.018140,0.148378,-0.000723,1.000000,0.230589,0.014387,1.000000,0.074745,-0.012725,0.476506
14.201000,6.851000,14.926576,-0.023187,0.246742,-0.001839,620.562807,699.813497,613.948374,703.077990,-1.216513,-0.046718,0.097225,-0.001839,1.428089,0.023531,0.149517,0.000000,14.926576,-0.023187,0.246742,-0.001839,1.000000,0.224820,0.015963,1.000000,0.074772,-0.011678,0.476030
14.220000,6.870000,14.964680,-0.036919,0.156520,-0.001765,639.051355,684.548721,629.654781,690.714865,-1.177005,-0.058270,0.007046,-0.001765,1.426685,0.021351,0.149474,0.000000,14.964680,-0.036919,0.156520,-0.001765,1.000000,0.233611,0.014198,1.000000,0.074749,-0.010589,0.475562
14.244000,6.894000,15.002347,-0.093722,0.125447,-0.001479,651.349104,674.286122,629.904273,692.282572,-1.137962,-0.112765,-0.023852,-0.001479,1.425309,0.019043,0.149300,0.000000,15.002347,-0.093722,0.125447,-0.001479,1.000000,0.247927,0.014278,1.000000,0.074661,-0.009436,0.475103
14.266000,6.916000,14.994628,-0.129317,0.213838,-0.001351,639.564805,685.053209,609.731073,709.884482,-1.144310,-0.146066,0.064760,-0.001351,1.423938,0.016749,0.149078,0.000000,14.994628,-0.129317,0.213838,-0.001351,1.000000,0.248855,0.015648,1.000000,0.074548,-0.008289,0.474646
14.282000,6.932000,14.921077,-0.122423,0.241852,0.000117,631.623982,688.229233,604.119434,712.654506,-1.216447,-0.136996,0.092974,0.000117,1.422524,0.014573,0.148878,0.000000,14.921077,-0.122423,0.241852,0.000117,1.000000,0.245656,0.017539,1.000000,0.074447,-0.007203,0.474175
14.302000,6.952000,14.965417,-0.180279,0.201475,-0.000086,646.126975,676.697803,605.960957,712.771569,-1.170725,-0.192574,0.052922,-0.000086,1.421143,0.012295,0.148553,0.000000,14.965417,-0.180279,0.201475,-0.000086,1.000000,0.259114,0.017695,1.000000,0.074283,-0.006064,0.473714
14.329000,6.979000,14.985484,-0.165877,0.158006,-0.000845,652.834311,671.655573,615.798232,704.597762,-1.149298,-0.175825,0.009887,-0.000845,1.419782,0.009947,0.148119,0.000000,14.985484,-0.165877,0.158006,-0.000845,1.000000,0.262812,0.016310,1.000000,0.074065,-0.004890,0.473261
14.342000,6.992000,14.920582,-0.059652,0.114318,-0.000883,647.569983,673.949140,633.966074,685.507042,-1.212797,-0.067317,-0.033354,-0.000883,1.418380,0.007666,0.147673,0.000000,14.920582,-0.059652,0.114318,-0.000883,1.000000,0.253212,0.015273,1.000000,0.073841,-0.003746,0.472793
14.362000,7.012000,15.008898,-0.193393,0.116491,-0.001565,663.613234,662.572713,620.536295,700.904993,-1.123158,-0.198592,-0.030531,-0.001565,1.417055,0.005199,0.147022,0.000000,15.008898,-0.193393,0.116491,-0.001565,1.000000,0.276447,0.016652,1.000000,0.073514,-0.002509,0.472352
14.383000,7.033000,14.954008,-0.103591,0.158308,-0.003109,646.204823,678.305597,621.162149,696.976126,-1.176694,-0.106399,0.011937,-0.003109,1.415702,0.002809,0.146372,0.000000,14.954008,-0.103591,0.158308,-0.003109,1.000000,0.261422,0.014993,1.000000,0.073188,-0.001309,0.471901
14.406000,7.056000,14.998484,-0.113828,0.055513,-0.002716,665.769625,660.793513,639.550205,682.332973,-1.130876,-0.114196,-0.090119,-0.002716,1.414360,0.000367,0.145633,0.000000,14.998484,-0.113828,0.055513,-0.002716,1.000000,0.269351,0.014906,1.000000,0.072816,-0.000083,0.471453
14.422000,7.072000,15.033041,-0.221290,0.102329,-0.002545,669.786777,658.132368,620.175332,701.550083,-1.095008,-0.219121,-0.042426,-0.002545,1.413049,-0.002169,0.144755,0.000000,15.033041,-0.221290,0.102329,-0.002545,1.000000,0.281549,0.016972,1.000000,0.072376,0.001189,0.471016
14.443000,7.093000,14.991950,-0.165109,0.151365,-0.001518,654.278661,671.019097,616.997093,703.351340,-1.134775,-0.160455,0.007491,-0.001518,1.411725,-0.004655,0.143874,0.000000,14.991950,-0.165109,0.151365,-0.001518,1.000000,0.269947,0.015458,1.000000,0.071933,0.002435,0.470575
14.462000,7.112000,14.909091,-0.127212,0.232091,-0.001496,634.200020,686.490920,604.474969,710.755632,-1.216260,-0.120180,0.089040,-0.001496,1.410352,-0.007032,0.143052,0.000000,14.909091,-0.127212,0.232091,-0.001496,1.000000,0.257066,0.017030,1.000000,0.071520,0.003627,0.470117
14.482000,7.132000,14.899754,-0.096251,0.224939,-0.000764,631.580744,687.986566,609.407369,706.649574,-1.224222,-0.086830,0.082771,-0.000764,1.408976,-0.009421,0.142168,0.000000,14.899754,-0.096251,0.224939,-0.000764,1.000000,0.258859,0.016426,1.000000,0.071076,0.004822,0.469659
14.505000,7.155000,14.960056,-0.192186,0.137083,-0.000392,658.490109,664.662045,616.212025,703.493185,-1.162498,-0.180476,-0.004274,-0.000392,1.407553,-0.011710,0.141357,0.000000,14.960056,-0.192186,0.137083,-0.000392,1.000000,0.258626,0.016773,1.000000,0.070669,0.005972,0.469184
14.523000,7.173000,15.022543,-0.157195,0.076264,-0.000263,666.472415,659.339113,632.581469,691.550144,-1.098701,-0.142900,-0.063880,-0.000263,1.406244,-0.014295,0.140144,0.000000,15.022543,-0.157195,0.076264,-0.000263,1.000000,0.289522,0.014522,1.000000,0.070060,0.007266,0.468748
14.542000,7.192000,14.954318,-0.139334,0.100000,0.000873,658.662248,663.309848,629.157349,692.588404,-1.165584,-0.122539,-0.038976,0.000873,1.404902,-0.016795,0.138976,0.000000,14.954318,-0.139334,0.100000,0.000873,1.000000,0.281250,0.015239,1.000000,0.069473,0.008521,0.468301
14.563000,7.213000,14.987941,-0.112657,-0.005639,0.000260,674.650406,649.019993,651.166008,672.955729,-1.130643,-0.093286,-0.143291,0.000260,1.403584,-0.019370,0.137652,0.000000,14.987941,-0.112657,-0.005639,0.000260,1.000000,0.296119,0.015707,1.000000,0.068808,0.009816,0.467861
14.583000,7.233000,14.947612,-0.125006,0.046900,-0.000648,666.555212,656.208835,639.435489,681.737094,-1.169629,-0.103090,-0.089414,-0.000648,1.402241,-0.021917,0.136314,0.000000,14.947612,-0.125006,0.046900,-0.000648,1.000000,0.288062,0.015543,1.000000,0.068135,0.011096,0.467414
14.602000,7.252000,14.934607,-0.145991,0.088104,-0.001581,661.817145,661.100067,629.184058,690.000001,-1.181285,-0.121528,-0.046821,-0.001581,1.400892,-0.024463,0.134925,0.000000,14.934607,-0.145991,0.088104,-0.001581,1.000000,0.285492,0.015651,1.000000,0.067436,0.012375,0.466964
14.622000,7.272000,14.983014,-0.240543,0.116377,-0.002668,668.377911,657.432069,614.211774,704.619292,-1.131583,-0.213441,-0.016957,-0.002668,1.399597,-0.027102,0.133334,0.000000,14.983014,-0.240543,0.116377,-0.002668,1.000000,0.303180,0.017390,1.000000,0.066637,0.013698,0.466532
14.646000,7.296000,14.842806,-0.133120,0.217666,-0.002677,636.307747,682.544455,604.421422,707.254779,-1.270311,-0.103703,0.085422,-0.002677,1.398117,-0.029417,0.132244,0.000000,14.842806,-0.133120,0.217666,-0.002677,1.000000,0.257737,0.017943,1.000000,0.066088,0.014861,0.466039
14.661000,7.311000,14.979950,-0.298221,0.108740,-0.004032,676.034719,650.440974,608.456400,708.531176,-1.131841,-0.266196,-0.021859,-0.004032,1.396791,-0.032025,0.130599,0.000000,14.979950,-0.298221,0.108740,-0.004032,1.000000,0.310926,0.019946,1.000000,0.065262,0.016166,0.465597
14.682000,7.332000,15.028599,-0.236725,0.087051,-0.003734,674.257004,654.239181,620.663529,700.105869,-1.081894,-0.202046,-0.041751,-0.003734,1.395493,-0.034678,0.128802,0.000000,15.028599,-0.236725,0.087051,-0.003734,1.000000,0.317607,0.015963,1.000000,0.064359,0.017495,0.465164
14.704000,7.354000,14.962193,-0.093105,0.086337,-0.001470,657.106925,666.911391,635.997790,684.982653,-1.146973,-0.055812,-0.040671,-0.001470,1.394165,-0.037293,0.127008,0.000000,14.962193,-0.093105,0.086337,-0.001470,1.000000,0.317501,0.013633,1.000000,0.063457,0.018807,0.464722
14.724000,7.374000,14.930599,-0.118882,0.090132,-0.000515,658.147523,663.794464,632.114938,687.901488,-1.177216,-0.079007,-0.035091,-0.000515,1.392815,-0.039875,0.125223,0.000000,14.930599,-0.118882,0.090132,-0.000515,1.000000,0.313073,0.014606,1.000000,0.062558,0.020103,0.464272
14.745000,7.395000,14.973935,-0.175075,0.080854,-0.001288,666.856303,657.550441,628.282944,692.689675,-1.132580,-0.132559,-0.042382,-0.001288,1.391515,-0.042516,0.123235,0.000000,14.973935,-0.175075,0.080854,-0.001288,1.000000,0.323740,0.014764,1.000000,0.061559,0.021427,0.463838
14.765000,7.415000,14.951356,-0.188051,0.091963,-0.001673,665.975620,657.724017,624.174995,695.174954,-1.153822,-0.142949,-0.029359,-0.001673,1.390177,-0.045102,0.121321,0.000000,14.951356,-0.188051,0.091963,-0.001673,1.000000,0.314981,0.015443,1.000000,0.060595,0.022726,0.463392
14.782000,7.432000,14.976201,-0.212004,0.026107,-0.002113,680.150757,644.516775,633.715609,687.234344,-1.127665,-0.164273,-0.093109,-0.002113,1.388866,-0.047731,0.119216,0.000000,14.976201,-0.212004,0.026107,-0.002113,1.000000,0.331607,0.016282,1.000000,0.059536,0.024046,0.462955
14.805000,7.455000,14.916347,-0.196487,0.119331,-0.002437,661.719443,661.021304,617.158331,699.418051,-1.186173,-0.146179,0.002144,-0.002437,1.387520,-0.050308,0.117186,0.000000,14.916347,-0.196487,0.119331,-0.002437,1.000000,0.319177,0.016208,1.000000,0.058513,0.025339,0.462507
14.823000,7.473000,14.923705,-0.152441,0.127233,-0.002282,655.823348,667.080878,620.908600,696.508335,-1.177542,-0.099469,0.012423,-0.002282,1.386247,-0.052971,0.114810,0.000000,14.923705,-0.152441,0.127233,-0.002282,1.000000,0.345464,0.014871,1.000000,0.057319,0.026672,0.462082
14.843000,7.493000,14.945286,-0.209658,0.037494,-0.001948,677.300568,645.989024,631.294829,688.263054,-1.154624,-0.154123,-0.075145,-0.001948,1.384910,-0.055535,0.112640,0.000000,14.945286,-0.209658,0.037494,-0.001948,1.000000,0.332599,0.016272,1.000000,0.056223,0.027963,0.461637
14.862000,7.512000,14.979968,-0.213961,-0.021099,-0.002312,688.258450,636.177344,641.841324,679.670866,-1.118613,-0.155848,-0.131460,-0.002312,1.383581,-0.058113,0.110361,0.000000,14.979968,-0.213961,-0.021099,-0.002312,1.000000,0.339484,0.016671,1.000000,0.055074,0.029258,0.461194
14.883000,7.533000,14.931315,-0.108891,0.037650,-0.001626,666.415751,656.350680,642.084269,677.838005,-1.165917,-0.048234,-0.070462,-0.001626,1.382232,-0.060658,0.108112,0.000000,14.931315,-0.108891,0.037650,-0.001626,1.000000,0.336578,0.014323,1.000000,0.053939,0.030536,0.460744
14.905000,7.555000,14.891976,-0.152617,0.065134,-0.001284,665.362648,655.412185,631.670817,686.119768,-1.203865,-0.089456,-0.040841,-0.001284,1.380841,-0.063161,0.105975,0.000000,14.891976,-0.152617,0.065134,-0.001284,1.000000,0.325211,0.015460,1.000000,0.052860,0.031793,0.460280
14.921000,7.571000,14.896811,-0.258027,0.063381,-0.000390,676.392980,643.565265,620.708816,696.881143,-1.197633,-0.192372,-0.040427,-0.000390,1.379444,-0.065654,0.103808,0.000000,14.896811,-0.258027,0.063381,-0.000390,1.000000,0.326559,0.018207,1.000000,0.051767,0.033043,0.459815
14.947000,7.597000,14.992041,-0.304072,-0.112185,-0.001514,711.843729,609.612604,648.556746,674.367444,-1.100992,-0.235944,-0.213836,-0.001514,1.378033,-0.068128,0.101650,0.000000,14.992041,-0.304072,-0.112185,-0.001514,1.000000,0.332318,0.022262,1.000000,0.050674,0.034288,0.459344
14.961000,7.611000,15.034510,-0.251310,-0.095553,-0.001882,705.014092,619.795661,652.152590,672.472843,-1.057221,-0.180651,-0.194552,-0.001882,1.376730,-0.070659,0.098999,0.000000,15.034510,-0.251310,-0.095553,-0.001882,1.000000,0.360410,0.018226,1.000000,0.049340,0.035552,0.458910
14.982000,7.632000,14.960268,-0.118097,-0.016354,-0.002527,677.351754,647.049096,650.820455,670.063000,-1.130113,-0.044950,-0.112809,-0.002527,1.375381,-0.073147,0.096456,0.000000,14.960268,-0.118097,-0.016354,-0.002527,1.000000,0.354072,0.014247,1.000000,0.048056,0.036798,0.458460
15.004000,7.654000,14.921098,-0.161271,0.056998,-0.002913,668.842786,654.379905,632.241031,685.678546,-1.167923,-0.085657,-0.036946,-0.002913,1.374021,-0.075614,0.093944,0.000000,14.921098,-0.161271,0.056998,-0.002913,1.000000,0.341872,0.014512,1.000000,0.046789,0.038033,0.458007
15.027000,7.677000,14.970234,-0.197841,-0.047009,-0.002097,690.578636,633.042797,647.957625,673.575739,-1.117466,-0.119766,-0.138213,-0.002097,1.372699,-0.078075,0.091204,0.000000,14.970234,-0.197841,-0.047009,-0.002097,1.000000,0.357016,0.015832,1.000000,0.045410,0.039260,0.457566
15.044000,7.694000,14.928880,-0.132778,0.022577,-0.000628,671.038586,650.767409,642.439465,678.113829,-1.157461,-0.052266,-0.065956,-0.000628,1.371340,-0.080513,0.088533,0.000000,14.928880,-0.132778,0.022577,-0.000628,1.000000,0.350882,0.014105,1.000000,0.044066,0.040475,0.457113
15.064000,7.714000,14.951633,-0.268899,0.017532,0.000223,686.042481,635.325341,629.259407,691.924520,-1.133364,-0.185967,-0.068263,0.000223,1.369998,-0.082931,0.085795,0.000000,14.951633,-0.268899,0.017532,0.000223,1.000000,0.347289,0.016770,1.000000,0.042690,0.041680,0.456666
15.082000,7.732000,14.889703,-0.239918,0.110207,0.001279,665.934618,652.818210,614.682365,703.064782,-1.193911,-0.154592,0.027060,0.001279,1.368614,-0.085327,0.083147,0.000000,14.889703,-0.239918,0.110207,0.001279,1.000000,0.341192,0.016717,1.000000,0.041358,0.042872,0.456205
15.102000,7.752000,14.955764,-0.253538,-0.029967,0.000640,692.190586,628.490111,639.614195,682.838794,-1.126498,-0.165847,-0.110270,0.000640,1.367263,-0.087691,0.080303,0.000000,14.955764,-0.253538,-0.029967,0.000640,1.000000,0.359719,0.016657,1.000000,0.039929,0.044049,0.455754
15.125000,7.775000,14.916970,-0.208753,0.029340,-0.001334,677.739729,643.779352,632.416421,686.462770,-1.163908,-0.118717,-0.048223,-0.001334,1.365878,-0.090036,0.077563,0.000000,14.916970,-0.208753,0.029340,-0.001334,1.000000,0.355978,0.015189,1.000000,0.038548,0.045218,0.455293
15.142000,7.792000,14.971862,-0.197791,-0.093251,-0.002174,698.124396,624.847643,655.949992,665.810145,-1.107674,-0.105460,-0.167840,-0.002174,1.364536,-0.092331,0.074589,0.000000,14.971862,-0.197791,-0.093251,-0.002174,1.000000,0.375910,0.016199,1.000000,0.037050,0.046362,0.454845
15.162000,7.812000,14.933658,-0.166554,-0.041971,-0.003457,686.272444,637.069849,649.131861,669.863226,-1.144500,-0.071947,-0.113655,-0.003457,1.363158,-0.094607,0.071684,0.000000,14.933658,-0.166554,-0.041971,-0.003457,1.000000,0.368720,0.014909,1.000000,0.035584,0.047498,0.454386
15.182000,7.832000,14.987763,-0.145632,-0.138519,-0.004507,701.316912,623.835519,668.655249,652.019912,-1.089057,-0.048800,-0.207122,-0.004507,1.361821,-0.096833,0.068602,0.000000,14.987763,-0.145632,-0.138519,-0.004507,1.000000,0.382173,0.016391,1.000000,0.034029,0.048608,0.453940
15.204000,7.854000,14.986124,-0.143241,-0.106183,-0.004779,695.928439,629.975614,663.312970,657.179126,-1.089362,-0.044220,-0.171643,-0.004779,1.360486,-0.099021,0.065461,0.000000,14.986124,-0.143241,-0.106183,-0.004779,1.000000,0.376380,0.015011,1.000000,0.032445,0.049698,0.453495
15.224000,7.874000,14.885871,-0.187105,0.063283,-0.004262,670.171917,652.447627,626.945643,688.075319,-1.188216,-0.085883,0.000762,-0.004262,1.359087,-0.101222,0.062521,0.000000,14.885871,-0.187105,0.063283,-0.004262,1.000000,0.349996,0.014858,1.000000,0.030964,0.050793,0.453029
15.246000,7.896000,14.929872,-0.185141,-0.035201,-0.003640,687.029744,636.219721,645.805495,672.773178,-1.142844,-0.081784,-0.094603,-0.003640,1.357716,-0.103357,0.059402,0.000000,14.929872,-0.185141,-0.035201,-0.003640,1.000000,0.361773,0.014626,1.000000,0.029397,0.051852,0.452572
15.268000,7.918000,14.963844,-0.196424,-0.027404,-0.003119,687.443700,636.934843,644.185344,676.171776,-1.107519,-0.090988,-0.083582,-0.003119,1.356363,-0.105435,0.056177,0.000000,14.963844,-0.196424,-0.027404,-0.003119,1.000000,0.363096,0.013793,1.000000,0.027776,0.052883,0.452121
15.283000,7.933000,14.964664,-0.203262,-0.047866,-0.002292,691.212141,632.243878,647.327850,673.798171,-1.105353,-0.095809,-0.100738,-0.002292,1.355017,-0.107453,0.052872,0.000000,14.964664,-0.203262,-0.047866,-0.002292,1.000000,0.370099,0.014151,1.000000,0.026117,0.053883,0.451672
15.306000,7.956000,14.889712,-0.138845,0.025072,-0.001055,670.543880,649.836517,640.295634,678.145239,-1.178903,-0.029368,-0.024640,-0.001055,1.353615,-0.109476,0.049712,0.000000,14.889712,-0.138845,0.025072,-0.001055,1.000000,0.367099,0.014045,1.000000,0.024529,0.054885,0.451205
15.320000,7.970000,14.856205,-0.266725,0.027607,-0.000553,682.388726,635.462605,625.182372,691.040072,-1.210977,-0.155229,-0.019056,-0.000553,1.352182,-0.111496,0.046663,0.000000,14.856205,-0.266725,0.027607,-0.000553,1.000000,0.359688,0.017111,1.000000,0.022996,0.055887,0.450727
15.342000,7.992000,14.849188,-0.234343,0.017231,-0.000117,680.493717,636.836350,630.629514,686.082958,-1.216536,-0.120843,-0.026448,-0.000117,1.350724,-0.113499,0.043679,0.000000,14.849188,-0.234343,0.017231,-0.000117,1.000000,0.367471,0.016330,1.000000,0.021493,0.056882,0.450241
15.364000,8.014000,14.924137,-0.223296,-0.102761,-0.001296,700.903587,618.788603,654.117571,666.159177,-1.140162,-0.107885,-0.143321,-0.001296,1.349299,-0.115411,0.040560,0.000000,14.924137,-0.223296,-0.102761,-0.001296,1.000000,0.380279,0.016218,1.000000,0.019921,0.057830,0.449766
15.383000,8.033000,14.886929,-0.101862,-0.087483,-0.002816,685.955585,634.771734,662.985841,654.545659,-1.175906,0.015444,-0.125004,-0.002816,1.347834,-0.117306,0.037521,0.000000,14.886929,-0.101862,-0.087483,-0.002816,1.000000,0.397539,0.015415,1.000000,0.018384,0.058772,0.449278
15.408000,8.058000,14.980670,-0.186893,-0.231337,-0.004739,719.980407,602.043203,679.645954,640.054527,-1.080773,-0.067835,-0.265596,-0.004739,1.346444,-0.119058,0.034260,0.000000,14.980670,-0.186893,-0.231337,-0.004739,1.000000,0.401289,0.019197,1.000000,0.016735,0.059641,0.448815
15.423000,8.073000,15.000174,-0.127008,-0.263777,-0.006064,720.079926,603.940916,691.022004,627.635684,-1.059879,-0.006254,-0.294747,-0.006064,1.345052,-0.120754,0.030970,0.000000,15.000174,-0.127008,-0.263777,-0.006064,1.000000,0.401399,0.019929,1.000000,0.015071,0.060481,0.448351
15.442000,8.092000,15.007180,-0.064733,-0.205621,-0.005501,704.772144,621.624724,688.162312,631.528977,-1.051498,0.057639,-0.233238,-0.005501,1.343678,-0.122372,0.027617,0.000000,15.007180,-0.064733,-0.205621,-0.005501,1.000000,0.397999,0.016832,1.000000,0.013378,0.061281,0.447893
15.465000,8.115000,14.845503,-0.247163,-0.029675,-0.004048,690.742879,628.587627,636.025169,678.106529,-1.211634,-0.122927,-0.054473,-0.004048,1.342137,-0.124235,0.024798,0.000000,14.845503,-0.247163,-0.029675,-0.004048,1.000000,0.338687,0.016490,1.000000,0.011955,0.062205,0.447379
15.489000,8.139000,14.942665,-0.197284,-0.098957,-0.004131,699.031695,623.992733,655.638975,663.397070,-1.113078,-0.071512,-0.120445,-0.004131,1.340743,-0.125771,0.021488,0.000000,14.942665,-0.197284,-0.098957,-0.004131,1.000000,0.376704,0.014353,1.000000,0.010295,0.062961,0.446914
15.501000,8.151000,14.889298,-0.158105,-0.000605,-0.002949,677.461824,644.037115,642.013511,675.135467,-1.164981,-0.030737,-0.018963,-0.002949,1.339279,-0.127368,0.018358,0.000000,14.889298,-0.158105,-0.000605,-0.002949,1.000000,0.369386,0.013703,1.000000,0.008726,0.063748,0.446426
15.524000,8.174000,14.973566,-0.164302,-0.065949,-0.003599,690.857136,634.048487,654.355164,666.410889,-1.079323,-0.035538,-0.080956,-0.003599,1.337889,-0.128764,0.015007,0.000000,14.973566,-0.164302,-0.065949,-0.003599,1.000000,0.378642,0.012432,1.000000,0.007048,0.064433,0.445963
15.545000,8.195000,14.903363,-0.210190,-0.040539,-0.003206,689.726335,631.735444,643.586388,674.060423,-1.148062,-0.079928,-0.052430,-0.003206,1.336425,-0.130262,0.011890,0.000000,14.903363,-0.210190,-0.040539,-0.003206,1.000000,0.369744,0.014095,1.000000,0.005485,0.065171,0.445475
15.564000,8.214000,14.967232,-0.218182,-0.205839,-0.002702,718.091030,601.997945,672.590543,648.390271,-1.082773,-0.086596,-0.214456,-0.002702,1.335005,-0.131585,0.008617,0.000000,14.967232,-0.218182,-0.205839,-0.002702,1.000000,0.382011,0.017074,1.000000,0.003842,0.065821,0.445002
15.582000,8.232000,15.003930,-0.185758,-0.252449,-0.002441,722.894738,597.805526,684.523989,637.664347,-1.044678,-0.052972,-0.257718,-0.002441,1.333609,-0.132786,0.005268,0.000000,15.003930,-0.185758,-0.252449,-0.002441,1.000000,0.390232,0.017837,1.000000,0.002160,0.066410,0.444536
15.602000,8.252000,14.997049,-0.164852,-0.276797,-0.002404,724.516648,595.470873,690.490796,630.907880,-1.050167,-0.030943,-0.278710,-0.002404,1.332216,-0.133909,0.001913,0.000000,14.997049,-0.164852,-0.276797,-0.002404,1.000000,0.395620,0.018893,1.000000,0.000474,0.066960,0.444072
15.623000,8.273000,14.922063,-0.091732,-0.118526,-0.002013,690.479869,630.856303,670.331824,649.209906,-1.123716,0.043323,-0.117190,-0.002013,1.330779,-0.135055,-0.001336,0.000000,14.922063,-0.091732,-0.118526,-0.002013,1.000000,0.395153,0.014189,1.000000,-0.001155,0.067521,0.443593
15.642000,8.292000,14.898722,-0.105301,-0.090892,-0.002332,686.950736,633.867047,663.632035,654.777689,-1.145603,0.030869,-0.086348,-0.002332,1.329325,-0.136170,-0.004544,0.000000,14.898722,-0.105301,-0.090892,-0.002332,1.000000,0.387587,0.013965,1.000000,-0.002760,0.068067,0.443108
15.665000,8.315000,14.885529,-0.192843,-0.079388,-0.001087,693.210492,625.429886,652.549368,666.155153,-1.157323,-0.055554,-0.071712,-0.001087,1.327852,-0.137288,-0.007676,0.000000,14.885529,-0.192843,-0.079388,-0.001087,1.000000,0.369580,0.014217,1.000000,-0.004324,0.068615,0.442617
15.687000,8.337000,14.878962,-0.186744,-0.056817,0.000009,688.413513,629.553584,649.545386,669.595744,-1.162418,-0.048430,-0.046002,0.000009,1.326380,-0.138313,-0.010815,0.000000,14.878962,-0.186744,-0.056817,0.000009,1.000000,0.375139,0.013958,1.000000,-0.005890,0.069117,0.442127
15.706000,8.356000,14.932924,-0.145606,-0.166348,-0.000607,703.340660,615.888976,673.476230,647.497830,-1.106987,-0.006334,-0.152392,-0.000607,1.324912,-0.139272,-0.013956,0.000000,14.932924,-0.145606,-0.166348,-0.000607,1.000000,0.376997,0.014581,1.000000,-0.007458,0.069586,0.441637
15.721000,8.371000,14.891571,-0.080257,-0.112783,-0.000978,687.386794,632.020304,670.253140,648.694092,-1.146833,0.059976,-0.095771,-0.000978,1.323404,-0.140233,-0.017012,0.000000,14.891571,-0.080257,-0.112783,-0.000978,1.000000,0.388294,0.014429,1.000000,-0.008984,0.070057,0.441135
15.742000,8.392000,14.969240,-0.111388,-0.263814,-0.002469,716.781176,603.466272,693.151303,626.636752,-1.067705,0.029628,-0.243661,-0.002469,1.321946,-0.141016,-0.020153,0.000000,14.969240,-0.111388,-0.263814,-0.002469,1.000000,0.382170,0.017425,1.000000,-0.010556,0.070438,0.440649
15.763000,8.413000,14.911686,-0.080934,-0.165960,-0.002426,697.006403,623.474406,678.987347,639.362565,-1.123756,0.060891,-0.142768,-0.002426,1.320442,-0.141825,-0.023193,0.000000,14.911686,-0.080934,-0.165960,-0.002426,1.000000,0.381120,0.015038,1.000000,-0.012077,0.070832,0.440147
15.787000,8.437000,14.877295,-0.125839,-0.228885,-0.001941,710.630794,605.853200,684.211186,632.553814,-1.156554,0.017016,-0.202882,-0.001941,1.318849,-0.142855,-0.026003,0.000000,14.877295,-0.125839,-0.228885,-0.001941,1.000000,0.359174,0.017522,1.000000,-0.013481,0.071339,0.439616
15.804000,8.454000,14.965894,-0.109830,-0.241002,-0.001809,712.756588,607.523630,689.748481,630.735938,-1.066478,0.033650,-0.211960,-0.001809,1.317372,-0.143480,-0.029042,0.000000,14.965894,-0.109830,-0.241002,-0.001809,1.000000,0.369625,0.015980,1.000000,-0.015001,0.071641,0.439124
15.823000,8.473000,14.984105,-0.111993,-0.223781,-0.000515,710.197919,610.352004,687.539776,634.977507,-1.046811,0.031957,-0.191665,-0.000515,1.315917,-0.143951,-0.032116,0.000000,14.984105,-0.111993,-0.223781,-0.000515,1.000000,0.367747,0.014734,1.000000,-0.016531,0.071868,0.438639
15.842000,8.492000,14.911723,-0.089482,-0.113035,0.000244,688.377909,630.930931,670.199702,650.573022,-1.117680,0.055027,-0.077968,0.000244,1.314403,-0.144509,-0.035067,0.000000,14.911723,-0.089482,-0.113035,0.000244,1.000000,0.363613,0.013403,1.000000,-0.017998,0.072140,0.438134
15.862000,8.512000,14.977224,-0.104223,-0.228654,0.000459,709.747747,609.768138,689.303925,633.493613,-1.050713,0.040660,-0.190588,0.000459,1.312937,-0.144883,-0.038065,0.000000,14.977224,-0.104223,-0.228654,0.000459,1.000000,0.359667,0.014838,1.000000,-0.019488,0.072320,0.437646
15.890000,8.540000,14.985896,-0.046533,-0.017793,0.000936,669.556108,653.678756,660.464971,664.238097,-1.040712,0.098035,0.023495,0.000936,1.311608,-0.144568,-0.041288,0.000000,14.985896,-0.046533,-0.017793,0.000936,1.000000,0.403550,0.011847,1.000000,-0.021086,0.072156,0.437203
15.905000,8.555000,14.867869,-0.166242,-0.266668,0.001318,719.259171,592.445987,687.208401,631.379045,-1.157136,-0.020988,-0.222671,0.001318,1.310005,-0.145253,-0.043997,0.000000,14.867869,-0.166242,-0.266668,0.001318,1.000000,0.335765,0.018392,1.000000,-0.022424,0.072497,0.436668
15.922000,8.572000,14.971238,-0.064412,-0.168033,0.001474,695.639548,624.744113,683.624735,640.117526,-1.052309,0.080979,-0.121146,0.001474,1.308547,-0.145390,-0.046886,0.000000,14.971238,-0.064412,-0.168033,0.001474,1.000000,0.361208,0.013197,1.000000,-0.023863,0.072558,0.436182
15.942000,8.592000,14.921399,-0.132353,-0.213830,0.002686,708.278352,607.012996,683.585296,638.804268,-1.100635,0.013260,-0.164149,0.002686,1.307034,-0.145613,-0.049681,0.000000,14.921399,-0.132353,-0.213830,0.002686,1.000000,0.348205,0.014827,1.000000,-0.025247,0.072666,0.435678
15.962000,8.612000,14.988520,-0.030188,-0.246827,0.003179,704.689850,613.987467,700.807520,623.405924,-1.032050,0.115446,-0.194330,0.003179,1.305570,-0.145633,-0.052497,0.000000,14.988520,-0.030188,-0.246827,0.003179,1.000000,0.363313,0.015761,1.000000,-0.026644,0.072673,0.435190
15.982000,8.632000,14.936341,-0.019595,-0.125619,0.002683,683.044648,635.963803,680.869563,642.376336,-1.082748,0.125981,-0.070358,0.002683,1.304090,-0.145576,-0.055261,0.000000,14.936341,-0.019595,-0.125619,0.002683,1.000000,0.365958,0.013806,1.000000,-0.028013,0.072641,0.434697
16.002000,8.652000,14.943859,-0.046861,-0.258216,0.001253,707.855699,609.732709,699.407690,621.373731,-1.073738,0.098643,-0.200246,0.001253,1.302597,-0.145504,-0.057969,0.000000,14.943859,-0.046861,-0.258216,0.001253,1.000000,0.354598,0.016512,1.000000,-0.029356,0.072603,0.434199
16.025000,8.675000,14.886126,-0.067507,-0.169651,-0.000050,694.930065,622.735297,681.233705,637.612888,-1.129874,0.078239,-0.109135,-0.000050,1.301000,-0.145746,-0.060516,0.000000,14.886126,-0.067507,-0.169651,-0.000050,1.000000,0.333509,0.014569,1.000000,-0.030613,0.072725,0.433667
16.042000,8.692000,14.974564,-0.047004,-0.242341,-0.000110,706.427141,613.937551,697.025992,624.418197,-1.039963,0.098485,-0.179209,-0.000110,1.299527,-0.145489,-0.063132,0.000000,14.974564,-0.047004,-0.242341,-0.000110,1.000000,0.349716,0.014997,1.000000,-0.031916,0.072592,0.433176
16.064000,8.714000,14.924801,-0.056978,-0.145930,-0.000371,690.945331,629.203385,679.110605,641.394713,-1.088207,0.088311,-0.080254,-0.000371,1.298008,-0.145289,-0.065675,0.000000,14.924801,-0.056978,-0.145930,-0.000371,1.000000,0.343484,0.013266,1.000000,-0.033176,0.072491,0.432669
16.082000,8.732000,14.990730,-0.028003,-0.250223,-0.001279,706.527651,615.517559,700.139010,620.769807,-1.020807,0.116873,-0.182016,-0.001279,1.296537,-0.144876,-0.068207,0.000000,14.990730,-0.028003,-0.250223,-0.001279,1.000000,0.347747,0.015100,1.000000,-0.034431,0.072283,0.432179
16.103000,8.753000,14.929958,-0.045207,-0.151892,-0.000962,691.037275,629.799408,681.210848,638.949122,-1.080065,0.099297,-0.081233,-0.000962,1.295024,-0.144504,-0.070659,0.000000,14.929958,-0.045207,-0.151892,-0.000962,1.000000,0.342208,0.013311,1.000000,-0.035646,0.072097,0.431675
16.122000,8.772000,15.018260,0.026872,-0.262046,-0.001362,703.592787,620.234951,707.999325,613.038445,-0.990317,0.170702,-0.188943,-0.001362,1.293576,-0.143829,-0.073104,0.000000,15.018260,0.026872,-0.262046,-0.001362,1.000000,0.355336,0.016291,1.000000,-0.036857,0.071759,0.431192
16.142000,8.792000,14.987202,-0.032629,-0.218486,-0.001692,701.979152,620.858177,694.345781,626.757193,-1.019912,0.110538,-0.143011,-0.001692,1.292113,-0.143166,-0.075475,0.000000,14.987202,-0.032629,-0.218486,-0.001692,1.000000,0.341531,0.013670,1.000000,-0.038032,0.071427,0.430704
16.162000,8.812000,14.909567,-0.060576,-0.217009,-0.001821,702.939538,616.198582,689.609610,628.261561,-1.096036,0.081984,-0.139240,-0.001821,1.290604,-0.142561,-0.077769,0.000000,14.909567,-0.060576,-0.217009,-0.001821,1.000000,0.337153,0.014624,1.000000,-0.039167,0.071125,0.430201
16.182000,8.832000,14.917680,-0.069887,-0.201633,-0.002376,701.752541,618.371941,686.138082,631.998228,-1.086418,0.072025,-0.121634,-0.002376,1.289098,-0.141912,-0.079999,0.000000,14.917680,-0.069887,-0.201633,-0.002376,1.000000,0.334408,0.013802,1.000000,-0.040273,0.070801,0.429699
16.203000,8.853000,14.906449,-0.067184,-0.183715,-0.002527,698.420285,621.723258,683.178245,634.563427,-1.096125,0.074081,-0.101550,-0.002527,1.287574,-0.141265,-0.082164,0.000000,14.906449,-0.067184,-0.183715,-0.002527,1.000000,0.335050,0.013596,1.000000,-0.041345,0.070479,0.429191
16.222000,8.872000,14.992178,0.038991,-0.195745,-0.001941,691.336578,633.109026,697.856757,622.884445,-1.008925,0.179313,-0.111464,-0.001941,1.286103,-0.140322,-0.084281,0.000000,14.992178,0.038991,-0.195745,-0.001941,1.000000,0.351510,0.014637,1.000000,-0.042393,0.070009,0.428701
16.241000,8.891000,14.959427,0.017030,-0.191976,-0.001449,692.076994,630.402822,694.527415,625.447549,-1.040182,0.156470,-0.105646,-0.001449,1.284609,-0.139440,-0.086330,0.000000,14.959427,0.017030,-0.191976,-0.001449,1.000000,0.345800,0.014384,1.000000,-0.043407,0.069570,0.428203
16.264000,8.914000,14.930907,0.011677,-0.200674,-0.000753,693.192177,627.308408,695.031649,624.095117,-1.067191,0.150252,-0.112361,-0.000753,1.283098,-0.138575,-0.088314,0.000000,14.930907,0.011677,-0.200674,-0.000753,1.000000,0.343464,0.014909,1.000000,-0.044388,0.069140,0.427699
16.283000,8.933000,14.995539,0.074950,-0.195804,-0.000192,687.195834,636.416869,702.093632,619.641496,-1.001105,0.212377,-0.105587,-0.000192,1.281644,-0.137426,-0.090217,0.000000,14.995539,0.074950,-0.195804,-0.000192,1.000000,0.355311,0.015647,1.000000,-0.045328,0.068569,0.427215
16.301000,8.951000,14.954374,0.015369,-0.221156,0.000240,696.300348,624.180755,699.526979,620.939911,-1.040776,0.151776,-0.129088,0.000240,1.280150,-0.136407,-0.092069,0.000000,14.954374,0.015369,-0.221156,0.000240,1.000000,0.337143,0.014802,1.000000,-0.046243,0.068062,0.426717
16.321000,8.971000,15.023324,0.110560,-0.212567,0.000548,686.672822,637.690789,709.098787,613.527193,-0.970386,0.245665,-0.118737,0.000548,1.278710,-0.135105,-0.093830,0.000000,15.023324,0.110560,-0.212567,0.000548,1.000000,0.355006,0.016862,1.000000,-0.047112,0.067416,0.426237
16.342000,8.992000,15.062202,0.103069,-0.209905,0.001060,687.650251,638.028570,708.910367,616.000395,-0.930105,0.236694,-0.114401,0.001060,1.277307,-0.133625,-0.095504,0.000000,15.062202,0.103069,-0.209905,0.001060,1.000000,0.354832,0.015562,1.000000,-0.047938,0.066679,0.425769
16.365000,9.015000,14.996796,0.051469,-0.268093,0.001104,700.860592,620.378883,711.734008,609.640667,-0.994024,0.183937,-0.170921,0.001104,1.275820,-0.132468,-0.097171,0.000000,14.996796,0.051469,-0.268093,0.001104,1.000000,0.327784,0.016186,1.000000,-0.048756,0.066108,0.425273
16.382000,9.032000,15.045790,0.054111,-0.178873,0.000947,687.220816,637.825453,698.729363,626.671665,-0.943656,0.184927,-0.080215,0.000947,1.274446,-0.130816,-0.098659,0.000000,15.045790,0.054111,-0.178873,0.000947,1.000000,0.351832,0.012968,1.000000,-0.049494,0.065284,0.424815
16.407000,9.057000,15.012962,-0.042914,-0.209744,0.000663,701.356294,620.926784,693.227002,631.014460,-0.975094,0.086322,-0.109642,0.000663,1.273056,-0.129236,-0.100102,0.000000,15.012962,-0.042914,-0.209744,0.000663,1.000000,0.333372,0.011455,1.000000,-0.050206,0.064498,0.424352
16.424000,9.074000,14.942376,-0.095320,-0.212431,-0.000035,705.735527,613.139000,686.645406,634.391524,-1.044253,0.032459,-0.110927,-0.000035,1.271628,-0.127779,-0.101504,0.000000,14.942376,-0.095320,-0.212431,-0.000035,1.000000,0.321434,0.012240,1.000000,-0.050898,0.063773,0.423876
16.443000,9.093000,14.918227,-0.061433,-0.141760,0.000133,690.406960,629.098429,677.992951,642.659046,-1.066964,0.064838,-0.038939,0.000133,1.270191,-0.126271,-0.102821,0.000000,14.918227,-0.061433,-0.141760,0.000133,1.000000,0.330922,0.011956,1.000000,-0.051549,0.063023,0.423397
16.465000,9.115000,15.028689,0.125875,-0.256342,0.000128,692.521240,631.906603,717.470236,603.637535,-0.955067,0.250657,-0.152241,0.000128,1.268757,-0.124782,-0.104100,0.000000,15.028689,0.125875,-0.256342,0.000128,1.000000,0.351116,0.017722,1.000000,-0.052178,0.062284,0.422919
16.486000,9.136000,15.045897,0.096669,-0.187987,-0.000117,684.757685,641.283121,704.065931,619.839031,-0.936505,0.219651,-0.082788,-0.000117,1.267402,-0.122982,-0.105200,0.000000,15.045897,0.096669,-0.187987,-0.000117,1.000000,0.362932,0.014280,1.000000,-0.052723,0.061385,0.422467
16.505000,9.155000,14.983680,0.125371,-0.232070,-0.002587,688.578184,636.212077,711.798213,605.975156,-0.997345,0.246614,-0.125815,-0.002587,1.266025,-0.121243,-0.106256,0.000000,14.983680,0.125371,-0.232070,-0.002587,1.000000,0.370824,0.017612,1.000000,-0.053245,0.060519,0.422008
16.523000,9.173000,15.039229,0.207643,-0.188935,-0.002468,674.202088,653.827683,714.205693,605.918658,-0.940461,0.326939,-0.081769,-0.002468,1.264690,-0.119296,-0.107166,0.000000,15.039229,0.207643,-0.188935,-0.002468,1.000000,0.387580,0.020203,1.000000,-0.053695,0.059547,0.421563
16.548000,9.198000,14.939710,0.125949,-0.284028,-0.003001,696.171216,626.165941,718.990432,594.928029,-1.038524,0.243737,-0.175816,-0.003001,1.263234,-0.117788,-0.108212,0.000000,14.939710,0.125949,-0.284028,-0.003001,1.000000,0.340047,0.019818,1.000000,-0.054213,0.058795,0.421078
16.564000,9.214000,15.036222,0.133244,-0.169851,-0.002138,678.509221,648.973247,703.918582,617.958071,-0.940695,0.249012,-0.060900,-0.002138,1.261917,-0.115768,-0.108951,0.000000,15.036222,0.133244,-0.169851,-0.002138,1.000000,0.368870,0.015421,1.000000,-0.054580,0.057786,0.420639
16.584000,9.234000,15.071684,0.129459,-0.171151,-0.001070,679.511628,648.720907,704.839827,619.426210,-0.903939,0.243074,-0.061586,-0.001070,1.260623,-0.113615,-0.109565,0.000000,15.071684,0.129459,-0.171151,-0.001070,1.000000,0.371203,0.014459,1.000000,-0.054883,0.056711,0.420208
16.604000,9.254000,15.024960,0.012344,-0.121945,0.000152,681.939898,643.123572,684.559442,640.566617,-0.949354,0.123826,-0.011820,0.000152,1.259314,-0.111482,-0.110125,0.000000,15.024960,0.012344,-0.121945,0.000152,1.000000,0.355218,0.010560,1.000000,-0.055159,0.055645,0.419771
16.626000,9.276000,14.945123,0.038978,-0.303520,-0.001314,707.478511,612.277776,714.256212,602.234266,-1.027777,0.148749,-0.192634,-0.001314,1.257900,-0.109772,-0.110886,0.000000,14.945123,0.038978,-0.303520,-0.001314,1.000000,0.324329,0.016487,1.000000,-0.055535,0.054793,0.419300
16.645000,9.295000,14.912730,0.059345,-0.320935,-0.001700,707.699954,610.780255,718.184777,595.640413,-1.058665,0.167762,-0.209070,-0.001700,1.256395,-0.108418,-0.111866,0.000000,14.912730,0.059345,-0.320935,-0.001700,1.000000,0.313529,0.018393,1.000000,-0.056023,0.054116,0.418798
16.664000,9.314000,15.071194,0.117114,-0.130897,-0.002004,674.402582,654.704311,696.833347,627.672098,-0.898932,0.223225,-0.018773,-0.002004,1.255126,-0.106111,-0.112124,0.000000,15.071194,0.117114,-0.130897,-0.002004,1.000000,0.377480,0.013099,1.000000,-0.056150,0.052962,0.418375
16.685000,9.335000,15.115334,0.190116,-0.111182,-0.002397,664.598329,666.881270,701.723896,623.963953,-0.853561,0.293773,0.001038,-0.002397,1.253895,-0.103656,-0.112220,0.000000,15.115334,0.190116,-0.111182,-0.002397,1.000000,0.399298,0.015917,1.000000,-0.056197,0.051734,0.417965
16.702000,9.352000,15.040550,0.117212,-0.067480,-0.001682,662.942812,664.723216,685.986541,638.351963,-0.927086,0.218473,0.044808,-0.001682,1.252636,-0.101261,-0.112288,0.000000,15.040550,0.117212,-0.067480,-0.001682,1.000000,0.383637,0.013569,1.000000,-0.056231,0.050534,0.417545
16.723000,9.373000,15.036574,0.231526,-0.117684,0.000228,658.684234,667.375929,706.088674,617.364516,-0.929821,0.330344,-0.005422,0.000228,1.251395,-0.098818,-0.112262,0.000000,15.036574,0.231526,-0.117684,0.000228,1.000000,0.401509,0.019561,1.000000,-0.056218,0.049310,0.417132
16.741000,9.391000,14.965873,0.098939,-0.139678,0.000973,674.435393,647.712061,695.214305,626.871826,-0.999248,0.195343,-0.027480,0.000973,1.250120,-0.096404,-0.112197,0.000000,14.965873,0.098939,-0.139678,0.000973,1.000000,0.374003,0.013876,1.000000,-0.056184,0.048102,0.416707
16.763000,9.413000,14.986578,0.131418,-0.133790,-0.000006,670.876664,653.057438,697.619140,624.399955,-0.977286,0.225320,-0.021791,-0.000006,1.248864,-0.093902,-0.111999,0.000000,14.986578,0.131418,-0.133790,-0.000006,1.000000,0.384899,0.014675,1.000000,-0.056084,0.046851,0.416288
16.783000,9.433000,14.982055,0.200798,-0.255224,-0.000359,683.931954,639.434217,723.433509,593.787117,-0.980540,0.292234,-0.143434,-0.000359,1.247595,-0.091436,-0.111790,0.000000,14.982055,0.200798,-0.255224,-0.000359,1.000000,0.387504,0.020212,1.000000,-0.055976,0.045618,0.415865
16.802000,9.452000,14.948027,0.183399,-0.265057,-0.000779,686.729900,635.185439,722.464332,592.945555,-1.013273,0.272381,-0.153521,-0.000779,1.246300,-0.088982,-0.111537,0.000000,14.948027,0.183399,-0.265057,-0.000779,1.000000,0.385509,0.020043,1.000000,-0.055847,0.044393,0.415433
16.824000,9.474000,15.002774,0.143928,-0.123951,-0.001458,668.780839,657.004223,697.137720,624.562622,-0.957266,0.230332,-0.012856,-0.001458,1.245039,-0.086403,-0.111095,0.000000,15.002774,0.143928,-0.123951,-0.001458,1.000000,0.399863,0.014486,1.000000,-0.055625,0.043101,0.415013
16.843000,9.493000,15.057278,0.273236,-0.175739,-0.003439,665.900813,663.790076,718.563192,600.835599,-0.901538,0.356959,-0.065247,-0.003439,1.243815,-0.083723,-0.110493,0.000000,15.057278,0.273236,-0.175739,-0.003439,1.000000,0.424781,0.021297,1.000000,-0.055324,0.041759,0.414605
16.863000,9.513000,14.991800,0.127865,-0.142716,-0.003874,674.185909,652.770434,697.526212,621.723010,-0.965752,0.208967,-0.032827,-0.003874,1.242552,-0.081102,-0.109889,0.000000,14.991800,0.127865,-0.142716,-0.003874,1.000000,0.404681,0.013803,1.000000,-0.055025,0.040442,0.414184
16.882000,9.532000,15.011352,0.156940,-0.099372,-0.004528,664.531779,663.938520,693.620556,626.481488,-0.944955,0.235344,0.009766,-0.004528,1.241308,-0.078404,-0.109138,0.000000,15.011352,0.156940,-0.099372,-0.004528,1.000000,0.419250,0.014480,1.000000,-0.054653,0.039085,0.413769
16.902000,9.552000,15.053086,0.256830,-0.124295,-0.006289,659.800232,671.742710,707.834482,610.968895,-0.902010,0.332452,-0.016058,-0.006289,1.240096,-0.075622,-0.108237,0.000000,15.053086,0.256830,-0.124295,-0.006289,1.000000,0.435474,0.019218,1.000000,-0.054205,0.037687,0.413365
16.923000,9.573000,15.038451,0.223484,-0.130727,-0.005960,663.962440,666.746821,705.377758,613.367788,-0.915430,0.296305,-0.023466,-0.005960,1.238881,-0.072821,-0.107261,0.000000,15.038451,0.223484,-0.130727,-0.005960,1.000000,0.432680,0.017218,1.000000,-0.053720,0.036279,0.412960
16.947000,9.597000,14.972733,0.087400,-0.141918,-0.004132,677.897195,648.249560,692.856952,625.831310,-0.979895,0.157459,-0.035622,-0.004132,1.237627,-0.070060,-0.106296,0.000000,14.972733,0.087400,-0.141918,-0.004132,1.000000,0.419490,0.012210,1.000000,-0.053240,0.034890,0.412542
16.962000,9.612000,15.005116,0.253136,-0.145351,-0.005190,662.325174,666.350410,710.182635,606.810458,-0.946289,0.320330,-0.040217,-0.005190,1.236405,-0.067195,-0.105134,0.000000,15.005116,0.253136,-0.145351,-0.005190,1.000000,0.442073,0.019380,1.000000,-0.052660,0.033451,0.412135
16.982000,9.632000,15.007676,0.169123,-0.171231,-0.003682,674.959880,652.538364,706.580757,612.324867,-0.942506,0.233450,-0.067290,-0.003682,1.235182,-0.064327,-0.103941,0.000000,15.007676,0.169123,-0.171231,-0.003682,1.000000,0.431647,0.014787,1.000000,-0.052064,0.032012,0.411727
17.004000,9.654000,15.036484,0.244506,-0.107892,-0.002485,656.590539,671.404303,704.914253,616.560033,-0.912489,0.305914,-0.005268,-0.002485,1.233974,-0.061408,-0.102624,0.000000,15.036484,0.244506,-0.107892,-0.002485,1.000000,0.449771,0.017688,1.000000,-0.051406,0.030547,0.411325
17.027000,9.677000,15.048989,0.218568,-0.079759,-0.001800,654.554729,673.436239,698.317185,625.142285,-0.898804,0.276981,0.021351,-0.001800,1.232793,-0.058413,-0.101110,0.000000,15.048989,0.218568,-0.079759,-0.001800,1.000000,0.461811,0.015796,1.000000,-0.050650,0.029042,0.410931
17.045000,9.695000,15.038160,0.235913,-0.072554,-0.001473,651.104680,676.068632,698.767924,624.386520,-0.908440,0.291338,0.027031,-0.001473,1.231600,-0.055425,-0.099585,0.000000,15.038160,0.235913,-0.072554,-0.001473,1.000000,0.460706,0.016814,1.000000,-0.049888,0.027541,0.410533
17.062000,9.712000,14.976082,0.110012,-0.094164,-0.001284,666.654839,657.846895,688.387472,633.096345,-0.969289,0.162477,0.003918,-0.001284,1.230371,-0.052465,-0.098083,0.000000,14.976082,0.110012,-0.094164,-0.001284,1.000000,0.450268,0.012037,1.000000,-0.049137,0.026054,0.410124
17.084000,9.734000,15.009456,0.251369,-0.108182,-0.001803,655.067604,671.219765,705.302065,615.372278,-0.934705,0.300838,-0.011691,-0.001803,1.229161,-0.049469,-0.096491,0.000000,15.009456,0.251369,-0.108182,-0.001803,1.000000,0.455595,0.017801,1.000000,-0.048340,0.024549,0.409720
17.103000,9.753000,14.988648,0.151131,-0.095557,-0.002549,663.302778,662.713452,692.601662,628.086523,-0.954223,0.197730,-0.000344,-0.002549,1.227871,-0.046599,-0.095214,0.000000,14.988648,0.151131,-0.095557,-0.002549,1.000000,0.434552,0.013016,1.000000,-0.047703,0.023101,0.409290
17.123000,9.773000,15.011487,0.290484,-0.113237,-0.003391,652.380351,675.067301,709.477052,609.382870,-0.930175,0.334043,-0.019734,-0.003391,1.226663,-0.043559,-0.093503,0.000000,15.011487,0.290484,-0.113237,-0.003391,1.000000,0.462327,0.019851,1.000000,-0.046844,0.021580,0.408888
17.149000,9.799000,15.031059,0.331601,-0.031988,-0.004997,634.755306,693.622364,700.451976,619.395955,-0.909345,0.372202,0.060001,-0.004997,1.225404,-0.040600,-0.091989,0.000000,15.031059,0.331601,-0.031988,-0.004997,1.000000,0.458627,0.022485,1.000000,-0.046088,0.020087,0.408468
17.164000,9.814000,15.040639,0.257959,-0.008636,-0.005109,638.943691,690.251607,689.457937,631.967308,-0.898584,0.295444,0.081358,-0.005109,1.224222,-0.037485,-0.089995,0.000000,15.040639,0.257959,-0.008636,-0.005109,1.000000,0.486975,0.017468,1.000000,-0.045086,0.018527,0.408074
17.184000,9.834000,15.050020,0.227752,-0.016880,-0.005116,643.884775,686.049576,687.947207,634.039145,-0.888056,0.262090,0.070940,-0.005116,1.223076,-0.034338,-0.087820,0.000000,15.050020,0.227752,-0.016880,-0.005116,1.000000,0.494838,0.015261,1.000000,-0.043996,0.016947,0.407692
17.204000,9.854000,15.011467,0.213412,-0.070746,-0.005678,654.091465,675.062092,694.264762,624.876588,-0.925425,0.244637,0.015044,-0.005678,1.221892,-0.031225,-0.085790,0.000000,15.011467,0.213412,-0.070746,-0.005678,1.000000,0.476107,0.014575,1.000000,-0.042978,0.015384,0.407297
17.223000,9.873000,15.062546,0.222758,0.026981,-0.006145,637.385491,693.344973,680.145261,642.190613,-0.873212,0.250808,0.110455,-0.006145,1.220757,-0.028049,-0.083475,0.000000,15.062546,0.222758,0.026981,-0.006145,1.000000,0.501224,0.015139,1.000000,-0.041815,0.013791,0.406919
17.244000,9.894000,14.951933,0.296134,-0.125887,-0.004784,653.118571,672.775393,710.353393,604.369087,-0.982488,0.321182,-0.043706,-0.004784,1.219420,-0.025048,-0.082180,0.000000,14.951933,0.296134,-0.125887,-0.004784,1.000000,0.431594,0.020162,1.000000,-0.041162,0.012285,0.406473
17.264000,9.914000,15.084906,0.100818,0.093460,-0.003602,638.560877,691.416028,657.644008,668.055210,-0.848401,0.122652,0.173094,-0.003602,1.218307,-0.021834,-0.079634,0.000000,15.084906,0.100818,0.093460,-0.003602,1.000000,0.525847,0.011700,1.000000,-0.039882,0.010678,0.406102
17.283000,9.933000,15.122770,0.292412,0.094477,-0.005358,618.685570,712.018422,677.672977,648.117334,-0.809459,0.311006,0.171351,-0.005358,1.217229,-0.018594,-0.076874,0.000000,15.122770,0.292412,0.094477,-0.005358,1.000000,0.532084,0.019164,1.000000,-0.038494,0.009058,0.405743
17.306000,9.956000,15.026078,0.234748,-0.069629,-0.007420,652.570993,678.416011,695.947091,622.325041,-0.905027,0.250127,0.004678,-0.007420,1.216105,-0.015379,-0.074307,0.000000,15.026078,0.234748,-0.069629,-0.007420,1.000000,0.497918,0.014455,1.000000,-0.037202,0.007451,0.405368
17.325000,9.975000,15.053271,0.275449,0.053295,-0.007054,627.019698,702.977684,680.677892,640.511712,-0.876746,0.287592,0.124769,-0.007054,1.215017,-0.012143,-0.071474,0.000000,15.053271,0.275449,0.053295,-0.007054,1.000000,0.529218,0.017519,1.000000,-0.035776,0.005836,0.405006
17.344000,9.994000,15.010675,0.265723,-0.072665,-0.005190,648.639083,679.918688,699.945538,618.854057,-0.918231,0.274632,-0.004015,-0.005190,1.213907,-0.008909,-0.068650,0.000000,15.010675,0.265723,-0.072665,-0.005190,1.000000,0.515997,0.015978,1.000000,-0.034354,0.004225,0.404636
