t,t_rel,x,y,z,phi,theta,psi,vx,vy,vz,p,q,r,ref_x,ref_y,ref_z,ref_phi,ref_theta,ref_psi,ref_vx,ref_vy,ref_vz,ref_p,ref_q,ref_r,err_x,err_y,err_z,err_phi,err_theta,err_psi,err_vx,err_vy,err_vz,err_3d,err_vel_3d
7.350000,0.000000,-0.000000,0.000000,1.022059,0.000000,0.000000,0.000000,-0.000001,0.000002,0.063603,0.000000,0.000000,-0.000000,0.000061,0.000001,1.003300,0.000000,0.000000,0.000000,0.005528,0.000115,0.150000,0.000000,0.000000,0.000000,-0.000061,-0.000001,0.018759,0.000000,0.000000,0.000000,-0.005529,-0.000112,-0.086397,0.018759,0.086573
7.360000,0.010000,-0.000000,0.000000,1.021680,0.000000,0.000000,0.000000,-0.000001,0.000002,0.062029,0.000000,0.000000,-0.000000,0.000061,0.000001,1.003300,0.000000,0.000000,0.000000,0.005528,0.000115,0.150000,0.000000,0.000000,0.000000,-0.000061,-0.000001,0.018380,0.000000,0.000000,0.000000,-0.005529,-0.000112,-0.087971,0.018380,0.088145
7.373000,0.023000,-0.000000,0.000000,1.021545,-0.000010,0.000026,-0.000000,-0.000000,0.000003,0.081539,-0.014492,0.037676,-0.000008,0.000061,0.000001,1.003300,0.000000,0.000000,0.000000,0.005528,0.000115,0.150000,0.000000,0.000000,0.000000,-0.000061,-0.000001,0.018245,-0.000010,0.000026,-0.000000,-0.005528,-0.000112,-0.068461,0.018245,0.068683
7.380000,0.030000,-0.000000,0.000000,1.022360,-0.000155,0.000402,-0.000000,0.000003,0.000004,0.103247,-0.028135,0.073106,-0.000006,0.000201,0.000005,1.006000,0.000000,0.000000,0.000000,0.010045,0.000379,0.150000,0.000000,0.000000,0.000000,-0.000201,-0.000005,0.016360,-0.000155,0.000402,-0.000000,-0.010042,-0.000375,-0.046753,0.016361,0.047820
7.390000,0.040000,0.000000,0.000000,1.022383,-0.000231,0.000613,-0.000001,0.000038,0.000017,0.120103,-0.024049,0.064624,-0.000035,0.000201,0.000005,1.006000,0.000000,0.000000,0.000000,0.010045,0.000379,0.150000,0.000000,0.000000,0.000000,-0.000201,-0.000005,0.016383,-0.000231,0.000613,-0.000001,-0.010007,-0.000362,-0.029897,0.016384,0.031530
7.400000,0.050000,0.000001,0.000001,1.023250,-0.000523,0.001396,-0.000001,0.000133,0.000053,0.138919,-0.037867,0.102051,-0.000029,0.000483,0.000019,1.009300,0.000000,0.000000,0.000000,0.015551,0.000910,0.150000,0.000000,0.000000,0.000000,-0.000481,-0.000018,0.013950,-0.000523,0.001396,-0.000001,-0.015418,-0.000857,-0.011081,0.013959,0.019006
7.410000,0.060000,0.000002,0.000001,1.024639,-0.000902,0.002417,-0.000002,0.000291,0.000112,0.153679,-0.044352,0.120023,-0.000005,0.000483,0.000019,1.009300,0.000000,0.000000,0.000000,0.015551,0.000910,0.150000,0.000000,0.000000,0.000000,-0.000480,-0.000018,0.015339,-0.000902,0.002417,-0.000002,-0.015260,-0.000798,0.003679,0.015347,0.015717
7.420000,0.070000,0.000005,0.000002,1.024737,-0.001252,0.003355,-0.000003,0.000545,0.000207,0.164253,-0.044985,0.121525,-0.000002,0.000803,0.000040,1.012000,0.000000,0.000000,0.000000,0.020039,0.001514,0.150000,0.000000,0.000000,0.000000,-0.000798,-0.000038,0.012737,-0.001252,0.003355,-0.000003,-0.019493,-0.001307,0.014253,0.012762,0.024184
7.431000,0.081000,0.000016,0.000006,1.025628,-0.001766,0.004743,-0.000005,0.000968,0.000365,0.172349,-0.048078,0.133474,0.000068,0.000803,0.000040,1.012000,0.000000,0.000000,0.000000,0.020039,0.001514,0.150000,0.000000,0.000000,0.000000,-0.000787,-0.000034,0.013628,-0.001766,0.004743,-0.000005,-0.019070,-0.001149,0.022349,0.013650,0.029402
7.440000,0.090000,0.000032,0.000012,1.027196,-0.002339,0.006331,-0.000005,0.001557,0.000584,0.182179,-0.054026,0.153599,0.000258,0.001278,0.000081,1.015150,0.000000,0.000000,0.000000,0.025248,0.002411,0.150000,0.000000,0.000000,0.000000,-0.001246,-0.000069,0.012046,-0.002339,0.006331,-0.000005,-0.023691,-0.001827,0.032179,0.012110,0.040001
7.450000,0.100000,0.000057,0.000022,1.028681,-0.002925,0.008001,-0.000005,0.002310,0.000862,0.189153,-0.053537,0.154931,0.000394,0.001278,0.000081,1.015150,0.000000,0.000000,0.000000,0.025248,0.002411,0.150000,0.000000,0.000000,0.000000,-0.001222,-0.000060,0.013531,-0.002925,0.008001,-0.000005,-0.022938,-0.001549,0.039153,0.013586,0.045403
7.460000,0.110000,0.000091,0.000034,1.030155,-0.003504,0.009692,-0.000005,0.003248,0.001204,0.195891,-0.052795,0.157017,0.000526,0.001803,0.000136,1.018000,0.000000,0.000000,0.000000,0.029931,0.003400,0.150000,0.000000,0.000000,0.000000,-0.001712,-0.000102,0.012155,-0.003504,0.009692,-0.000005,-0.026683,-0.002196,0.045891,0.012275,0.053130
7.471000,0.121000,0.000137,0.000051,1.031674,-0.004062,0.011360,-0.000005,0.004349,0.001601,0.200257,-0.047660,0.143654,0.000548,0.001803,0.000136,1.018000,0.000000,0.000000,0.000000,0.029931,0.003400,0.150000,0.000000,0.000000,0.000000,-0.001666,-0.000085,0.013674,-0.004062,0.011360,-0.000005,-0.025582,-0.001799,0.050257,0.013775,0.056422
7.480000,0.130000,0.000195,0.000073,1.033232,-0.004582,0.012943,-0.000004,0.005628,0.002059,0.204610,-0.043838,0.134858,0.000607,0.002450,0.000216,1.021000,0.000000,0.000000,0.000000,0.034824,0.004623,0.150000,0.000000,0.000000,0.000000,-0.002255,-0.000143,0.012232,-0.004582,0.012943,-0.000004,-0.029195,-0.002564,0.054610,0.012439,0.061977
7.490000,0.140000,0.000269,0.000100,1.034845,-0.005058,0.014400,-0.000004,0.007056,0.002564,0.207436,-0.040995,0.121327,0.000582,0.002450,0.000216,1.021000,0.000000,0.000000,0.000000,0.034824,0.004623,0.150000,0.000000,0.000000,0.000000,-0.002181,-0.000116,0.013845,-0.005058,0.014400,-0.000004,-0.027767,-0.002059,0.057436,0.014016,0.063829
7.500000,0.150000,0.000340,0.000125,1.036919,-0.005478,0.015675,-0.000003,0.008529,0.003081,0.211533,-0.036665,0.106152,0.000546,0.003195,0.000322,1.024000,0.000000,0.000000,0.000000,0.039672,0.006030,0.150000,0.000000,0.000000,0.000000,-0.002856,-0.000197,0.012919,-0.005478,0.015675,-0.000003,-0.031144,-0.002949,0.061533,0.013232,0.069028
7.510000,0.160000,0.000402,0.000148,1.037195,-0.005853,0.016770,-0.000003,0.010025,0.003603,0.209268,-0.034658,0.091849,0.000471,0.003195,0.000322,1.024000,0.000000,0.000000,0.000000,0.039672,0.006030,0.150000,0.000000,0.000000,0.000000,-0.002794,-0.000175,0.013195,-0.005853,0.016770,-0.000003,-0.029647,-0.002427,0.059268,0.013489,0.066314
7.522000,0.172000,0.000539,0.000197,1.038843,-0.006204,0.017727,-0.000004,0.011886,0.004255,0.211046,-0.031117,0.074585,0.000380,0.004126,0.000474,1.027300,0.000000,0.000000,0.000000,0.044947,0.007789,0.150000,0.000000,0.000000,0.000000,-0.003587,-0.000277,0.011543,-0.006204,0.017727,-0.000004,-0.033061,-0.003535,0.061046,0.012090,0.069514
7.530000,0.180000,0.000658,0.000240,1.040953,-0.006515,0.018473,-0.000005,0.013677,0.004881,0.213957,-0.030885,0.062367,0.000271,0.004126,0.000474,1.027300,0.000000,0.000000,0.000000,0.044947,0.007789,0.150000,0.000000,0.000000,0.000000,-0.003468,-0.000234,0.013653,-0.006515,0.018473,-0.000005,-0.031270,-0.002908,0.063957,0.014089,0.071252
7.540000,0.190000,0.000781,0.000283,1.042007,-0.006824,0.019287,-0.000005,0.015499,0.005521,0.213701,-0.030754,0.062527,0.000309,0.004974,0.000628,1.030000,0.000000,0.000000,0.000000,0.049212,0.009392,0.150000,0.000000,0.000000,0.000000,-0.004193,-0.000345,0.012007,-0.006824,0.019287,-0.000005,-0.033713,-0.003871,0.063701,0.012722,0.072176
7.550000,0.200000,0.000997,0.000360,1.044021,-0.007124,0.019824,-0.000005,0.017664,0.006293,0.215531,-0.031042,0.047461,0.000274,0.004974,0.000628,1.030000,0.000000,0.000000,0.000000,0.049212,0.009392,0.150000,0.000000,0.000000,0.000000,-0.003977,-0.000268,0.014021,-0.007124,0.019824,-0.000005,-0.031548,-0.003099,0.065531,0.014576,0.072796
7.560000,0.210000,0.001240,0.000447,1.046425,-0.007431,0.020192,-0.000005,0.019904,0.007103,0.218451,-0.031625,0.029903,0.000225,0.006005,0.000835,1.033000,0.000000,0.000000,0.000000,0.053891,0.011343,0.150000,0.000000,0.000000,0.000000,-0.004765,-0.000388,0.013425,-0.007431,0.020192,-0.000005,-0.033988,-0.004240,0.068451,0.014251,0.076542
7.570000,0.220000,0.001490,0.000536,1.048574,-0.007755,0.020462,-0.000004,0.022116,0.007923,0.220258,-0.033302,0.022427,0.000198,0.006005,0.000835,1.033000,0.000000,0.000000,0.000000,0.053891,0.011343,0.150000,0.000000,0.000000,0.000000,-0.004515,-0.000299,0.015574,-0.007755,0.020462,-0.000004,-0.031775,-0.003420,0.070258,0.016218,0.077185
7.580000,0.230000,0.001750,0.000630,1.050575,-0.008100,0.020658,-0.000004,0.024307,0.008759,0.221576,-0.035605,0.015562,0.000168,0.006005,0.000835,1.033000,0.000000,0.000000,0.000000,0.053891,0.011343,0.150000,0.000000,0.000000,0.000000,-0.004255,-0.000205,0.017575,-0.008100,0.020658,-0.000004,-0.029584,-0.002584,0.071576,0.018084,0.077492
7.590000,0.240000,0.002024,0.000729,1.052507,-0.008473,0.020799,-0.000003,0.026470,0.009614,0.221764,-0.037577,0.016883,0.000147,0.007129,0.001083,1.036000,0.000000,0.000000,0.000000,0.058502,0.013472,0.150000,0.000000,0.000000,0.000000,-0.005105,-0.000354,0.016507,-0.008473,0.020799,-0.000003,-0.032033,-0.003858,0.071764,0.017282,0.078683
7.600000,0.250000,0.002288,0.000825,1.054725,-0.008848,0.020968,-0.000003,0.028532,0.010454,0.222785,-0.038852,0.020505,0.000102,0.008345,0.001375,1.039000,0.000000,0.000000,0.000000,0.063038,0.015776,0.150000,0.000000,0.000000,0.000000,-0.006056,-0.000550,0.015725,-0.008848,0.020968,-0.000003,-0.034507,-0.005322,0.072785,0.016860,0.080726
7.613000,0.263000,0.002515,0.000911,1.055452,-0.009260,0.021008,-0.000003,0.030387,0.011266,0.219095,-0.039946,0.015321,0.000087,0.008345,0.001375,1.039000,0.000000,0.000000,0.000000,0.063038,0.015776,0.150000,0.000000,0.000000,0.000000,-0.005830,-0.000465,0.016452,-0.009260,0.021008,-0.000003,-0.032651,-0.004510,0.069095,0.017461,0.076555
7.620000,0.270000,0.002819,0.001023,1.057643,-0.009660,0.021161,-0.000003,0.032463,0.012181,0.219763,-0.039462,0.019691,0.000054,0.009650,0.001715,1.042000,0.000000,0.000000,0.000000,0.067494,0.018253,0.150000,0.000000,0.000000,0.000000,-0.006831,-0.000692,0.015643,-0.009660,0.021161,-0.000003,-0.035032,-0.006072,0.069763,0.017084,0.078301
7.630000,0.280000,0.003046,0.001110,1.058589,-0.010107,0.021216,-0.000004,0.034204,0.013013,0.217159,-0.042214,0.016573,0.000015,0.009650,0.001715,1.042000,0.000000,0.000000,0.000000,0.067494,0.018253,0.150000,0.000000,0.000000,0.000000,-0.006604,-0.000605,0.016589,-0.010107,0.021216,-0.000004,-0.033290,-0.005240,0.067159,0.017866,0.075140
7.640000,0.290000,0.003356,0.001230,1.060147,-0.010559,0.021348,-0.000006,0.036193,0.013975,0.216404,-0.043795,0.018650,-0.000042,0.011116,0.002128,1.045150,0.000000,0.000000,0.000000,0.072080,0.021037,0.150000,0.000000,0.000000,0.000000,-0.007760,-0.000898,0.014997,-0.010559,0.021348,-0.000006,-0.035887,-0.007063,0.066404,0.016909,0.075811
7.650000,0.300000,0.003707,0.001367,1.061874,-0.011024,0.021516,-0.000009,0.038275,0.015011,0.216403,-0.044027,0.020370,-0.000076,0.011116,0.002128,1.045150,0.000000,0.000000,0.000000,0.072080,0.021037,0.150000,0.000000,0.000000,0.000000,-0.007409,-0.000761,0.016724,-0.011024,0.021516,-0.000009,-0.033806,-0.006026,0.066403,0.018308,0.074756
7.660000,0.310000,0.004087,0.001517,1.063672,-0.011499,0.021717,-0.000012,0.040406,0.016107,0.216605,-0.044787,0.023315,-0.000103,0.012524,0.002553,1.048000,0.000000,0.000000,0.000000,0.076142,0.023715,0.150000,0.000000,0.000000,0.000000,-0.008437,-0.001035,0.015672,-0.011499,0.021717,-0.000012,-0.035736,-0.007607,0.066605,0.017829,0.075968
7.670000,0.320000,0.004637,0.001740,1.066041,-0.012003,0.022008,-0.000016,0.043109,0.017487,0.218548,-0.044383,0.025142,-0.000072,0.012524,0.002553,1.048000,0.000000,0.000000,0.000000,0.076142,0.023715,0.150000,0.000000,0.000000,0.000000,-0.007887,-0.000813,0.018041,-0.012003,0.022008,-0.000016,-0.033033,-0.006228,0.068548,0.019706,0.076347
7.680000,0.330000,0.005210,0.001975,1.068559,-0.012502,0.022323,-0.000021,0.045822,0.018913,0.220879,-0.043954,0.027792,-0.000030,0.014089,0.003056,1.051000,0.000000,0.000000,0.000000,0.080322,0.026694,0.150000,0.000000,0.000000,0.000000,-0.008879,-0.001082,0.017559,-0.012502,0.022323,-0.000021,-0.034500,-0.007781,0.070879,0.019706,0.079212
7.690000,0.340000,0.005668,0.002164,1.070768,-0.012942,0.022600,-0.000024,0.048032,0.020150,0.221728,-0.039514,0.025034,0.000003,0.014089,0.003056,1.051000,0.000000,0.000000,0.000000,0.080322,0.026694,0.150000,0.000000,0.000000,0.000000,-0.008421,-0.000893,0.019768,-0.012942,0.022600,-0.000024,-0.032291,-0.006544,0.071728,0.021505,0.078934
7.703000,0.353000,0.006104,0.002355,1.071992,-0.013447,0.022876,-0.000028,0.050102,0.021397,0.218982,-0.043355,0.022090,0.000032,0.015736,0.003621,1.054000,0.000000,0.000000,0.000000,0.084400,0.029834,0.150000,0.000000,0.000000,0.000000,-0.009632,-0.001267,0.017992,-0.013447,0.022876,-0.000028,-0.034297,-0.008437,0.068982,0.020447,0.077498
7.710000,0.360000,0.006724,0.002624,1.074316,-0.013920,0.023160,-0.000031,0.052790,0.022929,0.219522,-0.041913,0.019419,0.000092,0.015736,0.003621,1.054000,0.000000,0.000000,0.000000,0.084400,0.029834,0.150000,0.000000,0.000000,0.000000,-0.009012,-0.000998,0.020316,-0.013920,0.023160,-0.000031,-0.031610,-0.006906,0.069522,0.022247,0.076682
7.720000,0.370000,0.007252,0.002853,1.076511,-0.014339,0.023354,-0.000032,0.055066,0.024296,0.219667,-0.038877,0.014343,0.000109,0.017464,0.004251,1.057000,0.000000,0.000000,0.000000,0.088368,0.033132,0.150000,0.000000,0.000000,0.000000,-0.010212,-0.001398,0.019511,-0.014339,0.023354,-0.000032,-0.033303,-0.008836,0.069667,0.022066,0.077721
7.731000,0.381000,0.007703,0.003062,1.077533,-0.014805,0.023547,-0.000034,0.057011,0.025597,0.216607,-0.039229,0.013675,0.000109,0.017464,0.004251,1.057000,0.000000,0.000000,0.000000,0.088368,0.033132,0.150000,0.000000,0.000000,0.000000,-0.009761,-0.001189,0.020533,-0.014805,0.023547,-0.000034,-0.031357,-0.007536,0.066607,0.022766,0.074003
7.740000,0.390000,0.008273,0.003318,1.079699,-0.015197,0.023684,-0.000035,0.059331,0.027054,0.216963,-0.034312,0.008201,0.000105,0.019455,0.005021,1.060300,0.000000,0.000000,0.000000,0.092602,0.036939,0.150000,0.000000,0.000000,0.000000,-0.011182,-0.001703,0.019399,-0.015197,0.023684,-0.000035,-0.033272,-0.009884,0.066963,0.022456,0.075424
7.750000,0.400000,0.008667,0.003505,1.080665,-0.015643,0.023766,-0.000036,0.060954,0.028254,0.214178,-0.038475,0.006692,0.000140,0.019455,0.005021,1.060300,0.000000,0.000000,0.000000,0.092602,0.036939,0.150000,0.000000,0.000000,0.000000,-0.010788,-0.001517,0.020365,-0.015643,0.023766,-0.000036,-0.031649,-0.008684,0.064178,0.023096,0.072083
7.763000,0.413000,0.009401,0.003852,1.082659,-0.016081,0.023836,-0.000035,0.063751,0.030042,0.214463,-0.037156,-0.001406,0.000155,0.021152,0.005715,1.063000,0.000000,0.000000,0.000000,0.095959,0.040188,0.150000,0.000000,0.000000,0.000000,-0.011752,-0.001863,0.019659,-0.016081,0.023836,-0.000035,-0.032208,-0.010147,0.064463,0.022979,0.072772
7.770000,0.420000,0.010217,0.004242,1.085043,-0.016514,0.023835,-0.000032,0.066766,0.031970,0.216231,-0.036577,-0.008786,0.000146,0.021152,0.005715,1.063000,0.000000,0.000000,0.000000,0.095959,0.040188,0.150000,0.000000,0.000000,0.000000,-0.010935,-0.001474,0.022043,-0.016514,0.023835,-0.000032,-0.029193,-0.008218,0.066231,0.024650,0.072845
7.780000,0.430000,0.010885,0.004561,1.087205,-0.016880,0.023747,-0.000030,0.069130,0.033608,0.217296,-0.033104,-0.012787,0.000130,0.023108,0.006556,1.066000,0.000000,0.000000,0.000000,0.099571,0.043939,0.150000,0.000000,0.000000,0.000000,-0.012223,-0.001995,0.021205,-0.016880,0.023747,-0.000030,-0.030441,-0.010330,0.067296,0.024557,0.074580
7.790000,0.440000,0.011275,0.004760,1.087944,-0.017274,0.023566,-0.000026,0.070383,0.034776,0.213646,-0.035612,-0.012016,0.000136,0.023108,0.006556,1.066000,0.000000,0.000000,0.000000,0.099571,0.043939,0.150000,0.000000,0.000000,0.000000,-0.011833,-0.001797,0.021944,-0.017274,0.023566,-0.000026,-0.029187,-0.009163,0.063646,0.024996,0.070617
7.800000,0.450000,0.012094,0.005173,1.089836,-0.017701,0.023415,-0.000022,0.073116,0.036723,0.213459,-0.035752,-0.018536,0.000113,0.023108,0.006556,1.066000,0.000000,0.000000,0.000000,0.099571,0.043939,0.150000,0.000000,0.000000,0.000000,-0.011014,-0.001383,0.023836,-0.017701,0.023415,-0.000022,-0.026455,-0.007216,0.063459,0.026294,0.069130
7.810000,0.460000,0.013021,0.005644,1.092176,-0.018136,0.023241,-0.000017,0.076140,0.038863,0.214948,-0.036164,-0.022893,0.000083,0.025134,0.007474,1.069000,0.000000,0.000000,0.000000,0.103053,0.047832,0.150000,0.000000,0.000000,0.000000,-0.012113,-0.001829,0.023176,-0.018136,0.023241,-0.000017,-0.026913,-0.008968,0.064948,0.026214,0.070873
7.820000,0.470000,0.013783,0.006033,1.094325,-0.018498,0.023012,-0.000012,0.078441,0.040659,0.215833,-0.032507,-0.023501,0.000061,0.027229,0.008470,1.072000,0.000000,0.000000,0.000000,0.106401,0.051864,0.150000,0.000000,0.000000,0.000000,-0.013446,-0.002437,0.022325,-0.018498,0.023012,-0.000012,-0.027960,-0.011205,0.065833,0.026176,0.072396
7.830000,0.480000,0.014212,0.006267,1.095025,-0.018890,0.022650,-0.000006,0.079429,0.041860,0.212101,-0.034982,-0.023936,0.000071,0.027229,0.008470,1.072000,0.000000,0.000000,0.000000,0.106401,0.051864,0.150000,0.000000,0.000000,0.000000,-0.013017,-0.002203,0.023025,-0.018890,0.022650,-0.000006,-0.026972,-0.010004,0.062101,0.026541,0.068440
7.840000,0.490000,0.014881,0.006626,1.096452,-0.019284,0.022330,-0.000001,0.081209,0.043505,0.210594,-0.035367,-0.026654,0.000033,0.029389,0.009549,1.075000,0.000000,0.000000,0.000000,0.109611,0.056030,0.150000,0.000000,0.000000,0.000000,-0.014509,-0.002923,0.021452,-0.019284,0.022330,-0.000001,-0.028402,-0.012525,0.060594,0.026062,0.068082
7.850000,0.500000,0.015631,0.007034,1.098059,-0.019628,0.022047,0.000005,0.083199,0.045313,0.210057,-0.030861,-0.024818,0.000015,0.029389,0.009549,1.075000,0.000000,0.000000,0.000000,0.109611,0.056030,0.150000,0.000000,0.000000,0.000000,-0.013758,-0.002515,0.023059,-0.019628,0.022047,0.000005,-0.026412,-0.010716,0.060057,0.026969,0.066478
7.860000,0.510000,0.016428,0.007474,1.099737,-0.020074,0.021721,0.000010,0.085257,0.047211,0.209737,-0.035634,-0.027509,-0.000014,0.031612,0.010712,1.078000,0.000000,0.000000,0.000000,0.112676,0.060326,0.150000,0.000000,0.000000,0.000000,-0.015184,-0.003239,0.021737,-0.020074,0.021721,0.000010,-0.027420,-0.013115,0.059737,0.026712,0.067025
7.870000,0.520000,0.017259,0.007939,1.101442,-0.020479,0.021417,0.000016,0.087335,0.049176,0.209774,-0.037370,-0.027644,-0.000028,0.031612,0.010712,1.078000,0.000000,0.000000,0.000000,0.112676,0.060326,0.150000,0.000000,0.000000,0.000000,-0.014354,-0.002774,0.023442,-0.020479,0.021417,0.000016,-0.025342,-0.011150,0.059774,0.027627,0.065875
7.880000,0.530000,0.018115,0.008426,1.103161,-0.020887,0.021116,0.000022,0.089402,0.051192,0.209848,-0.037891,-0.027602,-0.000042,0.034243,0.012158,1.081450,0.000000,0.000000,0.000000,0.116019,0.065422,0.150000,0.000000,0.000000,0.000000,-0.016128,-0.003732,0.021711,-0.020887,0.021116,0.000022,-0.026617,-0.014229,0.059848,0.027302,0.067028
7.891000,0.541000,0.019301,0.009114,1.105365,-0.021375,0.020901,0.000027,0.092551,0.053916,0.211316,-0.036309,-0.026776,-0.000053,0.034243,0.012158,1.081450,0.000000,0.000000,0.000000,0.116019,0.065422,0.150000,0.000000,0.000000,0.000000,-0.014942,-0.003044,0.023915,-0.021375,0.020901,0.000027,-0.023468,-0.011506,0.061316,0.028363,0.066654
7.903000,0.553000,0.020502,0.009822,1.107730,-0.021866,0.020688,0.000033,0.095621,0.056663,0.213217,-0.036930,-0.025946,-0.000087,0.036235,0.013303,1.084000,0.000000,0.000000,0.000000,0.118360,0.069290,0.150000,0.000000,0.000000,0.000000,-0.015733,-0.003482,0.023730,-0.021866,0.020688,0.000033,-0.022739,-0.012627,0.063217,0.028684,0.068358
7.910000,0.560000,0.021458,0.010388,1.109862,-0.022235,0.020429,0.000037,0.097669,0.058827,0.214082,-0.030039,-0.025184,-0.000094,0.036235,0.013303,1.084000,0.000000,0.000000,0.000000,0.118360,0.069290,0.150000,0.000000,0.000000,0.000000,-0.014777,-0.002915,0.025862,-0.022235,0.020429,0.000037,-0.020691,-0.010463,0.064082,0.029929,0.068147
7.920000,0.570000,0.022001,0.010733,1.110574,-0.022670,0.020011,0.000042,0.098124,0.060150,0.210782,-0.036327,-0.027107,-0.000110,0.038750,0.014809,1.087150,0.000000,0.000000,0.000000,0.121095,0.074184,0.150000,0.000000,0.000000,0.000000,-0.016748,-0.004077,0.023424,-0.022670,0.020011,0.000042,-0.022971,-0.014034,0.060782,0.029082,0.066476
7.931000,0.581000,0.023125,0.011438,1.112386,-0.023135,0.019762,0.000048,0.100597,0.062762,0.210105,-0.035793,-0.029876,-0.000106,0.038750,0.014809,1.087150,0.000000,0.000000,0.000000,0.121095,0.074184,0.150000,0.000000,0.000000,0.000000,-0.015625,-0.003371,0.025236,-0.023135,0.019762,0.000048,-0.020499,-0.011422,0.060105,0.029872,0.064523
7.940000,0.590000,0.024131,0.012066,1.114487,-0.023493,0.019464,0.000054,0.102540,0.065036,0.210290,-0.029238,-0.031500,-0.000109,0.041073,0.016262,1.090000,0.000000,0.000000,0.000000,0.123418,0.078717,0.150000,0.000000,0.000000,0.000000,-0.016942,-0.004196,0.024487,-0.023493,0.019464,0.000054,-0.020878,-0.013681,0.060290,0.030070,0.065252
7.950000,0.600000,0.024856,0.012542,1.115506,-0.023909,0.019082,0.000060,0.103382,0.066732,0.207945,-0.031094,-0.030357,-0.000107,0.041073,0.016262,1.090000,0.000000,0.000000,0.000000,0.123418,0.078717,0.150000,0.000000,0.000000,0.000000,-0.016217,-0.003720,0.025506,-0.023909,0.019082,0.000060,-0.020036,-0.011985,0.057945,0.030453,0.062472
7.960000,0.610000,0.025768,0.013141,1.116979,-0.024290,0.018723,0.000066,0.104830,0.068850,0.206989,-0.029594,-0.032284,-0.000114,0.043564,0.017885,1.093000,0.000000,0.000000,0.000000,0.125702,0.083591,0.150000,0.000000,0.000000,0.000000,-0.017797,-0.004744,0.023979,-0.024290,0.018723,0.000066,-0.020872,-0.014741,0.056989,0.030236,0.062456
7.970000,0.620000,0.026749,0.013795,1.118570,-0.024654,0.018360,0.000073,0.106448,0.071133,0.206650,-0.028651,-0.034250,-0.000136,0.043564,0.017885,1.093000,0.000000,0.000000,0.000000,0.125702,0.083591,0.150000,0.000000,0.000000,0.000000,-0.016815,-0.004090,0.025570,-0.024654,0.018360,0.000073,-0.019254,-0.012458,0.056650,0.030876,0.061116
7.980000,0.630000,0.027770,0.014486,1.120205,-0.024995,0.017984,0.000081,0.108115,0.073503,0.206447,-0.026144,-0.036308,-0.000150,0.046100,0.019606,1.096000,0.000000,0.000000,0.000000,0.127818,0.088565,0.150000,0.000000,0.000000,0.000000,-0.018330,-0.005120,0.024205,-0.024995,0.017984,0.000081,-0.019703,-0.015062,0.056447,0.030791,0.061655
7.990000,0.640000,0.028819,0.015208,1.121857,-0.025315,0.017590,0.000089,0.109787,0.075935,0.206455,-0.024218,-0.037256,-0.000163,0.046100,0.019606,1.096000,0.000000,0.000000,0.000000,0.127818,0.088565,0.150000,0.000000,0.000000,0.000000,-0.017281,-0.004398,0.025857,-0.025315,0.017590,0.000089,-0.018031,-0.012630,0.056455,0.031409,0.060595
8.000000,0.650000,0.030260,0.016220,1.123966,-0.025686,0.017267,0.000098,0.112770,0.079367,0.207802,-0.021603,-0.039934,-0.000173,0.048676,0.021428,1.099000,0.000000,0.000000,0.000000,0.129762,0.093635,0.150000,0.000000,0.000000,0.000000,-0.018416,-0.005209,0.024966,-0.025686,0.017267,0.000098,-0.016992,-0.014267,0.057802,0.031457,0.061915
8.010000,0.660000,0.031388,0.017013,1.126044,-0.025902,0.016867,0.000107,0.114485,0.081918,0.208995,-0.014921,-0.038177,-0.000188,0.048676,0.021428,1.099000,0.000000,0.000000,0.000000,0.129762,0.093635,0.150000,0.000000,0.000000,0.000000,-0.017288,-0.004415,0.027044,-0.025902,0.016867,0.000107,-0.015277,-0.011716,0.058995,0.032400,0.062057
8.020000,0.670000,0.032604,0.017909,1.127512,-0.026252,0.016421,0.000117,0.116400,0.084773,0.208370,-0.020030,-0.041382,-0.000177,0.048676,0.021428,1.099000,0.000000,0.000000,0.000000,0.129762,0.093635,0.150000,0.000000,0.000000,0.000000,-0.016072,-0.003519,0.028512,-0.026252,0.016421,0.000117,-0.013362,-0.008862,0.058370,0.032918,0.060532
8.030000,0.680000,0.034039,0.018969,1.129691,-0.026579,0.016042,0.000127,0.118993,0.088139,0.209308,-0.021492,-0.043737,-0.000176,0.051421,0.023451,1.102150,0.000000,0.000000,0.000000,0.131615,0.099053,0.150000,0.000000,0.000000,0.000000,-0.017382,-0.004482,0.027541,-0.026579,0.016042,0.000127,-0.012622,-0.010914,0.059308,0.032874,0.061610
8.040000,0.690000,0.035229,0.019850,1.131784,-0.026838,0.015587,0.000138,0.120577,0.090765,0.209963,-0.021226,-0.044936,-0.000177,0.053936,0.025380,1.105000,0.000000,0.000000,0.000000,0.133122,0.104035,0.150000,0.000000,0.000000,0.000000,-0.018707,-0.005530,0.026784,-0.026838,0.015587,0.000138,-0.012545,-0.013270,0.059963,0.033135,0.062682
8.050000,0.700000,0.036137,0.020574,1.132618,-0.027053,0.015012,0.000149,0.121022,0.092744,0.206810,-0.017512,-0.046823,-0.000212,0.053936,0.025380,1.105000,0.000000,0.000000,0.000000,0.133122,0.104035,0.150000,0.000000,0.000000,0.000000,-0.017799,-0.004807,0.027618,-0.027053,0.015012,0.000149,-0.012100,-0.011291,0.056810,0.033207,0.059171
8.060000,0.710000,0.037572,0.021691,1.134690,-0.027282,0.014597,0.000160,0.123300,0.096102,0.207347,-0.008456,-0.045910,-0.000246,0.056613,0.027514,1.108000,0.000000,0.000000,0.000000,0.134531,0.109356,0.150000,0.000000,0.000000,0.000000,-0.019041,-0.005824,0.026690,-0.027282,0.014597,0.000160,-0.011232,-0.013253,0.057347,0.033299,0.059920
8.070000,0.720000,0.038805,0.022652,1.136763,-0.027640,0.014071,0.000171,0.124742,0.098813,0.208196,-0.018613,-0.047842,-0.000251,0.056613,0.027514,1.108000,0.000000,0.000000,0.000000,0.134531,0.109356,0.150000,0.000000,0.000000,0.000000,-0.017808,-0.004863,0.028763,-0.027640,0.014071,0.000171,-0.009789,-0.010543,0.058196,0.034177,0.059948
8.083000,0.733000,0.039690,0.023399,1.137507,-0.027839,0.013429,0.000184,0.124805,0.100666,0.204783,-0.016058,-0.050578,-0.000300,0.059316,0.029755,1.111000,0.000000,0.000000,0.000000,0.135757,0.114748,0.150000,0.000000,0.000000,0.000000,-0.019626,-0.006356,0.026507,-0.027839,0.013429,0.000184,-0.010952,-0.014082,0.054783,0.033589,0.057614
8.090000,0.740000,0.040938,0.024405,1.139555,-0.027999,0.012923,0.000195,0.126129,0.103412,0.205261,-0.006166,-0.048786,-0.000342,0.059316,0.029755,1.111000,0.000000,0.000000,0.000000,0.135757,0.114748,0.150000,0.000000,0.000000,0.000000,-0.018378,-0.005350,0.028555,-0.027999,0.012923,0.000195,-0.009628,-0.011337,0.055261,0.034377,0.057227
8.100000,0.750000,0.041697,0.025058,1.140327,-0.028228,0.012218,0.000207,0.125591,0.104801,0.202013,-0.014400,-0.051996,-0.000355,0.059316,0.029755,1.111000,0.000000,0.000000,0.000000,0.135757,0.114748,0.150000,0.000000,0.000000,0.000000,-0.017619,-0.004697,0.029327,-0.028228,0.012218,0.000207,-0.010165,-0.009947,0.052013,0.034534,0.053922
8.112000,0.762000,0.043135,0.026288,1.142027,-0.028516,0.011705,0.000219,0.127452,0.108254,0.201980,-0.018396,-0.052542,-0.000395,0.062042,0.032104,1.114000,0.000000,0.000000,0.000000,0.136795,0.120207,0.150000,0.000000,0.000000,0.000000,-0.018906,-0.005817,0.028027,-0.028516,0.011705,0.000219,-0.009343,-0.011952,0.051980,0.034304,0.054149
8.120000,0.770000,0.044410,0.027370,1.144047,-0.028700,0.011180,0.000230,0.128611,0.111079,0.202882,-0.014214,-0.049576,-0.000428,0.062042,0.032104,1.114000,0.000000,0.000000,0.000000,0.136795,0.120207,0.150000,0.000000,0.000000,0.000000,-0.017632,-0.004734,0.030047,-0.028700,0.011180,0.000230,-0.008184,-0.009128,0.052882,0.035158,0.054284
8.130000,0.780000,0.045688,0.028513,1.145317,-0.028981,0.010558,0.000243,0.129680,0.114054,0.202088,-0.012815,-0.052120,-0.000413,0.064786,0.034564,1.117000,0.000000,0.000000,0.000000,0.137643,0.125726,0.150000,0.000000,0.000000,0.000000,-0.019098,-0.006051,0.028317,-0.028981,0.010558,0.000243,-0.007963,-0.011672,0.052088,0.034687,0.053970
8.140000,0.790000,0.046985,0.029653,1.147338,-0.029109,0.010037,0.000254,0.130730,0.116939,0.203508,-0.002895,-0.047002,-0.000446,0.064786,0.034564,1.117000,0.000000,0.000000,0.000000,0.137643,0.125726,0.150000,0.000000,0.000000,0.000000,-0.017801,-0.004910,0.030338,-0.029109,0.010037,0.000254,-0.006913,-0.008786,0.053508,0.035516,0.054663
8.150000,0.800000,0.047841,0.030449,1.148195,-0.029339,0.009288,0.000267,0.130088,0.118467,0.200486,-0.009608,-0.053566,-0.000479,0.067685,0.037265,1.120150,0.000000,0.000000,0.000000,0.138328,0.131578,0.150000,0.000000,0.000000,0.000000,-0.019844,-0.006816,0.028045,-0.029339,0.009288,0.000267,-0.008239,-0.013112,0.050486,0.035025,0.052808
8.160000,0.810000,0.048959,0.031487,1.149540,-0.029530,0.008674,0.000278,0.130352,0.120829,0.198971,-0.008466,-0.052906,-0.000541,0.070317,0.039816,1.123000,0.000000,0.000000,0.000000,0.138763,0.136919,0.150000,0.000000,0.000000,0.000000,-0.021358,-0.008329,0.026540,-0.029530,0.008674,0.000278,-0.008411,-0.016091,0.048971,0.035070,0.052228
8.170000,0.820000,0.050162,0.032618,1.151009,-0.029712,0.008093,0.000289,0.130862,0.123495,0.199045,-0.012927,-0.048869,-0.000595,0.070317,0.039816,1.123000,0.000000,0.000000,0.000000,0.138763,0.136919,0.150000,0.000000,0.000000,0.000000,-0.020155,-0.007198,0.028009,-0.029712,0.008093,0.000289,-0.007901,-0.013424,0.049045,0.035249,0.051459
8.180000,0.830000,0.051836,0.034222,1.152932,-0.029995,0.007647,0.000300,0.132993,0.127798,0.200447,-0.010797,-0.047806,-0.000622,0.073095,0.042611,1.126000,0.000000,0.000000,0.000000,0.139029,0.142582,0.150000,0.000000,0.000000,0.000000,-0.021259,-0.008389,0.026932,-0.029995,0.007647,0.000300,-0.006036,-0.014783,0.050447,0.035323,0.052914
8.190000,0.840000,0.053166,0.035500,1.154937,-0.030161,0.007114,0.000310,0.133756,0.130796,0.202237,-0.007632,-0.046749,-0.000605,0.073095,0.042611,1.126000,0.000000,0.000000,0.000000,0.139029,0.142582,0.150000,0.000000,0.000000,0.000000,-0.019929,-0.007111,0.028937,-0.030161,0.007114,0.000310,-0.005273,-0.011785,0.052237,0.035848,0.053809
8.200000,0.850000,0.054149,0.036490,1.155935,-0.030230,0.006510,0.000320,0.133193,0.132656,0.201036,-0.006987,-0.044549,-0.000604,0.073095,0.042611,1.126000,0.000000,0.000000,0.000000,0.139029,0.142582,0.150000,0.000000,0.000000,0.000000,-0.018946,-0.006121,0.029935,-0.030230,0.006510,0.000320,-0.005837,-0.009926,0.051036,0.035952,0.052319
8.210000,0.860000,0.055752,0.038116,1.157705,-0.030470,0.006111,0.000328,0.134822,0.136742,0.201536,-0.006140,-0.043445,-0.000628,0.075877,0.045519,1.129000,0.000000,0.000000,0.000000,0.139098,0.148280,0.150000,0.000000,0.000000,0.000000,-0.020126,-0.007404,0.028705,-0.030470,0.006111,0.000328,-0.004277,-0.011537,0.051536,0.035831,0.052984
8.221000,0.871000,0.057447,0.039856,1.159837,-0.030712,0.005752,0.000336,0.136687,0.141126,0.203081,-0.004610,-0.041104,-0.000651,0.078797,0.048696,1.132150,0.000000,0.000000,0.000000,0.138956,0.154293,0.150000,0.000000,0.000000,0.000000,-0.021350,-0.008841,0.027687,-0.030712,0.005752,0.000336,-0.002270,-0.013167,0.053081,0.036063,0.054736
8.230000,0.880000,0.058814,0.041267,1.161868,-0.030758,0.005341,0.000342,0.137258,0.144181,0.204401,0.004364,-0.038109,-0.000689,0.078797,0.048696,1.132150,0.000000,0.000000,0.000000,0.138956,0.154293,0.150000,0.000000,0.000000,0.000000,-0.019983,-0.007430,0.029718,-0.030758,0.005341,0.000342,-0.001699,-0.010112,0.054401,0.036574,0.055359
8.240000,0.890000,0.059509,0.042042,1.162421,-0.030783,0.004674,0.000350,0.135348,0.144838,0.201380,-0.003290,-0.041423,-0.000676,0.081434,0.051680,1.135000,0.000000,0.000000,0.000000,0.138637,0.159756,0.150000,0.000000,0.000000,0.000000,-0.021925,-0.009638,0.027421,-0.030783,0.004674,0.000350,-0.003290,-0.014917,0.051380,0.036408,0.053602
8.252000,0.902000,0.061012,0.043689,1.164028,-0.030963,0.004264,0.000357,0.136353,0.148601,0.200960,-0.004872,-0.045514,-0.000707,0.081434,0.051680,1.135000,0.000000,0.000000,0.000000,0.138637,0.159756,0.150000,0.000000,0.000000,0.000000,-0.020423,-0.007991,0.029028,-0.030963,0.004264,0.000357,-0.002284,-0.011155,0.050960,0.036381,0.052216
8.260000,0.910000,0.062375,0.045175,1.166038,-0.031011,0.003809,0.000364,0.136773,0.151663,0.201724,0.001552,-0.045889,-0.000738,0.084202,0.054933,1.138000,0.000000,0.000000,0.000000,0.138104,0.165521,0.150000,0.000000,0.000000,0.000000,-0.021827,-0.009758,0.028038,-0.031011,0.003809,0.000364,-0.001331,-0.013858,0.051724,0.036848,0.053565
8.270000,0.920000,0.063706,0.046702,1.167244,-0.031188,0.003308,0.000372,0.137022,0.154792,0.200686,-0.000745,-0.044818,-0.000786,0.084202,0.054933,1.138000,0.000000,0.000000,0.000000,0.138104,0.165521,0.150000,0.000000,0.000000,0.000000,-0.020496,-0.008230,0.029244,-0.031188,0.003308,0.000372,-0.001082,-0.010729,0.050686,0.036647,0.051821
8.280000,0.930000,0.065369,0.048606,1.169286,-0.031410,0.002857,0.000380,0.138404,0.159187,0.202118,-0.000776,-0.048636,-0.000889,0.086957,0.058301,1.141000,0.000000,0.000000,0.000000,0.137369,0.171296,0.150000,0.000000,0.000000,0.000000,-0.021588,-0.009695,0.028286,-0.031410,0.002857,0.000380,0.001035,-0.012109,0.052118,0.036881,0.053516
8.293000,0.943000,0.066878,0.050373,1.171091,-0.031551,0.002336,0.000388,0.139132,0.162947,0.202802,0.000465,-0.051920,-0.000976,0.086957,0.058301,1.141000,0.000000,0.000000,0.000000,0.137369,0.171296,0.150000,0.000000,0.000000,0.000000,-0.020079,-0.007927,0.030091,-0.031551,0.002336,0.000388,0.001763,-0.008349,0.052802,0.037034,0.053487
8.300000,0.950000,0.068292,0.052065,1.172767,-0.031648,0.001763,0.000396,0.139431,0.166307,0.203087,0.001813,-0.054011,-0.001026,0.089696,0.061784,1.144000,0.000000,0.000000,0.000000,0.136429,0.177074,0.150000,0.000000,0.000000,0.000000,-0.021404,-0.009719,0.028767,-0.031648,0.001763,0.000396,0.003001,-0.010766,0.053087,0.037150,0.054251
8.310000,0.960000,0.069686,0.053728,1.174797,-0.031630,0.001223,0.000403,0.139604,0.169441,0.203979,0.014008,-0.050235,-0.001010,0.089696,0.061784,1.144000,0.000000,0.000000,0.000000,0.136429,0.177074,0.150000,0.000000,0.000000,0.000000,-0.020010,-0.008056,0.030797,-0.031630,0.001223,0.000403,0.003175,-0.007632,0.053979,0.037600,0.054608
8.320000,0.970000,0.070446,0.054741,1.175220,-0.031591,0.000392,0.000411,0.137432,0.170123,0.200174,0.007247,-0.056079,-0.001035,0.092413,0.065384,1.147000,0.000000,0.000000,0.000000,0.135286,0.182848,0.150000,0.000000,0.000000,0.000000,-0.021967,-0.010643,0.028220,-0.031591,0.000392,0.000411,0.002146,-0.012725,0.050174,0.037312,0.051807
8.330000,0.980000,0.072027,0.056730,1.177147,-0.031682,-0.000179,0.000420,0.138210,0.174287,0.200566,0.006889,-0.058957,-0.001053,0.092413,0.065384,1.147000,0.000000,0.000000,0.000000,0.135286,0.182848,0.150000,0.000000,0.000000,0.000000,-0.020386,-0.008654,0.030147,-0.031682,-0.000179,0.000420,0.002924,-0.008561,0.050566,0.037407,0.051369
8.342000,0.992000,0.073484,0.058606,1.178871,-0.031709,-0.000807,0.000430,0.138452,0.177894,0.200354,0.008646,-0.060819,-0.001053,0.095373,0.069476,1.150300,0.000000,0.000000,0.000000,0.133792,0.189187,0.150000,0.000000,0.000000,0.000000,-0.021890,-0.010870,0.028571,-0.031709,-0.000807,0.000430,0.004661,-0.011293,0.050354,0.037598,0.051814
8.350000,1.000000,0.074864,0.060422,1.180489,-0.031695,-0.001472,0.000440,0.138346,0.181173,0.200387,0.012772,-0.057903,-0.001048,0.095373,0.069476,1.150300,0.000000,0.000000,0.000000,0.133792,0.189187,0.150000,0.000000,0.000000,0.000000,-0.020509,-0.009054,0.030189,-0.031695,-0.001472,0.000440,0.004554,-0.008014,0.050387,0.037603,0.051223
8.361000,1.011000,0.076203,0.062221,1.182058,-0.031649,-0.002148,0.000451,0.138026,0.184268,0.200279,0.014696,-0.057570,-0.001042,0.097769,0.072928,1.153000,0.000000,0.000000,0.000000,0.132385,0.194359,0.150000,0.000000,0.000000,0.000000,-0.021566,-0.010707,0.029058,-0.031649,-0.002148,0.000451,0.005641,-0.010090,0.050279,0.037737,0.051591
8.370000,1.020000,0.077583,0.064064,1.184061,-0.031502,-0.002723,0.000459,0.137812,0.187411,0.201452,0.023107,-0.050422,-0.001036,0.097769,0.072928,1.153000,0.000000,0.000000,0.000000,0.132385,0.194359,0.150000,0.000000,0.000000,0.000000,-0.020186,-0.008864,0.031061,-0.031502,-0.002723,0.000459,0.005426,-0.006947,0.051452,0.038090,0.052202
8.382000,1.032000,0.078281,0.065119,1.184414,-0.031296,-0.003622,0.000469,0.135097,0.187595,0.197512,0.011634,-0.058603,-0.001039,0.100400,0.076872,1.156000,0.000000,0.000000,0.000000,0.130628,0.200082,0.150000,0.000000,0.000000,0.000000,-0.022118,-0.011753,0.028414,-0.031296,-0.003622,0.000469,0.004469,-0.012487,0.047512,0.037877,0.049328
8.390000,1.040000,0.079632,0.066995,1.186389,-0.031218,-0.004245,0.000478,0.134737,0.190694,0.198397,0.012955,-0.056816,-0.001027,0.100400,0.076872,1.156000,0.000000,0.000000,0.000000,0.130628,0.200082,0.150000,0.000000,0.000000,0.000000,-0.020767,-0.009877,0.030389,-0.031218,-0.004245,0.000478,0.004109,-0.009388,0.048397,0.038109,0.049470
8.403000,1.053000,0.080734,0.068636,1.187298,-0.031076,-0.004922,0.000487,0.133447,0.192835,0.196156,0.012451,-0.056210,-0.001048,0.102993,0.080931,1.159000,0.000000,0.000000,0.000000,0.128666,0.205775,0.150000,0.000000,0.000000,0.000000,-0.022259,-0.012295,0.028298,-0.031076,-0.004922,0.000487,0.004781,-0.012940,0.046156,0.038045,0.048173
8.410000,1.060000,0.082068,0.070565,1.189259,-0.031018,-0.005535,0.000495,0.132955,0.195928,0.197549,0.013146,-0.051124,-0.001089,0.102993,0.080931,1.159000,0.000000,0.000000,0.000000,0.128666,0.205775,0.150000,0.000000,0.000000,0.000000,-0.020925,-0.010366,0.030259,-0.031018,-0.005535,0.000495,0.004289,-0.009847,0.047549,0.038222,0.048747
8.420000,1.070000,0.082882,0.071819,1.190008,-0.030692,-0.006180,0.000500,0.130563,0.196480,0.195372,0.019936,-0.041325,-0.001111,0.105545,0.085103,1.162000,0.000000,0.000000,0.000000,0.126500,0.211431,0.150000,0.000000,0.000000,0.000000,-0.022663,-0.013284,0.028008,-0.030692,-0.006180,0.000500,0.004063,-0.014951,0.045372,0.038400,0.047944
8.432000,1.082000,0.084383,0.074125,1.191620,-0.030841,-0.006779,0.000508,0.130668,0.200797,0.195891,0.010884,-0.048771,-0.001121,0.105545,0.085103,1.162000,0.000000,0.000000,0.000000,0.126500,0.211431,0.150000,0.000000,0.000000,0.000000,-0.021162,-0.010978,0.029620,-0.030841,-0.006779,0.000508,0.004168,-0.010634,0.045891,0.038022,0.047291
8.440000,1.090000,0.085690,0.076133,1.193579,-0.030732,-0.007267,0.000511,0.129991,0.203870,0.197408,0.017195,-0.039826,-0.001138,0.108052,0.089388,1.165000,0.000000,0.000000,0.000000,0.124130,0.217044,0.150000,0.000000,0.000000,0.000000,-0.022362,-0.013255,0.028579,-0.030732,-0.007267,0.000511,0.005860,-0.013174,0.047408,0.038633,0.049552
8.451000,1.101000,0.086974,0.078211,1.194764,-0.030807,-0.007845,0.000517,0.129227,0.207107,0.196934,0.009263,-0.042815,-0.001145,0.108052,0.089388,1.165000,0.000000,0.000000,0.000000,0.124130,0.217044,0.150000,0.000000,0.000000,0.000000,-0.021077,-0.011177,0.029764,-0.030807,-0.007845,0.000517,0.005097,-0.009936,0.046934,0.038145,0.048244
8.460000,1.110000,0.088266,0.080282,1.196733,-0.030714,-0.008273,0.000519,0.128441,0.210186,0.198761,0.015962,-0.033477,-0.001162,0.110509,0.093785,1.168000,0.000000,0.000000,0.000000,0.121559,0.222606,0.150000,0.000000,0.000000,0.000000,-0.022242,-0.013503,0.028733,-0.030714,-0.008273,0.000519,0.006883,-0.012419,0.048761,0.038764,0.050787
8.470000,1.120000,0.089096,0.081692,1.197541,-0.030586,-0.008936,0.000522,0.125988,0.210772,0.196972,0.010293,-0.039701,-0.001156,0.110509,0.093785,1.168000,0.000000,0.000000,0.000000,0.121559,0.222606,0.150000,0.000000,0.000000,0.000000,-0.021413,-0.012092,0.029541,-0.030586,-0.008936,0.000522,0.004429,-0.011834,0.046972,0.038437,0.048642
8.480000,1.130000,0.090565,0.084194,1.199183,-0.030712,-0.009297,0.000525,0.125883,0.215271,0.197668,0.009732,-0.036139,-0.001141,0.112913,0.098292,1.171000,0.000000,0.000000,0.000000,0.118786,0.228111,0.150000,0.000000,0.000000,0.000000,-0.022348,-0.014098,0.028183,-0.030712,-0.009297,0.000525,0.007097,-0.012840,0.047668,0.038633,0.049874
8.490000,1.140000,0.091823,0.086346,1.201160,-0.030694,-0.009705,0.000526,0.124953,0.218336,0.199333,0.008715,-0.032776,-0.001125,0.112913,0.098292,1.171000,0.000000,0.000000,0.000000,0.118786,0.228111,0.150000,0.000000,0.000000,0.000000,-0.021089,-0.011945,0.030160,-0.030694,-0.009705,0.000526,0.006168,-0.009775,0.049333,0.038692,0.050669
8.501000,1.151000,0.093062,0.088577,1.202355,-0.030702,-0.010082,0.000527,0.123978,0.221587,0.198672,0.008790,-0.031112,-0.001128,0.115259,0.102909,1.174000,0.000000,0.000000,0.000000,0.115812,0.233553,0.150000,0.000000,0.000000,0.000000,-0.022197,-0.014332,0.028355,-0.030702,-0.010082,0.000527,0.008165,-0.011966,0.048672,0.038757,0.050782
8.510000,1.160000,0.094302,0.090792,1.204342,-0.030614,-0.010394,0.000526,0.122974,0.224637,0.199908,0.019015,-0.026617,-0.001155,0.115259,0.102909,1.174000,0.000000,0.000000,0.000000,0.115812,0.233553,0.150000,0.000000,0.000000,0.000000,-0.020957,-0.012116,0.030342,-0.030614,-0.010394,0.000526,0.007162,-0.008916,0.049908,0.038815,0.051201
8.520000,1.170000,0.095095,0.092297,1.205147,-0.030475,-0.010946,0.000527,0.120380,0.225021,0.197664,0.013002,-0.033321,-0.001130,0.117656,0.107873,1.177150,0.000000,0.000000,0.000000,0.112476,0.239191,0.150000,0.000000,0.000000,0.000000,-0.022561,-0.015575,0.027997,-0.030475,-0.010946,0.000527,0.007904,-0.014170,0.047664,0.039184,0.050350
8.530000,1.180000,0.096125,0.094255,1.206450,-0.030370,-0.011367,0.000528,0.118689,0.227006,0.196817,0.011468,-0.036190,-0.001098,0.117656,0.107873,1.177150,0.000000,0.000000,0.000000,0.112476,0.239191,0.150000,0.000000,0.000000,0.000000,-0.021531,-0.013618,0.029300,-0.030370,-0.011367,0.000528,0.006212,-0.012186,0.046817,0.038827,0.048774
8.541000,1.191000,0.097601,0.097114,1.208248,-0.030492,-0.011675,0.000530,0.118644,0.232180,0.197438,0.013617,-0.038827,-0.001099,0.119763,0.112465,1.180000,0.000000,0.000000,0.000000,0.109271,0.244220,0.150000,0.000000,0.000000,0.000000,-0.022162,-0.015351,0.028248,-0.030492,-0.011675,0.000530,0.009373,-0.012040,0.047438,0.039048,0.049831
8.550000,1.200000,0.098788,0.099436,1.210223,-0.030356,-0.012063,0.000531,0.117477,0.235223,0.199123,0.021213,-0.032460,-0.001133,0.119763,0.112465,1.180000,0.000000,0.000000,0.000000,0.109271,0.244220,0.150000,0.000000,0.000000,0.000000,-0.020975,-0.013029,0.030223,-0.030356,-0.012063,0.000531,0.008205,-0.008997,0.049123,0.039027,0.050610
8.564000,1.214000,0.099987,0.101901,1.211473,-0.030378,-0.012565,0.000535,0.116385,0.238686,0.198645,0.016366,-0.039273,-0.001159,0.121913,0.117402,1.183000,0.000000,0.000000,0.000000,0.105707,0.249432,0.150000,0.000000,0.000000,0.000000,-0.021926,-0.015500,0.028473,-0.030378,-0.012565,0.000535,0.010678,-0.010746,0.048645,0.039137,0.050950
8.570000,1.220000,0.101408,0.104847,1.213494,-0.030438,-0.012971,0.000538,0.116076,0.243743,0.199964,0.017758,-0.043705,-0.001185,0.121913,0.117402,1.183000,0.000000,0.000000,0.000000,0.105707,0.249432,0.150000,0.000000,0.000000,0.000000,-0.020505,-0.012554,0.030494,-0.030438,-0.012971,0.000538,0.010369,-0.005689,0.049964,0.038833,0.051345
8.580000,1.230000,0.102569,0.107285,1.215494,-0.030260,-0.013408,0.000539,0.114786,0.246766,0.201182,0.024994,-0.039735,-0.001212,0.124092,0.122696,1.186150,0.000000,0.000000,0.000000,0.101757,0.254808,0.150000,0.000000,0.000000,0.000000,-0.021523,-0.015412,0.029344,-0.030260,-0.013408,0.000539,0.013028,-0.008042,0.051182,0.039520,0.053423
8.592000,1.242000,0.103388,0.109157,1.216202,-0.030052,-0.014065,0.000544,0.112288,0.247641,0.198438,0.025121,-0.044556,-0.001226,0.124092,0.122696,1.186150,0.000000,0.000000,0.000000,0.101757,0.254808,0.150000,0.000000,0.000000,0.000000,-0.020704,-0.013539,0.030052,-0.030052,-0.014065,0.000544,0.010531,-0.007167,0.048438,0.038924,0.050085
8.602000,1.252000,0.104705,0.112105,1.218146,-0.030023,-0.014549,0.000547,0.111600,0.252336,0.199368,0.030079,-0.046608,-0.001313,0.124092,0.122696,1.186150,0.000000,0.000000,0.000000,0.101757,0.254808,0.150000,0.000000,0.000000,0.000000,-0.019387,-0.010592,0.031996,-0.030023,-0.014549,0.000547,0.009843,-0.002472,0.049368,0.038882,0.050400
8.610000,1.260000,0.105890,0.114842,1.219877,-0.029877,-0.015080,0.000551,0.110407,0.256097,0.199909,0.029938,-0.046642,-0.001345,0.126088,0.127843,1.189150,0.000000,0.000000,0.000000,0.097800,0.259829,0.150000,0.000000,0.000000,0.000000,-0.020198,-0.013001,0.030727,-0.029877,-0.015080,0.000551,0.012607,-0.003732,0.049909,0.039002,0.051612
8.620000,1.270000,0.106995,0.117403,1.221877,-0.029578,-0.015547,0.000551,0.108906,0.259067,0.201220,0.038469,-0.038687,-0.001353,0.126088,0.127843,1.189150,0.000000,0.000000,0.000000,0.097800,0.259829,0.150000,0.000000,0.000000,0.000000,-0.019093,-0.010440,0.032727,-0.029578,-0.015547,0.000551,0.011106,-0.000762,0.051220,0.039301,0.052416
8.630000,1.280000,0.107607,0.119016,1.222349,-0.029120,-0.016312,0.000555,0.105665,0.258499,0.197742,0.036390,-0.047235,-0.001304,0.127909,0.132824,1.192000,0.000000,0.000000,0.000000,0.093866,0.264504,0.150000,0.000000,0.000000,0.000000,-0.020302,-0.013808,0.030349,-0.029120,-0.016312,0.000555,0.011799,-0.006005,0.047742,0.039037,0.049544
8.640000,1.290000,0.108664,0.121601,1.224326,-0.028756,-0.016785,0.000556,0.104046,0.261384,0.198739,0.046734,-0.039165,-0.001286,0.129743,0.138163,1.195000,0.000000,0.000000,0.000000,0.089545,0.269320,0.150000,0.000000,0.000000,0.000000,-0.021080,-0.016562,0.029326,-0.028756,-0.016785,0.000556,0.014501,-0.007935,0.048739,0.039733,0.051466
8.650000,1.300000,0.109241,0.123148,1.225002,-0.028231,-0.017534,0.000559,0.100724,0.260423,0.196262,0.036170,-0.044702,-0.001283,0.129743,0.138163,1.195000,0.000000,0.000000,0.000000,0.089545,0.269320,0.150000,0.000000,0.000000,0.000000,-0.020502,-0.015015,0.030002,-0.028231,-0.017534,0.000559,0.011179,-0.008897,0.046262,0.039318,0.048418
8.660000,1.310000,0.110069,0.125340,1.226255,-0.027790,-0.018121,0.000562,0.098358,0.261767,0.195535,0.038730,-0.044035,-0.001226,0.129743,0.138163,1.195000,0.000000,0.000000,0.000000,0.089545,0.269320,0.150000,0.000000,0.000000,0.000000,-0.019675,-0.012822,0.031255,-0.027790,-0.018121,0.000562,0.008813,-0.007553,0.045535,0.039095,0.046991
8.670000,1.320000,0.111273,0.128593,1.228019,-0.027636,-0.018572,0.000567,0.097387,0.266866,0.196472,0.036378,-0.039865,-0.001166,0.131744,0.144419,1.198450,0.000000,0.000000,0.000000,0.084350,0.274715,0.150000,0.000000,0.000000,0.000000,-0.020471,-0.015827,0.029569,-0.027636,-0.018572,0.000567,0.013037,-0.007849,0.046472,0.039293,0.048900
8.680000,1.330000,0.112503,0.131997,1.230096,-0.027496,-0.019002,0.000571,0.096478,0.272303,0.198296,0.036070,-0.037042,-0.001032,0.131744,0.144419,1.198450,0.000000,0.000000,0.000000,0.084350,0.274715,0.150000,0.000000,0.000000,0.000000,-0.019241,-0.012423,0.031646,-0.027496,-0.019002,0.000571,0.012129,-0.002412,0.048296,0.039064,0.049854
8.690000,1.340000,0.113468,0.134720,1.232079,-0.027135,-0.019373,0.000571,0.094581,0.275044,0.199901,0.037604,-0.028093,-0.001070,0.133304,0.149680,1.201300,0.000000,0.000000,0.000000,0.079879,0.279050,0.150000,0.000000,0.000000,0.000000,-0.019837,-0.014961,0.030779,-0.027135,-0.019373,0.000571,0.014702,-0.004006,0.049901,0.039555,0.052176
8.700000,1.350000,0.113933,0.136179,1.232612,-0.026481,-0.020030,0.000576,0.090931,0.273109,0.197240,0.034038,-0.035775,-0.000930,0.134703,0.154739,1.204000,0.000000,0.000000,0.000000,0.075497,0.283052,0.150000,0.000000,0.000000,0.000000,-0.020770,-0.018560,0.028612,-0.026481,-0.020030,0.000576,0.015433,-0.009942,0.047240,0.039932,0.050682
8.711000,1.361000,0.114936,0.139270,1.234166,-0.026332,-0.020406,0.000579,0.089327,0.277064,0.196962,0.032593,-0.037501,-0.000933,0.134703,0.154739,1.204000,0.000000,0.000000,0.000000,0.075497,0.283052,0.150000,0.000000,0.000000,0.000000,-0.019766,-0.015470,0.030166,-0.026332,-0.020406,0.000579,0.013829,-0.005987,0.046962,0.039243,0.049321
8.720000,1.370000,0.115830,0.142040,1.236136,-0.026006,-0.020781,0.000580,0.087303,0.279672,0.197904,0.037278,-0.033072,-0.000998,0.136163,0.160444,1.207000,0.000000,0.000000,0.000000,0.070465,0.287371,0.150000,0.000000,0.000000,0.000000,-0.020333,-0.018404,0.029136,-0.026006,-0.020781,0.000580,0.016839,-0.007699,0.047904,0.040013,0.051358
8.730000,1.380000,0.116414,0.143993,1.236997,-0.025600,-0.021305,0.000583,0.084213,0.279241,0.196068,0.029100,-0.032280,-0.000970,0.136163,0.160444,1.207000,0.000000,0.000000,0.000000,0.070465,0.287371,0.150000,0.000000,0.000000,0.000000,-0.019749,-0.016450,0.029997,-0.025600,-0.021305,0.000583,0.013749,-0.008129,0.046068,0.039502,0.048758
8.742000,1.392000,0.117401,0.147331,1.238658,-0.025558,-0.021681,0.000586,0.082657,0.283802,0.196620,0.027268,-0.033610,-0.001022,0.137585,0.166525,1.210150,0.000000,0.000000,0.000000,0.064998,0.291756,0.150000,0.000000,0.000000,0.000000,-0.020184,-0.019194,0.028508,-0.025558,-0.021681,0.000586,0.017659,-0.007954,0.046620,0.039856,0.050483
8.750000,1.400000,0.118228,0.150169,1.240624,-0.025286,-0.022017,0.000584,0.080494,0.286349,0.198180,0.030658,-0.025367,-0.001121,0.137585,0.166525,1.210150,0.000000,0.000000,0.000000,0.064998,0.291756,0.150000,0.000000,0.000000,0.000000,-0.019357,-0.016356,0.030474,-0.025286,-0.022017,0.000584,0.015496,-0.005408,0.048180,0.039635,0.050899
8.760000,1.410000,0.118781,0.152217,1.241525,-0.024892,-0.022590,0.000586,0.077405,0.285950,0.196586,0.025630,-0.034317,-0.001124,0.138772,0.172105,1.213000,0.000000,0.000000,0.000000,0.059896,0.295587,0.150000,0.000000,0.000000,0.000000,-0.019991,-0.019888,0.028525,-0.024892,-0.022590,0.000586,0.017509,-0.009637,0.046586,0.040110,0.050692
8.770000,1.420000,0.119695,0.155656,1.243206,-0.024878,-0.022970,0.000586,0.075706,0.290564,0.196942,0.027041,-0.038004,-0.001197,0.138772,0.172105,1.213000,0.000000,0.000000,0.000000,0.059896,0.295587,0.150000,0.000000,0.000000,0.000000,-0.019078,-0.016449,0.030206,-0.024878,-0.022970,0.000586,0.015810,-0.005023,0.046942,0.039331,0.049787
8.780000,1.430000,0.120452,0.158562,1.245176,-0.024607,-0.023350,0.000584,0.073422,0.293033,0.198128,0.032966,-0.032808,-0.001258,0.139915,0.178056,1.216000,0.000000,0.000000,0.000000,0.054367,0.299472,0.150000,0.000000,0.000000,0.000000,-0.019463,-0.019494,0.029176,-0.024607,-0.023350,0.000584,0.019055,-0.006439,0.048128,0.040126,0.052162
8.790000,1.440000,0.120956,0.160662,1.246075,-0.024231,-0.023910,0.000584,0.070286,0.292510,0.196354,0.029973,-0.034536,-0.001253,0.139915,0.178056,1.216000,0.000000,0.000000,0.000000,0.054367,0.299472,0.150000,0.000000,0.000000,0.000000,-0.018959,-0.017394,0.030075,-0.024231,-0.023910,0.000584,0.015919,-0.006962,0.046354,0.039579,0.049504
8.802000,1.452000,0.121784,0.164180,1.247754,-0.024193,-0.024331,0.000583,0.068398,0.297114,0.196908,0.032429,-0.036317,-0.001336,0.140946,0.184083,1.219000,0.000000,0.000000,0.000000,0.048682,0.303202,0.150000,0.000000,0.000000,0.000000,-0.019161,-0.019903,0.028754,-0.024193,-0.024331,0.000583,0.019717,-0.006088,0.046908,0.039876,0.051246
8.811000,1.461000,0.122638,0.167935,1.249820,-0.024139,-0.024742,0.000581,0.066600,0.302389,0.198663,0.033723,-0.036065,-0.001394,0.140946,0.184083,1.219000,0.000000,0.000000,0.000000,0.048682,0.303202,0.150000,0.000000,0.000000,0.000000,-0.018308,-0.016148,0.030820,-0.024139,-0.024742,0.000581,0.017918,-0.000813,0.048663,0.039317,0.051863
8.822000,1.472000,0.123371,0.171346,1.251626,-0.023944,-0.025179,0.000579,0.064385,0.306208,0.199601,0.036103,-0.035480,-0.001408,0.141861,0.190183,1.222000,0.000000,0.000000,0.000000,0.042844,0.306770,0.150000,0.000000,0.000000,0.000000,-0.018491,-0.018837,0.029626,-0.023944,-0.025179,0.000579,0.021542,-0.000562,0.049601,0.039679,0.054080
8.832000,1.482000,0.124017,0.174536,1.253287,-0.023649,-0.025627,0.000576,0.061903,0.309046,0.199643,0.044127,-0.034777,-0.001372,0.141861,0.190183,1.222000,0.000000,0.000000,0.000000,0.042844,0.306770,0.150000,0.000000,0.000000,0.000000,-0.017844,-0.015647,0.031287,-0.023649,-0.025627,0.000576,0.019059,0.002276,0.049643,0.039270,0.053224
8.840000,1.490000,0.124636,0.177626,1.255283,-0.023207,-0.025975,0.000571,0.059360,0.311390,0.200671,0.054753,-0.025008,-0.001359,0.142658,0.196353,1.225000,0.000000,0.000000,0.000000,0.036857,0.310172,0.150000,0.000000,0.000000,0.000000,-0.018023,-0.018726,0.030283,-0.023207,-0.025975,0.000571,0.022503,0.001218,0.050671,0.039907,0.055456
8.850000,1.500000,0.124913,0.179436,1.255697,-0.022570,-0.026587,0.000568,0.055673,0.309027,0.196854,0.047471,-0.034191,-0.001362,0.142658,0.196353,1.225000,0.000000,0.000000,0.000000,0.036857,0.310172,0.150000,0.000000,0.000000,0.000000,-0.017745,-0.016916,0.030697,-0.022570,-0.026587,0.000568,0.018816,-0.001145,0.046854,0.039285,0.050504
8.860000,1.510000,0.125540,0.183029,1.257585,-0.022266,-0.027003,0.000565,0.053304,0.313090,0.197429,0.054669,-0.033541,-0.001338,0.143335,0.202589,1.228000,0.000000,0.000000,0.000000,0.030728,0.313401,0.150000,0.000000,0.000000,0.000000,-0.017795,-0.019559,0.029585,-0.022266,-0.027003,0.000565,0.022576,-0.000312,0.047429,0.039680,0.052529
8.870000,1.520000,0.126083,0.186371,1.259275,-0.021792,-0.027414,0.000562,0.050666,0.316068,0.197866,0.057149,-0.031151,-0.001289,0.143335,0.202589,1.228000,0.000000,0.000000,0.000000,0.030728,0.313401,0.150000,0.000000,0.000000,0.000000,-0.017252,-0.016218,0.031275,-0.021792,-0.027414,0.000562,0.019938,0.002667,0.047866,0.039227,0.051921
8.880000,1.530000,0.126566,0.189566,1.260867,-0.021232,-0.027829,0.000558,0.047863,0.318355,0.198000,0.060534,-0.030140,-0.001226,0.143335,0.202589,1.228000,0.000000,0.000000,0.000000,0.030728,0.313401,0.150000,0.000000,0.000000,0.000000,-0.016769,-0.013023,0.032867,-0.021232,-0.027829,0.000558,0.017136,0.004953,0.048000,0.039128,0.051207
8.890000,1.540000,0.127045,0.192749,1.262847,-0.020626,-0.028131,0.000553,0.045102,0.320458,0.199033,0.063317,-0.020561,-0.001227,0.143887,0.208887,1.231000,0.000000,0.000000,0.000000,0.024459,0.316454,0.150000,0.000000,0.000000,0.000000,-0.016842,-0.016138,0.031847,-0.020626,-0.028131,0.000553,0.020643,0.004004,0.049033,0.039476,0.053351
8.900000,1.550000,0.127137,0.193816,1.263043,-0.019466,-0.028722,0.000550,0.041033,0.314835,0.194854,0.062157,-0.030004,-0.001185,0.143887,0.208887,1.231000,0.000000,0.000000,0.000000,0.024459,0.316454,0.150000,0.000000,0.000000,0.000000,-0.016750,-0.015071,0.032043,-0.019466,-0.028722,0.000550,0.016574,-0.001619,0.044854,0.039172,0.047846
8.910000,1.560000,0.127532,0.197119,1.264445,-0.018927,-0.029106,0.000547,0.038177,0.317367,0.194041,0.061511,-0.032947,-0.001169,0.144312,0.215246,1.234000,0.000000,0.000000,0.000000,0.018058,0.319326,0.150000,0.000000,0.000000,0.000000,-0.016780,-0.018127,0.030445,-0.018927,-0.029106,0.000547,0.020119,-0.001959,0.044041,0.039205,0.048458
8.920000,1.570000,0.127914,0.200292,1.266385,-0.018312,-0.029436,0.000541,0.035297,0.319237,0.194816,0.061691,-0.026694,-0.001180,0.144312,0.215246,1.234000,0.000000,0.000000,0.000000,0.018058,0.319326,0.150000,0.000000,0.000000,0.000000,-0.016398,-0.014953,0.032385,-0.018312,-0.029436,0.000541,0.017239,-0.000089,0.044816,0.039260,0.048018
8.931000,1.581000,0.128220,0.203389,1.267475,-0.017709,-0.029910,0.000538,0.032223,0.320766,0.193971,0.053692,-0.028888,-0.001205,0.144608,0.221659,1.237000,0.000000,0.000000,0.000000,0.011528,0.322011,0.150000,0.000000,0.000000,0.000000,-0.016388,-0.018270,0.030475,-0.017709,-0.029910,0.000538,0.020696,-0.001244,0.043971,0.039129,0.048614
8.942000,1.592000,0.128600,0.207305,1.269424,-0.017358,-0.030296,0.000535,0.029457,0.325118,0.195655,0.048451,-0.028256,-0.001120,0.144781,0.228774,1.240300,0.000000,0.000000,0.000000,0.004203,0.324743,0.150000,0.000000,0.000000,0.000000,-0.016182,-0.021469,0.029124,-0.017358,-0.030296,0.000535,0.025254,0.000375,0.045655,0.039635,0.052175
8.951000,1.601000,0.128904,0.210883,1.271148,-0.016955,-0.030686,0.000532,0.026478,0.328046,0.196623,0.045531,-0.027812,-0.001028,0.144781,0.228774,1.240300,0.000000,0.000000,0.000000,0.004203,0.324743,0.150000,0.000000,0.000000,0.000000,-0.015878,-0.017891,0.030848,-0.016955,-0.030686,0.000532,0.022275,0.003303,0.046623,0.039036,0.051776
8.960000,1.610000,0.129168,0.214164,1.273114,-0.016500,-0.030964,0.000527,0.023414,0.329735,0.198272,0.041154,-0.016679,-0.001039,0.144802,0.234638,1.243000,0.000000,0.000000,0.000000,-0.001896,0.326802,0.150000,0.000000,0.000000,0.000000,-0.015634,-0.020474,0.030114,-0.016500,-0.030964,0.000527,0.025310,0.002933,0.048272,0.039629,0.054584
8.970000,1.620000,0.129209,0.215443,1.273404,-0.015487,-0.031496,0.000524,0.019654,0.324132,0.194570,0.047647,-0.026798,-0.001018,0.144802,0.234638,1.243000,0.000000,0.000000,0.000000,-0.001896,0.326802,0.150000,0.000000,0.000000,0.000000,-0.015593,-0.019195,0.030404,-0.015487,-0.031496,0.000524,0.021549,-0.002670,0.044570,0.039192,0.049578
8.980000,1.630000,0.129340,0.217978,1.274542,-0.014920,-0.031872,0.000521,0.016311,0.323167,0.193436,0.043700,-0.025457,-0.000993,0.144696,0.241195,1.246000,0.000000,0.000000,0.000000,-0.008778,0.328900,0.150000,0.000000,0.000000,0.000000,-0.015356,-0.023217,0.028542,-0.014920,-0.031872,0.000521,0.025089,-0.005733,0.043436,0.039869,0.050488
8.990000,1.640000,0.129472,0.220864,1.275885,-0.014485,-0.032219,0.000517,0.013050,0.323450,0.193262,0.032291,-0.022749,-0.000966,0.144696,0.241195,1.246000,0.000000,0.000000,0.000000,-0.008778,0.328900,0.150000,0.000000,0.000000,0.000000,-0.015223,-0.020332,0.029885,-0.014485,-0.032219,0.000517,0.021827,-0.005451,0.043262,0.039221,0.048762
9.000000,1.650000,0.129588,0.223905,1.277309,-0.014136,-0.032435,0.000512,0.009810,0.324241,0.193325,0.027376,-0.010966,-0.001018,0.144451,0.247793,1.249000,0.000000,0.000000,0.000000,-0.015765,0.330795,0.150000,0.000000,0.000000,0.000000,-0.014863,-0.023888,0.028309,-0.014136,-0.032435,0.000512,0.025575,-0.006554,0.043325,0.039912,0.050736
9.010000,1.660000,0.129711,0.228116,1.279140,-0.014096,-0.032830,0.000509,0.006690,0.329248,0.194821,0.031805,-0.020489,-0.000947,0.144451,0.247793,1.249000,0.000000,0.000000,0.000000,-0.015765,0.330795,0.150000,0.000000,0.000000,0.000000,-0.014739,-0.019677,0.030140,-0.014096,-0.032830,0.000509,0.022456,-0.001547,0.044821,0.038895,0.050155
9.020000,1.670000,0.129778,0.231409,1.281088,-0.013794,-0.033143,0.000505,0.003407,0.330655,0.196616,0.028905,-0.018859,-0.000939,0.144018,0.255091,1.252300,0.000000,0.000000,0.000000,-0.023567,0.332638,0.150000,0.000000,0.000000,0.000000,-0.014240,-0.023682,0.028788,-0.013794,-0.033143,0.000505,0.026975,-0.001983,0.046616,0.039904,0.053895
9.030000,1.680000,0.129796,0.234911,1.282332,-0.013620,-0.033412,0.000501,0.000085,0.332809,0.196038,0.030587,-0.017381,-0.000952,0.144018,0.255091,1.252300,0.000000,0.000000,0.000000,-0.023567,0.332638,0.150000,0.000000,0.000000,0.000000,-0.014222,-0.020180,0.030032,-0.013620,-0.033412,0.000501,0.023653,0.000171,0.046038,0.038877,0.051759
9.041000,1.691000,0.129787,0.239020,1.284319,-0.013551,-0.033579,0.000495,-0.003264,0.337032,0.197647,0.033946,-0.006691,-0.001014,0.143506,0.261425,1.255150,0.000000,0.000000,0.000000,-0.030396,0.334023,0.150000,0.000000,0.000000,0.000000,-0.013718,-0.022405,0.029169,-0.013551,-0.033579,0.000495,0.027132,0.003009,0.047647,0.039255,0.054913
9.050000,1.700000,0.129755,0.242390,1.286295,-0.013311,-0.033936,0.000489,-0.006617,0.338382,0.199013,0.033712,-0.016014,-0.000963,0.143506,0.261425,1.255150,0.000000,0.000000,0.000000,-0.030396,0.334023,0.150000,0.000000,0.000000,0.000000,-0.013751,-0.019034,0.031145,-0.013311,-0.033936,0.000489,0.023780,0.004359,0.049013,0.039005,0.054651
9.060000,1.710000,0.129658,0.244927,1.286980,-0.012813,-0.034179,0.000485,-0.010063,0.336709,0.196579,0.036023,-0.015183,-0.000957,0.142862,0.267783,1.258000,0.000000,0.000000,0.000000,-0.037304,0.335214,0.150000,0.000000,0.000000,0.000000,-0.013205,-0.022856,0.028980,-0.012813,-0.034179,0.000485,0.027242,0.001496,0.046579,0.039199,0.053981
9.070000,1.720000,0.129557,0.248294,1.288945,-0.012478,-0.034430,0.000479,-0.013446,0.337975,0.197358,0.043774,-0.014574,-0.000934,0.142862,0.267783,1.258000,0.000000,0.000000,0.000000,-0.037304,0.335214,0.150000,0.000000,0.000000,0.000000,-0.013305,-0.019489,0.030945,-0.012478,-0.034430,0.000479,0.023859,0.002761,0.047358,0.038916,0.053100
9.080000,1.730000,0.129443,0.250354,1.289644,-0.011702,-0.034663,0.000474,-0.016754,0.334485,0.194425,0.052702,-0.014717,-0.000926,0.142043,0.274498,1.261000,0.000000,0.000000,0.000000,-0.044655,0.336254,0.150000,0.000000,0.000000,0.000000,-0.012600,-0.024144,0.028644,-0.011702,-0.034663,0.000474,0.027902,-0.001769,0.044425,0.039524,0.052490
9.092000,1.742000,0.129286,0.253187,1.290888,-0.011058,-0.034792,0.000467,-0.020129,0.333845,0.193408,0.056764,-0.004949,-0.000972,0.142043,0.274498,1.261000,0.000000,0.000000,0.000000,-0.044655,0.336254,0.150000,0.000000,0.000000,0.000000,-0.012757,-0.021310,0.029888,-0.011058,-0.034792,0.000467,0.024526,-0.002409,0.043408,0.038861,0.049916
9.100000,1.750000,0.129093,0.256261,1.292275,-0.010485,-0.035116,0.000462,-0.023536,0.334035,0.192832,0.058246,-0.014103,-0.000946,0.141076,0.281231,1.264000,0.000000,0.000000,0.000000,-0.052081,0.337072,0.150000,0.000000,0.000000,0.000000,-0.011983,-0.024970,0.028275,-0.010485,-0.035116,0.000462,0.028544,-0.003037,0.042832,0.039580,0.051562
9.110000,1.760000,0.128865,0.259444,1.293715,-0.009828,-0.035359,0.000456,-0.026994,0.334561,0.193112,0.055354,-0.017967,-0.000980,0.141076,0.281231,1.264000,0.000000,0.000000,0.000000,-0.052081,0.337072,0.150000,0.000000,0.000000,0.000000,-0.012211,-0.021787,0.029715,-0.009828,-0.035359,0.000456,0.025087,-0.002511,0.043112,0.038817,0.049943
9.121000,1.771000,0.128513,0.263813,1.295553,-0.009495,-0.035624,0.000448,-0.030787,0.339325,0.194552,0.057811,-0.019413,-0.001131,0.139779,0.288992,1.267450,0.000000,0.000000,0.000000,-0.060704,0.337733,0.150000,0.000000,0.000000,0.000000,-0.011266,-0.025179,0.028103,-0.009495,-0.035624,0.000448,0.029917,0.001591,0.044552,0.039379,0.053688
9.130000,1.780000,0.128112,0.268183,1.297622,-0.009136,-0.035932,0.000439,-0.034672,0.343854,0.196680,0.055242,-0.016748,-0.001228,0.139779,0.288992,1.267450,0.000000,0.000000,0.000000,-0.060704,0.337733,0.150000,0.000000,0.000000,0.000000,-0.011667,-0.020809,0.030172,-0.009136,-0.035932,0.000439,0.026033,0.006121,0.046680,0.038464,0.053798
9.140000,1.790000,0.127766,0.271622,1.299589,-0.008531,-0.036231,0.000429,-0.038263,0.344764,0.198444,0.051274,-0.017424,-0.001251,0.138692,0.294736,1.270000,0.000000,0.000000,0.000000,-0.067131,0.338028,0.150000,0.000000,0.000000,0.000000,-0.010927,-0.023114,0.029589,-0.008531,-0.036231,0.000429,0.028868,0.006736,0.048444,0.039105,0.056794
9.152000,1.802000,0.127420,0.274386,1.300362,-0.007806,-0.036497,0.000421,-0.041693,0.343192,0.196108,0.055155,-0.017578,-0.001173,0.138692,0.294736,1.270000,0.000000,0.000000,0.000000,-0.067131,0.338028,0.150000,0.000000,0.000000,0.000000,-0.011273,-0.020350,0.030362,-0.007806,-0.036497,0.000421,0.025438,0.005163,0.046108,0.038250,0.052912
9.160000,1.810000,0.127003,0.277818,1.302323,-0.007272,-0.036791,0.000411,-0.045320,0.343965,0.197301,0.053213,-0.017134,-0.001154,0.137274,0.301499,1.273000,0.000000,0.000000,0.000000,-0.074741,0.338162,0.150000,0.000000,0.000000,0.000000,-0.010271,-0.023680,0.029323,-0.007272,-0.036791,0.000411,0.029421,0.005804,0.047301,0.039065,0.056006
9.173000,1.823000,0.126559,0.280905,1.303299,-0.006671,-0.036939,0.000401,-0.048907,0.343468,0.195628,0.050738,-0.004260,-0.001104,0.137274,0.301499,1.273000,0.000000,0.000000,0.000000,-0.074741,0.338162,0.150000,0.000000,0.000000,0.000000,-0.010715,-0.020594,0.030299,-0.006671,-0.036939,0.000401,0.025834,0.005306,0.045628,0.038170,0.052702
9.180000,1.830000,0.126070,0.284340,1.305255,-0.006138,-0.037337,0.000391,-0.052592,0.344128,0.196858,0.049873,-0.014076,-0.001120,0.135702,0.308261,1.276000,0.000000,0.000000,0.000000,-0.082400,0.338062,0.150000,0.000000,0.000000,0.000000,-0.009633,-0.023921,0.029255,-0.006138,-0.037337,0.000391,0.029808,0.006066,0.046858,0.038999,0.055866
9.191000,1.841000,0.125549,0.287505,1.306273,-0.005569,-0.037560,0.000383,-0.056249,0.343799,0.195380,0.051180,-0.014901,-0.001059,0.135702,0.308261,1.276000,0.000000,0.000000,0.000000,-0.082400,0.338062,0.150000,0.000000,0.000000,0.000000,-0.010153,-0.020757,0.030273,-0.005569,-0.037560,0.000383,0.026151,0.005737,0.045380,0.038084,0.052689
9.201000,1.851000,0.124855,0.291665,1.308222,-0.005245,-0.037829,0.000374,-0.060449,0.346995,0.196657,0.052455,-0.014310,-0.000986,0.133887,0.315357,1.279150,0.000000,0.000000,0.000000,-0.090486,0.337703,0.150000,0.000000,0.000000,0.000000,-0.009032,-0.023692,0.029072,-0.005245,-0.037829,0.000374,0.030036,0.009292,0.046657,0.038575,0.056262
9.210000,1.860000,0.124174,0.295455,1.309946,-0.004785,-0.038079,0.000366,-0.064477,0.348688,0.197262,0.053788,-0.009456,-0.000913,0.133887,0.315357,1.279150,0.000000,0.000000,0.000000,-0.090486,0.337703,0.150000,0.000000,0.000000,0.000000,-0.009713,-0.019903,0.030796,-0.004785,-0.038079,0.000366,0.026008,0.010985,0.047262,0.037932,0.055052
9.223000,1.873000,0.123489,0.299012,1.311551,-0.004231,-0.038303,0.000359,-0.068397,0.349428,0.197499,0.055876,-0.007683,-0.000843,0.132098,0.321769,1.282000,0.000000,0.000000,0.000000,-0.097834,0.337153,0.150000,0.000000,0.000000,0.000000,-0.008609,-0.022757,0.029551,-0.004231,-0.038303,0.000359,0.029436,0.012275,0.047499,0.038279,0.057213
9.230000,1.880000,0.122785,0.302448,1.313098,-0.003615,-0.038499,0.000352,-0.072252,0.349642,0.197210,0.062319,-0.006208,-0.000804,0.132098,0.321769,1.282000,0.000000,0.000000,0.000000,-0.097834,0.337153,0.150000,0.000000,0.000000,0.000000,-0.009313,-0.019321,0.031098,-0.003615,-0.038499,0.000352,0.025582,0.012489,0.047210,0.037778,0.055128
9.240000,1.890000,0.122062,0.305944,1.315070,-0.002972,-0.038674,0.000345,-0.076069,0.349998,0.198176,0.066342,-0.003862,-0.000751,0.132098,0.321769,1.282000,0.000000,0.000000,0.000000,-0.097834,0.337153,0.150000,0.000000,0.000000,0.000000,-0.010036,-0.015824,0.033070,-0.002972,-0.038674,0.000345,0.021765,0.012845,0.048176,0.038010,0.054403
9.250000,1.900000,0.121760,0.307024,1.315238,-0.001648,-0.038571,0.000338,-0.078229,0.341620,0.193824,0.065513,0.008894,-0.000756,0.129745,0.329513,1.285450,0.000000,0.000000,0.000000,-0.106761,0.336197,0.150000,0.000000,0.000000,0.000000,-0.007985,-0.022489,0.029788,-0.001648,-0.038571,0.000338,0.028531,0.005422,0.043824,0.038169,0.052573
9.263000,1.913000,0.120912,0.310565,1.316622,-0.000988,-0.038829,0.000332,-0.082296,0.342307,0.193774,0.059120,-0.007126,-0.000710,0.127303,0.336896,1.288750,0.000000,0.000000,0.000000,-0.115323,0.334984,0.150000,0.000000,0.000000,0.000000,-0.006391,-0.026332,0.027872,-0.000988,-0.038829,0.000332,0.033026,0.007323,0.043774,0.038872,0.055322
9.270000,1.920000,0.120089,0.313988,1.318559,-0.000396,-0.038900,0.000325,-0.086168,0.342404,0.195338,0.047262,-0.001097,-0.000718,0.127303,0.336896,1.288750,0.000000,0.000000,0.000000,-0.115323,0.334984,0.150000,0.000000,0.000000,0.000000,-0.007213,-0.022909,0.029809,-0.000396,-0.038900,0.000325,0.029155,0.007420,0.045338,0.038281,0.054411
9.280000,1.930000,0.119224,0.317280,1.319652,0.000509,-0.039041,0.000318,-0.090033,0.342025,0.194392,0.063699,-0.004537,-0.000795,0.125529,0.341914,1.291000,0.000000,0.000000,0.000000,-0.121168,0.333988,0.150000,0.000000,0.000000,0.000000,-0.006305,-0.024634,0.028652,0.000509,-0.039041,0.000318,0.031135,0.008036,0.044392,0.038308,0.054814
9.290000,1.940000,0.118324,0.320700,1.321596,0.001245,-0.039167,0.000308,-0.093918,0.341972,0.195731,0.069806,-0.002346,-0.000967,0.125529,0.341914,1.291000,0.000000,0.000000,0.000000,-0.121168,0.333988,0.150000,0.000000,0.000000,0.000000,-0.007205,-0.021214,0.030596,0.001245,-0.039167,0.000308,0.027250,0.007984,0.045731,0.037922,0.053830
9.300000,1.950000,0.117407,0.323908,1.322634,0.001996,-0.039283,0.000298,-0.097704,0.341158,0.194392,0.070045,-0.003271,-0.001076,0.125529,0.341914,1.291000,0.000000,0.000000,0.000000,-0.121168,0.333988,0.150000,0.000000,0.000000,0.000000,-0.008121,-0.018006,0.031634,0.001996,-0.039283,0.000298,0.023464,0.007169,0.044392,0.037294,0.050721
9.310000,1.960000,0.116430,0.327320,1.324578,0.002697,-0.039316,0.000287,-0.101605,0.340958,0.195548,0.055667,0.008817,-0.001014,0.123028,0.348579,1.294000,0.000000,0.000000,0.000000,-0.128967,0.332447,0.150000,0.000000,0.000000,0.000000,-0.006597,-0.021259,0.030578,0.002697,-0.039316,0.000287,0.027362,0.008511,0.045548,0.037822,0.053812
9.320000,1.970000,0.115746,0.329515,1.325334,0.003834,-0.039475,0.000276,-0.104308,0.336350,0.193207,0.058392,-0.001446,-0.001029,0.120370,0.355210,1.297000,0.000000,0.000000,0.000000,-0.136763,0.330661,0.150000,0.000000,0.000000,0.000000,-0.004624,-0.025695,0.028334,0.003834,-0.039475,0.000276,0.032455,0.005689,0.043207,0.038528,0.054338
9.330000,1.980000,0.114837,0.332404,1.326593,0.004644,-0.039575,0.000266,-0.107734,0.334317,0.192416,0.060491,-0.004219,-0.000920,0.120370,0.355210,1.297000,0.000000,0.000000,0.000000,-0.136763,0.330661,0.150000,0.000000,0.000000,0.000000,-0.005533,-0.022806,0.029593,0.004644,-0.039575,0.000266,0.029029,0.003657,0.042416,0.037769,0.051528
9.340000,1.990000,0.113833,0.335501,1.327983,0.005339,-0.039679,0.000257,-0.111388,0.333029,0.192024,0.056654,-0.003574,-0.000794,0.117557,0.361803,1.300000,0.000000,0.000000,0.000000,-0.144550,0.328628,0.150000,0.000000,0.000000,0.000000,-0.003724,-0.026303,0.027983,0.005339,-0.039679,0.000257,0.033162,0.004400,0.042024,0.038584,0.053713
9.350000,2.000000,0.112767,0.338683,1.329422,0.005969,-0.039788,0.000250,-0.115167,0.332027,0.192348,0.043410,0.000736,-0.000671,0.117557,0.361803,1.300000,0.000000,0.000000,0.000000,-0.144550,0.328628,0.150000,0.000000,0.000000,0.000000,-0.004790,-0.023120,0.029422,0.005969,-0.039788,0.000250,0.029383,0.003398,0.042348,0.037725,0.051655
9.360000,2.010000,0.111264,0.343026,1.331260,0.006179,-0.040004,0.000245,-0.120396,0.335250,0.193830,0.036603,0.001110,-0.000414,0.114588,0.368354,1.303000,0.000000,0.000000,0.000000,-0.152319,0.326349,0.150000,0.000000,0.000000,0.000000,-0.003324,-0.025328,0.028260,0.006179,-0.040004,0.000245,0.031923,0.008901,0.043830,0.038094,0.054948
9.370000,2.020000,0.110060,0.346378,1.333198,0.006626,-0.040098,0.000243,-0.124393,0.334631,0.195584,0.031381,0.002820,-0.000200,0.114588,0.368354,1.303000,0.000000,0.000000,0.000000,-0.152319,0.326349,0.150000,0.000000,0.000000,0.000000,-0.004528,-0.021975,0.030198,0.006626,-0.040098,0.000243,0.027926,0.008282,0.045584,0.037621,0.054096
9.380000,2.030000,0.109117,0.348876,1.334134,0.007147,-0.039977,0.000241,-0.127298,0.330956,0.194358,0.018544,0.014516,-0.000180,0.114588,0.368354,1.303000,0.000000,0.000000,0.000000,-0.152319,0.326349,0.150000,0.000000,0.000000,0.000000,-0.005471,-0.019477,0.031134,0.007147,-0.039977,0.000241,0.025022,0.004607,0.044358,0.037130,0.051136
9.390000,2.040000,0.107972,0.351836,1.335459,0.007655,-0.040116,0.000242,-0.130807,0.329033,0.193733,0.032698,0.006630,-0.000151,0.111304,0.375179,1.306150,0.000000,0.000000,0.000000,-0.160451,0.323690,0.150000,0.000000,0.000000,0.000000,-0.003332,-0.023344,0.029309,0.007655,-0.040116,0.000242,0.029643,0.005342,0.043733,0.037617,0.053102
9.400000,2.050000,0.106739,0.354933,1.336881,0.007985,-0.040120,0.000241,-0.134513,0.327638,0.193407,0.028875,0.010582,-0.000161,0.111304,0.375179,1.306150,0.000000,0.000000,0.000000,-0.160451,0.323690,0.150000,0.000000,0.000000,0.000000,-0.004565,-0.020246,0.030731,0.007985,-0.040120,0.000241,0.025937,0.003948,0.043407,0.037083,0.050719
9.410000,2.060000,0.104997,0.359185,1.338711,0.007964,-0.040228,0.000241,-0.139938,0.330491,0.194655,0.025354,0.011397,-0.000227,0.108186,0.381305,1.309000,0.000000,0.000000,0.000000,-0.167777,0.321050,0.150000,0.000000,0.000000,0.000000,-0.003189,-0.022120,0.029711,0.007964,-0.040228,0.000241,0.027839,0.009441,0.044655,0.037178,0.053462
9.420000,2.070000,0.103597,0.362490,1.340657,0.008299,-0.040212,0.000239,-0.143950,0.329696,0.196209,0.026369,0.013429,-0.000290,0.108186,0.381305,1.309000,0.000000,0.000000,0.000000,-0.167777,0.321050,0.150000,0.000000,0.000000,0.000000,-0.004589,-0.018815,0.031657,0.008299,-0.040212,0.000239,0.023828,0.008646,0.046209,0.037111,0.052705
9.430000,2.080000,0.102067,0.365956,1.341898,0.008549,-0.040191,0.000238,-0.148238,0.329580,0.194956,0.036013,0.017688,-0.000325,0.104226,0.388649,1.312450,0.000000,0.000000,0.000000,-0.176598,0.317555,0.150000,0.000000,0.000000,0.000000,-0.002158,-0.022693,0.029448,0.008549,-0.040191,0.000238,0.028360,0.012025,0.044956,0.037240,0.054497
9.441000,2.091000,0.100234,0.370011,1.343875,0.008708,-0.040224,0.000236,-0.153480,0.331529,0.195889,0.040586,0.020184,-0.000420,0.100985,0.394339,1.315150,0.000000,0.000000,0.000000,-0.183456,0.314593,0.150000,0.000000,0.000000,0.000000,-0.000751,-0.024328,0.028725,0.008708,-0.040224,0.000236,0.029976,0.016937,0.045889,0.037651,0.057370
9.452000,2.102000,0.098524,0.373662,1.345610,0.009056,-0.040181,0.000233,-0.158106,0.331912,0.196572,0.045698,0.018791,-0.000492,0.100985,0.394339,1.315150,0.000000,0.000000,0.000000,-0.183456,0.314593,0.150000,0.000000,0.000000,0.000000,-0.002461,-0.020677,0.030460,0.009056,-0.040181,0.000233,0.025351,0.017320,0.046572,0.036897,0.055782
9.461000,2.111000,0.096878,0.377056,1.347219,0.009559,-0.040089,0.000229,-0.162322,0.331306,0.196866,0.053325,0.020118,-0.000535,0.097431,0.400285,1.318000,0.000000,0.000000,0.000000,-0.190648,0.311249,0.150000,0.000000,0.000000,0.000000,-0.000553,-0.023229,0.029219,0.009559,-0.040089,0.000229,0.028326,0.020057,0.046866,0.037332,0.058318
9.471000,2.121000,0.095255,0.380369,1.349188,0.010092,-0.039888,0.000226,-0.166295,0.330358,0.197822,0.055186,0.031730,-0.000553,0.097431,0.400285,1.318000,0.000000,0.000000,0.000000,-0.190648,0.311249,0.150000,0.000000,0.000000,0.000000,-0.002176,-0.019916,0.031188,0.010092,-0.039888,0.000226,0.024353,0.019109,0.047822,0.037069,0.056966
9.480000,2.130000,0.094253,0.382187,1.349572,0.011202,-0.039682,0.000223,-0.167858,0.324079,0.194148,0.068789,0.023498,-0.000536,0.093543,0.406473,1.321000,0.000000,0.000000,0.000000,-0.198157,0.307490,0.150000,0.000000,0.000000,0.000000,0.000710,-0.024286,0.028572,0.011202,-0.039682,0.000223,0.030299,0.016590,0.044148,0.037506,0.056056
9.490000,2.140000,0.092291,0.385929,1.351428,0.011865,-0.039618,0.000219,-0.172793,0.324818,0.194561,0.079983,0.022292,-0.000560,0.093543,0.406473,1.321000,0.000000,0.000000,0.000000,-0.198157,0.307490,0.150000,0.000000,0.000000,0.000000,-0.001251,-0.020544,0.030428,0.011865,-0.039618,0.000219,0.025364,0.017328,0.044561,0.036736,0.054123
9.501000,2.151000,0.090433,0.389367,1.353089,0.012722,-0.039506,0.000215,-0.177169,0.324354,0.194388,0.090102,0.022773,-0.000590,0.089299,0.412886,1.324150,0.000000,0.000000,0.000000,-0.205966,0.303279,0.150000,0.000000,0.000000,0.000000,0.001133,-0.023519,0.028939,0.012722,-0.039506,0.000215,0.028796,0.021074,0.044388,0.037308,0.056953
9.510000,2.160000,0.088661,0.392611,1.355033,0.013623,-0.039279,0.000212,-0.181095,0.323089,0.195600,0.073921,0.033506,-0.000587,0.089299,0.412886,1.324150,0.000000,0.000000,0.000000,-0.205966,0.303279,0.150000,0.000000,0.000000,0.000000,-0.000638,-0.020276,0.030883,0.013623,-0.039279,0.000212,0.024871,0.019810,0.045600,0.036950,0.055591
9.520000,2.170000,0.087524,0.394484,1.355463,0.015128,-0.039033,0.000209,-0.182566,0.316917,0.192376,0.085312,0.025752,-0.000557,0.085319,0.418611,1.327000,0.000000,0.000000,0.000000,-0.212957,0.299239,0.150000,0.000000,0.000000,0.000000,0.002204,-0.024127,0.028463,0.015128,-0.039033,0.000209,0.030391,0.017678,0.042376,0.037378,0.055063
9.530000,2.180000,0.085383,0.398159,1.357310,0.015998,-0.038955,0.000207,-0.187569,0.317281,0.193139,0.087980,0.024126,-0.000474,0.085319,0.418611,1.327000,0.000000,0.000000,0.000000,-0.212957,0.299239,0.150000,0.000000,0.000000,0.000000,0.000064,-0.020451,0.030310,0.015998,-0.038955,0.000207,0.025389,0.018042,0.043139,0.036564,0.053208
9.540000,2.190000,0.083507,0.401332,1.359241,0.016878,-0.038714,0.000206,-0.191431,0.315694,0.194126,0.074328,0.031591,-0.000459,0.080987,0.424551,1.330000,0.000000,0.000000,0.000000,-0.220234,0.294749,0.150000,0.000000,0.000000,0.000000,0.002520,-0.023219,0.029241,0.016878,-0.038714,0.000206,0.028803,0.020945,0.044126,0.037423,0.056704
9.550000,2.200000,0.082623,0.402684,1.359620,0.018505,-0.038341,0.000205,-0.191580,0.307560,0.190980,0.075057,0.026938,-0.000471,0.080987,0.424551,1.330000,0.000000,0.000000,0.000000,-0.220234,0.294749,0.150000,0.000000,0.000000,0.000000,0.001636,-0.021867,0.029620,0.018505,-0.038341,0.000205,0.028654,0.012811,0.040980,0.036853,0.051619
9.561000,2.211000,0.080511,0.406021,1.361069,0.019328,-0.038246,0.000205,-0.196103,0.306769,0.191033,0.068176,0.026777,-0.000376,0.076283,0.430689,1.333150,0.000000,0.000000,0.000000,-0.227774,0.289777,0.150000,0.000000,0.000000,0.000000,0.004228,-0.024668,0.027919,0.019328,-0.038246,0.000205,0.031671,0.016993,0.041033,0.037495,0.054548
9.570000,2.220000,0.078550,0.409088,1.362979,0.020009,-0.037979,0.000206,-0.199925,0.304838,0.192814,0.038986,0.033755,-0.000385,0.076283,0.430689,1.333150,0.000000,0.000000,0.000000,-0.227774,0.289777,0.150000,0.000000,0.000000,0.000000,0.002267,-0.021600,0.029829,0.020009,-0.037979,0.000206,0.027849,0.015061,0.042814,0.036898,0.053249
9.580000,2.230000,0.076565,0.412058,1.364092,0.020873,-0.037896,0.000208,-0.203677,0.302652,0.192219,0.043543,0.023816,-0.000319,0.071891,0.436150,1.336000,0.000000,0.000000,0.000000,-0.234501,0.285051,0.150000,0.000000,0.000000,0.000000,0.004674,-0.024092,0.028092,0.020873,-0.037896,0.000208,0.030825,0.017601,0.042219,0.037302,0.055158
9.590000,2.240000,0.074069,0.415748,1.366029,0.021094,-0.037785,0.000209,-0.209118,0.303030,0.193748,0.030387,0.029280,-0.000348,0.071891,0.436150,1.336000,0.000000,0.000000,0.000000,-0.234501,0.285051,0.150000,0.000000,0.000000,0.000000,0.002178,-0.020402,0.030029,0.021094,-0.037785,0.000209,0.025383,0.017978,0.043748,0.036369,0.053679
9.600000,2.250000,0.071754,0.419068,1.367742,0.021578,-0.037782,0.000210,-0.213697,0.302010,0.194571,0.035709,0.019766,-0.000330,0.066648,0.442359,1.339300,0.000000,0.000000,0.000000,-0.242169,0.279313,0.150000,0.000000,0.000000,0.000000,0.005106,-0.023291,0.028442,0.021578,-0.037782,0.000210,0.028471,0.022697,0.044571,0.037114,0.057553
9.610000,2.260000,0.069617,0.422088,1.369687,0.021935,-0.037585,0.000211,-0.217456,0.299864,0.195885,0.028313,0.028933,-0.000369,0.066648,0.442359,1.339300,0.000000,0.000000,0.000000,-0.242169,0.279313,0.150000,0.000000,0.000000,0.000000,0.002969,-0.020271,0.030387,0.021935,-0.037585,0.000211,0.024713,0.020551,0.045885,0.036648,0.056022
9.620000,2.270000,0.068737,0.423199,1.369977,0.022895,-0.037196,0.000211,-0.216542,0.290942,0.192347,0.032576,0.020894,-0.000319,0.062233,0.447342,1.342000,0.000000,0.000000,0.000000,-0.248338,0.274407,0.150000,0.000000,0.000000,0.000000,0.006504,-0.024143,0.027977,0.022895,-0.037196,0.000211,0.031797,0.016535,0.042347,0.037522,0.055477
9.630000,2.280000,0.066397,0.426294,1.371408,0.023186,-0.037161,0.000210,-0.220869,0.289468,0.191867,0.036349,0.020704,-0.000429,0.062233,0.447342,1.342000,0.000000,0.000000,0.000000,-0.248338,0.274407,0.150000,0.000000,0.000000,0.000000,0.004164,-0.021048,0.029408,0.023186,-0.037161,0.000210,0.027469,0.015061,0.041867,0.036403,0.052290
9.640000,2.290000,0.064189,0.429189,1.373326,0.023549,-0.036954,0.000210,-0.224553,0.287170,0.192820,0.032027,0.031088,-0.000464,0.057199,0.452774,1.345000,0.000000,0.000000,0.000000,-0.255077,0.268736,0.150000,0.000000,0.000000,0.000000,0.006990,-0.023586,0.028326,0.023549,-0.036954,0.000210,0.030525,0.018434,0.042820,0.037517,0.055724
9.650000,2.300000,0.062642,0.431123,1.374148,0.024306,-0.036754,0.000207,-0.225735,0.281497,0.191235,0.031571,0.022734,-0.000555,0.057199,0.452774,1.345000,0.000000,0.000000,0.000000,-0.255077,0.268736,0.150000,0.000000,0.000000,0.000000,0.005443,-0.021651,0.029148,0.024306,-0.036754,0.000207,0.029342,0.012761,0.041235,0.036715,0.052193
9.660000,2.310000,0.060667,0.433569,1.375427,0.024896,-0.036570,0.000204,-0.228396,0.277810,0.191023,0.036154,0.023926,-0.000609,0.057199,0.452774,1.345000,0.000000,0.000000,0.000000,-0.255077,0.268736,0.150000,0.000000,0.000000,0.000000,0.003468,-0.019206,0.030427,0.024896,-0.036570,0.000204,0.026681,0.009074,0.041023,0.036148,0.049771
9.671000,2.321000,0.057788,0.437071,1.377187,0.025188,-0.036605,0.000202,-0.234218,0.278075,0.192175,0.034311,0.026526,-0.000518,0.052031,0.458090,1.348000,0.000000,0.000000,0.000000,-0.261686,0.262837,0.150000,0.000000,0.000000,0.000000,0.005757,-0.021019,0.029187,0.025188,-0.036605,0.000202,0.027469,0.015238,0.042175,0.036426,0.052587
9.680000,2.330000,0.054792,0.440625,1.379228,0.025487,-0.036597,0.000203,-0.240253,0.278427,0.194115,0.032734,0.030947,-0.000439,0.046732,0.463286,1.351000,0.000000,0.000000,0.000000,-0.268158,0.256711,0.150000,0.000000,0.000000,0.000000,0.008060,-0.022661,0.028228,0.025487,-0.036597,0.000203,0.027905,0.021716,0.044115,0.037085,0.056537
9.690000,2.340000,0.052389,0.443409,1.381169,0.026011,-0.036376,0.000204,-0.243905,0.275883,0.195718,0.036007,0.033395,-0.000402,0.046732,0.463286,1.351000,0.000000,0.000000,0.000000,-0.268158,0.256711,0.150000,0.000000,0.000000,0.000000,0.005657,-0.019877,0.030169,0.026011,-0.036376,0.000204,0.024254,0.019172,0.045718,0.036568,0.055190
9.702000,2.352000,0.050422,0.445572,1.381942,0.026620,-0.035995,0.000208,-0.245837,0.271242,0.193873,0.034269,0.036232,-0.000343,0.041305,0.468357,1.354000,0.000000,0.000000,0.000000,-0.274486,0.250362,0.150000,0.000000,0.000000,0.000000,0.009116,-0.022785,0.027942,0.026620,-0.035995,0.000208,0.028650,0.020879,0.043873,0.037189,0.056405
9.710000,2.360000,0.047963,0.448284,1.383881,0.027110,-0.035718,0.000212,-0.249405,0.268602,0.194830,0.035665,0.039688,-0.000324,0.041305,0.468357,1.354000,0.000000,0.000000,0.000000,-0.274486,0.250362,0.150000,0.000000,0.000000,0.000000,0.006658,-0.020073,0.029881,0.027110,-0.035718,0.000212,0.025081,0.018240,0.044830,0.036608,0.054511
9.720000,2.370000,0.046402,0.449919,1.384599,0.027726,-0.035063,0.000220,-0.249593,0.262187,0.192205,0.023563,0.050888,-0.000349,0.035754,0.473299,1.357000,0.000000,0.000000,0.000000,-0.280663,0.243795,0.150000,0.000000,0.000000,0.000000,0.010648,-0.023380,0.027599,0.027726,-0.035063,0.000220,0.031070,0.018392,0.042205,0.037706,0.055542
9.733000,2.383000,0.043500,0.452949,1.386173,0.028175,-0.034965,0.000227,-0.254569,0.261012,0.192299,0.034956,0.041227,-0.000309,0.035754,0.473299,1.357000,0.000000,0.000000,0.000000,-0.280663,0.243795,0.150000,0.000000,0.000000,0.000000,0.007746,-0.020350,0.029173,0.028175,-0.034965,0.000227,0.026094,0.017217,0.042299,0.036403,0.052598
9.740000,2.390000,0.040954,0.455560,1.388096,0.028524,-0.034552,0.000235,-0.258040,0.258215,0.193409,0.021024,0.049720,-0.000359,0.030080,0.478108,1.360000,0.000000,0.000000,0.000000,-0.286681,0.237011,0.150000,0.000000,0.000000,0.000000,0.010874,-0.022548,0.028096,0.028524,-0.034552,0.000235,0.028641,0.021204,0.043409,0.037630,0.056163
9.750000,2.400000,0.038351,0.458136,1.389250,0.029132,-0.034267,0.000243,-0.261588,0.255441,0.192683,0.035037,0.044048,-0.000338,0.030080,0.478108,1.360000,0.000000,0.000000,0.000000,-0.286681,0.237011,0.150000,0.000000,0.000000,0.000000,0.008271,-0.019972,0.029250,0.029132,-0.034267,0.000243,0.025093,0.018430,0.042683,0.036371,0.052832
9.760000,2.410000,0.035735,0.460690,1.391177,0.029482,-0.033826,0.000253,-0.265005,0.252536,0.194233,0.019359,0.051148,-0.000400,0.023995,0.483008,1.363150,0.000000,0.000000,0.000000,-0.292823,0.229660,0.150000,0.000000,0.000000,0.000000,0.011740,-0.022318,0.028027,0.029482,-0.033826,0.000253,0.027818,0.022876,0.044233,0.037702,0.057041
9.770000,2.420000,0.033974,0.462335,1.391963,0.030377,-0.033264,0.000261,-0.265188,0.246465,0.192339,0.035567,0.045491,-0.000407,0.023995,0.483008,1.363150,0.000000,0.000000,0.000000,-0.292823,0.229660,0.150000,0.000000,0.000000,0.000000,0.009979,-0.020673,0.028813,0.030377,-0.033264,0.000261,0.027635,0.016805,0.042339,0.036839,0.053279
9.780000,2.430000,0.030845,0.465233,1.393566,0.030735,-0.033033,0.000268,-0.270246,0.245115,0.192878,0.037013,0.045486,-0.000485,0.018380,0.487307,1.366000,0.000000,0.000000,0.000000,-0.298216,0.222813,0.150000,0.000000,0.000000,0.000000,0.012465,-0.022074,0.027566,0.030735,-0.033033,0.000268,0.027970,0.022302,0.042878,0.037450,0.055841
9.790000,2.440000,0.027443,0.468314,1.395577,0.031061,-0.032849,0.000274,-0.276089,0.244387,0.194694,0.033369,0.042682,-0.000573,0.018380,0.487307,1.366000,0.000000,0.000000,0.000000,-0.298216,0.222813,0.150000,0.000000,0.000000,0.000000,0.009063,-0.018992,0.029577,0.031061,-0.032849,0.000274,0.022127,0.021574,0.044694,0.036299,0.054338
9.800000,2.450000,0.024333,0.471049,1.397337,0.031485,-0.032579,0.000279,-0.280630,0.242383,0.195718,0.032338,0.041090,-0.000662,0.012360,0.491689,1.369000,0.000000,0.000000,0.000000,-0.303718,0.215406,0.150000,0.000000,0.000000,0.000000,0.011973,-0.020640,0.028337,0.031485,-0.032579,0.000279,0.023088,0.026977,0.045718,0.037045,0.057887
9.810000,2.460000,0.021409,0.473545,1.398958,0.031960,-0.032262,0.000283,-0.284286,0.239551,0.195854,0.036304,0.044356,-0.000716,0.012360,0.491689,1.369000,0.000000,0.000000,0.000000,-0.303718,0.215406,0.150000,0.000000,0.000000,0.000000,0.009048,-0.018144,0.029958,0.031960,-0.032262,0.000283,0.019432,0.024145,0.045854,0.036174,0.055346
9.820000,2.470000,0.018566,0.475941,1.400916,0.032323,-0.031818,0.000290,-0.287489,0.236378,0.196978,0.022722,0.053570,-0.000740,0.006232,0.495922,1.372000,0.000000,0.000000,0.000000,-0.309035,0.207800,0.150000,0.000000,0.000000,0.000000,0.012333,-0.019981,0.028916,0.032323,-0.031818,0.000290,0.021545,0.028578,0.046978,0.037249,0.059058
9.830000,2.480000,0.017543,0.476698,1.401137,0.033402,-0.031060,0.000293,-0.283995,0.227432,0.192793,0.036931,0.045577,-0.000782,0.006232,0.495922,1.372000,0.000000,0.000000,0.000000,-0.309035,0.207800,0.150000,0.000000,0.000000,0.000000,0.011310,-0.019224,0.029137,0.033402,-0.031060,0.000293,0.025039,0.019632,0.042793,0.036694,0.053325
9.840000,2.490000,0.015352,0.478419,1.402248,0.034054,-0.030547,0.000296,-0.284756,0.222193,0.191309,0.038247,0.046359,-0.000854,0.000000,0.500000,1.375000,0.000000,0.000000,0.000000,-0.314159,0.200000,0.150000,0.000000,0.000000,0.000000,0.015352,-0.021581,0.027248,0.034054,-0.030547,0.000296,0.029404,0.022193,0.041309,0.037998,0.055349
9.850000,2.500000,0.012826,0.480377,1.403572,0.034640,-0.030104,0.000299,-0.286661,0.217912,0.191016,0.033604,0.043326,-0.000895,0.000000,0.500000,1.375000,0.000000,0.000000,0.000000,-0.314159,0.200000,0.150000,0.000000,0.000000,0.000000,0.012826,-0.019623,0.028572,0.034640,-0.030104,0.000299,0.027498,0.017912,0.041016,0.036959,0.052529
9.860000,2.510000,0.010143,0.482415,1.404983,0.035214,-0.029676,0.000303,-0.289024,0.214018,0.190978,0.035363,0.045387,-0.000947,-0.006333,0.503920,1.378000,0.000000,0.000000,0.000000,-0.319086,0.192010,0.150000,0.000000,0.000000,0.000000,0.016475,-0.021506,0.026983,0.035214,-0.029676,0.000303,0.030062,0.022007,0.040978,0.038236,0.055383
9.871000,2.521000,0.006405,0.485194,1.406802,0.035551,-0.029531,0.000306,-0.295094,0.212936,0.192250,0.029844,0.046255,-0.001009,-0.006333,0.503920,1.378000,0.000000,0.000000,0.000000,-0.319086,0.192010,0.150000,0.000000,0.000000,0.000000,0.012738,-0.018726,0.028802,0.035551,-0.029531,0.000306,0.023991,0.020925,0.042250,0.036640,0.052901
9.880000,2.530000,0.002611,0.487934,1.408856,0.035653,-0.029311,0.000312,-0.301117,0.211657,0.194172,0.003199,0.051479,-0.000955,-0.012762,0.507679,1.381000,0.000000,0.000000,0.000000,-0.323807,0.183836,0.150000,0.000000,0.000000,0.000000,0.015373,-0.019745,0.027856,0.035653,-0.029311,0.000312,0.022690,0.027821,0.044172,0.037445,0.056921
9.890000,2.540000,-0.000400,0.490051,1.410797,0.036424,-0.028948,0.000314,-0.304044,0.208076,0.195695,0.032724,0.047899,-0.001069,-0.012762,0.507679,1.381000,0.000000,0.000000,0.000000,-0.323807,0.183836,0.150000,0.000000,0.000000,0.000000,0.012362,-0.017629,0.029797,0.036424,-0.028948,0.000314,0.019763,0.024240,0.045695,0.036762,0.055373
9.900000,2.550000,-0.002850,0.491682,1.411579,0.036992,-0.028384,0.000317,-0.304817,0.202918,0.193794,0.029112,0.047828,-0.001084,-0.020270,0.511797,1.384450,0.000000,0.000000,0.000000,-0.328976,0.174215,0.150000,0.000000,0.000000,0.000000,0.017419,-0.020115,0.027129,0.036992,-0.028384,0.000317,0.024158,0.028702,0.043794,0.038000,0.057666
9.910000,2.560000,-0.005898,0.493711,1.413517,0.037452,-0.027974,0.000321,-0.307629,0.199252,0.194683,0.026931,0.050583,-0.001055,-0.020270,0.511797,1.384450,0.000000,0.000000,0.000000,-0.328976,0.174215,0.150000,0.000000,0.000000,0.000000,0.014371,-0.018086,0.029067,0.037452,-0.027974,0.000321,0.021347,0.025036,0.044683,0.037128,0.055489
9.920000,2.570000,-0.007811,0.494913,1.414233,0.038083,-0.027241,0.000325,-0.306221,0.192747,0.191990,0.025021,0.051296,-0.001024,-0.025893,0.514697,1.387000,0.000000,0.000000,0.000000,-0.332612,0.166957,0.150000,0.000000,0.000000,0.000000,0.018083,-0.019785,0.027233,0.038083,-0.027241,0.000325,0.026391,0.025790,0.041990,0.038211,0.055899
9.933000,2.583000,-0.011359,0.497134,1.415803,0.038375,-0.026961,0.000331,-0.310718,0.190133,0.192091,0.026412,0.051222,-0.000959,-0.025893,0.514697,1.387000,0.000000,0.000000,0.000000,-0.332612,0.166957,0.150000,0.000000,0.000000,0.000000,0.014534,-0.017564,0.028803,0.038375,-0.026961,0.000331,0.021893,0.023177,0.042091,0.036733,0.052803
9.940000,2.590000,-0.014467,0.499035,1.417724,0.038639,-0.026449,0.000341,-0.313395,0.186323,0.193215,0.010427,0.058069,-0.000887,-0.032587,0.517950,1.390000,0.000000,0.000000,0.000000,-0.336683,0.158262,0.150000,0.000000,0.000000,0.000000,0.018120,-0.018915,0.027724,0.038639,-0.026449,0.000341,0.023288,0.028061,0.043215,0.038141,0.056544
9.950000,2.600000,-0.017611,0.500882,1.418871,0.039204,-0.026044,0.000350,-0.316101,0.182496,0.192434,0.025414,0.053809,-0.000818,-0.032587,0.517950,1.390000,0.000000,0.000000,0.000000,-0.336683,0.158262,0.150000,0.000000,0.000000,0.000000,0.014976,-0.017068,0.028871,0.039204,-0.026044,0.000350,0.020581,0.024234,0.042434,0.036731,0.053024
9.960000,2.610000,-0.021480,0.503108,1.420815,0.039321,-0.025708,0.000363,-0.321277,0.180088,0.193998,0.006833,0.059708,-0.000777,-0.039700,0.521176,1.393150,0.000000,0.000000,0.000000,-0.340711,0.148958,0.150000,0.000000,0.000000,0.000000,0.018219,-0.018068,0.027665,0.039321,-0.025708,0.000363,0.019435,0.031130,0.043998,0.037732,0.057294
9.970000,2.620000,-0.024693,0.504909,1.422755,0.039971,-0.025261,0.000375,-0.323842,0.176150,0.195436,0.026244,0.055826,-0.000773,-0.039700,0.521176,1.393150,0.000000,0.000000,0.000000,-0.340711,0.148958,0.150000,0.000000,0.000000,0.000000,0.015007,-0.016267,0.029605,0.039971,-0.025261,0.000375,0.016869,0.027192,0.045436,0.036963,0.055573
9.981000,2.631000,-0.027098,0.506159,1.423426,0.040550,-0.024533,0.000388,-0.323376,0.170416,0.193138,0.028088,0.056987,-0.000724,-0.046895,0.524205,1.396300,0.000000,0.000000,0.000000,-0.344481,0.139483,0.150000,0.000000,0.000000,0.000000,0.019796,-0.018046,0.027126,0.040550,-0.024533,0.000388,0.021106,0.030933,0.043138,0.038123,0.057125
9.990000,2.640000,-0.030930,0.508164,1.425308,0.040918,-0.024175,0.000402,-0.327980,0.167527,0.193898,0.029896,0.060797,-0.000732,-0.046895,0.524205,1.396300,0.000000,0.000000,0.000000,-0.344481,0.139483,0.150000,0.000000,0.000000,0.000000,0.015964,-0.016041,0.029008,0.040918,-0.024175,0.000402,0.016501,0.028045,0.043898,0.036792,0.054642
10.002000,2.652000,-0.034469,0.509948,1.426980,0.041365,-0.023703,0.000417,-0.331314,0.163900,0.194016,0.031507,0.062787,-0.000747,-0.053470,0.526772,1.399150,0.000000,0.000000,0.000000,-0.347665,0.130767,0.150000,0.000000,0.000000,0.000000,0.019001,-0.016825,0.027830,0.041365,-0.023703,0.000417,0.016351,0.033133,0.044016,0.037665,0.057468
10.010000,2.660000,-0.037835,0.511581,1.428541,0.041865,-0.023148,0.000433,-0.333853,0.159801,0.194092,0.031038,0.063315,-0.000801,-0.053470,0.526772,1.399150,0.000000,0.000000,0.000000,-0.347665,0.130767,0.150000,0.000000,0.000000,0.000000,0.015636,-0.015191,0.029391,0.041865,-0.023148,0.000433,0.013811,0.029033,0.044092,0.036593,0.054569
10.020000,2.670000,-0.041118,0.513116,1.430049,0.042395,-0.022541,0.000449,-0.335946,0.155442,0.194012,0.032259,0.065295,-0.000855,-0.060105,0.529173,1.402000,0.000000,0.000000,0.000000,-0.350627,0.121923,0.150000,0.000000,0.000000,0.000000,0.018987,-0.016057,0.028049,0.042395,-0.022541,0.000449,0.014681,0.033519,0.044012,0.037485,0.057237
10.031000,2.681000,-0.044368,0.514580,1.431531,0.042942,-0.021899,0.000467,-0.337781,0.150935,0.193760,0.032189,0.068087,-0.000908,-0.060105,0.529173,1.402000,0.000000,0.000000,0.000000,-0.350627,0.121923,0.150000,0.000000,0.000000,0.000000,0.015737,-0.014593,0.029531,0.042942,-0.021899,0.000467,0.012846,0.029012,0.043760,0.036506,0.054052
10.040000,2.690000,-0.047746,0.516089,1.433468,0.043263,-0.021218,0.000487,-0.339954,0.146672,0.194852,0.012126,0.074939,-0.000971,-0.067146,0.531517,1.405000,0.000000,0.000000,0.000000,-0.353502,0.112480,0.150000,0.000000,0.000000,0.000000,0.019401,-0.015428,0.028468,0.043263,-0.021218,0.000487,0.013548,0.034192,0.044852,0.037747,0.058003
10.052000,2.702000,-0.049530,0.516757,1.433758,0.044204,-0.020195,0.000505,-0.336285,0.139568,0.191141,0.031018,0.069857,-0.000974,-0.067146,0.531517,1.405000,0.000000,0.000000,0.000000,-0.353502,0.112480,0.150000,0.000000,0.000000,0.000000,0.017617,-0.014761,0.028758,0.044204,-0.020195,0.000505,0.017217,0.027088,0.041141,0.036814,0.052180
10.060000,2.710000,-0.052893,0.518152,1.435670,0.044514,-0.019497,0.000526,-0.338288,0.135179,0.192245,0.008604,0.075179,-0.001030,-0.074243,0.533672,1.408000,0.000000,0.000000,0.000000,-0.356121,0.102906,0.150000,0.000000,0.000000,0.000000,0.021350,-0.015519,0.027670,0.044514,-0.019497,0.000526,0.017833,0.032273,0.042245,0.038240,0.056073
10.074000,2.724000,-0.055728,0.519228,1.436510,0.045280,-0.018722,0.000545,-0.338305,0.129816,0.190662,0.024999,0.068718,-0.001126,-0.074243,0.533672,1.408000,0.000000,0.000000,0.000000,-0.356121,0.102906,0.150000,0.000000,0.000000,0.000000,0.018515,-0.014444,0.028510,0.045280,-0.018722,0.000545,0.017816,0.026909,0.040662,0.036936,0.051912
10.082000,2.732000,-0.059784,0.520771,1.438380,0.045661,-0.018231,0.000564,-0.342627,0.126227,0.192119,0.019770,0.069127,-0.001268,-0.081389,0.535633,1.411000,0.000000,0.000000,0.000000,-0.358482,0.093210,0.150000,0.000000,0.000000,0.000000,0.021605,-0.014862,0.027380,0.045661,-0.018231,0.000564,0.015854,0.033017,0.042119,0.037912,0.055817
10.090000,2.740000,-0.063513,0.522123,1.440041,0.046049,-0.017648,0.000581,-0.345549,0.122029,0.193011,0.015895,0.066626,-0.001353,-0.081389,0.535633,1.411000,0.000000,0.000000,0.000000,-0.358482,0.093210,0.150000,0.000000,0.000000,0.000000,0.017877,-0.013510,0.029041,0.046049,-0.017648,0.000581,0.012933,0.028819,0.043011,0.036681,0.053364
10.100000,2.750000,-0.067041,0.523340,1.441595,0.046418,-0.017027,0.000596,-0.347575,0.117453,0.193560,0.011299,0.063963,-0.001429,-0.088580,0.537399,1.414000,0.000000,0.000000,0.000000,-0.360578,0.083396,0.150000,0.000000,0.000000,0.000000,0.021540,-0.014059,0.027595,0.046418,-0.017027,0.000596,0.013003,0.034057,0.043560,0.037724,0.056802
10.111000,2.761000,-0.070469,0.524464,1.443098,0.046755,-0.016399,0.000610,-0.349097,0.112690,0.193531,0.011378,0.064952,-0.001466,-0.088580,0.537399,1.414000,0.000000,0.000000,0.000000,-0.360578,0.083396,0.150000,0.000000,0.000000,0.000000,0.018111,-0.012935,0.029098,0.046755,-0.016399,0.000610,0.011481,0.029294,0.043531,0.036634,0.053711
10.120000,2.770000,-0.073960,0.525591,1.445033,0.046869,-0.015749,0.000626,-0.350725,0.108041,0.194771,-0.009836,0.068109,-0.001473,-0.095811,0.538968,1.417000,0.000000,0.000000,0.000000,-0.362406,0.073474,0.150000,0.000000,0.000000,0.000000,0.021851,-0.013377,0.028033,0.046869,-0.015749,0.000626,0.011681,0.034567,0.044771,0.037977,0.057756
10.130000,2.780000,-0.075069,0.525851,1.445187,0.047591,-0.014534,0.000638,-0.343693,0.100463,0.190708,0.009667,0.064394,-0.001526,-0.095811,0.538968,1.417000,0.000000,0.000000,0.000000,-0.362406,0.073474,0.150000,0.000000,0.000000,0.000000,0.020742,-0.013117,0.028187,0.047591,-0.014534,0.000638,0.018714,0.026989,0.040708,0.037373,0.052305
10.140000,2.790000,-0.078651,0.526864,1.446532,0.047836,-0.014032,0.000648,-0.345731,0.095863,0.190222,0.008193,0.063290,-0.001607,-0.103439,0.540401,1.420150,0.000000,0.000000,0.000000,-0.364033,0.062946,0.150000,0.000000,0.000000,0.000000,0.024787,-0.013536,0.026382,0.047836,-0.014032,0.000648,0.018302,0.032917,0.040222,0.038648,0.055102
10.150000,2.800000,-0.082912,0.528037,1.448460,0.048021,-0.013682,0.000659,-0.350071,0.091910,0.191957,0.003113,0.057127,-0.001663,-0.103439,0.540401,1.420150,0.000000,0.000000,0.000000,-0.364033,0.062946,0.150000,0.000000,0.000000,0.000000,0.020527,-0.012363,0.028310,0.048021,-0.013682,0.000659,0.013961,0.028964,0.041957,0.037090,0.052860
10.160000,2.810000,-0.086412,0.528957,1.450380,0.048052,-0.013110,0.000670,-0.351435,0.087115,0.193616,-0.019908,0.055013,-0.001658,-0.110367,0.541505,1.423000,0.000000,0.000000,0.000000,-0.365241,0.053331,0.150000,0.000000,0.000000,0.000000,0.023955,-0.012549,0.027380,0.048052,-0.013110,0.000670,0.013807,0.033783,0.043616,0.038483,0.056871
10.170000,2.820000,-0.088150,0.529340,1.450833,0.048655,-0.012051,0.000679,-0.346370,0.080595,0.190758,0.005480,0.060683,-0.001672,-0.110367,0.541505,1.423000,0.000000,0.000000,0.000000,-0.365241,0.053331,0.150000,0.000000,0.000000,0.000000,0.022217,-0.012165,0.027833,0.048655,-0.012051,0.000679,0.018872,0.027263,0.040758,0.037634,0.052542
10.180000,2.830000,-0.090975,0.529982,1.451996,0.048929,-0.011360,0.000688,-0.345318,0.075205,0.190044,0.004512,0.058617,-0.001696,-0.117683,0.542470,1.426000,0.000000,0.000000,0.000000,-0.366241,0.043126,0.150000,0.000000,0.000000,0.000000,0.026707,-0.012488,0.025996,0.048929,-0.011360,0.000688,0.020922,0.032078,0.040044,0.039307,0.055410
10.190000,2.840000,-0.094112,0.530662,1.453334,0.049165,-0.010773,0.000696,-0.345362,0.070112,0.190081,0.000287,0.051621,-0.001733,-0.117683,0.542470,1.426000,0.000000,0.000000,0.000000,-0.366241,0.043126,0.150000,0.000000,0.000000,0.000000,0.023571,-0.011808,0.027334,0.049165,-0.010773,0.000696,0.020879,0.026986,0.040081,0.037976,0.052637
10.200000,2.850000,-0.097386,0.531332,1.454742,0.049390,-0.010234,0.000703,-0.345843,0.065142,0.190317,-0.000053,0.050268,-0.001757,-0.125015,0.543230,1.429000,0.000000,0.000000,0.000000,-0.366956,0.032842,0.150000,0.000000,0.000000,0.000000,0.027630,-0.011898,0.025742,0.049390,-0.010234,0.000703,0.021114,0.032300,0.040317,0.039593,0.055808
10.210000,2.860000,-0.100729,0.531971,1.456182,0.049602,-0.009735,0.000709,-0.346506,0.060212,0.190796,0.000235,0.049378,-0.001769,-0.125015,0.543230,1.429000,0.000000,0.000000,0.000000,-0.366956,0.032842,0.150000,0.000000,0.000000,0.000000,0.024286,-0.011258,0.027182,0.049602,-0.009735,0.000709,0.020450,0.027371,0.040796,0.038150,0.053213
10.220000,2.870000,-0.104109,0.532572,1.457641,0.049802,-0.009271,0.000714,-0.347231,0.055297,0.191314,-0.000704,0.046924,-0.001770,-0.132359,0.543783,1.432000,0.000000,0.000000,0.000000,-0.367385,0.022486,0.150000,0.000000,0.000000,0.000000,0.028250,-0.011211,0.025641,0.049802,-0.009271,0.000714,0.020154,0.032810,0.041314,0.039764,0.056476
10.231000,2.881000,-0.108698,0.533328,1.459486,0.049913,-0.009207,0.000716,-0.352307,0.051153,0.192861,-0.001744,0.044144,-0.001738,-0.132359,0.543783,1.432000,0.000000,0.000000,0.000000,-0.367385,0.022486,0.150000,0.000000,0.000000,0.000000,0.023661,-0.010455,0.027486,0.049913,-0.009207,0.000716,0.015078,0.028666,0.042861,0.037744,0.053723
10.240000,2.890000,-0.113251,0.533998,1.461545,0.050035,-0.009108,0.000719,-0.357014,0.046781,0.194992,-0.004316,0.041262,-0.001683,-0.139709,0.544129,1.435000,0.000000,0.000000,0.000000,-0.367523,0.012068,0.150000,0.000000,0.000000,0.000000,0.026458,-0.010131,0.026545,0.050035,-0.009108,0.000719,0.010509,0.034714,0.044992,0.038823,0.057790
10.251000,2.901000,-0.117337,0.534528,1.463334,0.050181,-0.008871,0.000721,-0.359820,0.042063,0.195926,-0.004096,0.046117,-0.001658,-0.139709,0.544129,1.435000,0.000000,0.000000,0.000000,-0.367523,0.012068,0.150000,0.000000,0.000000,0.000000,0.022372,-0.009601,0.028334,0.050181,-0.008871,0.000721,0.007704,0.029995,0.045926,0.037357,0.055392
10.260000,2.910000,-0.120935,0.534949,1.465294,0.050140,-0.008410,0.000728,-0.360700,0.037064,0.197332,-0.025019,0.052492,-0.001644,-0.147058,0.544266,1.438000,0.000000,0.000000,0.000000,-0.367369,0.001594,0.150000,0.000000,0.000000,0.000000,0.026123,-0.009317,0.027294,0.050140,-0.008410,0.000728,0.006669,0.035471,0.047332,0.038912,0.059523
10.271000,2.921000,-0.123300,0.535134,1.465823,0.050553,-0.007726,0.000731,-0.357120,0.031513,0.193495,0.003168,0.053141,-0.001674,-0.147058,0.544266,1.438000,0.000000,0.000000,0.000000,-0.367369,0.001594,0.150000,0.000000,0.000000,0.000000,0.023758,-0.009132,0.027823,0.050553,-0.007726,0.000731,0.010248,0.029919,0.043495,0.037708,0.053777
10.280000,2.930000,-0.127488,0.535490,1.467693,0.050551,-0.007384,0.000740,-0.360143,0.026719,0.193666,-0.010757,0.063712,-0.001692,-0.155135,0.544173,1.441300,0.000000,0.000000,0.000000,-0.366857,-0.009981,0.150000,0.000000,0.000000,0.000000,0.027647,-0.008683,0.026393,0.050551,-0.007384,0.000740,0.006714,0.036700,0.043666,0.039196,0.057435
10.290000,2.940000,-0.131090,0.535757,1.469629,0.050909,-0.006959,0.000748,-0.360881,0.021675,0.194911,-0.004154,0.057648,-0.001754,-0.155135,0.544173,1.441300,0.000000,0.000000,0.000000,-0.366857,-0.009981,0.150000,0.000000,0.000000,0.000000,0.024045,-0.008416,0.028329,0.050909,-0.006959,0.000748,0.005976,0.031656,0.044911,0.038099,0.055270
10.300000,2.950000,-0.132691,0.535799,1.470022,0.051188,-0.005855,0.000757,-0.354378,0.016021,0.191628,-0.001394,0.063978,-0.001828,-0.155135,0.544173,1.441300,0.000000,0.000000,0.000000,-0.366857,-0.009981,0.150000,0.000000,0.000000,0.000000,0.022444,-0.008375,0.028722,0.051188,-0.005855,0.000757,0.012479,0.026002,0.041628,0.037400,0.050643
10.313000,2.963000,-0.136563,0.535953,1.471487,0.051413,-0.005321,0.000771,-0.356215,0.011000,0.191277,0.004747,0.076325,-0.001882,-0.161733,0.543908,1.444000,0.000000,0.000000,0.000000,-0.366170,-0.019487,0.150000,0.000000,0.000000,0.000000,0.025170,-0.007955,0.027487,0.051413,-0.005321,0.000771,0.009956,0.030487,0.041277,0.038110,0.052272
10.320000,2.970000,-0.140125,0.536063,1.473400,0.051461,-0.004558,0.000791,-0.356739,0.005902,0.192238,-0.014980,0.085888,-0.001885,-0.169046,0.543413,1.447000,0.000000,0.000000,0.000000,-0.365122,-0.030076,0.150000,0.000000,0.000000,0.000000,0.028921,-0.007350,0.026400,0.051461,-0.004558,0.000791,0.008383,0.035979,0.042238,0.039842,0.056114
10.330000,2.980000,-0.142568,0.536081,1.474231,0.051893,-0.003518,0.000812,-0.353180,0.000641,0.190629,-0.002253,0.078264,-0.001910,-0.169046,0.543413,1.447000,0.000000,0.000000,0.000000,-0.365122,-0.030076,0.150000,0.000000,0.000000,0.000000,0.026478,-0.007332,0.027231,0.051893,-0.003518,0.000812,0.011942,0.030718,0.040629,0.038683,0.052315
10.340000,2.990000,-0.146766,0.536087,1.475846,0.052118,-0.002862,0.000836,-0.356004,-0.004468,0.191352,-0.002656,0.086949,-0.001980,-0.176699,0.542664,1.450150,0.000000,0.000000,0.000000,-0.363695,-0.041219,0.150000,0.000000,0.000000,0.000000,0.029934,-0.006577,0.025696,0.052118,-0.002862,0.000836,0.007691,0.036751,0.041352,0.039995,0.055855
10.350000,3.000000,-0.151254,0.536030,1.477853,0.052298,-0.002218,0.000863,-0.359679,-0.009685,0.193315,-0.005664,0.087279,-0.002055,-0.176699,0.542664,1.450150,0.000000,0.000000,0.000000,-0.363695,-0.041219,0.150000,0.000000,0.000000,0.000000,0.025446,-0.006634,0.027703,0.052298,-0.002218,0.000863,0.004016,0.031534,0.043315,0.038196,0.053728
10.360000,3.010000,-0.155298,0.535909,1.479614,0.052461,-0.001437,0.000889,-0.361533,-0.014967,0.194496,-0.008557,0.086896,-0.002070,-0.183595,0.541785,1.453000,0.000000,0.000000,0.000000,-0.362116,-0.051313,0.150000,0.000000,0.000000,0.000000,0.028296,-0.005877,0.026614,0.052461,-0.001437,0.000889,0.000583,0.036346,0.044496,0.039288,0.057457
10.370000,3.020000,-0.158914,0.535759,1.481559,0.052375,-0.000568,0.000914,-0.361671,-0.020183,0.195732,-0.031908,0.084698,-0.002061,-0.183595,0.541785,1.453000,0.000000,0.000000,0.000000,-0.362116,-0.051313,0.150000,0.000000,0.000000,0.000000,0.024681,-0.006026,0.028559,0.052375,-0.000568,0.000914,0.000445,0.031130,0.045732,0.038224,0.055323
10.381000,3.031000,-0.161221,0.535561,1.482092,0.052707,0.000687,0.000939,-0.357053,-0.025330,0.192828,-0.011026,0.086811,-0.002059,-0.190818,0.540653,1.456000,0.000000,0.000000,0.000000,-0.360155,-0.061943,0.150000,0.000000,0.000000,0.000000,0.029597,-0.005091,0.026092,0.052707,0.000687,0.000939,0.003103,0.036613,0.042828,0.039784,0.056430
10.390000,3.040000,-0.164791,0.535308,1.484021,0.052804,0.001559,0.000964,-0.356980,-0.030547,0.193592,-0.004400,0.087099,-0.002097,-0.190818,0.540653,1.456000,0.000000,0.000000,0.000000,-0.360155,-0.061943,0.150000,0.000000,0.000000,0.000000,0.026027,-0.005344,0.028021,0.052804,0.001559,0.000964,0.003175,0.031396,0.043592,0.038615,0.053815
10.402000,3.052000,-0.167858,0.534999,1.484963,0.052881,0.002532,0.000987,-0.355070,-0.035717,0.191464,-0.002406,0.086775,-0.002156,-0.198357,0.539235,1.459150,0.000000,0.000000,0.000000,-0.357767,-0.073100,0.150000,0.000000,0.000000,0.000000,0.030499,-0.004235,0.025813,0.052881,0.002532,0.000987,0.002697,0.037383,0.041464,0.040180,0.055893
10.411000,3.061000,-0.172122,0.534559,1.486878,0.053031,0.003188,0.001011,-0.357421,-0.041241,0.192593,-0.012989,0.081929,-0.002276,-0.198357,0.539235,1.459150,0.000000,0.000000,0.000000,-0.357767,-0.073100,0.150000,0.000000,0.000000,0.000000,0.026235,-0.004676,0.027728,0.053031,0.003188,0.001011,0.000346,0.031858,0.042593,0.038458,0.053191
10.420000,3.070000,-0.175696,0.534146,1.488804,0.052902,0.004007,0.001031,-0.357099,-0.046508,0.193718,-0.039065,0.077170,-0.002316,-0.205132,0.537750,1.462000,0.000000,0.000000,0.000000,-0.355313,-0.083182,0.150000,0.000000,0.000000,0.000000,0.029435,-0.003604,0.026804,0.052902,0.004007,0.001031,-0.001786,0.036674,0.043718,0.039974,0.057091
10.432000,3.082000,-0.178250,0.533751,1.489475,0.053257,0.005139,0.001049,-0.353091,-0.051459,0.190887,-0.003629,0.082840,-0.002489,-0.205132,0.537750,1.462000,0.000000,0.000000,0.000000,-0.355313,-0.083182,0.150000,0.000000,0.000000,0.000000,0.026881,-0.003999,0.027475,0.053257,0.005139,0.001049,0.002222,0.031723,0.040887,0.038646,0.051798
10.440000,3.090000,-0.181781,0.533237,1.491384,0.053220,0.005967,0.001069,-0.352576,-0.056733,0.191739,-0.019458,0.081522,-0.002516,-0.212210,0.535980,1.465000,0.000000,0.000000,0.000000,-0.352430,-0.093774,0.150000,0.000000,0.000000,0.000000,0.030428,-0.002744,0.026384,0.053220,0.005967,0.001069,-0.000146,0.037040,0.041739,0.040367,0.055805
10.450000,3.100000,-0.183896,0.532856,1.492085,0.053433,0.007162,0.001084,-0.346939,-0.061329,0.189350,-0.014416,0.076357,-0.002674,-0.212210,0.535980,1.465000,0.000000,0.000000,0.000000,-0.352430,-0.093774,0.150000,0.000000,0.000000,0.000000,0.028314,-0.003124,0.027085,0.053433,0.007162,0.001084,0.005491,0.032444,0.039350,0.039307,0.051296
10.460000,3.110000,-0.186821,0.532324,1.493319,0.053550,0.008099,0.001098,-0.344318,-0.066314,0.188578,-0.013625,0.075331,-0.002800,-0.212210,0.535980,1.465000,0.000000,0.000000,0.000000,-0.352430,-0.093774,0.150000,0.000000,0.000000,0.000000,0.025389,-0.003656,0.028319,0.053550,0.008099,0.001098,0.008112,0.027460,0.038578,0.038209,0.048042
10.470000,3.120000,-0.191100,0.531502,1.495048,0.053705,0.008593,0.001109,-0.346626,-0.072189,0.189927,-0.012177,0.071021,-0.002957,-0.219925,0.533789,1.468300,0.000000,0.000000,0.000000,-0.348901,-0.105389,0.150000,0.000000,0.000000,0.000000,0.028825,-0.002288,0.026748,0.053705,0.008593,0.001109,0.002276,0.033200,0.039927,0.039390,0.051977
10.480000,3.130000,-0.194567,0.530780,1.496948,0.053788,0.009326,0.001117,-0.345760,-0.077559,0.191732,-0.016724,0.065745,-0.003040,-0.219925,0.533789,1.468300,0.000000,0.000000,0.000000,-0.348901,-0.105389,0.150000,0.000000,0.000000,0.000000,0.025358,-0.003009,0.028648,0.053788,0.009326,0.001117,0.003141,0.027830,0.041732,0.038377,0.050258
10.490000,3.140000,-0.197082,0.530201,1.497863,0.053548,0.010219,0.001122,-0.341470,-0.082194,0.190571,-0.042667,0.061502,-0.002947,-0.226177,0.531807,1.471000,0.000000,0.000000,0.000000,-0.345735,-0.114857,0.150000,0.000000,0.000000,0.000000,0.029095,-0.001606,0.026863,0.053548,0.010219,0.001122,0.004266,0.032663,0.040571,0.039632,0.052259
10.500000,3.150000,-0.200113,0.529468,1.499171,0.053806,0.011024,0.001127,-0.339114,-0.087222,0.190590,-0.022207,0.064799,-0.002957,-0.233738,0.529153,1.474300,0.000000,0.000000,0.000000,-0.341526,-0.126376,0.150000,0.000000,0.000000,0.000000,0.033624,0.000314,0.024871,0.053806,0.011024,0.001127,0.002412,0.039153,0.040590,0.041824,0.056448
10.510000,3.160000,-0.203297,0.528653,1.500585,0.053799,0.011710,0.001132,-0.337321,-0.092362,0.190796,-0.013707,0.062738,-0.002882,-0.233738,0.529153,1.474300,0.000000,0.000000,0.000000,-0.341526,-0.126376,0.150000,0.000000,0.000000,0.000000,0.030440,-0.000501,0.026285,0.053799,0.011710,0.001132,0.004205,0.034014,0.040796,0.040221,0.053282
10.520000,3.170000,-0.206540,0.527773,1.502038,0.053755,0.012350,0.001137,-0.335740,-0.097547,0.191111,-0.015971,0.060494,-0.002815,-0.240864,0.526385,1.477450,0.000000,0.000000,0.000000,-0.337159,-0.137305,0.150000,0.000000,0.000000,0.000000,0.034324,0.001388,0.024588,0.053755,0.012350,0.001137,0.001419,0.039759,0.041111,0.042245,0.057209
10.530000,3.180000,-0.209803,0.526835,1.503511,0.053719,0.012964,0.001141,-0.334225,-0.102751,0.191516,-0.028589,0.057556,-0.002797,-0.240864,0.526385,1.477450,0.000000,0.000000,0.000000,-0.337159,-0.137305,0.150000,0.000000,0.000000,0.000000,0.031061,0.000451,0.026061,0.053719,0.012964,0.001141,0.002934,0.034555,0.041516,0.040549,0.054094
10.540000,3.190000,-0.214206,0.525504,1.505380,0.053778,0.013216,0.001144,-0.336877,-0.109167,0.193067,-0.028440,0.056129,-0.002768,-0.246897,0.523829,1.480150,0.000000,0.000000,0.000000,-0.333145,-0.146615,0.150000,0.000000,0.000000,0.000000,0.032692,0.001675,0.025230,0.053778,0.013216,0.001144,-0.003732,0.037448,0.043067,0.041329,0.057194
10.550000,3.200000,-0.217575,0.524412,1.507310,0.053765,0.013816,0.001148,-0.335551,-0.114535,0.194679,-0.023781,0.056785,-0.002764,-0.246897,0.523829,1.480150,0.000000,0.000000,0.000000,-0.333145,-0.146615,0.150000,0.000000,0.000000,0.000000,0.029323,0.000583,0.027160,0.053765,0.013816,0.001148,-0.002406,0.032080,0.044679,0.039973,0.055055
10.560000,3.210000,-0.220082,0.523548,1.508266,0.053628,0.014612,0.001151,-0.331150,-0.118855,0.193393,-0.025945,0.055769,-0.002749,-0.253185,0.520951,1.483000,0.000000,0.000000,0.000000,-0.328638,-0.156376,0.150000,0.000000,0.000000,0.000000,0.033103,0.002597,0.025266,0.053628,0.014612,0.001151,-0.002512,0.037521,0.043393,0.041725,0.057420
10.570000,3.220000,-0.223041,0.522485,1.509603,0.053518,0.015258,0.001154,-0.328480,-0.123696,0.192687,-0.035915,0.056398,-0.002761,-0.253185,0.520951,1.483000,0.000000,0.000000,0.000000,-0.328638,-0.156376,0.150000,0.000000,0.000000,0.000000,0.030144,0.001534,0.026603,0.053518,0.015258,0.001154,0.000158,0.032679,0.042687,0.040234,0.053760
10.580000,3.230000,-0.227212,0.520926,1.511407,0.053501,0.015538,0.001157,-0.330272,-0.130123,0.193365,-0.038303,0.056947,-0.002721,-0.259708,0.517721,1.486000,0.000000,0.000000,0.000000,-0.323594,-0.166568,0.150000,0.000000,0.000000,0.000000,0.032495,0.003204,0.025407,0.053501,0.015538,0.001157,-0.006678,0.036445,0.043365,0.041373,0.057038
10.590000,3.240000,-0.230515,0.519624,1.513341,0.053343,0.016142,0.001162,-0.328718,-0.135448,0.194711,-0.036996,0.059075,-0.002660,-0.259708,0.517721,1.486000,0.000000,0.000000,0.000000,-0.323594,-0.166568,0.150000,0.000000,0.000000,0.000000,0.029193,0.001903,0.027341,0.053343,0.016142,0.001162,-0.005124,0.031120,0.044711,0.040042,0.054716
10.600000,3.250000,-0.233924,0.518207,1.514590,0.053149,0.016684,0.001167,-0.327629,-0.140928,0.194021,-0.039658,0.061143,-0.002652,-0.266127,0.514289,1.489000,0.000000,0.000000,0.000000,-0.318244,-0.176667,0.150000,0.000000,0.000000,0.000000,0.032203,0.003918,0.025590,0.053149,0.016684,0.001167,-0.009385,0.035739,0.044021,0.041319,0.057474
10.610000,3.260000,-0.237942,0.516471,1.516575,0.053020,0.017109,0.001174,-0.328695,-0.147351,0.195099,-0.043741,0.066442,-0.002681,-0.266127,0.514289,1.489000,0.000000,0.000000,0.000000,-0.318244,-0.176667,0.150000,0.000000,0.000000,0.000000,0.028184,0.002183,0.027575,0.053020,0.017109,0.001174,-0.010450,0.029316,0.045099,0.039490,0.054795
10.620000,3.270000,-0.241229,0.514998,1.518526,0.052583,0.017774,0.001183,-0.326991,-0.152606,0.196047,-0.065631,0.068167,-0.002689,-0.266127,0.514289,1.489000,0.000000,0.000000,0.000000,-0.318244,-0.176667,0.150000,0.000000,0.000000,0.000000,0.024898,0.000709,0.029526,0.052583,0.017774,0.001183,-0.008747,0.024061,0.046047,0.038628,0.052686
10.630000,3.280000,-0.243610,0.513820,1.519231,0.052440,0.018670,0.001191,-0.322099,-0.156504,0.192826,-0.039927,0.069611,-0.002680,-0.272748,0.510468,1.492150,0.000000,0.000000,0.000000,-0.312300,-0.187162,0.150000,0.000000,0.000000,0.000000,0.029138,0.003352,0.027081,0.052440,0.018670,0.001191,-0.009799,0.030658,0.042826,0.039921,0.053572
10.640000,3.290000,-0.246831,0.512255,1.521159,0.052195,0.019404,0.001203,-0.320250,-0.161675,0.193256,-0.041723,0.073923,-0.002671,-0.272748,0.510468,1.492150,0.000000,0.000000,0.000000,-0.312300,-0.187162,0.150000,0.000000,0.000000,0.000000,0.025917,0.001787,0.029009,0.052195,0.019404,0.001203,-0.007950,0.025487,0.043256,0.038942,0.050831
10.650000,3.300000,-0.249617,0.510793,1.522129,0.051864,0.020290,0.001218,-0.316889,-0.166252,0.191676,-0.048515,0.080819,-0.002676,-0.278628,0.506823,1.495000,0.000000,0.000000,0.000000,-0.306635,-0.196552,0.150000,0.000000,0.000000,0.000000,0.029011,0.003970,0.027129,0.051864,0.020290,0.001218,-0.010254,0.030300,0.041676,0.039917,0.052537
10.660000,3.310000,-0.252786,0.509131,1.524046,0.051573,0.021174,0.001237,-0.314864,-0.171406,0.192900,-0.051525,0.088238,-0.002685,-0.284699,0.502794,1.498000,0.000000,0.000000,0.000000,-0.300379,-0.206319,0.150000,0.000000,0.000000,0.000000,0.031913,0.006337,0.026046,0.051573,0.021174,0.001237,-0.014486,0.034913,0.042900,0.041677,0.057176
10.670000,3.320000,-0.254747,0.508019,1.524800,0.050877,0.022360,0.001254,-0.308518,-0.174346,0.190842,-0.069439,0.083803,-0.002717,-0.284699,0.502794,1.498000,0.000000,0.000000,0.000000,-0.300379,-0.206319,0.150000,0.000000,0.000000,0.000000,0.029952,0.005225,0.026800,0.050877,0.022360,0.001254,-0.008140,0.031974,0.040842,0.040530,0.052504
10.680000,3.330000,-0.257365,0.506522,1.526057,0.050693,0.023433,0.001275,-0.304659,-0.178528,0.190304,-0.049865,0.088346,-0.002690,-0.290641,0.498571,1.501000,0.000000,0.000000,0.000000,-0.293824,-0.215958,0.150000,0.000000,0.000000,0.000000,0.033276,0.007951,0.025057,0.050693,0.023433,0.001275,-0.010834,0.037430,0.040304,0.042407,0.056060
10.690000,3.340000,-0.261151,0.504302,1.527802,0.050501,0.024148,0.001297,-0.305082,-0.185118,0.191358,-0.038042,0.087644,-0.002646,-0.290641,0.498571,1.501000,0.000000,0.000000,0.000000,-0.293824,-0.215958,0.150000,0.000000,0.000000,0.000000,0.029490,0.005731,0.026802,0.050501,0.024148,0.001297,-0.011257,0.030840,0.041358,0.040260,0.052805
10.701000,3.351000,-0.265027,0.501947,1.529835,0.050357,0.024874,0.001322,-0.305695,-0.191961,0.193225,-0.033816,0.087810,-0.002489,-0.297023,0.493705,1.504300,0.000000,0.000000,0.000000,-0.286273,-0.226402,0.150000,0.000000,0.000000,0.000000,0.031996,0.008242,0.025535,0.050357,0.024874,0.001322,-0.019422,0.034441,0.043225,0.041758,0.058582
10.710000,3.360000,-0.268472,0.499765,1.531610,0.050209,0.025716,0.001347,-0.304633,-0.197902,0.194193,-0.043314,0.085574,-0.002461,-0.297023,0.493705,1.504300,0.000000,0.000000,0.000000,-0.286273,-0.226402,0.150000,0.000000,0.000000,0.000000,0.028551,0.006060,0.027310,0.050209,0.025716,0.001347,-0.018360,0.028499,0.044193,0.039972,0.055698
10.720000,3.370000,-0.271518,0.497786,1.533552,0.049776,0.026572,0.001365,-0.302063,-0.202901,0.195623,-0.064872,0.075764,-0.002551,-0.302118,0.489554,1.507000,0.000000,0.000000,0.000000,-0.279832,-0.234815,0.150000,0.000000,0.000000,0.000000,0.030600,0.008232,0.026552,0.049776,0.026572,0.001365,-0.022231,0.031914,0.045623,0.041342,0.059952
10.732000,3.382000,-0.273403,0.496422,1.534094,0.049623,0.027859,0.001386,-0.295390,-0.205420,0.192463,-0.042255,0.086165,-0.002631,-0.302118,0.489554,1.507000,0.000000,0.000000,0.000000,-0.279832,-0.234815,0.150000,0.000000,0.000000,0.000000,0.028715,0.006868,0.027094,0.049623,0.027859,0.001386,-0.015558,0.029395,0.042463,0.040072,0.053937
10.740000,3.390000,-0.276357,0.494368,1.536018,0.049201,0.028721,0.001402,-0.292620,-0.210335,0.193415,-0.064743,0.080589,-0.002797,-0.307641,0.484765,1.510000,0.000000,0.000000,0.000000,-0.272400,-0.244015,0.150000,0.000000,0.000000,0.000000,0.031284,0.009603,0.026018,0.049201,0.028721,0.001402,-0.020220,0.033680,0.043415,0.041807,0.058549
10.750000,3.400000,-0.278823,0.492521,1.536957,0.049088,0.029730,0.001420,-0.288176,-0.214282,0.191727,-0.046463,0.078409,-0.002763,-0.307641,0.484765,1.510000,0.000000,0.000000,0.000000,-0.272400,-0.244015,0.150000,0.000000,0.000000,0.000000,0.028818,0.007756,0.026957,0.049088,0.029730,0.001420,-0.015777,0.029733,0.041727,0.040216,0.053610
10.760000,3.410000,-0.281705,0.490379,1.538874,0.048623,0.030514,0.001431,-0.285213,-0.219157,0.192935,-0.068682,0.068473,-0.002910,-0.307641,0.484765,1.510000,0.000000,0.000000,0.000000,-0.272400,-0.244015,0.150000,0.000000,0.000000,0.000000,0.025936,0.005614,0.028874,0.048623,0.030514,0.001431,-0.012813,0.024859,0.042935,0.039216,0.051240
10.770000,3.420000,-0.283459,0.488976,1.539622,0.048286,0.031729,0.001445,-0.278254,-0.221155,0.190810,-0.051803,0.075827,-0.002914,-0.313012,0.479794,1.513000,0.000000,0.000000,0.000000,-0.264681,-0.253052,0.150000,0.000000,0.000000,0.000000,0.029554,0.009182,0.026622,0.048286,0.031729,0.001445,-0.013573,0.031897,0.040810,0.040822,0.053546
10.783000,3.433000,-0.286667,0.486401,1.541210,0.048019,0.032373,0.001454,-0.276718,-0.227250,0.191361,-0.053201,0.069669,-0.003060,-0.313012,0.479794,1.513000,0.000000,0.000000,0.000000,-0.264681,-0.253052,0.150000,0.000000,0.000000,0.000000,0.026346,0.006607,0.028210,0.048019,0.032373,0.001454,-0.012037,0.025802,0.041361,0.039161,0.050213
10.790000,3.440000,-0.290124,0.483550,1.543214,0.047736,0.032931,0.001460,-0.276027,-0.234113,0.193106,-0.059653,0.065068,-0.003184,-0.318995,0.473856,1.516450,0.000000,0.000000,0.000000,-0.255455,-0.263232,0.150000,0.000000,0.000000,0.000000,0.028871,0.009693,0.026764,0.047736,0.032931,0.001460,-0.020571,0.029119,0.043106,0.040544,0.055940
10.801000,3.451000,-0.293196,0.480915,1.544970,0.047350,0.033566,0.001464,-0.273893,-0.239903,0.194070,-0.062217,0.061298,-0.003222,-0.323278,0.469319,1.519000,0.000000,0.000000,0.000000,-0.248400,-0.270602,0.150000,0.000000,0.000000,0.000000,0.030082,0.011597,0.025970,0.047350,0.033566,0.001464,-0.025494,0.030699,0.044070,0.041399,0.059452
10.810000,3.460000,-0.296002,0.478413,1.546586,0.046896,0.034231,0.001465,-0.270820,-0.244947,0.194249,-0.063595,0.064915,-0.003197,-0.323278,0.469319,1.519000,0.000000,0.000000,0.000000,-0.248400,-0.270602,0.150000,0.000000,0.000000,0.000000,0.027276,0.009094,0.027586,0.046896,0.034231,0.001465,-0.022420,0.025655,0.044249,0.039845,0.055846
10.820000,3.470000,-0.298710,0.475963,1.548528,0.046260,0.034881,0.001463,-0.267411,-0.249599,0.195381,-0.079339,0.060759,-0.003246,-0.328161,0.463821,1.522000,0.000000,0.000000,0.000000,-0.239844,-0.279097,0.150000,0.000000,0.000000,0.000000,0.029450,0.012142,0.026528,0.046260,0.034881,0.001463,-0.027567,0.029498,0.045381,0.041455,0.060741
10.830000,3.480000,-0.299554,0.475055,1.548758,0.045489,0.036083,0.001462,-0.257409,-0.248469,0.191216,-0.065938,0.064016,-0.003240,-0.328161,0.463821,1.522000,0.000000,0.000000,0.000000,-0.239844,-0.279097,0.150000,0.000000,0.000000,0.000000,0.028606,0.011234,0.026758,0.045489,0.036083,0.001462,-0.017565,0.030628,0.041216,0.040750,0.054272
10.840000,3.490000,-0.301493,0.473133,1.549868,0.044853,0.036909,0.001461,-0.251600,-0.250943,0.189723,-0.066909,0.064235,-0.003278,-0.332870,0.458156,1.525000,0.000000,0.000000,0.000000,-0.231018,-0.287395,0.150000,0.000000,0.000000,0.000000,0.031377,0.014977,0.024868,0.044853,0.036909,0.001461,-0.020581,0.036451,0.039723,0.042746,0.057708
10.853000,3.503000,-0.304481,0.470126,1.551530,0.044492,0.037423,0.001459,-0.249730,-0.257189,0.190408,-0.060655,0.061827,-0.003283,-0.332870,0.458156,1.525000,0.000000,0.000000,0.000000,-0.231018,-0.287395,0.150000,0.000000,0.000000,0.000000,0.028389,0.011970,0.026530,0.044492,0.037423,0.001459,-0.018712,0.030206,0.040408,0.040658,0.053808
10.860000,3.510000,-0.306978,0.467554,1.553434,0.043885,0.038043,0.001454,-0.245996,-0.261612,0.191779,-0.070388,0.053314,-0.003321,-0.337400,0.452327,1.528000,0.000000,0.000000,0.000000,-0.221927,-0.295487,0.150000,0.000000,0.000000,0.000000,0.030421,0.015227,0.025434,0.043885,0.038043,0.001454,-0.024069,0.033875,0.041779,0.042476,0.058926
10.870000,3.520000,-0.308712,0.465671,1.554326,0.043289,0.039021,0.001454,-0.239622,-0.263343,0.190290,-0.061900,0.063165,-0.003198,-0.337400,0.452327,1.528000,0.000000,0.000000,0.000000,-0.221927,-0.295487,0.150000,0.000000,0.000000,0.000000,0.028688,0.013344,0.026326,0.043289,0.039021,0.001454,-0.017695,0.032144,0.040290,0.041160,0.054494
10.880000,3.530000,-0.311576,0.462510,1.555971,0.042995,0.039557,0.001454,-0.237518,-0.269556,0.191041,-0.058041,0.063694,-0.003136,-0.341745,0.446338,1.531000,0.000000,0.000000,0.000000,-0.212573,-0.303365,0.150000,0.000000,0.000000,0.000000,0.030169,0.016172,0.024971,0.042995,0.039557,0.001454,-0.024944,0.033809,0.041041,0.042371,0.058734
10.890000,3.540000,-0.314566,0.459108,1.557984,0.042762,0.040077,0.001454,-0.235835,-0.276394,0.192880,-0.051992,0.060293,-0.003116,-0.341745,0.446338,1.531000,0.000000,0.000000,0.000000,-0.212573,-0.303365,0.150000,0.000000,0.000000,0.000000,0.027180,0.012770,0.026984,0.042762,0.040077,0.001454,-0.023262,0.026971,0.042880,0.040372,0.055742
10.900000,3.550000,-0.316924,0.456344,1.559912,0.042242,0.040681,0.001448,-0.231830,-0.280652,0.194418,-0.060719,0.049599,-0.003161,-0.345901,0.440194,1.534000,0.000000,0.000000,0.000000,-0.202964,-0.311022,0.150000,0.000000,0.000000,0.000000,0.028977,0.016150,0.025912,0.042242,0.040681,0.001448,-0.028866,0.030370,0.044418,0.042095,0.061062
10.913000,3.563000,-0.318668,0.454136,1.560670,0.041816,0.041595,0.001448,-0.225791,-0.282677,0.192037,-0.056669,0.062682,-0.003071,-0.345901,0.440194,1.534000,0.000000,0.000000,0.000000,-0.202964,-0.311022,0.150000,0.000000,0.000000,0.000000,0.027233,0.013943,0.026670,0.041816,0.041595,0.001448,-0.022827,0.028345,0.042037,0.040587,0.055602
10.923000,3.573000,-0.321335,0.450768,1.562564,0.041592,0.042148,0.001448,-0.223171,-0.288776,0.193033,-0.057110,0.061752,-0.002973,-0.349862,0.433899,1.537000,0.000000,0.000000,0.000000,-0.193104,-0.318449,0.150000,0.000000,0.000000,0.000000,0.028527,0.016869,0.025564,0.041592,0.042148,0.001448,-0.030068,0.029673,0.043033,0.041856,0.060302
10.932000,3.582000,-0.323717,0.447637,1.564251,0.041262,0.042780,0.001448,-0.219548,-0.293772,0.193538,-0.055789,0.059445,-0.002933,-0.349862,0.433899,1.537000,0.000000,0.000000,0.000000,-0.193104,-0.318449,0.150000,0.000000,0.000000,0.000000,0.026145,0.013738,0.027251,0.041262,0.042780,0.001448,-0.026444,0.024677,0.043538,0.040186,0.056602
10.942000,3.592000,-0.325909,0.444639,1.565829,0.040853,0.043458,0.001447,-0.215300,-0.298066,0.193709,-0.058145,0.059265,-0.002927,-0.353623,0.427457,1.540000,0.000000,0.000000,0.000000,-0.182998,-0.325638,0.150000,0.000000,0.000000,0.000000,0.027715,0.017182,0.025829,0.040853,0.043458,0.001447,-0.032302,0.027572,0.043709,0.041598,0.060943
10.950000,3.600000,-0.328062,0.441658,1.567766,0.040406,0.044149,0.001447,-0.210984,-0.302109,0.194626,-0.066065,0.061885,-0.002966,-0.353623,0.427457,1.540000,0.000000,0.000000,0.000000,-0.182998,-0.325638,0.150000,0.000000,0.000000,0.000000,0.025562,0.014201,0.027766,0.040406,0.044149,0.001447,-0.027986,0.023529,0.044626,0.040324,0.057691
10.960000,3.610000,-0.328674,0.440617,1.567974,0.039188,0.045159,0.001442,-0.201268,-0.298986,0.190493,-0.086309,0.055474,-0.003072,-0.357180,0.420875,1.543000,0.000000,0.000000,0.000000,-0.172653,-0.332582,0.150000,0.000000,0.000000,0.000000,0.028506,0.019742,0.024974,0.039188,0.045159,0.001442,-0.028615,0.033597,0.040493,0.042732,0.059894
10.970000,3.620000,-0.330171,0.438323,1.569072,0.038686,0.046037,0.001442,-0.194992,-0.300380,0.188823,-0.068427,0.061790,-0.002957,-0.357180,0.420875,1.543000,0.000000,0.000000,0.000000,-0.172653,-0.332582,0.150000,0.000000,0.000000,0.000000,0.027010,0.017448,0.026072,0.038686,0.046037,0.001442,-0.022339,0.032202,0.038823,0.041397,0.055165
10.980000,3.630000,-0.332478,0.434731,1.570716,0.038307,0.046590,0.001440,-0.191830,-0.306339,0.188789,-0.073914,0.062944,-0.002966,-0.360528,0.414156,1.546000,0.000000,0.000000,0.000000,-0.162074,-0.339274,0.150000,0.000000,0.000000,0.000000,0.028050,0.020575,0.024716,0.038307,0.046590,0.001440,-0.029756,0.032935,0.038789,0.042673,0.058947
10.990000,3.640000,-0.334891,0.430861,1.572703,0.037911,0.047156,0.001439,-0.189003,-0.313085,0.190791,-0.068802,0.058251,-0.002994,-0.360528,0.414156,1.546000,0.000000,0.000000,0.000000,-0.162074,-0.339274,0.150000,0.000000,0.000000,0.000000,0.025637,0.016705,0.026703,0.037911,0.047156,0.001439,-0.026930,0.026189,0.040791,0.040612,0.055453
11.002000,3.652000,-0.337000,0.427324,1.574443,0.037348,0.047805,0.001438,-0.185128,-0.318306,0.191636,-0.078844,0.061553,-0.002900,-0.363662,0.407305,1.549000,0.000000,0.000000,0.000000,-0.151267,-0.345705,0.150000,0.000000,0.000000,0.000000,0.026662,0.020019,0.025443,0.037348,0.047805,0.001438,-0.033861,0.027399,0.041636,0.041940,0.060256
11.010000,3.660000,-0.338851,0.424141,1.576359,0.036559,0.048421,0.001432,-0.180362,-0.322015,0.192973,-0.090810,0.051455,-0.002982,-0.363662,0.407305,1.549000,0.000000,0.000000,0.000000,-0.151267,-0.345705,0.150000,0.000000,0.000000,0.000000,0.024810,0.016836,0.027359,0.036559,0.048421,0.001432,-0.029095,0.023691,0.042973,0.040590,0.057048
11.020000,3.670000,-0.339506,0.422816,1.576680,0.035476,0.049485,0.001431,-0.171442,-0.318839,0.189632,-0.079553,0.058137,-0.002796,-0.366577,0.400329,1.552000,0.000000,0.000000,0.000000,-0.140239,-0.351869,0.150000,0.000000,0.000000,0.000000,0.027072,0.022486,0.024680,0.035476,0.049485,0.001431,-0.031203,0.033030,0.039632,0.042984,0.060294
11.030000,3.680000,-0.341314,0.419372,1.578109,0.034899,0.050074,0.001428,-0.166972,-0.323281,0.189197,-0.070942,0.058794,-0.002783,-0.366577,0.400329,1.552000,0.000000,0.000000,0.000000,-0.140239,-0.351869,0.150000,0.000000,0.000000,0.000000,0.025263,0.019042,0.026109,0.034899,0.050074,0.001428,-0.026732,0.028588,0.039197,0.041018,0.055392
11.041000,3.691000,-0.343366,0.415370,1.580057,0.034468,0.050604,0.001423,-0.163426,-0.329519,0.190288,-0.068495,0.058071,-0.002904,-0.369399,0.392875,1.555150,0.000000,0.000000,0.000000,-0.128430,-0.358046,0.150000,0.000000,0.000000,0.000000,0.026033,0.022495,0.024907,0.034468,0.050604,0.001423,-0.034996,0.028527,0.040288,0.042475,0.060512
11.050000,3.700000,-0.345000,0.412075,1.581960,0.033783,0.051186,0.001414,-0.158367,-0.332951,0.191907,-0.074779,0.044494,-0.003036,-0.369399,0.392875,1.555150,0.000000,0.000000,0.000000,-0.128430,-0.358046,0.150000,0.000000,0.000000,0.000000,0.024399,0.019200,0.026810,0.033783,0.051186,0.001414,-0.029937,0.025096,0.041907,0.041021,0.057291
11.064000,3.714000,-0.346127,0.409535,1.582666,0.033053,0.052032,0.001406,-0.151714,-0.333462,0.189509,-0.067280,0.057743,-0.003051,-0.371736,0.386021,1.558000,0.000000,0.000000,0.000000,-0.117548,-0.363368,0.150000,0.000000,0.000000,0.000000,0.025609,0.023515,0.024666,0.033053,0.052032,0.001406,-0.034166,0.029906,0.039509,0.042628,0.060189
11.071000,3.721000,-0.347907,0.405572,1.584530,0.032673,0.052571,0.001396,-0.147532,-0.339013,0.190547,-0.063919,0.055383,-0.003179,-0.371736,0.386021,1.558000,0.000000,0.000000,0.000000,-0.117548,-0.363368,0.150000,0.000000,0.000000,0.000000,0.023828,0.019551,0.026530,0.032673,0.052571,0.001396,-0.029984,0.024355,0.040547,0.040668,0.056002
11.080000,3.730000,-0.349383,0.402182,1.586435,0.032033,0.053125,0.001382,-0.142303,-0.342249,0.191675,-0.071698,0.047708,-0.003240,-0.373970,0.378700,1.561000,0.000000,0.000000,0.000000,-0.105898,-0.368689,0.150000,0.000000,0.000000,0.000000,0.024588,0.023482,0.025435,0.032033,0.053125,0.001382,-0.036405,0.026440,0.041675,0.042461,0.061329
11.090000,3.740000,-0.349961,0.400603,1.586847,0.031075,0.054042,0.001371,-0.134016,-0.338810,0.188645,-0.067464,0.049854,-0.003191,-0.373970,0.378700,1.561000,0.000000,0.000000,0.000000,-0.105898,-0.368689,0.150000,0.000000,0.000000,0.000000,0.024009,0.021904,0.025847,0.031075,0.054042,0.001371,-0.028118,0.029879,0.038645,0.041525,0.056363
11.100000,3.750000,-0.351396,0.396879,1.588307,0.030659,0.054597,0.001358,-0.129076,-0.343139,0.188746,-0.067514,0.049673,-0.003249,-0.375970,0.371275,1.564000,0.000000,0.000000,0.000000,-0.094055,-0.373715,0.150000,0.000000,0.000000,0.000000,0.024574,0.025604,0.024307,0.030659,0.054597,0.001358,-0.035021,0.030576,0.038746,0.043015,0.060519
11.110000,3.760000,-0.352986,0.392617,1.590264,0.030334,0.055114,0.001344,-0.124738,-0.349214,0.190641,-0.061976,0.047272,-0.003313,-0.375970,0.371275,1.564000,0.000000,0.000000,0.000000,-0.094055,-0.373715,0.150000,0.000000,0.000000,0.000000,0.022985,0.021342,0.026264,0.030334,0.055114,0.001344,-0.030683,0.024501,0.040641,0.040909,0.056511
11.121000,3.771000,-0.354350,0.388721,1.591988,0.029860,0.055638,0.001329,-0.119687,-0.353698,0.191798,-0.063511,0.043222,-0.003261,-0.377731,0.363753,1.567000,0.000000,0.000000,0.000000,-0.082026,-0.378440,0.150000,0.000000,0.000000,0.000000,0.023382,0.024968,0.024988,0.029860,0.055638,0.001329,-0.037661,0.024743,0.041798,0.042361,0.061462
11.131000,3.781000,-0.355550,0.385058,1.593585,0.029308,0.056167,0.001313,-0.114189,-0.357109,0.192197,-0.071934,0.041587,-0.003131,-0.377731,0.363753,1.567000,0.000000,0.000000,0.000000,-0.082026,-0.378440,0.150000,0.000000,0.000000,0.000000,0.022181,0.021305,0.026585,0.029308,0.056167,0.001313,-0.032163,0.021332,0.042197,0.040653,0.057185
11.143000,3.793000,-0.356638,0.381508,1.595116,0.028692,0.056685,0.001297,-0.108446,-0.359921,0.192120,-0.073485,0.040700,-0.003047,-0.379457,0.354990,1.570450,0.000000,0.000000,0.000000,-0.067973,-0.383495,0.150000,0.000000,0.000000,0.000000,0.022819,0.026518,0.024666,0.028692,0.056685,0.001297,-0.040473,0.023574,0.042120,0.042806,0.062991
11.151000,3.801000,-0.357641,0.378005,1.596613,0.028016,0.057187,0.001282,-0.102553,-0.362403,0.191944,-0.077250,0.038460,-0.002940,-0.379457,0.354990,1.570450,0.000000,0.000000,0.000000,-0.067973,-0.383495,0.150000,0.000000,0.000000,0.000000,0.021816,0.023014,0.026163,0.028016,0.057187,0.001282,-0.034580,0.021092,0.041944,0.041111,0.058309
11.160000,3.810000,-0.358667,0.374380,1.598532,0.027243,0.057572,0.001263,-0.096870,-0.365175,0.193013,-0.089512,0.027754,-0.002919,-0.380523,0.348441,1.573000,0.000000,0.000000,0.000000,-0.057442,-0.386964,0.150000,0.000000,0.000000,0.000000,0.021857,0.025940,0.025532,0.027243,0.057572,0.001263,-0.039428,0.021790,0.043013,0.042455,0.062286
11.172000,3.822000,-0.359048,0.372440,1.598872,0.026144,0.058267,0.001248,-0.089116,-0.361747,0.189549,-0.082285,0.038141,-0.002833,-0.380523,0.348441,1.573000,0.000000,0.000000,0.000000,-0.057442,-0.386964,0.150000,0.000000,0.000000,0.000000,0.021475,0.023999,0.025872,0.026144,0.058267,0.001248,-0.031674,0.025217,0.039549,0.041309,0.056597
11.180000,3.830000,-0.360046,0.368258,1.600690,0.025501,0.058685,0.001233,-0.083749,-0.366381,0.190477,-0.090140,0.037282,-0.002774,-0.380523,0.348441,1.573000,0.000000,0.000000,0.000000,-0.057442,-0.386964,0.150000,0.000000,0.000000,0.000000,0.020477,0.019818,0.027690,0.025501,0.058685,0.001233,-0.026308,0.020583,0.040477,0.039734,0.052480
11.190000,3.840000,-0.360884,0.364595,1.602595,0.024599,0.059058,0.001215,-0.077892,-0.368915,0.191992,-0.091938,0.025033,-0.002788,-0.381547,0.340663,1.576000,0.000000,0.000000,0.000000,-0.044902,-0.390751,0.150000,0.000000,0.000000,0.000000,0.020663,0.023932,0.026595,0.024599,0.059058,0.001215,-0.032989,0.021837,0.041992,0.041316,0.057693
11.200000,3.850000,-0.361318,0.362065,1.603193,0.023488,0.059685,0.001200,-0.070843,-0.367221,0.189663,-0.086273,0.034178,-0.002712,-0.381547,0.340663,1.576000,0.000000,0.000000,0.000000,-0.044902,-0.390751,0.150000,0.000000,0.000000,0.000000,0.020228,0.021402,0.027193,0.023488,0.059685,0.001200,-0.025941,0.023530,0.039663,0.040083,0.052913
11.211000,3.861000,-0.362129,0.357737,1.605046,0.022824,0.060109,0.001185,-0.065323,-0.371926,0.190598,-0.084917,0.038344,-0.002580,-0.382318,0.332813,1.579000,0.000000,0.000000,0.000000,-0.032209,-0.394214,0.150000,0.000000,0.000000,0.000000,0.020189,0.024925,0.026046,0.022824,0.060109,0.001185,-0.033113,0.022288,0.040598,0.041319,0.056933
11.220000,3.870000,-0.362782,0.354018,1.606952,0.021974,0.060493,0.001168,-0.059351,-0.374183,0.191657,-0.084683,0.030573,-0.002586,-0.382853,0.324499,1.582150,0.000000,0.000000,0.000000,-0.018725,-0.397495,0.150000,0.000000,0.000000,0.000000,0.020071,0.029519,0.024802,0.021974,0.060493,0.001168,-0.040626,0.023312,0.041657,0.043467,0.062684
11.230000,3.880000,-0.362975,0.352323,1.607357,0.020592,0.061123,0.001153,-0.051930,-0.369022,0.188583,-0.083970,0.032950,-0.002589,-0.382853,0.324499,1.582150,0.000000,0.000000,0.000000,-0.018725,-0.397495,0.150000,0.000000,0.000000,0.000000,0.019878,0.027824,0.025207,0.020592,0.061123,0.001153,-0.033205,0.028473,0.038583,0.042482,0.058326
11.240000,3.890000,-0.363361,0.349364,1.608507,0.019608,0.061618,0.001138,-0.045419,-0.368475,0.187760,-0.081749,0.033752,-0.002605,-0.383092,0.316921,1.585000,0.000000,0.000000,0.000000,-0.006395,-0.400146,0.150000,0.000000,0.000000,0.000000,0.019731,0.032443,0.023507,0.019608,0.061618,0.001138,-0.039023,0.031670,0.037760,0.044659,0.062862
11.250000,3.900000,-0.363759,0.346041,1.609840,0.018753,0.062084,0.001122,-0.039112,-0.369170,0.187882,-0.071375,0.034232,-0.002597,-0.383092,0.316921,1.585000,0.000000,0.000000,0.000000,-0.006395,-0.400146,0.150000,0.000000,0.000000,0.000000,0.019333,0.029120,0.024840,0.018753,0.062084,0.001122,-0.032716,0.030976,0.037882,0.042881,0.058863
11.260000,3.910000,-0.364128,0.342555,1.611248,0.017972,0.062531,0.001105,-0.032880,-0.370348,0.188212,-0.067878,0.033297,-0.002586,-0.383057,0.307282,1.588600,0.000000,0.000000,0.000000,0.009344,-0.403055,0.150000,0.000000,0.000000,0.000000,0.018929,0.035273,0.022648,0.017972,0.062531,0.001105,-0.042224,0.032707,0.038212,0.045994,0.065672
11.270000,3.920000,-0.364451,0.338983,1.612689,0.017269,0.062958,0.001089,-0.026655,-0.371719,0.188770,-0.063873,0.029872,-0.002528,-0.383057,0.307282,1.588600,0.000000,0.000000,0.000000,0.009344,-0.403055,0.150000,0.000000,0.000000,0.000000,0.018606,0.031701,0.024089,0.017269,0.062958,0.001089,-0.035999,0.031336,0.038770,0.043948,0.061490
11.280000,3.930000,-0.364720,0.335362,1.614149,0.016679,0.063356,0.001072,-0.020418,-0.373149,0.189364,-0.054094,0.027088,-0.002457,-0.382823,0.300819,1.591000,0.000000,0.000000,0.000000,0.019931,-0.404719,0.150000,0.000000,0.000000,0.000000,0.018103,0.034543,0.023149,0.016679,0.063356,0.001072,-0.040349,0.031570,0.039364,0.045352,0.064609
11.291000,3.941000,-0.365011,0.330438,1.616001,0.016565,0.063658,0.001055,-0.014485,-0.379233,0.191124,-0.051441,0.028188,-0.002368,-0.382823,0.300819,1.591000,0.000000,0.000000,0.000000,0.019931,-0.404719,0.150000,0.000000,0.000000,0.000000,0.017811,0.029619,0.025001,0.016565,0.063658,0.001055,-0.034416,0.025487,0.041124,0.042657,0.059373
11.300000,3.950000,-0.365156,0.326646,1.617912,0.016050,0.063940,0.001036,-0.008109,-0.380882,0.193005,-0.052159,0.018715,-0.002380,-0.382291,0.292707,1.594000,0.000000,0.000000,0.000000,0.033264,-0.406485,0.150000,0.000000,0.000000,0.000000,0.017135,0.033939,0.023912,0.016050,0.063940,0.001036,-0.041373,0.025603,0.043005,0.044914,0.064936
11.310000,3.960000,-0.365207,0.323781,1.618863,0.015365,0.064391,0.001021,-0.001669,-0.379108,0.191499,-0.055553,0.023020,-0.002275,-0.382291,0.292707,1.594000,0.000000,0.000000,0.000000,0.033264,-0.406485,0.150000,0.000000,0.000000,0.000000,0.017085,0.031074,0.024863,0.015365,0.064391,0.001021,-0.034933,0.027377,0.041499,0.043309,0.060762
11.320000,3.970000,-0.365220,0.320381,1.620188,0.014830,0.064744,0.001005,0.004709,-0.379269,0.191127,-0.055076,0.022451,-0.002231,-0.381492,0.284562,1.597000,0.000000,0.000000,0.000000,0.046698,-0.407898,0.150000,0.000000,0.000000,0.000000,0.016272,0.035819,0.023188,0.014830,0.064744,0.001005,-0.041989,0.028630,0.041127,0.045667,0.065377
11.330000,3.980000,-0.365179,0.316807,1.621612,0.014315,0.065078,0.000988,0.011083,-0.380004,0.191012,-0.053823,0.022374,-0.002250,-0.381492,0.284562,1.597000,0.000000,0.000000,0.000000,0.046698,-0.407898,0.150000,0.000000,0.000000,0.000000,0.016313,0.032244,0.024612,0.014315,0.065078,0.000988,-0.035614,0.027895,0.041012,0.043721,0.061061
11.344000,3.994000,-0.365050,0.311874,1.623454,0.014127,0.065377,0.000972,0.017542,-0.385613,0.192123,-0.060306,0.020585,-0.002283,-0.380362,0.275984,1.600150,0.000000,0.000000,0.000000,0.060902,-0.408998,0.150000,0.000000,0.000000,0.000000,0.015312,0.035890,0.023304,0.014127,0.065377,0.000972,-0.043360,0.023385,0.042123,0.045449,0.064817
11.351000,4.001000,-0.364825,0.306918,1.625521,0.013817,0.065680,0.000953,0.024200,-0.391048,0.193952,-0.068615,0.017326,-0.002289,-0.380362,0.275984,1.600150,0.000000,0.000000,0.000000,0.060902,-0.408998,0.150000,0.000000,0.000000,0.000000,0.015537,0.030934,0.025371,0.013817,0.065680,0.000953,-0.036702,0.017951,0.043952,0.042918,0.060009
11.360000,4.010000,-0.364533,0.302461,1.627319,0.013281,0.065970,0.000935,0.030892,-0.394416,0.194936,-0.074780,0.015535,-0.002294,-0.380362,0.275984,1.600150,0.000000,0.000000,0.000000,0.060902,-0.408998,0.150000,0.000000,0.000000,0.000000,0.015829,0.026477,0.027169,0.013281,0.065970,0.000935,-0.030010,0.014583,0.044936,0.041106,0.055969
11.370000,4.020000,-0.364224,0.298517,1.629268,0.012517,0.066252,0.000916,0.037433,-0.395724,0.195809,-0.086255,0.015320,-0.002249,-0.379082,0.268207,1.603000,0.000000,0.000000,0.000000,0.073831,-0.409651,0.150000,0.000000,0.000000,0.000000,0.014858,0.030311,0.026268,0.012517,0.066252,0.000916,-0.036397,0.013927,0.045809,0.042773,0.060143
11.382000,4.032000,-0.363891,0.295941,1.629821,0.011304,0.066461,0.000897,0.043772,-0.392030,0.192595,-0.095253,0.014181,-0.002203,-0.377469,0.260010,1.606000,0.000000,0.000000,0.000000,0.087511,-0.409983,0.150000,0.000000,0.000000,0.000000,0.013578,0.035932,0.023821,0.011304,0.066461,0.000897,-0.043739,0.017953,0.042595,0.045199,0.063638
11.390000,4.040000,-0.363354,0.291352,1.631696,0.010549,0.066728,0.000878,0.050658,-0.395579,0.192919,-0.100848,0.012744,-0.002140,-0.377469,0.260010,1.606000,0.000000,0.000000,0.000000,0.087511,-0.409983,0.150000,0.000000,0.000000,0.000000,0.014115,0.031342,0.025696,0.010549,0.066728,0.000878,-0.036853,0.014404,0.042919,0.042917,0.058375
11.400000,4.050000,-0.362847,0.287396,1.633626,0.009539,0.066856,0.000858,0.057246,-0.396613,0.193392,-0.106747,0.000493,-0.002111,-0.375581,0.251810,1.609000,0.000000,0.000000,0.000000,0.101254,-0.409947,0.150000,0.000000,0.000000,0.000000,0.012734,0.035587,0.024626,0.009539,0.066856,0.000858,-0.044007,0.013334,0.043392,0.045111,0.063224
11.410000,4.060000,-0.362515,0.285643,1.634021,0.007904,0.067134,0.000840,0.062982,-0.389625,0.189863,-0.101827,0.011981,-0.002089,-0.375581,0.251810,1.609000,0.000000,0.000000,0.000000,0.101254,-0.409947,0.150000,0.000000,0.000000,0.000000,0.013066,0.033834,0.025021,0.007904,0.067134,0.000840,-0.038272,0.020322,0.039863,0.044062,0.058879
11.420000,4.070000,-0.361981,0.282542,1.635173,0.006579,0.067328,0.000821,0.069256,-0.387592,0.188633,-0.109146,0.011167,-0.002047,-0.373418,0.243614,1.612000,0.000000,0.000000,0.000000,0.115049,-0.409542,0.150000,0.000000,0.000000,0.000000,0.011437,0.038928,0.023173,0.006579,0.067328,0.000821,-0.045793,0.021950,0.038633,0.046725,0.063807
11.430000,4.080000,-0.361127,0.277839,1.636852,0.005662,0.067565,0.000804,0.076480,-0.391312,0.189480,-0.106186,0.010970,-0.001985,-0.373418,0.243614,1.612000,0.000000,0.000000,0.000000,0.115049,-0.409542,0.150000,0.000000,0.000000,0.000000,0.012292,0.034225,0.024852,0.005662,0.067565,0.000804,-0.038569,0.018230,0.039480,0.044046,0.058125
11.440000,4.090000,-0.360362,0.273926,1.638747,0.004598,0.067675,0.000784,0.083218,-0.391871,0.190931,-0.093639,-0.000513,-0.001952,-0.370979,0.235430,1.615000,0.000000,0.000000,0.000000,0.128888,-0.408764,0.150000,0.000000,0.000000,0.000000,0.010617,0.038495,0.023747,0.004598,0.067675,0.000784,-0.045670,0.016893,0.040931,0.046460,0.063612
11.450000,4.100000,-0.359482,0.269919,1.639936,0.003370,0.067973,0.000766,0.090082,-0.392695,0.190348,-0.101581,0.009327,-0.001945,-0.370979,0.235430,1.615000,0.000000,0.000000,0.000000,0.128888,-0.408764,0.150000,0.000000,0.000000,0.000000,0.011498,0.034489,0.024936,0.003370,0.067973,0.000766,-0.038806,0.016069,0.040348,0.044085,0.058242
11.460000,4.110000,-0.358581,0.265992,1.641839,0.002235,0.068197,0.000747,0.096866,-0.393024,0.191866,-0.096844,0.009017,-0.001905,-0.368263,0.227266,1.618000,0.000000,0.000000,0.000000,0.142759,-0.407611,0.150000,0.000000,0.000000,0.000000,0.009682,0.038726,0.023839,0.002235,0.068197,0.000747,-0.045894,0.014587,0.041866,0.046495,0.063810
11.470000,4.120000,-0.357903,0.263398,1.642627,0.000827,0.068307,0.000729,0.102570,-0.388472,0.189946,-0.091536,0.008500,-0.001842,-0.368263,0.227266,1.618000,0.000000,0.000000,0.000000,0.142759,-0.407611,0.150000,0.000000,0.000000,0.000000,0.010359,0.036132,0.024627,0.000827,0.068307,0.000729,-0.040190,0.019138,0.039946,0.044937,0.059810
11.480000,4.130000,-0.357002,0.260044,1.643886,-0.000272,0.068462,0.000712,0.108889,-0.386701,0.189453,-0.084270,0.008131,-0.001783,-0.365269,0.219129,1.621000,0.000000,0.000000,0.000000,0.156654,-0.406080,0.150000,0.000000,0.000000,0.000000,0.008266,0.040915,0.022886,-0.000272,0.068462,0.000712,-0.047765,0.019380,0.039453,0.047604,0.064912
11.491000,4.141000,-0.355638,0.255202,1.645622,-0.000816,0.068713,0.000695,0.116649,-0.390303,0.190452,-0.072038,0.008375,-0.001697,-0.365269,0.219129,1.621000,0.000000,0.000000,0.000000,0.156654,-0.406080,0.150000,0.000000,0.000000,0.000000,0.009631,0.036073,0.024622,-0.000816,0.068713,0.000695,-0.040004,0.015778,0.040452,0.044724,0.059039
11.501000,4.151000,-0.354147,0.250230,1.647639,-0.001263,0.068981,0.000679,0.124651,-0.394143,0.192246,-0.060711,0.007272,-0.001618,-0.361826,0.210621,1.624150,0.000000,0.000000,0.000000,0.171256,-0.404065,0.150000,0.000000,0.000000,0.000000,0.007678,0.039609,0.023489,-0.001263,0.068981,0.000679,-0.046604,0.009923,0.042246,0.046686,0.063680
11.510000,4.160000,-0.352901,0.246289,1.649562,-0.001871,0.069054,0.000663,0.131525,-0.394013,0.193629,-0.055660,-0.005451,-0.001601,-0.361826,0.210621,1.624150,0.000000,0.000000,0.000000,0.171256,-0.404065,0.150000,0.000000,0.000000,0.000000,0.008925,0.035668,0.025412,-0.001871,0.069054,0.000663,-0.039731,0.010053,0.043629,0.044694,0.059859
11.521000,4.171000,-0.351800,0.243200,1.650314,-0.002841,0.069270,0.000647,0.137577,-0.390821,0.191562,-0.064566,0.005552,-0.001597,-0.358261,0.202562,1.627150,0.000000,0.000000,0.000000,0.185165,-0.401756,0.150000,0.000000,0.000000,0.000000,0.006461,0.040638,0.023164,-0.002841,0.069270,0.000647,-0.047587,0.010935,0.041562,0.047220,0.064121
11.530000,4.180000,-0.350424,0.239292,1.652229,-0.003530,0.069464,0.000631,0.144442,-0.390535,0.192378,-0.076303,0.008445,-0.001541,-0.358261,0.202562,1.627150,0.000000,0.000000,0.000000,0.185165,-0.401756,0.150000,0.000000,0.000000,0.000000,0.007837,0.036730,0.025079,-0.003530,0.069464,0.000631,-0.040722,0.011221,0.042378,0.045160,0.059834
11.540000,4.190000,-0.349488,0.236909,1.652930,-0.004691,0.069384,0.000616,0.149455,-0.384749,0.189633,-0.084328,-0.000850,-0.001529,-0.354618,0.194953,1.630000,0.000000,0.000000,0.000000,0.198370,-0.399208,0.150000,0.000000,0.000000,0.000000,0.005129,0.041956,0.022930,-0.004691,0.069384,0.000616,-0.048915,0.014459,0.039633,0.048087,0.064595
11.550000,4.200000,-0.348202,0.233656,1.654153,-0.005552,0.069585,0.000603,0.155573,-0.382203,0.188697,-0.073854,0.003276,-0.001343,-0.354618,0.194953,1.630000,0.000000,0.000000,0.000000,0.198370,-0.399208,0.150000,0.000000,0.000000,0.000000,0.006416,0.038704,0.024153,-0.005552,0.069585,0.000603,-0.042796,0.017005,0.038697,0.046071,0.060151
11.560000,4.210000,-0.346764,0.230147,1.655513,-0.006464,0.069730,0.000590,0.162030,-0.380588,0.188182,-0.081704,0.003144,-0.001192,-0.350511,0.186998,1.633000,0.000000,0.000000,0.000000,0.212252,-0.396153,0.150000,0.000000,0.000000,0.000000,0.003748,0.043148,0.022513,-0.006464,0.069730,0.000590,-0.050222,0.015565,0.038182,0.048813,0.064980
11.571000,4.221000,-0.344690,0.225269,1.657286,-0.007082,0.070004,0.000580,0.170591,-0.383923,0.189517,-0.086738,0.004365,-0.001035,-0.350511,0.186998,1.633000,0.000000,0.000000,0.000000,0.212252,-0.396153,0.150000,0.000000,0.000000,0.000000,0.005822,0.038270,0.024286,-0.007082,0.070004,0.000580,-0.041661,0.012230,0.039517,0.045698,0.058710
11.580000,4.230000,-0.342984,0.221430,1.659181,-0.007950,0.070048,0.000569,0.177585,-0.383213,0.191171,-0.076988,-0.007600,-0.001052,-0.345446,0.177932,1.636450,0.000000,0.000000,0.000000,0.228180,-0.392165,0.150000,0.000000,0.000000,0.000000,0.002463,0.043498,0.022731,-0.007950,0.070048,0.000569,-0.050595,0.008953,0.041171,0.049141,0.065841
11.590000,4.240000,-0.341102,0.217428,1.660397,-0.009025,0.070299,0.000560,0.184912,-0.383095,0.190649,-0.091088,-0.000551,-0.001038,-0.345446,0.177932,1.636450,0.000000,0.000000,0.000000,0.228180,-0.392165,0.150000,0.000000,0.000000,0.000000,0.004344,0.039496,0.023947,-0.009025,0.070299,0.000560,-0.043268,0.009071,0.040649,0.046392,0.060056
11.600000,4.250000,-0.339253,0.213597,1.662304,-0.010095,0.070439,0.000550,0.191928,-0.382190,0.192156,-0.093338,-0.002073,-0.001019,-0.341468,0.171292,1.639000,0.000000,0.000000,0.000000,0.239918,-0.388891,0.150000,0.000000,0.000000,0.000000,0.002214,0.042304,0.023304,-0.010095,0.070439,0.000550,-0.047991,0.006702,0.042156,0.048349,0.064227
11.615000,4.265000,-0.337375,0.209958,1.663369,-0.011190,0.070499,0.000541,0.198741,-0.380592,0.191051,-0.094623,-0.003441,-0.000970,-0.341468,0.171292,1.639000,0.000000,0.000000,0.000000,0.239918,-0.388891,0.150000,0.000000,0.000000,0.000000,0.004092,0.038665,0.024369,-0.011190,0.070499,0.000541,-0.041177,0.008299,0.041051,0.045887,0.058734
11.624000,4.274000,-0.334945,0.205342,1.665287,-0.012031,0.070666,0.000531,0.207340,-0.382434,0.192341,-0.094388,-0.004671,-0.000986,-0.336277,0.163172,1.642150,0.000000,0.000000,0.000000,0.254368,-0.384463,0.150000,0.000000,0.000000,0.000000,0.001333,0.042171,0.023137,-0.012031,0.070666,0.000531,-0.047027,0.002029,0.042341,0.048119,0.063312
11.630000,4.280000,-0.332872,0.201518,1.667210,-0.013115,0.070708,0.000521,0.214374,-0.381234,0.193607,-0.094406,-0.006496,-0.001024,-0.336277,0.163172,1.642150,0.000000,0.000000,0.000000,0.254368,-0.384463,0.150000,0.000000,0.000000,0.000000,0.003406,0.038347,0.025060,-0.013115,0.070708,0.000521,-0.039993,0.003230,0.043607,0.045936,0.059258
11.640000,4.290000,-0.331787,0.199744,1.667647,-0.014604,0.070327,0.000513,0.217567,-0.372631,0.190513,-0.081645,-0.016509,-0.001096,-0.331053,0.155528,1.645150,0.000000,0.000000,0.000000,0.268067,-0.379853,0.150000,0.000000,0.000000,0.000000,-0.000734,0.044217,0.022497,-0.014604,0.070327,0.000513,-0.050500,0.007222,0.040513,0.049616,0.065144
11.650000,4.300000,-0.330003,0.196756,1.668810,-0.015991,0.070338,0.000503,0.223136,-0.368565,0.189504,-0.089634,-0.010808,-0.001033,-0.331053,0.155528,1.645150,0.000000,0.000000,0.000000,0.268067,-0.379853,0.150000,0.000000,0.000000,0.000000,0.001050,0.041229,0.023660,-0.015991,0.070338,0.000503,-0.044931,0.011288,0.039504,0.047546,0.060883
11.660000,4.310000,-0.327979,0.193445,1.670147,-0.017148,0.070307,0.000493,0.229365,-0.365689,0.189031,-0.089420,-0.011244,-0.001074,-0.325837,0.148355,1.648000,0.000000,0.000000,0.000000,0.281014,-0.375117,0.150000,0.000000,0.000000,0.000000,-0.002142,0.045090,0.022147,-0.017148,0.070307,0.000493,-0.051649,0.009427,0.039031,0.050281,0.065421
11.670000,4.320000,-0.325063,0.188808,1.671909,-0.017884,0.070490,0.000483,0.238602,-0.367628,0.190206,-0.082894,-0.008966,-0.001068,-0.325837,0.148355,1.648000,0.000000,0.000000,0.000000,0.281014,-0.375117,0.150000,0.000000,0.000000,0.000000,0.000773,0.040453,0.023909,-0.017884,0.070490,0.000483,-0.042412,0.007489,0.040206,0.046997,0.058918
11.682000,4.332000,-0.322007,0.184116,1.673930,-0.018577,0.070673,0.000472,0.248048,-0.369573,0.191963,-0.080646,-0.013818,-0.001096,-0.320081,0.140906,1.651000,0.000000,0.000000,0.000000,0.294562,-0.369759,0.150000,0.000000,0.000000,0.000000,-0.001927,0.043210,0.022930,-0.018577,0.070673,0.000472,-0.046514,0.000186,0.041963,0.048955,0.062646
11.693000,4.343000,-0.319170,0.179937,1.675688,-0.019378,0.070758,0.000461,0.256364,-0.369496,0.192891,-0.075521,-0.014929,-0.001147,-0.320081,0.140906,1.651000,0.000000,0.000000,0.000000,0.294562,-0.369759,0.150000,0.000000,0.000000,0.000000,0.000911,0.039031,0.024688,-0.019378,0.070758,0.000461,-0.038198,0.000262,0.042891,0.046192,0.057435
11.700000,4.350000,-0.316606,0.176242,1.677616,-0.020282,0.070741,0.000450,0.263418,-0.367563,0.194294,-0.071106,-0.016734,-0.001189,-0.314055,0.133567,1.654000,0.000000,0.000000,0.000000,0.308017,-0.364018,0.150000,0.000000,0.000000,0.000000,-0.002552,0.042675,0.023616,-0.020282,0.070741,0.000450,-0.044599,-0.003545,0.044294,0.048840,0.062958
11.710000,4.360000,-0.314808,0.173925,1.678137,-0.021500,0.070432,0.000440,0.267377,-0.360731,0.191067,-0.077593,-0.021686,-0.001214,-0.314055,0.133567,1.654000,0.000000,0.000000,0.000000,0.308017,-0.364018,0.150000,0.000000,0.000000,0.000000,-0.000753,0.040357,0.024137,-0.021500,0.070432,0.000440,-0.040640,0.003287,0.041067,0.047031,0.057870
11.720000,4.370000,-0.312134,0.170317,1.680048,-0.022277,0.070215,0.000432,0.274363,-0.358599,0.191975,-0.068834,-0.037879,-0.001205,-0.307761,0.126347,1.657000,0.000000,0.000000,0.000000,0.321369,-0.357897,0.150000,0.000000,0.000000,0.000000,-0.004374,0.043970,0.023048,-0.022277,0.070215,0.000432,-0.047007,-0.000702,0.041975,0.049837,0.063024
11.730000,4.380000,-0.310465,0.168250,1.680708,-0.023660,0.069965,0.000421,0.277480,-0.350955,0.189540,-0.072968,-0.022446,-0.001262,-0.307761,0.126347,1.657000,0.000000,0.000000,0.000000,0.321369,-0.357897,0.150000,0.000000,0.000000,0.000000,-0.002704,0.041902,0.023708,-0.023660,0.069965,0.000421,-0.043890,0.006942,0.039540,0.048220,0.059480
11.742000,4.392000,-0.307267,0.164270,1.682238,-0.024413,0.069931,0.000411,0.285958,-0.350391,0.189966,-0.072807,-0.025062,-0.001293,-0.301201,0.119254,1.660000,0.000000,0.000000,0.000000,0.334607,-0.351397,0.150000,0.000000,0.000000,0.000000,-0.006066,0.045016,0.022238,-0.024413,0.069931,0.000411,-0.048648,0.001006,0.039966,0.050575,0.062968
11.750000,4.400000,-0.304407,0.160766,1.684138,-0.025141,0.069680,0.000404,0.292935,-0.347956,0.191456,-0.053827,-0.035469,-0.001231,-0.301201,0.119254,1.660000,0.000000,0.000000,0.000000,0.334607,-0.351397,0.150000,0.000000,0.000000,0.000000,-0.003206,0.041512,0.024138,-0.025141,0.069680,0.000404,-0.041672,0.003441,0.041456,0.048127,0.058881
11.760000,4.410000,-0.301455,0.157343,1.685271,-0.026275,0.069549,0.000395,0.299944,-0.345312,0.190666,-0.075909,-0.030422,-0.001314,-0.294029,0.111950,1.663150,0.000000,0.000000,0.000000,0.348372,-0.344166,0.150000,0.000000,0.000000,0.000000,-0.007426,0.045394,0.022121,-0.026275,0.069549,0.000395,-0.048427,-0.001146,0.040666,0.051040,0.063247
11.770000,4.420000,-0.298455,0.153890,1.687178,-0.027034,0.069245,0.000390,0.306860,-0.342701,0.191817,-0.067731,-0.038549,-0.001251,-0.294029,0.111950,1.663150,0.000000,0.000000,0.000000,0.348372,-0.344166,0.150000,0.000000,0.000000,0.000000,-0.004426,0.041940,0.024028,-0.027034,0.069245,0.000390,-0.041512,0.001465,0.041817,0.048538,0.058941
11.780000,4.430000,-0.296406,0.151678,1.687946,-0.028466,0.068820,0.000383,0.310066,-0.335672,0.189618,-0.088415,-0.030207,-0.001224,-0.287293,0.105476,1.666000,0.000000,0.000000,0.000000,0.360697,-0.337267,0.150000,0.000000,0.000000,0.000000,-0.009113,0.046203,0.021946,-0.028466,0.068820,0.000383,-0.050630,0.001595,0.039618,0.051955,0.064308
11.790000,4.440000,-0.293717,0.148803,1.689193,-0.029643,0.068503,0.000379,0.315418,-0.331171,0.188834,-0.091328,-0.028676,-0.001014,-0.287293,0.105476,1.666000,0.000000,0.000000,0.000000,0.360697,-0.337267,0.150000,0.000000,0.000000,0.000000,-0.006424,0.043328,0.023193,-0.029643,0.068503,0.000379,-0.045279,0.006096,0.038834,0.049563,0.059962
11.802000,4.452000,-0.289767,0.144676,1.690915,-0.030502,0.068526,0.000376,0.325096,-0.331276,0.189453,-0.099072,-0.027475,-0.000868,-0.279950,0.098806,1.669000,0.000000,0.000000,0.000000,0.373528,-0.329642,0.150000,0.000000,0.000000,0.000000,-0.009816,0.045870,0.021915,-0.030502,0.068526,0.000376,-0.048432,-0.001634,0.039453,0.051775,0.062488
11.810000,4.460000,-0.285619,0.140468,1.692919,-0.031419,0.068594,0.000373,0.335194,-0.331513,0.191403,-0.083667,-0.026638,-0.000843,-0.279950,0.098806,1.669000,0.000000,0.000000,0.000000,0.373528,-0.329642,0.150000,0.000000,0.000000,0.000000,-0.005669,0.041662,0.023919,-0.031419,0.068594,0.000373,-0.038334,-0.001871,0.041403,0.048373,0.056455
11.820000,4.470000,-0.281802,0.136736,1.694668,-0.032435,0.068549,0.000370,0.343717,-0.329902,0.192539,-0.078552,-0.025346,-0.000779,-0.272353,0.092292,1.672000,0.000000,0.000000,0.000000,0.386202,-0.321648,0.150000,0.000000,0.000000,0.000000,-0.009450,0.044444,0.022668,-0.032435,0.068549,0.000370,-0.042485,-0.008255,0.042539,0.050778,0.060686
11.831000,4.481000,-0.278191,0.133334,1.696272,-0.033475,0.068424,0.000368,0.351144,-0.327063,0.192749,-0.081240,-0.031736,-0.000782,-0.272353,0.092292,1.672000,0.000000,0.000000,0.000000,0.386202,-0.321648,0.150000,0.000000,0.000000,0.000000,-0.005838,0.041042,0.024272,-0.033475,0.068424,0.000368,-0.035058,-0.005415,0.042749,0.048038,0.055551
11.843000,4.493000,-0.274660,0.130125,1.697802,-0.034509,0.068234,0.000367,0.357993,-0.323525,0.192732,-0.076733,-0.034165,-0.000778,-0.264503,0.085942,1.675000,0.000000,0.000000,0.000000,0.398710,-0.313286,0.150000,0.000000,0.000000,0.000000,-0.010156,0.044182,0.022802,-0.034509,0.068234,0.000367,-0.040717,-0.010239,0.042732,0.050746,0.059905
11.851000,4.501000,-0.271140,0.127031,1.699297,-0.035526,0.067984,0.000367,0.364519,-0.319601,0.192363,-0.074688,-0.039346,-0.000803,-0.264503,0.085942,1.675000,0.000000,0.000000,0.000000,0.398710,-0.313286,0.150000,0.000000,0.000000,0.000000,-0.006637,0.041089,0.024297,-0.035526,0.067984,0.000367,-0.034191,-0.006314,0.042363,0.048194,0.054804
11.860000,4.510000,-0.267595,0.124016,1.700772,-0.036528,0.067671,0.000369,0.370873,-0.315437,0.191945,-0.072223,-0.044504,-0.000830,-0.256406,0.079763,1.678000,0.000000,0.000000,0.000000,0.411040,-0.304562,0.150000,0.000000,0.000000,0.000000,-0.011190,0.044253,0.022772,-0.036528,0.067671,0.000369,-0.040166,-0.010875,0.041945,0.051011,0.059084
11.870000,4.520000,-0.263886,0.120862,1.702691,-0.037473,0.067343,0.000373,0.377590,-0.311813,0.192881,-0.071960,-0.049083,-0.000844,-0.256406,0.079763,1.678000,0.000000,0.000000,0.000000,0.411040,-0.304562,0.150000,0.000000,0.000000,0.000000,-0.007481,0.041099,0.024691,-0.037473,0.067343,0.000373,-0.033450,-0.007251,0.042881,0.048525,0.054866
11.883000,4.533000,-0.261829,0.119382,1.703003,-0.038827,0.066457,0.000381,0.378075,-0.302285,0.189125,-0.071569,-0.055128,-0.000853,-0.248063,0.073762,1.681000,0.000000,0.000000,0.000000,0.423181,-0.295478,0.150000,0.000000,0.000000,0.000000,-0.013766,0.045620,0.022003,-0.038827,0.066457,0.000381,-0.045107,-0.006807,0.039125,0.052487,0.060097
11.894000,4.544000,-0.257446,0.115937,1.704809,-0.039636,0.066168,0.000390,0.386831,-0.300000,0.189671,-0.071716,-0.058775,-0.000843,-0.248063,0.073762,1.681000,0.000000,0.000000,0.000000,0.423181,-0.295478,0.150000,0.000000,0.000000,0.000000,-0.009383,0.042175,0.023809,-0.039636,0.066168,0.000390,-0.036351,-0.004522,0.039671,0.049332,0.053996
11.900000,4.550000,-0.253578,0.112937,1.706706,-0.040353,0.065580,0.000405,0.393388,-0.296075,0.190467,-0.050815,-0.071624,-0.000867,-0.239480,0.067947,1.684000,0.000000,0.000000,0.000000,0.435125,-0.286038,0.150000,0.000000,0.000000,0.000000,-0.014098,0.044990,0.022706,-0.040353,0.065580,0.000405,-0.041737,-0.010037,0.040467,0.052330,0.058994
11.910000,4.560000,-0.250827,0.111033,1.707276,-0.041800,0.064812,0.000420,0.395642,-0.288334,0.187554,-0.074293,-0.060119,-0.000833,-0.239480,0.067947,1.684000,0.000000,0.000000,0.000000,0.435125,-0.286038,0.150000,0.000000,0.000000,0.000000,-0.011348,0.043086,0.023276,-0.041800,0.064812,0.000420,-0.039483,-0.002295,0.037554,0.050269,0.054539
11.920000,4.570000,-0.246871,0.108150,1.709151,-0.042542,0.064211,0.000436,0.402076,-0.284188,0.188521,-0.053369,-0.066819,-0.000871,-0.230659,0.062323,1.687000,0.000000,0.000000,0.000000,0.446860,-0.276248,0.150000,0.000000,0.000000,0.000000,-0.016211,0.045826,0.022151,-0.042542,0.064211,0.000436,-0.044784,-0.007940,0.038521,0.053419,0.059603
11.930000,4.580000,-0.244427,0.106516,1.709816,-0.044048,0.063235,0.000454,0.402834,-0.275621,0.186687,-0.064212,-0.062054,-0.000839,-0.230659,0.062323,1.687000,0.000000,0.000000,0.000000,0.446860,-0.276248,0.150000,0.000000,0.000000,0.000000,-0.013767,0.044193,0.022816,-0.044048,0.063235,0.000454,-0.044026,0.000627,0.036687,0.051606,0.057312
11.940000,4.590000,-0.241013,0.104225,1.711020,-0.045140,0.062503,0.000470,0.406964,-0.269612,0.186473,-0.063919,-0.061402,-0.000992,-0.221607,0.056899,1.690000,0.000000,0.000000,0.000000,0.458376,-0.266110,0.150000,0.000000,0.000000,0.000000,-0.019407,0.047326,0.021020,-0.045140,0.062503,0.000470,-0.051412,-0.003502,0.036473,0.055301,0.063133
11.951000,4.601000,-0.235950,0.100898,1.712715,-0.045793,0.062266,0.000482,0.416852,-0.267494,0.187870,-0.054738,-0.052521,-0.001231,-0.221607,0.056899,1.690000,0.000000,0.000000,0.000000,0.458376,-0.266110,0.150000,0.000000,0.000000,0.000000,-0.014343,0.043999,0.022715,-0.045793,0.062266,0.000482,-0.041524,-0.001384,0.037870,0.051552,0.056217
11.960000,4.610000,-0.231781,0.098223,1.714594,-0.046340,0.061741,0.000494,0.423090,-0.262909,0.189763,-0.020634,-0.051125,-0.001299,-0.211385,0.051171,1.693300,0.000000,0.000000,0.000000,0.470780,-0.254564,0.150000,0.000000,0.000000,0.000000,-0.020396,0.047052,0.021294,-0.046340,0.061741,0.000494,-0.047689,-0.008345,0.039763,0.055527,0.062650
11.970000,4.620000,-0.227374,0.095538,1.715793,-0.047395,0.061399,0.000500,0.429927,-0.258547,0.189459,-0.049734,-0.047535,-0.001357,-0.211385,0.051171,1.693300,0.000000,0.000000,0.000000,0.470780,-0.254564,0.150000,0.000000,0.000000,0.000000,-0.015989,0.044368,0.022493,-0.047395,0.061399,0.000500,-0.040853,-0.003984,0.039459,0.052250,0.056937
11.981000,4.631000,-0.222075,0.092377,1.717727,-0.047924,0.061328,0.000502,0.439704,-0.255942,0.191309,-0.039931,-0.039572,-0.001450,-0.202822,0.046676,1.696000,0.000000,0.000000,0.000000,0.480713,-0.244814,0.150000,0.000000,0.000000,0.000000,-0.019254,0.045701,0.021727,-0.047924,0.061328,0.000502,-0.041009,-0.011128,0.041309,0.054142,0.059262
11.990000,4.640000,-0.217678,0.089818,1.719640,-0.048323,0.060932,0.000507,0.445827,-0.251160,0.192848,-0.012664,-0.045248,-0.001410,-0.202822,0.046676,1.696000,0.000000,0.000000,0.000000,0.480713,-0.244814,0.150000,0.000000,0.000000,0.000000,-0.014857,0.043142,0.023640,-0.048323,0.060932,0.000507,-0.034886,-0.006346,0.042848,0.051388,0.055617
12.000000,4.650000,-0.214300,0.088032,1.720342,-0.049406,0.060433,0.000504,0.448041,-0.243791,0.190817,-0.037058,-0.034917,-0.001476,-0.193099,0.041891,1.699000,0.000000,0.000000,0.000000,0.491514,-0.233666,0.150000,0.000000,0.000000,0.000000,-0.021201,0.046142,0.021342,-0.049406,0.060433,0.000504,-0.043473,-0.010125,0.040817,0.055082,0.060485
12.013000,4.663000,-0.208971,0.085170,1.722224,-0.049893,0.060419,0.000501,0.457120,-0.240473,0.191632,-0.052485,-0.037534,-0.001553,-0.193099,0.041891,1.699000,0.000000,0.000000,0.000000,0.491514,-0.233666,0.150000,0.000000,0.000000,0.000000,-0.015872,0.043280,0.023224,-0.049893,0.060419,0.000501,-0.034394,-0.006807,0.041632,0.051618,0.054429
12.020000,4.670000,-0.204015,0.082616,1.723902,-0.050355,0.060150,0.000503,0.464509,-0.236106,0.191822,-0.043696,-0.048948,-0.001504,-0.193099,0.041891,1.699000,0.000000,0.000000,0.000000,0.491514,-0.233666,0.150000,0.000000,0.000000,0.000000,-0.010916,0.040725,0.024902,-0.050355,0.060150,0.000503,-0.027005,-0.002440,0.041822,0.048967,0.049843
12.030000,4.680000,-0.199370,0.080255,1.725820,-0.051192,0.060005,0.000498,0.470502,-0.231088,0.192929,-0.041592,-0.042285,-0.001680,-0.183163,0.037331,1.702000,0.000000,0.000000,0.000000,0.502057,-0.222192,0.150000,0.000000,0.000000,0.000000,-0.016207,0.042923,0.023820,-0.051192,0.060005,0.000498,-0.031555,-0.008896,0.042929,0.051696,0.054016
12.040000,4.690000,-0.197555,0.079490,1.726104,-0.052406,0.058914,0.000495,0.466078,-0.220489,0.189257,-0.048892,-0.045116,-0.001714,-0.183163,0.037331,1.702000,0.000000,0.000000,0.000000,0.502057,-0.222192,0.150000,0.000000,0.000000,0.000000,-0.014393,0.042159,0.024104,-0.052406,0.058914,0.000495,-0.035978,0.001704,0.039257,0.050651,0.053277
12.051000,4.701000,-0.192561,0.077200,1.727534,-0.053204,0.058662,0.000498,0.473164,-0.215707,0.188742,-0.062930,-0.054487,-0.001472,-0.173019,0.033005,1.705000,0.000000,0.000000,0.000000,0.512332,-0.210399,0.150000,0.000000,0.000000,0.000000,-0.019542,0.044195,0.022534,-0.053204,0.058662,0.000498,-0.039168,-0.005307,0.038742,0.053318,0.055346
12.063000,4.713000,-0.186703,0.074559,1.729494,-0.053962,0.058492,0.000510,0.483126,-0.212186,0.190535,-0.052194,-0.056593,-0.001309,-0.162671,0.028918,1.708000,0.000000,0.000000,0.000000,0.522329,-0.198292,0.150000,0.000000,0.000000,0.000000,-0.024031,0.045641,0.021494,-0.053962,0.058492,0.000510,-0.039204,-0.013894,0.040535,0.055880,0.058078
12.070000,4.720000,-0.181314,0.072237,1.731226,-0.054411,0.058082,0.000527,0.490991,-0.207551,0.191604,-0.014302,-0.063714,-0.001244,-0.162671,0.028918,1.708000,0.000000,0.000000,0.000000,0.522329,-0.198292,0.150000,0.000000,0.000000,0.000000,-0.018643,0.043320,0.023226,-0.054411,0.058082,0.000527,-0.031338,-0.009259,0.041604,0.052570,0.052903
12.080000,4.730000,-0.176219,0.070142,1.732831,-0.055764,0.057558,0.000545,0.497456,-0.202170,0.192270,-0.055033,-0.066580,-0.001313,-0.162671,0.028918,1.708000,0.000000,0.000000,0.000000,0.522329,-0.198292,0.150000,0.000000,0.000000,0.000000,-0.013548,0.041224,0.024831,-0.055764,0.057558,0.000545,-0.024873,-0.003877,0.042270,0.049996,0.049198
12.093000,4.743000,-0.171258,0.068193,1.734376,-0.056319,0.056881,0.000569,0.503117,-0.196393,0.192232,-0.041121,-0.076874,-0.001326,-0.151062,0.024705,1.711300,0.000000,0.000000,0.000000,0.532996,-0.184621,0.150000,0.000000,0.000000,0.000000,-0.020195,0.043488,0.023076,-0.056319,0.056881,0.000569,-0.029879,-0.011772,0.042232,0.053213,0.053055
12.102000,4.752000,-0.166226,0.066229,1.736299,-0.057533,0.056215,0.000593,0.508774,-0.190769,0.193302,-0.079151,-0.080548,-0.001530,-0.151062,0.024705,1.711300,0.000000,0.000000,0.000000,0.532996,-0.184621,0.150000,0.000000,0.000000,0.000000,-0.015164,0.041524,0.024999,-0.057533,0.056215,0.000593,-0.024222,-0.006148,0.043302,0.050785,0.049996
12.113000,4.763000,-0.163399,0.065341,1.736688,-0.058810,0.054850,0.000620,0.506260,-0.181458,0.190041,-0.074240,-0.081524,-0.001594,-0.141392,0.021484,1.714000,0.000000,0.000000,0.000000,0.541457,-0.173165,0.150000,0.000000,0.000000,0.000000,-0.022007,0.043857,0.022688,-0.058810,0.054850,0.000620,-0.035197,-0.008293,0.040041,0.054060,0.053953
12.120000,4.770000,-0.158337,0.063527,1.738589,-0.059551,0.054035,0.000652,0.511719,-0.175607,0.191261,-0.047212,-0.088187,-0.001609,-0.130471,0.018151,1.717000,0.000000,0.000000,0.000000,0.550568,-0.160157,0.150000,0.000000,0.000000,0.000000,-0.027866,0.045376,0.021589,-0.059551,0.054035,0.000652,-0.038849,-0.015449,0.041261,0.057459,0.058740
12.131000,4.781000,-0.153981,0.062145,1.739517,-0.061042,0.053108,0.000680,0.514410,-0.168382,0.189741,-0.060283,-0.078989,-0.001775,-0.130471,0.018151,1.717000,0.000000,0.000000,0.000000,0.550568,-0.160157,0.150000,0.000000,0.000000,0.000000,-0.023510,0.043994,0.022517,-0.061042,0.053108,0.000680,-0.036159,-0.008225,0.039741,0.054728,0.054355
12.140000,4.790000,-0.148837,0.060461,1.741415,-0.061643,0.052319,0.000710,0.519702,-0.162301,0.191083,-0.011663,-0.078981,-0.001758,-0.118812,0.014934,1.720150,0.000000,0.000000,0.000000,0.559798,-0.146193,0.150000,0.000000,0.000000,0.000000,-0.030025,0.045527,0.021265,-0.061643,0.052319,0.000710,-0.040096,-0.016108,0.041083,0.058536,0.059624
12.150000,4.800000,-0.145544,0.059506,1.742173,-0.063290,0.051016,0.000734,0.518090,-0.153761,0.189126,-0.054338,-0.077991,-0.002149,-0.118812,0.014934,1.720150,0.000000,0.000000,0.000000,0.559798,-0.146193,0.150000,0.000000,0.000000,0.000000,-0.026733,0.044572,0.022023,-0.063290,0.051016,0.000734,-0.041708,-0.007569,0.039126,0.056448,0.057687
12.160000,4.810000,-0.141106,0.058223,1.743436,-0.064283,0.050075,0.000758,0.520551,-0.146600,0.188690,-0.045012,-0.075627,-0.002366,-0.108099,0.012278,1.723000,0.000000,0.000000,0.000000,0.567843,-0.133293,0.150000,0.000000,0.000000,0.000000,-0.033007,0.045944,0.020436,-0.064283,0.050075,0.000758,-0.047292,-0.013307,0.038690,0.060150,0.062534
12.170000,4.820000,-0.136287,0.056883,1.744835,-0.065105,0.049274,0.000779,0.524214,-0.139797,0.188805,-0.031136,-0.067064,-0.002441,-0.108099,0.012278,1.723000,0.000000,0.000000,0.000000,0.567843,-0.133293,0.150000,0.000000,0.000000,0.000000,-0.028188,0.044605,0.021835,-0.065105,0.049274,0.000779,-0.043629,-0.006504,0.038805,0.057104,0.058750
12.180000,4.830000,-0.131276,0.055555,1.746288,-0.065777,0.048563,0.000796,0.528358,-0.133118,0.189074,-0.018004,-0.062197,-0.002500,-0.096660,0.009750,1.726000,0.000000,0.000000,0.000000,0.575989,-0.119452,0.150000,0.000000,0.000000,0.000000,-0.034617,0.045805,0.020288,-0.065777,0.048563,0.000796,-0.047631,-0.013666,0.039074,0.060893,0.063105
12.191000,4.841000,-0.124365,0.053814,1.748161,-0.066077,0.048507,0.000807,0.539214,-0.128167,0.190625,-0.004543,-0.053299,-0.002421,-0.096660,0.009750,1.726000,0.000000,0.000000,0.000000,0.575989,-0.119452,0.150000,0.000000,0.000000,0.000000,-0.027705,0.044064,0.022161,-0.066077,0.048507,0.000807,-0.036775,-0.008715,0.040625,0.056571,0.055487
12.200000,4.850000,-0.118973,0.052532,1.750068,-0.066122,0.047974,0.000818,0.544059,-0.121565,0.192227,0.037951,-0.048668,-0.002267,-0.085061,0.007502,1.729000,0.000000,0.000000,0.000000,0.583796,-0.105347,0.150000,0.000000,0.000000,0.000000,-0.033911,0.045031,0.021068,-0.066122,0.047974,0.000818,-0.039737,-0.016218,0.042227,0.060180,0.060210
12.210000,4.860000,-0.114884,0.051650,1.751044,-0.066704,0.047231,0.000821,0.544000,-0.113813,0.190762,0.008473,-0.047710,-0.002190,-0.085061,0.007502,1.729000,0.000000,0.000000,0.000000,0.583796,-0.105347,0.150000,0.000000,0.000000,0.000000,-0.029823,0.044148,0.022044,-0.066704,0.047231,0.000821,-0.039796,-0.008466,0.040762,0.057658,0.057593
12.223000,4.873000,-0.110004,0.050645,1.752389,-0.066613,0.046630,0.000830,0.546739,-0.106765,0.190416,0.038196,-0.053140,-0.002055,-0.071535,0.005268,1.732450,0.000000,0.000000,0.000000,0.592346,-0.088814,0.150000,0.000000,0.000000,0.000000,-0.038469,0.045376,0.019939,-0.066613,0.046630,0.000830,-0.045607,-0.017951,0.040416,0.062741,0.063527
12.230000,4.880000,-0.103039,0.049290,1.754221,-0.066798,0.046882,0.000826,0.556922,-0.101285,0.191489,0.015317,-0.039146,-0.002189,-0.071535,0.005268,1.732450,0.000000,0.000000,0.000000,0.592346,-0.088814,0.150000,0.000000,0.000000,0.000000,-0.031505,0.044022,0.021771,-0.066798,0.046882,0.000826,-0.035424,-0.012471,0.041489,0.058348,0.055962
12.242000,4.892000,-0.095906,0.048004,1.756298,-0.066794,0.047015,0.000824,0.567325,-0.095694,0.193255,0.015060,-0.038645,-0.002241,-0.059617,0.003638,1.735450,0.000000,0.000000,0.000000,0.599398,-0.074174,0.150000,0.000000,0.000000,0.000000,-0.036290,0.044366,0.020848,-0.066794,0.047015,0.000824,-0.032074,-0.021520,0.043255,0.060991,0.057990
12.252000,4.902000,-0.089445,0.046944,1.758116,-0.066894,0.046908,0.000823,0.574892,-0.089481,0.194135,0.002756,-0.047171,-0.002285,-0.059617,0.003638,1.735450,0.000000,0.000000,0.000000,0.599398,-0.074174,0.150000,0.000000,0.000000,0.000000,-0.029829,0.043306,0.022666,-0.066894,0.046908,0.000823,-0.024507,-0.015306,0.044135,0.057261,0.052752
12.262000,4.912000,-0.083424,0.046053,1.759783,-0.067116,0.046611,0.000823,0.580561,-0.082864,0.194547,-0.006342,-0.051590,-0.002374,-0.049378,0.002484,1.738000,0.000000,0.000000,0.000000,0.605108,-0.061545,0.150000,0.000000,0.000000,0.000000,-0.034046,0.043569,0.021783,-0.067116,0.046611,0.000823,-0.024547,-0.021319,0.044547,0.059429,0.055150
12.270000,4.920000,-0.077621,0.045281,1.761376,-0.067484,0.046163,0.000827,0.585197,-0.076035,0.194618,-0.027529,-0.062292,-0.002487,-0.049378,0.002484,1.738000,0.000000,0.000000,0.000000,0.605108,-0.061545,0.150000,0.000000,0.000000,0.000000,-0.028243,0.042797,0.023376,-0.067484,0.046163,0.000827,-0.019911,-0.014490,0.044618,0.056353,0.050963
12.283000,4.933000,-0.071908,0.044603,1.762934,-0.067753,0.045506,0.000843,0.589286,-0.069079,0.194583,-0.019311,-0.078833,-0.002417,-0.037211,0.001404,1.741000,0.000000,0.000000,0.000000,0.611482,-0.046477,0.150000,0.000000,0.000000,0.000000,-0.034697,0.043200,0.021934,-0.067753,0.045506,0.000843,-0.022196,-0.022602,0.044583,0.059592,0.054691
12.290000,4.940000,-0.066015,0.043912,1.764879,-0.068501,0.045069,0.000853,0.593796,-0.062361,0.195116,-0.021808,-0.075458,-0.002582,-0.037211,0.001404,1.741000,0.000000,0.000000,0.000000,0.611482,-0.046477,0.150000,0.000000,0.000000,0.000000,-0.028804,0.042509,0.023879,-0.068501,0.045069,0.000853,-0.017687,-0.015884,0.045116,0.056630,0.050996
12.300000,4.950000,-0.064158,0.043849,1.765096,-0.069404,0.043268,0.000870,0.583607,-0.053633,0.190616,-0.038681,-0.087175,-0.002633,-0.024304,0.000596,1.744150,0.000000,0.000000,0.000000,0.617770,-0.030421,0.150000,0.000000,0.000000,0.000000,-0.039855,0.043253,0.020946,-0.069404,0.043268,0.000870,-0.034164,-0.023212,0.040616,0.062434,0.057927
12.310000,4.960000,-0.059740,0.043500,1.766224,-0.070313,0.042087,0.000900,0.582831,-0.046170,0.188736,-0.054452,-0.098893,-0.002498,-0.024304,0.000596,1.744150,0.000000,0.000000,0.000000,0.617770,-0.030421,0.150000,0.000000,0.000000,0.000000,-0.035436,0.042904,0.022074,-0.070313,0.042087,0.000900,-0.034940,-0.015749,0.038736,0.059865,0.054491
12.322000,4.972000,-0.052786,0.042985,1.767943,-0.071278,0.041404,0.000949,0.591188,-0.039430,0.189755,-0.050527,-0.099104,-0.002283,-0.012515,0.000157,1.747000,0.000000,0.000000,0.000000,0.623095,-0.015695,0.150000,0.000000,0.000000,0.000000,-0.040271,0.042828,0.020943,-0.071278,0.041404,0.000949,-0.031906,-0.023735,0.039755,0.062407,0.056230
12.330000,4.980000,-0.046874,0.042591,1.769840,-0.071781,0.040414,0.000997,0.595319,-0.032314,0.191265,-0.001528,-0.093279,-0.002204,-0.012515,0.000157,1.747000,0.000000,0.000000,0.000000,0.623095,-0.015695,0.150000,0.000000,0.000000,0.000000,-0.034359,0.042434,0.022840,-0.071781,0.040414,0.000997,-0.027776,-0.016619,0.041265,0.059185,0.052445
12.344000,4.994000,-0.040791,0.042312,1.771126,-0.073336,0.039040,0.001066,0.599862,-0.025017,0.190942,-0.055232,-0.121028,-0.002221,0.000000,0.000000,1.750000,0.000000,0.000000,0.000000,0.628319,0.000000,0.150000,0.000000,0.000000,0.000000,-0.040791,0.042312,0.021126,-0.073336,0.039040,0.001066,-0.028457,-0.025017,0.040942,0.062454,0.055784
12.350000,5.000000,-0.034793,0.042061,1.773035,-0.073885,0.037832,0.001132,0.603737,-0.017729,0.191977,-0.027356,-0.121299,-0.002281,0.000000,0.000000,1.750000,0.000000,0.000000,0.000000,0.628319,0.000000,0.150000,0.000000,0.000000,0.000000,-0.034793,0.042061,0.023035,-0.073885,0.037832,0.001132,-0.024582,-0.017729,0.041977,0.059248,0.051775
12.363000,5.013000,-0.029010,0.041954,1.774213,-0.075177,0.036459,0.001203,0.606624,-0.010172,0.190850,-0.067090,-0.129513,-0.002527,0.013249,0.000175,1.753150,0.000000,0.000000,0.000000,0.633376,0.016683,0.150000,0.000000,0.000000,0.000000,-0.042259,0.041779,0.021063,-0.075177,0.036459,0.001203,-0.026752,-0.026856,0.040850,0.063047,0.055728
12.370000,5.020000,-0.021621,0.041856,1.776200,-0.076111,0.035550,0.001275,0.615048,-0.002720,0.191974,-0.050165,-0.119567,-0.002712,0.013249,0.000175,1.753150,0.000000,0.000000,0.000000,0.633376,0.016683,0.150000,0.000000,0.000000,0.000000,-0.034869,0.041681,0.023050,-0.076111,0.035550,0.001275,-0.018329,-0.019403,0.041974,0.059030,0.049742
12.380000,5.030000,-0.015470,0.041829,1.778120,-0.076610,0.034355,0.001339,0.618569,0.004834,0.192866,-0.007355,-0.110401,-0.002831,0.026599,0.000702,1.756300,0.000000,0.000000,0.000000,0.637990,0.033564,0.150000,0.000000,0.000000,0.000000,-0.042069,0.041127,0.021820,-0.076610,0.034355,0.001339,-0.019421,-0.028730,0.042866,0.062748,0.055137
12.390000,5.040000,-0.012503,0.041943,1.778646,-0.077959,0.032146,0.001408,0.610397,0.012636,0.189263,-0.044595,-0.123448,-0.002861,0.026599,0.000702,1.756300,0.000000,0.000000,0.000000,0.637990,0.033564,0.150000,0.000000,0.000000,0.000000,-0.039102,0.041240,0.022346,-0.077959,0.032146,0.001408,-0.027593,-0.020928,0.039263,0.061066,0.052353
12.400000,5.050000,-0.007558,0.042087,1.779872,-0.078845,0.030662,0.001472,0.609455,0.020359,0.187794,-0.040804,-0.119059,-0.003016,0.038115,0.001438,1.759000,0.000000,0.000000,0.000000,0.641584,0.048181,0.150000,0.000000,0.000000,0.000000,-0.045673,0.040650,0.020872,-0.078845,0.030662,0.001472,-0.032129,-0.027823,0.037794,0.064607,0.056875
12.412000,5.062000,-0.000101,0.042366,1.781664,-0.079634,0.029984,0.001530,0.617537,0.028413,0.188882,-0.021604,-0.095888,-0.003177,0.038115,0.001438,1.759000,0.000000,0.000000,0.000000,0.641584,0.048181,0.150000,0.000000,0.000000,0.000000,-0.038216,0.040928,0.022664,-0.079634,0.029984,0.001530,-0.024048,-0.019768,0.038882,0.060409,0.049808
12.420000,5.070000,0.006075,0.042650,1.783553,-0.079849,0.029026,0.001575,0.620517,0.036353,0.190220,0.035036,-0.078684,-0.003299,0.050984,0.002565,1.762000,0.000000,0.000000,0.000000,0.645185,0.064573,0.150000,0.000000,0.000000,0.000000,-0.044909,0.040085,0.021553,-0.079849,0.029026,0.001575,-0.024668,-0.028220,0.040220,0.063939,0.054977
12.430000,5.080000,0.012463,0.043081,1.784895,-0.080906,0.028009,0.001623,0.624143,0.044521,0.189917,-0.007408,-0.093534,-0.003398,0.050984,0.002565,1.762000,0.000000,0.000000,0.000000,0.645185,0.064573,0.150000,0.000000,0.000000,0.000000,-0.038520,0.040516,0.022895,-0.080906,0.028009,0.001623,-0.021041,-0.020052,0.039917,0.060411,0.049378
12.440000,5.090000,0.020134,0.043655,1.786911,-0.081353,0.027578,0.001657,0.632153,0.053017,0.191588,0.011979,-0.079192,-0.003621,0.063920,0.004022,1.765000,0.000000,0.000000,0.000000,0.648365,0.081113,0.150000,0.000000,0.000000,0.000000,-0.043786,0.039633,0.021911,-0.081353,0.027578,0.001657,-0.016212,-0.028096,0.041588,0.062993,0.052743
12.450000,5.100000,0.026456,0.044185,1.788827,-0.081233,0.026785,0.001686,0.634886,0.061113,0.192730,0.059724,-0.074068,-0.003724,0.063920,0.004022,1.765000,0.000000,0.000000,0.000000,0.648365,0.081113,0.150000,0.000000,0.000000,0.000000,-0.037464,0.040163,0.023827,-0.081233,0.026785,0.001686,-0.013479,-0.020000,0.042730,0.059870,0.049067
12.460000,5.110000,0.029539,0.044577,1.789391,-0.081694,0.025159,0.001709,0.625824,0.068393,0.189911,0.032466,-0.068658,-0.003782,0.077567,0.005909,1.768150,0.000000,0.000000,0.000000,0.651246,0.098627,0.150000,0.000000,0.000000,0.000000,-0.048028,0.038668,0.021241,-0.081694,0.025159,0.001709,-0.025422,-0.030234,0.039911,0.065216,0.056154
12.471000,5.121000,0.036488,0.045393,1.791006,-0.081692,0.024772,0.001723,0.630929,0.076873,0.189998,0.039574,-0.067061,-0.003891,0.077567,0.005909,1.768150,0.000000,0.000000,0.000000,0.651246,0.098627,0.150000,0.000000,0.000000,0.000000,-0.041079,0.039484,0.022856,-0.081692,0.024772,0.001723,-0.020316,-0.021754,0.039998,0.061391,0.049859
12.480000,5.130000,0.044337,0.046375,1.793057,-0.081569,0.024614,0.001732,0.639023,0.085703,0.191359,0.054352,-0.063405,-0.004103,0.090615,0.008049,1.771150,0.000000,0.000000,0.000000,0.653549,0.115436,0.150000,0.000000,0.000000,0.000000,-0.046279,0.038326,0.021907,-0.081569,0.024614,0.001732,-0.014525,-0.029733,0.041359,0.063957,0.052968
12.493000,5.143000,0.051466,0.047374,1.794872,-0.081399,0.024213,0.001740,0.644177,0.094277,0.192191,0.047570,-0.066438,-0.004316,0.090615,0.008049,1.771150,0.000000,0.000000,0.000000,0.653549,0.115436,0.150000,0.000000,0.000000,0.000000,-0.039150,0.039326,0.023722,-0.081399,0.024213,0.001740,-0.009371,-0.021159,0.042191,0.060348,0.048121
12.500000,5.150000,0.057907,0.048317,1.796794,-0.080923,0.023547,0.001751,0.646574,0.102376,0.193317,0.074672,-0.070160,-0.004345,0.103706,0.010527,1.774150,0.000000,0.000000,0.000000,0.655416,0.132360,0.150000,0.000000,0.000000,0.000000,-0.045798,0.037791,0.022644,-0.080923,0.023547,0.001751,-0.008842,-0.029984,0.043317,0.063548,0.053419
12.510000,5.160000,0.060463,0.048838,1.797208,-0.080893,0.021836,0.001757,0.634871,0.108561,0.189597,0.041241,-0.079292,-0.004481,0.103706,0.010527,1.774150,0.000000,0.000000,0.000000,0.655416,0.132360,0.150000,0.000000,0.000000,0.000000,-0.043243,0.038311,0.023058,-0.080893,0.021836,0.001757,-0.020545,-0.023799,0.039597,0.062204,0.050561
12.520000,5.170000,0.067282,0.050068,1.798765,-0.080854,0.021286,0.001768,0.638851,0.117002,0.189307,0.030184,-0.089263,-0.004776,0.116829,0.013344,1.777150,0.000000,0.000000,0.000000,0.656845,0.149387,0.150000,0.000000,0.000000,0.000000,-0.049547,0.036724,0.021615,-0.080854,0.021286,0.001768,-0.017994,-0.032385,0.039307,0.065351,0.054015
12.530000,5.180000,0.073671,0.051238,1.800658,-0.080551,0.020392,0.001793,0.640956,0.125048,0.190451,0.052608,-0.088910,-0.004678,0.116829,0.013344,1.777150,0.000000,0.000000,0.000000,0.656845,0.149387,0.150000,0.000000,0.000000,0.000000,-0.043158,0.037894,0.023508,-0.080551,0.020392,0.001793,-0.015888,-0.024340,0.040451,0.062058,0.049811
12.540000,5.190000,0.078032,0.052146,1.801588,-0.080818,0.018921,0.001815,0.635654,0.131814,0.188758,0.015421,-0.091611,-0.004882,0.129319,0.016337,1.780000,0.000000,0.000000,0.000000,0.657791,0.165648,0.150000,0.000000,0.000000,0.000000,-0.051286,0.035809,0.021588,-0.080818,0.018921,0.001815,-0.022137,-0.033834,0.038758,0.066171,0.056009
12.552000,5.202000,0.085572,0.053741,1.803335,-0.081094,0.018326,0.001845,0.641931,0.140771,0.189300,-0.003262,-0.099460,-0.004806,0.129319,0.016337,1.780000,0.000000,0.000000,0.000000,0.657791,0.165648,0.150000,0.000000,0.000000,0.000000,-0.043746,0.037404,0.023335,-0.081094,0.018326,0.001845,-0.015860,-0.024877,0.039300,0.062107,0.049142
12.560000,5.210000,0.091992,0.055148,1.805228,-0.081470,0.017255,0.001884,0.643737,0.148828,0.190255,-0.018431,-0.106083,-0.004670,0.142481,0.019822,1.783000,0.000000,0.000000,0.000000,0.658351,0.182844,0.150000,0.000000,0.000000,0.000000,-0.050489,0.035327,0.022228,-0.081470,0.017255,0.001884,-0.014614,-0.034016,0.040255,0.065507,0.054691
12.570000,5.220000,0.096565,0.056249,1.806210,-0.081888,0.015646,0.001928,0.638781,0.155500,0.188700,-0.009975,-0.107190,-0.004499,0.142481,0.019822,1.783000,0.000000,0.000000,0.000000,0.658351,0.182844,0.150000,0.000000,0.000000,0.000000,-0.045916,0.036427,0.023210,-0.081888,0.015646,0.001928,-0.019571,-0.027344,0.038700,0.063039,0.051268
12.580000,5.230000,0.104232,0.058139,1.807982,-0.082742,0.014891,0.001979,0.645075,0.164826,0.189489,-0.030442,-0.113255,-0.004473,0.155650,0.023651,1.786000,0.000000,0.000000,0.000000,0.658461,0.200109,0.150000,0.000000,0.000000,0.000000,-0.051418,0.034488,0.021982,-0.082742,0.014891,0.001979,-0.013386,-0.035283,0.039489,0.065699,0.054621
12.591000,5.241000,0.112378,0.060236,1.810068,-0.083665,0.014179,0.002033,0.652748,0.174697,0.191263,-0.032737,-0.108509,-0.004710,0.155650,0.023651,1.786000,0.000000,0.000000,0.000000,0.658461,0.200109,0.150000,0.000000,0.000000,0.000000,-0.043271,0.036585,0.024068,-0.083665,0.014179,0.002033,-0.005714,-0.025412,0.041263,0.061564,0.048796
12.600000,5.250000,0.118906,0.061983,1.811981,-0.083992,0.013094,0.002077,0.654144,0.183027,0.192469,0.012258,-0.096324,-0.004733,0.168816,0.027826,1.789000,0.000000,0.000000,0.000000,0.658118,0.217431,0.150000,0.000000,0.000000,0.000000,-0.049911,0.034157,0.022981,-0.083992,0.013094,0.002077,-0.003974,-0.034404,0.042469,0.064698,0.054800
12.610000,5.260000,0.122260,0.063003,1.812609,-0.085019,0.010919,0.002128,0.643982,0.188451,0.189410,-0.015095,-0.115439,-0.004858,0.168816,0.027826,1.789000,0.000000,0.000000,0.000000,0.658118,0.217431,0.150000,0.000000,0.000000,0.000000,-0.046557,0.035177,0.023609,-0.085019,0.010919,0.002128,-0.014136,-0.028980,0.039410,0.062947,0.050920
12.620000,5.270000,0.127542,0.064588,1.813880,-0.085718,0.009482,0.002177,0.640957,0.195773,0.188307,-0.010490,-0.112907,-0.004926,0.181971,0.032349,1.792000,0.000000,0.000000,0.000000,0.657318,0.234799,0.150000,0.000000,0.000000,0.000000,-0.054430,0.032239,0.021880,-0.085718,0.009482,0.002177,-0.016362,-0.039026,0.038307,0.066938,0.057081
12.630000,5.280000,0.133365,0.066388,1.815315,-0.086333,0.008230,0.002227,0.639858,0.203701,0.188015,-0.007773,-0.099766,-0.004827,0.181971,0.032349,1.792000,0.000000,0.000000,0.000000,0.657318,0.234799,0.150000,0.000000,0.000000,0.000000,-0.048607,0.034039,0.023315,-0.086333,0.008230,0.002227,-0.017460,-0.031098,0.038015,0.063756,0.052126
12.640000,5.290000,0.141537,0.069004,1.817241,-0.086999,0.007695,0.002278,0.647235,0.214337,0.189163,0.005714,-0.096961,-0.004702,0.195106,0.037218,1.795000,0.000000,0.000000,0.000000,0.656060,0.252200,0.150000,0.000000,0.000000,0.000000,-0.053569,0.031785,0.022241,-0.086999,0.007695,0.002278,-0.008825,-0.037863,0.039163,0.066140,0.055184
12.650000,5.300000,0.148010,0.071147,1.819132,-0.087374,0.006615,0.002325,0.647982,0.223006,0.190398,0.019735,-0.093411,-0.004682,0.195106,0.037218,1.795000,0.000000,0.000000,0.000000,0.656060,0.252200,0.150000,0.000000,0.000000,0.000000,-0.047096,0.033929,0.024132,-0.087374,0.006615,0.002325,-0.008078,-0.029194,0.040398,0.062862,0.050493
12.660000,5.310000,0.152793,0.072836,1.820174,-0.087417,0.005161,0.002368,0.642569,0.229718,0.189114,0.035299,-0.087890,-0.004625,0.195106,0.037218,1.795000,0.000000,0.000000,0.000000,0.656060,0.252200,0.150000,0.000000,0.000000,0.000000,-0.042313,0.035617,0.025174,-0.087417,0.005161,0.002368,-0.013491,-0.022482,0.039114,0.060768,0.047089
12.670000,5.320000,0.158518,0.074905,1.821572,-0.087394,0.004058,0.002407,0.640625,0.237529,0.188448,0.044025,-0.090086,-0.004677,0.208211,0.042437,1.798000,0.000000,0.000000,0.000000,0.654341,0.269622,0.150000,0.000000,0.000000,0.000000,-0.049693,0.032468,0.023572,-0.087394,0.004058,0.002407,-0.013716,-0.032093,0.038448,0.063868,0.051927
12.683000,5.333000,0.166648,0.077934,1.823484,-0.087405,0.003740,0.002439,0.647414,0.248484,0.189305,0.062185,-0.084502,-0.004793,0.208211,0.042437,1.798000,0.000000,0.000000,0.000000,0.654341,0.269622,0.150000,0.000000,0.000000,0.000000,-0.041562,0.035497,0.025484,-0.087405,0.003740,0.002439,-0.006927,-0.021138,0.039305,0.060307,0.045163
12.690000,5.340000,0.173123,0.080419,1.825377,-0.086783,0.002894,0.002465,0.647765,0.257179,0.190423,0.096452,-0.074429,-0.005025,0.221277,0.048003,1.801000,0.000000,0.000000,0.000000,0.652159,0.287054,0.150000,0.000000,0.000000,0.000000,-0.048154,0.032415,0.024377,-0.086783,0.002894,0.002465,-0.004394,-0.029875,0.040423,0.062959,0.050456
12.703000,5.353000,0.179865,0.083148,1.826780,-0.086786,0.002103,0.002494,0.649119,0.266330,0.190077,0.067308,-0.077391,-0.005043,0.234294,0.053919,1.804000,0.000000,0.000000,0.000000,0.649513,0.304482,0.150000,0.000000,0.000000,0.000000,-0.054429,0.029230,0.022780,-0.086786,0.002103,0.002494,-0.000394,-0.038152,0.040077,0.065847,0.055335
12.710000,5.360000,0.187841,0.086447,1.828814,-0.086614,0.001673,0.002517,0.654754,0.277190,0.191192,0.048927,-0.088514,-0.005311,0.234294,0.053919,1.804000,0.000000,0.000000,0.000000,0.649513,0.304482,0.150000,0.000000,0.000000,0.000000,-0.046453,0.032528,0.024814,-0.086614,0.001673,0.002517,0.005241,-0.027292,0.041192,0.061901,0.049690
12.721000,5.371000,0.195053,0.089547,1.830616,-0.086457,0.000963,0.002541,0.657347,0.286911,0.191595,0.036852,-0.093366,-0.005749,0.234294,0.053919,1.804000,0.000000,0.000000,0.000000,0.649513,0.304482,0.150000,0.000000,0.000000,0.000000,-0.039241,0.035628,0.026616,-0.086457,0.000963,0.002541,0.007834,-0.017571,0.041595,0.059310,0.045829
12.730000,5.380000,0.201626,0.092416,1.832532,-0.086089,0.000028,0.002564,0.657421,0.295461,0.192142,0.073573,-0.097845,-0.005892,0.249192,0.061152,1.807450,0.000000,0.000000,0.000000,0.645894,0.324505,0.150000,0.000000,0.000000,0.000000,-0.047566,0.031264,0.025082,-0.086089,0.000028,0.002564,0.011527,-0.029044,0.042142,0.062202,0.052463
12.740000,5.390000,0.204128,0.093668,1.832936,-0.085848,-0.002069,0.002589,0.642805,0.297842,0.188281,0.046456,-0.102950,-0.006072,0.260147,0.066794,1.810000,0.000000,0.000000,0.000000,0.642823,0.339280,0.150000,0.000000,0.000000,0.000000,-0.056019,0.026874,0.022936,-0.085848,-0.002069,0.002589,-0.000019,-0.041438,0.038281,0.066230,0.056414
12.751000,5.401000,0.210974,0.096914,1.834490,-0.085997,-0.003013,0.002625,0.644227,0.307215,0.187696,0.019704,-0.118384,-0.006131,0.260147,0.066794,1.810000,0.000000,0.000000,0.000000,0.642823,0.339280,0.150000,0.000000,0.000000,0.000000,-0.049173,0.030119,0.024490,-0.085997,-0.003013,0.002625,0.001404,-0.032064,0.037696,0.062649,0.049508
12.760000,5.410000,0.217416,0.099986,1.836367,-0.085800,-0.004198,0.002665,0.643907,0.315704,0.188066,0.043943,-0.123710,-0.006158,0.272964,0.073754,1.813000,0.000000,0.000000,0.000000,0.638778,0.356624,0.150000,0.000000,0.000000,0.000000,-0.055548,0.026232,0.023367,-0.085800,-0.004198,0.002665,0.005128,-0.040920,0.038066,0.065725,0.056123
12.783000,5.433000,0.229452,0.106000,1.839166,-0.087248,-0.004238,0.002728,0.663650,0.334559,0.191793,0.018939,-0.137073,-0.006646,0.285695,0.081059,1.816000,0.000000,0.000000,0.000000,0.634266,0.373915,0.150000,0.000000,0.000000,0.000000,-0.056243,0.024941,0.023166,-0.087248,-0.004238,0.002728,0.029384,-0.039356,0.041793,0.065742,0.064490
12.790000,5.440000,0.236089,0.109346,1.841084,-0.087058,-0.005609,0.002781,0.663203,0.343268,0.193275,0.049360,-0.127604,-0.006648,0.285695,0.081059,1.816000,0.000000,0.000000,0.000000,0.634266,0.373915,0.150000,0.000000,0.000000,0.000000,-0.049606,0.028287,0.025084,-0.087058,-0.005609,0.002781,0.028936,-0.030647,0.043275,0.062371,0.060409
12.800000,5.450000,0.240427,0.111749,1.841922,-0.087455,-0.007922,0.002846,0.654363,0.348266,0.191589,0.003682,-0.142154,-0.006754,0.298331,0.088710,1.819000,0.000000,0.000000,0.000000,0.629287,0.391141,0.150000,0.000000,0.000000,0.000000,-0.057904,0.023040,0.022922,-0.087455,-0.007922,0.002846,0.025076,-0.042876,0.041589,0.066401,0.064782
12.811000,5.461000,0.248033,0.115967,1.843687,-0.087997,-0.009215,0.002919,0.657339,0.359460,0.191430,0.032983,-0.145405,-0.006677,0.298331,0.088710,1.819000,0.000000,0.000000,0.000000,0.629287,0.391141,0.150000,0.000000,0.000000,0.000000,-0.050298,0.027257,0.024687,-0.087997,-0.009215,0.002919,0.028051,-0.031681,0.041430,0.062308,0.059220
12.821000,5.471000,0.256109,0.120498,1.845765,-0.088501,-0.010391,0.002994,0.661817,0.371505,0.192181,0.042947,-0.147043,-0.006606,0.310863,0.096704,1.822000,0.000000,0.000000,0.000000,0.623842,0.408289,0.150000,0.000000,0.000000,0.000000,-0.054754,0.023793,0.023765,-0.088501,-0.010391,0.002994,0.037975,-0.036784,0.042181,0.064257,0.067634
12.830000,5.480000,0.263306,0.124684,1.847583,-0.088737,-0.011856,0.003071,0.662802,0.381918,0.192334,0.041508,-0.151104,-0.006615,0.310863,0.096704,1.822000,0.000000,0.000000,0.000000,0.623842,0.408289,0.150000,0.000000,0.000000,0.000000,-0.047557,0.027980,0.025583,-0.088737,-0.011856,0.003071,0.038960,-0.026371,0.042334,0.060820,0.063289
12.841000,5.491000,0.269934,0.128669,1.849250,-0.088731,-0.013510,0.003151,0.661531,0.391236,0.192041,0.055422,-0.153345,-0.006589,0.323282,0.105041,1.825000,0.000000,0.000000,0.000000,0.617931,0.425346,0.150000,0.000000,0.000000,0.000000,-0.053348,0.023628,0.024250,-0.088731,-0.013510,0.003151,0.043600,-0.034111,0.042041,0.063185,0.069512
12.852000,5.502000,0.276253,0.132585,1.850840,-0.088528,-0.015281,0.003233,0.659020,0.399934,0.191260,0.075202,-0.160000,-0.006661,0.323282,0.105041,1.825000,0.000000,0.000000,0.000000,0.617931,0.425346,0.150000,0.000000,0.000000,0.000000,-0.047029,0.027544,0.025840,-0.088528,-0.015281,0.003233,0.041089,-0.025412,0.041260,0.060317,0.063534
12.860000,5.510000,0.282403,0.136505,1.852386,-0.087720,-0.017045,0.003310,0.655816,0.408306,0.190372,0.130015,-0.156370,-0.006774,0.335578,0.113717,1.828000,0.000000,0.000000,0.000000,0.611555,0.442300,0.150000,0.000000,0.000000,0.000000,-0.053174,0.022787,0.024386,-0.087720,-0.017045,0.003310,0.044261,-0.033994,0.040372,0.062781,0.068881
12.870000,5.520000,0.288455,0.140466,1.853905,-0.087707,-0.019040,0.003402,0.652190,0.416500,0.189532,0.085870,-0.163784,-0.006677,0.335578,0.113717,1.828000,0.000000,0.000000,0.000000,0.611555,0.442300,0.150000,0.000000,0.000000,0.000000,-0.047123,0.026748,0.025905,-0.087707,-0.019040,0.003402,0.040635,-0.025801,0.039532,0.060059,0.062287
12.882000,5.532000,0.294443,0.144487,1.855408,-0.087001,-0.021033,0.003498,0.648279,0.424558,0.188669,0.106715,-0.171042,-0.006568,0.347741,0.122732,1.831000,0.000000,0.000000,0.000000,0.604717,0.459138,0.150000,0.000000,0.000000,0.000000,-0.053298,0.021755,0.024408,-0.087001,-0.021033,0.003498,0.043562,-0.034580,0.038669,0.062528,0.067740
12.890000,5.540000,0.300383,0.148576,1.856898,-0.086200,-0.023070,0.003598,0.644140,0.432522,0.188014,0.112051,-0.169822,-0.006570,0.347741,0.122732,1.831000,0.000000,0.000000,0.000000,0.604717,0.459138,0.150000,0.000000,0.000000,0.000000,-0.047358,0.025844,0.025898,-0.086200,-0.023070,0.003598,0.039423,-0.026616,0.038014,0.059845,0.060891
12.901000,5.551000,0.306283,0.152738,1.858381,-0.085335,-0.025119,0.003698,0.639807,0.440381,0.187358,0.118372,-0.171272,-0.006522,0.359763,0.132082,1.834000,0.000000,0.000000,0.000000,0.597417,0.475847,0.150000,0.000000,0.000000,0.000000,-0.053480,0.020656,0.024381,-0.085335,-0.025119,0.003698,0.042390,-0.035467,0.037358,0.062300,0.066711
12.911000,5.561000,0.312681,0.157142,1.860254,-0.084153,-0.026831,0.003779,0.637284,0.448824,0.188069,0.141563,-0.149662,-0.006931,0.359763,0.132082,1.834000,0.000000,0.000000,0.000000,0.597417,0.475847,0.150000,0.000000,0.000000,0.000000,-0.047082,0.025060,0.026254,-0.084153,-0.026831,0.003779,0.039867,-0.027023,0.038069,0.059448,0.061391
12.921000,5.571000,0.315493,0.159551,1.860647,-0.083058,-0.029859,0.003878,0.621754,0.449630,0.184464,0.104244,-0.161756,-0.006589,0.372813,0.142751,1.837300,0.000000,0.000000,0.000000,0.588857,0.494064,0.150000,0.000000,0.000000,0.000000,-0.057320,0.016799,0.023347,-0.083058,-0.029859,0.003878,0.032898,-0.044434,0.034464,0.064132,0.065149
12.930000,5.580000,0.321710,0.164047,1.862491,-0.082018,-0.031477,0.003947,0.618763,0.457839,0.185111,0.111113,-0.143081,-0.007026,0.372813,0.142751,1.837300,0.000000,0.000000,0.000000,0.588857,0.494064,0.150000,0.000000,0.000000,0.000000,-0.051103,0.021296,0.025191,-0.082018,-0.031477,0.003947,0.029906,-0.036225,0.035111,0.060825,0.058646
12.943000,5.593000,0.326488,0.167924,1.863438,-0.081439,-0.033741,0.004032,0.610565,0.463406,0.183128,0.069588,-0.154730,-0.006833,0.383346,0.151778,1.840000,0.000000,0.000000,0.000000,0.581442,0.508830,0.150000,0.000000,0.000000,0.000000,-0.056859,0.016146,0.023438,-0.081439,-0.033741,0.004032,0.029123,-0.045425,0.033128,0.063584,0.063316
12.953000,5.603000,0.333630,0.173488,1.865312,-0.081354,-0.035093,0.004101,0.610968,0.474817,0.183899,0.043311,-0.145823,-0.007243,0.383346,0.151778,1.840000,0.000000,0.000000,0.000000,0.581442,0.508830,0.150000,0.000000,0.000000,0.000000,-0.049716,0.021710,0.025312,-0.081354,-0.035093,0.004101,0.029526,-0.034014,0.033899,0.059865,0.056373
12.960000,5.610000,0.340088,0.178673,1.866985,-0.081033,-0.036453,0.004149,0.608705,0.484465,0.184607,0.051742,-0.116698,-0.007795,0.394889,0.162117,1.843000,0.000000,0.000000,0.000000,0.572773,0.525079,0.150000,0.000000,0.000000,0.000000,-0.054801,0.016556,0.023985,-0.081033,-0.036453,0.004149,0.035932,-0.040614,0.034607,0.062069,0.064329
12.970000,5.620000,0.346175,0.183518,1.868831,-0.081128,-0.038204,0.004207,0.605011,0.492548,0.185936,0.053834,-0.119805,-0.007719,0.394889,0.162117,1.843000,0.000000,0.000000,0.000000,0.572773,0.525079,0.150000,0.000000,0.000000,0.000000,-0.048714,0.021401,0.025831,-0.081128,-0.038204,0.004207,0.032238,-0.032531,0.035936,0.059147,0.058215
12.980000,5.630000,0.348201,0.185458,1.869177,-0.080399,-0.040759,0.004245,0.586709,0.489855,0.182867,0.036402,-0.107376,-0.008200,0.406254,0.172780,1.846000,0.000000,0.000000,0.000000,0.563653,0.541149,0.150000,0.000000,0.000000,0.000000,-0.058053,0.012678,0.023177,-0.080399,-0.040759,0.004245,0.023056,-0.051294,0.032867,0.063782,0.065137
12.991000,5.641000,0.354216,0.190723,1.870642,-0.080766,-0.041840,0.004256,0.583304,0.499180,0.182760,0.020608,-0.093004,-0.009153,0.406254,0.172780,1.846000,0.000000,0.000000,0.000000,0.563653,0.541149,0.150000,0.000000,0.000000,0.000000,-0.052039,0.017944,0.024642,-0.080766,-0.041840,0.004256,0.019651,-0.041969,0.032760,0.060309,0.056751
13.000000,5.650000,0.360049,0.195715,1.872469,-0.080559,-0.042775,0.004240,0.579109,0.507179,0.183707,0.060341,-0.066452,-0.009700,0.406254,0.172780,1.846000,0.000000,0.000000,0.000000,0.563653,0.541149,0.150000,0.000000,0.000000,0.000000,-0.046206,0.022936,0.026469,-0.080559,-0.042775,0.004240,0.015456,-0.033970,0.033707,0.057980,0.050289
13.011000,5.661000,0.365406,0.200695,1.873661,-0.081154,-0.043839,0.004218,0.573374,0.514947,0.183366,0.028854,-0.059945,-0.009827,0.418540,0.184877,1.849300,0.000000,0.000000,0.000000,0.553105,0.558605,0.150000,0.000000,0.000000,0.000000,-0.053133,0.015818,0.024361,-0.081154,-0.043839,0.004218,0.020269,-0.043657,0.033366,0.060554,0.058567
13.020000,5.670000,0.371140,0.205844,1.875494,-0.080863,-0.044445,0.004169,0.568955,0.523032,0.184903,0.075943,-0.029795,-0.010040,0.428959,0.195632,1.852150,0.000000,0.000000,0.000000,0.543564,0.573482,0.150000,0.000000,0.000000,0.000000,-0.057818,0.010212,0.023344,-0.080863,-0.044445,0.004169,0.025390,-0.050449,0.034903,0.063184,0.066393
13.030000,5.680000,0.374674,0.209304,1.876329,-0.080870,-0.045898,0.004123,0.556780,0.524707,0.182948,0.027254,-0.056261,-0.010034,0.428959,0.195632,1.852150,0.000000,0.000000,0.000000,0.543564,0.573482,0.150000,0.000000,0.000000,0.000000,-0.054285,0.013671,0.024179,-0.080870,-0.045898,0.004123,0.013216,-0.048775,0.032948,0.060978,0.060326
13.040000,5.690000,0.379356,0.213849,1.877606,-0.080650,-0.046601,0.004061,0.549094,0.530211,0.182333,0.039174,-0.039996,-0.010350,0.439193,0.206668,1.855000,0.000000,0.000000,0.000000,0.533627,0.588163,0.150000,0.000000,0.000000,0.000000,-0.059837,0.007180,0.022606,-0.080650,-0.046601,0.004061,0.015467,-0.057952,0.032333,0.064366,0.068140
13.053000,5.703000,0.387228,0.221593,1.879799,-0.081191,-0.046286,0.003989,0.553147,0.547130,0.184964,0.061512,-0.017697,-0.010502,0.439193,0.206668,1.855000,0.000000,0.000000,0.000000,0.533627,0.588163,0.150000,0.000000,0.000000,0.000000,-0.051965,0.014925,0.024799,-0.081191,-0.046286,0.003989,0.019520,-0.041034,0.034964,0.059482,0.057334
13.060000,5.710000,0.392759,0.227065,1.881649,-0.080572,-0.046471,0.003899,0.548484,0.555220,0.186512,0.104939,0.006755,-0.010414,0.450279,0.219188,1.858150,0.000000,0.000000,0.000000,0.522189,0.604151,0.150000,0.000000,0.000000,0.000000,-0.057520,0.007876,0.023499,-0.080572,-0.046471,0.003899,0.026295,-0.048931,0.036512,0.062632,0.066474
13.072000,5.722000,0.397309,0.231982,1.882637,-0.080507,-0.047181,0.003819,0.540619,0.560990,0.185138,0.070153,-0.027092,-0.010264,0.450279,0.219188,1.858150,0.000000,0.000000,0.000000,0.522189,0.604151,0.150000,0.000000,0.000000,0.000000,-0.052971,0.012794,0.024487,-0.080507,-0.047181,0.003819,0.018431,-0.043161,0.035138,0.059743,0.058628
13.081000,5.731000,0.403732,0.238774,1.884565,-0.080408,-0.047151,0.003740,0.539681,0.573285,0.186533,0.084639,-0.025329,-0.010035,0.460099,0.230803,1.861000,0.000000,0.000000,0.000000,0.511431,0.618388,0.150000,0.000000,0.000000,0.000000,-0.056367,0.007972,0.023565,-0.080408,-0.047151,0.003740,0.028250,-0.045102,0.036533,0.061613,0.064551
13.091000,5.741000,0.409129,0.244507,1.886430,-0.079885,-0.047518,0.003668,0.534950,0.581271,0.187717,0.089241,-0.026645,-0.009749,0.460099,0.230803,1.861000,0.000000,0.000000,0.000000,0.511431,0.618388,0.150000,0.000000,0.000000,0.000000,-0.050971,0.013705,0.025430,-0.079885,-0.047518,0.003668,0.023519,-0.037116,0.037717,0.058588,0.057908
13.103000,5.753000,0.412754,0.248799,1.887231,-0.078857,-0.048334,0.003603,0.524145,0.583724,0.185779,0.096504,-0.032713,-0.009465,0.470211,0.243318,1.864000,0.000000,0.000000,0.000000,0.499694,0.633128,0.150000,0.000000,0.000000,0.000000,-0.057457,0.005481,0.023231,-0.078857,-0.048334,0.003603,0.024450,-0.049404,0.035779,0.062218,0.065717
13.110000,5.760000,0.417996,0.254637,1.889089,-0.077889,-0.048668,0.003534,0.519323,0.591513,0.186468,0.129878,-0.029787,-0.009170,0.470211,0.243318,1.864000,0.000000,0.000000,0.000000,0.499694,0.633128,0.150000,0.000000,0.000000,0.000000,-0.052216,0.011319,0.025089,-0.077889,-0.048668,0.003534,0.019629,-0.041615,0.036468,0.059026,0.058711
13.123000,5.773000,0.422372,0.259925,1.890188,-0.077367,-0.049478,0.003483,0.511704,0.597007,0.184930,0.103223,-0.051795,-0.009063,0.480572,0.256774,1.867150,0.000000,0.000000,0.000000,0.486920,0.648321,0.150000,0.000000,0.000000,0.000000,-0.058200,0.003151,0.023038,-0.077367,-0.049478,0.003483,0.024784,-0.051314,0.034930,0.062673,0.066839
13.133000,5.783000,0.428456,0.267147,1.892129,-0.076965,-0.049872,0.003449,0.510371,0.609231,0.186104,0.087254,-0.064162,-0.008691,0.480572,0.256774,1.867150,0.000000,0.000000,0.000000,0.486920,0.648321,0.150000,0.000000,0.000000,0.000000,-0.052116,0.010374,0.024979,-0.076965,-0.049872,0.003449,0.023451,-0.039090,0.036104,0.058717,0.058151
13.140000,5.790000,0.433559,0.273240,1.893990,-0.076090,-0.050518,0.003412,0.505388,0.616849,0.187012,0.096545,-0.057805,-0.008454,0.489710,0.269220,1.870000,0.000000,0.000000,0.000000,0.474970,0.661805,0.150000,0.000000,0.000000,0.000000,-0.056151,0.004019,0.023990,-0.076090,-0.050518,0.003412,0.030418,-0.044956,0.037012,0.061193,0.065698
13.150000,5.800000,0.435774,0.276206,1.894529,-0.074578,-0.052252,0.003390,0.490165,0.612849,0.184110,0.104683,-0.067878,-0.008405,0.489710,0.269220,1.870000,0.000000,0.000000,0.000000,0.474970,0.661805,0.150000,0.000000,0.000000,0.000000,-0.053936,0.006985,0.024529,-0.074578,-0.052252,0.003390,0.015195,-0.048957,0.034110,0.059662,0.061572
13.160000,5.810000,0.439640,0.281183,1.895747,-0.073641,-0.053442,0.003377,0.481321,0.616123,0.183266,0.099564,-0.077771,-0.008162,0.499081,0.282596,1.873000,0.000000,0.000000,0.000000,0.461995,0.675719,0.150000,0.000000,0.000000,0.000000,-0.059440,-0.001413,0.022747,-0.073641,-0.053442,0.003377,0.019326,-0.059596,0.033266,0.063660,0.070935
13.170000,5.820000,0.443923,0.286767,1.897138,-0.072892,-0.054552,0.003371,0.474175,0.621403,0.183210,0.081083,-0.067189,-0.008087,0.499081,0.282596,1.873000,0.000000,0.000000,0.000000,0.461995,0.675719,0.150000,0.000000,0.000000,0.000000,-0.055158,0.004171,0.024138,-0.072892,-0.054552,0.003371,0.012181,-0.054316,0.033210,0.060352,0.064819
13.183000,5.833000,0.449891,0.294705,1.899014,-0.072863,-0.055171,0.003375,0.473379,0.635019,0.184808,0.075608,-0.078143,-0.007787,0.508187,0.296247,1.876000,0.000000,0.000000,0.000000,0.448619,0.689334,0.150000,0.000000,0.000000,0.000000,-0.058296,-0.001542,0.023014,-0.072863,-0.055171,0.003375,0.024760,-0.054315,0.034808,0.062693,0.069099
13.191000,5.841000,0.455907,0.302858,1.901090,-0.072640,-0.055540,0.003356,0.472613,0.648883,0.186945,0.091252,-0.049956,-0.007726,0.508187,0.296247,1.876000,0.000000,0.000000,0.000000,0.448619,0.689334,0.150000,0.000000,0.000000,0.000000,-0.052280,0.006611,0.025090,-0.072640,-0.055540,0.003356,0.023994,-0.040451,0.036945,0.058364,0.059807
13.203000,5.853000,0.461218,0.310273,1.902922,-0.072680,-0.056542,0.003358,0.469220,0.659524,0.188300,0.062577,-0.067880,-0.007182,0.517891,0.311574,1.879300,0.000000,0.000000,0.000000,0.433452,0.703952,0.150000,0.000000,0.000000,0.000000,-0.056672,-0.001302,0.023622,-0.072680,-0.056542,0.003358,0.035768,-0.044429,0.038300,0.061412,0.068703
13.210000,5.860000,0.465911,0.316868,1.904805,-0.072053,-0.057224,0.003336,0.463583,0.666706,0.189099,0.089553,-0.053671,-0.007210,0.517891,0.311574,1.879300,0.000000,0.000000,0.000000,0.433452,0.703952,0.150000,0.000000,0.000000,0.000000,-0.051980,0.005294,0.025505,-0.072053,-0.057224,0.003336,0.030131,-0.037247,0.039099,0.058142,0.061838
13.220000,5.870000,0.467664,0.319670,1.905260,-0.070932,-0.059025,0.003336,0.447546,0.659923,0.185721,0.060591,-0.071442,-0.006671,0.525579,0.324351,1.882000,0.000000,0.000000,0.000000,0.420696,0.715623,0.150000,0.000000,0.000000,0.000000,-0.057914,-0.004680,0.023260,-0.070932,-0.059025,0.003336,0.026850,-0.055700,0.035721,0.062586,0.071410
13.232000,5.882000,0.471116,0.324907,1.906469,-0.070277,-0.060115,0.003336,0.438103,0.662038,0.184266,0.064510,-0.073121,-0.006452,0.525579,0.324351,1.882000,0.000000,0.000000,0.000000,0.420696,0.715623,0.150000,0.000000,0.000000,0.000000,-0.054463,0.000557,0.024469,-0.070277,-0.060115,0.003336,0.017408,-0.053586,0.034266,0.059710,0.065944
13.240000,5.890000,0.476344,0.332954,1.908268,-0.070435,-0.060653,0.003343,0.435427,0.674232,0.184566,0.066725,-0.076592,-0.006273,0.533848,0.338790,1.885000,0.000000,0.000000,0.000000,0.406162,0.728275,0.150000,0.000000,0.000000,0.000000,-0.057504,-0.005836,0.023268,-0.070435,-0.060653,0.003343,0.029265,-0.054043,0.034566,0.062307,0.070511
13.251000,5.901000,0.481816,0.341514,1.910330,-0.070623,-0.061235,0.003352,0.433519,0.687897,0.186431,0.065348,-0.062533,-0.006356,0.533848,0.338790,1.885000,0.000000,0.000000,0.000000,0.406162,0.728275,0.150000,0.000000,0.000000,0.000000,-0.052032,0.002724,0.025330,-0.070623,-0.061235,0.003352,0.027357,-0.040379,0.036431,0.057934,0.060877
13.261000,5.911000,0.486651,0.349317,1.912155,-0.070502,-0.061994,0.003359,0.429283,0.698289,0.187538,0.069027,-0.060587,-0.006364,0.541823,0.353479,1.888000,0.000000,0.000000,0.000000,0.391258,0.740584,0.150000,0.000000,0.000000,0.000000,-0.055172,-0.004163,0.024155,-0.070502,-0.061994,0.003359,0.038025,-0.042295,0.037538,0.060372,0.068146
13.270000,5.920000,0.491044,0.356627,1.913840,-0.070151,-0.062831,0.003364,0.423536,0.706453,0.187765,0.090770,-0.066881,-0.006422,0.541823,0.353479,1.888000,0.000000,0.000000,0.000000,0.391258,0.740584,0.150000,0.000000,0.000000,0.000000,-0.050779,0.003147,0.025840,-0.070151,-0.062831,0.003364,0.032278,-0.034131,0.037765,0.057062,0.060274
13.280000,5.930000,0.495279,0.363691,1.915718,-0.069242,-0.063502,0.003346,0.417276,0.713380,0.188550,0.134620,-0.046037,-0.006789,0.549496,0.368411,1.891000,0.000000,0.000000,0.000000,0.375991,0.752539,0.150000,0.000000,0.000000,0.000000,-0.054217,-0.004720,0.024718,-0.069242,-0.063502,0.003346,0.041285,-0.039159,0.038550,0.059772,0.068731
13.295000,5.945000,0.497486,0.367905,1.916332,-0.068204,-0.065041,0.003353,0.404032,0.709765,0.185372,0.105165,-0.065664,-0.006468,0.549496,0.368411,1.891000,0.000000,0.000000,0.000000,0.375991,0.752539,0.150000,0.000000,0.000000,0.000000,-0.052010,-0.000506,0.025332,-0.068204,-0.065041,0.003353,0.028041,-0.042774,0.035372,0.057853,0.062186
13.302000,5.952000,0.502117,0.376183,1.918227,-0.067700,-0.065675,0.003350,0.399798,0.720792,0.186008,0.127484,-0.063256,-0.006632,0.556860,0.383579,1.894000,0.000000,0.000000,0.000000,0.360370,0.764130,0.150000,0.000000,0.000000,0.000000,-0.054743,-0.007395,0.024227,-0.067700,-0.065675,0.003350,0.039428,-0.043338,0.036008,0.060320,0.068770
13.310000,5.960000,0.506115,0.383391,1.920087,-0.066424,-0.066310,0.003327,0.393272,0.727460,0.186571,0.143821,-0.055040,-0.006879,0.556860,0.383579,1.894000,0.000000,0.000000,0.000000,0.360370,0.764130,0.150000,0.000000,0.000000,0.000000,-0.050745,-0.000187,0.026087,-0.066424,-0.066310,0.003327,0.032902,-0.036670,0.036571,0.057058,0.061357
13.321000,5.971000,0.508642,0.388474,1.920874,-0.065076,-0.067684,0.003323,0.381779,0.726197,0.184003,0.117471,-0.080649,-0.007058,0.564596,0.400526,1.897300,0.000000,0.000000,0.000000,0.342787,0.776447,0.150000,0.000000,0.000000,0.000000,-0.055954,-0.012052,0.023574,-0.065076,-0.067684,0.003323,0.038991,-0.050250,0.034003,0.061902,0.072122
13.331000,5.981000,0.513084,0.397058,1.922780,-0.064431,-0.068470,0.003317,0.377397,0.737441,0.184820,0.117838,-0.080530,-0.007532,0.564596,0.400526,1.897300,0.000000,0.000000,0.000000,0.342787,0.776447,0.150000,0.000000,0.000000,0.000000,-0.051512,-0.003467,0.025480,-0.064431,-0.068470,0.003317,0.034610,-0.039006,0.034820,0.057574,0.062703
13.342000,5.992000,0.517074,0.405025,1.924499,-0.063607,-0.069441,0.003313,0.371448,0.745958,0.185064,0.114914,-0.086272,-0.007696,0.564596,0.400526,1.897300,0.000000,0.000000,0.000000,0.342787,0.776447,0.150000,0.000000,0.000000,0.000000,-0.047521,0.004500,0.027199,-0.063607,-0.069441,0.003313,0.028661,-0.030489,0.035064,0.054939,0.054594
13.350000,6.000000,0.520789,0.412485,1.926350,-0.062457,-0.070307,0.003291,0.364524,0.752244,0.186007,0.136312,-0.057728,-0.007730,0.570634,0.414590,1.900000,0.000000,0.000000,0.000000,0.328099,0.786178,0.150000,0.000000,0.000000,0.000000,-0.049845,-0.002105,0.026350,-0.062457,-0.070307,0.003291,0.036425,-0.033935,0.036007,0.056420,0.061440
13.360000,6.010000,0.521995,0.415345,1.926743,-0.060414,-0.072325,0.003286,0.348801,0.741683,0.182689,0.118474,-0.080792,-0.007612,0.570634,0.414590,1.900000,0.000000,0.000000,0.000000,0.328099,0.786178,0.150000,0.000000,0.000000,0.000000,-0.048639,0.000756,0.026743,-0.060414,-0.072325,0.003286,0.020702,-0.044495,0.032689,0.055511,0.058965
13.370000,6.020000,0.524636,0.421139,1.927919,-0.059092,-0.073629,0.003279,0.338709,0.741841,0.181037,0.121565,-0.079688,-0.007594,0.570634,0.414590,1.900000,0.000000,0.000000,0.000000,0.328099,0.786178,0.150000,0.000000,0.000000,0.000000,-0.045998,0.006550,0.027919,-0.059092,-0.073629,0.003279,0.010610,-0.044337,0.031037,0.054205,0.055151
13.382000,6.032000,0.528671,0.430120,1.929682,-0.058714,-0.074417,0.003272,0.333990,0.753445,0.181136,0.120791,-0.077315,-0.007619,0.583091,0.446452,1.906000,0.000000,0.000000,0.000000,0.294519,0.806649,0.150000,0.000000,0.000000,0.000000,-0.054419,-0.016332,0.023682,-0.058714,-0.074417,0.003272,0.039471,-0.053204,0.031136,0.061555,0.073199
13.390000,6.040000,0.532011,0.437654,1.931493,-0.057783,-0.075474,0.003256,0.326516,0.759289,0.182822,0.097140,-0.071130,-0.007653,0.583091,0.446452,1.906000,0.000000,0.000000,0.000000,0.294519,0.806649,0.150000,0.000000,0.000000,0.000000,-0.051079,-0.008797,0.025493,-0.057783,-0.075474,0.003256,0.031997,-0.047360,0.032822,0.057762,0.065909
13.400000,6.050000,0.534308,0.443163,1.932487,-0.056260,-0.076678,0.003238,0.315557,0.757574,0.182071,0.099220,-0.065509,-0.007632,0.588809,0.462682,1.909000,0.000000,0.000000,0.000000,0.277262,0.816269,0.150000,0.000000,0.000000,0.000000,-0.054501,-0.019519,0.023487,-0.056260,-0.076678,0.003238,0.038295,-0.058696,0.032071,0.062474,0.077073
13.411000,6.061000,0.538083,0.452337,1.934236,-0.055865,-0.077271,0.003220,0.310369,0.769075,0.183035,0.111725,-0.052286,-0.007358,0.588809,0.462682,1.909000,0.000000,0.000000,0.000000,0.277262,0.816269,0.150000,0.000000,0.000000,0.000000,-0.050726,-0.010345,0.025236,-0.055865,-0.077271,0.003220,0.033107,-0.047194,0.033035,0.057593,0.066443
13.423000,6.073000,0.541991,0.462089,1.936267,-0.055587,-0.077729,0.003192,0.305678,0.782164,0.184795,0.100514,-0.042204,-0.007209,0.594697,0.480752,1.912300,0.000000,0.000000,0.000000,0.257936,0.826363,0.150000,0.000000,0.000000,0.000000,-0.052705,-0.018663,0.023967,-0.055587,-0.077729,0.003192,0.047742,-0.044199,0.034795,0.060832,0.073781
13.433000,6.083000,0.545401,0.470944,1.938060,-0.055041,-0.078223,0.003158,0.299288,0.791455,0.185801,0.097174,-0.031923,-0.007134,0.594697,0.480752,1.912300,0.000000,0.000000,0.000000,0.257936,0.826363,0.150000,0.000000,0.000000,0.000000,-0.049295,-0.009808,0.025760,-0.055041,-0.078223,0.003158,0.041352,-0.034907,0.035801,0.056478,0.064886
13.441000,6.091000,0.548460,0.479215,1.939713,-0.054337,-0.078710,0.003119,0.291798,0.798219,0.186365,0.093245,-0.022593,-0.007098,0.599677,0.497367,1.915300,0.000000,0.000000,0.000000,0.240066,0.835085,0.150000,0.000000,0.000000,0.000000,-0.051217,-0.018152,0.024413,-0.054337,-0.078710,0.003119,0.051732,-0.036867,0.036365,0.059571,0.073197
13.452000,6.102000,0.551295,0.487196,1.941294,-0.053560,-0.079162,0.003076,0.283759,0.803581,0.186239,0.110076,-0.026615,-0.006996,0.599677,0.497367,1.915300,0.000000,0.000000,0.000000,0.240066,0.835085,0.150000,0.000000,0.000000,0.000000,-0.048382,-0.010171,0.025994,-0.053560,-0.079162,0.003076,0.043693,-0.031504,0.036239,0.055857,0.064922
13.460000,6.110000,0.554133,0.495232,1.943157,-0.052455,-0.079432,0.003020,0.275893,0.808854,0.186941,0.140635,-0.007842,-0.007061,0.604075,0.513309,1.918150,0.000000,0.000000,0.000000,0.222834,0.842963,0.150000,0.000000,0.000000,0.000000,-0.049942,-0.018077,0.025007,-0.052455,-0.079432,0.003020,0.053060,-0.034110,0.036941,0.058706,0.073099
13.470000,6.120000,0.554862,0.497878,1.943447,-0.050412,-0.080576,0.002981,0.260785,0.794502,0.182957,0.113552,-0.026979,-0.006725,0.604075,0.513309,1.918150,0.000000,0.000000,0.000000,0.222834,0.842963,0.150000,0.000000,0.000000,0.000000,-0.049213,-0.015431,0.025297,-0.050412,-0.080576,0.002981,0.037951,-0.048461,0.032957,0.057446,0.069821
13.480000,6.130000,0.556777,0.503944,1.944584,-0.049034,-0.081162,0.002942,0.250408,0.792779,0.181543,0.121277,-0.027493,-0.006487,0.608348,0.530247,1.921150,0.000000,0.000000,0.000000,0.204436,0.850818,0.150000,0.000000,0.000000,0.000000,-0.051571,-0.026303,0.023434,-0.049034,-0.081162,0.002942,0.045973,-0.058039,0.031543,0.062454,0.080480
13.491000,6.141000,0.559736,0.513457,1.946316,-0.048511,-0.081424,0.002911,0.244171,0.803526,0.182447,0.115107,-0.028083,-0.006208,0.608348,0.530247,1.921150,0.000000,0.000000,0.000000,0.204436,0.850818,0.150000,0.000000,0.000000,0.000000,-0.048613,-0.016790,0.025166,-0.048511,-0.081424,0.002911,0.039736,-0.047293,0.032447,0.057258,0.069773
13.500000,6.150000,0.562177,0.521492,1.948141,-0.047356,-0.081707,0.002862,0.236049,0.808320,0.183594,0.122508,-0.006729,-0.006270,0.612251,0.547339,1.924150,0.000000,0.000000,0.000000,0.185783,0.858216,0.150000,0.000000,0.000000,0.000000,-0.050073,-0.025846,0.023991,-0.047356,-0.081707,0.002862,0.050265,-0.049896,0.033594,0.061245,0.078389
13.510000,6.160000,0.563828,0.527327,1.949114,-0.045595,-0.082652,0.002835,0.225411,0.804962,0.182307,0.126187,-0.033766,-0.006002,0.612251,0.547339,1.924150,0.000000,0.000000,0.000000,0.185783,0.858216,0.150000,0.000000,0.000000,0.000000,-0.048423,-0.020011,0.024964,-0.045595,-0.082652,0.002835,0.039628,-0.053254,0.032307,0.058038,0.073825
13.523000,6.173000,0.566531,0.537061,1.950844,-0.044975,-0.083057,0.002814,0.218986,0.815721,0.183262,0.126678,-0.040279,-0.005759,0.615611,0.563708,1.927000,0.000000,0.000000,0.000000,0.167839,0.864814,0.150000,0.000000,0.000000,0.000000,-0.049080,-0.026647,0.023844,-0.044975,-0.083057,0.002814,0.051147,-0.049093,0.033262,0.060724,0.078311
13.530000,6.180000,0.568721,0.545218,1.952677,-0.043705,-0.083462,0.002774,0.210693,0.820170,0.184531,0.120144,-0.015896,-0.005911,0.615611,0.563708,1.927000,0.000000,0.000000,0.000000,0.167839,0.864814,0.150000,0.000000,0.000000,0.000000,-0.046890,-0.018490,0.025677,-0.043705,-0.083462,0.002774,0.042854,-0.044644,0.034531,0.056567,0.070866
13.540000,6.190000,0.570195,0.551123,1.953645,-0.041990,-0.084493,0.002754,0.200154,0.816284,0.183241,0.107997,-0.040554,-0.005592,0.618777,0.581070,1.930000,0.000000,0.000000,0.000000,0.148724,0.871299,0.150000,0.000000,0.000000,0.000000,-0.048582,-0.029946,0.023645,-0.041990,-0.084493,0.002754,0.051430,-0.055014,0.033241,0.061774,0.082320
13.550000,6.200000,0.571954,0.558364,1.954982,-0.040747,-0.085199,0.002733,0.190983,0.817197,0.182679,0.108946,-0.033890,-0.005498,0.618777,0.581070,1.930000,0.000000,0.000000,0.000000,0.148724,0.871299,0.150000,0.000000,0.000000,0.000000,-0.046823,-0.022706,0.024982,-0.040747,-0.085199,0.002733,0.042259,-0.054102,0.032679,0.057724,0.076031
13.560000,6.210000,0.573746,0.566044,1.956416,-0.039757,-0.085868,0.002712,0.182194,0.819551,0.182413,0.097483,-0.034082,-0.005397,0.622068,0.602068,1.933600,0.000000,0.000000,0.000000,0.125496,0.878447,0.150000,0.000000,0.000000,0.000000,-0.048322,-0.036024,0.022816,-0.039757,-0.085868,0.002712,0.056698,-0.058896,0.032413,0.064446,0.087943
13.570000,6.220000,0.575505,0.573936,1.957888,-0.038929,-0.086498,0.002690,0.173513,0.822501,0.182574,0.079134,-0.039209,-0.005428,0.622068,0.602068,1.933600,0.000000,0.000000,0.000000,0.125496,0.878447,0.150000,0.000000,0.000000,0.000000,-0.046562,-0.028132,0.024288,-0.038929,-0.086498,0.002690,0.048017,-0.055945,0.032574,0.059577,0.080601
13.584000,6.234000,0.577806,0.584742,1.959801,-0.039125,-0.086860,0.002667,0.167129,0.835929,0.184020,0.063514,-0.035640,-0.005604,0.624060,0.617042,1.936150,0.000000,0.000000,0.000000,0.108863,0.883086,0.150000,0.000000,0.000000,0.000000,-0.046254,-0.032300,0.023651,-0.039125,-0.086860,0.002667,0.058266,-0.047157,0.034020,0.061173,0.082317
13.590000,6.240000,0.579964,0.595535,1.961868,-0.039343,-0.087256,0.002636,0.160313,0.848758,0.185981,0.059390,-0.031211,-0.005791,0.624060,0.617042,1.936150,0.000000,0.000000,0.000000,0.108863,0.883086,0.150000,0.000000,0.000000,0.000000,-0.044096,-0.021506,0.025718,-0.039343,-0.087256,0.002636,0.051450,-0.034329,0.035981,0.055393,0.071555
13.600000,6.250000,0.581567,0.604023,1.963728,-0.038745,-0.087570,0.002591,0.151601,0.852647,0.187271,0.066638,-0.005618,-0.006013,0.625951,0.633866,1.939000,0.000000,0.000000,0.000000,0.090107,0.887849,0.150000,0.000000,0.000000,0.000000,-0.044383,-0.029843,0.024728,-0.038745,-0.087570,0.002591,0.061494,-0.035202,0.037271,0.058924,0.080062
13.610000,6.260000,0.582308,0.608603,1.964368,-0.037332,-0.088565,0.002561,0.140188,0.842294,0.184279,0.087720,-0.033872,-0.005755,0.625951,0.633866,1.939000,0.000000,0.000000,0.000000,0.090107,0.887849,0.150000,0.000000,0.000000,0.000000,-0.043643,-0.025264,0.025368,-0.037332,-0.088565,0.002561,0.050081,-0.045556,0.034279,0.056449,0.075885
13.620000,6.270000,0.583865,0.618154,1.965972,-0.037264,-0.089015,0.002534,0.132144,0.850226,0.184181,0.095836,-0.035440,-0.005579,0.627554,0.651669,1.942000,0.000000,0.000000,0.000000,0.070185,0.892376,0.150000,0.000000,0.000000,0.000000,-0.043689,-0.033515,0.023972,-0.037264,-0.089015,0.002534,0.061959,-0.042151,0.034181,0.060055,0.082364
13.631000,6.281000,0.585501,0.628780,1.967970,-0.037109,-0.089477,0.002507,0.124515,0.861687,0.185509,0.098351,-0.033349,-0.005271,0.627554,0.651669,1.942000,0.000000,0.000000,0.000000,0.070185,0.892376,0.150000,0.000000,0.000000,0.000000,-0.042052,-0.022890,0.025970,-0.037109,-0.089477,0.002507,0.054330,-0.030690,0.035509,0.054469,0.071795
13.640000,6.290000,0.586746,0.637396,1.969826,-0.036122,-0.089812,0.002467,0.115621,0.865338,0.186374,0.116734,-0.008591,-0.005328,0.627554,0.651669,1.942000,0.000000,0.000000,0.000000,0.070185,0.892376,0.150000,0.000000,0.000000,0.000000,-0.040807,-0.014273,0.027826,-0.036122,-0.089812,0.002467,0.045436,-0.027038,0.036374,0.051412,0.064176
13.650000,6.300000,0.587241,0.641771,1.970407,-0.034117,-0.090824,0.002443,0.104395,0.853547,0.183239,0.127627,-0.036220,-0.005145,0.628903,0.672248,1.945450,0.000000,0.000000,0.000000,0.047065,0.896958,0.150000,0.000000,0.000000,0.000000,-0.041662,-0.030477,0.024957,-0.034117,-0.090824,0.002443,0.057330,-0.043410,0.033239,0.057336,0.079221
13.661000,6.311000,0.588369,0.651331,1.971980,-0.033295,-0.091361,0.002424,0.095859,0.860761,0.183079,0.153263,-0.039287,-0.004918,0.628903,0.672248,1.945450,0.000000,0.000000,0.000000,0.047065,0.896958,0.150000,0.000000,0.000000,0.000000,-0.040534,-0.020918,0.026530,-0.033295,-0.091361,0.002424,0.048795,-0.036197,0.033079,0.052767,0.069176
13.672000,6.322000,0.589547,0.662063,1.973959,-0.032401,-0.091907,0.002402,0.087632,0.871819,0.184558,0.155352,-0.039280,-0.004777,0.629556,0.687522,1.948000,0.000000,0.000000,0.000000,0.029842,0.899909,0.150000,0.000000,0.000000,0.000000,-0.040009,-0.025459,0.025959,-0.032401,-0.091907,0.002402,0.057790,-0.028090,0.034558,0.054062,0.072958
13.682000,6.332000,0.590490,0.671807,1.975708,-0.031060,-0.092523,0.002381,0.078788,0.878768,0.185316,0.166954,-0.040769,-0.004701,0.629950,0.705551,1.951000,0.000000,0.000000,0.000000,0.009448,0.902904,0.150000,0.000000,0.000000,0.000000,-0.039459,-0.033743,0.024708,-0.031060,-0.092523,0.002381,0.069341,-0.024135,0.035316,0.057499,0.081473
13.690000,6.340000,0.591278,0.680595,1.977561,-0.029387,-0.092932,0.002346,0.069609,0.881816,0.186018,0.172970,-0.014382,-0.004899,0.629950,0.705551,1.951000,0.000000,0.000000,0.000000,0.009448,0.902904,0.150000,0.000000,0.000000,0.000000,-0.038671,-0.024956,0.026561,-0.029387,-0.092932,0.002346,0.060161,-0.021087,0.036018,0.053139,0.073221
13.700000,6.350000,0.591432,0.684096,1.977950,-0.026225,-0.093991,0.002326,0.058497,0.865628,0.182445,0.177599,-0.039827,-0.004708,0.629922,0.724540,1.954150,0.000000,0.000000,0.000000,-0.012108,0.905487,0.150000,0.000000,0.000000,0.000000,-0.038489,-0.040444,0.023800,-0.026225,-0.093991,0.002326,0.070605,-0.039859,0.032445,0.060693,0.087330
13.710000,6.360000,0.591841,0.690887,1.979102,-0.023998,-0.094693,0.002302,0.048655,0.861585,0.180889,0.178785,-0.048737,-0.004594,0.629922,0.724540,1.954150,0.000000,0.000000,0.000000,-0.012108,0.905487,0.150000,0.000000,0.000000,0.000000,-0.038081,-0.033653,0.024952,-0.023998,-0.094693,0.002302,0.060763,-0.043902,0.030889,0.056615,0.081078
13.720000,6.370000,0.592409,0.701309,1.980807,-0.022792,-0.095310,0.002281,0.039740,0.870647,0.180989,0.183937,-0.052823,-0.004622,0.629922,0.724540,1.954150,0.000000,0.000000,0.000000,-0.012108,0.905487,0.150000,0.000000,0.000000,0.000000,-0.037513,-0.023232,0.026657,-0.022792,-0.095310,0.002281,0.051849,-0.034840,0.030989,0.051551,0.069731
13.730000,6.380000,0.592807,0.710015,1.982617,-0.020985,-0.096067,0.002254,0.030226,0.872892,0.182317,0.148928,-0.042115,-0.004566,0.629440,0.743577,1.957300,0.000000,0.000000,0.000000,-0.033794,0.907489,0.150000,0.000000,0.000000,0.000000,-0.036633,-0.033562,0.025317,-0.020985,-0.096067,0.002254,0.064020,-0.034598,0.032317,0.055762,0.079624
13.740000,6.390000,0.592986,0.716305,1.983553,-0.018868,-0.096473,0.002221,0.020282,0.866253,0.181055,0.117269,-0.009691,-0.004753,0.629440,0.743577,1.957300,0.000000,0.000000,0.000000,-0.033794,0.907489,0.150000,0.000000,0.000000,0.000000,-0.036454,-0.027272,0.026253,-0.018868,-0.096473,0.002221,0.054075,-0.041237,0.031055,0.052554,0.074760
13.750000,6.400000,0.593220,0.726748,1.985230,-0.017735,-0.097453,0.002207,0.010905,0.874713,0.181727,0.140861,-0.041575,-0.004054,0.628664,0.759924,1.960000,0.000000,0.000000,0.000000,-0.052472,0.908740,0.150000,0.000000,0.000000,0.000000,-0.035444,-0.033176,0.025230,-0.017735,-0.097453,0.002207,0.063377,-0.034027,0.031727,0.054712,0.078620
13.760000,6.410000,0.593329,0.735495,1.987047,-0.016323,-0.097869,0.002174,0.001206,0.876450,0.182786,0.127815,-0.011013,-0.004220,0.627406,0.778109,1.963000,0.000000,0.000000,0.000000,-0.073312,0.909623,0.150000,0.000000,0.000000,0.000000,-0.034077,-0.042613,0.024047,-0.016323,-0.097869,0.002174,0.074518,-0.033172,0.032786,0.059627,0.087910
13.770000,6.420000,0.593300,0.741764,1.987975,-0.014422,-0.098779,0.002155,-0.008637,0.869144,0.181300,0.114096,-0.031846,-0.003891,0.627406,0.778109,1.963000,0.000000,0.000000,0.000000,-0.073312,0.909623,0.150000,0.000000,0.000000,0.000000,-0.034106,-0.036345,0.024975,-0.014422,-0.098779,0.002155,0.064676,-0.040478,0.031300,0.055749,0.082469
13.780000,6.430000,0.593186,0.752218,1.989649,-0.014009,-0.099328,0.002135,-0.018432,0.877150,0.182027,0.092352,-0.025771,-0.003891,0.625731,0.796305,1.966000,0.000000,0.000000,0.000000,-0.094229,0.909966,0.150000,0.000000,0.000000,0.000000,-0.032544,-0.044087,0.023649,-0.014009,-0.099328,0.002135,0.075798,-0.032816,0.032027,0.059683,0.088588
13.790000,6.440000,0.593002,0.760989,1.991469,-0.013082,-0.099586,0.002100,-0.028333,0.878520,0.183243,0.081571,0.005896,-0.004182,0.625731,0.796305,1.966000,0.000000,0.000000,0.000000,-0.094229,0.909966,0.150000,0.000000,0.000000,0.000000,-0.032729,-0.035316,0.025469,-0.013082,-0.099586,0.002100,0.065896,-0.031446,0.033243,0.054471,0.080226
13.800000,6.450000,0.592761,0.767260,1.992396,-0.011556,-0.100306,0.002074,-0.038055,0.870828,0.181814,0.075097,-0.016930,-0.004052,0.623637,0.814504,1.969000,0.000000,0.000000,0.000000,-0.115210,0.909769,0.150000,0.000000,0.000000,0.000000,-0.030875,-0.047244,0.023396,-0.011556,-0.100306,0.002074,0.077155,-0.038941,0.031814,0.061095,0.092095
13.812000,6.462000,0.592293,0.777724,1.994065,-0.011464,-0.100694,0.002048,-0.048189,0.878540,0.182238,0.085905,-0.021834,-0.004018,0.623637,0.814504,1.969000,0.000000,0.000000,0.000000,-0.115210,0.909769,0.150000,0.000000,0.000000,0.000000,-0.031343,-0.036779,0.025065,-0.011464,-0.100694,0.002048,0.067021,-0.031229,0.032238,0.054437,0.080662
13.822000,6.472000,0.591676,0.788819,1.996043,-0.011437,-0.101088,0.002019,-0.058617,0.888155,0.183553,0.086914,-0.018594,-0.003809,0.621122,0.832692,1.972000,0.000000,0.000000,0.000000,-0.136239,0.909027,0.150000,0.000000,0.000000,0.000000,-0.029446,-0.043874,0.024043,-0.011437,-0.101088,0.002019,0.077622,-0.020872,0.033553,0.058052,0.087101
13.830000,6.480000,0.591090,0.797700,1.997879,-0.010564,-0.101274,0.001983,-0.068677,0.889269,0.184593,0.098826,0.012076,-0.004007,0.621122,0.832692,1.972000,0.000000,0.000000,0.000000,-0.136239,0.909027,0.150000,0.000000,0.000000,0.000000,-0.030032,-0.034992,0.025879,-0.010564,-0.101274,0.001983,0.067563,-0.019758,0.034593,0.052878,0.078433
13.840000,6.490000,0.590650,0.802252,1.998444,-0.008666,-0.101844,0.001959,-0.077815,0.874755,0.181902,0.094352,-0.008745,-0.003649,0.618187,0.850861,1.975000,0.000000,0.000000,0.000000,-0.157304,0.907738,0.150000,0.000000,0.000000,0.000000,-0.027537,-0.048609,0.023444,-0.008666,-0.101844,0.001959,0.079489,-0.032983,0.031902,0.060587,0.091783
13.850000,6.500000,0.589975,0.809424,1.999640,-0.007356,-0.102199,0.001931,-0.087456,0.870040,0.180671,0.113649,-0.018533,-0.003595,0.618187,0.850861,1.975000,0.000000,0.000000,0.000000,-0.157304,0.907738,0.150000,0.000000,0.000000,0.000000,-0.028212,-0.041437,0.024640,-0.007356,-0.102199,0.001931,0.069848,-0.037698,0.030671,0.055858,0.085092
13.860000,6.510000,0.588889,0.820117,2.001364,-0.006851,-0.102605,0.001908,-0.098207,0.878184,0.181009,0.138736,-0.020206,-0.003503,0.614830,0.868998,1.978000,0.000000,0.000000,0.000000,-0.178389,0.905900,0.150000,0.000000,0.000000,0.000000,-0.025941,-0.048882,0.023364,-0.006851,-0.102605,0.001908,0.080182,-0.027716,0.031009,0.060069,0.090326
13.870000,6.520000,0.587907,0.828898,2.003174,-0.005460,-0.102808,0.001874,-0.108442,0.878845,0.182294,0.130982,0.010960,-0.003735,0.614830,0.868998,1.978000,0.000000,0.000000,0.000000,-0.178389,0.905900,0.150000,0.000000,0.000000,0.000000,-0.026923,-0.040100,0.025174,-0.005460,-0.102808,0.001874,0.069947,-0.027055,0.032294,0.054467,0.081654
13.881000,6.531000,0.586749,0.837942,2.004446,-0.004002,-0.103450,0.001856,-0.118851,0.880472,0.181967,0.144700,-0.010667,-0.003221,0.611051,0.887093,1.981000,0.000000,0.000000,0.000000,-0.199481,0.903511,0.150000,0.000000,0.000000,0.000000,-0.024302,-0.049151,0.023446,-0.004002,-0.103450,0.001856,0.080630,-0.023038,0.031967,0.059633,0.089743
13.890000,6.540000,0.585561,0.846747,2.006266,-0.002551,-0.103556,0.001825,-0.129137,0.880850,0.182934,0.139041,0.012188,-0.003387,0.611051,0.887093,1.981000,0.000000,0.000000,0.000000,-0.199481,0.903511,0.150000,0.000000,0.000000,0.000000,-0.025490,-0.040346,0.025266,-0.002551,-0.103556,0.001825,0.070344,-0.022661,0.032934,0.053999,0.080910
13.901000,6.551000,0.584265,0.855150,2.007418,-0.000727,-0.104142,0.001809,-0.139348,0.879784,0.181926,0.160653,-0.015568,-0.002834,0.606851,0.905135,1.984000,0.000000,0.000000,0.000000,-0.220565,0.900569,0.150000,0.000000,0.000000,0.000000,-0.022586,-0.049985,0.023418,-0.000727,-0.104142,0.001809,0.081217,-0.020785,0.031926,0.059641,0.089707
13.910000,6.560000,0.582871,0.863948,2.009237,0.001003,-0.104536,0.001782,-0.149692,0.879836,0.182775,0.163866,-0.013660,-0.002905,0.606851,0.905135,1.984000,0.000000,0.000000,0.000000,-0.220565,0.900569,0.150000,0.000000,0.000000,0.000000,-0.023979,-0.041187,0.025237,0.001003,-0.104536,0.001782,0.070873,-0.020733,0.032775,0.053929,0.080790
13.920000,6.570000,0.581838,0.869630,2.010049,0.003452,-0.104501,0.001756,-0.158330,0.868598,0.180664,0.155903,0.010459,-0.003127,0.602229,0.923112,1.987000,0.000000,0.000000,0.000000,-0.241626,0.897074,0.150000,0.000000,0.000000,0.000000,-0.020390,-0.053482,0.023049,0.003452,-0.104501,0.001756,0.083296,-0.028475,0.030664,0.061704,0.093217
13.932000,6.582000,0.579957,0.879798,2.011664,0.004789,-0.105194,0.001735,-0.169696,0.873791,0.180964,0.154565,-0.004673,-0.003063,0.602229,0.923112,1.987000,0.000000,0.000000,0.000000,-0.241626,0.897074,0.150000,0.000000,0.000000,0.000000,-0.022272,-0.043315,0.024664,0.004789,-0.105194,0.001735,0.071930,-0.023283,0.030964,0.054594,0.081700
13.940000,6.590000,0.578260,0.888536,2.013474,0.006338,-0.105240,0.001704,-0.180143,0.873299,0.181818,0.132969,0.030174,-0.003388,0.597186,0.941014,1.990000,0.000000,0.000000,0.000000,-0.262650,0.893024,0.150000,0.000000,0.000000,0.000000,-0.018926,-0.052479,0.023474,0.006338,-0.105240,0.001704,0.082508,-0.019725,0.031818,0.060525,0.090603
13.950000,6.600000,0.576397,0.897299,2.014701,0.008122,-0.105855,0.001685,-0.190767,0.872933,0.181267,0.144731,0.000680,-0.002929,0.597186,0.941014,1.990000,0.000000,0.000000,0.000000,-0.262650,0.893024,0.150000,0.000000,0.000000,0.000000,-0.020789,-0.043716,0.024701,0.008122,-0.105855,0.001685,0.071883,-0.020091,0.031267,0.054345,0.080923
13.962000,6.612000,0.574489,0.906028,2.016514,0.009572,-0.105848,0.001655,-0.201314,0.872108,0.182434,0.119572,0.033770,-0.003188,0.597186,0.941014,1.990000,0.000000,0.000000,0.000000,-0.262650,0.893024,0.150000,0.000000,0.000000,0.000000,-0.022697,-0.034986,0.026514,0.009572,-0.105848,0.001655,0.061337,-0.020915,0.032434,0.049418,0.072468
13.970000,6.620000,0.573104,0.911745,2.017340,0.012120,-0.106155,0.001633,-0.209556,0.860404,0.180633,0.134873,0.011644,-0.002880,0.591439,0.959718,1.993150,0.000000,0.000000,0.000000,-0.284670,0.888175,0.150000,0.000000,0.000000,0.000000,-0.018335,-0.047973,0.024190,0.012120,-0.106155,0.001633,0.075114,-0.027771,0.030633,0.056769,0.085742
13.980000,6.630000,0.570615,0.921852,2.018957,0.013051,-0.106383,0.001611,-0.221436,0.864847,0.181184,0.125429,0.018386,-0.002875,0.591439,0.959718,1.993150,0.000000,0.000000,0.000000,-0.284670,0.888175,0.150000,0.000000,0.000000,0.000000,-0.020824,-0.037866,0.025807,0.013051,-0.106383,0.001611,0.063234,-0.023328,0.031184,0.050334,0.074264
13.991000,6.641000,0.567818,0.932715,2.020914,0.013721,-0.106588,0.001585,-0.234103,0.871680,0.182863,0.102779,0.023639,-0.002954,0.585841,0.976547,1.996000,0.000000,0.000000,0.000000,-0.304530,0.883260,0.150000,0.000000,0.000000,0.000000,-0.018024,-0.043832,0.024914,0.013721,-0.106588,0.001585,0.070426,-0.011581,0.032863,0.053542,0.078574
14.000000,6.650000,0.565477,0.941432,2.022742,0.014752,-0.106351,0.001559,-0.244732,0.870300,0.184112,0.072074,0.052671,-0.003207,0.579542,0.994156,1.999000,0.000000,0.000000,0.000000,-0.325355,0.877547,0.150000,0.000000,0.000000,0.000000,-0.014066,-0.052724,0.023742,0.014752,-0.106351,0.001559,0.080623,-0.007247,0.034112,0.059510,0.087842
14.010000,6.660000,0.563479,0.948105,2.023558,0.016513,-0.106335,0.001535,-0.253572,0.861689,0.181954,0.109301,0.036245,-0.003237,0.579542,0.994156,1.999000,0.000000,0.000000,0.000000,-0.325355,0.877547,0.150000,0.000000,0.000000,0.000000,-0.016064,-0.046051,0.024558,0.016513,-0.106335,0.001535,0.071783,-0.015858,0.031954,0.054607,0.080158
14.021000,6.671000,0.560433,0.958333,2.025403,0.017062,-0.106309,0.001508,-0.265917,0.865979,0.182856,0.104573,0.044514,-0.003405,0.572481,1.012517,2.002150,0.000000,0.000000,0.000000,-0.347119,0.870953,0.150000,0.000000,0.000000,0.000000,-0.012048,-0.054183,0.023253,0.017062,-0.106309,0.001508,0.081202,-0.004974,0.032856,0.060181,0.087738
14.033000,6.683000,0.557511,0.967661,2.027053,0.017936,-0.106170,0.001480,-0.277375,0.866769,0.183323,0.099279,0.044772,-0.003364,0.572481,1.012517,2.002150,0.000000,0.000000,0.000000,-0.347119,0.870953,0.150000,0.000000,0.000000,0.000000,-0.014970,-0.044856,0.024903,0.017936,-0.106170,0.001480,0.069743,-0.004184,0.033323,0.053445,0.077409
14.040000,6.690000,0.554738,0.976328,2.028887,0.018932,-0.105722,0.001454,-0.287935,0.864976,0.184316,0.088872,0.070128,-0.003475,0.565700,1.029004,2.005000,0.000000,0.000000,0.000000,-0.366705,0.864462,0.150000,0.000000,0.000000,0.000000,-0.010962,-0.052676,0.023887,0.018932,-0.105722,0.001454,0.078770,0.000514,0.034316,0.058868,0.085922
14.050000,6.700000,0.552830,0.981485,2.029426,0.021163,-0.105428,0.001432,-0.294794,0.850711,0.180866,0.129224,0.044820,-0.003251,0.565700,1.029004,2.005000,0.000000,0.000000,0.000000,-0.366705,0.864462,0.150000,0.000000,0.000000,0.000000,-0.012869,-0.047519,0.024426,0.021163,-0.105428,0.001432,0.071910,-0.013751,0.030866,0.054958,0.079454
14.060000,6.710000,0.549882,0.989992,2.031235,0.022457,-0.104980,0.001409,-0.305211,0.848612,0.181206,0.139219,0.067413,-0.003258,0.558160,1.046220,2.008000,0.000000,0.000000,0.000000,-0.387200,0.857093,0.150000,0.000000,0.000000,0.000000,-0.008278,-0.056229,0.023235,0.022457,-0.104980,0.001409,0.081989,-0.008480,0.031206,0.061401,0.088136
14.070000,6.720000,0.548017,0.994880,2.031916,0.024769,-0.104607,0.001387,-0.311372,0.833543,0.179057,0.118080,0.047608,-0.003087,0.558160,1.046220,2.008000,0.000000,0.000000,0.000000,-0.387200,0.857093,0.150000,0.000000,0.000000,0.000000,-0.010144,-0.051340,0.023916,0.024769,-0.104607,0.001387,0.075828,-0.023550,0.029057,0.057538,0.084550
14.080000,6.730000,0.545375,1.001834,2.033115,0.026628,-0.104243,0.001367,-0.320054,0.826239,0.178476,0.131574,0.047109,-0.002952,0.550213,1.063284,2.011000,0.000000,0.000000,0.000000,-0.407555,0.849175,0.150000,0.000000,0.000000,0.000000,-0.004838,-0.061450,0.022115,0.026628,-0.104243,0.001367,0.087501,-0.022935,0.028476,0.065488,0.094833
14.091000,6.741000,0.541403,1.012057,2.034818,0.027602,-0.104222,0.001348,-0.333178,0.830931,0.179693,0.135458,0.040772,-0.002885,0.550213,1.063284,2.011000,0.000000,0.000000,0.000000,-0.407555,0.849175,0.150000,0.000000,0.000000,0.000000,-0.008810,-0.051227,0.023818,0.027602,-0.104222,0.001348,0.074377,-0.018243,0.029693,0.057177,0.082136
14.100000,6.750000,0.538071,1.020366,2.036615,0.028958,-0.103814,0.001330,-0.343591,0.828169,0.181145,0.105981,0.060156,-0.002950,0.541859,1.080184,2.014000,0.000000,0.000000,0.000000,-0.427756,0.840711,0.150000,0.000000,0.000000,0.000000,-0.003788,-0.059818,0.022615,0.028958,-0.103814,0.001330,0.084164,-0.012542,0.031145,0.064062,0.090614
14.110000,6.760000,0.534485,1.028909,2.037860,0.030710,-0.103880,0.001308,-0.354388,0.826432,0.180393,0.139918,0.039362,-0.003027,0.541859,1.080184,2.014000,0.000000,0.000000,0.000000,-0.427756,0.840711,0.150000,0.000000,0.000000,0.000000,-0.007374,-0.051274,0.023860,0.030710,-0.103880,0.001308,0.073368,-0.014279,0.030393,0.057033,0.080688
14.120000,6.770000,0.530941,1.037174,2.039663,0.032111,-0.103486,0.001290,-0.364710,0.823377,0.181294,0.115468,0.062626,-0.003092,0.533104,1.096909,2.017000,0.000000,0.000000,0.000000,-0.447788,0.831704,0.150000,0.000000,0.000000,0.000000,-0.002163,-0.059735,0.022663,0.032111,-0.103486,0.001290,0.083078,-0.008326,0.031294,0.063927,0.089166
14.130000,6.780000,0.528468,1.042617,2.040474,0.034611,-0.103307,0.001265,-0.370786,0.810219,0.179622,0.119567,0.036156,-0.003021,0.533104,1.096909,2.017000,0.000000,0.000000,0.000000,-0.447788,0.831704,0.150000,0.000000,0.000000,0.000000,-0.004635,-0.054292,0.023474,0.034611,-0.103307,0.001265,0.077001,-0.021485,0.029622,0.059330,0.085254
14.140000,6.790000,0.525239,1.049622,2.041718,0.036023,-0.102794,0.001249,-0.379334,0.802967,0.179257,0.082426,0.061502,-0.003050,0.523949,1.113448,2.020000,0.000000,0.000000,0.000000,-0.467636,0.822156,0.150000,0.000000,0.000000,0.000000,0.001290,-0.063826,0.021718,0.036023,-0.102794,0.001249,0.088302,-0.019189,0.029257,0.067432,0.094981
14.150000,6.800000,0.521713,1.057076,2.043077,0.037867,-0.102875,0.001228,-0.388640,0.797420,0.179386,0.103157,0.035202,-0.002773,0.523949,1.113448,2.020000,0.000000,0.000000,0.000000,-0.467636,0.822156,0.150000,0.000000,0.000000,0.000000,-0.002236,-0.056372,0.023077,0.037867,-0.102875,0.001228,0.078996,-0.024736,0.029386,0.060954,0.087839
14.161000,6.811000,0.516718,1.067367,2.044861,0.038364,-0.103090,0.001209,-0.402882,0.802317,0.180749,0.087342,0.034513,-0.002486,0.514399,1.129791,2.023000,0.000000,0.000000,0.000000,-0.487286,0.812072,0.150000,0.000000,0.000000,0.000000,0.002318,-0.062424,0.021861,0.038364,-0.103090,0.001209,0.084405,-0.009755,0.030749,0.066182,0.090359
14.170000,6.820000,0.512689,1.075390,2.046669,0.039239,-0.102745,0.001198,-0.413186,0.798483,0.182218,0.046136,0.058801,-0.002527,0.514399,1.129791,2.023000,0.000000,0.000000,0.000000,-0.487286,0.812072,0.150000,0.000000,0.000000,0.000000,-0.001711,-0.054401,0.023669,0.039239,-0.102745,0.001198,0.074101,-0.013589,0.032218,0.059352,0.081936
14.180000,6.830000,0.508326,1.083767,2.047930,0.040265,-0.102910,0.001184,-0.424253,0.796204,0.182047,0.058381,0.035860,-0.002203,0.504459,1.145928,2.026000,0.000000,0.000000,0.000000,-0.506724,0.801455,0.150000,0.000000,0.000000,0.000000,0.003867,-0.062161,0.021930,0.040265,-0.102910,0.001184,0.082471,-0.005252,0.032047,0.066029,0.088634
14.191000,6.841000,0.503092,1.093560,2.049830,0.040505,-0.103047,0.001171,-0.438057,0.798965,0.183259,0.074942,0.034827,-0.002014,0.504459,1.145928,2.026000,0.000000,0.000000,0.000000,-0.506724,0.801455,0.150000,0.000000,0.000000,0.000000,-0.001367,-0.052367,0.023830,0.040505,-0.103047,0.001171,0.068668,-0.002490,0.033259,0.057551,0.076339
14.200000,6.850000,0.498711,1.101550,2.051663,0.041344,-0.102934,0.001159,-0.448308,0.794937,0.184236,0.077821,0.034330,-0.001812,0.494132,1.161846,2.029000,0.000000,0.000000,0.000000,-0.525935,0.790310,0.150000,0.000000,0.000000,0.000000,0.004579,-0.060296,0.022663,0.041344,-0.102934,0.001159,0.077627,0.004627,0.034236,0.064577,0.084967
14.210000,6.860000,0.495281,1.107381,2.052397,0.042587,-0.102254,0.001156,-0.454669,0.783428,0.181812,0.071150,0.069578,-0.002010,0.494132,1.161846,2.029000,0.000000,0.000000,0.000000,-0.525935,0.790310,0.150000,0.000000,0.000000,0.000000,0.001149,-0.054465,0.023397,0.042587,-0.102254,0.001156,0.071267,-0.006882,0.031812,0.059289,0.078347
14.220000,6.870000,0.490735,1.115216,2.054215,0.043751,-0.102395,0.001148,-0.464852,0.779185,0.182609,0.093229,0.051457,-0.001918,0.483423,1.177537,2.032000,0.000000,0.000000,0.000000,-0.544905,0.778641,0.150000,0.000000,0.000000,0.000000,0.007311,-0.062321,0.022215,0.043751,-0.102395,0.001148,0.080053,0.000544,0.032609,0.066565,0.086441
14.230000,6.880000,0.487850,1.119881,2.054930,0.045482,-0.101368,0.001152,-0.468667,0.763702,0.180423,0.082607,0.073815,-0.002116,0.483423,1.177537,2.032000,0.000000,0.000000,0.000000,-0.544905,0.778641,0.150000,0.000000,0.000000,0.000000,0.004427,-0.057656,0.022930,0.045482,-0.101368,0.001152,0.076238,-0.014939,0.030423,0.062206,0.083432
14.240000,6.890000,0.483864,1.126307,2.056143,0.047170,-0.101162,0.001147,-0.476247,0.754946,0.179749,0.111723,0.048678,-0.002069,0.472338,1.192988,2.035000,0.000000,0.000000,0.000000,-0.563619,0.766454,0.150000,0.000000,0.000000,0.000000,0.011527,-0.066682,0.021143,0.047170,-0.101162,0.001147,0.087372,-0.011508,0.029749,0.070897,0.093012
14.250000,6.900000,0.477948,1.135670,2.057860,0.047927,-0.101201,0.001141,-0.490488,0.757066,0.180806,0.111770,0.047367,-0.002142,0.472338,1.192988,2.035000,0.000000,0.000000,0.000000,-0.563619,0.766454,0.150000,0.000000,0.000000,0.000000,0.005610,-0.057318,0.022860,0.047927,-0.101201,0.001141,0.073131,-0.009387,0.030806,0.061963,0.079908
14.260000,6.910000,0.471701,1.145296,2.059833,0.048872,-0.101266,0.001135,-0.505442,0.759855,0.182581,0.126493,0.049048,-0.002318,0.460880,1.208191,2.038000,0.000000,0.000000,0.000000,-0.582064,0.753753,0.150000,0.000000,0.000000,0.000000,0.010821,-0.062895,0.021833,0.048872,-0.101266,0.001135,0.076622,0.006102,0.032581,0.067451,0.083484
14.271000,6.921000,0.465952,1.153873,2.061566,0.050298,-0.101162,0.001123,-0.518029,0.758601,0.183540,0.132395,0.059960,-0.002690,0.460880,1.208191,2.038000,0.000000,0.000000,0.000000,-0.582064,0.753753,0.150000,0.000000,0.000000,0.000000,0.005072,-0.054318,0.023566,0.050298,-0.101162,0.001123,0.064035,0.004847,0.033540,0.059427,0.072449
14.280000,6.930000,0.460772,1.161459,2.063402,0.051622,-0.100562,0.001126,-0.528119,0.753589,0.184767,0.095190,0.090505,-0.002857,0.449057,1.223135,2.041000,0.000000,0.000000,0.000000,-0.600225,0.740546,0.150000,0.000000,0.000000,0.000000,0.011715,-0.061676,0.022402,0.051622,-0.100562,0.001126,0.072107,0.013043,0.034767,0.066656,0.081107
14.291000,6.941000,0.457240,1.166209,2.064016,0.054473,-0.100000,0.001119,-0.531784,0.738579,0.181918,0.139429,0.068574,-0.002599,0.449057,1.223135,2.041000,0.000000,0.000000,0.000000,-0.600225,0.740546,0.150000,0.000000,0.000000,0.000000,0.008183,-0.056926,0.023016,0.054473,-0.100000,0.001119,0.068441,-0.001967,0.031918,0.061946,0.075543
14.300000,6.950000,0.451922,1.173595,2.065835,0.056204,-0.099555,0.001120,-0.541711,0.733177,0.182647,0.135713,0.080566,-0.002405,0.436255,1.238536,2.044150,0.000000,0.000000,0.000000,-0.618974,0.726139,0.150000,0.000000,0.000000,0.000000,0.015667,-0.064941,0.021685,0.056204,-0.099555,0.001120,0.077263,0.007038,0.032647,0.070236,0.084172
14.310000,6.960000,0.447169,1.179820,2.066829,0.058094,-0.098808,0.001129,-0.549193,0.723807,0.181243,0.115534,0.084791,-0.002315,0.436255,1.238536,2.044150,0.000000,0.000000,0.000000,-0.618974,0.726139,0.150000,0.000000,0.000000,0.000000,0.010915,-0.058716,0.022679,0.058094,-0.098808,0.001129,0.069781,-0.002331,0.031243,0.063883,0.076492
14.320000,6.970000,0.440548,1.188483,2.068699,0.059257,-0.098480,0.001143,-0.563097,0.723277,0.182426,0.105298,0.093463,-0.002290,0.423699,1.252918,2.047150,0.000000,0.000000,0.000000,-0.636511,0.711912,0.150000,0.000000,0.000000,0.000000,0.016849,-0.064435,0.021549,0.059257,-0.098480,0.001143,0.073414,0.011366,0.032426,0.070001,0.081058
14.330000,6.980000,0.434917,1.195715,2.070523,0.060307,-0.097546,0.001176,-0.572913,0.717378,0.183571,0.057573,0.116033,-0.002412,0.423699,1.252918,2.047150,0.000000,0.000000,0.000000,-0.636511,0.711912,0.150000,0.000000,0.000000,0.000000,0.011218,-0.057202,0.023373,0.060307,-0.097546,0.001176,0.063599,0.005467,0.033571,0.062803,0.072123
14.340000,6.990000,0.432161,1.198950,2.071016,0.063277,-0.096221,0.001199,-0.571958,0.697261,0.180808,0.096544,0.095571,-0.002355,0.423699,1.252918,2.047150,0.000000,0.000000,0.000000,-0.636511,0.711912,0.150000,0.000000,0.000000,0.000000,0.008462,-0.053967,0.023866,0.063277,-0.096221,0.001199,0.064553,-0.014650,0.030808,0.059612,0.073013
14.350000,7.000000,0.425823,1.206571,2.072519,0.064280,-0.095622,0.001226,-0.583733,0.693576,0.180634,0.112279,0.095444,-0.002256,0.409487,1.268402,2.050450,0.000000,0.000000,0.000000,-0.655425,0.695700,0.150000,0.000000,0.000000,0.000000,0.016336,-0.061832,0.022069,0.064280,-0.095622,0.001226,0.071692,-0.002123,0.030634,0.067654,0.077992
14.360000,7.010000,0.418558,1.215161,2.074453,0.065033,-0.095200,0.001261,-0.598384,0.693316,0.181721,0.110030,0.098180,-0.001893,0.395537,1.282845,2.053600,0.000000,0.000000,0.000000,-0.673096,0.679684,0.150000,0.000000,0.000000,0.000000,0.023021,-0.067684,0.020853,0.065033,-0.095200,0.001261,0.074712,0.013632,0.031721,0.074471,0.082304
14.370000,7.020000,0.411861,1.222842,2.076162,0.066103,-0.094587,0.001297,-0.610446,0.689630,0.182696,0.075663,0.097631,-0.001801,0.395537,1.282845,2.053600,0.000000,0.000000,0.000000,-0.673096,0.679684,0.150000,0.000000,0.000000,0.000000,0.016324,-0.060003,0.022562,0.066103,-0.094587,0.001297,0.062650,0.009946,0.032696,0.066150,0.071365
14.380000,7.030000,0.405756,1.229738,2.077989,0.067384,-0.093814,0.001334,-0.619889,0.683034,0.183990,0.068367,0.095697,-0.001812,0.384662,1.293620,2.056000,0.000000,0.000000,0.000000,-0.686299,0.667133,0.150000,0.000000,0.000000,0.000000,0.021095,-0.063881,0.021989,0.067384,-0.093814,0.001334,0.066409,0.015901,0.033990,0.070776,0.076278
14.390000,7.040000,0.403216,1.232303,2.078370,0.069190,-0.091828,0.001380,-0.616058,0.661108,0.180683,0.038563,0.118311,-0.002154,0.384662,1.293620,2.056000,0.000000,0.000000,0.000000,-0.686299,0.667133,0.150000,0.000000,0.000000,0.000000,0.018555,-0.061317,0.022370,0.069190,-0.091828,0.001380,0.070241,-0.006025,0.030683,0.067856,0.076886
14.400000,7.050000,0.398354,1.237422,2.079509,0.071142,-0.090931,0.001417,-0.620563,0.648963,0.179669,0.087736,0.100272,-0.002146,0.370773,1.306802,2.059000,0.000000,0.000000,0.000000,-0.702473,0.651027,0.150000,0.000000,0.000000,0.000000,0.027581,-0.069380,0.020509,0.071142,-0.090931,0.001417,0.081910,-0.002064,0.029669,0.077426,0.087142
14.410000,7.060000,0.392800,1.243184,2.080836,0.072460,-0.090016,0.001451,-0.627313,0.639399,0.179521,0.084420,0.086013,-0.002388,0.370773,1.306802,2.059000,0.000000,0.000000,0.000000,-0.702473,0.651027,0.150000,0.000000,0.000000,0.000000,0.022027,-0.063618,0.021836,0.072460,-0.090016,0.001451,0.075160,-0.011628,0.029521,0.070776,0.081583
14.420000,7.070000,0.386907,1.249175,2.082239,0.073692,-0.089175,0.001481,-0.634956,0.630880,0.179599,0.085862,0.084423,-0.002643,0.356565,1.319658,2.062000,0.000000,0.000000,0.000000,-0.718270,0.634465,0.150000,0.000000,0.000000,0.000000,0.030342,-0.070483,0.020239,0.073692,-0.089175,0.001481,0.083313,-0.003585,0.029599,0.079360,0.088487
14.430000,7.080000,0.378688,1.257354,2.084081,0.074273,-0.089061,0.001501,-0.650691,0.630570,0.181184,0.059987,0.083000,-0.002922,0.356565,1.319658,2.062000,0.000000,0.000000,0.000000,-0.718270,0.634465,0.150000,0.000000,0.000000,0.000000,0.022122,-0.062304,0.022081,0.074273,-0.089061,0.001501,0.067579,-0.003895,0.031184,0.069704,0.074529
14.443000,7.093000,0.370321,1.265454,2.086103,0.074304,-0.088757,0.001532,-0.666367,0.629789,0.183252,-0.003680,0.097617,-0.003200,0.342045,1.332178,2.065000,0.000000,0.000000,0.000000,-0.733676,0.617457,0.150000,0.000000,0.000000,0.000000,0.028276,-0.066724,0.021103,0.074304,-0.088757,0.001532,0.067309,0.012332,0.033252,0.075478,0.076081
14.453000,7.103000,0.362704,1.272602,2.087883,0.075671,-0.088643,0.001547,-0.678689,0.625505,0.184267,0.059114,0.079967,-0.003037,0.342045,1.332178,2.065000,0.000000,0.000000,0.000000,-0.733676,0.617457,0.150000,0.000000,0.000000,0.000000,0.020659,-0.059575,0.022883,0.075671,-0.088643,0.001547,0.054988,0.008047,0.034267,0.067079,0.065289
14.460000,7.110000,0.355571,1.279089,2.089517,0.076467,-0.088174,0.001557,-0.688759,0.618882,0.184823,0.041183,0.078525,-0.003202,0.342045,1.332178,2.065000,0.000000,0.000000,0.000000,-0.733676,0.617457,0.150000,0.000000,0.000000,0.000000,0.013526,-0.053089,0.024517,0.076467,-0.088174,0.001557,0.044918,0.001424,0.034823,0.060021,0.056853
14.470000,7.120000,0.348663,1.285184,2.091079,0.077283,-0.087590,0.001569,-0.697553,0.611041,0.184603,0.043563,0.092311,-0.003384,0.326472,1.344953,2.068150,0.000000,0.000000,0.000000,-0.749420,0.599128,0.150000,0.000000,0.000000,0.000000,0.022191,-0.059768,0.022929,0.077283,-0.087590,0.001569,0.051866,0.011913,0.034603,0.067753,0.063478
14.481000,7.131000,0.341830,1.291042,2.092603,0.078116,-0.086881,0.001585,-0.705694,0.602541,0.184273,0.041231,0.100744,-0.003596,0.326472,1.344953,2.068150,0.000000,0.000000,0.000000,-0.749420,0.599128,0.150000,0.000000,0.000000,0.000000,0.015358,-0.053911,0.024453,0.078116,-0.086881,0.001585,0.043726,0.003413,0.034273,0.061157,0.055662
14.490000,7.140000,0.334773,1.297067,2.094445,0.078525,-0.085874,0.001628,-0.714301,0.594805,0.184828,0.013541,0.132876,-0.003689,0.312101,1.356175,2.071000,0.000000,0.000000,0.000000,-0.763270,0.582138,0.150000,0.000000,0.000000,0.000000,0.022673,-0.059108,0.023445,0.078525,-0.085874,0.001628,0.048969,0.012667,0.034828,0.067509,0.061412
14.500000,7.150000,0.332488,1.298702,2.094706,0.080833,-0.084033,0.001652,-0.705396,0.571596,0.180776,0.051421,0.111054,-0.003729,0.296693,1.367636,2.074000,0.000000,0.000000,0.000000,-0.777432,0.563846,0.150000,0.000000,0.000000,0.000000,0.035795,-0.068933,0.020706,0.080833,-0.084033,0.001652,0.072036,0.007750,0.030776,0.080386,0.078717
14.510000,7.160000,0.327129,1.302931,2.095821,0.082060,-0.082700,0.001685,-0.707701,0.558342,0.179716,0.029792,0.110440,-0.003859,0.296693,1.367636,2.074000,0.000000,0.000000,0.000000,-0.777432,0.563846,0.150000,0.000000,0.000000,0.000000,0.030436,-0.064704,0.021821,0.082060,-0.082700,0.001685,0.069731,-0.005504,0.029716,0.074761,0.075999
14.520000,7.170000,0.318683,1.309530,2.097530,0.082616,-0.082050,0.001727,-0.720929,0.554103,0.180418,0.038532,0.126979,-0.004201,0.280215,1.379271,2.077150,0.000000,0.000000,0.000000,-0.791830,0.544201,0.150000,0.000000,0.000000,0.000000,0.038468,-0.069741,0.020380,0.082616,-0.082050,0.001727,0.070901,0.009902,0.030418,0.082213,0.077783
14.531000,7.181000,0.309570,1.316505,2.099527,0.083061,-0.081397,0.001778,-0.736044,0.551173,0.182357,0.043788,0.130215,-0.004537,0.280215,1.379271,2.077150,0.000000,0.000000,0.000000,-0.791830,0.544201,0.150000,0.000000,0.000000,0.000000,0.029355,-0.062766,0.022377,0.083061,-0.081397,0.001778,0.055786,0.006973,0.032357,0.072815,0.064867
14.540000,7.190000,0.302209,1.322017,2.101350,0.083968,-0.080193,0.001834,-0.744173,0.542873,0.183732,0.042065,0.132104,-0.004636,0.265050,1.389439,2.080000,0.000000,0.000000,0.000000,-0.804429,0.526049,0.150000,0.000000,0.000000,0.000000,0.037160,-0.067422,0.021350,0.083968,-0.080193,0.001834,0.060256,0.016825,0.033732,0.079890,0.071075
14.550000,7.200000,0.298318,1.324714,2.101967,0.085081,-0.077889,0.001896,-0.739384,0.524802,0.181106,0.001981,0.146387,-0.004567,0.265050,1.389439,2.080000,0.000000,0.000000,0.000000,-0.804429,0.526049,0.150000,0.000000,0.000000,0.000000,0.033268,-0.064725,0.021967,0.085081,-0.077889,0.001896,0.065046,-0.001247,0.031106,0.076018,0.072112
14.561000,7.211000,0.289985,1.330558,2.103561,0.086140,-0.077132,0.001948,-0.750582,0.518688,0.181402,0.048315,0.134614,-0.004495,0.248832,1.399766,2.083000,0.000000,0.000000,0.000000,-0.817241,0.506565,0.150000,0.000000,0.000000,0.000000,0.041153,-0.069208,0.020561,0.086140,-0.077132,0.001948,0.066659,0.012123,0.031402,0.083103,0.074676
14.570000,7.220000,0.282479,1.335745,2.105375,0.086617,-0.075787,0.002020,-0.758265,0.510102,0.182555,0.015907,0.133806,-0.004492,0.248832,1.399766,2.083000,0.000000,0.000000,0.000000,-0.817241,0.506565,0.150000,0.000000,0.000000,0.000000,0.033647,-0.064021,0.022375,0.086617,-0.075787,0.002020,0.058976,0.003537,0.032555,0.075706,0.067458
14.582000,7.232000,0.274934,1.340730,2.106656,0.087910,-0.074788,0.002071,-0.765741,0.501230,0.182121,0.063469,0.112431,-0.004277,0.232363,1.409699,2.086000,0.000000,0.000000,0.000000,-0.829581,0.486706,0.150000,0.000000,0.000000,0.000000,0.042571,-0.068970,0.020656,0.087910,-0.074788,0.002071,0.063839,0.014524,0.032121,0.083641,0.072926
14.590000,7.240000,0.267277,1.345742,2.108477,0.088540,-0.073664,0.002127,-0.773169,0.492490,0.183010,0.027506,0.119129,-0.004369,0.232363,1.409699,2.086000,0.000000,0.000000,0.000000,-0.829581,0.486706,0.150000,0.000000,0.000000,0.000000,0.034914,-0.063957,0.022477,0.088540,-0.073664,0.002127,0.056412,0.005784,0.033010,0.076254,0.065615
14.600000,7.250000,0.262173,1.348904,2.109350,0.090462,-0.072066,0.002174,-0.771070,0.477415,0.181109,0.070945,0.106093,-0.004141,0.213125,1.420627,2.089450,0.000000,0.000000,0.000000,-0.843172,0.463419,0.150000,0.000000,0.000000,0.000000,0.049048,-0.071722,0.019900,0.090462,-0.072066,0.002174,0.072102,0.013996,0.031109,0.089139,0.079765
14.610000,7.260000,0.253091,1.354486,2.111041,0.091392,-0.071674,0.002206,-0.783265,0.471564,0.181557,0.080501,0.098595,-0.004115,0.213125,1.420627,2.089450,0.000000,0.000000,0.000000,-0.843172,0.463419,0.150000,0.000000,0.000000,0.000000,0.039966,-0.066141,0.021591,0.091392,-0.071674,0.002206,0.059907,0.008145,0.031557,0.080237,0.068199
14.620000,7.270000,0.243234,1.360398,2.113050,0.092349,-0.071489,0.002235,-0.797763,0.466916,0.182921,0.089823,0.090671,-0.004050,0.198709,1.428356,2.092000,0.000000,0.000000,0.000000,-0.852798,0.445908,0.150000,0.000000,0.000000,0.000000,0.044525,-0.067958,0.021050,0.092349,-0.071489,0.002235,0.055036,0.021008,0.032921,0.083928,0.067483
14.630000,7.280000,0.234255,1.365599,2.114825,0.093559,-0.071042,0.002264,-0.808521,0.459709,0.183867,0.066906,0.091362,-0.004060,0.198709,1.428356,2.092000,0.000000,0.000000,0.000000,-0.852798,0.445908,0.150000,0.000000,0.000000,0.000000,0.035546,-0.062757,0.022825,0.093559,-0.071042,0.002264,0.044277,0.013801,0.033867,0.075650,0.057427
14.640000,7.290000,0.226170,1.370196,2.116664,0.094225,-0.070128,0.002309,-0.815590,0.450385,0.184966,-0.002300,0.107985,-0.004355,0.181544,1.437066,2.095000,0.000000,0.000000,0.000000,-0.863656,0.424993,0.150000,0.000000,0.000000,0.000000,0.044627,-0.066869,0.021664,0.094225,-0.070128,0.002309,0.048066,0.025392,0.034966,0.083261,0.064635
14.650000,7.300000,0.222855,1.371850,2.117100,0.096974,-0.068228,0.002345,-0.805139,0.430863,0.181021,0.089466,0.105796,-0.003894,0.181544,1.437066,2.095000,0.000000,0.000000,0.000000,-0.863656,0.424993,0.150000,0.000000,0.000000,0.000000,0.041312,-0.065216,0.022100,0.096974,-0.068228,0.002345,0.058517,0.005870,0.031021,0.080300,0.066490
14.660000,7.310000,0.216514,1.375167,2.118273,0.098411,-0.067049,0.002381,-0.805775,0.417848,0.179324,0.081639,0.108750,-0.003834,0.164166,1.445354,2.098000,0.000000,0.000000,0.000000,-0.874000,0.403750,0.150000,0.000000,0.000000,0.000000,0.052348,-0.070187,0.020273,0.098411,-0.067049,0.002381,0.068224,0.014098,0.029324,0.089875,0.075586
14.670000,7.320000,0.209309,1.378865,2.119629,0.099646,-0.066028,0.002424,-0.809447,0.406448,0.179108,0.029671,0.100618,-0.004199,0.164166,1.445354,2.098000,0.000000,0.000000,0.000000,-0.874000,0.403750,0.150000,0.000000,0.000000,0.000000,0.045143,-0.066489,0.021629,0.099646,-0.066028,0.002424,0.064552,0.002698,0.029108,0.083225,0.070863
14.682000,7.332000,0.199046,1.384003,2.121482,0.100279,-0.065745,0.002468,-0.823985,0.400647,0.180343,0.016089,0.112573,-0.004975,0.145703,1.453595,2.101150,0.000000,0.000000,0.000000,-0.884297,0.381106,0.150000,0.000000,0.000000,0.000000,0.053342,-0.069592,0.020332,0.100279,-0.065745,0.002468,0.060311,0.019541,0.030343,0.090010,0.070285
14.690000,7.340000,0.190806,1.388010,2.123286,0.100436,-0.064620,0.002531,-0.830543,0.390622,0.181715,-0.052016,0.125009,-0.005364,0.145703,1.453595,2.101150,0.000000,0.000000,0.000000,-0.884297,0.381106,0.150000,0.000000,0.000000,0.000000,0.045103,-0.065586,0.022136,0.100436,-0.064620,0.002531,0.053754,0.009516,0.031715,0.082618,0.063134
14.701000,7.351000,0.182109,1.392035,2.124681,0.101464,-0.063781,0.002578,-0.838495,0.381184,0.181855,-0.008171,0.121062,-0.005864,0.128817,1.460639,2.104000,0.000000,0.000000,0.000000,-0.893106,0.360333,0.150000,0.000000,0.000000,0.000000,0.053292,-0.068604,0.020681,0.101464,-0.063781,0.002578,0.054611,0.020851,0.031855,0.089298,0.066573
14.710000,7.360000,0.173724,1.395847,2.126500,0.101378,-0.062570,0.002643,-0.844827,0.371084,0.182788,-0.034954,0.133397,-0.006011,0.128817,1.460639,2.104000,0.000000,0.000000,0.000000,-0.893106,0.360333,0.150000,0.000000,0.000000,0.000000,0.044907,-0.064792,0.022500,0.101378,-0.062570,0.002643,0.048280,0.010752,0.032788,0.081981,0.059343
14.720000,7.370000,0.168069,1.398249,2.127407,0.102368,-0.060784,0.002698,-0.841031,0.356350,0.181045,0.005713,0.126276,-0.005968,0.108159,1.468635,2.107450,0.000000,0.000000,0.000000,-0.903116,0.334838,0.150000,0.000000,0.000000,0.000000,0.059910,-0.070386,0.019957,0.102368,-0.060784,0.002698,0.062085,0.021512,0.031045,0.094560,0.072671
14.731000,7.381000,0.158132,1.402416,2.129127,0.102468,-0.060122,0.002751,-0.852668,0.348592,0.181513,0.002801,0.129615,-0.005954,0.108159,1.468635,2.107450,0.000000,0.000000,0.000000,-0.903116,0.334838,0.150000,0.000000,0.000000,0.000000,0.049973,-0.066218,0.021677,0.102468,-0.060122,0.002751,0.050448,0.013754,0.031513,0.085744,0.061051
14.740000,7.390000,0.149605,1.405902,2.130942,0.102492,-0.058826,0.002824,-0.858621,0.338412,0.182249,-0.031397,0.142491,-0.006008,0.092747,1.474165,2.110000,0.000000,0.000000,0.000000,-0.910045,0.315760,0.150000,0.000000,0.000000,0.000000,0.056859,-0.068263,0.020942,0.102492,-0.058826,0.002824,0.051425,0.022652,0.032249,0.091276,0.064789
14.752000,7.402000,0.140931,1.409242,2.132287,0.103412,-0.057796,0.002882,-0.864874,0.328205,0.181884,0.006068,0.133232,-0.006109,0.092747,1.474165,2.110000,0.000000,0.000000,0.000000,-0.910045,0.315760,0.150000,0.000000,0.000000,0.000000,0.048185,-0.064923,0.022287,0.103412,-0.057796,0.002882,0.045171,0.012445,0.031884,0.083866,0.056674
14.760000,7.410000,0.132282,1.412524,2.134106,0.103469,-0.056464,0.002959,-0.870611,0.317901,0.182911,-0.044297,0.144782,-0.006243,0.073551,1.480546,2.113150,0.000000,0.000000,0.000000,-0.918048,0.291934,0.150000,0.000000,0.000000,0.000000,0.058732,-0.068022,0.020956,0.103469,-0.056464,0.002959,0.047437,0.025967,0.032911,0.092280,0.063306
14.770000,7.420000,0.126531,1.414540,2.135006,0.104985,-0.054513,0.003026,-0.865623,0.303464,0.181082,0.011618,0.139070,-0.006270,0.073551,1.480546,2.113150,0.000000,0.000000,0.000000,-0.918048,0.291934,0.150000,0.000000,0.000000,0.000000,0.052981,-0.066006,0.021856,0.104985,-0.054513,0.003026,0.052425,0.011530,0.031082,0.087415,0.062027
14.782000,7.432000,0.116346,1.418068,2.136715,0.105498,-0.053738,0.003092,-0.876656,0.294999,0.181665,0.015934,0.141773,-0.006341,0.054193,1.486424,2.116300,0.000000,0.000000,0.000000,-0.925424,0.267835,0.150000,0.000000,0.000000,0.000000,0.062153,-0.068356,0.020415,0.105498,-0.053738,0.003092,0.048768,0.027164,0.031665,0.094617,0.064178
14.791000,7.441000,0.105326,1.421753,2.138732,0.106033,-0.053066,0.003167,-0.890204,0.287236,0.183295,0.013097,0.136542,-0.006470,0.054193,1.486424,2.116300,0.000000,0.000000,0.000000,-0.925424,0.267835,0.150000,0.000000,0.000000,0.000000,0.051133,-0.064671,0.022432,0.106033,-0.053066,0.003167,0.035221,0.019400,0.033295,0.085441,0.052206
14.801000,7.451000,0.095328,1.424927,2.140515,0.106597,-0.052040,0.003241,-0.899447,0.277837,0.184188,0.006072,0.137427,-0.006707,0.035619,1.491549,2.119300,0.000000,0.000000,0.000000,-0.931860,0.244646,0.150000,0.000000,0.000000,0.000000,0.059709,-0.066622,0.021215,0.106597,-0.052040,0.003241,0.032413,0.033190,0.034188,0.091945,0.057628
14.812000,7.462000,0.085995,1.427733,2.142160,0.106603,-0.050756,0.003317,-0.905804,0.267428,0.184254,-0.050453,0.154474,-0.006959,0.035619,1.491549,2.119300,0.000000,0.000000,0.000000,-0.931860,0.244646,0.150000,0.000000,0.000000,0.000000,0.050376,-0.063816,0.022860,0.106603,-0.050756,0.003317,0.026056,0.022781,0.034254,0.084456,0.048696
14.821000,7.471000,0.076937,1.430407,2.144003,0.107765,-0.049515,0.003394,-0.910825,0.256781,0.184898,-0.000340,0.152157,-0.007136,0.016922,1.496209,2.122300,0.000000,0.000000,0.000000,-0.937714,0.221240,0.150000,0.000000,0.000000,0.000000,0.060015,-0.065801,0.021703,0.107765,-0.049515,0.003394,0.026888,0.035541,0.034898,0.091666,0.056604
14.830000,7.480000,0.071710,1.431648,2.144588,0.108637,-0.047067,0.003467,-0.901815,0.241479,0.181922,0.009743,0.158873,-0.007375,0.016922,1.496209,2.122300,0.000000,0.000000,0.000000,-0.937714,0.221240,0.150000,0.000000,0.000000,0.000000,0.054788,-0.064560,0.022288,0.108637,-0.047067,0.003467,0.035898,0.020239,0.031922,0.087559,0.052128
14.840000,7.490000,0.062692,1.434063,2.146407,0.108730,-0.045479,0.003567,-0.906459,0.230687,0.182617,-0.034108,0.177048,-0.007614,-0.000000,1.500000,2.125000,0.000000,0.000000,0.000000,-0.942478,0.200000,0.150000,0.000000,0.000000,0.000000,0.062692,-0.065937,0.021407,0.108730,-0.045479,0.003567,0.036019,0.030687,0.032617,0.093468,0.057471
14.850000,7.500000,0.057467,1.435264,2.147156,0.110055,-0.043113,0.003651,-0.897209,0.215938,0.180320,-0.004038,0.154186,-0.007660,-0.000000,1.500000,2.125000,0.000000,0.000000,0.000000,-0.942478,0.200000,0.150000,0.000000,0.000000,0.000000,0.057467,-0.064736,0.022156,0.110055,-0.043113,0.003651,0.045269,0.015938,0.030320,0.089354,0.056768
14.861000,7.511000,0.047257,1.437653,2.148786,0.110572,-0.041953,0.003738,-0.906059,0.206002,0.180655,0.000939,0.163530,-0.008130,-0.020793,1.504113,2.128300,0.000000,0.000000,0.000000,-0.947645,0.173833,0.150000,0.000000,0.000000,0.000000,0.068050,-0.066460,0.020486,0.110572,-0.041953,0.003738,0.041586,0.032169,0.030655,0.097300,0.060860
14.870000,7.520000,0.035933,1.440198,2.150776,0.110393,-0.040972,0.003834,-0.918463,0.196822,0.182266,-0.060610,0.160516,-0.008367,-0.020793,1.504113,2.128300,0.000000,0.000000,0.000000,-0.947645,0.173833,0.150000,0.000000,0.000000,0.000000,0.056726,-0.063914,0.022476,0.110393,-0.040972,0.003834,0.029183,0.022989,0.032266,0.088363,0.049206
14.881000,7.531000,0.025655,1.442346,2.152544,0.111481,-0.039665,0.003925,-0.926493,0.186479,0.183171,-0.005489,0.158496,-0.008757,-0.037884,1.507048,2.131000,0.000000,0.000000,0.000000,-0.951332,0.152267,0.150000,0.000000,0.000000,0.000000,0.063539,-0.064702,0.021544,0.111481,-0.039665,0.003925,0.024839,0.034212,0.033171,0.093207,0.053738
14.890000,7.540000,0.016059,1.444200,2.154181,0.111382,-0.038172,0.004011,-0.931596,0.175436,0.183346,-0.036807,0.163875,-0.008921,-0.037884,1.507048,2.131000,0.000000,0.000000,0.000000,-0.951332,0.152267,0.150000,0.000000,0.000000,0.000000,0.053943,-0.062847,0.023181,0.111382,-0.038172,0.004011,0.019736,0.023169,0.033346,0.086006,0.045147
14.900000,7.550000,0.006815,1.445849,2.155750,0.112419,-0.036636,0.004090,-0.935089,0.163998,0.183317,0.023628,0.161035,-0.009277,-0.056947,1.509852,2.134000,0.000000,0.000000,0.000000,-0.954851,0.128154,0.150000,0.000000,0.000000,0.000000,0.063762,-0.064003,0.021750,0.112419,-0.036636,0.004090,0.019762,0.035844,0.033317,0.092925,0.052776
14.911000,7.561000,-0.002263,1.447338,2.157285,0.113127,-0.035015,0.004166,-0.937685,0.152371,0.182931,0.023699,0.163873,-0.009646,-0.056947,1.509852,2.134000,0.000000,0.000000,0.000000,-0.954851,0.128154,0.150000,0.000000,0.000000,0.000000,0.054684,-0.062514,0.023285,0.113127,-0.035015,0.004166,0.017167,0.024217,0.032931,0.086259,0.044335
14.920000,7.570000,-0.011640,1.448862,2.159115,0.113360,-0.033376,0.004255,-0.941113,0.141157,0.183416,-0.020199,0.173176,-0.009791,-0.076074,1.512173,2.137000,0.000000,0.000000,0.000000,-0.957758,0.103897,0.150000,0.000000,0.000000,0.000000,0.064435,-0.063311,0.022115,0.113360,-0.033376,0.004255,0.016644,0.037259,0.033416,0.093001,0.052744
14.930000,7.580000,-0.014507,1.449079,2.159399,0.114973,-0.030101,0.004333,-0.920922,0.125661,0.179430,0.003581,0.165510,-0.009736,-0.076074,1.512173,2.137000,0.000000,0.000000,0.000000,-0.957758,0.103897,0.150000,0.000000,0.000000,0.000000,0.061568,-0.063093,0.022399,0.114973,-0.030101,0.004333,0.036835,0.021764,0.029430,0.090956,0.051929
14.940000,7.590000,-0.021448,1.449935,2.160523,0.115947,-0.027941,0.004414,-0.915806,0.112908,0.177993,0.007567,0.168478,-0.009778,-0.096213,1.514086,2.140150,0.000000,0.000000,0.000000,-0.960145,0.078290,0.150000,0.000000,0.000000,0.000000,0.074766,-0.064151,0.020373,0.115947,-0.027941,0.004414,0.044339,0.034618,0.027993,0.100600,0.062832
14.950000,7.600000,-0.029503,1.450883,2.161858,0.116787,-0.026072,0.004503,-0.914691,0.100778,0.177829,-0.008985,0.147603,-0.009838,-0.096213,1.514086,2.140150,0.000000,0.000000,0.000000,-0.960145,0.078290,0.150000,0.000000,0.000000,0.000000,0.066710,-0.063203,0.021708,0.116787,-0.026072,0.004503,0.045453,0.022488,0.027829,0.094425,0.057846
14.960000,7.610000,-0.041034,1.452133,2.163689,0.117301,-0.025179,0.004593,-0.926067,0.090178,0.179117,-0.024776,0.150235,-0.009796,-0.114472,1.515353,2.143000,0.000000,0.000000,0.000000,-0.961713,0.055016,0.150000,0.000000,0.000000,0.000000,0.073438,-0.063220,0.020689,0.117301,-0.025179,0.004593,0.035646,0.035163,0.029117,0.099085,0.057921
14.970000,7.620000,-0.050295,1.453035,2.165481,0.117052,-0.023675,0.004672,-0.928537,0.078440,0.180527,-0.097071,0.136587,-0.009975,-0.114472,1.515353,2.143000,0.000000,0.000000,0.000000,-0.961713,0.055016,0.150000,0.000000,0.000000,0.000000,0.064177,-0.062318,0.022481,0.117052,-0.023675,0.004672,0.033177,0.023425,0.030527,0.092237,0.050807
14.980000,7.630000,-0.057129,1.453561,2.166492,0.118036,-0.021372,0.004755,-0.922090,0.065823,0.179620,-0.043006,0.142823,-0.009944,-0.133718,1.516207,2.146000,0.000000,0.000000,0.000000,-0.962754,0.030422,0.150000,0.000000,0.000000,0.000000,0.076588,-0.062646,0.020492,0.118036,-0.021372,0.004755,0.040664,0.035401,0.029620,0.101046,0.061515
14.992000,7.642000,-0.070369,1.454493,2.168673,0.117946,-0.021214,0.004812,-0.938792,0.055096,0.182151,-0.073211,0.121523,-0.010149,-0.133718,1.516207,2.146000,0.000000,0.000000,0.000000,-0.962754,0.030422,0.150000,0.000000,0.000000,0.000000,0.063349,-0.061714,0.022673,0.117946,-0.021214,0.004812,0.023961,0.024674,0.032151,0.091300,0.047082
15.000000,7.650000,-0.079757,1.455044,2.170495,0.117213,-0.019995,0.004854,-0.940851,0.043353,0.183071,-0.107179,0.119193,-0.010376,-0.153941,1.516574,2.149150,0.000000,0.000000,0.000000,-0.963168,0.004512,0.150000,0.000000,0.000000,0.000000,0.074184,-0.061530,0.021345,0.117213,-0.019995,0.004854,0.022316,0.038841,0.033071,0.098716,0.055680
15.010000,7.660000,-0.084990,1.455186,2.171175,0.117825,-0.017557,0.004894,-0.927853,0.030693,0.180405,-0.048195,0.134122,-0.010672,-0.153941,1.516574,2.149150,0.000000,0.000000,0.000000,-0.963168,0.004512,0.150000,0.000000,0.000000,0.000000,0.068951,-0.061388,0.022025,0.117825,-0.017557,0.004894,0.035315,0.026181,0.030405,0.094910,0.053452
15.022000,7.672000,-0.095678,1.455494,2.172843,0.117923,-0.016873,0.004919,-0.934825,0.019163,0.180676,-0.034356,0.129457,-0.011220,-0.172240,1.516437,2.152000,0.000000,0.000000,0.000000,-0.962940,-0.018990,0.150000,0.000000,0.000000,0.000000,0.076562,-0.060942,0.020843,0.117923,-0.016873,0.004919,0.028116,0.038154,0.030676,0.100051,0.056455
15.030000,7.680000,-0.105026,1.455686,2.174649,0.117579,-0.015574,0.004960,-0.936451,0.007415,0.181670,-0.091267,0.122745,-0.011419,-0.172240,1.516437,2.152000,0.000000,0.000000,0.000000,-0.962940,-0.018990,0.150000,0.000000,0.000000,0.000000,0.067214,-0.060751,0.022649,0.117579,-0.015574,0.004960,0.026490,0.026406,0.031670,0.093388,0.049010
15.040000,7.690000,-0.111573,1.455674,2.175623,0.118363,-0.013605,0.004987,-0.927865,-0.004584,0.180209,-0.036006,0.115612,-0.011591,-0.191491,1.515809,2.155000,0.000000,0.000000,0.000000,-0.962080,-0.043777,0.150000,0.000000,0.000000,0.000000,0.079918,-0.060136,0.020623,0.118363,-0.013605,0.004987,0.034215,0.039192,0.030209,0.102120,0.060161
15.052000,7.702000,-0.122661,1.455589,2.177379,0.118655,-0.013041,0.005001,-0.935924,-0.016328,0.180794,-0.009179,0.122867,-0.011859,-0.191491,1.515809,2.155000,0.000000,0.000000,0.000000,-0.962080,-0.043777,0.150000,0.000000,0.000000,0.000000,0.068830,-0.060220,0.022379,0.118655,-0.013041,0.005001,0.026156,0.027448,0.030794,0.094153,0.048845
15.060000,7.710000,-0.134469,1.455365,2.179415,0.119027,-0.012593,0.005016,-0.946168,-0.028270,0.182181,-0.000992,0.121976,-0.012275,-0.211679,1.514616,2.158150,0.000000,0.000000,0.000000,-0.960489,-0.069836,0.150000,0.000000,0.000000,0.000000,0.077211,-0.059252,0.021265,0.119027,-0.012593,0.005016,0.014322,0.041566,0.032181,0.099621,0.054484
15.071000,7.721000,-0.145113,1.454999,2.181217,0.119500,-0.011753,0.005032,-0.951723,-0.040348,0.182986,-0.032384,0.122619,-0.012356,-0.211679,1.514616,2.158150,0.000000,0.000000,0.000000,-0.960489,-0.069836,0.150000,0.000000,0.000000,0.000000,0.066566,-0.059617,0.023067,0.119500,-0.011753,0.005032,0.008767,0.029488,0.032986,0.092289,0.045105
15.080000,7.730000,-0.154630,1.454596,2.183047,0.119175,-0.010521,0.005055,-0.952834,-0.052236,0.183846,-0.109739,0.125127,-0.012319,-0.229910,1.513065,2.161000,0.000000,0.000000,0.000000,-0.958441,-0.093427,0.150000,0.000000,0.000000,0.000000,0.075280,-0.058469,0.022047,0.119175,-0.010521,0.005055,0.005606,0.041192,0.033846,0.097835,0.053607
15.090000,7.740000,-0.158423,1.454229,2.183516,0.120306,-0.007710,0.005075,-0.933201,-0.063484,0.180314,-0.030740,0.138541,-0.012200,-0.229910,1.513065,2.161000,0.000000,0.000000,0.000000,-0.958441,-0.093427,0.150000,0.000000,0.000000,0.000000,0.071487,-0.058836,0.022516,0.120306,-0.007710,0.005075,0.025240,0.029944,0.030314,0.095284,0.049524
15.100000,7.750000,-0.168455,1.453462,2.185085,0.120598,-0.006698,0.005107,-0.936638,-0.075726,0.180077,-0.042023,0.149025,-0.011922,-0.249052,1.510948,2.164000,0.000000,0.000000,0.000000,-0.955658,-0.118258,0.150000,0.000000,0.000000,0.000000,0.080598,-0.057486,0.021085,0.120598,-0.006698,0.005107,0.019019,0.042533,0.030077,0.101218,0.055456
15.112000,7.762000,-0.180039,1.452492,2.187079,0.120701,-0.005878,0.005167,-0.945393,-0.088425,0.181520,-0.066613,0.144594,-0.011622,-0.249052,1.510948,2.164000,0.000000,0.000000,0.000000,-0.955658,-0.118258,0.150000,0.000000,0.000000,0.000000,0.069014,-0.058456,0.023079,0.120701,-0.005878,0.005167,0.010265,0.029834,0.031520,0.093341,0.044598
15.120000,7.770000,-0.189493,1.451608,2.188894,0.120035,-0.004429,0.005226,-0.945917,-0.100433,0.182398,-0.139547,0.140320,-0.011522,-0.269084,1.508191,2.167150,0.000000,0.000000,0.000000,-0.952042,-0.144311,0.150000,0.000000,0.000000,0.000000,0.079592,-0.056583,0.021744,0.120035,-0.004429,0.005226,0.006125,0.043879,0.032398,0.100047,0.054886
15.130000,7.780000,-0.194155,1.450980,2.189526,0.120514,-0.001499,0.005293,-0.929060,-0.110980,0.179553,-0.070084,0.158111,-0.011580,-0.269084,1.508191,2.167150,0.000000,0.000000,0.000000,-0.952042,-0.144311,0.150000,0.000000,0.000000,0.000000,0.074929,-0.057211,0.022376,0.120514,-0.001499,0.005293,0.022982,0.033331,0.029553,0.096892,0.050125
15.140000,7.790000,-0.204501,1.449675,2.191163,0.120295,-0.000346,0.005364,-0.933174,-0.123479,0.179717,-0.083923,0.161836,-0.011402,-0.287137,1.505226,2.170000,0.000000,0.000000,0.000000,-0.948158,-0.167850,0.150000,0.000000,0.000000,0.000000,0.082636,-0.055550,0.021163,0.120295,-0.000346,0.005364,0.014984,0.044370,0.029717,0.101796,0.055465
15.150000,7.800000,-0.213833,1.448440,2.192960,0.119971,0.001271,0.005447,-0.933144,-0.135462,0.180707,-0.093738,0.148215,-0.011425,-0.287137,1.505226,2.170000,0.000000,0.000000,0.000000,-0.948158,-0.167850,0.150000,0.000000,0.000000,0.000000,0.073304,-0.056785,0.022960,0.119971,0.001271,0.005447,0.015014,0.032388,0.030707,0.095526,0.047088
15.160000,7.810000,-0.220265,1.447432,2.193938,0.119408,0.003676,0.005527,-0.922582,-0.146076,0.179284,-0.102837,0.150008,-0.011348,-0.306054,1.501621,2.173000,0.000000,0.000000,0.000000,-0.943440,-0.192576,0.150000,0.000000,0.000000,0.000000,0.085789,-0.054189,0.020938,0.119408,0.003676,0.005527,0.020858,0.046500,0.029284,0.103608,0.058778
15.170000,7.820000,-0.228330,1.446123,2.195289,0.118845,0.005551,0.005606,-0.918095,-0.157309,0.178745,-0.099910,0.155811,-0.011377,-0.306054,1.501621,2.173000,0.000000,0.000000,0.000000,-0.943440,-0.192576,0.150000,0.000000,0.000000,0.000000,0.077725,-0.055498,0.022289,0.118845,0.005551,0.005606,0.025345,0.035267,0.028745,0.098071,0.052080
15.180000,7.830000,-0.236895,1.444644,2.196745,0.118267,0.007227,0.005681,-0.915402,-0.168696,0.178530,-0.102624,0.152728,-0.011381,-0.324870,1.497523,2.176000,0.000000,0.000000,0.000000,-0.938077,-0.217234,0.150000,0.000000,0.000000,0.000000,0.087975,-0.052879,0.020745,0.118267,0.007227,0.005681,0.022676,0.048538,0.028530,0.104720,0.060696
15.190000,7.840000,-0.245672,1.443027,2.198244,0.117702,0.008805,0.005749,-0.913403,-0.180155,0.178808,-0.096359,0.136044,-0.011604,-0.324870,1.497523,2.176000,0.000000,0.000000,0.000000,-0.938077,-0.217234,0.150000,0.000000,0.000000,0.000000,0.079199,-0.054496,0.022244,0.117702,0.008805,0.005749,0.024674,0.037079,0.028808,0.098677,0.053043
15.204000,7.854000,-0.257636,1.440687,2.200219,0.117359,0.009338,0.005803,-0.922994,-0.193678,0.180479,-0.086799,0.127763,-0.011765,-0.343573,1.492933,2.179000,0.000000,0.000000,0.000000,-0.932069,-0.241806,0.150000,0.000000,0.000000,0.000000,0.085937,-0.052245,0.021219,0.117359,0.009338,0.005803,0.009075,0.048128,0.030479,0.102786,0.057686
15.211000,7.861000,-0.269529,1.438189,2.202312,0.117151,0.009869,0.005842,-0.931805,-0.207333,0.182446,-0.075573,0.117981,-0.012029,-0.343573,1.492933,2.179000,0.000000,0.000000,0.000000,-0.932069,-0.241806,0.150000,0.000000,0.000000,0.000000,0.074044,-0.054743,0.023312,0.117151,0.009869,0.005842,0.000264,0.034473,0.032446,0.094989,0.047341
15.220000,7.870000,-0.278847,1.436116,2.204137,0.116395,0.011055,0.005860,-0.930751,-0.219004,0.183564,-0.116775,0.102820,-0.012486,-0.362149,1.487852,2.182000,0.000000,0.000000,0.000000,-0.925417,-0.266276,0.150000,0.000000,0.000000,0.000000,0.083302,-0.051735,0.022137,0.116395,0.011055,0.005860,-0.005333,0.047273,0.033564,0.100528,0.058221
15.230000,7.880000,-0.283774,1.434858,2.204849,0.116503,0.013528,0.005879,-0.913848,-0.227137,0.180747,-0.069395,0.128007,-0.012368,-0.362149,1.487852,2.182000,0.000000,0.000000,0.000000,-0.925417,-0.266276,0.150000,0.000000,0.000000,0.000000,0.078375,-0.052993,0.022849,0.116503,0.013528,0.005879,0.011570,0.039139,0.030747,0.097329,0.051099
15.240000,7.890000,-0.291315,1.432942,2.206131,0.115667,0.015186,0.005901,-0.906802,-0.237310,0.179674,-0.123215,0.137055,-0.012772,-0.380585,1.482282,2.185000,0.000000,0.000000,0.000000,-0.918123,-0.290627,0.150000,0.000000,0.000000,0.000000,0.089270,-0.049340,0.021131,0.115667,0.015186,0.005901,0.011320,0.053317,0.029674,0.104164,0.062060
15.250000,7.900000,-0.299572,1.430765,2.207559,0.116157,0.016383,0.005912,-0.902447,-0.248081,0.179348,-0.059198,0.111187,-0.012656,-0.380585,1.482282,2.185000,0.000000,0.000000,0.000000,-0.918123,-0.290627,0.150000,0.000000,0.000000,0.000000,0.081013,-0.051518,0.022559,0.116157,0.016383,0.005912,0.015676,0.042546,0.029348,0.098621,0.054011
15.260000,7.910000,-0.308120,1.428413,2.209051,0.116152,0.017645,0.005923,-0.899175,-0.259086,0.179213,-0.054355,0.114912,-0.012858,-0.399780,1.475912,2.188150,0.000000,0.000000,0.000000,-0.909774,-0.316049,0.150000,0.000000,0.000000,0.000000,0.091660,-0.047499,0.020901,0.116152,0.017645,0.005923,0.010599,0.056962,0.029213,0.105330,0.064888
15.270000,7.920000,-0.316794,1.425920,2.210572,0.116161,0.018906,0.005937,-0.896350,-0.270226,0.179391,-0.054722,0.120769,-0.013048,-0.399780,1.475912,2.188150,0.000000,0.000000,0.000000,-0.909774,-0.316049,0.150000,0.000000,0.000000,0.000000,0.082985,-0.049992,0.022422,0.116161,0.018906,0.005937,0.013424,0.045823,0.029391,0.099441,0.056069
15.281000,7.931000,-0.328555,1.422399,2.212569,0.116442,0.019295,0.005953,-0.904812,-0.284637,0.180953,-0.050516,0.127538,-0.013407,-0.416989,1.469690,2.191000,0.000000,0.000000,0.000000,-0.901614,-0.338904,0.150000,0.000000,0.000000,0.000000,0.088433,-0.047291,0.021569,0.116442,0.019295,0.005953,-0.003198,0.054267,0.030953,0.102577,0.062556
15.290000,7.940000,-0.337603,1.419552,2.214378,0.115937,0.020578,0.005968,-0.902818,-0.296214,0.181923,-0.108984,0.120706,-0.013618,-0.416989,1.469690,2.191000,0.000000,0.000000,0.000000,-0.901614,-0.338904,0.150000,0.000000,0.000000,0.000000,0.079385,-0.050137,0.023378,0.115937,0.020578,0.005968,-0.001204,0.042690,0.031923,0.096759,0.053320
15.300000,7.950000,-0.347143,1.416389,2.215866,0.116565,0.021823,0.005990,-0.902734,-0.308405,0.181922,-0.054785,0.132796,-0.013753,-0.434930,1.462672,2.194000,0.000000,0.000000,0.000000,-0.892405,-0.362796,0.150000,0.000000,0.000000,0.000000,0.087787,-0.046283,0.021866,0.116565,0.021823,0.005990,-0.010329,0.054391,0.031922,0.101621,0.063907
15.310000,7.960000,-0.358255,1.412573,2.217874,0.116749,0.022655,0.006018,-0.908154,-0.322539,0.182943,-0.042338,0.148166,-0.013939,-0.434930,1.462672,2.194000,0.000000,0.000000,0.000000,-0.892405,-0.362796,0.150000,0.000000,0.000000,0.000000,0.076675,-0.050099,0.023874,0.116749,0.022655,0.006018,-0.015749,0.040257,0.032943,0.094652,0.054350
15.320000,7.970000,-0.368259,1.408969,2.219656,0.116874,0.023906,0.006053,-0.909242,-0.335373,0.183045,-0.075079,0.156628,-0.014169,-0.452681,1.455179,2.197000,0.000000,0.000000,0.000000,-0.882562,-0.386502,0.150000,0.000000,0.000000,0.000000,0.084422,-0.046210,0.022656,0.116874,0.023906,0.006053,-0.026680,0.051129,0.033045,0.098872,0.066468
15.330000,7.980000,-0.377556,1.405463,2.221305,0.116965,0.025466,0.006099,-0.907581,-0.347395,0.182749,-0.074985,0.166487,-0.014304,-0.452681,1.455179,2.197000,0.000000,0.000000,0.000000,-0.882562,-0.386502,0.150000,0.000000,0.000000,0.000000,0.075125,-0.049716,0.024305,0.116965,0.025466,0.006099,-0.025018,0.039107,0.032749,0.093307,0.056813
15.340000,7.990000,-0.386632,1.401989,2.223132,0.116216,0.027136,0.006151,-0.904988,-0.358933,0.182981,-0.151707,0.170440,-0.014316,-0.470228,1.447214,2.200000,0.000000,0.000000,0.000000,-0.872091,-0.410004,0.150000,0.000000,0.000000,0.000000,0.083596,-0.045225,0.023132,0.116216,0.027136,0.006151,-0.032897,0.051071,0.032981,0.097820,0.069125
15.351000,8.001000,-0.391607,1.399776,2.223751,0.116490,0.030075,0.006217,-0.887700,-0.365400,0.179646,-0.075747,0.183677,-0.014108,-0.470228,1.447214,2.200000,0.000000,0.000000,0.000000,-0.872091,-0.410004,0.150000,0.000000,0.000000,0.000000,0.078621,-0.047437,0.023751,0.116490,0.030075,0.006217,-0.015609,0.044604,0.029646,0.094846,0.055786
15.360000,8.010000,-0.401856,1.395495,2.225607,0.116368,0.031667,0.006310,-0.889684,-0.379097,0.179999,-0.097093,0.202058,-0.013880,-0.487560,1.438780,2.203000,0.000000,0.000000,0.000000,-0.860995,-0.433287,0.150000,0.000000,0.000000,0.000000,0.085704,-0.043286,0.022607,0.116368,0.031667,0.006310,-0.028689,0.054190,0.029999,0.098641,0.068261
15.370000,8.020000,-0.410752,1.391704,2.227407,0.115401,0.033690,0.006407,-0.886461,-0.390623,0.180671,-0.161317,0.187390,-0.013942,-0.487560,1.438780,2.203000,0.000000,0.000000,0.000000,-0.860995,-0.433287,0.150000,0.000000,0.000000,0.000000,0.076808,-0.047077,0.024407,0.115401,0.033690,0.006407,-0.025466,0.042664,0.030671,0.093334,0.058390
15.383000,8.033000,-0.414520,1.389869,2.227924,0.114998,0.037328,0.006513,-0.864767,-0.394612,0.177594,-0.109353,0.197678,-0.013801,-0.506361,1.428969,2.206300,0.000000,0.000000,0.000000,-0.848072,-0.458624,0.150000,0.000000,0.000000,0.000000,0.091842,-0.039100,0.021624,0.114998,0.037328,0.006513,-0.016695,0.064012,0.027594,0.102134,0.071678
15.394000,8.044000,-0.423877,1.385510,2.229482,0.114505,0.039230,0.006629,-0.863773,-0.407354,0.177381,-0.090885,0.207797,-0.013690,-0.506361,1.428969,2.206300,0.000000,0.000000,0.000000,-0.848072,-0.458624,0.150000,0.000000,0.000000,0.000000,0.082485,-0.043458,0.023182,0.114505,0.039230,0.006629,-0.015701,0.051270,0.027381,0.096072,0.060207
15.400000,8.050000,-0.432514,1.381437,2.231256,0.113600,0.041310,0.006730,-0.859806,-0.418659,0.177801,-0.120169,0.195311,-0.013910,-0.521527,1.420529,2.209000,0.000000,0.000000,0.000000,-0.836945,-0.479126,0.150000,0.000000,0.000000,0.000000,0.089013,-0.039092,0.022256,0.113600,0.041310,0.006730,-0.022861,0.060467,0.027801,0.099734,0.070369
15.410000,8.060000,-0.438346,1.378512,2.232185,0.112803,0.044381,0.006851,-0.845740,-0.425372,0.176366,-0.123046,0.189502,-0.013680,-0.521527,1.420529,2.209000,0.000000,0.000000,0.000000,-0.836945,-0.479126,0.150000,0.000000,0.000000,0.000000,0.083181,-0.042016,0.023185,0.112803,0.044381,0.006851,-0.008795,0.053754,0.026366,0.096031,0.060515
15.420000,8.070000,-0.445700,1.374778,2.233495,0.112079,0.046800,0.006960,-0.837403,-0.434671,0.176082,-0.117800,0.183675,-0.013774,-0.538138,1.410720,2.212000,0.000000,0.000000,0.000000,-0.824002,-0.501650,0.150000,0.000000,0.000000,0.000000,0.092438,-0.035942,0.021495,0.112079,0.046800,0.006960,-0.013401,0.066978,0.026082,0.101482,0.073116
15.430000,8.080000,-0.453492,1.370721,2.234915,0.110806,0.048704,0.007025,-0.830714,-0.444735,0.176251,-0.154323,0.146007,-0.014316,-0.538138,1.410720,2.212000,0.000000,0.000000,0.000000,-0.824002,-0.501650,0.150000,0.000000,0.000000,0.000000,0.084646,-0.039999,0.022915,0.110806,0.048704,0.007025,-0.006712,0.056914,0.026251,0.096385,0.063035
15.442000,8.092000,-0.464227,1.364984,2.236819,0.111045,0.049991,0.007101,-0.834821,-0.460393,0.177827,-0.096039,0.151815,-0.014278,-0.554483,1.400465,2.215000,0.000000,0.000000,0.000000,-0.810454,-0.523887,0.150000,0.000000,0.000000,0.000000,0.090256,-0.035480,0.021819,0.111045,0.049991,0.007101,-0.024366,0.063495,0.027827,0.099404,0.073482
15.450000,8.100000,-0.474945,1.359066,2.238870,0.110935,0.050893,0.007139,-0.838478,-0.476170,0.179838,-0.067251,0.131928,-0.014638,-0.554483,1.400465,2.215000,0.000000,0.000000,0.000000,-0.810454,-0.523887,0.150000,0.000000,0.000000,0.000000,0.079538,-0.041399,0.023870,0.110935,0.050893,0.007139,-0.028023,0.047717,0.029838,0.092790,0.062869
15.460000,8.110000,-0.483330,1.354304,2.240668,0.110262,0.052220,0.007139,-0.833309,-0.487195,0.181042,-0.085861,0.102562,-0.015169,-0.554483,1.400465,2.215000,0.000000,0.000000,0.000000,-0.810454,-0.523887,0.150000,0.000000,0.000000,0.000000,0.071153,-0.046161,0.025668,0.110262,0.052220,0.007139,-0.022855,0.036692,0.031042,0.088614,0.053219
15.473000,8.123000,-0.489906,1.350316,2.241692,0.110168,0.054152,0.007142,-0.821913,-0.494794,0.178882,-0.088846,0.131656,-0.015141,-0.572937,1.388125,2.218450,0.000000,0.000000,0.000000,-0.794135,-0.549086,0.150000,0.000000,0.000000,0.000000,0.083032,-0.037808,0.023242,0.110168,0.054152,0.007142,-0.027777,0.054292,0.028882,0.094148,0.067479
15.482000,8.132000,-0.499684,1.344382,2.243609,0.110403,0.054891,0.007129,-0.822229,-0.509162,0.179384,-0.078611,0.118540,-0.015151,-0.586332,1.378634,2.221000,0.000000,0.000000,0.000000,-0.781571,-0.567441,0.150000,0.000000,0.000000,0.000000,0.086648,-0.034251,0.022609,0.110403,0.054891,0.007129,-0.040659,0.058279,0.029384,0.095876,0.076896
15.490000,8.140000,-0.507906,1.339291,2.245402,0.109616,0.056086,0.007109,-0.816686,-0.520082,0.180146,-0.135359,0.104414,-0.015540,-0.586332,1.378634,2.221000,0.000000,0.000000,0.000000,-0.781571,-0.567441,0.150000,0.000000,0.000000,0.000000,0.078426,-0.039343,0.024402,0.109616,0.056086,0.007109,-0.035115,0.047359,0.030146,0.091071,0.066217
15.500000,8.150000,-0.511549,1.336796,2.245986,0.109400,0.058621,0.007103,-0.794834,-0.521219,0.177362,-0.069454,0.108063,-0.014910,-0.604106,1.365301,2.224450,0.000000,0.000000,0.000000,-0.763900,-0.591887,0.150000,0.000000,0.000000,0.000000,0.092557,-0.028505,0.021536,0.109400,0.058621,0.007103,-0.030934,0.070668,0.027362,0.099213,0.081851
15.510000,8.160000,-0.520221,1.331014,2.247612,0.108836,0.059353,0.007069,-0.791820,-0.534001,0.177332,-0.114931,0.107986,-0.015185,-0.604106,1.365301,2.224450,0.000000,0.000000,0.000000,-0.763900,-0.591887,0.150000,0.000000,0.000000,0.000000,0.083885,-0.034287,0.023162,0.108836,0.059353,0.007069,-0.027920,0.057886,0.027332,0.093534,0.069838
15.521000,8.171000,-0.530029,1.324360,2.249612,0.109422,0.060196,0.007067,-0.792813,-0.549513,0.178392,-0.070943,0.130156,-0.014985,-0.616978,1.355087,2.227000,0.000000,0.000000,0.000000,-0.750349,-0.609658,0.150000,0.000000,0.000000,0.000000,0.086949,-0.030728,0.022612,0.109422,0.060196,0.007067,-0.042464,0.060145,0.028392,0.094950,0.078910
15.530000,8.180000,-0.538820,1.318194,2.251394,0.108876,0.061219,0.007059,-0.789943,-0.562744,0.179335,-0.118200,0.120745,-0.015320,-0.616978,1.355087,2.227000,0.000000,0.000000,0.000000,-0.750349,-0.609658,0.150000,0.000000,0.000000,0.000000,0.078158,-0.036893,0.024394,0.108876,0.061219,0.007059,-0.039594,0.046914,0.029335,0.089805,0.068038
15.540000,8.190000,-0.546719,1.312566,2.253188,0.109036,0.062807,0.007069,-0.783745,-0.573577,0.180276,-0.078783,0.135424,-0.015408,-0.631821,1.342688,2.230000,0.000000,0.000000,0.000000,-0.733880,-0.630227,0.150000,0.000000,0.000000,0.000000,0.085102,-0.030121,0.023188,0.109036,0.062807,0.007069,-0.049865,0.056650,0.030276,0.093206,0.081317
15.550000,8.200000,-0.549684,1.310179,2.253681,0.107805,0.065682,0.007083,-0.760004,-0.572253,0.176941,-0.093602,0.148380,-0.015580,-0.631821,1.342688,2.230000,0.000000,0.000000,0.000000,-0.733880,-0.630227,0.150000,0.000000,0.000000,0.000000,0.082137,-0.032509,0.023681,0.107805,0.065682,0.007083,-0.026124,0.057974,0.026941,0.091455,0.069060
15.560000,8.210000,-0.555582,1.305642,2.254884,0.107150,0.067729,0.007105,-0.747428,-0.578599,0.175758,-0.097495,0.157947,-0.015745,-0.646329,1.329881,2.233000,0.000000,0.000000,0.000000,-0.716850,-0.650415,0.150000,0.000000,0.000000,0.000000,0.090747,-0.024238,0.021884,0.107150,0.067729,0.007105,-0.030578,0.071816,0.025758,0.096444,0.082195
15.571000,8.221000,-0.562228,1.300450,2.256266,0.106592,0.069624,0.007136,-0.737770,-0.587056,0.175543,-0.106786,0.144371,-0.015808,-0.646329,1.329881,2.233000,0.000000,0.000000,0.000000,-0.716850,-0.650415,0.150000,0.000000,0.000000,0.000000,0.084101,-0.029430,0.023266,0.106592,0.069624,0.007136,-0.020919,0.063360,0.025543,0.092090,0.071446
15.580000,8.230000,-0.569149,1.294924,2.257721,0.106000,0.071493,0.007171,-0.729267,-0.596358,0.175539,-0.117426,0.150709,-0.015905,-0.660491,1.316674,2.236000,0.000000,0.000000,0.000000,-0.699269,-0.670207,0.150000,0.000000,0.000000,0.000000,0.091342,-0.021750,0.021721,0.106000,0.071493,0.007171,-0.029998,0.073849,0.025539,0.096376,0.083701
15.590000,8.240000,-0.576162,1.289187,2.259210,0.105300,0.073313,0.007205,-0.721201,-0.606049,0.175869,-0.121871,0.144629,-0.015987,-0.660491,1.316674,2.236000,0.000000,0.000000,0.000000,-0.699269,-0.670207,0.150000,0.000000,0.000000,0.000000,0.084330,-0.027487,0.023210,0.105300,0.073313,0.007205,-0.021932,0.064159,0.025869,0.091683,0.072571
15.600000,8.250000,-0.585632,1.281248,2.261174,0.104967,0.074265,0.007230,-0.722261,-0.623252,0.177578,-0.140826,0.135562,-0.015985,-0.674296,1.303075,2.239000,0.000000,0.000000,0.000000,-0.681144,-0.689588,0.150000,0.000000,0.000000,0.000000,0.088664,-0.021827,0.022174,0.104967,0.074265,0.007230,-0.041117,0.066336,0.027578,0.093965,0.082774
15.610000,8.260000,-0.592855,1.275015,2.262950,0.103557,0.075630,0.007213,-0.714767,-0.633645,0.178634,-0.188239,0.096040,-0.016162,-0.674296,1.303075,2.239000,0.000000,0.000000,0.000000,-0.681144,-0.689588,0.150000,0.000000,0.000000,0.000000,0.081441,-0.028060,0.023950,0.103557,0.075630,0.007213,-0.033623,0.055943,0.028634,0.089407,0.071275
15.620000,8.270000,-0.600408,1.268259,2.264443,0.102947,0.077098,0.007212,-0.708812,-0.645385,0.178832,-0.157839,0.105359,-0.015770,-0.687733,1.289093,2.242000,0.000000,0.000000,0.000000,-0.662486,-0.708544,0.150000,0.000000,0.000000,0.000000,0.087326,-0.020834,0.022443,0.102947,0.077098,0.007212,-0.046326,0.063158,0.028832,0.092539,0.083465
15.630000,8.280000,-0.607496,1.261805,2.266231,0.101365,0.078162,0.007163,-0.701077,-0.655523,0.179392,-0.184218,0.088449,-0.015916,-0.687733,1.289093,2.242000,0.000000,0.000000,0.000000,-0.662486,-0.708544,0.150000,0.000000,0.000000,0.000000,0.080238,-0.027288,0.024231,0.101365,0.078162,0.007163,-0.038591,0.053021,0.029392,0.088147,0.071863
15.640000,8.290000,-0.614185,1.255428,2.267574,0.100446,0.079464,0.007128,-0.692292,-0.664825,0.178640,-0.144864,0.100697,-0.015831,-0.700792,1.274736,2.245000,0.000000,0.000000,0.000000,-0.643305,-0.727059,0.150000,0.000000,0.000000,0.000000,0.086607,-0.019308,0.022574,0.100446,0.079464,0.007128,-0.048987,0.062234,0.028640,0.091559,0.084220
15.650000,8.300000,-0.622587,1.247310,2.269552,0.099732,0.080108,0.007078,-0.689802,-0.679980,0.179614,-0.141798,0.096824,-0.016218,-0.700792,1.274736,2.245000,0.000000,0.000000,0.000000,-0.643305,-0.727059,0.150000,0.000000,0.000000,0.000000,0.078205,-0.027426,0.024552,0.099732,0.080108,0.007078,-0.046498,0.047079,0.029614,0.086435,0.072495
15.661000,8.311000,-0.630102,1.239812,2.271327,0.098882,0.081012,0.007026,-0.684103,-0.692255,0.179967,-0.134118,0.097105,-0.016443,-0.715329,1.257774,2.248450,0.000000,0.000000,0.000000,-0.620613,-0.747788,0.150000,0.000000,0.000000,0.000000,0.085227,-0.017962,0.022877,0.098882,0.081012,0.007026,-0.063490,0.055533,0.029967,0.090053,0.089515
15.671000,8.321000,-0.637033,1.232674,2.272985,0.097965,0.082100,0.006974,-0.676403,-0.702680,0.179879,-0.152309,0.101818,-0.016415,-0.715329,1.257774,2.248450,0.000000,0.000000,0.000000,-0.620613,-0.747788,0.150000,0.000000,0.000000,0.000000,0.078296,-0.025100,0.024535,0.097965,0.082100,0.006974,-0.055790,0.045108,0.029879,0.085803,0.077717
15.680000,8.330000,-0.643797,1.225647,2.274784,0.097013,0.083314,0.006929,-0.668196,-0.712302,0.180207,-0.155112,0.107496,-0.016293,-0.725733,1.244935,2.251000,0.000000,0.000000,0.000000,-0.603414,-0.762711,0.150000,0.000000,0.000000,0.000000,0.081936,-0.019287,0.023784,0.097013,0.083314,0.006929,-0.064782,0.050409,0.030207,0.087471,0.087465
15.690000,8.340000,-0.647344,1.221498,2.275473,0.095108,0.085359,0.006891,-0.648813,-0.711066,0.177260,-0.160576,0.118100,-0.015971,-0.725733,1.244935,2.251000,0.000000,0.000000,0.000000,-0.603414,-0.762711,0.150000,0.000000,0.000000,0.000000,0.078389,-0.023437,0.024473,0.095108,0.085359,0.006891,-0.045399,0.051645,0.027260,0.085399,0.073969
15.701000,8.351000,-0.654810,1.213217,2.277348,0.094270,0.086414,0.006863,-0.643928,-0.724590,0.177846,-0.171403,0.127747,-0.015689,-0.737595,1.229508,2.254000,0.000000,0.000000,0.000000,-0.582726,-0.779819,0.150000,0.000000,0.000000,0.000000,0.082785,-0.016291,0.023348,0.094270,0.086414,0.006863,-0.061201,0.055229,0.027846,0.087544,0.087013
15.710000,8.360000,-0.661250,1.205971,2.279126,0.092553,0.087701,0.006827,-0.635272,-0.733867,0.178487,-0.213281,0.104007,-0.015672,-0.737595,1.229508,2.254000,0.000000,0.000000,0.000000,-0.582726,-0.779819,0.150000,0.000000,0.000000,0.000000,0.076346,-0.023537,0.025126,0.092553,0.087701,0.006827,-0.052545,0.045952,0.028487,0.083750,0.075393
15.720000,8.370000,-0.663875,1.202672,2.279695,0.090578,0.090369,0.006809,-0.613190,-0.728490,0.175591,-0.172508,0.121844,-0.015425,-0.749039,1.213745,2.257000,0.000000,0.000000,0.000000,-0.561559,-0.796432,0.150000,0.000000,0.000000,0.000000,0.085164,-0.011073,0.022695,0.090578,0.090369,0.006809,-0.051630,0.067942,0.025591,0.088829,0.089088
15.730000,8.380000,-0.670484,1.194684,2.281306,0.089399,0.091661,0.006800,-0.606151,-0.739902,0.175537,-0.164367,0.137275,-0.015008,-0.749039,1.213745,2.257000,0.000000,0.000000,0.000000,-0.561559,-0.796432,0.150000,0.000000,0.000000,0.000000,0.078556,-0.019061,0.024306,0.089399,0.091661,0.006800,-0.044591,0.056530,0.025537,0.084410,0.076395
15.741000,8.391000,-0.677979,1.185484,2.283288,0.088458,0.092805,0.006796,-0.602311,-0.755174,0.176570,-0.166883,0.142725,-0.014799,-0.760055,1.197655,2.260000,0.000000,0.000000,0.000000,-0.539925,-0.812535,0.150000,0.000000,0.000000,0.000000,0.082076,-0.012170,0.023288,0.088458,0.092805,0.006796,-0.062387,0.057361,0.026570,0.086180,0.088817
15.750000,8.400000,-0.684002,1.177932,2.285054,0.086787,0.094240,0.006775,-0.593004,-0.763889,0.177447,-0.198914,0.105059,-0.014965,-0.760055,1.197655,2.260000,0.000000,0.000000,0.000000,-0.539925,-0.812535,0.150000,0.000000,0.000000,0.000000,0.076053,-0.019722,0.025054,0.086787,0.094240,0.006775,-0.053079,0.048646,0.027447,0.082467,0.077053
15.762000,8.412000,-0.688380,1.172034,2.286040,0.085201,0.096455,0.006770,-0.578179,-0.766175,0.176025,-0.172765,0.122604,-0.014875,-0.771150,1.180419,2.263150,0.000000,0.000000,0.000000,-0.516719,-0.828881,0.150000,0.000000,0.000000,0.000000,0.082770,-0.008385,0.022890,0.085201,0.096455,0.006770,-0.061461,0.062706,0.026025,0.086285,0.091579
15.770000,8.420000,-0.695217,1.162899,2.287941,0.084296,0.097671,0.006755,-0.572472,-0.779844,0.176927,-0.158216,0.128765,-0.014846,-0.771150,1.180419,2.263150,0.000000,0.000000,0.000000,-0.516719,-0.828881,0.150000,0.000000,0.000000,0.000000,0.075934,-0.017520,0.024791,0.084296,0.097671,0.006755,-0.055754,0.049036,0.026927,0.081777,0.078982
15.780000,8.430000,-0.700941,1.155100,2.289710,0.082710,0.098967,0.006715,-0.562722,-0.788109,0.177413,-0.181487,0.105077,-0.015020,-0.780765,1.164534,2.266000,0.000000,0.000000,0.000000,-0.495302,-0.843161,0.150000,0.000000,0.000000,0.000000,0.079824,-0.009433,0.023710,0.082710,0.098967,0.006715,-0.067420,0.055052,0.027413,0.083803,0.091256
15.791000,8.441000,-0.704776,1.149416,2.290615,0.081145,0.100943,0.006686,-0.546655,-0.788309,0.175145,-0.160424,0.109134,-0.015005,-0.780765,1.164534,2.266000,0.000000,0.000000,0.000000,-0.495302,-0.843161,0.150000,0.000000,0.000000,0.000000,0.075989,-0.015117,0.024615,0.081145,0.100943,0.006686,-0.051353,0.054851,0.025145,0.081294,0.079234
15.800000,8.450000,-0.710243,1.141533,2.292367,0.079535,0.102043,0.006625,-0.536607,-0.796241,0.175397,-0.196617,0.076458,-0.015141,-0.791385,1.145808,2.269300,0.000000,0.000000,0.000000,-0.470020,-0.859077,0.150000,0.000000,0.000000,0.000000,0.081142,-0.004275,0.023067,0.079535,0.102043,0.006625,-0.066587,0.062836,0.025397,0.084465,0.095012
15.812000,8.462000,-0.714852,1.134457,2.293554,0.078529,0.103713,0.006580,-0.523909,-0.800926,0.174581,-0.150234,0.096656,-0.015276,-0.791385,1.145808,2.269300,0.000000,0.000000,0.000000,-0.470020,-0.859077,0.150000,0.000000,0.000000,0.000000,0.076532,-0.011351,0.024254,0.078529,0.103713,0.006580,-0.053889,0.058151,0.024581,0.081082,0.083005
15.824000,8.474000,-0.721139,1.124776,2.295466,0.077807,0.104560,0.006522,-0.517431,-0.814709,0.176020,-0.152348,0.086534,-0.015239,-0.799656,1.130231,2.272000,0.000000,0.000000,0.000000,-0.448961,-0.871595,0.150000,0.000000,0.000000,0.000000,0.078517,-0.005455,0.023466,0.077807,0.104560,0.006522,-0.068470,0.056886,0.026020,0.082130,0.092743
15.830000,8.480000,-0.726313,1.116628,2.297226,0.076274,0.105435,0.006436,-0.506955,-0.822363,0.176967,-0.184559,0.054586,-0.015244,-0.799656,1.130231,2.272000,0.000000,0.000000,0.000000,-0.448961,-0.871595,0.150000,0.000000,0.000000,0.000000,0.073343,-0.013603,0.025226,0.076274,0.105435,0.006436,-0.057994,0.049232,0.026967,0.078743,0.080712
15.840000,8.490000,-0.728566,1.112698,2.297832,0.074219,0.107543,0.006369,-0.486375,-0.814477,0.174530,-0.153458,0.076895,-0.015211,-0.808398,1.112664,2.275000,0.000000,0.000000,0.000000,-0.425180,-0.884961,0.150000,0.000000,0.000000,0.000000,0.079832,0.000033,0.022832,0.074219,0.107543,0.006369,-0.061196,0.070484,0.024530,0.083033,0.096513
15.850000,8.500000,-0.733891,1.103655,2.299434,0.073313,0.108258,0.006294,-0.477620,-0.825035,0.174577,-0.148341,0.082331,-0.014996,-0.808398,1.112664,2.275000,0.000000,0.000000,0.000000,-0.425180,-0.884961,0.150000,0.000000,0.000000,0.000000,0.074507,-0.009009,0.024434,0.073313,0.108258,0.006294,-0.052440,0.059926,0.024577,0.078927,0.083337
15.860000,8.510000,-0.739820,1.093371,2.301390,0.072640,0.108818,0.006215,-0.471149,-0.839597,0.175660,-0.150807,0.078333,-0.014874,-0.816661,1.094836,2.278000,0.000000,0.000000,0.000000,-0.401009,-0.897744,0.150000,0.000000,0.000000,0.000000,0.076841,-0.001465,0.023390,0.072640,0.108818,0.006215,-0.070139,0.058147,0.025660,0.080335,0.094652
15.870000,8.520000,-0.744531,1.084975,2.303147,0.071121,0.109610,0.006123,-0.460260,-0.846733,0.176556,-0.180785,0.045688,-0.014785,-0.816661,1.094836,2.278000,0.000000,0.000000,0.000000,-0.401009,-0.897744,0.150000,0.000000,0.000000,0.000000,0.072129,-0.009861,0.025147,0.071121,0.109610,0.006123,-0.059251,0.051011,0.026556,0.077021,0.082571
15.884000,8.534000,-0.747928,1.078432,2.304093,0.069649,0.111020,0.006046,-0.445206,-0.846853,0.175067,-0.155324,0.062287,-0.014648,-0.824436,1.076759,2.281000,0.000000,0.000000,0.000000,-0.376465,-0.909933,0.150000,0.000000,0.000000,0.000000,0.076508,0.001673,0.023093,0.069649,0.111020,0.006046,-0.068741,0.063080,0.025067,0.079935,0.096606
15.893000,8.543000,-0.753196,1.068333,2.305964,0.068542,0.111349,0.005943,-0.437186,-0.859604,0.176313,-0.185303,0.029642,-0.014567,-0.824436,1.076759,2.281000,0.000000,0.000000,0.000000,-0.376465,-0.909933,0.150000,0.000000,0.000000,0.000000,0.071240,-0.008426,0.024964,0.068542,0.111349,0.005943,-0.060721,0.050328,0.026313,0.075956,0.083141
15.900000,8.550000,-0.757567,1.059737,2.307727,0.067532,0.112557,0.005859,-0.426011,-0.866369,0.177261,-0.143620,0.085472,-0.014319,-0.832417,1.056599,2.284300,0.000000,0.000000,0.000000,-0.349051,-0.922641,0.150000,0.000000,0.000000,0.000000,0.074850,0.003138,0.023427,0.067532,0.112557,0.005859,-0.076960,0.056272,0.027261,0.078493,0.099159
15.912000,8.562000,-0.760447,1.053504,2.308596,0.065613,0.113752,0.005783,-0.410151,-0.864243,0.174802,-0.174927,0.056938,-0.014201,-0.832417,1.056599,2.284300,0.000000,0.000000,0.000000,-0.349051,-0.922641,0.150000,0.000000,0.000000,0.000000,0.071970,-0.003095,0.024296,0.065613,0.113752,0.005783,-0.061100,0.058398,0.024802,0.076024,0.088083
15.920000,8.570000,-0.765261,1.043265,2.310460,0.064304,0.114058,0.005679,-0.401566,-0.876431,0.175309,-0.222752,0.018865,-0.014030,-0.838496,1.039902,2.287000,0.000000,0.000000,0.000000,-0.326312,-0.932485,0.150000,0.000000,0.000000,0.000000,0.073235,0.003363,0.023460,0.064304,0.114058,0.005679,-0.075254,0.056054,0.025309,0.076975,0.097189
15.930000,8.580000,-0.769276,1.034501,2.312213,0.063458,0.115520,0.005597,-0.390125,-0.882788,0.176156,-0.150847,0.077206,-0.014254,-0.838496,1.039902,2.287000,0.000000,0.000000,0.000000,-0.326312,-0.932485,0.150000,0.000000,0.000000,0.000000,0.069220,-0.005402,0.025213,0.063458,0.115520,0.005597,-0.063813,0.049697,0.026156,0.073866,0.085006
15.940000,8.590000,-0.770905,1.030447,2.312788,0.060759,0.117132,0.005519,-0.370560,-0.871876,0.173552,-0.157190,0.078251,-0.014296,-0.844767,1.021148,2.290000,0.000000,0.000000,0.000000,-0.300733,-0.942827,0.150000,0.000000,0.000000,0.000000,0.073862,0.009299,0.022788,0.060759,0.117132,0.005519,-0.069827,0.070952,0.023552,0.077855,0.102297
15.953000,8.603000,-0.774921,1.020830,2.314401,0.059612,0.117938,0.005442,-0.360311,-0.881144,0.173708,-0.183892,0.072881,-0.014088,-0.844767,1.021148,2.290000,0.000000,0.000000,0.000000,-0.300733,-0.942827,0.150000,0.000000,0.000000,0.000000,0.069846,-0.000318,0.024401,0.059612,0.117938,0.005442,-0.059578,0.061683,0.023708,0.073987,0.088974
15.960000,8.610000,-0.779386,1.009854,2.316376,0.058641,0.118648,0.005362,-0.351828,-0.894845,0.174918,-0.197323,0.069954,-0.013844,-0.851342,0.999334,2.293450,0.000000,0.000000,0.000000,-0.270931,-0.953936,0.150000,0.000000,0.000000,0.000000,0.071956,0.010521,0.022926,0.058641,0.118648,0.005362,-0.080897,0.059091,0.024918,0.076249,0.103232
15.970000,8.620000,-0.782905,1.000906,2.318126,0.056656,0.119355,0.005265,-0.339969,-0.900597,0.175868,-0.206001,0.034718,-0.013469,-0.851342,0.999334,2.293450,0.000000,0.000000,0.000000,-0.270931,-0.953936,0.150000,0.000000,0.000000,0.000000,0.068437,0.001572,0.024676,0.056656,0.119355,0.005265,-0.069038,0.053339,0.025868,0.072767,0.090997
15.980000,8.630000,-0.785377,0.993961,2.319128,0.054637,0.120786,0.005185,-0.324940,-0.898824,0.174616,-0.177051,0.061810,-0.013373,-0.855759,0.983051,2.296000,0.000000,0.000000,0.000000,-0.248650,-0.961599,0.150000,0.000000,0.000000,0.000000,0.070382,0.010910,0.023128,0.054637,0.120786,0.005185,-0.076290,0.062775,0.024616,0.074883,0.101817
15.990000,8.640000,-0.788626,0.984973,2.320874,0.052974,0.121737,0.005107,-0.312909,-0.904161,0.175218,-0.172391,0.072768,-0.012522,-0.855759,0.983051,2.296000,0.000000,0.000000,0.000000,-0.248650,-0.961599,0.150000,0.000000,0.000000,0.000000,0.067132,0.001922,0.024874,0.052974,0.121737,0.005107,-0.064259,0.057438,0.025218,0.071618,0.089801
16.000000,8.650000,-0.791331,0.976837,2.322090,0.051189,0.122589,0.005037,-0.299543,-0.906167,0.174260,-0.164129,0.070528,-0.011841,-0.860689,0.962763,2.299150,0.000000,0.000000,0.000000,-0.220846,-0.970413,0.150000,0.000000,0.000000,0.000000,0.069358,0.014074,0.022940,0.051189,0.122589,0.005037,-0.078697,0.064246,0.024260,0.074397,0.104447
16.013000,8.663000,-0.794929,0.965865,2.324007,0.050239,0.123266,0.004968,-0.289641,-0.918125,0.175420,-0.163968,0.052674,-0.011617,-0.860689,0.962763,2.299150,0.000000,0.000000,0.000000,-0.220846,-0.970413,0.150000,0.000000,0.000000,0.000000,0.065760,0.003101,0.024857,0.050239,0.123266,0.004968,-0.068794,0.052288,0.025420,0.070370,0.090072
16.020000,8.670000,-0.797825,0.956684,2.325761,0.048588,0.123798,0.004877,-0.277367,-0.923029,0.176065,-0.177446,0.015804,-0.011457,-0.864839,0.943277,2.302150,0.000000,0.000000,0.000000,-0.194094,-0.978128,0.150000,0.000000,0.000000,0.000000,0.067014,0.013407,0.023611,0.048588,0.123798,0.004877,-0.083272,0.055100,0.026065,0.072305,0.103197
16.031000,8.681000,-0.799703,0.949906,2.326699,0.046719,0.125120,0.004811,-0.262098,-0.919038,0.173932,-0.161848,0.059628,-0.011278,-0.864839,0.943277,2.302150,0.000000,0.000000,0.000000,-0.194094,-0.978128,0.150000,0.000000,0.000000,0.000000,0.065136,0.006629,0.024549,0.046719,0.125120,0.004811,-0.068003,0.059090,0.023932,0.069924,0.093214
16.040000,8.690000,-0.802776,0.938996,2.328577,0.045815,0.125724,0.004742,-0.251449,-0.929847,0.174597,-0.160474,0.054155,-0.010832,-0.868283,0.924628,2.305000,0.000000,0.000000,0.000000,-0.168450,-0.984838,0.150000,0.000000,0.000000,0.000000,0.065508,0.014368,0.023577,0.045815,0.125724,0.004742,-0.083000,0.054991,0.024597,0.071088,0.102557
16.050000,8.700000,-0.805290,0.929697,2.330323,0.044200,0.126269,0.004658,-0.238910,-0.934323,0.175435,-0.173993,0.019551,-0.010812,-0.868283,0.924628,2.305000,0.000000,0.000000,0.000000,-0.168450,-0.984838,0.150000,0.000000,0.000000,0.000000,0.062993,0.005069,0.025323,0.044200,0.126269,0.004658,-0.070460,0.050514,0.025435,0.068081,0.090351
16.060000,8.710000,-0.806237,0.925411,2.330913,0.041572,0.127670,0.004591,-0.221247,-0.920529,0.172886,-0.155418,0.041286,-0.010513,-0.871380,0.904866,2.308000,0.000000,0.000000,0.000000,-0.141229,-0.991240,0.150000,0.000000,0.000000,0.000000,0.065143,0.020545,0.022913,0.041572,0.127670,0.004591,-0.080018,0.070711,0.022886,0.072047,0.109209
16.070000,8.720000,-0.808619,0.915256,2.332520,0.040516,0.128212,0.004526,-0.209453,-0.928161,0.173035,-0.159084,0.050496,-0.010135,-0.871380,0.904866,2.308000,0.000000,0.000000,0.000000,-0.141229,-0.991240,0.150000,0.000000,0.000000,0.000000,0.062761,0.010390,0.024520,0.040516,0.128212,0.004526,-0.068223,0.063078,0.023035,0.068177,0.095728
16.080000,8.730000,-0.811213,0.903693,2.334481,0.039721,0.128699,0.004458,-0.198650,-0.940440,0.174215,-0.162880,0.047974,-0.009814,-0.873931,0.884983,2.311000,0.000000,0.000000,0.000000,-0.113793,-0.996957,0.150000,0.000000,0.000000,0.000000,0.062718,0.018710,0.023481,0.039721,0.128699,0.004458,-0.084856,0.056517,0.024215,0.069534,0.104791
16.090000,8.740000,-0.813199,0.894289,2.336223,0.038082,0.129182,0.004379,-0.185806,-0.944319,0.175148,-0.170934,0.012242,-0.009917,-0.873931,0.884983,2.311000,0.000000,0.000000,0.000000,-0.113793,-0.996957,0.150000,0.000000,0.000000,0.000000,0.060732,0.009306,0.025223,0.038082,0.129182,0.004379,-0.072012,0.052639,0.025148,0.066417,0.092677
16.100000,8.750000,-0.814018,0.889521,2.336881,0.035440,0.130394,0.004314,-0.169292,-0.931287,0.172897,-0.156888,0.032799,-0.009680,-0.875931,0.864992,2.314000,0.000000,0.000000,0.000000,-0.086159,-1.001984,0.150000,0.000000,0.000000,0.000000,0.061913,0.024529,0.022881,0.035440,0.130394,0.004314,-0.083132,0.070697,0.022897,0.070416,0.111505
16.110000,8.760000,-0.815364,0.881883,2.338118,0.033550,0.131101,0.004247,-0.155236,-0.928812,0.171991,-0.162092,0.043682,-0.009446,-0.875931,0.864992,2.314000,0.000000,0.000000,0.000000,-0.086159,-1.001984,0.150000,0.000000,0.000000,0.000000,0.060567,0.016891,0.024118,0.033550,0.131101,0.004247,-0.069077,0.073172,0.021991,0.067345,0.103002
16.120000,8.770000,-0.816769,0.873422,2.339503,0.031900,0.131701,0.004180,-0.141835,-0.929213,0.171537,-0.162788,0.041331,-0.009253,-0.877376,0.844908,2.317000,0.000000,0.000000,0.000000,-0.058344,-1.006312,0.150000,0.000000,0.000000,0.000000,0.060607,0.028514,0.022503,0.031900,0.131701,0.004180,-0.083490,0.077100,0.021537,0.070659,0.115667
16.130000,8.780000,-0.818620,0.861497,2.341387,0.031257,0.132078,0.004119,-0.130517,-0.942069,0.173135,-0.143366,0.026610,-0.009012,-0.877376,0.844908,2.317000,0.000000,0.000000,0.000000,-0.058344,-1.006312,0.150000,0.000000,0.000000,0.000000,0.058756,0.016589,0.024387,0.031257,0.132078,0.004119,-0.072172,0.064243,0.023135,0.065744,0.099354
16.142000,8.792000,-0.820308,0.849386,2.343410,0.030610,0.132168,0.004040,-0.118834,-0.954984,0.175096,-0.135632,-0.010813,-0.009137,-0.878264,0.824744,2.320000,0.000000,0.000000,0.000000,-0.030366,-1.009938,0.150000,0.000000,0.000000,0.000000,0.057956,0.024641,0.023410,0.030610,0.132168,0.004040,-0.088468,0.054954,0.025096,0.067187,0.107127
16.150000,8.800000,-0.821496,0.839836,2.345161,0.029110,0.133122,0.003976,-0.105617,-0.957957,0.175989,-0.153748,0.026963,-0.008622,-0.878264,0.824744,2.320000,0.000000,0.000000,0.000000,-0.030366,-1.009938,0.150000,0.000000,0.000000,0.000000,0.056767,0.015091,0.025161,0.029110,0.133122,0.003976,-0.075251,0.051981,0.025989,0.063901,0.095079
16.160000,8.810000,-0.822248,0.832129,2.346204,0.027285,0.133629,0.003917,-0.091506,-0.954178,0.174791,-0.148465,0.022603,-0.008332,-0.878590,0.804515,2.323000,0.000000,0.000000,0.000000,-0.002243,-1.012854,0.150000,0.000000,0.000000,0.000000,0.056342,0.027614,0.023204,0.027285,0.133629,0.003917,-0.089263,0.058676,0.024791,0.066898,0.109660
16.170000,8.820000,-0.823319,0.820712,2.348097,0.026490,0.134034,0.003854,-0.078937,-0.963678,0.175591,-0.153210,0.018280,-0.008111,-0.878590,0.804515,2.323000,0.000000,0.000000,0.000000,-0.002243,-1.012854,0.150000,0.000000,0.000000,0.000000,0.055271,0.016197,0.025097,0.026490,0.134034,0.003854,-0.076693,0.049176,0.025591,0.062826,0.094631
16.181000,8.831000,-0.824126,0.810247,2.349800,0.025367,0.134432,0.003792,-0.065827,-0.969279,0.175807,-0.155642,0.013688,-0.007857,-0.878352,0.784235,2.326000,0.000000,0.000000,0.000000,0.026007,-1.015056,0.150000,0.000000,0.000000,0.000000,0.054226,0.026012,0.023800,0.025367,0.134432,0.003792,-0.091834,0.045777,0.025807,0.064681,0.105806
16.194000,8.844000,-0.824726,0.800367,2.351393,0.023938,0.134777,0.003729,-0.052394,-0.972436,0.175743,-0.169206,0.009696,-0.007756,-0.878352,0.784235,2.326000,0.000000,0.000000,0.000000,0.026007,-1.015056,0.150000,0.000000,0.000000,0.000000,0.053627,0.016132,0.025393,0.023938,0.134777,0.003729,-0.078402,0.042620,0.025743,0.061489,0.092876
16.200000,8.850000,-0.825250,0.790642,2.353150,0.022236,0.134876,0.003653,-0.039022,-0.974745,0.176164,-0.189313,-0.019097,-0.007993,-0.877549,0.763918,2.329000,0.000000,0.000000,0.000000,0.054367,-1.016539,0.150000,0.000000,0.000000,0.000000,0.052299,0.026724,0.024150,0.022236,0.134876,0.003653,-0.093389,0.041795,0.026164,0.063503,0.105608
16.210000,8.860000,-0.825187,0.787386,2.353517,0.018990,0.135597,0.003593,-0.024126,-0.953639,0.172462,-0.181032,0.009697,-0.007673,-0.877549,0.763918,2.329000,0.000000,0.000000,0.000000,0.054367,-1.016539,0.150000,0.000000,0.000000,0.000000,0.052362,0.023468,0.024517,0.018990,0.135597,0.003593,-0.078493,0.062900,0.022462,0.062399,0.103064
16.221000,8.871000,-0.825363,0.777361,2.355001,0.017406,0.135863,0.003533,-0.010702,-0.957417,0.172107,-0.201772,0.009782,-0.007608,-0.876177,0.743578,2.332000,0.000000,0.000000,0.000000,0.082817,-1.017300,0.150000,0.000000,0.000000,0.000000,0.050814,0.033783,0.023001,0.017406,0.135863,0.003533,-0.093519,0.059884,0.022107,0.065210,0.113228
16.231000,8.881000,-0.825479,0.765541,2.356905,0.016032,0.136159,0.003468,0.002693,-0.967309,0.173558,-0.191770,0.007318,-0.007577,-0.876177,0.743578,2.332000,0.000000,0.000000,0.000000,0.082817,-1.017300,0.150000,0.000000,0.000000,0.000000,0.050698,0.021963,0.024905,0.016032,0.136159,0.003468,-0.080124,0.049992,0.023558,0.060605,0.097335
16.240000,8.890000,-0.825409,0.754790,2.358605,0.014286,0.136485,0.003402,0.016308,-0.972799,0.174363,-0.193591,0.007582,-0.007590,-0.876177,0.743578,2.332000,0.000000,0.000000,0.000000,0.082817,-1.017300,0.150000,0.000000,0.000000,0.000000,0.050768,0.011212,0.026605,0.014286,0.136485,0.003402,-0.066509,0.044501,0.024363,0.058403,0.083650
16.251000,8.901000,-0.825179,0.744742,2.360183,0.012334,0.136823,0.003335,0.030016,-0.975348,0.174568,-0.198813,0.008485,-0.007545,-0.874236,0.723231,2.335000,0.000000,0.000000,0.000000,0.111340,-1.017335,0.150000,0.000000,0.000000,0.000000,0.049057,0.021512,0.025183,0.012334,0.136823,0.003335,-0.081324,0.041987,0.024568,0.059191,0.094763
16.260000,8.910000,-0.824878,0.734989,2.361929,0.010336,0.136909,0.003260,0.043622,-0.976522,0.175258,-0.193913,-0.018926,-0.007687,-0.871440,0.700856,2.338300,0.000000,0.000000,0.000000,0.142776,-1.016531,0.150000,0.000000,0.000000,0.000000,0.046562,0.034132,0.023629,0.010336,0.136909,0.003260,-0.099154,0.040009,0.025258,0.062381,0.109864
16.272000,8.922000,-0.824421,0.729416,2.362525,0.007169,0.137477,0.003198,0.057086,-0.962564,0.172399,-0.198758,0.009121,-0.007447,-0.871440,0.700856,2.338300,0.000000,0.000000,0.000000,0.142776,-1.016531,0.150000,0.000000,0.000000,0.000000,0.047020,0.028559,0.024225,0.007169,0.137477,0.003198,-0.085691,0.053967,0.022399,0.060111,0.103716
16.280000,8.930000,-0.823717,0.718223,2.364298,0.005645,0.137543,0.003126,0.071101,-0.968967,0.173041,-0.195397,-0.019533,-0.007518,-0.868639,0.682570,2.341000,0.000000,0.000000,0.000000,0.168528,-1.015214,0.150000,0.000000,0.000000,0.000000,0.044921,0.035653,0.023298,0.005645,0.137543,0.003126,-0.097427,0.046247,0.023041,0.061902,0.110280
16.291000,8.941000,-0.822902,0.707883,2.365902,0.003822,0.138205,0.003058,0.085115,-0.971885,0.173591,-0.178134,0.010010,-0.007293,-0.868639,0.682570,2.341000,0.000000,0.000000,0.000000,0.168528,-1.015214,0.150000,0.000000,0.000000,0.000000,0.045737,0.025313,0.024902,0.003822,0.138205,0.003058,-0.083413,0.043329,0.023591,0.057903,0.096910
16.300000,8.950000,-0.822050,0.698164,2.367638,0.002031,0.138305,0.002985,0.098888,-0.972221,0.174507,-0.156569,-0.017950,-0.007307,-0.864982,0.662286,2.344000,0.000000,0.000000,0.000000,0.197155,-1.013053,0.150000,0.000000,0.000000,0.000000,0.042931,0.035878,0.023638,0.002031,0.138305,0.002985,-0.098267,0.040831,0.024507,0.060738,0.109198
16.310000,8.960000,-0.821516,0.694627,2.368005,-0.001668,0.138792,0.002918,0.110914,-0.950220,0.171147,-0.181043,0.006300,-0.007088,-0.864982,0.662286,2.344000,0.000000,0.000000,0.000000,0.197155,-1.013053,0.150000,0.000000,0.000000,0.000000,0.043466,0.032341,0.024005,-0.001668,0.138792,0.002918,-0.086241,0.062832,0.021147,0.059258,0.108778
16.320000,8.970000,-0.820595,0.687263,2.369104,-0.003996,0.138735,0.002851,0.123912,-0.942473,0.170002,-0.176621,-0.025282,-0.007059,-0.860753,0.642053,2.347000,0.000000,0.000000,0.000000,0.225781,-1.010156,0.150000,0.000000,0.000000,0.000000,0.040157,0.045210,0.022104,-0.003996,0.138735,0.002851,-0.101868,0.067683,0.020002,0.064383,0.123928
16.330000,8.980000,-0.819478,0.678863,2.370384,-0.005977,0.139309,0.002782,0.137247,-0.938511,0.169865,-0.146032,0.004186,-0.006975,-0.860753,0.642053,2.347000,0.000000,0.000000,0.000000,0.225781,-1.010156,0.150000,0.000000,0.000000,0.000000,0.041275,0.036810,0.023384,-0.005977,0.139309,0.002782,-0.088534,0.071645,0.019865,0.060045,0.115611
16.340000,8.990000,-0.817771,0.666921,2.372123,-0.006832,0.139647,0.002717,0.152162,-0.947435,0.171065,-0.139164,0.002267,-0.006892,-0.855951,0.621885,2.350000,0.000000,0.000000,0.000000,0.254384,-1.006521,0.150000,0.000000,0.000000,0.000000,0.038180,0.045036,0.022123,-0.006832,0.139647,0.002717,-0.102223,0.059087,0.021065,0.063051,0.119935
16.350000,9.000000,-0.816249,0.657447,2.373833,-0.008454,0.139976,0.002646,0.166140,-0.946715,0.172400,-0.129587,0.000322,-0.006701,-0.855951,0.621885,2.350000,0.000000,0.000000,0.000000,0.254384,-1.006521,0.150000,0.000000,0.000000,0.000000,0.039702,0.035562,0.023833,-0.008454,0.139976,0.002646,-0.088245,0.059806,0.022400,0.058386,0.108929
16.360000,9.010000,-0.815008,0.650429,2.374779,-0.010514,0.140099,0.002581,0.178527,-0.937142,0.171458,-0.114212,-0.002017,-0.006518,-0.850294,0.600795,2.353150,0.000000,0.000000,0.000000,0.284374,-1.001911,0.150000,0.000000,0.000000,0.000000,0.035286,0.049634,0.021629,-0.010514,0.140099,0.002581,-0.105847,0.064770,0.021458,0.064626,0.125933
16.370000,9.020000,-0.813422,0.642040,2.376046,-0.011973,0.140263,0.002517,0.191665,-0.932697,0.171047,-0.112053,-0.012621,-0.006305,-0.850294,0.600795,2.353150,0.000000,0.000000,0.000000,0.284374,-1.001911,0.150000,0.000000,0.000000,0.000000,0.036872,0.041245,0.022896,-0.011973,0.140263,0.002517,-0.092710,0.069214,0.021047,0.059875,0.117595
16.380000,9.030000,-0.811640,0.633231,2.377397,-0.013125,0.140423,0.002456,0.205055,-0.929796,0.170883,-0.096327,-0.015787,-0.006109,-0.844633,0.581804,2.356000,0.000000,0.000000,0.000000,0.311451,-0.997039,0.150000,0.000000,0.000000,0.000000,0.032993,0.051428,0.021397,-0.013125,0.140423,0.002456,-0.106396,0.067243,0.020883,0.064739,0.127585
16.390000,9.040000,-0.809037,0.621099,2.379168,-0.013086,0.140659,0.002400,0.220903,-0.939080,0.172277,-0.079999,-0.009273,-0.005914,-0.844633,0.581804,2.356000,0.000000,0.000000,0.000000,0.311451,-0.997039,0.150000,0.000000,0.000000,0.000000,0.035596,0.039295,0.023168,-0.013086,0.140659,0.002400,-0.090548,0.057959,0.022277,0.057862,0.109792
16.400000,9.050000,-0.806217,0.608987,2.381099,-0.013112,0.140893,0.002344,0.237094,-0.947800,0.174096,-0.070743,-0.014836,-0.005593,-0.838120,0.561920,2.359000,0.000000,0.000000,0.000000,0.339876,-0.991190,0.150000,0.000000,0.000000,0.000000,0.031903,0.047067,0.022099,-0.013112,0.140893,0.002344,-0.102782,0.043390,0.024096,0.061004,0.114138
16.413000,9.063000,-0.803498,0.598155,2.382796,-0.013527,0.141051,0.002290,0.252313,-0.951505,0.174951,-0.096310,-0.020302,-0.005376,-0.838120,0.561920,2.359000,0.000000,0.000000,0.000000,0.339876,-0.991190,0.150000,0.000000,0.000000,0.000000,0.034622,0.036235,0.023796,-0.013527,0.141051,0.002290,-0.087562,0.039686,0.024951,0.055478,0.099321
16.420000,9.070000,-0.800812,0.588192,2.384351,-0.014296,0.141145,0.002239,0.266878,-0.951851,0.175365,-0.106589,-0.021863,-0.005194,-0.830670,0.541177,2.362150,0.000000,0.000000,0.000000,0.369616,-0.984256,0.150000,0.000000,0.000000,0.000000,0.029859,0.047015,0.022201,-0.014296,0.141145,0.002239,-0.102738,0.032405,0.025365,0.059957,0.110674
16.430000,9.080000,-0.798143,0.578673,2.386105,-0.015369,0.140926,0.002189,0.280888,-0.950410,0.175880,-0.134015,-0.052205,-0.005206,-0.830670,0.541177,2.362150,0.000000,0.000000,0.000000,0.369616,-0.984256,0.150000,0.000000,0.000000,0.000000,0.032527,0.037497,0.023955,-0.015369,0.140926,0.002189,-0.088728,0.033847,0.025880,0.055117,0.098428
16.441000,9.091000,-0.796324,0.573204,2.386639,-0.017379,0.140931,0.002144,0.291168,-0.934583,0.172838,-0.139741,-0.024201,-0.005106,-0.822996,0.521564,2.365150,0.000000,0.000000,0.000000,0.397820,-0.976898,0.150000,0.000000,0.000000,0.000000,0.026672,0.051640,0.021489,-0.017379,0.140931,0.002144,-0.106652,0.042315,0.022838,0.061966,0.116990
16.450000,9.100000,-0.793412,0.563858,2.388368,-0.018766,0.141008,0.002093,0.305138,-0.932843,0.173191,-0.155946,-0.016199,-0.004975,-0.822996,0.521564,2.365150,0.000000,0.000000,0.000000,0.397820,-0.976898,0.150000,0.000000,0.000000,0.000000,0.029583,0.042294,0.023218,-0.018766,0.141008,0.002093,-0.092681,0.044056,0.023191,0.056595,0.105207
16.460000,9.110000,-0.791546,0.558491,2.389057,-0.021517,0.140670,0.002046,0.314763,-0.916832,0.170511,-0.187405,-0.017341,-0.004867,-0.815183,0.503075,2.368000,0.000000,0.000000,0.000000,0.424487,-0.969228,0.150000,0.000000,0.000000,0.000000,0.023637,0.055416,0.021057,-0.021517,0.140670,0.002046,-0.109724,0.052396,0.020511,0.063820,0.123310
16.470000,9.120000,-0.787928,0.548027,2.390576,-0.023251,0.140794,0.002004,0.330346,-0.919588,0.171046,-0.184404,-0.030295,-0.004668,-0.815183,0.503075,2.368000,0.000000,0.000000,0.000000,0.424487,-0.969228,0.150000,0.000000,0.000000,0.000000,0.027255,0.044952,0.022576,-0.023251,0.140794,0.002004,-0.094141,0.049640,0.021046,0.057212,0.108487
16.480000,9.130000,-0.783790,0.536511,2.392448,-0.025100,0.141047,0.001964,0.347354,-0.925755,0.172596,-0.214053,-0.031869,-0.004050,-0.805961,0.482816,2.371150,0.000000,0.000000,0.000000,0.453797,-0.959982,0.150000,0.000000,0.000000,0.000000,0.022171,0.053694,0.021298,-0.025100,0.141047,0.001964,-0.106443,0.034227,0.022596,0.061873,0.114071
16.491000,9.141000,-0.779867,0.526142,2.394109,-0.027370,0.141163,0.001932,0.363001,-0.927314,0.173580,-0.228713,-0.025808,-0.003504,-0.805961,0.482816,2.371150,0.000000,0.000000,0.000000,0.453797,-0.959982,0.150000,0.000000,0.000000,0.000000,0.026094,0.043326,0.022959,-0.027370,0.141163,0.001932,-0.090796,0.032668,0.023580,0.055544,0.099333
16.500000,9.150000,-0.776237,0.516869,2.395845,-0.029661,0.140904,0.001903,0.377108,-0.924569,0.174751,-0.200901,-0.052656,-0.003537,-0.797088,0.464662,2.374000,0.000000,0.000000,0.000000,0.480150,-0.950923,0.150000,0.000000,0.000000,0.000000,0.020851,0.052207,0.021845,-0.029661,0.140904,0.001903,-0.103042,0.026355,0.024751,0.060312,0.109201
16.510000,9.160000,-0.774588,0.513239,2.396245,-0.034061,0.140541,0.001877,0.383458,-0.901479,0.171593,-0.220721,-0.034319,-0.003423,-0.797088,0.464662,2.374000,0.000000,0.000000,0.000000,0.480150,-0.950923,0.150000,0.000000,0.000000,0.000000,0.022501,0.048577,0.022245,-0.034061,0.140541,0.001877,-0.096692,0.049445,0.021593,0.057973,0.110727
16.520000,9.170000,-0.770405,0.503550,2.397682,-0.036284,0.140555,0.001856,0.398565,-0.900756,0.171529,-0.215031,-0.037426,-0.003133,-0.787209,0.445745,2.377000,0.000000,0.000000,0.000000,0.507701,-0.940681,0.150000,0.000000,0.000000,0.000000,0.016805,0.057805,0.020682,-0.036284,0.140555,0.001856,-0.109137,0.039925,0.021529,0.063652,0.118187
16.530000,9.180000,-0.765458,0.492400,2.399542,-0.037789,0.140409,0.001840,0.416020,-0.904990,0.173061,-0.155289,-0.064411,-0.003415,-0.787209,0.445745,2.377000,0.000000,0.000000,0.000000,0.507701,-0.940681,0.150000,0.000000,0.000000,0.000000,0.021751,0.046656,0.022542,-0.037789,0.140409,0.001840,-0.091681,0.035690,0.023061,0.056196,0.101050
16.540000,9.190000,-0.761298,0.483350,2.401273,-0.040545,0.140576,0.001819,0.430073,-0.901171,0.174160,-0.173532,-0.038579,-0.003072,-0.776246,0.426110,2.380150,0.000000,0.000000,0.000000,0.536401,-0.929148,0.150000,0.000000,0.000000,0.000000,0.014948,0.057240,0.021123,-0.040545,0.140576,0.001819,-0.106328,0.027977,0.024160,0.062818,0.112570
16.554000,9.204000,-0.757915,0.476575,2.402097,-0.043093,0.140127,0.001799,0.440582,-0.889325,0.171926,-0.165533,-0.054533,-0.003372,-0.776246,0.426110,2.380150,0.000000,0.000000,0.000000,0.536401,-0.929148,0.150000,0.000000,0.000000,0.000000,0.018331,0.050465,0.021947,-0.043093,0.140127,0.001799,-0.095819,0.039823,0.021926,0.058003,0.106056
16.560000,9.210000,-0.753509,0.467681,2.403816,-0.044750,0.139580,0.001788,0.454485,-0.885052,0.172357,-0.129297,-0.095104,-0.003711,-0.765809,0.408561,2.383000,0.000000,0.000000,0.000000,0.562147,-0.918032,0.150000,0.000000,0.000000,0.000000,0.012300,0.059121,0.020816,-0.044750,0.139580,0.001788,-0.107662,0.032980,0.022357,0.063874,0.114798
16.570000,9.220000,-0.750648,0.462316,2.404558,-0.047507,0.139229,0.001767,0.462347,-0.868165,0.170564,-0.128366,-0.047223,-0.003727,-0.765809,0.408561,2.383000,0.000000,0.000000,0.000000,0.562147,-0.918032,0.150000,0.000000,0.000000,0.000000,0.015161,0.053756,0.021558,-0.047507,0.139229,0.001767,-0.099801,0.049867,0.020564,0.059869,0.113445
16.580000,9.230000,-0.745278,0.452286,2.406114,-0.048411,0.139097,0.001746,0.478831,-0.868622,0.171186,-0.106772,-0.054072,-0.004008,-0.754297,0.390323,2.386000,0.000000,0.000000,0.000000,0.589005,-0.905635,0.150000,0.000000,0.000000,0.000000,0.009020,0.061964,0.020114,-0.048411,0.139097,0.001746,-0.110174,0.037014,0.021186,0.065768,0.118140
16.590000,9.240000,-0.740489,0.443600,2.407825,-0.049481,0.138554,0.001732,0.492754,-0.863782,0.172476,-0.069526,-0.078518,-0.004138,-0.754297,0.390323,2.386000,0.000000,0.000000,0.000000,0.589005,-0.905635,0.150000,0.000000,0.000000,0.000000,0.013808,0.053277,0.021825,-0.049481,0.138554,0.001732,-0.096251,0.041853,0.022476,0.059207,0.107337
16.600000,9.250000,-0.735502,0.434955,2.409060,-0.050804,0.138397,0.001714,0.506745,-0.859147,0.172337,-0.084904,-0.058689,-0.004019,-0.742251,0.372340,2.389000,0.000000,0.000000,0.000000,0.615593,-0.892531,0.150000,0.000000,0.000000,0.000000,0.006749,0.062615,0.020060,-0.050804,0.138397,0.001714,-0.108848,0.033384,0.022337,0.066095,0.116023
16.611000,9.261000,-0.729281,0.424435,2.410910,-0.051296,0.138342,0.001695,0.524675,-0.861224,0.173689,-0.105730,-0.053013,-0.003785,-0.742251,0.372340,2.389000,0.000000,0.000000,0.000000,0.615593,-0.892531,0.150000,0.000000,0.000000,0.000000,0.012970,0.052095,0.021910,-0.051296,0.138342,0.001695,-0.090918,0.031307,0.023689,0.057984,0.099032
16.620000,9.270000,-0.723461,0.414969,2.412559,-0.052157,0.138153,0.001679,0.540489,-0.859328,0.174408,-0.111972,-0.049835,-0.003421,-0.729676,0.354626,2.392000,0.000000,0.000000,0.000000,0.641894,-0.878723,0.150000,0.000000,0.000000,0.000000,0.006215,0.060342,0.020559,-0.052157,0.138153,0.001679,-0.101405,0.019395,0.024408,0.064051,0.106089
16.630000,9.280000,-0.717850,0.406185,2.414095,-0.053352,0.137900,0.001664,0.554873,-0.854951,0.174249,-0.117661,-0.071907,-0.003230,-0.729676,0.354626,2.392000,0.000000,0.000000,0.000000,0.641894,-0.878723,0.150000,0.000000,0.000000,0.000000,0.011826,0.051558,0.022095,-0.053352,0.137900,0.001664,-0.087021,0.023773,0.024249,0.057326,0.093412
16.640000,9.290000,-0.712301,0.397635,2.415838,-0.054528,0.137180,0.001670,0.568560,-0.849665,0.174697,-0.106448,-0.115264,-0.003395,-0.716577,0.337196,2.395000,0.000000,0.000000,0.000000,0.667889,-0.864220,0.150000,0.000000,0.000000,0.000000,0.004276,0.060439,0.020838,-0.054528,0.137180,0.001670,-0.099328,0.014555,0.024697,0.064074,0.103382
16.650000,9.300000,-0.710207,0.394876,2.416149,-0.057748,0.136256,0.001664,0.569247,-0.823758,0.170763,-0.129333,-0.080127,-0.003107,-0.716577,0.337196,2.395000,0.000000,0.000000,0.000000,0.667889,-0.864220,0.150000,0.000000,0.000000,0.000000,0.006370,0.057680,0.021149,-0.057748,0.136256,0.001664,-0.098642,0.040462,0.020763,0.061765,0.108620
16.660000,9.310000,-0.705784,0.388617,2.417233,-0.059887,0.135490,0.001662,0.578151,-0.811108,0.169181,-0.147501,-0.089779,-0.003018,-0.716577,0.337196,2.395000,0.000000,0.000000,0.000000,0.667889,-0.864220,0.150000,0.000000,0.000000,0.000000,0.010793,0.051421,0.022233,-0.059887,0.135490,0.001662,-0.089737,0.053112,0.019181,0.057052,0.106026
16.670000,9.320000,-0.700642,0.381456,2.418512,-0.061903,0.134743,0.001671,0.589387,-0.801890,0.169251,-0.149473,-0.076913,-0.002966,-0.702962,0.320062,2.398000,0.000000,0.000000,0.000000,0.693559,-0.849027,0.150000,0.000000,0.000000,0.000000,0.002321,0.061394,0.020512,-0.061903,0.134743,0.001671,-0.104172,0.047137,0.019251,0.064771,0.115949
16.681000,9.331000,-0.693199,0.371312,2.420278,-0.063242,0.134370,0.001692,0.608393,-0.803717,0.170741,-0.173752,-0.095075,-0.003068,-0.688837,0.303239,2.401000,0.000000,0.000000,0.000000,0.718886,-0.833152,0.150000,0.000000,0.000000,0.000000,-0.004362,0.068072,0.019278,-0.063242,0.134370,0.001692,-0.110494,0.029434,0.020741,0.070884,0.116213
16.690000,9.340000,-0.687115,0.363274,2.421986,-0.064976,0.133419,0.001721,0.621881,-0.797383,0.172302,-0.119055,-0.110953,-0.003373,-0.688837,0.303239,2.401000,0.000000,0.000000,0.000000,0.718886,-0.833152,0.150000,0.000000,0.000000,0.000000,0.001722,0.060035,0.020986,-0.064976,0.133419,0.001721,-0.097005,0.035768,0.022302,0.063621,0.105767
16.700000,9.350000,-0.682501,0.357418,2.422974,-0.068177,0.132240,0.001745,0.629467,-0.783341,0.171718,-0.163151,-0.100653,-0.003622,-0.674209,0.286741,2.404000,0.000000,0.000000,0.000000,0.743853,-0.816602,0.150000,0.000000,0.000000,0.000000,-0.008292,0.070678,0.018974,-0.068177,0.132240,0.001745,-0.114386,0.033261,0.021718,0.073649,0.121087
16.710000,9.360000,-0.674868,0.347914,2.424684,-0.069746,0.131793,0.001760,0.647433,-0.782881,0.172760,-0.181188,-0.090139,-0.004233,-0.674209,0.286741,2.404000,0.000000,0.000000,0.000000,0.743853,-0.816602,0.150000,0.000000,0.000000,0.000000,-0.000658,0.061173,0.020684,-0.069746,0.131793,0.001760,-0.096420,0.033720,0.022760,0.064579,0.104651
16.720000,9.370000,-0.666671,0.338009,2.426644,-0.071228,0.131541,0.001766,0.666798,-0.783585,0.174500,-0.177408,-0.080737,-0.004548,-0.658317,0.269781,2.407150,0.000000,0.000000,0.000000,0.769659,-0.798507,0.150000,0.000000,0.000000,0.000000,-0.008354,0.068228,0.019494,-0.071228,0.131541,0.001766,-0.102861,0.014922,0.024500,0.071449,0.106787
16.730000,9.380000,-0.660003,0.330173,2.428389,-0.073001,0.130733,0.001778,0.679934,-0.776490,0.175526,-0.110797,-0.097541,-0.004577,-0.658317,0.269781,2.407150,0.000000,0.000000,0.000000,0.769659,-0.798507,0.150000,0.000000,0.000000,0.000000,-0.001686,0.060392,0.021239,-0.073001,0.130733,0.001778,-0.089726,0.022017,0.025526,0.064040,0.095849
16.741000,9.391000,-0.654589,0.324201,2.429350,-0.075947,0.129936,0.001779,0.687928,-0.762956,0.174235,-0.138812,-0.074277,-0.004280,-0.658317,0.269781,2.407150,0.000000,0.000000,0.000000,0.769659,-0.798507,0.150000,0.000000,0.000000,0.000000,0.003728,0.054420,0.022200,-0.075947,0.129936,0.001779,-0.081731,0.035551,0.024235,0.058892,0.092365
16.750000,9.400000,-0.647710,0.316571,2.431092,-0.077333,0.129193,0.001793,0.700842,-0.755427,0.174781,-0.110348,-0.094225,-0.004217,-0.642681,0.253988,2.410150,0.000000,0.000000,0.000000,0.793830,-0.780600,0.150000,0.000000,0.000000,0.000000,-0.005029,0.062583,0.020942,-0.077333,0.129193,0.001793,-0.092988,0.025173,0.024781,0.066185,0.099471
16.761000,9.411000,-0.641357,0.309905,2.432257,-0.079741,0.128721,0.001790,0.711277,-0.744782,0.173624,-0.159947,-0.068982,-0.004020,-0.642681,0.253988,2.410150,0.000000,0.000000,0.000000,0.793830,-0.780600,0.150000,0.000000,0.000000,0.000000,0.001324,0.055916,0.022107,-0.079741,0.128721,0.001790,-0.082553,0.035818,0.023624,0.060142,0.093038
16.771000,9.421000,-0.632749,0.300947,2.434141,-0.081215,0.128728,0.001782,0.729467,-0.742443,0.174725,-0.153633,-0.061327,-0.004049,-0.627383,0.239323,2.413000,0.000000,0.000000,0.000000,0.816408,-0.762987,0.150000,0.000000,0.000000,0.000000,-0.005366,0.061623,0.021141,-0.081215,0.128728,0.001782,-0.086941,0.020544,0.024725,0.065369,0.092694
16.780000,9.430000,-0.624746,0.292899,2.435832,-0.082969,0.128519,0.001773,0.744797,-0.736727,0.175217,-0.157635,-0.057772,-0.003964,-0.610821,0.224254,2.416000,0.000000,0.000000,0.000000,0.839754,-0.743824,0.150000,0.000000,0.000000,0.000000,-0.013925,0.068644,0.019832,-0.082969,0.128519,0.001773,-0.094957,0.007097,0.025217,0.072796,0.098504
16.790000,9.440000,-0.617298,0.285531,2.437584,-0.084998,0.128163,0.001766,0.757585,-0.728491,0.175833,-0.141455,-0.073641,-0.003843,-0.610821,0.224254,2.416000,0.000000,0.000000,0.000000,0.839754,-0.743824,0.150000,0.000000,0.000000,0.000000,-0.006477,0.061277,0.021584,-0.084998,0.128163,0.001766,-0.082169,0.015333,0.025833,0.065290,0.087488
16.800000,9.450000,-0.612477,0.281234,2.438283,-0.087692,0.126941,0.001767,0.760376,-0.709556,0.173359,-0.137307,-0.079930,-0.003535,-0.593796,0.209575,2.419000,0.000000,0.000000,0.000000,0.862650,-0.724032,0.150000,0.000000,0.000000,0.000000,-0.018681,0.071659,0.019283,-0.087692,0.126941,0.001767,-0.102274,0.014476,0.023359,0.076523,0.105902
16.810000,9.460000,-0.604873,0.274138,2.440016,-0.089060,0.126142,0.001803,0.772977,-0.700877,0.173731,-0.084542,-0.117791,-0.003654,-0.593796,0.209575,2.419000,0.000000,0.000000,0.000000,0.862650,-0.724032,0.150000,0.000000,0.000000,0.000000,-0.011077,0.064563,0.021016,-0.089060,0.126142,0.001803,-0.089673,0.023156,0.023731,0.068795,0.095607
16.820000,9.470000,-0.600268,0.270154,2.440784,-0.092288,0.125085,0.001821,0.774288,-0.681272,0.171274,-0.135786,-0.091556,-0.003261,-0.576318,0.195297,2.422000,0.000000,0.000000,0.000000,0.885081,-0.703622,0.150000,0.000000,0.000000,0.000000,-0.023950,0.074857,0.018784,-0.092288,0.125085,0.001821,-0.110793,0.022350,0.021274,0.080808,0.115009
16.832000,9.482000,-0.591382,0.262425,2.442398,-0.093731,0.124717,0.001857,0.790857,-0.675711,0.171698,-0.140900,-0.088686,-0.002984,-0.576318,0.195297,2.422000,0.000000,0.000000,0.000000,0.885081,-0.703622,0.150000,0.000000,0.000000,0.000000,-0.015064,0.067128,0.020398,-0.093731,0.124717,0.001857,-0.094224,0.027910,0.021698,0.071758,0.100638
16.841000,9.491000,-0.581471,0.253995,2.444330,-0.094981,0.124428,0.001910,0.810517,-0.672594,0.173038,-0.136162,-0.101492,-0.002696,-0.558396,0.181434,2.425000,0.000000,0.000000,0.000000,0.907030,-0.682603,0.150000,0.000000,0.000000,0.000000,-0.023075,0.072561,0.019330,-0.094981,0.124428,0.001910,-0.096513,0.010009,0.023038,0.078558,0.099728
16.850000,9.500000,-0.573366,0.247269,2.446061,-0.096334,0.123415,0.001980,0.822957,-0.663124,0.174095,-0.057549,-0.126594,-0.003098,-0.558396,0.181434,2.425000,0.000000,0.000000,0.000000,0.907030,-0.682603,0.150000,0.000000,0.000000,0.000000,-0.014970,0.065835,0.021061,-0.096334,0.123415,0.001980,-0.084073,0.019479,0.024095,0.070725,0.089601
16.860000,9.510000,-0.566927,0.242311,2.447005,-0.098998,0.122188,0.002046,0.828826,-0.647705,0.172826,-0.093215,-0.115354,-0.002760,-0.540040,0.167997,2.428000,0.000000,0.000000,0.000000,0.928480,-0.660988,0.150000,0.000000,0.000000,0.000000,-0.026887,0.074314,0.019005,-0.098998,0.122188,0.002046,-0.099654,0.013283,0.022826,0.081281,0.103094
16.870000,9.520000,-0.558639,0.235834,2.448733,-0.099919,0.121038,0.002133,0.840988,-0.637876,0.173440,-0.056428,-0.135740,-0.003195,-0.540040,0.167997,2.428000,0.000000,0.000000,0.000000,0.928480,-0.660988,0.150000,0.000000,0.000000,0.000000,-0.018599,0.067837,0.020733,-0.099919,0.121038,0.002133,-0.087493,0.023112,0.023440,0.073332,0.093480
16.880000,9.530000,-0.553413,0.232029,2.449552,-0.102526,0.119372,0.002211,0.841603,-0.618795,0.171393,-0.111801,-0.118522,-0.002782,-0.521260,0.154998,2.431000,0.000000,0.000000,0.000000,0.949416,-0.638788,0.150000,0.000000,0.000000,0.000000,-0.032153,0.077031,0.018552,-0.102526,0.119372,0.002211,-0.107813,0.019993,0.021393,0.085509,0.111718
16.890000,9.540000,-0.543652,0.224929,2.451198,-0.103583,0.118760,0.002289,0.858354,-0.612205,0.171936,-0.101119,-0.116026,-0.002853,-0.521260,0.154998,2.431000,0.000000,0.000000,0.000000,0.949416,-0.638788,0.150000,0.000000,0.000000,0.000000,-0.022391,0.069930,0.020198,-0.103583,0.118760,0.002289,-0.091062,0.026583,0.021936,0.076155,0.097366
16.900000,9.550000,-0.535068,0.218807,2.452918,-0.104583,0.117603,0.002381,0.870188,-0.601903,0.172674,-0.055967,-0.130220,-0.003359,-0.502067,0.142449,2.434000,0.000000,0.000000,0.000000,0.969821,-0.616015,0.150000,0.000000,0.000000,0.000000,-0.033001,0.076357,0.018918,-0.104583,0.117603,0.002381,-0.099633,0.014113,0.022674,0.085308,0.103150
16.913000,9.563000,-0.526301,0.212856,2.454249,-0.106409,0.116746,0.002461,0.882179,-0.591466,0.172531,-0.074941,-0.120085,-0.003390,-0.502067,0.142449,2.434000,0.000000,0.000000,0.000000,0.969821,-0.616015,0.150000,0.000000,0.000000,0.000000,-0.024234,0.070407,0.020249,-0.106409,0.116746,0.002461,-0.087642,0.024550,0.022531,0.077165,0.093763
16.920000,9.570000,-0.515484,0.205649,2.456151,-0.107380,0.116281,0.002537,0.901056,-0.585661,0.174056,-0.063053,-0.120300,-0.003882,-0.482471,0.130361,2.437000,0.000000,0.000000,0.000000,0.989679,-0.592683,0.150000,0.000000,0.000000,0.000000,-0.033013,0.075287,0.019151,-0.107380,0.116281,0.002537,-0.088623,0.007022,0.024056,0.084408,0.092098
16.930000,9.580000,-0.506473,0.199792,2.457892,-0.108000,0.115081,0.002628,0.912660,-0.574959,0.174962,0.001244,-0.138973,-0.004519,-0.482471,0.130361,2.437000,0.000000,0.000000,0.000000,0.989679,-0.592683,0.150000,0.000000,0.000000,0.000000,-0.024002,0.069431,0.020892,-0.108000,0.115081,0.002628,-0.077019,0.017724,0.024962,0.076375,0.082880
16.940000,9.590000,-0.499623,0.195710,2.458797,-0.110261,0.113607,0.002704,0.915956,-0.558386,0.173412,-0.060212,-0.121528,-0.004253,-0.461474,0.118177,2.440150,0.000000,0.000000,0.000000,1.009926,-0.567597,0.150000,0.000000,0.000000,0.000000,-0.038149,0.077533,0.018647,-0.110261,0.113607,0.002704,-0.093969,0.009210,0.023412,0.088399,0.097279
16.950000,9.600000,-0.490464,0.190126,2.460531,-0.111463,0.112595,0.002779,0.927245,-0.547435,0.173884,-0.088707,-0.123999,-0.004449,-0.461474,0.118177,2.440150,0.000000,0.000000,0.000000,1.009926,-0.567597,0.150000,0.000000,0.000000,0.000000,-0.028990,0.071949,0.020381,-0.111463,0.112595,0.002779,-0.082681,0.020162,0.023884,0.080203,0.088391
16.960000,9.610000,-0.482186,0.185421,2.461669,-0.112588,0.111282,0.002847,0.934854,-0.533894,0.172608,-0.082070,-0.125686,-0.004844,-0.441088,0.107069,2.443150,0.000000,0.000000,0.000000,1.028617,-0.543158,0.150000,0.000000,0.000000,0.000000,-0.041098,0.078352,0.018519,-0.112588,0.111282,0.002847,-0.093763,0.009264,0.022608,0.090394,0.096894
16.970000,9.620000,-0.470897,0.179031,2.463534,-0.113338,0.110754,0.002918,0.952949,-0.526628,0.173698,-0.037195,-0.128739,-0.005383,-0.441088,0.107069,2.443150,0.000000,0.000000,0.000000,1.028617,-0.543158,0.150000,0.000000,0.000000,0.000000,-0.029809,0.071962,0.020384,-0.113338,0.110754,0.002918,-0.075668,0.016531,0.023698,0.080515,0.080997
16.980000,9.630000,-0.461367,0.173765,2.465271,-0.114550,0.109656,0.002993,0.963974,-0.515344,0.174380,-0.042076,-0.132257,-0.005816,-0.421380,0.096973,2.446000,0.000000,0.000000,0.000000,1.045826,-0.519462,0.150000,0.000000,0.000000,0.000000,-0.039988,0.076792,0.019271,-0.114550,0.109656,0.002993,-0.081852,0.004118,0.024380,0.088698,0.085505
16.990000,9.640000,-0.454296,0.170225,2.466132,-0.116064,0.107767,0.003064,0.965648,-0.498408,0.172515,-0.067670,-0.142223,-0.006209,-0.421380,0.096973,2.446000,0.000000,0.000000,0.000000,1.045826,-0.519462,0.150000,0.000000,0.000000,0.000000,-0.032917,0.073252,0.020132,-0.116064,0.107767,0.003064,-0.080178,0.021054,0.022515,0.082793,0.085900
17.000000,9.650000,-0.444640,0.165241,2.467857,-0.116730,0.106347,0.003168,0.976374,-0.486856,0.173217,-0.019017,-0.166681,-0.006621,-0.398158,0.085852,2.449300,0.000000,0.000000,0.000000,1.065069,-0.491455,0.150000,0.000000,0.000000,0.000000,-0.046481,0.079389,0.018557,-0.116730,0.106347,0.003168,-0.088695,0.004599,0.023217,0.093848,0.091798
17.010000,9.660000,-0.435965,0.161095,2.468981,-0.118458,0.104923,0.003249,0.983096,-0.472842,0.172338,-0.047017,-0.147125,-0.006921,-0.398158,0.085852,2.449300,0.000000,0.000000,0.000000,1.065069,-0.491455,0.150000,0.000000,0.000000,0.000000,-0.037807,0.075243,0.019681,-0.118458,0.104923,0.003249,-0.081973,0.018613,0.022338,0.086477,0.086977
17.020000,9.670000,-0.426134,0.156367,2.470704,-0.118917,0.103454,0.003355,0.993556,-0.461027,0.173232,0.023323,-0.162536,-0.007200,-0.378850,0.077216,2.452000,0.000000,0.000000,0.000000,1.080255,-0.468100,0.150000,0.000000,0.000000,0.000000,-0.047285,0.079151,0.018704,-0.118917,0.103454,0.003355,-0.086699,0.007073,0.023232,0.094077,0.090036
17.030000,9.680000,-0.416953,0.152259,2.471880,-0.120714,0.101973,0.003442,1.001202,-0.447552,0.172590,-0.047295,-0.152011,-0.007507,-0.378850,0.077216,2.452000,0.000000,0.000000,0.000000,1.080255,-0.468100,0.150000,0.000000,0.000000,0.000000,-0.038103,0.075043,0.019880,-0.120714,0.101973,0.003442,-0.079054,0.020548,0.022590,0.086479,0.084747
17.040000,9.690000,-0.404812,0.146881,2.473746,-0.121514,0.101135,0.003537,1.019080,-0.438888,0.173978,-0.042828,-0.155436,-0.007891,-0.378850,0.077216,2.452000,0.000000,0.000000,0.000000,1.080255,-0.468100,0.150000,0.000000,0.000000,0.000000,-0.025963,0.069665,0.021746,-0.121514,0.101135,0.003537,-0.061175,0.029212,0.023978,0.077461,0.071908
17.050000,9.700000,-0.394621,0.142492,2.475486,-0.121931,0.099582,0.003647,1.029159,-0.426762,0.174885,0.025038,-0.165798,-0.008066,-0.357081,0.068117,2.455000,0.000000,0.000000,0.000000,1.096527,-0.441699,0.150000,0.000000,0.000000,0.000000,-0.037541,0.074375,0.020486,-0.121931,0.099582,0.003647,-0.067368,0.014937,0.024885,0.085794,0.073354
17.062000,9.712000,-0.387044,0.139569,2.476341,-0.123740,0.097494,0.003738,1.029309,-0.410018,0.172789,-0.063950,-0.158349,-0.008126,-0.334993,0.059551,2.458000,0.000000,0.000000,0.000000,1.112153,-0.414838,0.150000,0.000000,0.000000,0.000000,-0.052051,0.080018,0.018341,-0.123740,0.097494,0.003738,-0.082845,0.004820,0.022789,0.097204,0.086057
17.070000,9.720000,-0.374844,0.134770,2.478160,-0.124387,0.096586,0.003833,1.045883,-0.400373,0.173561,-0.059011,-0.158295,-0.008294,-0.334993,0.059551,2.458000,0.000000,0.000000,0.000000,1.112153,-0.414838,0.150000,0.000000,0.000000,0.000000,-0.039851,0.075219,0.020160,-0.124387,0.096586,0.003833,-0.066271,0.014465,0.023561,0.087478,0.071806
17.080000,9.730000,-0.364385,0.130766,2.479896,-0.124966,0.095005,0.003948,1.055464,-0.388007,0.174069,-0.027370,-0.171743,-0.008459,-0.312599,0.051526,2.461000,0.000000,0.000000,0.000000,1.127120,-0.387533,0.150000,0.000000,0.000000,0.000000,-0.051786,0.079240,0.018896,-0.124966,0.095005,0.003948,-0.071657,-0.000474,0.024069,0.096529,0.075592
17.092000,9.742000,-0.356876,0.128237,2.480698,-0.126715,0.092867,0.004039,1.054007,-0.370920,0.172073,-0.035789,-0.160763,-0.008542,-0.312599,0.051526,2.461000,0.000000,0.000000,0.000000,1.127120,-0.387533,0.150000,0.000000,0.000000,0.000000,-0.044277,0.076711,0.019698,-0.126715,0.092867,0.004039,-0.073114,0.016614,0.022073,0.090736,0.078159
17.100000,9.750000,-0.344421,0.123917,2.482505,-0.126824,0.091799,0.004154,1.070173,-0.360620,0.173058,0.036524,-0.176215,-0.008747,-0.289913,0.044052,2.464000,0.000000,0.000000,0.000000,1.141416,-0.359801,0.150000,0.000000,0.000000,0.000000,-0.054508,0.079864,0.018505,-0.126824,0.091799,0.004154,-0.071243,-0.000819,0.023058,0.098447,0.074886
17.111000,9.761000,-0.332878,0.120116,2.484139,-0.128730,0.090658,0.004261,1.082323,-0.348718,0.173365,-0.074896,-0.164334,-0.008662,-0.289913,0.044052,2.464000,0.000000,0.000000,0.000000,1.141416,-0.359801,0.150000,0.000000,0.000000,0.000000,-0.042966,0.076064,0.020139,-0.128730,0.090658,0.004261,-0.059093,0.011083,0.023365,0.089651,0.064504
17.120000,9.770000,-0.321872,0.116680,2.485674,-0.129964,0.089137,0.004376,1.091950,-0.335817,0.173373,-0.081830,-0.170131,-0.008707,-0.266947,0.037137,2.467000,0.000000,0.000000,0.000000,1.155028,-0.331658,0.150000,0.000000,0.000000,0.000000,-0.054925,0.079543,0.018674,-0.129964,0.089137,0.004376,-0.063078,-0.004159,0.023373,0.098451,0.067397
17.130000,9.780000,-0.310953,0.113322,2.487408,-0.130770,0.087438,0.004511,1.100802,-0.322860,0.174111,0.001735,-0.186301,-0.009105,-0.266947,0.037137,2.467000,0.000000,0.000000,0.000000,1.155028,-0.331658,0.150000,0.000000,0.000000,0.000000,-0.044006,0.076185,0.020408,-0.130770,0.087438,0.004511,-0.054226,0.008799,0.024111,0.090317,0.059993
17.140000,9.790000,-0.304734,0.111801,2.487978,-0.133183,0.084621,0.004634,1.092336,-0.303872,0.171451,-0.049868,-0.179433,-0.008893,-0.266947,0.037137,2.467000,0.000000,0.000000,0.000000,1.155028,-0.331658,0.150000,0.000000,0.000000,0.000000,-0.037787,0.074664,0.020978,-0.133183,0.084621,0.004634,-0.062692,0.027786,0.021451,0.086271,0.071850
17.150000,9.800000,-0.293811,0.108762,2.489693,-0.134413,0.082906,0.004779,1.100745,-0.290569,0.172314,-0.023788,-0.176896,-0.009187,-0.243716,0.030789,2.470000,0.000000,0.000000,0.000000,1.167945,-0.303121,0.150000,0.000000,0.000000,0.000000,-0.050095,0.077974,0.019693,-0.134413,0.082906,0.004779,-0.067201,0.012552,0.022314,0.094748,0.071912
17.160000,9.810000,-0.284457,0.106483,2.490729,-0.135504,0.080743,0.004916,1.103119,-0.275170,0.171180,-0.006927,-0.180242,-0.009522,-0.243716,0.030789,2.470000,0.000000,0.000000,0.000000,1.167945,-0.303121,0.150000,0.000000,0.000000,0.000000,-0.040741,0.075694,0.020729,-0.135504,0.080743,0.004916,-0.064826,0.027951,0.021180,0.088426,0.073704
17.170000,9.820000,-0.271203,0.103229,2.492554,-0.136178,0.079621,0.005059,1.119221,-0.263563,0.172438,-0.008661,-0.177617,-0.009843,-0.216691,0.024199,2.473450,0.000000,0.000000,0.000000,1.181926,-0.269838,0.150000,0.000000,0.000000,0.000000,-0.054512,0.079031,0.019104,-0.136178,0.079621,0.005059,-0.062705,0.006275,0.022438,0.097890,0.066894
17.182000,9.832000,-0.258998,0.100435,2.494198,-0.136802,0.078171,0.005198,1.130798,-0.250640,0.173128,0.004922,-0.175279,-0.010058,-0.216691,0.024199,2.473450,0.000000,0.000000,0.000000,1.181926,-0.269838,0.150000,0.000000,0.000000,0.000000,-0.042307,0.076236,0.020748,-0.136802,0.078171,0.005198,-0.051128,0.019198,0.023128,0.089624,0.059309
17.190000,9.840000,-0.247429,0.097972,2.495740,-0.137369,0.076540,0.005331,1.139497,-0.236910,0.173564,0.007915,-0.172871,-0.010257,-0.196515,0.019823,2.476000,0.000000,0.000000,0.000000,1.191650,-0.244933,0.150000,0.000000,0.000000,0.000000,-0.050915,0.078150,0.019740,-0.137369,0.076540,0.005331,-0.052153,0.008023,0.023564,0.095338,0.057789
17.201000,9.851000,-0.236034,0.095603,2.497476,-0.137279,0.074814,0.005467,1.147096,-0.223170,0.174561,0.073430,-0.175283,-0.010776,-0.196515,0.019823,2.476000,0.000000,0.000000,0.000000,1.191650,-0.244933,0.150000,0.000000,0.000000,0.000000,-0.039520,0.075781,0.021476,-0.137279,0.074814,0.005467,-0.044554,0.021763,0.024561,0.088123,0.055335
17.210000,9.860000,-0.229509,0.094622,2.498057,-0.138695,0.071891,0.005586,1.136819,-0.205171,0.171932,0.009679,-0.174621,-0.010670,-0.171370,0.015005,2.479150,0.000000,0.000000,0.000000,1.202935,-0.213828,0.150000,0.000000,0.000000,0.000000,-0.058139,0.079617,0.018907,-0.138695,0.071891,0.005586,-0.066116,0.008657,0.021932,0.100381,0.070195
17.222000,9.872000,-0.216296,0.092306,2.499827,-0.139060,0.070806,0.005702,1.150646,-0.192408,0.172839,0.013511,-0.173056,-0.011245,-0.145997,0.010844,2.482300,0.000000,0.000000,0.000000,1.213407,-0.182368,0.150000,0.000000,0.000000,0.000000,-0.070299,0.081461,0.017527,-0.139060,0.070806,0.005702,-0.062761,-0.010040,0.022839,0.109018,0.067538
17.234000,9.884000,-0.204007,0.090339,2.501436,-0.139528,0.069411,0.005814,1.160520,-0.178749,0.173586,0.013974,-0.159345,-0.011755,-0.145997,0.010844,2.482300,0.000000,0.000000,0.000000,1.213407,-0.182368,0.150000,0.000000,0.000000,0.000000,-0.058010,0.079495,0.019136,-0.139528,0.069411,0.005814,-0.052887,0.003619,0.023586,0.100254,0.058021
17.240000,9.890000,-0.192402,0.088552,2.503172,-0.140111,0.067818,0.005922,1.167404,-0.164771,0.174686,0.011149,-0.155386,-0.012211,-0.124080,0.007806,2.485000,0.000000,0.000000,0.000000,1.221727,-0.155135,0.150000,0.000000,0.000000,0.000000,-0.068322,0.080745,0.018172,-0.140111,0.067818,0.005922,-0.054324,-0.009636,0.024686,0.107322,0.060443
17.250000,9.900000,-0.188087,0.088163,2.503555,-0.140266,0.064234,0.006011,1.147691,-0.146456,0.171109,0.096337,-0.173371,-0.012695,-0.124080,0.007806,2.485000,0.000000,0.000000,0.000000,1.221727,-0.155135,0.150000,0.000000,0.000000,0.000000,-0.064007,0.080357,0.018555,-0.140266,0.064234,0.006011,-0.074036,0.008678,0.021109,0.104396,0.077474
17.260000,9.910000,-0.179173,0.087114,2.504668,-0.141678,0.062117,0.006111,1.144915,-0.131079,0.169756,0.031504,-0.174377,-0.012444,-0.099559,0.005009,2.488000,0.000000,0.000000,0.000000,1.230254,-0.124604,0.150000,0.000000,0.000000,0.000000,-0.079614,0.082105,0.016668,-0.141678,0.062117,0.006111,-0.085339,-0.006475,0.019756,0.115575,0.087835
17.270000,9.920000,-0.168970,0.085982,2.505966,-0.142221,0.060271,0.006211,1.146718,-0.116362,0.169857,-0.019030,-0.146419,-0.012457,-0.099559,0.005009,2.488000,0.000000,0.000000,0.000000,1.230254,-0.124604,0.150000,0.000000,0.000000,0.000000,-0.069411,0.080973,0.017966,-0.142221,0.060271,0.006211,-0.083536,0.008243,0.019857,0.108154,0.086258
17.280000,9.930000,-0.154407,0.084501,2.507758,-0.142510,0.059640,0.006314,1.164114,-0.103519,0.171397,-0.022760,-0.148849,-0.012146,-0.074875,0.002824,2.491000,0.000000,0.000000,0.000000,1.238016,-0.093806,0.150000,0.000000,0.000000,0.000000,-0.079532,0.081677,0.016758,-0.142510,0.059640,0.006314,-0.073901,-0.009712,0.021397,0.115227,0.077547
17.291000,9.941000,-0.139476,0.083176,2.509728,-0.143086,0.059076,0.006413,1.182077,-0.090355,0.173667,0.013248,-0.139399,-0.012102,-0.074875,0.002824,2.491000,0.000000,0.000000,0.000000,1.238016,-0.093806,0.150000,0.000000,0.000000,0.000000,-0.064602,0.080352,0.018728,-0.143086,0.059076,0.006413,-0.055939,0.003451,0.023667,0.104788,0.060837
17.300000,9.950000,-0.127656,0.082273,2.511464,-0.142949,0.057679,0.006492,1.187937,-0.075966,0.175181,0.097367,-0.125904,-0.012644,-0.050043,0.001258,2.494000,0.000000,0.000000,0.000000,1.245005,-0.062760,0.150000,0.000000,0.000000,0.000000,-0.077612,0.081015,0.017464,-0.142949,0.057679,0.006492,-0.057068,-0.013206,0.025181,0.113543,0.063759
17.310000,9.960000,-0.121329,0.081986,2.512140,-0.144683,0.054668,0.006575,1.173683,-0.060018,0.172929,-0.004973,-0.150759,-0.012631,-0.050043,0.001258,2.494000,0.000000,0.000000,0.000000,1.245005,-0.062760,0.150000,0.000000,0.000000,0.000000,-0.071285,0.080728,0.018140,-0.144683,0.054668,0.006575,-0.071323,0.002742,0.022929,0.109214,0.074968
17.320000,9.970000,-0.108024,0.081354,2.513765,-0.145350,0.053930,0.006633,1.184929,-0.045917,0.173500,-0.006018,-0.142232,-0.013125,-0.050043,0.001258,2.494000,0.000000,0.000000,0.000000,1.245005,-0.062760,0.150000,0.000000,0.000000,0.000000,-0.057981,0.080096,0.019765,-0.145350,0.053930,0.006633,-0.060077,0.016843,0.023500,0.100836,0.066672
17.330000,9.980000,-0.096175,0.080895,2.515500,-0.146153,0.052653,0.006692,1.190243,-0.031360,0.174552,0.005121,-0.120866,-0.013656,-0.025080,0.000315,2.497000,0.000000,0.000000,0.000000,1.251215,-0.031485,0.150000,0.000000,0.000000,0.000000,-0.071095,0.080580,0.018500,-0.146153,0.052653,0.006692,-0.060972,0.000125,0.024552,0.109041,0.065729
17.340000,9.990000,-0.087867,0.080747,2.516479,-0.146943,0.050443,0.006731,1.182570,-0.016265,0.173369,0.003855,-0.117645,-0.014568,-0.025080,0.000315,2.497000,0.000000,0.000000,0.000000,1.251215,-0.031485,0.150000,0.000000,0.000000,0.000000,-0.062787,0.080432,0.019479,-0.146943,0.050443,0.006731,-0.068644,0.015220,0.023369,0.103879,0.074093
17.352000,10.002000,-0.073719,0.080576,2.518238,-0.147488,0.050023,0.006748,1.196136,-0.001870,0.174207,0.010682,-0.130426,-0.015290,0.000000,0.000000,1.000000,0.000000,0.000000,0.000000,0.000000,0.000000,0.000000,0.000000,0.000000,0.000000,-0.073719,0.080576,1.518238,-0.147488,0.050023,0.006748,1.196136,-0.001870,0.174207,1.522161,1.208757
