t,t_rel,thrust,tau_phi,tau_theta,tau_psi,w0,w1,w2,w3,ud_T,ud_phi,ud_theta,ud_psi,ui_T,ui_phi,ui_theta,ui_psi,ut_T,ut_phi,ut_theta,ut_psi,torque_scale,cost_state,cost_input,solve_ok,int_err_x,int_err_y,int_err_z
7.062000,0.012000,14.941020,0.000000,-0.000000,-0.000000,661.017806,661.017763,661.017823,661.017704,-1.677618,-0.000002,-0.000001,-0.000000,1.903638,0.000003,0.000000,0.000000,14.941020,0.000000,-0.000000,-0.000000,1.000000,0.026313,0.028144,1.000000,0.000000,-0.000001,0.634546
7.088000,0.038000,14.936080,-0.000731,0.001058,-0.000000,660.805532,661.011443,660.651408,661.165458,-1.681216,-0.000734,0.001057,-0.000000,1.902296,0.000003,0.000001,0.000000,14.936080,-0.000731,0.001058,-0.000000,1.000000,0.026448,0.028265,1.000000,0.000000,-0.000001,0.634099
7.105000,0.055000,14.886489,-0.000411,0.000705,-0.000000,659.733556,659.887252,659.646843,659.973910,-1.729424,-0.000413,0.000704,-0.000000,1.900913,0.000002,0.000001,0.000000,14.886489,-0.000411,0.000705,-0.000000,1.000000,0.027997,0.029909,1.000000,0.000000,-0.000001,0.633638
7.124000,0.074000,14.902099,-0.001153,0.001836,-0.000011,659.969035,660.351708,659.717704,660.586217,-1.712433,-0.001155,0.001834,-0.000011,1.899532,0.000002,0.000001,0.000000,14.902099,-0.001153,0.001836,-0.000011,1.000000,0.027514,0.029325,1.000000,0.000001,-0.000001,0.633177
7.143000,0.093000,14.956855,-0.001750,0.002934,-0.000014,661.058260,661.688200,660.679287,662.045291,-1.656322,-0.001751,0.002931,-0.000014,1.898177,0.000001,0.000003,0.000000,14.956855,-0.001750,0.002934,-0.000014,1.000000,0.025843,0.027435,1.000000,0.000001,-0.000000,0.632726
7.162000,0.112000,14.941588,-0.002149,0.003831,-0.000017,660.610562,661.462059,660.145663,661.901591,-1.670218,-0.002147,0.003826,-0.000017,1.896806,-0.000002,0.000005,0.000000,14.941588,-0.002149,0.003831,-0.000017,1.000000,0.026327,0.027898,1.000000,0.000003,0.000001,0.632269
7.186000,0.136000,14.934085,-0.005066,0.008482,-0.000015,659.959044,661.779135,658.878845,662.833204,-1.676342,-0.005058,0.008470,-0.000015,1.895427,-0.000008,0.000012,0.000000,14.934085,-0.005066,0.008482,-0.000015,1.000000,0.026629,0.028111,1.000000,0.000006,0.000004,0.631809
7.203000,0.153000,14.931030,-0.001267,0.003683,-0.000026,660.312320,661.300109,660.026650,661.546686,-1.678012,-0.001252,0.003665,-0.000026,1.894042,-0.000015,0.000019,0.000000,14.931030,-0.001267,0.003683,-0.000026,1.000000,0.026731,0.028159,1.000000,0.000009,0.000007,0.631347
7.224000,0.174000,14.929652,-0.001005,0.003547,-0.000046,660.284419,661.281622,660.040044,661.457810,-1.677999,-0.000980,0.003518,-0.000046,1.892651,-0.000025,0.000029,0.000000,14.929652,-0.001005,0.003547,-0.000046,1.000000,0.026873,0.028158,1.000000,0.000014,0.000012,0.630884
7.243000,0.193000,14.928916,-0.001710,0.004567,-0.000136,660.200334,661.399552,659.743724,661.654335,-1.677338,-0.001671,0.004524,-0.000136,1.891254,-0.000039,0.000043,0.000000,14.928916,-0.001710,0.004567,-0.000136,1.000000,0.027036,0.028137,1.000000,0.000022,0.000019,0.630418
7.261000,0.211000,14.928495,-0.001474,0.004300,-0.000143,660.213865,661.372225,659.802497,661.572293,-1.676356,-0.001416,0.004237,-0.000143,1.889851,-0.000058,0.000063,0.000000,14.928495,-0.001474,0.004300,-0.000143,1.000000,0.027231,0.028104,1.000000,0.000031,0.000029,0.629950
7.283000,0.233000,14.885859,-0.001970,0.004821,-0.000101,659.217671,660.448988,658.730469,660.786423,-1.717553,-0.001888,0.004732,-0.000101,1.888412,-0.000082,0.000088,0.000000,14.885859,-0.001970,0.004821,-0.000101,1.000000,0.028809,0.029502,1.000000,0.000044,0.000041,0.629471
7.305000,0.255000,14.949314,-0.002134,0.005333,-0.000087,660.548909,661.916865,660.037814,662.298627,-1.652695,-0.002020,0.005211,-0.000087,1.887009,-0.000114,0.000122,0.000000,14.949314,-0.002134,0.005333,-0.000087,1.000000,0.027145,0.027317,1.000000,0.000061,0.000057,0.629003
7.322000,0.272000,14.950554,-0.002527,0.006301,-0.000055,660.441721,662.055149,659.869858,662.544153,-1.650046,-0.002374,0.006138,-0.000055,1.885600,-0.000153,0.000164,0.000000,14.950554,-0.002527,0.006301,-0.000055,1.000000,0.027470,0.027231,1.000000,0.000082,0.000077,0.628533
7.342000,0.292000,14.932502,-0.001546,0.005158,-0.000009,660.117038,661.547291,659.784566,661.866013,-1.666675,-0.001345,0.004943,-0.000009,1.884177,-0.000201,0.000215,0.000000,14.932502,-0.001546,0.005158,-0.000009,1.000000,0.028452,0.027781,1.000000,0.000108,0.000101,0.628059
7.361000,0.311000,14.939986,-0.000984,0.005244,0.000006,660.203433,661.780724,660.000368,661.992627,-1.657772,-0.000724,0.004966,0.000006,1.882758,-0.000260,0.000278,0.000000,14.939986,-0.000984,0.005244,0.000006,1.000000,0.028716,0.027485,1.000000,0.000139,0.000130,0.627586
7.383000,0.333000,14.886848,-0.001149,0.006468,0.000015,658.831152,660.793353,658.598575,661.046614,-1.709449,-0.000820,0.006113,0.000015,1.881297,-0.000329,0.000354,0.000000,14.886848,-0.001149,0.006468,0.000015,1.000000,0.030912,0.029226,1.000000,0.000177,0.000164,0.627099
7.402000,0.352000,14.907474,-0.000116,0.004442,0.000011,659.526654,661.015301,659.509567,661.047897,-1.687364,0.000294,0.003998,0.000011,1.879838,-0.000410,0.000445,0.000000,14.907474,-0.000116,0.004442,0.000011,1.000000,0.030986,0.028474,1.000000,0.000222,0.000205,0.626613
7.422000,0.372000,14.950089,0.000467,0.005263,0.000004,660.271805,662.160716,660.372982,662.065509,-1.643310,0.000971,0.004712,0.000004,1.878399,-0.000505,0.000551,0.000000,14.950089,0.000467,0.005263,0.000004,1.000000,0.030424,0.027007,1.000000,0.000276,0.000252,0.626133
7.443000,0.393000,14.958422,-0.002849,0.013837,-0.000016,659.351754,663.458557,658.738731,664.044392,-1.633541,-0.002220,0.013141,-0.000016,1.876964,-0.000629,0.000695,0.000000,14.958422,-0.002849,0.013837,-0.000016,1.000000,0.031874,0.026702,1.000000,0.000348,0.000315,0.625655
7.463000,0.413000,14.940207,0.003896,0.000030,-0.000027,660.593499,661.425553,661.395573,660.584038,-1.650309,0.004647,-0.000807,-0.000027,1.875516,-0.000751,0.000837,0.000000,14.940207,0.003896,0.000030,-0.000027,1.000000,0.032297,0.027237,1.000000,0.000418,0.000376,0.625172
7.483000,0.433000,14.927938,0.002422,0.002910,-0.000056,659.997081,661.500297,660.468228,660.946754,-1.661122,0.003310,0.001911,-0.000056,1.874060,-0.000889,0.000999,0.000000,14.927938,0.002422,0.002910,-0.000056,1.000000,0.033431,0.027595,1.000000,0.000500,0.000444,0.624687
7.501000,0.451000,14.935824,0.004374,-0.002366,-0.000201,660.915253,661.038705,661.695221,659.960921,-1.651783,0.005416,-0.003549,-0.000201,1.872607,-0.001042,0.001183,0.000000,14.935824,0.004374,-0.002366,-0.000201,1.000000,0.034118,0.027288,1.000000,0.000591,0.000521,0.624202
7.521000,0.471000,14.930955,0.003896,-0.000826,-0.000212,660.599631,661.146803,661.271625,660.161708,-1.655192,0.005108,-0.002217,-0.000212,1.871147,-0.001212,0.001391,0.000000,14.930955,0.003896,-0.000826,-0.000212,1.000000,0.035125,0.027400,1.000000,0.000695,0.000606,0.623716
7.542000,0.492000,14.887167,0.003136,0.000148,-0.000158,659.524970,660.242737,660.075397,659.458263,-1.697486,0.004533,-0.001474,-0.000158,1.869653,-0.001397,0.001622,0.000000,14.887167,0.003136,0.000148,-0.000158,1.000000,0.037248,0.028817,1.000000,0.000811,0.000698,0.623218
7.561000,0.511000,14.935047,0.004893,0.002246,-0.000179,660.050240,661.851885,660.956010,660.683162,-1.648138,0.006494,0.000365,-0.000179,1.868186,-0.001601,0.001881,0.000000,14.935047,0.004893,0.002246,-0.000179,1.000000,0.036812,0.027168,1.000000,0.000941,0.000800,0.622729
7.580000,0.530000,14.912097,0.003760,0.003701,-0.000082,659.379088,661.435349,660.114794,660.579735,-1.669599,0.005582,0.001531,-0.000082,1.866696,-0.001822,0.002169,0.000000,14.912097,0.003760,0.003701,-0.000082,1.000000,0.038443,0.027879,1.000000,0.001085,0.000911,0.622232
7.604000,0.554000,14.954408,0.005635,0.004618,-0.000024,659.942203,662.700530,661.113093,661.496683,-1.625824,0.007693,0.002133,-0.000024,1.865232,-0.002059,0.002485,0.000000,14.954408,0.005635,0.004618,-0.000024,1.000000,0.037967,0.026439,1.000000,0.001242,0.001029,0.621744
7.622000,0.572000,14.951166,0.005994,0.004543,0.000026,659.827502,662.634513,661.109798,661.393878,-1.627598,0.008305,0.001712,0.000026,1.863764,-0.002311,0.002831,0.000000,14.951166,0.005994,0.004543,0.000026,1.000000,0.038946,0.026498,1.000000,0.001415,0.001156,0.621255
7.642000,0.592000,14.944441,0.006976,0.003951,0.000050,659.667426,662.479607,661.173490,661.050253,-1.632852,0.009555,0.000743,0.000050,1.862293,-0.002579,0.003208,0.000000,14.944441,0.006976,0.003951,0.000050,1.000000,0.040033,0.026671,1.000000,0.001604,0.001290,0.620764
7.666000,0.616000,14.928108,0.008211,0.001813,0.000058,659.536670,661.882620,661.308783,660.197771,-1.647703,0.011072,-0.001803,0.000058,1.860811,-0.002861,0.003616,0.000000,14.928108,0.008211,0.001813,0.000058,1.000000,0.041292,0.027162,1.000000,0.001808,0.001431,0.620270
7.685000,0.635000,14.919585,0.008393,0.002980,0.000057,659.129671,661.911905,660.940819,660.188241,-1.654736,0.011552,-0.001082,0.000057,1.859321,-0.003160,0.004062,0.000000,14.919585,0.008393,0.002980,0.000057,1.000000,0.042667,0.027395,1.000000,0.002031,0.001580,0.619774
7.702000,0.652000,14.942071,0.009516,0.001051,0.000039,659.845233,662.206284,661.877491,660.231918,-1.630773,0.012987,-0.003492,0.000039,1.857844,-0.003471,0.004543,0.000000,14.942071,0.009516,0.001051,0.000039,1.000000,0.042881,0.026612,1.000000,0.002271,0.001736,0.619281
7.727000,0.677000,14.925376,0.010205,0.013114,0.000002,657.354256,663.970687,659.514193,661.828744,-1.645978,0.014020,0.008002,0.000002,1.856354,-0.003816,0.005112,0.000000,14.925376,0.010205,0.013114,0.000002,1.000000,0.046349,0.027119,1.000000,0.002556,0.001908,0.618785
7.741000,0.691000,14.923821,0.009139,-0.005058,-0.000010,660.538530,660.743088,662.455671,658.806479,-1.646040,0.013286,-0.010722,-0.000010,1.854861,-0.004147,0.005665,0.000000,14.923821,0.009139,-0.005058,-0.000010,1.000000,0.045109,0.027124,1.000000,0.002832,0.002073,0.618287
7.761000,0.711000,14.925854,0.009698,-0.003786,0.000011,660.300606,661.055363,662.350538,659.017865,-1.642512,0.014183,-0.010037,0.000011,1.853366,-0.004485,0.006252,0.000000,14.925854,0.009698,-0.003786,0.000011,1.000000,0.045772,0.027009,1.000000,0.003126,0.002243,0.617789
7.782000,0.732000,14.927802,0.010330,-0.004142,0.000033,660.330137,661.095953,662.528250,658.941840,-1.639066,0.015161,-0.011020,0.000033,1.851868,-0.004830,0.006878,0.000000,14.927802,0.010330,-0.004142,0.000033,1.000000,0.046634,0.026901,1.000000,0.003439,0.002415,0.617289
7.802000,0.752000,14.922662,0.010633,0.000110,0.000035,659.458748,661.736255,661.725114,659.522338,-1.642702,0.015817,-0.007440,0.000035,1.850364,-0.005185,0.007550,0.000000,14.922662,0.010633,0.000110,0.000035,1.000000,0.048162,0.027015,1.000000,0.003775,0.002592,0.616788
7.822000,0.772000,14.902606,0.008385,0.000788,0.000024,659.139578,661.175942,660.925718,659.426248,-1.661237,0.013926,-0.007473,0.000024,1.848843,-0.005541,0.008261,0.000000,14.902606,0.008385,0.000788,0.000024,1.000000,0.049771,0.027622,1.000000,0.004130,0.002771,0.616281
7.845000,0.795000,14.939158,0.014754,0.001679,0.000023,659.125934,662.804957,662.252092,659.715769,-1.623185,0.020649,-0.007330,0.000023,1.847342,-0.005896,0.009009,0.000000,14.939158,0.014754,0.001679,0.000023,1.000000,0.049387,0.026395,1.000000,0.004505,0.002948,0.615781
7.868000,0.818000,14.938482,0.012738,0.000010,0.000026,659.607459,662.293646,662.309699,659.630233,-1.622356,0.018982,-0.009787,0.000026,1.845837,-0.006245,0.009796,0.000000,14.938482,0.012738,0.000010,0.000026,1.000000,0.050376,0.026366,1.000000,0.004898,0.003122,0.615279
7.882000,0.832000,14.951450,0.013200,0.002999,0.000024,659.337157,663.136667,662.136151,660.377243,-1.607892,0.019795,-0.007633,0.000024,1.844342,-0.006595,0.010632,0.000000,14.951450,0.013200,0.002999,0.000024,1.000000,0.051834,0.025898,1.000000,0.005316,0.003297,0.614781
7.900000,0.850000,14.895876,0.016642,0.000869,0.000041,658.097230,661.903636,661.638457,658.424849,-1.661933,0.023576,-0.010638,0.000041,1.842809,-0.006934,0.011508,0.000000,14.895876,0.016642,0.000869,0.000041,1.000000,0.054755,0.027687,1.000000,0.005754,0.003467,0.614270
7.922000,0.872000,14.947726,0.018212,0.001765,0.000052,658.925737,663.360411,662.800203,659.566654,-1.608579,0.025473,-0.010655,0.000052,1.841305,-0.007261,0.012420,0.000000,14.947726,0.018212,0.001765,0.000052,1.000000,0.054441,0.025952,1.000000,0.006210,0.003630,0.613768
7.941000,0.891000,14.941560,0.017540,0.004629,0.000043,658.374034,663.642985,662.104007,659.985680,-1.613233,0.025118,-0.008753,0.000043,1.839793,-0.007578,0.013382,0.000000,14.941560,0.017540,0.004629,0.000043,1.000000,0.056821,0.026096,1.000000,0.006691,0.003789,0.613264
7.963000,0.913000,14.948519,0.016129,-0.000651,0.000022,659.586296,662.761240,662.998117,659.380115,-1.604771,0.024003,-0.015029,0.000022,1.838289,-0.007874,0.014377,0.000000,14.948519,0.016129,-0.000651,0.000022,1.000000,0.058152,0.025833,1.000000,0.007189,0.003937,0.612763
7.984000,0.934000,14.939466,0.010607,-0.003240,0.000010,660.413691,661.545439,662.653319,659.316452,-1.612315,0.018750,-0.018645,0.000010,1.836781,-0.008144,0.015406,0.000000,14.939466,0.010607,-0.003240,0.000010,1.000000,0.059953,0.026066,1.000000,0.007703,0.004072,0.612260
8.001000,0.951000,14.939047,0.019096,0.005397,0.000016,658.031813,663.891466,662.072168,659.886243,-1.611227,0.027496,-0.011111,0.000016,1.835274,-0.008400,0.016508,0.000000,14.939047,0.019096,0.005397,0.000016,1.000000,0.063924,0.026048,1.000000,0.008254,0.004200,0.611758
8.022000,0.972000,14.951111,0.014798,-0.001697,0.000106,659.932940,662.468693,663.122238,659.432387,-1.597665,0.023423,-0.019328,0.000106,1.833776,-0.008625,0.017632,0.000000,14.951111,0.014798,-0.001697,0.000106,1.000000,0.065142,0.025618,1.000000,0.008816,0.004312,0.611259
8.042000,0.992000,14.929076,0.017004,0.000757,0.000185,658.764736,662.600256,662.479186,659.160133,-1.618188,0.025825,-0.018042,0.000185,1.832264,-0.008821,0.018799,0.000000,14.929076,0.017004,0.000757,0.000185,1.000000,0.068447,0.026285,1.000000,0.009400,0.004410,0.610755
8.065000,1.015000,14.934146,0.023304,0.003319,0.000262,657.746091,663.778432,662.845169,659.073941,-1.611610,0.032257,-0.016752,0.000262,1.830756,-0.008953,0.020071,0.000000,14.934146,0.023304,0.003319,0.000262,1.000000,0.075702,0.026105,1.000000,0.010036,0.004476,0.610252
8.084000,1.034000,14.933330,0.014105,-0.002221,0.000236,659.655502,661.863889,662.791773,659.072333,-1.610917,0.023180,-0.023540,0.000236,1.829247,-0.009075,0.021319,0.000000,14.933330,0.014105,-0.002221,0.000236,1.000000,0.074445,0.026060,1.000000,0.010660,0.004537,0.609749
8.102000,1.052000,14.933233,0.016040,-0.001897,0.000234,659.394619,662.121067,662.937268,658.920122,-1.609505,0.025195,-0.024501,0.000234,1.827738,-0.009155,0.022604,0.000000,14.933233,0.016040,-0.001897,0.000234,1.000000,0.077459,0.026029,1.000000,0.011302,0.004577,0.609246
8.121000,1.071000,14.904825,0.015703,-0.010144,0.000261,660.197065,660.043757,663.683466,656.924913,-1.636383,0.024887,-0.034059,0.000261,1.826209,-0.009184,0.023915,0.000000,14.904825,0.015703,-0.010144,0.000261,1.000000,0.081272,0.026955,1.000000,0.011958,0.004592,0.608736
8.142000,1.092000,14.940052,0.015898,-0.012265,0.000196,661.339703,660.508068,664.815960,657.300047,-1.599650,0.025058,-0.037514,0.000196,1.824701,-0.009160,0.025249,0.000000,14.940052,0.015898,-0.012265,0.000196,1.000000,0.083189,0.025792,1.000000,0.012625,0.004580,0.608234
8.164000,1.114000,14.899330,0.010242,-0.012975,0.000097,661.190292,658.925643,663.412057,656.833280,-1.638832,0.019322,-0.039585,0.000097,1.823162,-0.009081,0.026610,0.000000,14.899330,0.010242,-0.012975,0.000097,1.000000,0.088277,0.027052,1.000000,0.013305,0.004540,0.607721
8.182000,1.132000,14.943181,0.018362,-0.001587,0.000090,659.367834,662.692981,663.297318,658.892687,-1.593470,0.027313,-0.029611,0.000090,1.821652,-0.008951,0.028024,0.000000,14.943181,0.018362,-0.001587,0.000090,1.000000,0.090755,0.025554,1.000000,0.014012,0.004475,0.607217
8.201000,1.151000,14.920015,0.012468,-0.002655,-0.000006,659.692338,661.417074,662.314722,658.781879,-1.615108,0.021228,-0.032114,-0.000006,1.820123,-0.008760,0.029459,0.000000,14.920015,0.012468,-0.002655,-0.000006,1.000000,0.095368,0.026234,1.000000,0.014730,0.004379,0.606708
8.223000,1.173000,14.961934,0.021745,0.000998,0.000032,659.005778,663.922027,663.607244,659.369994,-1.571691,0.030250,-0.029924,0.000032,1.818625,-0.008506,0.030922,0.000000,14.961934,0.021745,0.000998,0.000032,1.000000,0.097140,0.024883,1.000000,0.015461,0.004252,0.606208
8.245000,1.195000,14.958442,0.021527,-0.000814,0.000031,659.260802,663.515535,663.814277,659.006003,-1.573684,0.029706,-0.033229,0.000031,1.817126,-0.008179,0.032415,0.000000,14.958442,0.021527,-0.000814,0.000031,1.000000,0.101928,0.024963,1.000000,0.016208,0.004089,0.605709
8.263000,1.213000,14.941474,0.019802,-0.008823,0.000079,660.415225,661.581669,664.632930,657.461491,-1.589147,0.027590,-0.042732,0.000079,1.815621,-0.007788,0.033909,0.000000,14.941474,0.019802,-0.008823,0.000079,1.000000,0.104716,0.025513,1.000000,0.016955,0.003893,0.605207
8.283000,1.233000,14.929200,0.017973,0.000081,0.000078,658.818216,662.631214,662.661044,658.903738,-1.599909,0.025299,-0.035360,0.000078,1.814110,-0.007327,0.035442,0.000000,14.929200,0.017973,0.000081,0.000078,1.000000,0.109763,0.025786,1.000000,0.017721,0.003663,0.604703
8.304000,1.254000,14.907614,0.011205,-0.004861,0.000051,659.906841,660.612308,662.302846,658.285291,-1.619969,0.017979,-0.041871,0.000051,1.812584,-0.006774,0.037010,0.000000,14.907614,0.011205,-0.004861,0.000051,1.000000,0.117137,0.026451,1.000000,0.018505,0.003386,0.604195
8.321000,1.271000,14.954024,0.015461,-0.004924,0.000019,660.507946,662.088214,663.772662,658.842567,-1.572064,0.021625,-0.043498,0.000019,1.811088,-0.006164,0.038574,0.000000,14.954024,0.015461,-0.004924,0.000019,1.000000,0.116220,0.024950,1.000000,0.019287,0.003081,0.603696
8.342000,1.292000,14.953522,0.013842,-0.008833,0.000000,661.339246,661.249219,664.247636,658.327712,-1.571071,0.019318,-0.048983,0.000000,1.809593,-0.005476,0.040149,0.000000,14.953522,0.013842,-0.008833,0.000000,1.000000,0.119561,0.024960,1.000000,0.020075,0.002737,0.603198
8.361000,1.311000,14.931335,0.014173,-0.005279,0.000007,660.205795,661.395260,663.193803,658.409958,-1.591750,0.018882,-0.047025,0.000007,1.808085,-0.004708,0.041746,0.000000,14.931335,0.014173,-0.005279,0.000007,1.000000,0.123909,0.025593,1.000000,0.020873,0.002353,0.602695
8.381000,1.331000,14.948547,0.016462,-0.011485,0.000028,661.394389,660.953062,664.871343,657.497625,-1.573045,0.020323,-0.054828,0.000028,1.806592,-0.003861,0.043343,0.000000,14.948547,0.016462,-0.011485,0.000028,1.000000,0.125779,0.025087,1.000000,0.021672,0.001929,0.602197
8.404000,1.354000,14.945465,0.031278,-0.017107,0.000045,660.716575,661.482452,667.307686,654.899224,-1.574633,0.034117,-0.062131,0.000045,1.805098,-0.002839,0.045024,0.000000,14.945465,0.031278,-0.017107,0.000045,1.000000,0.138911,0.025297,1.000000,0.022512,0.001418,0.601699
8.422000,1.372000,14.932153,0.010103,-0.020932,-0.000028,663.325021,658.329606,665.423001,656.166908,-1.586445,0.011934,-0.067538,-0.000028,1.803598,-0.001831,0.046606,0.000000,14.932153,0.010103,-0.020932,-0.000028,1.000000,0.130852,0.025638,1.000000,0.023303,0.000914,0.601199
8.441000,1.391000,14.930986,0.012030,-0.019804,-0.000145,662.946479,658.745181,665.367827,656.084359,-1.586111,0.012773,-0.067987,-0.000145,1.802098,-0.000743,0.048182,0.000000,14.930986,0.012030,-0.019804,-0.000145,1.000000,0.132777,0.025636,1.000000,0.024091,0.000369,0.600699
8.465000,1.415000,14.942772,0.022524,-0.015629,-0.000016,661.348994,660.775892,666.063716,655.999041,-1.572834,0.021990,-0.065476,-0.000016,1.800605,0.000534,0.049846,0.000000,14.942772,0.022524,-0.015629,-0.000016,1.000000,0.145829,0.025215,1.000000,0.024923,-0.000270,0.600202
8.483000,1.433000,14.893202,-0.003614,-0.006878,0.000101,661.475210,658.364513,660.785176,659.207064,-1.620876,-0.005400,-0.058293,0.000101,1.799078,0.001786,0.051415,0.000000,14.893202,-0.003614,-0.006878,0.000101,1.000000,0.138993,0.026615,1.000000,0.025707,-0.000896,0.599693
8.502000,1.452000,14.906180,0.013172,-0.007054,0.000240,659.974857,660.341421,662.916352,657.743737,-1.606377,0.010046,-0.060041,0.000240,1.797557,0.003126,0.052987,0.000000,14.906180,0.013172,-0.007054,0.000240,1.000000,0.139950,0.026175,1.000000,0.026493,-0.001566,0.599186
8.524000,1.474000,14.950342,0.013838,-0.008860,0.000077,661.246711,661.144310,664.208605,658.282900,-1.560720,0.009297,-0.063396,0.000077,1.796062,0.004542,0.054537,0.000000,14.950342,0.013838,-0.008860,0.000077,1.000000,0.139219,0.024769,1.000000,0.027268,-0.002275,0.598687
8.543000,1.493000,14.942581,0.014656,-0.000659,0.000149,659.566716,662.424832,662.758416,659.452010,-1.566980,0.008619,-0.056745,0.000149,1.794561,0.006037,0.056086,0.000000,14.942581,0.014656,-0.000659,0.000149,1.000000,0.140849,0.024884,1.000000,0.028042,-0.003023,0.598187
8.562000,1.512000,14.946250,0.018288,-0.002794,0.000158,659.625371,662.521670,663.585829,658.789036,-1.561817,0.010676,-0.060417,0.000158,1.793066,0.007612,0.057624,0.000000,14.946250,0.018288,-0.002794,0.000158,1.000000,0.141525,0.024769,1.000000,0.028811,-0.003811,0.597689
8.583000,1.533000,14.957965,0.017732,-0.017990,0.000186,662.518850,660.126846,666.365292,656.520227,-1.548618,0.008477,-0.077113,0.000186,1.791583,0.009255,0.059123,0.000000,14.957965,0.017732,-0.017990,0.000186,1.000000,0.140462,0.024584,1.000000,0.029561,-0.004633,0.597194
8.601000,1.551000,14.951778,0.015671,-0.026801,0.000211,664.084325,658.258588,667.509251,655.099578,-1.553322,0.004706,-0.087390,0.000211,1.790100,0.010964,0.060588,0.000000,14.951778,0.015671,-0.026801,0.000211,1.000000,0.140401,0.024894,1.000000,0.030293,-0.005488,0.596700
8.623000,1.573000,14.929764,0.014071,-0.025475,0.000219,663.539840,657.823893,666.638789,655.008867,-1.573841,0.001323,-0.087508,0.000219,1.788605,0.012748,0.062033,0.000000,14.929764,0.014071,-0.025475,0.000219,1.000000,0.141764,0.025536,1.000000,0.031015,-0.006381,0.596202
8.640000,1.590000,14.905960,0.000890,-0.028674,0.000181,664.952439,655.362634,665.265055,655.314570,-1.596136,-0.013705,-0.092106,0.000181,1.787096,0.014595,0.063431,0.000000,14.905960,0.000890,-0.028674,0.000181,1.000000,0.142703,0.026344,1.000000,0.031714,-0.007305,0.595699
8.660000,1.610000,14.938134,0.007710,-0.020134,0.000187,663.497476,658.261870,665.244401,656.774452,-1.562473,-0.008794,-0.084938,0.000187,1.785607,0.016504,0.064803,0.000000,14.938134,0.007710,-0.020134,0.000187,1.000000,0.142266,0.025142,1.000000,0.032400,-0.008260,0.595202
8.686000,1.636000,14.951798,0.014384,-0.035197,0.000297,665.610005,656.653090,668.818775,653.827393,-1.547332,-0.004076,-0.101316,0.000297,1.784130,0.018460,0.066119,0.000000,14.951798,0.014384,-0.035197,0.000297,1.000000,0.141371,0.024971,1.000000,0.033057,-0.009238,0.594710
8.704000,1.654000,14.898043,0.004550,-0.034889,0.000321,665.397133,654.453039,666.572544,653.735077,-1.599574,-0.015915,-0.102260,0.000321,1.782617,0.020465,0.067372,0.000000,14.898043,0.004550,-0.034889,0.000321,1.000000,0.144124,0.026657,1.000000,0.033683,-0.010242,0.594206
8.721000,1.671000,14.936955,0.023141,-0.026875,0.000306,662.952907,658.670016,668.009005,653.998275,-1.559176,0.000613,-0.095471,0.000306,1.781131,0.022528,0.068597,0.000000,14.936955,0.023141,-0.026875,0.000306,1.000000,0.144305,0.025222,1.000000,0.034295,-0.011274,0.593710
8.744000,1.694000,14.943370,0.019833,-0.010414,0.000219,660.675765,661.302434,664.995678,657.282500,-1.551278,-0.004759,-0.080139,0.000219,1.779648,0.024592,0.069725,0.000000,14.943370,0.019833,-0.010414,0.000219,1.000000,0.140559,0.024709,1.000000,0.034859,-0.012307,0.593216
8.763000,1.713000,14.941242,0.018667,-0.023877,0.000300,663.010728,658.806425,667.129156,655.082803,-1.551925,-0.008059,-0.094712,0.000300,1.778166,0.026726,0.070836,0.000000,14.941242,0.018667,-0.023877,0.000300,1.000000,0.146094,0.024988,1.000000,0.035414,-0.013374,0.592722
8.783000,1.733000,14.952127,0.008714,-0.028133,0.000378,664.987871,657.237295,667.073710,655.683052,-1.539568,-0.020159,-0.099999,0.000378,1.776695,0.028873,0.071866,0.000000,14.952127,0.008714,-0.028133,0.000378,1.000000,0.147436,0.024743,1.000000,0.035929,-0.014448,0.592232
8.806000,1.756000,14.936114,-0.009241,-0.065282,0.000394,672.748814,648.558008,671.105528,650.847922,-1.554102,-0.040355,-0.138098,0.000394,1.775216,0.031115,0.072816,0.000000,14.936114,-0.009241,-0.065282,0.000394,1.000000,0.162058,0.026222,1.000000,0.036402,-0.015570,0.591739
8.822000,1.772000,14.891184,-0.000116,-0.033770,0.000495,665.485098,653.927676,665.805931,654.338537,-1.597524,-0.033383,-0.107445,0.000495,1.773708,0.033267,0.073674,0.000000,14.891184,-0.000116,-0.033770,0.000495,1.000000,0.156106,0.026787,1.000000,0.036831,-0.016646,0.591236
8.841000,1.791000,14.935161,0.020315,-0.010534,0.000870,660.234784,660.899468,665.113518,657.281207,-1.552068,-0.015144,-0.085026,0.000870,1.772229,0.035459,0.074492,0.000000,14.935161,0.020315,-0.010534,0.000870,1.000000,0.159431,0.024835,1.000000,0.037239,-0.017743,0.590743
8.865000,1.815000,14.940823,0.008485,-0.019887,0.001011,663.145283,658.126506,665.630035,657.114458,-1.544930,-0.029206,-0.095075,0.001011,1.770752,0.037691,0.075188,0.000000,14.940823,0.008485,-0.019887,0.001011,1.000000,0.173417,0.024857,1.000000,0.037587,-0.018860,0.590251
8.883000,1.833000,14.951017,0.020985,-0.009464,0.001135,660.239779,661.400350,665.443609,657.848927,-1.533268,-0.018880,-0.085296,0.001135,1.769285,0.039864,0.075832,0.000000,14.951017,0.020985,-0.009464,0.001135,1.000000,0.170817,0.024272,1.000000,0.037908,-0.019947,0.589762
8.911000,1.861000,14.928578,0.023956,0.003038,0.001086,657.310191,663.359233,663.127079,659.153137,-1.554230,-0.018029,-0.073321,0.001086,1.767808,0.041985,0.076359,0.000000,14.928578,0.023956,0.003038,0.001086,1.000000,0.172124,0.024727,1.000000,0.038171,-0.021008,0.589269
8.925000,1.875000,14.901288,-0.003076,-0.019488,0.000769,663.504544,656.184071,663.396607,657.433934,-1.580023,-0.047152,-0.096266,0.000769,1.766311,0.044076,0.076778,0.000000,14.901288,-0.003076,-0.019488,0.000769,1.000000,0.182443,0.026114,1.000000,0.038380,-0.022054,0.588770
8.942000,1.892000,14.925800,0.014292,-0.022881,0.000888,662.754918,657.942800,666.370279,655.603120,-1.554030,-0.031887,-0.100029,0.000888,1.764830,0.046179,0.077148,0.000000,14.925800,0.014292,-0.022881,0.000888,1.000000,0.192837,0.025252,1.000000,0.038565,-0.023105,0.588277
8.962000,1.912000,14.906560,-0.003526,-0.030398,0.000643,665.558083,654.430232,665.268840,655.681199,-1.571772,-0.051752,-0.107806,0.000643,1.763333,0.048226,0.077408,0.000000,14.906560,-0.003526,-0.030398,0.000643,1.000000,0.203257,0.026135,1.000000,0.038694,-0.024129,0.587778
8.986000,1.936000,14.901822,0.008162,-0.028988,0.000370,664.086684,655.915305,666.053661,654.468639,-1.575006,-0.041996,-0.106505,0.000370,1.761828,0.050157,0.077517,0.000000,14.901822,0.008162,-0.028988,0.000370,1.000000,0.214087,0.026117,1.000000,0.038749,-0.025094,0.587276
9.005000,1.955000,14.951356,-0.028520,-0.084494,0.000477,678.236597,643.447019,672.684198,649.964733,-1.524001,-0.080632,-0.162003,0.000477,1.760358,0.052113,0.077509,0.000000,14.951356,-0.028520,-0.084494,0.000477,1.000000,0.250999,0.026500,1.000000,0.038744,-0.026071,0.586786
9.021000,1.971000,14.941190,0.017627,-0.035906,0.000348,665.139351,656.619493,669.061397,653.142593,-1.532690,-0.036328,-0.113336,0.000348,1.758881,0.053955,0.077431,0.000000,14.941190,0.017627,-0.035906,0.000348,1.000000,0.248325,0.024908,1.000000,0.038705,-0.026992,0.586294
9.045000,1.995000,14.934452,0.014240,-0.031168,0.000872,664.361536,656.718287,667.945730,654.372214,-1.537951,-0.041475,-0.108404,0.000872,1.757403,0.055715,0.077237,0.000000,14.934452,0.014240,-0.031168,0.000872,1.000000,0.264361,0.025000,1.000000,0.038608,-0.027871,0.585801
9.062000,2.012000,14.940397,0.025046,-0.016131,0.001214,660.684294,660.428451,666.788045,656.071154,-1.530535,-0.032361,-0.093063,0.001214,1.755932,0.057407,0.076932,0.000000,14.940397,0.025046,-0.016131,0.001214,1.000000,0.280915,0.024396,1.000000,0.038456,-0.028717,0.585311
9.082000,2.032000,14.921106,0.028365,-0.002834,0.001316,657.600724,662.572848,664.500376,657.606467,-1.548344,-0.030656,-0.079353,0.001316,1.754450,0.059021,0.076519,0.000000,14.921106,0.028365,-0.002834,0.001316,1.000000,0.294795,0.024698,1.000000,0.038250,-0.029523,0.584817
9.103000,2.053000,14.936613,0.013588,-0.006096,0.001302,660.068468,660.811536,663.839963,658.951192,-1.531367,-0.046935,-0.082063,0.001302,1.752979,0.060524,0.075967,0.000000,14.936613,0.013588,-0.006096,0.001302,1.000000,0.317874,0.024345,1.000000,0.037974,-0.030274,0.584326
9.124000,2.074000,14.886210,0.001790,-0.006424,0.000917,660.387687,658.542028,661.408782,658.874285,-1.580263,-0.060110,-0.081716,0.000917,1.751473,0.061900,0.075292,0.000000,14.886210,0.001790,-0.006424,0.000917,1.000000,0.335388,0.026001,1.000000,0.037637,-0.030961,0.583824
9.142000,2.092000,14.927755,-0.039183,-0.049613,0.000350,673.061525,647.889241,665.148892,656.529442,-1.537237,-0.102294,-0.123997,0.000350,1.749992,0.063110,0.074384,0.000000,14.927755,-0.039183,-0.049613,0.000350,1.000000,0.394367,0.026215,1.000000,0.037184,-0.031565,0.583331
9.163000,2.113000,14.891739,0.006706,0.000446,0.000069,659.118388,660.683267,660.582108,659.321636,-1.571742,-0.057522,-0.072997,0.000069,1.748481,0.064228,0.073443,0.000000,14.891739,0.006706,0.000446,0.000069,1.000000,0.382256,0.025567,1.000000,0.036714,-0.032122,0.582827
9.180000,2.130000,14.933915,0.008909,-0.006065,0.000262,660.862210,660.665898,662.920272,658.988090,-1.528081,-0.056335,-0.078445,0.000262,1.746996,0.065244,0.072380,0.000000,14.933915,0.008909,-0.006065,0.000262,1.000000,0.394922,0.024283,1.000000,0.036184,-0.032629,0.582332
9.201000,2.151000,14.951334,0.020462,0.001385,0.000880,658.541035,663.293078,663.470159,659.664975,-1.509187,-0.045648,-0.069793,0.000880,1.745521,0.066109,0.071179,0.000000,14.951334,0.020462,0.001385,0.000880,1.000000,0.422621,0.023472,1.000000,0.035584,-0.033060,0.581840
9.226000,2.176000,14.903998,0.027222,0.017354,0.001054,653.970739,665.596363,660.483304,660.691168,-1.555017,-0.039555,-0.052470,0.001054,1.744015,0.066778,0.069824,0.000000,14.903998,0.027222,0.017354,0.001054,1.000000,0.438476,0.024613,1.000000,0.034908,-0.033393,0.581338
9.243000,2.193000,14.944981,0.009470,-0.015268,0.001319,662.241679,658.992433,665.151147,658.012298,-1.512556,-0.057851,-0.083604,0.001319,1.742536,0.067322,0.068335,0.000000,14.944981,0.009470,-0.015268,0.001319,1.000000,0.472732,0.023912,1.000000,0.034164,-0.033664,0.580845
9.261000,2.211000,14.900578,-0.005328,-0.014416,0.000912,662.814966,656.742832,662.333828,658.578935,-1.555446,-0.073023,-0.081125,0.000912,1.741023,0.067695,0.066708,0.000000,14.900578,-0.005328,-0.014416,0.000912,1.000000,0.496700,0.025386,1.000000,0.033352,-0.033850,0.580341
9.283000,2.233000,14.938329,0.008415,-0.015474,0.000995,662.354296,658.823848,664.815974,657.815219,-1.516206,-0.059504,-0.080412,0.000995,1.739535,0.067919,0.064938,0.000000,14.938329,0.008415,-0.015474,0.000995,1.000000,0.517442,0.023990,1.000000,0.032468,-0.033961,0.579845
9.302000,2.252000,14.917707,-0.007601,-0.014424,0.000676,663.514781,656.973452,662.391863,659.106909,-1.535322,-0.075559,-0.077446,0.000676,1.738029,0.067959,0.063022,0.000000,14.917707,-0.007601,-0.014424,0.000676,1.000000,0.543306,0.024743,1.000000,0.031511,-0.033980,0.579343
9.325000,2.275000,14.945122,-0.004496,-0.013528,0.000233,663.796324,658.236915,663.015828,659.368216,-1.506419,-0.072315,-0.074477,0.000233,1.736541,0.067819,0.060949,0.000000,14.945122,-0.004496,-0.013528,0.000233,1.000000,0.570146,0.023771,1.000000,0.030475,-0.033909,0.578847
9.344000,2.294000,14.960919,-0.009359,-0.002929,-0.000279,663.036976,660.080529,660.872675,661.837343,-1.489144,-0.076853,-0.061666,-0.000279,1.735063,0.067493,0.058737,0.000000,14.960919,-0.009359,-0.002929,-0.000279,1.000000,0.592697,0.023146,1.000000,0.029371,-0.033745,0.578354
9.361000,2.311000,14.910456,-0.007736,0.007092,-0.000539,660.138435,660.941595,658.124506,662.154209,-1.538096,-0.074696,-0.049279,-0.000539,1.733551,0.066960,0.056371,0.000000,14.910456,-0.007736,0.007092,-0.000539,1.000000,0.624769,0.024458,1.000000,0.028189,-0.033477,0.577850
9.381000,2.331000,14.951801,-0.008023,0.008668,-0.000727,660.881776,662.166020,658.676700,663.291479,-1.495267,-0.074257,-0.045190,-0.000727,1.732068,0.066234,0.053858,0.000000,14.951801,-0.008023,0.008668,-0.000727,1.000000,0.646854,0.023114,1.000000,0.026934,-0.033113,0.577356
9.402000,2.352000,14.947816,0.000769,0.011340,-0.000844,659.451856,663.500065,659.020181,662.688705,-1.497763,-0.064554,-0.039854,-0.000844,1.730580,0.065323,0.051194,0.000000,14.947816,0.000769,0.011340,-0.000844,1.000000,0.669340,0.023009,1.000000,0.025604,-0.032656,0.576860
9.424000,2.374000,14.954921,-0.035568,-0.031668,-0.000775,670.662262,652.433412,662.693186,659.381960,-1.489177,-0.099584,-0.079835,-0.000775,1.729097,0.064016,0.048167,0.000000,14.954921,-0.035568,-0.031668,-0.000775,1.000000,0.762403,0.023806,1.000000,0.024092,-0.032002,0.576366
9.442000,2.392000,14.956566,0.018237,0.025239,-0.000529,655.306836,667.747369,658.798587,663.526457,-1.486052,-0.044466,-0.019956,-0.000529,1.727618,0.062703,0.045195,0.000000,14.956566,0.018237,0.025239,-0.000529,1.000000,0.718236,0.022321,1.000000,0.022607,-0.031345,0.575873
9.463000,2.413000,14.961937,0.003506,0.032287,0.000769,655.322695,667.019359,656.611209,666.876182,-1.479207,-0.057680,-0.009806,0.000769,1.726144,0.061186,0.042093,0.000000,14.961937,0.003506,0.032287,0.000769,1.000000,0.731765,0.022223,1.000000,0.021056,-0.030586,0.575381
9.482000,2.432000,14.921194,0.005696,0.034443,0.001164,653.668853,666.567245,655.705607,666.268789,-1.518448,-0.053768,-0.004405,0.001164,1.724642,0.059464,0.038848,0.000000,14.921194,0.005696,0.034443,0.001164,1.000000,0.750544,0.023348,1.000000,0.019435,-0.029725,0.574881
9.504000,2.454000,14.967346,-0.031498,0.000492,0.001482,664.305884,657.785682,658.714766,665.558504,-1.470826,-0.088805,-0.034728,0.001482,1.723172,0.057307,0.035219,0.000000,14.967346,-0.031498,0.000492,0.001482,1.000000,0.839241,0.022543,1.000000,0.017620,-0.028647,0.574391
9.521000,2.471000,14.979444,0.006060,0.045334,0.001213,653.041341,669.694660,655.192233,669.359422,-1.457265,-0.049120,0.013665,0.001213,1.721709,0.055179,0.031669,0.000000,14.979444,0.006060,0.045334,0.001213,1.000000,0.785073,0.021496,1.000000,0.015845,-0.027583,0.573903
9.541000,2.491000,14.967749,-0.012598,0.039139,0.001271,655.809257,666.428830,654.031362,670.025724,-1.467494,-0.065443,0.011163,0.001271,1.720242,0.052844,0.027976,0.000000,14.967749,-0.012598,0.039139,0.001271,1.000000,0.795744,0.021976,1.000000,0.013999,-0.026417,0.573414
9.567000,2.517000,14.964458,-0.032568,0.005813,0.001257,663.531715,658.604963,657.548574,666.419403,-1.469318,-0.082640,-0.018088,0.001257,1.718777,0.050072,0.023901,0.000000,14.964458,-0.032568,0.005813,0.001257,1.000000,0.877659,0.022305,1.000000,0.011961,-0.025031,0.572926
9.583000,2.533000,14.972994,-0.035258,-0.001693,0.000835,665.419460,657.390609,658.587878,665.458322,-1.459326,-0.082347,-0.021351,0.000835,1.717319,0.047089,0.019658,0.000000,14.972994,-0.035258,-0.001693,0.000835,1.000000,0.896755,0.022020,1.000000,0.009838,-0.023541,0.572440
9.603000,2.553000,14.962792,0.000731,0.058687,0.000765,651.092953,671.188972,651.794358,671.619149,-1.468065,-0.043455,0.043137,0.000765,1.715857,0.044186,0.015551,0.000000,14.962792,0.000731,0.058687,0.000765,1.000000,0.824849,0.021927,1.000000,0.007784,-0.022090,0.571952
9.622000,2.572000,14.962469,-0.006298,0.054519,0.000742,652.563910,669.761306,651.747395,671.634200,-1.466927,-0.047384,0.043223,0.000742,1.714396,0.041086,0.011296,0.000000,14.962469,-0.006298,0.054519,0.000742,1.000000,0.834305,0.021930,1.000000,0.005656,-0.020541,0.571465
9.642000,2.592000,14.962382,-0.005432,0.061068,0.000928,651.273315,670.877424,650.773413,672.709015,-1.465554,-0.043251,0.054147,0.000928,1.712936,0.037820,0.006921,0.000000,14.962382,-0.005432,0.061068,0.000928,1.000000,0.836823,0.021959,1.000000,0.003468,-0.018909,0.570979
9.662000,2.612000,14.955051,-0.013721,0.039368,0.000906,655.735352,666.211087,653.458990,669.764544,-1.471421,-0.048070,0.037001,0.000906,1.711471,0.034348,0.002366,0.000000,14.955051,-0.013721,0.039368,0.000906,1.000000,0.862114,0.022019,1.000000,0.001190,-0.017174,0.570490
9.682000,2.632000,14.961443,-0.027109,0.028389,0.000736,659.233714,663.157131,654.004325,669.387012,-1.463568,-0.057800,0.030734,0.000736,1.710012,0.030691,-0.002345,0.000000,14.961443,-0.027109,0.028389,0.000736,1.000000,0.876551,0.021849,1.000000,-0.001167,-0.015346,0.570004
9.702000,2.652000,14.936562,-0.016314,0.029545,0.000459,657.439383,664.043901,654.300243,667.807470,-1.486973,-0.043201,0.036708,0.000459,1.708534,0.026887,-0.007163,0.000000,14.936562,-0.016314,0.029545,0.000459,1.000000,0.869999,0.022432,1.000000,-0.003577,-0.013445,0.569511
9.724000,2.674000,14.975786,-0.050838,0.042061,0.000633,659.761440,663.340118,649.394691,674.408017,-1.446298,-0.073767,0.054169,0.000633,1.707084,0.022928,-0.012108,0.000000,14.975786,-0.050838,0.042061,0.000633,1.000000,0.872342,0.021755,1.000000,-0.006050,-0.011466,0.569028
9.742000,2.692000,14.974586,-0.058101,0.016626,0.000395,664.901432,658.311148,652.899788,670.789705,-1.446049,-0.076651,0.034099,0.000395,1.705634,0.018550,-0.017473,0.000000,14.974586,-0.058101,0.016626,0.000395,1.000000,0.945860,0.021614,1.000000,-0.008734,-0.009278,0.568545
9.765000,2.715000,14.960199,-0.035750,0.089919,0.000061,649.790499,672.847565,642.126844,680.252198,-1.458980,-0.050093,0.112537,0.000061,1.704178,0.014343,-0.022618,0.000000,14.960199,-0.035750,0.089919,0.000061,1.000000,0.855633,0.022804,1.000000,-0.011307,-0.007175,0.568059
9.782000,2.732000,14.949414,-0.048071,0.054180,0.000182,656.971747,665.275206,646.831972,675.400087,-1.468304,-0.058039,0.082110,0.000182,1.702717,0.009968,-0.027930,0.000000,14.949414,-0.048071,0.054180,0.000182,1.000000,0.879256,0.022570,1.000000,-0.013964,-0.004988,0.567572
9.802000,2.752000,14.954950,-0.041044,0.060261,0.000394,655.231592,667.076486,646.732320,675.888540,-1.461312,-0.046498,0.093645,0.000394,1.701261,0.005454,-0.033383,0.000000,14.954950,-0.041044,0.060261,0.000394,1.000000,0.889894,0.022447,1.000000,-0.016691,-0.002731,0.567087
9.822000,2.772000,14.929128,-0.005312,0.059806,0.000566,650.860634,670.090788,650.127603,671.624677,-1.485660,-0.006171,0.098720,0.000566,1.699788,0.000859,-0.038914,0.000000,14.929128,-0.005312,0.059806,0.000566,1.000000,0.875581,0.023050,1.000000,-0.019457,-0.000434,0.566596
9.841000,2.791000,14.953926,-0.049615,0.058425,0.000699,656.325918,665.731633,646.215043,676.558570,-1.459406,-0.045757,0.103008,0.000699,1.698332,-0.003858,-0.044583,0.000000,14.953926,-0.049615,0.058425,0.000699,1.000000,0.892959,0.022569,1.000000,-0.022292,0.001925,0.566111
9.862000,2.812000,14.930454,-0.019435,0.062131,0.000608,651.983653,669.025558,648.255027,673.520270,-1.481404,-0.010805,0.112448,0.000608,1.696858,-0.008630,-0.050317,0.000000,14.930454,-0.019435,0.062131,0.000608,1.000000,0.878277,0.023222,1.000000,-0.025159,0.004311,0.565619
9.881000,2.831000,14.954001,-0.064362,0.063088,0.000612,657.123277,665.011799,643.780314,678.816428,-1.456400,-0.050859,0.119272,0.000612,1.695401,-0.013503,-0.056185,0.000000,14.954001,-0.064362,0.063088,0.000612,1.000000,0.897355,0.022892,1.000000,-0.028093,0.006748,0.565134
9.904000,2.854000,14.953986,-0.059240,0.064064,0.000559,656.431330,665.732713,644.144209,678.432610,-1.454959,-0.040801,0.126214,0.000559,1.693945,-0.018439,-0.062150,0.000000,14.953986,-0.059240,0.064064,0.000559,1.000000,0.900323,0.022929,1.000000,-0.031076,0.009217,0.564648
9.924000,2.874000,14.924321,-0.057737,0.091129,0.000454,650.988096,669.838872,638.847523,682.076855,-1.483149,-0.034353,0.159286,0.000454,1.692471,-0.023385,-0.068157,0.000000,14.924321,-0.057737,0.091129,0.000454,1.000000,0.889542,0.024653,1.000000,-0.034079,0.011690,0.564157
9.943000,2.893000,14.950267,-0.051539,0.105348,0.000145,648.556623,673.544603,637.499931,684.226182,-1.455749,-0.023216,0.179545,0.000145,1.691016,-0.028323,-0.074197,0.000000,14.950267,-0.051539,0.105348,0.000145,1.000000,0.878939,0.024470,1.000000,-0.037099,0.014160,0.563672
9.964000,2.914000,14.946769,-0.047812,0.107294,0.000152,647.737392,674.176073,637.485835,684.094457,-1.457791,-0.014559,0.187574,0.000152,1.689560,-0.033253,-0.080280,0.000000,14.946769,-0.047812,0.107294,0.000152,1.000000,0.876722,0.024791,1.000000,-0.040140,0.016626,0.563187
9.982000,2.932000,14.935166,-0.070191,0.060516,0.000323,657.863733,663.662074,643.066551,678.473740,-1.467932,-0.031945,0.147026,0.000323,1.688098,-0.038247,-0.086510,0.000000,14.935166,-0.070191,0.060516,0.000323,1.000000,0.907174,0.023812,1.000000,-0.043254,0.019125,0.562699
10.005000,2.955000,14.912316,-0.038941,0.034110,0.000592,658.467832,661.855787,650.602488,670.450348,-1.489307,0.004273,0.126895,0.000592,1.686623,-0.043215,-0.092785,0.000000,14.912316,-0.038941,0.034110,0.000592,1.000000,0.907079,0.023792,1.000000,-0.046391,0.021610,0.562208
10.021000,2.971000,14.910868,-0.050600,0.038618,0.000948,658.772750,661.225611,648.667110,672.518364,-1.489278,-0.002440,0.137747,0.000948,1.685146,-0.048160,-0.099129,0.000000,14.910868,-0.050600,0.038618,0.000948,1.000000,0.921324,0.024078,1.000000,-0.049562,0.024085,0.561715
10.042000,2.992000,14.913345,-0.070733,0.042225,0.001029,660.309887,659.741131,645.959353,675.284838,-1.485323,-0.017680,0.147729,0.001029,1.683668,-0.053054,-0.105504,0.000000,14.913345,-0.070733,0.042225,0.001029,1.000000,0.930644,0.024276,1.000000,-0.052749,0.026534,0.561223
10.064000,3.014000,14.940388,-0.129896,0.032916,0.000680,668.801216,652.605837,641.675435,680.269961,-1.456820,-0.071954,0.144904,0.000680,1.682208,-0.057942,-0.111988,0.000000,14.940388,-0.129896,0.032916,0.000680,1.000000,0.964523,0.023841,1.000000,-0.055990,0.028979,0.560736
10.081000,3.031000,14.909402,-0.041551,0.061509,0.000567,653.992300,666.168857,645.491734,675.228012,-1.486328,0.021173,0.179973,0.000567,1.680730,-0.062724,-0.118463,0.000000,14.909402,-0.041551,0.061509,0.000567,1.000000,0.949828,0.025376,1.000000,-0.059227,0.031371,0.560243
10.103000,3.053000,14.904060,-0.079364,0.078267,0.000498,655.040505,664.954199,638.306788,681.745349,-1.490189,-0.011955,0.203220,0.000498,1.679249,-0.067409,-0.124953,0.000000,14.904060,-0.079364,0.078267,0.000498,1.000000,0.970784,0.026351,1.000000,-0.062472,0.033714,0.559750
10.123000,3.073000,14.931296,-0.087045,0.061066,0.000974,659.236452,661.648198,641.289913,680.453270,-1.461490,-0.014900,0.192933,0.000974,1.677786,-0.072146,-0.131866,0.000000,14.931296,-0.087045,0.061066,0.000974,1.000000,1.105232,0.025104,1.000000,-0.065928,0.036083,0.559262
10.144000,3.094000,14.905644,-0.129164,0.112079,0.000940,654.406337,665.323750,627.013443,692.524794,-1.485660,-0.052537,0.250494,0.000940,1.676304,-0.076627,-0.138415,0.000000,14.905644,-0.129164,0.112079,0.000940,1.000000,1.017976,0.028623,1.000000,-0.069202,0.038323,0.558768
10.161000,3.111000,14.938438,-0.120254,0.097548,0.000585,656.810379,664.656266,631.228675,689.825002,-1.451408,-0.039273,0.242522,0.000585,1.674846,-0.080981,-0.144974,0.000000,14.938438,-0.120254,0.097548,0.000585,1.000000,1.034661,0.027102,1.000000,-0.072482,0.040500,0.558282
10.185000,3.135000,14.886116,-0.042343,0.090960,-0.000150,648.723924,670.806018,639.461228,679.427152,-1.502239,0.042814,0.242455,-0.000150,1.673355,-0.085157,-0.151496,0.000000,14.886116,-0.042343,0.090960,-0.000150,1.000000,1.044552,0.028629,1.000000,-0.075744,0.042586,0.557785
10.203000,3.153000,14.929917,-0.125026,0.075593,-0.001210,661.503799,660.932344,633.752230,685.870611,-1.456976,-0.035815,0.233639,-0.001210,1.671893,-0.089211,-0.158047,0.000000,14.929917,-0.125026,0.075593,-0.001210,1.000000,1.080298,0.026815,1.000000,-0.079021,0.044609,0.557298
10.223000,3.173000,14.886481,-0.000693,0.057805,-0.001305,650.421335,670.017260,649.340786,669.166338,-1.498917,0.092383,0.222657,-0.001305,1.670398,-0.093076,-0.164851,0.000000,14.886481,-0.000693,0.057805,-0.001305,1.000000,1.206909,0.028279,1.000000,-0.082427,0.046536,0.556799
10.241000,3.191000,14.894210,-0.089715,0.039255,-0.001096,663.134614,657.626363,643.227793,675.529627,-1.489697,0.007045,0.210598,-0.001096,1.668907,-0.096761,-0.171343,0.000000,14.894210,-0.089715,0.039255,-0.001096,1.000000,1.123680,0.026632,1.000000,-0.085676,0.048372,0.556302
10.267000,3.217000,14.937957,-0.082508,0.030260,-0.000870,664.786826,657.735624,646.648207,674.320510,-1.444483,0.017742,0.208413,-0.000870,1.667440,-0.100251,-0.178153,0.000000,14.937957,-0.082508,0.030260,-0.000870,1.000000,1.279224,0.025240,1.000000,-0.089086,0.050109,0.555813
10.286000,3.236000,14.892943,-0.158906,0.059247,-0.000127,666.632316,653.301110,632.472971,686.244098,-1.487998,-0.055389,0.243805,-0.000127,1.665941,-0.103517,-0.184558,0.000000,14.892943,-0.158906,0.059247,-0.000127,1.000000,1.192061,0.028392,1.000000,-0.092293,0.051733,0.555314
10.305000,3.255000,14.924038,-0.166232,-0.005558,-0.000251,678.943604,642.009565,643.763927,676.918564,-1.455425,-0.059608,0.185475,-0.000251,1.664462,-0.106625,-0.191033,0.000000,14.924038,-0.166232,-0.005558,-0.000251,1.000000,1.211397,0.024978,1.000000,-0.095536,0.053277,0.554821
10.324000,3.274000,14.903059,-0.083891,0.049008,-0.000332,660.792120,659.807536,642.629533,677.032066,-1.474907,0.025504,0.246719,-0.000332,1.662965,-0.109395,-0.197710,0.000000,14.903059,-0.083891,0.049008,-0.000332,1.000000,1.359176,0.027906,1.000000,-0.098881,0.054651,0.554322
10.342000,3.292000,14.902438,-0.143298,0.045296,-0.000201,667.589276,652.803889,636.849486,682.538742,-1.474027,-0.031305,0.249312,-0.000201,1.661465,-0.111993,-0.204016,0.000000,14.902438,-0.143298,0.045296,-0.000201,1.000000,1.255989,0.028041,1.000000,-0.102040,0.055938,0.553822
10.360000,3.310000,14.907327,-0.046721,0.036081,0.000065,659.028476,661.465328,649.127224,671.279067,-1.467636,0.067617,0.246336,0.000065,1.659963,-0.114338,-0.210255,0.000000,14.907327,-0.046721,0.036081,0.000065,1.000000,1.261226,0.028065,1.000000,-0.105166,0.057098,0.553321
10.381000,3.331000,14.912160,-0.079333,0.041708,-0.000020,661.645967,659.124674,644.717513,675.663075,-1.461299,0.037089,0.258132,-0.000020,1.658459,-0.116422,-0.216424,0.000000,14.912160,-0.079333,0.041708,-0.000020,1.000000,1.290117,0.028155,1.000000,-0.108258,0.058126,0.552820
10.404000,3.354000,14.916379,-0.096096,0.041447,-0.000478,663.704870,657.578379,642.880999,677.263651,-1.455574,0.022135,0.263978,-0.000478,1.656953,-0.118231,-0.222531,0.000000,14.916379,-0.096096,0.041447,-0.000478,1.000000,1.323393,0.028204,1.000000,-0.111319,0.059015,0.552318
10.422000,3.372000,14.944843,-0.085634,0.022463,-0.001063,666.649627,656.297768,647.753353,673.418368,-1.425620,0.033990,0.251357,-0.001063,1.655463,-0.119624,-0.228894,0.000000,14.944843,-0.085634,0.022463,-0.001063,1.000000,1.476201,0.026758,1.000000,-0.114508,0.059695,0.551821
10.442000,3.392000,14.923096,-0.127620,0.023505,-0.001213,670.423767,651.578759,642.493110,677.392744,-1.445860,-0.006728,0.258344,-0.001213,1.653955,-0.120892,-0.234839,0.000000,14.923096,-0.127620,0.023505,-0.001213,1.000000,1.363231,0.027584,1.000000,-0.117490,0.060309,0.551318
10.465000,3.415000,14.958981,-0.178349,0.028321,-0.001616,675.785354,647.942311,636.797895,683.997364,-1.408491,-0.056486,0.269022,-0.001616,1.652472,-0.121863,-0.240701,0.000000,14.958981,-0.178349,0.028321,-0.001616,1.000000,1.397013,0.027395,1.000000,-0.120430,0.060774,0.550824
10.484000,3.434000,14.945643,-0.176159,0.000516,-0.001787,679.944846,643.098930,641.562335,678.833815,-1.420335,-0.053602,0.247003,-0.001787,1.650978,-0.122557,-0.246487,0.000000,14.945643,-0.176159,0.000516,-0.001787,1.000000,1.402546,0.026562,1.000000,-0.123333,0.061098,0.550326
10.500000,3.450000,14.950782,-0.167293,-0.007629,-0.001859,680.519052,642.779668,644.038883,676.654973,-1.413705,-0.044338,0.244557,-0.001859,1.649487,-0.122955,-0.252186,0.000000,14.950782,-0.167293,-0.007629,-0.001859,1.000000,1.412237,0.026163,1.000000,-0.126193,0.061273,0.549829
10.525000,3.475000,14.957541,-0.060940,0.052335,-0.001475,659.413286,664.430393,645.354924,675.968955,-1.405459,0.062087,0.309987,-0.001475,1.648000,-0.123028,-0.257652,0.000000,14.957541,-0.060940,0.052335,-0.001475,1.000000,1.419315,0.029748,1.000000,-0.128935,0.061284,0.549333
10.543000,3.493000,14.951750,-0.124076,-0.005118,-0.001840,675.679402,647.894673,648.287548,672.641236,-1.409758,-0.001276,0.257947,-0.001840,1.646507,-0.122801,-0.263066,0.000000,14.951750,-0.124076,-0.005118,-0.001840,1.000000,1.431194,0.026528,1.000000,-0.131652,0.061145,0.548836
10.564000,3.514000,14.964702,-0.011211,0.065984,0.000358,651.297573,671.369348,649.151867,673.962046,-1.395321,0.110745,0.334470,0.000358,1.645023,-0.121956,-0.268486,0.000000,14.964702,-0.011211,0.065984,0.000358,1.000000,1.573881,0.031883,1.000000,-0.134370,0.060697,0.548341
10.583000,3.533000,14.960704,-0.157122,-0.053189,0.000706,686.322405,635.069477,654.165597,669.175804,-1.397830,-0.036000,0.220245,0.000706,1.643534,-0.121121,-0.273435,0.000000,14.960704,-0.157122,-0.053189,0.000706,1.000000,1.381874,0.024520,1.000000,-0.136857,0.060245,0.547845
10.604000,3.554000,14.966258,-0.084365,-0.034508,0.001292,675.717676,646.150912,659.011928,665.077604,-1.390791,0.035573,0.243958,0.001292,1.642049,-0.119939,-0.278467,0.000000,14.966258,-0.084365,-0.034508,0.001292,1.000000,1.440094,0.025421,1.000000,-0.139376,0.059638,0.547350
10.623000,3.573000,14.969754,-0.139936,-0.070157,0.002832,686.833403,633.299842,659.844170,665.534434,-1.385812,-0.021489,0.213215,0.002832,1.640566,-0.118447,-0.283372,0.000000,14.969754,-0.139936,-0.070157,0.002832,1.000000,1.453241,0.023798,1.000000,-0.141835,0.058866,0.546855
10.646000,3.596000,14.970649,-0.126352,-0.060878,0.002772,683.970098,636.478528,659.694470,665.677934,-1.383434,-0.009693,0.227239,0.002772,1.639083,-0.116659,-0.288117,0.000000,14.970649,-0.126352,-0.060878,0.002772,1.000000,1.442654,0.024313,1.000000,-0.144213,0.057946,0.546361
10.663000,3.613000,14.970995,-0.133498,-0.049062,0.002115,682.983946,638.054016,656.695573,668.173133,-1.381604,-0.018940,0.243638,0.002115,1.637599,-0.114558,-0.292701,0.000000,14.970995,-0.133498,-0.049062,0.002115,1.000000,1.438246,0.025061,1.000000,-0.146509,0.056872,0.545866
10.682000,3.632000,14.949143,-0.125592,0.003503,0.000967,673.375965,648.063659,647.574623,675.243341,-1.401957,-0.013432,0.300554,0.000967,1.636099,-0.112160,-0.297051,0.000000,14.949143,-0.125592,0.003503,0.000967,1.000000,1.432316,0.028706,1.000000,-0.148687,0.055652,0.545366
10.702000,3.652000,14.986495,-0.109597,0.011674,-0.000773,671.766100,652.711812,648.094869,675.106114,-1.363128,-0.000133,0.312899,-0.000773,1.634623,-0.109464,-0.301226,0.000000,14.986495,-0.109597,0.011674,-0.000773,1.000000,1.420961,0.028372,1.000000,-0.150775,0.054284,0.544874
10.721000,3.671000,14.948920,-0.110139,0.041069,-0.001616,666.351773,657.191980,641.754537,678.916234,-1.399197,-0.003666,0.346234,-0.001616,1.633117,-0.106473,-0.305165,0.000000,14.948920,-0.110139,0.041069,-0.001616,1.000000,1.418441,0.031567,1.000000,-0.152745,0.052767,0.544372
10.743000,3.693000,14.993567,-0.093503,-0.023776,-0.002074,676.619237,648.976471,655.626318,667.154319,-1.353076,0.009707,0.285188,-0.002074,1.631642,-0.103210,-0.308963,0.000000,14.993567,-0.093503,-0.023776,-0.002074,1.000000,1.399836,0.026451,1.000000,-0.154645,0.051113,0.543881
10.762000,3.712000,14.955755,-0.100218,-0.001637,-0.002410,672.918221,651.369060,650.129458,670.621188,-1.389384,-0.000583,0.310892,-0.002410,1.630139,-0.099635,-0.312529,0.000000,14.955755,-0.100218,-0.001637,-0.002410,1.000000,1.404413,0.028970,1.000000,-0.156429,0.049300,0.543380
10.781000,3.731000,14.986860,-0.088056,-0.112397,-0.002879,690.774021,634.198361,670.798553,650.994050,-1.356797,0.007765,0.203584,-0.002879,1.628657,-0.095821,-0.315980,0.000000,14.986860,-0.088056,-0.112397,-0.002879,1.000000,1.375956,0.022560,1.000000,-0.158155,0.047363,0.542886
10.804000,3.754000,14.990640,-0.094220,-0.123702,-0.003255,693.437556,631.750623,672.005529,649.635739,-1.351537,-0.002473,0.195541,-0.003255,1.627178,-0.091747,-0.319243,0.000000,14.990640,-0.094220,-0.123702,-0.003255,1.000000,1.358437,0.022092,1.000000,-0.159788,0.045293,0.542393
10.822000,3.772000,14.988385,-0.096367,-0.138775,-0.003574,696.151704,628.900500,674.143429,647.075203,-1.352314,-0.008966,0.183531,-0.003574,1.625699,-0.087401,-0.322306,0.000000,14.988385,-0.096367,-0.138775,-0.003574,1.000000,1.347423,0.021665,1.000000,-0.161318,0.043086,0.541900
10.842000,3.792000,14.963144,-0.079147,-0.062775,-0.002898,681.234607,643.372074,662.831817,658.036359,-1.376061,0.003714,0.262322,-0.002898,1.624206,-0.082861,-0.325097,0.000000,14.963144,-0.079147,-0.062775,-0.002898,1.000000,1.320396,0.025819,1.000000,-0.162711,0.040789,0.541402
10.864000,3.814000,14.960968,-0.127053,-0.064441,-0.002188,686.100196,637.538296,658.266957,663.029080,-1.376742,-0.048956,0.263215,-0.002188,1.622711,-0.078097,-0.327656,0.000000,14.960968,-0.127053,-0.064441,-0.002188,1.000000,1.296026,0.026123,1.000000,-0.163984,0.038388,0.540904
10.882000,3.832000,14.988582,-0.118280,-0.115519,-0.001519,693.901343,629.803420,668.689468,654.251230,-1.347650,-0.045118,0.214408,-0.001519,1.621232,-0.073162,-0.329927,0.000000,14.988582,-0.118280,-0.115519,-0.001519,1.000000,1.225858,0.022962,1.000000,-0.165112,0.035906,0.540411
10.902000,3.852000,14.984970,-0.109109,-0.074447,-0.001510,686.201541,638.011497,662.632632,660.231762,-1.349782,-0.041216,0.257665,-0.001510,1.619752,-0.067892,-0.332112,0.000000,14.984970,-0.109109,-0.074447,-0.001510,1.000000,1.267517,0.025028,1.000000,-0.166194,0.033265,0.539917
10.926000,3.876000,14.988530,-0.114656,-0.061231,-0.001204,684.568907,639.693155,659.986567,663.258243,-1.344748,-0.052152,0.272790,-0.001204,1.618279,-0.062504,-0.334021,0.000000,14.988530,-0.114656,-0.061231,-0.001204,1.000000,1.245247,0.025797,1.000000,-0.167138,0.030565,0.539426
10.941000,3.891000,14.967650,-0.084325,-0.073075,-0.000841,682.858444,640.289519,664.852343,657.721983,-1.364144,-0.027406,0.262645,-0.000841,1.616794,-0.056919,-0.335720,0.000000,14.967650,-0.084325,-0.073075,-0.000841,1.000000,1.237684,0.025582,1.000000,-0.167975,0.027770,0.538931
10.962000,3.912000,14.976244,-0.075322,-0.061459,-0.000649,680.140601,643.421412,664.085549,659.019315,-1.354074,-0.024110,0.275694,-0.000649,1.615317,-0.051212,-0.337153,0.000000,14.976244,-0.075322,-0.061459,-0.000649,1.000000,1.226840,0.025994,1.000000,-0.168680,0.024917,0.538439
10.983000,3.933000,14.932458,-0.048971,0.031182,-0.000596,660.890017,661.205813,650.064124,670.987565,-1.396353,-0.003967,0.369459,-0.000596,1.613811,-0.045004,-0.338277,0.000000,14.932458,-0.048971,0.031182,-0.000596,1.000000,1.332514,0.033150,1.000000,-0.169228,0.021816,0.537937
11.003000,3.953000,14.960779,-0.047661,-0.139207,-0.000574,689.740619,632.346884,679.657380,642.300939,-1.366545,-0.008647,0.200041,-0.000574,1.612323,-0.039014,-0.339248,0.000000,14.960779,-0.047661,-0.139207,-0.000574,1.000000,1.216210,0.022684,1.000000,-0.169701,0.018824,0.537441
11.025000,3.975000,14.960977,-0.077141,-0.105053,-0.000204,687.021142,635.025126,671.061449,651.562782,-1.364861,-0.044158,0.234850,-0.000204,1.610837,-0.032983,-0.339903,0.000000,14.960977,-0.077141,-0.105053,-0.000204,1.000000,1.217827,0.024339,1.000000,-0.170016,0.015810,0.536946
11.043000,3.993000,14.922745,-0.068066,-0.080321,-0.000409,681.283985,639.586691,666.940912,653.919770,-1.401579,-0.041172,0.259955,-0.000409,1.609325,-0.026895,-0.340277,0.000000,14.922745,-0.068066,-0.080321,-0.000409,1.000000,1.229007,0.026571,1.000000,-0.170191,0.012769,0.536442
11.061000,4.011000,14.953170,-0.085937,-0.168086,-0.000928,698.219519,622.891225,680.230922,641.078157,-1.369662,-0.065142,0.172334,-0.000928,1.607832,-0.020795,-0.340420,0.000000,14.953170,-0.085937,-0.168086,-0.000928,1.000000,1.210238,0.022154,1.000000,-0.170250,0.009723,0.535944
11.083000,4.033000,14.948548,-0.082340,-0.151116,-0.001157,695.099594,626.333704,677.610343,643.463691,-1.372786,-0.067651,0.189176,-0.001157,1.606334,-0.014689,-0.340293,0.000000,14.948548,-0.082340,-0.151116,-0.001157,1.000000,1.219398,0.022882,1.000000,-0.170174,0.006675,0.535445
11.102000,4.052000,14.938036,-0.042217,-0.193691,-0.000867,697.646950,622.774754,688.584157,631.443675,-1.381794,-0.033764,0.146269,-0.000867,1.604830,-0.008452,-0.339960,0.000000,14.938036,-0.042217,-0.193691,-0.000867,1.000000,1.229633,0.021347,1.000000,-0.169995,0.003567,0.534943
11.121000,4.071000,14.938678,-0.053893,-0.146420,-0.000881,691.179046,629.985765,679.632710,641.087265,-1.379647,-0.051614,0.192921,-0.000881,1.603325,-0.002278,-0.339341,0.000000,14.938678,-0.053893,-0.146420,-0.000881,1.000000,1.244395,0.023023,1.000000,-0.169674,0.000494,0.534442
11.143000,4.093000,14.939588,-0.022246,-0.136924,-0.001093,686.520404,635.264125,681.248426,639.249787,-1.377232,-0.026159,0.201551,-0.001093,1.601820,0.003913,-0.338474,0.000000,14.939588,-0.022246,-0.136924,-0.001093,1.000000,1.266171,0.023098,1.000000,-0.169229,-0.002582,0.533940
11.164000,4.114000,14.934328,-0.061097,-0.043544,-0.000775,674.842496,647.178877,661.571091,659.595345,-1.380983,-0.071483,0.293662,-0.000775,1.600311,0.010386,-0.337206,0.000000,14.934328,-0.061097,-0.043544,-0.000775,1.000000,1.415014,0.028206,1.000000,-0.168583,-0.005796,0.533437
11.183000,4.133000,14.892007,-0.011142,-0.063104,0.000299,671.654520,647.773893,669.547612,650.399615,-1.421764,-0.027572,0.272690,0.000299,1.598771,0.016429,-0.335794,0.000000,14.892007,-0.011142,-0.063104,0.000299,1.000000,1.325519,0.027726,1.000000,-0.167868,-0.008792,0.532924
11.206000,4.156000,14.898952,-0.044713,-0.022569,0.000769,668.327188,651.166431,659.485730,661.253740,-1.413279,-0.067418,0.311393,0.000769,1.597230,0.022705,-0.333962,0.000000,14.898952,-0.044713,-0.022569,0.000769,1.000000,1.493984,0.030125,1.000000,-0.166943,-0.011902,0.532410
11.227000,4.177000,14.935914,0.015081,-0.144973,0.001110,683.222281,636.958160,687.039660,634.546162,-1.374795,-0.013553,0.187072,0.001110,1.595709,0.028634,-0.332045,0.000000,14.935914,0.015081,-0.144973,0.001110,1.000000,1.384084,0.022419,1.000000,-0.165976,-0.014840,0.531903
11.240000,4.190000,14.896780,-0.012300,-0.116341,0.001049,680.476684,638.145901,678.672839,641.659809,-1.412376,-0.046681,0.213493,0.001049,1.594156,0.034381,-0.329835,0.000000,14.896780,-0.012300,-0.116341,0.001049,1.000000,1.438193,0.024724,1.000000,-0.164865,-0.017686,0.531385
11.265000,4.215000,14.924237,-0.014781,-0.180955,-0.000626,692.466695,627.700338,689.066033,630.464042,-1.383382,-0.054741,0.146415,-0.000626,1.592619,0.039960,-0.327370,0.000000,14.924237,-0.014781,-0.180955,-0.000626,1.000000,1.475052,0.021581,1.000000,-0.163627,-0.020450,0.530873
11.281000,4.231000,14.930814,0.000595,-0.177051,-0.000643,690.428014,630.260174,690.115718,629.607552,-1.375268,-0.044819,0.147596,-0.000643,1.591082,0.045414,-0.324647,0.000000,14.930814,0.000595,-0.177051,-0.000643,1.000000,1.516809,0.021293,1.000000,-0.162261,-0.023151,0.530361
11.303000,4.253000,14.927292,-0.000220,-0.167667,-0.000739,688.937541,631.800341,688.394812,631.251219,-1.377248,-0.050910,0.153994,-0.000739,1.589540,0.050690,-0.321661,0.000000,14.927292,-0.000220,-0.167667,-0.000739,1.000000,1.565056,0.021599,1.000000,-0.160764,-0.025765,0.529847
11.326000,4.276000,14.911240,-0.015828,-0.098913,-0.000337,678.738048,641.708660,675.251359,644.867890,-1.391744,-0.071612,0.219240,-0.000337,1.587983,0.055784,-0.318153,0.000000,14.911240,-0.015828,-0.098913,-0.000337,1.000000,1.733568,0.024689,1.000000,-0.159008,-0.028278,0.529328
11.340000,4.290000,14.916311,0.038819,-0.135971,-0.000228,679.344914,641.214734,687.102597,632.543911,-1.385116,-0.021864,0.178674,-0.000228,1.586427,0.060683,-0.314645,0.000000,14.916311,0.038819,-0.135971,-0.000228,1.000000,1.671952,0.022426,1.000000,-0.157250,-0.030713,0.528809
11.362000,4.312000,14.898958,-0.016310,-0.050819,0.000254,670.298422,649.523955,667.077922,653.210005,-1.400895,-0.081612,0.260050,0.000254,1.584853,0.065302,-0.310868,0.000000,14.898958,-0.016310,-0.050819,0.000254,1.000000,1.729985,0.027054,1.000000,-0.155360,-0.033001,0.528284
11.383000,4.333000,14.903564,0.005864,-0.053376,0.000410,668.467983,651.497533,669.972726,650.564803,-1.394710,-0.063775,0.253455,0.000410,1.583275,0.069639,-0.306831,0.000000,14.903564,0.005864,-0.053376,0.000410,1.000000,1.810089,0.026283,1.000000,-0.153340,-0.035150,0.527758
11.401000,4.351000,14.935017,0.041407,-0.082360,-0.000060,670.490789,651.181997,678.995726,642.218535,-1.361693,-0.032370,0.220171,-0.000060,1.581710,0.073777,-0.302531,0.000000,14.935017,0.041407,-0.082360,-0.000060,1.000000,1.864410,0.023494,1.000000,-0.151189,-0.037201,0.527237
11.421000,4.371000,14.941582,0.040287,-0.063385,0.000040,667.526028,654.440295,675.905901,645.841955,-1.353561,-0.037345,0.234585,0.000040,1.580143,0.077633,-0.297970,0.000000,14.941582,0.040287,-0.063385,0.000040,1.000000,1.930598,0.023964,1.000000,-0.148908,-0.039111,0.526714
11.445000,4.395000,14.922866,0.030534,-0.111393,-0.000157,676.234381,644.738028,682.386784,637.983228,-1.370694,-0.050582,0.181764,-0.000157,1.578561,0.081116,-0.293157,0.000000,14.922866,0.030534,-0.111393,-0.000157,1.000000,2.022553,0.022348,1.000000,-0.146502,-0.040834,0.526187
11.463000,4.413000,14.927080,0.012514,-0.089160,0.000075,674.400865,646.671350,677.031676,644.030360,-1.364895,-0.071738,0.198931,0.000075,1.576976,0.084253,-0.288092,0.000000,14.927080,0.012514,-0.089160,0.000075,1.000000,2.096003,0.023101,1.000000,-0.143970,-0.042384,0.525659
11.482000,4.432000,14.962785,0.019454,-0.138657,0.000405,682.550853,639.445905,686.782732,635.520868,-1.327624,-0.067563,0.144127,0.000405,1.575409,0.087017,-0.282784,0.000000,14.962785,0.019454,-0.138657,0.000405,1.000000,2.183807,0.020160,1.000000,-0.141318,-0.043747,0.525136
11.502000,4.452000,14.933732,0.010696,-0.079311,0.000553,672.924147,648.148877,675.513909,646.283611,-1.355089,-0.078696,0.197924,0.000553,1.573821,0.089392,-0.277235,0.000000,14.933732,0.010696,-0.079311,0.000553,1.000000,2.265560,0.022899,1.000000,-0.138546,-0.044919,0.524607
11.522000,4.472000,14.973034,0.011902,-0.053093,0.000786,669.180091,653.600061,672.195631,651.675486,-1.314221,-0.079533,0.217951,0.000786,1.572255,0.091436,-0.271044,0.000000,14.973034,0.011902,-0.053093,0.000786,1.000000,2.559078,0.022655,1.000000,-0.135453,-0.045924,0.524085
11.542000,4.492000,14.997040,0.118915,-0.110586,0.000542,668.317529,655.735311,693.016452,630.414310,-1.288662,0.025747,0.154396,0.000542,1.570702,0.093168,-0.264982,0.000000,14.997040,0.118915,-0.110586,0.000542,1.000000,2.406970,0.019057,1.000000,-0.132423,-0.046777,0.523567
11.562000,4.512000,14.964568,0.089236,-0.082863,0.000353,666.095222,656.687980,684.736985,637.766331,-1.319558,-0.005222,0.175838,0.000353,1.569126,0.094457,-0.258700,0.000000,14.964568,0.089236,-0.082863,0.000353,1.000000,2.480045,0.020507,1.000000,-0.129283,-0.047411,0.523042
11.582000,4.532000,14.979976,0.089028,-0.065125,-0.000379,663.710625,660.321727,681.877141,640.969594,-1.302582,-0.006340,0.187052,-0.000379,1.567558,0.095368,-0.252176,0.000000,14.979976,0.089028,-0.065125,-0.000379,1.000000,2.532921,0.020470,1.000000,-0.126021,-0.047860,0.522519
11.601000,4.551000,14.993477,0.098438,-0.067575,-0.001149,663.705590,661.492501,683.267934,639.516879,-1.287518,0.002557,0.177844,-0.001149,1.565996,0.095880,-0.245418,0.000000,14.993477,0.098438,-0.067575,-0.001149,1.000000,2.590604,0.019741,1.000000,-0.122642,-0.048112,0.521999
11.621000,4.571000,15.028619,0.134789,-0.049871,-0.001721,657.839888,669.280642,684.614725,639.247996,-1.250835,0.038750,0.188523,-0.001721,1.564454,0.096039,-0.238395,0.000000,15.028619,0.134789,-0.049871,-0.001721,1.000000,2.640526,0.019350,1.000000,-0.119129,-0.048189,0.521485
11.641000,4.591000,15.039865,0.110670,-0.040295,-0.001499,658.926317,668.541778,680.893351,643.888993,-1.238056,0.014878,0.190842,-0.001499,1.562921,0.095792,-0.231136,0.000000,15.039865,0.110670,-0.040295,-0.001499,1.000000,2.684361,0.018992,1.000000,-0.115498,-0.048065,0.520974
11.661000,4.611000,15.053871,0.045096,-0.062098,-0.000258,669.368425,657.789573,678.509099,647.968600,-1.222530,-0.049974,0.161618,-0.000258,1.561401,0.095070,-0.223716,0.000000,15.053871,0.045096,-0.062098,-0.000258,1.000000,2.725126,0.017808,1.000000,-0.111786,-0.047703,0.520467
11.681000,4.631000,15.049924,0.030645,-0.016440,-0.000029,663.003349,663.862578,669.389196,657.380088,-1.224958,-0.063318,0.199597,-0.000029,1.559882,0.093963,-0.216037,0.000000,15.049924,0.030645,-0.016440,-0.000029,1.000000,2.765918,0.019390,1.000000,-0.107945,-0.047149,0.519961
11.706000,4.656000,15.041771,0.065992,-0.044450,-0.000166,663.910694,662.696189,677.497940,648.549567,-1.231592,-0.026432,0.163714,-0.000166,1.558362,0.092424,-0.208164,0.000000,15.041771,0.065992,-0.044450,-0.000166,1.000000,2.811943,0.017918,1.000000,-0.104008,-0.046379,0.519454
11.723000,4.673000,15.072340,0.098293,-0.006667,-0.000373,654.804882,673.174204,675.129725,652.231968,-1.199527,0.007799,0.193371,-0.000373,1.556867,0.090494,-0.200039,0.000000,15.072340,0.098293,-0.006667,-0.000373,1.000000,2.857560,0.018134,1.000000,-0.099944,-0.045413,0.518956
11.741000,4.691000,15.082175,0.127065,-0.009501,-0.001141,652.720697,676.174905,678.509770,648.581321,-1.188209,0.038917,0.182197,-0.001141,1.555383,0.088147,-0.191698,0.000000,15.082175,0.127065,-0.009501,-0.001141,1.000000,2.897553,0.017590,1.000000,-0.095772,-0.044240,0.518461
11.763000,4.713000,15.067766,0.071236,0.024414,-0.001071,652.484482,675.729652,666.769893,660.057458,-1.201131,-0.013769,0.207157,-0.001071,1.553897,0.085005,-0.182744,0.000000,15.067766,0.071236,0.024414,-0.001071,1.000000,3.184583,0.018738,1.000000,-0.091294,-0.042669,0.517966
11.781000,4.731000,15.103890,0.155075,-0.059584,-0.000436,658.572700,670.911310,690.293283,637.562171,-1.163552,0.073263,0.114515,-0.000436,1.552442,0.081812,-0.174098,0.000000,15.103890,0.155075,-0.059584,-0.000436,1.000000,2.927582,0.015387,1.000000,-0.086971,-0.041071,0.517481
11.802000,4.752000,15.076439,0.145132,-0.049112,-0.001027,657.433215,671.261391,686.795132,639.625855,-1.189537,0.066921,0.116178,-0.001027,1.550976,0.078211,-0.165290,0.000000,15.076439,0.145132,-0.049112,-0.001027,1.000000,2.937223,0.015948,1.000000,-0.082568,-0.039268,0.516992
11.825000,4.775000,15.111650,0.126258,0.039315,-0.003124,645.722600,685.533815,670.240776,656.963500,-1.152894,0.052450,0.195194,-0.003124,1.549544,0.073807,-0.155878,0.000000,15.111650,0.126258,0.039315,-0.003124,1.000000,3.117678,0.017378,1.000000,-0.077860,-0.037070,0.516515
11.842000,4.792000,15.127996,0.145921,0.001777,-0.003302,650.557258,681.776754,678.823038,648.694961,-1.135135,0.076482,0.148411,-0.003302,1.548131,0.069439,-0.146633,0.000000,15.127996,0.145921,0.001777,-0.003302,1.000000,2.977700,0.015674,1.000000,-0.073240,-0.034881,0.516044
11.862000,4.812000,15.109967,0.132125,0.050149,-0.003945,643.455628,688.171963,668.709642,657.839433,-1.151751,0.067452,0.187330,-0.003945,1.546717,0.064674,-0.137182,0.000000,15.109967,0.132125,0.050149,-0.003945,1.000000,3.000948,0.017231,1.000000,-0.068514,-0.032498,0.515572
11.883000,4.833000,15.121933,0.105057,0.008406,-0.003502,653.712248,678.634356,673.311930,653.993621,-1.138390,0.045523,0.136025,-0.003502,1.545323,0.059534,-0.127620,0.000000,15.121933,0.105057,0.008406,-0.003502,1.000000,2.971106,0.015018,1.000000,-0.063734,-0.029928,0.515108
11.905000,4.855000,15.086985,0.109974,0.005576,-0.003116,652.756070,677.771272,673.667009,652.350466,-1.171931,0.055904,0.123531,-0.003116,1.543916,0.054071,-0.117955,0.000000,15.086985,0.109974,0.005576,-0.003116,1.000000,2.939007,0.015574,1.000000,-0.058905,-0.027194,0.514639
11.924000,4.874000,15.125791,0.116381,0.057216,-0.003090,643.975012,687.753056,666.520578,661.388260,-1.131756,0.068153,0.165246,-0.003090,1.542547,0.048228,-0.108030,0.000000,15.125791,0.116381,0.057216,-0.003090,1.000000,2.981298,0.016005,1.000000,-0.053947,-0.024267,0.514182
11.942000,4.892000,15.107733,0.121171,0.078734,-0.002284,638.978866,691.066160,663.266167,664.448208,-1.148444,0.079109,0.176668,-0.002284,1.541177,0.042062,-0.097934,0.000000,15.107733,0.121171,0.078734,-0.002284,1.000000,2.986963,0.016937,1.000000,-0.048904,-0.021177,0.513726
11.964000,4.914000,15.085185,0.130283,0.063232,-0.001321,639.848330,688.623712,666.682952,660.732532,-1.169620,0.094684,0.150968,-0.001321,1.539805,0.035598,-0.087737,0.000000,15.085185,0.130283,0.063232,-0.001321,1.000000,2.951472,0.016856,1.000000,-0.043812,-0.017936,0.513268
11.984000,4.934000,15.114930,0.138212,0.067348,-0.001307,638.935887,690.721115,667.473455,661.261027,-1.138536,0.109374,0.144740,-0.001307,1.538465,0.028839,-0.077392,0.000000,15.114930,0.138212,0.067348,-0.001307,1.000000,2.941422,0.016254,1.000000,-0.038649,-0.014545,0.512822
12.001000,4.951000,15.108713,0.155348,0.057614,-0.001488,638.705789,690.798874,670.694204,657.583172,-1.143421,0.133540,0.124545,-0.001488,1.537134,0.021807,-0.066931,0.000000,15.108713,0.155348,0.057614,-0.001488,1.000000,2.918086,0.016409,1.000000,-0.033429,-0.011016,0.512378
12.025000,4.975000,15.062240,0.099310,0.008415,-0.001381,652.232595,675.956828,672.149853,654.100674,-1.188544,0.084766,0.064821,-0.001381,1.535784,0.014545,-0.056405,0.000000,15.062240,0.099310,0.008415,-0.001381,1.000000,2.884038,0.015265,1.000000,-0.028177,-0.007369,0.511928
12.041000,4.991000,15.089296,0.175364,0.053679,-0.001998,636.954901,691.952356,672.828922,654.151910,-1.160169,0.168346,0.099417,-0.001998,1.534465,0.007018,-0.045738,0.000000,15.089296,0.175364,0.053679,-0.001998,1.000000,2.867099,0.017283,1.000000,-0.022856,-0.003590,0.511488
12.064000,5.014000,15.053139,0.158709,0.093693,-0.001668,630.728839,695.883569,663.681991,662.077735,-1.194999,0.159798,0.128341,-0.001668,1.533138,-0.001089,-0.034648,0.000000,15.053139,0.158709,0.093693,-0.001668,1.000000,2.981990,0.018481,1.000000,-0.017326,0.000481,0.511046
12.081000,5.031000,15.083369,0.156592,0.104506,-0.001244,629.577925,697.896144,662.440585,664.962295,-1.163468,0.165644,0.128246,-0.001244,1.531837,-0.009052,-0.023740,0.000000,15.083369,0.156592,0.104506,-0.001244,1.000000,2.869996,0.017925,1.000000,-0.011887,0.004482,0.510612
12.105000,5.055000,15.029842,0.100298,0.026726,-0.001554,648.292737,678.465298,668.413187,656.348552,-1.215675,0.117293,0.039733,-0.001554,1.530517,-0.016995,-0.013007,0.000000,15.029842,0.100298,0.026726,-0.001554,1.000000,2.725673,0.016313,1.000000,-0.006537,0.008472,0.510172
12.121000,5.071000,15.051176,0.137265,0.175656,-0.001895,618.396946,706.940308,647.214276,677.936690,-1.193040,0.162598,0.177536,-0.001895,1.529216,-0.025333,-0.001880,0.000000,15.051176,0.137265,0.175656,-0.001895,1.000000,2.878607,0.020030,1.000000,-0.000990,0.012663,0.509739
12.144000,5.094000,15.046979,0.107521,0.171428,-0.001919,622.411656,703.250140,644.640629,680.186954,-1.195944,0.141383,0.162037,-0.001919,1.527923,-0.033862,0.009391,0.000000,15.046979,0.107521,0.171428,-0.001919,1.000000,2.908880,0.018928,1.000000,0.004627,0.016950,0.509308
12.163000,5.113000,15.035194,0.111353,0.054888,-0.001529,642.303314,684.349187,664.942395,660.120118,-1.206440,0.153776,0.034257,-0.001529,1.526634,-0.042423,0.020631,0.000000,15.035194,0.111353,0.054888,-0.001529,1.000000,2.846312,0.017037,1.000000,0.010229,0.021254,0.508878
12.183000,5.133000,15.022076,0.172949,0.136454,-0.002140,620.908218,703.696522,657.046507,666.958701,-1.218273,0.224028,0.104513,-0.002140,1.525349,-0.051079,0.031940,0.000000,15.022076,0.172949,0.136454,-0.002140,1.000000,2.828171,0.020953,1.000000,0.015864,0.025606,0.508450
12.207000,5.157000,15.002953,0.164347,0.107253,-0.002144,626.687045,697.757316,660.696423,662.496160,-1.236110,0.224162,0.063939,-0.002144,1.524063,-0.059815,0.043314,0.000000,15.002953,0.164347,0.107253,-0.002144,1.000000,2.835675,0.020714,1.000000,0.021532,0.029997,0.508021
12.221000,5.171000,14.983536,0.170883,0.121177,-0.001420,622.727817,699.978526,658.836989,664.022184,-1.254236,0.239485,0.066436,-0.001420,1.522772,-0.068602,0.054741,0.000000,14.983536,0.170883,0.121177,-0.001420,1.000000,2.841702,0.021908,1.000000,0.027227,0.034415,0.507591
12.244000,5.194000,14.957407,0.114277,0.033888,-0.000774,643.618962,679.232563,667.349327,654.780554,-1.279063,0.191632,-0.032257,-0.000774,1.521470,-0.077354,0.066145,0.000000,14.957407,0.114277,0.033888,-0.000774,1.000000,2.854865,0.020136,1.000000,0.032912,0.038814,0.507157
12.262000,5.212000,14.942030,0.179479,0.095982,-0.001047,625.199112,695.769423,663.242184,658.055423,-1.293131,0.265562,0.018420,-0.001047,1.520161,-0.086082,0.077562,0.000000,14.942030,0.179479,0.095982,-0.001047,1.000000,2.834114,0.023808,1.000000,0.038604,0.043200,0.506720
12.280000,5.230000,14.902644,0.102878,0.077027,-0.000678,635.989291,683.975999,657.652193,662.175833,-1.331181,0.197629,-0.011941,-0.000678,1.518824,-0.094750,0.088968,0.000000,14.902644,0.102878,0.077027,-0.000678,1.000000,2.869370,0.021640,1.000000,0.044290,0.047556,0.506275
12.301000,5.251000,14.925800,0.099653,0.241832,-0.000055,606.832056,710.497845,629.245121,690.648813,-1.306703,0.203231,0.141228,-0.000055,1.517502,-0.103578,0.100604,0.000000,14.925800,0.099653,0.241832,-0.000055,1.000000,2.940655,0.023200,1.000000,0.050092,0.051992,0.505834
12.320000,5.270000,14.919066,0.080956,0.241368,-0.000138,608.929122,708.480345,627.068428,692.283167,-1.312108,0.193329,0.129077,-0.000138,1.516174,-0.112373,0.112291,0.000000,14.919066,0.080956,0.241368,-0.000138,1.000000,2.971915,0.022620,1.000000,0.055919,0.056412,0.505391
12.345000,5.295000,14.886454,0.094720,0.124514,-0.000909,628.147721,690.662233,648.156461,670.599941,-1.343368,0.215714,0.000611,-0.000909,1.514822,-0.120994,0.123903,0.000000,14.886454,0.094720,0.124514,-0.000909,1.000000,2.964938,0.022700,1.000000,0.061712,0.060742,0.504941
12.362000,5.312000,14.900231,0.167502,0.183399,-0.002509,610.190915,708.248854,645.489027,672.607662,-1.328247,0.297001,0.047884,-0.002509,1.513478,-0.129498,0.135515,0.000000,14.900231,0.167502,0.183399,-0.002509,1.000000,2.957029,0.026693,1.000000,0.067504,0.065013,0.504493
12.383000,5.333000,14.852495,0.202529,0.084035,-0.002660,623.283157,694.854530,665.146898,650.920401,-1.374603,0.340307,-0.062999,-0.002660,1.512098,-0.137778,0.147035,0.000000,14.852495,0.202529,0.084035,-0.002660,1.000000,2.962096,0.030874,1.000000,0.073254,0.069170,0.504033
12.401000,5.351000,14.848474,0.108907,0.058121,-0.001334,637.664470,680.558827,660.083660,656.860254,-1.377235,0.254860,-0.100474,-0.001334,1.510709,-0.145953,0.158595,0.000000,14.848474,0.108907,0.058121,-0.001334,1.000000,3.059620,0.026473,1.000000,0.079026,0.073270,0.503570
12.424000,5.374000,14.861957,0.250860,0.104131,-0.001851,614.110446,702.806624,667.295175,649.751972,-1.362364,0.405040,-0.066392,-0.001851,1.509320,-0.154181,0.170522,0.000000,14.861957,0.250860,0.104131,-0.001851,1.000000,3.309285,0.035407,1.000000,0.084983,0.077397,0.503107
12.440000,5.390000,14.827480,0.100857,0.065437,-0.000649,636.521343,680.236273,657.759420,658.762488,-1.395417,0.262710,-0.116488,-0.000649,1.507898,-0.161854,0.181925,0.000000,14.827480,0.100857,0.065437,-0.000649,1.000000,3.134317,0.027731,1.000000,0.090680,0.081244,0.502633
12.461000,5.411000,14.847680,0.142694,0.171712,0.000769,612.664859,701.656378,644.837473,673.323051,-1.373800,0.312032,-0.021614,0.000769,1.506479,-0.169338,0.193325,0.000000,14.847680,0.142694,0.171712,0.000769,1.000000,3.149648,0.028656,1.000000,0.096378,0.084993,0.502160
12.481000,5.431000,14.839582,0.113150,0.161677,0.001353,617.431719,696.717238,643.422744,674.746045,-1.380463,0.289679,-0.042963,0.001353,1.505044,-0.176528,0.204640,0.000000,14.839582,0.113150,0.161677,0.001353,1.000000,3.209057,0.027633,1.000000,0.102036,0.088592,0.501681
12.501000,5.451000,14.841755,0.071062,0.225671,0.001618,610.432478,702.764593,627.632057,689.737813,-1.376846,0.254607,0.009679,0.001618,1.503601,-0.183545,0.215992,0.000000,14.841755,0.071062,0.225671,0.001618,1.000000,3.250792,0.025449,1.000000,0.107715,0.092102,0.501200
12.522000,5.472000,14.829468,0.039632,0.256242,0.000775,608.407273,704.591710,617.994550,697.282315,-1.387672,0.229996,0.028867,0.000775,1.502139,-0.190364,0.227375,0.000000,14.829468,0.039632,0.256242,0.000775,1.000000,3.283842,0.024630,1.000000,0.113412,0.095510,0.500713
12.543000,5.493000,14.824678,0.120032,0.140632,-0.002371,621.522898,695.057541,646.158398,668.769058,-1.390985,0.316784,-0.097958,-0.002371,1.500663,-0.196752,0.238590,0.000000,14.824678,0.120032,0.140632,-0.002371,1.000000,3.300272,0.030344,1.000000,0.119026,0.098702,0.500221
12.561000,5.511000,14.795900,0.101317,0.032485,-0.002634,642.266236,674.879753,662.026726,651.578138,-1.418253,0.304062,-0.217205,-0.002634,1.499152,-0.202745,0.249690,0.000000,14.795900,0.101317,0.032485,-0.002634,1.000000,3.363372,0.034078,1.000000,0.124580,0.101698,0.499717
12.581000,5.531000,14.834706,0.115199,0.163740,-0.003790,618.641698,699.033631,641.314136,672.823970,-1.377948,0.323709,-0.097092,-0.003790,1.497653,-0.208511,0.260831,0.000000,14.834706,0.115199,0.163740,-0.003790,1.000000,3.363096,0.030410,1.000000,0.130156,0.104580,0.499218
12.601000,5.551000,14.826499,0.171146,0.072729,-0.003562,628.533104,689.644016,662.883699,651.386157,-1.384633,0.384948,-0.199057,-0.003562,1.496132,-0.213802,0.271787,0.000000,14.826499,0.171146,0.072729,-0.003562,1.000000,3.411360,0.037954,1.000000,0.135640,0.107222,0.498711
12.623000,5.573000,14.823741,0.160101,0.094347,-0.002248,625.330797,691.507508,658.439525,656.730531,-1.385854,0.378787,-0.188274,-0.002248,1.494595,-0.218685,0.282621,0.000000,14.823741,0.160101,0.094347,-0.002248,1.000000,3.469680,0.037099,1.000000,0.141066,0.109657,0.498198
12.645000,5.595000,14.802174,0.146361,0.044217,-0.001114,634.879409,681.015387,665.433846,649.522922,-1.405852,0.369557,-0.249495,-0.001114,1.493027,-0.223196,0.293712,0.000000,14.802174,0.146361,0.044217,-0.001114,1.000000,3.863833,0.039646,1.000000,0.146624,0.111903,0.497676
12.661000,5.611000,14.844076,0.056004,0.207346,-0.001374,616.687630,699.467075,628.193268,687.206710,-1.362394,0.283410,-0.097125,-0.001374,1.491471,-0.227406,0.304471,0.000000,14.844076,0.056004,0.207346,-0.001374,1.000000,3.547639,0.027537,1.000000,0.152018,0.113993,0.497157
12.682000,5.632000,14.840835,0.077171,0.138327,-0.000834,626.527627,690.148593,642.850285,673.765625,-1.364060,0.308272,-0.176686,-0.000834,1.489895,-0.231101,0.315014,0.000000,14.840835,0.077171,0.138327,-0.000834,1.000000,3.614737,0.031232,1.000000,0.157309,0.115819,0.496632
12.702000,5.652000,14.844067,0.154452,0.108315,-0.001495,623.640615,693.359960,656.168963,660.456848,-1.359240,0.388750,-0.217443,-0.001495,1.488307,-0.234298,0.325759,0.000000,14.844067,0.154452,0.108315,-0.001495,1.000000,3.959168,0.038316,1.000000,0.162702,0.117395,0.496102
12.723000,5.673000,14.851174,0.049167,0.121784,-0.001389,633.023359,685.032653,642.746157,673.911746,-1.350534,0.286233,-0.214249,-0.001389,1.486709,-0.237067,0.336033,0.000000,14.851174,0.049167,0.121784,-0.001389,1.000000,3.697292,0.031023,1.000000,0.167860,0.118756,0.495570
12.741000,5.691000,14.835451,0.050359,0.064761,-0.001045,642.464395,675.257183,652.546275,663.987439,-1.364632,0.289711,-0.281411,-0.001045,1.485083,-0.239352,0.346172,0.000000,14.835451,0.050359,0.064761,-0.001045,1.000000,3.724861,0.034935,1.000000,0.172947,0.119876,0.495028
12.762000,5.712000,14.876760,0.054373,0.147141,-0.001127,628.423245,690.154583,639.541603,678.246547,-1.321710,0.295604,-0.209093,-0.001127,1.483470,-0.241231,0.356234,0.000000,14.876760,0.054373,0.147141,-0.001127,1.000000,3.710920,0.030579,1.000000,0.177999,0.120790,0.494490
12.784000,5.734000,14.864936,0.124835,0.051199,0.000079,637.009200,680.868081,663.794451,654.898988,-1.331895,0.367300,-0.315227,0.000079,1.481832,-0.242465,0.366426,0.000000,14.864936,0.124835,0.051199,0.000079,1.000000,4.048942,0.041167,1.000000,0.183116,0.121378,0.493944
12.803000,5.753000,14.902036,0.113352,0.137653,0.000622,623.509512,694.434068,648.777420,671.790764,-1.293177,0.356918,-0.238841,0.000622,1.480214,-0.243566,0.376495,0.000000,14.902036,0.113352,0.137653,0.000622,1.000000,3.848002,0.035167,1.000000,0.188162,0.121914,0.493405
12.823000,5.773000,14.913692,0.093902,0.097260,-0.000115,633.437119,686.411127,653.673638,667.000156,-1.279890,0.337898,-0.288802,-0.000115,1.478582,-0.243996,0.386062,0.000000,14.913692,0.093902,0.097260,-0.000115,1.000000,3.753874,0.036139,1.000000,0.192979,0.122080,0.492861
12.841000,5.791000,14.901720,0.037093,0.043859,0.000057,648.642317,671.415218,656.597664,663.720556,-1.290212,0.280958,-0.351618,0.000057,1.476932,-0.243865,0.395477,0.000000,14.901720,0.037093,0.043859,0.000057,1.000000,3.793267,0.036904,1.000000,0.197706,0.121986,0.492311
12.863000,5.813000,14.950066,0.020103,0.124698,0.000540,637.265381,683.947922,642.033663,680.247762,-1.240241,0.263434,-0.280160,0.000540,1.475307,-0.243332,0.404857,0.000000,14.950066,0.020103,0.124698,0.000540,1.000000,3.739664,0.030171,1.000000,0.202415,0.121689,0.491769
12.880000,5.830000,14.954363,0.135507,0.070081,0.001949,633.872043,686.276493,664.337954,659.715655,-1.234313,0.377731,-0.343897,0.001949,1.473676,-0.242224,0.413978,0.000000,14.954363,0.135507,0.070081,0.001949,1.000000,3.769082,0.041330,1.000000,0.206997,0.121099,0.491225
12.903000,5.853000,14.967232,0.096331,0.106733,0.001797,632.021543,688.635677,654.178635,670.241892,-1.219820,0.336981,-0.316242,0.001797,1.472051,-0.240650,0.422975,0.000000,14.967232,0.096331,0.106733,0.001797,1.000000,3.736194,0.036236,1.000000,0.211514,0.120279,0.490684
12.922000,5.872000,14.967089,0.142893,0.030614,0.000313,640.917505,681.420033,671.464442,651.808608,-1.218336,0.381399,-0.401115,0.000313,1.470425,-0.238506,0.431730,0.000000,14.967089,0.142893,0.030614,0.000313,1.000000,3.768160,0.045479,1.000000,0.215908,0.119175,0.490142
12.942000,5.892000,14.974930,0.109377,0.026228,-0.000073,645.629920,677.573192,668.755572,654.650544,-1.208871,0.345217,-0.414044,-0.000073,1.468801,-0.235840,0.440271,0.000000,14.974930,0.109377,0.026228,-0.000073,1.000000,3.762954,0.043674,1.000000,0.220190,0.117818,0.489600
12.961000,5.911000,14.990223,0.077406,0.055405,-0.001001,644.674012,679.807189,660.480583,662.990730,-1.191962,0.310112,-0.393293,-0.001001,1.467185,-0.232706,0.448698,0.000000,14.990223,0.077406,0.055405,-0.001001,1.000000,3.727721,0.039293,1.000000,0.224414,0.116227,0.489062
12.981000,5.931000,14.991195,0.067075,0.006940,-0.001033,654.208900,670.702151,667.616695,655.823708,-1.189375,0.296114,-0.449915,-0.001033,1.465571,-0.229039,0.456855,0.000000,14.991195,0.067075,0.006940,-0.001033,1.000000,3.743804,0.043157,1.000000,0.228504,0.114368,0.488524
13.003000,5.953000,15.000254,0.055881,0.002970,-0.000872,656.225246,669.008396,667.372272,656.595395,-1.178709,0.280745,-0.461814,-0.000872,1.463962,-0.224864,0.464784,0.000000,15.000254,0.055881,0.002970,-0.000872,1.000000,3.736941,0.043103,1.000000,0.232478,0.112254,0.487987
13.022000,5.972000,15.010980,0.049829,-0.001497,-0.000023,657.570279,667.536083,668.023941,657.040918,-1.166381,0.270025,-0.473988,-0.000023,1.462361,-0.220196,0.472490,0.000000,15.010980,0.049829,-0.001497,-0.000023,1.000000,3.719602,0.043362,1.000000,0.236342,0.109891,0.487454
13.040000,5.990000,15.021508,0.062294,0.007045,0.001295,654.551210,669.997707,668.572870,657.928196,-1.154260,0.277348,-0.472922,0.001295,1.460768,-0.215054,0.479967,0.000000,15.021508,0.062294,0.007045,0.001295,1.000000,3.695213,0.043381,1.000000,0.240092,0.107284,0.486923
13.061000,6.011000,15.002143,0.069271,0.008410,0.002152,652.835813,670.202847,668.943659,657.324882,-1.172021,0.278706,-0.478790,0.002152,1.459164,-0.209435,0.487201,0.000000,15.002143,0.069271,0.008410,0.002152,1.000000,3.674867,0.044429,1.000000,0.243723,0.104431,0.486388
13.084000,6.034000,15.037821,0.098194,0.051282,0.002770,642.867591,680.861150,665.732095,662.609790,-1.134766,0.301153,-0.443232,0.002770,1.457586,-0.202959,0.494514,0.000000,15.037821,0.098194,0.051282,0.002770,1.000000,3.846129,0.041592,1.000000,0.247393,0.101148,0.485862
13.104000,6.054000,15.033231,-0.000038,0.051619,0.002640,653.306043,670.745847,655.171058,672.760570,-1.137777,0.196401,-0.449781,0.002640,1.456008,-0.196439,0.501400,0.000000,15.033231,-0.000038,0.051619,0.002640,1.000000,3.595418,0.037034,1.000000,0.250849,0.097839,0.485336
13.123000,6.073000,15.074234,0.079090,0.040622,0.003343,647.407316,677.706286,666.534147,663.830799,-1.095232,0.268552,-0.467420,0.003343,1.454465,-0.189462,0.508042,0.000000,15.074234,0.079090,0.040622,0.003343,1.000000,3.562509,0.041057,1.000000,0.254181,0.094301,0.484822
13.144000,6.094000,15.080451,0.115121,-0.055462,0.002316,660.599515,665.878659,686.007095,643.192525,-1.087485,0.296674,-0.569985,0.002316,1.452937,-0.181553,0.514523,0.000000,15.080451,0.115121,-0.055462,0.002316,1.000000,3.762792,0.053117,1.000000,0.257427,0.090307,0.484312
13.163000,6.113000,15.065221,0.057091,0.015819,0.001699,654.430269,671.727896,667.650443,661.099362,-1.101190,0.230733,-0.504884,0.001699,1.451411,-0.173642,0.520703,0.000000,15.065221,0.057091,0.015819,0.001699,1.000000,3.500152,0.042941,1.000000,0.260517,0.086324,0.483804
13.182000,6.132000,15.051323,0.021573,-0.044893,0.000051,668.761072,658.064674,673.273657,653.523635,-1.113566,0.186868,-0.571473,0.000051,1.449889,-0.165296,0.526580,0.000000,15.051323,0.021573,-0.044893,0.000051,1.000000,3.473062,0.048550,1.000000,0.263451,0.082133,0.483296
13.202000,6.152000,15.072724,0.079530,-0.037244,-0.001731,662.497370,666.616267,677.824530,648.427650,-1.090669,0.236040,-0.569496,-0.001731,1.448393,-0.156510,0.532252,0.000000,15.072724,0.079530,-0.037244,-0.001731,1.000000,3.440397,0.049900,1.000000,0.266280,0.077732,0.482798
13.223000,6.173000,15.083095,0.075238,-0.117662,-0.001620,676.640925,652.637028,690.864804,635.079134,-1.078822,0.222588,-0.655203,-0.001620,1.446917,-0.147351,0.537541,0.000000,15.083095,0.075238,-0.117662,-0.001620,1.000000,3.414084,0.059523,1.000000,0.268915,0.073147,0.482306
13.242000,6.192000,15.082793,0.080809,-0.097915,-0.001243,672.637395,656.469336,688.326843,638.103078,-1.077664,0.218577,-0.640484,-0.001243,1.445458,-0.137768,0.542569,0.000000,15.082793,0.080809,-0.097915,-0.001243,1.000000,3.404783,0.057413,1.000000,0.271420,0.068348,0.481819
13.261000,6.211000,15.060509,0.069925,-0.066929,-0.000712,667.898051,659.911947,681.837748,644.423248,-1.098490,0.197800,-0.614281,-0.000712,1.443999,-0.127874,0.547352,0.000000,15.060509,0.069925,-0.066929,-0.000712,1.000000,3.355401,0.053713,1.000000,0.273805,0.063384,0.481333
13.281000,6.231000,15.039275,0.017428,-0.050270,0.000397,669.712710,656.302865,673.600778,652.905140,-1.118267,0.135107,-0.602070,0.000397,1.442542,-0.117679,0.551800,0.000000,15.039275,0.017428,-0.050270,0.000397,1.000000,3.324200,0.050579,1.000000,0.276023,0.058259,0.480847
13.302000,6.252000,15.036521,0.080133,-0.120921,0.000872,674.815068,650.575900,691.739842,633.893648,-1.119574,0.186811,-0.676857,0.000872,1.441095,-0.106678,0.555936,0.000000,15.036521,0.080133,-0.120921,0.000872,1.000000,3.501775,0.061838,1.000000,0.278085,0.052726,0.480365
13.323000,6.273000,15.062473,0.011026,-0.040048,0.001262,668.867763,657.554687,672.031859,656.198354,-1.092204,0.106945,-0.599774,0.001262,1.439677,-0.095919,0.559726,0.000000,15.062473,0.011026,-0.040048,0.001262,1.000000,3.272499,0.049046,1.000000,0.279974,0.047307,0.479892
13.341000,6.291000,15.061709,0.075116,-0.048131,0.000346,663.837482,663.272810,679.648848,647.581961,-1.091564,0.159975,-0.611369,0.000346,1.438273,-0.084859,0.563238,0.000000,15.061709,0.075116,-0.048131,0.000346,1.000000,3.260650,0.051852,1.000000,0.281722,0.041740,0.479424
13.362000,6.312000,15.017008,-0.000412,-0.039696,0.000260,669.353095,655.779325,669.447566,656.069257,-1.134846,0.073167,-0.606094,0.000260,1.436854,-0.073579,0.566397,0.000000,15.017008,-0.000412,-0.039696,0.000260,1.000000,3.224080,0.050149,1.000000,0.283293,0.036059,0.478951
13.382000,6.332000,15.014326,0.045780,-0.027257,0.000356,662.328695,662.683826,672.131478,653.271228,-1.136121,0.107806,-0.596531,0.000356,1.435447,-0.062027,0.569274,0.000000,15.014326,0.045780,-0.027257,0.000356,1.000000,3.215393,0.049655,1.000000,0.284720,0.030248,0.478482
13.402000,6.352000,15.036684,0.091740,-0.084552,0.000373,667.693130,658.260566,686.812648,638.855198,-1.112381,0.142003,-0.656363,0.000373,1.434065,-0.050262,0.571811,0.000000,15.036684,0.091740,-0.084552,0.000373,1.000000,3.202348,0.057472,1.000000,0.285974,0.024342,0.478022
13.424000,6.374000,14.998830,0.037288,-0.140256,0.000895,681.600084,641.731200,689.779145,634.308750,-1.148840,0.075134,-0.714180,0.000895,1.432670,-0.037846,0.573924,0.000000,14.998830,0.037288,-0.140256,0.000895,1.000000,3.364376,0.064768,1.000000,0.287014,0.018115,0.477557
13.441000,6.391000,15.015160,0.132175,-0.040149,0.000325,655.429040,669.568281,683.155898,641.747565,-1.131138,0.157776,-0.616037,0.000325,1.431299,-0.025601,0.575888,0.000000,15.015160,0.132175,-0.040149,0.000325,1.000000,3.192883,0.053234,1.000000,0.287979,0.011984,0.477100
13.461000,6.411000,14.990159,0.063855,-0.092716,0.000200,671.009225,652.927664,684.269024,639.323194,-1.154763,0.077100,-0.670202,0.000200,1.429922,-0.013245,0.577486,0.000000,14.990159,0.063855,-0.092716,0.000200,1.000000,3.158159,0.058846,1.000000,0.288761,0.005802,0.476641
13.483000,6.433000,14.972472,-0.026890,-0.105424,0.002303,681.363097,639.708915,677.425120,647.355581,-1.171076,-0.026324,-0.683899,0.002303,1.428548,-0.000566,0.578475,0.000000,14.972472,-0.026890,-0.105424,0.002303,1.000000,3.230987,0.060556,1.000000,0.289237,-0.000547,0.476183
13.501000,6.451000,15.003421,0.053642,-0.097107,0.002541,672.283498,650.459189,685.028459,640.898878,-1.138780,0.041652,-0.676485,0.002541,1.427201,0.011989,0.579378,0.000000,15.003421,0.053642,-0.097107,0.002541,1.000000,3.153402,0.058906,1.000000,0.289670,-0.006825,0.475734
13.522000,6.472000,14.987617,-0.001032,-0.083668,0.002580,675.333336,646.548063,676.892064,648.803913,-1.153236,-0.025575,-0.663567,0.002580,1.425854,0.024543,0.579899,0.000000,14.987617,-0.001032,-0.083668,0.002580,1.000000,3.143140,0.057398,1.000000,0.289913,-0.013107,0.475285
13.542000,6.492000,14.966955,0.059114,-0.093170,0.002788,670.175886,650.808770,684.243262,640.261873,-1.172549,0.021856,-0.673306,0.002788,1.424504,0.037258,0.580136,0.000000,14.966955,0.059114,-0.093170,0.002788,1.000000,3.168817,0.059131,1.000000,0.290013,-0.019465,0.474835
13.561000,6.511000,14.970224,0.048779,-0.101981,0.001102,673.376197,648.912244,684.137904,639.239345,-1.167943,-0.001230,-0.682004,0.001102,1.423167,0.050009,0.580023,0.000000,14.970224,0.048779,-0.101981,0.001102,1.000000,3.177620,0.060154,1.000000,0.289939,-0.025831,0.474389
13.582000,6.532000,14.925572,-0.000357,-0.087386,-0.000248,675.511616,645.686828,675.267488,645.567450,-1.211234,-0.063050,-0.666912,-0.000248,1.421806,0.062694,0.579526,0.000000,14.925572,-0.000357,-0.087386,-0.000248,1.000000,3.182125,0.059546,1.000000,0.289674,-0.032161,0.473935
13.601000,6.551000,14.955346,0.069375,-0.125177,-0.001334,675.634045,647.723871,688.886740,631.554687,-1.180127,-0.006081,-0.703872,-0.001334,1.420473,0.075456,0.578695,0.000000,14.955346,0.069375,-0.125177,-0.001334,1.000000,3.231325,0.063475,1.000000,0.289243,-0.038519,0.473491
13.623000,6.573000,14.943784,0.017759,-0.139340,-0.002150,683.298110,639.727008,685.453111,634.120213,-1.190351,-0.070304,-0.716821,-0.002150,1.419136,0.088062,0.577481,0.000000,14.943784,0.017759,-0.139340,-0.002150,1.000000,3.232109,0.066047,1.000000,0.288623,-0.044794,0.473045
13.646000,6.596000,14.933838,-0.011909,-0.159693,-0.002639,689.595692,632.849832,685.401727,633.341320,-1.198963,-0.112620,-0.735308,-0.002639,1.417801,0.100710,0.575615,0.000000,14.933838,-0.011909,-0.159693,-0.002639,1.000000,3.386330,0.069712,1.000000,0.287681,-0.051072,0.472600
13.665000,6.615000,14.900152,0.046567,-0.025289,-0.001448,660.019267,661.274952,668.768401,650.258512,-1.231296,-0.066301,-0.598899,-0.001448,1.416448,0.112868,0.573610,0.000000,14.900152,0.046567,-0.025289,-0.001448,1.000000,3.216577,0.051469,1.000000,0.286669,-0.057125,0.472149
13.683000,6.633000,14.925525,0.055507,-0.125660,-0.001981,676.719691,645.728033,686.709291,632.045470,-1.204587,-0.069773,-0.697010,-0.001981,1.415112,0.125280,0.571350,0.000000,14.925525,0.055507,-0.125660,-0.001981,1.000000,3.344892,0.063580,1.000000,0.285526,-0.063314,0.471704
13.702000,6.652000,14.941340,0.073673,-0.082759,0.000123,667.274063,654.624719,682.559725,638.857907,-1.187450,-0.063865,-0.651513,0.000123,1.413789,0.137538,0.568754,0.000000,14.941340,0.073673,-0.082759,0.000123,1.000000,3.367984,0.056955,1.000000,0.284220,-0.069414,0.471263
13.724000,6.674000,14.926756,-0.043515,-0.178124,0.000613,694.530941,624.566752,686.165224,634.688797,-1.200706,-0.193277,-0.743647,0.000613,1.412462,0.149762,0.565523,0.000000,14.926756,-0.043515,-0.178124,0.000613,1.000000,3.633762,0.073454,1.000000,0.282597,-0.075499,0.470821
13.742000,6.692000,14.919146,0.029107,-0.094678,0.001088,673.086225,646.919112,679.824826,641.488941,-1.206989,-0.132404,-0.656863,0.001088,1.411135,0.161512,0.562185,0.000000,14.919146,0.029107,-0.094678,0.001088,1.000000,3.458966,0.059468,1.000000,0.280922,-0.081348,0.470378
13.764000,6.714000,14.914657,0.022420,-0.044338,0.001577,665.051679,654.611712,670.821795,651.062225,-1.210152,-0.150612,-0.602833,0.001577,1.409809,0.173032,0.558495,0.000000,14.914657,0.022420,-0.044338,0.001577,1.000000,3.505003,0.053254,1.000000,0.279071,-0.087083,0.469936
13.783000,6.733000,14.906623,0.070997,-0.092337,0.002476,667.588257,650.990878,683.920519,637.607879,-1.216856,-0.113461,-0.646804,0.002476,1.408479,0.184459,0.554467,0.000000,14.906623,0.070997,-0.092337,0.002476,1.000000,3.544103,0.057931,1.000000,0.277052,-0.092772,0.469493
13.803000,6.753000,14.912312,0.022579,-0.064340,0.001991,668.214420,650.967611,674.275321,647.690648,-1.209842,-0.172968,-0.614430,0.001991,1.407153,0.195547,0.550089,0.000000,14.912312,0.022579,-0.064340,0.001991,1.000000,3.580061,0.055382,1.000000,0.274861,-0.098289,0.469051
13.831000,6.781000,14.909119,-0.054362,-0.186596,0.000332,679.945915,639.849673,677.007709,640.715937,-1.211707,-0.260797,-0.731646,0.000332,1.405826,0.206435,0.545050,0.000000,14.909119,-0.054362,-0.186596,0.000332,1.000000,3.891120,0.075015,1.000000,0.272340,-0.103704,0.468609
13.842000,6.792000,14.879576,-0.009395,-0.111955,-0.001476,679.945915,639.849673,677.007709,640.715937,-1.239900,-0.226267,-0.651920,-0.001476,1.404477,0.216872,0.539965,0.000000,14.879576,-0.009395,-0.111955,-0.001476,1.000000,3.685188,0.062993,1.000000,0.269800,-0.108890,0.468159
13.862000,6.812000,14.922412,0.059387,-0.129393,-0.001656,676.761960,645.296785,687.757330,631.012211,-1.195742,-0.167736,-0.663940,-0.001656,1.403154,0.227123,0.534547,0.000000,14.922412,0.059387,-0.129393,-0.001656,1.000000,3.721600,0.061193,1.000000,0.267095,-0.113981,0.467718
13.888000,6.838000,14.925887,-0.029312,-0.174286,-0.001773,693.263591,627.788420,686.151425,632.827985,-1.190945,-0.266395,-0.702736,-0.001773,1.401832,0.237083,0.528450,0.000000,14.925887,-0.029312,-0.174286,-0.001773,1.000000,4.034845,0.070664,1.000000,0.264052,-0.118926,0.467277
13.907000,6.857000,14.890945,-0.044754,-0.102928,-0.001546,682.337533,637.873326,672.074894,646.350306,-1.224540,-0.291343,-0.624912,-0.001546,1.400485,0.246589,0.521984,0.000000,14.890945,-0.044754,-0.102928,-0.001546,1.000000,4.130113,0.062535,1.000000,0.260826,-0.123645,0.466828
13.922000,6.872000,14.924664,0.030745,-0.109343,-0.001784,676.469025,645.802424,681.555113,637.711683,-1.189499,-0.225167,-0.624878,-0.001784,1.399163,0.255911,0.515535,0.000000,14.924664,0.030745,-0.109343,-0.001784,1.000000,4.012891,0.058267,1.000000,0.257603,-0.128286,0.466388
13.951000,6.901000,14.898197,-0.057450,-0.062772,-0.000652,676.842970,643.353281,664.462315,655.163065,-1.214620,-0.322041,-0.571157,-0.000652,1.397818,0.264591,0.508385,0.000000,14.898197,-0.057450,-0.062772,-0.000652,1.000000,4.234355,0.057746,1.000000,0.254046,-0.132576,0.465939
13.964000,6.914000,14.942886,0.118341,-0.052951,-0.001154,658.001712,664.948595,681.803097,638.762832,-1.168609,-0.154485,-0.553855,-0.001154,1.396496,0.272826,0.500904,0.000000,14.942886,0.118341,-0.052951,-0.001154,1.000000,4.155845,0.046719,1.000000,0.250326,-0.136644,0.465499
13.982000,6.932000,14.944126,0.097956,-0.025909,-0.001453,655.665246,667.525436,675.152295,645.618778,-1.166049,-0.182862,-0.519386,-0.001453,1.395175,0.280818,0.493477,0.000000,14.944126,0.097956,-0.025909,-0.001453,1.000000,4.013346,0.043917,1.000000,0.246618,-0.140621,0.465058
14.005000,6.955000,14.952710,0.033758,-0.039283,-0.000926,664.719498,658.500554,671.114681,650.596271,-1.156152,-0.254516,-0.525014,-0.000926,1.393861,0.288273,0.485730,0.000000,14.952710,0.033758,-0.039283,-0.000926,1.000000,4.079077,0.047409,1.000000,0.242757,-0.144318,0.464620
14.022000,6.972000,14.963325,0.022816,-0.048768,-0.000461,667.536099,655.773560,671.960334,650.548329,-1.144229,-0.272475,-0.526437,-0.000461,1.392554,0.295290,0.477669,0.000000,14.963325,0.022816,-0.048768,-0.000461,1.000000,4.107368,0.048230,1.000000,0.238737,-0.147802,0.464185
14.042000,6.992000,14.962395,-0.061708,-0.040722,0.000080,674.749296,647.900021,661.947224,661.092479,-1.143851,-0.363461,-0.510002,0.000080,1.391246,0.301753,0.469280,0.000000,14.962395,-0.061708,-0.040722,0.000080,1.000000,4.174166,0.052305,1.000000,0.234550,-0.151016,0.463749
14.064000,7.014000,14.965445,-0.002940,-0.067135,0.000377,673.049719,649.579994,672.701258,650.506025,-1.139496,-0.310619,-0.527795,0.000377,1.389940,0.307679,0.460660,0.000000,14.965445,-0.002940,-0.067135,0.000377,1.000000,4.033241,0.050490,1.000000,0.230245,-0.153967,0.463313
14.081000,7.031000,14.983558,-0.073485,-0.105469,0.000264,687.041314,635.684020,672.163298,651.790256,-1.120091,-0.386737,-0.557174,0.000264,1.388648,0.313252,0.451705,0.000000,14.983558,-0.073485,-0.105469,0.000264,1.000000,4.186094,0.058547,1.000000,0.225765,-0.156752,0.462883
14.101000,7.051000,14.980532,-0.066085,-0.093220,-0.000075,684.330813,638.721184,670.695637,652.911929,-1.121825,-0.384352,-0.535706,-0.000075,1.387357,0.318267,0.442486,0.000000,14.980532,-0.066085,-0.093220,-0.000075,1.000000,4.242153,0.056056,1.000000,0.221151,-0.159260,0.462452
14.128000,7.078000,14.978481,-0.107939,-0.162533,0.000283,699.645452,621.531068,678.013874,645.486359,-1.122585,-0.430559,-0.595020,0.000283,1.386066,0.322620,0.432486,0.000000,14.978481,-0.107939,-0.162533,0.000283,1.000000,4.564265,0.066545,1.000000,0.216150,-0.161435,0.462022
14.141000,7.091000,14.996804,0.008164,-0.050669,0.000684,669.716439,654.190394,671.884412,652.985173,-1.102986,-0.318490,-0.473337,0.000684,1.384790,0.326653,0.422668,0.000000,14.996804,0.008164,-0.050669,0.000684,1.000000,4.329699,0.044714,1.000000,0.211236,-0.163453,0.461597
14.163000,7.113000,14.995657,0.017438,-0.076963,0.000744,673.113658,650.597697,677.221931,647.441428,-1.102857,-0.312824,-0.489510,0.000744,1.383514,0.330262,0.412548,0.000000,14.995657,0.017438,-0.076963,0.000744,1.000000,4.329871,0.045911,1.000000,0.206178,-0.165251,0.461171
14.183000,7.133000,15.014031,0.009275,-0.013177,0.002674,662.956316,660.334295,666.766094,660.446262,-1.083223,-0.324001,-0.415330,0.002674,1.382254,0.333275,0.402153,0.000000,15.014031,0.009275,-0.013177,0.002674,1.000000,4.391534,0.039482,1.000000,0.200980,-0.166754,0.460751
14.204000,7.154000,15.018239,-0.013336,0.000827,0.002296,663.180207,660.574770,661.985960,665.145532,-1.077763,-0.349071,-0.390664,0.002296,1.381002,0.335735,0.391491,0.000000,15.018239,-0.013336,0.000827,0.002296,1.000000,4.421365,0.039063,1.000000,0.195650,-0.167978,0.460334
14.223000,7.173000,15.024778,-0.024485,0.010034,0.001588,663.181091,661.385373,659.138922,667.736472,-1.069981,-0.362175,-0.370567,0.001588,1.379759,0.337691,0.380601,0.000000,15.024778,-0.024485,0.010034,0.001588,1.000000,4.413349,0.038298,1.000000,0.190207,-0.168951,0.459920
14.243000,7.193000,15.000456,-0.006948,0.021012,0.000498,659.311748,664.971820,658.194180,666.807016,-1.093048,-0.346104,-0.348504,0.000498,1.378503,0.339156,0.369516,0.000000,15.000456,-0.006948,0.021012,0.000498,1.000000,4.395320,0.036072,1.000000,0.184665,-0.169679,0.459501
14.261000,7.211000,15.034943,-0.008082,-0.043080,0.000028,671.189120,654.874153,669.529632,656.612554,-1.057331,-0.348269,-0.401177,0.000028,1.377274,0.340186,0.358098,0.000000,15.034943,-0.008082,-0.043080,0.000028,1.000000,4.399641,0.039403,1.000000,0.178954,-0.170193,0.459091
14.284000,7.234000,15.045305,-0.023464,-0.048390,-0.000435,674.054552,652.734980,668.887547,657.384293,-1.045750,-0.364171,-0.394824,-0.000435,1.376055,0.340706,0.346434,0.000000,15.045305,-0.023464,-0.048390,-0.000435,1.000000,4.402961,0.039787,1.000000,0.173117,-0.170455,0.458685
14.305000,7.255000,15.062791,-0.126456,-0.079249,-0.000269,689.977171,636.557128,663.775726,663.438680,-1.027065,-0.466738,-0.413358,-0.000269,1.374856,0.340282,0.334109,0.000000,15.062791,-0.126456,-0.079249,-0.000269,1.000000,4.670850,0.049420,1.000000,0.166943,-0.170250,0.458285
14.325000,7.275000,15.058956,-0.059285,0.021141,0.000302,666.148223,660.862590,653.851391,673.468226,-1.029708,-0.399019,-0.300963,0.000302,1.373663,0.339735,0.322104,0.000000,15.058956,-0.059285,0.021141,0.000302,1.000000,4.367782,0.035582,1.000000,0.160931,-0.169982,0.457888
14.342000,7.292000,15.064312,-0.075357,0.001468,0.001416,670.862652,655.486877,656.035898,672.382071,-1.023174,-0.414064,-0.308381,0.001416,1.372486,0.338708,0.309849,0.000000,15.064312,-0.075357,0.001468,0.001416,1.000000,4.368340,0.037124,1.000000,0.154796,-0.169471,0.457495
14.362000,7.312000,15.048822,-0.013375,-0.001832,0.002055,664.392873,660.887933,663.023884,665.279689,-1.037486,-0.350574,-0.299175,0.002055,1.371308,0.337199,0.297343,0.000000,15.048822,-0.013375,-0.001832,0.002055,1.000000,4.379998,0.032005,1.000000,0.148535,-0.168720,0.457103
14.383000,7.333000,15.033140,-0.050182,0.035649,0.002524,661.389189,662.857911,652.535387,675.229824,-1.051989,-0.385383,-0.249022,0.002524,1.370129,0.335201,0.284671,0.000000,15.033140,-0.050182,0.035649,0.002524,1.000000,4.353293,0.032121,1.000000,0.142190,-0.167724,0.456710
14.406000,7.356000,15.054650,-0.031552,0.006632,0.002215,664.937045,660.480486,659.856079,668.793311,-1.029322,-0.364286,-0.265121,0.002215,1.368972,0.332734,0.271753,0.000000,15.054650,-0.031552,0.006632,0.002215,1.000000,4.364136,0.030895,1.000000,0.135722,-0.166493,0.456324
14.421000,7.371000,15.069412,-0.068842,0.039110,0.001136,664.048541,662.820028,650.262745,677.985684,-1.013422,-0.398596,-0.219537,0.001136,1.367834,0.329754,0.258647,0.000000,15.069412,-0.068842,0.039110,0.001136,1.000000,4.352463,0.030978,1.000000,0.129161,-0.165005,0.455945
14.442000,7.392000,15.065271,-0.079155,0.046580,-0.000048,664.187434,663.368806,647.343903,679.746585,-1.016434,-0.405523,-0.198858,-0.000048,1.366705,0.326368,0.245438,0.000000,15.065271,-0.079155,0.046580,-0.000048,1.000000,4.296777,0.030731,1.000000,0.122548,-0.163313,0.455568
14.461000,7.411000,15.024795,-0.040865,0.068005,-0.000392,655.720141,670.225187,646.702086,678.368279,-1.055765,-0.363409,-0.164116,-0.000392,1.365559,0.322544,0.232121,0.000000,15.024795,-0.040865,0.068005,-0.000392,1.000000,4.246265,0.027046,1.000000,0.115881,-0.161401,0.455186
14.482000,7.432000,15.034576,-0.077574,0.038238,-0.000465,664.903965,661.601813,648.120103,677.383270,-1.044851,-0.395862,-0.180384,-0.000465,1.364426,0.318288,0.218622,0.000000,15.034576,-0.077574,0.038238,-0.000465,1.000000,4.240419,0.029842,1.000000,0.109123,-0.159273,0.454809
14.501000,7.451000,15.068845,-0.113461,0.033399,-0.000266,670.144195,657.670949,645.945329,681.073470,-1.009481,-0.427050,-0.171526,-0.000266,1.363326,0.313589,0.204925,0.000000,15.068845,-0.113461,0.033399,-0.000266,1.000000,4.246319,0.031370,1.000000,0.102265,-0.156924,0.454442
14.523000,7.473000,15.027741,-0.061175,0.049555,0.001078,660.569395,664.498888,648.316180,678.010239,-1.049467,-0.369697,-0.141636,0.001078,1.362208,0.308522,0.191191,0.000000,15.027741,-0.061175,0.049555,0.001078,1.000000,4.168144,0.026688,1.000000,0.095383,-0.154392,0.454069
14.541000,7.491000,15.045279,-0.135424,-0.008260,0.002229,677.994174,646.635793,651.173772,676.855077,-1.030838,-0.438464,-0.185474,0.002229,1.361117,0.303040,0.177214,0.000000,15.045279,-0.135424,-0.008260,0.002229,1.000000,4.218395,0.033292,1.000000,0.088380,-0.151652,0.453706
14.567000,7.517000,15.053211,-0.091710,0.038075,0.003056,665.592380,659.134873,648.311048,680.531235,-1.021831,-0.388913,-0.125094,0.003056,1.360043,0.297202,0.163169,0.000000,15.053211,-0.091710,0.038075,0.003056,1.000000,4.155947,0.027132,1.000000,0.081342,-0.148734,0.453348
14.587000,7.537000,15.006542,-0.031109,0.073786,0.003471,651.907036,670.339236,647.719974,679.385063,-1.067408,-0.322150,-0.075299,0.003471,1.358951,0.291041,0.149084,0.000000,15.006542,-0.031109,0.073786,0.003471,1.000000,4.080461,0.022340,1.000000,0.074286,-0.145652,0.452984
14.600000,7.550000,15.036051,-0.106194,0.061342,0.004678,662.224673,660.564818,642.889558,686.075959,-1.036841,-0.390724,-0.073498,0.004678,1.357893,0.284529,0.134840,0.000000,15.036051,-0.106194,0.061342,0.004678,1.000000,4.098732,0.026559,1.000000,0.067153,-0.142391,0.452631
14.625000,7.575000,14.988569,-0.013146,0.090232,0.003978,646.545018,674.367460,646.569911,680.070314,-1.083246,-0.290877,-0.030342,0.003978,1.356815,0.277732,0.120574,0.000000,14.988569,-0.013146,0.090232,0.003978,1.000000,4.019900,0.020289,1.000000,0.060012,-0.138985,0.452272
14.641000,7.591000,15.017938,-0.146165,0.065478,0.004839,665.261326,656.580383,637.460129,690.470797,-1.052830,-0.416703,-0.040607,0.004839,1.355769,0.270537,0.106085,0.000000,15.017938,-0.146165,0.065478,0.004839,1.000000,4.094943,0.028616,1.000000,0.052761,-0.135379,0.451923
14.664000,7.614000,14.974502,-0.088879,0.061101,0.003697,659.423603,661.365040,643.053261,682.593540,-1.095200,-0.351570,-0.030075,0.003697,1.354702,0.262691,0.091176,0.000000,14.974502,-0.088879,0.061101,0.003697,1.000000,4.228102,0.024447,1.000000,0.045300,-0.131445,0.451567
14.681000,7.631000,14.971397,-0.089592,0.066475,0.003353,658.634285,662.267662,641.839791,683.356087,-1.097245,-0.344649,-0.010192,0.003353,1.353642,0.255056,0.076667,0.000000,14.971397,-0.089592,0.066475,0.003353,1.000000,3.976455,0.023929,1.000000,0.038042,-0.127615,0.451214
14.704000,7.654000,14.991497,-0.151293,0.085109,0.002078,662.856952,659.876138,631.799224,692.601369,-1.076107,-0.398035,0.023461,0.002078,1.352605,0.246742,0.061648,0.000000,14.991497,-0.151293,0.085109,0.002078,1.000000,4.192914,0.027479,1.000000,0.030533,-0.123443,0.450868
14.727000,7.677000,14.973779,-0.165284,0.042511,0.001484,671.317841,650.915080,637.189771,686.470110,-1.092785,-0.403907,-0.004465,0.001484,1.351564,0.238623,0.046976,0.000000,14.973779,-0.165284,0.042511,0.001484,1.000000,3.983915,0.028258,1.000000,0.023200,-0.119368,0.450521
14.741000,7.691000,14.965596,-0.162950,0.030574,0.000632,673.189764,649.250417,639.050989,683.780741,-1.099933,-0.393227,-0.001639,0.000632,1.350528,0.230277,0.032213,0.000000,14.965596,-0.162950,0.030574,0.000632,1.000000,3.991335,0.027562,1.000000,0.015824,-0.115178,0.450176
14.762000,7.712000,14.954699,-0.143282,0.037532,0.000048,669.949828,652.540903,639.507787,682.470147,-1.109797,-0.365030,0.020121,0.000048,1.349495,0.221748,0.017411,0.000000,14.954699,-0.143282,0.037532,0.000048,1.000000,3.972318,0.025682,1.000000,0.008431,-0.110895,0.449832
14.781000,7.731000,14.947743,-0.014992,0.127192,-0.000043,640.808545,680.946481,637.511256,683.973790,-1.115723,-0.228147,0.124439,-0.000043,1.348466,0.213155,0.002754,0.000000,14.947743,-0.014992,0.127192,-0.000043,1.000000,3.846062,0.019202,1.000000,0.001114,-0.106581,0.449489
14.803000,7.753000,14.906551,-0.025355,0.153290,-0.000235,636.469008,683.381055,630.723746,688.353807,-1.155863,-0.229820,0.165136,-0.000235,1.347414,0.204465,-0.011847,0.000000,14.906551,-0.025355,0.153290,-0.000235,1.000000,3.810977,0.021369,1.000000,-0.006174,-0.102218,0.449138
14.821000,7.771000,14.930554,-0.126415,0.079817,0.001304,660.062285,660.547909,633.785111,687.651358,-1.130830,-0.321969,0.106438,0.001304,1.346384,0.195554,-0.026621,0.000000,14.930554,-0.126415,0.079817,0.001304,1.000000,3.910789,0.024287,1.000000,-0.013548,-0.097744,0.448795
14.842000,7.792000,14.907322,-0.096941,0.079952,0.002834,655.864074,662.569364,637.015204,684.756770,-1.153017,-0.283537,0.121255,0.002834,1.345339,0.186596,-0.041303,0.000000,14.907322,-0.096941,0.079952,0.002834,1.000000,3.864785,0.022805,1.000000,-0.020878,-0.093247,0.448446
14.867000,7.817000,14.920249,-0.215153,0.060347,0.004642,671.244406,646.204397,628.453633,694.438727,-1.139059,-0.392671,0.116387,0.004642,1.344308,0.177518,-0.056040,0.000000,14.920249,-0.215153,0.060347,0.004642,1.000000,3.924524,0.029750,1.000000,-0.028237,-0.088690,0.448103
14.883000,7.833000,14.915587,-0.177616,0.141994,0.005002,653.200552,663.968751,617.936060,703.869596,-1.142691,-0.346107,0.212578,0.005002,1.343278,0.168491,-0.070584,0.000000,14.915587,-0.177616,0.141994,0.005002,1.000000,3.840950,0.029558,1.000000,-0.035498,-0.084159,0.447759
14.902000,7.852000,14.898869,-0.203555,0.066123,0.004342,668.706353,648.091400,628.096735,693.650520,-1.158371,-0.362916,0.151329,0.004342,1.342240,0.159361,-0.085206,0.000000,14.898869,-0.203555,0.066123,0.004342,1.000000,3.890113,0.028881,1.000000,-0.042798,-0.079576,0.447413
14.922000,7.872000,14.894986,-0.180123,0.057140,0.003167,668.100120,649.423888,631.767549,689.313849,-1.161218,-0.330333,0.156946,0.003167,1.341203,0.150210,-0.099805,0.000000,14.894986,-0.180123,0.057140,0.003167,1.000000,3.875362,0.026860,1.000000,-0.050084,-0.074984,0.447068
14.944000,7.894000,14.867837,-0.005793,0.085171,0.001377,644.835016,672.647360,644.574798,674.888026,-1.187312,-0.146647,0.199866,0.001377,1.340149,0.140854,-0.114696,0.000000,14.867837,-0.005793,0.085171,0.001377,1.000000,4.064160,0.020242,1.000000,-0.057514,-0.070292,0.446716
14.967000,7.917000,14.891139,-0.155024,0.099977,-0.000761,659.497397,660.890392,625.342552,692.225927,-1.162971,-0.286836,0.229042,-0.000761,1.339110,0.131812,-0.129065,0.000000,14.891139,-0.155024,0.099977,-0.000761,1.000000,3.831646,0.026999,1.000000,-0.064681,-0.065760,0.446370
14.981000,7.931000,14.876349,-0.081012,0.166195,-0.001534,640.046758,679.662955,621.025265,694.938055,-1.176711,-0.203907,0.309436,-0.001534,1.338060,0.122895,-0.143240,0.000000,14.876349,-0.081012,0.166195,-0.001534,1.000000,3.789207,0.027580,1.000000,-0.071752,-0.061293,0.446020
15.004000,7.954000,14.842567,-0.029027,0.106809,-0.001463,644.018083,674.386863,636.644432,679.255521,-1.209416,-0.142911,0.264489,-0.001463,1.336983,0.113884,-0.157681,0.000000,14.842567,-0.029027,0.106809,-0.001463,1.000000,4.039959,0.023665,1.000000,-0.078956,-0.056782,0.445661
15.021000,7.971000,14.878967,-0.224886,0.074297,-0.002134,671.360134,649.319365,621.375655,694.313561,-1.171961,-0.329977,0.246034,-0.002134,1.335928,0.105091,-0.171737,0.000000,14.878967,-0.224886,0.074297,-0.002134,1.000000,3.842331,0.030677,1.000000,-0.085967,-0.052384,0.445309
15.043000,7.993000,14.841942,-0.205719,0.083920,-0.001416,666.689188,651.920495,621.178381,693.433954,-1.207899,-0.302192,0.269508,-0.001416,1.334842,0.096474,-0.185589,0.000000,14.841942,-0.205719,0.083920,-0.001416,1.000000,3.819663,0.030986,1.000000,-0.092878,-0.048076,0.444947
15.062000,8.012000,14.870736,-0.147376,0.031107,-0.000042,669.652474,649.141634,638.238223,679.991874,-1.178032,-0.235369,0.230417,-0.000042,1.333768,0.087993,-0.199310,0.000000,14.870736,-0.147376,0.031107,-0.000042,1.000000,3.794399,0.024727,1.000000,-0.099724,-0.043840,0.444589
15.081000,8.031000,14.866791,-0.232538,0.083799,0.000308,669.449535,648.910094,619.420900,697.255762,-1.180893,-0.312231,0.296662,0.000308,1.332685,0.079693,-0.212863,0.000000,14.866791,-0.232538,0.083799,0.000308,1.000000,3.817929,0.032495,1.000000,-0.106487,-0.039698,0.444228
15.102000,8.052000,14.837318,-0.133703,0.073993,0.000249,660.129214,657.123001,631.476245,685.057386,-1.209261,-0.205151,0.300532,0.000249,1.331579,0.071447,-0.226539,0.000000,14.837318,-0.133703,0.073993,0.000249,1.000000,3.933157,0.027864,1.000000,-0.113316,-0.035575,0.443860
15.125000,8.075000,14.843016,-0.069160,0.097530,-0.001492,649.970680,668.692102,633.888408,681.827050,-1.202454,-0.132606,0.337440,-0.001492,1.330470,0.063446,-0.239910,0.000000,14.843016,-0.069160,0.097530,-0.001492,1.000000,3.868589,0.027604,1.000000,-0.119990,-0.031591,0.443490
15.142000,8.092000,14.866087,-0.156312,0.167579,-0.002936,648.217273,672.445130,611.493144,701.940514,-1.178280,-0.212031,0.420566,-0.002936,1.329367,0.055719,-0.252987,0.000000,14.866087,-0.156312,0.167579,-0.002936,1.000000,3.876515,0.036068,1.000000,-0.126518,-0.027749,0.443122
15.161000,8.111000,14.868185,-0.180873,0.036344,-0.003225,673.293501,647.648706,632.418351,683.031408,-1.175073,-0.229009,0.302390,-0.003225,1.328258,0.048136,-0.266046,0.000000,14.868185,-0.180873,0.036344,-0.003225,1.000000,3.864542,0.028197,1.000000,-0.133038,-0.023983,0.442753
15.182000,8.132000,14.876203,-0.224892,-0.015918,-0.003639,686.758534,634.040751,636.884823,678.917202,-1.165944,-0.265636,0.263091,-0.003639,1.327147,0.040744,-0.279009,0.000000,14.876203,-0.224892,-0.015918,-0.003639,1.000000,3.852345,0.027574,1.000000,-0.139512,-0.020320,0.442382
15.204000,8.154000,14.879354,-0.225449,-0.058514,-0.003320,693.715713,626.320479,644.489714,672.070399,-1.161678,-0.259039,0.233292,-0.003320,1.326033,0.033590,-0.291805,0.000000,14.879354,-0.225449,-0.058514,-0.003320,1.000000,3.826323,0.025649,1.000000,-0.145904,-0.016783,0.442011
15.222000,8.172000,14.882195,-0.213580,-0.060168,-0.002120,692.449796,626.919765,646.553964,671.080888,-1.157719,-0.240281,0.244247,-0.002120,1.324913,0.026701,-0.304414,0.000000,14.882195,-0.213580,-0.060168,-0.002120,1.000000,3.788733,0.025143,1.000000,-0.152204,-0.013382,0.441638
15.242000,8.192000,14.892764,-0.156594,0.026226,-0.000730,672.145780,648.072954,638.347245,680.343564,-1.146030,-0.176732,0.342961,-0.000730,1.323794,0.020137,-0.316735,0.000000,14.892764,-0.156594,0.026226,-0.000730,1.000000,3.737383,0.028020,1.000000,-0.158363,-0.010143,0.441265
15.262000,8.212000,14.886354,-0.096165,0.131830,-0.000131,647.411944,672.069226,626.288020,691.612055,-1.151310,-0.110111,0.460542,-0.000131,1.322664,0.013946,-0.328712,0.000000,14.886354,-0.096165,0.131830,-0.000131,1.000000,3.692825,0.035677,1.000000,-0.164351,-0.007082,0.440888
15.282000,8.232000,14.864825,-0.098230,0.133056,0.000578,646.680266,671.322351,625.597916,691.825849,-1.171684,-0.106323,0.473488,0.000578,1.321510,0.008093,-0.340432,0.000000,14.864825,-0.098230,0.133056,0.000578,1.000000,3.659647,0.037278,1.000000,-0.170213,-0.004185,0.440503
15.305000,8.255000,14.883010,-0.073332,0.020234,0.000615,663.794319,655.189624,648.667568,671.063458,-1.152347,-0.075850,0.372298,0.000615,1.320357,0.002518,-0.352064,0.000000,14.883010,-0.073332,0.020234,0.000615,1.000000,3.631214,0.027715,1.000000,-0.176031,-0.001432,0.440119
15.323000,8.273000,14.915554,-0.192065,-0.024684,0.000807,684.196608,635.207156,644.499866,676.613506,-1.118662,-0.189256,0.338909,0.000807,1.319216,-0.002809,-0.363593,0.000000,14.915554,-0.192065,-0.024684,0.000807,1.000000,3.561644,0.027582,1.000000,-0.181798,0.001195,0.439739
15.344000,8.294000,14.923742,-0.200077,0.019484,-0.000034,678.184911,642.632935,635.749558,684.592954,-1.109331,-0.192295,0.394234,-0.000034,1.318073,-0.007782,-0.374750,0.000000,14.923742,-0.200077,0.019484,-0.000034,1.000000,3.530454,0.031546,1.000000,-0.187380,0.003635,0.439358
15.362000,8.312000,14.899232,-0.116617,0.033939,-0.000315,666.688800,653.665007,641.639517,677.817516,-1.132675,-0.104246,0.419577,-0.000315,1.316908,-0.012372,-0.385638,0.000000,14.899232,-0.116617,0.033939,-0.000315,1.000000,3.494729,0.031521,1.000000,-0.192828,0.005884,0.438969
15.387000,8.337000,14.941022,-0.231675,-0.082293,-0.001106,698.737129,621.879098,650.138842,670.917653,-1.089736,-0.215225,0.314196,-0.001106,1.315758,-0.016451,-0.396488,0.000000,14.941022,-0.231675,-0.082293,-0.001106,1.000000,3.486845,0.026379,1.000000,-0.198259,0.007855,0.438586
15.402000,8.352000,14.950410,-0.221260,-0.035335,-0.001178,690.309607,631.711170,643.279467,677.850716,-1.079204,-0.200864,0.371689,-0.001178,1.314614,-0.020396,-0.407024,0.000000,14.950410,-0.221260,-0.035335,-0.001178,1.000000,3.343230,0.029497,1.000000,-0.203532,0.009796,0.438205
15.424000,8.374000,14.922182,-0.220611,-0.006774,-0.000809,684.846914,636.050469,637.824241,682.040359,-1.106264,-0.196608,0.410442,-0.000809,1.313445,-0.024003,-0.417217,0.000000,14.922182,-0.220611,-0.006774,-0.000809,1.000000,3.290326,0.032950,1.000000,-0.208634,0.011549,0.437815
15.441000,8.391000,14.964080,-0.182672,-0.031906,-0.000401,685.872790,636.558860,647.434449,675.037402,-1.063220,-0.155401,0.395332,-0.000401,1.312300,-0.027271,-0.427238,0.000000,14.964080,-0.182672,-0.031906,-0.000401,1.000000,3.200805,0.029348,1.000000,-0.213650,0.013139,0.437433
15.465000,8.415000,14.961180,-0.072920,0.048785,-0.000865,661.147324,662.416310,644.983080,676.920977,-1.064971,-0.042759,0.485682,-0.000865,1.311152,-0.030161,-0.436897,0.000000,14.961180,-0.072920,0.048785,-0.000865,1.000000,3.131941,0.035113,1.000000,-0.218485,0.014547,0.437051
15.484000,8.434000,14.974483,-0.079246,0.026135,-0.001658,666.220077,658.492984,648.258050,673.789082,-1.050527,-0.046888,0.472699,-0.001658,1.310009,-0.032358,-0.446564,0.000000,14.974483,-0.079246,0.026135,-0.001658,1.000000,3.230906,0.033601,1.000000,-0.223322,0.015609,0.436670
15.501000,8.451000,14.949457,-0.109294,-0.005054,-0.000659,673.687087,648.976487,650.232160,671.519365,-1.074391,-0.074751,0.450652,-0.000659,1.308848,-0.034544,-0.455706,0.000000,14.949457,-0.109294,-0.005054,-0.000659,1.000000,2.975289,0.032411,1.000000,-0.227898,0.016667,0.436283
15.522000,8.472000,14.991329,-0.175468,-0.025628,0.000334,684.442748,638.783440,647.997120,676.207509,-1.031382,-0.139090,0.438981,0.000334,1.307710,-0.036379,-0.464609,0.000000,14.991329,-0.175468,-0.025628,0.000334,1.000000,2.897225,0.031842,1.000000,-0.232354,0.017548,0.435903
15.544000,8.494000,15.005730,-0.124057,-0.030415,0.000173,680.349043,643.917957,654.586278,670.342663,-1.015853,-0.086563,0.443032,0.000173,1.306582,-0.037493,-0.473447,0.000000,15.005730,-0.124057,-0.030415,0.000173,1.000000,2.965836,0.030697,1.000000,-0.236776,0.018067,0.435527
15.562000,8.512000,15.003853,-0.220212,-0.054735,0.000348,693.974359,628.986817,648.529110,676.249379,-1.016604,-0.181535,0.427036,0.000348,1.305457,-0.038677,-0.481771,0.000000,15.003853,-0.220212,-0.054735,0.000348,1.000000,2.723789,0.031866,1.000000,-0.240942,0.018619,0.435152
15.581000,8.531000,15.012626,-0.119882,-0.053967,-0.000324,684.122980,640.600632,659.039906,665.903402,-1.006716,-0.080789,0.436060,-0.000324,1.304342,-0.039092,-0.490027,0.000000,15.012626,-0.119882,-0.053967,-0.000324,1.000000,2.782947,0.029802,1.000000,-0.245073,0.018787,0.434781
15.602000,8.552000,15.011006,-0.108201,-0.055618,-0.000763,683.319424,641.717395,660.363971,664.196962,-1.007225,-0.068584,0.442176,-0.000763,1.303231,-0.039617,-0.497795,0.000000,15.011006,-0.108201,-0.055618,-0.000763,1.000000,2.552834,0.030167,1.000000,-0.248959,0.019012,0.434410
15.622000,8.572000,14.984799,-0.170586,-0.061024,-0.001312,690.157574,633.570105,653.901985,669.016281,-1.032308,-0.130767,0.444229,-0.001312,1.302106,-0.039819,-0.505253,0.000000,14.984799,-0.170586,-0.061024,-0.001312,1.000000,2.461556,0.032101,1.000000,-0.252691,0.019077,0.434035
15.641000,8.591000,15.022366,-0.141908,-0.087496,-0.001791,692.531691,633.082089,662.127452,662.184147,-0.993646,-0.102207,0.424978,-0.001791,1.301012,-0.039701,-0.512474,0.000000,15.022366,-0.141908,-0.087496,-0.001791,1.000000,2.367702,0.028979,1.000000,-0.256303,0.018985,0.433671
15.662000,8.612000,15.032752,-0.148608,-0.112196,-0.001922,697.462466,628.230584,665.792356,658.863887,-0.982178,-0.109355,0.407259,-0.001922,1.299930,-0.039253,-0.519455,0.000000,15.032752,-0.148608,-0.112196,-0.001922,1.000000,2.273295,0.027429,1.000000,-0.259794,0.018734,0.433310
15.685000,8.635000,15.018258,-0.116171,-0.135233,-0.002049,697.677801,627.415242,672.678055,651.086221,-0.995588,-0.077698,0.390976,-0.002049,1.298846,-0.038473,-0.526209,0.000000,15.018258,-0.116171,-0.135233,-0.002049,1.000000,2.186416,0.025802,1.000000,-0.263170,0.018319,0.432949
15.701000,8.651000,15.027653,-0.094626,-0.036853,-0.001672,679.501375,647.196587,658.646270,665.966790,-0.985126,-0.057265,0.495736,-0.001672,1.297779,-0.037361,-0.532590,0.000000,15.027653,-0.094626,-0.036853,-0.001672,1.000000,2.121493,0.034608,1.000000,-0.266358,0.017748,0.432593
15.722000,8.672000,14.995045,-0.067620,-0.028797,-0.001198,674.518639,650.569738,659.567909,663.966496,-1.016654,-0.031581,0.509824,-0.001198,1.296699,-0.036040,-0.538621,0.000000,14.995045,-0.067620,-0.028797,-0.001198,1.000000,2.028051,0.036428,1.000000,-0.269371,0.017087,0.432233
15.741000,8.691000,15.002019,-0.066505,-0.043891,-0.000539,676.840845,647.972426,662.639134,661.695647,-1.008613,-0.032089,0.500516,-0.000539,1.295632,-0.034416,-0.544407,0.000000,15.002019,-0.066505,-0.043891,-0.000539,1.000000,1.938444,0.035328,1.000000,-0.272260,0.016282,0.431877
15.762000,8.712000,15.024067,-0.070472,-0.048197,0.000657,678.029854,646.823963,663.857367,662.329490,-0.985521,-0.038492,0.501811,0.000657,1.294588,-0.031980,-0.550008,0.000000,15.024067,-0.070472,-0.048197,0.000657,1.000000,1.947716,0.035042,1.000000,-0.275056,0.015072,0.431529
15.788000,8.738000,15.003909,-0.079467,-0.017491,0.001368,673.164310,650.449034,657.485198,668.291643,-1.004630,-0.050127,0.537748,0.001368,1.293539,-0.029340,-0.555239,0.000000,15.003909,-0.079467,-0.017491,0.001368,1.000000,1.870464,0.039262,1.000000,-0.277666,0.013762,0.431180
15.803000,8.753000,14.999216,-0.133365,-0.095030,0.001302,691.369957,630.897250,664.873118,660.685748,-1.008282,-0.106364,0.465098,0.001302,1.292498,-0.027001,-0.560129,0.000000,14.999216,-0.133365,-0.095030,0.001302,1.000000,1.694932,0.032929,1.000000,-0.280106,0.012599,0.430833
15.823000,8.773000,14.998648,-0.163533,-0.061835,0.001005,689.091639,633.587099,655.921610,669.332673,-1.007818,-0.139561,0.502855,0.001005,1.291466,-0.023972,-0.564690,0.000000,14.998648,-0.163533,-0.061835,0.001005,1.000000,1.715162,0.037391,1.000000,-0.282382,0.011085,0.430489
15.844000,8.794000,15.029868,-0.168345,-0.173434,0.000546,708.341931,613.844198,674.809689,651.344919,-0.975598,-0.147092,0.395536,0.000546,1.290466,-0.021253,-0.568969,0.000000,15.029868,-0.168345,-0.173434,0.000546,1.000000,1.561511,0.027326,1.000000,-0.284517,0.009719,0.430155
15.861000,8.811000,15.009383,-0.138676,-0.175898,0.000056,705.549070,616.468273,677.663429,647.081666,-0.995080,-0.120358,0.397069,0.000056,1.289464,-0.018318,-0.572967,0.000000,15.009383,-0.138676,-0.175898,0.000056,1.000000,1.506947,0.027117,1.000000,-0.286511,0.008246,0.429821
15.883000,8.833000,15.010052,-0.098305,-0.115653,-0.001046,692.211022,632.289753,671.420069,652.764779,-0.993425,-0.083012,0.460917,-0.001046,1.288476,-0.015293,-0.576571,0.000000,15.010052,-0.098305,-0.115653,-0.001046,1.000000,1.477348,0.031803,1.000000,-0.288308,0.006727,0.429492
15.906000,8.856000,15.006160,-0.067293,-0.071280,-0.001139,681.751097,643.447565,667.071734,656.965737,-0.996338,-0.055676,0.508538,-0.001139,1.287498,-0.011616,-0.579818,0.000000,15.006160,-0.067293,-0.071280,-0.001139,1.000000,1.516385,0.036098,1.000000,-0.289926,0.004896,0.429166
15.924000,8.874000,14.995672,-0.040535,-0.067282,-0.000408,677.873828,646.506594,669.211493,654.861352,-1.005854,-0.032727,0.515457,-0.000408,1.286526,-0.007808,-0.582740,0.000000,14.995672,-0.040535,-0.067282,-0.000408,1.000000,1.475600,0.036794,1.000000,-0.291380,0.003006,0.428842
15.949000,8.899000,14.978357,-0.043229,-0.103925,0.001033,683.341653,638.834834,675.184888,649.003223,-1.022197,-0.038788,0.481442,0.001033,1.285554,-0.004442,-0.585367,0.000000,14.978357,-0.043229,-0.103925,0.001033,1.000000,1.346804,0.033778,1.000000,-0.292689,0.001342,0.428518
15.966000,8.916000,14.941737,-0.013258,-0.232778,0.002105,700.142968,617.801675,698.900321,622.511943,-1.057834,-0.011680,0.354904,0.002105,1.284571,-0.001579,-0.587682,0.000000,14.941737,-0.013258,-0.232778,0.002105,1.000000,1.157241,0.023800,1.000000,-0.293842,-0.000053,0.428190
15.981000,8.931000,14.958409,0.007448,-0.092649,0.001753,675.606375,645.563944,678.340923,645.344032,-1.040192,0.005401,0.497097,0.001753,1.283601,0.002048,-0.589746,0.000000,14.958409,0.007448,-0.092649,0.001753,1.000000,1.267006,0.035534,1.000000,-0.294869,-0.001855,0.427867
16.002000,8.952000,14.959182,-0.025669,-0.185884,0.001537,694.372382,625.539682,690.239641,632.470446,-1.038455,-0.031452,0.405626,0.001537,1.282637,0.005784,-0.591510,0.000000,14.959182,-0.025669,-0.185884,0.001537,1.000000,1.221351,0.027336,1.000000,-0.295746,-0.003699,0.427546
16.022000,8.972000,14.954135,-0.105445,-0.091331,0.000635,687.214133,633.856270,665.946088,657.108043,-1.042541,-0.114867,0.501556,0.000635,1.281676,0.009422,-0.592887,0.000000,14.954135,-0.105445,-0.091331,0.000635,1.000000,1.198284,0.037344,1.000000,-0.296430,-0.005493,0.427225
16.043000,8.993000,14.942264,-0.132298,-0.073407,0.000128,686.919880,634.017613,659.643621,662.537971,-1.053450,-0.145355,0.520495,0.000128,1.280714,0.013057,-0.593901,0.000000,14.942264,-0.132298,-0.073407,0.000128,1.000000,1.203535,0.040302,1.000000,-0.296933,-0.007281,0.426905
16.061000,9.011000,14.927914,-0.077851,-0.109874,-0.000272,687.201711,633.357208,671.051797,650.036032,-1.066833,-0.094613,0.484787,-0.000272,1.279747,0.016762,-0.594661,0.000000,14.927914,-0.077851,-0.109874,-0.000272,1.000000,1.182116,0.035778,1.000000,-0.297309,-0.009104,0.426582
16.085000,9.035000,14.918376,0.025654,-0.113931,-0.002551,677.881560,644.614303,681.395998,637.006784,-1.075401,0.005388,0.481107,-0.002551,1.278778,0.020265,-0.595037,0.000000,14.918376,0.025654,-0.113931,-0.002551,1.000000,1.161465,0.034715,1.000000,-0.297494,-0.010822,0.426259
16.105000,9.055000,14.926965,-0.055713,-0.118542,-0.002989,687.274886,635.321995,673.835600,645.057080,-1.065850,-0.079569,0.476603,-0.002989,1.277815,0.023856,-0.595146,0.000000,14.926965,-0.055713,-0.118542,-0.002989,1.000000,1.210159,0.034709,1.000000,-0.297545,-0.012610,0.425938
16.122000,9.072000,14.909558,0.011195,-0.136487,-0.002912,683.023471,639.035518,683.326792,634.251237,-1.082284,-0.016237,0.458470,-0.002912,1.276841,0.027432,-0.594957,0.000000,14.909558,0.011195,-0.136487,-0.002912,1.000000,1.232677,0.032760,1.000000,-0.297447,-0.014378,0.425614
16.143000,9.093000,14.908983,-0.060099,-0.120568,-0.002016,687.339441,633.675749,673.665437,645.154818,-1.081886,-0.090900,0.473846,-0.002016,1.275868,0.030801,-0.594413,0.000000,14.908983,-0.060099,-0.120568,-0.002016,1.000000,1.257124,0.034984,1.000000,-0.297173,-0.016043,0.425289
16.162000,9.112000,14.877332,-0.049295,-0.119687,-0.001405,685.217814,634.042320,674.158595,643.665270,-1.112539,-0.083314,0.473850,-0.001405,1.274871,0.034019,-0.593537,0.000000,14.877332,-0.049295,-0.119687,-0.001405,1.000000,1.305740,0.035525,1.000000,-0.296733,-0.017628,0.424957
16.182000,9.132000,14.908578,-0.034127,-0.120427,-0.000733,684.236465,636.023859,676.752585,642.870931,-1.080315,-0.071264,0.471926,-0.000733,1.273893,0.037137,-0.592353,0.000000,14.908578,-0.034127,-0.120427,-0.000733,1.000000,1.334988,0.034450,1.000000,-0.296139,-0.019161,0.424631
16.203000,9.153000,14.910471,-0.087621,-0.059767,-0.000212,679.556222,640.712172,661.207728,659.317813,-1.077442,-0.127964,0.530837,-0.000212,1.272912,0.040343,-0.590604,0.000000,14.910471,-0.087621,-0.059767,-0.000212,1.000000,1.536355,0.041425,1.000000,-0.295263,-0.020737,0.424304
16.221000,9.171000,14.906098,0.063161,-0.156433,0.000318,679.831386,639.817064,692.861777,626.177920,-1.080830,0.019914,0.432372,0.000318,1.271927,0.043247,-0.588805,0.000000,14.906098,0.063161,-0.156433,0.000318,1.000000,1.422675,0.030416,1.000000,-0.294363,-0.022161,0.423976
16.240000,9.190000,14.922885,0.039725,-0.138360,0.000061,679.690511,640.929071,687.822302,632.287782,-1.063068,-0.006244,0.448334,0.000061,1.270953,0.045969,-0.586694,0.000000,14.922885,0.039725,-0.138360,0.000061,1.000000,1.457202,0.031405,1.000000,-0.293307,-0.023493,0.423651
16.261000,9.211000,14.923628,0.063815,-0.152370,-0.002379,680.389675,642.074992,691.733769,626.144964,-1.061351,0.015350,0.431898,-0.002379,1.269979,0.048465,-0.584268,0.000000,14.923628,0.063815,-0.152370,-0.002379,1.000000,1.524975,0.029942,1.000000,-0.292094,-0.024717,0.423326
16.283000,9.233000,14.912598,0.069159,-0.146078,-0.002772,678.697752,643.660053,690.882807,626.262899,-1.071399,0.018368,0.435461,-0.002772,1.268997,0.050791,-0.581539,0.000000,14.912598,0.069159,-0.146078,-0.002772,1.000000,1.556839,0.030476,1.000000,-0.290728,-0.025860,0.422999
16.301000,9.251000,14.925088,-0.018216,-0.086264,-0.002318,677.862256,644.763262,672.511329,646.858464,-1.057934,-0.070987,0.492231,-0.002318,1.268021,0.052771,-0.578495,0.000000,14.925088,-0.018216,-0.086264,-0.002318,1.000000,1.621663,0.035926,1.000000,-0.289206,-0.026835,0.422674
16.323000,9.273000,14.899942,-0.039558,-0.119039,-0.002858,685.096778,636.329264,675.045474,642.661546,-1.082084,-0.094010,0.456105,-0.002858,1.267026,0.054452,-0.575144,0.000000,14.899942,-0.039558,-0.119039,-0.002858,1.000000,1.696029,0.033397,1.000000,-0.287530,-0.027662,0.422342
16.348000,9.298000,14.916393,-0.007725,-0.108960,-0.002832,680.533640,641.936958,677.012078,641.360043,-1.064646,-0.063649,0.462534,-0.002832,1.266039,0.055924,-0.571494,0.000000,14.916393,-0.007725,-0.108960,-0.002832,1.000000,1.750043,0.033134,1.000000,-0.285705,-0.028387,0.422013
16.367000,9.317000,14.960573,0.039571,-0.138650,-0.001250,681.011419,642.241941,688.213103,632.595274,-1.019502,-0.017321,0.428910,-0.001250,1.265076,0.056892,-0.567560,0.000000,14.960573,0.039571,-0.138650,-0.001250,1.000000,1.781779,0.028820,1.000000,-0.283739,-0.028855,0.421692
16.383000,9.333000,14.961005,-0.009586,-0.060478,-0.000795,672.932616,650.380680,670.395331,651.807141,-1.018111,-0.067312,0.502842,-0.000795,1.264115,0.057726,-0.563320,0.000000,14.961005,-0.009586,-0.060478,-0.000795,1.000000,1.916931,0.036104,1.000000,-0.281619,-0.029266,0.421372
16.402000,9.352000,14.965282,0.041935,-0.101607,-0.000266,674.384856,648.669513,682.808849,639.391176,-1.012880,-0.016331,0.457164,-0.000266,1.263162,0.058266,-0.558772,0.000000,14.965282,0.041935,-0.101607,-0.000266,1.000000,2.021930,0.031186,1.000000,-0.279345,-0.029523,0.421054
16.424000,9.374000,14.971638,0.056985,-0.093560,-0.000508,671.704689,651.910919,683.071709,639.216408,-1.005578,-0.001500,0.460392,-0.000508,1.262216,0.058485,-0.553952,0.000000,14.971638,0.056985,-0.093560,-0.000508,1.000000,2.085784,0.031308,1.000000,-0.276936,-0.029621,0.420739
16.445000,9.395000,14.951250,0.091834,-0.091653,-0.000508,667.314445,655.495097,685.867934,635.277462,-1.025009,0.033633,0.457235,-0.000508,1.261259,0.058201,-0.548888,0.000000,14.951250,0.091834,-0.091653,-0.000508,1.000000,2.085232,0.031526,1.000000,-0.274404,-0.029471,0.420420
16.465000,9.415000,14.993817,0.241737,-0.159376,-0.000616,664.050468,660.767956,712.544638,607.171208,-0.981512,0.183980,0.384500,-0.000616,1.260329,0.057757,-0.543875,0.000000,14.993817,0.241737,-0.159376,-0.000616,1.000000,1.902256,0.027803,1.000000,-0.271899,-0.029242,0.420110
16.483000,9.433000,15.009996,0.031458,-0.047626,-0.000498,667.477299,657.938429,673.665519,650.855264,-0.964417,-0.025607,0.490560,-0.000498,1.259413,0.057065,-0.538186,0.000000,15.009996,0.031458,-0.047626,-0.000498,1.000000,2.249533,0.033432,1.000000,-0.269055,-0.028892,0.419804
16.501000,9.451000,15.001182,0.089197,-0.058401,-0.001402,663.378628,662.347051,680.890905,642.205934,-0.972313,0.033166,0.473808,-0.001402,1.258496,0.056030,-0.532209,0.000000,15.001182,0.089197,-0.058401,-0.001402,1.000000,2.330202,0.032013,1.000000,-0.266066,-0.028380,0.419499
16.522000,9.472000,15.012563,0.004264,-0.028732,-0.004171,668.462952,659.770386,666.451713,655.629043,-0.960028,-0.050377,0.497217,-0.004171,1.257591,0.054642,-0.525949,0.000000,15.012563,0.004264,-0.028732,-0.004171,1.000000,2.379530,0.034195,1.000000,-0.262935,-0.027696,0.419197
16.542000,9.492000,15.026327,-0.044697,-0.052778,-0.005472,678.289470,651.257112,665.242625,656.503535,-0.945374,-0.097484,0.466680,-0.005472,1.256701,0.052788,-0.519458,0.000000,15.026327,-0.044697,-0.052778,-0.005472,1.000000,2.474344,0.031670,1.000000,-0.259689,-0.026785,0.418900
16.561000,9.511000,14.997947,-0.010675,-0.035142,-0.004178,670.776507,656.772853,665.649076,655.787220,-0.972850,-0.061204,0.477572,-0.004178,1.255797,0.050529,-0.512715,0.000000,14.997947,-0.010675,-0.035142,-0.004178,1.000000,2.569073,0.032648,1.000000,-0.256317,-0.025671,0.418599
16.581000,9.531000,15.012641,0.003776,-0.055456,-0.004846,673.229647,655.411383,670.664246,650.817466,-0.957266,-0.044157,0.450234,-0.004846,1.254908,0.047932,-0.505690,0.000000,15.012641,0.003776,-0.055456,-0.004846,1.000000,2.635618,0.029632,1.000000,-0.252805,-0.024385,0.418303
16.603000,9.553000,15.044484,0.093741,-0.034488,-0.002162,660.058996,668.109485,678.070426,646.570522,-0.924558,0.048715,0.463876,-0.002162,1.254042,0.045026,-0.498365,0.000000,15.044484,0.093741,-0.034488,-0.002162,1.000000,2.718500,0.030304,1.000000,-0.249144,-0.022936,0.418014
16.626000,9.576000,15.053204,0.038126,0.015527,-0.001358,657.307497,670.612475,664.388047,661.600622,-0.914984,-0.003381,0.505870,-0.001358,1.253187,0.041508,-0.490343,0.000000,15.053204,0.038126,0.015527,-0.001358,1.000000,3.066967,0.033964,1.000000,-0.245135,-0.021177,0.417729
16.642000,9.592000,15.058841,0.184686,-0.048631,0.000380,652.253277,674.518825,690.815344,635.550702,-0.908503,0.146840,0.433867,0.000380,1.252344,0.037846,-0.482498,0.000000,15.058841,0.184686,-0.048631,0.000380,1.000000,2.888523,0.029234,1.000000,-0.241216,-0.019342,0.417448
16.661000,9.611000,15.072526,0.118178,-0.070595,0.000990,663.139816,663.973946,688.177543,639.497636,-0.893992,0.084423,0.403871,0.000990,1.251518,0.033755,-0.474467,0.000000,15.072526,0.118178,-0.070595,0.000990,1.000000,2.939086,0.025016,1.000000,-0.237204,-0.017288,0.417173
16.681000,9.631000,15.046211,0.062821,-0.057884,0.000283,666.454987,660.002273,679.648600,646.835091,-0.919470,0.033583,0.408313,0.000283,1.250681,0.029237,-0.466196,0.000000,15.046211,0.062821,-0.057884,0.000283,1.000000,3.004695,0.025239,1.000000,-0.233072,-0.015023,0.416894
16.708000,9.658000,15.087943,0.124638,-0.051059,-0.000342,659.946121,668.795040,685.511265,642.046297,-0.876936,0.100282,0.406645,-0.000342,1.249879,0.024356,-0.457704,0.000000,15.087943,0.124638,-0.051059,-0.000342,1.000000,3.053206,0.025232,1.000000,-0.228830,-0.012580,0.416626
16.724000,9.674000,15.100584,0.043742,0.029362,-0.000653,655.146859,674.270805,663.923172,664.673616,-0.863508,0.024994,0.477857,-0.000653,1.249092,0.018748,-0.448496,0.000000,15.100584,0.043742,0.029362,-0.000653,1.000000,3.389975,0.030354,1.000000,-0.224230,-0.009782,0.416364
16.743000,9.693000,15.102694,0.147841,-0.008897,-0.001105,650.844506,678.839909,680.991644,646.930104,-0.860622,0.134749,0.430618,-0.001105,1.248316,0.013092,-0.439515,0.000000,15.102694,0.147841,-0.008897,-0.001105,1.000000,3.162721,0.027766,1.000000,-0.219744,-0.006967,0.416105
16.769000,9.719000,15.088754,0.122311,0.035915,-0.002094,645.851845,683.700707,670.258592,656.690086,-0.873787,0.115248,0.466189,-0.002094,1.247541,0.007064,-0.430274,0.000000,15.088754,0.122311,0.035915,-0.002094,1.000000,3.222276,0.030697,1.000000,-0.215129,-0.003966,0.415847
16.785000,9.735000,15.107574,0.069230,0.063159,-0.003112,647.619246,683.559440,660.154139,666.928399,-0.854215,0.068955,0.483517,-0.003112,1.246788,0.000275,-0.420358,0.000000,15.107574,0.069230,0.063159,-0.003112,1.000000,3.539056,0.031152,1.000000,-0.210178,-0.000588,0.415596
16.806000,9.756000,15.110550,0.115205,0.025987,-0.003617,649.378238,682.377403,671.133813,655.635338,-0.850502,0.122086,0.436349,-0.003617,1.246052,-0.006881,-0.410362,0.000000,15.110550,0.115205,0.025987,-0.003617,1.000000,3.451388,0.027765,1.000000,-0.205188,0.002964,0.415351
16.823000,9.773000,15.104738,0.125127,-0.011798,-0.003610,654.703539,677.013044,678.333213,647.927575,-0.855579,0.139068,0.388746,-0.003610,1.245317,-0.013942,-0.400544,0.000000,15.104738,0.125127,-0.011798,-0.003610,1.000000,3.305088,0.024368,1.000000,-0.200288,0.006496,0.415106
16.842000,9.792000,15.073347,0.127454,-0.019583,-0.003571,655.078612,675.263956,679.199184,645.628765,-0.886222,0.148823,0.370948,-0.003571,1.244570,-0.021369,-0.390531,0.000000,15.073347,0.127454,-0.019583,-0.003571,1.000000,3.336280,0.023830,1.000000,-0.195291,0.010205,0.414857
16.861000,9.811000,15.101609,0.076220,0.049884,-0.002765,648.913015,681.827819,663.136372,663.955093,-0.857240,0.105349,0.430120,-0.002765,1.243849,-0.029128,-0.380236,0.000000,15.101609,0.076220,0.049884,-0.002765,1.000000,3.420796,0.026960,1.000000,-0.190154,0.014082,0.414616
16.882000,9.832000,15.118099,0.151417,0.034638,-0.003439,644.081561,687.573794,673.662180,653.508158,-0.840049,0.188656,0.404368,-0.003439,1.243148,-0.037240,-0.369729,0.000000,15.118099,0.151417,0.034638,-0.003439,1.000000,3.450629,0.026968,1.000000,-0.184913,0.018133,0.414383
16.902000,9.852000,15.114358,0.131624,0.053288,-0.003337,642.841601,688.502265,668.436208,658.761846,-0.843098,0.177230,0.412389,-0.003337,1.242456,-0.045606,-0.359101,0.000000,15.114358,0.131624,0.053288,-0.003337,1.000000,3.440270,0.027257,1.000000,-0.179613,0.022308,0.414152
16.926000,9.876000,15.075539,0.079468,0.054065,-0.002528,647.165262,682.201096,662.275883,663.839752,-0.881217,0.134113,0.402029,-0.002528,1.241756,-0.054645,-0.347965,0.000000,15.075539,0.079468,0.054065,-0.002528,1.000000,3.612454,0.025727,1.000000,-0.174061,0.026815,0.413919
16.944000,9.894000,15.092785,0.149990,0.096852,-0.002972,632.524636,696.832661,662.648457,663.901389,-0.863286,0.213562,0.433793,-0.002972,1.241071,-0.063573,-0.336941,0.000000,15.092785,0.149990,0.096852,-0.002972,1.000000,3.513515,0.030832,1.000000,-0.168565,0.031284,0.413690
16.967000,9.917000,15.075441,0.133165,-0.005303,-0.001948,651.481587,677.659097,678.018462,648.184572,-0.879947,0.205329,0.321139,-0.001948,1.240388,-0.072164,-0.326443,0.000000,15.075441,0.133165,-0.005303,-0.001948,1.000000,3.126321,0.022273,1.000000,-0.163334,0.035570,0.413463
16.983000,9.933000,15.103835,0.142162,0.115116,-0.001699,629.921325,698.761483,659.407529,668.533484,-0.850895,0.223715,0.430248,-0.001699,1.239730,-0.081552,-0.315132,0.000000,15.103835,0.142162,0.115116,-0.001699,1.000000,3.521456,0.030757,1.000000,-0.157695,0.040274,0.413243
17.003000,9.953000,15.088480,0.137563,0.058014,-0.000833,639.871657,688.396564,668.563058,659.337138,-0.865596,0.228683,0.361748,-0.000833,1.239075,-0.091120,-0.303734,0.000000,15.088480,0.137563,0.058014,-0.000833,1.000000,3.485880,0.025808,1.000000,-0.152016,0.045060,0.413025
17.026000,9.976000,15.077083,0.130151,0.080739,-0.001052,636.493556,691.193526,663.624416,663.644873,-0.876344,0.231020,0.372945,-0.001052,1.238426,-0.100869,-0.292206,0.000000,15.077083,0.130151,0.080739,-0.001052,1.000000,3.491157,0.026926,1.000000,-0.146273,0.049939,0.412809
17.048000,9.998000,15.071327,0.107676,0.127896,-0.001399,630.585822,696.588853,652.939151,673.659440,-0.881459,0.218525,0.408364,-0.001399,1.237786,-0.110849,-0.280468,0.000000,15.071327,0.107676,0.127896,-0.001399,1.000000,3.560144,0.029221,1.000000,-0.140425,0.054938,0.412595
