t,t_rel,x,y,z,phi,theta,psi,vx,vy,vz,p,q,r,ref_x,ref_y,ref_z,ref_phi,ref_theta,ref_psi,ref_vx,ref_vy,ref_vz,ref_p,ref_q,ref_r,err_x,err_y,err_z,err_phi,err_theta,err_psi,err_vx,err_vy,err_vz,err_3d,err_vel_3d
7.510000,0.000000,-0.078529,-0.009700,1.047508,-0.020178,-0.000291,0.001793,0.027100,0.130878,0.035041,-0.004515,0.060590,0.000038,0.011500,0.000000,1.000000,0.000000,0.000000,0.000000,0.500000,0.000000,0.000000,0.000000,0.000000,0.000000,-0.090029,-0.009700,0.047508,-0.020178,-0.000291,0.001793,-0.472900,0.130878,0.035041,0.102256,0.491926
7.523000,0.013000,-0.078169,-0.009323,1.047559,-0.020236,-0.000522,0.001815,0.027321,0.130135,0.034506,-0.001948,0.052101,-0.000087,0.011500,0.000000,1.000000,0.000000,0.000000,0.000000,0.500000,0.000000,0.000000,0.000000,0.000000,0.000000,-0.089669,-0.009323,0.047559,-0.020236,-0.000522,0.001815,-0.472679,0.130135,0.034506,0.101928,0.491478
7.531000,0.021000,-0.077788,-0.008375,1.047785,-0.020239,-0.000794,0.001831,0.027620,0.131153,0.034634,-0.005539,0.309696,-0.000413,0.011500,0.000000,1.000000,0.000000,0.000000,0.000000,0.500000,0.000000,0.000000,0.000000,0.000000,0.000000,-0.089288,-0.008375,0.047785,-0.020239,-0.000794,0.001831,-0.472380,0.131153,0.034634,0.101617,0.491471
7.543000,0.033000,-0.077436,-0.007613,1.047976,-0.020104,-0.000086,0.001844,0.027803,0.131451,0.034649,0.002775,0.340737,0.001344,0.020000,0.000000,1.000000,0.000000,0.000000,0.000000,0.500000,0.000000,0.000000,0.000000,0.000000,0.000000,-0.097436,-0.007613,0.047976,-0.020104,-0.000086,0.001844,-0.472197,0.131451,0.034649,0.108873,0.491375
7.550000,0.040000,-0.077105,-0.006931,1.048181,-0.019882,0.003355,0.001840,0.028047,0.131436,0.034709,0.009832,0.591408,0.004889,0.020000,0.000000,1.000000,0.000000,0.000000,0.000000,0.500000,0.000000,0.000000,0.000000,0.000000,0.000000,-0.097105,-0.006931,0.048181,-0.019882,0.003355,0.001840,-0.471953,0.131436,0.034709,0.108622,0.491141
7.560000,0.050000,-0.076824,-0.005616,1.048528,-0.019784,0.009269,0.001772,0.028374,0.133397,0.035183,-0.001255,0.843786,0.003878,0.030000,0.000000,1.000000,0.000000,0.000000,0.000000,0.500000,0.000000,0.000000,0.000000,0.000000,0.000000,-0.106824,-0.005616,0.048528,-0.019784,0.009269,0.001772,-0.471626,0.133397,0.035183,0.117465,0.491389
7.572000,0.062000,-0.076579,-0.006068,1.048562,-0.019279,0.014331,0.001784,0.029108,0.129534,0.034641,0.004998,0.778832,0.007239,0.040000,0.000000,1.000000,0.000000,0.000000,0.000000,0.500000,0.000000,0.000000,0.000000,0.000000,0.000000,-0.116579,-0.006068,0.048562,-0.019279,0.014331,0.001784,-0.470892,0.129534,0.034641,0.126434,0.489610
7.580000,0.070000,-0.076188,-0.005195,1.048927,-0.019176,0.022938,0.001734,0.031084,0.130210,0.035074,-0.002433,0.994820,0.008664,0.040000,0.000000,1.000000,0.000000,0.000000,0.000000,0.500000,0.000000,0.000000,0.000000,0.000000,0.000000,-0.116188,-0.005195,0.048927,-0.019176,0.022938,0.001734,-0.468916,0.130210,0.035074,0.126177,0.487921
7.590000,0.080000,-0.075878,-0.003893,1.049278,-0.019203,0.032886,0.001630,0.033338,0.132101,0.035368,-0.021180,1.067779,0.005767,0.040000,0.000000,1.000000,0.000000,0.000000,0.000000,0.500000,0.000000,0.000000,0.000000,0.000000,0.000000,-0.115878,-0.003893,0.049278,-0.019203,0.032886,0.001630,-0.466662,0.132101,0.035368,0.125980,0.486287
7.600000,0.090000,-0.075650,-0.004112,1.049431,-0.018742,0.041805,0.001590,0.036034,0.128751,0.035055,-0.012791,1.033890,0.008223,0.050000,0.000000,1.000000,0.000000,0.000000,0.000000,0.500000,0.000000,0.000000,0.000000,0.000000,0.000000,-0.125650,-0.004112,0.049431,-0.018742,0.041805,0.001590,-0.463966,0.128751,0.035055,0.135086,0.482773
7.612000,0.102000,-0.075138,-0.003724,1.049895,-0.018970,0.052336,0.001484,0.040876,0.128006,0.035394,-0.014642,0.979840,0.007375,0.050000,0.000000,1.000000,0.000000,0.000000,0.000000,0.500000,0.000000,0.000000,0.000000,0.000000,0.000000,-0.125138,-0.003724,0.049895,-0.018970,0.052336,0.001484,-0.459124,0.128006,0.035394,0.134770,0.477947
7.620000,0.110000,-0.074730,-0.002444,1.050249,-0.019123,0.062134,0.001372,0.046011,0.129874,0.035355,-0.019173,0.922575,0.004987,0.060000,0.000000,1.000000,0.000000,0.000000,0.000000,0.500000,0.000000,0.000000,0.000000,0.000000,0.000000,-0.134730,-0.002444,0.050249,-0.019123,0.062134,0.001372,-0.453989,0.129874,0.035355,0.143816,0.473522
7.632000,0.122000,-0.074082,-0.002435,1.050864,-0.019409,0.072484,0.001229,0.052998,0.127756,0.035905,-0.035067,0.919790,0.003331,0.060000,0.000000,1.000000,0.000000,0.000000,0.000000,0.500000,0.000000,0.000000,0.000000,0.000000,0.000000,-0.134082,-0.002435,0.050864,-0.019409,0.072484,0.001229,-0.447002,0.127756,0.035905,0.143426,0.466285
7.640000,0.130000,-0.073552,-0.001157,1.051223,-0.019714,0.081016,0.001081,0.060096,0.129663,0.035627,-0.041263,0.792342,-0.000615,0.070000,0.000000,1.000000,0.000000,0.000000,0.000000,0.500000,0.000000,0.000000,0.000000,0.000000,0.000000,-0.143552,-0.001157,0.051223,-0.019714,0.081016,0.001081,-0.439904,0.129663,0.035627,0.152422,0.459998
7.650000,0.140000,-0.072989,-0.001128,1.051736,-0.019970,0.088892,0.000909,0.067815,0.127347,0.035507,-0.042413,0.705449,-0.002078,0.070000,0.000000,1.000000,0.000000,0.000000,0.000000,0.500000,0.000000,0.000000,0.000000,0.000000,0.000000,-0.142989,-0.001128,0.051736,-0.019970,0.088892,0.000909,-0.432185,0.127347,0.035507,0.152065,0.451953
7.660000,0.150000,-0.071973,-0.000681,1.052610,-0.020421,0.096582,0.000727,0.077828,0.126968,0.036375,-0.034800,0.649818,-0.002521,0.080000,0.000000,1.000000,0.000000,0.000000,0.000000,0.500000,0.000000,0.000000,0.000000,0.000000,0.000000,-0.151973,-0.000681,0.052610,-0.020421,0.096582,0.000727,-0.422172,0.126968,0.036375,0.160823,0.442349
7.670000,0.160000,-0.071195,0.000588,1.052973,-0.020768,0.102653,0.000565,0.087249,0.128962,0.035567,-0.029749,0.563770,-0.003447,0.080000,0.000000,1.000000,0.000000,0.000000,0.000000,0.500000,0.000000,0.000000,0.000000,0.000000,0.000000,-0.151195,0.000588,0.052973,-0.020768,0.102653,0.000565,-0.412751,0.128962,0.035567,0.160208,0.433888
7.680000,0.170000,-0.070364,0.000671,1.053640,-0.020939,0.107275,0.000391,0.096992,0.126948,0.035607,-0.027321,0.430026,-0.005718,0.090000,0.000000,1.000000,0.000000,0.000000,0.000000,0.500000,0.000000,0.000000,0.000000,0.000000,0.000000,-0.160364,0.000671,0.053640,-0.020939,0.107275,0.000391,-0.403008,0.126948,0.035607,0.169098,0.424028
7.690000,0.180000,-0.069351,0.001147,1.054292,-0.021200,0.110589,0.000227,0.107445,0.126437,0.035346,-0.026186,0.307910,-0.006900,0.090000,0.000000,1.000000,0.000000,0.000000,0.000000,0.500000,0.000000,0.000000,0.000000,0.000000,0.000000,-0.159351,0.001147,0.054292,-0.021200,0.110589,0.000227,-0.392555,0.126437,0.035346,0.168350,0.413927
7.700000,0.190000,-0.068200,0.001708,1.054958,-0.021436,0.111995,0.000087,0.118318,0.126271,0.035101,-0.021709,0.123103,-0.008342,0.100000,0.000000,1.000000,0.000000,0.000000,0.000000,0.500000,0.000000,0.000000,0.000000,0.000000,0.000000,-0.168200,0.001708,0.054958,-0.021436,0.111995,0.000087,-0.381682,0.126271,0.035101,0.176959,0.403556
7.710000,0.200000,-0.066438,0.002296,1.055981,-0.021828,0.111965,-0.000036,0.130991,0.126545,0.035707,-0.020399,0.027743,-0.007430,0.100000,0.000000,1.000000,0.000000,0.000000,0.000000,0.500000,0.000000,0.000000,0.000000,0.000000,0.000000,-0.166438,0.002296,0.055981,-0.021828,0.111965,-0.000036,-0.369009,0.126545,0.035707,0.175615,0.391735
7.721000,0.211000,-0.064594,0.003248,1.056809,-0.022118,0.111164,-0.000117,0.143647,0.127833,0.035730,-0.019352,-0.053075,-0.006531,0.110000,0.000000,1.000000,0.000000,0.000000,0.000000,0.500000,0.000000,0.000000,0.000000,0.000000,0.000000,-0.174594,0.003248,0.056809,-0.022118,0.111164,-0.000117,-0.356353,0.127833,0.035730,0.183633,0.380270
7.730000,0.220000,-0.063158,0.004526,1.057166,-0.022317,0.110632,-0.000171,0.154413,0.129965,0.034053,-0.020437,0.050370,-0.004625,0.110000,0.000000,1.000000,0.000000,0.000000,0.000000,0.500000,0.000000,0.000000,0.000000,0.000000,0.000000,-0.173158,0.004526,0.057166,-0.022317,0.110632,-0.000171,-0.345587,0.129965,0.034053,0.182406,0.370784
7.740000,0.230000,-0.062052,0.004365,1.057820,-0.022259,0.108083,-0.000233,0.163314,0.127161,0.033310,-0.019118,-0.028151,-0.004688,0.120000,0.000000,1.000000,0.000000,0.000000,0.000000,0.500000,0.000000,0.000000,0.000000,0.000000,0.000000,-0.182052,0.004365,0.057820,-0.022259,0.108083,-0.000233,-0.336686,0.127161,0.033310,0.191064,0.361437
7.750000,0.240000,-0.059929,0.004752,1.058828,-0.022567,0.106423,-0.000269,0.175244,0.126756,0.033662,-0.014210,-0.059276,-0.003229,0.120000,0.000000,1.000000,0.000000,0.000000,0.000000,0.500000,0.000000,0.000000,0.000000,0.000000,0.000000,-0.179929,0.004752,0.058828,-0.022567,0.106423,-0.000269,-0.324756,0.126756,0.033662,0.189362,0.350238
7.762000,0.252000,-0.057580,0.005673,1.059671,-0.022828,0.104951,-0.000253,0.187553,0.127988,0.033554,-0.013485,-0.058621,0.000313,0.130000,0.000000,1.000000,0.000000,0.000000,0.000000,0.500000,0.000000,0.000000,0.000000,0.000000,0.000000,-0.187580,0.005673,0.059671,-0.022828,0.104951,-0.000253,-0.312447,0.127988,0.033554,0.196924,0.339308
7.771000,0.261000,-0.055704,0.006953,1.060007,-0.022962,0.104365,-0.000236,0.197700,0.130184,0.031755,-0.014193,0.066887,0.001291,0.130000,0.000000,1.000000,0.000000,0.000000,0.000000,0.500000,0.000000,0.000000,0.000000,0.000000,0.000000,-0.185704,0.006953,0.060007,-0.022962,0.104365,-0.000236,-0.302300,0.130184,0.031755,0.195282,0.330668
7.780000,0.270000,-0.054430,0.006770,1.060711,-0.022876,0.101875,-0.000186,0.205043,0.127360,0.031101,-0.015646,0.003990,0.003533,0.140000,0.000000,1.000000,0.000000,0.000000,0.000000,0.500000,0.000000,0.000000,0.000000,0.000000,0.000000,-0.194430,0.006770,0.060711,-0.022876,0.101875,-0.000186,-0.294957,0.127360,0.031101,0.203801,0.322781
7.790000,0.280000,-0.052582,0.007183,1.061380,-0.022956,0.100721,-0.000123,0.214049,0.126779,0.030379,-0.015068,0.034158,0.005825,0.140000,0.000000,1.000000,0.000000,0.000000,0.000000,0.500000,0.000000,0.000000,0.000000,0.000000,0.000000,-0.192582,0.007183,0.061380,-0.022956,0.100721,-0.000123,-0.285951,0.126779,0.030379,0.202255,0.314267
7.800000,0.290000,-0.050498,0.007719,1.062065,-0.023077,0.100069,-0.000046,0.223495,0.126669,0.029800,-0.010616,0.026122,0.007030,0.150000,0.000000,1.000000,0.000000,0.000000,0.000000,0.500000,0.000000,0.000000,0.000000,0.000000,0.000000,-0.200498,0.007719,0.062065,-0.023077,0.100069,-0.000046,-0.276505,0.126669,0.029800,0.210027,0.305595
7.810000,0.300000,-0.048257,0.008293,1.062763,-0.023222,0.099795,0.000043,0.233110,0.126710,0.029245,-0.013697,0.066088,0.007603,0.150000,0.000000,1.000000,0.000000,0.000000,0.000000,0.500000,0.000000,0.000000,0.000000,0.000000,0.000000,-0.198257,0.008293,0.062763,-0.023222,0.099795,0.000043,-0.266890,0.126710,0.029245,0.208120,0.296885
7.823000,0.313000,-0.045037,0.008882,1.063847,-0.023598,0.100068,0.000133,0.245827,0.127139,0.029764,-0.016745,0.082665,0.008450,0.160000,0.000000,1.000000,0.000000,0.000000,0.000000,0.500000,0.000000,0.000000,0.000000,0.000000,0.000000,-0.205037,0.008882,0.063847,-0.023598,0.100068,0.000133,-0.254173,0.127139,0.029764,0.214931,0.285752
7.830000,0.320000,-0.042579,0.010153,1.064145,-0.023759,0.100897,0.000199,0.255498,0.129413,0.027963,-0.014148,0.150205,0.006498,0.160000,0.000000,1.000000,0.000000,0.000000,0.000000,0.500000,0.000000,0.000000,0.000000,0.000000,0.000000,-0.202579,0.010153,0.064145,-0.023759,0.100897,0.000199,-0.244502,0.129413,0.027963,0.212734,0.278048
7.840000,0.330000,-0.040488,0.010259,1.064909,-0.023900,0.100620,0.000308,0.263436,0.127732,0.027575,-0.021849,0.113350,0.008612,0.170000,0.000000,1.000000,0.000000,0.000000,0.000000,0.500000,0.000000,0.000000,0.000000,0.000000,0.000000,-0.210488,0.010259,0.064909,-0.023900,0.100620,0.000308,-0.236564,0.127732,0.027575,0.220508,0.270256
7.850000,0.340000,-0.038005,0.010740,1.065573,-0.024152,0.101017,0.000392,0.272533,0.127486,0.026852,-0.021272,0.084902,0.008384,0.170000,0.000000,1.000000,0.000000,0.000000,0.000000,0.500000,0.000000,0.000000,0.000000,0.000000,0.000000,-0.208005,0.010740,0.065573,-0.024152,0.101017,0.000392,-0.227467,0.127486,0.026852,0.218360,0.262136
7.860000,0.350000,-0.035328,0.011305,1.066218,-0.024471,0.101509,0.000467,0.282046,0.127571,0.026087,-0.025272,0.086438,0.007713,0.180000,0.000000,1.000000,0.000000,0.000000,0.000000,0.500000,0.000000,0.000000,0.000000,0.000000,0.000000,-0.215328,0.011305,0.066218,-0.024471,0.101509,0.000467,-0.217954,0.127571,0.026087,0.225563,0.253888
7.870000,0.360000,-0.031500,0.011894,1.067193,-0.025035,0.102014,0.000528,0.295360,0.128107,0.026231,-0.023474,0.069889,0.005865,0.180000,0.000000,1.000000,0.000000,0.000000,0.000000,0.500000,0.000000,0.000000,0.000000,0.000000,0.000000,-0.211500,0.011894,0.067193,-0.025035,0.102014,0.000528,-0.204640,0.128107,0.026231,0.222236,0.242852
7.880000,0.370000,-0.028546,0.013175,1.067455,-0.025266,0.102714,0.000569,0.305204,0.130520,0.024279,-0.010192,0.105824,0.003632,0.190000,0.000000,1.000000,0.000000,0.000000,0.000000,0.500000,0.000000,0.000000,0.000000,0.000000,0.000000,-0.218546,0.013175,0.067455,-0.025266,0.102714,0.000569,-0.194796,0.130520,0.024279,0.229099,0.235734
7.890000,0.380000,-0.025081,0.013217,1.068479,-0.025776,0.101870,0.000628,0.316369,0.129057,0.024414,-0.020570,0.012941,0.003718,0.190000,0.000000,1.000000,0.000000,0.000000,0.000000,0.500000,0.000000,0.000000,0.000000,0.000000,0.000000,-0.215081,0.013217,0.068479,-0.025776,0.101870,0.000628,-0.183631,0.129057,0.024414,0.226106,0.225770
7.904000,0.394000,-0.021059,0.014128,1.069153,-0.026158,0.101372,0.000676,0.329203,0.130486,0.023567,-0.012645,-0.021574,0.002265,0.200000,0.000000,1.000000,0.000000,0.000000,0.000000,0.500000,0.000000,0.000000,0.000000,0.000000,0.000000,-0.221059,0.014128,0.069153,-0.026158,0.101372,0.000676,-0.170797,0.130486,0.023567,0.232053,0.216226
7.911000,0.401000,-0.017275,0.014871,1.069782,-0.026441,0.100415,0.000720,0.340643,0.131288,0.022615,-0.007613,-0.055097,0.001022,0.200000,0.000000,1.000000,0.000000,0.000000,0.000000,0.500000,0.000000,0.000000,0.000000,0.000000,0.000000,-0.217275,0.014871,0.069782,-0.026441,0.100415,0.000720,-0.159357,0.131288,0.022615,0.228690,0.207709
7.920000,0.410000,-0.013869,0.016184,1.070008,-0.026514,0.099865,0.000745,0.350317,0.133834,0.020516,0.009329,-0.013340,-0.000300,0.210000,0.000000,1.000000,0.000000,0.000000,0.000000,0.500000,0.000000,0.000000,0.000000,0.000000,0.000000,-0.223869,0.016184,0.070008,-0.026514,0.099865,0.000745,-0.149683,0.133834,0.020516,0.235118,0.201836
7.930000,0.420000,-0.012271,0.015895,1.070485,-0.026595,0.097335,0.000795,0.352952,0.130874,0.019252,-0.003434,-0.074760,0.000517,0.210000,0.000000,1.000000,0.000000,0.000000,0.000000,0.500000,0.000000,0.000000,0.000000,0.000000,0.000000,-0.222271,0.015895,0.070485,-0.026595,0.097335,0.000795,-0.147048,0.130874,0.019252,0.233720,0.197792
7.940000,0.430000,-0.009377,0.016298,1.070926,-0.026671,0.095293,0.000839,0.359972,0.130508,0.017934,0.002728,-0.115494,-0.000403,0.220000,0.000000,1.000000,0.000000,0.000000,0.000000,0.500000,0.000000,0.000000,0.000000,0.000000,0.000000,-0.229377,0.016298,0.070926,-0.026671,0.095293,0.000839,-0.140028,0.130508,0.017934,0.240645,0.192254
7.952000,0.442000,-0.004873,0.016835,1.071600,-0.026905,0.093428,0.000883,0.372274,0.130969,0.017679,0.007994,-0.135165,-0.000832,0.220000,0.000000,1.000000,0.000000,0.000000,0.000000,0.500000,0.000000,0.000000,0.000000,0.000000,0.000000,-0.224873,0.016835,0.071600,-0.026905,0.093428,0.000883,-0.127726,0.130969,0.017679,0.236596,0.183792
7.961000,0.451000,-0.000064,0.017811,1.072100,-0.027036,0.091458,0.000936,0.385125,0.132684,0.016950,0.011353,-0.151027,-0.000947,0.230500,0.000000,1.000000,0.000000,0.000000,0.000000,0.500000,0.000000,0.000000,0.000000,0.000000,0.000000,-0.230564,0.017811,0.072100,-0.027036,0.091458,0.000936,-0.114875,0.132684,0.016950,0.242230,0.176319
7.970000,0.460000,0.004399,0.018595,1.072564,-0.027085,0.089245,0.000994,0.396056,0.133648,0.016176,0.010053,-0.143609,-0.000553,0.230500,0.000000,1.000000,0.000000,0.000000,0.000000,0.500000,0.000000,0.000000,0.000000,0.000000,0.000000,-0.226101,0.018595,0.072564,-0.027085,0.089245,0.000994,-0.103944,0.133648,0.016176,0.238186,0.170082
7.980000,0.470000,0.008360,0.019932,1.072725,-0.026982,0.087810,0.001028,0.404689,0.136271,0.014556,0.021080,-0.063190,-0.000865,0.240000,0.000000,1.000000,0.000000,0.000000,0.000000,0.500000,0.000000,0.000000,0.000000,0.000000,0.000000,-0.231640,0.019932,0.072725,-0.026982,0.087810,0.001028,-0.095311,0.136271,0.014556,0.243605,0.166930
7.990000,0.480000,0.011234,0.019536,1.073267,-0.027013,0.084165,0.001100,0.408686,0.133223,0.014144,0.011933,-0.148697,-0.000048,0.240000,0.000000,1.000000,0.000000,0.000000,0.000000,0.500000,0.000000,0.000000,0.000000,0.000000,0.000000,-0.228766,0.019536,0.073267,-0.027013,0.084165,0.001100,-0.091314,0.133223,0.014144,0.241005,0.162132
8.000000,0.490000,0.016120,0.020439,1.073647,-0.027107,0.082084,0.001171,0.419599,0.134608,0.013300,0.011626,-0.139722,0.000565,0.250000,0.000000,1.000000,0.000000,0.000000,0.000000,0.500000,0.000000,0.000000,0.000000,0.000000,0.000000,-0.233880,0.020439,0.073647,-0.027107,0.082084,0.001171,-0.080401,0.134608,0.013300,0.246051,0.157354
8.010000,0.500000,0.020724,0.021192,1.074000,-0.027008,0.080726,0.001216,0.428903,0.135410,0.012567,0.024702,-0.055334,-0.000075,0.250000,0.000000,1.000000,0.000000,0.000000,0.000000,0.500000,0.000000,0.000000,0.000000,0.000000,0.000000,-0.229276,0.021192,0.074000,-0.027008,0.080726,0.001216,-0.071097,0.135410,0.012567,0.241853,0.153455
8.020000,0.510000,0.025013,0.022546,1.074126,-0.027186,0.077742,0.001297,0.436638,0.138048,0.011203,0.010270,-0.126129,0.000833,0.260000,0.000000,1.000000,0.000000,0.000000,0.000000,0.500000,0.000000,0.000000,0.000000,0.000000,0.000000,-0.234987,0.022546,0.074126,-0.027186,0.077742,0.001297,-0.063362,0.138048,0.011203,0.247431,0.152307
8.030000,0.520000,0.026793,0.022249,1.074393,-0.026958,0.074876,0.001373,0.434827,0.134987,0.010390,0.006446,-0.149032,0.001157,0.260000,0.000000,1.000000,0.000000,0.000000,0.000000,0.500000,0.000000,0.000000,0.000000,0.000000,0.000000,-0.233207,0.022249,0.074393,-0.026958,0.074876,0.001373,-0.065173,0.134987,0.010390,0.245794,0.150256
8.040000,0.530000,0.030258,0.022672,1.074638,-0.026957,0.072602,0.001450,0.438880,0.134607,0.009555,0.004438,-0.144554,0.001450,0.270000,0.000000,1.000000,0.000000,0.000000,0.000000,0.500000,0.000000,0.000000,0.000000,0.000000,0.000000,-0.239742,0.022672,0.074638,-0.026957,0.072602,0.001450,-0.061120,0.134607,0.009555,0.252114,0.148142
8.050000,0.540000,0.035647,0.023242,1.075014,-0.027252,0.070718,0.001535,0.449434,0.135106,0.009354,0.007308,-0.114275,0.001180,0.270000,0.000000,1.000000,0.000000,0.000000,0.000000,0.500000,0.000000,0.000000,0.000000,0.000000,0.000000,-0.234353,0.023242,0.075014,-0.027252,0.070718,0.001535,-0.050566,0.135106,0.009354,0.247161,0.144561
8.062000,0.552000,0.041399,0.024263,1.075296,-0.027480,0.069008,0.001616,0.460785,0.136891,0.008900,0.006054,-0.106579,0.001012,0.280000,0.000000,1.000000,0.000000,0.000000,0.000000,0.500000,0.000000,0.000000,0.000000,0.000000,0.000000,-0.238601,0.024263,0.075296,-0.027480,0.069008,0.001616,-0.039215,0.136891,0.008900,0.251373,0.142675
8.070000,0.560000,0.046007,0.025631,1.075385,-0.027417,0.067943,0.001655,0.467496,0.139571,0.007923,0.025772,-0.027024,-0.000203,0.280000,0.000000,1.000000,0.000000,0.000000,0.000000,0.500000,0.000000,0.000000,0.000000,0.000000,0.000000,-0.233993,0.025631,0.075385,-0.027417,0.067943,0.001655,-0.032504,0.139571,0.007923,0.247169,0.143525
8.080000,0.570000,0.049836,0.025383,1.075753,-0.027687,0.064854,0.001748,0.470831,0.137010,0.007803,0.006817,-0.107222,0.000768,0.290000,0.000000,1.000000,0.000000,0.000000,0.000000,0.500000,0.000000,0.000000,0.000000,0.000000,0.000000,-0.240164,0.025383,0.075753,-0.027687,0.064854,0.001748,-0.029169,0.137010,0.007803,0.253104,0.140298
8.090000,0.580000,0.054545,0.026753,1.075831,-0.027616,0.063783,0.001786,0.477145,0.139714,0.006964,0.023885,-0.061068,-0.000168,0.290000,0.000000,1.000000,0.000000,0.000000,0.000000,0.500000,0.000000,0.000000,0.000000,0.000000,0.000000,-0.235455,0.026753,0.075831,-0.027616,0.063783,0.001786,-0.022855,0.139714,0.006964,0.248808,0.141743
8.100000,0.590000,0.057584,0.026774,1.076052,-0.027723,0.060867,0.001867,0.477018,0.137806,0.006579,0.005866,-0.131148,0.000745,0.300000,0.000000,1.000000,0.000000,0.000000,0.000000,0.500000,0.000000,0.000000,0.000000,0.000000,0.000000,-0.242416,0.026774,0.076052,-0.027723,0.060867,0.001867,-0.022982,0.137806,0.006579,0.255473,0.139864
8.110000,0.600000,0.063201,0.027276,1.076352,-0.028016,0.058981,0.001947,0.485879,0.138033,0.006501,0.013415,-0.105006,-0.000028,0.300000,0.000000,1.000000,0.000000,0.000000,0.000000,0.500000,0.000000,0.000000,0.000000,0.000000,0.000000,-0.236799,0.027276,0.076352,-0.028016,0.058981,0.001947,-0.014121,0.138033,0.006501,0.250295,0.138905
8.120000,0.610000,0.068059,0.028656,1.076417,-0.027880,0.057931,0.001977,0.491625,0.140772,0.005753,0.039381,-0.012689,-0.001328,0.310000,0.000000,1.000000,0.000000,0.000000,0.000000,0.500000,0.000000,0.000000,0.000000,0.000000,0.000000,-0.241941,0.028656,0.076417,-0.027880,0.057931,0.001977,-0.008375,0.140772,0.005753,0.255335,0.141138
8.130000,0.620000,0.073102,0.028722,1.076742,-0.028276,0.054715,0.002064,0.497488,0.139350,0.005733,0.012782,-0.129659,-0.000789,0.310000,0.000000,1.000000,0.000000,0.000000,0.000000,0.500000,0.000000,0.000000,0.000000,0.000000,0.000000,-0.236898,0.028722,0.076742,-0.028276,0.054715,0.002064,-0.002512,0.139350,0.005733,0.250669,0.139490
8.140000,0.630000,0.079246,0.029733,1.076951,-0.028434,0.052903,0.002129,0.506954,0.141057,0.005388,0.017890,-0.121661,-0.001304,0.320000,0.000000,1.000000,0.000000,0.000000,0.000000,0.500000,0.000000,0.000000,0.000000,0.000000,0.000000,-0.240754,0.029733,0.076951,-0.028434,0.052903,0.002129,0.006954,0.141057,0.005388,0.254496,0.141331
8.150000,0.640000,0.084888,0.030570,1.077150,-0.028501,0.050987,0.002190,0.514073,0.142081,0.005052,0.024791,-0.102913,-0.001403,0.320000,0.000000,1.000000,0.000000,0.000000,0.000000,0.500000,0.000000,0.000000,0.000000,0.000000,0.000000,-0.235112,0.030570,0.077150,-0.028501,0.050987,0.002190,0.014073,0.142081,0.005052,0.249328,0.142866
8.161000,0.651000,0.090224,0.031334,1.077333,-0.028497,0.049097,0.002247,0.519636,0.142810,0.004686,0.029828,-0.089091,-0.001486,0.330000,0.000000,1.000000,0.000000,0.000000,0.000000,0.500000,0.000000,0.000000,0.000000,0.000000,0.000000,-0.239776,0.031334,0.077333,-0.028497,0.049097,0.002247,0.019636,0.142810,0.004686,0.253879,0.144230
8.170000,0.660000,0.095417,0.032069,1.077500,-0.028429,0.047301,0.002300,0.524295,0.143410,0.004296,0.033860,-0.085218,-0.001407,0.330000,0.000000,1.000000,0.000000,0.000000,0.000000,0.500000,0.000000,0.000000,0.000000,0.000000,0.000000,-0.234583,0.032069,0.077500,-0.028429,0.047301,0.002300,0.024295,0.143410,0.004296,0.249126,0.145516
8.182000,0.672000,0.100555,0.032794,1.077651,-0.028303,0.045610,0.002350,0.528416,0.143943,0.003904,0.037070,-0.076845,-0.001419,0.340000,0.000000,1.000000,0.000000,0.000000,0.000000,0.500000,0.000000,0.000000,0.000000,0.000000,0.000000,-0.239445,0.032794,0.077651,-0.028303,0.045610,0.002350,0.028416,0.143943,0.003904,0.253848,0.146773
8.193000,0.683000,0.105682,0.033516,1.077788,-0.028126,0.044018,0.002397,0.532189,0.144435,0.003487,0.041768,-0.066000,-0.001403,0.340000,0.000000,1.000000,0.000000,0.000000,0.000000,0.500000,0.000000,0.000000,0.000000,0.000000,0.000000,-0.234318,0.033516,0.077788,-0.028126,0.044018,0.002397,0.032189,0.144435,0.003487,0.249157,0.148020
8.200000,0.690000,0.111004,0.034960,1.077823,-0.027708,0.043358,0.002401,0.536475,0.147186,0.002790,0.065563,0.011405,-0.002411,0.350000,0.000000,1.000000,0.000000,0.000000,0.000000,0.500000,0.000000,0.000000,0.000000,0.000000,0.000000,-0.238996,0.034960,0.077823,-0.027708,0.043358,0.002401,0.036475,0.147186,0.002790,0.253767,0.151664
8.210000,0.700000,0.112689,0.034621,1.077933,-0.027421,0.040141,0.002455,0.527353,0.143749,0.002381,0.043529,-0.059970,-0.001476,0.350000,0.000000,1.000000,0.000000,0.000000,0.000000,0.500000,0.000000,0.000000,0.000000,0.000000,0.000000,-0.237311,0.034621,0.077933,-0.027421,0.040141,0.002455,0.027353,0.143749,0.002381,0.252168,0.146347
8.220000,0.710000,0.116702,0.035083,1.078023,-0.027126,0.038419,0.002496,0.526711,0.143266,0.001932,0.045953,-0.053820,-0.001547,0.360500,0.000000,1.000000,0.000000,0.000000,0.000000,0.500000,0.000000,0.000000,0.000000,0.000000,0.000000,-0.243798,0.035083,0.078023,-0.027126,0.038419,0.002496,0.026711,0.143266,0.001932,0.258372,0.145748
8.231000,0.721000,0.123029,0.035727,1.078146,-0.027065,0.037402,0.002543,0.534248,0.143754,0.001700,0.044378,-0.039200,-0.001677,0.360500,0.000000,1.000000,0.000000,0.000000,0.000000,0.500000,0.000000,0.000000,0.000000,0.000000,0.000000,-0.237471,0.035727,0.078146,-0.027065,0.037402,0.002543,0.034248,0.143754,0.001700,0.252538,0.147787
8.240000,0.730000,0.128372,0.037165,1.078163,-0.026622,0.037010,0.002537,0.537894,0.146404,0.001169,0.063541,0.044859,-0.002764,0.371000,0.000000,1.000000,0.000000,0.000000,0.000000,0.500000,0.000000,0.000000,0.000000,0.000000,0.000000,-0.242628,0.037165,0.078163,-0.026622,0.037010,0.002537,0.037894,0.146404,0.001169,0.257603,0.151234
8.250000,0.740000,0.132273,0.037330,1.078233,-0.026408,0.034681,0.002580,0.536083,0.144681,0.000915,0.037104,-0.060161,-0.001532,0.371000,0.000000,1.000000,0.000000,0.000000,0.000000,0.500000,0.000000,0.000000,0.000000,0.000000,0.000000,-0.238727,0.037330,0.078233,-0.026408,0.034681,0.002580,0.036083,0.144681,0.000915,0.253977,0.149115
8.260000,0.750000,0.137046,0.037921,1.078278,-0.026165,0.033420,0.002611,0.537354,0.144527,0.000601,0.034224,-0.056063,-0.001553,0.380000,0.000000,1.000000,0.000000,0.000000,0.000000,0.500000,0.000000,0.000000,0.000000,0.000000,0.000000,-0.242954,0.037921,0.078278,-0.026165,0.033420,0.002611,0.037354,0.144527,0.000601,0.258054,0.149277
8.272000,0.762000,0.143904,0.038637,1.078330,-0.026244,0.032637,0.002653,0.545968,0.145139,0.000314,0.035509,-0.021891,-0.002128,0.380000,0.000000,1.000000,0.000000,0.000000,0.000000,0.500000,0.000000,0.000000,0.000000,0.000000,0.000000,-0.236096,0.038637,0.078330,-0.026244,0.032637,0.002653,0.045968,0.145139,0.000314,0.251734,0.152244
8.280000,0.770000,0.149363,0.040088,1.078333,-0.025889,0.032418,0.002637,0.549152,0.147711,-0.000104,0.057700,0.070366,-0.003279,0.390000,0.000000,1.000000,0.000000,0.000000,0.000000,0.500000,0.000000,0.000000,0.000000,0.000000,0.000000,-0.240637,0.040088,0.078333,-0.025889,0.032418,0.002637,0.049152,0.147711,-0.000104,0.256221,0.155674
8.290000,0.780000,0.155165,0.040234,1.078384,-0.026133,0.030449,0.002684,0.553307,0.146148,-0.000329,0.029480,-0.030032,-0.002385,0.390000,0.000000,1.000000,0.000000,0.000000,0.000000,0.500000,0.000000,0.000000,0.000000,0.000000,0.000000,-0.234835,0.040234,0.078384,-0.026133,0.030449,0.002684,0.053307,0.146148,-0.000329,0.250819,0.155567
8.300000,0.790000,0.160698,0.041696,1.078381,-0.025838,0.030148,0.002668,0.556278,0.148710,-0.000703,0.053327,0.047996,-0.003427,0.400500,0.000000,1.000000,0.000000,0.000000,0.000000,0.500000,0.000000,0.000000,0.000000,0.000000,0.000000,-0.239802,0.041696,0.078381,-0.025838,0.030148,0.002668,0.056278,0.148710,-0.000703,0.255709,0.159005
8.313000,0.803000,0.166104,0.041746,1.078425,-0.026078,0.028381,0.002710,0.558549,0.146773,-0.000876,0.031110,-0.011900,-0.002495,0.410000,0.000000,1.000000,0.000000,0.000000,0.000000,0.500000,0.000000,0.000000,0.000000,0.000000,0.000000,-0.243896,0.041746,0.078425,-0.026078,0.028381,0.002710,0.058549,0.146773,-0.000876,0.259573,0.158022
8.320000,0.810000,0.171690,0.043214,1.078416,-0.025767,0.028262,0.002688,0.561319,0.149331,-0.001195,0.059288,0.069550,-0.003493,0.410000,0.000000,1.000000,0.000000,0.000000,0.000000,0.500000,0.000000,0.000000,0.000000,0.000000,0.000000,-0.238310,0.043214,0.078416,-0.025767,0.028262,0.002688,0.061319,0.149331,-0.001195,0.254575,0.161434
8.330000,0.820000,0.175376,0.043303,1.078430,-0.025810,0.026131,0.002715,0.557049,0.147166,-0.001396,0.034471,-0.000699,-0.002582,0.410000,0.000000,1.000000,0.000000,0.000000,0.000000,0.500000,0.000000,0.000000,0.000000,0.000000,0.000000,-0.234624,0.043303,0.078430,-0.025810,0.026131,0.002715,0.057049,0.147166,-0.001396,0.251147,0.157843
8.340000,0.830000,0.180198,0.043886,1.078426,-0.025719,0.025128,0.002730,0.556913,0.146843,-0.001641,0.036767,0.006159,-0.002555,0.420000,0.000000,1.000000,0.000000,0.000000,0.000000,0.500000,0.000000,0.000000,0.000000,0.000000,0.000000,-0.239802,0.043886,0.078426,-0.025719,0.025128,0.002730,0.056913,0.146843,-0.001641,0.256089,0.157495
8.350000,0.840000,0.185382,0.044580,1.078409,-0.025614,0.024324,0.002744,0.557999,0.146917,-0.001874,0.039601,0.015395,-0.002484,0.420000,0.000000,1.000000,0.000000,0.000000,0.000000,0.500000,0.000000,0.000000,0.000000,0.000000,0.000000,-0.234618,0.044580,0.078409,-0.025614,0.024324,0.002744,0.057999,0.146917,-0.001874,0.251358,0.157962
8.360000,0.850000,0.190734,0.045311,1.078379,-0.025477,0.023628,0.002757,0.559579,0.147102,-0.002138,0.043523,0.021624,-0.002426,0.430000,0.000000,1.000000,0.000000,0.000000,0.000000,0.500000,0.000000,0.000000,0.000000,0.000000,0.000000,-0.239266,0.045311,0.078379,-0.025477,0.023628,0.002757,0.059579,0.147102,-0.002138,0.255821,0.158724
8.370000,0.860000,0.196176,0.046055,1.078334,-0.025301,0.023019,0.002768,0.561363,0.147317,-0.002396,0.045685,0.026858,-0.002404,0.430000,0.000000,1.000000,0.000000,0.000000,0.000000,0.500000,0.000000,0.000000,0.000000,0.000000,0.000000,-0.233824,0.046055,0.078334,-0.025301,0.023019,0.002768,0.061363,0.147317,-0.002396,0.250860,0.159604
8.380000,0.870000,0.201671,0.046807,1.078276,-0.025086,0.022486,0.002779,0.563215,0.147528,-0.002686,0.049600,0.033195,-0.002305,0.440000,0.000000,1.000000,0.000000,0.000000,0.000000,0.500000,0.000000,0.000000,0.000000,0.000000,0.000000,-0.238329,0.046807,0.078276,-0.025086,0.022486,0.002779,0.063215,0.147528,-0.002686,0.255183,0.160524
8.390000,0.880000,0.207201,0.047561,1.078202,-0.024588,0.022812,0.002759,0.565080,0.147722,-0.002960,0.074015,0.109847,-0.003355,0.440000,0.000000,1.000000,0.000000,0.000000,0.000000,0.500000,0.000000,0.000000,0.000000,0.000000,0.000000,-0.232799,0.047561,0.078202,-0.024588,0.022812,0.002759,0.065080,0.147722,-0.002960,0.250146,0.161449
8.400000,0.890000,0.212755,0.048317,1.078113,-0.024551,0.021712,0.002776,0.566923,0.147890,-0.003267,0.052450,0.043600,-0.002389,0.450000,0.000000,1.000000,0.000000,0.000000,0.000000,0.500000,0.000000,0.000000,0.000000,0.000000,0.000000,-0.237245,0.048317,0.078113,-0.024551,0.021712,0.002776,0.066923,0.147890,-0.003267,0.254404,0.162360
8.410000,0.900000,0.218329,0.049074,1.078009,-0.024288,0.021328,0.002781,0.568732,0.148031,-0.003543,0.040675,0.019592,-0.002183,0.450000,0.000000,1.000000,0.000000,0.000000,0.000000,0.500000,0.000000,0.000000,0.000000,0.000000,0.000000,-0.231671,0.049074,0.078009,-0.024288,0.021328,0.002781,0.068732,0.148031,-0.003543,0.249329,0.163248
8.420000,0.910000,0.225870,0.049872,1.077820,-0.024239,0.021523,0.002796,0.577601,0.148620,-0.004059,0.038024,0.016599,-0.002330,0.460000,0.000000,1.000000,0.000000,0.000000,0.000000,0.500000,0.000000,0.000000,0.000000,0.000000,0.000000,-0.234130,0.049872,0.077820,-0.024239,0.021523,0.002796,0.077601,0.148620,-0.004059,0.251714,0.167709
8.430000,0.920000,0.233340,0.051050,1.077671,-0.024160,0.021523,0.002799,0.585881,0.150212,-0.004368,0.047029,0.037208,-0.002902,0.460000,0.000000,1.000000,0.000000,0.000000,0.000000,0.500000,0.000000,0.000000,0.000000,0.000000,0.000000,-0.226660,0.051050,0.077671,-0.024160,0.021523,0.002799,0.085881,0.150212,-0.004368,0.244977,0.173084
8.440000,0.930000,0.240050,0.051997,1.077521,-0.024111,0.021081,0.002802,0.591059,0.150901,-0.004671,0.038641,0.021450,-0.003344,0.471500,0.000000,1.000000,0.000000,0.000000,0.000000,0.500000,0.000000,0.000000,0.000000,0.000000,0.000000,-0.231450,0.051997,0.077521,-0.024111,0.021081,0.002802,0.091059,0.150901,-0.004671,0.249564,0.176309
8.450000,0.940000,0.246251,0.052837,1.077375,-0.023730,0.021361,0.002773,0.594153,0.151176,-0.004815,0.065714,0.084737,-0.004284,0.471500,0.000000,1.000000,0.000000,0.000000,0.000000,0.500000,0.000000,0.000000,0.000000,0.000000,0.000000,-0.225249,0.052837,0.077375,-0.023730,0.021361,0.002773,0.094153,0.151176,-0.004815,0.243959,0.178163
8.460000,0.950000,0.252185,0.053631,1.077234,-0.023940,0.019905,0.002781,0.596109,0.151267,-0.004941,0.035751,-0.000553,-0.003606,0.480000,0.000000,1.000000,0.000000,0.000000,0.000000,0.500000,0.000000,0.000000,0.000000,0.000000,0.000000,-0.227815,0.053631,0.077234,-0.023940,0.019905,0.002781,0.096109,0.151267,-0.004941,0.246457,0.179285
8.470000,0.960000,0.258147,0.055143,1.077185,-0.023583,0.019898,0.002745,0.598061,0.153627,-0.004718,0.055665,0.043146,-0.004176,0.480000,0.000000,1.000000,0.000000,0.000000,0.000000,0.500000,0.000000,0.000000,0.000000,0.000000,0.000000,-0.221853,0.055143,0.077185,-0.023583,0.019898,0.002745,0.098061,0.153627,-0.004718,0.241282,0.182316
8.480000,0.970000,0.261400,0.054672,1.076989,-0.023578,0.017758,0.002763,0.590111,0.149444,-0.004923,0.029390,-0.028852,-0.003439,0.490000,0.000000,1.000000,0.000000,0.000000,0.000000,0.500000,0.000000,0.000000,0.000000,0.000000,0.000000,-0.228600,0.054672,0.076989,-0.023578,0.017758,0.002763,0.090111,0.149444,-0.004923,0.247335,0.174578
8.490000,0.980000,0.267301,0.056166,1.076940,-0.023536,0.016768,0.002756,0.591841,0.151770,-0.004711,0.034671,-0.032497,-0.003536,0.490000,0.000000,1.000000,0.000000,0.000000,0.000000,0.500000,0.000000,0.000000,0.000000,0.000000,0.000000,-0.222699,0.056166,0.076940,-0.023536,0.016768,0.002756,0.091841,0.151770,-0.004711,0.242218,0.177458
8.500000,0.990000,0.270683,0.056173,1.076804,-0.023290,0.014878,0.002763,0.584351,0.148997,-0.004755,0.032722,-0.052471,-0.003606,0.500000,0.000000,1.000000,0.000000,0.000000,0.000000,0.500000,0.000000,0.000000,0.000000,0.000000,0.000000,-0.229317,0.056173,0.076804,-0.023290,0.014878,0.002763,0.084351,0.148997,-0.004755,0.248275,0.171283
8.510000,1.000000,0.277333,0.056725,1.076604,-0.023425,0.013632,0.002790,0.588711,0.148611,-0.004978,0.039814,-0.044802,-0.003722,0.500000,0.000000,1.000000,0.000000,0.000000,0.000000,0.500000,0.000000,0.000000,0.000000,0.000000,0.000000,-0.222667,0.056725,0.076604,-0.023425,0.013632,0.002790,0.088711,0.148611,-0.004978,0.242211,0.173147
8.521000,1.011000,0.284700,0.057856,1.076450,-0.023427,0.012598,0.002807,0.595391,0.149969,-0.005061,0.047203,-0.044054,-0.003557,0.510000,0.000000,1.000000,0.000000,0.000000,0.000000,0.500000,0.000000,0.000000,0.000000,0.000000,0.000000,-0.225300,0.057856,0.076450,-0.023427,0.012598,0.002807,0.095391,0.149969,-0.005061,0.244851,0.177808
8.530000,1.020000,0.291372,0.058773,1.076302,-0.022987,0.012333,0.002794,0.599189,0.150494,-0.005067,0.079168,0.063595,-0.004272,0.510000,0.000000,1.000000,0.000000,0.000000,0.000000,0.500000,0.000000,0.000000,0.000000,0.000000,0.000000,-0.218628,0.058773,0.076302,-0.022987,0.012333,0.002794,0.099189,0.150494,-0.005067,0.238903,0.180312
8.540000,1.030000,0.297584,0.059593,1.076168,-0.023157,0.010011,0.002821,0.601042,0.150642,-0.005031,0.049876,-0.019992,-0.003197,0.520000,0.000000,1.000000,0.000000,0.000000,0.000000,0.500000,0.000000,0.000000,0.000000,0.000000,0.000000,-0.222416,0.059593,0.076168,-0.023157,0.010011,0.002821,0.101042,0.150642,-0.005031,0.242532,0.181460
8.550000,1.040000,0.303595,0.061099,1.076117,-0.022955,0.008803,0.002828,0.602006,0.152928,-0.004720,0.040342,-0.040911,-0.002586,0.520000,0.000000,1.000000,0.000000,0.000000,0.000000,0.500000,0.000000,0.000000,0.000000,0.000000,0.000000,-0.216405,0.061099,0.076117,-0.022955,0.008803,0.002828,0.102006,0.152928,-0.004720,0.237399,0.183887
8.560000,1.050000,0.307039,0.060642,1.075959,-0.022553,0.007157,0.002860,0.593605,0.148730,-0.004730,0.042431,-0.020580,-0.001992,0.530000,0.000000,1.000000,0.000000,0.000000,0.000000,0.500000,0.000000,0.000000,0.000000,0.000000,0.000000,-0.222961,0.060642,0.075959,-0.022553,0.007157,0.002860,0.093605,0.148730,-0.004730,0.243226,0.175798
8.570000,1.060000,0.313936,0.061669,1.075846,-0.022384,0.006681,0.002877,0.597788,0.149618,-0.004659,0.061706,0.035967,-0.002189,0.530000,0.000000,1.000000,0.000000,0.000000,0.000000,0.500000,0.000000,0.000000,0.000000,0.000000,0.000000,-0.216064,0.061669,0.075846,-0.022384,0.006681,0.002877,0.097788,0.149618,-0.004659,0.237149,0.178801
8.580000,1.070000,0.320309,0.062527,1.075744,-0.021782,0.007149,0.002859,0.599869,0.149840,-0.004560,0.099028,0.144104,-0.003231,0.540500,0.000000,1.000000,0.000000,0.000000,0.000000,0.500000,0.000000,0.000000,0.000000,0.000000,0.000000,-0.220191,0.062527,0.075744,-0.021782,0.007149,0.002859,0.099869,0.149840,-0.004560,0.241104,0.180129
8.590000,1.080000,0.326361,0.063314,1.075653,-0.021855,0.005682,0.002885,0.600652,0.149775,-0.004427,0.055372,0.047607,-0.002106,0.540500,0.000000,1.000000,0.000000,0.000000,0.000000,0.500000,0.000000,0.000000,0.000000,0.000000,0.000000,-0.214139,0.063314,0.075653,-0.021855,0.005682,0.002885,0.100652,0.149775,-0.004427,0.235770,0.180508
8.600000,1.090000,0.332245,0.064071,1.075570,-0.021492,0.005519,0.002890,0.600766,0.149568,-0.004273,0.060844,0.080814,-0.002136,0.550000,0.000000,1.000000,0.000000,0.000000,0.000000,0.500000,0.000000,0.000000,0.000000,0.000000,0.000000,-0.217755,0.064071,0.075570,-0.021492,0.005519,0.002890,0.100766,0.149568,-0.004273,0.239234,0.180396
8.610000,1.100000,0.338253,0.065566,1.075527,-0.020883,0.006326,0.002851,0.601302,0.151683,-0.004048,0.085367,0.158115,-0.003339,0.550000,0.000000,1.000000,0.000000,0.000000,0.000000,0.500000,0.000000,0.000000,0.000000,0.000000,0.000000,-0.211747,0.065566,0.075527,-0.020883,0.006326,0.002851,0.101302,0.151683,-0.004048,0.234179,0.182446
8.620000,1.110000,0.340110,0.065198,1.075469,-0.020457,0.004442,0.002865,0.586902,0.147340,-0.003869,0.061880,0.088334,-0.002201,0.560000,0.000000,1.000000,0.000000,0.000000,0.000000,0.500000,0.000000,0.000000,0.000000,0.000000,0.000000,-0.219890,0.065198,0.075469,-0.020457,0.004442,0.002865,0.086902,0.147340,-0.003869,0.241450,0.171103
8.631000,1.121000,0.346224,0.065622,1.075365,-0.020256,0.004717,0.002873,0.588316,0.146276,-0.003888,0.050336,0.072154,-0.002007,0.560000,0.000000,1.000000,0.000000,0.000000,0.000000,0.500000,0.000000,0.000000,0.000000,0.000000,0.000000,-0.213776,0.065622,0.075365,-0.020256,0.004717,0.002873,0.088316,0.146276,-0.003888,0.235980,0.170913
8.640000,1.130000,0.353483,0.066702,1.075274,-0.020064,0.005313,0.002866,0.593829,0.147216,-0.003866,0.044592,0.069356,-0.002371,0.570000,0.000000,1.000000,0.000000,0.000000,0.000000,0.500000,0.000000,0.000000,0.000000,0.000000,0.000000,-0.216517,0.066702,0.075274,-0.020064,0.005313,0.002866,0.093829,0.147216,-0.003866,0.238736,0.174618
8.650000,1.140000,0.359422,0.068174,1.075236,-0.019857,0.005360,0.002846,0.594340,0.149191,-0.003720,0.048017,0.103317,-0.003015,0.570000,0.000000,1.000000,0.000000,0.000000,0.000000,0.500000,0.000000,0.000000,0.000000,0.000000,0.000000,-0.210578,0.068174,0.075236,-0.019857,0.005360,0.002846,0.094340,0.149191,-0.003720,0.233776,0.176555
8.660000,1.150000,0.363927,0.067875,1.075135,-0.019597,0.005061,0.002846,0.589764,0.145390,-0.003757,0.044244,0.106696,-0.003267,0.580000,0.000000,1.000000,0.000000,0.000000,0.000000,0.500000,0.000000,0.000000,0.000000,0.000000,0.000000,-0.216073,0.067875,0.075135,-0.019597,0.005061,0.002846,0.089764,0.145390,-0.003757,0.238621,0.170909
8.673000,1.163000,0.370956,0.068880,1.075064,-0.019538,0.005537,0.002831,0.594408,0.146030,-0.003743,0.045492,0.096073,-0.003119,0.580000,0.000000,1.000000,0.000000,0.000000,0.000000,0.500000,0.000000,0.000000,0.000000,0.000000,0.000000,-0.209044,0.068880,0.075064,-0.019538,0.005537,0.002831,0.094408,0.146030,-0.003743,0.232548,0.173930
8.680000,1.170000,0.377404,0.069705,1.075001,-0.019429,0.005897,0.002816,0.596812,0.145987,-0.003707,0.045155,0.101306,-0.003064,0.592000,0.000000,1.000000,0.000000,0.000000,0.000000,0.500000,0.000000,0.000000,0.000000,0.000000,0.000000,-0.214596,0.069705,0.075001,-0.019429,0.005897,0.002816,0.096812,0.145987,-0.003707,0.237772,0.175210
8.691000,1.181000,0.383493,0.070452,1.074942,-0.019288,0.006195,0.002800,0.597855,0.145651,-0.003658,0.044802,0.108963,-0.002950,0.592000,0.000000,1.000000,0.000000,0.000000,0.000000,0.500000,0.000000,0.000000,0.000000,0.000000,0.000000,-0.208507,0.070452,0.074942,-0.019288,0.006195,0.002800,0.097855,0.145651,-0.003658,0.232498,0.175509
8.700000,1.190000,0.389394,0.071164,1.074884,-0.019126,0.006481,0.002784,0.598209,0.145186,-0.003610,0.045976,0.113643,-0.002848,0.600000,0.000000,1.000000,0.000000,0.000000,0.000000,0.500000,0.000000,0.000000,0.000000,0.000000,0.000000,-0.210606,0.071164,0.074884,-0.019126,0.006481,0.002784,0.098209,0.145186,-0.003610,0.234578,0.175319
8.710000,1.200000,0.395201,0.071856,1.074822,-0.018943,0.006770,0.002769,0.598239,0.144652,-0.003597,0.048357,0.110176,-0.002769,0.600000,0.000000,1.000000,0.000000,0.000000,0.000000,0.500000,0.000000,0.000000,0.000000,0.000000,0.000000,-0.204799,0.071856,0.074822,-0.018943,0.006770,0.002769,0.098239,0.144652,-0.003597,0.229574,0.174894
8.720000,1.210000,0.401184,0.073302,1.074786,-0.018460,0.007871,0.002720,0.598898,0.146514,-0.003509,0.077613,0.181923,-0.003713,0.610000,0.000000,1.000000,0.000000,0.000000,0.000000,0.500000,0.000000,0.000000,0.000000,0.000000,0.000000,-0.208816,0.073302,0.074786,-0.018460,0.007871,0.002720,0.098898,0.146514,-0.003509,0.233603,0.176803
8.730000,1.220000,0.403017,0.072901,1.074736,-0.018248,0.006293,0.002717,0.584666,0.142003,-0.003485,0.048702,0.108919,-0.002714,0.610000,0.000000,1.000000,0.000000,0.000000,0.000000,0.500000,0.000000,0.000000,0.000000,0.000000,0.000000,-0.206983,0.072901,0.074736,-0.018248,0.006293,0.002717,0.084666,0.142003,-0.003485,0.231823,0.165364
8.740000,1.230000,0.409126,0.073255,1.074628,-0.018175,0.006673,0.002714,0.586353,0.140672,-0.003628,0.049717,0.102941,-0.002623,0.620000,0.000000,1.000000,0.000000,0.000000,0.000000,0.500000,0.000000,0.000000,0.000000,0.000000,0.000000,-0.210874,0.073255,0.074628,-0.018175,0.006673,0.002714,0.086353,0.140672,-0.003628,0.235380,0.165102
8.750000,1.240000,0.414989,0.074662,1.074592,-0.017678,0.007702,0.002669,0.587003,0.142458,-0.003592,0.074283,0.184261,-0.003576,0.620000,0.000000,1.000000,0.000000,0.000000,0.000000,0.500000,0.000000,0.000000,0.000000,0.000000,0.000000,-0.205011,0.074662,0.074592,-0.017678,0.007702,0.002669,0.087003,0.142458,-0.003592,0.230581,0.166963
8.762000,1.252000,0.420731,0.074613,1.074435,-0.017717,0.007221,0.002677,0.587343,0.139614,-0.003907,0.047796,0.111772,-0.002504,0.630000,0.000000,1.000000,0.000000,0.000000,0.000000,0.500000,0.000000,0.000000,0.000000,0.000000,0.000000,-0.209269,0.074613,0.074435,-0.017717,0.007221,0.002677,0.087343,0.139614,-0.003907,0.234310,0.164731
8.771000,1.261000,0.427941,0.075573,1.074311,-0.017593,0.007945,0.002665,0.592966,0.140116,-0.004113,0.035830,0.091722,-0.002177,0.630000,0.000000,1.000000,0.000000,0.000000,0.000000,0.500000,0.000000,0.000000,0.000000,0.000000,0.000000,-0.202059,0.075573,0.074311,-0.017593,0.007945,0.002665,0.092966,0.140116,-0.004113,0.228170,0.168202
8.780000,1.270000,0.433871,0.076974,1.074270,-0.017235,0.008862,0.002628,0.593742,0.141844,-0.004070,0.049689,0.147468,-0.002876,0.640000,0.000000,1.000000,0.000000,0.000000,0.000000,0.500000,0.000000,0.000000,0.000000,0.000000,0.000000,-0.206129,0.076974,0.074270,-0.017235,0.008862,0.002628,0.093742,0.141844,-0.004070,0.232229,0.170070
8.791000,1.281000,0.438332,0.076583,1.074080,-0.017255,0.007991,0.002634,0.589329,0.137754,-0.004380,0.040378,0.100197,-0.002559,0.640000,0.000000,1.000000,0.000000,0.000000,0.000000,0.500000,0.000000,0.000000,0.000000,0.000000,0.000000,-0.201668,0.076583,0.074080,-0.017255,0.007991,0.002634,0.089329,0.137754,-0.004380,0.228085,0.164241
8.800000,1.290000,0.444225,0.077960,1.074036,-0.016852,0.008993,0.002591,0.590110,0.139451,-0.004253,0.070172,0.180174,-0.003614,0.650000,0.000000,1.000000,0.000000,0.000000,0.000000,0.500000,0.000000,0.000000,0.000000,0.000000,0.000000,-0.205775,0.077960,0.074036,-0.016852,0.008993,0.002591,0.090110,0.139451,-0.004253,0.232169,0.166086
8.810000,1.300000,0.447866,0.077899,1.073905,-0.016935,0.007662,0.002590,0.582804,0.136257,-0.004342,0.032822,0.100130,-0.002704,0.650000,0.000000,1.000000,0.000000,0.000000,0.000000,0.500000,0.000000,0.000000,0.000000,0.000000,0.000000,-0.202134,0.077899,0.073905,-0.016935,0.007662,0.002590,0.082804,0.136257,-0.004342,0.228885,0.159504
8.820000,1.310000,0.454681,0.078291,1.073713,-0.017087,0.008057,0.002587,0.587254,0.135148,-0.004604,0.029805,0.097498,-0.002721,0.660000,0.000000,1.000000,0.000000,0.000000,0.000000,0.500000,0.000000,0.000000,0.000000,0.000000,0.000000,-0.205319,0.078291,0.073713,-0.017087,0.008057,0.002587,0.087254,0.135148,-0.004604,0.231774,0.160933
8.830000,1.320000,0.460553,0.079642,1.073667,-0.017064,0.008261,0.002567,0.588038,0.136831,-0.004444,0.032585,0.110366,-0.002586,0.660000,0.000000,1.000000,0.000000,0.000000,0.000000,0.500000,0.000000,0.000000,0.000000,0.000000,0.000000,-0.199447,0.079642,0.073667,-0.017064,0.008261,0.002567,0.088038,0.136831,-0.004444,0.227043,0.162767
8.841000,1.331000,0.466557,0.079557,1.073437,-0.017058,0.008627,0.002563,0.589421,0.133981,-0.004827,0.032943,0.118123,-0.002420,0.670500,0.000000,1.000000,0.000000,0.000000,0.000000,0.500000,0.000000,0.000000,0.000000,0.000000,0.000000,-0.203943,0.079557,0.073437,-0.017058,0.008627,0.002563,0.089421,0.133981,-0.004827,0.230900,0.161153
8.850000,1.340000,0.473834,0.080446,1.073274,-0.017114,0.009389,0.002551,0.595354,0.134380,-0.004986,0.036390,0.119126,-0.002222,0.670500,0.000000,1.000000,0.000000,0.000000,0.000000,0.500000,0.000000,0.000000,0.000000,0.000000,0.000000,-0.196666,0.080446,0.073274,-0.017114,0.009389,0.002551,0.095354,0.134380,-0.004986,0.224762,0.164849
8.860000,1.350000,0.479788,0.081790,1.073224,-0.016750,0.010580,0.002508,0.596273,0.136065,-0.004808,0.067927,0.197963,-0.003115,0.680000,0.000000,1.000000,0.000000,0.000000,0.000000,0.500000,0.000000,0.000000,0.000000,0.000000,0.000000,-0.200212,0.081790,0.073224,-0.016750,0.010580,0.002508,0.096273,0.136065,-0.004808,0.228334,0.166749
8.870000,1.360000,0.482726,0.081505,1.073062,-0.016765,0.009363,0.002509,0.586367,0.132179,-0.004856,0.036699,0.116722,-0.002062,0.680000,0.000000,1.000000,0.000000,0.000000,0.000000,0.500000,0.000000,0.000000,0.000000,0.000000,0.000000,-0.197274,0.081505,0.073062,-0.016765,0.009363,0.002509,0.086367,0.132179,-0.004856,0.225606,0.157968
8.880000,1.370000,0.489322,0.081796,1.072819,-0.016838,0.010027,0.002509,0.590065,0.130842,-0.005141,0.038652,0.116092,-0.001830,0.690000,0.000000,1.000000,0.000000,0.000000,0.000000,0.500000,0.000000,0.000000,0.000000,0.000000,0.000000,-0.200678,0.081796,0.072819,-0.016838,0.010027,0.002509,0.090065,0.130842,-0.005141,0.228615,0.158927
8.890000,1.380000,0.495222,0.083104,1.072767,-0.016452,0.011187,0.002471,0.591048,0.132501,-0.004875,0.066407,0.196341,-0.002822,0.690000,0.000000,1.000000,0.000000,0.000000,0.000000,0.500000,0.000000,0.000000,0.000000,0.000000,0.000000,-0.194778,0.083104,0.072767,-0.016452,0.011187,0.002471,0.091048,0.132501,-0.004875,0.223919,0.160841
8.901000,1.391000,0.501163,0.082957,1.072465,-0.016616,0.010920,0.002482,0.592313,0.129554,-0.005332,0.028548,0.090316,-0.001494,0.700000,0.000000,1.000000,0.000000,0.000000,0.000000,0.500000,0.000000,0.000000,0.000000,0.000000,0.000000,-0.198837,0.082957,0.072465,-0.016616,0.010920,0.002482,0.092313,0.129554,-0.005332,0.227308,0.159168
8.910000,1.400000,0.508460,0.083787,1.072260,-0.016581,0.011742,0.002474,0.598449,0.129853,-0.005495,0.027843,0.087457,-0.001531,0.700000,0.000000,1.000000,0.000000,0.000000,0.000000,0.500000,0.000000,0.000000,0.000000,0.000000,0.000000,-0.191540,0.083787,0.072260,-0.016581,0.011742,0.002474,0.098449,0.129853,-0.005495,0.221199,0.163046
8.920000,1.410000,0.515102,0.084435,1.072054,-0.016323,0.012834,0.002451,0.602046,0.129474,-0.005657,0.043633,0.132417,-0.002300,0.710000,0.000000,1.000000,0.000000,0.000000,0.000000,0.500000,0.000000,0.000000,0.000000,0.000000,0.000000,-0.194898,0.084435,0.072054,-0.016323,0.012834,0.002451,0.102046,0.129474,-0.005657,0.224290,0.164951
8.930000,1.420000,0.521333,0.085004,1.071857,-0.016472,0.012592,0.002451,0.604050,0.128824,-0.005657,0.038408,0.103114,-0.002045,0.710000,0.000000,1.000000,0.000000,0.000000,0.000000,0.500000,0.000000,0.000000,0.000000,0.000000,0.000000,-0.188667,0.085004,0.071857,-0.016472,0.012592,0.002451,0.104050,0.128824,-0.005657,0.219053,0.165693
8.940000,1.430000,0.527350,0.085536,1.071670,-0.016526,0.012501,0.002444,0.605221,0.128066,-0.005628,0.031292,0.078999,-0.002425,0.720500,0.000000,1.000000,0.000000,0.000000,0.000000,0.500000,0.000000,0.000000,0.000000,0.000000,0.000000,-0.193150,0.085536,0.071670,-0.016526,0.012501,0.002444,0.105221,0.128066,-0.005628,0.223069,0.165843
8.950000,1.440000,0.533402,0.086816,1.071614,-0.016548,0.012387,0.002429,0.606445,0.129699,-0.005162,0.027298,0.059171,-0.002670,0.720500,0.000000,1.000000,0.000000,0.000000,0.000000,0.500000,0.000000,0.000000,0.000000,0.000000,0.000000,-0.187098,0.086816,0.071614,-0.016548,0.012387,0.002429,0.106445,0.129699,-0.005162,0.218337,0.167866
8.960000,1.450000,0.536744,0.086149,1.071353,-0.016454,0.011442,0.002426,0.597956,0.124997,-0.005301,0.026764,0.049351,-0.002834,0.730000,0.000000,1.000000,0.000000,0.000000,0.000000,0.500000,0.000000,0.000000,0.000000,0.000000,0.000000,-0.193256,0.086149,0.071353,-0.016454,0.011442,0.002426,0.097956,0.124997,-0.005301,0.223295,0.158895
8.970000,1.460000,0.543710,0.086873,1.071167,-0.016248,0.012240,0.002396,0.602704,0.125072,-0.005286,0.062104,0.132497,-0.003612,0.730000,0.000000,1.000000,0.000000,0.000000,0.000000,0.500000,0.000000,0.000000,0.000000,0.000000,0.000000,-0.186290,0.086873,0.071167,-0.016248,0.012240,0.002396,0.102704,0.125072,-0.005286,0.217522,0.161923
8.980000,1.470000,0.549737,0.088124,1.071114,-0.016606,0.011112,0.002389,0.603814,0.126712,-0.004879,0.035038,0.059252,-0.002756,0.740000,0.000000,1.000000,0.000000,0.000000,0.000000,0.500000,0.000000,0.000000,0.000000,0.000000,0.000000,-0.190263,0.088124,0.071114,-0.016606,0.011112,0.002389,0.103814,0.126712,-0.004879,0.221412,0.163881
8.993000,1.483000,0.553953,0.087562,1.070829,-0.016539,0.010243,0.002390,0.598443,0.122498,-0.005104,0.018373,0.029210,-0.002405,0.750000,0.000000,1.000000,0.000000,0.000000,0.000000,0.500000,0.000000,0.000000,0.000000,0.000000,0.000000,-0.196047,0.087562,0.070829,-0.016539,0.010243,0.002390,0.098443,0.122498,-0.005104,0.226094,0.157235
9.000000,1.490000,0.561054,0.088269,1.070637,-0.016614,0.010190,0.002384,0.603552,0.122607,-0.005056,0.016073,0.022682,-0.002395,0.750000,0.000000,1.000000,0.000000,0.000000,0.000000,0.500000,0.000000,0.000000,0.000000,0.000000,0.000000,-0.188946,0.088269,0.070637,-0.016614,0.010190,0.002384,0.103552,0.122607,-0.005056,0.220185,0.160565
9.010000,1.500000,0.567089,0.089495,1.070586,-0.016454,0.010416,0.002356,0.604553,0.124247,-0.004597,0.051647,0.123632,-0.003214,0.750000,0.000000,1.000000,0.000000,0.000000,0.000000,0.500000,0.000000,0.000000,0.000000,0.000000,0.000000,-0.182911,0.089495,0.070586,-0.016454,0.010416,0.002356,0.104553,0.124247,-0.004597,0.215518,0.162449
9.020000,1.510000,0.571425,0.088925,1.070300,-0.016731,0.008657,0.002368,0.599449,0.120097,-0.004835,0.030793,0.059446,-0.002540,0.760000,0.000000,1.000000,0.000000,0.000000,0.000000,0.500000,0.000000,0.000000,0.000000,0.000000,0.000000,-0.188575,0.088925,0.070300,-0.016731,0.008657,0.002368,0.099449,0.120097,-0.004835,0.220023,0.156003
9.030000,1.520000,0.577420,0.090125,1.070252,-0.016423,0.009251,0.002332,0.600298,0.121748,-0.004436,0.054830,0.125080,-0.003139,0.760000,0.000000,1.000000,0.000000,0.000000,0.000000,0.500000,0.000000,0.000000,0.000000,0.000000,0.000000,-0.182580,0.090125,0.070252,-0.016423,0.009251,0.002332,0.100298,0.121748,-0.004436,0.215392,0.157803
9.040000,1.530000,0.581092,0.089937,1.070073,-0.016559,0.007557,0.002338,0.592792,0.118693,-0.004428,0.022671,0.040244,-0.002067,0.770000,0.000000,1.000000,0.000000,0.000000,0.000000,0.500000,0.000000,0.000000,0.000000,0.000000,0.000000,-0.188908,0.089937,0.070073,-0.016559,0.007557,0.002338,0.092792,0.118693,-0.004428,0.220647,0.150725
9.050000,1.540000,0.586154,0.090218,1.069923,-0.016575,0.007025,0.002338,0.590489,0.117427,-0.004338,0.019361,0.045362,-0.001873,0.770000,0.000000,1.000000,0.000000,0.000000,0.000000,0.500000,0.000000,0.000000,0.000000,0.000000,0.000000,-0.183846,0.090218,0.069923,-0.016575,0.007025,0.002338,0.090489,0.117427,-0.004338,0.216397,0.148311
9.060000,1.550000,0.591644,0.090591,1.069778,-0.016633,0.006620,0.002340,0.589769,0.116534,-0.004233,0.017053,0.043115,-0.001660,0.780000,0.000000,1.000000,0.000000,0.000000,0.000000,0.500000,0.000000,0.000000,0.000000,0.000000,0.000000,-0.188356,0.090591,0.069778,-0.016633,0.006620,0.002340,0.089769,0.116534,-0.004233,0.220349,0.147162
9.070000,1.560000,0.599332,0.090891,1.069552,-0.016951,0.006813,0.002354,0.597077,0.115779,-0.004367,0.024394,0.077174,-0.001565,0.780000,0.000000,1.000000,0.000000,0.000000,0.000000,0.500000,0.000000,0.000000,0.000000,0.000000,0.000000,-0.180668,0.090891,0.069552,-0.016951,0.006813,0.002354,0.097077,0.115779,-0.004367,0.213868,0.151154
9.083000,1.573000,0.607066,0.091604,1.069387,-0.017149,0.007158,0.002362,0.604238,0.116191,-0.004286,0.024353,0.079946,-0.001280,0.790000,0.000000,1.000000,0.000000,0.000000,0.000000,0.500000,0.000000,0.000000,0.000000,0.000000,0.000000,-0.182934,0.091604,0.069387,-0.017149,0.007158,0.002362,0.104238,0.116191,-0.004286,0.216034,0.156155
9.094000,1.584000,0.614019,0.092120,1.069230,-0.017272,0.007420,0.002370,0.608304,0.115893,-0.004186,0.027065,0.098766,-0.000940,0.800000,0.000000,1.000000,0.000000,0.000000,0.000000,0.500000,0.000000,0.000000,0.000000,0.000000,0.000000,-0.185981,0.092120,0.069230,-0.017272,0.007420,0.002370,0.108304,0.115893,-0.004186,0.218787,0.158678
9.100000,1.590000,0.620102,0.093279,1.069188,-0.017001,0.008408,0.002343,0.609032,0.117597,-0.003750,0.061032,0.193611,-0.001960,0.800000,0.000000,1.000000,0.000000,0.000000,0.000000,0.500000,0.000000,0.000000,0.000000,0.000000,0.000000,-0.179898,0.093279,0.069188,-0.017001,0.008408,0.002343,0.109032,0.117597,-0.003750,0.214129,0.160409
9.110000,1.600000,0.622663,0.092824,1.069053,-0.017147,0.006735,0.002364,0.597088,0.113802,-0.003600,0.032310,0.104663,-0.000778,0.800000,0.000000,1.000000,0.000000,0.000000,0.000000,0.500000,0.000000,0.000000,0.000000,0.000000,0.000000,-0.177337,0.092824,0.069053,-0.017147,0.006735,0.002364,0.097088,0.113802,-0.003600,0.211738,0.149632
9.120000,1.610000,0.627423,0.093015,1.068934,-0.017126,0.006778,0.002372,0.593453,0.112453,-0.003411,0.036357,0.121615,-0.000514,0.810000,0.000000,1.000000,0.000000,0.000000,0.000000,0.500000,0.000000,0.000000,0.000000,0.000000,0.000000,-0.182577,0.093015,0.068934,-0.017126,0.006778,0.002372,0.093453,0.112453,-0.003411,0.216190,0.146255
9.130000,1.620000,0.634703,0.093206,1.068737,-0.017247,0.007792,0.002386,0.599173,0.111496,-0.003538,0.039186,0.144768,-0.000301,0.810000,0.000000,1.000000,0.000000,0.000000,0.000000,0.500000,0.000000,0.000000,0.000000,0.000000,0.000000,-0.175297,0.093206,0.068737,-0.017247,0.007792,0.002386,0.099173,0.111496,-0.003538,0.210097,0.149263
9.140000,1.630000,0.642356,0.093852,1.068586,-0.017185,0.009054,0.002388,0.606081,0.111846,-0.003529,0.047094,0.163680,-0.000290,0.820000,0.000000,1.000000,0.000000,0.000000,0.000000,0.500000,0.000000,0.000000,0.000000,0.000000,0.000000,-0.177644,0.093852,0.068586,-0.017185,0.009054,0.002388,0.106081,0.111846,-0.003529,0.212296,0.154192
9.151000,1.641000,0.649264,0.094312,1.068431,-0.017043,0.010134,0.002388,0.610131,0.111496,-0.003522,0.047391,0.159639,-0.000514,0.820000,0.000000,1.000000,0.000000,0.000000,0.000000,0.500000,0.000000,0.000000,0.000000,0.000000,0.000000,-0.170736,0.094312,0.068431,-0.017043,0.010134,0.002388,0.110131,0.111496,-0.003522,0.206708,0.156757
9.160000,1.650000,0.655366,0.095426,1.068396,-0.016569,0.011730,0.002356,0.611125,0.113176,-0.003163,0.076266,0.233297,-0.001891,0.830500,0.000000,1.000000,0.000000,0.000000,0.000000,0.500000,0.000000,0.000000,0.000000,0.000000,0.000000,-0.175134,0.095426,0.068396,-0.016569,0.011730,0.002356,0.111125,0.113176,-0.003163,0.210847,0.158643
9.170000,1.660000,0.659413,0.094713,1.068158,-0.016589,0.011309,0.002372,0.604899,0.108923,-0.003388,0.046442,0.144034,-0.000720,0.830500,0.000000,1.000000,0.000000,0.000000,0.000000,0.500000,0.000000,0.000000,0.000000,0.000000,0.000000,-0.171087,0.094713,0.068158,-0.016589,0.011309,0.002372,0.104899,0.108923,-0.003388,0.207091,0.151259
9.180000,1.670000,0.665462,0.095802,1.068124,-0.016424,0.012092,0.002362,0.606000,0.110563,-0.003015,0.046370,0.140674,-0.001049,0.840000,0.000000,1.000000,0.000000,0.000000,0.000000,0.500000,0.000000,0.000000,0.000000,0.000000,0.000000,-0.174538,0.095802,0.068124,-0.016424,0.012092,0.002362,0.106000,0.110563,-0.003015,0.210434,0.153197
9.191000,1.681000,0.670804,0.095319,1.067874,-0.016238,0.012680,0.002358,0.604744,0.107191,-0.003289,0.043583,0.140830,-0.001443,0.840000,0.000000,1.000000,0.000000,0.000000,0.000000,0.500000,0.000000,0.000000,0.000000,0.000000,0.000000,-0.169196,0.095319,0.067874,-0.016238,0.012680,0.002358,0.104744,0.107191,-0.003289,0.205718,0.149907
9.200000,1.690000,0.676851,0.096391,1.067841,-0.016096,0.013233,0.002341,0.605982,0.108795,-0.002921,0.041348,0.127025,-0.001929,0.850000,0.000000,1.000000,0.000000,0.000000,0.000000,0.500000,0.000000,0.000000,0.000000,0.000000,0.000000,-0.173149,0.096391,0.067841,-0.016096,0.013233,0.002341,0.105982,0.108795,-0.002921,0.209462,0.151911
9.210000,1.700000,0.682506,0.095918,1.067582,-0.015972,0.013604,0.002332,0.605950,0.105491,-0.003222,0.038532,0.108574,-0.002170,0.850000,0.000000,1.000000,0.000000,0.000000,0.000000,0.500000,0.000000,0.000000,0.000000,0.000000,0.000000,-0.167494,0.095918,0.067582,-0.015972,0.013604,0.002332,0.105950,0.105491,-0.003222,0.204504,0.149546
9.220000,1.710000,0.689903,0.096431,1.067416,-0.015990,0.014170,0.002317,0.612204,0.105463,-0.003248,0.031853,0.083665,-0.002631,0.860000,0.000000,1.000000,0.000000,0.000000,0.000000,0.500000,0.000000,0.000000,0.000000,0.000000,0.000000,-0.170097,0.096431,0.067416,-0.015990,0.014170,0.002317,0.112204,0.105463,-0.003248,0.206826,0.154021
9.230000,1.720000,0.696025,0.097486,1.067383,-0.015981,0.014184,0.002297,0.613592,0.107042,-0.002873,0.028727,0.074948,-0.002798,0.860000,0.000000,1.000000,0.000000,0.000000,0.000000,0.500000,0.000000,0.000000,0.000000,0.000000,0.000000,-0.163975,0.097486,0.067383,-0.015981,0.014184,0.002297,0.113592,0.107042,-0.002873,0.202316,0.156107
9.240000,1.730000,0.698996,0.097029,1.067204,-0.015479,0.014070,0.002262,0.603632,0.103486,-0.002935,0.055127,0.144498,-0.003648,0.870000,0.000000,1.000000,0.000000,0.000000,0.000000,0.500000,0.000000,0.000000,0.000000,0.000000,0.000000,-0.171004,0.097029,0.067204,-0.015479,0.014070,0.002262,0.103632,0.103486,-0.002935,0.207782,0.146484
9.250000,1.740000,0.705765,0.096966,1.066946,-0.015944,0.013446,0.002260,0.607705,0.101834,-0.003271,0.032029,0.072179,-0.002692,0.870000,0.000000,1.000000,0.000000,0.000000,0.000000,0.500000,0.000000,0.000000,0.000000,0.000000,0.000000,-0.164235,0.096966,0.066946,-0.015944,0.013446,0.002260,0.107705,0.101834,-0.003271,0.202132,0.148260
9.263000,1.753000,0.713383,0.097467,1.066754,-0.016130,0.013585,0.002249,0.614673,0.101896,-0.003410,0.027146,0.057675,-0.002577,0.881000,0.000000,1.000000,0.000000,0.000000,0.000000,0.500000,0.000000,0.000000,0.000000,0.000000,0.000000,-0.167617,0.097467,0.066754,-0.016130,0.013585,0.002249,0.114673,0.101896,-0.003410,0.205064,0.153442
9.270000,1.760000,0.719530,0.098486,1.066720,-0.015859,0.014162,0.002214,0.616008,0.103488,-0.002988,0.055959,0.142881,-0.003250,0.881000,0.000000,1.000000,0.000000,0.000000,0.000000,0.500000,0.000000,0.000000,0.000000,0.000000,0.000000,-0.161470,0.098486,0.066720,-0.015859,0.014162,0.002214,0.116008,0.103488,-0.002988,0.200558,0.155488
9.280000,1.770000,0.722685,0.098025,1.066508,-0.016031,0.012244,0.002214,0.606526,0.100067,-0.003095,0.023808,0.063680,-0.002362,0.890000,0.000000,1.000000,0.000000,0.000000,0.000000,0.500000,0.000000,0.000000,0.000000,0.000000,0.000000,-0.167315,0.098025,0.066508,-0.016031,0.012244,0.002214,0.106526,0.100067,-0.003095,0.205004,0.146188
9.290000,1.780000,0.727693,0.098111,1.066329,-0.016079,0.011673,0.002210,0.603981,0.098726,-0.003135,0.016298,0.031602,-0.001872,0.890000,0.000000,1.000000,0.000000,0.000000,0.000000,0.500000,0.000000,0.000000,0.000000,0.000000,0.000000,-0.162307,0.098111,0.066329,-0.016079,0.011673,0.002210,0.103981,0.098726,-0.003135,0.200920,0.143417
9.300000,1.790000,0.735202,0.098122,1.066032,-0.016365,0.011801,0.002216,0.610583,0.097537,-0.003520,0.011213,0.020835,-0.001427,0.900000,0.000000,1.000000,0.000000,0.000000,0.000000,0.500000,0.000000,0.000000,0.000000,0.000000,0.000000,-0.164798,0.098122,0.066032,-0.016365,0.011801,0.002216,0.110583,0.097537,-0.003520,0.202846,0.147494
9.310000,1.800000,0.741308,0.099097,1.065997,-0.016253,0.012009,0.002198,0.611742,0.099152,-0.003076,0.047419,0.123172,-0.002274,0.900000,0.000000,1.000000,0.000000,0.000000,0.000000,0.500000,0.000000,0.000000,0.000000,0.000000,0.000000,-0.158692,0.099097,0.065997,-0.016253,0.012009,0.002198,0.111742,0.099152,-0.003076,0.198391,0.149422
9.320000,1.810000,0.745816,0.098831,1.065768,-0.016585,0.010323,0.002212,0.607091,0.096612,-0.003211,0.022053,0.062454,-0.001537,0.911000,0.000000,1.000000,0.000000,0.000000,0.000000,0.500000,0.000000,0.000000,0.000000,0.000000,0.000000,-0.165184,0.098831,0.065768,-0.016585,0.010323,0.002212,0.107091,0.096612,-0.003211,0.203418,0.144265
9.330000,1.820000,0.753237,0.098739,1.065483,-0.016906,0.010363,0.002226,0.613130,0.095179,-0.003437,0.020935,0.060260,-0.001187,0.911000,0.000000,1.000000,0.000000,0.000000,0.000000,0.500000,0.000000,0.000000,0.000000,0.000000,0.000000,-0.157763,0.098739,0.065483,-0.016906,0.010363,0.002226,0.113130,0.095179,-0.003437,0.197298,0.147882
9.340000,1.830000,0.759368,0.099691,1.065448,-0.016697,0.010965,0.002204,0.614148,0.096848,-0.002926,0.055587,0.151494,-0.002123,0.920000,0.000000,1.000000,0.000000,0.000000,0.000000,0.500000,0.000000,0.000000,0.000000,0.000000,0.000000,-0.160632,0.099691,0.065448,-0.016697,0.010965,0.002204,0.114148,0.096848,-0.002926,0.200061,0.149726
9.350000,1.840000,0.763829,0.099398,1.065252,-0.016970,0.009627,0.002225,0.609144,0.094345,-0.002853,0.028336,0.084216,-0.000847,0.920000,0.000000,1.000000,0.000000,0.000000,0.000000,0.500000,0.000000,0.000000,0.000000,0.000000,0.000000,-0.156171,0.099398,0.065252,-0.016970,0.009627,0.002225,0.109144,0.094345,-0.002853,0.196283,0.144297
9.361000,1.851000,0.771241,0.099276,1.065000,-0.017176,0.010120,0.002242,0.615028,0.092918,-0.002949,0.032559,0.101638,-0.000356,0.930500,0.000000,1.000000,0.000000,0.000000,0.000000,0.500000,0.000000,0.000000,0.000000,0.000000,0.000000,-0.159259,0.099276,0.065000,-0.017176,0.010120,0.002242,0.115028,0.092918,-0.002949,0.198605,0.147898
9.370000,1.860000,0.777391,0.100205,1.064970,-0.016851,0.011136,0.002221,0.616022,0.094613,-0.002462,0.066087,0.188074,-0.001483,0.930500,0.000000,1.000000,0.000000,0.000000,0.000000,0.500000,0.000000,0.000000,0.000000,0.000000,0.000000,-0.153109,0.100205,0.064970,-0.016851,0.011136,0.002221,0.116022,0.094613,-0.002462,0.194176,0.149729
9.380000,1.870000,0.783754,0.099642,1.064672,-0.017135,0.010870,0.002250,0.617929,0.091598,-0.002774,0.038331,0.125008,-0.000014,0.940000,0.000000,1.000000,0.000000,0.000000,0.000000,0.500000,0.000000,0.000000,0.000000,0.000000,0.000000,-0.156246,0.099642,0.064672,-0.017135,0.010870,0.002250,0.117929,0.091598,-0.002774,0.196275,0.149349
9.390000,1.880000,0.791383,0.099984,1.064490,-0.017116,0.011806,0.002257,0.624346,0.091564,-0.002781,0.027166,0.097649,0.000101,0.940000,0.000000,1.000000,0.000000,0.000000,0.000000,0.500000,0.000000,0.000000,0.000000,0.000000,0.000000,-0.148617,0.099984,0.064490,-0.017116,0.011806,0.002257,0.124346,0.091564,-0.002781,0.190376,0.154446
9.400000,1.890000,0.797626,0.100900,1.064462,-0.016845,0.012782,0.002242,0.625506,0.093253,-0.002335,0.045531,0.142518,-0.000860,0.950000,0.000000,1.000000,0.000000,0.000000,0.000000,0.500000,0.000000,0.000000,0.000000,0.000000,0.000000,-0.152374,0.100900,0.064462,-0.016845,0.012782,0.002242,0.125506,0.093253,-0.002335,0.193788,0.156376
9.410000,1.900000,0.800699,0.100372,1.064267,-0.016857,0.011730,0.002257,0.615294,0.090049,-0.002298,0.037823,0.107863,-0.000600,0.950000,0.000000,1.000000,0.000000,0.000000,0.000000,0.500000,0.000000,0.000000,0.000000,0.000000,0.000000,-0.149301,0.100372,0.064267,-0.016857,0.011730,0.002257,0.115294,0.090049,-0.002298,0.191038,0.146311
9.420000,1.910000,0.807597,0.100149,1.064020,-0.017060,0.012063,0.002266,0.619282,0.088418,-0.002416,0.031705,0.083714,-0.001268,0.960000,0.000000,1.000000,0.000000,0.000000,0.000000,0.500000,0.000000,0.000000,0.000000,0.000000,0.000000,-0.152403,0.100149,0.064020,-0.017060,0.012063,0.002266,0.119282,0.088418,-0.002416,0.193274,0.148498
9.432000,1.922000,0.815347,0.100475,1.063854,-0.017156,0.012505,0.002264,0.626195,0.088441,-0.002357,0.027093,0.072023,-0.001829,0.970000,0.000000,1.000000,0.000000,0.000000,0.000000,0.500000,0.000000,0.000000,0.000000,0.000000,0.000000,-0.154653,0.100475,0.063854,-0.017156,0.012505,0.002264,0.126195,0.088441,-0.002357,0.195167,0.154118
9.440000,1.930000,0.821609,0.101360,1.063830,-0.016886,0.013225,0.002234,0.627424,0.090135,-0.001881,0.056475,0.143553,-0.003033,0.970000,0.000000,1.000000,0.000000,0.000000,0.000000,0.500000,0.000000,0.000000,0.000000,0.000000,0.000000,-0.148391,0.101360,0.063830,-0.016886,0.013225,0.002234,0.127424,0.090135,-0.001881,0.190704,0.156092
9.450000,1.940000,0.824799,0.100823,1.063649,-0.017072,0.011426,0.002242,0.617576,0.087027,-0.001894,0.019376,0.040648,-0.001560,0.970000,0.000000,1.000000,0.000000,0.000000,0.000000,0.500000,0.000000,0.000000,0.000000,0.000000,0.000000,-0.145201,0.100823,0.063649,-0.017072,0.011426,0.002242,0.117576,0.087027,-0.001894,0.187882,0.146292
9.461000,1.951000,0.831765,0.100565,1.063406,-0.017316,0.011329,0.002245,0.621686,0.085397,-0.002088,0.014236,0.019347,-0.001788,0.980000,0.000000,1.000000,0.000000,0.000000,0.000000,0.500000,0.000000,0.000000,0.000000,0.000000,0.000000,-0.148235,0.100565,0.063406,-0.017316,0.011329,0.002245,0.121686,0.085397,-0.002088,0.190019,0.148676
9.470000,1.960000,0.837982,0.101419,1.063386,-0.017174,0.011522,0.002223,0.622799,0.087106,-0.001626,0.052261,0.112987,-0.002733,0.980000,0.000000,1.000000,0.000000,0.000000,0.000000,0.500000,0.000000,0.000000,0.000000,0.000000,0.000000,-0.142018,0.101419,0.063386,-0.017174,0.011522,0.002223,0.122799,0.087106,-0.001626,0.185668,0.150565
9.481000,1.971000,0.844222,0.100762,1.063096,-0.017651,0.010219,0.002235,0.624018,0.084066,-0.001960,0.025476,0.043133,-0.002369,0.990000,0.000000,1.000000,0.000000,0.000000,0.000000,0.500000,0.000000,0.000000,0.000000,0.000000,0.000000,-0.145778,0.100762,0.063096,-0.017651,0.010219,0.002235,0.124018,0.084066,-0.001960,0.188110,0.149838
9.492000,1.982000,0.851892,0.101004,1.062938,-0.017880,0.009948,0.002238,0.630258,0.084006,-0.001928,0.012102,0.008842,-0.002009,1.000000,0.000000,1.000000,0.000000,0.000000,0.000000,0.500000,0.000000,0.000000,0.000000,0.000000,0.000000,-0.148108,0.101004,0.062938,-0.017880,0.009948,0.002238,0.130258,0.084006,-0.001928,0.189997,0.155009
9.502000,1.992000,0.858867,0.101116,1.062785,-0.018041,0.009527,0.002241,0.633713,0.083493,-0.001801,0.029238,0.039305,-0.002112,1.000000,0.000000,1.000000,0.000000,0.000000,0.000000,0.500000,0.000000,0.000000,0.000000,0.000000,0.000000,-0.141133,0.101116,0.062785,-0.018041,0.009527,0.002241,0.133713,0.083493,-0.001801,0.184621,0.157649
9.510000,2.000000,0.865403,0.101183,1.062643,-0.018204,0.008928,0.002246,0.635395,0.082856,-0.001642,0.030230,0.040221,-0.002004,1.000000,0.000000,1.000000,0.000000,0.000000,0.000000,0.500000,0.000000,0.000000,0.000000,0.000000,0.000000,-0.134597,0.101183,0.062643,-0.018204,0.008928,0.002246,0.135395,0.082856,-0.001642,0.179662,0.158744
9.520000,2.010000,0.871710,0.101232,1.062512,-0.018320,0.008336,0.002252,0.636122,0.082195,-0.001456,0.034540,0.047658,-0.001805,1.010000,0.000000,1.000000,0.000000,0.000000,0.000000,0.500000,0.000000,0.000000,0.000000,0.000000,0.000000,-0.138290,0.101232,0.062512,-0.018320,0.008336,0.002252,0.136122,0.082195,-0.001456,0.182428,0.159020
9.530000,2.020000,0.878071,0.102054,1.062498,-0.017975,0.008812,0.002226,0.636940,0.084004,-0.000954,0.070850,0.134803,-0.002645,1.010000,0.000000,1.000000,0.000000,0.000000,0.000000,0.500000,0.000000,0.000000,0.000000,0.000000,0.000000,-0.131929,0.102054,0.062498,-0.017975,0.008812,0.002226,0.136940,0.084004,-0.000954,0.178119,0.160655
9.540000,2.030000,0.880100,0.101413,1.062368,-0.018212,0.006239,0.002243,0.622141,0.080869,-0.000800,0.034211,0.047854,-0.001538,1.020000,0.000000,1.000000,0.000000,0.000000,0.000000,0.500000,0.000000,0.000000,0.000000,0.000000,0.000000,-0.139900,0.101413,0.062368,-0.018212,0.006239,0.002243,0.122141,0.080869,-0.000800,0.183702,0.146489
9.550000,2.040000,0.884839,0.101320,1.062263,-0.018188,0.005469,0.002253,0.617490,0.079794,-0.000675,0.023428,0.024829,-0.000958,1.020000,0.000000,1.000000,0.000000,0.000000,0.000000,0.500000,0.000000,0.000000,0.000000,0.000000,0.000000,-0.135161,0.101320,0.062263,-0.018188,0.005469,0.002253,0.117490,0.079794,-0.000675,0.180030,0.142026
9.560000,2.050000,0.890314,0.101315,1.062158,-0.017946,0.005579,0.002244,0.615598,0.079061,-0.000559,0.043818,0.079704,-0.001618,1.030000,0.000000,1.000000,0.000000,0.000000,0.000000,0.500000,0.000000,0.000000,0.000000,0.000000,0.000000,-0.139686,0.101315,0.062158,-0.017946,0.005579,0.002244,0.115598,0.079061,-0.000559,0.183413,0.140049
9.570000,2.060000,0.896103,0.101325,1.062051,-0.018154,0.004605,0.002261,0.614859,0.078402,-0.000476,0.040789,0.078274,-0.001357,1.030000,0.000000,1.000000,0.000000,0.000000,0.000000,0.500000,0.000000,0.000000,0.000000,0.000000,0.000000,-0.133897,0.101325,0.062051,-0.018154,0.004605,0.002261,0.114859,0.078402,-0.000476,0.179013,0.139068
9.580000,2.070000,0.904131,0.101095,1.061885,-0.018380,0.004758,0.002279,0.622301,0.077267,-0.000572,0.036967,0.076851,-0.001316,1.040000,0.000000,1.000000,0.000000,0.000000,0.000000,0.500000,0.000000,0.000000,0.000000,0.000000,0.000000,-0.135869,0.101095,0.061885,-0.018380,0.004758,0.002279,0.122301,0.077267,-0.000572,0.180306,0.144665
9.590000,2.080000,0.910354,0.101868,1.061879,-0.018010,0.005527,0.002252,0.622765,0.079078,-0.000215,0.068436,0.173678,-0.002333,1.040000,0.000000,1.000000,0.000000,0.000000,0.000000,0.500000,0.000000,0.000000,0.000000,0.000000,0.000000,-0.129646,0.101868,0.061879,-0.018010,0.005527,0.002252,0.122765,0.079078,-0.000215,0.176108,0.146029
9.600000,2.090000,0.915047,0.101442,1.061767,-0.018222,0.004084,0.002271,0.617738,0.076861,-0.000179,0.033360,0.088753,-0.001067,1.050000,0.000000,1.000000,0.000000,0.000000,0.000000,0.500000,0.000000,0.000000,0.000000,0.000000,0.000000,-0.134953,0.101442,0.061767,-0.018222,0.004084,0.002271,0.117738,0.076861,-0.000179,0.179772,0.140605
9.612000,2.102000,0.922633,0.101090,1.061642,-0.018371,0.004597,0.002286,0.623410,0.075357,-0.000219,0.022108,0.068713,-0.000485,1.060000,0.000000,1.000000,0.000000,0.000000,0.000000,0.500000,0.000000,0.000000,0.000000,0.000000,0.000000,-0.137367,0.101090,0.061642,-0.018371,0.004597,0.002286,0.123410,0.075357,-0.000219,0.181353,0.144598
9.620000,2.110000,0.930568,0.101247,1.061571,-0.018466,0.005260,0.002292,0.630136,0.075362,-0.000099,0.017288,0.073954,-0.000446,1.060000,0.000000,1.000000,0.000000,0.000000,0.000000,0.500000,0.000000,0.000000,0.000000,0.000000,0.000000,-0.129432,0.101247,0.061571,-0.018466,0.005260,0.002292,0.130136,0.075362,-0.000099,0.175484,0.150382
9.630000,2.120000,0.936869,0.102001,1.061570,-0.018587,0.005303,0.002293,0.630644,0.077184,0.000233,0.030210,0.104410,-0.001008,1.060000,0.000000,1.000000,0.000000,0.000000,0.000000,0.500000,0.000000,0.000000,0.000000,0.000000,0.000000,-0.123131,0.102001,0.061570,-0.018587,0.005303,0.002293,0.130644,0.077184,0.000233,0.171337,0.151741
9.640000,2.130000,0.940161,0.101390,1.061495,-0.018111,0.005538,0.002270,0.620364,0.074401,0.000341,0.070130,0.198924,-0.002263,1.070000,0.000000,1.000000,0.000000,0.000000,0.000000,0.500000,0.000000,0.000000,0.000000,0.000000,0.000000,-0.129839,0.101390,0.061495,-0.018111,0.005538,0.002270,0.120364,0.074401,0.000341,0.175840,0.141503
9.650000,2.140000,0.947187,0.100978,1.061420,-0.018762,0.004975,0.002293,0.623949,0.072810,0.000368,0.031021,0.090988,-0.001079,1.070000,0.000000,1.000000,0.000000,0.000000,0.000000,0.500000,0.000000,0.000000,0.000000,0.000000,0.000000,-0.122813,0.100978,0.061420,-0.018762,0.004975,0.002293,0.123949,0.072810,0.000368,0.170447,0.143752
9.660000,2.150000,0.953427,0.101706,1.061424,-0.018874,0.005055,0.002290,0.624423,0.074662,0.000624,0.033756,0.094373,-0.001126,1.080000,0.000000,1.000000,0.000000,0.000000,0.000000,0.500000,0.000000,0.000000,0.000000,0.000000,0.000000,-0.126573,0.101706,0.061424,-0.018874,0.005055,0.002290,0.124423,0.074662,0.000624,0.173603,0.145106
9.670000,2.160000,0.959676,0.100911,1.061347,-0.018900,0.005280,0.002300,0.625102,0.071696,0.000617,0.037366,0.105334,-0.001046,1.080000,0.000000,1.000000,0.000000,0.000000,0.000000,0.500000,0.000000,0.000000,0.000000,0.000000,0.000000,-0.120324,0.100911,0.061347,-0.018900,0.005280,0.002300,0.125102,0.071696,0.000617,0.168596,0.144192
9.680000,2.170000,0.967352,0.100994,1.061310,-0.018559,0.006785,0.002275,0.630884,0.071615,0.000722,0.074553,0.191467,-0.002157,1.090000,0.000000,1.000000,0.000000,0.000000,0.000000,0.500000,0.000000,0.000000,0.000000,0.000000,0.000000,-0.122648,0.100994,0.061310,-0.018559,0.006785,0.002275,0.130884,0.071615,0.000722,0.170298,0.149197
9.690000,2.180000,0.974325,0.100961,1.061267,-0.018787,0.006430,0.002289,0.633945,0.071112,0.000761,0.046073,0.108800,-0.000949,1.090000,0.000000,1.000000,0.000000,0.000000,0.000000,0.500000,0.000000,0.000000,0.000000,0.000000,0.000000,-0.115675,0.100961,0.061267,-0.018787,0.006430,0.002289,0.133945,0.071112,0.000761,0.165311,0.151654
9.702000,2.192000,0.980854,0.100893,1.061219,-0.018611,0.006860,0.002289,0.635328,0.070492,0.000782,0.053434,0.118624,-0.000962,1.100000,0.000000,1.000000,0.000000,0.000000,0.000000,0.500000,0.000000,0.000000,0.000000,0.000000,0.000000,-0.119146,0.100893,0.061219,-0.018611,0.006860,0.002289,0.135328,0.070492,0.000782,0.167699,0.152589
9.711000,2.201000,0.987152,0.100812,1.061164,-0.018408,0.007236,0.002289,0.635856,0.069832,0.000752,0.053348,0.115901,-0.001001,1.100000,0.000000,1.000000,0.000000,0.000000,0.000000,0.500000,0.000000,0.000000,0.000000,0.000000,0.000000,-0.112848,0.100812,0.061164,-0.018408,0.007236,0.002289,0.135856,0.069832,0.000752,0.163214,0.152754
9.720000,2.210000,0.993333,0.100723,1.061101,-0.018191,0.007581,0.002287,0.635979,0.069147,0.000700,0.054749,0.116051,-0.001090,1.110000,0.000000,1.000000,0.000000,0.000000,0.000000,0.500000,0.000000,0.000000,0.000000,0.000000,0.000000,-0.116667,0.100723,0.061101,-0.018191,0.007581,0.002287,0.135979,0.069147,0.000700,0.165800,0.152552
9.734000,2.224000,0.999457,0.100627,1.061031,-0.017974,0.007885,0.002285,0.635923,0.068441,0.000618,0.050808,0.105772,-0.001231,1.120000,0.000000,1.000000,0.000000,0.000000,0.000000,0.500000,0.000000,0.000000,0.000000,0.000000,0.000000,-0.120543,0.100627,0.061031,-0.017974,0.007885,0.002285,0.135923,0.068441,0.000618,0.168467,0.152183
9.741000,2.231000,1.005552,0.100523,1.060952,-0.017777,0.008117,0.002281,0.635799,0.067713,0.000517,0.048565,0.098917,-0.001445,1.120000,0.000000,1.000000,0.000000,0.000000,0.000000,0.500000,0.000000,0.000000,0.000000,0.000000,0.000000,-0.114448,0.100523,0.060952,-0.017777,0.008117,0.002281,0.135799,0.067713,0.000517,0.164068,0.151746
9.752000,2.242000,1.011636,0.100411,1.060867,-0.017614,0.008256,0.002276,0.635657,0.066965,0.000412,0.045259,0.092355,-0.001600,1.130000,0.000000,1.000000,0.000000,0.000000,0.000000,0.500000,0.000000,0.000000,0.000000,0.000000,0.000000,-0.118364,0.100411,0.060867,-0.017614,0.008256,0.002276,0.135657,0.066965,0.000412,0.166725,0.151285
9.763000,2.253000,1.017714,0.100291,1.060775,-0.017491,0.008301,0.002271,0.635513,0.066201,0.000316,0.042723,0.087142,-0.001677,1.130000,0.000000,1.000000,0.000000,0.000000,0.000000,0.500000,0.000000,0.000000,0.000000,0.000000,0.000000,-0.112286,0.100291,0.060775,-0.017491,0.008301,0.002271,0.135513,0.066201,0.000316,0.162358,0.150819
9.770000,2.260000,1.024069,0.100953,1.060778,-0.017064,0.009172,0.002239,0.636326,0.067922,0.000504,0.071405,0.158801,-0.002645,1.130000,0.000000,1.000000,0.000000,0.000000,0.000000,0.500000,0.000000,0.000000,0.000000,0.000000,0.000000,-0.105931,0.100953,0.060778,-0.017064,0.009172,0.002239,0.136326,0.067922,0.000504,0.158451,0.152310
9.782000,2.272000,1.027370,0.099880,1.060579,-0.017314,0.007482,0.002251,0.626275,0.064088,0.000102,0.035031,0.070537,-0.001785,1.140000,0.000000,1.000000,0.000000,0.000000,0.000000,0.500000,0.000000,0.000000,0.000000,0.000000,0.000000,-0.112630,0.099880,0.060579,-0.017314,0.007482,0.002251,0.126275,0.064088,0.000102,0.162270,0.141607
9.790000,2.280000,1.033633,0.100521,1.060580,-0.016964,0.008187,0.002221,0.627006,0.065791,0.000267,0.053020,0.120801,-0.002461,1.140000,0.000000,1.000000,0.000000,0.000000,0.000000,0.500000,0.000000,0.000000,0.000000,0.000000,0.000000,-0.106367,0.100521,0.060580,-0.016964,0.008187,0.002221,0.127006,0.065791,0.000267,0.158393,0.143035
9.800000,2.290000,1.037225,0.099948,1.060431,-0.017120,0.006646,0.002227,0.618172,0.063432,-0.000006,0.018469,0.038989,-0.001598,1.150000,0.000000,1.000000,0.000000,0.000000,0.000000,0.500000,0.000000,0.000000,0.000000,0.000000,0.000000,-0.112775,0.099948,0.060431,-0.017120,0.006646,0.002227,0.118172,0.063432,-0.000006,0.162357,0.134120
9.811000,2.301000,1.044322,0.099412,1.060218,-0.017420,0.006505,0.002235,0.622301,0.061664,-0.000424,0.010897,0.027807,-0.001725,1.150000,0.000000,1.000000,0.000000,0.000000,0.000000,0.500000,0.000000,0.000000,0.000000,0.000000,0.000000,-0.105678,0.099412,0.060218,-0.017420,0.006505,0.002235,0.122301,0.061664,-0.000424,0.157089,0.136968
9.822000,2.312000,1.052158,0.099383,1.060073,-0.017350,0.007280,0.002218,0.628874,0.061409,-0.000635,0.035904,0.095932,-0.002429,1.160000,0.000000,1.000000,0.000000,0.000000,0.000000,0.500000,0.000000,0.000000,0.000000,0.000000,0.000000,-0.107842,0.099383,0.060073,-0.017350,0.007280,0.002218,0.128874,0.061409,-0.000635,0.158479,0.142759
9.830000,2.320000,1.059255,0.099230,1.059917,-0.018047,0.005921,0.002234,0.632486,0.060749,-0.000745,0.009543,0.033888,-0.001902,1.160000,0.000000,1.000000,0.000000,0.000000,0.000000,0.500000,0.000000,0.000000,0.000000,0.000000,0.000000,-0.100745,0.099230,0.059917,-0.018047,0.005921,0.002234,0.132486,0.060749,-0.000745,0.153578,0.145751
9.840000,2.330000,1.065861,0.099044,1.059768,-0.018416,0.005292,0.002244,0.634117,0.060032,-0.000835,0.008061,0.039334,-0.001772,1.170000,0.000000,1.000000,0.000000,0.000000,0.000000,0.500000,0.000000,0.000000,0.000000,0.000000,0.000000,-0.104139,0.099044,0.059768,-0.018416,0.005292,0.002244,0.134117,0.060032,-0.000835,0.155650,0.146942
9.850000,2.340000,1.072202,0.099644,1.059760,-0.018335,0.005684,0.002219,0.634634,0.061848,-0.000443,0.052460,0.136970,-0.002625,1.170000,0.000000,1.000000,0.000000,0.000000,0.000000,0.500000,0.000000,0.000000,0.000000,0.000000,0.000000,-0.097798,0.099644,0.059760,-0.018335,0.005684,0.002219,0.134634,0.061848,-0.000443,0.151871,0.148161
9.860000,2.350000,1.074431,0.098910,1.059601,-0.018947,0.002947,0.002240,0.620325,0.059215,-0.000499,0.014219,0.044228,-0.001475,1.181000,0.000000,1.000000,0.000000,0.000000,0.000000,0.500000,0.000000,0.000000,0.000000,0.000000,0.000000,-0.106569,0.098910,0.059601,-0.018947,0.002947,0.002240,0.120325,0.059215,-0.000499,0.157138,0.134108
9.871000,2.361000,1.081041,0.098309,1.059399,-0.019332,0.002687,0.002260,0.622248,0.057554,-0.000720,0.006030,0.024911,-0.000822,1.181000,0.000000,1.000000,0.000000,0.000000,0.000000,0.500000,0.000000,0.000000,0.000000,0.000000,0.000000,-0.099959,0.098309,0.059399,-0.019332,0.002687,0.002260,0.122248,0.057554,-0.000720,0.152265,0.135121
9.880000,2.370000,1.088767,0.098229,1.059269,-0.019548,0.002831,0.002273,0.628052,0.057453,-0.000733,0.011566,0.032187,-0.000611,1.190000,0.000000,1.000000,0.000000,0.000000,0.000000,0.500000,0.000000,0.000000,0.000000,0.000000,0.000000,-0.101233,0.098229,0.059269,-0.019548,0.002831,0.002273,0.128052,0.057453,-0.000733,0.153003,0.140352
9.890000,2.380000,1.095047,0.098803,1.059262,-0.019432,0.003153,0.002261,0.628327,0.059380,-0.000317,0.060072,0.148534,-0.001755,1.190000,0.000000,1.000000,0.000000,0.000000,0.000000,0.500000,0.000000,0.000000,0.000000,0.000000,0.000000,-0.094953,0.098803,0.059262,-0.019432,0.003153,0.002261,0.128327,0.059380,-0.000317,0.149299,0.141400
9.900000,2.390000,1.099874,0.097696,1.059036,-0.019975,0.001478,0.002294,0.623448,0.055965,-0.000548,0.033024,0.082932,-0.000900,1.200000,0.000000,1.000000,0.000000,0.000000,0.000000,0.500000,0.000000,0.000000,0.000000,0.000000,0.000000,-0.100126,0.097696,0.059036,-0.019975,0.001478,0.002294,0.123448,0.055965,-0.000548,0.151839,0.135543
9.913000,2.403000,1.107327,0.097573,1.058930,-0.020076,0.001687,0.002306,0.628096,0.055827,-0.000485,0.022913,0.055262,-0.000632,1.210000,0.000000,1.000000,0.000000,0.000000,0.000000,0.500000,0.000000,0.000000,0.000000,0.000000,0.000000,-0.102673,0.097573,0.058930,-0.020076,0.001687,0.002306,0.128096,0.055827,-0.000485,0.153411,0.139733
9.921000,2.411000,1.114160,0.097356,1.058834,-0.020143,0.001712,0.002318,0.630331,0.055361,-0.000396,0.023388,0.055609,-0.000667,1.210000,0.000000,1.000000,0.000000,0.000000,0.000000,0.500000,0.000000,0.000000,0.000000,0.000000,0.000000,-0.095840,0.097356,0.058834,-0.020143,0.001712,0.002318,0.130331,0.055361,-0.000396,0.148744,0.141602
9.930000,2.420000,1.120463,0.097909,1.058830,-0.019909,0.002268,0.002300,0.630495,0.057346,0.000010,0.066902,0.156542,-0.001890,1.210000,0.000000,1.000000,0.000000,0.000000,0.000000,0.500000,0.000000,0.000000,0.000000,0.000000,0.000000,-0.089537,0.097909,0.058830,-0.019909,0.002268,0.002300,0.130495,0.057346,0.000010,0.145135,0.142540
9.940000,2.430000,1.124368,0.096768,1.058697,-0.020275,0.000695,0.002328,0.622155,0.053926,0.000027,0.041512,0.093883,-0.001051,1.220000,0.000000,1.000000,0.000000,0.000000,0.000000,0.500000,0.000000,0.000000,0.000000,0.000000,0.000000,-0.095632,0.096768,0.058697,-0.020275,0.000695,0.002328,0.122155,0.053926,0.000027,0.148172,0.133529
9.950000,2.440000,1.130589,0.097307,1.058697,-0.020237,0.000738,0.002326,0.622212,0.055925,0.000356,0.032643,0.074592,-0.000909,1.220000,0.000000,1.000000,0.000000,0.000000,0.000000,0.500000,0.000000,0.000000,0.000000,0.000000,0.000000,-0.089411,0.097307,0.058697,-0.020237,0.000738,0.002326,0.122212,0.055925,0.000356,0.144597,0.134401
9.960000,2.450000,1.136000,0.096283,1.058597,-0.020200,0.000642,0.002337,0.619555,0.052962,0.000385,0.031460,0.071519,-0.001035,1.230000,0.000000,1.000000,0.000000,0.000000,0.000000,0.500000,0.000000,0.000000,0.000000,0.000000,0.000000,-0.094000,0.096283,0.058597,-0.020200,0.000642,0.002337,0.119555,0.052962,0.000385,0.146765,0.130762
9.970000,2.460000,1.142195,0.096812,1.058601,-0.019885,0.001356,0.002312,0.619614,0.054950,0.000662,0.073353,0.171339,-0.002203,1.230000,0.000000,1.000000,0.000000,0.000000,0.000000,0.500000,0.000000,0.000000,0.000000,0.000000,0.000000,-0.087805,0.096812,0.058601,-0.019885,0.001356,0.002312,0.119614,0.054950,0.000662,0.143235,0.131633
9.981000,2.471000,1.146151,0.096168,1.058552,-0.020106,-0.000084,0.002325,0.611670,0.053016,0.000777,0.046832,0.106483,-0.001426,1.240500,0.000000,1.000000,0.000000,0.000000,0.000000,0.500000,0.000000,0.000000,0.000000,0.000000,0.000000,-0.094349,0.096168,0.058552,-0.020106,-0.000084,0.002325,0.111670,0.053016,0.000777,0.146896,0.123618
9.990000,2.480000,1.151425,0.095848,1.058523,-0.019616,0.000817,0.002296,0.608741,0.052299,0.000896,0.070066,0.174458,-0.002266,1.240500,0.000000,1.000000,0.000000,0.000000,0.000000,0.500000,0.000000,0.000000,0.000000,0.000000,0.000000,-0.089075,0.095848,0.058523,-0.019616,0.000817,0.002296,0.108741,0.052299,0.000896,0.143339,0.120667
10.000000,2.490000,1.157102,0.095576,1.058501,-0.019817,0.000169,0.002306,0.607376,0.051763,0.001033,0.034775,0.090601,-0.001091,1.250000,0.000000,1.000000,0.000000,0.000000,0.000000,0.500000,0.000000,0.000000,0.000000,0.000000,0.000000,-0.092898,0.095576,0.058501,-0.019817,0.000169,0.002306,0.107376,0.051763,0.001033,0.145558,0.119206
10.011000,2.501000,1.165023,0.094964,1.058472,-0.019911,0.000921,0.002314,0.614323,0.050372,0.001101,0.028621,0.093302,-0.001042,1.250000,0.000000,1.000000,0.000000,0.000000,0.000000,0.500000,0.000000,0.000000,0.000000,0.000000,0.000000,-0.084977,0.094964,0.058472,-0.019911,0.000921,0.002314,0.114323,0.050372,0.001101,0.140207,0.124933
10.020000,2.510000,1.171166,0.095467,1.058483,-0.019625,0.001854,0.002285,0.614409,0.052329,0.001284,0.051122,0.168586,-0.001849,1.260000,0.000000,1.000000,0.000000,0.000000,0.000000,0.500000,0.000000,0.000000,0.000000,0.000000,0.000000,-0.088834,0.095467,0.058483,-0.019625,0.001854,0.002285,0.114409,0.052329,0.001284,0.142918,0.125815
10.030000,2.520000,1.175802,0.094814,1.058461,-0.019812,0.000854,0.002295,0.609154,0.050407,0.001321,0.038867,0.115859,-0.001302,1.260000,0.000000,1.000000,0.000000,0.000000,0.000000,0.500000,0.000000,0.000000,0.000000,0.000000,0.000000,-0.084198,0.094814,0.058461,-0.019812,0.000854,0.002295,0.109154,0.050407,0.001321,0.139630,0.120238
10.040000,2.530000,1.183301,0.094103,1.058430,-0.020027,0.001450,0.002303,0.614537,0.048727,0.001330,0.034845,0.117312,-0.001261,1.270000,0.000000,1.000000,0.000000,0.000000,0.000000,0.500000,0.000000,0.000000,0.000000,0.000000,0.000000,-0.086699,0.094103,0.058430,-0.020027,0.001450,0.002303,0.114537,0.048727,0.001330,0.140663,0.124479
10.051000,2.541000,1.191136,0.093900,1.058413,-0.020154,0.002193,0.002304,0.620929,0.048557,0.001330,0.030263,0.122554,-0.001046,1.270000,0.000000,1.000000,0.000000,0.000000,0.000000,0.500000,0.000000,0.000000,0.000000,0.000000,0.000000,-0.078864,0.093900,0.058413,-0.020154,0.002193,0.002304,0.120929,0.048557,0.001330,0.135827,0.130321
10.060000,2.550000,1.197345,0.094385,1.058427,-0.019851,0.003418,0.002269,0.621140,0.050537,0.001416,0.067127,0.216605,-0.002101,1.280500,0.000000,1.000000,0.000000,0.000000,0.000000,0.500000,0.000000,0.000000,0.000000,0.000000,0.000000,-0.083155,0.094385,0.058427,-0.019851,0.003418,0.002269,0.121140,0.050537,0.001416,0.138698,0.131267
10.070000,2.560000,1.200602,0.093610,1.058389,-0.020083,0.002272,0.002278,0.610813,0.048283,0.001333,0.039860,0.133260,-0.000960,1.280500,0.000000,1.000000,0.000000,0.000000,0.000000,0.500000,0.000000,0.000000,0.000000,0.000000,0.000000,-0.079898,0.093610,0.058389,-0.020083,0.002272,0.002278,0.110813,0.048283,0.001333,0.136220,0.120882
10.080000,2.570000,1.205663,0.093234,1.058360,-0.020081,0.002579,0.002277,0.607358,0.047545,0.001279,0.043660,0.144024,-0.000771,1.290000,0.000000,1.000000,0.000000,0.000000,0.000000,0.500000,0.000000,0.000000,0.000000,0.000000,0.000000,-0.084337,0.093234,0.058360,-0.020081,0.002579,0.002277,0.107358,0.047545,0.001279,0.138605,0.117422
10.090000,2.580000,1.211231,0.092914,1.058328,-0.020031,0.003152,0.002274,0.605895,0.047022,0.001195,0.045030,0.155534,-0.000608,1.290000,0.000000,1.000000,0.000000,0.000000,0.000000,0.500000,0.000000,0.000000,0.000000,0.000000,0.000000,-0.078769,0.092914,0.058328,-0.020031,0.003152,0.002274,0.105895,0.047022,0.001195,0.135055,0.115871
10.100000,2.590000,1.217017,0.092597,1.058288,-0.019925,0.003858,0.002272,0.605329,0.046515,0.001094,0.050157,0.162247,-0.000475,1.300000,0.000000,1.000000,0.000000,0.000000,0.000000,0.500000,0.000000,0.000000,0.000000,0.000000,0.000000,-0.082983,0.092597,0.058288,-0.019925,0.003858,0.002272,0.105329,0.046515,0.001094,0.137324,0.115148
10.110000,2.600000,1.222906,0.092273,1.058241,-0.019770,0.004656,0.002269,0.605232,0.045988,0.000976,0.052306,0.162255,-0.000448,1.300000,0.000000,1.000000,0.000000,0.000000,0.000000,0.500000,0.000000,0.000000,0.000000,0.000000,0.000000,-0.077094,0.092273,0.058241,-0.019770,0.004656,0.002269,0.105232,0.045988,0.000976,0.133603,0.114846
10.123000,2.613000,1.230935,0.091573,1.058137,-0.019686,0.006169,0.002270,0.613122,0.044469,0.000697,0.055870,0.164792,-0.000393,1.310500,0.000000,1.000000,0.000000,0.000000,0.000000,0.500000,0.000000,0.000000,0.000000,0.000000,0.000000,-0.079565,0.091573,0.058137,-0.019686,0.006169,0.002270,0.113122,0.044469,0.000697,0.134522,0.121551
10.132000,2.622000,1.238891,0.091311,1.058059,-0.019455,0.007649,0.002262,0.620508,0.044187,0.000518,0.055975,0.165686,-0.000625,1.310500,0.000000,1.000000,0.000000,0.000000,0.000000,0.500000,0.000000,0.000000,0.000000,0.000000,0.000000,-0.071609,0.091311,0.058059,-0.019455,0.007649,0.002262,0.120508,0.044187,0.000518,0.129756,0.128355
10.140000,2.630000,1.245096,0.091753,1.058065,-0.018896,0.009305,0.002224,0.621255,0.046099,0.000589,0.086390,0.239200,-0.001902,1.320000,0.000000,1.000000,0.000000,0.000000,0.000000,0.500000,0.000000,0.000000,0.000000,0.000000,0.000000,-0.074904,0.091753,0.058065,-0.018896,0.009305,0.002224,0.121255,0.046099,0.000589,0.131912,0.129723
10.151000,2.641000,1.250170,0.090507,1.057878,-0.018984,0.009067,0.002231,0.618168,0.042583,0.000168,0.049705,0.140784,-0.000875,1.320000,0.000000,1.000000,0.000000,0.000000,0.000000,0.500000,0.000000,0.000000,0.000000,0.000000,0.000000,-0.069830,0.090507,0.057878,-0.018984,0.009067,0.002231,0.118168,0.042583,0.000168,0.128132,0.125606
10.162000,2.652000,1.256351,0.090933,1.057880,-0.018488,0.010475,0.002196,0.619054,0.044450,0.000306,0.076821,0.197289,-0.002094,1.330000,0.000000,1.000000,0.000000,0.000000,0.000000,0.500000,0.000000,0.000000,0.000000,0.000000,0.000000,-0.073649,0.090933,0.057880,-0.018488,0.010475,0.002196,0.119054,0.044450,0.000306,0.130549,0.127082
10.171000,2.661000,1.261994,0.089773,1.057675,-0.018665,0.010281,0.002198,0.618230,0.041267,-0.000109,0.042759,0.123016,-0.001462,1.330000,0.000000,1.000000,0.000000,0.000000,0.000000,0.500000,0.000000,0.000000,0.000000,0.000000,0.000000,-0.068006,0.089773,0.057675,-0.018665,0.010281,0.002198,0.118230,0.041267,-0.000109,0.126532,0.125225
10.180000,2.670000,1.268176,0.090185,1.057674,-0.018238,0.011510,0.002161,0.619237,0.043103,0.000080,0.070787,0.186440,-0.002593,1.340000,0.000000,1.000000,0.000000,0.000000,0.000000,0.500000,0.000000,0.000000,0.000000,0.000000,0.000000,-0.071824,0.090185,0.057674,-0.018238,0.011510,0.002161,0.119237,0.043103,0.000080,0.128912,0.126789
10.190000,2.680000,1.272165,0.089446,1.057533,-0.018388,0.010524,0.002158,0.612426,0.041094,-0.000099,0.038163,0.105827,-0.001811,1.340000,0.000000,1.000000,0.000000,0.000000,0.000000,0.500000,0.000000,0.000000,0.000000,0.000000,0.000000,-0.067835,0.089446,0.057533,-0.018388,0.010524,0.002158,0.112426,0.041094,-0.000099,0.126144,0.119701
10.201000,2.691000,1.279377,0.088616,1.057333,-0.018543,0.010957,0.002153,0.617580,0.039190,-0.000444,0.028870,0.079778,-0.002051,1.350000,0.000000,1.000000,0.000000,0.000000,0.000000,0.500000,0.000000,0.000000,0.000000,0.000000,0.000000,-0.070623,0.088616,0.057333,-0.018543,0.010957,0.002153,0.117580,0.039190,-0.000444,0.126994,0.123940
10.210000,2.700000,1.285553,0.089008,1.057329,-0.018628,0.010876,0.002142,0.618649,0.041018,-0.000213,0.025275,0.075175,-0.002101,1.350000,0.000000,1.000000,0.000000,0.000000,0.000000,0.500000,0.000000,0.000000,0.000000,0.000000,0.000000,-0.064447,0.089008,0.057329,-0.018628,0.010876,0.002142,0.118649,0.041018,-0.000213,0.123945,0.125539
10.224000,2.714000,1.291850,0.087812,1.057058,-0.018756,0.010816,0.002140,0.620291,0.037816,-0.000742,0.028258,0.069142,-0.001958,1.360000,0.000000,1.000000,0.000000,0.000000,0.000000,0.500000,0.000000,0.000000,0.000000,0.000000,0.000000,-0.068150,0.087812,0.057058,-0.018756,0.010816,0.002140,0.120291,0.037816,-0.000742,0.124944,0.126098
10.231000,2.721000,1.299487,0.087447,1.056902,-0.018931,0.011019,0.002137,0.626639,0.037343,-0.000927,0.026241,0.064223,-0.001818,1.360000,0.000000,1.000000,0.000000,0.000000,0.000000,0.500000,0.000000,0.000000,0.000000,0.000000,0.000000,-0.060513,0.087447,0.056902,-0.018931,0.011019,0.002137,0.126639,0.037343,-0.000927,0.120610,0.132033
10.240000,2.730000,1.305754,0.087821,1.056893,-0.018669,0.011661,0.002106,0.627719,0.039207,-0.000674,0.065202,0.145484,-0.002571,1.370000,0.000000,1.000000,0.000000,0.000000,0.000000,0.500000,0.000000,0.000000,0.000000,0.000000,0.000000,-0.064246,0.087821,0.056893,-0.018669,0.011661,0.002106,0.127719,0.039207,-0.000674,0.122788,0.133603
10.251000,2.741000,1.308818,0.086975,1.056699,-0.019122,0.009610,0.002118,0.617266,0.037014,-0.000824,0.023223,0.058818,-0.001530,1.370000,0.000000,1.000000,0.000000,0.000000,0.000000,0.500000,0.000000,0.000000,0.000000,0.000000,0.000000,-0.061182,0.086975,0.056699,-0.019122,0.009610,0.002118,0.117266,0.037014,-0.000824,0.120510,0.122972
10.263000,2.753000,1.315720,0.086091,1.056440,-0.019330,0.009678,0.002127,0.621026,0.035145,-0.001163,0.027361,0.062731,-0.001176,1.380000,0.000000,1.000000,0.000000,0.000000,0.000000,0.500000,0.000000,0.000000,0.000000,0.000000,0.000000,-0.064280,0.086091,0.056440,-0.019330,0.009678,0.002127,0.121026,0.035145,-0.001163,0.121363,0.126031
10.270000,2.760000,1.321930,0.086443,1.056428,-0.019056,0.010305,0.002103,0.621975,0.037051,-0.000778,0.066317,0.155422,-0.002060,1.380000,0.000000,1.000000,0.000000,0.000000,0.000000,0.500000,0.000000,0.000000,0.000000,0.000000,0.000000,-0.058070,0.086443,0.056428,-0.019056,0.010305,0.002103,0.121975,0.037051,-0.000778,0.118442,0.127481
10.282000,2.772000,1.328127,0.085208,1.056090,-0.019536,0.009236,0.002130,0.622981,0.033939,-0.001344,0.013485,0.034646,-0.000544,1.390000,0.000000,1.000000,0.000000,0.000000,0.000000,0.500000,0.000000,0.000000,0.000000,0.000000,0.000000,-0.061873,0.085208,0.056090,-0.019536,0.009236,0.002130,0.122981,0.033939,-0.001344,0.119310,0.127586
10.292000,2.782000,1.335772,0.084794,1.055895,-0.019604,0.009529,0.002143,0.629112,0.033505,-0.001482,0.015758,0.040702,-0.000250,1.400000,0.000000,1.000000,0.000000,0.000000,0.000000,0.500000,0.000000,0.000000,0.000000,0.000000,0.000000,-0.064228,0.084794,0.055895,-0.019604,0.009529,0.002143,0.129112,0.033505,-0.001482,0.120165,0.133397
10.300000,2.790000,1.342063,0.085129,1.055880,-0.019447,0.009936,0.002132,0.630047,0.035438,-0.001086,0.036421,0.093575,-0.000987,1.400000,0.000000,1.000000,0.000000,0.000000,0.000000,0.500000,0.000000,0.000000,0.000000,0.000000,0.000000,-0.057937,0.085129,0.055880,-0.019447,0.009936,0.002132,0.130047,0.035438,-0.001086,0.117159,0.134793
10.310000,2.800000,1.345119,0.084263,1.055652,-0.019686,0.008207,0.002154,0.619344,0.033371,-0.001168,0.031724,0.066444,-0.000736,1.400000,0.000000,1.000000,0.000000,0.000000,0.000000,0.500000,0.000000,0.000000,0.000000,0.000000,0.000000,-0.054881,0.084263,0.055652,-0.019686,0.008207,0.002154,0.119344,0.033371,-0.001168,0.114932,0.123927
10.320000,2.810000,1.352031,0.083335,1.055370,-0.020024,0.008008,0.002173,0.622917,0.031544,-0.001403,0.023809,0.050267,-0.001133,1.410000,0.000000,1.000000,0.000000,0.000000,0.000000,0.500000,0.000000,0.000000,0.000000,0.000000,0.000000,-0.057969,0.083335,0.055370,-0.020024,0.008008,0.002173,0.122917,0.031544,-0.001403,0.115633,0.126908
10.330000,2.820000,1.359811,0.082906,1.055194,-0.019798,0.008992,0.002156,0.629417,0.031192,-0.001361,0.059261,0.140978,-0.002239,1.410000,0.000000,1.000000,0.000000,0.000000,0.000000,0.500000,0.000000,0.000000,0.000000,0.000000,0.000000,-0.050189,0.082906,0.055194,-0.019798,0.008992,0.002156,0.129417,0.031192,-0.001361,0.111529,0.133130
10.340000,2.830000,1.366105,0.083218,1.055180,-0.020362,0.007688,0.002171,0.630203,0.033187,-0.000840,0.019491,0.055167,-0.001377,1.420000,0.000000,1.000000,0.000000,0.000000,0.000000,0.500000,0.000000,0.000000,0.000000,0.000000,0.000000,-0.053895,0.083218,0.055180,-0.020362,0.007688,0.002171,0.130203,0.033187,-0.000840,0.113467,0.134369
10.350000,2.840000,1.370959,0.081862,1.054875,-0.020537,0.006939,0.002186,0.625883,0.029894,-0.001109,0.006680,0.022608,-0.001002,1.420000,0.000000,1.000000,0.000000,0.000000,0.000000,0.500000,0.000000,0.000000,0.000000,0.000000,0.000000,-0.049041,0.081862,0.054875,-0.020537,0.006939,0.002186,0.125883,0.029894,-0.001109,0.110081,0.129389
10.360000,2.850000,1.377218,0.082161,1.054864,-0.020730,0.006581,0.002191,0.626559,0.031925,-0.000515,0.005212,0.023624,-0.000961,1.430000,0.000000,1.000000,0.000000,0.000000,0.000000,0.500000,0.000000,0.000000,0.000000,0.000000,0.000000,-0.052782,0.082161,0.054864,-0.020730,0.006581,0.002191,0.126559,0.031925,-0.000515,0.112011,0.130524
10.370000,2.860000,1.381076,0.081345,1.054683,-0.020876,0.005520,0.002202,0.618609,0.030265,-0.000526,0.027748,0.062897,-0.001377,1.430000,0.000000,1.000000,0.000000,0.000000,0.000000,0.500000,0.000000,0.000000,0.000000,0.000000,0.000000,-0.048924,0.081345,0.054683,-0.020876,0.005520,0.002202,0.118609,0.030265,-0.000526,0.109548,0.122411
10.380000,2.870000,1.386344,0.080811,1.054543,-0.021186,0.004743,0.002213,0.615935,0.029697,-0.000414,0.022506,0.052672,-0.001508,1.440000,0.000000,1.000000,0.000000,0.000000,0.000000,0.500000,0.000000,0.000000,0.000000,0.000000,0.000000,-0.053656,0.080811,0.054543,-0.021186,0.004743,0.002213,0.115935,0.029697,-0.000414,0.111285,0.119679
10.390000,2.880000,1.392042,0.080311,1.054414,-0.021515,0.004052,0.002225,0.614834,0.029294,-0.000269,0.010973,0.040504,-0.001517,1.440000,0.000000,1.000000,0.000000,0.000000,0.000000,0.500000,0.000000,0.000000,0.000000,0.000000,0.000000,-0.047958,0.080311,0.054414,-0.021515,0.004052,0.002225,0.114834,0.029294,-0.000269,0.108216,0.118512
10.400000,2.890000,1.397928,0.079807,1.054294,-0.021793,0.003475,0.002237,0.614388,0.028919,-0.000103,0.014627,0.044577,-0.001509,1.450000,0.000000,1.000000,0.000000,0.000000,0.000000,0.500000,0.000000,0.000000,0.000000,0.000000,0.000000,-0.052072,0.079807,0.054294,-0.021793,0.003475,0.002237,0.114388,0.028919,-0.000103,0.109674,0.117987
10.410000,2.900000,1.405997,0.078862,1.054110,-0.022107,0.003685,0.002255,0.621909,0.027366,-0.000148,0.029591,0.067970,-0.001159,1.450000,0.000000,1.000000,0.000000,0.000000,0.000000,0.500000,0.000000,0.000000,0.000000,0.000000,0.000000,-0.044003,0.078862,0.054110,-0.022107,0.003685,0.002255,0.121909,0.027366,-0.000148,0.105277,0.124943
10.420000,2.910000,1.412217,0.079135,1.054108,-0.022173,0.003550,0.002259,0.622264,0.029548,0.000344,0.043072,0.096380,-0.000747,1.460000,0.000000,1.000000,0.000000,0.000000,0.000000,0.500000,0.000000,0.000000,0.000000,0.000000,0.000000,-0.047783,0.079135,0.054108,-0.022173,0.003550,0.002259,0.122264,0.029548,0.000344,0.107114,0.125784
10.430000,2.920000,1.416899,0.078284,1.053972,-0.021642,0.004131,0.002236,0.617130,0.027974,0.000434,0.083079,0.188814,-0.001815,1.460000,0.000000,1.000000,0.000000,0.000000,0.000000,0.500000,0.000000,0.000000,0.000000,0.000000,0.000000,-0.043101,0.078284,0.053972,-0.021642,0.004131,0.002236,0.117130,0.027974,0.000434,0.104399,0.120425
10.440000,2.930000,1.422446,0.077713,1.053870,-0.022021,0.003126,0.002258,0.615273,0.027465,0.000622,0.044930,0.104049,-0.000510,1.470000,0.000000,1.000000,0.000000,0.000000,0.000000,0.500000,0.000000,0.000000,0.000000,0.000000,0.000000,-0.047554,0.077713,0.053870,-0.022021,0.003126,0.002258,0.115273,0.027465,0.000622,0.105843,0.118501
10.450000,2.940000,1.428264,0.077182,1.053773,-0.021943,0.003289,0.002268,0.614460,0.027110,0.000739,0.028507,0.083538,-0.000007,1.470000,0.000000,1.000000,0.000000,0.000000,0.000000,0.500000,0.000000,0.000000,0.000000,0.000000,0.000000,-0.041736,0.077182,0.053773,-0.021943,0.003289,0.002268,0.114460,0.027110,0.000739,0.102911,0.117629
10.460000,2.950000,1.434199,0.076652,1.053677,-0.021656,0.004130,0.002255,0.614132,0.026755,0.000851,0.045028,0.137657,-0.000891,1.480000,0.000000,1.000000,0.000000,0.000000,0.000000,0.500000,0.000000,0.000000,0.000000,0.000000,0.000000,-0.045801,0.076652,0.053677,-0.021656,0.004130,0.002255,0.114132,0.026755,0.000851,0.104185,0.117229
10.470000,2.960000,1.440190,0.076117,1.053582,-0.021763,0.003906,0.002268,0.614043,0.026381,0.000933,0.049538,0.124249,-0.000704,1.480000,0.000000,1.000000,0.000000,0.000000,0.000000,0.500000,0.000000,0.000000,0.000000,0.000000,0.000000,-0.039810,0.076117,0.053582,-0.021763,0.003906,0.002268,0.114043,0.026381,0.000933,0.101241,0.117058
10.480000,2.970000,1.446208,0.075576,1.053494,-0.021787,0.004076,0.002272,0.614075,0.025997,0.001029,0.044270,0.119094,-0.001036,1.490000,0.000000,1.000000,0.000000,0.000000,0.000000,0.500000,0.000000,0.000000,0.000000,0.000000,0.000000,-0.043792,0.075576,0.053494,-0.021787,0.004076,0.002272,0.114075,0.025997,0.001029,0.102426,0.117004
10.490000,2.980000,1.452238,0.075029,1.053413,-0.021817,0.004278,0.002273,0.614173,0.025607,0.001127,0.031906,0.103168,-0.001167,1.490000,0.000000,1.000000,0.000000,0.000000,0.000000,0.500000,0.000000,0.000000,0.000000,0.000000,0.000000,-0.037762,0.075029,0.053413,-0.021817,0.004278,0.002273,0.114173,0.025607,0.001127,0.099541,0.117014
10.500000,2.990000,1.458274,0.074478,1.053340,-0.021846,0.004509,0.002270,0.614308,0.025216,0.001243,0.030702,0.104115,-0.001414,1.500000,0.000000,1.000000,0.000000,0.000000,0.000000,0.500000,0.000000,0.000000,0.000000,0.000000,0.000000,-0.041726,0.074478,0.053340,-0.021846,0.004509,0.002270,0.114308,0.025216,0.001243,0.100664,0.117063
10.510000,3.000000,1.464312,0.073923,1.053271,-0.021893,0.004747,0.002266,0.614467,0.024825,0.001341,0.036762,0.111065,-0.001445,1.500000,0.000000,1.000000,0.000000,0.000000,0.000000,0.500000,0.000000,0.000000,0.000000,0.000000,0.000000,-0.035688,0.073923,0.053271,-0.021893,0.004747,0.002266,0.114467,0.024825,0.001341,0.097857,0.117136
10.521000,3.011000,1.472456,0.072911,1.053153,-0.022085,0.005596,0.002264,0.622385,0.023186,0.001288,0.032814,0.107972,-0.001565,1.510000,0.000000,1.000000,0.000000,0.000000,0.000000,0.500000,0.000000,0.000000,0.000000,0.000000,0.000000,-0.037544,0.072911,0.053153,-0.022085,0.005596,0.002264,0.122385,0.023186,0.001288,0.097728,0.124569
10.530000,3.020000,1.478680,0.073143,1.053166,-0.021757,0.006675,0.002225,0.622931,0.025361,0.001598,0.069331,0.187188,-0.002566,1.510000,0.000000,1.000000,0.000000,0.000000,0.000000,0.500000,0.000000,0.000000,0.000000,0.000000,0.000000,-0.031320,0.073143,0.053166,-0.021757,0.006675,0.002225,0.122931,0.025361,0.001598,0.095694,0.125530
10.540000,3.030000,1.483365,0.072254,1.053062,-0.022119,0.005682,0.002230,0.617993,0.023802,0.001557,0.030843,0.105192,-0.001486,1.520000,0.000000,1.000000,0.000000,0.000000,0.000000,0.500000,0.000000,0.000000,0.000000,0.000000,0.000000,-0.036635,0.072254,0.053062,-0.022119,0.005682,0.002230,0.117993,0.023802,0.001557,0.096842,0.120379
10.550000,3.040000,1.490899,0.071181,1.052917,-0.022275,0.006360,0.002229,0.623623,0.022018,0.001356,0.018087,0.068602,-0.001164,1.520000,0.000000,1.000000,0.000000,0.000000,0.000000,0.500000,0.000000,0.000000,0.000000,0.000000,0.000000,-0.029101,0.071181,0.052917,-0.022275,0.006360,0.002229,0.123623,0.022018,0.001356,0.093348,0.125576
10.560000,3.050000,1.497135,0.071401,1.052930,-0.022095,0.007045,0.002202,0.624244,0.024211,0.001624,0.040898,0.112698,-0.001847,1.530000,0.000000,1.000000,0.000000,0.000000,0.000000,0.500000,0.000000,0.000000,0.000000,0.000000,0.000000,-0.032865,0.071401,0.052930,-0.022095,0.007045,0.002202,0.124244,0.024211,0.001624,0.094762,0.126592
10.570000,3.060000,1.501608,0.070514,1.052807,-0.022415,0.006001,0.002208,0.618554,0.022728,0.001533,0.032345,0.086418,-0.001605,1.530000,0.000000,1.000000,0.000000,0.000000,0.000000,0.500000,0.000000,0.000000,0.000000,0.000000,0.000000,-0.028392,0.070514,0.052807,-0.022415,0.006001,0.002208,0.118554,0.022728,0.001533,0.092557,0.120722
10.580000,3.070000,1.507071,0.069897,1.052717,-0.022625,0.005572,0.002210,0.616604,0.022282,0.001543,0.028280,0.069041,-0.001796,1.540000,0.000000,1.000000,0.000000,0.000000,0.000000,0.500000,0.000000,0.000000,0.000000,0.000000,0.000000,-0.032929,0.069897,0.052717,-0.022625,0.005572,0.002210,0.116604,0.022282,0.001543,0.093536,0.118724
10.591000,3.081000,1.514868,0.068857,1.052580,-0.022935,0.005692,0.002219,0.623204,0.020730,0.001384,0.022296,0.047270,-0.001798,1.540000,0.000000,1.000000,0.000000,0.000000,0.000000,0.500000,0.000000,0.000000,0.000000,0.000000,0.000000,-0.025132,0.068857,0.052580,-0.022935,0.005692,0.002219,0.123204,0.020730,0.001384,0.090209,0.124944
10.600000,3.090000,1.521100,0.069065,1.052594,-0.022712,0.006164,0.002190,0.623759,0.022988,0.001670,0.061354,0.128307,-0.002714,1.550000,0.000000,1.000000,0.000000,0.000000,0.000000,0.500000,0.000000,0.000000,0.000000,0.000000,0.000000,-0.028900,0.069065,0.052594,-0.022712,0.006164,0.002190,0.123759,0.022988,0.001670,0.091495,0.125887
10.610000,3.100000,1.525669,0.068164,1.052488,-0.023123,0.004475,0.002205,0.618315,0.021568,0.001634,0.031929,0.053839,-0.001724,1.550000,0.000000,1.000000,0.000000,0.000000,0.000000,0.500000,0.000000,0.000000,0.000000,0.000000,0.000000,-0.024331,0.068164,0.052488,-0.023123,0.004475,0.002205,0.118315,0.021568,0.001634,0.089406,0.120275
10.620000,3.110000,1.533139,0.067065,1.052358,-0.023329,0.004407,0.002222,0.623540,0.019878,0.001525,0.036096,0.051592,-0.001362,1.560000,0.000000,1.000000,0.000000,0.000000,0.000000,0.500000,0.000000,0.000000,0.000000,0.000000,0.000000,-0.026861,0.067065,0.052358,-0.023329,0.004407,0.002222,0.123540,0.019878,0.001525,0.089222,0.125138
10.630000,3.120000,1.539374,0.067264,1.052373,-0.022968,0.004923,0.002196,0.623968,0.022174,0.001803,0.076773,0.145589,-0.002249,1.560000,0.000000,1.000000,0.000000,0.000000,0.000000,0.500000,0.000000,0.000000,0.000000,0.000000,0.000000,-0.020626,0.067264,0.052373,-0.022968,0.004923,0.002196,0.123968,0.022174,0.001803,0.087708,0.125949
10.641000,3.131000,1.545704,0.065846,1.052205,-0.023321,0.003849,0.002229,0.624812,0.019333,0.001537,0.043983,0.068283,-0.000678,1.570000,0.000000,1.000000,0.000000,0.000000,0.000000,0.500000,0.000000,0.000000,0.000000,0.000000,0.000000,-0.024296,0.065846,0.052205,-0.023321,0.003849,0.002229,0.124812,0.019333,0.001537,0.087473,0.126310
10.650000,3.140000,1.551952,0.066040,1.052220,-0.022881,0.004531,0.002206,0.625186,0.021628,0.001787,0.065476,0.126520,-0.001430,1.570000,0.000000,1.000000,0.000000,0.000000,0.000000,0.500000,0.000000,0.000000,0.000000,0.000000,0.000000,-0.018048,0.066040,0.052220,-0.022881,0.004531,0.002206,0.125186,0.021628,0.001787,0.086104,0.127053
10.661000,3.151000,1.556059,0.065134,1.052106,-0.023058,0.003008,0.002235,0.617875,0.020255,0.001654,0.027555,0.041054,-0.000049,1.580000,0.000000,1.000000,0.000000,0.000000,0.000000,0.500000,0.000000,0.000000,0.000000,0.000000,0.000000,-0.023941,0.065134,0.052106,-0.023058,0.003008,0.002235,0.117875,0.020255,0.001654,0.086779,0.119614
10.672000,3.162000,1.563311,0.064029,1.051963,-0.023195,0.003061,0.002261,0.622184,0.018591,0.001442,0.023318,0.035236,-0.000290,1.590000,0.000000,1.000000,0.000000,0.000000,0.000000,0.500000,0.000000,0.000000,0.000000,0.000000,0.000000,-0.026689,0.064029,0.051963,-0.023195,0.003061,0.002261,0.122184,0.018591,0.001442,0.086673,0.123598
10.682000,3.172000,1.571120,0.063421,1.051882,-0.023339,0.003051,0.002284,0.628304,0.018378,0.001481,0.031452,0.056506,-0.000668,1.590000,0.000000,1.000000,0.000000,0.000000,0.000000,0.500000,0.000000,0.000000,0.000000,0.000000,0.000000,-0.018880,0.063421,0.051882,-0.023339,0.003051,0.002284,0.128304,0.018378,0.001481,0.084086,0.129622
10.692000,3.182000,1.578154,0.062749,1.051794,-0.023537,0.002693,0.002308,0.631363,0.017954,0.001500,0.025785,0.048929,-0.000797,1.600000,0.000000,1.000000,0.000000,0.000000,0.000000,0.500000,0.000000,0.000000,0.000000,0.000000,0.000000,-0.021846,0.062749,0.051794,-0.023537,0.002693,0.002308,0.131363,0.017954,0.001500,0.084245,0.132593
10.700000,3.190000,1.584468,0.062928,1.051809,-0.023279,0.003182,0.002289,0.631623,0.020272,0.001819,0.068487,0.147563,-0.002080,1.600000,0.000000,1.000000,0.000000,0.000000,0.000000,0.500000,0.000000,0.000000,0.000000,0.000000,0.000000,-0.015532,0.062928,0.051809,-0.023279,0.003182,0.002289,0.131623,0.020272,0.001819,0.082978,0.133187
10.710000,3.200000,1.586946,0.061992,1.051699,-0.023864,0.000533,0.002325,0.618055,0.018909,0.001760,0.023862,0.039185,-0.000817,1.600000,0.000000,1.000000,0.000000,0.000000,0.000000,0.500000,0.000000,0.000000,0.000000,0.000000,0.000000,-0.013054,0.061992,0.051699,-0.023864,0.000533,0.002325,0.118055,0.018909,0.001760,0.081769,0.119573
10.720000,3.210000,1.591769,0.061368,1.051625,-0.024084,-0.000334,0.002346,0.613288,0.018724,0.001810,0.025557,0.045133,-0.000858,1.610500,0.000000,1.000000,0.000000,0.000000,0.000000,0.500000,0.000000,0.000000,0.000000,0.000000,0.000000,-0.018731,0.061368,0.051625,-0.024084,-0.000334,0.002346,0.113288,0.018724,0.001810,0.082353,0.114839
10.734000,3.224000,1.599149,0.060304,1.051503,-0.024346,-0.000283,0.002373,0.617928,0.017356,0.001674,0.032504,0.070489,-0.000776,1.620500,0.000000,1.000000,0.000000,0.000000,0.000000,0.500000,0.000000,0.000000,0.000000,0.000000,0.000000,-0.021351,0.060304,0.051503,-0.024346,-0.000283,0.002373,0.117928,0.017356,0.001674,0.082129,0.119210
10.741000,3.231000,1.606954,0.059680,1.051430,-0.024383,0.000088,0.002388,0.623886,0.017230,0.001679,0.042862,0.094340,-0.000660,1.620500,0.000000,1.000000,0.000000,0.000000,0.000000,0.500000,0.000000,0.000000,0.000000,0.000000,0.000000,-0.013546,0.059680,0.051430,-0.024383,0.000088,0.002388,0.123886,0.017230,0.001679,0.079939,0.125090
10.750000,3.240000,1.613193,0.059852,1.051446,-0.023954,0.001031,0.002358,0.623889,0.019629,0.001971,0.084059,0.188650,-0.001897,1.620500,0.000000,1.000000,0.000000,0.000000,0.000000,0.500000,0.000000,0.000000,0.000000,0.000000,0.000000,-0.007307,0.059852,0.051446,-0.023954,0.001031,0.002358,0.123889,0.019629,0.001971,0.079262,0.125450
10.760000,3.250000,1.616382,0.058884,1.051334,-0.024246,-0.000710,0.002385,0.612950,0.018227,0.001879,0.046621,0.103734,-0.000519,1.630000,0.000000,1.000000,0.000000,0.000000,0.000000,0.500000,0.000000,0.000000,0.000000,0.000000,0.000000,-0.013618,0.058884,0.051334,-0.024246,-0.000710,0.002385,0.112950,0.018227,0.001879,0.079297,0.114426
10.770000,3.260000,1.621397,0.058235,1.051255,-0.024174,-0.000827,0.002396,0.608940,0.018009,0.001831,0.031237,0.072377,-0.000075,1.630000,0.000000,1.000000,0.000000,0.000000,0.000000,0.500000,0.000000,0.000000,0.000000,0.000000,0.000000,-0.008603,0.058235,0.051255,-0.024174,-0.000827,0.002396,0.108940,0.018009,0.001831,0.078054,0.110434
10.783000,3.273000,1.628864,0.057147,1.051117,-0.024206,-0.000160,0.002411,0.614034,0.016575,0.001642,0.050658,0.120101,-0.000743,1.640000,0.000000,1.000000,0.000000,0.000000,0.000000,0.500000,0.000000,0.000000,0.000000,0.000000,0.000000,-0.011136,0.057147,0.051117,-0.024206,-0.000160,0.002411,0.114034,0.016575,0.001642,0.077477,0.115244
10.793000,3.283000,1.636652,0.056507,1.051042,-0.024195,0.000414,0.002416,0.620096,0.016405,0.001639,0.045172,0.110479,-0.001307,1.650000,0.000000,1.000000,0.000000,0.000000,0.000000,0.500000,0.000000,0.000000,0.000000,0.000000,0.000000,-0.013348,0.056507,0.051042,-0.024195,0.000414,0.002416,0.120096,0.016405,0.001639,0.077308,0.121222
10.804000,3.294000,1.643649,0.055803,1.050971,-0.024197,0.000694,0.002419,0.623091,0.016016,0.001686,0.036254,0.086290,-0.001315,1.650000,0.000000,1.000000,0.000000,0.000000,0.000000,0.500000,0.000000,0.000000,0.000000,0.000000,0.000000,-0.006351,0.055803,0.050971,-0.024197,0.000694,0.002419,0.123091,0.016016,0.001686,0.075844,0.124140
10.810000,3.300000,1.650117,0.055112,1.050913,-0.024197,0.000844,0.002419,0.624071,0.015691,0.001771,0.036356,0.087590,-0.001485,1.650000,0.000000,1.000000,0.000000,0.000000,0.000000,0.500000,0.000000,0.000000,0.000000,0.000000,0.000000,0.000117,0.055112,0.050913,-0.024197,0.000844,0.002419,0.124071,0.015691,0.001771,0.075030,0.125072
10.820000,3.310000,1.656300,0.054439,1.050866,-0.024201,0.000912,0.002418,0.623995,0.015446,0.001884,0.036655,0.087962,-0.001607,1.660000,0.000000,1.000000,0.000000,0.000000,0.000000,0.500000,0.000000,0.000000,0.000000,0.000000,0.000000,-0.003700,0.054439,0.050866,-0.024201,0.000912,0.002418,0.123995,0.015446,0.001884,0.074596,0.124967
10.830000,3.320000,1.662337,0.053776,1.050825,-0.024207,0.000926,0.002417,0.623395,0.015250,0.001993,0.040089,0.090223,-0.001624,1.660000,0.000000,1.000000,0.000000,0.000000,0.000000,0.500000,0.000000,0.000000,0.000000,0.000000,0.000000,0.002337,0.053776,0.050825,-0.024207,0.000926,0.002417,0.123395,0.015250,0.001993,0.074030,0.124349
10.840000,3.330000,1.668297,0.053117,1.050785,-0.024209,0.000905,0.002416,0.622541,0.015079,0.002102,0.041035,0.089048,-0.001623,1.670000,0.000000,1.000000,0.000000,0.000000,0.000000,0.500000,0.000000,0.000000,0.000000,0.000000,0.000000,-0.001703,0.053117,0.050785,-0.024209,0.000905,0.002416,0.122541,0.015079,0.002102,0.073508,0.123483
10.853000,3.343000,1.674216,0.052460,1.050743,-0.024201,0.000859,0.002415,0.621568,0.014920,0.002164,0.040111,0.086143,-0.001550,1.680000,0.000000,1.000000,0.000000,0.000000,0.000000,0.500000,0.000000,0.000000,0.000000,0.000000,0.000000,-0.005784,0.052460,0.050743,-0.024201,0.000859,0.002415,0.121568,0.014920,0.002164,0.073215,0.122499
10.860000,3.350000,1.680111,0.051803,1.050695,-0.023798,0.001666,0.002385,0.620546,0.014761,0.002207,0.076385,0.164458,-0.002595,1.680000,0.000000,1.000000,0.000000,0.000000,0.000000,0.500000,0.000000,0.000000,0.000000,0.000000,0.000000,0.000111,0.051803,0.050695,-0.023798,0.001666,0.002385,0.120546,0.014761,0.002207,0.072481,0.121466
10.870000,3.360000,1.686317,0.051950,1.050717,-0.024160,0.000823,0.002391,0.620610,0.017143,0.002422,0.040663,0.086178,-0.001500,1.680000,0.000000,1.000000,0.000000,0.000000,0.000000,0.500000,0.000000,0.000000,0.000000,0.000000,0.000000,0.006317,0.051950,0.050717,-0.024160,0.000823,0.002391,0.120610,0.017143,0.002422,0.072876,0.121846
10.880000,3.370000,1.688096,0.051050,1.050634,-0.024086,-0.000455,0.002394,0.604830,0.016067,0.002325,0.041001,0.083921,-0.001405,1.690000,0.000000,1.000000,0.000000,0.000000,0.000000,0.500000,0.000000,0.000000,0.000000,0.000000,0.000000,-0.001904,0.051050,0.050634,-0.024086,-0.000455,0.002394,0.104830,0.016067,0.002325,0.071927,0.106080
10.891000,3.381000,1.694313,0.049943,1.050513,-0.024184,-0.000394,0.002407,0.605582,0.014651,0.002071,0.041578,0.080823,-0.001172,1.690000,0.000000,1.000000,0.000000,0.000000,0.000000,0.500000,0.000000,0.000000,0.000000,0.000000,0.000000,0.004313,0.049943,0.050513,-0.024184,-0.000394,0.002407,0.105582,0.014651,0.002071,0.071165,0.106614
10.902000,3.392000,1.701751,0.049290,1.050431,-0.024137,0.000016,0.002413,0.610654,0.014509,0.001989,0.041430,0.094370,-0.001118,1.700000,0.000000,1.000000,0.000000,0.000000,0.000000,0.500000,0.000000,0.000000,0.000000,0.000000,0.000000,0.001751,0.049290,0.050431,-0.024137,0.000016,0.002413,0.110654,0.014509,0.001989,0.070540,0.111619
10.910000,3.400000,1.707858,0.049435,1.050451,-0.023723,0.000959,0.002379,0.610650,0.016882,0.002211,0.076689,0.188262,-0.002274,1.700000,0.000000,1.000000,0.000000,0.000000,0.000000,0.500000,0.000000,0.000000,0.000000,0.000000,0.000000,0.007858,0.049435,0.050451,-0.023723,0.000959,0.002379,0.110650,0.016882,0.002211,0.071069,0.111952
10.920000,3.410000,1.710837,0.048454,1.050313,-0.023954,-0.000875,0.002400,0.599446,0.015507,0.001967,0.042134,0.098037,-0.000951,1.710500,0.000000,1.000000,0.000000,0.000000,0.000000,0.500000,0.000000,0.000000,0.000000,0.000000,0.000000,0.000337,0.048454,0.050313,-0.023954,-0.000875,0.002400,0.099446,0.015507,0.001967,0.069852,0.100666
10.932000,3.422000,1.715710,0.047777,1.050208,-0.023958,-0.001170,0.002412,0.595410,0.015259,0.001796,0.025045,0.059002,-0.000358,1.710500,0.000000,1.000000,0.000000,0.000000,0.000000,0.500000,0.000000,0.000000,0.000000,0.000000,0.000000,0.005210,0.047777,0.050208,-0.023958,-0.001170,0.002412,0.095410,0.015259,0.001796,0.069503,0.096639
10.940000,3.430000,1.721110,0.047127,1.050101,-0.023710,-0.000666,0.002400,0.593408,0.015105,0.001621,0.045908,0.110437,-0.001208,1.720000,0.000000,1.000000,0.000000,0.000000,0.000000,0.500000,0.000000,0.000000,0.000000,0.000000,0.000000,0.001110,0.047127,0.050101,-0.023710,-0.000666,0.002400,0.093408,0.015105,0.001621,0.068792,0.094635
10.950000,3.440000,1.726732,0.046468,1.049990,-0.024018,-0.001295,0.002419,0.592271,0.014922,0.001516,0.038565,0.107016,-0.000959,1.720000,0.000000,1.000000,0.000000,0.000000,0.000000,0.500000,0.000000,0.000000,0.000000,0.000000,0.000000,0.006732,0.046468,0.049990,-0.024018,-0.001295,0.002419,0.092271,0.014922,0.001516,0.068583,0.093482
10.960000,3.450000,1.732458,0.045799,1.049882,-0.024186,-0.001532,0.002431,0.591530,0.014714,0.001419,0.032051,0.098420,-0.001169,1.730000,0.000000,1.000000,0.000000,0.000000,0.000000,0.500000,0.000000,0.000000,0.000000,0.000000,0.000000,0.002458,0.045799,0.049882,-0.024186,-0.001532,0.002431,0.091530,0.014714,0.001419,0.067763,0.092716
10.972000,3.462000,1.740248,0.044620,1.049716,-0.024462,-0.001051,0.002448,0.598397,0.013077,0.001205,0.021707,0.085567,-0.001120,1.730000,0.000000,1.000000,0.000000,0.000000,0.000000,0.500000,0.000000,0.000000,0.000000,0.000000,0.000000,0.010248,0.044620,0.049716,-0.024462,-0.001051,0.002448,0.098397,0.013077,0.001205,0.067584,0.099270
10.980000,3.470000,1.746232,0.044751,1.049728,-0.024245,-0.000196,0.002415,0.598288,0.015485,0.001519,0.058310,0.179491,-0.002329,1.740000,0.000000,1.000000,0.000000,0.000000,0.000000,0.500000,0.000000,0.000000,0.000000,0.000000,0.000000,0.006232,0.044751,0.049728,-0.024245,-0.000196,0.002415,0.098288,0.015485,0.001519,0.067189,0.099512
10.992000,3.482000,1.752599,0.043206,1.049548,-0.024742,-0.000724,0.002440,0.599762,0.012553,0.001327,0.029995,0.109566,-0.001024,1.750000,0.000000,1.000000,0.000000,0.000000,0.000000,0.500000,0.000000,0.000000,0.000000,0.000000,0.000000,0.002599,0.043206,0.049548,-0.024742,-0.000724,0.002440,0.099762,0.012553,0.001327,0.065791,0.100557
11.000000,3.490000,1.758597,0.043331,1.049561,-0.024442,0.000371,0.002402,0.599685,0.014990,0.001704,0.073325,0.205465,-0.002215,1.750000,0.000000,1.000000,0.000000,0.000000,0.000000,0.500000,0.000000,0.000000,0.000000,0.000000,0.000000,0.008597,0.043331,0.049561,-0.024442,0.000371,0.002402,0.099685,0.014990,0.001704,0.066391,0.100820
11.011000,3.501000,1.764382,0.041803,1.049391,-0.024941,-0.000104,0.002424,0.599055,0.012176,0.001526,0.032702,0.124115,-0.000786,1.750000,0.000000,1.000000,0.000000,0.000000,0.000000,0.500000,0.000000,0.000000,0.000000,0.000000,0.000000,0.014382,0.041803,0.049391,-0.024941,-0.000104,0.002424,0.099055,0.012176,0.001526,0.066286,0.099813
11.024000,3.514000,1.771680,0.041095,1.049309,-0.024958,0.000830,0.002422,0.603889,0.012008,0.001603,0.039775,0.140984,-0.000674,1.760500,0.000000,1.000000,0.000000,0.000000,0.000000,0.500000,0.000000,0.000000,0.000000,0.000000,0.000000,0.011180,0.041095,0.049309,-0.024958,0.000830,0.002422,0.103889,0.012008,0.001603,0.065155,0.104593
11.030000,3.520000,1.777719,0.041215,1.049325,-0.024560,0.002239,0.002380,0.603965,0.014466,0.001944,0.078541,0.220503,-0.001944,1.760500,0.000000,1.000000,0.000000,0.000000,0.000000,0.500000,0.000000,0.000000,0.000000,0.000000,0.000000,0.017219,0.041215,0.049325,-0.024560,0.002239,0.002380,0.103965,0.014466,0.001944,0.066544,0.104985
11.040000,3.530000,1.780583,0.040218,1.049203,-0.024855,0.001105,0.002391,0.592722,0.013213,0.001875,0.042603,0.141168,-0.000681,1.771000,0.000000,1.000000,0.000000,0.000000,0.000000,0.500000,0.000000,0.000000,0.000000,0.000000,0.000000,0.009583,0.040218,0.049203,-0.024855,0.001105,0.002391,0.092722,0.013213,0.001875,0.064267,0.093678
11.050000,3.540000,1.785371,0.039521,1.049113,-0.024841,0.001334,0.002390,0.588810,0.013074,0.001861,0.040997,0.133368,-0.000661,1.771000,0.000000,1.000000,0.000000,0.000000,0.000000,0.500000,0.000000,0.000000,0.000000,0.000000,0.000000,0.014371,0.039521,0.049113,-0.024841,0.001334,0.002390,0.088810,0.013074,0.001861,0.064657,0.089786
11.061000,3.551000,1.792573,0.038353,1.048951,-0.024847,0.002409,0.002391,0.593916,0.011610,0.001634,0.044994,0.134105,-0.000856,1.780000,0.000000,1.000000,0.000000,0.000000,0.000000,0.500000,0.000000,0.000000,0.000000,0.000000,0.000000,0.012573,0.038353,0.048951,-0.024847,0.002409,0.002391,0.093916,0.011610,0.001634,0.063444,0.094645
11.070000,3.560000,1.798512,0.038469,1.048967,-0.024397,0.003749,0.002349,0.594148,0.014056,0.001931,0.080580,0.213736,-0.002139,1.780000,0.000000,1.000000,0.000000,0.000000,0.000000,0.500000,0.000000,0.000000,0.000000,0.000000,0.000000,0.018512,0.038469,0.048967,-0.024397,0.003749,0.002349,0.094148,0.014056,0.001931,0.064964,0.095211
11.080000,3.570000,1.802808,0.037481,1.048821,-0.024597,0.003018,0.002357,0.588567,0.012815,0.001746,0.046285,0.136372,-0.001005,1.790000,0.000000,1.000000,0.000000,0.000000,0.000000,0.500000,0.000000,0.000000,0.000000,0.000000,0.000000,0.012808,0.037481,0.048821,-0.024597,0.003018,0.002357,0.088567,0.012815,0.001746,0.062867,0.089507
11.090000,3.580000,1.808025,0.036751,1.048706,-0.024531,0.003312,0.002353,0.586542,0.012536,0.001649,0.028240,0.096873,-0.000697,1.790000,0.000000,1.000000,0.000000,0.000000,0.000000,0.500000,0.000000,0.000000,0.000000,0.000000,0.000000,0.018025,0.036751,0.048706,-0.024531,0.003312,0.002353,0.086542,0.012536,0.001649,0.063622,0.087461
11.100000,3.590000,1.815469,0.035545,1.048505,-0.024581,0.004239,0.002353,0.592792,0.010927,0.001304,0.023457,0.084375,-0.000901,1.800000,0.000000,1.000000,0.000000,0.000000,0.000000,0.500000,0.000000,0.000000,0.000000,0.000000,0.000000,0.015469,0.035545,0.048505,-0.024581,0.004239,0.002353,0.092792,0.010927,0.001304,0.062093,0.093442
11.110000,3.600000,1.821397,0.035654,1.048519,-0.024644,0.004364,0.002345,0.593197,0.013351,0.001652,0.035824,0.106791,-0.001616,1.800000,0.000000,1.000000,0.000000,0.000000,0.000000,0.500000,0.000000,0.000000,0.000000,0.000000,0.000000,0.021397,0.035654,0.048519,-0.024644,0.004364,0.002345,0.093197,0.013351,0.001652,0.063899,0.094163
11.120000,3.610000,1.825761,0.034649,1.048355,-0.024713,0.003877,0.002343,0.588031,0.012063,0.001475,0.028026,0.088394,-0.002020,1.810000,0.000000,1.000000,0.000000,0.000000,0.000000,0.500000,0.000000,0.000000,0.000000,0.000000,0.000000,0.015761,0.034649,0.048355,-0.024713,0.003877,0.002343,0.088031,0.012063,0.001475,0.061540,0.088866
11.131000,3.621000,1.832888,0.033390,1.048165,-0.025025,0.004054,0.002348,0.593084,0.010323,0.001231,0.018336,0.059749,-0.002114,1.810000,0.000000,1.000000,0.000000,0.000000,0.000000,0.500000,0.000000,0.000000,0.000000,0.000000,0.000000,0.022888,0.033390,0.048165,-0.025025,0.004054,0.002348,0.093084,0.010323,0.001231,0.062918,0.093663
11.140000,3.630000,1.840390,0.032649,1.048061,-0.025228,0.004272,0.002346,0.599263,0.010118,0.001243,0.018247,0.055319,-0.002280,1.820000,0.000000,1.000000,0.000000,0.000000,0.000000,0.500000,0.000000,0.000000,0.000000,0.000000,0.000000,0.020390,0.032649,0.048061,-0.025228,0.004272,0.002346,0.099263,0.010118,0.001243,0.061576,0.099785
11.150000,3.640000,1.846383,0.032751,1.048073,-0.025046,0.004825,0.002309,0.599678,0.012606,0.001688,0.061021,0.151908,-0.003150,1.820000,0.000000,1.000000,0.000000,0.000000,0.000000,0.500000,0.000000,0.000000,0.000000,0.000000,0.000000,0.026383,0.032751,0.048073,-0.025046,0.004825,0.002309,0.099678,0.012606,0.001688,0.063873,0.100487
11.160000,3.650000,1.849456,0.031719,1.047935,-0.025588,0.002793,0.002320,0.589573,0.011350,0.001683,0.024322,0.071858,-0.002089,1.830000,0.000000,1.000000,0.000000,0.000000,0.000000,0.500000,0.000000,0.000000,0.000000,0.000000,0.000000,0.019456,0.031719,0.047935,-0.025588,0.002793,0.002320,0.089573,0.011350,0.001683,0.060683,0.090305
11.170000,3.660000,1.856064,0.030485,1.047772,-0.025903,0.002737,0.002330,0.592575,0.009823,0.001534,0.009122,0.033258,-0.001410,1.830000,0.000000,1.000000,0.000000,0.000000,0.000000,0.500000,0.000000,0.000000,0.000000,0.000000,0.000000,0.026064,0.030485,0.047772,-0.025903,0.002737,0.002330,0.092575,0.009823,0.001534,0.062377,0.093107
11.180000,3.670000,1.861990,0.030583,1.047788,-0.026098,0.002419,0.002332,0.592835,0.012377,0.001909,0.007976,0.027782,-0.001187,1.840000,0.000000,1.000000,0.000000,0.000000,0.000000,0.500000,0.000000,0.000000,0.000000,0.000000,0.000000,0.021990,0.030583,0.047788,-0.026098,0.002419,0.002332,0.092835,0.012377,0.001909,0.060849,0.093676
11.190000,3.680000,1.866080,0.029592,1.047662,-0.025936,0.002228,0.002319,0.586516,0.011322,0.001909,0.056112,0.131820,-0.002223,1.840000,0.000000,1.000000,0.000000,0.000000,0.000000,0.500000,0.000000,0.000000,0.000000,0.000000,0.000000,0.026080,0.029592,0.047662,-0.025936,0.002228,0.002319,0.086516,0.011322,0.001909,0.061867,0.087275
11.202000,3.692000,1.873054,0.028337,1.047520,-0.026651,0.001296,0.002348,0.590831,0.009777,0.001860,0.027820,0.064950,-0.001428,1.850000,0.000000,1.000000,0.000000,0.000000,0.000000,0.500000,0.000000,0.000000,0.000000,0.000000,0.000000,0.023054,0.028337,0.047520,-0.026651,0.001296,0.002348,0.090831,0.009777,0.001860,0.059938,0.091374
11.210000,3.700000,1.878962,0.028434,1.047538,-0.026373,0.001945,0.002316,0.590952,0.012403,0.002226,0.056647,0.140512,-0.002256,1.850000,0.000000,1.000000,0.000000,0.000000,0.000000,0.500000,0.000000,0.000000,0.000000,0.000000,0.000000,0.028962,0.028434,0.047538,-0.026373,0.001945,0.002316,0.090952,0.012403,0.002226,0.062508,0.091821
11.222000,3.712000,1.884927,0.026870,1.047395,-0.026909,0.000813,0.002347,0.591411,0.009744,0.002109,0.013606,0.044805,-0.000976,1.860000,0.000000,1.000000,0.000000,0.000000,0.000000,0.500000,0.000000,0.000000,0.000000,0.000000,0.000000,0.024927,0.026870,0.047395,-0.026909,0.000813,0.002347,0.091411,0.009744,0.002109,0.059914,0.091953
11.230000,3.720000,1.892166,0.026122,1.047347,-0.026766,0.001676,0.002332,0.596373,0.009717,0.002225,0.044050,0.117339,-0.001789,1.860000,0.000000,1.000000,0.000000,0.000000,0.000000,0.500000,0.000000,0.000000,0.000000,0.000000,0.000000,0.032166,0.026122,0.047347,-0.026766,0.001676,0.002332,0.096373,0.009717,0.002225,0.062918,0.096887
11.240000,3.730000,1.898130,0.026219,1.047369,-0.027282,0.000574,0.002350,0.596448,0.012387,0.002546,0.012706,0.042787,-0.000830,1.870000,0.000000,1.000000,0.000000,0.000000,0.000000,0.500000,0.000000,0.000000,0.000000,0.000000,0.000000,0.028130,0.026219,0.047369,-0.027282,0.000574,0.002350,0.096448,0.012387,0.002546,0.061012,0.097274
11.250000,3.740000,1.900976,0.025201,1.047294,-0.027460,-0.000717,0.002369,0.585329,0.011368,0.002583,0.012061,0.038140,-0.000795,1.870000,0.000000,1.000000,0.000000,0.000000,0.000000,0.500000,0.000000,0.000000,0.000000,0.000000,0.000000,0.030976,0.025201,0.047294,-0.027460,-0.000717,0.002369,0.085329,0.011368,0.002583,0.061898,0.086121
11.262000,3.752000,1.907442,0.023975,1.047209,-0.027892,-0.001024,0.002403,0.587629,0.010055,0.002589,0.004343,0.023715,-0.000480,1.881500,0.000000,1.000000,0.000000,0.000000,0.000000,0.500000,0.000000,0.000000,0.000000,0.000000,0.000000,0.025942,0.023975,0.047209,-0.027892,-0.001024,0.002403,0.087629,0.010055,0.002589,0.058962,0.088242
11.274000,3.764000,1.914736,0.023243,1.047163,-0.028226,-0.001172,0.002433,0.592741,0.010177,0.002645,0.019598,0.056204,-0.000568,1.881500,0.000000,1.000000,0.000000,0.000000,0.000000,0.500000,0.000000,0.000000,0.000000,0.000000,0.000000,0.033236,0.023243,0.047163,-0.028226,-0.001172,0.002433,0.092741,0.010177,0.002645,0.062203,0.093335
11.280000,3.770000,1.921327,0.022458,1.047108,-0.028507,-0.001485,0.002462,0.595077,0.010136,0.002674,0.025515,0.066630,-0.000436,1.890000,0.000000,1.000000,0.000000,0.000000,0.000000,0.500000,0.000000,0.000000,0.000000,0.000000,0.000000,0.031327,0.022458,0.047108,-0.028507,-0.001485,0.002462,0.095077,0.010136,0.002674,0.060868,0.095653
11.290000,3.780000,1.927278,0.022560,1.047135,-0.028251,-0.000820,0.002439,0.594924,0.012941,0.002933,0.073806,0.169865,-0.001752,1.890000,0.000000,1.000000,0.000000,0.000000,0.000000,0.500000,0.000000,0.000000,0.000000,0.000000,0.000000,0.037278,0.022560,0.047135,-0.028251,-0.000820,0.002439,0.094924,0.012941,0.002933,0.064189,0.095846
11.302000,3.792000,1.930995,0.021032,1.047006,-0.028894,-0.002706,0.002489,0.586826,0.010617,0.002730,0.034504,0.079368,-0.000173,1.901000,0.000000,1.000000,0.000000,0.000000,0.000000,0.500000,0.000000,0.000000,0.000000,0.000000,0.000000,0.029995,0.021032,0.047006,-0.028894,-0.002706,0.002489,0.086826,0.010617,0.002730,0.059595,0.087515
11.310000,3.800000,1.936863,0.021138,1.047033,-0.028549,-0.001912,0.002465,0.586553,0.013458,0.002933,0.061333,0.138857,-0.001195,1.901000,0.000000,1.000000,0.000000,0.000000,0.000000,0.500000,0.000000,0.000000,0.000000,0.000000,0.000000,0.035863,0.021138,0.047033,-0.028549,-0.001912,0.002465,0.086553,0.013458,0.002933,0.062810,0.087642
11.320000,3.810000,1.940274,0.020187,1.046957,-0.028804,-0.003337,0.002501,0.577510,0.012793,0.002827,0.027587,0.058320,0.000390,1.910000,0.000000,1.000000,0.000000,0.000000,0.000000,0.500000,0.000000,0.000000,0.000000,0.000000,0.000000,0.030274,0.020187,0.046957,-0.028804,-0.003337,0.002501,0.077510,0.012793,0.002827,0.059405,0.078609
11.330000,3.820000,1.945099,0.019479,1.046908,-0.028830,-0.003694,0.002526,0.573834,0.013018,0.002802,0.034221,0.070937,0.000153,1.910000,0.000000,1.000000,0.000000,0.000000,0.000000,0.500000,0.000000,0.000000,0.000000,0.000000,0.000000,0.035099,0.019479,0.046908,-0.028830,-0.003694,0.002526,0.073834,0.013018,0.002802,0.061739,0.075025
11.342000,3.832000,1.950346,0.018795,1.046868,-0.028912,-0.004086,0.002553,0.571782,0.013315,0.002800,0.029180,0.054450,-0.000010,1.920000,0.000000,1.000000,0.000000,0.000000,0.000000,0.500000,0.000000,0.000000,0.000000,0.000000,0.000000,0.030346,0.018795,0.046868,-0.028912,-0.004086,0.002553,0.071782,0.013315,0.002800,0.058913,0.073060
11.350000,3.840000,1.955772,0.018106,1.046831,-0.028623,-0.003562,0.002545,0.570421,0.013583,0.002825,0.074161,0.165065,-0.001565,1.920000,0.000000,1.000000,0.000000,0.000000,0.000000,0.500000,0.000000,0.000000,0.000000,0.000000,0.000000,0.035772,0.018106,0.046831,-0.028623,-0.003562,0.002545,0.070421,0.013583,0.002825,0.061648,0.071775
11.362000,3.852000,1.963198,0.016900,1.046760,-0.029207,-0.004285,0.002593,0.576400,0.012378,0.002742,0.020696,0.051994,-0.000192,1.930000,0.000000,1.000000,0.000000,0.000000,0.000000,0.500000,0.000000,0.000000,0.000000,0.000000,0.000000,0.033198,0.016900,0.046760,-0.029207,-0.004285,0.002593,0.076400,0.012378,0.002742,0.059785,0.077445
11.370000,3.860000,1.968962,0.017023,1.046788,-0.029247,-0.004450,0.002604,0.575966,0.015251,0.002947,0.024626,0.068659,-0.000420,1.930000,0.000000,1.000000,0.000000,0.000000,0.000000,0.500000,0.000000,0.000000,0.000000,0.000000,0.000000,0.038962,0.017023,0.046788,-0.029247,-0.004450,0.002604,0.075966,0.015251,0.002947,0.063221,0.077538
11.380000,3.870000,1.973245,0.016018,1.046729,-0.028908,-0.004130,0.002588,0.570267,0.014341,0.002894,0.051669,0.149262,-0.001550,1.940000,0.000000,1.000000,0.000000,0.000000,0.000000,0.500000,0.000000,0.000000,0.000000,0.000000,0.000000,0.033245,0.016018,0.046729,-0.028908,-0.004130,0.002588,0.070267,0.014341,0.002894,0.059543,0.071774
11.390000,3.880000,1.980163,0.014774,1.046670,-0.029402,-0.004638,0.002625,0.574342,0.013006,0.002812,0.043667,0.105791,-0.000934,1.940000,0.000000,1.000000,0.000000,0.000000,0.000000,0.500000,0.000000,0.000000,0.000000,0.000000,0.000000,0.040163,0.014774,0.046670,-0.029402,-0.004638,0.002625,0.074342,0.013006,0.002812,0.063320,0.075524
11.400000,3.890000,1.985906,0.014904,1.046698,-0.028965,-0.003581,0.002584,0.573879,0.015895,0.002987,0.095178,0.218738,-0.002401,1.950000,0.000000,1.000000,0.000000,0.000000,0.000000,0.500000,0.000000,0.000000,0.000000,0.000000,0.000000,0.035906,0.014904,0.046698,-0.028965,-0.003581,0.002584,0.073879,0.015895,0.002987,0.060763,0.075628
11.410000,3.900000,1.989995,0.013916,1.046651,-0.029493,-0.005036,0.002607,0.567525,0.015058,0.002955,0.034741,0.108687,-0.001096,1.950000,0.000000,1.000000,0.000000,0.000000,0.000000,0.500000,0.000000,0.000000,0.000000,0.000000,0.000000,0.039995,0.013916,0.046651,-0.029493,-0.005036,0.002607,0.067525,0.015058,0.002955,0.063005,0.069247
11.420000,3.910000,1.994993,0.013198,1.046628,-0.029550,-0.005031,0.002612,0.564663,0.015227,0.002990,0.039112,0.123210,-0.001162,1.960000,0.000000,1.000000,0.000000,0.000000,0.000000,0.500000,0.000000,0.000000,0.000000,0.000000,0.000000,0.034993,0.013198,0.046628,-0.029550,-0.005031,0.002612,0.064663,0.015227,0.002990,0.059773,0.066499
11.431000,3.921000,2.002113,0.012015,1.046585,-0.029618,-0.004098,0.002619,0.569711,0.014101,0.002936,0.051862,0.148103,-0.001023,1.960000,0.000000,1.000000,0.000000,0.000000,0.000000,0.500000,0.000000,0.000000,0.000000,0.000000,0.000000,0.042113,0.012015,0.046585,-0.029618,-0.004098,0.002619,0.069711,0.014101,0.002936,0.063938,0.071183
11.441000,3.931000,2.009375,0.011313,1.046567,-0.029449,-0.002874,0.002608,0.575110,0.014331,0.002951,0.064039,0.177384,-0.000917,1.970500,0.000000,1.000000,0.000000,0.000000,0.000000,0.500000,0.000000,0.000000,0.000000,0.000000,0.000000,0.038875,0.011313,0.046567,-0.029449,-0.002874,0.002608,0.075110,0.014331,0.002951,0.061707,0.076522
11.450000,3.940000,2.015127,0.011456,1.046597,-0.028808,-0.001101,0.002547,0.574820,0.017224,0.003102,0.101960,0.262351,-0.002264,1.970500,0.000000,1.000000,0.000000,0.000000,0.000000,0.500000,0.000000,0.000000,0.000000,0.000000,0.000000,0.044627,0.011456,0.046597,-0.028808,-0.001101,0.002547,0.074820,0.017224,0.003102,0.065529,0.076840
11.460000,3.950000,2.018103,0.010438,1.046535,-0.028893,-0.001887,0.002548,0.564678,0.016213,0.002985,0.063078,0.176956,-0.000882,1.980000,0.000000,1.000000,0.000000,0.000000,0.000000,0.500000,0.000000,0.000000,0.000000,0.000000,0.000000,0.038103,0.010438,0.046535,-0.028893,-0.001887,0.002548,0.064678,0.016213,0.002985,0.061043,0.066746
11.470000,3.960000,2.022731,0.009746,1.046496,-0.028641,-0.001219,0.002533,0.560897,0.016379,0.002892,0.045649,0.137442,-0.000547,1.980000,0.000000,1.000000,0.000000,0.000000,0.000000,0.500000,0.000000,0.000000,0.000000,0.000000,0.000000,0.042731,0.009746,0.046496,-0.028641,-0.001219,0.002533,0.060897,0.016379,0.002892,0.063897,0.063127
11.480000,3.970000,2.027816,0.009089,1.046455,-0.028373,-0.000370,0.002515,0.558976,0.016631,0.002799,0.045101,0.134598,-0.000728,1.990000,0.000000,1.000000,0.000000,0.000000,0.000000,0.500000,0.000000,0.000000,0.000000,0.000000,0.000000,0.037816,0.009089,0.046455,-0.028373,-0.000370,0.002515,0.058976,0.016631,0.002799,0.060587,0.061340
11.490000,3.980000,2.033093,0.008428,1.046416,-0.028180,0.000341,0.002499,0.557898,0.016832,0.002739,0.061026,0.166720,-0.001595,1.990000,0.000000,1.000000,0.000000,0.000000,0.000000,0.500000,0.000000,0.000000,0.000000,0.000000,0.000000,0.043093,0.008428,0.046416,-0.028180,0.000341,0.002499,0.057898,0.016832,0.002739,0.063894,0.060357
11.500000,3.990000,2.038459,0.007762,1.046384,-0.028074,0.000850,0.002482,0.557245,0.016982,0.002701,0.054172,0.148289,-0.002126,2.000000,0.000000,1.000000,0.000000,0.000000,0.000000,0.500000,0.000000,0.000000,0.000000,0.000000,0.000000,0.038459,0.007762,0.046384,-0.028074,0.000850,0.002482,0.057245,0.016982,0.002701,0.060752,0.059772
11.510000,4.000000,2.043867,0.007090,1.046361,-0.028006,0.001246,0.002464,0.556814,0.017101,0.002707,0.041896,0.124104,-0.002253,2.000000,0.000000,1.000000,0.000000,0.000000,0.000000,0.500000,0.000000,0.000000,0.000000,0.000000,0.000000,0.043867,0.007090,0.046361,-0.028006,0.001246,0.002464,0.056814,0.017101,0.002707,0.064218,0.059394
11.520000,4.010000,2.049293,0.006417,1.046348,-0.027961,0.001568,0.002446,0.556504,0.017200,0.002740,0.038742,0.114850,-0.002507,2.010000,0.000000,1.000000,0.000000,0.000000,0.000000,0.500000,0.000000,0.000000,0.000000,0.000000,0.000000,0.039293,0.006417,0.046348,-0.027961,0.001568,0.002446,0.056504,0.017200,0.002740,0.061100,0.059127
11.530000,4.020000,2.054726,0.005743,1.046340,-0.027949,0.001814,0.002429,0.556260,0.017288,0.002783,0.043214,0.119653,-0.002480,2.010000,0.000000,1.000000,0.000000,0.000000,0.000000,0.500000,0.000000,0.000000,0.000000,0.000000,0.000000,0.044726,0.005743,0.046340,-0.027949,0.001814,0.002429,0.056260,0.017288,0.002783,0.064659,0.058922
11.542000,4.032000,2.062045,0.004563,1.046320,-0.028080,0.002536,0.002421,0.562982,0.015945,0.002788,0.038899,0.110173,-0.002359,2.020000,0.000000,1.000000,0.000000,0.000000,0.000000,0.500000,0.000000,0.000000,0.000000,0.000000,0.000000,0.042045,0.004563,0.046320,-0.028080,0.002536,0.002421,0.062982,0.015945,0.002788,0.062723,0.065029
11.553000,4.043000,2.069288,0.003871,1.046317,-0.028078,0.003247,0.002409,0.569181,0.016003,0.002815,0.039264,0.114551,-0.001987,2.030000,0.000000,1.000000,0.000000,0.000000,0.000000,0.500000,0.000000,0.000000,0.000000,0.000000,0.000000,0.039288,0.003871,0.046317,-0.028078,0.003247,0.002409,0.069181,0.016003,0.002815,0.060859,0.071064
11.560000,4.050000,2.075763,0.003124,1.046303,-0.028072,0.003705,0.002399,0.572397,0.015862,0.002813,0.039605,0.117148,-0.001601,2.030000,0.000000,1.000000,0.000000,0.000000,0.000000,0.500000,0.000000,0.000000,0.000000,0.000000,0.000000,0.045763,0.003124,0.046303,-0.028072,0.003705,0.002399,0.072397,0.015862,0.002813,0.065177,0.074167
11.570000,4.060000,2.081487,0.003282,1.046331,-0.027676,0.004876,0.002351,0.572754,0.018621,0.002912,0.077725,0.196240,-0.002553,2.030000,0.000000,1.000000,0.000000,0.000000,0.000000,0.500000,0.000000,0.000000,0.000000,0.000000,0.000000,0.051487,0.003282,0.046331,-0.027676,0.004876,0.002351,0.072754,0.018621,0.002912,0.069342,0.075156
11.580000,4.070000,2.085159,0.001756,1.046252,-0.028075,0.003730,0.002363,0.565840,0.016042,0.002697,0.040734,0.109751,-0.001298,2.040000,0.000000,1.000000,0.000000,0.000000,0.000000,0.500000,0.000000,0.000000,0.000000,0.000000,0.000000,0.045159,0.001756,0.046252,-0.028075,0.003730,0.002363,0.065840,0.016042,0.002697,0.064666,0.067820
11.592000,4.082000,2.091756,0.001099,1.046223,-0.028120,0.004143,0.002365,0.569660,0.016243,0.002596,0.023494,0.068519,-0.000641,2.040000,0.000000,1.000000,0.000000,0.000000,0.000000,0.500000,0.000000,0.000000,0.000000,0.000000,0.000000,0.051756,0.001099,0.046223,-0.028120,0.004143,0.002365,0.069660,0.016243,0.002596,0.069400,0.071576
11.602000,4.092000,2.097816,0.000391,1.046185,-0.028174,0.004247,0.002372,0.571430,0.016248,0.002473,0.017201,0.046261,-0.000630,2.050000,0.000000,1.000000,0.000000,0.000000,0.000000,0.500000,0.000000,0.000000,0.000000,0.000000,0.000000,0.047816,0.000391,0.046185,-0.028174,0.004247,0.002372,0.071430,0.016248,0.002473,0.066480,0.073297
11.611000,4.101000,2.103549,-0.000310,1.046147,-0.028320,0.003980,0.002385,0.571947,0.016295,0.002395,0.031690,0.067508,-0.001273,2.050000,0.000000,1.000000,0.000000,0.000000,0.000000,0.500000,0.000000,0.000000,0.000000,0.000000,0.000000,0.053549,-0.000310,0.046147,-0.028320,0.003980,0.002385,0.071947,0.016295,0.002395,0.070690,0.073808
11.620000,4.110000,2.109268,-0.000147,1.046171,-0.028003,0.004654,0.002353,0.572331,0.019078,0.002501,0.075897,0.158678,-0.002531,2.060000,0.000000,1.000000,0.000000,0.000000,0.000000,0.500000,0.000000,0.000000,0.000000,0.000000,0.000000,0.049268,-0.000147,0.046171,-0.028003,0.004654,0.002353,0.072331,0.019078,0.002501,0.067521,0.074846
11.632000,4.122000,2.112345,-0.001615,1.046084,-0.028663,0.002450,0.002388,0.563264,0.016743,0.002304,0.026951,0.049567,-0.001318,2.060000,0.000000,1.000000,0.000000,0.000000,0.000000,0.500000,0.000000,0.000000,0.000000,0.000000,0.000000,0.052345,-0.001615,0.046084,-0.028663,0.002450,0.002388,0.063264,0.016743,0.002304,0.069759,0.065482
11.642000,4.132000,2.118831,-0.002256,1.046068,-0.028788,0.002261,0.002405,0.566647,0.017036,0.002313,0.031586,0.049722,-0.001322,2.071500,0.000000,1.000000,0.000000,0.000000,0.000000,0.500000,0.000000,0.000000,0.000000,0.000000,0.000000,0.047331,-0.002256,0.046068,-0.028788,0.002261,0.002405,0.066647,0.017036,0.002313,0.066088,0.068828
11.650000,4.140000,2.124498,-0.002086,1.046091,-0.028472,0.002758,0.002377,0.566862,0.019865,0.002442,0.074936,0.153403,-0.002421,2.071500,0.000000,1.000000,0.000000,0.000000,0.000000,0.500000,0.000000,0.000000,0.000000,0.000000,0.000000,0.052998,-0.002086,0.046091,-0.028472,0.002758,0.002377,0.066862,0.019865,0.002442,0.070267,0.069793
11.660000,4.150000,2.126909,-0.003054,1.046049,-0.028887,0.000431,0.002411,0.555360,0.018919,0.002379,0.038338,0.066520,-0.000970,2.080000,0.000000,1.000000,0.000000,0.000000,0.000000,0.500000,0.000000,0.000000,0.000000,0.000000,0.000000,0.046909,-0.003054,0.046049,-0.028887,0.000431,0.002411,0.055360,0.018919,0.002379,0.065805,0.058552
11.670000,4.160000,2.131289,-0.003715,1.046028,-0.028504,0.000823,0.002389,0.551265,0.019105,0.002354,0.078460,0.174340,-0.002174,2.080000,0.000000,1.000000,0.000000,0.000000,0.000000,0.500000,0.000000,0.000000,0.000000,0.000000,0.000000,0.051289,-0.003715,0.046028,-0.028504,0.000823,0.002389,0.051265,0.019105,0.002354,0.069014,0.054760
11.681000,4.171000,2.137945,-0.004838,1.045988,-0.028964,0.000135,0.002431,0.555566,0.018012,0.002274,0.044912,0.096782,-0.000396,2.090000,0.000000,1.000000,0.000000,0.000000,0.000000,0.500000,0.000000,0.000000,0.000000,0.000000,0.000000,0.047945,-0.004838,0.045988,-0.028964,0.000135,0.002431,0.055566,0.018012,0.002274,0.066611,0.058457
11.690000,4.180000,2.144965,-0.005495,1.045970,-0.028880,0.000701,0.002446,0.560989,0.018207,0.002245,0.031689,0.090571,0.000288,2.090000,0.000000,1.000000,0.000000,0.000000,0.000000,0.500000,0.000000,0.000000,0.000000,0.000000,0.000000,0.054965,-0.005495,0.045970,-0.028880,0.000701,0.002446,0.060989,0.018207,0.002245,0.071865,0.063688
11.701000,4.191000,2.151277,-0.006216,1.045945,-0.028840,0.001068,0.002462,0.563677,0.018161,0.002199,0.025571,0.093705,0.000436,2.100000,0.000000,1.000000,0.000000,0.000000,0.000000,0.500000,0.000000,0.000000,0.000000,0.000000,0.000000,0.051277,-0.006216,0.045945,-0.028840,0.001068,0.002462,0.063677,0.018161,0.002199,0.069130,0.066253
11.710000,4.200000,2.156914,-0.006034,1.045967,-0.028890,0.001196,0.002470,0.563768,0.020997,0.002298,0.038901,0.112583,-0.000250,2.100000,0.000000,1.000000,0.000000,0.000000,0.000000,0.500000,0.000000,0.000000,0.000000,0.000000,0.000000,0.056914,-0.006034,0.045967,-0.028890,0.001196,0.002470,0.063768,0.020997,0.002298,0.073407,0.067175
11.720000,4.210000,2.159143,-0.007016,1.045919,-0.028404,0.001403,0.002442,0.551676,0.019952,0.002192,0.080189,0.205632,-0.001802,2.110000,0.000000,1.000000,0.000000,0.000000,0.000000,0.500000,0.000000,0.000000,0.000000,0.000000,0.000000,0.049143,-0.007016,0.045919,-0.028404,0.001403,0.002442,0.051676,0.019952,0.002192,0.067623,0.055437
11.730000,4.220000,2.163453,-0.007671,1.045893,-0.028902,0.000340,0.002469,0.547447,0.020122,0.002127,0.037392,0.107035,-0.000355,2.110000,0.000000,1.000000,0.000000,0.000000,0.000000,0.500000,0.000000,0.000000,0.000000,0.000000,0.000000,0.053453,-0.007671,0.045893,-0.028902,0.000340,0.002469,0.047447,0.020122,0.002127,0.070868,0.051582
11.740000,4.230000,2.168324,-0.008296,1.045868,-0.028992,0.000365,0.002481,0.545387,0.020391,0.002065,0.037076,0.106634,-0.000473,2.120000,0.000000,1.000000,0.000000,0.000000,0.000000,0.500000,0.000000,0.000000,0.000000,0.000000,0.000000,0.048324,-0.008296,0.045868,-0.028992,0.000365,0.002481,0.045387,0.020391,0.002065,0.067141,0.049800
11.751000,4.241000,2.175214,-0.009420,1.045810,-0.028720,0.001963,0.002459,0.550833,0.019239,0.001924,0.076470,0.202718,-0.001874,2.120000,0.000000,1.000000,0.000000,0.000000,0.000000,0.500000,0.000000,0.000000,0.000000,0.000000,0.000000,0.055214,-0.009420,0.045810,-0.028720,0.001963,0.002459,0.050833,0.019239,0.001924,0.072360,0.054386
11.761000,4.251000,2.182245,-0.010073,1.045773,-0.029096,0.001804,0.002480,0.556577,0.019421,0.001847,0.041182,0.124688,-0.000599,2.130000,0.000000,1.000000,0.000000,0.000000,0.000000,0.500000,0.000000,0.000000,0.000000,0.000000,0.000000,0.052245,-0.010073,0.045773,-0.029096,0.001804,0.002480,0.056577,0.019421,0.001847,0.070187,0.059846
11.770000,4.260000,2.187811,-0.009879,1.045792,-0.028685,0.003050,0.002437,0.556747,0.022280,0.001958,0.061389,0.185971,-0.001611,2.130000,0.000000,1.000000,0.000000,0.000000,0.000000,0.500000,0.000000,0.000000,0.000000,0.000000,0.000000,0.057811,-0.009879,0.045792,-0.028685,0.003050,0.002437,0.056747,0.022280,0.001958,0.074408,0.060996
11.780000,4.270000,2.192189,-0.011439,1.045677,-0.028993,0.002256,0.002461,0.552829,0.019523,0.001676,0.020446,0.091164,-0.000426,2.140000,0.000000,1.000000,0.000000,0.000000,0.000000,0.500000,0.000000,0.000000,0.000000,0.000000,0.000000,0.052189,-0.011439,0.045677,-0.028993,0.002256,0.002461,0.052829,0.019523,0.001676,0.070292,0.056346
11.790000,4.280000,2.197718,-0.011244,1.045693,-0.028788,0.003167,0.002430,0.553044,0.022372,0.001767,0.049365,0.148465,-0.001481,2.140000,0.000000,1.000000,0.000000,0.000000,0.000000,0.500000,0.000000,0.000000,0.000000,0.000000,0.000000,0.057718,-0.011244,0.045693,-0.028788,0.003167,0.002430,0.053044,0.022372,0.001767,0.074469,0.057596
11.800000,4.290000,2.202635,-0.012725,1.045582,-0.029229,0.002480,0.002453,0.551221,0.019915,0.001481,0.018028,0.070504,-0.000834,2.150000,0.000000,1.000000,0.000000,0.000000,0.000000,0.500000,0.000000,0.000000,0.000000,0.000000,0.000000,0.052635,-0.012725,0.045582,-0.029229,0.002480,0.002453,0.051221,0.019915,0.001481,0.070781,0.054977
11.810000,4.300000,2.208147,-0.012526,1.045597,-0.029470,0.002307,0.002457,0.551446,0.022793,0.001593,0.014657,0.064470,-0.001021,2.150000,0.000000,1.000000,0.000000,0.000000,0.000000,0.500000,0.000000,0.000000,0.000000,0.000000,0.000000,0.058147,-0.012526,0.045597,-0.029470,0.002307,0.002457,0.051446,0.022793,0.001593,0.074947,0.056292
11.820000,4.310000,2.211623,-0.013471,1.045527,-0.029682,0.001415,0.002473,0.544386,0.021873,0.001455,0.007422,0.043885,-0.001183,2.160000,0.000000,1.000000,0.000000,0.000000,0.000000,0.500000,0.000000,0.000000,0.000000,0.000000,0.000000,0.051623,-0.013471,0.045527,-0.029682,0.001415,0.002473,0.044386,0.021873,0.001455,0.070136,0.049504
11.831000,4.321000,2.217941,-0.014630,1.045437,-0.030142,0.001199,0.002501,0.547816,0.020662,0.001283,0.018294,0.054880,-0.001447,2.160000,0.000000,1.000000,0.000000,0.000000,0.000000,0.500000,0.000000,0.000000,0.000000,0.000000,0.000000,0.057941,-0.014630,0.045437,-0.030142,0.001199,0.002501,0.047816,0.020662,0.001283,0.075072,0.052105
11.840000,4.330000,2.224800,-0.015260,1.045386,-0.030530,0.000883,0.002525,0.552990,0.021002,0.001224,0.017069,0.038718,-0.001540,2.170000,0.000000,1.000000,0.000000,0.000000,0.000000,0.500000,0.000000,0.000000,0.000000,0.000000,0.000000,0.054800,-0.015260,0.045386,-0.030530,0.000883,0.002525,0.052990,0.021002,0.001224,0.072772,0.057013
11.851000,4.341000,2.230979,-0.015953,1.045331,-0.030347,0.001475,0.002506,0.555469,0.021137,0.001205,0.064870,0.147478,-0.002670,2.170000,0.000000,1.000000,0.000000,0.000000,0.000000,0.500000,0.000000,0.000000,0.000000,0.000000,0.000000,0.060979,-0.015953,0.045331,-0.030347,0.001475,0.002506,0.055469,0.021137,0.001205,0.077639,0.059372
11.861000,4.351000,2.236709,-0.016630,1.045281,-0.030982,-0.000012,0.002543,0.556169,0.021353,0.001199,0.028518,0.058889,-0.001219,2.180000,0.000000,1.000000,0.000000,0.000000,0.000000,0.500000,0.000000,0.000000,0.000000,0.000000,0.000000,0.056709,-0.016630,0.045281,-0.030982,-0.000012,0.002543,0.056169,0.021353,0.001199,0.074450,0.060103
11.873000,4.363000,2.242196,-0.017286,1.045235,-0.030693,0.000577,0.002522,0.555927,0.021659,0.001213,0.056050,0.130472,-0.002045,2.180000,0.000000,1.000000,0.000000,0.000000,0.000000,0.500000,0.000000,0.000000,0.000000,0.000000,0.000000,0.062196,-0.017286,0.045235,-0.030693,0.000577,0.002522,0.055927,0.021659,0.001213,0.078824,0.059987
11.880000,4.370000,2.247755,-0.017069,1.045247,-0.031098,-0.000548,0.002545,0.555887,0.024712,0.001397,0.021180,0.045003,-0.000591,2.190000,0.000000,1.000000,0.000000,0.000000,0.000000,0.500000,0.000000,0.000000,0.000000,0.000000,0.000000,0.057755,-0.017069,0.045247,-0.031098,-0.000548,0.002545,0.055887,0.024712,0.001397,0.075328,0.061122
11.890000,4.380000,2.250673,-0.018515,1.045160,-0.031239,-0.001634,0.002578,0.546426,0.022526,0.001280,0.023240,0.047194,-0.000555,2.190000,0.000000,1.000000,0.000000,0.000000,0.000000,0.500000,0.000000,0.000000,0.000000,0.000000,0.000000,0.060673,-0.018515,0.045160,-0.031239,-0.001634,0.002578,0.046426,0.022526,0.001280,0.077868,0.051618
11.902000,4.392000,2.256958,-0.019097,1.045129,-0.031389,-0.001754,0.002604,0.549286,0.023084,0.001315,0.035953,0.081367,-0.000841,2.200500,0.000000,1.000000,0.000000,0.000000,0.000000,0.500000,0.000000,0.000000,0.000000,0.000000,0.000000,0.056458,-0.019097,0.045129,-0.031389,-0.001754,0.002604,0.049286,0.023084,0.001315,0.074758,0.054440
11.910000,4.400000,2.262451,-0.018866,1.045142,-0.031030,-0.000941,0.002570,0.549106,0.026169,0.001477,0.083732,0.196970,-0.002252,2.200500,0.000000,1.000000,0.000000,0.000000,0.000000,0.500000,0.000000,0.000000,0.000000,0.000000,0.000000,0.061951,-0.018866,0.045142,-0.031030,-0.000941,0.002570,0.049106,0.026169,0.001477,0.078941,0.055663
11.921000,4.411000,2.264780,-0.019816,1.045092,-0.031599,-0.003416,0.002613,0.537550,0.025330,0.001449,0.035551,0.083351,-0.000763,2.210000,0.000000,1.000000,0.000000,0.000000,0.000000,0.500000,0.000000,0.000000,0.000000,0.000000,0.000000,0.054780,-0.019816,0.045092,-0.031599,-0.003416,0.002613,0.037550,0.025330,0.001449,0.073667,0.045318
11.930000,4.420000,2.270584,-0.020913,1.045040,-0.031857,-0.003544,0.002650,0.538909,0.024412,0.001372,0.014265,0.041098,-0.000143,2.210000,0.000000,1.000000,0.000000,0.000000,0.000000,0.500000,0.000000,0.000000,0.000000,0.000000,0.000000,0.060584,-0.020913,0.045040,-0.031857,-0.003544,0.002650,0.038909,0.024412,0.001372,0.078335,0.045954
11.940000,4.430000,2.275973,-0.020668,1.045053,-0.031714,-0.003133,0.002635,0.538552,0.027541,0.001489,0.037623,0.103133,-0.001110,2.220000,0.000000,1.000000,0.000000,0.000000,0.000000,0.500000,0.000000,0.000000,0.000000,0.000000,0.000000,0.055973,-0.020668,0.045053,-0.031714,-0.003133,0.002635,0.038552,0.027541,0.001489,0.074766,0.047403
11.950000,4.440000,2.279621,-0.021581,1.045021,-0.031981,-0.004396,0.002666,0.531984,0.026809,0.001480,0.043134,0.107557,-0.000904,2.220000,0.000000,1.000000,0.000000,0.000000,0.000000,0.500000,0.000000,0.000000,0.000000,0.000000,0.000000,0.059621,-0.021581,0.045021,-0.031981,-0.004396,0.002666,0.031984,0.026809,0.001480,0.077764,0.041760
11.960000,4.450000,2.285905,-0.022693,1.045010,-0.032239,-0.004285,0.002696,0.535199,0.025807,0.001533,0.044113,0.113486,-0.001077,2.230000,0.000000,1.000000,0.000000,0.000000,0.000000,0.500000,0.000000,0.000000,0.000000,0.000000,0.000000,0.055905,-0.022693,0.045010,-0.032239,-0.004285,0.002696,0.035199,0.025807,0.001533,0.075275,0.043673
11.970000,4.460000,2.291257,-0.022435,1.045026,-0.031798,-0.003151,0.002649,0.534770,0.028973,0.001630,0.086684,0.221967,-0.002460,2.230000,0.000000,1.000000,0.000000,0.000000,0.000000,0.500000,0.000000,0.000000,0.000000,0.000000,0.000000,0.061257,-0.022435,0.045026,-0.031798,-0.003151,0.002649,0.034770,0.028973,0.001630,0.079266,0.045288
11.980000,4.470000,2.296626,-0.023882,1.045055,-0.032145,-0.003757,0.002680,0.534605,0.026694,0.001766,0.049826,0.139513,-0.000809,2.241000,0.000000,1.000000,0.000000,0.000000,0.000000,0.500000,0.000000,0.000000,0.000000,0.000000,0.000000,0.055626,-0.023882,0.045055,-0.032145,-0.003757,0.002680,0.034605,0.026694,0.001766,0.075463,0.043740
11.990000,4.480000,2.303159,-0.024449,1.045095,-0.031988,-0.002791,0.002676,0.538631,0.027226,0.001889,0.042056,0.128327,-0.000377,2.241000,0.000000,1.000000,0.000000,0.000000,0.000000,0.500000,0.000000,0.000000,0.000000,0.000000,0.000000,0.062159,-0.024449,0.045095,-0.031988,-0.002791,0.002676,0.038631,0.027226,0.001889,0.080591,0.047299
12.000000,4.490000,2.308545,-0.024177,1.045114,-0.031568,-0.001509,0.002631,0.538348,0.030366,0.001949,0.066219,0.193839,-0.001356,2.250000,0.000000,1.000000,0.000000,0.000000,0.000000,0.500000,0.000000,0.000000,0.000000,0.000000,0.000000,0.058545,-0.024177,0.045114,-0.031568,-0.001509,0.002631,0.038348,0.030366,0.001949,0.077764,0.048954
12.010000,4.500000,2.312470,-0.025659,1.045180,-0.031687,-0.001942,0.002646,0.533025,0.027892,0.002081,0.056891,0.155802,-0.000998,2.250000,0.000000,1.000000,0.000000,0.000000,0.000000,0.500000,0.000000,0.000000,0.000000,0.000000,0.000000,0.062470,-0.025659,0.045180,-0.031687,-0.001942,0.002646,0.033025,0.027892,0.002081,0.081254,0.043278
12.023000,4.513000,2.318761,-0.026197,1.045240,-0.031637,-0.001179,0.002640,0.536393,0.028451,0.002193,0.053472,0.150233,-0.001263,2.261500,0.000000,1.000000,0.000000,0.000000,0.000000,0.500000,0.000000,0.000000,0.000000,0.000000,0.000000,0.057261,-0.026197,0.045240,-0.031637,-0.001179,0.002640,0.036393,0.028451,0.002193,0.077536,0.046246
12.030000,4.520000,2.324515,-0.026793,1.045303,-0.031486,-0.000429,0.002628,0.537767,0.028766,0.002252,0.050047,0.148903,-0.001428,2.261500,0.000000,1.000000,0.000000,0.000000,0.000000,0.500000,0.000000,0.000000,0.000000,0.000000,0.000000,0.063015,-0.026793,0.045303,-0.031486,-0.000429,0.002628,0.037767,0.028766,0.002252,0.082104,0.047527
12.040000,4.530000,2.329893,-0.026505,1.045325,-0.030985,0.001059,0.002567,0.537716,0.031853,0.002192,0.084164,0.234191,-0.002783,2.270000,0.000000,1.000000,0.000000,0.000000,0.000000,0.500000,0.000000,0.000000,0.000000,0.000000,0.000000,0.059893,-0.026505,0.045325,-0.030985,0.001059,0.002567,0.037716,0.031853,0.002192,0.079650,0.049416
12.051000,4.541000,2.333080,-0.027946,1.045402,-0.031202,0.000194,0.002577,0.529993,0.029436,0.002232,0.052650,0.144267,-0.001480,2.280000,0.000000,1.000000,0.000000,0.000000,0.000000,0.500000,0.000000,0.000000,0.000000,0.000000,0.000000,0.053080,-0.027946,0.045402,-0.031202,0.000194,0.002577,0.029993,0.029436,0.002232,0.075232,0.042084
12.060000,4.550000,2.339233,-0.028458,1.045451,-0.031054,0.001091,0.002561,0.533190,0.029980,0.002191,0.054791,0.147113,-0.001606,2.280000,0.000000,1.000000,0.000000,0.000000,0.000000,0.500000,0.000000,0.000000,0.000000,0.000000,0.000000,0.059233,-0.028458,0.045451,-0.031054,0.001091,0.002561,0.033190,0.029980,0.002191,0.079901,0.044779
12.070000,4.560000,2.344565,-0.028158,1.045473,-0.030506,0.002561,0.002499,0.533289,0.033023,0.002043,0.089211,0.236132,-0.002800,2.280000,0.000000,1.000000,0.000000,0.000000,0.000000,0.500000,0.000000,0.000000,0.000000,0.000000,0.000000,0.064565,-0.028158,0.045473,-0.030506,0.002561,0.002499,0.033289,0.033023,0.002043,0.083841,0.046935
12.083000,4.573000,2.348181,-0.029602,1.045510,-0.030749,0.001789,0.002510,0.527419,0.030505,0.001940,0.035184,0.108958,-0.001004,2.290000,0.000000,1.000000,0.000000,0.000000,0.000000,0.500000,0.000000,0.000000,0.000000,0.000000,0.000000,0.058181,-0.029602,0.045510,-0.030749,0.001789,0.002510,0.027419,0.030505,0.001940,0.079576,0.041063
12.090000,4.580000,2.353455,-0.029297,1.045529,-0.030397,0.002878,0.002466,0.527587,0.033519,0.001790,0.054304,0.157221,-0.001800,2.290000,0.000000,1.000000,0.000000,0.000000,0.000000,0.500000,0.000000,0.000000,0.000000,0.000000,0.000000,0.063455,-0.029297,0.045529,-0.030397,0.002878,0.002466,0.027587,0.033519,0.001790,0.083413,0.043448
12.100000,4.590000,2.356575,-0.030170,1.045536,-0.030404,0.002352,0.002465,0.520121,0.032588,0.001609,0.031772,0.106074,-0.000884,2.300500,0.000000,1.000000,0.000000,0.000000,0.000000,0.500000,0.000000,0.000000,0.000000,0.000000,0.000000,0.056075,-0.030170,0.045536,-0.030404,0.002352,0.002465,0.020121,0.032588,0.001609,0.078283,0.038333
12.110000,4.600000,2.360940,-0.030743,1.045543,-0.030392,0.002492,0.002461,0.517415,0.032752,0.001439,0.037983,0.117855,-0.001197,2.300500,0.000000,1.000000,0.000000,0.000000,0.000000,0.500000,0.000000,0.000000,0.000000,0.000000,0.000000,0.060440,-0.030743,0.045543,-0.030392,0.002492,0.002461,0.017415,0.032752,0.001439,0.081684,0.037122
12.120000,4.610000,2.367349,-0.031738,1.045549,-0.030668,0.002906,0.002472,0.522301,0.031801,0.001275,0.022890,0.083237,-0.001341,2.310000,0.000000,1.000000,0.000000,0.000000,0.000000,0.500000,0.000000,0.000000,0.000000,0.000000,0.000000,0.057349,-0.031738,0.045549,-0.030668,0.002906,0.002472,0.022301,0.031801,0.001275,0.079818,0.038862
12.132000,4.622000,2.373991,-0.032241,1.045560,-0.030885,0.003173,0.002481,0.527822,0.032238,0.001154,0.020877,0.084489,-0.001587,2.310000,0.000000,1.000000,0.000000,0.000000,0.000000,0.500000,0.000000,0.000000,0.000000,0.000000,0.000000,0.063991,-0.032241,0.045560,-0.030885,0.003173,0.002481,0.027822,0.032238,0.001154,0.084912,0.042599
12.140000,4.630000,2.379959,-0.032824,1.045568,-0.030667,0.004248,0.002447,0.530698,0.032395,0.001029,0.060196,0.182251,-0.002761,2.320000,0.000000,1.000000,0.000000,0.000000,0.000000,0.500000,0.000000,0.000000,0.000000,0.000000,0.000000,0.059959,-0.032824,0.045568,-0.030667,0.004248,0.002447,0.030698,0.032395,0.001029,0.082152,0.044641
12.152000,4.642000,2.385475,-0.033399,1.045575,-0.031323,0.003038,0.002470,0.531804,0.032607,0.000922,0.026110,0.082986,-0.001453,2.330000,0.000000,1.000000,0.000000,0.000000,0.000000,0.500000,0.000000,0.000000,0.000000,0.000000,0.000000,0.055475,-0.033399,0.045575,-0.031323,0.003038,0.002470,0.031804,0.032607,0.000922,0.079184,0.045558
12.160000,4.650000,2.390794,-0.033073,1.045584,-0.031578,0.002753,0.002474,0.532078,0.035686,0.000825,0.027297,0.084798,-0.001300,2.330000,0.000000,1.000000,0.000000,0.000000,0.000000,0.500000,0.000000,0.000000,0.000000,0.000000,0.000000,0.060794,-0.033073,0.045584,-0.031578,0.002753,0.002474,0.032078,0.035686,0.000825,0.082871,0.047991
12.171000,4.661000,2.393813,-0.034500,1.045582,-0.031748,0.002014,0.002498,0.524192,0.033218,0.000707,0.031061,0.088931,-0.000914,2.330000,0.000000,1.000000,0.000000,0.000000,0.000000,0.500000,0.000000,0.000000,0.000000,0.000000,0.000000,0.063813,-0.034500,0.045582,-0.031748,0.002014,0.002498,0.024192,0.033218,0.000707,0.085674,0.041100
12.182000,4.672000,2.399881,-0.034972,1.045582,-0.031805,0.002342,0.002510,0.527456,0.033832,0.000599,0.042525,0.106526,-0.000501,2.340000,0.000000,1.000000,0.000000,0.000000,0.000000,0.500000,0.000000,0.000000,0.000000,0.000000,0.000000,0.059881,-0.034972,0.045582,-0.031805,0.002342,0.002510,0.027456,0.033832,0.000599,0.082985,0.043575
12.190000,4.680000,2.405156,-0.034634,1.045588,-0.031380,0.003406,0.002471,0.527678,0.036951,0.000522,0.086007,0.211700,-0.001779,2.340000,0.000000,1.000000,0.000000,0.000000,0.000000,0.500000,0.000000,0.000000,0.000000,0.000000,0.000000,0.065156,-0.034634,0.045588,-0.031380,0.003406,0.002471,0.027678,0.036951,0.000522,0.086735,0.046171
12.200000,4.690000,2.407428,-0.035553,1.045571,-0.031664,0.001734,0.002499,0.517145,0.035861,0.000383,0.049077,0.126358,-0.000275,2.350000,0.000000,1.000000,0.000000,0.000000,0.000000,0.500000,0.000000,0.000000,0.000000,0.000000,0.000000,0.057428,-0.035553,0.045571,-0.031664,0.001734,0.002499,0.017145,0.035861,0.000383,0.081478,0.039751
12.210000,4.700000,2.413034,-0.036553,1.045534,-0.031695,0.002198,0.002522,0.519069,0.034917,0.000193,0.033608,0.090189,0.000450,2.350000,0.000000,1.000000,0.000000,0.000000,0.000000,0.500000,0.000000,0.000000,0.000000,0.000000,0.000000,0.063034,-0.036553,0.045534,-0.031695,0.002198,0.002522,0.019069,0.034917,0.000193,0.085923,0.039785
12.220000,4.710000,2.418225,-0.036204,1.045536,-0.031359,0.003099,0.002498,0.519277,0.038025,0.000122,0.054661,0.146050,-0.000587,2.360000,0.000000,1.000000,0.000000,0.000000,0.000000,0.500000,0.000000,0.000000,0.000000,0.000000,0.000000,0.058225,-0.036204,0.045536,-0.031359,0.003099,0.002498,0.019277,0.038025,0.000122,0.082306,0.042633
12.230000,4.720000,2.423282,-0.037567,1.045478,-0.031487,0.002866,0.002528,0.519215,0.035674,-0.000086,0.052555,0.135093,-0.000275,2.360000,0.000000,1.000000,0.000000,0.000000,0.000000,0.500000,0.000000,0.000000,0.000000,0.000000,0.000000,0.063282,-0.037567,0.045478,-0.031487,0.002866,0.002528,0.019215,0.035674,-0.000086,0.086511,0.040520
12.240000,4.730000,2.429608,-0.038033,1.045455,-0.031511,0.003295,0.002542,0.523689,0.036191,-0.000186,0.046696,0.124498,-0.000625,2.370000,0.000000,1.000000,0.000000,0.000000,0.000000,0.500000,0.000000,0.000000,0.000000,0.000000,0.000000,0.059608,-0.038033,0.045455,-0.031511,0.003295,0.002542,0.023689,0.036191,-0.000186,0.084058,0.043255
12.250000,4.740000,2.435349,-0.038566,1.045437,-0.031032,0.004730,0.002504,0.525917,0.036445,-0.000240,0.079585,0.211772,-0.002088,2.370000,0.000000,1.000000,0.000000,0.000000,0.000000,0.500000,0.000000,0.000000,0.000000,0.000000,0.000000,0.065349,-0.038566,0.045437,-0.031032,0.004730,0.002504,0.025917,0.036445,-0.000240,0.088444,0.044721
12.260000,4.750000,2.440608,-0.038202,1.045435,-0.031366,0.004038,0.002515,0.526273,0.039531,-0.000246,0.038990,0.116306,-0.000840,2.380500,0.000000,1.000000,0.000000,0.000000,0.000000,0.500000,0.000000,0.000000,0.000000,0.000000,0.000000,0.060108,-0.038202,0.045435,-0.031366,0.004038,0.002515,0.026273,0.039531,-0.000246,0.084479,0.047466
12.280000,4.770000,2.445836,-0.039450,1.045413,-0.031193,0.004238,0.002519,0.526602,0.037125,-0.000300,0.020516,0.081480,-0.000728,2.390500,0.000000,1.000000,0.000000,0.000000,0.000000,0.500000,0.000000,0.000000,0.000000,0.000000,0.000000,0.055336,-0.039450,0.045413,-0.031193,0.004238,0.002519,0.026602,0.037125,-0.000300,0.081736,0.045673
12.280000,4.770000,2.451102,-0.039079,1.045410,-0.030988,0.005053,0.002486,0.527010,0.040187,-0.000297,0.040136,0.134739,-0.001701,2.390500,0.000000,1.000000,0.000000,0.000000,0.000000,0.500000,0.000000,0.000000,0.000000,0.000000,0.000000,0.060602,-0.039079,0.045410,-0.030988,0.005053,0.002486,0.027010,0.040187,-0.000297,0.085217,0.048421
12.290000,4.780000,2.452668,-0.040116,1.045397,-0.031216,0.003426,0.002501,0.514227,0.038549,-0.000338,0.031054,0.096865,-0.001331,2.390500,0.000000,1.000000,0.000000,0.000000,0.000000,0.500000,0.000000,0.000000,0.000000,0.000000,0.000000,0.062168,-0.040116,0.045397,-0.031216,0.003426,0.002501,0.014227,0.038549,-0.000338,0.086804,0.041092
12.300000,4.790000,2.458077,-0.041094,1.045389,-0.031638,0.003270,0.002521,0.515688,0.037607,-0.000367,0.018612,0.068706,-0.001748,2.400000,0.000000,1.000000,0.000000,0.000000,0.000000,0.500000,0.000000,0.000000,0.000000,0.000000,0.000000,0.058077,-0.041094,0.045389,-0.031638,0.003270,0.002521,0.015688,0.037607,-0.000367,0.084390,0.040750
12.310000,4.800000,2.463233,-0.040718,1.045385,-0.031453,0.003957,0.002482,0.516001,0.040712,-0.000382,0.060209,0.169896,-0.002909,2.400000,0.000000,1.000000,0.000000,0.000000,0.000000,0.500000,0.000000,0.000000,0.000000,0.000000,0.000000,0.063233,-0.040718,0.045385,-0.031453,0.003957,0.002482,0.016001,0.040712,-0.000382,0.087842,0.043746
12.320000,4.810000,2.466701,-0.041551,1.045386,-0.032042,0.002196,0.002504,0.510247,0.039804,-0.000383,0.017832,0.074156,-0.001929,2.410000,0.000000,1.000000,0.000000,0.000000,0.000000,0.500000,0.000000,0.000000,0.000000,0.000000,0.000000,0.056701,-0.041551,0.045386,-0.032042,0.002196,0.002504,0.010247,0.039804,-0.000383,0.083674,0.041103
12.330000,4.820000,2.471125,-0.042074,1.045389,-0.032319,0.001677,0.002516,0.508095,0.040062,-0.000390,0.007436,0.048455,-0.001445,2.410000,0.000000,1.000000,0.000000,0.000000,0.000000,0.500000,0.000000,0.000000,0.000000,0.000000,0.000000,0.061125,-0.042074,0.045389,-0.032319,0.001677,0.002516,0.008095,0.040062,-0.000390,0.086986,0.040874
12.340000,4.830000,2.475845,-0.042548,1.045393,-0.032582,0.001319,0.002529,0.507049,0.040504,-0.000392,0.007543,0.048943,-0.001252,2.420000,0.000000,1.000000,0.000000,0.000000,0.000000,0.500000,0.000000,0.000000,0.000000,0.000000,0.000000,0.055845,-0.042548,0.045393,-0.032582,0.001319,0.002529,0.007049,0.040504,-0.000392,0.083603,0.041114
12.351000,4.841000,2.482384,-0.043455,1.045406,-0.033009,0.001460,0.002558,0.512708,0.039821,-0.000389,0.028355,0.091161,-0.001268,2.420000,0.000000,1.000000,0.000000,0.000000,0.000000,0.500000,0.000000,0.000000,0.000000,0.000000,0.000000,0.062384,-0.043455,0.045406,-0.033009,0.001460,0.002558,0.012708,0.039821,-0.000389,0.088554,0.041802
12.360000,4.850000,2.487511,-0.043056,1.045402,-0.032725,0.002371,0.002515,0.512843,0.043060,-0.000436,0.082632,0.215005,-0.002414,2.430000,0.000000,1.000000,0.000000,0.000000,0.000000,0.500000,0.000000,0.000000,0.000000,0.000000,0.000000,0.057511,-0.043056,0.045402,-0.032725,0.002371,0.002515,0.012843,0.043060,-0.000436,0.084987,0.044936
12.370000,4.860000,2.491307,-0.043895,1.045419,-0.033297,0.000711,0.002546,0.508206,0.042159,-0.000442,0.030055,0.094936,-0.000905,2.430000,0.000000,1.000000,0.000000,0.000000,0.000000,0.500000,0.000000,0.000000,0.000000,0.000000,0.000000,0.061307,-0.043895,0.045419,-0.033297,0.000711,0.002546,0.008206,0.042159,-0.000442,0.088024,0.042952
12.380000,4.870000,2.497463,-0.044853,1.045452,-0.033487,0.001162,0.002574,0.512362,0.041301,-0.000402,0.042205,0.119393,-0.000183,2.440000,0.000000,1.000000,0.000000,0.000000,0.000000,0.500000,0.000000,0.000000,0.000000,0.000000,0.000000,0.057463,-0.044853,0.045452,-0.033487,0.001162,0.002574,0.012362,0.041301,-0.000402,0.085905,0.043114
12.391000,4.881000,2.503932,-0.045241,1.045472,-0.033394,0.002043,0.002585,0.517480,0.042091,-0.000411,0.059388,0.156438,0.000342,2.440000,0.000000,1.000000,0.000000,0.000000,0.000000,0.500000,0.000000,0.000000,0.000000,0.000000,0.000000,0.063932,-0.045241,0.045472,-0.033394,0.002043,0.002585,0.017480,0.042091,-0.000411,0.090564,0.045578
12.400000,4.890000,2.509746,-0.045711,1.045490,-0.033189,0.002898,0.002593,0.520087,0.042541,-0.000427,0.069578,0.178666,0.000814,2.450000,0.000000,1.000000,0.000000,0.000000,0.000000,0.500000,0.000000,0.000000,0.000000,0.000000,0.000000,0.059746,-0.045711,0.045490,-0.033189,0.002898,0.002593,0.020087,0.042541,-0.000427,0.087912,0.047047
12.411000,4.901000,2.515126,-0.046179,1.045501,-0.032915,0.003775,0.002597,0.521098,0.042968,-0.000494,0.063063,0.165420,0.000593,2.450000,0.000000,1.000000,0.000000,0.000000,0.000000,0.500000,0.000000,0.000000,0.000000,0.000000,0.000000,0.065126,-0.046179,0.045501,-0.032915,0.003775,0.002597,0.021098,0.042968,-0.000494,0.091893,0.047871
12.420000,4.910000,2.520337,-0.045750,1.045497,-0.032285,0.005428,0.002548,0.521460,0.046196,-0.000605,0.096123,0.245105,-0.001077,2.460000,0.000000,1.000000,0.000000,0.000000,0.000000,0.500000,0.000000,0.000000,0.000000,0.000000,0.000000,0.060337,-0.045750,0.045497,-0.032285,0.005428,0.002548,0.021460,0.046196,-0.000605,0.088337,0.050940
12.430000,4.920000,2.522091,-0.046634,1.045506,-0.032215,0.004495,0.002566,0.509471,0.044986,-0.000679,0.061271,0.160455,0.000297,2.460000,0.000000,1.000000,0.000000,0.000000,0.000000,0.500000,0.000000,0.000000,0.000000,0.000000,0.000000,0.062091,-0.046634,0.045506,-0.032215,0.004495,0.002566,0.009471,0.044986,-0.000679,0.090005,0.045978
12.440000,4.930000,2.525972,-0.047100,1.045509,-0.031957,0.004976,0.002564,0.505600,0.045286,-0.000773,0.059707,0.157794,-0.000073,2.470000,0.000000,1.000000,0.000000,0.000000,0.000000,0.500000,0.000000,0.000000,0.000000,0.000000,0.000000,0.055972,-0.047100,0.045509,-0.031957,0.004976,0.002564,0.005600,0.045286,-0.000773,0.086152,0.045637
12.451000,4.941000,2.531997,-0.047932,1.045511,-0.031912,0.006000,0.002568,0.509799,0.044641,-0.000859,0.052022,0.148772,-0.000681,2.470000,0.000000,1.000000,0.000000,0.000000,0.000000,0.500000,0.000000,0.000000,0.000000,0.000000,0.000000,0.061997,-0.047932,0.045511,-0.031912,0.006000,0.002568,0.009799,0.044641,-0.000859,0.090622,0.045712
12.460000,4.950000,2.538422,-0.048273,1.045503,-0.031415,0.007926,0.002520,0.515326,0.045325,-0.000968,0.082000,0.227092,-0.002318,2.480000,0.000000,1.000000,0.000000,0.000000,0.000000,0.500000,0.000000,0.000000,0.000000,0.000000,0.000000,0.058422,-0.048273,0.045503,-0.031415,0.007926,0.002520,0.015326,0.045325,-0.000968,0.088397,0.047856
12.470000,4.960000,2.543575,-0.047819,1.045494,-0.031690,0.007466,0.002517,0.515999,0.048445,-0.001076,0.042607,0.128246,-0.001338,2.480000,0.000000,1.000000,0.000000,0.000000,0.000000,0.500000,0.000000,0.000000,0.000000,0.000000,0.000000,0.063575,-0.047819,0.045494,-0.031690,0.007466,0.002517,0.015999,0.048445,-0.001076,0.091642,0.051029
12.480000,4.970000,2.546205,-0.048715,1.045485,-0.031127,0.008068,0.002471,0.507650,0.047008,-0.001177,0.074483,0.207125,-0.002720,2.490000,0.000000,1.000000,0.000000,0.000000,0.000000,0.500000,0.000000,0.000000,0.000000,0.000000,0.000000,0.056205,-0.048715,0.045485,-0.031127,0.008068,0.002471,0.007650,0.047008,-0.001177,0.087183,0.047641
12.491000,4.981000,2.551876,-0.049614,1.045447,-0.031671,0.007656,0.002485,0.510673,0.046033,-0.001330,0.020125,0.086811,-0.001311,2.490000,0.000000,1.000000,0.000000,0.000000,0.000000,0.500000,0.000000,0.000000,0.000000,0.000000,0.000000,0.061876,-0.049614,0.045447,-0.031671,0.007656,0.002485,0.010673,0.046033,-0.001330,0.091409,0.047273
12.500000,4.990000,2.556983,-0.049154,1.045434,-0.031470,0.008524,0.002444,0.511417,0.049141,-0.001408,0.041191,0.145006,-0.002104,2.500000,0.000000,1.000000,0.000000,0.000000,0.000000,0.500000,0.000000,0.000000,0.000000,0.000000,0.000000,0.056983,-0.049154,0.045434,-0.031470,0.008524,0.002444,0.011417,0.049141,-0.001408,0.087906,0.050469
12.510000,5.000000,2.560497,-0.049945,1.045388,-0.031782,0.007427,0.002450,0.506462,0.048061,-0.001572,0.031881,0.102099,-0.001941,2.500000,0.000000,1.000000,0.000000,0.000000,0.000000,0.500000,0.000000,0.000000,0.000000,0.000000,0.000000,0.060497,-0.049945,0.045388,-0.031782,0.007427,0.002450,0.006462,0.048061,-0.001572,0.090634,0.048519
12.520000,5.010000,2.564910,-0.050406,1.045340,-0.032033,0.007062,0.002453,0.504900,0.048222,-0.001737,0.025154,0.086678,-0.002095,2.510000,0.000000,1.150000,0.000000,0.000000,0.000000,0.500000,0.000000,0.000000,0.000000,0.000000,0.000000,0.054910,-0.050406,-0.104660,-0.032033,0.007062,0.002453,0.004900,0.048222,-0.001737,0.128490,0.048501
12.530000,5.020000,2.569602,-0.050812,1.045289,-0.032301,0.006743,0.002458,0.504379,0.048590,-0.001882,0.018642,0.075550,-0.001971,2.510000,0.000000,1.150000,0.000000,0.000000,0.000000,0.500000,0.000000,0.000000,0.000000,0.000000,0.000000,0.059602,-0.050812,-0.104711,-0.032301,0.006743,0.002458,0.004379,0.048590,-0.001882,0.130762,0.048823
12.540000,5.030000,2.574417,-0.051209,1.045236,-0.032559,0.006436,0.002465,0.504291,0.049000,-0.002028,0.018900,0.072157,-0.001836,2.520000,0.000000,1.150000,0.000000,0.000000,0.000000,0.500000,0.000000,0.000000,0.000000,0.000000,0.000000,0.054417,-0.051209,-0.104764,-0.032559,0.006436,0.002465,0.004291,0.049000,-0.002028,0.128682,0.049230
12.550000,5.040000,2.579291,-0.051603,1.045181,-0.032801,0.006148,0.002476,0.504531,0.050155,0.020149,0.027042,0.083287,-0.001562,2.520000,0.000000,1.150000,0.000000,0.000000,0.000000,0.500000,0.000000,0.000000,0.000000,0.000000,0.000000,0.059291,-0.051603,-0.104819,-0.032801,0.006148,0.002476,0.004531,0.050155,0.020149,0.131016,0.054241
12.562000,5.052000,2.585895,-0.052404,1.045356,-0.033152,0.006397,0.002501,0.511087,0.050164,0.039374,0.028127,0.082205,-0.000988,2.531000,0.000000,1.150000,0.000000,0.000000,0.000000,0.500000,0.000000,0.000000,0.000000,0.000000,0.000000,0.054895,-0.052404,-0.104644,-0.033152,0.006397,0.002501,0.011087,0.050164,0.039374,0.129267,0.064728
12.570000,5.060000,2.592460,-0.052692,1.045747,-0.032898,0.007674,0.002472,0.517221,0.051608,0.058669,0.073361,0.184863,-0.002080,2.531000,0.000000,1.150000,0.000000,0.000000,0.000000,0.500000,0.000000,0.000000,0.000000,0.000000,0.000000,0.061460,-0.052692,-0.104253,-0.032898,0.007674,0.002472,0.017221,0.051608,0.058669,0.131994,0.080012
12.580000,5.070000,2.597632,-0.052176,1.046334,-0.033419,0.006556,0.002498,0.517988,0.055526,0.077971,0.036885,0.094430,-0.000330,2.540000,0.000000,1.150000,0.000000,0.000000,0.000000,0.500000,0.000000,0.000000,0.000000,0.000000,0.000000,0.057632,-0.052176,-0.103666,-0.033419,0.006556,0.002498,0.017988,0.055526,0.077971,0.129578,0.097397
12.591000,5.081000,2.601724,-0.053527,1.046828,-0.033499,0.006107,0.002534,0.514900,0.053271,0.091101,0.019668,0.049048,0.000391,2.540000,0.000000,1.150000,0.000000,0.000000,0.000000,0.500000,0.000000,0.000000,0.000000,0.000000,0.000000,0.061724,-0.053527,-0.103172,-0.033499,0.006107,0.002534,0.014900,0.053271,0.091101,0.131603,0.106580
12.600000,5.090000,2.606873,-0.052994,1.047739,-0.033302,0.006598,0.002521,0.515575,0.057028,0.105063,0.044943,0.106455,-0.000562,2.550000,0.000000,1.150000,0.000000,0.000000,0.000000,0.500000,0.000000,0.000000,0.000000,0.000000,0.000000,0.056873,-0.052994,-0.102261,-0.033302,0.006598,0.002521,0.015575,0.057028,0.105063,0.128453,0.120553
12.610000,5.100000,2.611430,-0.054219,1.048494,-0.033781,0.005376,0.002572,0.514165,0.055043,0.113583,0.035464,0.070076,-0.000489,2.550000,0.000000,1.150000,0.000000,0.000000,0.000000,0.500000,0.000000,0.000000,0.000000,0.000000,0.000000,0.061430,-0.054219,-0.101506,-0.033781,0.005376,0.002572,0.014165,0.055043,0.113583,0.130449,0.127010
12.620000,5.110000,2.616572,-0.053668,1.049629,-0.033427,0.006076,0.002544,0.514733,0.058677,0.122965,0.086267,0.176655,-0.002112,2.560000,0.000000,1.150000,0.000000,0.000000,0.000000,0.500000,0.000000,0.000000,0.000000,0.000000,0.000000,0.056572,-0.053668,-0.100371,-0.033427,0.006076,0.002544,0.014733,0.058677,0.122965,0.127102,0.137041
12.630000,5.120000,2.619791,-0.054421,1.050333,-0.033999,0.003908,0.002586,0.508335,0.057823,0.127516,0.030582,0.058958,-0.001040,2.560000,0.000000,1.150000,0.000000,0.000000,0.000000,0.500000,0.000000,0.000000,0.000000,0.000000,0.000000,0.059791,-0.054421,-0.099667,-0.033999,0.003908,0.002586,0.008335,0.057823,0.127516,0.128336,0.140261
12.643000,5.133000,2.625653,-0.055208,1.051725,-0.034271,0.003597,0.002625,0.511689,0.057316,0.133940,0.035623,0.055943,-0.001349,2.570000,0.000000,1.150000,0.000000,0.000000,0.000000,0.500000,0.000000,0.000000,0.000000,0.000000,0.000000,0.055653,-0.055208,-0.098275,-0.034271,0.003597,0.002625,0.011689,0.057316,0.133940,0.125710,0.146156
12.653000,5.143000,2.632034,-0.055407,1.053393,-0.034305,0.003606,0.002647,0.516714,0.058432,0.138841,0.050836,0.080099,-0.001342,2.580000,0.000000,1.150000,0.000000,0.000000,0.000000,0.500000,0.000000,0.000000,0.000000,0.000000,0.000000,0.052034,-0.055407,-0.096607,-0.034305,0.003606,0.002647,0.016714,0.058432,0.138841,0.122924,0.151560
12.662000,5.152000,2.637782,-0.055710,1.054979,-0.034242,0.003508,0.002666,0.519233,0.059136,0.143353,0.059090,0.093580,-0.001152,2.580000,0.000000,1.150000,0.000000,0.000000,0.000000,0.500000,0.000000,0.000000,0.000000,0.000000,0.000000,0.057782,-0.055710,-0.095021,-0.034242,0.003508,0.002666,0.019233,0.059136,0.143353,0.124384,0.156259
12.670000,5.160000,2.642974,-0.055119,1.056412,-0.033651,0.004442,0.002623,0.519575,0.062564,0.145314,0.099920,0.192382,-0.002414,2.580000,0.000000,1.150000,0.000000,0.000000,0.000000,0.500000,0.000000,0.000000,0.000000,0.000000,0.000000,0.062974,-0.055119,-0.093588,-0.033651,0.004442,0.002623,0.019575,0.062564,0.145314,0.125549,0.159417
12.680000,5.170000,2.644972,-0.055970,1.057087,-0.033779,0.002395,0.002655,0.508421,0.061100,0.145015,0.058600,0.093463,-0.000836,2.590000,0.000000,1.150000,0.000000,0.000000,0.000000,0.500000,0.000000,0.000000,0.000000,0.000000,0.000000,0.054972,-0.055970,-0.092913,-0.033779,0.002395,0.002655,0.008421,0.061100,0.145015,0.121603,0.157587
12.690000,5.180000,2.648911,-0.056331,1.058297,-0.033575,0.002069,0.002672,0.504588,0.061379,0.144976,0.043948,0.063845,-0.000259,2.590000,0.000000,1.150000,0.000000,0.000000,0.000000,0.500000,0.000000,0.000000,0.000000,0.000000,0.000000,0.058911,-0.056331,-0.091703,-0.033575,0.002069,0.002672,0.004588,0.061379,0.144976,0.122691,0.157501
12.702000,5.192000,2.654935,-0.056996,1.060171,-0.033497,0.002493,0.002700,0.508508,0.060932,0.146684,0.066727,0.123431,-0.000571,2.601000,0.000000,1.150000,0.000000,0.000000,0.000000,0.500000,0.000000,0.000000,0.000000,0.000000,0.000000,0.053935,-0.056996,-0.089829,-0.033497,0.002493,0.002700,0.008508,0.060932,0.146684,0.119276,0.159064
12.710000,5.200000,2.661327,-0.057145,1.062131,-0.033355,0.002914,0.002716,0.513586,0.061895,0.148602,0.062352,0.120503,-0.000810,2.601000,0.000000,1.150000,0.000000,0.000000,0.000000,0.500000,0.000000,0.000000,0.000000,0.000000,0.000000,0.060327,-0.057145,-0.087869,-0.033355,0.002914,0.002716,0.013586,0.061895,0.148602,0.120938,0.161549
12.720000,5.210000,2.667074,-0.057409,1.063939,-0.033213,0.003123,0.002730,0.516149,0.062396,0.150019,0.060472,0.123823,-0.000863,2.610000,0.000000,1.150000,0.000000,0.000000,0.000000,0.500000,0.000000,0.000000,0.000000,0.000000,0.000000,0.057074,-0.057409,-0.086061,-0.033213,0.003123,0.002730,0.016149,0.062396,0.150019,0.118151,0.163279
12.730000,5.220000,2.672391,-0.057688,1.065646,-0.033061,0.003305,0.002741,0.517067,0.062782,0.150063,0.051643,0.107402,-0.000752,2.610000,0.000000,1.150000,0.000000,0.000000,0.000000,0.500000,0.000000,0.000000,0.000000,0.000000,0.000000,0.062391,-0.057688,-0.084354,-0.033061,0.003305,0.002741,0.017067,0.062782,0.150063,0.119733,0.163560
12.740000,5.230000,2.677478,-0.057960,1.067291,-0.032538,0.004391,0.002707,0.517139,0.063163,0.149923,0.085221,0.195339,-0.002190,2.620000,0.000000,1.150000,0.000000,0.000000,0.000000,0.500000,0.000000,0.000000,0.000000,0.000000,0.000000,0.057478,-0.057960,-0.082709,-0.032538,0.004391,0.002707,0.017139,0.063163,0.149923,0.116207,0.163585
12.751000,5.241000,2.682447,-0.058225,1.068904,-0.032759,0.003655,0.002731,0.516787,0.063528,0.149007,0.053807,0.113737,-0.000814,2.630000,0.000000,1.150000,0.000000,0.000000,0.000000,0.500000,0.000000,0.000000,0.000000,0.000000,0.000000,0.052447,-0.058225,-0.081096,-0.032759,0.003655,0.002731,0.016787,0.063528,0.149007,0.112772,0.162851
12.760000,5.250000,2.687356,-0.058483,1.070490,-0.032656,0.003798,0.002739,0.516244,0.063891,0.148039,0.052480,0.117699,-0.000832,2.630000,0.000000,1.150000,0.000000,0.000000,0.000000,0.500000,0.000000,0.000000,0.000000,0.000000,0.000000,0.057356,-0.058483,-0.079510,-0.032656,0.003798,0.002739,0.016244,0.063891,0.148039,0.114157,0.162054
12.770000,5.260000,2.692518,-0.057845,1.071971,-0.032553,0.004038,0.002736,0.516594,0.067050,0.146484,0.049337,0.117712,-0.000825,2.630000,0.000000,1.150000,0.000000,0.000000,0.000000,0.500000,0.000000,0.000000,0.000000,0.000000,0.000000,0.062518,-0.057845,-0.078029,-0.032553,0.004038,0.002736,0.016594,0.067050,0.146484,0.115512,0.161952
12.781000,5.271000,2.695074,-0.059109,1.073005,-0.032447,0.003614,0.002752,0.507736,0.064110,0.143679,0.045880,0.115352,-0.000794,2.641500,0.000000,1.150000,0.000000,0.000000,0.000000,0.500000,0.000000,0.000000,0.000000,0.000000,0.000000,0.053574,-0.059109,-0.076995,-0.032447,0.003614,0.002752,0.007736,0.064110,0.143679,0.110871,0.157523
12.790000,5.280000,2.700881,-0.059238,1.074798,-0.032021,0.005024,0.002715,0.510813,0.064877,0.143095,0.085093,0.198612,-0.002239,2.641500,0.000000,1.150000,0.000000,0.000000,0.000000,0.500000,0.000000,0.000000,0.000000,0.000000,0.000000,0.059381,-0.059238,-0.075202,-0.032021,0.005024,0.002715,0.010813,0.064877,0.143095,0.112652,0.157487
12.800000,5.290000,2.705989,-0.058589,1.076229,-0.032320,0.004456,0.002725,0.511200,0.068008,0.141464,0.049449,0.115632,-0.000891,2.650000,0.000000,1.150000,0.000000,0.000000,0.000000,0.500000,0.000000,0.000000,0.000000,0.000000,0.000000,0.055989,-0.058589,-0.073771,-0.032320,0.004456,0.002725,0.011200,0.068008,0.141464,0.109588,0.157362
12.810000,5.300000,2.708131,-0.059395,1.077010,-0.032110,0.003840,0.002732,0.500988,0.066225,0.138068,0.029030,0.087645,-0.000506,2.650000,0.000000,1.150000,0.000000,0.000000,0.000000,0.500000,0.000000,0.000000,0.000000,0.000000,0.000000,0.058131,-0.059395,-0.072990,-0.032110,0.003840,0.002732,0.000988,0.066225,0.138068,0.110610,0.153133
12.820000,5.310000,2.712066,-0.059716,1.078224,-0.032056,0.003719,0.002740,0.497569,0.066226,0.136032,0.024670,0.077278,-0.000636,2.660000,0.000000,1.150000,0.000000,0.000000,0.000000,0.500000,0.000000,0.000000,0.000000,0.000000,0.000000,0.052066,-0.059716,-0.071776,-0.032056,0.003719,0.002740,-0.002431,0.066226,0.136032,0.106905,0.151316
12.830000,5.320000,2.718054,-0.060327,1.080058,-0.032346,0.003909,0.002763,0.501770,0.065617,0.136256,0.034002,0.090824,-0.001469,2.660000,0.000000,1.150000,0.000000,0.000000,0.000000,0.500000,0.000000,0.000000,0.000000,0.000000,0.000000,0.058054,-0.060327,-0.069942,-0.032346,0.003909,0.002763,0.001770,0.065617,0.136256,0.109094,0.151243
12.840000,5.330000,2.723072,-0.059671,1.081421,-0.032007,0.004816,0.002719,0.502140,0.068755,0.135096,0.078322,0.194364,-0.002985,2.670000,0.000000,1.150000,0.000000,0.000000,0.000000,0.500000,0.000000,0.000000,0.000000,0.000000,0.000000,0.053072,-0.059671,-0.068579,-0.032007,0.004816,0.002719,0.002140,0.068755,0.135096,0.105263,0.151601
12.850000,5.340000,2.726650,-0.060340,1.082548,-0.032577,0.003021,0.002746,0.497347,0.067442,0.133109,0.023064,0.075957,-0.001755,2.670000,0.000000,1.150000,0.000000,0.000000,0.000000,0.500000,0.000000,0.000000,0.000000,0.000000,0.000000,0.056650,-0.060340,-0.067452,-0.032577,0.003021,0.002746,-0.002653,0.067442,0.133109,0.106770,0.149243
12.860000,5.350000,2.732592,-0.061022,1.084341,-0.032978,0.002975,0.002771,0.501298,0.066590,0.133120,0.020427,0.072993,-0.001760,2.680000,0.000000,1.150000,0.000000,0.000000,0.000000,0.500000,0.000000,0.000000,0.000000,0.000000,0.000000,0.052592,-0.061022,-0.065659,-0.032978,0.002975,0.002771,0.001298,0.066590,0.133120,0.103927,0.148851
12.870000,5.360000,2.737605,-0.060356,1.085672,-0.032773,0.003704,0.002729,0.501578,0.069786,0.131874,0.067797,0.183905,-0.002961,2.680000,0.000000,1.150000,0.000000,0.000000,0.000000,0.500000,0.000000,0.000000,0.000000,0.000000,0.000000,0.057605,-0.060356,-0.064328,-0.032773,0.003704,0.002729,0.001578,0.069786,0.131874,0.105353,0.149209
12.882000,5.372000,2.742644,-0.061452,1.087243,-0.033386,0.002631,0.002765,0.502074,0.067408,0.131363,0.031677,0.098620,-0.001501,2.690000,0.000000,1.150000,0.000000,0.000000,0.000000,0.500000,0.000000,0.000000,0.000000,0.000000,0.000000,0.052644,-0.061452,-0.062757,-0.033386,0.002631,0.002765,0.002074,0.067408,0.131363,0.102402,0.147663
12.890000,5.380000,2.748768,-0.061551,1.088962,-0.033568,0.002904,0.002779,0.506404,0.068264,0.131043,0.020118,0.074174,-0.000561,2.690000,0.000000,1.150000,0.000000,0.000000,0.000000,0.500000,0.000000,0.000000,0.000000,0.000000,0.000000,0.058768,-0.061551,-0.061038,-0.033568,0.002904,0.002779,0.006404,0.068264,0.131043,0.104727,0.147896
12.900000,5.390000,2.753832,-0.060868,1.090273,-0.033367,0.003646,0.002748,0.506676,0.071509,0.129528,0.049595,0.144685,-0.001446,2.700000,0.000000,1.150000,0.000000,0.000000,0.000000,0.500000,0.000000,0.000000,0.000000,0.000000,0.000000,0.053832,-0.060868,-0.059727,-0.033367,0.003646,0.002748,0.006676,0.071509,0.129528,0.100847,0.148107
12.910000,5.400000,2.756221,-0.061669,1.091034,-0.033518,0.002373,0.002773,0.497376,0.069725,0.126112,0.046251,0.119021,-0.000721,2.700000,0.000000,1.150000,0.000000,0.000000,0.000000,0.500000,0.000000,0.000000,0.000000,0.000000,0.000000,0.056221,-0.061669,-0.058966,-0.033518,0.002373,0.002773,-0.002624,0.069725,0.126112,0.102181,0.144127
12.921000,5.411000,2.761677,-0.062335,1.092596,-0.033707,0.002617,0.002801,0.499518,0.068921,0.125123,0.049924,0.118201,-0.000543,2.710500,0.000000,1.150000,0.000000,0.000000,0.000000,0.500000,0.000000,0.000000,0.000000,0.000000,0.000000,0.051177,-0.062335,-0.057404,-0.033707,0.002617,0.002801,-0.000482,0.068921,0.125123,0.098995,0.142850
12.930000,5.420000,2.766672,-0.061645,1.093847,-0.033208,0.003798,0.002755,0.499762,0.072180,0.123654,0.088773,0.218219,-0.002040,2.710500,0.000000,1.150000,0.000000,0.000000,0.000000,0.500000,0.000000,0.000000,0.000000,0.000000,0.000000,0.056172,-0.061645,-0.056153,-0.033208,0.003798,0.002755,-0.000238,0.072180,0.123654,0.100542,0.143179
12.940000,5.430000,2.770062,-0.062291,1.094836,-0.033360,0.002672,0.002782,0.494304,0.070931,0.121465,0.051491,0.129124,-0.000461,2.721000,0.000000,1.150000,0.000000,0.000000,0.000000,0.500000,0.000000,0.000000,0.000000,0.000000,0.000000,0.049062,-0.062291,-0.055164,-0.033360,0.002672,0.002782,-0.005696,0.070931,0.121465,0.096594,0.140774
12.950000,5.440000,2.775882,-0.062928,1.096446,-0.033363,0.003275,0.002804,0.497925,0.070168,0.121092,0.037687,0.094781,0.000025,2.721000,0.000000,1.150000,0.000000,0.000000,0.000000,0.500000,0.000000,0.000000,0.000000,0.000000,0.000000,0.054882,-0.062928,-0.053554,-0.033363,0.003275,0.002804,-0.002075,0.070168,0.121092,0.099197,0.139968
12.960000,5.450000,2.780862,-0.062227,1.097657,-0.032986,0.004222,0.002772,0.498232,0.073392,0.119568,0.058402,0.154253,-0.001118,2.730000,0.000000,1.150000,0.000000,0.000000,0.000000,0.500000,0.000000,0.000000,0.000000,0.000000,0.000000,0.050862,-0.062227,-0.052343,-0.032986,0.004222,0.002772,-0.001768,0.073392,0.119568,0.095911,0.140307
12.972000,5.462000,2.785830,-0.063285,1.099061,-0.033207,0.003747,0.002803,0.498703,0.071002,0.118640,0.046702,0.121377,-0.000997,2.730000,0.000000,1.150000,0.000000,0.000000,0.000000,0.500000,0.000000,0.000000,0.000000,0.000000,0.000000,0.055830,-0.063285,-0.050939,-0.033207,0.003747,0.002803,-0.001297,0.071002,0.118640,0.098574,0.138270
12.981000,5.471000,2.791905,-0.063341,1.100616,-0.033265,0.004151,0.002811,0.503095,0.071860,0.118189,0.041417,0.117384,-0.001500,2.740500,0.000000,1.150000,0.000000,0.000000,0.000000,0.500000,0.000000,0.000000,0.000000,0.000000,0.000000,0.051405,-0.063341,-0.049384,-0.033265,0.004151,0.002811,0.003095,0.071860,0.118189,0.095359,0.138355
12.990000,5.480000,2.797404,-0.063503,1.102027,-0.033318,0.004374,0.002817,0.505261,0.072305,0.117297,0.034752,0.105659,-0.001427,2.740500,0.000000,1.150000,0.000000,0.000000,0.000000,0.500000,0.000000,0.000000,0.000000,0.000000,0.000000,0.056904,-0.063503,-0.047973,-0.033318,0.004374,0.002817,0.005261,0.072305,0.117297,0.097837,0.137893
13.001000,5.491000,2.802544,-0.063684,1.103337,-0.033381,0.004511,0.002821,0.506057,0.072674,0.116134,0.032728,0.107163,-0.001486,2.750000,0.000000,1.150000,0.000000,0.000000,0.000000,0.500000,0.000000,0.000000,0.000000,0.000000,0.000000,0.052544,-0.063684,-0.046663,-0.033381,0.004511,0.002821,0.006057,0.072674,0.116134,0.094836,0.137133
13.010000,5.500000,2.807604,-0.062957,1.104498,-0.033054,0.005582,0.002771,0.506482,0.075891,0.114332,0.074562,0.198713,-0.002820,2.750000,0.000000,1.150000,0.000000,0.000000,0.000000,0.500000,0.000000,0.000000,0.000000,0.000000,0.000000,0.057604,-0.062957,-0.045502,-0.033054,0.005582,0.002771,0.006482,0.075891,0.114332,0.096707,0.137380
13.020000,5.510000,2.809247,-0.063766,1.105001,-0.033353,0.003814,0.002790,0.494665,0.073919,0.110670,0.037960,0.109565,-0.001368,2.760000,0.000000,1.150000,0.000000,0.000000,0.000000,0.500000,0.000000,0.000000,0.000000,0.000000,0.000000,0.049247,-0.063766,-0.044999,-0.033353,0.003814,0.002790,-0.005335,0.073919,0.110670,0.092283,0.133193
13.034000,5.524000,2.814370,-0.064386,1.106301,-0.033568,0.004061,0.002804,0.495854,0.073120,0.109489,0.023036,0.076883,-0.000893,2.770500,0.000000,1.150000,0.000000,0.000000,0.000000,0.500000,0.000000,0.000000,0.000000,0.000000,0.000000,0.043870,-0.064386,-0.043699,-0.033568,0.004061,0.002804,-0.004146,0.073120,0.109489,0.089330,0.131726
13.040000,5.530000,2.819329,-0.063655,1.107396,-0.033639,0.004146,0.002801,0.496230,0.076360,0.107747,0.021624,0.071401,-0.000845,2.770500,0.000000,1.150000,0.000000,0.000000,0.000000,0.500000,0.000000,0.000000,0.000000,0.000000,0.000000,0.048829,-0.063655,-0.042604,-0.033639,0.004146,0.002801,-0.003770,0.076360,0.107747,0.090837,0.132115
13.050000,5.540000,2.822619,-0.064274,1.108229,-0.033622,0.003653,0.002812,0.490673,0.075066,0.105787,0.041197,0.106411,-0.001448,2.770500,0.000000,1.150000,0.000000,0.000000,0.000000,0.500000,0.000000,0.000000,0.000000,0.000000,0.000000,0.052119,-0.064274,-0.041771,-0.033622,0.003653,0.002812,-0.009327,0.075066,0.105787,0.092695,0.130049
13.060000,5.550000,2.826841,-0.064514,1.109232,-0.033768,0.003262,0.002826,0.488641,0.075193,0.104377,0.038244,0.092477,-0.001625,2.780000,0.000000,1.150000,0.000000,0.000000,0.000000,0.500000,0.000000,0.000000,0.000000,0.000000,0.000000,0.046841,-0.064514,-0.040768,-0.033768,0.003262,0.002826,-0.011359,0.075193,0.104377,0.089544,0.129142
13.070000,5.560000,2.831351,-0.064683,1.110287,-0.033912,0.002915,0.002840,0.487684,0.075580,0.103324,0.029183,0.084451,-0.001569,2.780000,0.000000,1.150000,0.000000,0.000000,0.000000,0.500000,0.000000,0.000000,0.000000,0.000000,0.000000,0.051351,-0.064683,-0.039713,-0.033912,0.002915,0.002840,-0.012316,0.075580,0.103324,0.091640,0.128608
13.082000,5.572000,2.837594,-0.065175,1.111769,-0.034157,0.003152,0.002866,0.493103,0.075230,0.103599,0.039398,0.094704,-0.001311,2.790000,0.000000,1.150000,0.000000,0.000000,0.000000,0.500000,0.000000,0.000000,0.000000,0.000000,0.000000,0.047594,-0.065175,-0.038231,-0.034157,0.003152,0.002866,-0.006897,0.075230,0.103599,0.089301,0.128218
13.090000,5.580000,2.842525,-0.064423,1.112805,-0.033764,0.004098,0.002820,0.493400,0.078548,0.102561,0.084527,0.206912,-0.002624,2.790000,0.000000,1.150000,0.000000,0.000000,0.000000,0.500000,0.000000,0.000000,0.000000,0.000000,0.000000,0.052525,-0.064423,-0.037195,-0.033764,0.004098,0.002820,-0.006600,0.078548,0.102561,0.091064,0.129353
13.100000,5.590000,2.846142,-0.065028,1.113692,-0.034040,0.002722,0.002849,0.489006,0.077276,0.101118,0.047531,0.115704,-0.000912,2.800000,0.000000,1.150000,0.000000,0.000000,0.000000,0.500000,0.000000,0.000000,0.000000,0.000000,0.000000,0.046142,-0.065028,-0.036308,-0.034040,0.002722,0.002849,-0.010994,0.077276,0.101118,0.087613,0.127739
13.110000,5.600000,2.850472,-0.065253,1.114685,-0.033996,0.002680,0.002863,0.487328,0.077412,0.099776,0.029401,0.083417,-0.000231,2.800000,0.000000,1.150000,0.000000,0.000000,0.000000,0.500000,0.000000,0.000000,0.000000,0.000000,0.000000,0.050472,-0.065253,-0.035315,-0.033996,0.002680,0.002863,-0.012672,0.077412,0.099776,0.089735,0.126919
13.120000,5.610000,2.855021,-0.065404,1.115706,-0.033928,0.002862,0.002875,0.486511,0.077792,0.098552,0.030359,0.091272,0.000009,2.810000,0.000000,1.150000,0.000000,0.000000,0.000000,0.500000,0.000000,0.000000,0.000000,0.000000,0.000000,0.045021,-0.065404,-0.034294,-0.033928,0.002862,0.002875,-0.013489,0.077792,0.098552,0.086491,0.126278
13.130000,5.620000,2.859664,-0.065538,1.116736,-0.033913,0.003028,0.002887,0.486080,0.078217,0.097511,0.048661,0.135465,-0.000624,2.810000,0.000000,1.150000,0.000000,0.000000,0.000000,0.500000,0.000000,0.000000,0.000000,0.000000,0.000000,0.049664,-0.065538,-0.033264,-0.033913,0.003028,0.002887,-0.013920,0.078217,0.097511,0.088703,0.125777
13.140000,5.630000,2.864350,-0.065666,1.117769,-0.033975,0.003107,0.002901,0.485832,0.078648,0.096510,0.043248,0.129947,-0.000776,2.820000,0.000000,1.150000,0.000000,0.000000,0.000000,0.500000,0.000000,0.000000,0.000000,0.000000,0.000000,0.044350,-0.065666,-0.032231,-0.033975,0.003107,0.002901,-0.014168,0.078648,0.096510,0.085544,0.125301
13.150000,5.640000,2.869056,-0.065790,1.118804,-0.034055,0.003210,0.002912,0.485671,0.079082,0.095546,0.035066,0.117267,-0.000768,2.820000,0.000000,1.150000,0.000000,0.000000,0.000000,0.500000,0.000000,0.000000,0.000000,0.000000,0.000000,0.049056,-0.065790,-0.031196,-0.034055,0.003210,0.002912,-0.014329,0.079082,0.095546,0.087795,0.124854
13.160000,5.650000,2.873769,-0.065910,1.119837,-0.034116,0.003414,0.002921,0.485558,0.079522,0.094606,0.036125,0.125282,-0.000801,2.830000,0.000000,1.150000,0.000000,0.000000,0.000000,0.500000,0.000000,0.000000,0.000000,0.000000,0.000000,0.043769,-0.065910,-0.030163,-0.034116,0.003414,0.002921,-0.014442,0.079522,0.094606,0.084674,0.124429
13.170000,5.660000,2.878485,-0.066026,1.120865,-0.034155,0.003730,0.002925,0.485478,0.079964,0.093672,0.041598,0.138403,-0.000798,2.830000,0.000000,1.150000,0.000000,0.000000,0.000000,0.500000,0.000000,0.000000,0.000000,0.000000,0.000000,0.048485,-0.066026,-0.029135,-0.034155,0.003730,0.002925,-0.014522,0.079964,0.093672,0.086943,0.124014
13.180000,5.670000,2.884829,-0.066464,1.122264,-0.034336,0.004690,0.002935,0.491457,0.079661,0.093851,0.043713,0.150129,-0.000627,2.840000,0.000000,1.150000,0.000000,0.000000,0.000000,0.500000,0.000000,0.000000,0.000000,0.000000,0.000000,0.044829,-0.066464,-0.027736,-0.034336,0.004690,0.002935,-0.008543,0.079661,0.093851,0.084831,0.123397
13.190000,5.680000,2.889743,-0.065667,1.123203,-0.034281,0.005320,0.002922,0.491898,0.082992,0.092638,0.046956,0.160548,-0.000589,2.840000,0.000000,1.150000,0.000000,0.000000,0.000000,0.500000,0.000000,0.000000,0.000000,0.000000,0.000000,0.049743,-0.065667,-0.026797,-0.034281,0.005320,0.002922,-0.008102,0.082992,0.092638,0.086630,0.124640
13.201000,5.691000,2.894869,-0.066638,1.124362,-0.034216,0.006158,0.002923,0.493349,0.080678,0.092105,0.049124,0.167106,-0.000550,2.850000,0.000000,1.150000,0.000000,0.000000,0.000000,0.500000,0.000000,0.000000,0.000000,0.000000,0.000000,0.044869,-0.066638,-0.025638,-0.034216,0.006158,0.002923,-0.006651,0.080678,0.092105,0.084327,0.122623
13.210000,5.700000,2.900900,-0.066582,1.125569,-0.034174,0.007215,0.002914,0.498025,0.081687,0.091539,0.050854,0.155341,-0.000638,2.850000,0.000000,1.150000,0.000000,0.000000,0.000000,0.500000,0.000000,0.000000,0.000000,0.000000,0.000000,0.050900,-0.066582,-0.024431,-0.034174,0.007215,0.002914,-0.001975,0.081687,0.091539,0.087297,0.122703
13.223000,5.713000,2.906346,-0.066643,1.126645,-0.034081,0.008049,0.002905,0.500493,0.082226,0.090415,0.048078,0.144822,-0.000764,2.860000,0.000000,1.150000,0.000000,0.000000,0.000000,0.500000,0.000000,0.000000,0.000000,0.000000,0.000000,0.046346,-0.066643,-0.023355,-0.034081,0.008049,0.002905,0.000493,0.082226,0.090415,0.084467,0.122214
13.230000,5.720000,2.911351,-0.065821,1.127549,-0.033981,0.008612,0.002890,0.501253,0.085522,0.088817,0.048511,0.136316,-0.001008,2.860000,0.000000,1.150000,0.000000,0.000000,0.000000,0.500000,0.000000,0.000000,0.000000,0.000000,0.000000,0.051351,-0.065821,-0.022451,-0.033981,0.008612,0.002890,0.001253,0.085522,0.088817,0.086448,0.123305
13.241000,5.731000,2.913211,-0.066600,1.127955,-0.033686,0.008208,0.002883,0.490798,0.083366,0.085819,0.047696,0.124061,-0.001332,2.870500,0.000000,1.150000,0.000000,0.000000,0.000000,0.500000,0.000000,0.000000,0.000000,0.000000,0.000000,0.042711,-0.066600,-0.022045,-0.033686,0.008208,0.002883,-0.009202,0.083366,0.085819,0.082133,0.119998
13.250000,5.740000,2.916985,-0.066798,1.128667,-0.033178,0.009186,0.002834,0.487594,0.083346,0.083888,0.086229,0.197978,-0.002825,2.870500,0.000000,1.150000,0.000000,0.000000,0.000000,0.500000,0.000000,0.000000,0.000000,0.000000,0.000000,0.046485,-0.066798,-0.021333,-0.033178,0.009186,0.002834,-0.012406,0.083346,0.083888,0.084131,0.118902
13.260000,5.750000,2.921277,-0.066901,1.129455,-0.033490,0.008531,0.002843,0.486374,0.083658,0.082231,0.049545,0.110423,-0.001567,2.880000,0.000000,1.150000,0.000000,0.000000,0.000000,0.500000,0.000000,0.000000,0.000000,0.000000,0.000000,0.041277,-0.066901,-0.020545,-0.033490,0.008531,0.002843,-0.013626,0.083658,0.082231,0.081250,0.118095
13.270000,5.760000,2.925788,-0.066983,1.130263,-0.033441,0.008585,0.002841,0.486014,0.084037,0.081204,0.027019,0.082602,-0.001321,2.880000,0.000000,1.150000,0.000000,0.000000,0.000000,0.500000,0.000000,0.000000,0.000000,0.000000,0.000000,0.045788,-0.066983,-0.019737,-0.033441,0.008585,0.002841,-0.013986,0.084037,0.081204,0.083503,0.117694
13.280000,5.770000,2.932001,-0.067374,1.131357,-0.033621,0.008876,0.002851,0.491933,0.083704,0.081046,0.017834,0.049802,-0.001725,2.890000,0.000000,1.150000,0.000000,0.000000,0.000000,0.500000,0.000000,0.000000,0.000000,0.000000,0.000000,0.042001,-0.067374,-0.018643,-0.033621,0.008876,0.002851,-0.008067,0.083704,0.081046,0.081553,0.116790
13.290000,5.780000,2.936920,-0.066537,1.132168,-0.033443,0.009373,0.002817,0.492787,0.086978,0.080201,0.061174,0.151836,-0.003091,2.890000,0.000000,1.150000,0.000000,0.000000,0.000000,0.500000,0.000000,0.000000,0.000000,0.000000,0.000000,0.046920,-0.066537,-0.017832,-0.033443,0.009373,0.002817,-0.007213,0.086978,0.080201,0.083347,0.118530
13.302000,5.792000,2.942010,-0.067478,1.133040,-0.034013,0.007979,0.002844,0.494336,0.084604,0.079560,0.027525,0.054982,-0.002666,2.901000,0.000000,1.150000,0.000000,0.000000,0.000000,0.500000,0.000000,0.000000,0.000000,0.000000,0.000000,0.041010,-0.067478,-0.016960,-0.034013,0.007979,0.002844,-0.005664,0.084604,0.079560,0.080763,0.116275
13.310000,5.800000,2.946953,-0.066632,1.133836,-0.033738,0.008528,0.002798,0.495102,0.087911,0.078577,0.057727,0.127827,-0.003571,2.901000,0.000000,1.150000,0.000000,0.000000,0.000000,0.500000,0.000000,0.000000,0.000000,0.000000,0.000000,0.045953,-0.066632,-0.016164,-0.033738,0.008528,0.002798,-0.004898,0.087911,0.078577,0.082540,0.118012
13.320000,5.810000,2.950189,-0.067222,1.134373,-0.034165,0.006635,0.002820,0.489717,0.086371,0.076872,0.012826,0.023854,-0.002348,2.910000,0.000000,1.150000,0.000000,0.000000,0.000000,0.500000,0.000000,0.000000,0.000000,0.000000,0.000000,0.040189,-0.067222,-0.015627,-0.034165,0.006635,0.002820,-0.010283,0.086371,0.076872,0.079863,0.116082
13.330000,5.820000,2.954381,-0.067380,1.135050,-0.034392,0.005806,0.002835,0.487888,0.086452,0.075603,0.011290,0.023236,-0.002140,2.910000,0.000000,1.150000,0.000000,0.000000,0.000000,0.500000,0.000000,0.000000,0.000000,0.000000,0.000000,0.044381,-0.067380,-0.014950,-0.034392,0.005806,0.002835,-0.012112,0.086452,0.075603,0.082056,0.115483
13.340000,5.830000,2.958860,-0.067457,1.135763,-0.034676,0.004983,0.002856,0.487088,0.086835,0.074479,0.006843,0.012851,-0.001960,2.920000,0.000000,1.150000,0.000000,0.000000,0.000000,0.500000,0.000000,0.000000,0.000000,0.000000,0.000000,0.038860,-0.067457,-0.014237,-0.034676,0.004983,0.002856,-0.012912,0.086835,0.074479,0.079140,0.115127
13.350000,5.840000,2.965051,-0.067822,1.136739,-0.035220,0.004501,0.002898,0.492497,0.086642,0.074388,0.018746,0.039861,-0.001815,2.920000,0.000000,1.150000,0.000000,0.000000,0.000000,0.500000,0.000000,0.000000,0.000000,0.000000,0.000000,0.045051,-0.067822,-0.013261,-0.035220,0.004501,0.002898,-0.007503,0.086642,0.074388,0.082494,0.114441
13.360000,5.850000,2.969976,-0.066955,1.137483,-0.035033,0.004899,0.002866,0.492925,0.090073,0.073621,0.070943,0.165410,-0.002969,2.930000,0.000000,1.150000,0.000000,0.000000,0.000000,0.500000,0.000000,0.000000,0.000000,0.000000,0.000000,0.039976,-0.066955,-0.012517,-0.035033,0.004899,0.002866,-0.007075,0.090073,0.073621,0.078979,0.116547
13.370000,5.860000,2.973553,-0.067490,1.138043,-0.035687,0.002606,0.002916,0.488458,0.088788,0.072262,0.022783,0.049535,-0.001311,2.930000,0.000000,1.150000,0.000000,0.000000,0.000000,0.500000,0.000000,0.000000,0.000000,0.000000,0.000000,0.043553,-0.067490,-0.011957,-0.035687,0.002606,0.002916,-0.011542,0.088788,0.072262,0.081208,0.115058
13.380000,5.870000,2.979379,-0.067940,1.138940,-0.036059,0.002390,0.002964,0.492258,0.088319,0.071924,0.032502,0.073877,-0.000368,2.940000,0.000000,1.150000,0.000000,0.000000,0.000000,0.500000,0.000000,0.000000,0.000000,0.000000,0.000000,0.039379,-0.067940,-0.011060,-0.036059,0.002390,0.002964,-0.007742,0.088319,0.071924,0.079303,0.114163
13.390000,5.880000,2.984301,-0.067057,1.139659,-0.035734,0.003128,0.002933,0.492480,0.091832,0.071181,0.083331,0.196040,-0.001787,2.940000,0.000000,1.150000,0.000000,0.000000,0.000000,0.500000,0.000000,0.000000,0.000000,0.000000,0.000000,0.044301,-0.067057,-0.010341,-0.035734,0.003128,0.002933,-0.007520,0.091832,0.071181,0.081032,0.116432
13.400000,5.890000,2.987739,-0.067586,1.140188,-0.036033,0.001658,0.002982,0.487383,0.090570,0.069906,0.050599,0.119028,0.000363,2.950000,0.000000,1.150000,0.000000,0.000000,0.000000,0.500000,0.000000,0.000000,0.000000,0.000000,0.000000,0.037739,-0.067586,-0.009812,-0.036033,0.001658,0.002982,-0.012617,0.090570,0.069906,0.078028,0.115104
13.411000,5.901000,2.993486,-0.068015,1.141041,-0.036088,0.002201,0.003020,0.490883,0.090136,0.069524,0.039188,0.098756,0.001307,2.950000,0.000000,1.150000,0.000000,0.000000,0.000000,0.500000,0.000000,0.000000,0.000000,0.000000,0.000000,0.043486,-0.068015,-0.008959,-0.036088,0.002201,0.003020,-0.009117,0.090136,0.069524,0.081224,0.114199
13.420000,5.910000,2.998395,-0.067113,1.141737,-0.035696,0.003188,0.002998,0.491087,0.093649,0.068694,0.065508,0.168220,-0.000006,2.960000,0.000000,1.150000,0.000000,0.000000,0.000000,0.500000,0.000000,0.000000,0.000000,0.000000,0.000000,0.038395,-0.067113,-0.008263,-0.035696,0.003188,0.002998,-0.008913,0.093649,0.068694,0.077760,0.116484
13.430000,5.920000,3.001804,-0.067629,1.142236,-0.035632,0.002589,0.003033,0.485988,0.092343,0.067344,0.061047,0.148344,0.000496,2.960000,0.000000,1.150000,0.000000,0.000000,0.000000,0.500000,0.000000,0.000000,0.000000,0.000000,0.000000,0.041804,-0.067629,-0.007764,-0.035632,0.002589,0.003033,-0.014012,0.092343,0.067344,0.079884,0.115147
13.440000,5.930000,3.006021,-0.067730,1.142841,-0.035504,0.002764,0.003053,0.484000,0.092560,0.066345,0.059688,0.147706,0.000166,2.970000,0.000000,1.150000,0.000000,0.000000,0.000000,0.500000,0.000000,0.000000,0.000000,0.000000,0.000000,0.036021,-0.067730,-0.007159,-0.035504,0.002764,0.003053,-0.016000,0.092560,0.066345,0.077046,0.115000
13.451000,5.941000,3.012032,-0.068042,1.143710,-0.035554,0.003553,0.003075,0.488715,0.092417,0.066268,0.049538,0.133093,-0.000197,2.980000,0.000000,1.150000,0.000000,0.000000,0.000000,0.500000,0.000000,0.000000,0.000000,0.000000,0.000000,0.032032,-0.068042,-0.006290,-0.035554,0.003553,0.003075,-0.011285,0.092417,0.066268,0.075468,0.114279
13.460000,5.950000,3.016919,-0.067118,1.144373,-0.035059,0.004883,0.003025,0.489051,0.095884,0.065592,0.084043,0.223572,-0.002160,2.980000,0.000000,1.150000,0.000000,0.000000,0.000000,0.500000,0.000000,0.000000,0.000000,0.000000,0.000000,0.036919,-0.067118,-0.005627,-0.035059,0.004883,0.003025,-0.010949,0.095884,0.065592,0.076809,0.116687
13.470000,5.960000,3.020417,-0.067612,1.144885,-0.035105,0.004123,0.003043,0.484483,0.094524,0.064431,0.054742,0.142385,-0.000870,2.980000,0.000000,1.150000,0.000000,0.000000,0.000000,0.500000,0.000000,0.000000,0.000000,0.000000,0.000000,0.040417,-0.067612,-0.005115,-0.035105,0.004123,0.003043,-0.015517,0.094524,0.064431,0.078937,0.115442
13.480000,5.970000,3.024658,-0.067695,1.145479,-0.034976,0.004407,0.003041,0.482787,0.094677,0.063540,0.053409,0.143045,-0.001283,2.990000,0.000000,1.150000,0.000000,0.000000,0.000000,0.500000,0.000000,0.000000,0.000000,0.000000,0.000000,0.034658,-0.067695,-0.004521,-0.034976,0.004407,0.003041,-0.017213,0.094677,0.063540,0.076185,0.115314
13.490000,5.980000,3.029126,-0.067697,1.146090,-0.034866,0.004801,0.003035,0.482010,0.095099,0.062807,0.049967,0.142040,-0.001456,2.990000,0.000000,1.150000,0.000000,0.000000,0.000000,0.500000,0.000000,0.000000,0.000000,0.000000,0.000000,0.039126,-0.067697,-0.003910,-0.034866,0.004801,0.003035,-0.017990,0.095099,0.062807,0.078288,0.115378
13.500000,5.990000,3.033693,-0.067678,1.146700,-0.034768,0.005228,0.003025,0.481656,0.095567,0.062095,0.048822,0.141903,-0.001731,3.000000,0.000000,1.150000,0.000000,0.000000,0.000000,0.500000,0.000000,0.000000,0.000000,0.000000,0.000000,0.033693,-0.067678,-0.003300,-0.034768,0.005228,0.003025,-0.018344,0.095567,0.062095,0.075673,0.115435
13.510000,6.000000,3.038306,-0.067651,1.147302,-0.034684,0.005660,0.003014,0.481524,0.096036,0.061422,0.048668,0.141611,-0.001786,3.000000,0.000000,1.150000,0.000000,0.000000,0.000000,0.500000,0.000000,0.000000,0.000000,0.000000,0.000000,0.038306,-0.067651,-0.002698,-0.034684,0.005660,0.003014,-0.018476,0.096036,0.061422,0.077791,0.115486
13.520000,6.010000,3.042942,-0.067620,1.147889,-0.034616,0.006087,0.003001,0.481519,0.096495,0.060730,0.047210,0.140449,-0.001901,3.010000,0.000000,1.150000,0.000000,0.000000,0.000000,0.500000,0.000000,0.000000,0.000000,0.000000,0.000000,0.032942,-0.067620,-0.002111,-0.034616,0.006087,0.003001,-0.018481,0.096495,0.060730,0.075247,0.115503
13.530000,6.020000,3.047589,-0.067586,1.148461,-0.034563,0.006502,0.002989,0.481596,0.096945,0.060022,0.045833,0.137896,-0.001846,3.010000,0.000000,1.150000,0.000000,0.000000,0.000000,0.500000,0.000000,0.000000,0.000000,0.000000,0.000000,0.037589,-0.067586,-0.001539,-0.034563,0.006502,0.002989,-0.018404,0.096945,0.060022,0.077350,0.115497
13.540000,6.030000,3.052241,-0.067547,1.149014,-0.034523,0.006901,0.002977,0.481730,0.097386,0.059282,0.044444,0.136089,-0.001797,3.020000,0.000000,1.150000,0.000000,0.000000,0.000000,0.500000,0.000000,0.000000,0.000000,0.000000,0.000000,0.032241,-0.067547,-0.000986,-0.034523,0.006901,0.002977,-0.018270,0.097386,0.059282,0.074854,0.115465
13.550000,6.040000,3.056896,-0.067505,1.149550,-0.034495,0.007277,0.002967,0.481908,0.097821,0.058532,0.044208,0.136478,-0.001668,3.020000,0.000000,1.150000,0.000000,0.000000,0.000000,0.500000,0.000000,0.000000,0.000000,0.000000,0.000000,0.036896,-0.067505,-0.000450,-0.034495,0.007277,0.002967,-0.018092,0.097821,0.058532,0.076932,0.115422
13.560000,6.050000,3.061553,-0.067460,1.150066,-0.034478,0.007630,0.002959,0.482121,0.098251,0.057749,0.043199,0.134479,-0.001526,3.030000,0.000000,1.150000,0.000000,0.000000,0.000000,0.500000,0.000000,0.000000,0.000000,0.000000,0.000000,0.031553,-0.067460,0.000066,-0.034478,0.007630,0.002959,-0.017879,0.098251,0.057749,0.074475,0.115359
13.570000,6.060000,3.067811,-0.067688,1.150706,-0.034671,0.008432,0.002963,0.488277,0.098116,0.057423,0.041489,0.125722,-0.001244,3.030000,0.000000,1.150000,0.000000,0.000000,0.000000,0.500000,0.000000,0.000000,0.000000,0.000000,0.000000,0.037811,-0.067688,0.000706,-0.034671,0.008432,0.002963,-0.011723,0.098116,0.057423,0.077535,0.114288
13.581000,6.071000,3.074037,-0.067394,1.151351,-0.034720,0.009203,0.002961,0.494083,0.099432,0.057125,0.042485,0.127442,-0.001013,3.040500,0.000000,1.150000,0.000000,0.000000,0.000000,0.500000,0.000000,0.000000,0.000000,0.000000,0.000000,0.033537,-0.067394,0.001351,-0.034720,0.009203,0.002961,-0.005917,0.099432,0.057125,0.075289,0.114826
13.590000,6.080000,3.078977,-0.066400,1.151923,-0.034296,0.010476,0.002906,0.494971,0.102823,0.056565,0.082397,0.212868,-0.002488,3.040500,0.000000,1.150000,0.000000,0.000000,0.000000,0.500000,0.000000,0.000000,0.000000,0.000000,0.000000,0.038477,-0.066400,0.001923,-0.034296,0.010476,0.002906,-0.005029,0.102823,0.056565,0.076767,0.117463
13.600000,6.090000,3.082798,-0.067443,1.152165,-0.034677,0.009494,0.002935,0.491970,0.099636,0.055063,0.041118,0.113755,-0.000800,3.050000,0.000000,1.150000,0.000000,0.000000,0.000000,0.500000,0.000000,0.000000,0.000000,0.000000,0.000000,0.032798,-0.067443,0.002165,-0.034677,0.009494,0.002935,-0.008030,0.099636,0.055063,0.075026,0.114122
13.610000,6.100000,3.087717,-0.066446,1.152715,-0.034266,0.010630,0.002888,0.492886,0.103020,0.054440,0.065776,0.161895,-0.001923,3.050000,0.000000,1.150000,0.000000,0.000000,0.000000,0.500000,0.000000,0.000000,0.000000,0.000000,0.000000,0.037717,-0.066446,0.002715,-0.034266,0.010630,0.002888,-0.007114,0.103020,0.054440,0.076453,0.116737
13.621000,6.111000,3.091990,-0.067323,1.152966,-0.034580,0.009961,0.002916,0.491624,0.100423,0.052961,0.026702,0.068258,-0.000465,3.060000,0.000000,1.150000,0.000000,0.000000,0.000000,0.500000,0.000000,0.000000,0.000000,0.000000,0.000000,0.031990,-0.067323,0.002966,-0.034580,0.009961,0.002916,-0.008376,0.100423,0.052961,0.074596,0.113841
13.630000,6.120000,3.097845,-0.067050,1.153480,-0.034778,0.009926,0.002936,0.496048,0.101596,0.052465,0.021564,0.047403,-0.000914,3.060000,0.000000,1.150000,0.000000,0.000000,0.000000,0.500000,0.000000,0.000000,0.000000,0.000000,0.000000,0.037845,-0.067050,0.003480,-0.034778,0.009926,0.002936,-0.003952,0.101596,0.052465,0.077072,0.114411
13.640000,6.130000,3.102806,-0.066034,1.154004,-0.034562,0.010400,0.002910,0.497008,0.104996,0.052016,0.052828,0.116483,-0.002156,3.070000,0.000000,1.150000,0.000000,0.000000,0.000000,0.500000,0.000000,0.000000,0.000000,0.000000,0.000000,0.032806,-0.066034,0.004004,-0.034562,0.010400,0.002910,-0.002992,0.104996,0.052016,0.073843,0.117212
13.650000,6.140000,3.105031,-0.066713,1.154095,-0.034953,0.008069,0.002950,0.488101,0.102645,0.050476,0.028275,0.040297,-0.001655,3.070000,0.000000,1.150000,0.000000,0.000000,0.000000,0.500000,0.000000,0.000000,0.000000,0.000000,0.000000,0.035031,-0.066713,0.004095,-0.034953,0.008069,0.002950,-0.011899,0.102645,0.050476,0.075463,0.115002
13.660000,6.150000,3.110288,-0.067064,1.154466,-0.035454,0.007130,0.002998,0.490342,0.102026,0.049793,0.021566,0.009443,-0.001926,3.080000,0.000000,1.150000,0.000000,0.000000,0.000000,0.500000,0.000000,0.000000,0.000000,0.000000,0.000000,0.030288,-0.067064,0.004466,-0.035454,0.007130,0.002998,-0.009658,0.102026,0.049793,0.073721,0.113938
13.670000,6.160000,3.115191,-0.066043,1.154964,-0.035239,0.007224,0.002976,0.491030,0.105504,0.049681,0.069092,0.124156,-0.003270,3.080000,0.000000,1.150000,0.000000,0.000000,0.000000,0.500000,0.000000,0.000000,0.000000,0.000000,0.000000,0.035191,-0.066043,0.004964,-0.035239,0.007224,0.002976,-0.008970,0.105504,0.049681,0.074999,0.116960
13.680000,6.170000,3.119862,-0.066842,1.155250,-0.035934,0.005100,0.003043,0.490862,0.103229,0.048955,0.026941,0.019831,-0.001662,3.090000,0.000000,1.150000,0.000000,0.000000,0.000000,0.500000,0.000000,0.000000,0.000000,0.000000,0.000000,0.029862,-0.066842,0.005250,-0.035934,0.005100,0.003043,-0.009138,0.103229,0.048955,0.073397,0.114614
13.692000,6.182000,3.125775,-0.066532,1.155755,-0.036128,0.004584,0.003082,0.495037,0.104577,0.048865,0.021275,0.010572,-0.000924,3.090000,0.000000,1.150000,0.000000,0.000000,0.000000,0.500000,0.000000,0.000000,0.000000,0.000000,0.000000,0.035775,-0.066532,0.005755,-0.036128,0.004584,0.003082,-0.004963,0.104577,0.048865,0.075759,0.115537
13.700000,6.190000,3.130725,-0.065486,1.156244,-0.035915,0.004689,0.003069,0.495475,0.108119,0.048731,0.053525,0.096908,-0.001873,3.100500,0.000000,1.150000,0.000000,0.000000,0.000000,0.500000,0.000000,0.000000,0.000000,0.000000,0.000000,0.030225,-0.065486,0.006244,-0.035915,0.004689,0.003069,-0.004525,0.108119,0.048731,0.072395,0.118680
13.710000,6.200000,3.132988,-0.066148,1.156372,-0.036165,0.002274,0.003122,0.486192,0.105853,0.047545,0.042742,0.053240,-0.001255,3.100500,0.000000,1.150000,0.000000,0.000000,0.000000,0.500000,0.000000,0.000000,0.000000,0.000000,0.000000,0.032488,-0.066148,0.006372,-0.036165,0.002274,0.003122,-0.013808,0.105853,0.047545,0.073971,0.116859
13.720000,6.210000,3.138241,-0.066461,1.156777,-0.036447,0.001703,0.003177,0.487950,0.105371,0.047198,0.046715,0.064873,-0.000853,3.110000,0.000000,1.150000,0.000000,0.000000,0.000000,0.500000,0.000000,0.000000,0.000000,0.000000,0.000000,0.028241,-0.066461,0.006777,-0.036447,0.001703,0.003177,-0.012050,0.105371,0.047198,0.072530,0.116086
13.730000,6.220000,3.143121,-0.065407,1.157249,-0.035980,0.002351,0.003145,0.488106,0.108947,0.047144,0.091674,0.187399,-0.002411,3.110000,0.000000,1.150000,0.000000,0.000000,0.000000,0.500000,0.000000,0.000000,0.000000,0.000000,0.000000,0.033121,-0.065407,0.007249,-0.035980,0.002351,0.003145,-0.011894,0.108947,0.047144,0.073673,0.119304
13.741000,6.231000,3.147765,-0.066169,1.157590,-0.036325,0.001108,0.003210,0.487514,0.106745,0.046711,0.054862,0.105653,-0.000069,3.120000,0.000000,1.150000,0.000000,0.000000,0.000000,0.500000,0.000000,0.000000,0.000000,0.000000,0.000000,0.027765,-0.066169,0.007590,-0.036325,0.001108,0.003210,-0.012486,0.106745,0.046711,0.072158,0.117185
13.750000,6.240000,3.153637,-0.065815,1.158100,-0.036194,0.001601,0.003234,0.491308,0.108154,0.046706,0.046149,0.098438,0.000664,3.120000,0.000000,1.150000,0.000000,0.000000,0.000000,0.500000,0.000000,0.000000,0.000000,0.000000,0.000000,0.033637,-0.065815,0.008100,-0.036194,0.001601,0.003234,-0.008692,0.108154,0.046706,0.074355,0.118128
13.760000,6.250000,3.158550,-0.064733,1.158567,-0.035733,0.002585,0.003205,0.491453,0.111702,0.046576,0.071298,0.174565,-0.000620,3.130000,0.000000,1.150000,0.000000,0.000000,0.000000,0.500000,0.000000,0.000000,0.000000,0.000000,0.000000,0.028550,-0.064733,0.008567,-0.035733,0.002585,0.003205,-0.008547,0.111702,0.046576,0.071267,0.121325
13.770000,6.260000,3.162000,-0.065729,1.158808,-0.035849,0.001639,0.003254,0.486482,0.108530,0.045721,0.058177,0.131416,-0.000110,3.130000,0.000000,1.150000,0.000000,0.000000,0.000000,0.500000,0.000000,0.000000,0.000000,0.000000,0.000000,0.032000,-0.065729,0.008808,-0.035849,0.001639,0.003254,-0.013518,0.108530,0.045721,0.073634,0.118541
13.780000,6.270000,3.167680,-0.065370,1.159307,-0.035809,0.002164,0.003270,0.489666,0.109855,0.045645,0.056800,0.139739,-0.000598,3.140000,0.000000,1.150000,0.000000,0.000000,0.000000,0.500000,0.000000,0.000000,0.000000,0.000000,0.000000,0.027680,-0.065370,0.009307,-0.035809,0.002164,0.003270,-0.010334,0.109855,0.045645,0.071596,0.119408
13.790000,6.280000,3.172577,-0.064271,1.159764,-0.035241,0.003560,0.003214,0.489866,0.113364,0.045473,0.094351,0.236845,-0.002545,3.140000,0.000000,1.150000,0.000000,0.000000,0.000000,0.500000,0.000000,0.000000,0.000000,0.000000,0.000000,0.032577,-0.064271,0.009764,-0.035241,0.003560,0.003214,-0.010134,0.113364,0.045473,0.072714,0.122564
13.801000,6.291000,3.175858,-0.065264,1.160016,-0.035507,0.002448,0.003256,0.484417,0.110119,0.044713,0.050407,0.135208,-0.000766,3.150000,0.000000,1.150000,0.000000,0.000000,0.000000,0.500000,0.000000,0.000000,0.000000,0.000000,0.000000,0.025858,-0.065264,0.010016,-0.035507,0.002448,0.003256,-0.015583,0.110119,0.044713,0.070911,0.119868
13.810000,6.300000,3.180702,-0.064163,1.160463,-0.035435,0.002748,0.003252,0.484632,0.113600,0.044431,0.036317,0.098416,-0.000402,3.150000,0.000000,1.150000,0.000000,0.000000,0.000000,0.500000,0.000000,0.000000,0.000000,0.000000,0.000000,0.030702,-0.064163,0.010463,-0.035435,0.002748,0.003252,-0.015368,0.113600,0.044431,0.071895,0.122944
13.820000,6.310000,3.184795,-0.064950,1.160788,-0.035362,0.002958,0.003266,0.482341,0.111055,0.043801,0.032917,0.093909,-0.000707,3.160000,0.000000,1.150000,0.000000,0.000000,0.000000,0.500000,0.000000,0.000000,0.000000,0.000000,0.000000,0.024795,-0.064950,0.010788,-0.035362,0.002958,0.003266,-0.017659,0.111055,0.043801,0.070354,0.120679
13.830000,6.320000,3.189618,-0.063840,1.161226,-0.035375,0.003104,0.003261,0.482612,0.114520,0.043555,0.051099,0.128436,-0.001714,3.160000,0.000000,1.150000,0.000000,0.000000,0.000000,0.500000,0.000000,0.000000,0.000000,0.000000,0.000000,0.029618,-0.063840,0.011226,-0.035375,0.003104,0.003261,-0.017388,0.114520,0.043555,0.071265,0.123751
13.840000,6.330000,3.192572,-0.064281,1.161469,-0.035279,0.002570,0.003267,0.476222,0.112731,0.042749,0.046099,0.113107,-0.002252,3.170500,0.000000,1.150000,0.000000,0.000000,0.000000,0.500000,0.000000,0.000000,0.000000,0.000000,0.000000,0.022072,-0.064281,0.011469,-0.035279,0.002570,0.003267,-0.023778,0.112731,0.042749,0.068925,0.122887
13.850000,6.340000,3.196571,-0.064228,1.161818,-0.035330,0.002288,0.003271,0.473788,0.112777,0.042276,0.039286,0.096196,-0.002359,3.170500,0.000000,1.150000,0.000000,0.000000,0.000000,0.500000,0.000000,0.000000,0.000000,0.000000,0.000000,0.026071,-0.064228,0.011818,-0.035330,0.002288,0.003271,-0.026212,0.112777,0.042276,0.070317,0.123260
13.860000,6.350000,3.200881,-0.064076,1.162201,-0.035366,0.002109,0.003272,0.472544,0.113174,0.041919,0.042431,0.095321,-0.002641,3.180500,0.000000,1.150000,0.000000,0.000000,0.000000,0.500000,0.000000,0.000000,0.000000,0.000000,0.000000,0.020381,-0.064076,0.012201,-0.035366,0.002109,0.003272,-0.027456,0.113174,0.041919,0.068337,0.123771
13.870000,6.360000,3.205325,-0.063896,1.162601,-0.035361,0.001975,0.003272,0.471808,0.113656,0.041700,0.049776,0.113963,-0.002537,3.180500,0.000000,1.150000,0.000000,0.000000,0.000000,0.500000,0.000000,0.000000,0.000000,0.000000,0.000000,0.024825,-0.063896,0.012601,-0.035361,0.001975,0.003272,-0.028192,0.113656,0.041700,0.069697,0.124304
13.880000,6.370000,3.209829,-0.063705,1.163006,-0.035252,0.002096,0.003268,0.471310,0.114156,0.041506,0.058600,0.133427,-0.002276,3.190000,0.000000,1.150000,0.000000,0.000000,0.000000,0.500000,0.000000,0.000000,0.000000,0.000000,0.000000,0.019829,-0.063705,0.013006,-0.035252,0.002096,0.003268,-0.028690,0.114156,0.041506,0.067976,0.124809
13.891000,6.381000,3.215919,-0.063734,1.163553,-0.034869,0.003926,0.003217,0.476685,0.114281,0.041690,0.099981,0.245708,-0.003616,3.190000,0.000000,1.150000,0.000000,0.000000,0.000000,0.500000,0.000000,0.000000,0.000000,0.000000,0.000000,0.025919,-0.063734,0.013553,-0.034869,0.003926,0.003217,-0.023315,0.114281,0.041690,0.070125,0.123862
13.900000,6.390000,3.220686,-0.062591,1.163970,-0.035152,0.003062,0.003218,0.476938,0.117743,0.041489,0.059445,0.145898,-0.001792,3.200000,0.000000,1.150000,0.000000,0.000000,0.000000,0.500000,0.000000,0.000000,0.000000,0.000000,0.000000,0.020686,-0.062591,0.013970,-0.035152,0.003062,0.003218,-0.023062,0.117743,0.041489,0.067385,0.126951
13.911000,6.401000,3.225606,-0.063243,1.164403,-0.035021,0.003570,0.003226,0.477933,0.115480,0.041198,0.037677,0.110601,-0.000786,3.200000,0.000000,1.150000,0.000000,0.000000,0.000000,0.500000,0.000000,0.000000,0.000000,0.000000,0.000000,0.025606,-0.063243,0.014403,-0.035021,0.003570,0.003226,-0.022067,0.115480,0.041198,0.069734,0.124579
13.921000,6.411000,3.231428,-0.062784,1.164904,-0.034984,0.004350,0.003222,0.482150,0.116820,0.041050,0.057477,0.152806,-0.001406,3.210500,0.000000,1.150000,0.000000,0.000000,0.000000,0.500000,0.000000,0.000000,0.000000,0.000000,0.000000,0.020928,-0.062784,0.014904,-0.034984,0.004350,0.003222,-0.017850,0.116820,0.041050,0.067838,0.125102
13.930000,6.420000,3.236249,-0.061616,1.165315,-0.034409,0.005876,0.003155,0.482564,0.120240,0.040639,0.103585,0.259062,-0.003167,3.210500,0.000000,1.150000,0.000000,0.000000,0.000000,0.500000,0.000000,0.000000,0.000000,0.000000,0.000000,0.025749,-0.061616,0.015315,-0.034409,0.005876,0.003155,-0.017436,0.120240,0.040639,0.068514,0.128114
13.940000,6.430000,3.238496,-0.062224,1.165512,-0.034683,0.004330,0.003171,0.473778,0.117599,0.039621,0.050619,0.144998,-0.001630,3.220000,0.000000,1.150000,0.000000,0.000000,0.000000,0.500000,0.000000,0.000000,0.000000,0.000000,0.000000,0.018496,-0.062224,0.015512,-0.034683,0.004330,0.003171,-0.026222,0.117599,0.039621,0.066742,0.126834
13.954000,6.444000,3.243638,-0.062413,1.165967,-0.034913,0.004677,0.003181,0.475818,0.116995,0.039318,0.018708,0.077743,-0.001232,3.230500,0.000000,1.150000,0.000000,0.000000,0.000000,0.500000,0.000000,0.000000,0.000000,0.000000,0.000000,0.013138,-0.062413,0.015967,-0.034913,0.004677,0.003181,-0.024182,0.116995,0.039318,0.065749,0.125772
13.963000,6.453000,3.249483,-0.061904,1.166480,-0.034803,0.005809,0.003151,0.480297,0.118454,0.039195,0.038231,0.127226,-0.002318,3.230500,0.000000,1.150000,0.000000,0.000000,0.000000,0.500000,0.000000,0.000000,0.000000,0.000000,0.000000,0.018983,-0.061904,0.016480,-0.034803,0.005809,0.003151,-0.019703,0.118454,0.039195,0.066814,0.126316
13.971000,6.461000,3.254758,-0.061575,1.166954,-0.035291,0.005107,0.003164,0.482562,0.119229,0.039040,0.037445,0.107427,-0.002469,3.230500,0.000000,1.150000,0.000000,0.000000,0.000000,0.500000,0.000000,0.000000,0.000000,0.000000,0.000000,0.024258,-0.061575,0.016954,-0.035291,0.005107,0.003164,-0.017438,0.119229,0.039040,0.068318,0.126664
13.980000,6.470000,3.259583,-0.060383,1.167344,-0.034917,0.006180,0.003101,0.483050,0.122680,0.038643,0.091784,0.227247,-0.004073,3.240000,0.000000,1.150000,0.000000,0.000000,0.000000,0.500000,0.000000,0.000000,0.000000,0.000000,0.000000,0.019583,-0.060383,0.017344,-0.034917,0.006180,0.003101,-0.016950,0.122680,0.038643,0.065806,0.129735
13.990000,6.480000,3.262489,-0.061383,1.167695,-0.035623,0.004025,0.003135,0.476706,0.119064,0.038028,0.029775,0.072736,-0.002608,3.240000,0.000000,1.150000,0.000000,0.000000,0.000000,0.500000,0.000000,0.000000,0.000000,0.000000,0.000000,0.022489,-0.061383,0.017695,-0.035623,0.004025,0.003135,-0.023294,0.119064,0.038028,0.067726,0.127142
14.000000,6.490000,3.267989,-0.060909,1.168215,-0.035798,0.004008,0.003141,0.479809,0.120402,0.037926,0.040104,0.081958,-0.002493,3.250000,0.000000,1.150000,0.000000,0.000000,0.000000,0.500000,0.000000,0.000000,0.000000,0.000000,0.000000,0.017989,-0.060909,0.018215,-0.035798,0.004008,0.003141,-0.020191,0.120402,0.037926,0.066071,0.127839
14.011000,6.501000,3.273041,-0.060581,1.168707,-0.035854,0.003919,0.003148,0.481167,0.121175,0.037763,0.051724,0.107861,-0.002085,3.250000,0.000000,1.150000,0.000000,0.000000,0.000000,0.500000,0.000000,0.000000,0.000000,0.000000,0.000000,0.023041,-0.060581,0.018707,-0.035854,0.003919,0.003148,-0.018833,0.121175,0.037763,0.067460,0.128312
14.021000,6.511000,3.277853,-0.059369,1.169084,-0.035337,0.004996,0.003088,0.481538,0.124677,0.037272,0.103730,0.227040,-0.003317,3.260000,0.000000,1.150000,0.000000,0.000000,0.000000,0.500000,0.000000,0.000000,0.000000,0.000000,0.000000,0.017853,-0.059369,0.019084,-0.035337,0.004996,0.003088,-0.018462,0.124677,0.037272,0.064866,0.131432
14.030000,6.520000,3.279510,-0.060033,1.169325,-0.035498,0.002950,0.003112,0.470590,0.121771,0.036279,0.054673,0.110647,-0.001671,3.260000,0.000000,1.150000,0.000000,0.000000,0.000000,0.500000,0.000000,0.000000,0.000000,0.000000,0.000000,0.019510,-0.060033,0.019325,-0.035498,0.002950,0.003112,-0.029410,0.121771,0.036279,0.066015,0.130419
14.040000,6.530000,3.283078,-0.059956,1.169686,-0.035304,0.002778,0.003120,0.466852,0.121594,0.035662,0.063560,0.125849,-0.001152,3.270000,0.000000,1.150000,0.000000,0.000000,0.000000,0.500000,0.000000,0.000000,0.000000,0.000000,0.000000,0.013078,-0.059956,0.019686,-0.035304,0.002778,0.003120,-0.033148,0.121594,0.035662,0.064446,0.130980
14.050000,6.540000,3.287158,-0.059740,1.170080,-0.035036,0.002984,0.003129,0.465089,0.121895,0.035266,0.071048,0.151770,-0.000462,3.270000,0.000000,1.150000,0.000000,0.000000,0.000000,0.500000,0.000000,0.000000,0.000000,0.000000,0.000000,0.017158,-0.059740,0.020080,-0.035036,0.002984,0.003129,-0.034911,0.121895,0.035266,0.065318,0.131609
14.060000,6.550000,3.291453,-0.059485,1.170485,-0.034324,0.004465,0.003082,0.464192,0.122290,0.034917,0.113249,0.264574,-0.001937,3.280000,0.000000,1.150000,0.000000,0.000000,0.000000,0.500000,0.000000,0.000000,0.000000,0.000000,0.000000,0.011453,-0.059485,0.020485,-0.034324,0.004465,0.003082,-0.035808,0.122290,0.034917,0.063947,0.132122
14.070000,6.560000,3.297364,-0.059417,1.171048,-0.034540,0.004605,0.003119,0.469355,0.122402,0.035045,0.052058,0.133686,0.000521,3.280000,0.000000,1.150000,0.000000,0.000000,0.000000,0.500000,0.000000,0.000000,0.000000,0.000000,0.000000,0.017364,-0.059417,0.021048,-0.034540,0.004605,0.003119,-0.030645,0.122402,0.035045,0.065383,0.130956
14.081000,6.571000,3.303334,-0.058821,1.171560,-0.034326,0.005705,0.003123,0.474563,0.123929,0.035025,0.044234,0.135971,0.000423,3.290000,0.000000,1.150000,0.000000,0.000000,0.000000,0.500000,0.000000,0.000000,0.000000,0.000000,0.000000,0.013334,-0.058821,0.021560,-0.034326,0.005705,0.003123,-0.025437,0.123929,0.035025,0.064051,0.131271
14.090000,6.580000,3.308676,-0.058424,1.172023,-0.034189,0.006464,0.003127,0.477377,0.124654,0.034753,0.058157,0.162963,-0.000591,3.290000,0.000000,1.150000,0.000000,0.000000,0.000000,0.500000,0.000000,0.000000,0.000000,0.000000,0.000000,0.018676,-0.058424,0.022023,-0.034189,0.006464,0.003127,-0.022623,0.124654,0.034753,0.065170,0.131370
14.100000,6.590000,3.313450,-0.057177,1.172371,-0.033607,0.008092,0.003065,0.477998,0.127991,0.034148,0.098477,0.266183,-0.002623,3.300500,0.000000,1.150000,0.000000,0.000000,0.000000,0.500000,0.000000,0.000000,0.000000,0.000000,0.000000,0.012950,-0.057177,0.022371,-0.033607,0.008092,0.003065,-0.022002,0.127991,0.034148,0.062748,0.134283
14.110000,6.600000,3.315318,-0.057819,1.172587,-0.033700,0.006711,0.003085,0.468248,0.124854,0.033067,0.050616,0.142413,-0.000847,3.300500,0.000000,1.150000,0.000000,0.000000,0.000000,0.500000,0.000000,0.000000,0.000000,0.000000,0.000000,0.014818,-0.057819,0.022587,-0.033700,0.006711,0.003085,-0.031752,0.124854,0.033067,0.063818,0.133005
14.120000,6.610000,3.318944,-0.057719,1.172908,-0.033620,0.006885,0.003085,0.465176,0.124467,0.032322,0.046577,0.137789,-0.001137,3.310000,0.000000,1.150000,0.000000,0.000000,0.000000,0.500000,0.000000,0.000000,0.000000,0.000000,0.000000,0.008944,-0.057719,0.022908,-0.033620,0.006885,0.003085,-0.034824,0.124467,0.032322,0.062739,0.133227
14.131000,6.621000,3.324476,-0.057687,1.173400,-0.033794,0.007655,0.003092,0.469239,0.124286,0.032237,0.045926,0.144983,-0.001305,3.310000,0.000000,1.150000,0.000000,0.000000,0.000000,0.500000,0.000000,0.000000,0.000000,0.000000,0.000000,0.014476,-0.057687,0.023400,-0.033794,0.007655,0.003092,-0.030761,0.124286,0.032237,0.063914,0.132032
14.140000,6.630000,3.329169,-0.056445,1.173722,-0.033788,0.007991,0.003080,0.469967,0.127589,0.031658,0.044622,0.140538,-0.001486,3.320000,0.000000,1.150000,0.000000,0.000000,0.000000,0.500000,0.000000,0.000000,0.000000,0.000000,0.000000,0.009169,-0.056445,0.023722,-0.033788,0.007991,0.003080,-0.030033,0.127589,0.031658,0.061910,0.134845
14.150000,6.640000,3.333855,-0.057021,1.174161,-0.033814,0.008368,0.003089,0.470885,0.125112,0.031421,0.043584,0.133072,-0.001416,3.320000,0.000000,1.150000,0.000000,0.000000,0.000000,0.500000,0.000000,0.000000,0.000000,0.000000,0.000000,0.013855,-0.057021,0.024161,-0.033814,0.008368,0.003089,-0.029115,0.125112,0.031421,0.063460,0.132242
14.160000,6.650000,3.339574,-0.056453,1.174593,-0.033854,0.009066,0.003085,0.475460,0.126380,0.031172,0.046188,0.137286,-0.001442,3.330000,0.000000,1.150000,0.000000,0.000000,0.000000,0.500000,0.000000,0.000000,0.000000,0.000000,0.000000,0.009574,-0.056453,0.024593,-0.033854,0.009066,0.003085,-0.024540,0.126380,0.031172,0.062317,0.132460
14.170000,6.660000,3.344751,-0.056057,1.174974,-0.033410,0.010609,0.003032,0.477960,0.126980,0.030772,0.088968,0.236469,-0.002951,3.330000,0.000000,1.150000,0.000000,0.000000,0.000000,0.500000,0.000000,0.000000,0.000000,0.000000,0.000000,0.014751,-0.056057,0.024974,-0.033410,0.010609,0.003032,-0.022040,0.126980,0.030772,0.063117,0.132501
14.181000,6.671000,3.349592,-0.055719,1.175315,-0.033826,0.009934,0.003050,0.479180,0.127353,0.030221,0.028571,0.091190,-0.000746,3.340000,0.000000,1.150000,0.000000,0.000000,0.000000,0.500000,0.000000,0.000000,0.000000,0.000000,0.000000,0.009592,-0.055719,0.025315,-0.033826,0.009934,0.003050,-0.020820,0.127353,0.030221,0.061947,0.132535
14.190000,6.680000,3.354384,-0.054445,1.175617,-0.033541,0.010846,0.003012,0.480139,0.130653,0.029573,0.051669,0.144223,-0.001819,3.340000,0.000000,1.150000,0.000000,0.000000,0.000000,0.500000,0.000000,0.000000,0.000000,0.000000,0.000000,0.014384,-0.054445,0.025617,-0.033541,0.010846,0.003012,-0.019861,0.130653,0.029573,0.061866,0.135423
14.200000,6.690000,3.355921,-0.055120,1.175730,-0.033431,0.009738,0.003024,0.469461,0.127283,0.028396,0.029771,0.088870,-0.000712,3.350000,0.000000,1.150000,0.000000,0.000000,0.000000,0.500000,0.000000,0.000000,0.000000,0.000000,0.000000,0.005921,-0.055120,0.025730,-0.033431,0.009738,0.003024,-0.030539,0.127283,0.028396,0.061118,0.133940
14.210000,6.700000,3.359451,-0.055016,1.175953,-0.033409,0.009533,0.003031,0.466295,0.126811,0.027632,0.043319,0.098133,-0.001167,3.350000,0.000000,1.150000,0.000000,0.000000,0.000000,0.500000,0.000000,0.000000,0.000000,0.000000,0.000000,0.009451,-0.055016,0.025953,-0.033409,0.009533,0.003031,-0.033705,0.126811,0.027632,0.061560,0.134092
14.221000,6.711000,3.364940,-0.054968,1.176299,-0.033754,0.009534,0.003056,0.470381,0.126598,0.027249,0.033289,0.059089,-0.001496,3.360000,0.000000,1.150000,0.000000,0.000000,0.000000,0.500000,0.000000,0.000000,0.000000,0.000000,0.000000,0.004940,-0.054968,0.026299,-0.033754,0.009534,0.003056,-0.029619,0.126598,0.027249,0.061136,0.132842
14.230000,6.720000,3.369643,-0.053702,1.176572,-0.033421,0.010124,0.003021,0.471303,0.129901,0.026869,0.075482,0.168610,-0.003019,3.360000,0.000000,1.150000,0.000000,0.000000,0.000000,0.500000,0.000000,0.000000,0.000000,0.000000,0.000000,0.009643,-0.053702,0.026572,-0.033421,0.010124,0.003021,-0.028697,0.129901,0.026869,0.060688,0.135719
14.240000,6.730000,3.374333,-0.054267,1.176874,-0.034008,0.008612,0.003064,0.472247,0.127417,0.026585,0.031402,0.064157,-0.002030,3.370000,0.000000,1.150000,0.000000,0.000000,0.000000,0.500000,0.000000,0.000000,0.000000,0.000000,0.000000,0.004333,-0.054267,0.026874,-0.034008,0.008612,0.003064,-0.027753,0.127417,0.026585,0.060711,0.133087
14.256000,6.746000,3.380069,-0.053675,1.177218,-0.034272,0.008232,0.003091,0.476818,0.128728,0.026438,0.017557,0.026815,-0.001426,3.380000,0.000000,1.150000,0.000000,0.000000,0.000000,0.500000,0.000000,0.000000,0.000000,0.000000,0.000000,0.000069,-0.053675,0.027218,-0.034272,0.008232,0.003091,-0.023182,0.128728,0.026438,0.060182,0.133444
14.260000,6.750000,3.384837,-0.052388,1.177483,-0.034096,0.008500,0.003068,0.477612,0.132081,0.026060,0.048157,0.108636,-0.002467,3.380000,0.000000,1.150000,0.000000,0.000000,0.000000,0.500000,0.000000,0.000000,0.000000,0.000000,0.000000,0.004837,-0.052388,0.027483,-0.034096,0.008500,0.003068,-0.022388,0.132081,0.026060,0.059356,0.136476
14.270000,6.760000,3.387065,-0.052956,1.177635,-0.034332,0.006343,0.003108,0.469241,0.129108,0.025321,0.041087,0.073477,-0.001701,3.380000,0.000000,1.150000,0.000000,0.000000,0.000000,0.500000,0.000000,0.000000,0.000000,0.000000,0.000000,0.007065,-0.052956,0.027635,-0.034332,0.006343,0.003108,-0.030759,0.129108,0.025321,0.060149,0.135115
14.280000,6.770000,3.390811,-0.052816,1.177862,-0.034517,0.005373,0.003141,0.466522,0.128788,0.024820,0.040483,0.073313,-0.001539,3.390000,0.000000,1.150000,0.000000,0.000000,0.000000,0.500000,0.000000,0.000000,0.000000,0.000000,0.000000,0.000811,-0.052816,0.027862,-0.034517,0.005373,0.003141,-0.033478,0.128788,0.024820,0.059720,0.135363
14.290000,6.780000,3.394975,-0.052542,1.178112,-0.034664,0.004707,0.003172,0.465325,0.128975,0.024482,0.035351,0.074939,-0.001166,3.390000,0.000000,1.150000,0.000000,0.000000,0.000000,0.500000,0.000000,0.000000,0.000000,0.000000,0.000000,0.004975,-0.052542,0.028112,-0.034664,0.004707,0.003172,-0.034675,0.128975,0.024482,0.059797,0.135781
14.300000,6.790000,3.400814,-0.052416,1.178481,-0.034916,0.004865,0.003214,0.470279,0.129080,0.024498,0.045601,0.101036,-0.000354,3.400000,0.000000,1.150000,0.000000,0.000000,0.000000,0.500000,0.000000,0.000000,0.000000,0.000000,0.000000,0.000814,-0.052416,0.028481,-0.034916,0.004865,0.003214,-0.029721,0.129080,0.024498,0.059659,0.134704
14.310000,6.800000,3.405517,-0.051125,1.178726,-0.034460,0.005875,0.003175,0.470744,0.132497,0.024186,0.094942,0.229083,-0.001971,3.400000,0.000000,1.150000,0.000000,0.000000,0.000000,0.500000,0.000000,0.000000,0.000000,0.000000,0.000000,0.005517,-0.051125,0.028726,-0.034460,0.005875,0.003175,-0.029256,0.132497,0.024186,0.058901,0.137828
14.320000,6.810000,3.408913,-0.051384,1.178955,-0.034576,0.004667,0.003218,0.466556,0.130647,0.023837,0.063245,0.149607,0.000274,3.410000,0.000000,1.150000,0.000000,0.000000,0.000000,0.500000,0.000000,0.000000,0.000000,0.000000,0.000000,-0.001087,-0.051384,0.028955,-0.034576,0.004667,0.003218,-0.033444,0.130647,0.023837,0.058990,0.136950
14.330000,6.820000,3.414471,-0.051375,1.179298,-0.034555,0.005491,0.003250,0.470462,0.130258,0.023771,0.049461,0.126190,0.001295,3.410000,0.000000,1.150000,0.000000,0.000000,0.000000,0.500000,0.000000,0.000000,0.000000,0.000000,0.000000,0.004471,-0.051375,0.029298,-0.034555,0.005491,0.003250,-0.029538,0.130258,0.023771,0.059311,0.135664
14.341000,6.831000,3.420359,-0.050703,1.179630,-0.034397,0.006554,0.003264,0.475421,0.131784,0.023675,0.050530,0.139430,0.001314,3.421000,0.000000,1.150000,0.000000,0.000000,0.000000,0.500000,0.000000,0.000000,0.000000,0.000000,0.000000,-0.000641,-0.050703,0.029630,-0.034397,0.006554,0.003264,-0.024579,0.131784,0.023675,0.058730,0.136131
14.350000,6.840000,3.425649,-0.050233,1.179935,-0.033910,0.008164,0.003238,0.478112,0.132505,0.023464,0.093789,0.245956,-0.000983,3.421000,0.000000,1.150000,0.000000,0.000000,0.000000,0.500000,0.000000,0.000000,0.000000,0.000000,0.000000,0.004649,-0.050233,0.029935,-0.033910,0.008164,0.003238,-0.021888,0.132505,0.023464,0.058661,0.136335
14.360000,6.850000,3.430430,-0.048908,1.180169,-0.034109,0.007801,0.003259,0.478794,0.135863,0.023052,0.064435,0.172293,0.000099,3.430000,0.000000,1.150000,0.000000,0.000000,0.000000,0.500000,0.000000,0.000000,0.000000,0.000000,0.000000,0.000430,-0.048908,0.030169,-0.034109,0.007801,0.003259,-0.021206,0.135863,0.023052,0.057467,0.139427
14.370000,6.860000,3.432263,-0.049532,1.180313,-0.033669,0.007555,0.003267,0.468986,0.132522,0.022324,0.044622,0.123985,0.000235,3.430000,0.000000,1.150000,0.000000,0.000000,0.000000,0.500000,0.000000,0.000000,0.000000,0.000000,0.000000,0.002263,-0.049532,0.030313,-0.033669,0.007555,0.003267,-0.031014,0.132522,0.022324,0.058116,0.137921
14.381000,6.871000,3.437210,-0.049596,1.180630,-0.033701,0.008212,0.003280,0.470883,0.131727,0.022210,0.058474,0.155651,-0.000915,3.440500,0.000000,1.150000,0.000000,0.000000,0.000000,0.500000,0.000000,0.000000,0.000000,0.000000,0.000000,-0.003290,-0.049596,0.030630,-0.033701,0.008212,0.003280,-0.029117,0.131727,0.022210,0.058384,0.136723
14.390000,6.880000,3.441918,-0.048279,1.180852,-0.033117,0.009767,0.003218,0.471675,0.135024,0.021824,0.103111,0.260527,-0.002961,3.440500,0.000000,1.150000,0.000000,0.000000,0.000000,0.500000,0.000000,0.000000,0.000000,0.000000,0.000000,0.001418,-0.048279,0.030852,-0.033117,0.009767,0.003218,-0.028325,0.135024,0.021824,0.057312,0.139679
14.401000,6.891000,3.446392,-0.048825,1.181188,-0.033630,0.008730,0.003241,0.471839,0.132388,0.021781,0.047153,0.124228,-0.002366,3.450000,0.000000,1.150000,0.000000,0.000000,0.000000,0.500000,0.000000,0.000000,0.000000,0.000000,0.000000,-0.003608,-0.048825,0.031188,-0.033630,0.008730,0.003241,-0.028161,0.132388,0.021781,0.058048,0.137091
14.410000,6.900000,3.451111,-0.047501,1.181406,-0.033159,0.009970,0.003176,0.472682,0.135677,0.021371,0.066750,0.178066,-0.003559,3.450000,0.000000,1.150000,0.000000,0.000000,0.000000,0.500000,0.000000,0.000000,0.000000,0.000000,0.000000,0.001111,-0.047501,0.031406,-0.033159,0.009970,0.003176,-0.027318,0.135677,0.021371,0.056956,0.140040
14.420000,6.910000,3.454116,-0.047823,1.181642,-0.033333,0.008687,0.003183,0.467436,0.133370,0.021028,0.018875,0.061565,-0.002441,3.460000,0.000000,1.150000,0.000000,0.000000,0.000000,0.500000,0.000000,0.000000,0.000000,0.000000,0.000000,-0.005884,-0.047823,0.031642,-0.033333,0.008687,0.003183,-0.032564,0.133370,0.021028,0.057644,0.138889
14.430000,6.920000,3.458085,-0.047609,1.181908,-0.033439,0.008275,0.003182,0.465829,0.133061,0.020749,0.025149,0.063289,-0.002777,3.460000,0.000000,1.150000,0.000000,0.000000,0.000000,0.500000,0.000000,0.000000,0.000000,0.000000,0.000000,-0.001915,-0.047609,0.031908,-0.033439,0.008275,0.003182,-0.034171,0.133061,0.020749,0.057344,0.138937
14.440000,6.930000,3.462348,-0.047286,1.182191,-0.033689,0.007686,0.003186,0.465296,0.133161,0.020530,0.014500,0.036524,-0.003176,3.470000,0.000000,1.150000,0.000000,0.000000,0.000000,0.500000,0.000000,0.000000,0.000000,0.000000,0.000000,-0.007652,-0.047286,0.032191,-0.033689,0.007686,0.003186,-0.034704,0.133161,0.020530,0.057713,0.139132
14.450000,6.940000,3.466739,-0.046932,1.182485,-0.034040,0.006887,0.003197,0.465182,0.133388,0.020346,0.021119,0.057820,-0.003533,3.470000,0.000000,1.150000,0.000000,0.000000,0.000000,0.500000,0.000000,0.000000,0.000000,0.000000,0.000000,-0.003261,-0.046932,0.032485,-0.034040,0.006887,0.003197,-0.034818,0.133388,0.020346,0.057171,0.139350
14.460000,6.950000,3.472723,-0.046741,1.182923,-0.034700,0.006351,0.003229,0.470830,0.133533,0.020588,0.014788,0.039186,-0.003256,3.480000,0.000000,1.150000,0.000000,0.000000,0.000000,0.500000,0.000000,0.000000,0.000000,0.000000,0.000000,-0.007277,-0.046741,0.032923,-0.034700,0.006351,0.003229,-0.029170,0.133533,0.020588,0.057633,0.138224
14.470000,6.960000,3.477432,-0.045406,1.183129,-0.034552,0.006741,0.003183,0.471439,0.136923,0.020099,0.070299,0.171269,-0.004272,3.480000,0.000000,1.150000,0.000000,0.000000,0.000000,0.500000,0.000000,0.000000,0.000000,0.000000,0.000000,-0.002568,-0.045406,0.033129,-0.034552,0.006741,0.003183,-0.028561,0.136923,0.020099,0.056265,0.141307
14.480000,6.970000,3.480874,-0.045636,1.183430,-0.035140,0.004569,0.003226,0.467443,0.135036,0.019903,0.030203,0.070759,-0.001845,3.490000,0.000000,1.150000,0.000000,0.000000,0.000000,0.500000,0.000000,0.000000,0.000000,0.000000,0.000000,-0.009126,-0.045636,0.033430,-0.035140,0.004569,0.003226,-0.032557,0.135036,0.019903,0.057302,0.140324
14.493000,6.983000,3.486455,-0.045579,1.183878,-0.035448,0.004604,0.003262,0.471319,0.134739,0.020066,0.028920,0.065412,-0.000558,3.500000,0.000000,1.150000,0.000000,0.000000,0.000000,0.500000,0.000000,0.000000,0.000000,0.000000,0.000000,-0.013545,-0.045579,0.033878,-0.035448,0.004604,0.003262,-0.028681,0.134739,0.020066,0.058384,0.139211
14.500000,6.990000,3.491168,-0.044232,1.184079,-0.035159,0.005258,0.003233,0.471757,0.138199,0.019501,0.067203,0.156023,-0.001382,3.500000,0.000000,1.150000,0.000000,0.000000,0.000000,0.500000,0.000000,0.000000,0.000000,0.000000,0.000000,-0.008832,-0.044232,0.034079,-0.035159,0.005258,0.003233,-0.028243,0.138199,0.019501,0.056532,0.142397
14.510000,7.000000,3.494461,-0.044473,1.184388,-0.035433,0.003754,0.003275,0.467087,0.136279,0.019151,0.051515,0.113602,-0.000782,3.500000,0.000000,1.150000,0.000000,0.000000,0.000000,0.500000,0.000000,0.000000,0.000000,0.000000,0.000000,-0.005539,-0.044473,0.034388,-0.035433,0.003754,0.003275,-0.032913,0.136279,0.019151,0.056490,0.141499
14.520000,7.010000,3.498519,-0.044219,1.184694,-0.035450,0.003419,0.003307,0.465303,0.136209,0.018799,0.057691,0.124544,-0.000337,3.510500,0.000000,1.150000,0.000000,0.000000,0.000000,0.500000,0.000000,0.000000,0.000000,0.000000,0.000000,-0.011981,-0.044219,0.034694,-0.035450,0.003419,0.003307,-0.034697,0.136209,0.018799,0.057467,0.141810
14.530000,7.020000,3.502809,-0.043860,1.185006,-0.035328,0.003465,0.003336,0.464403,0.136509,0.018513,0.063034,0.137780,0.000415,3.510500,0.000000,1.150000,0.000000,0.000000,0.000000,0.500000,0.000000,0.000000,0.000000,0.000000,0.000000,-0.007691,-0.043860,0.035006,-0.035328,0.003465,0.003336,-0.035597,0.136509,0.018513,0.056642,0.142284
14.541000,7.031000,3.508707,-0.043634,1.185479,-0.035225,0.004479,0.003366,0.469483,0.136758,0.018707,0.081332,0.176545,0.000878,3.520500,0.000000,1.150000,0.000000,0.000000,0.000000,0.500000,0.000000,0.000000,0.000000,0.000000,0.000000,-0.011793,-0.043634,0.035479,-0.035225,0.004479,0.003366,-0.030517,0.136758,0.018707,0.057461,0.141364
14.550000,7.040000,3.513402,-0.042267,1.185666,-0.034412,0.006244,0.003312,0.469908,0.140193,0.018041,0.123628,0.290229,-0.001274,3.520500,0.000000,1.150000,0.000000,0.000000,0.000000,0.500000,0.000000,0.000000,0.000000,0.000000,0.000000,-0.007098,-0.042267,0.035666,-0.034412,0.006244,0.003312,-0.030092,0.140193,0.018041,0.055757,0.144516
14.560000,7.050000,3.516797,-0.042471,1.185982,-0.034242,0.005579,0.003347,0.465751,0.138258,0.017775,0.086361,0.196709,0.000752,3.530000,0.000000,1.150000,0.000000,0.000000,0.000000,0.500000,0.000000,0.000000,0.000000,0.000000,0.000000,-0.013203,-0.042471,0.035982,-0.034242,0.005579,0.003347,-0.034249,0.138258,0.017775,0.057208,0.143542
14.570000,7.060000,3.520882,-0.042194,1.186273,-0.033758,0.006375,0.003355,0.464296,0.138078,0.017396,0.066363,0.156895,0.001198,3.530000,0.000000,1.150000,0.000000,0.000000,0.000000,0.500000,0.000000,0.000000,0.000000,0.000000,0.000000,-0.009118,-0.042194,0.036273,-0.033758,0.006375,0.003355,-0.035704,0.138078,0.017396,0.056384,0.143676
14.580000,7.070000,3.525178,-0.041817,1.186556,-0.033286,0.007360,0.003356,0.463750,0.138209,0.017005,0.064723,0.161146,0.000865,3.540000,0.000000,1.150000,0.000000,0.000000,0.000000,0.500000,0.000000,0.000000,0.000000,0.000000,0.000000,-0.014822,-0.041817,0.036556,-0.033286,0.007360,0.003356,-0.036250,0.138209,0.017005,0.057486,0.143892
14.590000,7.080000,3.531075,-0.041572,1.186977,-0.033221,0.008581,0.003364,0.469238,0.138272,0.017015,0.069565,0.183430,-0.000821,3.540000,0.000000,1.150000,0.000000,0.000000,0.000000,0.500000,0.000000,0.000000,0.000000,0.000000,0.000000,-0.008925,-0.041572,0.036977,-0.033221,0.008581,0.003364,-0.030762,0.138272,0.017015,0.056348,0.142670
14.600000,7.090000,3.535768,-0.040189,1.187147,-0.032526,0.010414,0.003295,0.470063,0.141511,0.016291,0.107425,0.285862,-0.003177,3.550000,0.000000,1.150000,0.000000,0.000000,0.000000,0.500000,0.000000,0.000000,0.000000,0.000000,0.000000,-0.014232,-0.040189,0.037147,-0.032526,0.010414,0.003295,-0.029937,0.141511,0.016291,0.056547,0.145557
14.610000,7.100000,3.539166,-0.040388,1.187441,-0.032612,0.009591,0.003302,0.466324,0.139362,0.015883,0.055225,0.156560,-0.001654,3.550000,0.000000,1.150000,0.000000,0.000000,0.000000,0.500000,0.000000,0.000000,0.000000,0.000000,0.000000,-0.010834,-0.040388,0.037441,-0.032612,0.009591,0.003302,-0.033676,0.139362,0.015883,0.056128,0.144250
14.621000,7.111000,3.544708,-0.040285,1.187864,-0.032762,0.010347,0.003298,0.470601,0.138829,0.015866,0.044801,0.142699,-0.002460,3.560000,0.000000,1.150000,0.000000,0.000000,0.000000,0.500000,0.000000,0.000000,0.000000,0.000000,0.000000,-0.015292,-0.040285,0.037864,-0.032762,0.010347,0.003298,-0.029399,0.138829,0.015866,0.057362,0.142792
14.630000,7.120000,3.549414,-0.038897,1.188023,-0.032315,0.011773,0.003226,0.471599,0.142024,0.015147,0.085478,0.238689,-0.004037,3.560000,0.000000,1.150000,0.000000,0.000000,0.000000,0.500000,0.000000,0.000000,0.000000,0.000000,0.000000,-0.010586,-0.038897,0.038023,-0.032315,0.011773,0.003226,-0.028401,0.142024,0.015147,0.055415,0.145625
14.640000,7.130000,3.552693,-0.039117,1.188309,-0.032515,0.010897,0.003221,0.467523,0.139765,0.014821,0.045427,0.145804,-0.002875,3.570000,0.000000,1.150000,0.000000,0.000000,0.000000,0.500000,0.000000,0.000000,0.000000,0.000000,0.000000,-0.017307,-0.039117,0.038309,-0.032515,0.010897,0.003221,-0.032477,0.139765,0.014821,0.057422,0.144252
14.651000,7.141000,3.558187,-0.039019,1.188697,-0.032774,0.011475,0.003214,0.471708,0.139199,0.014802,0.027985,0.099344,-0.002345,3.570000,0.000000,1.150000,0.000000,0.000000,0.000000,0.500000,0.000000,0.000000,0.000000,0.000000,0.000000,-0.011813,-0.039019,0.038697,-0.032774,0.011475,0.003214,-0.028292,0.139199,0.014802,0.056210,0.142814
14.660000,7.150000,3.562904,-0.037627,1.188845,-0.032495,0.012467,0.003158,0.472815,0.142395,0.014081,0.056979,0.160714,-0.003259,3.581500,0.000000,1.150000,0.000000,0.000000,0.000000,0.500000,0.000000,0.000000,0.000000,0.000000,0.000000,-0.018596,-0.037627,0.038845,-0.032495,0.012467,0.003158,-0.027185,0.142395,0.014081,0.057189,0.145649
14.670000,7.160000,3.566175,-0.037849,1.189095,-0.032724,0.011484,0.003157,0.468759,0.140127,0.013610,0.045342,0.124692,-0.002844,3.581500,0.000000,1.150000,0.000000,0.000000,0.000000,0.500000,0.000000,0.000000,0.000000,0.000000,0.000000,-0.015325,-0.037849,0.039095,-0.032724,0.011484,0.003157,-0.031241,0.140127,0.013610,0.056531,0.144211
14.680000,7.170000,3.571675,-0.037750,1.189442,-0.033140,0.011449,0.003168,0.472947,0.139578,0.013437,0.038013,0.091583,-0.002775,3.590000,0.000000,1.150000,0.000000,0.000000,0.000000,0.500000,0.000000,0.000000,0.000000,0.000000,0.000000,-0.018325,-0.037750,0.039442,-0.033140,0.011449,0.003168,-0.027053,0.139578,0.013437,0.057590,0.142809
14.690000,7.180000,3.576404,-0.036354,1.189576,-0.032760,0.012363,0.003110,0.474052,0.142811,0.012737,0.083632,0.194742,-0.003952,3.590000,0.000000,1.150000,0.000000,0.000000,0.000000,0.500000,0.000000,0.000000,0.000000,0.000000,0.000000,-0.013596,-0.036354,0.039576,-0.032760,0.012363,0.003110,-0.025948,0.142811,0.012737,0.055433,0.145707
14.700000,7.190000,3.579682,-0.036575,1.189812,-0.033159,0.010577,0.003131,0.469918,0.140579,0.012353,0.036714,0.079069,-0.002366,3.600000,0.000000,1.150000,0.000000,0.000000,0.000000,0.500000,0.000000,0.000000,0.000000,0.000000,0.000000,-0.020318,-0.036575,0.039812,-0.033159,0.010577,0.003131,-0.030082,0.140579,0.012353,0.057754,0.144291
14.712000,7.202000,3.585192,-0.036472,1.190148,-0.033463,0.010440,0.003159,0.474012,0.140071,0.012306,0.025564,0.043418,-0.001377,3.600000,0.000000,1.150000,0.000000,0.000000,0.000000,0.500000,0.000000,0.000000,0.000000,0.000000,0.000000,-0.014808,-0.036472,0.040148,-0.033463,0.010440,0.003159,-0.025988,0.140071,0.012306,0.056226,0.142992
14.720000,7.210000,3.589932,-0.035071,1.190271,-0.033207,0.010874,0.003131,0.475019,0.143336,0.011639,0.056885,0.117994,-0.002236,3.610000,0.000000,1.150000,0.000000,0.000000,0.000000,0.500000,0.000000,0.000000,0.000000,0.000000,0.000000,-0.020068,-0.035071,0.040271,-0.033207,0.010874,0.003131,-0.024981,0.143336,0.011639,0.057048,0.145961
14.730000,7.220000,3.594593,-0.035534,1.190610,-0.033612,0.009669,0.003178,0.475793,0.140710,0.011578,0.050700,0.088553,-0.001571,3.610000,0.000000,1.150000,0.000000,0.000000,0.000000,0.500000,0.000000,0.000000,0.000000,0.000000,0.000000,-0.015407,-0.035534,0.040610,-0.033612,0.009669,0.003178,-0.024207,0.140710,0.011578,0.056118,0.143246
14.741000,7.231000,3.600341,-0.034793,1.190865,-0.033805,0.009335,0.003212,0.480362,0.142042,0.011280,0.052145,0.082373,-0.001071,3.620000,0.000000,1.150000,0.000000,0.000000,0.000000,0.500000,0.000000,0.000000,0.000000,0.000000,0.000000,-0.019659,-0.034793,0.040865,-0.033805,0.009335,0.003212,-0.019638,0.142042,0.011280,0.057157,0.143837
14.751000,7.241000,3.605543,-0.034241,1.191111,-0.033746,0.009200,0.003242,0.482754,0.142645,0.010977,0.056157,0.092375,-0.000506,3.620000,0.000000,1.150000,0.000000,0.000000,0.000000,0.500000,0.000000,0.000000,0.000000,0.000000,0.000000,-0.014457,-0.034241,0.041111,-0.033746,0.009200,0.003242,-0.017246,0.142645,0.010977,0.055422,0.144103
14.760000,7.250000,3.610371,-0.032815,1.191221,-0.033185,0.010123,0.003205,0.483640,0.145937,0.010284,0.101897,0.207079,-0.002025,3.631000,0.000000,1.150000,0.000000,0.000000,0.000000,0.500000,0.000000,0.000000,0.000000,0.000000,0.000000,-0.020629,-0.032815,0.041221,-0.033185,0.010123,0.003205,-0.016360,0.145937,0.010284,0.056582,0.147211
14.770000,7.260000,3.612120,-0.033424,1.191402,-0.033163,0.008043,0.003253,0.473443,0.142258,0.009891,0.046163,0.063241,0.000099,3.631000,0.000000,1.150000,0.000000,0.000000,0.000000,0.500000,0.000000,0.000000,0.000000,0.000000,0.000000,-0.018880,-0.033424,0.041402,-0.033163,0.008043,0.003253,-0.026557,0.142258,0.009891,0.056460,0.145053
14.782000,7.272000,3.617047,-0.033403,1.191688,-0.033125,0.008149,0.003297,0.475070,0.141396,0.009817,0.050048,0.071336,0.000550,3.641000,0.000000,1.150000,0.000000,0.000000,0.000000,0.500000,0.000000,0.000000,0.000000,0.000000,0.000000,-0.023953,-0.033403,0.041688,-0.033125,0.008149,0.003297,-0.024930,0.141396,0.009817,0.058544,0.143912
14.790000,7.280000,3.621797,-0.031989,1.191786,-0.032625,0.008862,0.003279,0.475854,0.144629,0.009209,0.098076,0.200095,-0.001433,3.641000,0.000000,1.150000,0.000000,0.000000,0.000000,0.500000,0.000000,0.000000,0.000000,0.000000,0.000000,-0.019203,-0.031989,0.041786,-0.032625,0.008862,0.003279,-0.024146,0.144629,0.009209,0.056019,0.146919
14.805000,7.295000,3.626257,-0.032463,1.192108,-0.032882,0.007719,0.003337,0.475698,0.141866,0.009290,0.044012,0.074536,0.000104,3.650000,0.000000,1.150000,0.000000,0.000000,0.000000,0.500000,0.000000,0.000000,0.000000,0.000000,0.000000,-0.023743,-0.032463,0.042108,-0.032882,0.007719,0.003337,-0.024302,0.141866,0.009290,0.058229,0.144232
14.810000,7.300000,3.631973,-0.031711,1.192353,-0.032799,0.008032,0.003362,0.480007,0.143113,0.009150,0.044062,0.084491,-0.000183,3.650000,0.000000,1.150000,0.000000,0.000000,0.000000,0.500000,0.000000,0.000000,0.000000,0.000000,0.000000,-0.018027,-0.031711,0.042353,-0.032799,0.008032,0.003362,-0.019993,0.143113,0.009150,0.055896,0.144792
14.821000,7.311000,3.637156,-0.031150,1.192599,-0.032722,0.008133,0.003385,0.482241,0.143612,0.009017,0.038719,0.082513,-0.000482,3.660500,0.000000,1.150000,0.000000,0.000000,0.000000,0.500000,0.000000,0.000000,0.000000,0.000000,0.000000,-0.023344,-0.031150,0.042599,-0.032722,0.008133,0.003385,-0.017759,0.143612,0.009017,0.057706,0.144987
14.834000,7.324000,3.642009,-0.030660,1.192840,-0.032692,0.008080,0.003405,0.483199,0.143831,0.008778,0.054800,0.115085,-0.001168,3.670000,0.000000,1.150000,0.000000,0.000000,0.000000,0.500000,0.000000,0.000000,0.000000,0.000000,0.000000,-0.027991,-0.030660,0.042840,-0.032692,0.008080,0.003405,-0.016801,0.143831,0.008778,0.059655,0.145075
14.841000,7.331000,3.646690,-0.030196,1.193076,-0.032660,0.008020,0.003421,0.483489,0.143949,0.008535,0.055622,0.122006,-0.001456,3.670000,0.000000,1.150000,0.000000,0.000000,0.000000,0.500000,0.000000,0.000000,0.000000,0.000000,0.000000,-0.023310,-0.030196,0.043076,-0.032660,0.008020,0.003421,-0.016511,0.143949,0.008535,0.057538,0.145144
14.850000,7.340000,3.651525,-0.028756,1.193161,-0.032104,0.009239,0.003367,0.484260,0.147133,0.007817,0.100050,0.224680,-0.003220,3.670000,0.000000,1.150000,0.000000,0.000000,0.000000,0.500000,0.000000,0.000000,0.000000,0.000000,0.000000,-0.018475,-0.028756,0.043161,-0.032104,0.009239,0.003367,-0.015740,0.147133,0.007817,0.055056,0.148179
14.860000,7.350000,3.653952,-0.029718,1.193483,-0.032387,0.007590,0.003410,0.476503,0.142511,0.007807,0.054126,0.116058,-0.001297,3.680000,0.000000,1.150000,0.000000,0.000000,0.000000,0.500000,0.000000,0.000000,0.000000,0.000000,0.000000,-0.026048,-0.029718,0.043483,-0.032387,0.007590,0.003410,-0.023497,0.142511,0.007807,0.058758,0.144646
14.870000,7.360000,3.658717,-0.028293,1.193561,-0.031846,0.008749,0.003359,0.477233,0.145670,0.007158,0.080412,0.182549,-0.002514,3.680000,0.000000,1.150000,0.000000,0.000000,0.000000,0.500000,0.000000,0.000000,0.000000,0.000000,0.000000,-0.021283,-0.028293,0.043561,-0.031846,0.008749,0.003359,-0.022767,0.145670,0.007158,0.056134,0.147613
14.880000,7.370000,3.662563,-0.028880,1.193900,-0.032037,0.007926,0.003395,0.474831,0.142402,0.007288,0.040976,0.087907,-0.000797,3.690000,0.000000,1.150000,0.000000,0.000000,0.000000,0.500000,0.000000,0.000000,0.000000,0.000000,0.000000,-0.027437,-0.028880,0.043900,-0.032037,0.007926,0.003395,-0.025169,0.142402,0.007288,0.059280,0.144793
14.890000,7.380000,3.667311,-0.027456,1.193973,-0.031966,0.007929,0.003395,0.475587,0.145531,0.006654,0.042246,0.092683,-0.001240,3.690000,0.000000,1.150000,0.000000,0.000000,0.000000,0.500000,0.000000,0.000000,0.000000,0.000000,0.000000,-0.022689,-0.027456,0.043973,-0.031966,0.007929,0.003395,-0.024413,0.145531,0.006654,0.056588,0.147714
14.900000,7.390000,3.670188,-0.027744,1.194192,-0.031331,0.008379,0.003364,0.469667,0.142844,0.006463,0.075162,0.179261,-0.002624,3.700000,0.000000,1.150000,0.000000,0.000000,0.000000,0.500000,0.000000,0.000000,0.000000,0.000000,0.000000,-0.029812,-0.027744,0.044192,-0.031331,0.008379,0.003364,-0.030333,0.142844,0.006463,0.060095,0.146172
14.911000,7.401000,3.675530,-0.027644,1.194494,-0.031972,0.007362,0.003409,0.472891,0.142108,0.006512,0.047938,0.100452,-0.001612,3.700000,0.000000,1.150000,0.000000,0.000000,0.000000,0.500000,0.000000,0.000000,0.000000,0.000000,0.000000,-0.024470,-0.027644,0.044494,-0.031972,0.007362,0.003409,-0.027109,0.142108,0.006512,0.057816,0.144817
14.920000,7.410000,3.681396,-0.026844,1.194714,-0.032109,0.007500,0.003427,0.477813,0.143441,0.006326,0.049441,0.104404,-0.001648,3.710000,0.000000,1.150000,0.000000,0.000000,0.000000,0.500000,0.000000,0.000000,0.000000,0.000000,0.000000,-0.028604,-0.026844,0.044714,-0.032109,0.007500,0.003427,-0.022187,0.143441,0.006326,0.059483,0.145284
14.932000,7.422000,3.686683,-0.026263,1.194930,-0.032140,0.007536,0.003444,0.480451,0.143937,0.006055,0.048110,0.114825,-0.001412,3.710000,0.000000,1.150000,0.000000,0.000000,0.000000,0.500000,0.000000,0.000000,0.000000,0.000000,0.000000,-0.023317,-0.026263,0.044930,-0.032140,0.007536,0.003444,-0.019549,0.143937,0.006055,0.057028,0.145384
14.940000,7.430000,3.691487,-0.024824,1.194990,-0.031660,0.008683,0.003393,0.481175,0.147070,0.005336,0.092308,0.235162,-0.003061,3.720000,0.000000,1.150000,0.000000,0.000000,0.000000,0.500000,0.000000,0.000000,0.000000,0.000000,0.000000,-0.028513,-0.024824,0.044990,-0.031660,0.008683,0.003393,-0.018825,0.147070,0.005336,0.058765,0.148366
14.950000,7.440000,3.694423,-0.025725,1.195277,-0.031930,0.007141,0.003442,0.475298,0.142622,0.005366,0.037955,0.080611,-0.000436,3.720000,0.000000,1.150000,0.000000,0.000000,0.000000,0.500000,0.000000,0.000000,0.000000,0.000000,0.000000,-0.025577,-0.025725,0.045277,-0.031930,0.007141,0.003442,-0.024702,0.142622,0.005366,0.058017,0.144844
14.960000,7.450000,3.699175,-0.024299,1.195331,-0.031550,0.007947,0.003412,0.475984,0.145737,0.004718,0.066874,0.146986,-0.001698,3.730000,0.000000,1.150000,0.000000,0.000000,0.000000,0.500000,0.000000,0.000000,0.000000,0.000000,0.000000,-0.030825,-0.024299,0.045331,-0.031550,0.007947,0.003412,-0.024016,0.145737,0.004718,0.059962,0.147778
14.970000,7.460000,3.703144,-0.024879,1.195615,-0.031762,0.007361,0.003455,0.474024,0.142459,0.004776,0.047419,0.125136,-0.000461,3.730000,0.000000,1.150000,0.000000,0.000000,0.000000,0.500000,0.000000,0.000000,0.000000,0.000000,0.000000,-0.026856,-0.024879,0.045615,-0.031762,0.007361,0.003455,-0.025976,0.142459,0.004776,0.058488,0.144887
14.980000,7.470000,3.708775,-0.024135,1.195804,-0.031825,0.007742,0.003473,0.478055,0.143558,0.004561,0.043518,0.119082,-0.000545,3.740000,0.000000,1.150000,0.000000,0.000000,0.000000,0.500000,0.000000,0.000000,0.000000,0.000000,0.000000,-0.031225,-0.024135,0.045804,-0.031825,0.007742,0.003473,-0.021945,0.143558,0.004561,0.060461,0.145297
14.990000,7.480000,3.713556,-0.022699,1.195850,-0.031847,0.007764,0.003483,0.478789,0.146665,0.003862,0.049126,0.124547,-0.000803,3.740000,0.000000,1.150000,0.000000,0.000000,0.000000,0.500000,0.000000,0.000000,0.000000,0.000000,0.000000,-0.026444,-0.022699,0.045850,-0.031847,0.007764,0.003483,-0.021211,0.146665,0.003862,0.057591,0.148241
15.000000,7.490000,3.715697,-0.023230,1.196034,-0.031584,0.007122,0.003502,0.470086,0.143056,0.003589,0.049670,0.127671,-0.000826,3.750000,0.000000,1.150000,0.000000,0.000000,0.000000,0.500000,0.000000,0.000000,0.000000,0.000000,0.000000,-0.034303,-0.023230,0.046034,-0.031584,0.007122,0.003502,-0.029914,0.143056,0.003589,0.061931,0.146194
15.010000,7.500000,3.720776,-0.023189,1.196287,-0.031740,0.007483,0.003529,0.472343,0.142094,0.003604,0.049190,0.139152,-0.000791,3.750000,0.000000,1.150000,0.000000,0.000000,0.000000,0.500000,0.000000,0.000000,0.000000,0.000000,0.000000,-0.029224,-0.023189,0.046287,-0.031740,0.007483,0.003529,-0.027657,0.142094,0.003604,0.059450,0.144806
15.020000,7.510000,3.726583,-0.022398,1.196463,-0.031784,0.008095,0.003542,0.477099,0.143370,0.003397,0.052769,0.150919,-0.000725,3.761000,0.000000,1.150000,0.000000,0.000000,0.000000,0.500000,0.000000,0.000000,0.000000,0.000000,0.000000,-0.034417,-0.022398,0.046463,-0.031784,0.008095,0.003542,-0.022901,0.143370,0.003397,0.062008,0.145227
15.032000,7.522000,3.731834,-0.021824,1.196631,-0.031285,0.009794,0.003496,0.479718,0.143811,0.003116,0.096364,0.260661,-0.002663,3.761000,0.000000,1.150000,0.000000,0.000000,0.000000,0.500000,0.000000,0.000000,0.000000,0.000000,0.000000,-0.029166,-0.021824,0.046631,-0.031285,0.009794,0.003496,-0.020282,0.143811,0.003116,0.059173,0.145267
15.042000,7.532000,3.736725,-0.021332,1.196781,-0.031639,0.009190,0.003528,0.480974,0.143941,0.002789,0.056195,0.160563,-0.000503,3.770000,0.000000,1.150000,0.000000,0.000000,0.000000,0.500000,0.000000,0.000000,0.000000,0.000000,0.000000,-0.033275,-0.021332,0.046781,-0.031639,0.009190,0.003528,-0.019026,0.143941,0.002789,0.061243,0.145220
15.050000,7.540000,3.741535,-0.019893,1.196809,-0.031078,0.010795,0.003472,0.481859,0.147028,0.002110,0.079632,0.217943,-0.001950,3.770000,0.000000,1.150000,0.000000,0.000000,0.000000,0.500000,0.000000,0.000000,0.000000,0.000000,0.000000,-0.028465,-0.019893,0.046809,-0.031078,0.010795,0.003472,-0.018141,0.147028,0.002110,0.058284,0.148158
15.060000,7.550000,3.743098,-0.020540,1.196936,-0.030925,0.009814,0.003493,0.471176,0.142960,0.001743,0.041170,0.127686,-0.000051,3.780000,0.000000,1.150000,0.000000,0.000000,0.000000,0.500000,0.000000,0.000000,0.000000,0.000000,0.000000,-0.036902,-0.020540,0.046936,-0.030925,0.009814,0.003493,-0.028824,0.142960,0.001743,0.063140,0.145847
15.070000,7.560000,3.746649,-0.020335,1.197039,-0.030779,0.010044,0.003498,0.468027,0.142059,0.001407,0.046000,0.130777,-0.000496,3.780000,0.000000,1.150000,0.000000,0.000000,0.000000,0.500000,0.000000,0.000000,0.000000,0.000000,0.000000,-0.033351,-0.020335,0.047039,-0.030779,0.010044,0.003498,-0.031973,0.142059,0.001407,0.061143,0.145620
15.080000,7.570000,3.750736,-0.019969,1.197142,-0.030817,0.010075,0.003508,0.466945,0.141749,0.001083,0.032926,0.095589,-0.000984,3.790000,0.000000,1.150000,0.000000,0.000000,0.000000,0.500000,0.000000,0.000000,0.000000,0.000000,0.000000,-0.039264,-0.019969,0.047142,-0.030817,0.010075,0.003508,-0.033055,0.141749,0.001083,0.064519,0.145557
15.090000,7.580000,3.755052,-0.019558,1.197245,-0.030489,0.010991,0.003478,0.466742,0.141605,0.000816,0.075926,0.207556,-0.002960,3.790000,0.000000,1.150000,0.000000,0.000000,0.000000,0.500000,0.000000,0.000000,0.000000,0.000000,0.000000,-0.034948,-0.019558,0.047245,-0.030489,0.010991,0.003478,-0.033258,0.141605,0.000816,0.061936,0.145461
15.102000,7.592000,3.761008,-0.019290,1.197413,-0.031329,0.010179,0.003518,0.472563,0.141449,0.000774,0.016584,0.074049,-0.001368,3.800000,0.000000,1.150000,0.000000,0.000000,0.000000,0.500000,0.000000,0.000000,0.000000,0.000000,0.000000,-0.038992,-0.019290,0.047413,-0.031329,0.010179,0.003518,-0.027437,0.141449,0.000774,0.064347,0.144088
15.112000,7.602000,3.767027,-0.018480,1.197524,-0.031607,0.010387,0.003530,0.478344,0.142789,0.000569,0.014079,0.071412,-0.001692,3.800000,0.000000,1.150000,0.000000,0.000000,0.000000,0.500000,0.000000,0.000000,0.000000,0.000000,0.000000,-0.032973,-0.018480,0.047524,-0.031607,0.010387,0.003530,-0.021656,0.142789,0.000569,0.060723,0.144423
15.121000,7.611000,3.772422,-0.017901,1.197636,-0.031877,0.010311,0.003543,0.481636,0.143267,0.000368,0.008669,0.065197,-0.001800,3.810500,0.000000,1.150000,0.000000,0.000000,0.000000,0.500000,0.000000,0.000000,0.000000,0.000000,0.000000,-0.038078,-0.017901,0.047636,-0.031877,0.010311,0.003543,-0.018364,0.143267,0.000368,0.063557,0.144439
15.130000,7.620000,3.777239,-0.016469,1.197639,-0.031791,0.010962,0.003504,0.482632,0.146381,-0.000169,0.068722,0.190469,-0.003483,3.810500,0.000000,1.150000,0.000000,0.000000,0.000000,0.500000,0.000000,0.000000,0.000000,0.000000,0.000000,-0.033261,-0.016469,0.047639,-0.031791,0.010962,0.003504,-0.017368,0.146381,-0.000169,0.060391,0.147408
15.140000,7.630000,3.780274,-0.017379,1.197819,-0.032413,0.009110,0.003546,0.477280,0.141953,-0.000178,0.038429,0.102280,-0.002125,3.820000,0.000000,1.150000,0.000000,0.000000,0.000000,0.500000,0.000000,0.000000,0.000000,0.000000,0.000000,-0.039726,-0.017379,0.047819,-0.032413,0.009110,0.003546,-0.022720,0.141953,-0.000178,0.064552,0.143760
15.150000,7.640000,3.785047,-0.015959,1.197818,-0.032029,0.010132,0.003491,0.478158,0.145121,-0.000651,0.078605,0.184492,-0.003350,3.820000,0.000000,1.150000,0.000000,0.000000,0.000000,0.500000,0.000000,0.000000,0.000000,0.000000,0.000000,-0.034953,-0.015959,0.047818,-0.032029,0.010132,0.003491,-0.021842,0.145121,-0.000651,0.061343,0.146757
15.160000,7.650000,3.787793,-0.016287,1.197930,-0.032344,0.008558,0.003516,0.471784,0.142372,-0.000776,0.033388,0.079627,-0.001597,3.830000,0.000000,1.150000,0.000000,0.000000,0.000000,0.500000,0.000000,0.000000,0.000000,0.000000,0.000000,-0.042207,-0.016287,0.047930,-0.032344,0.008558,0.003516,-0.028216,0.142372,-0.000776,0.065909,0.145143
15.173000,7.663000,3.793102,-0.016212,1.198084,-0.032592,0.008618,0.003541,0.474925,0.141637,-0.000758,0.033564,0.078869,-0.001410,3.840000,0.000000,1.150000,0.000000,0.000000,0.000000,0.500000,0.000000,0.000000,0.000000,0.000000,0.000000,-0.046898,-0.016212,0.048084,-0.032592,0.008618,0.003541,-0.025075,0.141637,-0.000758,0.069097,0.143841
15.187000,7.677000,3.798985,-0.015426,1.198179,-0.032694,0.008788,0.003558,0.479965,0.143003,-0.000952,0.054538,0.114574,-0.001771,3.840000,0.000000,1.150000,0.000000,0.000000,0.000000,0.500000,0.000000,0.000000,0.000000,0.000000,0.000000,-0.041015,-0.015426,0.048179,-0.032694,0.008788,0.003558,-0.020035,0.143003,-0.000952,0.065126,0.144403
15.193000,7.683000,3.804295,-0.014857,1.198275,-0.032741,0.008701,0.003577,0.482732,0.143538,-0.001140,0.056348,0.113871,-0.001608,3.850000,0.000000,1.150000,0.000000,0.000000,0.000000,0.500000,0.000000,0.000000,0.000000,0.000000,0.000000,-0.045705,-0.014857,0.048275,-0.032741,0.008701,0.003577,-0.017268,0.143538,-0.001140,0.068118,0.144578
15.200000,7.690000,3.809123,-0.013422,1.198263,-0.032178,0.009839,0.003523,0.483570,0.146738,-0.001636,0.109835,0.243747,-0.003390,3.850000,0.000000,1.150000,0.000000,0.000000,0.000000,0.500000,0.000000,0.000000,0.000000,0.000000,0.000000,-0.040877,-0.013422,0.048263,-0.032178,0.009839,0.003523,-0.016430,0.146738,-0.001636,0.064657,0.147664
15.210000,7.700000,3.810960,-0.014034,1.198376,-0.032362,0.007567,0.003563,0.473657,0.142935,-0.001751,0.054379,0.107706,-0.001317,3.850000,0.000000,1.150000,0.000000,0.000000,0.000000,0.500000,0.000000,0.000000,0.000000,0.000000,0.000000,-0.039040,-0.014034,0.048376,-0.032362,0.007567,0.003563,-0.026343,0.142935,-0.001751,0.063728,0.145352
15.220000,7.710000,3.815954,-0.014021,1.198512,-0.032422,0.007718,0.003592,0.475510,0.141957,-0.001795,0.061066,0.122029,-0.001011,3.860000,0.000000,1.150000,0.000000,0.000000,0.000000,0.500000,0.000000,0.000000,0.000000,0.000000,0.000000,-0.044046,-0.014021,0.048512,-0.032422,0.007718,0.003592,-0.024490,0.141957,-0.001795,0.067008,0.144065
15.230000,7.720000,3.820709,-0.012602,1.198494,-0.032235,0.007880,0.003596,0.476243,0.145130,-0.002236,0.067782,0.152310,-0.000765,3.860000,0.000000,1.150000,0.000000,0.000000,0.000000,0.500000,0.000000,0.000000,0.000000,0.000000,0.000000,-0.039291,-0.012602,0.048494,-0.032235,0.007880,0.003596,-0.023757,0.145130,-0.002236,0.063673,0.147079
15.240000,7.730000,3.823869,-0.012839,1.198596,-0.031782,0.007822,0.003609,0.471316,0.142666,-0.002312,0.074351,0.170115,-0.000443,3.870000,0.000000,1.150000,0.000000,0.000000,0.000000,0.500000,0.000000,0.000000,0.000000,0.000000,0.000000,-0.046131,-0.012839,0.048596,-0.031782,0.007822,0.003609,-0.028684,0.142666,-0.002312,0.068224,0.145540
15.250000,7.740000,3.827913,-0.012555,1.198661,-0.031426,0.008246,0.003619,0.469767,0.142131,-0.002462,0.076479,0.171067,-0.000207,3.870000,0.000000,1.150000,0.000000,0.000000,0.000000,0.500000,0.000000,0.000000,0.000000,0.000000,0.000000,-0.042087,-0.012555,0.048661,-0.031426,0.008246,0.003619,-0.030233,0.142131,-0.002462,0.065550,0.145332
15.260000,7.750000,3.832231,-0.012164,1.198715,-0.031049,0.008982,0.003625,0.469312,0.141960,-0.002642,0.081478,0.191855,0.000121,3.880000,0.000000,1.150000,0.000000,0.000000,0.000000,0.500000,0.000000,0.000000,0.000000,0.000000,0.000000,-0.047769,-0.012164,0.048715,-0.031049,0.008982,0.003625,-0.030688,0.141960,-0.002642,0.069303,0.145263
15.270000,7.760000,3.836670,-0.011745,1.198760,-0.030646,0.009928,0.003627,0.469387,0.141856,-0.002853,0.076375,0.207367,0.000118,3.880000,0.000000,1.150000,0.000000,0.000000,0.000000,0.500000,0.000000,0.000000,0.000000,0.000000,0.000000,-0.043330,-0.011745,0.048760,-0.030646,0.009928,0.003627,-0.030613,0.141856,-0.002853,0.066279,0.145149
15.282000,7.772000,3.842722,-0.011474,1.198826,-0.030499,0.011573,0.003631,0.475570,0.141631,-0.002997,0.073264,0.221961,-0.000005,3.890500,0.000000,1.150000,0.000000,0.000000,0.000000,0.500000,0.000000,0.000000,0.000000,0.000000,0.000000,-0.047778,-0.011474,0.048826,-0.030499,0.011573,0.003631,-0.024430,0.141631,-0.002997,0.069270,0.143753
15.290000,7.780000,3.848793,-0.010667,1.198842,-0.030259,0.013331,0.003615,0.481641,0.142851,-0.003265,0.066212,0.224510,-0.000611,3.890500,0.000000,1.150000,0.000000,0.000000,0.000000,0.500000,0.000000,0.000000,0.000000,0.000000,0.000000,-0.041707,-0.010667,0.048842,-0.030259,0.013331,0.003615,-0.018359,0.142851,-0.003265,0.065106,0.144063
15.300000,7.790000,3.853609,-0.009239,1.198809,-0.030016,0.014593,0.003587,0.482925,0.145816,-0.003668,0.058859,0.225160,-0.001090,3.900000,0.000000,1.150000,0.000000,0.000000,0.000000,0.500000,0.000000,0.000000,0.000000,0.000000,0.000000,-0.046391,-0.009239,0.048809,-0.030016,0.014593,0.003587,-0.017075,0.145816,-0.003668,0.067969,0.146858
15.310000,7.800000,3.857371,-0.010034,1.198863,-0.029760,0.015643,0.003570,0.480741,0.141567,-0.003781,0.055857,0.200115,-0.001396,3.900000,0.000000,1.150000,0.000000,0.000000,0.000000,0.500000,0.000000,0.000000,0.000000,0.000000,0.000000,-0.042629,-0.010034,0.048863,-0.029760,0.015643,0.003570,-0.019259,0.141567,-0.003781,0.065616,0.142921
15.321000,7.811000,3.863056,-0.009326,1.198853,-0.029727,0.017017,0.003545,0.485583,0.142374,-0.004081,0.049596,0.183678,-0.001938,3.910500,0.000000,1.150000,0.000000,0.000000,0.000000,0.500000,0.000000,0.000000,0.000000,0.000000,0.000000,-0.047444,-0.009326,0.048853,-0.029727,0.017017,0.003545,-0.014417,0.142374,-0.004081,0.068735,0.143161
15.330000,7.820000,3.867912,-0.007902,1.198812,-0.029233,0.018853,0.003471,0.487237,0.145287,-0.004415,0.087614,0.259869,-0.003750,3.910500,0.000000,1.150000,0.000000,0.000000,0.000000,0.500000,0.000000,0.000000,0.000000,0.000000,0.000000,-0.042588,-0.007902,0.048812,-0.029233,0.018853,0.003471,-0.012763,0.145287,-0.004415,0.065260,0.145914
15.340000,7.830000,3.870078,-0.008465,1.198830,-0.029310,0.018116,0.003464,0.479329,0.141413,-0.004567,0.046246,0.168233,-0.002266,3.920000,0.000000,1.150000,0.000000,0.000000,0.000000,0.500000,0.000000,0.000000,0.000000,0.000000,0.000000,-0.049922,-0.008465,0.048830,-0.029310,0.018116,0.003464,-0.020671,0.141413,-0.004567,0.070344,0.142989
15.350000,7.840000,3.873874,-0.008262,1.198820,-0.029269,0.018490,0.003443,0.477604,0.140407,-0.004722,0.030299,0.118049,-0.002037,3.920000,0.000000,1.150000,0.000000,0.000000,0.000000,0.500000,0.000000,0.000000,0.000000,0.000000,0.000000,-0.046126,-0.008262,0.048820,-0.029269,0.018490,0.003443,-0.022396,0.140407,-0.004722,0.067670,0.142260
15.360000,7.850000,3.878128,-0.007915,1.198800,-0.029309,0.018771,0.003424,0.477633,0.139940,-0.004902,0.023947,0.089499,-0.002420,3.930000,0.000000,1.150000,0.000000,0.000000,0.000000,0.500000,0.000000,0.000000,0.000000,0.000000,0.000000,-0.051872,-0.007915,0.048800,-0.029309,0.018771,0.003424,-0.022367,0.139940,-0.004902,0.071657,0.141801
15.370000,7.860000,3.882583,-0.007531,1.198774,-0.029450,0.018727,0.003412,0.478410,0.139623,-0.005074,0.036127,0.106990,-0.003277,3.930000,0.000000,1.150000,0.000000,0.000000,0.000000,0.500000,0.000000,0.000000,0.000000,0.000000,0.000000,-0.047417,-0.007531,0.048774,-0.029450,0.018727,0.003412,-0.021590,0.139623,-0.005074,0.068439,0.141374
15.380000,7.870000,3.887141,-0.007137,1.198746,-0.029669,0.018353,0.003406,0.479517,0.139366,-0.005246,0.030288,0.076038,-0.003698,3.940000,0.000000,1.150000,0.000000,0.000000,0.000000,0.500000,0.000000,0.000000,0.000000,0.000000,0.000000,-0.052859,-0.007137,0.048746,-0.029669,0.018353,0.003406,-0.020483,0.139366,-0.005246,0.072258,0.140961
15.392000,7.882000,3.893347,-0.006912,1.198725,-0.030156,0.018171,0.003414,0.486599,0.139009,-0.005360,0.024159,0.051057,-0.003511,3.950000,0.000000,1.150000,0.000000,0.000000,0.000000,0.500000,0.000000,0.000000,0.000000,0.000000,0.000000,-0.056653,-0.006912,0.048725,-0.030156,0.018171,0.003414,-0.013401,0.139009,-0.005360,0.075043,0.139756
15.400000,7.890000,3.898213,-0.005522,1.198671,-0.030344,0.017507,0.003413,0.488363,0.141970,-0.005564,0.028290,0.047237,-0.003251,3.950000,0.000000,1.150000,0.000000,0.000000,0.000000,0.500000,0.000000,0.000000,0.000000,0.000000,0.000000,-0.051787,-0.005522,0.048671,-0.030344,0.017507,0.003413,-0.011637,0.141970,-0.005564,0.071283,0.142555
15.410000,7.900000,3.901802,-0.005756,1.198679,-0.029873,0.017665,0.003373,0.485476,0.139448,-0.005554,0.080001,0.167211,-0.004405,3.950000,0.000000,1.150000,0.000000,0.000000,0.000000,0.500000,0.000000,0.000000,0.000000,0.000000,0.000000,-0.048198,-0.005756,0.048679,-0.029873,0.017665,0.003373,-0.014524,0.139448,-0.005554,0.068745,0.140312
15.420000,7.910000,3.906094,-0.005501,1.198672,-0.030492,0.015712,0.003399,0.485134,0.138796,-0.005586,0.038602,0.062113,-0.002674,3.960000,0.000000,1.150000,0.000000,0.000000,0.000000,0.500000,0.000000,0.000000,0.000000,0.000000,0.000000,-0.053906,-0.005501,0.048672,-0.030492,0.015712,0.003399,-0.014866,0.138796,-0.005586,0.072837,0.139701
15.433000,7.923000,3.912174,-0.005329,1.198676,-0.030840,0.015538,0.003428,0.491287,0.138351,-0.005573,0.020151,0.035230,-0.001412,3.960000,0.000000,1.150000,0.000000,0.000000,0.000000,0.500000,0.000000,0.000000,0.000000,0.000000,0.000000,-0.047826,-0.005329,0.048676,-0.030840,0.015538,0.003428,-0.008713,0.138351,-0.005573,0.068448,0.138737
15.441000,7.931000,3.918398,-0.004579,1.198654,-0.031014,0.015500,0.003451,0.497649,0.139541,-0.005635,0.020590,0.042170,-0.000763,3.970000,0.000000,1.150000,0.000000,0.000000,0.000000,0.500000,0.000000,0.000000,0.000000,0.000000,0.000000,-0.051602,-0.004579,0.048654,-0.031014,0.015500,0.003451,-0.002351,0.139541,-0.005635,0.071071,0.139674
15.451000,7.941000,3.923986,-0.004056,1.198643,-0.031196,0.015168,0.003479,0.501437,0.139881,-0.005679,0.042602,0.081926,-0.001172,3.970000,0.000000,1.150000,0.000000,0.000000,0.000000,0.500000,0.000000,0.000000,0.000000,0.000000,0.000000,-0.046014,-0.004056,0.048643,-0.031196,0.015168,0.003479,0.001437,0.139881,-0.005679,0.067082,0.140003
15.462000,7.952000,3.929153,-0.003619,1.198639,-0.031348,0.014757,0.003509,0.503515,0.139922,-0.005704,0.037773,0.069213,-0.001026,3.980000,0.000000,1.150000,0.000000,0.000000,0.000000,0.500000,0.000000,0.000000,0.000000,0.000000,0.000000,-0.050847,-0.003619,0.048639,-0.031348,0.014757,0.003509,0.003515,0.139922,-0.005704,0.070457,0.140082
15.472000,7.962000,3.934100,-0.003213,1.198639,-0.031438,0.014405,0.003538,0.504677,0.139862,-0.005714,0.042189,0.079848,-0.000746,3.990000,0.000000,1.150000,0.000000,0.000000,0.000000,0.500000,0.000000,0.000000,0.000000,0.000000,0.000000,-0.055900,-0.003213,0.048639,-0.031438,0.014405,0.003538,0.004677,0.139862,-0.005714,0.074168,0.140057
15.480000,7.970000,3.939146,-0.001815,1.198582,-0.031017,0.015203,0.003505,0.506077,0.142947,-0.005891,0.090207,0.186958,-0.002541,3.990000,0.000000,1.150000,0.000000,0.000000,0.000000,0.500000,0.000000,0.000000,0.000000,0.000000,0.000000,-0.050854,-0.001815,0.048582,-0.031017,0.015203,0.003505,0.006077,0.142947,-0.005891,0.070353,0.143197
15.493000,7.983000,3.941754,-0.002842,1.198658,-0.031378,0.013308,0.003565,0.498764,0.138163,-0.005690,0.050266,0.092774,-0.000433,3.990000,0.000000,1.150000,0.000000,0.000000,0.000000,0.500000,0.000000,0.000000,0.000000,0.000000,0.000000,-0.048246,-0.002842,0.048658,-0.031378,0.013308,0.003565,-0.001236,0.138163,-0.005690,0.068581,0.138285
15.503000,7.993000,3.947452,-0.002199,1.198644,-0.031348,0.013531,0.003590,0.502711,0.139028,-0.005779,0.056351,0.113537,-0.000367,4.000000,0.000000,1.150000,0.000000,0.000000,0.000000,0.500000,0.000000,0.000000,0.000000,0.000000,0.000000,-0.052548,-0.002199,0.048644,-0.031348,0.013531,0.003590,0.002711,0.139028,-0.005779,0.071640,0.139174
15.510000,8.000000,3.952721,-0.001728,1.198629,-0.030798,0.014778,0.003560,0.504979,0.139232,-0.005868,0.100532,0.223291,-0.002412,4.000000,0.000000,1.150000,0.000000,0.000000,0.000000,0.500000,0.000000,0.000000,0.000000,0.000000,0.000000,-0.047279,-0.001728,0.048629,-0.030798,0.014778,0.003560,0.004979,0.139232,-0.005868,0.067846,0.139444
15.520000,8.010000,3.957771,-0.000336,1.198571,-0.031077,0.013744,0.003596,0.506293,0.142300,-0.006083,0.062763,0.124635,-0.000265,4.010000,0.000000,1.150000,0.000000,0.000000,0.000000,0.500000,0.000000,0.000000,0.000000,0.000000,0.000000,-0.052229,-0.000336,0.048571,-0.031077,0.013744,0.003596,0.006293,0.142300,-0.006083,0.071324,0.142569
15.531000,8.021000,3.960645,-0.001332,1.198593,-0.030792,0.013294,0.003628,0.499916,0.137604,-0.006046,0.043401,0.079836,0.000290,4.010000,0.000000,1.150000,0.000000,0.000000,0.000000,0.500000,0.000000,0.000000,0.000000,0.000000,0.000000,-0.049355,-0.001332,0.048593,-0.030792,0.013294,0.003628,-0.000084,0.137604,-0.006046,0.069275,0.137737
15.540000,8.030000,3.966400,-0.000694,1.198544,-0.030731,0.013575,0.003648,0.504041,0.138415,-0.006217,0.035935,0.064889,-0.000316,4.020000,0.000000,1.150000,0.000000,0.000000,0.000000,0.500000,0.000000,0.000000,0.000000,0.000000,0.000000,-0.053600,-0.000694,0.048544,-0.030731,0.013575,0.003648,0.004041,0.138415,-0.006217,0.072318,0.138613
15.551000,8.041000,3.971712,-0.000229,1.198501,-0.030761,0.013410,0.003670,0.506419,0.138561,-0.006355,0.047232,0.095886,-0.001617,4.020000,0.000000,1.150000,0.000000,0.000000,0.000000,0.500000,0.000000,0.000000,0.000000,0.000000,0.000000,-0.048288,-0.000229,0.048501,-0.030761,0.013410,0.003670,0.006419,0.138561,-0.006355,0.068441,0.138856
15.560000,8.050000,3.976776,0.001157,1.198438,-0.030289,0.014368,0.003624,0.507721,0.141579,-0.006549,0.093100,0.213155,-0.003877,4.030500,0.000000,1.150000,0.000000,0.000000,0.000000,0.500000,0.000000,0.000000,0.000000,0.000000,0.000000,-0.053724,0.001157,0.048438,-0.030289,0.014368,0.003624,0.007721,0.141579,-0.006549,0.072345,0.141940
15.570000,8.060000,3.978546,0.000485,1.198446,-0.030599,0.011751,0.003665,0.497164,0.137575,-0.006489,0.039624,0.071250,-0.001842,4.030500,0.000000,1.150000,0.000000,0.000000,0.000000,0.500000,0.000000,0.000000,0.000000,0.000000,0.000000,-0.051954,0.000485,0.048446,-0.030599,0.011751,0.003665,-0.002836,0.137575,-0.006489,0.071039,0.137757
15.582000,8.072000,3.983728,0.000407,1.198441,-0.030941,0.011328,0.003694,0.499259,0.136316,-0.006465,0.035936,0.078046,-0.002172,4.040500,0.000000,1.150000,0.000000,0.000000,0.000000,0.500000,0.000000,0.000000,0.000000,0.000000,0.000000,-0.056772,0.000407,0.048441,-0.030941,0.011328,0.003694,-0.000741,0.136316,-0.006465,0.074631,0.136472
15.591000,8.081000,3.989834,0.001100,1.198408,-0.031145,0.011272,0.003708,0.504494,0.137392,-0.006521,0.038438,0.086524,-0.002414,4.040500,0.000000,1.150000,0.000000,0.000000,0.000000,0.500000,0.000000,0.000000,0.000000,0.000000,0.000000,-0.050666,0.001100,0.048408,-0.031145,0.011272,0.003708,0.004494,0.137392,-0.006521,0.070082,0.137620
15.606000,8.096000,3.995375,0.001582,1.198385,-0.030785,0.012323,0.003667,0.507468,0.137679,-0.006544,0.086224,0.209581,-0.004149,4.051500,0.000000,1.150000,0.000000,0.000000,0.000000,0.500000,0.000000,0.000000,0.000000,0.000000,0.000000,-0.056125,0.001582,0.048385,-0.030785,0.012323,0.003667,0.007468,0.137679,-0.006544,0.074119,0.138037
15.611000,8.101000,4.000548,0.001988,1.198366,-0.031377,0.010861,0.003701,0.508968,0.137698,-0.006567,0.043307,0.095434,-0.001942,4.051500,0.000000,1.150000,0.000000,0.000000,0.000000,0.500000,0.000000,0.000000,0.000000,0.000000,0.000000,-0.050952,0.001988,0.048366,-0.031377,0.010861,0.003701,0.008968,0.137698,-0.006567,0.070280,0.138146
15.620000,8.110000,4.005638,0.003365,1.198300,-0.030944,0.011814,0.003652,0.510021,0.140776,-0.006725,0.093141,0.213134,-0.003561,4.060000,0.000000,1.150000,0.000000,0.000000,0.000000,0.500000,0.000000,0.000000,0.000000,0.000000,0.000000,-0.054362,0.003365,0.048300,-0.030944,0.011814,0.003652,0.010021,0.140776,-0.006725,0.072797,0.141293
15.630000,8.120000,4.007300,0.002670,1.198329,-0.031099,0.009860,0.003681,0.498773,0.136778,-0.006609,0.051727,0.118350,-0.001609,4.060000,0.000000,1.150000,0.000000,0.000000,0.000000,0.500000,0.000000,0.000000,0.000000,0.000000,0.000000,-0.052700,0.002670,0.048329,-0.031099,0.009860,0.003681,-0.001227,0.136778,-0.006609,0.071555,0.136943
15.640000,8.130000,4.011067,0.002807,1.198314,-0.031010,0.009701,0.003692,0.495436,0.135887,-0.006623,0.057238,0.133823,-0.001224,4.070000,0.000000,1.150000,0.000000,0.000000,0.000000,0.500000,0.000000,0.000000,0.000000,0.000000,0.000000,-0.058933,0.002807,0.048314,-0.031010,0.009701,0.003692,-0.004564,0.135887,-0.006623,0.076258,0.136125
15.650000,8.140000,4.016920,0.002899,1.198280,-0.031103,0.010406,0.003710,0.499888,0.135309,-0.006701,0.058771,0.152345,-0.000931,4.070000,0.000000,1.150000,0.000000,0.000000,0.000000,0.500000,0.000000,0.000000,0.000000,0.000000,0.000000,-0.053080,0.002899,0.048280,-0.031103,0.010406,0.003710,-0.000112,0.135309,-0.006701,0.071811,0.135475
15.660000,8.150000,4.021919,0.004252,1.198213,-0.030934,0.010834,0.003708,0.500887,0.138363,-0.006872,0.064528,0.166033,-0.000593,4.080000,0.000000,1.150000,0.000000,0.000000,0.000000,0.500000,0.000000,0.000000,0.000000,0.000000,0.000000,-0.058081,0.004252,0.048213,-0.030934,0.010834,0.003708,0.000887,0.138363,-0.006872,0.075604,0.138536
15.670000,8.160000,4.025443,0.003971,1.198184,-0.030524,0.011053,0.003714,0.496688,0.135864,-0.006927,0.065230,0.164266,-0.000445,4.080000,0.000000,1.150000,0.000000,0.000000,0.000000,0.500000,0.000000,0.000000,0.000000,0.000000,0.000000,-0.054557,0.003971,0.048184,-0.030524,0.011053,0.003714,-0.003312,0.135864,-0.006927,0.072897,0.136080
15.680000,8.170000,4.029784,0.004185,1.198128,-0.030234,0.011642,0.003719,0.495631,0.135205,-0.007058,0.068031,0.174943,-0.000288,4.090000,0.000000,1.150000,0.000000,0.000000,0.000000,0.500000,0.000000,0.000000,0.000000,0.000000,0.000000,-0.060216,0.004185,0.048128,-0.030234,0.011642,0.003719,-0.004369,0.135205,-0.007058,0.077200,0.135459
15.690000,8.180000,4.035986,0.004299,1.198028,-0.030212,0.012885,0.003729,0.501566,0.134645,-0.007262,0.060492,0.173680,-0.000505,4.090000,0.000000,1.150000,0.000000,0.000000,0.000000,0.500000,0.000000,0.000000,0.000000,0.000000,0.000000,-0.054014,0.004299,0.048028,-0.030212,0.012885,0.003729,0.001566,0.134645,-0.007262,0.072406,0.134850
15.700000,8.190000,4.041001,0.005646,1.197955,-0.029607,0.014621,0.003672,0.502818,0.137611,-0.007381,0.094666,0.267339,-0.002693,4.100500,0.000000,1.150000,0.000000,0.000000,0.000000,0.500000,0.000000,0.000000,0.000000,0.000000,0.000000,-0.059499,0.005646,0.047955,-0.029607,0.014621,0.003672,0.002818,0.137611,-0.007381,0.076627,0.137838
15.710000,8.200000,4.044637,0.005364,1.197878,-0.029575,0.014164,0.003686,0.499232,0.135041,-0.007486,0.059824,0.171255,-0.001051,4.100500,0.000000,1.150000,0.000000,0.000000,0.000000,0.500000,0.000000,0.000000,0.000000,0.000000,0.000000,-0.055863,0.005364,0.047878,-0.029575,0.014164,0.003686,-0.000768,0.135041,-0.007486,0.073768,0.135250
15.720000,8.210000,4.049036,0.005570,1.197787,-0.029413,0.014751,0.003679,0.498589,0.134297,-0.007628,0.054635,0.166279,-0.001447,4.110000,0.000000,1.150000,0.000000,0.000000,0.000000,0.500000,0.000000,0.000000,0.000000,0.000000,0.000000,-0.060964,0.005570,0.047787,-0.029413,0.014751,0.003679,-0.001411,0.134297,-0.007628,0.077661,0.134521
15.731000,8.221000,4.055295,0.005669,1.197636,-0.029587,0.015803,0.003677,0.504910,0.133649,-0.007908,0.044361,0.149862,-0.001865,4.110000,0.000000,1.150000,0.000000,0.000000,0.000000,0.500000,0.000000,0.000000,0.000000,0.000000,0.000000,-0.054705,0.005669,0.047636,-0.029587,0.015803,0.003677,0.004910,0.133649,-0.007908,0.072760,0.133973
15.740000,8.230000,4.060344,0.007005,1.197557,-0.029145,0.017300,0.003614,0.506449,0.136556,-0.007971,0.080894,0.237245,-0.003826,4.121500,0.000000,1.150000,0.000000,0.000000,0.000000,0.500000,0.000000,0.000000,0.000000,0.000000,0.000000,-0.061156,0.007005,0.047557,-0.029145,0.017300,0.003614,0.006449,0.136556,-0.007971,0.077787,0.136941
15.750000,8.240000,4.065539,0.006422,1.197380,-0.029565,0.016980,0.003625,0.508750,0.133386,-0.008245,0.043956,0.138428,-0.002348,4.121500,0.000000,1.150000,0.000000,0.000000,0.000000,0.500000,0.000000,0.000000,0.000000,0.000000,0.000000,-0.055961,0.006422,0.047380,-0.029565,0.016980,0.003625,0.008750,0.133386,-0.008245,0.073606,0.133927
15.762000,8.252000,4.071752,0.007039,1.197217,-0.029766,0.017504,0.003616,0.514602,0.134166,-0.008474,0.036338,0.116432,-0.002632,4.130000,0.000000,1.150000,0.000000,0.000000,0.000000,0.500000,0.000000,0.000000,0.000000,0.000000,0.000000,-0.058248,0.007039,0.047217,-0.029766,0.017504,0.003616,0.014602,0.134166,-0.008474,0.075312,0.135225
15.770000,8.260000,4.076898,0.008380,1.197132,-0.029403,0.018667,0.003555,0.516311,0.137096,-0.008401,0.078983,0.207041,-0.004218,4.130000,0.000000,1.150000,0.000000,0.000000,0.000000,0.500000,0.000000,0.000000,0.000000,0.000000,0.000000,-0.053102,0.008380,0.047132,-0.029403,0.018667,0.003555,0.016311,0.137096,-0.008401,0.071495,0.138318
15.783000,8.273000,4.080645,0.007437,1.196923,-0.029852,0.017501,0.003570,0.513130,0.132667,-0.008692,0.035413,0.105345,-0.002787,4.140000,0.000000,1.150000,0.000000,0.000000,0.000000,0.500000,0.000000,0.000000,0.000000,0.000000,0.000000,-0.059355,0.007437,0.046923,-0.029852,0.017501,0.003570,0.013130,0.132667,-0.008692,0.076027,0.133598
15.790000,8.280000,4.085776,0.008764,1.196836,-0.029996,0.017401,0.003558,0.514824,0.135612,-0.008580,0.022235,0.060563,-0.002313,4.140000,0.000000,1.150000,0.000000,0.000000,0.000000,0.500000,0.000000,0.000000,0.000000,0.000000,0.000000,-0.054224,0.008764,0.046836,-0.029996,0.017401,0.003558,0.014824,0.135612,-0.008580,0.072185,0.136689
15.804000,8.294000,4.090238,0.008041,1.196582,-0.030181,0.016904,0.003571,0.514236,0.132048,-0.008956,0.014128,0.024078,-0.002367,4.150000,0.000000,1.150000,0.000000,0.000000,0.000000,0.500000,0.000000,0.000000,0.000000,0.000000,0.000000,-0.059762,0.008041,0.046582,-0.030181,0.016904,0.003571,0.014236,0.132048,-0.008956,0.076198,0.133115
15.812000,8.302000,4.096385,0.008626,1.196379,-0.030504,0.016476,0.003585,0.519614,0.132836,-0.009129,0.033164,0.038768,-0.003091,4.150000,0.000000,1.150000,0.000000,0.000000,0.000000,0.500000,0.000000,0.000000,0.000000,0.000000,0.000000,-0.053615,0.008626,0.046379,-0.030504,0.016476,0.003585,0.019614,0.132836,-0.009129,0.071414,0.134587
15.820000,8.310000,4.101581,0.009954,1.196288,-0.030173,0.016862,0.003543,0.521223,0.135840,-0.008968,0.089416,0.148561,-0.004635,4.160000,0.000000,1.150000,0.000000,0.000000,0.000000,0.500000,0.000000,0.000000,0.000000,0.000000,0.000000,-0.058419,0.009954,0.046288,-0.030173,0.016862,0.003543,0.021223,0.135840,-0.008968,0.075195,0.137781
15.830000,8.320000,4.105249,0.008990,1.196053,-0.030877,0.014289,0.003591,0.517341,0.131488,-0.009101,0.032384,0.026857,-0.002835,4.160000,0.000000,1.150000,0.000000,0.000000,0.000000,0.500000,0.000000,0.000000,0.000000,0.000000,0.000000,-0.054751,0.008990,0.046053,-0.030877,0.014289,0.003591,0.017341,0.131488,-0.009101,0.072107,0.132939
15.840000,8.330000,4.110422,0.010305,1.195962,-0.030554,0.014556,0.003554,0.518736,0.134532,-0.008813,0.082875,0.142940,-0.004197,4.170000,0.000000,1.150000,0.000000,0.000000,0.000000,0.500000,0.000000,0.000000,0.000000,0.000000,0.000000,-0.059578,0.010305,0.045962,-0.030554,0.014556,0.003554,0.018736,0.134532,-0.008813,0.075949,0.136116
15.850000,8.340000,4.113487,0.009884,1.195819,-0.030888,0.011978,0.003597,0.512487,0.131716,-0.008655,0.044831,0.044820,-0.002454,4.170000,0.000000,1.150000,0.000000,0.000000,0.000000,0.500000,0.000000,0.000000,0.000000,0.000000,0.000000,-0.056513,0.009884,0.045819,-0.030888,0.011978,0.003597,0.012487,0.131716,-0.008655,0.073422,0.132589
15.860000,8.350000,4.117763,0.010030,1.195682,-0.030893,0.010942,0.003627,0.510704,0.131028,-0.008482,0.051698,0.054488,-0.001894,4.180500,0.000000,1.150000,0.000000,0.000000,0.000000,0.500000,0.000000,0.000000,0.000000,0.000000,0.000000,-0.062737,0.010030,0.045682,-0.030893,0.010942,0.003627,0.010704,0.131028,-0.008482,0.078252,0.131738
15.870000,8.360000,4.124027,0.010068,1.195482,-0.031035,0.010804,0.003672,0.516188,0.130438,-0.008547,0.056125,0.077495,-0.000836,4.180500,0.000000,1.150000,0.000000,0.000000,0.000000,0.500000,0.000000,0.000000,0.000000,0.000000,0.000000,-0.056473,0.010068,0.045482,-0.031035,0.010804,0.003672,0.016188,0.130438,-0.008547,0.073206,0.131716
15.880000,8.370000,4.130547,0.010700,1.195314,-0.030556,0.012024,0.003650,0.522293,0.131515,-0.008517,0.102330,0.205694,-0.002379,4.190500,0.000000,1.150000,0.000000,0.000000,0.000000,0.500000,0.000000,0.000000,0.000000,0.000000,0.000000,-0.059953,0.010700,0.045314,-0.030556,0.012024,0.003650,0.022293,0.131515,-0.008517,0.075909,0.133663
15.890000,8.380000,4.136408,0.011116,1.195154,-0.030792,0.011091,0.003710,0.525772,0.131762,-0.008426,0.041864,0.065501,0.000659,4.190500,0.000000,1.150000,0.000000,0.000000,0.000000,0.500000,0.000000,0.000000,0.000000,0.000000,0.000000,-0.054092,0.011116,0.045154,-0.030792,0.011091,0.003710,0.025772,0.131762,-0.008426,0.071333,0.134523
15.900000,8.390000,4.141831,0.011454,1.195006,-0.030621,0.011266,0.003743,0.527547,0.131704,-0.008301,0.038506,0.080958,0.000948,4.200000,0.000000,1.150000,0.000000,0.000000,0.000000,0.500000,0.000000,0.000000,0.000000,0.000000,0.000000,-0.058169,0.011454,0.045006,-0.030621,0.011266,0.003743,0.027547,0.131704,-0.008301,0.074434,0.134810
15.910000,8.400000,4.147106,0.012771,1.194923,-0.030237,0.012076,0.003728,0.528645,0.134722,-0.007996,0.086573,0.195973,-0.001448,4.200000,0.000000,1.150000,0.000000,0.000000,0.000000,0.500000,0.000000,0.000000,0.000000,0.000000,0.000000,-0.052894,0.012771,0.044923,-0.030237,0.012076,0.003728,0.028645,0.134722,-0.007996,0.070562,0.137966
15.920000,8.410000,4.150038,0.011687,1.194789,-0.030435,0.010573,0.003790,0.521461,0.129954,-0.007847,0.058545,0.124032,-0.000160,4.210000,0.000000,1.150000,0.000000,0.000000,0.000000,0.500000,0.000000,0.000000,0.000000,0.000000,0.000000,-0.059962,0.011687,0.044789,-0.030435,0.010573,0.003790,0.021461,0.129954,-0.007847,0.075750,0.131947
15.930000,8.420000,4.156038,0.012222,1.194665,-0.030471,0.010836,0.003817,0.525441,0.130653,-0.007718,0.039082,0.080145,-0.000066,4.210000,0.000000,1.150000,0.000000,0.000000,0.000000,0.500000,0.000000,0.000000,0.000000,0.000000,0.000000,-0.053962,0.012222,0.044665,-0.030471,0.010836,0.003817,0.025441,0.130653,-0.007718,0.071108,0.133331
15.940000,8.430000,4.161292,0.013529,1.194588,-0.030446,0.010856,0.003828,0.526489,0.133659,-0.007455,0.036010,0.076626,-0.000555,4.220000,0.000000,1.150000,0.000000,0.000000,0.000000,0.500000,0.000000,0.000000,0.000000,0.000000,0.000000,-0.058708,0.013529,0.044588,-0.030446,0.010856,0.003828,0.026489,0.133659,-0.007455,0.074951,0.136462
15.950000,8.440000,4.164784,0.012532,1.194497,-0.030439,0.010233,0.003858,0.521380,0.129225,-0.007256,0.043212,0.097327,-0.001892,4.220000,0.000000,1.150000,0.000000,0.000000,0.000000,0.500000,0.000000,0.000000,0.000000,0.000000,0.000000,-0.055216,0.012532,0.044497,-0.030439,0.010233,0.003858,0.021380,0.129225,-0.007256,0.072013,0.131182
15.960000,8.450000,4.169997,0.013825,1.194424,-0.030007,0.011205,0.003809,0.522375,0.132223,-0.007010,0.091572,0.211686,-0.004172,4.230000,0.000000,1.150000,0.000000,0.000000,0.000000,0.500000,0.000000,0.000000,0.000000,0.000000,0.000000,-0.060003,0.013825,0.044424,-0.030007,0.011205,0.003809,0.022375,0.132223,-0.007010,0.075927,0.134286
15.970000,8.460000,4.173045,0.013387,1.194377,-0.030408,0.009125,0.003840,0.515610,0.129371,-0.006752,0.037463,0.083873,-0.002517,4.230000,0.000000,1.150000,0.000000,0.000000,0.000000,0.500000,0.000000,0.000000,0.000000,0.000000,0.000000,-0.056955,0.013387,0.044377,-0.030408,0.009125,0.003840,0.015610,0.129371,-0.006752,0.073433,0.130484
15.980000,8.470000,4.178887,0.013264,1.194313,-0.030720,0.009050,0.003860,0.519210,0.128233,-0.006553,0.037198,0.083056,-0.002845,4.240500,0.000000,1.150000,0.000000,0.000000,0.000000,0.500000,0.000000,0.000000,0.000000,0.000000,0.000000,-0.061613,0.013264,0.044313,-0.030720,0.009050,0.003860,0.019210,0.128233,-0.006553,0.077043,0.129830
15.990000,8.480000,4.185341,0.013852,1.194244,-0.030918,0.009140,0.003867,0.524781,0.129209,-0.006441,0.041235,0.097511,-0.002828,4.240500,0.000000,1.150000,0.000000,0.000000,0.000000,0.500000,0.000000,0.000000,0.000000,0.000000,0.000000,-0.055159,0.013852,0.044244,-0.030918,0.009140,0.003867,0.024781,0.129209,-0.006441,0.072055,0.131722
16.000000,8.490000,4.190589,0.015144,1.194180,-0.031016,0.008878,0.003862,0.525657,0.132255,-0.006320,0.043123,0.104992,-0.002792,4.250000,0.000000,1.150000,0.000000,0.000000,0.000000,0.500000,0.000000,0.000000,0.000000,0.000000,0.000000,-0.059411,0.015144,0.044180,-0.031016,0.008878,0.003862,0.025657,0.132255,-0.006320,0.075570,0.134869
16.011000,8.501000,4.194534,0.014178,1.194156,-0.030999,0.008533,0.003878,0.522021,0.128024,-0.006126,0.045983,0.111594,-0.002267,4.250000,0.000000,1.150000,0.000000,0.000000,0.000000,0.500000,0.000000,0.000000,0.000000,0.000000,0.000000,-0.055466,0.014178,0.044156,-0.030999,0.008533,0.003878,0.022021,0.128024,-0.006126,0.072300,0.130048
16.021000,8.511000,4.200695,0.014701,1.194090,-0.031022,0.009060,0.003879,0.526380,0.128795,-0.006061,0.054454,0.136770,-0.001792,4.260000,0.000000,1.150000,0.000000,0.000000,0.000000,0.500000,0.000000,0.000000,0.000000,0.000000,0.000000,-0.059305,0.014701,0.044090,-0.031022,0.009060,0.003879,0.026380,0.128795,-0.006061,0.075347,0.131608
16.030000,8.520000,4.206331,0.015053,1.194025,-0.030489,0.010598,0.003828,0.528725,0.128917,-0.006044,0.100426,0.245825,-0.003562,4.260000,0.000000,1.150000,0.000000,0.000000,0.000000,0.500000,0.000000,0.000000,0.000000,0.000000,0.000000,-0.053669,0.015053,0.044025,-0.030489,0.010598,0.003828,0.028725,0.128917,-0.006044,0.071029,0.132217
16.040000,8.530000,4.211649,0.015348,1.193956,-0.030880,0.009891,0.003852,0.529857,0.128826,-0.006039,0.056896,0.148087,-0.001318,4.270000,0.000000,1.150000,0.000000,0.000000,0.000000,0.500000,0.000000,0.000000,0.000000,0.000000,0.000000,-0.058351,0.015348,0.043956,-0.030880,0.009891,0.003852,0.029857,0.128826,-0.006039,0.074649,0.132379
16.050000,8.540000,4.216803,0.015622,1.193880,-0.030740,0.010380,0.003852,0.530396,0.128654,-0.006062,0.037836,0.109449,-0.000841,4.270000,0.000000,1.150000,0.000000,0.000000,0.000000,0.500000,0.000000,0.000000,0.000000,0.000000,0.000000,-0.053197,0.015622,0.043880,-0.030740,0.010380,0.003852,0.030396,0.128654,-0.006062,0.070707,0.132334
16.064000,8.554000,4.221875,0.015887,1.193803,-0.030687,0.010653,0.003855,0.530666,0.128443,-0.006088,0.028778,0.090362,-0.001077,4.281000,0.000000,1.150000,0.000000,0.000000,0.000000,0.500000,0.000000,0.000000,0.000000,0.000000,0.000000,-0.059125,0.015887,0.043803,-0.030687,0.010653,0.003855,0.030666,0.128443,-0.006088,0.075279,0.132194
16.070000,8.560000,4.226909,0.016146,1.193731,-0.030748,0.010650,0.003860,0.530808,0.128221,-0.006094,0.046028,0.109974,-0.002249,4.281000,0.000000,1.150000,0.000000,0.000000,0.000000,0.500000,0.000000,0.000000,0.000000,0.000000,0.000000,-0.054091,0.016146,0.043731,-0.030748,0.010650,0.003860,0.030808,0.128221,-0.006094,0.071407,0.132011
16.080000,8.570000,4.232217,0.017429,1.193670,-0.030288,0.011749,0.003804,0.531842,0.131243,-0.006067,0.096356,0.211258,-0.004356,4.290000,0.000000,1.150000,0.000000,0.000000,0.000000,0.500000,0.000000,0.000000,0.000000,0.000000,0.000000,-0.057783,0.017429,0.043670,-0.030288,0.011749,0.003804,0.031842,0.131243,-0.006067,0.074497,0.135186
16.090000,8.580000,4.233731,0.016667,1.193644,-0.030634,0.009457,0.003828,0.519286,0.127306,-0.005928,0.040489,0.095606,-0.002535,4.290000,0.000000,1.150000,0.000000,0.000000,0.000000,0.500000,0.000000,0.000000,0.000000,0.000000,0.000000,-0.056269,0.016667,0.043644,-0.030634,0.009457,0.003828,0.019286,0.127306,-0.005928,0.073135,0.128895
16.100000,8.590000,4.237590,0.016714,1.193601,-0.030704,0.008855,0.003833,0.515520,0.126397,-0.005841,0.040214,0.085281,-0.002888,4.300000,0.000000,1.150000,0.000000,0.000000,0.000000,0.500000,0.000000,0.000000,0.000000,0.000000,0.000000,-0.062410,0.016714,0.043601,-0.030704,0.008855,0.003833,0.015520,0.126397,-0.005841,0.077945,0.127480
16.110000,8.600000,4.242082,0.016907,1.193556,-0.030782,0.008429,0.003837,0.514117,0.126037,-0.005791,0.043376,0.093531,-0.003006,4.300000,0.000000,1.150000,0.000000,0.000000,0.000000,0.500000,0.000000,0.000000,0.000000,0.000000,0.000000,-0.057918,0.016907,0.043556,-0.030782,0.008429,0.003837,0.014117,0.126037,-0.005791,0.074414,0.126957
16.120000,8.610000,4.248502,0.016903,1.193497,-0.031062,0.008586,0.003853,0.519831,0.125459,-0.005787,0.045712,0.089894,-0.002864,4.310000,0.000000,1.150000,0.000000,0.000000,0.000000,0.500000,0.000000,0.000000,0.000000,0.000000,0.000000,-0.061498,0.016903,0.043497,-0.031062,0.008586,0.003853,0.019831,0.125459,-0.005787,0.077199,0.127149
16.130000,8.620000,4.255112,0.017469,1.193430,-0.031116,0.008918,0.003858,0.525925,0.126480,-0.005825,0.051851,0.113207,-0.002397,4.310000,0.000000,1.150000,0.000000,0.000000,0.000000,0.500000,0.000000,0.000000,0.000000,0.000000,0.000000,-0.054888,0.017469,0.043430,-0.031116,0.008918,0.003858,0.025925,0.126480,-0.005825,0.072140,0.129241
16.140000,8.630000,4.260371,0.018734,1.193372,-0.030598,0.010048,0.003799,0.526789,0.129536,-0.005839,0.098858,0.235463,-0.003949,4.320000,0.000000,1.150000,0.000000,0.000000,0.000000,0.500000,0.000000,0.000000,0.000000,0.000000,0.000000,-0.059629,0.018734,0.043372,-0.030598,0.010048,0.003799,0.026789,0.129536,-0.005839,0.076077,0.132406
16.151000,8.641000,4.263092,0.018104,1.193349,-0.030753,0.008178,0.003824,0.518557,0.126136,-0.005743,0.054100,0.114657,-0.002025,4.330000,0.000000,1.150000,0.000000,0.000000,0.000000,0.500000,0.000000,0.000000,0.000000,0.000000,0.000000,-0.066908,0.018104,0.043349,-0.030753,0.008178,0.003824,0.018557,0.126136,-0.005743,0.081753,0.127623
16.160000,8.650000,4.268885,0.017907,1.193287,-0.030838,0.008593,0.003841,0.521803,0.124869,-0.005763,0.057314,0.128084,-0.001561,4.330000,0.000000,1.150000,0.000000,0.000000,0.000000,0.500000,0.000000,0.000000,0.000000,0.000000,0.000000,-0.061115,0.017907,0.043287,-0.030838,0.008593,0.003841,0.021803,0.124869,-0.005763,0.077003,0.126889
16.170000,8.660000,4.274103,0.019156,1.193229,-0.030724,0.008833,0.003838,0.522625,0.127902,-0.005786,0.058604,0.146468,-0.001245,4.330000,0.000000,1.150000,0.000000,0.000000,0.000000,0.500000,0.000000,0.000000,0.000000,0.000000,0.000000,-0.055897,0.019156,0.043229,-0.030724,0.008833,0.003838,0.022625,0.127902,-0.005786,0.073213,0.130016
16.181000,8.671000,4.279214,0.018437,1.193157,-0.030590,0.009324,0.003856,0.523332,0.124672,-0.005851,0.059973,0.158723,-0.000641,4.340000,0.000000,1.150000,0.000000,0.000000,0.000000,0.500000,0.000000,0.000000,0.000000,0.000000,0.000000,-0.060786,0.018437,0.043157,-0.030590,0.009324,0.003856,0.023332,0.124672,-0.005851,0.076795,0.126972
16.190000,8.680000,4.284448,0.019684,1.193099,-0.029991,0.010910,0.003801,0.524236,0.127677,-0.005867,0.103253,0.257876,-0.002654,4.340000,0.000000,1.150000,0.000000,0.000000,0.000000,0.500000,0.000000,0.000000,0.000000,0.000000,0.000000,-0.055552,0.019684,0.043099,-0.029991,0.010910,0.003801,0.024236,0.127677,-0.005867,0.073014,0.130089
16.200000,8.690000,4.289335,0.018909,1.193000,-0.030231,0.010550,0.003839,0.524181,0.124227,-0.005999,0.062502,0.161947,-0.000450,4.350000,0.000000,1.150000,0.000000,0.000000,0.000000,0.500000,0.000000,0.000000,0.000000,0.000000,0.000000,-0.060665,0.018909,0.043000,-0.030231,0.010550,0.003839,0.024181,0.124227,-0.005999,0.076726,0.126701
16.210000,8.700000,4.294577,0.020151,1.192940,-0.029607,0.012169,0.003785,0.525205,0.127198,-0.006003,0.084565,0.219322,-0.002085,4.350000,0.000000,1.150000,0.000000,0.000000,0.000000,0.500000,0.000000,0.000000,0.000000,0.000000,0.000000,-0.055423,0.020151,0.042940,-0.029607,0.012169,0.003785,0.025205,0.127198,-0.006003,0.072950,0.129810
16.220000,8.710000,4.297923,0.019700,1.192861,-0.029590,0.011481,0.003806,0.519541,0.124417,-0.006063,0.040079,0.120869,-0.000367,4.360000,0.000000,1.150000,0.000000,0.000000,0.000000,0.500000,0.000000,0.000000,0.000000,0.000000,0.000000,-0.062077,0.019700,0.042861,-0.029590,0.011481,0.003806,0.019541,0.124417,-0.006063,0.077966,0.126088
16.230000,8.720000,4.302354,0.019781,1.192776,-0.029520,0.011648,0.003812,0.518015,0.123630,-0.006109,0.036678,0.108817,-0.000977,4.360000,0.000000,1.150000,0.000000,0.000000,0.000000,0.500000,0.000000,0.000000,0.000000,0.000000,0.000000,-0.057646,0.019781,0.042776,-0.029520,0.011648,0.003812,0.018015,0.123630,-0.006109,0.074460,0.125085
16.240000,8.730000,4.307117,0.019964,1.192693,-0.029608,0.011642,0.003821,0.517762,0.123222,-0.006153,0.023758,0.080215,-0.001560,4.370000,0.000000,1.150000,0.000000,0.000000,0.000000,0.500000,0.000000,0.000000,0.000000,0.000000,0.000000,-0.062883,0.019964,0.042693,-0.029608,0.011642,0.003821,0.017762,0.123222,-0.006153,0.078584,0.124648
16.250000,8.740000,4.312029,0.020170,1.192610,-0.029838,0.011362,0.003833,0.518047,0.122917,-0.006171,0.028158,0.091952,-0.002412,4.370000,0.000000,1.150000,0.000000,0.000000,0.000000,0.500000,0.000000,0.000000,0.000000,0.000000,0.000000,-0.057971,0.020170,0.042610,-0.029838,0.011362,0.003833,0.018047,0.122917,-0.006171,0.074720,0.124388
16.260000,8.750000,4.317014,0.020380,1.192527,-0.030180,0.010835,0.003846,0.518551,0.122660,-0.006191,0.018490,0.068621,-0.002984,4.380000,0.000000,1.150000,0.000000,0.000000,0.000000,0.500000,0.000000,0.000000,0.000000,0.000000,0.000000,-0.062986,0.020380,0.042527,-0.030180,0.010835,0.003846,0.018551,0.122660,-0.006191,0.078684,0.124209
16.270000,8.760000,4.322036,0.020590,1.192446,-0.030567,0.010197,0.003859,0.519120,0.122442,-0.006188,0.018006,0.062425,-0.003083,4.380000,0.000000,1.150000,0.000000,0.000000,0.000000,0.500000,0.000000,0.000000,0.000000,0.000000,0.000000,-0.057964,0.020590,0.042446,-0.030567,0.010197,0.003859,0.019120,0.122442,-0.006188,0.074735,0.124081
16.280000,8.770000,4.327079,0.020798,1.192369,-0.030956,0.009543,0.003871,0.519675,0.122265,-0.006171,0.017859,0.060142,-0.003279,4.390000,0.000000,1.150000,0.000000,0.000000,0.000000,0.500000,0.000000,0.000000,0.000000,0.000000,0.000000,-0.062921,0.020798,0.042369,-0.030956,0.009543,0.003871,0.019675,0.122265,-0.006171,0.078656,0.123992
16.290000,8.780000,4.332131,0.021005,1.192299,-0.031310,0.008944,0.003883,0.520185,0.122126,-0.006129,0.027295,0.076641,-0.003116,4.390000,0.000000,1.150000,0.000000,0.000000,0.000000,0.500000,0.000000,0.000000,0.000000,0.000000,0.000000,-0.057869,0.021005,0.042299,-0.031310,0.008944,0.003883,0.020185,0.122126,-0.006129,0.074694,0.123935
16.300000,8.790000,4.337190,0.021211,1.192232,-0.031604,0.008453,0.003893,0.520637,0.122022,-0.006077,0.033485,0.087793,-0.002897,4.400000,0.000000,1.150000,0.000000,0.000000,0.000000,0.500000,0.000000,0.000000,0.000000,0.000000,0.000000,-0.062810,0.021211,0.042232,-0.031604,0.008453,0.003893,0.020637,0.122022,-0.006077,0.078604,0.123904
16.310000,8.800000,4.342251,0.021416,1.192169,-0.031804,0.008138,0.003902,0.521038,0.121947,-0.006022,0.040608,0.102123,-0.002485,4.400000,0.000000,1.150000,0.000000,0.000000,0.000000,0.500000,0.000000,0.000000,0.000000,0.000000,0.000000,-0.057749,0.021416,0.042169,-0.031804,0.008138,0.003902,0.021038,0.121947,-0.006022,0.074644,0.123895
16.321000,8.811000,4.349059,0.021376,1.192083,-0.032106,0.008597,0.003919,0.527848,0.121491,-0.006036,0.051494,0.123041,-0.001921,4.410000,0.000000,1.150000,0.000000,0.000000,0.000000,0.500000,0.000000,0.000000,0.000000,0.000000,0.000000,-0.060941,0.021376,0.042083,-0.032106,0.008597,0.003919,0.027848,0.121491,-0.006036,0.077082,0.124787
16.330000,8.820000,4.355816,0.021892,1.191996,-0.032112,0.009256,0.003928,0.534178,0.122576,-0.006065,0.062705,0.145322,-0.001052,4.410000,0.000000,1.150000,0.000000,0.000000,0.000000,0.500000,0.000000,0.000000,0.000000,0.000000,0.000000,-0.054184,0.021892,0.041996,-0.032112,0.009256,0.003928,0.034178,0.122576,-0.006065,0.071963,0.127397
16.340000,8.830000,4.361158,0.023117,1.191935,-0.031485,0.010708,0.003871,0.535075,0.125733,-0.006016,0.114339,0.264343,-0.002786,4.420000,0.000000,1.150000,0.000000,0.000000,0.000000,0.500000,0.000000,0.000000,0.000000,0.000000,0.000000,-0.058842,0.023117,0.041935,-0.031485,0.010708,0.003871,0.035075,0.125733,-0.006016,0.075864,0.130672
16.351000,8.841000,4.365337,0.022102,1.191851,-0.031537,0.010113,0.003907,0.531989,0.121641,-0.006020,0.075153,0.161070,-0.000494,4.420000,0.000000,1.150000,0.000000,0.000000,0.000000,0.500000,0.000000,0.000000,0.000000,0.000000,0.000000,-0.054663,0.022102,0.041851,-0.031537,0.010113,0.003907,0.031989,0.121641,-0.006020,0.072306,0.125921
16.362000,8.852000,4.371625,0.022544,1.191753,-0.031205,0.011228,0.003905,0.536602,0.122399,-0.006068,0.084778,0.176713,-0.000598,4.430000,0.000000,1.150000,0.000000,0.000000,0.000000,0.500000,0.000000,0.000000,0.000000,0.000000,0.000000,-0.058375,0.022544,0.041753,-0.031205,0.011228,0.003905,0.036602,0.122399,-0.006068,0.075228,0.127898
16.370000,8.860000,4.377367,0.022821,1.191657,-0.030808,0.012152,0.003901,0.539163,0.122500,-0.006107,0.080149,0.175486,-0.001009,4.430000,0.000000,1.150000,0.000000,0.000000,0.000000,0.500000,0.000000,0.000000,0.000000,0.000000,0.000000,-0.052633,0.022821,0.041657,-0.030808,0.012152,0.003901,0.039163,0.122500,-0.006107,0.070897,0.128753
16.380000,8.870000,4.382779,0.023044,1.191564,-0.030412,0.012931,0.003892,0.540515,0.122364,-0.006139,0.078457,0.171763,-0.001491,4.440000,0.000000,1.150000,0.000000,0.000000,0.000000,0.500000,0.000000,0.000000,0.000000,0.000000,0.000000,-0.057221,0.023044,0.041564,-0.030412,0.012931,0.003892,0.040515,0.122364,-0.006139,0.074383,0.129043
16.390000,8.880000,4.388185,0.024268,1.191503,-0.029628,0.014647,0.003825,0.541774,0.125356,-0.006051,0.111957,0.247523,-0.003615,4.440000,0.000000,1.150000,0.000000,0.000000,0.000000,0.500000,0.000000,0.000000,0.000000,0.000000,0.000000,-0.051815,0.024268,0.041503,-0.029628,0.014647,0.003825,0.041774,0.125356,-0.006051,0.070684,0.132271
16.400000,8.890000,4.391072,0.023108,1.191406,-0.029631,0.013567,0.003842,0.534187,0.120610,-0.006066,0.066895,0.134637,-0.002198,4.450000,0.000000,1.150000,0.000000,0.000000,0.000000,0.500000,0.000000,0.000000,0.000000,0.000000,0.000000,-0.058928,0.023108,0.041406,-0.029631,0.013567,0.003842,0.034187,0.120610,-0.006066,0.075637,0.125508
16.410000,8.900000,4.397199,0.023523,1.191302,-0.029484,0.014088,0.003829,0.538456,0.121136,-0.006109,0.043068,0.076730,-0.002554,4.450000,0.000000,1.150000,0.000000,0.000000,0.000000,0.500000,0.000000,0.000000,0.000000,0.000000,0.000000,-0.052801,0.023523,0.041302,-0.029484,0.014088,0.003829,0.038456,0.121136,-0.006109,0.071043,0.127240
16.420000,8.910000,4.402864,0.023778,1.191203,-0.029447,0.014046,0.003821,0.540928,0.121045,-0.006132,0.027495,0.035976,-0.003263,4.460000,0.000000,1.150000,0.000000,0.000000,0.000000,0.500000,0.000000,0.000000,0.000000,0.000000,0.000000,-0.057136,0.023778,0.041203,-0.029447,0.014046,0.003821,0.040928,0.121045,-0.006132,0.074348,0.127924
16.430000,8.920000,4.408273,0.024988,1.191142,-0.029173,0.014405,0.003777,0.542297,0.123943,-0.006023,0.073565,0.142115,-0.004906,4.460000,0.000000,1.150000,0.000000,0.000000,0.000000,0.500000,0.000000,0.000000,0.000000,0.000000,0.000000,-0.051727,0.024988,0.041142,-0.029173,0.014405,0.003777,0.042297,0.123943,-0.006023,0.070659,0.131100
16.440000,8.930000,4.410162,0.024220,1.191086,-0.029508,0.011660,0.003789,0.530973,0.120128,-0.005897,0.033415,0.041988,-0.004391,4.470000,0.000000,1.150000,0.000000,0.000000,0.000000,0.500000,0.000000,0.000000,0.000000,0.000000,0.000000,-0.059838,0.024220,0.041086,-0.029508,0.011660,0.003789,0.030973,0.120128,-0.005897,0.076520,0.124196
16.450000,8.940000,4.414210,0.024209,1.191025,-0.029120,0.011803,0.003741,0.527698,0.119155,-0.005806,0.083539,0.171103,-0.005546,4.470000,0.000000,1.150000,0.000000,0.000000,0.000000,0.500000,0.000000,0.000000,0.000000,0.000000,0.000000,-0.055790,0.024209,0.041025,-0.029120,0.011803,0.003741,0.027698,0.119155,-0.005806,0.073360,0.122470
16.460000,8.950000,4.420470,0.024062,1.190955,-0.030071,0.009982,0.003770,0.532506,0.118225,-0.005742,0.030924,0.044651,-0.004068,4.480000,0.000000,1.150000,0.000000,0.000000,0.000000,0.500000,0.000000,0.000000,0.000000,0.000000,0.000000,-0.059530,0.024062,0.040955,-0.030071,0.009982,0.003770,0.032506,0.118225,-0.005742,0.076159,0.122747
16.470000,8.960000,4.427154,0.024522,1.190900,-0.030359,0.009616,0.003778,0.538518,0.119040,-0.005658,0.009044,0.014253,-0.003232,4.480000,0.000000,1.150000,0.000000,0.000000,0.000000,0.500000,0.000000,0.000000,0.000000,0.000000,0.000000,-0.052846,0.024522,0.040900,-0.030359,0.009616,0.003778,0.038518,0.119040,-0.005658,0.071182,0.125245
16.480000,8.970000,4.432539,0.025713,1.190844,-0.030269,0.009757,0.003741,0.539451,0.122025,-0.005580,0.035642,0.101125,-0.004060,4.490000,0.000000,1.150000,0.000000,0.000000,0.000000,0.500000,0.000000,0.000000,0.000000,0.000000,0.000000,-0.057461,0.025713,0.040844,-0.030269,0.009757,0.003741,0.039451,0.122025,-0.005580,0.075041,0.128365
16.491000,8.981000,4.436653,0.024649,1.190862,-0.030861,0.007661,0.003784,0.535885,0.117787,-0.005303,0.033343,0.054363,-0.003082,4.490000,0.000000,1.150000,0.000000,0.000000,0.000000,0.500000,0.000000,0.000000,0.000000,0.000000,0.000000,-0.053347,0.024649,0.040862,-0.030861,0.007661,0.003784,0.035885,0.117787,-0.005303,0.071576,0.123246
16.503000,8.993000,4.442985,0.025038,1.190846,-0.031173,0.007310,0.003804,0.540245,0.118448,-0.005137,0.041533,0.076439,-0.002429,4.500000,0.000000,1.150000,0.000000,0.000000,0.000000,0.500000,0.000000,0.000000,0.000000,0.000000,0.000000,-0.057015,0.025038,0.040846,-0.031173,0.007310,0.003804,0.040245,0.118448,-0.005137,0.074471,0.125204
16.511000,9.001000,4.448773,0.025267,1.190847,-0.031336,0.006993,0.003825,0.542430,0.118528,-0.004982,0.042293,0.090979,-0.001793,4.500000,0.000000,1.150000,0.000000,0.000000,0.000000,0.500000,0.000000,0.000000,0.000000,0.000000,0.000000,-0.051227,0.025267,0.040847,-0.031336,0.006993,0.003825,0.042430,0.118528,-0.004982,0.070222,0.125992
16.521000,9.011000,4.454228,0.025446,1.190858,-0.031372,0.006821,0.003846,0.543294,0.118437,-0.004805,0.052685,0.114869,-0.001049,4.510000,0.000000,1.150000,0.000000,0.000000,0.000000,0.500000,0.000000,0.000000,0.000000,0.000000,0.000000,-0.055772,0.025446,0.040858,-0.031372,0.006821,0.003846,0.043294,0.118437,-0.004805,0.073671,0.126194
16.530000,9.020000,4.459661,0.026630,1.190810,-0.030845,0.007968,0.003800,0.543951,0.121517,-0.004864,0.103811,0.228279,-0.002902,4.510000,0.000000,1.150000,0.000000,0.000000,0.000000,0.500000,0.000000,0.000000,0.000000,0.000000,0.000000,-0.050339,0.026630,0.040810,-0.030845,0.007968,0.003800,0.043951,0.121517,-0.004864,0.070062,0.129312
16.540000,9.030000,4.461386,0.025840,1.190867,-0.030984,0.005853,0.003841,0.531328,0.117879,-0.004616,0.062261,0.124333,-0.000748,4.520000,0.000000,1.150000,0.000000,0.000000,0.000000,0.500000,0.000000,0.000000,0.000000,0.000000,0.000000,-0.058614,0.025840,0.040867,-0.030984,0.005853,0.003841,0.031328,0.117879,-0.004616,0.075983,0.122058
16.550000,9.040000,4.465386,0.025811,1.190886,-0.030791,0.005714,0.003861,0.527273,0.117071,-0.004510,0.046206,0.093357,-0.000003,4.520000,0.000000,1.150000,0.000000,0.000000,0.000000,0.500000,0.000000,0.000000,0.000000,0.000000,0.000000,-0.054614,0.025811,0.040886,-0.030791,0.005714,0.003861,0.027273,0.117071,-0.004510,0.072942,0.120290
16.561000,9.051000,4.471616,0.025641,1.190920,-0.030800,0.006347,0.003891,0.531557,0.116228,-0.004365,0.046922,0.091156,0.000063,4.530000,0.000000,1.150000,0.000000,0.000000,0.000000,0.500000,0.000000,0.000000,0.000000,0.000000,0.000000,-0.058384,0.025641,0.040920,-0.030800,0.006347,0.003891,0.031557,0.116228,-0.004365,0.075766,0.120515
16.570000,9.060000,4.476932,0.026803,1.190876,-0.030331,0.007258,0.003864,0.532167,0.119248,-0.004525,0.094645,0.219740,-0.002260,4.530000,0.000000,1.150000,0.000000,0.000000,0.000000,0.500000,0.000000,0.000000,0.000000,0.000000,0.000000,-0.053068,0.026803,0.040876,-0.030331,0.007258,0.003864,0.032167,0.119248,-0.004525,0.072149,0.123593
16.581000,9.071000,4.482265,0.026002,1.190962,-0.030671,0.006311,0.003908,0.533060,0.116032,-0.004316,0.038844,0.082255,-0.000850,4.540000,0.000000,1.150000,0.000000,0.000000,0.000000,0.500000,0.000000,0.000000,0.000000,0.000000,0.000000,-0.057735,0.026002,0.040962,-0.030671,0.006311,0.003908,0.033060,0.116032,-0.004316,0.075414,0.120727
16.590000,9.080000,4.488762,0.026387,1.190995,-0.030666,0.006740,0.003920,0.538030,0.116702,-0.004264,0.036249,0.085310,-0.001426,4.540000,0.000000,1.150000,0.000000,0.000000,0.000000,0.500000,0.000000,0.000000,0.000000,0.000000,0.000000,-0.051238,0.026387,0.040995,-0.030666,0.006740,0.003920,0.038030,0.116702,-0.004264,0.070726,0.122816
16.602000,9.092000,4.494647,0.026604,1.191049,-0.030692,0.006864,0.003929,0.540618,0.116730,-0.004222,0.053727,0.118880,-0.002129,4.550000,0.000000,1.150000,0.000000,0.000000,0.000000,0.500000,0.000000,0.000000,0.000000,0.000000,0.000000,-0.055353,0.026604,0.041049,-0.030692,0.006864,0.003929,0.040618,0.116730,-0.004222,0.073870,0.123667
16.610000,9.100000,4.500053,0.027771,1.191007,-0.030155,0.008052,0.003872,0.541278,0.119737,-0.004465,0.106018,0.238520,-0.004133,4.550000,0.000000,1.150000,0.000000,0.000000,0.000000,0.500000,0.000000,0.000000,0.000000,0.000000,0.000000,-0.049947,0.027771,0.041007,-0.030155,0.008052,0.003872,0.041278,0.119737,-0.004465,0.070338,0.126731
16.620000,9.110000,4.502076,0.026993,1.191120,-0.030539,0.005700,0.003898,0.529820,0.116132,-0.004248,0.048917,0.112825,-0.002590,4.560000,0.000000,1.150000,0.000000,0.000000,0.000000,0.500000,0.000000,0.000000,0.000000,0.000000,0.000000,-0.057924,0.026993,0.041120,-0.030539,0.005700,0.003898,0.029820,0.116132,-0.004248,0.075991,0.119974
16.630000,9.120000,4.507675,0.026650,1.191264,-0.030818,0.005660,0.003915,0.531704,0.114692,-0.003939,0.017997,0.052485,-0.002187,4.560000,0.000000,1.150000,0.000000,0.000000,0.000000,0.500000,0.000000,0.000000,0.000000,0.000000,0.000000,-0.052325,0.026650,0.041264,-0.030818,0.005660,0.003915,0.031704,0.114692,-0.003939,0.071769,0.119059
16.640000,9.130000,4.514204,0.027050,1.191348,-0.031026,0.005774,0.003920,0.536774,0.115482,-0.003810,0.011551,0.038140,-0.002690,4.570000,0.000000,1.150000,0.000000,0.000000,0.000000,0.500000,0.000000,0.000000,0.000000,0.000000,0.000000,-0.055796,0.027050,0.041348,-0.031026,0.005774,0.003920,0.036774,0.115482,-0.003810,0.074529,0.121255
16.650000,9.140000,4.519572,0.028205,1.191310,-0.031254,0.005264,0.003917,0.537320,0.118520,-0.004171,0.039787,0.093503,-0.003502,4.570000,0.000000,1.150000,0.000000,0.000000,0.000000,0.500000,0.000000,0.000000,0.000000,0.000000,0.000000,-0.050428,0.028205,0.041310,-0.031254,0.005264,0.003917,0.037320,0.118520,-0.004171,0.071028,0.124327
16.660000,9.150000,4.523539,0.027106,1.191564,-0.030782,0.005942,0.003873,0.532995,0.114323,-0.003670,0.099566,0.230773,-0.005301,4.580000,0.000000,1.150000,0.000000,0.000000,0.000000,0.500000,0.000000,0.000000,0.000000,0.000000,0.000000,-0.056461,0.027106,0.041564,-0.030782,0.005942,0.003873,0.032995,0.114323,-0.003670,0.075168,0.119046
16.670000,9.160000,4.528869,0.028249,1.191528,-0.031578,0.004081,0.003886,0.533412,0.117400,-0.004023,0.040754,0.085609,-0.003240,4.580000,0.000000,1.150000,0.000000,0.000000,0.000000,0.500000,0.000000,0.000000,0.000000,0.000000,0.000000,-0.051131,0.028249,0.041528,-0.031578,0.004081,0.003886,0.033412,0.117400,-0.004023,0.071673,0.122128
16.680000,9.170000,4.533524,0.027338,1.191819,-0.031663,0.003703,0.003905,0.531602,0.113951,-0.003412,0.050870,0.100792,-0.002665,4.590000,0.000000,1.150000,0.000000,0.000000,0.000000,0.500000,0.000000,0.000000,0.000000,0.000000,0.000000,-0.056476,0.027338,0.041819,-0.031663,0.003703,0.003905,0.031602,0.113951,-0.003412,0.075404,0.118301
16.690000,9.180000,4.539895,0.027691,1.191957,-0.031210,0.005084,0.003856,0.535915,0.114666,-0.003328,0.106168,0.229179,-0.004184,4.590000,0.000000,1.150000,0.000000,0.000000,0.000000,0.500000,0.000000,0.000000,0.000000,0.000000,0.000000,-0.050105,0.027691,0.041957,-0.031210,0.005084,0.003856,0.035915,0.114666,-0.003328,0.070977,0.120205
16.700000,9.190000,4.545254,0.028838,1.191923,-0.031561,0.004046,0.003868,0.536282,0.117767,-0.003751,0.069567,0.141001,-0.001975,4.600000,0.000000,1.150000,0.000000,0.000000,0.000000,0.500000,0.000000,0.000000,0.000000,0.000000,0.000000,-0.054746,0.028838,0.041923,-0.031561,0.004046,0.003868,0.036282,0.117767,-0.003751,0.074742,0.123286
16.710000,9.200000,4.547706,0.028112,1.192127,-0.031105,0.003499,0.003873,0.526299,0.114479,-0.003646,0.049240,0.110821,-0.001025,4.600000,0.000000,1.150000,0.000000,0.000000,0.000000,0.500000,0.000000,0.000000,0.000000,0.000000,0.000000,-0.052294,0.028112,0.042127,-0.031105,0.003499,0.003873,0.026299,0.114479,-0.003646,0.072799,0.117517
16.720000,9.210000,4.551908,0.028069,1.192260,-0.030722,0.003755,0.003879,0.522958,0.113717,-0.003751,0.058026,0.128865,-0.000382,4.610000,0.000000,1.150000,0.000000,0.000000,0.000000,0.500000,0.000000,0.000000,0.000000,0.000000,0.000000,-0.058092,0.028069,0.042260,-0.030722,0.003755,0.003879,0.022958,0.113717,-0.003751,0.077126,0.116072
16.730000,9.220000,4.556593,0.028146,1.192381,-0.030363,0.004216,0.003884,0.521508,0.113368,-0.003881,0.084701,0.184271,-0.001002,4.610000,0.000000,1.150000,0.000000,0.000000,0.000000,0.500000,0.000000,0.000000,0.000000,0.000000,0.000000,-0.053407,0.028146,0.042381,-0.030363,0.004216,0.003884,0.021508,0.113368,-0.003881,0.073760,0.115455
16.740000,9.230000,4.561484,0.028249,1.192503,-0.030058,0.004712,0.003888,0.520893,0.113087,-0.004004,0.082752,0.186312,-0.001045,4.620000,0.000000,1.150000,0.000000,0.000000,0.000000,0.500000,0.000000,0.000000,0.000000,0.000000,0.000000,-0.058516,0.028249,0.042503,-0.030058,0.004712,0.003888,0.020893,0.113087,-0.004004,0.077644,0.115071
16.750000,9.240000,4.568206,0.028075,1.192728,-0.029953,0.005930,0.003899,0.527169,0.112246,-0.003842,0.064134,0.172913,-0.000917,4.620000,0.000000,1.150000,0.000000,0.000000,0.000000,0.500000,0.000000,0.000000,0.000000,0.000000,0.000000,-0.051794,0.028075,0.042728,-0.029953,0.005930,0.003899,0.027169,0.112246,-0.003842,0.072777,0.115551
16.761000,9.251000,4.574957,0.028461,1.192859,-0.029671,0.007330,0.003891,0.533303,0.112947,-0.003958,0.066195,0.195837,-0.001148,4.630500,0.000000,1.150000,0.000000,0.000000,0.000000,0.500000,0.000000,0.000000,0.000000,0.000000,0.000000,-0.055543,0.028461,0.042859,-0.029671,0.007330,0.003891,0.033303,0.112947,-0.003958,0.075710,0.117821
16.770000,9.260000,4.581006,0.028648,1.192999,-0.029380,0.008556,0.003878,0.536765,0.112874,-0.004117,0.070111,0.202222,-0.001382,4.630500,0.000000,1.150000,0.000000,0.000000,0.000000,0.500000,0.000000,0.000000,0.000000,0.000000,0.000000,-0.049494,0.028648,0.042999,-0.029380,0.008556,0.003878,0.036765,0.112874,-0.004117,0.071549,0.118782
16.780000,9.270000,4.586374,0.029776,1.192958,-0.028680,0.010577,0.003804,0.537588,0.115740,-0.004807,0.107965,0.303131,-0.003531,4.640000,0.000000,1.150000,0.000000,0.000000,0.000000,0.500000,0.000000,0.000000,0.000000,0.000000,0.000000,-0.053626,0.029776,0.042958,-0.028680,0.010577,0.003804,0.037588,0.115740,-0.004807,0.074886,0.121786
16.790000,9.280000,4.589813,0.028572,1.193243,-0.028731,0.010151,0.003818,0.531805,0.111038,-0.004547,0.063904,0.187000,-0.001478,4.640000,0.000000,1.150000,0.000000,0.000000,0.000000,0.500000,0.000000,0.000000,0.000000,0.000000,0.000000,-0.050187,0.028572,0.043243,-0.028731,0.010151,0.003818,0.031805,0.111038,-0.004547,0.072146,0.115593
16.800000,9.290000,4.595131,0.029683,1.193197,-0.028538,0.011077,0.003793,0.532771,0.113847,-0.005255,0.059412,0.183960,-0.001732,4.650000,0.000000,1.150000,0.000000,0.000000,0.000000,0.500000,0.000000,0.000000,0.000000,0.000000,0.000000,-0.054869,0.029683,0.043197,-0.028538,0.011077,0.003793,0.032771,0.113847,-0.005255,0.075879,0.118586
16.810000,9.300000,4.599672,0.028722,1.193446,-0.028407,0.011766,0.003783,0.531291,0.110037,-0.005082,0.049263,0.169019,-0.002180,4.650000,0.000000,1.150000,0.000000,0.000000,0.000000,0.500000,0.000000,0.000000,0.000000,0.000000,0.000000,-0.050328,0.028722,0.043446,-0.028407,0.011766,0.003783,0.031291,0.110037,-0.005082,0.072425,0.114512
16.820000,9.310000,4.606030,0.029020,1.193531,-0.028407,0.012758,0.003762,0.536366,0.110373,-0.005387,0.041912,0.151795,-0.002819,4.660000,0.000000,1.150000,0.000000,0.000000,0.000000,0.500000,0.000000,0.000000,0.000000,0.000000,0.000000,-0.053970,0.029020,0.043531,-0.028407,0.012758,0.003762,0.036366,0.110373,-0.005387,0.075166,0.116334
16.830000,9.320000,4.611393,0.030123,1.193477,-0.027989,0.014275,0.003691,0.537599,0.113146,-0.006065,0.081709,0.241064,-0.004549,4.660000,0.000000,1.150000,0.000000,0.000000,0.000000,0.500000,0.000000,0.000000,0.000000,0.000000,0.000000,-0.048607,0.030123,0.043477,-0.027989,0.014275,0.003691,0.037599,0.113146,-0.006065,0.071835,0.119384
16.841000,9.331000,4.615206,0.028950,1.193688,-0.028419,0.013234,0.003700,0.533501,0.108599,-0.005953,0.036682,0.128134,-0.003007,4.670500,0.000000,1.150000,0.000000,0.000000,0.000000,0.500000,0.000000,0.000000,0.000000,0.000000,0.000000,-0.055294,0.028950,0.043688,-0.028419,0.013234,0.003700,0.033501,0.108599,-0.005953,0.076185,0.113804
16.850000,9.340000,4.620541,0.030036,1.193629,-0.028053,0.014514,0.003634,0.534782,0.111376,-0.006518,0.064639,0.184703,-0.004075,4.670500,0.000000,1.150000,0.000000,0.000000,0.000000,0.500000,0.000000,0.000000,0.000000,0.000000,0.000000,-0.049959,0.030036,0.043629,-0.028053,0.014514,0.003634,0.034782,0.111376,-0.006518,0.072812,0.116863
16.860000,9.350000,4.625197,0.029049,1.193780,-0.028610,0.013445,0.003646,0.533848,0.107575,-0.006454,0.013601,0.055827,-0.002721,4.680000,0.000000,1.150000,0.000000,0.000000,0.000000,0.500000,0.000000,0.000000,0.000000,0.000000,0.000000,-0.054803,0.029049,0.043780,-0.028610,0.013445,0.003646,0.033848,0.107575,-0.006454,0.075921,0.112959
16.870000,9.360000,4.631604,0.029314,1.193800,-0.028957,0.013284,0.003649,0.539139,0.107919,-0.006750,0.008197,0.031622,-0.003040,4.680000,0.000000,1.150000,0.000000,0.000000,0.000000,0.500000,0.000000,0.000000,0.000000,0.000000,0.000000,-0.048396,0.029314,0.043800,-0.028957,0.013284,0.003649,0.039139,0.107919,-0.006750,0.071553,0.114995
16.880000,9.370000,4.637455,0.029418,1.193822,-0.028886,0.013784,0.003617,0.542189,0.107697,-0.007032,0.042634,0.108898,-0.004179,4.690000,0.000000,1.150000,0.000000,0.000000,0.000000,0.500000,0.000000,0.000000,0.000000,0.000000,0.000000,-0.052545,0.029418,0.043822,-0.028886,0.013784,0.003617,0.042189,0.107697,-0.007032,0.074477,0.115879
16.890000,9.380000,4.642877,0.030495,1.193752,-0.029681,0.011938,0.003634,0.543415,0.110565,-0.007588,0.023332,0.049536,-0.003323,4.690000,0.000000,1.150000,0.000000,0.000000,0.000000,0.500000,0.000000,0.000000,0.000000,0.000000,0.000000,-0.047123,0.030495,0.043752,-0.029681,0.011938,0.003634,0.043415,0.110565,-0.007588,0.071167,0.119025
16.900000,9.390000,4.646164,0.029235,1.193867,-0.030061,0.010296,0.003665,0.537025,0.105953,-0.007589,0.020238,0.031758,-0.003217,4.700000,0.000000,1.150000,0.000000,0.000000,0.000000,0.500000,0.000000,0.000000,0.000000,0.000000,0.000000,-0.053836,0.029235,0.043867,-0.030061,0.010296,0.003665,0.037025,0.105953,-0.007589,0.075348,0.112492
16.910000,9.400000,4.652406,0.029466,1.193869,-0.030489,0.009461,0.003695,0.541258,0.106384,-0.007813,0.024354,0.024067,-0.002474,4.700000,0.000000,1.150000,0.000000,0.000000,0.000000,0.500000,0.000000,0.000000,0.000000,0.000000,0.000000,-0.047594,0.029466,0.043869,-0.030489,0.009461,0.003695,0.041258,0.106384,-0.007813,0.071119,0.114371
16.920000,9.410000,4.657818,0.030530,1.193791,-0.030246,0.009701,0.003663,0.542172,0.109365,-0.008264,0.081276,0.148814,-0.003804,4.710000,0.000000,1.150000,0.000000,0.000000,0.000000,0.500000,0.000000,0.000000,0.000000,0.000000,0.000000,-0.052182,0.030530,0.043791,-0.030246,0.009701,0.003663,0.042172,0.109365,-0.008264,0.074650,0.117505
16.930000,9.420000,4.660171,0.029743,1.193871,-0.030648,0.006939,0.003714,0.532058,0.106092,-0.008244,0.041213,0.060564,-0.001827,4.710000,0.000000,1.150000,0.000000,0.000000,0.000000,0.500000,0.000000,0.000000,0.000000,0.000000,0.000000,-0.049829,0.029743,0.043871,-0.030648,0.006939,0.003714,0.032058,0.106092,-0.008244,0.072747,0.111136
16.940000,9.430000,4.664385,0.029620,1.193898,-0.030672,0.005996,0.003750,0.528865,0.105317,-0.008379,0.053484,0.080257,-0.001065,4.720000,0.000000,1.150000,0.000000,0.000000,0.000000,0.500000,0.000000,0.000000,0.000000,0.000000,0.000000,-0.055615,0.029620,0.043898,-0.030672,0.005996,0.003750,0.028865,0.105317,-0.008379,0.076795,0.109522
16.950000,9.440000,4.669114,0.029611,1.193914,-0.030577,0.005523,0.003786,0.527567,0.104966,-0.008498,0.060034,0.105065,-0.000373,4.720000,0.000000,1.150000,0.000000,0.000000,0.000000,0.500000,0.000000,0.000000,0.000000,0.000000,0.000000,-0.050886,0.029611,0.043914,-0.030577,0.005523,0.003786,0.027567,0.104966,-0.008498,0.073448,0.108858
16.960000,9.450000,4.674063,0.029626,1.193926,-0.030359,0.005424,0.003821,0.527071,0.104694,-0.008627,0.072306,0.134752,0.000511,4.730000,0.000000,1.150000,0.000000,0.000000,0.000000,0.500000,0.000000,0.000000,0.000000,0.000000,0.000000,-0.055937,0.029626,0.043926,-0.030359,0.005424,0.003821,0.027071,0.104694,-0.008627,0.077046,0.108481
16.970000,9.460000,4.679116,0.029644,1.193931,-0.030035,0.005681,0.003856,0.526967,0.104418,-0.008759,0.073948,0.157718,0.000991,4.730000,0.000000,1.150000,0.000000,0.000000,0.000000,0.500000,0.000000,0.000000,0.000000,0.000000,0.000000,-0.050884,0.029644,0.043931,-0.030035,0.005681,0.003856,0.026967,0.104418,-0.008759,0.073470,0.108199
16.980000,9.470000,4.685996,0.029344,1.193947,-0.029815,0.006996,0.003897,0.533712,0.103426,-0.008854,0.081060,0.198938,0.001832,4.740000,0.000000,1.150000,0.000000,0.000000,0.000000,0.500000,0.000000,0.000000,0.000000,0.000000,0.000000,-0.054004,0.029344,0.043947,-0.029815,0.006996,0.003897,0.033712,0.103426,-0.008854,0.075557,0.109142
16.992000,9.482000,4.692854,0.029608,1.193901,-0.029052,0.009524,0.003865,0.540119,0.103990,-0.009110,0.112711,0.308406,-0.000784,4.750500,0.000000,1.150000,0.000000,0.000000,0.000000,0.500000,0.000000,0.000000,0.000000,0.000000,0.000000,-0.057646,0.029608,0.043901,-0.029052,0.009524,0.003865,0.040119,0.103990,-0.009110,0.078275,0.111832
17.000000,9.490000,4.698998,0.029684,1.193859,-0.029024,0.010056,0.003903,0.543816,0.103819,-0.009349,0.072370,0.231440,0.001410,4.750500,0.000000,1.150000,0.000000,0.000000,0.000000,0.500000,0.000000,0.000000,0.000000,0.000000,0.000000,-0.051502,0.029684,0.043859,-0.029024,0.010056,0.003903,0.043816,0.103819,-0.009349,0.073873,0.113073
17.010000,9.500000,4.704664,0.029702,1.193813,-0.028712,0.011603,0.003903,0.545781,0.103417,-0.009558,0.044154,0.187810,0.001054,4.750500,0.000000,1.150000,0.000000,0.000000,0.000000,0.500000,0.000000,0.000000,0.000000,0.000000,0.000000,-0.045836,0.029702,0.043813,-0.028712,0.011603,0.003903,0.045781,0.103417,-0.009558,0.070020,0.113500
17.020000,9.510000,4.710079,0.029702,1.193767,-0.028574,0.012870,0.003898,0.546907,0.102940,-0.009763,0.026418,0.167538,0.000093,4.760000,0.000000,1.150000,0.000000,0.000000,0.000000,0.500000,0.000000,0.000000,0.000000,0.000000,0.000000,-0.049921,0.029702,0.043767,-0.028574,0.012870,0.003898,0.046907,0.102940,-0.009763,0.072731,0.113544
17.030000,9.520000,4.715548,0.030731,1.193669,-0.028310,0.014544,0.003851,0.548155,0.105740,-0.010055,0.067583,0.243771,-0.002524,4.760000,0.000000,1.150000,0.000000,0.000000,0.000000,0.500000,0.000000,0.000000,0.000000,0.000000,0.000000,-0.044452,0.030731,0.043669,-0.028310,0.014544,0.003851,0.048155,0.105740,-0.010055,0.069479,0.116624
17.040000,9.530000,4.717262,0.029864,1.193700,-0.028490,0.013644,0.003861,0.536052,0.102110,-0.009964,0.037365,0.169935,-0.001661,4.770000,0.000000,1.150000,0.000000,0.000000,0.000000,0.500000,0.000000,0.000000,0.000000,0.000000,0.000000,-0.052738,0.029864,0.043700,-0.028490,0.013644,0.003861,0.036052,0.102110,-0.009964,0.074719,0.108745
17.050000,9.540000,4.722809,0.029344,1.193701,-0.028917,0.014172,0.003857,0.538352,0.100332,-0.009894,0.010952,0.096296,-0.002339,4.770000,0.000000,1.150000,0.000000,0.000000,0.000000,0.500000,0.000000,0.000000,0.000000,0.000000,0.000000,-0.047191,0.029344,0.043701,-0.028917,0.014172,0.003857,0.038352,0.100332,-0.009894,0.070695,0.107866
17.060000,9.550000,4.728193,0.030347,1.193602,-0.028808,0.015134,0.003806,0.539729,0.103168,-0.010117,0.043504,0.146794,-0.004004,4.780000,0.000000,1.150000,0.000000,0.000000,0.000000,0.500000,0.000000,0.000000,0.000000,0.000000,0.000000,-0.051807,0.030347,0.043602,-0.028808,0.015134,0.003806,0.039729,0.103168,-0.010117,0.074203,0.111015
17.071000,9.561000,4.733358,0.029333,1.193647,-0.029610,0.013967,0.003814,0.540543,0.099623,-0.009959,0.016594,0.076522,-0.004152,4.780000,0.000000,1.150000,0.000000,0.000000,0.000000,0.500000,0.000000,0.000000,0.000000,0.000000,0.000000,-0.046642,0.029333,0.043647,-0.029610,0.013967,0.003814,0.040543,0.099623,-0.009959,0.070292,0.108017
17.080000,9.570000,4.738764,0.030329,1.193548,-0.029445,0.014731,0.003750,0.541899,0.102526,-0.010229,0.070843,0.183801,-0.005868,4.790500,0.000000,1.150000,0.000000,0.000000,0.000000,0.500000,0.000000,0.000000,0.000000,0.000000,0.000000,-0.051736,0.030329,0.043548,-0.029445,0.014731,0.003750,0.041899,0.102526,-0.010229,0.074114,0.111228
17.091000,9.581000,4.743822,0.029264,1.193613,-0.030340,0.012679,0.003770,0.542137,0.098908,-0.010012,0.019072,0.042631,-0.004453,4.790500,0.000000,1.150000,0.000000,0.000000,0.000000,0.500000,0.000000,0.000000,0.000000,0.000000,0.000000,-0.046678,0.029264,0.043613,-0.030340,0.012679,0.003770,0.042137,0.098908,-0.010012,0.070266,0.107975
17.100000,9.590000,4.749244,0.030253,1.193512,-0.030150,0.013103,0.003713,0.543367,0.101881,-0.010282,0.072341,0.155694,-0.005681,4.800000,0.000000,1.150000,0.000000,0.000000,0.000000,0.500000,0.000000,0.000000,0.000000,0.000000,0.000000,-0.050756,0.030253,0.043512,-0.030150,0.013103,0.003713,0.043367,0.101881,-0.010282,0.073381,0.111204
17.110000,9.600000,4.752728,0.029607,1.193563,-0.030688,0.010685,0.003729,0.537613,0.099363,-0.010110,0.032413,0.058256,-0.004090,4.800000,0.000000,1.150000,0.000000,0.000000,0.000000,0.500000,0.000000,0.000000,0.000000,0.000000,0.000000,-0.047272,0.029607,0.043563,-0.030688,0.010685,0.003729,0.037613,0.099363,-0.010110,0.070774,0.106724
17.120000,9.610000,4.757332,0.029449,1.193571,-0.030833,0.009743,0.003738,0.535994,0.098705,-0.010064,0.041034,0.064075,-0.003492,4.810000,0.000000,1.150000,0.000000,0.000000,0.000000,0.500000,0.000000,0.000000,0.000000,0.000000,0.000000,-0.052668,0.029449,0.043571,-0.030833,0.009743,0.003738,0.035994,0.098705,-0.010064,0.074429,0.105544
17.130000,9.620000,4.762280,0.029379,1.193574,-0.030883,0.009098,0.003750,0.535593,0.098386,-0.010032,0.046920,0.076580,-0.002690,4.810000,0.000000,1.150000,0.000000,0.000000,0.000000,0.500000,0.000000,0.000000,0.000000,0.000000,0.000000,-0.047720,0.029379,0.043574,-0.030883,0.009098,0.003750,0.035593,0.098386,-0.010032,0.070986,0.105106
17.141000,9.631000,4.769155,0.028983,1.193607,-0.030985,0.009346,0.003783,0.542275,0.097370,-0.009913,0.059322,0.101269,-0.001028,4.821500,0.000000,1.150000,0.000000,0.000000,0.000000,0.500000,0.000000,0.000000,0.000000,0.000000,0.000000,-0.052345,0.028983,0.043607,-0.030985,0.009346,0.003783,0.042275,0.097370,-0.009913,0.074038,0.106613
17.150000,9.640000,4.774578,0.029957,1.193508,-0.030392,0.010358,0.003741,0.543178,0.100404,-0.010213,0.102555,0.227545,-0.002608,4.821500,0.000000,1.150000,0.000000,0.000000,0.000000,0.500000,0.000000,0.000000,0.000000,0.000000,0.000000,-0.046922,0.029957,0.043508,-0.030392,0.010358,0.003741,0.043178,0.100404,-0.010213,0.070654,0.109771
17.160000,9.650000,4.778584,0.029351,1.193554,-0.030383,0.009033,0.003788,0.539052,0.098080,-0.010077,0.068097,0.140287,0.000190,4.830000,0.000000,1.150000,0.000000,0.000000,0.000000,0.500000,0.000000,0.000000,0.000000,0.000000,0.000000,-0.051416,0.029351,0.043554,-0.030383,0.009033,0.003788,0.039052,0.098080,-0.010077,0.073499,0.106048
17.170000,9.660000,4.783377,0.029189,1.193551,-0.030079,0.009195,0.003818,0.537909,0.097409,-0.010074,0.050823,0.106409,0.001147,4.830000,0.000000,1.150000,0.000000,0.000000,0.000000,0.500000,0.000000,0.000000,0.000000,0.000000,0.000000,-0.046623,0.029189,0.043551,-0.030079,0.009195,0.003818,0.037909,0.097409,-0.010074,0.070159,0.105010
17.180000,9.670000,4.788418,0.029107,1.193530,-0.029779,0.009612,0.003847,0.537734,0.097014,-0.010119,0.049879,0.116211,0.001593,4.840000,0.000000,1.150000,0.000000,0.000000,0.000000,0.500000,0.000000,0.000000,0.000000,0.000000,0.000000,-0.051582,0.029107,0.043530,-0.029779,0.009612,0.003847,0.037734,0.097014,-0.010119,0.073503,0.104584
17.190000,9.680000,4.793570,0.029039,1.193505,-0.029578,0.009988,0.003878,0.538004,0.096652,-0.010208,0.059997,0.153698,0.000427,4.840000,0.000000,1.150000,0.000000,0.000000,0.000000,0.500000,0.000000,0.000000,0.000000,0.000000,0.000000,-0.046430,0.029039,0.043505,-0.029578,0.009988,0.003878,0.038004,0.096652,-0.010208,0.069941,0.104356
17.200000,9.690000,4.798777,0.028971,1.193482,-0.029520,0.010203,0.003908,0.538494,0.096285,-0.010291,0.047895,0.140821,0.000015,4.850000,0.000000,1.150000,0.000000,0.000000,0.000000,0.500000,0.000000,0.000000,0.000000,0.000000,0.000000,-0.051223,0.028971,0.043482,-0.029520,0.010203,0.003908,0.038494,0.096285,-0.010291,0.073169,0.104204
17.210000,9.700000,4.804014,0.028899,1.193463,-0.029562,0.010329,0.003935,0.539092,0.095913,-0.010358,0.032797,0.116556,-0.000299,4.850000,0.000000,1.150000,0.000000,0.000000,0.000000,0.500000,0.000000,0.000000,0.000000,0.000000,0.000000,-0.045986,0.028899,0.043463,-0.029562,0.010329,0.003935,0.039092,0.095913,-0.010358,0.069562,0.104090
17.220000,9.710000,4.809268,0.028823,1.193449,-0.029678,0.010424,0.003957,0.539741,0.095544,-0.010410,0.024960,0.111533,-0.000910,4.861000,0.000000,1.150000,0.000000,0.000000,0.000000,0.500000,0.000000,0.000000,0.000000,0.000000,0.000000,-0.051732,0.028823,0.043449,-0.029678,0.010424,0.003957,0.039741,0.095544,-0.010410,0.073449,0.104002
17.232000,9.722000,4.816357,0.028390,1.193461,-0.030105,0.011021,0.003981,0.547172,0.094398,-0.010376,0.024585,0.113713,-0.001582,4.861000,0.000000,1.150000,0.000000,0.000000,0.000000,0.500000,0.000000,0.000000,0.000000,0.000000,0.000000,-0.044643,0.028390,0.043461,-0.030105,0.011021,0.003981,0.047172,0.094398,-0.010376,0.068468,0.106037
17.243000,9.733000,4.823390,0.028527,1.193417,-0.030413,0.011585,0.003986,0.554055,0.094893,-0.010523,0.026013,0.113778,-0.002155,4.870500,0.000000,1.150000,0.000000,0.000000,0.000000,0.500000,0.000000,0.000000,0.000000,0.000000,0.000000,-0.047110,0.028527,0.043417,-0.030413,0.011585,0.003986,0.054055,0.094893,-0.010523,0.070130,0.109715
17.251000,9.741000,4.829687,0.028488,1.193382,-0.030683,0.011897,0.003986,0.558034,0.094767,-0.010639,0.026700,0.116144,-0.002507,4.870500,0.000000,1.150000,0.000000,0.000000,0.000000,0.500000,0.000000,0.000000,0.000000,0.000000,0.000000,-0.040813,0.028488,0.043382,-0.030683,0.011897,0.003986,0.058034,0.094767,-0.010639,0.066025,0.111633
17.262000,9.752000,4.835492,0.028403,1.193344,-0.030909,0.012075,0.003984,0.560098,0.094507,-0.010763,0.029879,0.118643,-0.002708,4.881500,0.000000,1.150000,0.000000,0.000000,0.000000,0.500000,0.000000,0.000000,0.000000,0.000000,0.000000,-0.046008,0.028403,0.043344,-0.030909,0.012075,0.003984,0.060098,0.094507,-0.010763,0.069297,0.112513
17.270000,9.760000,4.841093,0.029348,1.193236,-0.031090,0.012141,0.003973,0.561258,0.097540,-0.011058,0.036159,0.110094,-0.002551,4.881500,0.000000,1.150000,0.000000,0.000000,0.000000,0.500000,0.000000,0.000000,0.000000,0.000000,0.000000,-0.040407,0.029348,0.043236,-0.031090,0.012141,0.003973,0.061258,0.097540,-0.011058,0.066056,0.115710
17.280000,9.770000,4.843001,0.028448,1.193267,-0.030488,0.012259,0.003922,0.549203,0.094332,-0.010941,0.086387,0.204177,-0.004312,4.890000,0.000000,1.150000,0.000000,0.000000,0.000000,0.500000,0.000000,0.000000,0.000000,0.000000,0.000000,-0.046999,0.028448,0.043267,-0.030488,0.012259,0.003922,0.049203,0.094332,-0.010941,0.069931,0.106954
17.290000,9.780000,4.848729,0.027838,1.193222,-0.031215,0.011392,0.003950,0.551382,0.092766,-0.011009,0.017415,0.073772,-0.002003,4.890000,0.000000,1.150000,0.000000,0.000000,0.000000,0.500000,0.000000,0.000000,0.000000,0.000000,0.000000,-0.041271,0.027838,0.043222,-0.031215,0.011392,0.003950,0.051382,0.092766,-0.011009,0.065927,0.106615
17.300000,9.790000,4.855487,0.027945,1.193120,-0.031348,0.011612,0.003952,0.557119,0.093332,-0.011239,0.017061,0.055249,-0.002334,4.900000,0.000000,1.150000,0.000000,0.000000,0.000000,0.500000,0.000000,0.000000,0.000000,0.000000,0.000000,-0.044513,0.027945,0.043120,-0.031348,0.011612,0.003952,0.057119,0.093332,-0.011239,0.067983,0.109999
17.312000,9.802000,4.861624,0.027888,1.193027,-0.031507,0.011394,0.003959,0.560391,0.093293,-0.011439,0.041477,0.078223,-0.003231,4.910000,0.000000,1.150000,0.000000,0.000000,0.000000,0.500000,0.000000,0.000000,0.000000,0.000000,0.000000,-0.048376,0.027888,0.043027,-0.031507,0.011394,0.003959,0.060391,0.093293,-0.011439,0.070493,0.111721
17.321000,9.811000,4.867356,0.027788,1.192939,-0.031649,0.010950,0.003966,0.562043,0.093117,-0.011616,0.044113,0.071386,-0.003505,4.910000,0.000000,1.150000,0.000000,0.000000,0.000000,0.500000,0.000000,0.000000,0.000000,0.000000,0.000000,-0.042644,0.027788,0.042939,-0.031649,0.010950,0.003966,0.062043,0.093117,-0.011616,0.066591,0.112495
17.330000,9.820000,4.872977,0.028719,1.192823,-0.031208,0.011663,0.003908,0.563104,0.096222,-0.011801,0.089444,0.177622,-0.005062,4.910000,0.000000,1.150000,0.000000,0.000000,0.000000,0.500000,0.000000,0.000000,0.000000,0.000000,0.000000,-0.037023,0.028719,0.042823,-0.031208,0.011663,0.003908,0.063104,0.096222,-0.011801,0.063477,0.115672
17.340000,9.830000,4.874837,0.027816,1.192819,-0.031564,0.008959,0.003933,0.550644,0.093123,-0.011651,0.040040,0.061865,-0.003271,4.920000,0.000000,1.150000,0.000000,0.000000,0.000000,0.500000,0.000000,0.000000,0.000000,0.000000,0.000000,-0.045163,0.027816,0.042819,-0.031564,0.008959,0.003933,0.050644,0.093123,-0.011651,0.068168,0.106641
17.350000,9.840000,4.880564,0.027191,1.192750,-0.031776,0.008517,0.003956,0.552545,0.091612,-0.011634,0.024969,0.020556,-0.002505,4.920000,0.000000,1.150000,0.000000,0.000000,0.000000,0.500000,0.000000,0.000000,0.000000,0.000000,0.000000,-0.039436,0.027191,0.042750,-0.031776,0.008517,0.003956,0.052545,0.091612,-0.011634,0.064204,0.106250
17.360000,9.850000,4.886090,0.028107,1.192634,-0.031527,0.008721,0.003925,0.553367,0.094730,-0.011754,0.051576,0.091338,-0.003557,4.930000,0.000000,1.150000,0.000000,0.000000,0.000000,0.500000,0.000000,0.000000,0.000000,0.000000,0.000000,-0.043910,0.028107,0.042634,-0.031527,0.008721,0.003925,0.053367,0.094730,-0.011754,0.067348,0.109361
17.370000,9.860000,4.889774,0.027445,1.192596,-0.031692,0.006805,0.003953,0.547582,0.092536,-0.011671,0.048671,0.072516,-0.003125,4.930000,0.000000,1.150000,0.000000,0.000000,0.000000,0.500000,0.000000,0.000000,0.000000,0.000000,0.000000,-0.040226,0.027445,0.042596,-0.031692,0.006805,0.003953,0.047582,0.092536,-0.011671,0.064697,0.104705
17.383000,9.873000,4.896198,0.026846,1.192520,-0.031988,0.006277,0.003988,0.551895,0.091138,-0.011688,0.035446,0.050666,-0.002727,4.940000,0.000000,1.150000,0.000000,0.000000,0.000000,0.500000,0.000000,0.000000,0.000000,0.000000,0.000000,-0.043802,0.026846,0.042520,-0.031988,0.006277,0.003988,0.051895,0.091138,-0.011688,0.066688,0.105526
17.390000,9.880000,4.901717,0.027757,1.192404,-0.031633,0.006782,0.003945,0.552497,0.094275,-0.011826,0.078284,0.176206,-0.004303,4.940000,0.000000,1.150000,0.000000,0.000000,0.000000,0.500000,0.000000,0.000000,0.000000,0.000000,0.000000,-0.038283,0.027757,0.042404,-0.031633,0.006782,0.003945,0.052497,0.094275,-0.011826,0.063514,0.108552
17.400000,9.890000,4.907238,0.026643,1.192390,-0.032054,0.005243,0.004001,0.553250,0.090977,-0.011657,0.042440,0.078085,-0.001839,4.950000,0.000000,1.150000,0.000000,0.000000,0.000000,0.500000,0.000000,0.000000,0.000000,0.000000,0.000000,-0.042762,0.026643,0.042390,-0.032054,0.005243,0.004001,0.053250,0.090977,-0.011657,0.065844,0.106057
17.410000,9.900000,4.913986,0.026696,1.192310,-0.032071,0.005409,0.004024,0.558275,0.091495,-0.011654,0.036621,0.073222,-0.000831,4.950000,0.000000,1.150000,0.000000,0.000000,0.000000,0.500000,0.000000,0.000000,0.000000,0.000000,0.000000,-0.036014,0.026696,0.042310,-0.032071,0.005409,0.004024,0.058275,0.091495,-0.011654,0.061643,0.109102
17.420000,9.910000,4.919569,0.027611,1.192194,-0.031704,0.006141,0.003992,0.558793,0.094641,-0.011759,0.068212,0.163937,-0.002106,4.960500,0.000000,1.150000,0.000000,0.000000,0.000000,0.500000,0.000000,0.000000,0.000000,0.000000,0.000000,-0.040931,0.027611,0.042194,-0.031704,0.006141,0.003992,0.058793,0.094641,-0.011759,0.064946,0.112035
17.430000,9.920000,4.922211,0.026747,1.192217,-0.031840,0.004235,0.004034,0.548775,0.091764,-0.011480,0.050485,0.107394,-0.001312,4.960500,0.000000,1.150000,0.000000,0.000000,0.000000,0.500000,0.000000,0.000000,0.000000,0.000000,0.000000,-0.038289,0.026747,0.042217,-0.031840,0.004235,0.004034,0.048775,0.091764,-0.011480,0.062958,0.104553
17.440000,9.930000,4.928242,0.026111,1.192196,-0.032057,0.004271,0.004075,0.551378,0.090285,-0.011336,0.047895,0.109937,-0.001084,4.970000,0.000000,1.150000,0.000000,0.000000,0.000000,0.500000,0.000000,0.000000,0.000000,0.000000,0.000000,-0.041758,0.026111,0.042196,-0.032057,0.004271,0.004075,0.051378,0.090285,-0.011336,0.064854,0.104497
17.450000,9.940000,4.935066,0.026187,1.192124,-0.032070,0.004754,0.004095,0.556666,0.090908,-0.011373,0.048257,0.127464,-0.001013,4.970000,0.000000,1.150000,0.000000,0.000000,0.000000,0.500000,0.000000,0.000000,0.000000,0.000000,0.000000,-0.034934,0.026187,0.042124,-0.032070,0.004754,0.004095,0.056666,0.090908,-0.011373,0.060668,0.107725
17.460000,9.950000,4.940633,0.027096,1.192010,-0.031587,0.006027,0.004044,0.557119,0.094052,-0.011531,0.090706,0.245609,-0.003114,4.980000,0.000000,1.150000,0.000000,0.000000,0.000000,0.500000,0.000000,0.000000,0.000000,0.000000,0.000000,-0.039367,0.027096,0.042010,-0.031587,0.006027,0.004044,0.057119,0.094052,-0.011531,0.063630,0.110640
17.470000,9.960000,4.943364,0.026238,1.192035,-0.031747,0.004272,0.004084,0.547442,0.091213,-0.011298,0.052129,0.128801,-0.001041,4.980000,0.000000,1.150000,0.000000,0.000000,0.000000,0.500000,0.000000,0.000000,0.000000,0.000000,0.000000,-0.036636,0.026238,0.042035,-0.031747,0.004272,0.004084,0.047442,0.091213,-0.011298,0.061624,0.103432
17.480000,9.970000,4.947797,0.025986,1.192000,-0.031661,0.004286,0.004100,0.544212,0.090631,-0.011246,0.053957,0.140404,-0.000913,4.990000,0.000000,1.150000,0.000000,0.000000,0.000000,0.500000,0.000000,0.000000,0.000000,0.000000,0.000000,-0.042203,0.025986,0.042000,-0.031661,0.004286,0.004100,0.044212,0.090631,-0.011246,0.064964,0.101465
17.490000,9.980000,4.952702,0.025833,1.191946,-0.031113,0.005621,0.004058,0.542821,0.090403,-0.011262,0.095402,0.252059,-0.003117,4.990000,0.000000,1.150000,0.000000,0.000000,0.000000,0.500000,0.000000,0.000000,0.000000,0.000000,0.000000,-0.037298,0.025833,0.041946,-0.031113,0.005621,0.004058,0.042821,0.090403,-0.011262,0.061790,0.100664
17.500000,9.990000,4.957809,0.025698,1.191882,-0.031379,0.005070,0.004085,0.542232,0.090230,-0.011308,0.057346,0.164292,-0.001123,0.000000,0.000000,1.000000,0.000000,0.000000,0.000000,0.000000,0.000000,0.000000,0.000000,0.000000,0.000000,4.957809,0.025698,0.191882,-0.031379,0.005070,0.004085,0.542232,0.090230,-0.011308,4.961587,0.549805
