t,t_rel,thrust,tau_phi,tau_theta,tau_psi,w0,w1,w2,w3,ud_T,ud_phi,ud_theta,ud_psi,ui_T,ui_phi,ui_theta,ui_psi,ut_T,ut_phi,ut_theta,ut_psi,torque_scale,cost_state,cost_input,solve_ok,int_err_x,int_err_y,int_err_z
16.083000,0.023000,18.043651,-0.009776,0.053360,0.000000,719.053167,733.704357,717.157261,735.557614,1.383201,-0.009764,0.053366,0.000000,1.945450,-0.000013,-0.000006,0.000000,18.043651,-0.009776,0.053360,0.000000,1.000000,0.055580,0.019427,1.000000,-0.000003,0.000006,0.648483
16.100000,0.040000,17.686639,-0.007012,0.040923,0.000002,713.448621,724.891475,712.079650,726.238454,1.027475,-0.007000,0.040928,0.000002,1.944164,-0.000013,-0.000006,0.000000,17.686639,-0.007012,0.040923,0.000002,1.000000,0.035819,0.010729,1.000000,-0.000003,0.000006,0.648055
16.122000,0.062000,16.881263,-0.002855,0.021276,0.000003,699.496969,705.743155,698.930414,706.308432,0.223292,-0.002842,0.021282,0.000003,1.942972,-0.000012,-0.000005,0.000000,16.881263,-0.002855,0.021276,0.000003,1.000000,0.013501,0.000545,1.000000,-0.000003,0.000006,0.647657
16.146000,0.086000,16.346757,-0.004103,0.022641,0.000003,688.136112,694.676199,687.307457,695.500597,-0.310170,-0.004091,0.022646,0.000003,1.941927,-0.000012,-0.000005,0.000000,16.346757,-0.004103,0.022641,0.000003,1.000000,0.006607,0.001015,1.000000,-0.000002,0.000006,0.647309
16.164000,0.104000,15.937337,0.000884,-0.001125,-0.000002,682.797242,682.607034,682.976396,682.425455,-0.718626,0.000896,-0.001121,-0.000002,1.940963,-0.000012,-0.000003,0.000000,15.937337,0.000884,-0.001125,-0.000002,1.000000,0.007808,0.005164,1.000000,-0.000002,0.000006,0.646988
16.186000,0.126000,15.623508,0.002940,-0.017465,-0.000010,678.548309,673.341930,679.144412,672.725862,-1.031537,0.002951,-0.017464,-0.000010,1.940045,-0.000011,-0.000001,0.000000,15.623508,0.002940,-0.017465,-0.000010,1.000000,0.011931,0.010672,1.000000,-0.000001,0.000006,0.646682
16.202000,0.142000,15.408302,0.003161,-0.022810,-0.000013,674.764681,667.776661,675.407463,667.106898,-1.245856,0.003172,-0.022813,-0.000013,1.939157,-0.000011,0.000002,0.000000,15.408302,0.003161,-0.022810,-0.000013,1.000000,0.016040,0.015575,1.000000,0.000001,0.000006,0.646386
16.223000,0.163000,15.227607,0.003699,-0.028729,-0.000019,671.775223,662.863272,672.528631,662.071024,-1.425639,0.003710,-0.028736,-0.000019,1.938246,-0.000011,0.000007,0.000000,15.227607,0.003699,-0.028729,-0.000019,1.000000,0.020398,0.020408,1.000000,0.000004,0.000005,0.646082
16.248000,0.188000,15.032977,0.001071,-0.020455,-0.000018,666.403962,659.689601,666.615387,659.449967,-1.619295,0.001081,-0.020468,-0.000018,1.937272,-0.000010,0.000013,0.000000,15.032977,0.001071,-0.020455,-0.000018,1.000000,0.025424,0.026263,1.000000,0.000007,0.000005,0.645757
16.260000,0.200000,14.913246,-0.000659,-0.015039,-0.000012,663.033247,657.771670,662.886006,657.901614,-1.738001,-0.000650,-0.015061,-0.000012,1.936247,-0.000009,0.000022,0.000000,14.913246,-0.000659,-0.015039,-0.000012,1.000000,0.028921,0.030229,1.000000,0.000011,0.000005,0.645416
16.284000,0.224000,14.977608,-0.002265,-0.008284,-0.000007,663.473139,660.180963,662.992939,660.653314,-1.672644,-0.002257,-0.008316,-0.000007,1.935252,-0.000008,0.000032,0.000000,14.977608,-0.002265,-0.008284,-0.000007,1.000000,0.026726,0.027985,1.000000,0.000016,0.000004,0.645084
16.302000,0.242000,14.970532,-0.004042,0.002934,-0.000000,661.597171,661.743772,660.745383,662.593548,-1.678710,-0.004036,0.002888,-0.000000,1.934242,-0.000007,0.000045,0.000000,14.970532,-0.004042,0.002934,-0.000000,1.000000,0.026756,0.028183,1.000000,0.000023,0.000003,0.644747
16.325000,0.265000,14.875295,-0.004205,0.010459,-0.000021,658.228731,660.908886,657.323363,661.777916,-1.772865,-0.004200,0.010399,-0.000021,1.933160,-0.000005,0.000061,0.000000,14.875295,-0.004205,0.010459,-0.000021,1.000000,0.029694,0.031443,1.000000,0.000030,0.000003,0.644387
16.340000,0.280000,14.911019,-0.002461,0.013366,-0.000064,658.356002,662.392266,657.790399,662.860561,-1.736070,-0.002458,0.013286,-0.000064,1.932089,-0.000003,0.000080,0.000000,14.911019,-0.002461,0.013366,-0.000064,1.000000,0.028662,0.030158,1.000000,0.000040,0.000002,0.644030
16.365000,0.305000,14.822919,-0.000936,0.012514,-0.000102,656.394029,660.475258,656.123292,660.593901,-1.823013,-0.000935,0.012413,-0.000102,1.930932,-0.000001,0.000101,0.000000,14.822919,-0.000936,0.012514,-0.000102,1.000000,0.031683,0.033249,1.000000,0.000051,0.000001,0.643644
16.381000,0.321000,14.829128,0.001360,0.011448,-0.000082,656.464457,660.665283,656.695132,660.315342,-1.815625,0.001359,0.011321,-0.000082,1.929753,0.000001,0.000126,0.000000,14.829128,0.001360,0.011448,-0.000082,1.000000,0.031701,0.032978,1.000000,0.000063,-0.000001,0.643251
16.402000,0.342000,14.748162,0.002039,0.002804,-0.000035,656.053460,657.447422,656.461212,656.987914,-1.895323,0.002035,0.002649,-0.000035,1.928485,0.000004,0.000155,0.000000,14.748162,0.002039,0.002804,-0.000035,1.000000,0.034809,0.035924,1.000000,0.000077,-0.000002,0.642828
16.425000,0.365000,14.782948,0.001995,0.000322,-0.000019,657.252066,657.785475,657.661204,657.348231,-1.859250,0.001988,0.000133,-0.000019,1.927198,0.000007,0.000189,0.000000,14.782948,0.001995,0.000322,-0.000019,1.000000,0.033896,0.034569,1.000000,0.000095,-0.000003,0.642399
16.442000,0.382000,14.789778,0.005567,-0.007681,0.000011,658.383857,656.934836,659.567798,655.761841,-1.851086,0.005557,-0.007907,0.000011,1.925864,0.000010,0.000226,0.000000,14.789778,0.005567,-0.007681,0.000011,1.000000,0.034155,0.034275,1.000000,0.000113,-0.000005,0.641955
16.468000,0.408000,14.836638,0.003814,-0.008087,0.000002,659.680848,657.725331,660.487201,656.919180,-1.802882,0.003801,-0.008356,0.000002,1.924521,0.000013,0.000270,0.000000,14.836638,0.003814,-0.008087,0.000002,1.000000,0.032835,0.032512,1.000000,0.000135,-0.000006,0.641507
16.483000,0.423000,14.850096,0.003448,-0.008251,-0.000054,660.065374,657.979485,660.754772,657.207483,-1.788056,0.003434,-0.008571,-0.000054,1.923152,0.000015,0.000320,0.000000,14.850096,0.003448,-0.008251,-0.000054,1.000000,0.032674,0.031980,1.000000,0.000160,-0.000007,0.641051
16.503000,0.443000,14.776534,0.000486,-0.005449,-0.000074,658.275598,656.516614,658.326051,656.355587,-1.860168,0.000470,-0.005824,-0.000074,1.921702,0.000017,0.000375,0.000000,14.776534,0.000486,-0.005449,-0.000074,1.000000,0.035248,0.034606,1.000000,0.000187,-0.000008,0.640567
16.522000,0.462000,14.872165,0.002219,-0.002326,-0.000061,659.676738,659.354116,660.102031,658.838030,-1.763122,0.002202,-0.002765,-0.000061,1.920288,0.000017,0.000439,0.000000,14.872165,0.002219,-0.002326,-0.000061,1.000000,0.032446,0.031087,1.000000,0.000220,-0.000009,0.640096
16.543000,0.483000,14.871609,0.001826,0.000388,-0.000038,659.235002,659.754208,659.593676,659.339206,-1.762234,0.001809,-0.000123,-0.000038,1.918843,0.000017,0.000511,0.000000,14.871609,0.001826,0.000388,-0.000038,1.000000,0.032755,0.031055,1.000000,0.000256,-0.000008,0.639614
16.561000,0.501000,14.803725,0.004425,0.001786,-0.000003,657.200761,658.748073,658.135454,657.809426,-1.828603,0.004408,0.001199,-0.000003,1.917328,0.000017,0.000587,0.000000,14.803725,0.004425,0.001786,-0.000003,1.000000,0.035319,0.033440,1.000000,0.000293,-0.000009,0.639109
16.582000,0.522000,14.797112,0.005831,0.000609,0.000001,657.104725,658.547481,658.339740,657.313685,-1.833667,0.005814,-0.000060,0.000001,1.915780,0.000017,0.000669,0.000000,14.797112,0.005831,0.000609,0.000001,1.000000,0.035976,0.033627,1.000000,0.000335,-0.000008,0.638593
16.604000,0.544000,14.815143,0.006975,0.000706,0.000009,657.365078,659.081649,658.847502,657.613542,-1.814066,0.006960,-0.000054,0.000009,1.914209,0.000015,0.000760,0.000000,14.815143,0.006975,0.000706,0.000009,1.000000,0.035858,0.032913,1.000000,0.000380,-0.000007,0.638070
16.623000,0.563000,14.798986,0.003869,-0.000971,0.000011,657.620765,658.107545,658.447515,657.296955,-1.828608,0.003858,-0.001830,0.000011,1.912594,0.000011,0.000859,0.000000,14.798986,0.003869,-0.000971,0.000011,1.000000,0.036774,0.033440,1.000000,0.000430,-0.000006,0.637531
16.641000,0.581000,14.887547,0.008296,0.002091,0.000017,658.594870,661.058285,660.358467,659.321064,-1.738465,0.008293,0.001120,0.000017,1.911012,0.000004,0.000971,0.000000,14.887547,0.008296,0.002091,0.000017,1.000000,0.034520,0.030230,1.000000,0.000486,-0.000002,0.637004
16.662000,0.602000,14.864340,0.003415,-0.002179,0.000018,659.323927,659.301233,660.057778,658.593691,-1.760059,0.003420,-0.003269,0.000018,1.909399,-0.000005,0.001091,0.000000,14.864340,0.003415,-0.002179,0.000018,1.000000,0.035430,0.030980,1.000000,0.000545,0.000002,0.636466
16.682000,0.622000,14.828016,0.010575,0.000772,0.000039,657.248296,659.747096,659.512453,657.541391,-1.794728,0.010591,-0.000447,0.000039,1.907744,-0.000016,0.001220,0.000000,14.828016,0.010575,0.000772,0.000039,1.000000,0.037309,0.032222,1.000000,0.000610,0.000008,0.635915
16.708000,0.648000,14.974007,-0.007048,0.013155,0.000086,660.220641,663.206699,658.793027,664.751123,-1.647298,-0.006987,0.011744,0.000086,1.906304,-0.000061,0.001411,0.000000,14.974007,-0.007048,0.013155,0.000086,1.000000,0.032931,0.027155,1.000000,0.000705,0.000031,0.635435
16.722000,0.662000,14.944837,0.016969,0.000321,0.000098,659.223376,662.903763,662.866810,659.405169,-1.674866,0.017053,-0.001249,0.000098,1.904703,-0.000085,0.001570,0.000000,14.944837,0.016969,0.000321,0.000098,1.000000,0.034910,0.028081,1.000000,0.000785,0.000042,0.634901
16.747000,0.687000,14.855524,0.015622,-0.005599,0.000019,658.421669,659.810892,661.731241,656.520447,-1.762515,0.015732,-0.007334,0.000019,1.903039,-0.000110,0.001736,0.000000,14.855524,0.015622,-0.005599,0.000019,1.000000,0.037903,0.031095,1.000000,0.000868,0.000055,0.634346
16.766000,0.706000,14.951115,0.016696,0.002618,-0.000311,659.143226,663.560393,662.443627,659.806869,-1.665328,0.016842,0.000695,-0.000311,1.901443,-0.000147,0.001924,0.000000,14.951115,0.016696,0.002618,-0.000311,1.000000,0.035489,0.027762,1.000000,0.000962,0.000073,0.633814
16.784000,0.724000,14.865080,0.011257,-0.002698,-0.000419,658.754412,660.226041,660.835680,657.521912,-1.749689,0.011440,-0.004813,-0.000419,1.899769,-0.000183,0.002115,0.000000,14.865080,0.011257,-0.002698,-0.000419,1.000000,0.038166,0.030630,1.000000,0.001058,0.000091,0.633256
16.803000,0.743000,15.013201,-0.001569,0.013641,-0.000445,660.614876,664.930802,659.970916,664.917315,-1.600126,-0.001297,0.011254,-0.000445,1.898327,-0.000272,0.002386,0.000000,15.013201,-0.001569,0.013641,-0.000445,1.000000,0.034596,0.025617,1.000000,0.001193,0.000136,0.632776
16.822000,0.762000,14.869778,0.023312,-0.003014,-0.000315,657.600939,661.506114,662.298487,656.334948,-1.741871,0.023629,-0.005614,-0.000315,1.896649,-0.000317,0.002600,0.000000,14.869778,0.023312,-0.003014,-0.000315,1.000000,0.039216,0.030400,1.000000,0.001300,0.000158,0.632216
16.847000,0.787000,14.923346,0.012334,0.006329,-0.000329,658.360712,663.126604,660.733680,660.277050,-1.686661,0.012713,0.003489,-0.000329,1.895007,-0.000379,0.002840,0.000000,14.923346,0.012334,0.006329,-0.000329,1.000000,0.037785,0.028466,1.000000,0.001420,0.000189,0.631669
16.867000,0.807000,14.888494,0.022879,0.000010,-0.000352,657.558511,662.402148,662.139643,657.301226,-1.719844,0.023322,-0.003076,-0.000352,1.893338,-0.000443,0.003087,0.000000,14.888494,0.022879,0.000010,-0.000352,1.000000,0.039547,0.029634,1.000000,0.001543,0.000221,0.631113
16.888000,0.828000,14.819778,0.030777,-0.003275,-0.000374,655.761499,661.164825,662.003013,654.358661,-1.786752,0.031258,-0.006584,-0.000374,1.891531,-0.000481,0.003309,0.000000,14.819778,0.030777,-0.003275,-0.000374,1.000000,0.042201,0.032027,1.000000,0.001654,0.000241,0.630510
16.906000,0.846000,14.804238,0.012275,-0.001582,-0.000284,657.056001,659.122892,659.452621,656.303382,-1.800448,0.012800,-0.005123,-0.000284,1.889686,-0.000525,0.003541,0.000000,14.804238,0.012275,-0.001582,-0.000284,1.000000,0.042602,0.032435,1.000000,0.001771,0.000262,0.629895
16.924000,0.864000,14.969568,0.014165,0.013057,-0.000380,658.061958,665.494737,660.786276,662.231269,-1.633452,0.014787,0.009219,-0.000380,1.888021,-0.000622,0.003839,0.000000,14.969568,0.014165,0.013057,-0.000380,1.000000,0.038681,0.026712,1.000000,0.001919,0.000311,0.629340
16.952000,0.892000,15.031455,-0.005782,0.019241,-0.000380,656.124005,660.396779,660.078195,656.381431,-1.570072,-0.005002,0.015036,-0.000380,1.886526,-0.000779,0.004205,0.000000,15.031455,-0.005782,0.019241,-0.000380,1.000000,0.037420,0.024676,1.000000,0.002103,0.000390,0.628842
16.967000,0.907000,14.816078,0.018828,0.000843,-0.000042,656.124005,660.396779,660.078195,656.381431,-1.783730,0.019708,-0.003670,-0.000042,1.884808,-0.000880,0.004513,0.000000,14.816078,0.018828,0.000843,-0.000042,1.000000,0.043242,0.031857,1.000000,0.002256,0.000440,0.628269
16.992000,0.932000,14.819366,0.012190,0.001097,-0.000018,656.848987,659.803206,659.415847,657.211499,-1.778799,0.013208,-0.003765,-0.000018,1.883165,-0.001018,0.004862,0.000000,14.819366,0.012190,0.001097,-0.000018,1.000000,0.043549,0.031660,1.000000,0.002431,0.000509,0.627722
17.012000,0.952000,14.777958,0.017923,0.000624,-0.000099,655.427661,659.441405,659.154921,655.568152,-1.818512,0.019074,-0.004585,-0.000099,1.881469,-0.001151,0.005210,0.000000,14.777958,0.017923,0.000624,-0.000099,1.000000,0.045226,0.033108,1.000000,0.002605,0.000576,0.627156
17.041000,0.981000,14.642747,0.057124,-0.005767,-0.000136,656.453908,663.759836,657.568677,662.420949,-1.951682,0.058288,-0.011207,-0.000136,1.879429,-0.001164,0.005441,0.000000,14.642747,0.057124,-0.005767,-0.000136,1.000000,0.051063,0.038443,1.000000,0.002720,0.000582,0.626476
17.048000,0.988000,14.897670,0.005791,0.017837,-0.000159,656.453908,663.759836,657.568677,662.420949,-1.695076,0.007122,0.012012,-0.000159,1.877746,-0.001331,0.005825,0.000000,14.897670,0.005791,0.017837,-0.000159,1.000000,0.043050,0.028752,1.000000,0.002913,0.000666,0.625915
17.061000,1.001000,14.957370,0.029221,0.024554,-0.000305,654.195075,668.708829,660.171758,662.360312,-1.633690,0.030722,0.018340,-0.000305,1.876060,-0.001500,0.006214,0.000000,14.957370,0.029221,0.024554,-0.000305,1.000000,0.042844,0.026817,1.000000,0.003107,0.000750,0.625353
17.093000,1.033000,14.895524,0.021918,0.023627,-0.000565,657.150390,662.273715,657.081048,661.554871,-1.693830,0.023596,0.017014,-0.000565,1.874354,-0.001678,0.006613,0.000000,14.895524,0.021918,0.023627,-0.000565,1.000000,0.044410,0.028775,1.000000,0.003306,0.000839,0.624785
17.104000,1.044000,14.873362,0.001456,0.014068,-0.000535,657.150390,662.273715,657.081048,661.554871,-1.714319,0.003353,0.007022,-0.000535,1.872681,-0.001897,0.007046,0.000000,14.873362,0.001456,0.014068,-0.000535,1.000000,0.044966,0.029395,1.000000,0.003523,0.000949,0.624227
17.132000,1.072000,14.897437,0.032342,0.030936,-0.000333,651.429965,668.807180,658.073100,661.782025,-1.688525,0.034433,0.023473,-0.000333,1.870962,-0.002091,0.007463,0.000000,14.897437,0.032342,0.030936,-0.000333,1.000000,0.045500,0.028685,1.000000,0.003731,0.001046,0.623654
17.146000,1.086000,14.963047,0.033718,0.041271,0.000044,650.836810,671.971784,658.042824,664.980926,-1.621224,0.036024,0.033371,0.000044,1.869271,-0.002306,0.007899,0.000000,14.963047,0.033718,0.041271,0.000044,1.000000,0.044641,0.026525,1.000000,0.003949,0.001154,0.623090
17.169000,1.109000,14.982039,0.021461,0.036566,0.000464,653.233648,670.165351,658.120394,666.046624,-1.600561,0.024007,0.028209,0.000464,1.867601,-0.002546,0.008356,0.000000,14.982039,0.021461,0.036566,0.000464,1.000000,0.044077,0.025755,1.000000,0.004178,0.001274,0.622534
17.188000,1.128000,14.975570,0.025278,0.036576,0.000694,652.598261,670.334904,658.459698,665.595279,-1.605358,0.028073,0.027753,0.000694,1.865928,-0.002795,0.008823,0.000000,14.975570,0.025278,0.036576,0.000694,1.000000,0.044670,0.025928,1.000000,0.004411,0.001398,0.621976
17.205000,1.145000,14.964390,0.007126,0.027440,0.000795,655.815395,666.623892,657.887859,665.743244,-1.614936,0.010247,0.018097,0.000795,1.864326,-0.003121,0.009343,0.000000,14.964390,0.007126,0.027440,0.000795,1.000000,0.045877,0.026124,1.000000,0.004671,0.001561,0.621442
17.227000,1.167000,14.882599,0.019649,0.007527,0.000339,656.238694,662.942413,660.633188,659.064440,-1.695004,0.023036,-0.002296,0.000339,1.862604,-0.003387,0.009823,0.000000,14.882599,0.019649,0.007527,0.000339,1.000000,0.046977,0.028784,1.000000,0.004911,0.001694,0.620868
17.249000,1.189000,15.016150,0.010853,0.034852,0.000448,655.425097,669.525884,658.042960,667.607019,-1.559846,0.014582,0.024495,0.000448,1.860996,-0.003728,0.010357,0.000000,15.016150,0.010853,0.034852,0.000448,1.000000,0.045611,0.024412,1.000000,0.005178,0.001865,0.620332
17.267000,1.207000,14.991841,0.031415,0.026871,0.000101,654.189753,669.924764,660.914090,663.439577,-1.582516,0.035468,0.015989,0.000101,1.859357,-0.004053,0.010882,0.000000,14.991841,0.031415,0.026871,0.000101,1.000000,0.046258,0.025195,1.000000,0.005440,0.002028,0.619786
17.284000,1.224000,14.888996,0.036798,0.028248,-0.000325,651.225597,668.631501,658.818725,660.671901,-1.683668,0.041178,0.016840,-0.000325,1.857665,-0.004380,0.011408,0.000000,14.888996,0.036798,0.028248,-0.000325,1.000000,0.049483,0.028545,1.000000,0.005703,0.002192,0.619222
17.306000,1.246000,14.969701,0.032948,0.035746,-0.000463,652.202833,671.304238,658.874336,664.078104,-1.601325,0.037684,0.023792,-0.000463,1.856025,-0.004736,0.011954,0.000000,14.969701,0.032948,0.035746,-0.000463,1.000000,0.048093,0.025841,1.000000,0.005976,0.002370,0.618675
17.329000,1.269000,14.969800,0.031254,0.037205,-0.000666,652.206245,671.452276,658.376853,664.427154,-1.599592,0.036368,0.024691,-0.000666,1.854392,-0.005114,0.012514,0.000000,14.969800,0.031254,0.037205,-0.000666,1.000000,0.048739,0.025780,1.000000,0.006256,0.002559,0.618131
17.343000,1.283000,14.881399,0.019647,0.018816,-0.000559,654.592738,665.173185,658.365104,660.614858,-1.686303,0.025136,0.005744,-0.000559,1.852702,-0.005489,0.013072,0.000000,14.881399,0.019647,0.018816,-0.000559,1.000000,0.050650,0.028503,1.000000,0.006535,0.002747,0.617567
17.374000,1.314000,14.998168,0.015629,0.053490,-0.000672,655.557055,671.677634,654.163423,672.304631,-1.567921,0.021552,0.039827,-0.000672,1.851089,-0.005923,0.013662,0.000000,14.998168,0.015629,0.053490,-0.000672,1.000000,0.049826,0.024789,1.000000,0.006830,0.002964,0.617030
17.387000,1.327000,15.052589,-0.004873,0.050520,-0.000504,655.557055,671.677634,654.163423,672.304631,-1.511994,0.001595,0.036211,-0.000504,1.849583,-0.006468,0.014309,0.000000,15.052589,-0.004873,0.050520,-0.000504,1.000000,0.050870,0.022993,1.000000,0.007153,0.003237,0.616528
17.407000,1.347000,14.968439,-0.001549,0.018237,-0.000139,658.729254,664.608472,658.303469,664.825791,-1.594586,0.005454,0.003290,-0.000139,1.848025,-0.007002,0.014947,0.000000,14.968439,-0.001549,0.018237,-0.000139,1.000000,0.051588,0.025431,1.000000,0.007472,0.003504,0.616008
17.424000,1.364000,14.855235,0.059043,0.032729,-0.000253,647.277575,670.932356,659.680046,658.366754,-1.706117,0.066476,0.017192,-0.000253,1.846352,-0.007433,0.015538,0.000000,14.855235,0.059043,0.032729,-0.000253,1.000000,0.053319,0.029580,1.000000,0.007767,0.003719,0.615451
17.442000,1.382000,14.841853,0.050576,0.015662,-0.000255,650.842769,666.889060,661.396927,656.044443,-1.717885,0.058541,-0.000509,-0.000255,1.844738,-0.007966,0.016171,0.000000,14.841853,0.050576,0.015662,-0.000255,1.000000,0.055420,0.029854,1.000000,0.008084,0.003986,0.614913
17.462000,1.402000,14.968844,0.036541,0.066784,-0.000336,646.375876,676.788102,653.962694,668.970655,-1.589283,0.045041,0.049978,-0.000336,1.843127,-0.008501,0.016806,0.000000,14.968844,0.036541,0.066784,-0.000336,1.000000,0.054137,0.025711,1.000000,0.008401,0.004254,0.614376
17.487000,1.427000,15.070233,0.005545,0.047989,-0.000460,655.262502,672.700377,656.114815,671.201748,-1.486478,0.014817,0.030460,-0.000460,1.841711,-0.009271,0.017529,0.000000,15.070233,0.005545,0.047989,-0.000460,1.000000,0.057382,0.022211,1.000000,0.008762,0.004640,0.613904
17.500000,1.440000,14.904297,0.039172,0.071116,-0.000726,644.014014,676.531108,651.912999,667.864655,-1.650765,0.048969,0.052957,-0.000726,1.840061,-0.009797,0.018159,0.000000,14.904297,0.039172,0.071116,-0.000726,1.000000,0.056054,0.027771,1.000000,0.009077,0.004903,0.613354
17.522000,1.462000,14.911691,0.018986,0.068309,-0.000614,646.808338,674.100119,650.445320,669.698432,-1.641734,0.029340,0.049510,-0.000614,1.838425,-0.010354,0.018799,0.000000,14.911691,0.018986,0.068309,-0.000614,1.000000,0.056451,0.027284,1.000000,0.009397,0.005182,0.612808
17.543000,1.483000,14.864790,0.020452,0.036441,-0.000274,650.996505,667.758026,655.163085,663.268249,-1.686958,0.031347,0.017008,-0.000274,1.836748,-0.010895,0.019432,0.000000,14.864790,0.020452,0.036441,-0.000274,1.000000,0.056577,0.028585,1.000000,0.009713,0.005453,0.612249
17.568000,1.508000,14.898605,0.012104,0.038779,-0.000276,652.244636,668.022860,654.627853,665.282716,-1.651617,0.023788,0.018644,-0.000276,1.835221,-0.011684,0.020135,0.000000,14.898605,0.012104,0.038779,-0.000276,1.000000,0.061696,0.027370,1.000000,0.010064,0.005848,0.611740
17.589000,1.529000,14.973058,0.002909,0.043917,-0.000065,653.931787,669.476805,654.505113,668.821978,-1.575673,0.015415,0.023074,-0.000065,1.833731,-0.012506,0.020844,0.000000,14.973058,0.002909,0.043917,-0.000065,1.000000,0.060544,0.024904,1.000000,0.010418,0.006259,0.611244
17.604000,1.544000,14.849603,0.027795,0.057113,-0.000012,646.187112,671.562339,652.141120,665.764523,-1.697415,0.040892,0.035627,-0.000012,1.832018,-0.013098,0.021487,0.000000,14.849603,0.027795,0.057113,-0.000012,1.000000,0.058569,0.029106,1.000000,0.010739,0.006555,0.610673
17.622000,1.562000,14.904520,0.010006,0.067675,-0.000012,647.507047,672.681809,649.646585,670.597775,-1.640820,0.023750,0.045532,-0.000012,1.830340,-0.013745,0.022143,0.000000,14.904520,0.010006,0.067675,-0.000012,1.000000,0.058566,0.027187,1.000000,0.011067,0.006879,0.610113
17.644000,1.584000,14.931639,0.016866,0.070554,-0.000005,646.878518,674.457585,650.495994,670.962551,-1.612032,0.031262,0.047755,-0.000005,1.828671,-0.014396,0.022799,0.000000,14.931639,0.016866,0.070554,-0.000005,1.000000,0.057918,0.026312,1.000000,0.011395,0.007205,0.609557
17.664000,1.604000,14.877310,0.028202,0.071075,-0.000093,644.366587,674.570540,650.366276,668.651839,-1.664649,0.043248,0.047626,-0.000093,1.826959,-0.015047,0.023450,0.000000,14.877310,0.028202,0.071075,-0.000093,1.000000,0.059444,0.028124,1.000000,0.011720,0.007531,0.608986
17.687000,1.627000,15.015244,-0.004195,0.106491,-0.000312,644.893594,680.181032,643.762576,680.805681,-1.525099,0.011615,0.082369,-0.000312,1.825343,-0.015810,0.024122,0.000000,15.015244,-0.004195,0.106491,-0.000312,1.000000,0.059627,0.023951,1.000000,0.012056,0.007913,0.608448
17.702000,1.642000,14.999883,0.013373,0.089574,-0.000412,645.634934,678.888100,648.218093,675.827982,-1.538845,0.029955,0.064781,-0.000412,1.823728,-0.016582,0.024792,0.000000,14.999883,0.013373,0.089574,-0.000412,1.000000,0.058993,0.024190,1.000000,0.012390,0.008300,0.607909
17.720000,1.660000,14.908429,0.020094,0.051572,-0.000581,649.508672,671.333024,653.389821,666.706605,-1.628633,0.037408,0.026122,-0.000581,1.822061,-0.017314,0.025449,0.000000,14.908429,0.020094,0.051572,-0.000581,1.000000,0.059673,0.026733,1.000000,0.012719,0.008666,0.607354
17.742000,1.682000,14.944798,0.012156,0.080366,-0.001115,646.375213,676.310810,648.190596,672.957397,-1.590626,0.030254,0.054256,-0.001115,1.820424,-0.018098,0.026110,0.000000,14.944798,0.012156,0.080366,-0.001115,1.000000,0.060577,0.025687,1.000000,0.013048,0.009059,0.606808
17.770000,1.710000,14.936950,0.000257,0.013225,-0.000996,658.996834,663.584741,658.349457,662.764157,-1.596955,0.019391,-0.013562,-0.000996,1.818905,-0.019134,0.026787,0.000000,14.936950,0.000257,0.013225,-0.000996,1.000000,0.066171,0.025559,1.000000,0.013386,0.009577,0.606302
17.788000,1.728000,14.903677,0.011351,0.061197,-0.000862,648.771746,672.041679,650.589313,669.027997,-1.628554,0.031294,0.033759,-0.000862,1.817232,-0.019942,0.027438,0.000000,14.903677,0.011351,0.061197,-0.000862,1.000000,0.061610,0.026734,1.000000,0.013712,0.009981,0.605744
17.805000,1.745000,14.993032,-0.015192,0.076337,-0.000775,650.975088,673.734676,647.161058,676.282347,-1.537590,0.005644,0.048243,-0.000775,1.815622,-0.020836,0.028093,0.000000,14.993032,-0.015192,0.076337,-0.000775,1.000000,0.062025,0.023878,1.000000,0.014039,0.010428,0.605207
17.824000,1.764000,14.917029,0.025551,0.091703,-0.000001,641.915585,678.550502,647.434561,673.285693,-1.611933,0.047224,0.062966,-0.000001,1.813962,-0.021673,0.028737,0.000000,14.917029,0.025551,0.091703,-0.000001,1.000000,0.062306,0.026603,1.000000,0.014360,0.010847,0.604654
17.842000,1.782000,14.951238,-0.007680,0.095580,-0.000139,645.659160,676.569526,643.900412,678.043881,-1.576092,0.014905,0.066203,-0.000139,1.812330,-0.022585,0.029377,0.000000,14.951238,-0.007680,0.095580,-0.000139,1.000000,0.064159,0.025301,1.000000,0.014680,0.011303,0.604110
17.866000,1.806000,14.905779,0.016282,0.092651,0.000145,642.445457,677.458325,646.069819,674.213126,-1.619888,0.039772,0.062643,0.000145,1.810667,-0.023490,0.030008,0.000000,14.905779,0.016282,0.092651,0.000145,1.000000,0.064374,0.026791,1.000000,0.014995,0.011756,0.603556
17.891000,1.831000,14.963491,0.003052,0.078972,-0.000032,647.631370,675.135986,648.263978,674.481632,-1.560593,0.027563,0.048341,-0.000032,1.809084,-0.024511,0.030631,0.000000,14.963491,0.003052,0.078972,-0.000032,1.000000,0.065979,0.024664,1.000000,0.015306,0.012267,0.603028
17.908000,1.848000,14.873668,0.031000,0.079010,-0.000191,642.629452,676.138567,649.175759,669.577603,-1.648736,0.056410,0.047766,-0.000191,1.807404,-0.025410,0.031244,0.000000,14.873668,0.031000,0.079010,-0.000191,1.000000,0.065159,0.027730,1.000000,0.015613,0.012716,0.602468
17.928000,1.868000,14.931772,-0.009580,0.078776,-0.000110,648.334586,673.139955,646.194596,675.035990,-1.588983,0.016807,0.046928,-0.000110,1.805755,-0.026387,0.031848,0.000000,14.931772,-0.009580,0.078776,-0.000110,1.000000,0.066484,0.025497,1.000000,0.015915,0.013205,0.601918
17.940000,1.880000,14.896493,0.010612,0.075406,-0.000253,646.002011,673.952818,648.104685,671.564285,-1.622582,0.037938,0.042962,-0.000253,1.804075,-0.027326,0.032443,0.000000,14.896493,0.010612,0.075406,-0.000253,1.000000,0.066301,0.026656,1.000000,0.016212,0.013674,0.601358
17.966000,1.906000,14.838596,0.010590,0.049672,-0.000181,649.141152,668.348914,651.280240,666.000084,-1.678753,0.038842,0.016644,-0.000181,1.802349,-0.028252,0.033027,0.000000,14.838596,0.010590,0.049672,-0.000181,1.000000,0.067876,0.028361,1.000000,0.016504,0.014138,0.600783
17.980000,1.920000,14.907882,-0.018680,0.085902,-0.000285,647.599053,672.936693,643.364114,676.576594,-1.607784,0.010547,0.052304,-0.000285,1.800666,-0.029227,0.033598,0.000000,14.907882,-0.018680,0.085902,-0.000285,1.000000,0.069622,0.026134,1.000000,0.016789,0.014625,0.600222
18.004000,1.944000,14.858214,0.000984,0.050933,-0.000177,650.392355,667.987888,650.476814,667.647607,-1.655729,0.031178,0.016776,-0.000177,1.798942,-0.030194,0.034157,0.000000,14.858214,0.000984,0.050933,-0.000177,1.000000,0.068642,0.027540,1.000000,0.017068,0.015109,0.599647
18.028000,1.968000,14.977141,-0.052362,0.098134,-0.000846,650.852611,673.213799,638.936877,683.327922,-1.535156,-0.021108,0.063439,-0.000846,1.797296,-0.031253,0.034695,0.000000,14.977141,-0.052362,0.098134,-0.000846,1.000000,0.070812,0.024014,1.000000,0.017337,0.015638,0.599099
18.043000,1.983000,14.969344,-0.031148,0.094430,-0.001192,649.169457,674.749342,641.591062,680.253292,-1.541293,0.001159,0.059208,-0.001192,1.795637,-0.032307,0.035222,0.000000,14.969344,-0.031148,0.094430,-0.001192,1.000000,0.068365,0.024107,1.000000,0.017600,0.016165,0.598546
18.063000,2.003000,14.977006,-0.052226,0.098468,-0.001604,651.047780,673.568168,638.614190,683.082877,-1.531988,-0.018808,0.062743,-0.001604,1.793994,-0.033418,0.035725,0.000000,14.977006,-0.052226,0.098468,-0.001604,1.000000,0.070227,0.023899,1.000000,0.017852,0.016721,0.597998
18.085000,2.025000,14.956463,-0.012920,0.099718,-0.001789,646.214749,677.453178,642.132350,678.759302,-1.550885,0.021600,0.063503,-0.001789,1.792348,-0.034520,0.036215,0.000000,14.956463,-0.012920,0.099718,-0.001789,1.000000,0.067920,0.024503,1.000000,0.018096,0.017272,0.597449
18.102000,2.042000,14.939214,-0.005474,0.091723,-0.001578,646.337858,676.438630,644.020878,676.374179,-1.566502,0.030194,0.055046,-0.001578,1.790716,-0.035667,0.036677,0.000000,14.939214,-0.005474,0.091723,-0.001578,1.000000,0.069626,0.024934,1.000000,0.018327,0.017846,0.596905
18.122000,2.062000,14.942503,-0.000192,0.091003,-0.001154,645.816047,676.773287,644.944750,675.941788,-1.561568,0.036631,0.053880,-0.001154,1.789071,-0.036823,0.037123,0.000000,14.942503,-0.000192,0.091003,-0.001154,1.000000,0.069044,0.024810,1.000000,0.018550,0.018423,0.596357
18.145000,2.085000,14.884057,0.034785,0.088169,-0.000507,640.964411,678.392410,648.114923,670.827843,-1.618335,0.072715,0.050609,-0.000507,1.787393,-0.037930,0.037560,0.000000,14.884057,0.034785,0.088169,-0.000507,1.000000,0.069211,0.026975,1.000000,0.018768,0.018977,0.595798
18.164000,2.104000,14.928479,-0.004268,0.082997,-0.000376,647.051665,674.423040,645.862135,675.019085,-1.572256,0.034831,0.045032,-0.000376,1.785735,-0.039098,0.037965,0.000000,14.928479,-0.004268,0.082997,-0.000376,1.000000,0.071230,0.025044,1.000000,0.018971,0.019561,0.595245
18.181000,2.121000,14.965386,-0.016762,0.078456,-0.000149,649.931656,673.088470,646.223226,676.435186,-1.533716,0.023552,0.040116,-0.000149,1.784101,-0.040313,0.038339,0.000000,14.965386,-0.016762,0.078456,-0.000149,1.000000,0.072228,0.023739,1.000000,0.019158,0.020168,0.594700
18.209000,2.149000,14.886060,-0.014936,0.090754,0.000219,645.677599,673.469539,642.606519,676.716271,-1.611361,0.026523,0.052043,0.000219,1.782421,-0.041458,0.038711,0.000000,14.886060,-0.014936,0.090754,0.000219,1.000000,0.075577,0.026306,1.000000,0.019344,0.020740,0.594140
18.232000,2.172000,14.998312,-0.043649,0.036662,0.000406,646.463031,672.444718,636.705198,682.424481,-1.497646,-0.000640,-0.002246,0.000406,1.780958,-0.043009,0.038907,0.000000,14.998312,-0.043649,0.036662,0.000406,1.000000,0.088124,0.022430,1.000000,0.019442,0.021515,0.593653
18.246000,2.186000,14.884728,-0.046666,0.105105,0.000513,646.463031,672.444718,636.705198,682.424481,-1.609556,-0.002446,0.065891,0.000513,1.779284,-0.044220,0.039214,0.000000,14.884728,-0.046666,0.105105,0.000513,1.000000,0.079669,0.026342,1.000000,0.019596,0.022120,0.593095
18.262000,2.202000,14.881551,-0.035919,0.107031,0.000764,644.806469,673.714228,637.557974,681.670737,-1.611041,0.009459,0.067513,0.000764,1.777592,-0.045378,0.039518,0.000000,14.881551,-0.035919,0.107031,0.000764,1.000000,0.078698,0.026419,1.000000,0.019748,0.022699,0.592531
18.283000,2.223000,14.860995,-0.027177,0.123370,0.000474,640.636934,677.001087,635.048371,682.923239,-1.629874,0.019315,0.083553,0.000474,1.775868,-0.046492,0.039817,0.000000,14.860995,-0.027177,0.123370,0.000474,1.000000,0.078637,0.027300,1.000000,0.019898,0.023255,0.591956
18.306000,2.246000,14.833540,-0.012374,0.086030,0.000265,645.018198,671.785814,642.532219,674.546374,-1.655572,0.035224,0.045935,0.000265,1.774112,-0.047598,0.040095,0.000000,14.833540,-0.012374,0.086030,0.000265,1.000000,0.078286,0.027744,1.000000,0.020037,0.023808,0.591371
18.325000,2.265000,14.918483,-0.054679,0.109446,0.000178,647.454113,673.201905,635.714229,684.552033,-1.568917,-0.005933,0.069111,0.000178,1.772401,-0.048746,0.040335,0.000000,14.918483,-0.054679,0.109446,0.000178,1.000000,0.079973,0.025096,1.000000,0.020157,0.024381,0.590800
18.342000,2.282000,14.971282,-0.064110,0.086853,-0.000145,653.671586,669.711838,639.762262,682.804321,-1.514443,-0.014159,0.046329,-0.000145,1.770725,-0.049951,0.040524,0.000000,14.971282,-0.064110,0.086853,-0.000145,1.000000,0.079483,0.023170,1.000000,0.020252,0.024983,0.590242
18.366000,2.306000,14.979004,-0.036224,0.053647,-0.000758,656.797741,667.432290,648.529681,674.374874,-1.505180,0.015170,0.013106,-0.000758,1.769185,-0.051394,0.040541,0.000000,14.979004,-0.036224,0.053647,-0.000758,1.000000,0.089122,0.022696,1.000000,0.020261,0.025705,0.589728
18.387000,2.327000,14.945402,-0.076919,0.089710,-0.000584,654.121085,668.460899,637.109762,683.862061,-1.537097,-0.024333,0.049024,-0.000584,1.767498,-0.052586,0.040686,0.000000,14.945402,-0.076919,0.089710,-0.000584,1.000000,0.080577,0.023926,1.000000,0.020333,0.026301,0.589166
18.408000,2.348000,14.887257,-0.036002,0.095371,-0.000807,647.538274,672.476903,639.163112,679.285183,-1.593521,0.017730,0.054544,-0.000807,1.765777,-0.053732,0.040827,0.000000,14.887257,-0.036002,0.095371,-0.000807,1.000000,0.078562,0.025722,1.000000,0.020404,0.026873,0.588592
18.422000,2.362000,14.953789,-0.080553,0.073973,-0.000969,657.529437,665.759657,639.538363,681.675497,-1.525313,-0.025590,0.033078,-0.000969,1.764102,-0.054963,0.040895,0.000000,14.953789,-0.080553,0.073973,-0.000969,1.000000,0.080672,0.023441,1.000000,0.020437,0.027489,0.588034
18.442000,2.382000,14.916059,-0.029129,0.095462,-0.000723,647.403841,673.796770,640.583742,679.247212,-1.561340,0.027012,0.054497,-0.000723,1.762399,-0.056141,0.040964,0.000000,14.916059,-0.029129,0.095462,-0.000723,1.000000,0.077600,0.024748,1.000000,0.020472,0.028078,0.587466
18.465000,2.405000,14.881134,-0.022729,0.101438,0.000070,644.597943,674.397345,639.719368,679.126984,-1.594539,0.034556,0.060413,0.000070,1.760673,-0.057285,0.041026,0.000000,14.881134,-0.022729,0.101438,0.000070,1.000000,0.078722,0.025910,1.000000,0.020503,0.028650,0.586891
18.485000,2.425000,14.846168,-0.023684,0.099168,0.000803,644.039837,672.882627,639.481408,678.371231,-1.627747,0.034732,0.058103,0.000803,1.758915,-0.058415,0.041065,0.000000,14.846168,-0.023684,0.099168,0.000803,1.000000,0.080587,0.026954,1.000000,0.020522,0.029215,0.586305
18.507000,2.447000,15.001385,-0.074514,0.056322,0.000983,660.272885,663.702665,645.072964,679.896168,-1.470872,-0.014845,0.015330,0.000983,1.757257,-0.059670,0.040992,0.000000,15.001385,-0.074514,0.056322,0.000983,1.000000,0.081295,0.021680,1.000000,0.020487,0.029841,0.585752
18.527000,2.467000,14.952915,-0.091491,0.071933,0.001246,658.235043,663.398190,639.490095,683.265210,-1.517594,-0.030706,0.030944,0.001246,1.755509,-0.060786,0.040988,0.000000,14.952915,-0.091491,0.071933,0.001246,1.000000,0.078847,0.023221,1.000000,0.020485,0.030399,0.585170
18.546000,2.486000,14.965912,-0.066338,0.064016,0.001458,657.139971,664.898955,643.979867,679.747165,-1.502929,-0.004337,0.023139,0.001458,1.753841,-0.062001,0.040877,0.000000,14.965912,-0.066338,0.064016,0.001458,1.000000,0.082166,0.022644,1.000000,0.020429,0.031007,0.584614
18.565000,2.505000,14.969017,-0.078946,0.059747,0.001209,659.359691,663.017700,643.342831,680.305380,-1.498165,-0.015704,0.019039,0.001209,1.752183,-0.063242,0.040709,0.000000,14.969017,-0.078946,0.059747,0.001209,1.000000,0.083590,0.022506,1.000000,0.020345,0.031627,0.584061
18.583000,2.523000,14.975767,-0.067334,0.059964,0.000725,658.415886,664.607227,644.539357,679.115170,-1.489772,-0.002841,0.019470,0.000725,1.750539,-0.064493,0.040494,0.000000,14.975767,-0.067334,0.059964,0.000725,1.000000,0.083095,0.022233,1.000000,0.020238,0.032252,0.583513
18.603000,2.543000,14.894695,-0.014722,0.069311,0.000141,649.601700,670.119301,646.538987,673.278571,-1.569154,0.050968,0.029024,0.000141,1.748849,-0.065691,0.040287,0.000000,14.894695,-0.014722,0.069311,0.000141,1.000000,0.082257,0.024966,1.000000,0.020134,0.032851,0.582950
18.624000,2.564000,14.877471,-0.015501,0.083807,-0.000403,646.976526,672.299015,643.340767,675.197901,-1.584682,0.051373,0.043757,-0.000403,1.747153,-0.066875,0.040049,0.000000,14.877471,-0.015501,0.083807,-0.000403,1.000000,0.083565,0.025568,1.000000,0.020015,0.033443,0.582384
18.644000,2.584000,14.958508,-0.064315,0.087962,-0.000569,653.367249,669.759551,639.098937,682.575740,-1.501993,0.003773,0.048217,-0.000569,1.745501,-0.068088,0.039745,0.000000,14.958508,-0.064315,0.087962,-0.000569,1.000000,0.084884,0.022794,1.000000,0.019862,0.034050,0.581834
18.663000,2.603000,14.899613,-0.041609,0.085106,-0.000329,650.027341,670.263203,640.812663,678.605278,-1.559193,0.027643,0.045659,-0.000329,1.743806,-0.069251,0.039447,0.000000,14.899613,-0.041609,0.085106,-0.000329,1.000000,0.086003,0.024596,1.000000,0.019713,0.034632,0.581269
18.684000,2.624000,14.883340,-0.059537,0.090958,-0.000210,650.526405,668.981265,637.500546,681.104404,-1.573760,0.010851,0.051827,-0.000210,1.742100,-0.070388,0.039132,0.000000,14.883340,-0.059537,0.090958,-0.000210,1.000000,0.088784,0.025048,1.000000,0.019554,0.035200,0.580700
18.706000,2.646000,14.888088,-0.107013,0.116676,-0.000497,651.369954,668.576752,627.706797,690.139498,-1.567302,-0.035531,0.077857,-0.000497,1.740389,-0.071482,0.038819,0.000000,14.888088,-0.107013,0.116676,-0.000497,1.000000,0.094217,0.025297,1.000000,0.019397,0.035748,0.580130
18.724000,2.664000,14.949707,-0.122774,0.073408,-0.000617,661.867597,661.006669,635.059648,685.926264,-1.504008,-0.050163,0.034991,-0.000617,1.738715,-0.072611,0.038418,0.000000,14.949707,-0.122774,0.073408,-0.000617,1.000000,0.094915,0.022995,1.000000,0.019195,0.036313,0.579572
18.744000,2.684000,14.958033,-0.119636,0.068047,-0.001386,662.901512,660.906354,636.262557,684.618454,-1.494013,-0.045921,0.030048,-0.001386,1.737046,-0.073716,0.037999,0.000000,14.958033,-0.119636,0.068047,-0.001386,1.000000,0.095288,0.022622,1.000000,0.018984,0.036866,0.579015
18.766000,2.706000,14.882923,-0.071820,0.075516,-0.001120,654.812271,665.434873,638.542049,679.458061,-1.567406,0.002930,0.037899,-0.001120,1.735329,-0.074751,0.037617,0.000000,14.882923,-0.071820,0.075516,-0.001120,1.000000,0.094594,0.024712,1.000000,0.018791,0.037384,0.578443
18.782000,2.722000,14.929149,-0.082296,0.042053,-0.001056,662.637199,659.648648,644.349418,676.002027,-1.519493,-0.006501,0.004882,-0.001056,1.733642,-0.075796,0.037171,0.000000,14.929149,-0.082296,0.042053,-0.001056,1.000000,0.094986,0.023095,1.000000,0.018566,0.037908,0.577881
18.804000,2.744000,14.956231,-0.006120,0.040464,-0.000735,655.347269,667.843535,653.523703,668.557451,-1.490872,0.070832,0.004030,-0.000735,1.732102,-0.076952,0.036434,0.000000,14.956231,-0.006120,0.040464,-0.000735,1.000000,0.105041,0.022730,1.000000,0.018194,0.038487,0.577367
18.825000,2.765000,14.877631,-0.063527,0.056271,-0.000899,657.036020,662.843693,642.781391,675.379057,-1.567745,0.014392,0.020277,-0.000899,1.730376,-0.077919,0.035993,0.000000,14.877631,-0.063527,0.056271,-0.000899,1.000000,0.095039,0.024640,1.000000,0.017971,0.038971,0.576792
18.845000,2.785000,14.939396,-0.074953,0.019582,-0.001214,665.952986,656.874679,649.222710,671.654767,-1.504296,0.003949,-0.015889,-0.001214,1.728692,-0.078901,0.035471,0.000000,14.939396,-0.074953,0.019582,-0.001214,1.000000,0.094641,0.022656,1.000000,0.017707,0.039464,0.576231
18.861000,2.801000,14.985168,-0.111096,-0.004033,-0.001270,674.687861,650.004241,650.447629,672.421758,-1.456883,-0.031189,-0.038870,-0.001270,1.727051,-0.079907,0.034837,0.000000,14.985168,-0.111096,-0.004033,-0.001270,1.000000,0.097647,0.021474,1.000000,0.017387,0.039967,0.575684
18.881000,2.821000,14.968637,-0.111882,0.019581,-0.000991,670.364007,653.515316,645.992816,676.189070,-1.471758,-0.031015,-0.014645,-0.000991,1.725394,-0.080867,0.034225,0.000000,14.968637,-0.111882,0.019581,-0.000991,1.000000,0.095679,0.021778,1.000000,0.017078,0.040448,0.575131
18.903000,2.843000,14.888226,-0.094464,0.069948,0.000158,657.834957,661.740090,637.639143,681.448269,-1.550463,-0.012699,0.036287,0.000158,1.723688,-0.081765,0.033660,0.000000,14.888226,-0.094464,0.069948,0.000158,1.000000,0.095407,0.024187,1.000000,0.016793,0.040898,0.574563
18.925000,2.865000,14.844508,-0.042522,0.066111,0.000259,651.959575,665.537697,642.999488,674.572525,-1.592448,0.040111,0.033037,0.000259,1.721956,-0.082634,0.033074,0.000000,14.844508,-0.042522,0.066111,0.000259,1.000000,0.096501,0.025629,1.000000,0.016498,0.041332,0.573985
18.945000,2.885000,14.916252,-0.104658,0.061420,0.000315,660.932286,659.773684,638.729254,681.742444,-1.519005,-0.021170,0.028967,0.000315,1.720257,-0.083487,0.032453,0.000000,14.916252,-0.104658,0.061420,0.000315,1.000000,0.096737,0.023203,1.000000,0.016185,0.041760,0.573419
18.964000,2.904000,14.966210,-0.095298,0.033328,0.000323,665.811566,657.071182,645.803616,677.211002,-1.467375,-0.010968,0.001557,0.000323,1.718584,-0.084330,0.031771,0.000000,14.966210,-0.095298,0.033328,0.000323,1.000000,0.096727,0.021544,1.000000,0.015843,0.042181,0.572861
18.984000,2.924000,14.914223,-0.049743,0.033793,0.000015,659.908173,660.929452,649.337081,671.340515,-1.517655,0.035382,0.002672,0.000015,1.716878,-0.085126,0.031121,0.000000,14.914223,-0.049743,0.033793,0.000015,1.000000,0.098509,0.023159,1.000000,0.015514,0.042580,0.572293
19.007000,2.947000,14.845017,-0.105066,0.029709,-0.000548,665.086356,653.045667,642.314176,674.664102,-1.585059,-0.019218,-0.000872,-0.000548,1.715075,-0.085848,0.030581,0.000000,14.845017,-0.105066,0.029709,-0.000548,1.000000,0.099235,0.025161,1.000000,0.015240,0.042942,0.571692
19.022000,2.962000,14.972131,-0.111533,-0.000544,-0.000831,673.716901,650.095482,649.660708,672.933643,-1.456272,-0.024928,-0.030383,-0.000831,1.713403,-0.086604,0.029838,0.000000,14.972131,-0.111533,-0.000544,-0.000831,1.000000,0.100828,0.021362,1.000000,0.014866,0.043320,0.571134
19.044000,2.984000,14.990127,-0.123702,-0.006387,-0.001076,676.419721,648.279484,649.685570,673.514081,-1.436614,-0.036368,-0.035451,-0.001076,1.711742,-0.087334,0.029064,0.000000,14.990127,-0.123702,-0.006387,-0.001076,1.000000,0.101395,0.020897,1.000000,0.014475,0.043686,0.570581
19.073000,3.013000,14.989998,-0.065495,0.034261,-0.000537,666.112740,653.980008,642.794138,676.671498,-1.435226,0.022553,0.006269,-0.000537,1.710224,-0.088048,0.027992,0.000000,14.989998,-0.065495,0.034261,-0.000537,1.000000,0.113114,0.020654,1.000000,0.013935,0.044043,0.570075
19.084000,3.024000,14.895598,-0.109026,0.031877,-0.000168,666.112740,653.980008,642.794138,676.671498,-1.527920,-0.020325,0.004625,-0.000168,1.708518,-0.088701,0.027252,0.000000,14.895598,-0.109026,0.031877,-0.000168,1.000000,0.102399,0.023389,1.000000,0.013562,0.044370,0.569506
19.108000,3.048000,14.964054,-0.090741,-0.016492,-0.000025,673.777542,649.063967,654.736683,668.230567,-1.457810,-0.001401,-0.042886,-0.000025,1.706864,-0.089340,0.026394,0.000000,14.964054,-0.090741,-0.016492,-0.000025,1.000000,0.102684,0.021436,1.000000,0.013130,0.044689,0.568955
19.124000,3.064000,14.935755,-0.088256,0.006771,0.000473,668.833660,652.519672,650.535251,671.450329,-1.484436,0.001688,-0.018762,0.000473,1.705191,-0.089944,0.025533,0.000000,14.935755,-0.088256,0.006771,0.000473,1.000000,0.102205,0.022071,1.000000,0.012697,0.044992,0.568397
19.149000,3.089000,15.041719,-0.037171,0.006480,0.000050,666.021651,660.412776,658.238926,668.243404,-1.377019,0.053329,-0.017811,0.000050,1.703738,-0.090501,0.024291,0.000000,15.041719,-0.037171,0.006480,0.000050,1.000000,0.115547,0.019278,1.000000,0.012073,0.045270,0.567913
19.163000,3.103000,14.947631,-0.091844,0.004623,-0.000383,670.123721,652.367477,650.484203,671.395905,-1.469468,-0.000806,-0.018754,-0.000383,1.702099,-0.091038,0.023377,0.000000,14.947631,-0.091844,0.004623,-0.000383,1.000000,0.102726,0.021629,1.000000,0.011614,0.045538,0.567366
19.186000,3.126000,14.851806,-0.071975,0.030957,-0.000725,661.612498,656.997968,645.764392,671.530176,-1.563590,0.019562,0.008442,-0.000725,1.700395,-0.091538,0.022515,0.000000,14.851806,-0.071975,0.030957,-0.000725,1.000000,0.104017,0.024494,1.000000,0.011180,0.045788,0.566798
19.208000,3.148000,14.889735,-0.097394,0.003742,-0.000887,669.759385,650.520090,648.558391,670.370564,-1.523978,-0.005390,-0.017867,-0.000887,1.698713,-0.092004,0.021609,0.000000,14.889735,-0.097394,0.003742,-0.000887,1.000000,0.104800,0.023260,1.000000,0.010724,0.046021,0.566238
19.229000,3.169000,14.990000,-0.093485,-0.032178,-0.001016,677.573679,647.022647,657.362325,666.061500,-1.422092,-0.001054,-0.052790,-0.001016,1.697091,-0.092431,0.020612,0.000000,14.990000,-0.093485,-0.032178,-0.001016,1.000000,0.104923,0.020502,1.000000,0.010222,0.046234,0.565697
19.245000,3.185000,14.957570,-0.118824,-0.050374,-0.000585,682.333866,640.193539,657.222573,665.090335,-1.452822,-0.025991,-0.070119,-0.000585,1.695392,-0.092833,0.019745,0.000000,14.957570,-0.118824,-0.050374,-0.000585,1.000000,0.102044,0.021666,1.000000,0.009785,0.046435,0.565131
19.263000,3.203000,14.986423,-0.087082,-0.033447,-0.000580,676.899577,647.238119,658.331317,665.265939,-1.422360,0.006098,-0.052153,-0.000580,1.693783,-0.093181,0.018706,0.000000,14.986423,-0.087082,-0.033447,-0.000580,1.000000,0.106999,0.020507,1.000000,0.009263,0.046608,0.564594
19.284000,3.224000,14.974566,-0.090571,-0.025826,-0.000220,675.611069,647.777242,656.521324,666.795535,-1.432609,0.002916,-0.043485,-0.000220,1.692175,-0.093486,0.017659,0.000000,14.974566,-0.090571,-0.025826,-0.000220,1.000000,0.107410,0.020714,1.000000,0.008737,0.046760,0.564058
19.306000,3.246000,14.960062,-0.074507,-0.007760,0.000074,670.513529,652.182347,654.909075,667.959117,-1.445507,0.019243,-0.024364,0.000074,1.690569,-0.093750,0.016604,0.000000,14.960062,-0.074507,-0.007760,0.000074,1.000000,0.107625,0.020991,1.000000,0.008208,0.046891,0.563523
19.324000,3.264000,14.916863,-0.074891,0.034464,0.000256,662.416603,658.354916,646.664025,674.203884,-1.487075,0.019091,0.018870,0.000256,1.688938,-0.093982,0.015594,0.000000,14.916863,-0.074891,0.034464,0.000256,1.000000,0.106850,0.022186,1.000000,0.007702,0.047007,0.562979
19.344000,3.284000,14.779853,-0.060387,0.043544,0.000208,656.314327,658.415616,643.523733,671.224633,-1.622293,0.033842,0.028742,0.000208,1.687146,-0.094228,0.014802,0.000000,14.779853,-0.060387,0.043544,0.000208,1.000000,0.108571,0.026515,1.000000,0.007304,0.047129,0.562382
19.370000,3.310000,14.975918,-0.047523,0.057140,0.000276,656.963174,666.378300,647.009472,676.445455,-1.424752,0.046724,0.043613,0.000276,1.685671,-0.094247,0.013527,0.000000,14.975918,-0.047523,0.057140,0.000276,1.000000,0.122676,0.020708,1.000000,0.006666,0.047137,0.561890
19.385000,3.325000,14.956351,-0.088568,-0.031700,0.000025,675.904046,646.463265,657.420659,665.288268,-1.442687,0.005778,-0.044198,0.000025,1.684039,-0.094346,0.012497,0.000000,14.956351,-0.088568,-0.031700,0.000025,1.000000,0.112568,0.021012,1.000000,0.006150,0.047186,0.561346
19.402000,3.342000,14.975154,-0.082938,-0.061282,-0.000186,680.709185,642.418928,663.394394,660.008891,-1.422275,0.011452,-0.072721,-0.000186,1.682429,-0.094390,0.011440,0.000000,14.975154,-0.082938,-0.061282,-0.000186,1.000000,0.115321,0.020771,1.000000,0.005618,0.047207,0.560810
19.424000,3.364000,14.942533,-0.103148,-0.075019,0.000029,684.262973,636.971870,662.958596,659.160040,-1.453277,-0.008751,-0.085433,0.000029,1.680811,-0.094397,0.010414,0.000000,14.942533,-0.103148,-0.075019,0.000029,1.000000,0.119750,0.021858,1.000000,0.005102,0.047210,0.560270
19.444000,3.384000,14.942742,-0.096401,-0.098566,-0.000311,687.558992,633.683917,667.532091,654.284093,-1.451449,-0.002046,-0.107945,-0.000311,1.679191,-0.094355,0.009379,0.000000,14.942742,-0.096401,-0.098566,-0.000311,1.000000,0.121551,0.022233,1.000000,0.004580,0.047188,0.559730
19.463000,3.403000,14.888520,-0.092837,-0.034562,-0.000240,675.443688,644.071669,655.853881,663.656424,-1.504034,0.001440,-0.042946,-0.000240,1.677555,-0.094277,0.008383,0.000000,14.888520,-0.092837,-0.034562,-0.000240,1.000000,0.122233,0.022806,1.000000,0.004080,0.047148,0.559185
19.482000,3.422000,14.825434,-0.054462,-0.007877,-0.000463,665.684264,651.493887,653.863053,662.676533,-1.565413,0.039736,-0.015341,-0.000463,1.675847,-0.094198,0.007464,0.000000,14.825434,-0.054462,-0.007877,-0.000463,1.000000,0.123750,0.024687,1.000000,0.003618,0.047108,0.558616
19.506000,3.446000,14.890290,-0.053878,-0.050879,-0.000665,674.328008,645.640768,662.642203,656.641965,-1.498880,0.040176,-0.057390,-0.000665,1.674169,-0.094053,0.006511,0.000000,14.890290,-0.053878,-0.050879,-0.000665,1.000000,0.124633,0.022957,1.000000,0.003140,0.047035,0.558056
19.525000,3.465000,14.985426,-0.053656,-0.002968,-0.000159,668.174310,655.884692,656.783546,667.057935,-1.402252,0.039999,-0.008309,-0.000159,1.672678,-0.093655,0.005341,0.000000,14.985426,-0.053656,-0.002968,-0.000159,1.000000,0.136361,0.019830,1.000000,0.002553,0.046834,0.557559
19.541000,3.481000,14.865416,-0.070330,-0.047983,-0.000264,674.866094,643.645654,660.008518,658.482112,-1.520553,0.023119,-0.052429,-0.000264,1.670969,-0.093449,0.004446,0.000000,14.865416,-0.070330,-0.047983,-0.000264,1.000000,0.125556,0.023449,1.000000,0.002105,0.046730,0.556990
19.563000,3.503000,14.917148,-0.062782,-0.088144,-0.000537,681.958514,638.708513,668.642665,651.833201,-1.467154,0.030377,-0.091653,-0.000537,1.669302,-0.093159,0.003509,0.000000,14.917148,-0.062782,-0.088144,-0.000537,1.000000,0.128030,0.022458,1.000000,0.001635,0.046584,0.556434
19.585000,3.525000,14.983589,-0.096095,-0.127476,-0.000465,693.155179,629.577389,673.252124,650.121107,-1.399081,-0.003280,-0.130042,-0.000465,1.667670,-0.092815,0.002566,0.000000,14.983589,-0.096095,-0.127476,-0.000465,1.000000,0.126560,0.021266,1.000000,0.001162,0.046410,0.555890
19.603000,3.543000,14.915184,-0.097820,-0.092784,-0.000527,686.242409,634.005477,665.728582,654.728639,-1.465810,-0.005349,-0.094474,-0.000527,1.665994,-0.092471,0.001690,0.000000,14.915184,-0.097820,-0.092784,-0.000527,1.000000,0.127292,0.022381,1.000000,0.000723,0.046237,0.555331
19.625000,3.565000,14.880138,-0.050183,-0.062086,-0.000309,675.472351,643.713272,664.829733,654.238372,-1.499156,0.041899,-0.062918,-0.000309,1.664294,-0.092082,0.000832,0.000000,14.880138,-0.050183,-0.062086,-0.000309,1.000000,0.132307,0.023046,1.000000,0.000294,0.046042,0.554765
19.646000,3.586000,14.992691,-0.074116,-0.121220,-0.000242,690.042631,633.236484,674.752649,649.140963,-1.384972,0.017487,-0.121153,-0.000242,1.662663,-0.091603,-0.000067,0.000000,14.992691,-0.074116,-0.121220,-0.000242,1.000000,0.128846,0.020680,1.000000,-0.000155,0.045801,0.554221
19.663000,3.603000,14.993191,-0.042063,-0.081473,0.000464,680.029738,643.465288,671.681496,652.868125,-1.382858,0.048992,-0.080506,0.000464,1.661048,-0.091055,-0.000967,0.000000,14.993191,-0.042063,-0.081473,0.000464,1.000000,0.130984,0.020011,1.000000,-0.000604,0.045526,0.553683
19.684000,3.624000,14.899326,-0.026174,-0.034690,0.000835,668.420813,651.037845,663.529538,657.261468,-1.475039,0.064351,-0.032888,0.000835,1.659365,-0.090524,-0.001802,0.000000,14.899326,-0.026174,-0.034690,0.000835,1.000000,0.131493,0.022280,1.000000,-0.001019,0.045260,0.553122
19.705000,3.645000,14.974755,-0.043440,-0.094490,0.001426,681.597305,640.232182,673.646730,650.732065,-1.397985,0.046466,-0.091833,0.001426,1.657740,-0.089906,-0.002657,0.000000,14.974755,-0.043440,-0.094490,0.001426,1.000000,0.129198,0.020603,1.000000,-0.001444,0.044949,0.552580
19.722000,3.662000,14.991867,-0.026350,-0.089848,0.001721,679.348342,643.172542,675.109683,650.205990,-1.379262,0.062859,-0.086332,0.001721,1.656129,-0.089209,-0.003516,0.000000,14.991867,-0.026350,-0.089848,0.001721,1.000000,0.129939,0.020164,1.000000,-0.001870,0.044600,0.552043
19.746000,3.686000,14.998176,-0.037505,-0.102007,0.001575,682.682507,640.032609,676.070530,649.380892,-1.371359,0.050942,-0.097639,0.001575,1.654535,-0.088447,-0.004368,0.000000,14.998176,-0.037505,-0.102007,0.001575,1.000000,0.129233,0.020019,1.000000,-0.002293,0.044218,0.551512
19.763000,3.703000,14.927081,-0.041189,-0.039360,0.000815,671.378290,649.253783,663.350275,658.661205,-1.440842,0.046449,-0.034171,0.000815,1.652923,-0.087638,-0.005189,0.000000,14.927081,-0.041189,-0.039360,0.000815,1.000000,0.130564,0.021093,1.000000,-0.002699,0.043813,0.550974
19.782000,3.722000,14.884692,-0.084800,-0.074100,0.000361,680.887734,637.678689,663.569987,656.217542,-1.481574,0.002082,-0.068159,0.000361,1.651265,-0.086881,-0.005941,0.000000,14.884692,-0.084800,-0.074100,0.000361,1.000000,0.127257,0.022416,1.000000,-0.003072,0.043434,0.550422
19.802000,3.742000,14.920627,-0.058277,-0.081427,0.000203,680.211264,640.165110,668.314418,652.877898,-1.444000,0.027780,-0.074744,0.000203,1.649627,-0.086056,-0.006683,0.000000,14.920627,-0.058277,-0.081427,0.000203,1.000000,0.130304,0.021487,1.000000,-0.003440,0.043020,0.549876
19.825000,3.765000,14.934969,-0.041630,-0.093458,0.000055,680.855186,640.248389,672.324047,649.283275,-1.428022,0.043551,-0.086055,0.000055,1.647992,-0.085182,-0.007403,0.000000,14.934969,-0.041630,-0.093458,0.000055,1.000000,0.133190,0.021323,1.000000,-0.003797,0.042582,0.549331
19.844000,3.784000,15.013956,0.004901,-0.082383,-0.000048,675.980613,649.038881,676.956859,647.949118,-1.347523,0.088905,-0.074234,-0.000048,1.646478,-0.084005,-0.008149,0.000000,15.013956,0.004901,-0.082383,-0.000048,1.000000,0.146733,0.019500,1.000000,-0.004166,0.041994,0.548826
19.862000,3.802000,14.944242,-0.023734,-0.112461,-0.000419,682.522931,639.256053,677.375902,644.073665,-1.415616,0.059287,-0.103636,-0.000419,1.644858,-0.083022,-0.008826,0.000000,14.944242,-0.023734,-0.112461,-0.000419,1.000000,0.136182,0.021465,1.000000,-0.004502,0.041501,0.548286
19.884000,3.824000,14.917757,-0.012212,-0.104683,-0.000347,679.466679,641.241899,676.721429,643.613759,-1.440471,0.069799,-0.095211,-0.000347,1.643227,-0.082011,-0.009472,0.000000,14.917757,-0.012212,-0.104683,-0.000347,1.000000,0.138019,0.022143,1.000000,-0.004822,0.040996,0.547742
19.904000,3.844000,14.941370,-0.003781,-0.115301,-0.000129,680.792971,640.746386,679.931090,641.465204,-1.415243,0.077135,-0.105201,-0.000129,1.641612,-0.080916,-0.010100,0.000000,14.941370,-0.003781,-0.115301,-0.000129,1.000000,0.138839,0.021731,1.000000,-0.005133,0.040448,0.547204
19.927000,3.867000,14.890486,-0.038597,-0.086597,0.000075,678.445006,640.759330,670.527621,649.152619,-1.464481,0.041245,-0.075916,0.000075,1.639967,-0.079842,-0.010682,0.000000,14.890486,-0.038597,-0.086597,0.000075,1.000000,0.135551,0.022193,1.000000,-0.005421,0.039910,0.546656
19.943000,3.883000,14.861590,-0.040841,-0.087048,-0.000011,678.156838,639.810614,669.709589,648.630177,-1.491698,0.037939,-0.075822,-0.000011,1.638288,-0.078780,-0.011226,0.000000,14.861590,-0.040841,-0.087048,-0.000011,1.000000,0.135686,0.022970,1.000000,-0.005690,0.039379,0.546096
19.966000,3.906000,14.936521,-0.015605,-0.090186,-0.000029,677.707746,643.713035,674.473397,647.057213,-1.415136,0.062003,-0.078436,-0.000029,1.636657,-0.077608,-0.011750,0.000000,14.936521,-0.015605,-0.090186,-0.000029,1.000000,0.138258,0.021026,1.000000,-0.005948,0.038793,0.545552
19.986000,3.926000,14.903220,-0.018269,-0.086506,-0.000691,676.878117,643.573917,672.632571,646.970080,-1.446775,0.058182,-0.074271,-0.000691,1.634995,-0.076451,-0.012235,0.000000,14.903220,-0.018269,-0.086506,-0.000691,1.000000,0.139010,0.021822,1.000000,-0.006187,0.038214,0.544998
20.004000,3.944000,14.869220,-0.001773,-0.062276,-0.000421,670.295893,648.693539,669.635580,648.742796,-1.479086,0.073500,-0.049592,-0.000421,1.633306,-0.075273,-0.012684,0.000000,14.869220,-0.001773,-0.062276,-0.000421,1.000000,0.141760,0.022663,1.000000,-0.006408,0.037625,0.544435
20.029000,3.969000,14.992546,0.041973,-0.118943,-0.000343,677.880931,646.308203,686.217689,636.925283,-1.354145,0.115953,-0.105834,-0.000343,1.631691,-0.073979,-0.013109,0.000000,14.992546,0.041973,-0.118943,-0.000343,1.000000,0.144918,0.020802,1.000000,-0.006618,0.036978,0.543897
20.045000,3.985000,15.023351,0.057430,-0.111576,0.000139,675.566328,649.752978,687.396816,637.436852,-1.321763,0.129993,-0.098081,0.000139,1.630114,-0.072563,-0.013495,0.000000,15.023351,0.057430,-0.111576,0.000139,1.000000,0.148011,0.020122,1.000000,-0.006807,0.036270,0.543371
20.064000,4.004000,15.032727,0.061423,-0.119623,0.000047,676.728253,649.034591,689.283914,635.756552,-1.310841,0.132485,-0.105785,0.000047,1.628568,-0.071062,-0.013838,0.000000,15.032727,0.061423,-0.119623,0.000047,1.000000,0.149691,0.020057,1.000000,-0.006975,0.035520,0.542856
20.082000,4.022000,14.938903,0.000875,-0.096155,-0.000254,677.133117,644.595454,677.139183,644.205141,-1.403054,0.070517,-0.082001,-0.000254,1.626957,-0.069641,-0.014153,0.000000,14.938903,0.000875,-0.096155,-0.000254,1.000000,0.139488,0.020855,1.000000,-0.007130,0.034810,0.542319
20.103000,4.043000,14.987518,0.030786,-0.133351,-0.000734,681.436912,642.625854,687.203917,635.329709,-1.352873,0.098915,-0.118927,-0.000734,1.625392,-0.068129,-0.014424,0.000000,14.987518,0.030786,-0.133351,-0.000734,1.000000,0.144854,0.020695,1.000000,-0.007262,0.034054,0.541797
20.125000,4.065000,14.991597,-0.009350,-0.116715,-0.001396,683.103009,641.543608,680.242315,642.461552,-1.347241,0.057220,-0.102063,-0.001396,1.623838,-0.066570,-0.014652,0.000000,14.991597,-0.009350,-0.116715,-0.001396,1.000000,0.142048,0.019520,1.000000,-0.007374,0.033274,0.541279
20.145000,4.085000,14.910520,-0.050075,-0.111622,-0.001533,684.724777,636.200817,673.407649,645.858172,-1.426730,0.014978,-0.096775,-0.001533,1.622250,-0.065053,-0.014847,0.000000,14.910520,-0.050075,-0.111622,-0.001533,1.000000,0.140080,0.021315,1.000000,-0.007468,0.032516,0.540750
20.165000,4.105000,14.925971,-0.018500,-0.114351,-0.001286,682.203781,639.422255,677.536089,642.417000,-1.409692,0.045019,-0.099342,-0.001286,1.620663,-0.063519,-0.015009,0.000000,14.925971,-0.018500,-0.114351,-0.001286,1.000000,0.143010,0.021062,1.000000,-0.007547,0.031749,0.540221
20.184000,4.124000,14.940614,0.003151,-0.105072,-0.000959,678.657237,643.602413,678.648107,642.158531,-1.393468,0.065097,-0.089942,-0.000959,1.619082,-0.061947,-0.015130,0.000000,14.940614,0.003151,-0.105072,-0.000959,1.000000,0.146583,0.020650,1.000000,-0.007605,0.030964,0.539694
20.207000,4.147000,14.970462,0.048711,-0.095143,-0.000509,672.801329,650.727197,682.463078,639.811453,-1.362061,0.109001,-0.079949,-0.000509,1.617523,-0.060289,-0.015194,0.000000,14.970462,0.048711,-0.095143,-0.000509,1.000000,0.153811,0.020379,1.000000,-0.007634,0.030135,0.539174
20.227000,4.167000,14.850656,0.041116,-0.139696,0.000328,678.122061,639.088641,686.735611,630.331452,-1.480095,0.100182,-0.124297,0.000328,1.615751,-0.059066,-0.015399,0.000000,14.850656,0.041116,-0.139696,0.000328,1.000000,0.136487,0.024455,1.000000,-0.007734,0.029524,0.538584
20.244000,4.184000,14.954655,0.090614,-0.082684,0.001139,665.429326,656.338566,684.902388,637.734466,-1.374525,0.148021,-0.067286,0.001139,1.614180,-0.057406,-0.015398,0.000000,14.954655,0.090614,-0.082684,0.001139,1.000000,0.159636,0.021537,1.000000,-0.007731,0.028695,0.538060
20.263000,4.203000,14.996512,0.101799,-0.084591,0.001410,665.406442,658.023077,687.333991,637.245040,-1.331123,0.157461,-0.069259,0.001410,1.612635,-0.055662,-0.015332,0.000000,14.996512,0.101799,-0.084591,0.001410,1.000000,0.159528,0.020678,1.000000,-0.007696,0.027823,0.537545
20.286000,4.226000,15.051021,0.103400,-0.042256,0.001728,659.139989,666.462839,681.812945,645.862724,-1.275184,0.157077,-0.027131,0.001728,1.611205,-0.053678,-0.015124,0.000000,15.051021,0.103400,-0.042256,0.001728,1.000000,0.172950,0.018802,1.000000,-0.007590,0.026831,0.537068
20.303000,4.243000,14.893946,0.007253,-0.115196,0.002256,677.808811,639.930762,680.837539,640.152683,-1.430682,0.059180,-0.100208,0.002256,1.609629,-0.051927,-0.014989,0.000000,14.893946,0.007253,-0.115196,0.002256,1.000000,0.148234,0.021823,1.000000,-0.007519,0.025957,0.536543
20.326000,4.266000,14.981454,0.020617,-0.069927,0.001758,670.947508,651.436710,676.420643,648.400080,-1.341656,0.070700,-0.055150,0.001758,1.608110,-0.050083,-0.014778,0.000000,14.981454,0.020617,-0.069927,0.001758,1.000000,0.151108,0.018805,1.000000,-0.007411,0.025035,0.536037
20.343000,4.283000,14.997571,0.047585,-0.113926,0.002647,675.552674,646.718239,687.082670,638.509826,-1.324034,0.095781,-0.099415,0.002647,1.606606,-0.048196,-0.014511,0.000000,14.997571,0.047585,-0.113926,0.002647,1.000000,0.154776,0.019437,1.000000,-0.007275,0.024092,0.535535
20.371000,4.311000,14.990877,0.035898,-0.081168,0.001876,680.016814,640.693297,692.296020,628.980145,-1.329239,0.082162,-0.066986,0.001876,1.605116,-0.046264,-0.014182,0.000000,14.990877,0.035898,-0.081168,0.001876,1.000000,0.157200,0.018793,1.000000,-0.007109,0.023126,0.535039
20.386000,4.326000,14.941213,0.057118,-0.150686,0.001015,680.016814,640.693297,692.296020,628.980145,-1.377384,0.101501,-0.136832,0.001015,1.603597,-0.044383,-0.013854,0.000000,14.941213,0.057118,-0.150686,0.001015,1.000000,0.157066,0.021875,1.000000,-0.006943,0.022186,0.534532
20.400000,4.340000,14.945447,0.074458,-0.121620,0.000183,673.779927,648.066302,689.120753,632.011922,-1.371640,0.116907,-0.108162,0.000183,1.602087,-0.042450,-0.013458,0.000000,14.945447,0.074458,-0.121620,0.000183,1.000000,0.162068,0.021351,1.000000,-0.006743,0.021220,0.534029
20.425000,4.365000,14.932351,0.072754,-0.143522,-0.000876,677.681772,644.192189,691.883261,627.555027,-1.383218,0.113284,-0.130482,-0.000876,1.600569,-0.040531,-0.013040,0.000000,14.932351,0.072754,-0.143522,-0.000876,1.000000,0.161453,0.022119,1.000000,-0.006533,0.020261,0.533523
20.444000,4.384000,14.867147,0.056300,-0.137374,-0.001605,677.194401,642.293242,687.592025,628.665844,-1.446863,0.094956,-0.124751,-0.001605,1.599010,-0.038656,-0.012623,0.000000,14.867147,0.056300,-0.137374,-0.001605,1.000000,0.161250,0.023392,1.000000,-0.006325,0.019324,0.533003
20.466000,4.406000,14.918416,0.090260,-0.095639,-0.001585,667.805523,654.329778,685.297299,633.553302,-1.394056,0.126998,-0.083495,-0.001585,1.597472,-0.036737,-0.012144,0.000000,14.918416,0.090260,-0.095639,-0.001585,1.000000,0.165964,0.021744,1.000000,-0.006084,0.018365,0.532491
20.485000,4.425000,14.886726,0.074281,-0.100028,-0.001295,669.414418,651.045417,683.814308,633.915572,-1.424176,0.109133,-0.088362,-0.001295,1.595902,-0.034852,-0.011666,0.000000,14.886726,0.074281,-0.100028,-0.001295,1.000000,0.163373,0.022255,1.000000,-0.005845,0.017422,0.531967
20.507000,4.447000,14.947279,0.110925,-0.059032,-0.000758,659.781724,663.085603,682.277517,638.759077,-1.362088,0.143826,-0.047931,-0.000758,1.594368,-0.032901,-0.011101,0.000000,14.947279,0.110925,-0.059032,-0.000758,1.000000,0.168826,0.020851,1.000000,-0.005563,0.016446,0.531456
20.525000,4.465000,14.978010,0.023586,0.004346,-0.000004,658.609110,665.049194,663.574670,660.088876,-1.329974,0.054266,0.014538,-0.000004,1.592985,-0.030680,-0.010193,0.000000,14.978010,0.023586,0.004346,-0.000004,1.000000,0.187130,0.018004,1.000000,-0.005108,0.015336,0.530995
20.544000,4.484000,14.899182,0.123116,-0.093812,0.000461,662.921941,656.907029,688.610215,630.640555,-1.407236,0.151874,-0.084207,0.000461,1.591418,-0.028758,-0.009605,0.000000,14.899182,0.123116,-0.093812,0.000461,1.000000,0.166167,0.022819,1.000000,-0.004814,0.014375,0.530473
20.565000,4.505000,14.901970,0.106189,-0.080329,-0.000433,662.786977,657.830490,684.441240,634.604280,-1.402884,0.133011,-0.071350,-0.000433,1.589854,-0.026823,-0.008979,0.000000,14.901970,0.106189,-0.080329,-0.000433,1.000000,0.163733,0.021959,1.000000,-0.004501,0.013408,0.529951
20.586000,4.526000,14.973407,0.149143,-0.063882,-0.002011,657.591429,667.321219,687.094079,633.817185,-1.329927,0.173959,-0.055634,-0.002011,1.588334,-0.024817,-0.008247,0.000000,14.973407,0.149143,-0.063882,-0.002011,1.000000,0.168586,0.021023,1.000000,-0.004134,0.012405,0.529445
20.603000,4.543000,14.949301,0.103669,-0.084411,-0.002986,665.676066,658.907598,685.001083,634.221033,-1.352532,0.126439,-0.076983,-0.002986,1.586833,-0.022771,-0.007428,0.000000,14.949301,0.103669,-0.084411,-0.002986,1.000000,0.168056,0.020486,1.000000,-0.003724,0.011382,0.528944
20.626000,4.566000,14.891232,0.053883,-0.075065,-0.002337,667.799240,653.681009,677.343411,640.238297,-1.409037,0.074666,-0.068404,-0.002337,1.585268,-0.020783,-0.006661,0.000000,14.891232,0.053883,-0.075065,-0.002337,1.000000,0.161934,0.020880,1.000000,-0.003341,0.010388,0.528423
20.644000,4.584000,15.093825,0.135615,0.016675,-0.001946,647.826664,681.941162,675.014570,652.138872,-1.205150,0.154049,0.021991,-0.001946,1.583975,-0.018433,-0.005315,0.000000,15.093825,0.135615,0.016675,-0.001946,1.000000,0.202728,0.016946,1.000000,-0.002667,0.009214,0.527992
20.663000,4.603000,14.963748,0.105317,-0.050789,-0.000828,659.357591,664.283859,680.673774,641.166462,-1.333723,0.121673,-0.046410,-0.000828,1.582471,-0.016356,-0.004379,0.000000,14.963748,0.105317,-0.050789,-0.000828,1.000000,0.168488,0.019484,1.000000,-0.002198,0.008176,0.527490
20.683000,4.623000,14.970818,0.157929,-0.076354,0.000175,657.965106,665.239187,690.700352,631.455082,-1.325175,0.172194,-0.072958,0.000175,1.580993,-0.014265,-0.003396,0.000000,14.970818,0.157929,-0.076354,0.000175,1.000000,0.171172,0.021058,1.000000,-0.001706,0.007130,0.526998
20.713000,4.653000,14.886255,0.072080,-0.107752,0.001061,670.113593,648.536407,685.647751,633.724760,-1.408207,0.084286,-0.105314,0.001061,1.579461,-0.012206,-0.002438,0.000000,14.886255,0.072080,-0.107752,0.001061,1.000000,0.166045,0.021650,1.000000,-0.001226,0.006102,0.526487
20.726000,4.666000,14.833246,0.128622,-0.186137,0.000541,676.389525,639.965084,702.729595,611.787340,-1.459521,0.138985,-0.184257,0.000541,1.577766,-0.010363,-0.001880,0.000000,14.833246,0.128622,-0.186137,0.000541,1.000000,0.147822,0.026629,1.000000,-0.000946,0.005180,0.525922
20.742000,4.682000,14.957086,0.103287,-0.082323,0.000273,664.396772,658.133437,685.889186,636.121650,-1.334198,0.111547,-0.081533,0.000273,1.576284,-0.008260,-0.000790,0.000000,14.957086,0.103287,-0.082323,0.000273,1.000000,0.172888,0.019710,1.000000,-0.000400,0.004130,0.525428
20.769000,4.709000,15.044277,0.066026,0.000358,-0.000595,656.479470,670.480058,669.927008,656.159949,-1.245644,0.072047,-0.000301,-0.000595,1.574921,-0.006021,0.000658,0.000000,15.044277,0.066026,0.000358,-0.000595,1.000000,0.193119,0.016035,1.000000,0.000326,0.003011,0.524974
20.787000,4.727000,14.969562,0.138543,-0.056657,-0.001333,657.153143,667.089144,684.981202,636.442724,-1.318889,0.142440,-0.058501,-0.001333,1.573451,-0.003897,0.001843,0.000000,14.969562,0.138543,-0.056657,-0.001333,1.000000,0.176658,0.019766,1.000000,0.000919,0.001950,0.524484
20.808000,4.748000,14.880517,0.068026,-0.075740,-0.002120,666.126372,654.746368,678.750750,638.420473,-1.406421,0.069832,-0.078724,-0.002120,1.571938,-0.001805,0.002984,0.000000,14.880517,0.068026,-0.075740,-0.002120,1.000000,0.174841,0.020888,1.000000,0.001491,0.000905,0.523979
20.829000,4.769000,14.859587,0.152068,-0.082851,-0.003662,658.577218,662.549538,687.515876,626.799975,-1.425813,0.151796,-0.086956,-0.003662,1.570400,0.000271,0.004105,0.000000,14.859587,0.152068,-0.082851,-0.003662,1.000000,0.175843,0.023391,1.000000,0.002053,-0.000133,0.523467
20.848000,4.788000,14.906704,0.090580,-0.055301,-0.003705,661.427995,661.820634,677.698789,639.526825,-1.377310,0.088094,-0.061018,-0.003705,1.569014,0.002486,0.005718,0.000000,14.906704,0.090580,-0.055301,-0.003705,1.000000,0.199916,0.020120,1.000000,0.002861,-0.001238,0.523005
20.873000,4.813000,14.985816,0.205019,0.033752,-0.003470,648.109941,674.616415,679.549213,638.392428,-1.296729,0.200390,0.026667,-0.003470,1.567545,0.004630,0.007085,0.000000,14.985816,0.205019,0.033752,-0.003470,1.000000,0.187669,0.020903,1.000000,0.003546,-0.002309,0.522515
20.881000,4.821000,14.912877,0.159819,-0.021317,-0.002986,648.109941,674.616415,679.549213,638.392428,-1.368151,0.153081,-0.029684,-0.002986,1.566027,0.006738,0.008367,0.000000,14.912877,0.159819,-0.021317,-0.002986,1.000000,0.180761,0.021151,1.000000,0.004190,-0.003361,0.522009
20.908000,4.848000,14.852795,0.085997,-0.028220,-0.001760,655.403651,663.996234,672.213869,644.314464,-1.426682,0.077161,-0.037874,-0.001760,1.564477,0.008836,0.009654,0.000000,14.852795,0.085997,-0.028220,-0.001760,1.000000,0.182130,0.021093,1.000000,0.004836,-0.004409,0.521492
20.931000,4.871000,14.898562,0.188740,-0.006386,-0.000274,648.554898,670.801839,680.289888,639.124568,-1.379381,0.177804,-0.017355,-0.000274,1.562943,0.010937,0.010970,0.000000,14.898562,0.188740,-0.006386,-0.000274,1.000000,0.182416,0.022218,1.000000,0.005496,-0.005457,0.520981
20.943000,4.883000,14.890542,0.150255,-0.027741,0.000347,648.554898,670.801839,680.289888,639.124568,-1.385857,0.137224,-0.040037,0.000347,1.561399,0.013031,0.012296,0.000000,14.890542,0.150255,-0.027741,0.000347,1.000000,0.180433,0.021249,1.000000,0.006162,-0.006502,0.520466
20.963000,4.903000,14.859755,0.082943,-0.020692,0.000334,653.847858,664.298888,671.512171,646.941304,-1.415064,0.067830,-0.034298,0.000334,1.559819,0.015113,0.013606,0.000000,14.859755,0.082943,-0.020692,0.000334,1.000000,0.182346,0.020602,1.000000,0.006820,-0.007541,0.519940
20.986000,4.926000,14.928988,0.176127,0.009375,0.000413,640.128661,680.454525,677.644879,643.727281,-1.344291,0.158921,-0.005623,0.000413,1.558279,0.017206,0.014998,0.000000,14.928988,0.176127,0.009375,0.000413,1.000000,0.180597,0.020600,1.000000,0.007519,-0.008586,0.519426
21.006000,4.946000,14.900732,0.095844,0.000652,-0.000245,649.912490,670.362216,669.964835,649.954271,-1.371001,0.076548,-0.015800,-0.000245,1.556733,0.019296,0.016452,0.000000,14.900732,0.095844,0.000652,-0.000245,1.000000,0.184638,0.019407,1.000000,0.008249,-0.009628,0.518911
21.030000,4.970000,14.943109,0.111481,0.043372,-0.000537,641.851473,680.118834,665.224915,656.477931,-1.327095,0.090094,0.025411,-0.000537,1.555204,0.021387,0.017961,0.000000,14.943109,0.111481,0.043372,-0.000537,1.000000,0.184228,0.018488,1.000000,0.009007,-0.010671,0.518401
21.044000,4.984000,14.944248,0.183163,0.010400,-0.000403,639.827471,681.976354,678.247372,643.168095,-1.324423,0.159695,-0.009037,-0.000403,1.553671,0.023468,0.019437,0.000000,14.944248,0.183163,0.010400,-0.000403,1.000000,0.177679,0.020099,1.000000,0.009748,-0.011710,0.517890
21.063000,5.003000,14.892619,0.109195,-0.015327,-0.000661,651.212093,669.047888,673.703690,645.396916,-1.374494,0.083656,-0.036242,-0.000661,1.552113,0.025539,0.020916,0.000000,14.892619,0.109195,-0.015327,-0.000661,1.000000,0.180190,0.019724,1.000000,0.010491,-0.012742,0.517371
21.083000,5.023000,14.977718,0.157271,0.043773,-0.001502,637.939047,685.954195,670.354417,652.070898,-1.287897,0.129661,0.021262,-0.001502,1.550615,0.027609,0.022511,0.000000,14.977718,0.157271,0.043773,-0.001502,1.000000,0.180188,0.018313,1.000000,0.011292,-0.013775,0.516872
21.108000,5.048000,14.987004,0.084787,0.051318,-0.001532,644.708225,680.017449,661.695390,661.244182,-1.277191,0.055118,0.026932,-0.001532,1.549195,0.029669,0.024386,0.000000,14.987004,0.084787,0.051318,-0.001532,1.000000,0.194980,0.016689,1.000000,0.012233,-0.014802,0.516398
21.127000,5.067000,14.948807,0.215272,0.064143,-0.000365,626.843828,694.094158,672.720022,649.181642,-1.313828,0.183546,0.038277,-0.000365,1.547635,0.031726,0.025866,0.000000,14.948807,0.215272,0.064143,-0.000365,1.000000,0.171197,0.020777,1.000000,0.012976,-0.015827,0.515878
21.143000,5.083000,14.983403,0.141203,0.056552,-0.000607,637.244063,686.206844,666.966503,656.453900,-1.277768,0.107443,0.028933,-0.000607,1.546171,0.033761,0.027619,0.000000,14.983403,0.141203,0.056552,-0.000607,1.000000,0.181616,0.017565,1.000000,0.013856,-0.016842,0.515390
21.162000,5.102000,14.972948,0.180288,0.031643,-0.000383,637.048403,685.783487,675.047382,647.838159,-1.286761,0.144507,0.002246,-0.000383,1.544710,0.035781,0.029398,0.000000,14.972948,0.180288,0.031643,-0.000383,1.000000,0.178227,0.018646,1.000000,0.014748,-0.017850,0.514903
21.183000,5.123000,14.954807,0.147965,0.002336,-0.000186,645.215574,677.180902,676.270069,645.888861,-1.303441,0.110180,-0.028857,-0.000186,1.543248,0.037785,0.031193,0.000000,14.954807,0.147965,0.002336,-0.000186,1.000000,0.178875,0.018287,1.000000,0.015648,-0.018849,0.514416
21.214000,5.154000,14.949652,0.057076,-0.029161,-0.000285,658.870444,662.967935,677.837286,642.660440,-1.307159,0.017316,-0.062238,-0.000285,1.541811,0.039761,0.033077,0.000000,14.949652,0.057076,-0.029161,-0.000285,1.000000,0.188028,0.017504,1.000000,0.016592,-0.019835,0.513937
21.229000,5.169000,14.926783,0.093013,-0.045603,-0.000595,658.870444,662.967935,677.837286,642.660440,-1.328562,0.051282,-0.080500,-0.000595,1.540345,0.041731,0.034898,0.000000,14.926783,0.093013,-0.045603,-0.000595,1.000000,0.180209,0.018562,1.000000,0.017505,-0.020819,0.513448
21.242000,5.182000,14.853608,0.116764,-0.076339,0.000285,659.672872,658.278023,684.071907,633.324550,-1.400222,0.073067,-0.112975,0.000285,1.538829,0.043698,0.036636,0.000000,14.853608,0.116764,-0.076339,0.000285,1.000000,0.175998,0.021416,1.000000,0.018376,-0.021800,0.512943
21.270000,5.210000,14.981837,0.066624,-0.030845,0.000623,659.931804,663.445137,674.273021,649.799303,-1.270694,0.021107,-0.069789,0.000623,1.537531,0.045517,0.038944,0.000000,14.981837,0.066624,-0.030845,0.000623,1.000000,0.197243,0.016678,1.000000,0.019531,-0.022707,0.512510
21.284000,5.224000,14.820375,0.172382,-0.062175,0.000139,650.640056,665.855979,686.639449,628.883705,-1.430607,0.124908,-0.102761,0.000139,1.535982,0.047474,0.040586,0.000000,14.820375,0.172382,-0.062175,0.000139,1.000000,0.174976,0.023083,1.000000,0.020355,-0.023683,0.511994
21.307000,5.247000,14.777196,0.163242,-0.014467,-0.001263,642.853798,672.515266,676.428136,636.805548,-1.472200,0.113819,-0.056653,-0.001263,1.534396,0.049423,0.042186,0.000000,14.777196,0.163242,-0.014467,-0.001263,1.000000,0.182637,0.023290,1.000000,0.021159,-0.024655,0.511465
21.326000,5.266000,14.791286,0.129167,0.085784,-0.002177,629.516178,686.267572,655.930449,657.847854,-1.456376,0.077687,0.042398,-0.002177,1.532662,0.051480,0.043386,0.000000,14.791286,0.129167,0.085784,-0.002177,1.000000,0.181907,0.021994,1.000000,0.021764,-0.025680,0.510887
21.345000,5.285000,14.949459,0.163542,0.128478,-0.003297,622.128998,700.394051,655.388118,664.556477,-1.296690,0.110178,0.083356,-0.003297,1.531150,0.053364,0.045123,0.000000,14.949459,0.163542,0.128478,-0.003297,1.000000,0.184731,0.018724,1.000000,0.022638,-0.026617,0.510383
21.360000,5.300000,14.895136,0.137391,0.109060,-0.003840,627.469733,693.707805,654.537341,662.602955,-1.349466,0.082157,0.062236,-0.003840,1.529603,0.055233,0.046823,0.000000,14.895136,0.137391,0.109060,-0.003840,1.000000,0.189103,0.019274,1.000000,0.023495,-0.027546,0.509868
21.391000,5.331000,14.979886,0.090343,0.133643,-0.003462,630.113220,694.617908,647.295301,673.644227,-1.263284,0.033367,0.084883,-0.003462,1.528170,0.056976,0.048760,0.000000,14.979886,0.090343,0.133643,-0.003462,1.000000,0.191329,0.016792,1.000000,0.024470,-0.028411,0.509390
21.402000,5.342000,14.906307,0.121966,0.121676,-0.003216,626.949061,694.210718,651.190739,666.839025,-1.335320,0.063165,0.071216,-0.003216,1.526627,0.058801,0.050460,0.000000,14.906307,0.121966,0.121676,-0.003216,1.000000,0.180015,0.018738,1.000000,0.025325,-0.029319,0.508876
21.426000,5.366000,14.879909,0.073620,0.034206,-0.001859,646.585544,673.835214,660.947601,657.001429,-1.360168,0.012999,-0.017902,-0.001859,1.525078,0.060621,0.052108,0.000000,14.879909,0.073620,0.034206,-0.001859,1.000000,0.177338,0.018550,1.000000,0.026153,-0.030225,0.508359
21.444000,5.384000,14.902079,0.029104,-0.009415,-0.001676,659.278922,662.266089,664.228026,654.812047,-1.336592,-0.033103,-0.063573,-0.001676,1.523671,0.062207,0.054158,0.000000,14.902079,0.029104,-0.009415,-0.001676,1.000000,0.191042,0.018379,1.000000,0.027180,-0.031015,0.507890
21.463000,5.403000,14.885934,0.111090,0.041332,-0.000822,641.051074,678.617399,664.172058,654.783580,-1.351183,0.047110,-0.014456,-0.000822,1.522117,0.063980,0.055788,0.000000,14.885934,0.111090,0.041332,-0.000822,1.000000,0.167930,0.018500,1.000000,0.027998,-0.031899,0.507372
21.480000,5.420000,14.924828,0.143711,0.069272,0.001049,632.761922,686.681859,664.370225,657.705478,-1.310759,0.078010,0.011805,0.001049,1.520587,0.065701,0.057466,0.000000,14.924828,0.143711,0.069272,0.001049,1.000000,0.162323,0.017803,1.000000,0.028838,-0.032758,0.506862
21.504000,5.444000,14.927304,0.181097,0.097965,0.002894,622.850177,694.495093,664.129558,659.423777,-1.306757,0.113709,0.038815,0.002894,1.519062,0.067388,0.059150,0.000000,14.927304,0.181097,0.097965,0.002894,1.000000,0.161488,0.018521,1.000000,0.029682,-0.033600,0.506354
21.532000,5.472000,14.997592,0.133343,0.075730,0.003695,633.465190,687.253651,664.716015,662.534975,-1.235144,0.064596,0.014433,0.003695,1.517736,0.068747,0.061297,0.000000,14.997592,0.133343,0.075730,0.003695,1.000000,0.178363,0.015695,1.000000,0.030755,-0.034278,0.505912
21.544000,5.484000,14.849858,0.108845,0.048595,0.003178,637.740855,677.307455,663.309673,657.020157,-1.381323,0.038469,-0.014349,0.003178,1.516181,0.070377,0.062944,0.000000,14.849858,0.108845,0.048595,0.003178,1.000000,0.168846,0.019250,1.000000,0.031579,-0.035092,0.505394
21.568000,5.508000,14.869312,0.114153,0.092537,0.003059,629.851843,685.564818,656.770569,664.326459,-1.360316,0.042174,0.027953,0.003059,1.514628,0.071979,0.064584,0.000000,14.869312,0.114153,0.092537,0.003059,1.000000,0.166443,0.018762,1.000000,0.032400,-0.035892,0.504876
21.581000,5.521000,14.980921,0.110287,0.151028,0.003035,622.389671,697.062045,648.770856,676.961953,-1.247258,0.036875,0.084606,0.003035,1.513179,0.073412,0.066422,0.000000,14.980921,0.110287,0.151028,0.003035,1.000000,0.164835,0.016409,1.000000,0.033319,-0.036608,0.504393
21.602000,5.542000,14.970859,0.110510,0.153221,0.001737,622.216284,697.702204,647.722552,676.596327,-1.255835,0.035636,0.085057,0.001737,1.511694,0.074874,0.068164,0.000000,14.970859,0.110510,0.153221,0.001737,1.000000,0.160296,0.016622,1.000000,0.034190,-0.037338,0.503898
21.623000,5.563000,14.923108,0.122519,0.093828,0.000261,630.975340,688.808189,657.644707,663.776723,-1.302087,0.046189,0.023984,0.000261,1.510195,0.076330,0.069844,0.000000,14.923108,0.122519,0.093828,0.000261,1.000000,0.158556,0.017225,1.000000,0.035031,-0.038065,0.503398
21.644000,5.584000,14.893026,0.123246,0.055246,-0.001277,637.606595,682.483866,663.086297,655.861165,-1.330649,0.045462,-0.016220,-0.001277,1.508675,0.077784,0.071466,0.000000,14.893026,0.123246,0.055246,-0.001277,1.000000,0.156465,0.017939,1.000000,0.035843,-0.038791,0.502892
21.665000,5.605000,14.896943,0.040380,-0.005725,-0.001202,657.174287,663.780456,664.837438,654.316871,-1.325276,-0.038643,-0.078965,-0.001202,1.507219,0.079023,0.073240,0.000000,14.896943,0.040380,-0.005725,-0.001202,1.000000,0.165991,0.018337,1.000000,0.036728,-0.039411,0.502406
21.683000,5.623000,14.894542,0.137266,0.047892,-0.001718,637.568278,682.899767,665.679879,652.967089,-1.326151,0.056851,-0.026930,-0.001718,1.505693,0.080415,0.074822,0.000000,14.894542,0.137266,0.047892,-0.001718,1.000000,0.150565,0.017983,1.000000,0.037520,-0.040106,0.501898
21.707000,5.647000,14.924723,0.077158,0.075517,-0.000534,639.517313,681.523121,655.726256,665.160543,-1.294463,-0.004565,-0.000929,-0.000534,1.504186,0.081723,0.076447,0.000000,14.924723,0.077158,0.075517,-0.000534,1.000000,0.152829,0.016759,1.000000,0.038332,-0.040760,0.501395
21.728000,5.668000,14.801122,0.166747,0.104879,0.001570,620.733293,692.001741,658.186700,658.807246,-1.416336,0.083316,0.027273,0.001570,1.502458,0.083431,0.077606,0.000000,14.801122,0.166747,0.104879,0.001570,1.000000,0.149814,0.020829,1.000000,0.038912,-0.041615,0.500819
21.744000,5.684000,14.904323,0.087272,0.093801,0.001327,634.034954,684.432874,653.865247,667.455502,-1.311602,0.002550,0.014670,0.001327,1.500925,0.084722,0.079130,0.000000,14.904323,0.087272,0.093801,0.001327,1.000000,0.153498,0.017225,1.000000,0.039673,-0.042260,0.500308
21.762000,5.702000,14.925086,0.095109,0.116145,0.001405,629.645574,689.299595,651.343060,670.879154,-1.289311,0.009139,0.035505,0.001405,1.499397,0.085970,0.080640,0.000000,14.925086,0.095109,0.116145,0.001405,1.000000,0.150527,0.016758,1.000000,0.040428,-0.042884,0.499799
21.787000,5.727000,14.991494,0.051594,0.075462,0.000993,643.272109,679.760651,655.050108,669.864318,-1.221556,-0.035194,-0.006987,0.000993,1.498050,0.086789,0.082449,0.000000,14.991494,0.051594,0.075462,0.000993,1.000000,0.159227,0.015051,1.000000,0.041331,-0.043293,0.499350
21.803000,5.743000,14.911799,0.090172,0.135725,0.000240,626.808393,692.139826,646.703866,673.934419,-1.299725,0.002213,0.051806,0.000240,1.496524,0.087959,0.083919,0.000000,14.911799,0.090172,0.135725,0.000240,1.000000,0.147078,0.017162,1.000000,0.042066,-0.043878,0.498841
21.823000,5.763000,14.859640,0.057657,0.166341,-0.000048,623.808882,692.847763,636.515569,681.124564,-1.350197,-0.031778,0.081231,-0.000048,1.494837,0.089435,0.085110,0.000000,14.859640,0.057657,0.166341,-0.000048,1.000000,0.146776,0.018991,1.000000,0.042661,-0.044616,0.498279
21.844000,5.784000,14.859177,0.116381,0.079313,0.000295,632.743801,684.433868,658.067757,660.557703,-1.349100,0.025791,-0.007166,0.000295,1.493277,0.090591,0.086479,0.000000,14.859177,0.116381,0.079313,0.000295,1.000000,0.142548,0.018272,1.000000,0.043346,-0.045194,0.497759
21.863000,5.803000,14.832293,0.134529,0.047518,-0.000299,635.987155,680.692155,664.583101,652.355013,-1.374394,0.042795,-0.040282,-0.000299,1.491686,0.091733,0.087800,0.000000,14.832293,0.134529,0.047518,-0.000299,1.000000,0.139874,0.019235,1.000000,0.044006,-0.045765,0.497229
21.889000,5.829000,14.971964,-0.010536,0.035535,-0.000804,657.036006,666.923384,654.228538,668.505581,-1.233358,-0.102857,-0.053896,-0.000804,1.490322,0.092321,0.089431,0.000000,14.971964,-0.010536,0.035535,-0.000804,1.000000,0.157500,0.016560,1.000000,0.044819,-0.046060,0.496774
21.904000,5.844000,14.914592,0.091694,0.135900,-0.002400,627.649770,693.352781,645.952893,672.866245,-1.289194,-0.001629,0.045149,-0.002400,1.488786,0.093323,0.090752,0.000000,14.914592,0.091694,0.135900,-0.002400,1.000000,0.139198,0.016825,1.000000,0.045480,-0.046560,0.496262
21.923000,5.863000,14.858676,0.056270,0.105019,-0.001746,635.520163,683.292854,646.480463,670.398052,-1.343540,-0.038048,0.013001,-0.001746,1.487216,0.094318,0.092018,0.000000,14.858676,0.056270,0.105019,-0.001746,1.000000,0.143640,0.018213,1.000000,0.046113,-0.047057,0.495739
21.946000,5.886000,15.050517,-0.010702,0.171792,-0.000870,635.133805,691.192224,632.144290,692.703949,-1.150390,-0.105390,0.078203,-0.000870,1.485907,0.094689,0.093589,0.000000,15.050517,-0.010702,0.171792,-0.000870,1.000000,0.148612,0.014956,1.000000,0.046898,-0.047242,0.495302
21.966000,5.906000,14.908022,0.079678,0.181004,0.000314,619.692676,698.307573,637.575857,682.467968,-1.291352,-0.015890,0.086175,0.000314,1.484375,0.095568,0.094829,0.000000,14.908022,0.079678,0.181004,0.000314,1.000000,0.134394,0.017444,1.000000,0.047518,-0.047682,0.494792
21.980000,5.920000,14.855273,0.079344,0.161896,-0.000168,622.129687,694.256231,639.522296,678.027749,-1.342545,-0.017114,0.065888,-0.000168,1.482818,0.096458,0.096008,0.000000,14.855273,0.079344,0.161896,-0.000168,1.000000,0.136015,0.018488,1.000000,0.048106,-0.048127,0.494273
22.002000,5.942000,14.942186,0.051690,0.178504,-0.000143,624.252095,695.992714,635.574222,685.465688,-1.254152,-0.045423,0.081245,-0.000143,1.481338,0.097113,0.097259,0.000000,14.942186,0.051690,0.178504,-0.000143,1.000000,0.130947,0.016595,1.000000,0.048730,-0.048456,0.493779
22.027000,5.967000,14.911484,0.039071,0.093902,0.000044,639.918081,680.164136,648.396689,672.150496,-1.283337,-0.058720,-0.004545,0.000044,1.479821,0.097791,0.098447,0.000000,14.911484,0.039071,0.093902,0.000044,1.000000,0.130234,0.016816,1.000000,0.049321,-0.048797,0.493274
22.047000,5.987000,14.965241,0.041050,0.038311,0.000005,650.626867,672.298368,659.358517,663.744917,-1.228231,-0.056932,-0.061454,0.000005,1.478473,0.097983,0.099765,0.000000,14.965241,0.041050,0.038311,0.000005,1.000000,0.134346,0.015787,1.000000,0.049977,-0.048895,0.492824
22.062000,6.002000,14.890444,0.068470,0.106151,-0.000103,634.112318,684.786586,648.901608,670.639481,-1.301500,-0.030131,0.005274,-0.000103,1.476945,0.098601,0.100877,0.000000,14.890444,0.068470,0.106151,-0.000103,1.000000,0.124637,0.017033,1.000000,0.050530,-0.049207,0.492315
22.082000,6.022000,14.879465,0.082908,0.083158,0.000206,636.235660,682.123364,654.277060,665.139710,-1.310947,-0.016314,-0.018777,0.000206,1.475413,0.099222,0.101935,0.000000,14.879465,0.082908,0.083158,0.000206,1.000000,0.123434,0.017248,1.000000,0.051056,-0.049520,0.491804
22.105000,6.045000,14.938431,0.063642,0.153872,0.000608,626.983951,692.846338,641.403771,680.390607,-1.250487,-0.036055,0.050870,0.000608,1.473918,0.099697,0.103003,0.000000,14.938431,0.063642,0.153872,0.000608,1.000000,0.121653,0.016026,1.000000,0.051587,-0.049760,0.491306
22.124000,6.064000,14.971954,0.041233,0.163965,0.000716,628.402350,692.900354,637.995518,685.097016,-1.215496,-0.058839,0.059907,0.000716,1.472450,0.100071,0.104058,0.000000,14.971954,0.041233,0.163965,0.000716,1.000000,0.121784,0.015479,1.000000,0.052112,-0.049949,0.490817
22.145000,6.085000,14.901445,0.034518,0.103435,0.000416,638.371824,680.918911,646.156688,674.137188,-1.284496,-0.065953,-0.001614,0.000416,1.470941,0.100471,0.105049,0.000000,14.901445,0.034518,0.103435,0.000416,1.000000,0.123806,0.016935,1.000000,0.052605,-0.050152,0.490314
22.161000,6.101000,14.872658,0.066634,0.135257,-0.000755,628.958856,689.229616,642.998480,675.060971,-1.311766,-0.034246,0.029275,-0.000755,1.469424,0.100881,0.105982,0.000000,14.872658,0.066634,0.135257,-0.000755,1.000000,0.121964,0.017410,1.000000,0.053069,-0.050358,0.489808
22.186000,6.126000,14.922269,-0.001691,0.178363,-0.000478,629.864560,690.310862,629.137898,690.298166,-1.260593,-0.103043,0.071508,-0.000478,1.467861,0.101352,0.106854,0.000000,14.922269,-0.001691,0.178363,-0.000478,1.000000,0.122261,0.017464,1.000000,0.053502,-0.050597,0.489287
22.206000,6.146000,14.931128,0.031219,0.123259,-0.000497,636.247106,684.824593,642.684921,678.072159,-1.250246,-0.070397,0.015526,-0.000497,1.466374,0.101616,0.107733,0.000000,14.931128,0.031219,0.123259,-0.000497,1.000000,0.119021,0.016151,1.000000,0.053940,-0.050730,0.488791
22.228000,6.168000,14.815128,0.059559,0.118996,-0.001576,631.610069,684.931439,643.471997,671.515262,-1.364614,-0.042625,0.010503,-0.001576,1.464742,0.102185,0.108492,0.000000,14.815128,0.059559,0.118996,-0.001576,1.000000,0.118374,0.018815,1.000000,0.054316,-0.051018,0.488247
22.244000,6.184000,14.857070,0.043599,0.082115,-0.001549,640.830847,678.103371,649.129909,667.906934,-1.321126,-0.058899,-0.027145,-0.001549,1.463196,0.102498,0.109260,0.000000,14.857070,0.043599,0.082115,-0.001549,1.000000,0.119363,0.017875,1.000000,0.054699,-0.051175,0.487732
22.266000,6.206000,14.890164,0.007432,0.025854,-0.001126,655.079400,665.494948,655.860756,663.070932,-1.286555,-0.095073,-0.084137,-0.001126,1.461719,0.102505,0.109991,0.000000,14.890164,0.007432,0.025854,-0.001126,1.000000,0.123914,0.018164,1.000000,0.055061,-0.051182,0.487240
22.283000,6.223000,14.963999,-0.027441,0.129037,-0.001390,642.693577,680.832382,635.705754,685.387836,-1.211231,-0.130031,0.018329,-0.001390,1.460230,0.102590,0.110709,0.000000,14.963999,-0.027441,0.129037,-0.001390,1.000000,0.117645,0.016395,1.000000,0.055419,-0.051225,0.486743
22.305000,6.245000,14.936301,-0.025682,0.104622,-0.000249,645.726760,675.938487,639.983413,681.022265,-1.237426,-0.128329,-0.006765,-0.000249,1.458727,0.102647,0.111387,0.000000,14.936301,-0.025682,0.104622,-0.000249,1.000000,0.116284,0.016964,1.000000,0.055756,-0.051256,0.486242
22.325000,6.265000,14.915241,0.007600,0.158779,-0.000474,632.165663,687.902368,633.490535,686.009551,-1.256978,-0.095117,0.046763,-0.000474,1.457220,0.102717,0.112017,0.000000,14.915241,0.007600,0.158779,-0.000474,1.000000,0.112280,0.016923,1.000000,0.056069,-0.051292,0.485740
22.343000,6.283000,14.885764,0.028732,0.158741,-0.000344,629.107991,689.358726,635.185081,683.272895,-1.284931,-0.074059,0.046140,-0.000344,1.455696,0.102791,0.112601,0.000000,14.885764,0.028732,0.158741,-0.000344,1.000000,0.110607,0.017272,1.000000,0.056359,-0.051332,0.485232
22.369000,6.309000,14.889161,0.028688,0.157942,0.000206,629.131981,689.092442,635.600562,683.423770,-1.280018,-0.074117,0.044798,0.000206,1.454179,0.102805,0.113143,0.000000,14.889161,0.028688,0.157942,0.000206,1.000000,0.110617,0.017134,1.000000,0.056627,-0.051341,0.484726
22.385000,6.325000,14.864189,0.011827,0.106416,0.000657,639.379523,678.194829,642.425459,676.258493,-1.303444,-0.090984,-0.007228,0.000657,1.452633,0.102811,0.113644,0.000000,14.864189,0.011827,0.106416,0.000657,1.000000,0.112828,0.017823,1.000000,0.056875,-0.051347,0.484211
22.406000,6.346000,14.984380,-0.040355,0.167195,0.000940,637.011802,685.364572,628.822065,694.207689,-1.181791,-0.142983,0.053085,0.000940,1.451171,0.102628,0.114110,0.000000,14.984380,-0.040355,0.167195,0.000940,1.000000,0.114205,0.016293,1.000000,0.057105,-0.051258,0.483724
22.426000,6.366000,14.929562,-0.009875,0.138940,0.000855,637.441758,682.681054,635.905230,685.329688,-1.235119,-0.112345,0.024410,0.000855,1.449681,0.102470,0.114529,0.000000,14.929562,-0.009875,0.138940,0.000855,1.000000,0.111917,0.016577,1.000000,0.057312,-0.051182,0.483227
22.446000,6.386000,14.904322,-0.015474,0.140399,-0.000311,637.641340,682.245446,634.025470,685.165286,-1.258856,-0.117792,0.025490,-0.000311,1.448177,0.102318,0.114908,0.000000,14.904322,-0.015474,0.140399,-0.000311,1.000000,0.112037,0.017300,1.000000,0.057499,-0.051108,0.482726
22.464000,6.404000,14.977086,-0.069006,0.131705,-0.000540,646.708215,676.973527,631.277019,690.624027,-1.184643,-0.170988,0.016471,-0.000540,1.446729,0.101981,0.115234,0.000000,14.977086,-0.069006,0.131705,-0.000540,1.000000,0.115817,0.016985,1.000000,0.057660,-0.050942,0.482243
22.486000,6.426000,15.014406,-0.067877,0.117074,-0.001279,650.230653,675.742499,634.592543,688.641440,-1.145911,-0.169404,0.001566,-0.001279,1.445317,0.101527,0.115508,0.000000,15.014406,-0.067877,0.117074,-0.001279,1.000000,0.115566,0.016001,1.000000,0.057796,-0.050716,0.481772
22.505000,6.445000,15.002211,-0.058330,0.110722,-0.000997,649.932482,675.298465,636.584748,686.480598,-1.156707,-0.159342,-0.005010,-0.000997,1.443918,0.101011,0.115731,0.000000,15.002211,-0.058330,0.110722,-0.000997,1.000000,0.115009,0.015921,1.000000,0.057906,-0.050459,0.481306
22.524000,6.464000,14.902855,0.036706,0.117133,-0.000481,636.073756,683.765750,643.713419,675.885473,-1.254613,-0.063891,0.001206,-0.000481,1.442469,0.100597,0.115927,0.000000,14.902855,0.036706,0.117133,-0.000481,1.000000,0.105755,0.016149,1.000000,0.058003,-0.050253,0.480823
22.546000,6.486000,14.804593,0.050722,0.107817,0.000116,633.705904,681.332186,644.839201,670.972873,-1.351303,-0.049682,-0.008309,0.000116,1.440896,0.100404,0.116126,0.000000,14.804593,0.050722,0.107817,0.000116,1.000000,0.103159,0.018514,1.000000,0.058100,-0.050159,0.480299
22.564000,6.504000,14.950334,0.014539,0.111928,-0.000019,640.329558,681.491415,643.469805,678.499575,-1.204143,-0.085297,-0.004284,-0.000019,1.439477,0.099835,0.116212,0.000000,14.950334,0.014539,0.111928,-0.000019,1.000000,0.108901,0.015229,1.000000,0.058142,-0.049875,0.479826
22.583000,6.523000,14.976452,-0.000661,0.117204,0.000034,641.631330,681.349431,641.512782,681.510319,-1.176622,-0.099884,0.000951,0.000034,1.438074,0.099223,0.116253,0.000000,14.976452,-0.000661,0.117204,0.000034,1.000000,0.109340,0.014842,1.000000,0.058161,-0.049571,0.479358
22.605000,6.545000,14.956302,0.011396,0.026596,0.000013,655.602977,667.049340,658.028388,664.675987,-1.195502,-0.086773,-0.089494,0.000013,1.436803,0.098169,0.116090,0.000000,14.956302,0.011396,0.026596,0.000013,1.000000,0.124543,0.015846,1.000000,0.058078,-0.049045,0.478934
22.633000,6.573000,14.901909,-0.059660,0.163993,-0.000387,642.215060,675.839876,631.027185,685.805548,-1.248465,-0.157215,0.047937,-0.000387,1.435374,0.097555,0.116056,0.000000,14.901909,-0.059660,0.163993,-0.000387,1.000000,0.114982,0.018288,1.000000,0.058060,-0.048740,0.478458
22.643000,6.583000,14.855075,-0.049991,0.129416,-0.000346,642.215060,675.839876,631.027185,685.805548,-1.293839,-0.146927,0.013432,-0.000346,1.433914,0.096936,0.115984,0.000000,14.855075,-0.049991,0.129416,-0.000346,1.000000,0.114977,0.018917,1.000000,0.058023,-0.048431,0.477971
22.665000,6.605000,14.919193,-0.110583,0.183479,-0.001216,641.089316,680.295987,615.683829,701.683647,-1.228302,-0.206825,0.067623,-0.001216,1.432495,0.096242,0.115855,0.000000,14.919193,-0.110583,0.183479,-0.001216,1.000000,0.121385,0.019822,1.000000,0.057957,-0.048086,0.477498
22.683000,6.623000,14.911095,-0.092680,0.176065,-0.002035,640.557230,681.035459,618.555231,698.243465,-1.234971,-0.188224,0.060374,-0.002035,1.431066,0.095543,0.115691,0.000000,14.911095,-0.092680,0.176065,-0.002035,1.000000,0.118437,0.019159,1.000000,0.057874,-0.047737,0.477022
22.702000,6.642000,14.984228,-0.150845,0.147719,-0.002479,653.555546,672.084783,618.724464,700.842087,-1.160463,-0.245525,0.032293,-0.002479,1.429691,0.094680,0.115426,0.000000,14.984228,-0.150845,0.147719,-0.002479,1.000000,0.127465,0.019600,1.000000,0.057742,-0.047305,0.476564
22.725000,6.665000,15.020000,-0.128327,0.115453,-0.003032,657.693454,670.002846,627.697151,693.937177,-1.123353,-0.222039,0.000369,-0.003032,1.428353,0.093712,0.115083,0.000000,15.020000,-0.128327,0.115453,-0.003032,1.000000,0.127632,0.017550,1.000000,0.057571,-0.046820,0.476118
22.741000,6.681000,15.006572,-0.096122,0.090718,-0.002221,657.929052,668.593434,635.638991,686.674175,-1.135455,-0.188813,-0.023964,-0.002221,1.427027,0.092690,0.114682,0.000000,15.006572,-0.096122,0.090718,-0.002221,1.000000,0.127640,0.016516,1.000000,0.057370,-0.046309,0.475676
22.767000,6.707000,14.905654,0.039722,0.101261,-0.001027,638.808017,681.722720,646.672703,672.780661,-1.234995,-0.052039,-0.013033,-0.001027,1.425650,0.091761,0.114295,0.000000,14.905654,0.039722,0.101261,-0.001027,1.000000,0.117088,0.015540,1.000000,0.057177,-0.045843,0.475217
22.781000,6.721000,14.842866,0.074644,0.073795,-0.000690,638.277822,679.280451,653.871565,663.270354,-1.296369,-0.016194,-0.040088,-0.000690,1.424235,0.090838,0.113882,0.000000,14.842866,0.074644,0.073795,-0.000690,1.000000,0.116523,0.016993,1.000000,0.056972,-0.045381,0.474745
22.802000,6.742000,14.974478,-0.012830,0.070667,-0.001192,651.433802,672.786787,647.831628,674.535362,-1.163430,-0.102559,-0.042672,-0.001192,1.422908,0.089729,0.113339,0.000000,14.974478,-0.012830,0.070667,-0.001192,1.000000,0.123591,0.014770,1.000000,0.056700,-0.044825,0.474303
22.825000,6.765000,14.848245,-0.045535,0.170263,-0.001457,634.780742,683.327168,623.627985,691.470099,-1.288115,-0.134633,0.057170,-0.001457,1.421360,0.089098,0.113093,0.000000,14.848245,-0.045535,0.170263,-0.001457,1.000000,0.106194,0.018732,1.000000,0.056578,-0.044509,0.473787
22.841000,6.781000,14.884087,-0.045840,0.112413,-0.001148,645.683857,674.366506,634.881626,682.909610,-1.250883,-0.133906,-0.000133,-0.001148,1.419970,0.088066,0.112546,0.000000,14.884087,-0.045840,0.112413,-0.001148,1.000000,0.118476,0.017440,1.000000,0.056305,-0.043992,0.473323
22.867000,6.807000,14.948838,-0.122555,0.103168,-0.001278,656.981442,666.308582,629.527128,690.504476,-1.184779,-0.209489,-0.008739,-0.001278,1.418618,0.086934,0.111907,0.000000,14.948838,-0.122555,0.103168,-0.001278,1.000000,0.128647,0.018433,1.000000,0.055986,-0.043426,0.472873
22.881000,6.821000,14.890061,-0.086732,0.069854,-0.000835,657.423895,662.960486,638.180133,680.308876,-1.242165,-0.172544,-0.041397,-0.000835,1.417225,0.085812,0.111251,0.000000,14.890061,-0.086732,0.069854,-0.000835,1.000000,0.126420,0.018578,1.000000,0.055658,-0.042864,0.472408
22.904000,6.844000,15.002353,-0.195380,0.053068,-0.000703,674.043773,651.019527,631.874446,691.032507,-1.128571,-0.279888,-0.057364,-0.000703,1.415924,0.084508,0.110432,0.000000,15.002353,-0.195380,0.053068,-0.000703,1.000000,0.144238,0.020900,1.000000,0.055249,-0.042211,0.471975
22.927000,6.867000,14.877548,-0.157476,0.124932,-0.000284,655.015882,664.385327,620.420430,696.403551,-1.251864,-0.241069,0.014997,-0.000284,1.414411,0.083593,0.109935,0.000000,14.877548,-0.157476,0.124932,-0.000284,1.000000,0.120553,0.021506,1.000000,0.055001,-0.041753,0.471470
22.943000,6.883000,15.058966,-0.115641,-0.010803,0.000425,677.297006,649.340012,653.388823,674.006290,-1.069328,-0.197514,-0.119470,0.000425,1.413294,0.081873,0.108667,0.000000,15.058966,-0.115641,-0.010803,0.000425,1.000000,0.165333,0.016763,1.000000,0.054367,-0.040892,0.471098
22.962000,6.902000,14.880573,-0.023246,0.145693,0.000968,636.545143,681.336788,632.150403,686.792011,-1.246374,-0.103825,0.037898,0.000968,1.411946,0.080578,0.107794,0.000000,14.880573,-0.023246,0.145693,0.000968,1.000000,0.126472,0.016756,1.000000,0.053930,-0.040246,0.470649
22.986000,6.926000,14.886658,-0.035342,0.104229,0.000538,645.429569,673.502419,638.150045,681.174329,-1.238956,-0.114573,-0.002623,0.000538,1.410614,0.079231,0.106853,0.000000,14.886658,-0.035342,0.104229,0.000538,1.000000,0.131269,0.016664,1.000000,0.053458,-0.039573,0.470205
23.002000,6.942000,14.847419,-0.009382,0.148440,0.001476,633.589465,682.304576,632.608184,685.317740,-1.276833,-0.087277,0.042538,0.001476,1.409252,0.077894,0.105902,0.000000,14.847419,-0.009382,0.148440,0.001476,1.000000,0.127061,0.017246,1.000000,0.052982,-0.038905,0.469751
23.026000,6.966000,14.921424,-0.074326,0.076053,0.001671,654.857002,665.038652,640.068458,681.677292,-1.201503,-0.150785,-0.028777,0.001671,1.407926,0.076459,0.104830,0.000000,14.921424,-0.074326,0.076053,0.001671,1.000000,0.138411,0.016793,1.000000,0.052446,-0.038188,0.469309
23.048000,6.988000,15.036149,-0.076298,0.006100,0.001822,669.427957,655.395226,654.656282,672.795993,-1.085670,-0.150924,-0.097146,0.001822,1.406819,0.074626,0.103246,0.000000,15.036149,-0.076298,0.006100,0.001822,1.000000,0.173773,0.015009,1.000000,0.051653,-0.037272,0.468940
23.063000,7.003000,14.891848,-0.101711,0.051982,0.001467,661.283397,657.485356,640.569616,679.789528,-1.228641,-0.174836,-0.050079,0.001467,1.405490,0.073125,0.102061,0.000000,14.891848,-0.101711,0.051982,0.001467,1.000000,0.144978,0.018403,1.000000,0.051061,-0.036521,0.468497
23.082000,7.022000,14.926705,-0.195608,0.022421,0.002138,676.557428,642.835697,636.579960,685.493794,-1.192485,-0.267177,-0.078369,0.002138,1.404190,0.071569,0.100791,0.000000,14.926705,-0.195608,0.022421,0.002138,1.000000,0.157612,0.021973,1.000000,0.050425,-0.035742,0.468063
23.102000,7.042000,14.900588,-0.169492,0.075083,0.001539,664.650523,654.418299,629.271390,690.682428,-1.217290,-0.239505,-0.024418,0.001539,1.402878,0.070013,0.099502,0.000000,14.900588,-0.169492,0.075083,0.001539,1.000000,0.152156,0.020614,1.000000,0.049781,-0.034964,0.467626
23.122000,7.062000,14.878272,-0.160261,0.100265,0.001112,659.056611,659.377691,625.101885,693.217798,-1.238271,-0.228723,0.002056,0.001112,1.401543,0.068462,0.098209,0.000000,14.878272,-0.160261,0.100265,0.001112,1.000000,0.150232,0.020565,1.000000,0.049134,-0.034189,0.467181
23.143000,7.083000,14.888834,-0.111845,0.104486,0.000248,653.738325,665.748580,629.644999,688.930732,-1.226396,-0.178699,0.007676,0.000248,1.400230,0.066854,0.096810,0.000000,14.888834,-0.111845,0.104486,0.000248,1.000000,0.153189,0.018240,1.000000,0.048435,-0.033384,0.466743
23.166000,7.106000,14.884263,-0.099185,0.108686,-0.000351,651.774697,667.907978,629.967777,688.017411,-1.229623,-0.164448,0.013255,-0.000351,1.398886,0.065263,0.095431,0.000000,14.884263,-0.099185,0.108686,-0.000351,1.000000,0.151524,0.017842,1.000000,0.047745,-0.032588,0.466295
23.183000,7.123000,14.923510,-0.072468,0.053848,-0.000702,659.345568,662.429450,643.351325,676.963389,-1.189069,-0.136061,-0.040056,-0.000702,1.397579,0.063593,0.093904,0.000000,14.923510,-0.072468,0.053848,-0.000702,1.000000,0.162324,0.016151,1.000000,0.046982,-0.031752,0.465860
23.208000,7.148000,14.911151,-0.060362,0.056439,-0.000917,657.423991,663.950131,643.849894,675.799669,-1.200104,-0.122295,-0.035945,-0.000917,1.396255,0.061933,0.092384,0.000000,14.911151,-0.060362,0.056439,-0.000917,1.000000,0.159580,0.016027,1.000000,0.046223,-0.030920,0.465418
23.226000,7.166000,14.897906,-0.070068,0.054236,-0.001643,658.789032,662.544915,642.621559,675.872269,-1.212024,-0.130322,-0.036581,-0.001643,1.394930,0.060254,0.090817,0.000000,14.897906,-0.070068,0.054236,-0.001643,1.000000,0.160025,0.016522,1.000000,0.045441,-0.030078,0.464977
23.241000,7.181000,14.841767,-0.085595,0.086380,-0.002262,653.896192,665.363819,633.750552,681.350501,-1.266795,-0.144195,-0.002914,-0.002262,1.393562,0.058599,0.089294,0.000000,14.841767,-0.085595,0.086380,-0.002262,1.000000,0.155370,0.018128,1.000000,0.044680,-0.029249,0.464521
23.266000,7.206000,14.958067,-0.094346,0.005480,-0.002266,671.119021,653.218352,649.630392,671.310269,-1.149321,-0.151073,-0.081768,-0.002266,1.392387,0.056727,0.087249,0.000000,14.958067,-0.094346,0.005480,-0.002266,1.000000,0.188935,0.016161,1.000000,0.043659,-0.028310,0.464129
23.288000,7.228000,14.851180,-0.155546,0.074286,-0.002175,663.533410,656.107879,628.438568,686.716455,-1.254822,-0.210603,-0.011410,-0.002175,1.391002,0.055057,0.085697,0.000000,14.851180,-0.155546,0.074286,-0.002175,1.000000,0.158645,0.020195,1.000000,0.042884,-0.027473,0.463667
23.301000,7.241000,14.846342,-0.160122,0.056251,-0.001738,666.803479,652.241054,631.202270,684.281445,-1.258269,-0.213499,-0.027873,-0.001738,1.389611,0.053376,0.084124,0.000000,14.846342,-0.160122,0.056251,-0.001738,1.000000,0.161426,0.020469,1.000000,0.042099,-0.026630,0.463204
23.330000,7.270000,14.929029,-0.176669,0.002772,-0.002222,679.414901,643.233102,640.574737,678.738422,-1.174251,-0.228301,-0.079608,-0.002222,1.388280,0.051631,0.082379,0.000000,14.929029,-0.176669,0.002772,-0.002222,1.000000,0.171582,0.019635,1.000000,0.041228,-0.025755,0.462760
23.344000,7.284000,14.943733,-0.165926,-0.005554,-0.002281,680.028559,643.297759,643.512133,676.547626,-1.158210,-0.215806,-0.086178,-0.002281,1.386943,0.049881,0.080623,0.000000,14.943733,-0.165926,-0.005554,-0.002281,1.000000,0.171328,0.018815,1.000000,0.040351,-0.024877,0.462314
23.367000,7.307000,14.889477,-0.123228,0.029710,-0.001705,668.360737,652.557028,640.937878,677.060180,-1.211097,-0.171368,-0.049202,-0.001705,1.385575,0.048141,0.078912,0.000000,14.889477,-0.123228,0.029710,-0.001705,1.000000,0.167463,0.017847,1.000000,0.039496,-0.024005,0.461858
23.382000,7.322000,14.936602,-0.127172,-0.014924,-0.001566,677.206965,645.404998,649.411843,671.095004,-1.162640,-0.173538,-0.092018,-0.001566,1.384242,0.046366,0.077094,0.000000,14.936602,-0.127172,-0.014924,-0.001566,1.000000,0.173478,0.017376,1.000000,0.038587,-0.023116,0.461414
23.402000,7.342000,14.949854,-0.103345,-0.003470,-0.000849,672.881335,649.972047,650.536503,671.104109,-1.148067,-0.147918,-0.078694,-0.000849,1.382922,0.044573,0.075224,0.000000,14.949854,-0.103345,-0.003470,-0.000849,1.000000,0.174288,0.015988,1.000000,0.037652,-0.022219,0.460974
23.426000,7.366000,14.971570,-0.048144,-0.033078,-0.000396,672.434075,651.071742,662.110724,660.983415,-1.125056,-0.090897,-0.106324,-0.000396,1.381626,0.042753,0.073246,0.000000,14.971570,-0.048144,-0.033078,-0.000396,1.000000,0.183048,0.014614,1.000000,0.036662,-0.021309,0.460542
23.444000,7.384000,14.985514,-0.083610,-0.033107,-0.000561,676.459409,647.642681,658.626917,664.947385,-1.109840,-0.124523,-0.104298,-0.000561,1.380354,0.040914,0.071191,0.000000,14.985514,-0.083610,-0.033107,-0.000561,1.000000,0.183055,0.014956,1.000000,0.035634,-0.020390,0.460118
23.462000,7.402000,14.911034,-0.103255,0.041814,-0.000852,664.406345,656.909173,641.783893,677.804023,-1.183011,-0.142335,-0.027364,-0.000852,1.379046,0.039080,0.069178,0.000000,14.911034,-0.103255,0.041814,-0.000852,1.000000,0.175891,0.016096,1.000000,0.034626,-0.019474,0.459682
23.482000,7.422000,14.930051,-0.123774,0.054333,-0.001130,664.952901,657.409081,637.682911,682.280201,-1.162710,-0.161013,-0.012801,-0.001130,1.377760,0.037239,0.067134,0.000000,14.930051,-0.123774,0.054333,-0.001130,1.000000,0.176441,0.016128,1.000000,0.033602,-0.018556,0.459253
23.509000,7.449000,14.947145,-0.207260,0.045572,-0.001307,675.530504,647.440772,630.398554,689.616666,-1.144346,-0.242645,-0.019432,-0.001307,1.376491,0.035386,0.065003,0.000000,14.947145,-0.207260,0.045572,-0.001307,1.000000,0.183059,0.019021,1.000000,0.032535,-0.017631,0.458830
23.528000,7.468000,14.841446,-0.276271,0.062500,-0.001774,677.694355,640.722254,616.988921,696.893097,-1.248513,-0.309862,-0.001074,-0.001774,1.374959,0.033591,0.063574,0.000000,14.841446,-0.276271,0.062500,-0.001774,1.000000,0.159830,0.025190,1.000000,0.031819,-0.016735,0.458320
23.542000,7.482000,14.969996,-0.180567,0.020609,-0.001756,677.581632,646.667599,638.118105,683.137638,-1.118722,-0.212296,-0.040722,-0.001756,1.373718,0.031729,0.061331,0.000000,14.969996,-0.180567,0.020609,-0.001756,1.000000,0.193332,0.017189,1.000000,0.030696,-0.015806,0.457906
23.568000,7.508000,15.016761,-0.147649,0.001780,-0.001834,678.359816,648.023956,646.023159,677.631944,-1.070805,-0.177507,-0.057055,-0.001834,1.372566,0.029858,0.058836,0.000000,15.016761,-0.147649,0.001780,-0.001834,1.000000,0.208992,0.014943,1.000000,0.029447,-0.014872,0.457522
23.587000,7.527000,14.896530,-0.053020,0.063010,-0.004047,656.300733,666.708924,642.033308,674.637227,-1.189831,-0.081024,0.006562,-0.004047,1.371361,0.028004,0.056448,0.000000,14.896530,-0.053020,0.063010,-0.004047,1.000000,0.208513,0.014819,1.000000,0.028253,-0.013944,0.457120
23.602000,7.542000,14.835342,-0.046374,0.046886,-0.003323,656.739570,663.053671,644.442439,670.196114,-1.249703,-0.072513,-0.007426,-0.003323,1.370045,0.026140,0.054313,0.000000,14.835342,-0.046374,0.046886,-0.003323,1.000000,0.199723,0.016150,1.000000,0.027184,-0.013013,0.456682
23.622000,7.562000,14.926324,-0.103671,-0.017061,-0.003189,675.477968,647.972055,651.486900,667.446926,-1.157462,-0.127946,-0.069128,-0.003189,1.368785,0.024275,0.052066,0.000000,14.926324,-0.103671,-0.017061,-0.003189,1.000000,0.197225,0.015513,1.000000,0.026060,-0.012080,0.456262
23.644000,7.584000,14.853526,-0.052702,0.019005,-0.001522,661.933611,657.342515,649.664958,667.250474,-1.228952,-0.075106,-0.030869,-0.001522,1.367478,0.022404,0.049874,0.000000,14.853526,-0.052702,0.019005,-0.001522,1.000000,0.198126,0.015763,1.000000,0.024963,-0.011145,0.455826
23.662000,7.602000,14.961261,-0.157997,-0.110456,-0.001028,696.322029,625.468302,663.252989,658.912965,-1.119985,-0.178541,-0.157962,-0.001028,1.366246,0.020544,0.047507,0.000000,14.961261,-0.157997,-0.110456,-0.001028,1.000000,0.201538,0.018227,1.000000,0.023777,-0.010216,0.455415
23.685000,7.625000,14.944168,-0.175228,-0.063403,0.001325,689.265604,630.630552,653.844088,669.217624,-1.135836,-0.193906,-0.108575,0.001325,1.365004,0.018678,0.045172,0.000000,14.944168,-0.175228,-0.063403,0.001325,1.000000,0.196787,0.017840,1.000000,0.022608,-0.009284,0.455001
23.702000,7.642000,14.946835,-0.178690,-0.103484,0.001638,696.073324,622.988129,660.507473,662.990031,-1.131941,-0.195510,-0.146252,0.001638,1.363775,0.016820,0.042768,0.000000,14.946835,-0.178690,-0.103484,0.001638,1.000000,0.201547,0.018775,1.000000,0.021405,-0.008357,0.454592
23.724000,7.664000,14.922906,-0.173569,-0.031178,0.002226,683.056618,635.683205,648.298171,674.321167,-1.154633,-0.188527,-0.071573,0.002226,1.362539,0.014958,0.040395,0.000000,14.922906,-0.173569,-0.031178,0.002226,1.000000,0.196744,0.017399,1.000000,0.020216,-0.007428,0.454180
23.745000,7.685000,14.902061,-0.148549,-0.006087,0.001629,676.095481,642.586255,645.944057,675.244208,-1.174231,-0.161642,-0.044117,0.001629,1.361293,0.013094,0.038031,0.000000,14.902061,-0.148549,-0.006087,0.001629,1.000000,0.197328,0.016596,1.000000,0.019032,-0.006499,0.453764
23.764000,7.704000,14.925363,-0.124106,-0.027673,0.001043,677.872098,642.219158,652.620429,669.385561,-1.149701,-0.135353,-0.063258,0.001043,1.360065,0.011247,0.035584,0.000000,14.925363,-0.124106,-0.027673,0.001043,1.000000,0.200999,0.015450,1.000000,0.017806,-0.005579,0.453355
23.781000,7.721000,14.880779,-0.045145,0.021296,0.000052,660.798641,658.528641,651.252152,668.047112,-1.193027,-0.054539,-0.011884,0.000052,1.358807,0.009394,0.033180,0.000000,14.880779,-0.045145,0.021296,0.000052,1.000000,0.206330,0.014545,1.000000,0.016601,-0.004656,0.452936
23.804000,7.744000,14.873174,-0.101641,0.032351,-0.000205,664.780060,654.360701,642.987634,675.490838,-1.199371,-0.109175,0.001542,-0.000205,1.357545,0.007534,0.030809,0.000000,14.873174,-0.101641,0.032351,-0.000205,1.000000,0.198710,0.015577,1.000000,0.015414,-0.003729,0.452515
23.824000,7.764000,14.830149,-0.109132,0.039130,-0.000069,663.422315,653.714091,640.054612,676.511110,-1.241090,-0.114793,0.010633,-0.000069,1.356239,0.005661,0.028497,0.000000,14.830149,-0.109132,0.039130,-0.000069,1.000000,0.197063,0.016732,1.000000,0.014255,-0.002795,0.452080
23.842000,7.782000,14.892831,-0.146633,-0.040059,-0.000126,681.927993,637.312973,651.205146,668.490237,-1.177143,-0.150444,-0.066175,-0.000126,1.354974,0.003811,0.026115,0.000000,14.892831,-0.146633,-0.040059,-0.000126,1.000000,0.199203,0.016558,1.000000,0.013062,-0.001873,0.451658
23.864000,7.804000,14.882176,-0.099981,-0.044992,-0.000667,677.921771,641.497715,656.591276,662.333115,-1.186512,-0.101928,-0.068779,-0.000667,1.353688,0.001947,0.023787,0.000000,14.882176,-0.099981,-0.044992,-0.000667,1.000000,0.203388,0.015590,1.000000,0.011896,-0.000943,0.451229
23.885000,7.825000,14.941715,-0.172188,-0.133785,-0.000743,700.988284,619.087132,665.385125,656.100928,-1.125727,-0.172310,-0.155149,-0.000743,1.352442,0.000121,0.021363,0.000000,14.941715,-0.172188,-0.133785,-0.000743,1.000000,0.202562,0.018049,1.000000,0.010682,-0.000032,0.450814
23.905000,7.845000,14.899634,-0.158321,-0.101096,-0.001432,693.677809,625.839424,660.124297,659.021036,-1.166535,-0.156600,-0.120099,-0.001432,1.351169,-0.001721,0.019003,0.000000,14.899634,-0.158321,-0.101096,-0.001432,1.000000,0.202444,0.017503,1.000000,0.009499,0.000887,0.450390
23.928000,7.868000,14.858287,-0.161994,-0.104711,-0.000869,693.573037,623.581579,659.634674,658.091598,-1.206516,-0.158330,-0.121593,-0.000869,1.349803,-0.003663,0.016882,0.000000,14.858287,-0.161994,-0.104711,-0.000869,1.000000,0.195601,0.018542,1.000000,0.008436,0.001856,0.449934
23.945000,7.885000,14.899199,-0.126395,-0.087851,-0.000918,688.122209,631.526518,661.404777,658.097003,-1.164329,-0.120898,-0.102380,-0.000918,1.348529,-0.005497,0.014529,0.000000,14.899199,-0.126395,-0.087851,-0.000918,1.000000,0.202639,0.016067,1.000000,0.007257,0.002769,0.449510
23.966000,7.906000,14.918164,-0.103121,-0.077283,-0.000811,684.396560,636.352191,662.513797,657.903541,-1.144113,-0.095823,-0.089410,-0.000811,1.347277,-0.007297,0.012126,0.000000,14.918164,-0.103121,-0.077283,-0.000811,1.000000,0.203413,0.014808,1.000000,0.006053,0.003666,0.449092
23.986000,7.926000,14.987224,-0.074515,-0.153668,-0.000494,695.320884,627.377158,679.895871,643.312747,-1.073841,-0.065477,-0.163289,-0.000494,1.346065,-0.009038,0.009621,0.000000,14.987224,-0.074515,-0.153668,-0.000494,1.000000,0.202500,0.014626,1.000000,0.004797,0.004533,0.448688
24.004000,7.944000,14.990882,-0.076920,-0.116560,-0.000018,689.451975,633.623654,673.723671,650.295495,-1.068988,-0.066157,-0.123667,-0.000018,1.344870,-0.010763,0.007108,0.000000,14.990882,-0.076920,-0.116560,-0.000018,1.000000,0.197610,0.013394,1.000000,0.003538,0.005391,0.448290
24.026000,7.966000,14.834171,-0.094224,-0.003270,-0.000269,669.179942,648.150852,649.083226,667.883701,-1.224354,-0.081568,-0.008185,-0.000269,1.343525,-0.012656,0.004915,0.000000,14.834171,-0.094224,-0.003270,-0.000269,1.000000,0.187735,0.015662,1.000000,0.002440,0.006335,0.447842
24.043000,7.983000,14.968532,-0.100251,-0.105828,-0.000253,689.662486,632.542575,668.937876,654.044335,-1.088804,-0.085914,-0.108213,-0.000253,1.342336,-0.014336,0.002384,0.000000,14.968532,-0.100251,-0.105828,-0.000253,1.000000,0.191406,0.013764,1.000000,0.001172,0.007172,0.447445
24.062000,8.002000,14.979874,-0.127756,-0.051337,-0.000294,683.781744,639.445969,657.039972,666.463029,-1.076285,-0.111752,-0.051198,-0.000294,1.341160,-0.016004,-0.000139,0.000000,14.979874,-0.127756,-0.051337,-0.000294,1.000000,0.186557,0.013095,1.000000,-0.000091,0.008002,0.447053
24.086000,8.026000,14.950648,-0.134995,-0.051684,-0.000067,683.873589,637.835338,655.760948,666.606977,-1.104330,-0.117333,-0.049038,-0.000067,1.339979,-0.017663,-0.002645,0.000000,14.950648,-0.134995,-0.051684,-0.000067,1.000000,0.186565,0.013813,1.000000,-0.001346,0.008828,0.446660
24.105000,8.045000,14.958794,-0.119439,-0.078459,-0.000211,686.910193,635.050373,662.105119,660.559916,-1.095023,-0.100179,-0.073252,-0.000211,1.338817,-0.019260,-0.005207,0.000000,14.958794,-0.119439,-0.078459,-0.000211,1.000000,0.188065,0.013531,1.000000,-0.002628,0.009623,0.446272
24.125000,8.065000,14.939472,-0.124225,-0.057318,-0.000755,683.698233,638.036927,657.376117,664.017461,-1.113189,-0.103381,-0.049565,-0.000755,1.337662,-0.020844,-0.007752,0.000000,14.939472,-0.124225,-0.057318,-0.000755,1.000000,0.188114,0.013706,1.000000,-0.003903,0.010412,0.445887
24.141000,8.081000,14.861028,-0.080303,0.010397,-0.000783,666.192651,652.810143,648.629095,669.124183,-1.190431,-0.057826,0.020593,-0.000783,1.336459,-0.022476,-0.010196,0.000000,14.861028,-0.080303,0.010397,-0.000783,1.000000,0.193731,0.014548,1.000000,-0.005126,0.011225,0.445486
24.164000,8.104000,14.819790,-0.095324,-0.017153,-0.000794,671.491717,645.500472,650.856948,665.138996,-1.230428,-0.071200,-0.004566,-0.000794,1.335217,-0.024123,-0.012587,0.000000,14.819790,-0.095324,-0.017153,-0.000794,1.000000,0.193254,0.015649,1.000000,-0.006323,0.012046,0.445072
24.187000,8.127000,14.940768,-0.103994,-0.136340,-0.000172,694.384850,625.996849,673.086817,648.583273,-1.108283,-0.078330,-0.121261,-0.000172,1.334051,-0.025664,-0.015079,0.000000,14.940768,-0.103994,-0.136340,-0.000172,1.000000,0.190484,0.014367,1.000000,-0.007571,0.012814,0.444684
24.202000,8.142000,14.970836,-0.085493,-0.154215,-0.000021,696.005791,625.483419,678.669808,644.220089,-1.077068,-0.058358,-0.136601,-0.000021,1.332904,-0.027136,-0.017614,0.000000,14.970836,-0.085493,-0.154215,-0.000021,1.000000,0.189622,0.013807,1.000000,-0.008840,0.013546,0.444301
24.224000,8.164000,14.915029,-0.063208,-0.110272,0.000098,685.381424,634.448884,672.483651,648.251710,-1.131700,-0.034587,-0.090177,0.000098,1.331730,-0.028621,-0.020094,0.000000,14.915029,-0.063208,-0.110272,0.000098,1.000000,0.191323,0.013740,1.000000,-0.010082,0.014286,0.443910
24.242000,8.182000,14.887961,-0.140777,-0.138777,-0.000336,697.404110,620.274756,668.469236,650.850890,-1.157583,-0.110644,-0.116268,-0.000336,1.330545,-0.030133,-0.022509,0.000000,14.887961,-0.140777,-0.138777,-0.000336,1.000000,0.187087,0.015976,1.000000,-0.011291,0.015039,0.443515
24.262000,8.202000,14.863341,-0.132213,-0.091911,-0.000323,688.411876,629.086200,660.898768,657.452395,-1.181000,-0.100556,-0.067039,-0.000323,1.329341,-0.031657,-0.024873,0.000000,14.863341,-0.132213,-0.091911,-0.000323,1.000000,0.186919,0.015408,1.000000,-0.012474,0.015799,0.443114
24.284000,8.224000,14.872328,-0.120558,-0.091282,-0.000058,687.230718,630.588140,662.310123,656.627981,-1.170807,-0.087393,-0.064066,-0.000058,1.328135,-0.033165,-0.027217,0.000000,14.872328,-0.120558,-0.091282,-0.000058,1.000000,0.187242,0.014882,1.000000,-0.013648,0.016550,0.442712
24.306000,8.246000,14.958119,-0.005771,-0.116842,-0.000032,681.577289,640.603128,680.375492,641.831355,-1.083864,0.028760,-0.087188,-0.000032,1.326984,-0.034531,-0.029654,0.000000,14.958119,-0.005771,-0.116842,-0.000032,1.000000,0.193186,0.012591,1.000000,-0.014867,0.017231,0.442328
24.329000,8.269000,14.865429,-0.070281,-0.148690,-0.000181,691.414789,625.771462,676.987173,641.076830,-1.175210,-0.033995,-0.116936,-0.000181,1.325639,-0.036285,-0.031754,0.000000,14.865429,-0.070281,-0.148690,-0.000181,1.000000,0.182008,0.015294,1.000000,-0.015919,0.018106,0.441880
24.343000,8.283000,14.920528,-0.080924,-0.100962,-0.001041,686.156125,634.740133,668.808392,651.437609,-1.118941,-0.043264,-0.066856,-0.001041,1.324469,-0.037661,-0.034106,0.000000,14.920528,-0.080924,-0.100962,-0.001041,1.000000,0.180570,0.013155,1.000000,-0.017096,0.018791,0.441490
24.365000,8.305000,14.899766,-0.115368,-0.092197,-0.000889,687.719035,631.969620,663.324579,656.208484,-1.138518,-0.076320,-0.055789,-0.000889,1.323284,-0.039048,-0.036408,0.000000,14.899766,-0.115368,-0.092197,-0.000889,1.000000,0.176841,0.013856,1.000000,-0.018248,0.019483,0.441095
24.384000,8.324000,14.975804,-0.060164,-0.140388,-0.000864,691.608704,631.223374,678.795883,643.675074,-1.061364,-0.019917,-0.101580,-0.000864,1.322169,-0.040247,-0.038808,0.000000,14.975804,-0.060164,-0.140388,-0.000864,1.000000,0.176198,0.012337,1.000000,-0.019448,0.020081,0.440723
24.411000,8.351000,14.935479,-0.042007,-0.093159,-0.000907,681.182915,640.655034,671.914030,649.008750,-1.100541,-0.000527,-0.052013,-0.000907,1.321021,-0.041479,-0.041146,0.000000,14.935479,-0.042007,-0.093159,-0.000907,1.000000,0.176245,0.012383,1.000000,-0.020618,0.020695,0.440340
24.427000,8.367000,14.790786,-0.162029,-0.183249,-0.001960,705.158405,608.082332,671.044375,642.565803,-1.243800,-0.118629,-0.140229,-0.001960,1.319587,-0.043400,-0.043020,0.000000,14.790786,-0.162029,-0.183249,-0.001960,1.000000,0.172524,0.018844,1.000000,-0.021556,0.021654,0.439862
24.443000,8.383000,14.883820,-0.051780,-0.040364,-0.001351,672.450710,647.819898,660.691871,657.808840,-1.149600,-0.007164,0.004913,-0.001351,1.318419,-0.044616,-0.045277,0.000000,14.883820,-0.051780,-0.040364,-0.001351,1.000000,0.177370,0.013224,1.000000,-0.022685,0.022261,0.439473
24.462000,8.402000,15.018746,-0.063994,-0.179321,-0.000324,699.013418,624.604980,685.926421,638.454425,-1.013580,-0.018312,-0.131729,-0.000324,1.317326,-0.045682,-0.047592,0.000000,15.018746,-0.063994,-0.179321,-0.000324,1.000000,0.166936,0.012042,1.000000,-0.023843,0.022792,0.439109
24.486000,8.426000,14.990713,-0.054265,-0.120631,0.001964,687.153376,634.587061,677.413935,647.935829,-1.040514,-0.007509,-0.070772,0.001964,1.316227,-0.046756,-0.049859,0.000000,14.990713,-0.054265,-0.120631,0.001964,1.000000,0.166521,0.011334,1.000000,-0.024976,0.023328,0.438742
24.506000,8.446000,14.977186,-0.033792,-0.158398,0.002822,690.674370,629.461913,685.739866,639.152628,-1.052955,0.013958,-0.106273,0.002822,1.315141,-0.047751,-0.052125,0.000000,14.977186,-0.033792,-0.158398,0.002822,1.000000,0.166045,0.012237,1.000000,-0.026108,0.023825,0.438380
24.526000,8.466000,14.825241,-0.104196,-0.145182,0.002361,692.555321,620.630922,672.907152,645.457002,-1.203589,-0.054906,-0.091078,0.002361,1.313831,-0.049290,-0.054103,0.000000,14.825241,-0.104196,-0.145182,0.002361,1.000000,0.163997,0.015618,1.000000,-0.027097,0.024596,0.437944
24.543000,8.483000,14.914342,-0.047496,-0.083190,0.001178,678.930025,640.495101,669.933764,651.664061,-1.113374,0.002807,-0.026923,0.001178,1.312716,-0.050303,-0.056267,0.000000,14.914342,-0.047496,-0.083190,0.001178,1.000000,0.162875,0.012469,1.000000,-0.028178,0.025102,0.437572
24.565000,8.505000,14.873284,-0.043068,-0.023238,0.000393,667.836927,650.797596,659.072204,660.253316,-1.153282,0.008294,0.035127,0.000393,1.311565,-0.051362,-0.058365,0.000000,14.873284,-0.043068,-0.023238,0.000393,1.000000,0.165370,0.013431,1.000000,-0.029226,0.025632,0.437188
24.587000,8.527000,14.867917,-0.080664,-0.086081,0.000255,682.118933,635.671683,665.624781,653.303486,-1.157497,-0.028279,-0.025649,0.000255,1.310414,-0.052385,-0.060432,0.000000,14.867917,-0.080664,-0.086081,0.000255,1.000000,0.158958,0.013544,1.000000,-0.030258,0.026144,0.436805
24.603000,8.543000,14.946259,-0.008163,-0.118762,0.000477,681.710733,639.531699,680.366752,641.686511,-1.078048,0.045097,-0.056244,0.000477,1.309307,-0.053260,-0.062518,0.000000,14.946259,-0.008163,-0.118762,0.000477,1.000000,0.157398,0.012142,1.000000,-0.031301,0.026581,0.436436
24.630000,8.570000,14.918920,-0.028654,-0.160673,0.000495,690.074824,629.213974,684.603902,635.921952,-1.104263,0.025468,-0.096110,0.000495,1.308183,-0.054122,-0.064563,0.000000,14.918920,-0.028654,-0.160673,0.000495,1.000000,0.154835,0.013183,1.000000,-0.032322,0.027012,0.436061
24.648000,8.588000,14.974254,0.015233,-0.182357,0.000116,690.480804,631.629449,693.624123,628.356344,-1.047853,0.070089,-0.115749,0.000116,1.307107,-0.054855,-0.066608,0.000000,14.974254,0.015233,-0.182357,0.000116,1.000000,0.153947,0.012811,1.000000,-0.033344,0.027379,0.435702
24.668000,8.608000,14.976197,-0.008811,-0.060769,-0.000671,673.187923,650.705941,670.898954,652.063931,-1.044984,0.046296,0.007928,-0.000671,1.306181,-0.055106,-0.068697,0.000000,14.976197,-0.008811,-0.060769,-0.000671,1.000000,0.156166,0.011141,1.000000,-0.034388,0.027504,0.435394
24.684000,8.624000,14.862785,-0.073453,-0.140308,-0.001216,690.661786,627.283746,674.852946,642.418148,-1.157271,-0.017559,-0.069685,-0.001216,1.305056,-0.055894,-0.070623,0.000000,14.862785,-0.073453,-0.140308,-0.001216,1.000000,0.146535,0.013909,1.000000,-0.035351,0.027897,0.435019
24.705000,8.645000,14.904732,-0.033799,-0.185813,-0.002176,695.270166,624.890025,686.997979,630.617691,-1.114225,0.022768,-0.113277,-0.002176,1.303956,-0.056567,-0.072536,0.000000,14.904732,-0.033799,-0.185813,-0.002176,1.000000,0.145803,0.013750,1.000000,-0.036307,0.028234,0.434652
24.728000,8.668000,14.809131,-0.094090,-0.133752,-0.000718,690.371155,624.709718,670.626517,644.775371,-1.208593,-0.036546,-0.059424,-0.000718,1.302723,-0.057544,-0.074328,0.000000,14.809131,-0.094090,-0.133752,-0.000718,1.000000,0.144261,0.015094,1.000000,-0.037202,0.028722,0.434241
24.747000,8.687000,14.840641,-0.078210,-0.179586,-0.001246,697.049880,619.156192,680.395653,635.503447,-1.175921,-0.019910,-0.103461,-0.001246,1.301562,-0.058300,-0.076125,0.000000,14.840641,-0.078210,-0.179586,-0.001246,1.000000,0.146150,0.014938,1.000000,-0.038101,0.029100,0.433854
24.765000,8.705000,14.854976,-0.050809,-0.144598,-0.001190,688.901128,628.833243,677.738038,639.036617,-1.160419,0.008223,-0.066715,-0.001190,1.300394,-0.059032,-0.077883,0.000000,14.854976,-0.050809,-0.144598,-0.001190,1.000000,0.147599,0.013918,1.000000,-0.038979,0.029466,0.433465
24.790000,8.730000,14.992301,0.017926,-0.092890,-0.000918,676.217767,648.469641,679.272333,643.880871,-1.022144,0.077059,-0.013244,-0.000918,1.299445,-0.059133,-0.079646,0.000000,14.992301,0.017926,-0.092890,-0.000918,1.000000,0.151865,0.011059,1.000000,-0.039860,0.029517,0.433148
24.805000,8.745000,14.930912,0.038957,-0.155397,-0.000096,682.807518,638.095017,690.642650,629.457661,-1.082413,0.098634,-0.074050,-0.000096,1.298325,-0.059677,-0.081346,0.000000,14.930912,0.038957,-0.155397,-0.000096,1.000000,0.146844,0.013237,1.000000,-0.040709,0.029790,0.432775
24.826000,8.766000,14.862845,0.023129,-0.129592,0.001357,678.203815,638.774900,683.858207,634.804954,-1.149323,0.083400,-0.046597,0.001357,1.297167,-0.060271,-0.082995,0.000000,14.862845,0.023129,-0.129592,0.001357,1.000000,0.145902,0.014122,1.000000,-0.041532,0.030088,0.432389
24.841000,8.781000,14.828410,0.021989,-0.137021,0.001533,678.750038,636.479821,684.287256,632.888447,-1.182573,0.082843,-0.052422,0.001533,1.295982,-0.060855,-0.084599,0.000000,14.828410,0.021989,-0.137021,0.001533,1.000000,0.143521,0.014946,1.000000,-0.042332,0.030382,0.431994
24.862000,8.802000,14.899101,0.008058,-0.125517,0.000874,680.019917,638.872658,682.262852,637.813792,-1.110742,0.069386,-0.039351,0.000874,1.294843,-0.061328,-0.086166,0.000000,14.899101,0.008058,-0.125517,0.000874,1.000000,0.134245,0.012974,1.000000,-0.043114,0.030621,0.431614
24.882000,8.822000,14.970476,0.050685,-0.128113,0.000889,677.609712,644.662648,688.547247,634.335496,-1.038280,0.112308,-0.040420,0.000889,1.293756,-0.061624,-0.087694,0.000000,14.970476,0.050685,-0.128113,0.000889,1.000000,0.132021,0.012205,1.000000,-0.043876,0.030770,0.431252
24.905000,8.845000,14.920464,-0.025515,-0.121078,-0.000285,683.568992,636.944537,678.155661,642.272079,-1.087176,0.036460,-0.031905,-0.000285,1.292640,-0.061975,-0.089173,0.000000,14.920464,-0.025515,-0.121078,-0.000285,1.000000,0.124688,0.012054,1.000000,-0.044615,0.030947,0.430880
24.922000,8.862000,14.885237,-0.048329,-0.076562,-0.000425,677.837897,641.542528,667.539146,651.615680,-1.121278,0.013991,0.014041,-0.000425,1.291515,-0.062321,-0.090603,0.000000,14.885237,-0.048329,-0.076562,-0.000425,1.000000,0.123348,0.012612,1.000000,-0.045329,0.031120,0.430505
24.947000,8.887000,14.947190,0.016607,-0.145849,-0.000690,684.063151,637.949802,686.969722,633.758588,-1.058224,0.079174,-0.053857,-0.000690,1.290414,-0.062567,-0.091992,0.000000,14.947190,0.016607,-0.145849,-0.000690,1.000000,0.123132,0.012115,1.000000,-0.046022,0.031244,0.430138
24.962000,8.902000,14.920727,0.009737,-0.107745,-0.001108,678.047003,643.455173,679.286991,640.461590,-1.083571,0.072538,-0.014410,-0.001108,1.289298,-0.062801,-0.093335,0.000000,14.920727,0.009737,-0.107745,-0.001108,1.000000,0.122250,0.012288,1.000000,-0.046693,0.031362,0.429766
24.984000,8.924000,14.904523,0.011593,-0.171204,-0.002864,688.553681,632.803522,688.967212,627.922265,-1.098656,0.074652,-0.076569,-0.002864,1.288179,-0.063060,-0.094636,0.000000,14.904523,0.011593,-0.171204,-0.002864,1.000000,0.121640,0.013215,1.000000,-0.047343,0.031491,0.429393
25.006000,8.946000,14.947237,0.003888,-0.102639,-0.002492,678.845326,644.864692,677.938584,642.046022,-1.054986,0.066728,-0.006857,-0.002492,1.287223,-0.062840,-0.095782,0.000000,14.947237,0.003888,-0.102639,-0.002492,1.000000,0.124646,0.011581,1.000000,-0.047916,0.031382,0.429074
25.033000,8.973000,14.912768,0.006706,-0.067482,-0.001508,671.613882,650.108701,671.961953,647.482574,-1.088479,0.069311,0.029387,-0.001508,1.286247,-0.062605,-0.096870,0.000000,14.912768,0.006706,-0.067482,-0.001508,1.000000,0.124679,0.012415,1.000000,-0.048460,0.031264,0.428749
25.041000,8.981000,14.913116,0.032536,-0.151180,-0.001520,682.870575,638.299660,688.449702,629.930313,-1.087093,0.095123,-0.053182,-0.001520,1.285209,-0.062587,-0.097997,0.000000,14.913116,0.032536,-0.151180,-0.001520,1.000000,0.122248,0.013006,1.000000,-0.049023,0.031255,0.428403
25.067000,9.007000,14.905480,0.041235,-0.141018,-0.000867,679.917841,640.599085,687.726864,630.869929,-1.093687,0.103772,-0.041945,-0.000867,1.284167,-0.062537,-0.099073,0.000000,14.905480,0.041235,-0.141018,-0.000867,1.000000,0.121632,0.013214,1.000000,-0.049560,0.031231,0.428056
25.085000,9.025000,14.915714,0.059772,-0.159778,-0.000504,681.217808,639.407682,692.991964,625.843439,-1.082418,0.122220,-0.059682,-0.000504,1.283132,-0.062448,-0.100095,0.000000,14.915714,0.059772,-0.159778,-0.000504,1.000000,0.121583,0.013566,1.000000,-0.050070,0.031187,0.427711
25.107000,9.047000,14.843154,0.009129,-0.165483,-0.000534,685.773911,631.188935,687.264799,628.738088,-1.153890,0.071600,-0.064382,-0.000534,1.282045,-0.062471,-0.101101,0.000000,14.843154,0.009129,-0.165483,-0.000534,1.000000,0.118533,0.014242,1.000000,-0.050573,0.031200,0.427348
25.127000,9.067000,14.901346,0.043744,-0.092107,-0.000504,671.302291,649.163597,679.972179,639.307978,-1.094646,0.106116,0.009925,-0.000504,1.280992,-0.062372,-0.102031,0.000000,14.901346,0.043744,-0.092107,-0.000504,1.000000,0.118914,0.013118,1.000000,-0.051037,0.031151,0.426997
25.143000,9.083000,14.987216,0.041651,-0.091569,-0.000760,673.384960,651.064230,681.426694,641.488606,-1.007910,0.103444,0.011152,-0.000760,1.280126,-0.061793,-0.102722,0.000000,14.987216,0.041651,-0.091569,-0.000760,1.000000,0.123442,0.011241,1.000000,-0.051382,0.030862,0.426709
25.164000,9.104000,14.853861,0.036986,-0.150052,-0.000149,680.492218,637.076799,687.919024,628.818894,-1.140177,0.098731,-0.046461,-0.000149,1.279038,-0.061745,-0.103592,0.000000,14.853861,0.036986,-0.150052,-0.000149,1.000000,0.115830,0.014191,1.000000,-0.051816,0.030838,0.426346
25.183000,9.123000,14.867525,0.048681,-0.137428,0.000166,677.388023,640.760636,687.435154,630.226008,-1.125430,0.110346,-0.033016,0.000166,1.277955,-0.061665,-0.104412,0.000000,14.867525,0.048681,-0.137428,0.000166,1.000000,0.115841,0.013993,1.000000,-0.052226,0.030798,0.425985
25.206000,9.146000,14.885968,0.046091,-0.093257,0.000295,670.639820,648.554766,680.344946,638.817497,-1.105900,0.107665,0.011939,0.000295,1.276868,-0.061574,-0.105196,0.000000,14.885968,0.046091,-0.093257,0.000295,1.000000,0.114445,0.013404,1.000000,-0.052618,0.030753,0.425623
25.225000,9.165000,15.028197,0.104046,-0.071672,0.000110,664.136156,661.667700,685.680381,639.482067,-0.962811,0.164963,0.033982,0.000110,1.276009,-0.060917,-0.105654,0.000000,15.028197,0.104046,-0.071672,0.000110,1.000000,0.122858,0.012107,1.000000,-0.052846,0.030425,0.425336
25.246000,9.186000,14.916940,0.094483,-0.143992,0.000019,674.882265,645.752423,694.117404,625.059941,-1.073009,0.155206,-0.037660,0.000019,1.274949,-0.060723,-0.106332,0.000000,14.916940,0.094483,-0.143992,0.000019,1.000000,0.111434,0.014064,1.000000,-0.053185,0.030328,0.424983
25.264000,9.204000,14.972107,0.149263,-0.097331,0.000307,662.435124,660.747997,693.309256,628.751561,-1.016835,0.209638,0.009571,0.000307,1.273942,-0.060376,-0.106901,0.000000,14.972107,0.149263,-0.097331,0.000307,1.000000,0.115677,0.014744,1.000000,-0.053470,0.030154,0.424647
25.286000,9.226000,15.049679,0.084366,-0.066702,0.000526,665.683433,660.755263,683.461904,643.145890,-0.938453,0.143933,0.040447,0.000526,1.273132,-0.059567,-0.107149,0.000000,15.049679,0.084366,-0.066702,0.000526,1.000000,0.117650,0.011042,1.000000,-0.053593,0.029749,0.424377
25.306000,9.246000,14.900079,0.004146,-0.121064,0.000566,679.809933,639.375666,681.044416,638.924457,-1.087025,0.063378,-0.013394,0.000566,1.272103,-0.059232,-0.107670,0.000000,14.900079,0.004146,-0.121064,0.000566,1.000000,0.104537,0.012236,1.000000,-0.053854,0.029582,0.424034
25.332000,9.272000,14.874045,0.065105,-0.175239,-0.000096,682.191480,636.144352,695.291004,621.650207,-1.111956,0.124130,-0.066984,-0.000096,1.271001,-0.059025,-0.108255,0.000000,14.874045,0.065105,-0.175239,-0.000096,1.000000,0.103386,0.014354,1.000000,-0.054147,0.029478,0.423667
25.344000,9.284000,14.901416,0.031179,-0.137362,0.000252,679.873660,639.608279,686.400733,632.986746,-1.083566,0.089792,-0.028679,0.000252,1.269981,-0.058614,-0.108683,0.000000,14.901416,0.031179,-0.137362,0.000252,1.000000,0.103166,0.012630,1.000000,-0.054360,0.029272,0.423327
25.362000,9.302000,14.961870,0.088989,-0.106145,-0.000237,670.186368,652.831997,688.269631,633.373936,-1.022130,0.147090,0.002875,-0.000237,1.269001,-0.058101,-0.109020,0.000000,14.961870,0.088989,-0.106145,-0.000237,1.000000,0.106945,0.012612,1.000000,-0.054529,0.029015,0.423000
25.382000,9.322000,14.919112,0.070329,-0.108003,-0.000584,671.622878,649.692291,685.654859,633.967857,-1.063883,0.127933,0.001343,-0.000584,1.267994,-0.057605,-0.109346,0.000000,14.919112,0.070329,-0.108003,-0.000584,1.000000,0.104544,0.012955,1.000000,-0.054692,0.028765,0.422665
25.408000,9.348000,14.908708,0.082647,-0.091088,-0.000134,667.115677,653.518234,684.059933,635.555489,-1.073279,0.139727,0.018545,-0.000134,1.266987,-0.057080,-0.109633,0.000000,14.908708,0.082647,-0.091088,-0.000134,1.000000,0.105112,0.013506,1.000000,-0.054837,0.028501,0.422329
25.427000,9.367000,14.889539,0.165853,-0.102012,-0.000276,659.862922,660.097140,693.798170,623.901131,-1.091230,0.222805,0.008248,-0.000276,1.265769,-0.056952,-0.110260,0.000000,14.889539,0.165853,-0.102012,-0.000276,1.000000,0.113031,0.016879,1.000000,-0.055152,0.028433,0.421923
25.443000,9.383000,15.000962,0.091786,-0.020924,-0.000187,656.284460,668.481775,675.351684,648.932062,-0.978867,0.148033,0.089444,-0.000187,1.264829,-0.056247,-0.110369,0.000000,15.000962,0.091786,-0.020924,-0.000187,1.000000,0.110075,0.012573,1.000000,-0.055207,0.028080,0.421610
25.465000,9.405000,15.085350,0.100806,0.035583,-0.000470,647.565285,680.770511,668.566003,659.463202,-0.893742,0.155919,0.145602,-0.000470,1.264092,-0.055113,-0.110019,0.000000,15.085350,0.100806,0.035583,-0.000470,1.000000,0.123727,0.012539,1.000000,-0.055033,0.027510,0.421364
25.484000,9.424000,14.933837,0.033713,-0.061833,-0.001051,668.159798,654.260120,674.426417,646.214262,-1.044306,0.088078,0.048224,-0.001051,1.263143,-0.054366,-0.110057,0.000000,14.933837,0.033713,-0.061833,-0.001051,1.000000,0.103806,0.011914,1.000000,-0.055053,0.027133,0.421048
25.507000,9.447000,14.935252,0.086819,-0.073859,-0.001756,664.917677,658.139386,681.664518,638.101679,-1.041964,0.140373,0.036161,-0.001756,1.262215,-0.053554,-0.110020,0.000000,14.935252,0.086819,-0.073859,-0.001756,1.000000,0.103821,0.012958,1.000000,-0.055035,0.026725,0.420738
25.546000,9.486000,14.850772,0.169745,-0.175829,-0.000158,667.788319,653.344472,696.167506,622.770577,-1.125204,0.222985,-0.065271,-0.000158,1.260976,-0.053240,-0.110558,0.000000,14.850772,0.169745,-0.175829,-0.000158,1.000000,0.109131,0.018059,1.000000,-0.055305,0.026567,0.420325
25.553000,9.493000,14.919774,0.139504,-0.128788,-0.000158,664.652042,659.798025,682.197026,641.444547,-1.055151,0.192080,-0.018089,-0.000158,1.259925,-0.052576,-0.110700,0.000000,14.919774,0.139504,-0.128788,-0.000158,1.000000,0.104998,0.014856,1.000000,-0.055375,0.026235,0.419975
25.565000,9.505000,14.993693,0.085273,-0.067091,-0.000129,664.652042,659.798025,682.197026,641.444547,-0.980358,0.136839,0.043321,-0.000129,1.259052,-0.051566,-0.110412,0.000000,14.993693,0.085273,-0.067091,-0.000129,1.000000,0.111636,0.011671,1.000000,-0.055230,0.025730,0.419684
25.583000,9.523000,14.923397,0.033075,-0.091970,-0.000477,672.855235,648.528628,679.340084,641.007012,-1.049748,0.083632,0.018142,-0.000477,1.258146,-0.050558,-0.110112,0.000000,14.923397,0.033075,-0.091970,-0.000477,1.000000,0.108026,0.011752,1.000000,-0.055080,0.025226,0.419382
25.601000,9.541000,14.901017,0.078593,-0.095320,-0.001571,668.582151,652.746887,683.691013,634.495519,-1.071202,0.128142,0.014482,-0.001571,1.257220,-0.049549,-0.109802,0.000000,14.901017,0.078593,-0.095320,-0.001571,1.000000,0.106387,0.013138,1.000000,-0.054925,0.024721,0.419073
25.623000,9.563000,14.824085,0.117098,-0.170551,-0.002373,675.785559,642.399042,697.923615,614.523504,-1.147022,0.165918,-0.060647,-0.002373,1.256108,-0.048820,-0.109904,0.000000,14.824085,0.117098,-0.170551,-0.002373,1.000000,0.098848,0.016278,1.000000,-0.054977,0.024354,0.418703
25.648000,9.588000,14.927226,0.001346,-0.043721,-0.001885,668.628472,654.106656,667.599489,652.346365,-1.043103,0.048878,0.065398,-0.001885,1.255330,-0.047532,-0.109119,0.000000,14.927226,0.001346,-0.043721,-0.001885,1.000000,0.119347,0.011548,1.000000,-0.054585,0.023708,0.418443
25.666000,9.606000,14.916442,0.148079,-0.080243,-0.002928,659.556566,663.544452,688.141852,629.331067,-1.052964,0.194533,0.028447,-0.002928,1.254406,-0.046454,-0.108690,0.000000,14.916442,0.148079,-0.080243,-0.002928,1.000000,0.110197,0.014953,1.000000,-0.054371,0.023166,0.418135
25.685000,9.625000,14.966214,0.131221,0.000489,-0.003770,648.881849,676.749904,673.865689,646.213680,-1.002301,0.176528,0.108624,-0.003770,1.253515,-0.045307,-0.108135,0.000000,14.966214,0.131221,0.000489,-0.003770,1.000000,0.116783,0.014344,1.000000,-0.054095,0.022588,0.417838
25.706000,9.646000,14.992873,0.109488,0.045098,-0.003543,643.982069,682.394693,664.769498,656.924495,-0.974779,0.153593,0.152576,-0.003543,1.252652,-0.044105,-0.107478,0.000000,14.992873,0.109488,0.045098,-0.003543,1.000000,0.121464,0.014190,1.000000,-0.053768,0.021982,0.417551
25.725000,9.665000,14.933961,0.204102,-0.003355,-0.003197,640.744495,682.670536,681.492471,637.124582,-1.032745,0.247074,0.103601,-0.003197,1.251706,-0.042972,-0.106956,0.000000,14.933961,0.204102,-0.003355,-0.003197,1.000000,0.117357,0.017845,1.000000,-0.053509,0.021409,0.417235
25.746000,9.686000,14.997675,0.091531,-0.004837,-0.002481,654.289362,671.957372,671.777005,650.768573,-0.968340,0.133057,0.100936,-0.002481,1.251015,-0.041526,-0.105773,0.000000,14.997675,0.091531,-0.004837,-0.002481,1.000000,0.132865,0.012167,1.000000,-0.052917,0.020685,0.417005
25.767000,9.707000,14.865072,0.159838,-0.092807,-0.001968,658.980587,661.142534,690.613281,624.965669,-1.099976,0.200181,0.012384,-0.001968,1.250047,-0.040344,-0.105191,0.000000,14.865072,0.159838,-0.092807,-0.001968,1.000000,0.110971,0.016122,1.000000,-0.052626,0.020092,0.416682
25.781000,9.721000,14.896640,0.093256,-0.091571,-0.001354,666.249240,654.771102,684.547057,633.536526,-1.067531,0.132308,0.012793,-0.001354,1.249171,-0.039051,-0.104365,0.000000,14.896640,0.093256,-0.091571,-0.001354,1.000000,0.115401,0.013163,1.000000,-0.052212,0.019446,0.416390
25.807000,9.747000,14.825257,0.029058,-0.114135,-0.000594,674.880473,642.054020,680.445097,635.242978,-1.137966,0.066843,-0.010528,-0.000594,1.248223,-0.037785,-0.103606,0.000000,14.825257,0.029058,-0.114135,-0.000594,1.000000,0.114198,0.013408,1.000000,-0.051832,0.018813,0.416074
25.827000,9.767000,14.937979,0.137064,-0.064035,-0.000423,657.548213,664.645847,685.676115,634.938423,-1.024373,0.173502,0.038607,-0.000423,1.247352,-0.036438,-0.102642,0.000000,14.937979,0.137064,-0.064035,-0.000423,1.000000,0.121077,0.013653,1.000000,-0.051349,0.018141,0.415784
25.842000,9.782000,14.915108,0.123806,-0.073028,0.001368,659.347193,660.531164,685.923509,634.992591,-1.046346,0.158903,0.028675,0.001368,1.246454,-0.035097,-0.101702,0.000000,14.915108,0.123806,-0.073028,0.001368,1.000000,0.119083,0.013556,1.000000,-0.050878,0.017471,0.415485
25.861000,9.801000,14.889756,0.155290,-0.047579,0.002405,650.697204,667.187973,684.755854,635.880488,-1.070784,0.189036,0.053161,0.002405,1.245541,-0.033746,-0.100740,0.000000,14.889756,0.155290,-0.047579,0.002405,1.000000,0.122298,0.015322,1.000000,-0.050396,0.016795,0.415180
25.884000,9.824000,14.824740,0.070874,-0.048066,0.001776,658.530700,657.034468,674.574599,643.247871,-1.134836,0.103276,0.051737,0.001776,1.244575,-0.032402,-0.099803,0.000000,14.824740,0.070874,-0.048066,0.001776,1.000000,0.123105,0.014213,1.000000,-0.049927,0.016122,0.414858
25.905000,9.845000,14.858399,0.170156,-0.022955,0.002042,644.242474,672.322663,681.422033,637.738944,-1.100224,0.201196,0.075867,0.002042,1.243623,-0.031039,-0.098822,0.000000,14.858399,0.170156,-0.022955,0.002042,1.000000,0.125552,0.016729,1.000000,-0.049436,0.015439,0.414541
25.929000,9.869000,14.841006,0.183158,-0.004695,0.001115,639.571492,676.683445,679.043497,638.769307,-1.116506,0.212917,0.093545,0.001115,1.242512,-0.029760,-0.098241,0.000000,14.841006,0.183158,-0.004695,0.001115,1.000000,0.119080,0.017874,1.000000,-0.049145,0.014797,0.414171
25.948000,9.888000,14.911073,0.094517,0.004881,-0.000248,649.556227,671.160156,669.341437,651.058810,-1.045558,0.122852,0.101828,-0.000248,1.241631,-0.028334,-0.096946,0.000000,14.911073,0.094517,0.004881,-0.000248,1.000000,0.134941,0.013478,1.000000,-0.048499,0.014079,0.413877
25.967000,9.907000,14.941017,0.030855,0.015146,-0.000479,655.334010,667.002981,661.522340,660.159212,-1.014820,0.057719,0.110537,-0.000479,1.240837,-0.026864,-0.095391,0.000000,14.941017,0.030855,0.015146,-0.000479,1.000000,0.145817,0.011854,1.000000,-0.047721,0.013343,0.413612
25.982000,9.922000,14.942666,0.165423,0.080901,-0.001076,629.488542,691.937808,664.327340,656.967286,-1.012250,0.190859,0.175051,-0.001076,1.239917,-0.025436,-0.094150,0.000000,14.942666,0.165423,0.080901,-0.001076,1.000000,0.133735,0.016954,1.000000,-0.047100,0.012626,0.413306
26.008000,9.948000,14.898400,0.133526,0.009038,-0.001932,644.954858,676.248729,671.835647,646.645269,-1.055573,0.157529,0.101983,-0.001932,1.238973,-0.024004,-0.092945,0.000000,14.898400,0.133526,0.009038,-0.001932,1.000000,0.127404,0.014664,1.000000,-0.046497,0.011907,0.412991
26.042000,9.982000,14.806397,0.170372,-0.024861,-0.000776,648.378518,670.989089,675.017100,643.008997,-1.146501,0.192952,0.067125,-0.000776,1.237898,-0.022580,-0.091986,0.000000,14.806397,0.170372,-0.024861,-0.000776,1.000000,0.121057,0.017318,1.000000,-0.046017,0.011192,0.412633
26.044000,9.984000,14.872219,0.129160,-0.013731,-0.000776,648.378518,670.989089,675.017100,643.008997,-1.079784,0.150276,0.076796,-0.000776,1.237003,-0.021116,-0.090528,0.000000,14.872219,0.129160,-0.013731,-0.000776,1.000000,0.134126,0.014507,1.000000,-0.045286,0.010462,0.412334
26.062000,10.002000,14.962147,0.138258,0.035184,0.000690,640.369519,681.453363,670.240015,653.127775,-0.988956,0.157903,0.124274,0.000690,1.236103,-0.019645,-0.089090,0.000000,14.962147,0.138258,0.035184,0.000690,1.000000,0.134135,0.013818,1.000000,-0.044566,0.009727,0.412034
