timestamp,x,y,theta
1770972829321744675,0.00035532721430217855,0.0014664946158575106,-0.000605472059613461
1770972829520919110,0.0003641193752990244,0.0012337468681694256,-0.0006667157573128703
1770972829720329158,0.0016639864648999524,-0.0013362461715414426,0.0014099445498009532
1770972829920401453,0.0017600450911701706,0.0012669981134682132,0.0006578293108672219
1770972830120728685,-0.0007046901064958996,-0.001282257918785932,0.0020931341505386215
1770972830320891478,-0.0013592271238730684,-0.0005618936498511452,0.001022333902013613
1770972830520702943,-0.0014870756720920257,0.0005594016705625578,0.0010756429911435916
1770972830720335767,-0.0031272465344057664,-0.0009669363999310602,0.002202259937738236
1770972830921211236,-0.0007735692915064531,-0.0020241748560673144,0.0030502791435539213
1770972831120385191,-0.0009330990032872226,-0.0019919317524249563,0.0019349487568229794
1770972831321022574,-0.0016794737445667463,-0.002299660239838147,0.0013449513669418448
1770972831520831554,0.0003351286764117123,5.554965367042877e-05,0.0015394407829433213
1770972831720750190,-0.003312061915942045,-0.0007564940608286538,0.0023707073536834494
1770972831920879578,-0.0010948039075995121,-0.0006623291794242601,0.0019155853984447282
1770972832120426373,-0.0010732358093859002,-0.0022912555577284466,0.001738001025997127
1770972832320513559,-0.0012368414190232215,-0.0003013027425295177,0.0007725234507916318
1770972832521133279,0.000985034420529159,-0.0005045451139999756,0.0007388691574063889
1770972832720723351,-0.002032541035128969,-0.0004025951253089704,-0.0005532281505468811
1770972832921917927,-0.0001773933077405354,-0.001378328390099903,-0.0006036639892525487
1770972833120622764,-0.02330069401158824,-0.002106814311791783,0.005971492789566394
1770972833320924291,0.0074558572429135085,-0.0019665330067849904,0.00625513128232824
1770972833520934578,0.0034562405955212176,-0.0014234847265642283,0.0034883206453458957
1770972833720739502,0.006751836290108164,-0.001994722347834531,0.003912746257941684
1770972833920783244,0.006488516013000828,-0.0036492013015692088,0.005292641706548996
1770972834120709494,0.011255489440424617,-0.003448978488181297,0.005563421301084571
1770972834320870647,0.023410615290722775,-0.0013474513772890966,0.002614918780002469
1770972834520778063,0.02544541662547252,0.00284202684116447,0.0035100034797749015
1770972834720750837,0.024357221582210677,0.005304338236431462,0.0017675819127288966
1770972834921516264,0.03101980808043777,0.005289950808761998,0.0010876320994323049
1770972835120794406,0.03411085488089781,0.006523944011645855,0.0003493322127351391
1770972835320592358,0.04197660807406045,0.0028632315375008775,-0.00012367470458862274
1770972835520483644,0.051495490625777525,0.002604759760638756,-0.0015578822512035623
1770972835720525384,0.06045834771706697,0.0027945499716779294,-0.0013168460744233217
1770972835920567384,0.08215369945267394,0.005835252120162405,-0.008572672133638336
1770972836120476814,0.11336555869359055,0.006247891815667057,-0.008019010065302673
1770972836320752463,0.09843300206339092,-0.0012694329005553144,0.002332491098507753
1770972836520608791,0.1273049704223993,0.006289584128628355,-0.007702996307610347
1770972836720631394,0.18294866929358566,0.0054931618787430955,-0.016064489170968622
1770972836920916201,0.19472707053105986,0.0024214759985784306,-0.008282033515754489
1770972837120864979,0.22562890339709527,0.009822681405995794,-0.010834117617088244
1770972837320892934,0.2655341604510512,0.008630142162179668,-0.009907398515699732
1770972837520417493,0.2605475152599369,0.012754173057528788,-0.013701420260597194
1770972837720592796,0.27507271781817844,0.009785704438413756,-0.018536257116288986
1770972837920409217,0.3191383928824964,0.0016678625973141105,-0.005942293105858984
1770972838120767428,0.3198714875241693,0.01245684350512454,-0.0062680380035737265
1770972838321370319,0.3280607442418055,0.008246093358470966,-0.0030620736917197893
1770972838520646053,0.3519347834467349,0.0037521671746502663,-0.005680440915993352
1770972838720842268,0.37328642381055177,0.008348727432750877,-0.011003939974423074
1770972838921549294,0.38664638077889657,0.009238908782023764,-0.014423247252046552
1770972839121220540,0.39919788455993055,0.014426819655483583,-0.007845014188390734
1770972839320720734,0.41560372028332593,0.01592678099134263,-0.0020676163707679532
1770972839520405168,0.4259937678728745,0.019298612000404444,-0.0038087726629082793
1770972839720903166,0.4618341318105432,0.014702359200288617,-0.0020756108033683223
1770972839920529096,0.4957985582898507,0.011751031328978605,0.0019824375046718925
1770972840121276069,0.5031937178214793,0.010218410518215669,0.0015586127469141642
1770972840320905888,0.5165575518134827,0.010332284808913784,0.0038535426406286137
1770972840520909389,0.5541337768263942,0.015561393693547535,0.006417048360638794
1770972840721018045,0.5930870629460125,0.01340280935046608,0.005344748298103327
1770972840921849687,0.5890504307299899,0.013094795595652993,-0.000297360950360581
1770972841120560815,0.6816463863694381,0.00668761573465785,0.0066798322636020925
1770972841320809407,0.6638343460741517,0.007737403570517704,0.014466705197012753
1770972841520932603,0.6661187777292795,0.006821110727760669,0.012236058456546265
1770972841720623011,0.6839622824030815,0.012303827539355073,0.0023694810714727423
1770972841920952351,0.7120874375941665,0.010985263665023486,0.004815576236932335
1770972842120618491,0.7358581849709351,0.01031788695477725,0.004451412499247907
1770972842321165628,0.7605633447510373,0.016736760125235922,-0.0015874867327620888
1770972842520939751,0.7726672420187225,0.014927573990617617,0.0040338225356620905
1770972842720693385,0.7849245249713476,0.014286781134997338,0.00022586042592986173
1770972842921136989,0.797474108735765,0.01430973215976466,-0.006524516357711221
1770972843120397226,0.8050770759406186,0.01674736319531337,-0.0020347056438171666
1770972843320901149,0.8472249596340489,0.017492128560047844,0.00204527614477116
1770972843520435685,0.8531981768271027,0.020103055993454636,0.0031885181421736734
1770972843721360813,0.8525467575387788,0.0178480389967271,-0.0009744596038901623
1770972843921670356,0.9404697057697498,0.0190313516327074,0.004619506521974762
1770972844121023296,0.9835133619934461,0.009190042767843805,0.014518282604405908
1770972844320824034,0.9506718678799961,0.010143335732390867,0.021693741574468992
1770972844520953716,0.9487654890573829,0.018519987386640027,0.014434684957655876
1770972844721137905,0.9829667929622912,0.020388586052406402,0.009270240267972678
1770972844921501806,1.01540165771504,0.018809780800520398,0.0012593440714477582
1770972845120584327,1.0451482569091912,0.015238491119691631,-0.004699509208717376
1770972845320793146,1.072926101576337,0.009480109187671412,0.006049805219621701
1770972845521328483,1.0637532591925196,0.01057614809852346,0.003416313064781751
1770972845720789438,1.064433043549023,0.006129588372549051,0.0020824250228503255
1770972845920441837,1.1001114200534636,0.008195354801647726,-0.0002962843092773112
1770972846120974969,1.1249333174740204,0.006801997453188255,0.002051346539000292
1770972846321048284,1.1380546933072766,0.0011662053269073875,0.0018242798018562184
1770972846520725182,1.1548419738276134,0.007239903099608202,0.007851253780197293
1770972846720982788,1.2025295139588354,0.003361798747522989,0.024618183365054155
1770972846921328786,1.2101556053287117,0.006691416148784062,0.016740577904429864
1770972847120694875,1.231264519622746,0.0008288067946288884,0.0023039233174004456
1770972847320832056,1.2247917040800047,0.009981914162832077,0.007102027103517911
1770972847520996921,1.2388289413304392,0.010568144690411108,0.013475922966387388
1770972847721035559,1.2601092143346928,0.011683379061655029,0.018975033584252017
1770972847921717617,1.2644381297443041,0.013890340185623117,0.017649784551178053
1770972848120599961,1.2954220131259075,0.01673627111835542,0.00961210606440452
1770972848320527883,1.3842424133893811,0.012469431261372392,0.019016683503770653
1770972848520900156,1.3926310228329997,0.01390191165292653,0.026677179680327137
1770972848720930990,1.401328284778617,0.01615337206514522,0.03259429812375256
1770972848921291229,1.4239207859335896,0.017060502294914445,0.029574651387582647
1770972849120750203,1.418781660614426,0.01834326488768929,0.024872384944335902
1770972849321134280,1.4432879800621086,0.019799705095892888,0.024577833340651143
1770972849520730636,1.4494997850743632,0.021405751473999556,0.026013735986562283
1770972849720868591,1.4617328434359351,0.019952121473933396,0.028313833912526024
1770972849920808939,1.5239857564608774,0.021400677468519372,0.0319410868763573
1770972850121151143,1.4604257711692847,0.018498941292251842,0.023333923550259986
1770972850321181840,1.5483860856275138,0.021426785387541194,0.02965188101998718
1770972850520986815,1.5462833008946621,0.021647854682479824,0.02821116062506049
1770972850720503697,1.5581114249068,0.022872073672346113,0.03154238697411078
1770972850921553678,1.5724818659274766,0.02522290840898101,0.031038466457193076
1770972851121302613,1.5614820163277845,0.028752216538113495,0.022570057983617768
1770972851321123821,1.6067646401496976,0.02837165519598163,0.023706819984432477
1770972851520897327,1.6239300306222382,0.024863212710260284,0.027412592966850297
1770972851721000517,1.6550399310245048,0.02716724181974666,0.03291582569185013
1770972851921325401,1.6699419522426056,0.03100051937964377,0.037853180460465104
1770972852120426900,1.678097351008828,0.03156353461439172,0.03355673996485707
1770972852320738179,1.7095018050118713,0.03050994762477992,0.03269103451727887
1770972852520815540,1.7748268402404621,0.03215373674955764,0.03645344727912411
1770972852720635558,1.7842136947040603,0.03462264265145573,0.04267022708638078
1770972852922019065,1.8073324949618,0.0375996195875357,0.04438123818037648
1770972853120593545,1.7662120303076543,0.036183460017054754,0.03405295769564401
1770972853321103695,1.7768568203503554,0.03676944048235366,0.03008108076256517
1770972853521474642,1.8291297640449589,0.036078496937303965,0.03475684715914459
1770972853720568981,1.843962109074385,0.034703789972579356,0.03737629533038345
1770972853921117346,1.88039814616731,0.03614530323393177,0.04163648864527136
1770972854120436224,1.901986641198509,0.03751607690739398,0.04152776350145012
1770972854321321519,1.9295186395978399,0.037836381379671866,0.03599577703074899
1770972854520806184,1.939729091810644,0.03982984043410153,0.03890086266498334
1770972854720821036,1.9542635536207473,0.0413271485870508,0.04305758075412971
1770972854922033261,1.9665510392355259,0.04052572765484184,0.04480071230836431
1770972855120794449,2.0099265243207904,0.03955427360706097,0.0420707116384056
1770972855320430923,2.0216773041414844,0.04490284679177242,0.042832626861629794
1770972855520663713,2.0334707538402,0.03718830001286687,0.041033283598345745
1770972855720892997,2.0153645960007953,0.039349410141712726,0.04619028648992541
1770972855920932900,2.0373650924737765,0.042126890344035474,0.04537705328026492
1770972856120947382,2.057402543031261,0.04601461210219297,0.046115909965624
1770972856320886790,2.0951342886121487,0.04224191220154108,0.03780824270647505
1770972856520894331,2.115450309901894,0.04583532126513532,0.03689373387597587
1770972856720886502,2.13475836923938,0.040714488577656326,0.0391044871152718
1770972856921270851,2.171743335610228,0.04504823248314591,0.04559726622926674
1770972857120709538,2.185853709266061,0.04843643717237428,0.04535772753838019
1770972857321416680,2.1946845161105784,0.04712163915533096,0.0445336700197765
1770972857521499991,2.2111316536174566,0.04386045943758328,0.04164462220807827
1770972857720573297,2.2287300706635405,0.044282102659282334,0.042798040173209484
1770972857920616329,2.2602318013574543,0.05155055743937693,0.04915241278380468
1770972858120850825,2.27447586016853,0.04866603694418918,0.04687716434719825
1770972858320576910,2.2723782197223255,0.051047679854429706,0.04076745196483655
1770972858520345246,2.3117939326733215,0.04966367543172035,0.03658858634185626
1770972858720601067,2.3380436544338363,0.056013151869871894,0.04252821539959421
1770972858922295802,2.3557744733562704,0.05224342197968365,0.04573895080687868
1770972859120950139,2.323393008265584,0.04739150796253332,0.04198826104153805
1770972859320719480,2.371565303888405,0.04756818125349606,0.03766205688358834
1770972859520685295,2.3730596028969853,0.05196325487503132,0.03550721114781706
1770972859721020783,2.401408442102858,0.0550539200803135,0.04013342805689388
1770972859921451638,2.4059960327581096,0.057036792376727756,0.053357447336851674
1770972860120851675,2.4401156369666137,0.06091618331620627,0.05339225077704895
1770972860321389090,2.450970044653952,0.06005304067247057,0.04806363999859578
1770972860521205755,2.480628297721687,0.06356833359966384,0.04603073708951497
1770972860720904440,2.5062382145617255,0.06853647633364593,0.051363491246329974
1770972860921360906,2.529993729386065,0.07046381553838067,0.05252289141329588
1770972861120858456,2.5374420199510435,0.0690646105124242,0.059570561004280216
1770972861321603349,2.562231532029349,0.06595517003621022,0.056288422886315935
1770972861520653346,2.599480892517735,0.06900073669582754,0.04923649168571607
1770972861720758177,2.6228770913366337,0.07444930243046491,0.045980489422006346
1770972861920576167,2.646802371963829,0.0754621056334016,0.05069798368914186
1770972862121461223,2.684152758017482,0.07153026626542654,0.04794949022470344
1770972862321281349,2.6988476526846155,0.07049302852132967,0.04974356584644763
1770972862520880482,2.7100754544845542,0.07456739519342277,0.04790941717710474
1770972862720940998,2.737863143605318,0.08228269146709921,0.045599148410422854
1770972862921888328,2.754451876840288,0.07979514234505276,0.04588900835524223
1770972863120861697,2.753234200699426,0.0785738245721702,0.054287701366095856
1770972863320633841,2.7939230020147816,0.07673459498220427,0.053700185836277704
1770972863520887557,2.7959676123769603,0.07953305816607491,0.04877010759883495
1770972863720828240,2.8233029683381745,0.07935611328509694,0.04832295917336961
1770972863921191440,2.841554265613921,0.08267728859458795,0.04969683177525523
1770972864120523823,2.862383857481278,0.08483784128996269,0.05242170433075215
1770972864320768303,2.883651114455795,0.07834873988398827,0.054080935633442795
1770972864520851988,2.8989200582778456,0.08014159226156277,0.052955009697854084
1770972864720432379,2.9079287438842294,0.07949536370898093,0.04987058890506188
1770972864921148231,2.89894962310357,0.08084984549956824,0.0565855892980443
1770972865120613325,2.9197992682403413,0.08201401660560642,0.0641738931728031
1770972865321052828,2.9426974091923217,0.08560281818797742,0.06299290757874607
1770972865521371655,2.964818724284832,0.08825789830462191,0.06004145367126616
1770972865720644336,2.9896290260754945,0.08923970242774444,0.059561604755144736
1770972865920656163,3.0072858749494125,0.09037099093130253,0.06553987811242676
1770972866120896185,3.0308546005503105,0.0929379376548472,0.0643091430813045
1770972866321339177,3.0550574165494258,0.09387456093334243,0.06425330529025634
1770972866520647871,3.079505092277289,0.09567684297425683,0.06294383343720308
1770972866720655221,3.085313606320813,0.0949614060682849,0.061111131607642435
1770972866921499157,3.112628888707138,0.09582911011155036,0.06279365992704378
1770972867120506571,3.143369093162178,0.10164841658270918,0.06255437015171453
1770972867320909105,3.1459406569687522,0.09661483069568111,0.07101530733840915
1770972867521028647,3.173589827562185,0.10203002347154104,0.06803633393340472
1770972867721226872,3.1926980610493385,0.10347995279767434,0.06536053241323163
1770972867920611006,3.2178473681814013,0.10352760449585133,0.06537791144926013
1770972868120894137,3.2468688400259214,0.10269413968228767,0.06627334382242953
1770972868321407691,3.2677938777414757,0.09927424502442972,0.07007617279736678
1770972868521393483,3.2863996922979752,0.09955077520786373,0.07117941335869547
1770972868721058267,3.3219752049346303,0.10350120585754857,0.06348286265289886
1770972868921498798,3.340215119016193,0.10523569514017483,0.0644100312625713
1770972869121383382,3.3627332723311056,0.10722807176279325,0.06429162425049106
1770972869321386911,3.362888584954877,0.10475466712627156,0.07445758875547731
1770972869521272298,3.3866326001661884,0.1119745000167804,0.0719362502292113
1770972869721595502,3.406682983168032,0.10773913563195191,0.07467322441379395
1770972869920882981,3.4184923357950083,0.11256265916902619,0.06937819498850353
1770972870121335828,3.4528424141693383,0.11410820465111042,0.06706649659724827
1770972870321190679,3.4721142509975236,0.11635528203062591,0.06946539948090161
1770972870521340977,3.4918883084242966,0.11260389782466743,0.0739098605913719
1770972870720759574,3.514200689385378,0.11318782728952309,0.07211716232037602
1770972870922183993,3.5324895302963584,0.1174731087980312,0.07181592670404482
1770972871120972278,3.5474920320272627,0.11868393929526422,0.07065656858216153
1770972871321184078,3.568254451680989,0.11855141616160376,0.07445384570959876
1770972871521673973,3.5944598045389364,0.12068954861048888,0.0755627370432864
1770972871720874716,3.607255770178309,0.12304490903769003,0.07279414681569565
1770972871920967174,3.629086324326169,0.1257629347682756,0.0736640101675976
1770972872120435510,3.651684524369245,0.12129828788981918,0.07705680736863427
1770972872320893003,3.6723207705012832,0.12619062139535234,0.07867388397398047
1770972872521926893,3.6763889855802145,0.12815403989720622,0.08587341010778994
1770972872720858744,3.6970684499666095,0.13189477755172951,0.079620020830989
1770972872921294625,3.707640854135895,0.13019870962929583,0.07556346513940529
1770972873120321621,3.7371996118399204,0.13107672655118188,0.07749865786884723
1770972873321042491,3.7651529941779205,0.133022864048656,0.07972888893434511
1770972873520533096,3.795831543939087,0.13315861570257553,0.08802063862152465
1770972873720588425,3.805040164686336,0.13749887324929302,0.08306392223902133
1770972873920527718,3.8384586538379772,0.13982310705583992,0.0771952010004387
1770972874120392574,3.862422798088423,0.14401074609379563,0.0769758719526971
1770972874320827598,3.8711291861327415,0.14348087758368086,0.08267618821385084
1770972874520778545,3.8889020788990614,0.14713268921143213,0.08347587238574392
1770972874720716327,3.908709698970301,0.14851505560650913,0.08359064128910718
1770972874921213182,3.929753034013547,0.14970120904832845,0.08111963274920084
1770972875120699771,3.9291546172207155,0.15286557938994172,0.06948695499774736
1770972875321005614,3.9476290492722925,0.1491732714108102,0.06866350203871659
1770972875521014678,3.9754275831619186,0.1493541752102128,0.05972008482714261
1770972875721008371,3.978708670280406,0.15537910880906514,0.05192217198907267
1770972875920868373,4.007254501218406,0.15686709618226835,0.04826358794611965
1770972876120721091,4.035191873823026,0.1574838320399498,0.04199486213065312
1770972876320764464,4.06097166116487,0.1578197951453311,0.03798379010470007
1770972876520651702,4.086453915141602,0.15981142952568916,0.035910945290709775
1770972876720681408,4.105635808893934,0.15880449146310768,0.03290228718259702
1770972876921159861,4.109932261369801,0.15960856416812508,0.01682540650468252
1770972877120664390,4.136258999197898,0.16063575978078853,0.003744149881091662
1770972877320599514,4.138361372751162,0.15893088445095752,-0.00035856928769530984
1770972877521123689,4.155639452172876,0.16055110955064317,-0.007373421175122595
1770972877720527535,4.186502685132379,0.15890136569913008,-0.01461737960867147
1770972877920500292,4.192952277858012,0.15879560242391041,-0.025535224718810055
1770972878121023946,4.222665336920855,0.1576542596181894,-0.02618778552648068
1770972878320844338,4.236398507982579,0.15691440256809397,-0.02518090040456275
1770972878521112355,4.268474607867955,0.15733559546261786,-0.02597487745117779
1770972878720703028,4.283357676174096,0.15770283133152074,-0.027504368172741565
1770972878921921202,4.3313548495815795,0.1579579822656249,-0.03382188199610445
1770972879120976308,4.370282035168564,0.15744825665187748,-0.03301566164316128
1770972879320793566,4.384144437830276,0.15789907432871486,-0.0316411027640005
1770972879521023862,4.391040342773131,0.15740704149900153,-0.03037620060278208
1770972879720880828,4.415710570169805,0.15570824880644862,-0.02915412715305225
1770972879921293079,4.4357226306923145,0.15432104844757155,-0.028699681145732354
1770972880121039439,4.455134804325902,0.15377516321396284,-0.029979272131149346
1770972880320751023,4.476405708941826,0.15135033343781645,-0.03045916262216008
1770972880520960811,4.476916713981535,0.15253395654172666,-0.02573240503910302
1770972880720846095,4.484661931075134,0.1473133690668577,-0.026885784464236527
1770972880921531222,4.540324325296913,0.14646811824565675,-0.028631563675604155
1770972881121028878,4.560769878465697,0.14749609215372292,-0.028738676682480774
1770972881320723452,4.578259543697153,0.14918398820075604,-0.027619745331390902
1770972881521381068,4.594692465362664,0.14860101931454817,-0.02811345936722754
1770972881720662264,4.61367580473117,0.15146188955574863,-0.0258996028873854
1770972881920819933,4.635406552459528,0.15038825310022513,-0.026966531070552607
1770972882121007570,4.657154586134521,0.14811630753408073,-0.03004349722983764
1770972882320823564,4.6757678501933215,0.1454457167022011,-0.02893352471405614
1770972882520634548,4.670893474738783,0.14178002038572765,-0.014475281179001327
1770972882720665121,4.695188614597614,0.14286164707393087,-0.016667956217497032
1770972882921183517,4.719960121597976,0.144282347456053,-0.021046069492822162
1770972883121447446,4.741121382678009,0.1419181979765199,-0.023783863049578646
1770972883320769908,4.763169935026054,0.14196213568008195,-0.02380705086978435
1770972883520646082,4.786445020613906,0.14088327522166183,-0.023738615773500157
1770972883720721245,4.808319742041443,0.13893324602213003,-0.02262210399752778
1770972883920863649,4.828815894582771,0.13923603211907265,-0.0232353221508695
1770972884120643595,4.89606996369007,0.13919790513491442,-0.03408888317708687
1770972884321240460,4.906679368631628,0.14227468320392528,-0.031423952570790926
1770972884520911386,4.921286119341357,0.13920712138291583,-0.0298868020864222
1770972884721168677,4.934533546323276,0.13941639277139775,-0.0267029025958527
1770972884921377634,4.949566133477099,0.13926553925205704,-0.02713332093552766
1770972885120976318,4.9648985996922494,0.14002965727287897,-0.02807732356748149
1770972885320753494,4.983485928850761,0.1380611509328447,-0.028520353683436254
1770972885520938658,4.999234615976077,0.1392698777709729,-0.028129023745276076
1770972885721001352,5.0198616955794915,0.13854633654006107,-0.024944392926065734
1770972885920850839,5.034332709330329,0.13701626628535393,-0.02431288295266277
1770972886121191015,5.078525087832135,0.1369297685232333,-0.025283888208679738
1770972886320605705,5.087712635493887,0.138714794510346,-0.023587646066861357
1770972886520667009,5.081485375151809,0.13727782461853738,-0.01879983192081261
1770972886720472153,5.147008726973028,0.1345751358978447,-0.012708455836211975
1770972886921854909,5.142339021582558,0.13404361519307054,-0.010509373112023181
1770972887120642994,5.158709788616071,0.13178399182968764,-0.013968203868502081
1770972887320714611,5.262854284449075,0.1322176746088989,-0.0240057497061055
1770972887520632388,5.2611787476257,0.13162854405073815,-0.020672094862664452
1770972887720748862,5.269928237303189,0.13041969138003215,-0.017776308836977187
1770972887921192145,5.248230943520369,0.1278749989577977,-0.013688237509616967
1770972888120690552,5.282755740276229,0.12803637162346584,-0.018963120789932123
1770972888320677206,5.298628331951789,0.12601212681318263,-0.021798070684488916
1770972888520606177,5.311465191108762,0.12718836259146493,-0.02359601411023539
1770972888720765989,5.340540510505211,0.12804087272578119,-0.01613797347199466
1770972888921961284,5.350397325367909,0.1303783236786101,-0.016080632619212287
1770972889120723715,5.349311412281507,0.13622244954481483,-0.010748379317479705
1770972889321179829,5.345440319079339,0.1298003623086379,-0.01601827953971814
1770972889521408589,5.429360416811215,0.12776682946127926,-0.011117458245681246
1770972889720792588,5.465357467490776,0.12466069715879669,-0.018226506022757556
1770972889920794384,5.506408557203984,0.12297211983617967,-0.018251328680325037
1770972890120482066,5.509357006022303,0.1274360407373531,-0.01856200582561124
1770972890321261294,5.513579124932566,0.1260214527378658,-0.019734775986709203
1770972890520809787,5.523446856528214,0.1283096754940331,-0.020376862546160873
1770972890720774404,5.53477171489838,0.1262049228199138,-0.021319132422114584
1770972890922010724,5.547912077469742,0.12596262930205607,-0.019463304757361993
1770972891121212591,5.5932181168755015,0.12565933402062548,-0.02113647689987336
1770972891320853608,5.601899292394982,0.12735313763779174,-0.023143721158868674
1770972891521105137,5.626280834797596,0.1221111597248112,-0.027125620449059508
1770972891721170053,5.631307925682318,0.12125270225115443,-0.02282639030740953
1770972891921718543,5.639725767543609,0.12298504871074221,-0.020774204252402253
1770972892121142616,5.655418540781265,0.11989173363099853,-0.019577237015595474
1770972892320687799,5.687266092489837,0.12156480819884234,-0.025670495327202177
1770972892521095096,5.736740148992496,0.11785625608030852,-0.02874996093439158
1770972892720311918,5.733228580789469,0.12098045882304849,-0.023093772341133745
1770972892921768003,5.773007747924002,0.11870034369297615,-0.019680130648221134
1770972893120512963,5.78309467444659,0.11541505285578928,-0.020820825024554294
1770972893320930362,5.831159331221783,0.11857109891878731,-0.027732575582484865
1770972893520890810,5.853176268060377,0.11938418096921678,-0.028060104988368157
1770972893720578133,5.8580416830607,0.12055017645235142,-0.026269096824799318
1770972893920385311,5.870044058339804,0.1210524959385248,-0.026351568920188424
1770972894120912344,5.886172970952997,0.1131008792845516,-0.01842544463180135
1770972894320359392,5.911045632096161,0.11419379546971065,-0.02457376931311044
1770972894520782416,5.923694564795249,0.11617706252837896,-0.024334550054203027
1770972894720958998,5.9353406494658705,0.1116738208529032,-0.020251495154942244
1770972894921303338,5.94960596668281,0.11221156200104457,-0.019843551428787486
1770972895120615862,5.990336510625397,0.11133778171585704,-0.019455645900298635
1770972895320745225,6.023459340964414,0.11257600094456456,-0.020330877476548655
1770972895520913755,6.031067676004641,0.1116973463637548,-0.0192113326866487
1770972895720957000,6.040615497193889,0.11677310604194069,-0.021044466273437864
1770972895920925038,6.055031832990603,0.12012572319747343,-0.021319890787948326
1770972896120928545,6.0904817181462745,0.11648773507974754,-0.010750740536826797
1770972896320931374,6.096546461855444,0.11202557888019703,-0.0119038466499709
1770972896521008679,6.128594991992921,0.11337635894728634,-0.018893040695823007
1770972896720489498,6.142366645692858,0.11488436707946158,-0.020244703175786374
1770972896921735736,6.1380760457048495,0.11081732544378103,-0.01236115650465141
1770972897120934143,6.176840427752318,0.11514177004640277,-0.011943413857124401
1770972897320851849,6.185590440474391,0.1122241259195671,-0.00935398846628379
1770972897520910440,6.247194987154118,0.11240713467051063,-0.014226291945442808
1770972897721232556,6.276871103933477,0.11221870267903308,-0.02013443612491016
1770972897920824767,6.278834265923596,0.11344295012368609,-0.01640397965760516
1770972898121770580,6.301340445637895,0.11169800427308584,-0.01542605195987363
1770972898321009343,6.306187417818964,0.11237724713979048,-0.014447257671428158
1770972898520980577,6.330729974347343,0.11306450653786118,-0.018048881461201323
1770972898721161690,6.342453899891564,0.10871996440688493,-0.015526488452441181
1770972898921757985,6.35427914155153,0.10396346086322816,-0.012382437293579624
1770972899121182250,6.3704280358359275,0.10263262392456467,-0.010533791608117266
1770972899320614044,6.416112264001602,0.09802866356565167,-0.007208945033674325
1770972899520878974,6.444719067468695,0.1006953076924177,-0.01297888231571523
1770972899720629710,6.467277519915563,0.10443083764916754,-0.016532741316223794
1770972899921696476,6.475303479509066,0.10325822150629199,-0.014736261322674164
1770972900121198818,6.485380782670958,0.10264295530416997,-0.012769299389122704
1770972900321143626,6.543446112747093,0.10344856249727609,-0.014985121859456831
1770972900520741737,6.545951141018606,0.10470932756287694,-0.013420440891648868
1770972900720574537,6.539710527360187,0.1062299617298984,-0.014439450873410939
1770972900921044280,6.554016224156725,0.10667552373557589,-0.014390540570542667
1770972901121072071,6.556502167589608,0.10800404385546676,-0.011825487687969321
1770972901321172587,6.574355175846355,0.1054944425950411,-0.009394129832789318
1770972901520931105,6.592107889987208,0.10325068844942302,-0.00916053901499306
1770972901720545962,6.635510927537437,0.10452237412658935,-0.015595899393599169
1770972901920556963,6.6606125517665635,0.10742173269658573,-0.016954796580874523
1770972902120537625,6.6728332304913325,0.10504908625200604,-0.01623125279218039
1770972902321160163,6.6837572280293305,0.10591977656993173,-0.01367015556451568
1770972902520893585,6.731698014546601,0.10434919075565531,-0.008803280087637543
1770972902720589354,6.754679002137018,0.10716903670464037,-0.013116681627153832
1770972902921197584,6.7591572348132045,0.10347526757686298,-0.014425553809125856
1770972903120989461,6.7726307892995266,0.10504363604483327,-0.014437835727358196
1770972903320730120,6.796625645424205,0.10267948245674571,-0.007655396071229819
1770972903520794462,6.812338441923552,0.10200475791207583,-0.007536987277131834
1770972903720883622,6.841723916980132,0.10163720521203606,-0.011263541141145146
1770972903921340731,6.854402336090161,0.10199865869931442,-0.01205448832699384
1770972904120991214,6.859237524914854,0.10131555539798368,-0.008176407528167312
1770972904320905537,6.883397289300318,0.10226900884479048,-0.00381463401258331
1770972904521065088,6.918498960193302,0.10466523860624918,-0.011498617680620823
1770972904721036571,6.930035912336763,0.10372011215603656,-0.012356094219736014
1770972904921024577,6.942154645653527,0.10464097351124649,-0.012798623233160044
1770972905120572053,6.95782597225974,0.10399701149640457,-0.013048983602643088
1770972905320724774,6.9754698457704905,0.1033766894348922,-0.013771600359879049
1770972905520533974,7.015246100958411,0.10425033833055598,-0.019341368738393653
1770972905720595277,7.031663548484798,0.10252922850005135,-0.018125297762366894
1770972905920565802,7.025144740032249,0.10104679669196151,-0.011151345839129669
1770972906120759243,7.046446280601604,0.10171526185216166,-0.011861210865241806
1770972906320701506,7.057010453034848,0.10005159566803037,-0.015134869737695868
1770972906520773172,7.0820039826053,0.1016222050542866,-0.015034542539851512
1770972906720696769,7.106725797477021,0.10100349034166539,-0.012887509498362355
1770972906921848574,7.101361645804377,0.0985958074928717,-0.011473056875169512
1770972907121329176,7.12427763313821,0.09790268191799963,-0.010288470937430754
1770972907320868086,7.148138572144853,0.09816320011612722,-0.012443459329626441
1770972907520798029,7.192713887829865,0.09805739054505892,-0.01759155708146307
1770972907720879397,7.18417148385104,0.09747575151469424,-0.012494052430573289
1770972907920464056,7.225562141708213,0.09932675700350779,-0.009129206724479012
1770972908120606544,7.228069388069988,0.10112947128243858,-0.0068010873711057
1770972908320563303,7.250916541446406,0.09862176526187084,-0.010807604669701123
1770972908520546904,7.276171383733672,0.09723448016107077,-0.012585877196732131
1770972908720971426,7.298090809444088,0.09778734099595175,-0.01281943170706365
1770972908921056184,7.321771460030895,0.10027417157985985,-0.01063412150386334
1770972909120605628,7.340852342071855,0.1007230062958367,-0.011529218431039127
1770972909320866424,7.361284552001464,0.10125096878638193,-0.012345314153243137
1770972909520857022,7.372767208433515,0.09902558586476715,-0.016931973270019312
1770972909720662559,7.404731760308769,0.09841869120937533,-0.01673037346070505
1770972909920548764,7.415030200738287,0.10203583794530185,-0.010058026075041603
1770972910120599389,7.441505553444176,0.10146519339282652,-0.007012725736841932
1770972910320543631,7.462706721852806,0.1000634077206279,-0.008661832509329283
1770972910520934724,7.4829611760567,0.09874130347528376,-0.011490684782038239
1770972910720936017,7.499841882731131,0.10125404431021474,-0.01082805124166481
1770972910920850140,7.549511808556333,0.0970878429826243,-0.008917315015472656
1770972911120768661,7.581563575069708,0.09824651174422346,-0.0067015640911746235
1770972911320575207,7.59718320352088,0.09514164457258285,-0.0030085648075510217
1770972911520992655,7.61890901760223,0.09207297795142452,-0.01444133531804943
1770972911720559203,7.638124769023979,0.09477882131875928,-0.01777677161570399
1770972911920492567,7.64830234658141,0.0952183420530041,-0.015492552112787196
1770972912120609569,7.662531098684781,0.08993031245152756,-0.01384707200350151
1770972912320827101,7.710715533411282,0.08632373154244774,-0.016929963621007568
1770972912520787932,7.713923100447887,0.08964280793728274,-0.018515747643137938
1770972912721010223,7.725703267665196,0.09101939585207196,-0.018869377811002827
1770972912921674006,7.738482359340536,0.09138876419431458,-0.01836031455864678
1770972913120964429,7.754101762346392,0.09170189369140652,-0.017703581346190912
1770972913321010850,7.771131414409421,0.09577327617986071,-0.01660270564580508
1770972913521071790,7.7899740689253765,0.09416277361303683,-0.01772678579354978
1770972913720787256,7.820133109957035,0.0938704842942183,-0.02111738232457635
1770972913920501750,7.882268547003916,0.09566188935808835,-0.020381984159834613
1770972914120521470,7.8868576353108395,0.09488275812153049,-0.018246111884468178
1770972914320652039,7.873970726832297,0.09385505422505515,-0.027652537429073427
1770972914520804602,7.889842680034447,0.09234179646856039,-0.030078873188294445
1770972914720973005,7.893087143059764,0.09569918492982762,-0.03318040971859794
1770972914921137060,7.913754627174174,0.09243073982368993,-0.025722215145513885
1770972915121112376,7.938553065601413,0.09449973293308878,-0.013539657320287595
1770972915321197952,7.921877977591312,0.09461692963787853,0.00901546325858052
1770972915520982900,7.953348695252069,0.09284357246192153,0.02448273096545551
1770972915721134224,7.979808899588709,0.09233137441528723,0.035976937655444824
1770972915921637755,8.01356922570243,0.09289008426417852,0.04169572370763895
1770972916121113170,8.063781168591216,0.09200922401983966,0.04656752284902878
1770972916320809700,8.077789367998271,0.09176894705458692,0.05250567910047867
1770972916521127071,8.130525406590268,0.09547832006787302,0.06640046467130195
1770972916720828290,8.136957050857768,0.09617554422011575,0.06693146006989671
1770972916921693641,8.144858223059543,0.097437451811846,0.06708174377273984
1770972917120943299,8.153107929714809,0.09643190885562458,0.06557740993740542
1770972917320538215,8.193459014367015,0.1007682624165618,0.0706374209979095
1770972917520540375,8.2438170607247,0.10220933694074025,0.06987470618503333
1770972917720536093,8.247434574139811,0.10213731274186034,0.06881376116553507
1770972917920539585,8.276585832454588,0.10509651000419909,0.06235417426884754
1770972918121066149,8.294433027812607,0.10597534470332995,0.060381238591733145
1770972918320891438,8.321997546382704,0.1094101592541336,0.066705676285746
1770972918520822613,8.353795701664465,0.10757263387375007,0.07078155298085788
1770972918720909592,8.355175164660709,0.10944838299213983,0.06933035216673936
1770972918921550853,8.361549486813274,0.1110248069420356,0.07052388796491756
1770972919120762655,8.362799172505094,0.11477166672261079,0.06577111528020449
1770972919320676000,8.388744084252343,0.11528706296831978,0.07057936298653388
1770972919520810606,8.4022470429264,0.11488880940987041,0.06856967266196252
1770972919720975020,8.430107984878795,0.11566921863076886,0.06526300629374752
1770972919920908093,8.442295036570235,0.11504861747819078,0.06314987269138847
1770972920120942815,8.472653778989633,0.11443197049598049,0.06029746364672129
1770972920320571397,8.485910875268036,0.11399678703327694,0.061459548700658
1770972920520945645,8.500674300731694,0.11181644083255528,0.06218839474619199
1770972920720738057,8.52470826855541,0.11471063151468318,0.06503360453305235
1770972920921568224,8.523945570774856,0.12076616958548647,0.06936495923842602
1770972921120957601,8.567487853390746,0.12602783996323347,0.06519149552720332
1770972921321158644,8.597790118088,0.12791115210816434,0.06382062426842516
1770972921520713858,8.593010765219493,0.12683456868458076,0.06866832365185035
1770972921720924530,8.615594642601828,0.12820549650729574,0.06857529302353466
1770972921920667840,8.632935982319387,0.1296130753484093,0.06569493727373119
1770972922120862281,8.6876220292872,0.13262220745023448,0.06352587007985892
1770972922320780216,8.706734622099392,0.1323698131572182,0.06209982103286018
1770972922520794039,8.715218753554646,0.13383668556419112,0.06142800504851291
1770972922720784716,8.729318319557414,0.13339803849747509,0.06192143511818782
1770972922921569792,8.740738337115014,0.13069092112754507,0.059605503651302204
1770972923121048000,8.754143443070442,0.13438307342847428,0.05746511329067087
1770972923320994755,8.770656295358615,0.13327087360677564,0.056137541301989884
1770972923521452527,8.786573659898751,0.1336044332510111,0.054451904799963154
1770972923720949535,8.826508129831044,0.1354986731278614,0.05719570004887478
1770972923921878767,8.840484084959733,0.13920244400983406,0.054993930366639646
1770972924120597247,8.885757979179395,0.1436449317730327,0.049592490507332075
1770972924320868709,8.895609748656089,0.1465614616308059,0.049886862174217145
1770972924520311145,8.90644899045398,0.14531423749344133,0.050399293258134234
1770972924721559744,8.945545458406405,0.1449993633995023,0.054167964221389545
1770972924921572321,8.980617939180167,0.14819879540931669,0.051630013030947636
1770972925121485345,8.992036830769115,0.15024394463947743,0.04725080432213598
1770972925321116343,8.998911395793916,0.15303222770319838,0.04556332229624093
1770972925521166498,9.011365354885392,0.15261313358821216,0.046540279151009
1770972925721127158,9.03840955315954,0.15035287808012515,0.04582756646345846
1770972925921120903,9.040904733586393,0.1513230374589779,0.047401331794826286
1770972926121442848,9.040544175205858,0.15508785130651667,0.0432796763373403
1770972926321311804,9.07442612902401,0.1561664918042932,0.04013788569644683
1770972926520953366,9.120976246646126,0.15625548596278852,0.04052183111194823
1770972926720811631,9.113774289884196,0.15537297487279608,0.04577301787430865
1770972926921915966,9.140174049414227,0.15535081450186622,0.04768378295292267
1770972927121484736,9.14766756886315,0.15928294556478767,0.04394987284362253
1770972927321237690,9.201483164476672,0.1625288227257635,0.03660575924725874
1770972927520936438,9.217237823305364,0.15866318380130712,0.033447087381368146
1770972927721954449,9.226266562393693,0.15779706788311584,0.0365910727982893
1770972927921516179,9.242381429786965,0.16101230109763542,0.03551198018887689
1770972928120755060,9.247831559265157,0.16172987011910928,0.032907043329781484
1770972928321045686,9.25720626816895,0.16051870548609934,0.032538437429736604
1770972928520851918,9.268179916320326,0.1646515135330068,0.03461513745911533
1770972928721011178,9.29088576339986,0.16640847617082521,0.03602283812751178
1770972928921203322,9.291314960406645,0.1628448818094882,0.03972486218462611
1770972929120489420,9.312437044638967,0.1657699152219378,0.03589485390526494
1770972929321159410,9.338211739777048,0.1672793446442098,0.036015782879022275
1770972929521421284,9.349970782901147,0.16584641078706058,0.03382197326921761
1770972929721029313,9.379021063979469,0.1677655885382196,0.03328257713026261
1770972929921070417,9.40265823197357,0.16674795526654318,0.03205551386617867
1770972930120869519,9.42287362944248,0.1683539489771927,0.03155037067538883
1770972930320898533,9.433133647600414,0.16779713758313763,0.028314684718293296
1770972930520426961,9.476280510828259,0.1700151496645149,0.024396692537161174
1770972930720975799,9.494629804703097,0.16977156243562957,0.027962788351105095
1770972930921612579,9.488346691184812,0.16676429456536065,0.031968155986244105
1770972931120742731,9.5169659334064,0.16531729670225567,0.03138265909838162
1770972931321076243,9.556500987496783,0.16950779880088523,0.025931031570691942
1770972931520964036,9.577309820505075,0.170524008964393,0.02675161440646032
1770972931721339941,9.582382071404776,0.16918583709175664,0.026966075323792808
1770972931920904183,9.604175815592557,0.17028545606553655,0.027692684319086253
1770972932120759303,9.623609810265975,0.16911013921888288,0.026196151466578502
1770972932320679053,9.644064520285825,0.17177964754617342,0.02437226774370159
1770972932520954576,9.664083470728647,0.1751972083983576,0.02350100621783835
1770972932721861070,9.67058410972479,0.17411267217611898,0.026702572268316852
1770972932920895944,9.690587486924406,0.1738225668685508,0.029308079690082145
1770972933120871664,9.70962758225408,0.17162492150585687,0.026172255692342508
1770972933321652887,9.736830669153722,0.17385247739940768,0.01553091443389197
1770972933520671765,9.77121813895833,0.1753783431006525,0.0028962789605812157
1770972933721015004,9.793041999761687,0.17614574559817822,0.007631330200101117
1770972933920866666,9.799889060455397,0.17621976504418438,0.0210824883912364
1770972934120408543,9.815901329858992,0.17832352611864902,0.03948905886918902
1770972934320661000,9.832535761222664,0.17939914013079727,0.05335379282596692
1770972934520844252,9.855473984843304,0.18189432041737436,0.0634370580688777
1770972934720842664,9.87815307328262,0.18197577755614958,0.07192054846275577
1770972934921858509,9.899884140919136,0.18343355269601552,0.07733437485174792
1770972935120716177,9.894201368371,0.18252866967608763,0.08817346215026947
1770972935321113571,9.90937826205983,0.18183932538796024,0.09463186337123708
1770972935521077029,9.928528949586083,0.1831515406366476,0.08898841054678258
1770972935721829575,9.96318298633405,0.18153833076997894,0.08987887933368878
1770972935921518518,9.988310279534614,0.18646420273652592,0.09262187203423251
1770972936120557584,10.007380704360214,0.18748948075639166,0.09481814526809719
1770972936321057151,10.019307638486547,0.18922173921029906,0.09528799205074225
1770972936521154154,10.046375430048622,0.194369406046174,0.09461653741076659
1770972936721562423,10.069365485811709,0.19349374710753586,0.09334581301645511
1770972936920889535,10.086251320597158,0.19849645035082714,0.09484644174134384
1770972937120682565,10.109421914478416,0.2016094494918103,0.0972800294933145
1770972937320975524,10.14346685978276,0.20713126808110308,0.10078320694706354
1770972937521103722,10.163251623229607,0.2066751407501432,0.09687039427740561
1770972937720946653,10.187934301201391,0.2082390025204625,0.09706314384763295
1770972937921025244,10.196302083483886,0.21237017509845935,0.09746029128671384
1770972938122013499,10.21189187096657,0.2086806314928794,0.1008177924598092
1770972938321536281,10.237219473740094,0.21272104007674947,0.09896248324002338
1770972938521029516,10.257303446356161,0.21364352364831984,0.09664419670030759
1770972938720589680,10.306980161262208,0.21466318934841874,0.08859434053878201
1770972938921732480,10.317050060482059,0.21565109654971737,0.08819945531830738
1770972939121518616,10.32446282315147,0.22302336737623385,0.0965582581304686
1770972939320479888,10.352241578006037,0.22610633813539968,0.10097265889964246
1770972939520425949,10.37012438018175,0.224978599556025,0.09993757075738136
1770972939721268509,10.387941833581234,0.22616843114067123,0.09697138154306627
1770972939921529905,10.406645883754933,0.22848961986560032,0.0959020606716426
1770972940120836080,10.424918276203584,0.22873277672721976,0.09550723583249085
1770972940320964391,10.458994161839675,0.23273252470137043,0.09874082633330625
1770972940520857574,10.48105773387314,0.23369559725173894,0.09827439596089806
1770972940721321930,10.502653240094032,0.2362519200265958,0.08437730980179987
1770972940921547942,10.521887181303049,0.24257971815985194,0.08704292472936917
1770972941120707245,10.531716933351188,0.2420178383896777,0.08576355313213754
1770972941320626994,10.555300913151992,0.2434543539711985,0.09821660962210559
1770972941521576771,10.569801307410263,0.2449071377819793,0.09263787510484614
1770972941720930858,10.596078857664569,0.24200422093977486,0.08561000651706967
1770972941920846659,10.612939192389014,0.2477244684556374,0.08231718911752285
1770972942120467246,10.631218927826602,0.25021019696511027,0.08662436938178768
1770972942320873819,10.630338289402609,0.2506006474983858,0.09055269164765468
1770972942520842879,10.642434709096278,0.24428455479484465,0.09002153561961407
1770972942721772431,10.667688332663753,0.24708818513968528,0.08350839384850371
1770972942922618009,10.685419399543648,0.2497404930409458,0.07969587567497943
1770972943121515411,10.708109620379387,0.2511073116235466,0.08138037917322838
1770972943320994039,10.732706346986765,0.25067034347222417,0.08007548239102563
1770972943521029243,10.764388141231546,0.2566399283761262,0.07754362829409617
1770972943720934934,10.783104252126883,0.26008147796757036,0.06848107323270583
1770972943920826738,10.78481960463921,0.2650478266268331,0.046778865985972765
1770972944120820461,10.808900542589887,0.26921593120406223,0.06250980580258655
1770972944320989019,10.815826581482275,0.2716939214208601,0.08303921565255876
1770972944520520174,10.84371214567106,0.2755617915506717,0.0934377769661203
1770972944721231941,10.870072053682954,0.27164809462063655,0.10855434763182693
1770972944921599937,10.883857862274512,0.2727654147732728,0.11838302411185574
1770972945120827282,10.899564201803353,0.2800772851835541,0.14360690995330666
1770972945321169563,10.929423875425305,0.28067608280401074,0.17011755768288583
1770972945520289652,10.934233185681183,0.27972399301068424,0.19546902172246744
1770972945720762047,10.965141658355835,0.2888642800731306,0.20762830782114403
1770972945921031005,10.98886186358555,0.29459692289003386,0.2197429985402972
1770972946120348980,11.019159055112356,0.29251697907793184,0.2301231765310788
1770972946321067519,11.040782832524927,0.29733717622556327,0.23751143291090462
1770972946521076766,11.050931131589778,0.2980163182653901,0.2454362954346423
1770972946721070743,11.052551988184991,0.3009287168614649,0.24859091041766096
1770972946921681682,11.089964749990603,0.30707973501244656,0.24234796573458062
1770972947121109847,11.121302390950131,0.3111473889659783,0.2466939000021442
1770972947320912586,11.13053191085341,0.3207995920528731,0.25375595751030355
1770972947521117068,11.159641997479339,0.32012663664439167,0.2541627349055328
1770972947721010914,11.163401201276413,0.32694973568958335,0.2560519325416448
1770972947921168946,11.189009558091744,0.3362222536097947,0.25482130430028066
1770972948120865599,11.216356700647328,0.3433262034638186,0.25464678077431413
1770972948320784288,11.238701015788031,0.347666410120531,0.255142586717079
1770972948520383014,11.225279952718022,0.34541566286783976,0.26111438256014774
1770972948721078347,11.261290802560874,0.3513635728385087,0.26002703155453466
1770972948920971648,11.287888626749425,0.35351413140576665,0.25569151787460653
1770972949121145686,11.310973420133774,0.3605142046389933,0.25174809679471016
1770972949321103997,11.334606578753364,0.36497226618385653,0.25530512237666103
1770972949521602862,11.337841475022527,0.36893451480532147,0.26007422073291786
1770972949721154632,11.363454684897711,0.37470461931721516,0.2593995786037527
1770972949921233217,11.38606909384159,0.38039537776587196,0.25932932185742347
1770972950120983655,11.410654390848523,0.3940228899072098,0.25846606659053484
1770972950321498936,11.424119193444882,0.3958660280269096,0.26108912779157156
1770972950521402797,11.458237823089839,0.40173192915543476,0.26515921995764313
1770972950720961254,11.519732327255156,0.4081272417450456,0.26709273459987326
1770972950921752644,11.522920073621512,0.41277307956666115,0.26260783751029465
1770972951121036416,11.530432454754829,0.4188949432471207,0.25747965353950103
1770972951321024155,11.547602259102025,0.4241900721169281,0.25938083771254583
1770972951520250259,11.566607970773156,0.4268794233584836,0.2599134933297836
1770972951721363992,11.569582597439709,0.43229689080538614,0.2618611770370991
1770972951921743223,11.58863740333013,0.43085967159980904,0.26227961244146364
1770972952121336755,11.611056330179167,0.4355032157986526,0.25905305123164474
1770972952321410996,11.63327498505729,0.4417309968088096,0.25760638228693683
1770972952521681962,11.69526288228974,0.45036404369122063,0.2548434704419546
1770972952721557947,11.707067842602946,0.45743421405423396,0.25513448780108244
1770972952921580579,11.70794443181202,0.4559899993030234,0.25839946428382937
1770972953120511734,11.720751904942272,0.46350012290800674,0.2556632308419073
1770972953320728298,11.73289051502902,0.46859192267139055,0.25218469348720907
1770972953521518440,11.740245763889217,0.4696523370392595,0.2568012840095962
1770972953721073325,11.736997884887625,0.4738441536910847,0.26079532866870586
1770972953921442326,11.752746521847836,0.4754405509228982,0.26094847291730344
1770972954120423594,11.771233114500891,0.4853637013620097,0.2569420927530574
1770972954320992900,11.794478025027987,0.4934934804067564,0.25244213614443384
1770972954520290509,11.80614595454669,0.4985212542104004,0.25582576838233034
1770972954720872610,11.825936744268885,0.49758011945233066,0.25951525869975456
1770972954921601026,11.843688055120873,0.5053180303574939,0.26104551104735046
1770972955120994132,11.867485944405018,0.5081684444875655,0.2510411770278647
1770972955320915841,11.883000368802097,0.5148202486110872,0.2514734877173042
1770972955521378053,11.906840293334676,0.5210126923895001,0.2508046628910471
1770972955721154149,11.943774527191765,0.5285532865024686,0.25481091561714464
1770972955921314754,11.962544195163483,0.5351720037587351,0.251644720143741
1770972956120754005,11.992049979278082,0.5361822030796671,0.252466775596884
1770972956320966435,12.012889498359398,0.5420242828231685,0.2505652573768437
1770972956521325341,12.020724243930648,0.5464069928667775,0.25118806039550795
1770972956721333304,12.044300607654334,0.5515879602520006,0.2491623056167851
1770972956921544161,12.059191409147534,0.5565666182135452,0.2504531705130261
1770972957121000550,12.08243059290137,0.5605668895864819,0.2503577069303549
1770972957321681809,12.111168193158392,0.568196450932489,0.24480232580150424
1770972957520298797,12.128990128821572,0.5757255191130675,0.2445704961449
1770972957720342193,12.135173563310987,0.5738048955511604,0.25157574260106835
1770972957921073580,12.16074106789831,0.5812519745573259,0.24903562892491746
1770972958121176413,12.17035371847216,0.5851221400653244,0.2496967011007781
1770972958320925762,12.192345093663583,0.5926877939684166,0.24481238477135742
1770972958520837156,12.201599085355186,0.597381660996382,0.24698404873944513
1770972958721045279,12.212160279551247,0.59521343106693,0.26813962959650833
1770972958921904670,12.231409884854195,0.5972579583110595,0.2778004600184037
1770972959120509209,12.262873848811438,0.6068073177619361,0.2702658723154532
1770972959320685174,12.27002712527232,0.6106032101566731,0.2545567015464504
1770972959521635136,12.300983893350578,0.6179891787262388,0.2456965369064101
1770972959720638357,12.309509976326227,0.6147844141927532,0.24363712076615224
1770972959921600653,12.337485301668568,0.621989767125523,0.22738524308128255
1770972960121328576,12.351118553439507,0.6219099175909727,0.2157223234369246
1770972960321115448,12.373931780332713,0.6283304313212745,0.19377810953438052
1770972960520893513,12.39659764755585,0.6347431615404223,0.17298813053758294
1770972960721661405,12.405858465026688,0.6346313112872835,0.16001145385850912
1770972960921488335,12.435827413237917,0.6346536476436706,0.14511706970020227
1770972961120542040,12.448123968891384,0.638737083079681,0.12799067177215434
1770972961321946819,12.464855365695705,0.6381194906019957,0.11050478207247663
1770972961522060161,12.485763977052008,0.6403680868400504,0.08877156711472037
1770972961720893090,12.504843957610234,0.6388927459036855,0.07409798383859059
1770972961921281088,12.535245894834642,0.6453999025515263,0.05241551767235694
1770972962120820985,12.556114682842974,0.6482095996886861,0.027785025399368137
1770972962320979932,12.58359582458335,0.6512882749258919,0.007396240047093768
1770972962521136494,12.589375675786378,0.6455843856071647,-0.007021733418545544
1770972962720805938,12.620984783906563,0.6500762143255053,-0.02823483850143549
1770972962922264766,12.645491277212862,0.6501220257914565,-0.048143413297791426
1770972963121190102,12.66888295244702,0.6501807993268837,-0.07040583489984682
1770972963320991728,12.685454577758257,0.6528369019276201,-0.09345233857203158
1770972963520395830,12.694639821526724,0.6441582966995661,-0.10616346353074502
1770972963720667100,12.7174968418029,0.6421962006742598,-0.1270005863533861
1770972963922074744,12.729782327501177,0.6366658324721709,-0.14533298514231457
1770972964120622750,12.746128211356163,0.6356921287642113,-0.16508853989598096
1770972964321819518,12.769664967102889,0.6356009165977109,-0.18523196362175826
1770972964521457611,12.790634973659067,0.633994006650043,-0.2050091682857493
1770972964720656238,12.804587448448197,0.6275185015416519,-0.2211548419355407
1770972964921312744,12.82637309733446,0.622021226157288,-0.2419975147895998
1770972965121334134,12.847930601631914,0.6199901910446766,-0.26425940062996084
1770972965321903696,12.87309984285373,0.6148329726198482,-0.2834070818621957
1770972965522256556,12.885024919223763,0.6080064933633625,-0.2946348008532464
1770972965720757851,12.90915776271089,0.6038595251310309,-0.31998229301981507
1770972965920886003,12.92816075374401,0.5997102632358802,-0.34333646876011825
1770972966121271678,12.946913643683281,0.5941863950467521,-0.363696316522939
1770972966321281585,12.983115611313787,0.5891410164547796,-0.38343878534658765
1770972966520957282,12.988481747372514,0.5757890274984262,-0.3950164549012844
1770972966721636493,13.010403216069363,0.565212124857995,-0.42439589079062395
1770972966922433302,13.0369680418358,0.5634655395405703,-0.44918591447595874
1770972967120988819,13.050961242778973,0.5510671951792918,-0.46371793466370276
1770972967321270130,13.060998763617047,0.5395947973864358,-0.4793782867375445
1770972967521230266,13.079241705175876,0.5289131839601516,-0.4965898853780483
1770972967721022314,13.098085902589109,0.5196701224197182,-0.517506184527245
1770972967921824169,13.114341479692238,0.5103201612272137,-0.5397377896443067
1770972968121003736,13.129417198157459,0.4995027716308109,-0.558137156744602
1770972968321316433,13.161806259833831,0.4957355301699067,-0.5794671763087332
1770972968521140399,13.16412120405378,0.481178466629078,-0.5901135894275187
1770972968721444119,13.182887839048066,0.46666163849112435,-0.6181052281702218
1770972968921280960,13.189180772875476,0.4529902473857608,-0.6339110658288046
1770972969121133563,13.223950319812664,0.4466698620742739,-0.6567924351417096
1770972969321267428,13.234968411549247,0.4313777023333084,-0.6744893544694645
1770972969520728532,13.253890141667771,0.4231675837274664,-0.6960114094670034
1770972969721140779,13.259275485466567,0.4077984885416869,-0.7192004762379002
1770972969921018856,13.289179522681083,0.3947467056037217,-0.753511708718608
1770972970121313825,13.29553637486337,0.38303725573596015,-0.7825811199634176
1770972970321022958,13.293064977166548,0.3690980630476648,-0.7961886351135649
1770972970521117021,13.31968020926331,0.3560816536383109,-0.8164933719197953
1770972970721135416,13.341436632517881,0.3460832119688532,-0.8364499528748954
1770972970921920815,13.355718489200864,0.33523820509340796,-0.8490284038198057
1770972971121566445,13.370163338099319,0.3159844589007647,-0.8546487785303817
1770972971320874443,13.38130572137259,0.29971621722075986,-0.8565974457724986
1770972971521134003,13.392422635042765,0.28117417037298864,-0.8596477158669512
1770972971721323296,13.401047086736144,0.2673894729317429,-0.8644890388060951
1770972971922045998,13.408213038590256,0.25234678684446055,-0.868750818577563
1770972972121292427,13.424010958352596,0.2388538075812077,-0.8705785870897752
1770972972321013835,13.434830974211154,0.22004057509088637,-0.8709396295603787
1770972972521048312,13.451244909644275,0.20271755917978063,-0.8696847553414373
1770972972721237270,13.46022816599475,0.18420663711215174,-0.8718406483895283
1770972972921522085,13.47081147228704,0.16895236864791435,-0.8741598463541222
1770972973120697000,13.484640458054347,0.15716909344643937,-0.8753642510910647
1770972973321827657,13.495775155518823,0.14034032349010156,-0.8748951446026745
1770972973521813805,13.507313919550647,0.11508730542318274,-0.8733059918580741
1770972973720826709,13.51893853081628,0.10555658075214043,-0.8765161997062617
1770972973921075169,13.533287732556397,0.0924102035408858,-0.8770844943123933
1770972974120719914,13.543417500548244,0.08125861226431914,-0.8801372415328261
1770972974321268423,13.557821867943456,0.06274311429458224,-0.8791666675148881
1770972974520957759,13.572296302416975,0.047129285998110663,-0.8780552863308755
1770972974721012757,13.586867863312808,0.0458854717380231,-0.8825242504806834
1770972974922330905,13.59790563408092,0.027936761726845352,-0.8830136478549401
1770972975120766752,13.610257503445936,0.008444133710460981,-0.8823987955754765
1770972975321066202,13.625242538226669,-0.0026480317610728422,-0.8833597671223828
1770972975520441833,13.63892669305965,-0.0202411361476126,-0.882154262972263
1770972975721688326,13.645846942332014,-0.038259675797521445,-0.8832494447521554
1770972975921161236,13.658126958605138,-0.05340995139655304,-0.8837209428147508
1770972976121038615,13.671733494888938,-0.07155801795264664,-0.8848148535830848
1770972976320511291,13.684876724284035,-0.09029438023917163,-0.8846222536729447
1770972976521867874,13.697544625034942,-0.10589696580512338,-0.8852062148756781
1770972976721023502,13.708956152962376,-0.11626221791614076,-0.88411998332378
1770972976921911764,13.719694744645093,-0.1298232834905996,-0.8855723667483585
1770972977121160034,13.73322126025609,-0.15659760303158424,-0.8849220950084011
1770972977321415319,13.74966160238125,-0.1654706120817823,-0.8821834616507284
1770972977521394235,13.763050491310315,-0.18176009191404674,-0.882004266664841
1770972977721024584,13.773721874657834,-0.19630614560195947,-0.8819168210726873
1770972977921121700,13.784444509173483,-0.20813094063866408,-0.8835925782390562
1770972978121401313,13.796885620176791,-0.22639604258207008,-0.8854445815238253
1770972978320806820,13.81016565155015,-0.24215812117409344,-0.886668219470831
1770972978520365033,13.824972757576006,-0.2594490502477509,-0.8866741036697919
1770972978721271781,13.838324357170002,-0.2770125454953884,-0.8865909204051391
1770972978921795163,13.852289615776392,-0.2926195896451497,-0.8858867995309294
1770972979121502408,13.863385947651805,-0.30746839486329114,-0.8867036642277553
1770972979321216090,13.878824924390042,-0.3233276708430945,-0.8879563175635369
1770972979520666870,13.890714714476397,-0.3340747669333609,-0.8877699434365475
1770972979721062158,13.900990498074384,-0.348162281208274,-0.8882432416076316
1770972979921239342,13.915691715627371,-0.37142156282537564,-0.8868528038519761
1770972980121114710,13.93031533095284,-0.3917077894553237,-0.8870799843321031
1770972980321172827,13.942213800088416,-0.4069178537939373,-0.8755822502010415
1770972980521426055,13.952049137884133,-0.4192252819032091,-0.866164474364969
1770972980721479413,13.964600332095399,-0.4397838549712964,-0.8580643585218418
1770972980921879757,13.974035333812813,-0.44978112182140356,-0.8573033668164118
1770972981120672974,13.985386951717986,-0.4585366288089778,-0.8618575723320903
1770972981321280026,13.998072132882445,-0.47547482262327573,-0.8687844119486317
1770972981520361208,14.011483573477618,-0.4904530451320464,-0.8777423022556095
1770972981720827175,14.01906319716783,-0.5032054012862163,-0.8900257713409554
1770972981921006845,14.028078541661573,-0.5188658489497217,-0.9046725926284468
1770972982121253076,14.04651591616537,-0.5326464768950936,-0.9271837448970716
1770972982320869475,14.05864922066358,-0.5484324351107248,-0.9413399695738126
1770972982521198141,14.069037801305306,-0.5659340877931962,-0.957624599799202
1770972982720765404,14.080090197238562,-0.5830511698097384,-0.9737796125575094
1770972982921489951,14.091783768078654,-0.5969394879003004,-0.9987524295507212
1770972983121304487,14.107658902748897,-0.6265803327473338,-1.0141833649567142
1770972983320764097,14.116642418088716,-0.6373874762460782,-1.0307047100672853
1770972983521411288,14.126123585494842,-0.6587159067967518,-1.0481067518964255
1770972983720758239,14.138139465203485,-0.6730517797960578,-1.0720946255141788
1770972983920539004,14.146485962821172,-0.6982671868159183,-1.0885901691255493
1770972984121180976,14.16385509122141,-0.7134846091472854,-1.1156957531757594
1770972984320454570,14.170396742851098,-0.7334587369992334,-1.1309121367284887
1770972984520373159,14.17702539900713,-0.7553306222686277,-1.1474818743721453
1770972984720972042,14.187683703701014,-0.7677928635168173,-1.1752340066498563
1770972984921453476,14.19293222664475,-0.786762287715229,-1.1908932896372904
1770972985121235892,14.200745618461644,-0.811321787278851,-1.2083115479274917
1770972985320722576,14.208813024452052,-0.8286151238539037,-1.233419475131422
1770972985521044406,14.220140418723494,-0.8631602225654678,-1.2592572166782
1770972985721102192,14.223497834614037,-0.8824204165594898,-1.2864000498663941
1770972985920698379,14.229051872670714,-0.9037566639922076,-1.3110921348987576
1770972986121435298,14.232203659217985,-0.9140665226129654,-1.3294741453644692
1770972986321582303,14.23630473434869,-0.9369050533423986,-1.344376182602708
1770972986520742347,14.23993946783204,-0.9562077711499816,-1.356494094261183
1770972986721429323,14.24441813463469,-0.9804236490158346,-1.3644905206419031
1770972986921567361,14.245152225584732,-1.0003601838819591,-1.3736042801815218
1770972987120902898,14.251923455942187,-1.0243083298639972,-1.380130099139274
1770972987320585776,14.253230362544913,-1.0312656177676223,-1.3814795670813091
1770972987521167663,14.26107821481352,-1.0594885832547758,-1.3824119225305127
1770972987720805694,14.26964923913492,-1.1092079112886217,-1.3899888509007237
1770972987921176981,14.273192925743105,-1.1329654106336537,-1.390489865664414
1770972988121429679,14.277249673991683,-1.160457538860882,-1.389490145950892
1770972988321182679,14.287603532681866,-1.1723367136352185,-1.4011569190068158
1770972988521070672,14.291559223858977,-1.221012867939234,-1.3931785168307511
1770972988721307143,14.296464161960888,-1.2501636105799052,-1.3970766767197003
1770972988921765716,14.300086896086341,-1.2632430668227088,-1.402166240458446
1770972989121214907,14.3019115892697,-1.2852135719108,-1.401524310589765
1770972989321176028,14.305506052009976,-1.306752663321456,-1.397282021380303
1770972989521336056,14.308438346900159,-1.3249541044149353,-1.3968623563819125
1770972989721153537,14.309625466231159,-1.3278735427505488,-1.3968032077963681
1770972989920717235,14.315561514483374,-1.3649938071542094,-1.3996733855839554
1770972990121062816,14.321481589403069,-1.3943800449430659,-1.3958847149859488
1770972990321125260,14.321447596526998,-1.397982198003961,-1.3977419164826046
1770972990520848043,14.325231799337958,-1.421862419588309,-1.396172712736049
1770972990721064437,14.32925526670994,-1.4461824825684613,-1.3946498557213378
1770972990921410342,14.332559085352134,-1.4610216240948921,-1.40099065026968
1770972991121323056,14.335639262416883,-1.4776176630953752,-1.4044686869740561
1770972991321307805,14.342028999915634,-1.510404381580737,-1.4020053003856383
1770972991521065733,14.344006853318078,-1.5256015222673984,-1.398036935047305
1770972991721061674,14.343054752736311,-1.5305374249953814,-1.398810226864444
1770972991921399469,14.351163795043398,-1.563018459973791,-1.3984946765250517
1770972992120495431,14.350120762871873,-1.567529077203028,-1.4001301324711568
1770972992320562295,14.357112308443808,-1.6034801446768434,-1.4010884317918326
1770972992521000262,14.362075749158176,-1.624580189627006,-1.3981219487727659
1770972992720557024,14.35955582421281,-1.6201380186417664,-1.3981892261810747
1770972992921889090,14.36701456225741,-1.6600467080358015,-1.4041925218332991
1770972993121257898,14.369554754544408,-1.6762561567399785,-1.4058242446377092
1770972993321047980,14.374380180091876,-1.6996867960621205,-1.4027206584693543
1770972993520375262,14.373619115197178,-1.7038199023064797,-1.4038956312846962
1770972993720406012,14.381780504582354,-1.7440541424747287,-1.3970056653662641
1770972993920927858,14.385608456980957,-1.759359897155396,-1.4031693258231566
1770972994121166555,14.385946517331103,-1.764517622609243,-1.402808888575843
1770972994320578668,14.392084499877132,-1.8012310957491746,-1.4028983912219346
1770972994521319996,14.396604642580622,-1.8288450521385813,-1.397638298105308
1770972994720784601,14.394826244974345,-1.8288534676080965,-1.399609377183947
1770972994920982733,14.401303181655612,-1.8545631233260311,-1.4050184113737254
1770972995120496596,14.404607633006224,-1.8765997893344457,-1.4043972925491237
1770972995320831840,14.405090247587262,-1.8833491242319997,-1.406464623089205
1770972995520513684,14.411668340288617,-1.919580503535173,-1.4053829509459292
1770972995721155024,14.414116160413677,-1.936789903767049,-1.4022756233641216
1770972995920793243,14.413608766549489,-1.9374290743828275,-1.4030803081284384
1770972996120734183,14.420488227052635,-1.9689918221643399,-1.409218151170531
1770972996320798336,14.426171844807687,-1.9969046976763278,-1.4068384840446218
1770972996520444456,14.428471381842398,-2.022827453822563,-1.4057055422122755
1770972996720934078,14.429408126299883,-2.025735411624183,-1.4064428018100346
1770972996921196747,14.434514222462289,-2.052665817577828,-1.4069759617989563
1770972997121020324,14.437693724911401,-2.06932732793347,-1.4107266688428366
1770972997320540987,14.437701627637122,-2.0776981594110144,-1.4118157771270963
1770972997520672959,14.444830159471174,-2.11518812139756,-1.4126576011895948
1770972997720909002,14.447047177999613,-2.1290017804502313,-1.4076488033941643
1770972997921442605,14.449870674537538,-2.1543971006928517,-1.409320227242334
1770972998121333249,14.455822978323098,-2.173452481753832,-1.4115123389203366
1770972998321348640,14.455028466444627,-2.1808914858415327,-1.4116682533328981
1770972998520838248,14.462457064118244,-2.214579726183805,-1.4105572010933785
1770972998721171377,14.461437359985258,-2.2216767401776645,-1.4117359294973675
1770972998922154109,14.462788022516401,-2.23222329776567,-1.4113604908360784
1770972999121303137,14.471514599687755,-2.2704764099269026,-1.414513191676544
1770972999321062095,14.472566582976368,-2.2810769418503014,-1.4176815767120534
1770972999520486172,14.475881623644433,-2.3026888161003694,-1.417372436895042
1770972999720631562,14.475846105898512,-2.3091109637885427,-1.417485735415245
1770972999921426405,14.485533970610145,-2.355120327509131,-1.413288576992043
1770973000121290630,14.484934347944431,-2.357547048894046,-1.4139720946954797
1770973000321442398,14.487841389478847,-2.377238488720532,-1.4143413560158942
1770973000521160543,14.487771758560564,-2.3851671386119406,-1.4159455853496803
1770973000721179504,14.496741962314337,-2.4218482670208887,-1.4182476331695408
1770973000921603061,14.500511499255433,-2.4534015884949296,-1.4141872274436758
1770973001120798732,14.499839580591498,-2.4548420918245495,-1.4158847544669715
1770973001320824602,14.505175819492482,-2.484292784631947,-1.4221071910835559
1770973001520987428,14.508219594326954,-2.502264562268422,-1.4213396617182503
1770973001720666453,14.51281219162347,-2.527583076185231,-1.4226392331845386
1770973001921610619,14.517313231611036,-2.5539642070825233,-1.4287453838606634
1770973002120989442,14.516914841662121,-2.5566416875097286,-1.4387240424867003
1770973002320438266,14.519766342635311,-2.5781825043355964,-1.4514298332998183
1770973002520598283,14.521551420115944,-2.602935624581651,-1.4580411249331704
1770973002720607787,14.52593625820639,-2.6212258866704783,-1.4613320938193621
1770973002921174796,14.5273367383462,-2.6504400604588305,-1.452466907480252
1770973003120530350,14.52529709818338,-2.6554332509008103,-1.430779023664173
1770973003320504752,14.526094841140743,-2.6629483075615803,-1.4089889545861076
1770973003520775391,14.52563741488573,-2.672151740743057,-1.3871338504908408
1770973003720552049,14.532056529213968,-2.7145176188187663,-1.361359219634151
1770973003920833829,14.537129403811198,-2.7433268827391073,-1.342911033253812
1770973004121001739,14.557443938587156,-2.8250813510531265,-1.3265448485599551
1770973004320944226,14.550654644109272,-2.7927332884502096,-1.3236044853110125
1770973004520687104,14.553015610382616,-2.7966794593574904,-1.3183830296758123
1770973004720941728,14.555353757911195,-2.8042357441911085,-1.3154036540187286
1770973004921597842,14.564005302057257,-2.8344720343378436,-1.3117583002913253
1770973005120639829,14.5712058152091,-2.8606068411689796,-1.30710704590589
1770973005320998581,14.571905109797065,-2.86159344343396,-1.3074599782883685
1770973005520955593,14.579778274343349,-2.8832714136148554,-1.309791085091865
1770973005720522565,14.583200965487908,-2.893597734672839,-1.3095530856443989
1770973005920850478,14.590615140752423,-2.9222298238111497,-1.305386372714304
1770973006120930380,14.596141009100931,-2.9484058994313482,-1.3014391551176079
1770973006321897692,14.598774184657765,-2.9541510243564115,-1.3019357881449507
1770973006520856628,14.61177294857149,-2.9989885065125796,-1.3043081079715115
1770973006720512039,14.613482683377963,-3.0045094114433004,-1.3050062735230088
1770973006922508663,14.621752617557435,-3.034936951332747,-1.302804651125932
1770973007121120306,14.62266533443027,-3.039005348541012,-1.3034336134644673
1770973007320478025,14.624259665354007,-3.0458719529203497,-1.3044939610658082
1770973007521653077,14.636958800605125,-3.090503659560807,-1.3108634844523397
1770973007720697436,14.641212572276771,-3.103694195830306,-1.3105530535418
1770973007920801476,14.643669119853044,-3.111098126385286,-1.3107741916234694
1770973008120989110,14.652788333371314,-3.1519894274387896,-1.3050518492108314
1770973008321137883,14.65419693082686,-3.153983049114379,-1.3062295929960008
1770973008520474357,14.663957577946643,-3.186676311114099,-1.3082761705846033
1770973008720958052,14.665801007900415,-3.1934717038135587,-1.307964927798993
1770973008921361029,14.674295444769065,-3.220107344794357,-1.3075896975946597
1770973009120437078,14.674635789751823,-3.2261705755903973,-1.307792610994915
1770973009320514008,14.684657337164445,-3.2639477115897844,-1.3070171341077836
1770973009520676595,14.686100540053694,-3.2677688171386468,-1.3076092947165174
1770973009720762252,14.694171411207563,-3.2968346340982304,-1.3090405061189472
1770973009920705401,14.697681686088773,-3.314125137721728,-1.3092960651544183
1770973010120606541,14.6995240724581,-3.3202005528059484,-1.3103451443098757
1770973010320571911,14.706657386773022,-3.347916541400823,-1.3048560842808528
1770973010520874345,14.712733441516088,-3.369147014816917,-1.3062543924331211
1770973010721485320,14.717494429326736,-3.383852090407736,-1.3067444231633516
1770973010921769800,14.724037284020788,-3.413454845431264,-1.3086449201667842
1770973011120460914,14.732596942412913,-3.4394832823462558,-1.3053641196612957
1770973011321203681,14.733713022454157,-3.4493739771172303,-1.3038779575659523
1770973011521076578,14.743261334953225,-3.477094829437913,-1.3112676003787436
1770973011721390481,14.744396804099853,-3.483435556599765,-1.3097966011171385
1770973011920777883,14.750917745345404,-3.5057646715668693,-1.3078434363475955
1770973012121144311,14.75690385627568,-3.5347707955333454,-1.304850018527831
1770973012320736468,14.759023376299394,-3.5386591169030104,-1.306395654337725
1770973012521360721,14.76867683412099,-3.5756263288637427,-1.3097571539573791
1770973012721234696,14.771338029398782,-3.581842006082031,-1.3080208563132811
1770973012922247735,14.776644498223625,-3.6070702912480055,-1.3066680443925014
1770973013120593832,14.781014132994407,-3.6201489708241317,-1.3047701553458493
1770973013321218773,14.786016888751037,-3.6367797113315308,-1.3065412218242207
1770973013520597231,14.796172620949383,-3.671283178705877,-1.3103173905418737
1770973013720519446,14.796226670880642,-3.6756074058094037,-1.3098042682410036
1770973013920600620,14.805790226449343,-3.707154431127411,-1.3159937958337322
1770973014121230032,14.80896967365616,-3.7211348438413117,-1.3243967181139114
1770973014320786182,14.815288770103647,-3.7535172392278433,-1.3287988192929028
1770973014520797227,14.816731375122652,-3.7573273019831435,-1.3245369546799357
1770973014720836696,14.817066143995689,-3.7649423476110777,-1.3199504106549471
1770973014921966746,14.820466835075337,-3.7765322131937054,-1.3138672643574583
1770973015120775375,14.831575861299076,-3.81932024806396,-1.3028951942338087
1770973015320940195,14.836350268806559,-3.838608092685394,-1.299509303499639
1770973015521223806,14.838564485554176,-3.8412564824927546,-1.3049641842226447
1770973015721307658,14.84838987867527,-3.8809782745755,-1.3132312877542323
1770973015921347736,14.850058738539632,-3.888651025434381,-1.3143116777735224
1770973016120720438,14.854669154264544,-3.920035203079504,-1.3099634975741203
1770973016320352939,14.85965147656525,-3.92467132730398,-1.309112950672049
1770973016521030683,14.863671137853418,-3.9504968916305367,-1.289735417709767
1770973016720683123,14.868305207320006,-3.957065792093621,-1.271617038790916
1770973016921842032,14.879782871431782,-4.01149874469035,-1.2581618010336473
1770973017121342219,14.878646562087503,-3.9933271871386653,-1.2325662881974941
1770973017320731685,14.8895891119728,-4.0332216108941825,-1.2130325150885692
1770973017520749172,14.895264810278624,-4.040791933652359,-1.2021477410106687
1770973017721025943,14.902589970238742,-4.059481705014789,-1.1951439109911375
1770973017920631559,14.907555669159926,-4.068039338607792,-1.1867014381617997
1770973018121041891,14.9193565770978,-4.0979202945598585,-1.1819190583932346
1770973018321679470,14.930013611278925,-4.124467026312221,-1.1744879786355231
1770973018520584351,14.940351480327276,-4.148055986689011,-1.167692179863958
1770973018720807494,14.947911146480465,-4.16972802224226,-1.1716456517308151
1770973018922454705,14.952698457878924,-4.173139046477796,-1.1696264652433435
1770973019121430776,14.956515226211533,-4.179903971759508,-1.167196791459529
1770973019320505995,14.962328046615903,-4.187765452789191,-1.1656955222516616
1770973019520333125,14.967127205834458,-4.199109250584678,-1.1669859942788214
1770973019721251637,14.984314753131056,-4.245972523958776,-1.1651462087458413
1770973019920597662,14.996672408819629,-4.2824663462988575,-1.1687389903767829
1770973020120724837,15.003268459755827,-4.290496990300587,-1.1668661207099384
1770973020320984234,15.007368790043884,-4.303832707669848,-1.1539696296620217
1770973020521186620,15.017457027222587,-4.3271192625955095,-1.1381293353232695
1770973020720980863,15.020793652512255,-4.328701999925534,-1.1324521816705624
1770973020922182141,15.033676470844652,-4.356438011797438,-1.133400543025589
1770973021120658434,15.036990131189444,-4.3611750996397785,-1.1391897833017197
1770973021322079366,15.054310083294963,-4.395700825991969,-1.1454257531567626
1770973021520354733,15.05578706264709,-4.400504463611463,-1.1571859534967621
1770973021720810900,15.072785170575633,-4.438073082882119,-1.1675918168953716
1770973021921445913,15.082208467504069,-4.460722334494991,-1.186281403228143
1770973022121468449,15.089615871371784,-4.478855887481843,-1.198101929817689
1770973022321771394,15.100194944665736,-4.5105371492144695,-1.1985843211634255
1770973022520656344,15.10103960644445,-4.51034192547229,-1.2049951938547403
1770973022721158736,15.10501850987554,-4.524638834153725,-1.212520288783902
1770973022921108515,15.109728270155136,-4.530172536540426,-1.2152476727874602
1770973023120507776,15.11960691255036,-4.565875623334611,-1.2179942483048012
1770973023321113386,15.12320923908242,-4.572969951052846,-1.219257004874236
1770973023520539053,15.133345306253762,-4.599636690878231,-1.2179361931559227
1770973023720888365,15.134083859935984,-4.602404140263472,-1.2193491380617287
1770973023921051856,15.148204115392037,-4.640186681533972,-1.2246255240465593
1770973024120476554,15.153719918930973,-4.6574760101886525,-1.2269481533609983
1770973024321939036,15.156421736341338,-4.663798319657429,-1.2251335303335067
1770973024520876150,15.167097456490726,-4.695022046397118,-1.2233264959243741
1770973024721343669,15.169282490356009,-4.699889106015663,-1.2243113707557651
1770973024922167139,15.1714790582351,-4.708987593673665,-1.2246959404477649
1770973025120756630,15.184859452302096,-4.738913247264245,-1.2263117385155065
1770973025321154250,15.19282903231992,-4.768193314372704,-1.2236325443930633
1770973025521024114,15.195912977589677,-4.775101734566205,-1.2228724107207938
1770973025720863248,15.205632320648636,-4.804051409405986,-1.218912916936093
1770973025920967889,15.215985057950924,-4.833124392781678,-1.2269140598300614
1770973026120789271,15.219089711031971,-4.837032875087155,-1.227539142498208
1770973026321732096,15.220594490725366,-4.84460180192377,-1.2261049724957285
1770973026520635860,15.235769175594669,-4.888533334357666,-1.2222324478966131
1770973026720452888,15.23791593322267,-4.891538256463665,-1.2236786369299542
1770973026921391816,15.241640113363173,-4.899080187795629,-1.223989797499912
1770973027120791376,15.258399446292838,-4.945123171704689,-1.2298652657927558
1770973027320962479,15.260857189280165,-4.951670836022511,-1.227395191599002
1770973027520630003,15.266820199865254,-4.972829342927662,-1.2235912695466085
1770973027720832698,15.271332314098265,-4.979236461065269,-1.2242455714073461
1770973027921267944,15.281093865930565,-5.010549656559162,-1.2275167197894266
1770973028120832471,15.28369024568508,-5.016074283563672,-1.2275340623372752
1770973028321529223,15.287313426598434,-5.023729325474208,-1.2269364571408876
1770973028520722823,15.303536297455311,-5.072879898361879,-1.2279905399904028
1770973028720895937,15.316186344043158,-5.108478539055031,-1.222717830101273
1770973028922016172,15.314864024609141,-5.106418977852235,-1.2239951650140222
1770973029120618235,15.323497690369376,-5.126237596133312,-1.229474742571259
1770973029320695941,15.325802040963406,-5.133516884195202,-1.2284671663418738
1770973029521676440,15.32947485440756,-5.142459383129384,-1.227297049911657
1770973029721126356,15.341346605852458,-5.176451866635214,-1.228717306005429
1770973029921400654,15.350081703947389,-5.201259282277087,-1.2270230614438191
1770973030121102151,15.352329588320119,-5.204494908371709,-1.22700884028193
1770973030322070955,15.364699832958362,-5.239296814560154,-1.230844126146585
1770973030520701265,15.367518001688158,-5.2461466427318175,-1.2292737790779649
1770973030720859895,15.376866932012975,-5.27683785261861,-1.2237523386600264
1770973030921312987,15.378700297476799,-5.279453160711429,-1.2242696806927096
1770973031120956117,15.392372998390977,-5.315431401380012,-1.2288288560002196
1770973031320750736,15.394925369383161,-5.321192579991697,-1.2275298621427724
1770973031520674296,15.403696631038013,-5.349737765941495,-1.2278340150442535
1770973031720990990,15.407104513260364,-5.356488487768599,-1.2260554437323734
1770973031920912406,15.417561119920043,-5.387668318624453,-1.2233427068181137
1770973032121501782,15.419381214790485,-5.3914276225171385,-1.2241822106875955
1770973032320852486,15.434068335276164,-5.428335989087368,-1.2286250430155012
1770973032520952115,15.435079331678576,-5.4371676635497135,-1.2273666506186733
1770973032721226224,15.445773105427548,-5.466941986069697,-1.2222770409958463
1770973032921519529,15.447531062923032,-5.470845796702123,-1.223398506391226
1770973033120672692,15.452100879059817,-5.480320907431417,-1.2245659850558084
1770973033321571731,15.454709326763917,-5.4886473382596535,-1.2247188592249
1770973033522048640,15.465951123328097,-5.518234432068109,-1.2223204949497575
1770973033721101333,15.469413993531447,-5.527927429605401,-1.2225337401501983
1770973033921101886,15.487938293127614,-5.579044149696739,-1.2252357317303144
1770973034121136498,15.494603319611493,-5.595457097168002,-1.2276169621803057
1770973034321324453,15.500220233481283,-5.611548835428986,-1.2298910519178654
1770973034520831946,15.507786272875398,-5.63524713860033,-1.225826505133908
1770973034720832377,15.509513721098068,-5.6402045397795195,-1.2246160641119455
1770973034921748566,15.521415566045428,-5.672955620670854,-1.222696563731572
1770973035121170365,15.52281620891853,-5.675355941171127,-1.22448927625321
1770973035320786286,15.53378321218506,-5.70607958042464,-1.2287886168960995
1770973035521040046,15.542050258314246,-5.7283936832577265,-1.224313336992951
1770973035721193210,15.550637088370973,-5.75762013788119,-1.2191615579400945
1770973035921259115,15.552966974947195,-5.758964486503049,-1.2201132707037752
1770973036121077452,15.562826455193136,-5.786405546410568,-1.2278990517261403
1770973036320943676,15.56898119691905,-5.802388651045326,-1.228023995796956
1770973036521612549,15.571043607886148,-5.806036773754393,-1.2272921445863234
1770973036721457512,15.58634528888104,-5.84964408523137,-1.220495753065952
1770973036921049383,15.587410482936301,-5.85211429195753,-1.2207112977099968
1770973037120535501,15.592146380603712,-5.867516351987584,-1.2261462785141928
1770973037321007509,15.603679222565527,-5.896722503183241,-1.228096148458101
1770973037520744048,15.605525809271807,-5.902220054453886,-1.2268266173776858
1770973037720829325,15.608306414551434,-5.910650247112595,-1.2253678198373739
1770973037920833354,15.622096350272955,-5.949632135808702,-1.2238033311269163
1770973038120888375,15.624496996343984,-5.9538459332099425,-1.2243329420036964
1770973038320564875,15.637084272994226,-5.990742266423073,-1.2290861292978743
1770973038520539764,15.645892670160913,-6.010231517457404,-1.232949336805707
1770973038720379551,15.653081256518314,-6.038918310442683,-1.2269470144258412
1770973038921270771,15.659728274810771,-6.055337648418344,-1.2214605798107432
1770973039120777213,15.659476148539937,-6.054489840848217,-1.2232940756244093
1770973039320656484,15.670989124065795,-6.084510906269238,-1.228814947339044
1770973039520481339,15.676701428624485,-6.104042835008418,-1.226266629757634
1770973039720596288,15.678403740419146,-6.107789083601933,-1.2252310349734328
1770973039921270663,15.690791239721765,-6.139142095855134,-1.2207813983958582
1770973040120877979,15.690863082070067,-6.140859898550555,-1.2222281014413874
1770973040321664008,15.704041045700302,-6.173645821075348,-1.226951517128203
1770973040521282009,15.708279103793704,-6.18898877911924,-1.2287346161422228
1770973040720857648,15.711000779877152,-6.196186214510613,-1.2278801793269973
1770973040922136524,15.724038825854617,-6.229355363793521,-1.2237044170683518
1770973041120538837,15.725763447997336,-6.235433309131705,-1.2245520991062917
1770973041321020492,15.738385093188857,-6.270259369430337,-1.230135856882278
1770973041520568204,15.74134132140894,-6.27864122360252,-1.2301655257631752
1770973041720961608,15.742580662324446,-6.283768266609216,-1.2294200741135408
1770973041921433765,15.758219456982578,-6.3278259581716485,-1.2274167007412087
1770973042120971640,15.766877714743545,-6.350253547983796,-1.2229316898612377
1770973042321045190,15.774004796970305,-6.370096172092134,-1.228544551902121
1770973042520883313,15.78187080537997,-6.389000973299646,-1.2317148167237617
1770973042720802643,15.782280907947268,-6.394512158852908,-1.2298013038391615
1770973042922232588,15.793767253476316,-6.4203838302270455,-1.2251172815632108
1770973043121191015,15.792670761643597,-6.423421180283731,-1.2255478340476629
1770973043320969399,15.804049219108315,-6.451248336392844,-1.2241750043151471
1770973043520511144,15.804493865042064,-6.456839243130283,-1.2255910890387087
1770973043720856179,15.817366102476203,-6.488814381094462,-1.2278376005960119
1770973043921328721,15.828275080062856,-6.5174520732576156,-1.2223513639180323
1770973044120892702,15.83000387573298,-6.529751930739044,-1.2194254123755228
1770973044320869448,15.832019240147137,-6.531588356485683,-1.2220497574750329
1770973044520914618,15.845379152097351,-6.566534942569781,-1.228158635664633
1770973044721176268,15.85164262288024,-6.58366520344783,-1.228570481429503
1770973044921835360,15.852903484021631,-6.59068749742557,-1.2270059872161592
1770973045121230860,15.868724901707482,-6.633052144164491,-1.2209294674696227
1770973045321236852,15.868316503980095,-6.633259243324195,-1.2225547517055566
1770973045521221461,15.884731531313008,-6.67144968418714,-1.2287108042948554
1770973045721053354,15.885220263810668,-6.675564376542304,-1.2287849344774733
1770973045920557771,15.886806259350987,-6.682466762082004,-1.2270484781254507
1770973046120920938,15.898078700620978,-6.714867990853457,-1.2237159485008313
1770973046321148597,15.901723962509024,-6.722436723435904,-1.22531169311794
1770973046520975237,15.905115245773775,-6.731450104105748,-1.2276030263059676
1770973046720849830,15.924744641992087,-6.784422719912504,-1.2338553308612534
1770973046922019969,15.927032660597256,-6.7898010329134,-1.232696870839509
1770973047121607928,15.93470110913777,-6.818565501988184,-1.2288259113754498
1770973047320575247,15.946805340131698,-6.851191666030911,-1.2242451873151203
1770973047520743037,15.946490320428815,-6.848539530146546,-1.2276176792711397
1770973047721025850,15.948822163375864,-6.856318595419026,-1.2287568442955805
1770973047921234790,15.950552209003343,-6.864035684211624,-1.2294927393301012
1770973048120758863,15.964740283640552,-6.900916596095541,-1.2273257474236086
1770973048320949294,15.976375776893674,-6.932945604646138,-1.228228919834124
1770973048520552735,15.97743223424659,-6.935779220329739,-1.2298077149212265
1770973048721160597,15.97761723059484,-6.933061253320985,-1.2344559777131925
1770973048921868694,15.996256195643497,-6.984509276194188,-1.2366305627922582
1770973049120893514,16.003017845770113,-7.006915306362319,-1.230641343773321
1770973049321068243,16.00615227600078,-7.018355279585497,-1.2276735141186366
1770973049520741497,16.014589547695852,-7.037793862794381,-1.231764284232064
1770973049721164077,16.020151529603616,-7.0585979254774305,-1.2356623873805361
1770973049920618356,16.02103481759458,-7.064075111151,-1.2353089916536866
1770973050121172063,16.031950277389104,-7.094031574632818,-1.2340010573741043
1770973050320987722,16.036983581324353,-7.106251027129747,-1.2304930230286442
1770973050520998990,16.0454298970415,-7.131784510858242,-1.2317666537524634
1770973050720962626,16.053488816451367,-7.155478859300646,-1.2373337550087378
1770973050922971884,16.0408865079153,-7.118153327477766,-1.2377873518190476
1770973051121887397,16.065880366700153,-7.193561996342725,-1.2340978163778307
1770973051321447327,16.068026602611074,-7.195797835597691,-1.2333363658160466
1770973051521325664,16.07785523986954,-7.218832914993182,-1.2344116301790165
1770973051721986211,16.085162940302205,-7.2403129721846815,-1.2339014348779076
1770973051921707764,16.089461776017224,-7.252338947988786,-1.2366311467713653
1770973052121072728,16.091706030295104,-7.261304757745706,-1.2358205619608278
1770973052321255384,16.107000265976076,-7.305450513625503,-1.2310403728101593
1770973052520887482,16.1114451747254,-7.317901734027447,-1.2282511192087198
1770973052721906652,16.12270914878274,-7.344767594479663,-1.2357305729211145
1770973052921888418,16.123765338845008,-7.349704086833517,-1.2368886270895776
1770973053121056006,16.125768205177806,-7.356748840773874,-1.2370584522267192
1770973053320983133,16.14093060544553,-7.3985348656690615,-1.2368616435019648
1770973053520952884,16.142419102994566,-7.406419349865158,-1.2352970421965361
1770973053721131910,16.155714440488257,-7.43972568711375,-1.2376995365798507
1770973053921424838,16.165149528907072,-7.467473200153147,-1.244462720380712
1770973054121516929,16.163955283847812,-7.469685528820526,-1.2439833891717198
1770973054321061672,16.178787984391853,-7.5096205352184935,-1.2359600720832469
1770973054520813617,16.176599742069612,-7.508706020084755,-1.2370666620063018
1770973054720986760,16.17864474161135,-7.512096150710205,-1.2388791891141115
1770973054921668029,16.195836550449705,-7.559958059084106,-1.2469156509075494
1770973055121438994,16.196482566145782,-7.5637501496707475,-1.246795712919063
1770973055320968815,16.203536525357357,-7.586897004341402,-1.2417592874508583
1770973055520838226,16.207675365975227,-7.598100422189915,-1.238223651250637
1770973055721196977,16.220257086817078,-7.628442403638554,-1.2381079452532298
1770973055921044074,16.2249715205257,-7.643579947611511,-1.2430550076904614
1770973056121218019,16.225840154223086,-7.647908927956513,-1.2437218108085133
1770973056321205306,16.235187797970763,-7.6763846467146735,-1.2399604752759679
1770973056521308127,16.243584667633346,-7.6987532176290765,-1.2411953526144768
1770973056721645364,16.248304785261553,-7.715965283940944,-1.241914439282752
1770973056921888749,16.254797793065187,-7.7341656286251075,-1.245849325732956
1770973057121283258,16.261693832568263,-7.754949785075884,-1.251572361966256
1770973057321211207,16.263869715837348,-7.761263685530096,-1.2498862383361602
1770973057521321932,16.27506634949921,-7.795038893332343,-1.2439020296705905
1770973057721353833,16.276629228886748,-7.798533616824644,-1.2440076835954441
1770973057921563891,16.290380243132816,-7.836809650385675,-1.2493455160106974
1770973058121767799,16.29161477688979,-7.840470162849973,-1.2496130130820196
1770973058321288576,16.299657086320348,-7.8669065922179096,-1.2463787686926835
1770973058521272522,16.300172444036832,-7.872162743579397,-1.2451282461346973
1770973058720760215,16.31436810513766,-7.907274157046117,-1.2398061702898175
1770973058921611875,16.314234692283375,-7.912129293064683,-1.2424537764987196
1770973059121716368,16.326796137521853,-7.94480909439719,-1.2500239521960865
1770973059320702805,16.326974452687363,-7.95092291770435,-1.2488312936842747
1770973059520800710,16.33953870658407,-7.985032018129667,-1.2409509398431833
1770973059721192766,16.342863748296548,-7.996162853300002,-1.2428911636577131
1770973059921484578,16.3543216301981,-8.027099584171768,-1.2479877704070388
1770973060121009553,16.355049384231226,-8.031242840721315,-1.24850612572916
1770973060320846800,16.36167613693209,-8.051616731406925,-1.2487970273763347
1770973060520762960,16.363166244679867,-8.058599026833129,-1.2465094091090998
1770973060721275097,16.37353649637218,-8.085725604446575,-1.2436738504006613
1770973060921701497,16.383330904591627,-8.111378660120009,-1.2458874491907108
1770973061120948180,16.389377990954642,-8.129781879454843,-1.2530568209025579
1770973061320678307,16.39019429564408,-8.134835209861606,-1.251319871598135
1770973061520846103,16.39933162009445,-8.165665810578355,-1.2496516475479693
1770973061720937872,16.408022884786547,-8.186621737243488,-1.2466352468193032
1770973061921124635,16.41206658463108,-8.19938199034691,-1.2472460778900252
1770973062120972733,16.422400400950075,-8.226171775692631,-1.2490843178431046
1770973062320681245,16.426703702690517,-8.244452281547508,-1.25321999636966
1770973062520984332,16.43008714839214,-8.251775301138881,-1.249415377404455
1770973062721137768,16.44008229432,-8.283449142773582,-1.2453347046555252
1770973062921805833,16.446540262497862,-8.303177718631447,-1.2465398034458752
1770973063121221630,16.451091842545917,-8.313558996356337,-1.2564263745911242
1770973063320666599,16.457323936911518,-8.335382419715046,-1.2720781189188681
1770973063521120726,16.462129009892745,-8.348580788797973,-1.2761310026884498
1770973063721030327,16.469741062824674,-8.375846061103873,-1.2790362907539252
1770973063921397886,16.47414603350126,-8.402860912510329,-1.270148740370966
1770973064120884869,16.47674776757438,-8.406215108688958,-1.2662128233317682
1770973064320978084,16.483563526648194,-8.42772304217885,-1.2669393131639533
1770973064521137427,16.491147637847014,-8.455064931242628,-1.2547747660827646
1770973064721575531,16.50022716768764,-8.482569228485037,-1.2416163954574087
1770973064921567229,16.50140164889169,-8.48576370333162,-1.2302327827269428
1770973065121360354,16.503336588576417,-8.489200870950278,-1.2199860810487528
1770973065320915652,16.516364140501434,-8.520206024221503,-1.2096603640773673
1770973065521029635,16.520414346814803,-8.52717426142995,-1.2023194516349398
1770973065721137967,16.52415544119103,-8.53727291167691,-1.1958841045385442
1770973065920898163,16.540396659616977,-8.578452940874426,-1.1849411981544378
1770973066121026487,16.545951633804922,-8.591773549112121,-1.1841685531377586
1770973066321374702,16.555682441308956,-8.612902625126297,-1.185517670110834
1770973066520884530,16.566196654774785,-8.642122976486084,-1.1813822437047998
1770973066721318562,16.571683488076655,-8.655281262640075,-1.1809781979850615
1770973066922011998,16.582399824844035,-8.678821668882113,-1.1781211316919247
1770973067121224662,16.587370148614426,-8.688830655754085,-1.1749972009703347
1770973067320886914,16.59333715543555,-8.707959673500019,-1.181691508196686
1770973067521031762,16.60245883971158,-8.732090171949102,-1.1867737459459653
1770973067721030026,16.60538587739858,-8.738620616529005,-1.1847857187976283
1770973067921716837,16.617089975534007,-8.769739483142581,-1.1790714442385282
1770973068120766933,16.620265569507456,-8.772951316854098,-1.1788397530105765
1770973068320818810,16.634153060521964,-8.808400415427108,-1.1838535539054869
1770973068521302163,16.637368836445127,-8.81991405003996,-1.1824650486750765
1770973068721346013,16.64532804841458,-8.838483460220305,-1.1845336679444467
1770973068921435142,16.654360743284805,-8.858111900615688,-1.1825509110514731
1770973069120734180,16.662942604810066,-8.882647463352434,-1.1704728518858933
1770973069321548804,16.6714251117924,-8.896932715273298,-1.1810824264687907
1770973069520889287,16.6792706054695,-8.915723488342529,-1.1741629036651116
1770973069720858681,16.685760725657374,-8.933650842054911,-1.1751498214546685
1770973069920908822,16.690830360270567,-8.939007236196996,-1.1763540858995272
1770973070121022168,16.700197876031407,-8.96547210501328,-1.1751160615785783
1770973070321752787,16.71226117799364,-8.997939178991228,-1.1826525415565428
1770973070520903079,16.71515524762201,-9.001099493044402,-1.1839116230909417
1770973070721004627,16.717269881443325,-9.007908302194068,-1.1844559035589648
1770973070922313619,16.73101403631855,-9.041911911501586,-1.1783370602728056
1770973071121324994,16.74366442527988,-9.06757494961499,-1.1829378685648513
1770973071320827639,16.744522155061585,-9.071760046202705,-1.183247445950059
1770973071520810895,16.75222723805987,-9.091972190491775,-1.18758427871489
1770973071720810394,16.76067889693296,-9.112073098404828,-1.1844913692898655
1770973071921586258,16.77090270657388,-9.136266431094672,-1.1809480584312328
1770973072120837708,16.77882372102771,-9.156303851369044,-1.1794827661330782
1770973072320744695,16.780622551207525,-9.160449632172293,-1.1804291877793838
1770973072520807724,16.79320175354696,-9.191083843692867,-1.187713225196623
1770973072721219190,16.79535598452161,-9.202949476824992,-1.1863791886989563
1770973072921407923,16.807206640051675,-9.231374637504494,-1.1812650912727518
1770973073120788020,16.816868706383758,-9.251705780823931,-1.184529505683438
1770973073321116463,16.818128820279966,-9.269704776346211,-1.1932923706019485
1770973073520865702,16.820939433905,-9.272244730681228,-1.1927026682998716
1770973073720826481,16.825267799301173,-9.289631826805953,-1.1964195354787852
1770973073920740329,16.82694789997657,-9.297109540350139,-1.1949519434875329
1770973074120328578,16.813129200508804,-9.312156323793449,-1.2091735505481578
1770973074320834063,16.833207451290335,-9.345161046645785,-1.2073977120783408
1770973074520843354,16.841398435493904,-9.352596645866896,-1.2028764040330642
1770973074720289833,16.847808122288097,-9.359057313573103,-1.1992505354127716
1770973074921568467,16.865332548342717,-9.38209098883603,-1.1903755401893399
1770973075120496313,16.870593521276664,-9.392419153675478,-1.18955204879801
1770973075320806366,16.87768142472126,-9.400864787183039,-1.1887698861753404
1770973075520980416,16.886614612388477,-9.4375151747303,-1.1957151200950034
1770973075720820537,16.891065760707335,-9.451364067203151,-1.1937526904785647
1770973075921449689,16.896041888400774,-9.463382638861306,-1.1913251373071325
1770973076120822707,16.902954811902433,-9.476739765902852,-1.1897238642698789
1770973076320745596,16.907659098579416,-9.482911261614976,-1.1898719186391171
1770973076520873304,16.915130775397795,-9.491466939557514,-1.1848397082101443
1770973076721269692,16.925949150092404,-9.51413789944984,-1.1847223757033685
1770973076921252849,16.922104559820017,-9.513066866339495,-1.1811371459808124
1770973077121125324,16.92870296108216,-9.536330798288912,-1.1831122898583684
1770973077321181812,16.939932162016756,-9.567321398782315,-1.1904666491400788
1770973077521625520,16.954693082031323,-9.603419923080782,-1.1952451553037085
1770973077720936341,16.960479552939248,-9.620120532392646,-1.1933759495418514
1770973077921172967,16.9658261779714,-9.640932701418757,-1.1922049945735766
1770973078120985324,16.969893318603514,-9.650228860302784,-1.1928948080799466
1770973078321132786,16.976430747761935,-9.666768042761612,-1.192393657840556
1770973078520861976,16.98557300691437,-9.673758119542143,-1.1926693962959434
1770973078720858084,16.990464500112218,-9.688395857537342,-1.1919853982143014
1770973078921299176,16.99399251951421,-9.709477375170588,-1.1918748136901625
1770973079121510394,16.999662259366968,-9.719687773112584,-1.1903158509918155
1770973079320866128,17.01106168361936,-9.742862143487413,-1.1917362143572405
1770973079520967218,17.020099369187733,-9.75741957135241,-1.192745420551851
1770973079721265151,17.0255465233739,-9.779061227404434,-1.191587954389836
1770973079920781797,17.03392824678128,-9.802260136759697,-1.190856871946334
1770973080120970239,17.03898387266573,-9.821310106542734,-1.1905208386588175
1770973080320725216,17.0484257597506,-9.835704539218673,-1.190712848244239
1770973080521617790,17.057476105706588,-9.851545226476937,-1.1911374325770194
1770973080721248185,17.061938923885005,-9.867049036176526,-1.1919149809973342
1770973080921429218,17.07052498171821,-9.891143881391544,-1.191410767366962
1770973081120736139,17.076092313071975,-9.910011846867027,-1.1910813929507964
1770973081320870730,17.08735939027648,-9.924589961586342,-1.1913432405430113
1770973081521405448,17.098533451217417,-9.939300897710583,-1.1932106662867301
1770973081720884909,17.106164247287904,-9.957133228402034,-1.193772034996077
1770973081921498750,17.11200713466564,-9.982258805519296,-1.193403876408415
1770973082120675486,17.11451132031567,-9.993337799837661,-1.1895765832667387
1770973082320884651,17.122966893381065,-10.012830862505886,-1.1905857700618712
1770973082520961799,17.12946689722974,-10.028227153680607,-1.195609595225764
1770973082721157447,17.135388331404265,-10.042498015539522,-1.1933408361139926
1770973082921417901,17.136168126618337,-10.060109689332672,-1.1912731720930683
1770973083120939925,17.14362224803164,-10.07347361869288,-1.182130942969923
1770973083320862963,17.151915204582746,-10.092420791604562,-1.1718161474869162
1770973083520876997,17.160349708091935,-10.118389114926337,-1.1621018297983807
1770973083720879689,17.172503746042175,-10.138161401038085,-1.1565077031231936
1770973083921327094,17.173145332529845,-10.153029156353961,-1.1491077683715067
1770973084120847353,17.17416023232134,-10.178429212438388,-1.1471978077787472
1770973084320873339,17.176332520010497,-10.194775435234634,-1.14331644323252
1770973084520918201,17.189440125866888,-10.211685438803217,-1.1449708279465207
1770973084720798454,17.197585050948625,-10.229705210302564,-1.1423950907800857
1770973084921260856,17.199899091563363,-10.2528646240579,-1.143812716500571
1770973085120955071,17.20955274345701,-10.275467127208458,-1.149079191396218
1770973085320958060,17.218484538916634,-10.294189730480047,-1.158710925555962
1770973085521318964,17.228341496207758,-10.307950679318463,-1.1718294956137296
1770973085720745124,17.23813680340231,-10.323701372290452,-1.1837096249382324
1770973085920938102,17.235636771301895,-10.342839637259068,-1.1978876446423958
1770973086120892029,17.24671585496065,-10.364019980591417,-1.2156545212066268
1770973086320869658,17.248363784461116,-10.38340707838688,-1.23001762621706
1770973086520674672,17.25910688086359,-10.399629106752336,-1.2481827159449639
1770973086720560302,17.266535270273486,-10.415410841940192,-1.2686221340969617
1770973086921333553,17.275217711148535,-10.431070253874566,-1.2799940675977381
1770973087120970333,17.271805594012623,-10.452438428255345,-1.2969657753627213
1770973087320717503,17.280708086186504,-10.471994772353755,-1.3192806905023904
1770973087520891541,17.288076378576164,-10.489334329893335,-1.340643658308538
1770973087721040300,17.286831131717655,-10.516528414898339,-1.3578216671859995
1770973087921263272,17.296703258661807,-10.536247953401366,-1.3785958734919506
1770973088120504925,17.295102081507974,-10.554067559805567,-1.4014318470688862
1770973088321358028,17.301571843439927,-10.571565788264623,-1.4227292365560618
1770973088520758163,17.302944272606943,-10.589763908037954,-1.441870524728833
1770973088721135874,17.300674199423558,-10.614722530087771,-1.4588016851331103
1770973088921264151,17.29750073929045,-10.635578369909076,-1.477272028878456
1770973089120881862,17.30520058598703,-10.652239093051138,-1.4982677594845755
1770973089320675939,17.305389667311527,-10.669057961305134,-1.5179741715527149
1770973089521015665,17.30876824376585,-10.686266362247345,-1.5367925974467118
1770973089720900509,17.32286816836682,-10.713284116991584,-1.5569005447151405
1770973089920758050,17.317718089096907,-10.73050683831278,-1.5718635069258051
1770973090120921045,17.314411687944947,-10.75383398976393,-1.5919900297144938
1770973090321260109,17.31791072407679,-10.773162991127752,-1.6152315965117139
1770973090520721239,17.307260799470072,-10.786717807104884,-1.6357570737904281
1770973090720983803,17.314906287083563,-10.804656825213376,-1.6477411778710784
1770973090920809821,17.310191486881788,-10.831339871303406,-1.6662189731674706
1770973091120833606,17.30698398550663,-10.848393993196229,-1.6888695462891692
1770973091320642660,17.30347192132008,-10.865642512678875,-1.7093504716116394
1770973091520795861,17.29795055093456,-10.879110126011938,-1.7320821926158687
1770973091720953109,17.291502660436645,-10.902420526946726,-1.746080557185716
1770973091920890382,17.282594187225236,-10.927715634416188,-1.7628791413921476
1770973092120733464,17.27928384198735,-10.94818384207596,-1.7847843806950912
1770973092320696445,17.27587463671366,-10.96022882936286,-1.8086624352273588
1770973092521017670,17.276973493553612,-10.9741180614589,-1.819799464126631
1770973092720810460,17.278059243612862,-10.995442469909694,-1.836203462839427
1770973092921134772,17.264890594472437,-11.020915959212028,-1.854730641099162
1770973093120446162,17.262062795042063,-11.04100588491858,-1.875566069918921
1770973093320901285,17.26122956948881,-11.054484481799443,-1.8995160570109615
1770973093521091785,17.251159791722202,-11.072477871408047,-1.9159853842640306
1770973093720506461,17.239582485581654,-11.094347943955476,-1.9332719532818567
1770973093921263399,17.22789782794302,-11.116256455667765,-1.9538422600164995
1770973094120608924,17.22010108940363,-11.140155323209683,-1.9716242032275617
1770973094320602752,17.211244310280396,-11.159642762644054,-1.988881312220127
1770973094520654862,17.2060193529693,-11.173170203324876,-2.0113509095559783
1770973094720696021,17.20562650377439,-11.182910363516466,-2.0272052131101135
1770973094921067501,17.183117942100182,-11.209255189906496,-2.050622458574883
1770973095120702826,17.182907112934082,-11.21596418238255,-2.078118710661844
1770973095320632167,17.169180601763394,-11.226957443264002,-2.1037342686717437
1770973095520647254,17.16491137937728,-11.246370945597132,-2.11302917027993
1770973095720519514,17.146063555357447,-11.271439191667952,-2.1317296491321587
1770973095920675855,17.13600121604346,-11.290039117231736,-2.1518132945045645
1770973096120691637,17.128248476590286,-11.302778179595668,-2.169607605619065
1770973096320625705,17.10523921959285,-11.32357425048669,-2.1867815425767514
1770973096520838114,17.10219378418582,-11.336613584012436,-2.200639865691732
1770973096721116330,17.098628261311003,-11.353358900628614,-2.2150810788593236
1770973096921121005,17.074290925993616,-11.376504874757956,-2.2407047663840487
1770973097121369166,17.05358287538191,-11.395691241618067,-2.2700133450348243
1770973097321615488,17.04162272245408,-11.414204533832768,-2.286821550477515
1770973097520701501,17.037359915376165,-11.41915290019977,-2.300177154353074
1770973097720681027,17.03105751959239,-11.42966060112054,-2.3147955330208467
1770973097920751939,17.031324069809646,-11.443526412933856,-2.3383018056670606
1770973098120800151,17.00029937193418,-11.46763624943946,-2.364949865980894
1770973098320629443,16.980362692178794,-11.479172606620857,-2.3803170151019892
1770973098520877498,16.968651880880067,-11.483241102934615,-2.3939129819852085
1770973098720941536,16.951247543227183,-11.488503689516774,-2.4235072441920296
1770973098921411130,16.933950803374586,-11.503525870912416,-2.4439460015326944
1770973099120417400,16.922766465404433,-11.517269065406053,-2.4586575773107304
1770973099320684289,16.902001111843518,-11.534134515508908,-2.476100887414517
1770973099520935088,16.885085462276088,-11.541061892061505,-2.500070637804822
1770973099720706527,16.869869297238836,-11.56146666890085,-2.518945461425551
1770973099920401989,16.843820037236,-11.579288827016297,-2.534599330433066
1770973100120469575,16.835856245354456,-11.584851872672175,-2.5475156023809253
1770973100321335285,16.831259798009473,-11.602635515463485,-2.5655504799600153
1770973100520893239,16.812017201308404,-11.61086913043421,-2.5906678298422388
1770973100720552679,16.79484429567387,-11.620292632073914,-2.6072711386360377
1770973100921432746,16.772281045191374,-11.631977873022207,-2.625802409996345
1770973101121130014,16.76861287097507,-11.656486334291007,-2.6461285641226713
1770973101320926899,16.74014100195761,-11.667219316097526,-2.6792408188527306
1770973101520750256,16.71800424618581,-11.67725121109843,-2.709344932504852
1770973101720493719,16.69596990466831,-11.682082218571614,-2.739470918854199
1770973101920774603,16.675214030058164,-11.692772408537849,-2.7678298439539017
1770973102120951458,16.653887245917325,-11.703192121144987,-2.7919995613514708
1770973102320960754,16.64348279773312,-11.706610271532082,-2.8202434894062707
1770973102520754723,16.579842827178656,-11.732467535228377,-2.8500501237642357
1770973102720686399,16.582948986523924,-11.720541185394397,-2.8793722905236816
1770973102921605920,16.561732302201325,-11.727343572874656,-2.8931477235258565
1770973103120681139,16.5471940629254,-11.729958753348608,-2.909347542513848
1770973103320567616,16.515367016505678,-11.742856602561366,-2.925723849075878
1770973103520687986,16.4747063009553,-11.757528050162577,-2.9330759244013693
1770973103720419502,16.461386633339526,-11.76189576129882,-2.934765683433969
1770973103920696997,16.446798413327677,-11.754883580807434,-2.966113845011168
1770973104120831408,16.41636758022463,-11.76151622553561,-2.9768455224135404
1770973104320559356,16.38824342399387,-11.768985891644979,-2.986271000431001
1770973104521136902,16.385894688716924,-11.767800313281436,-2.9941243150334436
1770973104721218385,16.38312143152952,-11.762112608026014,-3.0067800331516703
1770973104921350056,16.36200385031365,-11.771015680296575,-2.9993109586964635
1770973105120511459,16.346017085526892,-11.77085861703607,-2.9965573204415343
1770973105320926348,16.32589762713741,-11.769590682795,-3.010571079449489
1770973105521351727,16.30961282263642,-11.771149666784252,-2.9988974248364673
1770973105720842695,16.283457648999768,-11.780712921322223,-2.9789073664404935
1770973105920319585,16.24448598770918,-11.794380874611475,-2.960223998656299
1770973106120953692,16.210715754036627,-11.796510237572496,-2.9538268165142774
1770973106321277724,16.187640446504073,-11.801844969671828,-2.9377118538019737
1770973106520785062,16.16491966377243,-11.804042778801248,-2.921735585867565
1770973106721480814,16.134190121100378,-11.813460747145983,-2.9077774377284227
1770973106921643602,16.122676148910706,-11.823833163934506,-2.8868094093524745
1770973107121075027,16.10997290131836,-11.831267972121806,-2.8682251803939387
1770973107320853019,16.10499124122311,-11.816336611218338,-2.8637816989578857
1770973107520533832,16.093696755390415,-11.824830958605384,-2.832298153188899
1770973107721144267,16.0632203636436,-11.832494902014597,-2.81729340567304
1770973107921281646,16.034858584416693,-11.844084075066922,-2.804915041769725
1770973108120581123,16.031624373151395,-11.852652911635312,-2.7980940295853642
1770973108320483765,15.999723519943972,-11.863575845510516,-2.789361941037319
1770973108521098217,15.974640731227188,-11.861131326369428,-2.795827164301706
1770973108720640220,15.952846755348364,-11.875417402211133,-2.7884725765290765
1770973108921539775,15.945577691678988,-11.881443516791244,-2.788470505657852
1770973109120815815,15.918648078772522,-11.890426291629252,-2.785455145654439
1770973109320686825,15.894586920207209,-11.894656838790025,-2.7815931931646505
1770973109521186093,15.87541280631103,-11.905823311732725,-2.7750717108194354
1770973109720816316,15.856133088396975,-11.916037002414416,-2.7731741368474023
1770973109920714518,15.846895508946186,-11.926948111604277,-2.771445251907964
1770973110121580219,15.831642416588819,-11.920563225591396,-2.787340883727222
1770973110321353588,15.793985280835743,-11.945325659257096,-2.7749647092186924
1770973110520876983,15.773364037571582,-11.954579961787784,-2.768636308360963
1770973110720748793,15.754170909055393,-11.961872329459169,-2.7687910818464387
1770973110921493776,15.736781589814221,-11.973040300618798,-2.7671609059582707
1770973111120972116,15.724675458361853,-11.971283837408633,-2.775236873421806
1770973111320963137,15.708692293482443,-11.977133661561265,-2.78114463784168
1770973111520811510,15.690521013938497,-11.98306734001202,-2.771432837862272
1770973111721257853,15.666307045129239,-12.005165561040199,-2.7692924200333966
1770973111920701442,15.644730082999597,-12.02030722589992,-2.7682431143473973
1770973112120882073,15.633571228359928,-12.012863046987666,-2.770777579673282
1770973112320874454,15.614339354796412,-12.023212290462768,-2.7642611819824507
1770973112521017358,15.595106225903915,-12.037937892735588,-2.7641025559870975
1770973112720963900,15.566521490672738,-12.04354365011022,-2.762060686277268
1770973112921658503,15.537770664937282,-12.055659563471668,-2.7619263831908483
1770973113120439941,15.528748701207993,-12.048409436205919,-2.7710620957322254
1770973113320729157,15.48953968837235,-12.06279770446647,-2.7628838422833453
1770973113520778508,15.456583234811552,-12.077850892978525,-2.754306034789776
1770973113720625527,15.425475504746473,-12.09824421508466,-2.762558073880072
1770973113920916787,15.404204613729402,-12.096178242190458,-2.765304236939346
1770973114120581816,15.377377039656917,-12.10809870593986,-2.7578962457330762
1770973114321015591,15.39766065011102,-12.103352223372303,-2.758450104328269
1770973114521140066,15.36718607122487,-12.108610388482692,-2.760686184042494
1770973114721273740,15.34234582574672,-12.12311573735702,-2.7690059440024157
1770973114921673599,15.301056498914747,-12.127754269458743,-2.776712447914454
1770973115121013137,15.277123659623282,-12.135408803496798,-2.774192894204782
1770973115320824635,15.277323223818886,-12.139869089284053,-2.7635388974587594
1770973115520689295,15.265817299170823,-12.144024802382836,-2.7727088603794847
1770973115721236319,15.235584232748954,-12.150341159232987,-2.7732422220874464
1770973115921024181,15.232516634998474,-12.159831978133694,-2.7752393266631747
1770973116120866252,15.211190094214777,-12.164711324084907,-2.771673860979872
1770973116320503491,15.188879171975213,-12.174097421903065,-2.7785021624462725
1770973116521140067,15.162284387795884,-12.189009205106917,-2.7733317095070347
1770973116721091876,15.153782192745805,-12.192636521416183,-2.778790969948993
1770973116921527472,15.135930420238065,-12.20184753945447,-2.768319653370323
1770973117120372720,15.11349129669569,-12.213777114901253,-2.7653149278534315
1770973117320815650,15.077605061747809,-12.224783720208722,-2.771176879763332
1770973117520902289,15.059003858963278,-12.230094974407494,-2.7676230206717336
1770973117720712282,15.033869531440413,-12.245126168042082,-2.773898834623677
1770973117920544398,15.028517799672361,-12.251171705761818,-2.7732712874495133
1770973118120606282,14.988977808380795,-12.264520804843528,-2.7634848284025226
1770973118320936552,14.972491543362636,-12.274634493005847,-2.7611912159452725
1770973118520882789,14.94882473205351,-12.282244152044482,-2.7643044984474123
1770973118720793446,14.929946471166717,-12.287219600728475,-2.7598300034496375
1770973118922419156,14.91137881464303,-12.301602144739107,-2.7616785473149386
1770973119120964291,14.879864443800487,-12.311664667694444,-2.753885985706656
1770973119320900517,14.86589173258993,-12.315976052076932,-2.755622701343553
1770973119520900195,14.856817162028083,-12.318908017647669,-2.763637983519593
1770973119720551619,14.849503270706423,-12.3235034857953,-2.768083186089102
1770973119920728712,14.833017169499106,-12.323645474365092,-2.761355260540263
1770973120120599925,14.810003387352642,-12.332086638833458,-2.760429217994355
1770973120320810792,14.79813611141608,-12.333957626045835,-2.764998885471057
1770973120521009796,14.774385936159124,-12.34670685423613,-2.763990849693868
1770973120720893900,14.735992517850592,-12.350345962725704,-2.768197082078062
1770973120921487008,14.729108231066602,-12.359133152822361,-2.7653457219928894
1770973121121015897,14.70969424173993,-12.37238607784677,-2.7628930511102694
1770973121321058928,14.67376818252073,-12.382068075447597,-2.769741072329177
1770973121521491874,14.671721283051243,-12.380230458042288,-2.7751485602178705
1770973121720402431,14.65467751757849,-12.386155305176322,-2.7704446783265038
1770973121921065964,14.628541937683442,-12.396354485509473,-2.7677695101411754
1770973122120939560,14.60714041999294,-12.398335519409063,-2.764017654567764
1770973122321423975,14.574688140466247,-12.407402087469748,-2.777221255596595
1770973122520939323,14.574966482686083,-12.423960264571837,-2.779586195755267
1770973122720702240,14.556188033952202,-12.432347854791319,-2.766135735941066
1770973122922265746,14.532676504295756,-12.444847992659085,-2.760802381164571
1770973123120606512,14.517123016664831,-12.453936644949497,-2.76488134403022
1770973123320905357,14.497930169800915,-12.463064428476613,-2.7658076794049467
1770973123520582497,14.476128360654206,-12.470006395300885,-2.768150035435473
1770973123720878025,14.4536469723045,-12.47001656454161,-2.7655529606138516
1770973123920847212,14.430364776257628,-12.478605600820057,-2.761476021947764
1770973124120941974,14.409762412847394,-12.496680947873843,-2.770115168693684
1770973124320732223,14.395505364970592,-12.500398165555026,-2.7682954725337257
1770973124520798767,14.366854285900839,-12.50957989633973,-2.7615123428204944
1770973124721241780,14.358143705687182,-12.524526682211201,-2.7538397813065854
1770973124921233820,14.329085073413573,-12.523387621682378,-2.7621708883392952
1770973125120818904,14.31611409777565,-12.539047632801557,-2.762422874924953
1770973125321466624,14.296711972659628,-12.548066897018385,-2.761214836893155
1770973125521184251,14.275013303347222,-12.556038571422462,-2.760525513574591
1770973125720393763,14.251405168797293,-12.55911747534335,-2.7522122318080973
1770973125920840583,14.226047797970253,-12.575413805907225,-2.7491101006796423
1770973126120551040,14.20763226609065,-12.579722225305035,-2.7552089157062656
1770973126321050130,14.191756444869002,-12.585903749309749,-2.7557822522801168
1770973126520878091,14.164181785261125,-12.591179855894284,-2.752208031638369
1770973126720752881,14.122611789876846,-12.613795897461305,-2.7635386270300244
1770973126921103133,14.108167501791648,-12.624368952567629,-2.7585625761229515
1770973127120769634,14.103177920890714,-12.626431549893777,-2.761896964706133
1770973127320725040,14.08654945236017,-12.635546072545749,-2.764947009051019
1770973127520747126,14.071669938402893,-12.631571055046017,-2.757025676776251
1770973127720846812,14.041988455803736,-12.652770489801847,-2.7591224788937763
1770973127920877443,14.018379692990774,-12.660547967696548,-2.754959429053815
1770973128120706438,14.005714658825893,-12.665481585212612,-2.756651011053861
1770973128320660762,13.98885920710051,-12.672162928194124,-2.753202500513978
1770973128520945576,13.969032048704046,-12.67159976308971,-2.744043908697387
1770973128720965556,13.943778861622278,-12.685488091285592,-2.7468854944838483
1770973128921342388,13.929931772142844,-12.692949227762783,-2.750698637423969
1770973129120596499,13.910768881256486,-12.70103229559894,-2.751309570335974
1770973129320890599,13.880754959217814,-12.71198463241578,-2.7489612502463974
1770973129521705559,13.86429817680177,-12.717115403536866,-2.7477188860916453
1770973129720720542,13.844796218690606,-12.72368008813624,-2.745256076201806
1770973129920634246,13.829211154220236,-12.73113525977193,-2.7479087560296365
1770973130121407679,13.80145969259978,-12.74188184643474,-2.7490568393551134
1770973130321076488,13.789008332584938,-12.748944579173086,-2.741648609119934
1770973130520850030,13.765499844752226,-12.752246076414334,-2.7382088957101036
1770973130720674400,13.746381382854024,-12.763721684200187,-2.745260764914066
1770973130921404485,13.722235573110018,-12.769077290425816,-2.747718133538275
1770973131120815819,13.70344335558256,-12.776814359539227,-2.7461164003423923
1770973131320459759,13.675650832221207,-12.782928210869132,-2.745247125257422
1770973131520724321,13.663075119645114,-12.791117090115883,-2.7385874240071217
1770973131720794266,13.644868747938585,-12.800780808318102,-2.735300942045382
1770973131921268404,13.624535426073011,-12.812105949095038,-2.743030790655842
1770973132120692392,13.602686790766448,-12.815690996554487,-2.7389643718038275
1770973132320735284,13.584404518043389,-12.825582645972148,-2.731494777062172
1770973132521113897,13.562330887213175,-12.834405233646875,-2.734172697083712
1770973132721076994,13.53547075322583,-12.840670271776423,-2.7374178447464743
1770973132921297691,13.517829914236202,-12.845610578151442,-2.736873466878915
1770973133120639178,13.50105151462653,-12.858476166968252,-2.7439118404838867
1770973133321343290,13.48245825300161,-12.867813981504465,-2.7333354066049242
1770973133521574046,13.465825420542856,-12.881654849698624,-2.736812114488499
1770973133720787280,13.445728892640382,-12.88965040150662,-2.744428003377782
1770973133920672096,13.4202733752912,-12.891038706433152,-2.742072875836063
1770973134120729369,13.400236185904397,-12.90193761025804,-2.737775194975604
1770973134321038906,13.384729292015948,-12.91344918643467,-2.7377436798845727
1770973134521093289,13.360080105485224,-12.923497896343761,-2.7377955380863033
1770973134720832482,13.329503155325481,-12.916817183760728,-2.724580795881665
1770973134921134274,13.302859009279874,-12.936110843237188,-2.7308861625781136
1770973135120730915,13.291769815559938,-12.942574858564337,-2.727910944203215
1770973135320750129,13.263388149366046,-12.943024827056114,-2.712441230808303
1770973135520884777,13.253184087990391,-12.95139758727287,-2.726529814547447
1770973135720985189,13.22889958086011,-12.96654126190531,-2.7324268432441015
1770973135920732968,13.220376909101988,-12.978010659075853,-2.7294245538817896
1770973136120838363,13.193111301952605,-12.985750083097361,-2.731864408796875
1770973136321436738,13.181030962283769,-12.99377066262152,-2.726897970337791
1770973136520693255,13.154535623953098,-13.009009034025672,-2.733477167402441
1770973136721273646,13.1295595042301,-13.018235178728942,-2.737087729639462
1770973136921143721,13.10377964876185,-13.029848529825927,-2.738799423890575
1770973137120918735,13.084014473331317,-13.037978193054714,-2.73661310784626
1770973137321137956,13.07756709972551,-13.044737505914911,-2.741597099150757
1770973137521489292,13.063897940058792,-13.051086215453797,-2.7383756335101666
1770973137720666595,13.036757051234904,-13.061755521565257,-2.7375558216380065
1770973137920654798,13.021208760828035,-13.068001716722147,-2.731550699026391
1770973138120947305,13.000625842427112,-13.075107693521696,-2.7250791611799787
1770973138320599306,12.974959882503878,-13.083716625687842,-2.7290494594336403
1770973138520688936,12.955971432355906,-13.092691996388377,-2.740200370919459
1770973138720915820,12.944974765904124,-13.106155106613453,-2.7358881504541706
1770973138921930191,12.919655297328049,-13.107756283949271,-2.746539737144448
1770973139121228831,12.89382175449043,-13.122795270801177,-2.742089475673689
1770973139320632412,12.878919443557074,-13.133732335518301,-2.7489397012856234
1770973139520896859,12.850247883185794,-13.140630798146482,-2.7477065244552565
1770973139720961098,12.843726068287728,-13.15047470972477,-2.741781696203532
1770973139921103319,12.821726235422304,-13.155002490553972,-2.7327151830231546
1770973140120696299,12.79163587717425,-13.170003408226934,-2.73690079844282
1770973140320945757,12.765140595007859,-13.182745581596329,-2.739900630834867
1770973140521447343,12.738705772724222,-13.17622036131068,-2.7438402118528913
1770973140720915728,12.726888419594793,-13.185332527149908,-2.7453514249505235
1770973140921056204,12.704295477392206,-13.196353340632108,-2.7408713345992552
1770973141120696917,12.681286610013522,-13.20632367615883,-2.73916041256357
1770973141321290971,12.648447399882285,-13.222635023817977,-2.745323139394013
1770973141520712305,12.65217953341237,-13.228470128868654,-2.742209510853051
1770973141720542560,12.639482538959214,-13.230916069419594,-2.7335335181857774
1770973141920660002,12.61282994400271,-13.243377101572765,-2.734234994980671
1770973142121164025,12.573661094688461,-13.256337638449532,-2.7391862975394137
1770973142321027034,12.577827180086816,-13.259762955354534,-2.7378285057123724
1770973142520662822,12.561613125095308,-13.268495348685517,-2.743716861130236
1770973142720747620,12.543696068850101,-13.279013825729876,-2.7371803499646594
1770973142921216031,12.521317182800821,-13.285291204106368,-2.741322707703057
1770973143120693827,12.502900881339984,-13.296204585648693,-2.7489085222008875
1770973143320930087,12.470571982311338,-13.301219399490522,-2.747627927346923
1770973143520735163,12.450119619094204,-13.31400584580398,-2.741462778253037
1770973143721320780,12.4338016637704,-13.316835539321335,-2.7366712866097043
1770973143920324033,12.420994319441727,-13.327152829105659,-2.733854906902389
1770973144120841813,12.383147709840005,-13.343349506307204,-2.7399993118798327
1770973144320542135,12.369878480144985,-13.349522066792591,-2.7462268705878405
1770973144520676248,12.355757075735063,-13.349212370704183,-2.7361917884019786
1770973144720610273,12.333142034264828,-13.349681962888434,-2.7275394724110527
1770973144921440253,12.297584931143199,-13.367185121418162,-2.735813906788001
1770973145120406147,12.293957493987763,-13.369542336394533,-2.732960784664564
1770973145320573193,12.276004933537319,-13.376934108286374,-2.730876829858431
1770973145520389059,12.241492887365467,-13.389457288537374,-2.7343771993367056
1770973145720634075,12.224352189862111,-13.394160992325563,-2.7318174985501273
1770973145920544504,12.205866274567647,-13.41308472530608,-2.729991160043668
1770973146120597193,12.190819199965649,-13.419986134140744,-2.7408588922268113
1770973146320715233,12.175357763070954,-13.43207167965977,-2.738054122608349
1770973146520844996,12.157977484595943,-13.444255133372584,-2.741692137446701
1770973146720833506,12.13180704269338,-13.459848613477842,-2.7422681704943574
1770973146920919164,12.099653839893382,-13.465224737576698,-2.7436998424255132
1770973147120821080,12.093340704592013,-13.463693396801368,-2.742375671618154
1770973147320624060,12.079562573737931,-13.471727282659291,-2.739771295986849
1770973147520624543,12.06246643527533,-13.484134893972271,-2.731050904459131
1770973147720441610,12.041184292097624,-13.49251282716046,-2.7337779946567147
1770973147920413888,12.01997979886309,-13.498269754682452,-2.7425338806721347
1770973148120676291,11.996860676046706,-13.503988323487789,-2.7462641762878603
1770973148320736409,11.97954245404986,-13.515923713797118,-2.744839636010629
1770973148520771068,11.960453226066141,-13.524730680554088,-2.7358502729624754
1770973148721287248,11.923057022784175,-13.540471039602204,-2.743013988794215
1770973148921024260,11.916595315434323,-13.54376496353913,-2.7530277752046324
1770973149120712382,11.898947714280332,-13.549019602819225,-2.746014321636567
1770973149320823147,11.878524362224494,-13.554675294185428,-2.733695431268163
1770973149521189928,11.842691021208719,-13.561849422958089,-2.7317523813091142
1770973149720780877,11.81509429534973,-13.583496240491193,-2.737829381617613
1770973149921162076,11.794407671072218,-13.586184915438231,-2.7381965886411774
1770973150120942616,11.768318228520446,-13.596610629707211,-2.7373587515432347
1770973150321606332,11.758596125219649,-13.603697685019059,-2.730911850822921
1770973150520873313,11.737548940783208,-13.606403897416625,-2.7302438695255153
1770973150720886880,11.736098147125107,-13.614756907065688,-2.744035755495989
1770973150921335119,11.713541572260027,-13.618222755778126,-2.741279586887942
1770973151120962863,11.692104988495647,-13.63111890728424,-2.730983413752825
1770973151320474257,11.67169171131508,-13.647397570871426,-2.7362882602275036
1770973151520892317,11.649308821263517,-13.654362666868446,-2.7341908876592678
1770973151721429187,11.63290440391489,-13.65298327090424,-2.743178303282474
1770973151920290292,11.611085079461946,-13.665141306795741,-2.7397984212803044
1770973152120675793,11.59491124119735,-13.674649597102016,-2.7368541223869185
1770973152320927641,11.576081136450217,-13.68377443786576,-2.7325845732531358
1770973152520840462,11.559455002047477,-13.697911849307824,-2.738535773091571
1770973152721157656,11.536323003160968,-13.704422717043286,-2.737621474107334
1770973152921444532,11.517379568637985,-13.71557721291764,-2.7306326490012176
1770973153120890924,11.490853751605957,-13.717310140287035,-2.73643328618268
1770973153320954277,11.47531584141626,-13.724745363523795,-2.7367401744462354
1770973153521356225,11.447890080795753,-13.741474898822409,-2.734774038418966
1770973153720695315,11.434971629384963,-13.743848079491407,-2.7417955815773154
1770973153921283794,11.402818262492458,-13.761774489501216,-2.743193364280065
1770973154120666403,11.39519710256169,-13.77057019065787,-2.7308598186757
1770973154321099862,11.368107781239896,-13.776985617200035,-2.730098992780333
1770973154520666322,11.360805458188395,-13.787765248887691,-2.7321684773570167
1770973154720935072,11.32749103215581,-13.802520616875444,-2.7340007187132622
1770973154921407386,11.307012578021853,-13.80604564986788,-2.7281305375245317
1770973155121441035,11.295188926757643,-13.806782164347874,-2.7242139454565817
1770973155320453142,11.279000692053998,-13.820036772661558,-2.7210414443600213
1770973155521428139,11.25779466006749,-13.826523615134175,-2.725420102856724
1770973155720680892,11.234906018853787,-13.833047077035642,-2.7216385990161247
1770973155920417552,11.21956462478888,-13.847978738038675,-2.7180887422171787
1770973156120834663,11.198809764754621,-13.854137769505677,-2.714138615452365
1770973156320760288,11.179843009809494,-13.86777988364831,-2.7199464260850754
1770973156520440579,11.15729732222394,-13.875115558375509,-2.726507671456694
1770973156720445788,11.140394310178097,-13.884342481665916,-2.728069920720701
1770973156921028385,11.121244908099214,-13.892519397924989,-2.7219752033747353
1770973157120378701,11.088365085409048,-13.912220206765838,-2.7273721167081852
1770973157320650947,11.078345794616212,-13.906880611278002,-2.7336991654942624
1770973157520388628,11.059019162311587,-13.919028939905768,-2.731706891494942
1770973157720658189,11.038577398507067,-13.925181988203118,-2.7334856557577534
1770973157920538417,11.01611983672128,-13.932880605102264,-2.723883557425771
1770973158120650828,10.992996830631565,-13.940006235281846,-2.729285565137412
1770973158320679803,10.974259002894113,-13.945973461789194,-2.732703148352614
1770973158520726262,10.954539902944504,-13.95665209247616,-2.736336336184911
1770973158720724898,10.938607353771491,-13.969914112417886,-2.7255261948469856
1770973158921155791,10.911483267748505,-13.980635256854127,-2.7243766880345697
1770973159120842959,10.887174476052188,-13.988939402729887,-2.7233264212514716
1770973159320835002,10.878283756838776,-14.001296955683653,-2.716065035742216
1770973159520404277,10.855066289283759,-13.998923293975679,-2.725876370579999
1770973159720985702,10.836835063914945,-14.012497606057913,-2.719384389618538
1770973159920728202,10.817950883589695,-14.021384687991809,-2.710872156054811
1770973160120544019,10.796593736486033,-14.027618808735356,-2.708726342536855
1770973160320415178,10.777839813216506,-14.037889351981027,-2.717485804909736
1770973160520574465,10.754764372204573,-14.044068923956365,-2.7113663988395276
1770973160720935142,10.72764896097412,-14.06554220819598,-2.7099403591248516
1770973160921386485,10.718877195633082,-14.065499356861018,-2.70820864480721
1770973161120910977,10.697340324157471,-14.074918583392634,-2.708536991681232
1770973161320402852,10.678837671807106,-14.08552499492356,-2.7230701978938234
1770973161521014335,10.657766108567476,-14.091238499189883,-2.7222673575102077
1770973161720400245,10.638088566555565,-14.102493085998784,-2.716307776023914
1770973161920446423,10.6120552103733,-14.111755971862998,-2.714654881453735
1770973162121272114,10.596484989781004,-14.117015167970289,-2.7131034212352865
1770973162320922266,10.568834031066366,-14.1271669651504,-2.714405472611586
1770973162520622925,10.557727643541313,-14.136924521231483,-2.7097527112467192
1770973162720810587,10.5361297146266,-14.140744707427073,-2.702860124644025
1770973162921350390,10.517046650900914,-14.153371151697378,-2.7062140858829493
1770973163120947603,10.498604870288695,-14.164191133613707,-2.7142983638916647
1770973163320867788,10.475902596055445,-14.179410130623328,-2.7130907174407963
1770973163520291792,10.458675768339194,-14.182703093519557,-2.7125817615620256
1770973163720735749,10.429540484198705,-14.178470270569328,-2.701706271605535
1770973163920879516,10.403701840291006,-14.198775345157738,-2.7071389969628505
1770973164120843409,10.396834877081854,-14.207489116464943,-2.711204174809354
1770973164320390942,10.379652484021557,-14.219494630232088,-2.708795867889692
1770973164520779342,10.357357608186353,-14.223627448643068,-2.701154553836385
1770973164721386817,10.343087155089119,-14.239725349534075,-2.7052817292716793
1770973164921705302,10.313247415042978,-14.250985964831806,-2.7056747432710067
1770973165120483189,10.301372573353742,-14.265690898259065,-2.7117304954146357
1770973165320722902,10.272815842099785,-14.271439661304095,-2.709602974895225
1770973165520945311,10.256023987092478,-14.272522572535218,-2.7058881860624413
1770973165720452105,10.242701604141015,-14.285162149554704,-2.7077144483912527
1770973165920516879,10.203039219236594,-14.30563547794487,-2.70364521212063
1770973166120671030,10.192911476712405,-14.314801690903225,-2.6984526568054257
1770973166320593860,10.17545554309258,-14.312771328585411,-2.694833267914382
1770973166520619829,10.147480522720052,-14.332340805629281,-2.6945343443410015
1770973166720430711,10.140102983145475,-14.327179210874316,-2.698054372697106
1770973166922385333,10.12455156248791,-14.350299885623748,-2.6999161315879836
1770973167120936582,10.105240932943348,-14.350544033588832,-2.7105310008885213
1770973167320406214,10.08307941329964,-14.35844824805021,-2.707978385132142
1770973167520259449,10.055862456195182,-14.379535532017108,-2.7069947529488863
1770973167720586009,10.036600151356428,-14.382950496958147,-2.7230791723164676
1770973167921004989,10.020018735398706,-14.38147802898512,-2.720365711133718
1770973168120937892,10.00456737101886,-14.395751244228848,-2.7073136029502147
1770973168320658360,9.989151530087662,-14.410530190658356,-2.701286014030721
1770973168521129961,9.96557900450641,-14.415043095892015,-2.694772080610782
1770973168720961013,9.945151945530199,-14.423352828159743,-2.7031414162348106
1770973168922035862,9.915168875096047,-14.434678062730558,-2.7033012290811205
1770973169120922931,9.901305340313279,-14.438853198856282,-2.697647829712305
1770973169320809290,9.882239604964973,-14.457448338520985,-2.695472861184346
1770973169520576919,9.870273470600997,-14.465202316610112,-2.699872908486268
1770973169720632446,9.848421332300951,-14.474456052420804,-2.6981485870967585
1770973169920928778,9.826482162911823,-14.478836708764447,-2.6973149918412673
1770973170120479141,9.810695051209445,-14.492915702864549,-2.697144751578521
1770973170320662615,9.787141737752556,-14.494708529422661,-2.700382490328234
1770973170520854014,9.760190283169642,-14.514863694910382,-2.698223921300288
1770973170720661521,9.74933513931899,-14.523843915606282,-2.703485173140157
1770973170921499281,9.734948906488329,-14.539853546699797,-2.7038294519357318
1770973171121009075,9.717193753125382,-14.554793159284888,-2.699483625923317
1770973171320673074,9.693822530349454,-14.563229422114073,-2.698222625414122
1770973171521152972,9.67603700208251,-14.563463424905025,-2.7021438157328728
1770973171721056474,9.656390576373369,-14.58364101344047,-2.698537563977461
1770973171921059780,9.636702552300214,-14.584130562231037,-2.7014893158488396
1770973172120546710,9.616144353535367,-14.589737834771356,-2.6958353838662434
1770973172320916144,9.595702127769204,-14.600833915314729,-2.694406947293438
1770973172521062336,9.576349110732695,-14.613024708928746,-2.708270206884926
1770973172720609349,9.550186153268495,-14.612108541343703,-2.711154062989288
1770973172921218417,9.531876359837918,-14.621054844071145,-2.700323850024984
1770973173120790803,9.516119730074426,-14.635985639705167,-2.693591310272681
1770973173320662905,9.497222350783932,-14.645650382674146,-2.6940323585674633
1770973173521065022,9.474999446470282,-14.653584030551915,-2.699531404032437
1770973173720618978,9.453083917346293,-14.657941300271313,-2.694499626674774
1770973173920683392,9.43567719259731,-14.672656465986357,-2.698596925452708
1770973174120454864,9.416884995335193,-14.682011433670313,-2.699348653692755
1770973174321042120,9.39636654682698,-14.688804621813517,-2.70280515818802
1770973174520714205,9.37623158654763,-14.701040208174208,-2.7059364884431774
1770973174720689246,9.357013261086545,-14.70943338338427,-2.6970670597206983
1770973174921808802,9.335041574513962,-14.721376518343682,-2.6966021078892592
1770973175120527867,9.319530421757392,-14.728473154476617,-2.6985567460912185
1770973175320653259,9.305317652464096,-14.754566769705423,-2.6857488671296688
1770973175520762911,9.283239022571955,-14.757304274605364,-2.6906465935771195
1770973175721008055,9.259554556068712,-14.768322854565948,-2.690847628496246
1770973175921202301,9.24687170175359,-14.785022231623064,-2.682869518802693
1770973176120848841,9.222497379526212,-14.781554183092108,-2.685495165903673
1770973176320336169,9.201942786321975,-14.787667614506844,-2.6867382286504227
1770973176520772243,9.178230507924894,-14.792113392308089,-2.6891063366560526
1770973176720657000,9.158344603512543,-14.81128558101175,-2.687454747637563
1770973176921183519,9.144627609891174,-14.818836799493804,-2.69551030495161
1770973177120475012,9.122554999929578,-14.824999956103358,-2.6875026571667258
1770973177321295910,9.100286392235844,-14.832899821773418,-2.691092011668173
1770973177520790242,9.084857131102845,-14.84932758608213,-2.682270386253467
1770973177720681803,9.065242348058698,-14.856630441053781,-2.686192596326774
1770973177920549497,9.04357465022935,-14.861117190916744,-2.699013921986134
1770973178120590010,9.02363494068205,-14.872932372884714,-2.6918230909837844
1770973178321231972,9.00503964148742,-14.88404370303872,-2.6969465937266306
1770973178520708600,8.984682605250242,-14.890905583723194,-2.6990014680515135
1770973178720559532,8.965138802284443,-14.898406735235097,-2.702168926731005
1770973178921381553,8.94494732870922,-14.909220072704633,-2.703079054809155
1770973179121161361,8.925450624062412,-14.918518903274911,-2.7027958190009977
1770973179320607461,8.90892701035262,-14.933760766652924,-2.697833181390349
1770973179520685442,8.886301905076293,-14.940000279312573,-2.703544730686646
1770973179720656487,8.866460458374354,-14.946653035496077,-2.706727838209325
1770973179920654554,8.844239447949255,-14.95715169134317,-2.7053104756767414
1770973180120673716,8.824736398060821,-14.962435078091795,-2.6928096927096297
1770973180320595857,8.806072472050277,-14.97329366067747,-2.698950126063192
1770973180520843917,8.78424038169078,-14.982877947423196,-2.7052451124565815
1770973180720607411,8.76863281149701,-14.99467582289745,-2.697200779475828
1770973180921172715,8.738483325870606,-14.996085610653193,-2.6958888539652026
1770973181120716969,8.722489592723488,-15.004253880163168,-2.698886579800147
1770973181321125360,8.697361688979687,-15.005844472308759,-2.7060114494965433
1770973181521031470,8.685738954447675,-15.025095448253648,-2.6988514605134237
1770973181720898705,8.664440058424136,-15.033535835454224,-2.700067507963098
1770973181920561965,8.642138580884824,-15.039409512806392,-2.7083872983906843
1770973182121050135,8.603458651752595,-15.061246732000136,-2.7175278954203117
1770973182320499922,8.582971649175564,-15.062815115546512,-2.716534749641188
1770973182520572223,8.570533205831676,-15.070070278812336,-2.7171181652780536
1770973182720600881,8.548795368788777,-15.0740615593853,-2.6955501725309934
1770973182921063126,8.537739126121638,-15.08213839341661,-2.6977175272770246
1770973183120667377,8.526076659992233,-15.098845979317016,-2.697919203684224
1770973183320558458,8.508440734978986,-15.111513943415137,-2.703595289527727
1770973183520533071,8.481544604196392,-15.109605236174316,-2.703496663306374
1770973183720739663,8.469476388501048,-15.130211721119867,-2.688441709379923
1770973183920989037,8.440132020675811,-15.133072455787905,-2.6924136584859117
1770973184120661039,8.424975285784534,-15.145339558045896,-2.7004816489781067
1770973184320661092,8.412130245684368,-15.161979794715442,-2.7039627058815094
1770973184521060026,8.388637537477717,-15.162008949429977,-2.6940922092504236
1770973184720754948,8.364760940507638,-15.167460785136864,-2.6971631105159934
1770973184921464012,8.347812010056163,-15.183253025737537,-2.6963192343794065
1770973185120958350,8.324473015764042,-15.185706066066032,-2.6965291468481025
1770973185320912013,8.30706444635213,-15.195689437707538,-2.704279901225838
1770973185521302311,8.287989601340971,-15.208829028316407,-2.7084121940294232
1770973185720701241,8.258611590877896,-15.21827273823971,-2.7096580803480923
1770973185920667008,8.238754915829407,-15.228023588094388,-2.7084909436585702
1770973186120630584,8.221932708782553,-15.232331234407308,-2.7136556545995196
1770973186320910339,8.199336625006026,-15.251446026901098,-2.7105700291150003
1770973186520839054,8.180381927287186,-15.260473159459309,-2.713679979951892
1770973186720470314,8.169971736662886,-15.269719668108472,-2.7045546319522864
1770973186921574202,8.146289172417116,-15.273453575973992,-2.706889115715398
1770973187120446358,8.119933033064097,-15.286370004687203,-2.7054515531908847
1770973187320639055,8.09227932887582,-15.293817461862883,-2.7056152190904035
1770973187520716388,8.07668598193846,-15.300680100850048,-2.693891888298049
1770973187720784052,8.069556081169788,-15.307420392315569,-2.707419309512564
1770973187920982199,8.049017964247032,-15.31810859693326,-2.709990580009513
1770973188120735279,8.030114551148857,-15.326525790494719,-2.7103611543952404
1770973188320661020,8.012834962281673,-15.340675401870909,-2.6993840017156447
1770973188520978127,7.991731867307572,-15.348129478953354,-2.6982121481413226
1770973188720765009,7.97086716757299,-15.356239076215683,-2.7053160247649672
1770973188921570100,7.953066229524613,-15.366535355529297,-2.7091805293168183
1770973189120823805,7.872891060490426,-15.397400627093822,-2.6976022305274907
1770973189320776458,7.859620429504844,-15.403885529772007,-2.701194543376123
1770973189520811861,7.86246237008238,-15.411807206357642,-2.692959563087636
1770973189720692795,7.837566210188737,-15.419226516514792,-2.700310086214664
1770973189920625750,7.831145453689395,-15.422341838109393,-2.7063649480476277
1770973190121105968,7.8350789584647975,-15.424560026414477,-2.690762543370182
1770973190321138185,7.797814889908568,-15.438976370674796,-2.699637447812244
1770973190520752985,7.792271121318724,-15.439736535776769,-2.7051108369968855
1770973190720677905,7.761530196420554,-15.45963339628048,-2.703095399317928
1770973190921545298,7.74210574832716,-15.457859533442837,-2.707683173812122
1770973191120957410,7.713887289937689,-15.474211844201943,-2.7118094263733896
1770973191320618019,7.714082258847646,-15.477216415837876,-2.7008831942903946
1770973191520578989,7.688179836605901,-15.493523042899882,-2.7015138703642534
1770973191720914634,7.675334259178716,-15.499445642059547,-2.707923479649421
1770973191920541788,7.6592555394968045,-15.510894441622424,-2.6970867112421764
1770973192120619228,7.635911780631301,-15.525212929107505,-2.695609220926378
1770973192320574467,7.618647654131982,-15.530346316899486,-2.688468812093432
1770973192520931183,7.595408616172234,-15.535429574047082,-2.690417251864281
1770973192720655145,7.579753624111132,-15.547202710208861,-2.69678682686066
1770973192921435741,7.5627914758557395,-15.562587082703924,-2.6900619896266
1770973193120834989,7.543728827471061,-15.571939449094884,-2.6757634576793463
1770973193320766193,7.51236635649301,-15.579512921477237,-2.682039379899882
1770973193520983079,7.506905019878356,-15.598820529570945,-2.6745932329162447
1770973193720608922,7.478343889245506,-15.599796756222192,-2.6800827254753616
1770973193920473316,7.451386193867077,-15.612634178261727,-2.6795834025551075
1770973194120432087,7.4349253429889,-15.615855713289836,-2.6877811511855905
1770973194320714841,7.3924227580975295,-15.621028697307343,-2.7001974351731075
1770973194520387365,7.37548148460437,-15.638424995134136,-2.699445708029666
1770973194720423171,7.3564518343119785,-15.656847999629795,-2.6967232162920776
1770973194921411079,7.355176721479645,-15.65598392938218,-2.6879743322259615
1770973195120597918,7.33152414135608,-15.670589853418814,-2.688462816079722
1770973195320578328,7.31132125986545,-15.68336975246445,-2.6872093076392045
1770973195520600949,7.281720422859696,-15.678667654327626,-2.69247756968268
1770973195720608081,7.283124896405563,-15.68831230435166,-2.683240929596766
1770973195920620863,7.252656160506111,-15.692684398876702,-2.6842751157763733
1770973196120642797,7.233878782136666,-15.696233439095801,-2.6732507081165657
1770973196320781223,7.2180780183240385,-15.70779613202352,-2.669203742749454
1770973196520717769,7.191127599834873,-15.722981641469183,-2.6605973192822017
1770973196720473685,7.189718690289529,-15.744014607262994,-2.6320232703419175
1770973196921597166,7.151886856618646,-15.742719366193151,-2.645365543701998
1770973197120820747,7.144922104525902,-15.754986645506621,-2.633084191230714
1770973197320643383,7.1148760634772685,-15.77159226995403,-2.636030752491471
1770973197520842567,7.1070921483814615,-15.773894815286965,-2.6230053388584733
1770973197720614585,7.08885184661479,-15.78641771772009,-2.608598295808131
1770973197920442912,7.040282162074613,-15.810766470974627,-2.6238260297214477
1770973198120747214,7.045903142867382,-15.80512135951449,-2.6166715718517657
1770973198321149621,7.028643264600048,-15.81421516071392,-2.612621515351279
1770973198520650005,7.0095810754324,-15.826054541310217,-2.61171926549859
1770973198720537406,6.959311355650879,-15.869253230237126,-2.6118175771467973
1770973198921618717,6.933080593568411,-15.881713438131193,-2.6135954919044377
1770973199120917705,6.95394212825186,-15.86435463809616,-2.6006710546738425
1770973199320632353,6.928054091488758,-15.890069100862133,-2.6027781381015425
1770973199520514716,6.914237621223273,-15.895926448065016,-2.6079978547168636
1770973199720909670,6.895014025174065,-15.907949010034846,-2.609244918787533
1770973199920440994,6.871117249269503,-15.931933637094689,-2.6237432396650564
1770973200120731931,6.850683281987661,-15.946827424545043,-2.6297736109548464
1770973200320503660,6.823333327435273,-15.934900671732137,-2.648588519285613
1770973200520818951,6.80808614877303,-15.935944314344075,-2.666428093622464
1770973200720738396,6.779542502140705,-15.922513548595346,-2.717665580240412
1770973200921683624,6.770548514903038,-15.933817778905038,-2.721632426264856
1770973201120553915,6.730137193497715,-15.94377887788722,-2.7597985629451225
1770973201321183735,6.722920069070861,-15.935921780580454,-2.779433959948738
1770973201520389571,6.704848468100258,-15.946999802137373,-2.8017162028423175
1770973201720665285,6.6865023260201975,-15.954169490749027,-2.8000560031328052
1770973201920495639,6.667881817178545,-15.975906785697802,-2.798993359906808
1770973202120823228,6.633444644015901,-15.97701373923803,-2.828184787271727
1770973202320665896,6.61470657527427,-15.954111005361801,-2.8765039446791683
1770973202520514045,6.601175127304377,-15.972529000347889,-2.9138039719450495
1770973202720472617,6.56720320000282,-15.99366531889765,-2.9410473793134786
1770973202921465318,6.563112962749963,-15.987344855803379,-2.9701387437056668
1770973203120853642,6.530545880877484,-16.011792206605826,-2.9862888525333693
1770973203320420969,6.492998521776117,-16.0323547871305,-3.0012563632448823
1770973203520316149,6.48068928154115,-16.028360658719812,-3.036298598546423
1770973203720818283,6.461787088792187,-16.0159813080413,-3.0658385168229176
1770973203920755995,6.440186939604467,-16.011255372719667,-3.096579695384519
1770973204120702910,6.415495069294677,-16.017241791892655,-3.1097047128127184
1770973204320445586,6.382828993224025,-16.016486656287444,3.1352336928743854
1770973204520742935,6.333748424492598,-16.05182870913093,3.1127893582478627
1770973204720623237,6.330082975660674,-16.034018713902153,3.0870687466396203
1770973204920912129,6.325707208794937,-16.011349904341436,3.063142831471155
1770973205120744293,6.318195751383507,-16.03228208334708,3.047351384231912
1770973205320738436,6.266539264716301,-16.02960126919588,3.0168367183980704
1770973205520880805,6.225305633862963,-16.04980050070189,2.9926271993861477
1770973205720362357,6.2322429253236535,-16.06288041531027,2.983714218707035
1770973205920819756,6.156272736753543,-16.021743260973956,2.975183565829322
1770973206121174992,6.176273937666934,-16.017253771868383,2.96573467744986
1770973206320905807,6.164766412467053,-16.00789928010312,2.948498344459857
1770973206520458667,6.13816085650757,-16.02219662588176,2.942537146333226
1770973206720995551,6.120374532868498,-16.032217478781536,2.942339178638687
1770973206921343929,6.109811772308062,-16.02524753161473,2.950363575544484
1770973207121161115,6.069853783627363,-16.020837769361957,2.9396966196070564
1770973207320842215,6.052026701587682,-16.01365719187424,2.936734599813119
1770973207520636112,6.060461338983024,-16.002209754000752,2.944457477033286
1770973207720981225,6.027465891238717,-15.99789261484855,2.9411922089950306
1770973207920890636,6.012873691628585,-15.993091677439262,2.947272527626349
1770973208120451298,5.976745046670435,-15.985303363622995,2.9469999038268937
1770973208320837090,5.964265773250694,-15.988282797375717,2.9395817389762664
1770973208520943573,5.902150314462371,-15.963476652233778,2.9725776524559895
1770973208721248289,5.900194086271526,-15.973399313309612,2.9850728164811673
1770973208921374630,5.860592790727468,-15.961999330093017,3.029612635777184
1770973209120643137,5.895543153450257,-15.973105448710008,3.0305999359456433
1770973209320605892,5.875698255117699,-15.973554995172156,3.0285272476557954
1770973209520748426,5.85370509340615,-15.964970852088923,3.0306266823913726
1770973209720626638,5.772321571467224,-15.969266605553111,3.1007103018815387
1770973209920816552,5.778194052933842,-15.959193436999895,3.10121133141428
1770973210120857684,5.769779942388712,-15.970970220922243,3.1244979374309976
1770973210320594584,5.746040498826472,-15.963454197385378,3.1374386996867187
1770973210520683434,5.745675394464708,-15.95948195897686,-3.1265397579771483
1770973210720257429,5.722695659645861,-15.972873693930044,-3.0908746047934184
1770973210921195641,5.7026710012078565,-15.9704434484899,-3.073433293990913
1770973211120831841,5.678808229755409,-15.982948616438001,-3.061524375774078
1770973211320629730,5.642097323446043,-15.972808195665117,-3.0495456148144573
1770973211520602236,5.614981783518751,-15.951329647154324,-3.045270957335397
1770973211720662702,5.612940736304204,-15.9543047754771,-3.0177676158846154
1770973211921106679,5.591631114668055,-15.95417577953912,-2.9918838942450257
1770973212120602138,5.556632178775643,-15.964037414205487,-2.969575074890785
1770973212320519308,5.548241748289786,-15.967426307007592,-2.9552950237636333
1770973212521163253,5.5258886474694,-15.968330771787377,-2.936090699021231
1770973212720759854,5.448180808951274,-15.995591821153548,-2.8757170404918773
1770973212921282855,5.423108237437186,-16.000666218452345,-2.8667387558148505
1770973213120820887,5.404185482312119,-15.996108217655243,-2.840209294945489
1770973213321176215,5.423099636140375,-15.98965103164398,-2.833861201940053
1770973213521019733,5.41614259314532,-15.983450187591178,-2.8206923192765245
1770973213720828314,5.38397635689734,-15.967019354738047,-2.8272890548255125
1770973213920674478,5.372596900164089,-15.99153557700075,-2.813865783825602
1770973214120822159,5.35146749550948,-15.995861106964142,-2.822394155629726
1770973214320720054,5.3366199240956265,-16.020655618298733,-2.8027186349939375
1770973214520481655,5.315874366468002,-16.031095054487704,-2.797812929964407
1770973214720818538,5.3001390159734525,-16.054800651309538,-2.7869364097201452
1770973214921195569,5.279562331435361,-16.069585302775952,-2.782711031175786
1770973215120687463,5.230058373376594,-16.082980175226353,-2.801347780029275
1770973215320720781,5.239077492978791,-16.083961708925816,-2.809473080046494
1770973215521468188,5.203562088335558,-16.109837209104164,-2.8099712712770533
1770973215720726397,5.190781961703492,-16.118757639713234,-2.789117960340069
1770973215921204735,5.114366740678242,-16.095211112851302,-2.797787288785451
1770973216120773789,5.0900155901620305,-16.12655430760684,-2.7963948594010786
1770973216320678179,5.1196558542929385,-16.1265344773103,-2.7681996807331593
1770973216520805949,5.092913829532511,-16.143088967252247,-2.755413558681966
1770973216720872271,5.0666978748312825,-16.131098762636558,-2.7638954464831973
1770973216921131186,5.050241917657594,-16.135102009645742,-2.7656300836620575
1770973217120750388,5.044957224578338,-16.11274700359998,-2.768180757028429
1770973217320601355,5.028634745729329,-16.13604753737379,-2.749764923372195
1770973217520964271,5.004956998133604,-16.126459940106496,-2.749306996962727
1770973217720680217,4.981849903032072,-16.12847319607164,-2.7614870136020238
1770973217921115644,4.890816534554481,-16.16441275310528,-2.802220454170557
1770973218120513880,4.891363200803275,-16.15672234035159,-2.7920822419613898
1770973218320593360,4.901003753276047,-16.184023555682334,-2.770464748592924
1770973218520728196,4.891629692429287,-16.186123411042185,-2.771446638607732
1770973218720713864,4.855513589275657,-16.184325678483326,-2.788691363549637
1770973218921238915,4.863347917464803,-16.198483590503397,-2.7779903960236743
1770973219120437005,4.842112596091787,-16.19714963946625,-2.772627432439456
1770973219320635376,4.819549683555277,-16.199537332963928,-2.7776185933331137
1770973219520920193,4.8017104762264635,-16.21857469983512,-2.7942135096331473
1770973219720513424,4.778982723047473,-16.220073051051365,-2.816131211651544
1770973219920869509,4.758595448195975,-16.230614134204682,-2.818131194154828
1770973220120578568,4.734486098256219,-16.21962084701667,-2.8259789828258173
1770973220320728185,4.685591209905997,-16.194520768907147,-2.8689576782615753
1770973220521217368,4.662161387351264,-16.208159006737937,-2.898287827486864
1770973220720544987,4.578239169479303,-16.23221456261821,-2.9727278978560605
1770973220921344520,4.567661478315717,-16.220910599534875,-3.008306716134609
1770973221120407231,4.571637598473651,-16.21691668681784,-2.997575393472569
1770973221320688193,4.595411987438827,-16.227959702240472,-2.9965586789047025
1770973221520846478,4.516938732049565,-16.237306320672786,-3.0563088589657177
1770973221720678372,4.517212433407247,-16.249210790702183,-3.0601728457776276
1770973221920467022,4.485363174860455,-16.214865526433055,-3.065728161722081
1770973222120724393,4.440922045320641,-16.260547737302964,-3.1159623661980578
1770973222320555867,4.419908463896457,-16.260653949904604,3.1394492851630877
1770973222520572259,4.435373388219291,-16.283644046067863,-3.1400885745712923
1770973222720574223,4.392172493016405,-16.263700858118288,3.131818375403382
1770973222921481266,4.402744340837116,-16.251053488806335,3.117517898760726
1770973223120474084,4.404192766441757,-16.257868664774765,3.0952301651063783
1770973223320680654,4.388605548148076,-16.253444664170853,3.0959577811931878
1770973223520685765,4.365358490402154,-16.25273157844295,3.090102485128595
1770973223720525156,4.277983076795931,-16.24732857679342,3.0050950534917527
1770973223921114305,4.261012644857453,-16.218617201064298,3.0085576003608496
1770973224120833579,4.2415061998816865,-16.237636972931654,2.952479806172957
1770973224320292976,4.219402270251905,-16.26177035799694,2.9325389379223865
1770973224521066092,4.176876485532271,-16.22257988776502,2.9092171858786178
1770973224721654051,4.165512912778894,-16.215080163876312,2.8772534670440937
1770973224921315819,4.1671690556973,-16.22071342419679,2.8894394456116537
1770973225120768077,4.193767177091827,-16.2309506131229,2.8985490798731246
1770973225320820011,4.108759163797737,-16.21970123707512,2.830846869504521
1770973225520583898,4.131900976981866,-16.22506810018175,2.8362255617118777
1770973225720870335,4.102279979542265,-16.210385213021052,2.830456984251071
1770973225920920605,4.04817262639512,-16.195931555717515,2.7723422135978772
1770973226121231624,4.049573728864178,-16.20842107827151,2.758671186998483
1770973226321295292,4.047683270276949,-16.221221218674394,2.7582749523799603
1770973226520901445,4.019537426275563,-16.202566042038676,2.739508454743827
1770973226721421224,3.9609412060183007,-16.17041547306541,2.6864260246637457
1770973226921496894,3.9445924411427766,-16.134243199110745,2.675604388440329
1770973227121169080,3.9177134849003292,-16.13814308560636,2.660387468813915
1770973227320443734,3.9021885181238916,-16.12588247121831,2.621764480989882
1770973227520873660,3.878309874744759,-16.086516908982286,2.614511343773796
1770973227720875850,3.874005180479629,-16.095770943545833,2.584443938052896
1770973227920852560,3.8425168263235183,-16.076576499478897,2.560756658175311
1770973228120789689,3.8549859623782314,-16.094965790642213,2.5688038850990265
1770973228320598837,3.833481291729936,-16.084475293290435,2.5670213356305314
1770973228520704248,3.801833302542799,-16.056411487603054,2.5043003570063718
1770973228720780231,3.790693039710666,-16.060042975072886,2.4970976713251427
1770973228921669286,3.7807396209898156,-16.072584342226506,2.499435401529776
1770973229120425814,3.7774679849867847,-16.059921167169787,2.4917879918694505
1770973229320500416,3.7171064834835317,-16.01510317926624,2.423230740234155
1770973229520928592,3.721406047058543,-15.994953003618102,2.419409849007181
1770973229720476336,3.677404333116006,-15.967590629063675,2.375129846495022
1770973229920484870,3.6707990580327583,-15.958433346983758,2.3647395906432505
1770973230121056547,3.640751350088827,-15.903797155267442,2.3423078759038236
1770973230321384490,3.685453538879574,-15.918951292707778,2.330339131544839
1770973230520769992,3.668728605528486,-15.915781088870704,2.312548196450222
1770973230720468919,3.645558605359403,-15.907085075049569,2.28628502910903
1770973230921696400,3.644113151897502,-15.916462634856849,2.288514632330948
1770973231121208481,3.6309365619155574,-15.901182215741713,2.273558265563032
1770973231320666935,3.6016371016046222,-15.894590820700536,2.247366336187002
1770973231520222196,3.5559215282428434,-15.829528679272254,2.217041609990847
1770973231720736259,3.5500010292455473,-15.787874291244103,2.1934257222248155
1770973231920948880,3.5454034375706622,-15.790590891449815,2.189867347393562
1770973232120759700,3.544792521106615,-15.775451293669098,2.17415106916138
1770973232320538634,3.544438069381991,-15.801945395972348,2.1648604112191805
1770973232520392092,3.532794102649794,-15.780897531135652,2.1524334043498494
1770973232721362279,3.47614403225812,-15.701885626775368,2.1124754808024653
1770973232921401856,3.458429533219389,-15.66362340133952,2.09762278186107
1770973233120628468,3.4585582342658396,-15.657318500178018,2.0974442678355274
1770973233320874416,3.453129583729265,-15.665401467569312,2.092418033916802
1770973233520682248,3.437723177823216,-15.640044675354185,2.0904765480315075
1770973233720476854,3.4212151640488346,-15.631158092896447,2.093292923183212
1770973233920379689,3.4080890067298073,-15.616335327367478,2.0929341371869272
1770973234120703773,3.4072966211531224,-15.627617739609565,2.093952062838265
1770973234320654932,3.3801674465947285,-15.521566863572664,2.101934481594677
1770973234520395966,3.3539776528052947,-15.513107728927487,2.1079050286583576
1770973234720548895,3.3581373596517876,-15.532014905726422,2.102250060485495
1770973234922167607,3.35302986465185,-15.471635996038017,2.109088044884652
1770973235121045297,3.373656946603617,-15.493714940392497,2.0904207089252718
1770973235320605423,3.360413216978974,-15.486193713779025,2.0873658848998993
1770973235520690132,3.3424868649015904,-15.476167092320491,2.0928107273562166
1770973235721204621,3.3443618900477405,-15.447709971727992,2.088515195645376
1770973235920639274,3.283496596410134,-15.384174520219686,2.0991920002614126
1770973236120819622,3.2720747154441128,-15.34856681284257,2.0859792899148197
1770973236320661504,3.254568053101288,-15.31414698663111,2.0818779861036045
1770973236520872157,3.2321598595545358,-15.266297937303614,2.0968684813937393
1770973236721171893,3.2368679279986763,-15.286155297749946,2.109179218048708
1770973236921330476,3.225127175152783,-15.270844261904182,2.092323190188463
1770973237120760236,3.2165163360284614,-15.262086640638325,2.0963408496178975
1770973237320742379,3.2159601087674745,-15.26444231420533,2.094516850850233
1770973237520715565,3.1807608784095427,-15.221423792826782,2.0989591560894105
1770973237720716555,3.1654346057216047,-15.23676408345657,2.0984029838079326
1770973237920592613,3.1547429627541432,-15.164460317474257,2.1025109121504184
1770973238120808914,3.1507549146729095,-15.144047492325475,2.1101905676119332
1770973238320968291,3.132483252339935,-15.122728712809627,2.107752039257298
1770973238520589960,3.103818892694928,-15.071660791971816,2.109698707948363
1770973238720404250,3.08883051900389,-15.078985784713803,2.100297766005892
1770973238921927001,3.081317191130328,-15.087981843209612,2.109221561886354
1770973239120661510,3.066530245714626,-15.014670265181033,2.106613200932132
1770973239320477145,3.069209237498691,-15.035325618525516,2.10263348770168
1770973239520317968,3.063828658127455,-15.003794942435617,2.1148841525301134
1770973239720765132,3.032430912915364,-14.944271659479382,2.1071486905791534
1770973239920678636,3.036061353579915,-14.959543765400236,2.103185315805002
1770973240120859190,3.028708470994161,-14.93914006424204,2.1113926618893664
1770973240320580173,3.0293578097929568,-14.936543041342233,2.097970950247421
1770973240520739503,2.9877192181320718,-14.885299799903583,2.126300040549553
1770973240720781646,2.988272047557043,-14.862677392419018,2.113908568008076
1770973240921425542,2.9730748168548202,-14.873164016256192,2.1115056411280713
1770973241120731388,2.943478064468704,-14.821988462723775,2.1257949540709977
1770973241320539631,2.9322759251661012,-14.800731020759871,2.1193734056617965
1770973241520836748,2.931878126522857,-14.819958672375076,2.115302957732691
1770973241720577901,2.9239717679647845,-14.792062027998517,2.1292978932755036
1770973241920369923,2.9210020109766877,-14.759413026203061,2.121647127761406
1770973242121050135,2.920729874055006,-14.764572851268833,2.1116136074975085
1770973242320632553,2.920605364332619,-14.761093633917278,2.125268722334575
1770973242520617269,2.878458269025226,-14.70741460100289,2.116649828686929
1770973242720326151,2.8838428911976437,-14.676291947746769,2.11602878257741
1770973242921625716,2.8488557535337256,-14.637764141915705,2.1208672198610836
1770973243120782236,2.8343622677450484,-14.608240695267506,2.1200071820318898
1770973243320598407,2.828353926578162,-14.584723819526557,2.1094120577792794
1770973243520442563,2.812807397992576,-14.554966273503547,2.1081691391907778
1770973243721022679,2.8174285114558963,-14.557751743664543,2.1076619942143457
1770973243921005312,2.8128226072027855,-14.567157462103351,2.1062978573245363
1770973244120825947,2.7836785767843404,-14.508999270960928,2.11077059523197
1770973244320762171,2.782655042359954,-14.525467074284292,2.1199214821248273
1770973244520596689,2.7844374173350417,-14.514199842287043,2.119742302364546
1770973244721031837,2.7860922803870625,-14.489640275644824,2.10071681271512
1770973244920902916,2.767435627639664,-14.48908424675989,2.1160647034595015
1770973245120569634,2.725068900434395,-14.43032714322888,2.1099894661178866
1770973245320512323,2.6900427476109683,-14.393698215442207,2.118826065406178
1770973245520872457,2.686399050587186,-14.376550041969379,2.1123641893807803
1770973245720411877,2.684686389189174,-14.358433054561505,2.1071336253187005
1770973245920450340,2.661179690985394,-14.327325730535486,2.1197328172799157
1770973246120778798,2.649316119757042,-14.32712302812664,2.12438229097833
1770973246320993233,2.6564589001208465,-14.333012947144239,2.117106430533212
1770973246520580086,2.6349497374905764,-14.277004979484145,2.122179343360523
1770973246720543465,2.6151141327362684,-14.256513611441354,2.1182590631945732
1770973246921664622,2.6051194856261093,-14.247241474522287,2.1297016817848413
1770973247120999663,2.5833779209699808,-14.197901030158325,2.1290257626969864
1770973247320493467,2.5836980616219654,-14.21073068121706,2.1323166498208117
1770973247521271432,2.581276502925613,-14.221413610980132,2.12931900338393
1770973247720920596,2.5567580882379084,-14.150432841947167,2.1184596063480123
1770973247920465980,2.5482377428704273,-14.137231006153977,2.1131809358802127
1770973248120735868,2.5166795182759025,-14.102696909662948,2.1127397081308112
1770973248320578768,2.529427843088379,-14.095287478025762,2.118255266755778
1770973248520706789,2.492597252264609,-14.075486992800112,2.130705007536679
1770973248720787719,2.4864219573796524,-14.023388828002332,2.128395435447503
1770973248921809766,2.4756403610677844,-14.027832433223653,2.1357744725755246
1770973249120964222,2.468783661933651,-14.003534618336332,2.128379848893405
1770973249320525439,2.450158922514758,-13.982226190338336,2.1376218768531245
1770973249520761991,2.4310427480745034,-13.978616877430811,2.132389075590629
1770973249720806993,2.423924305688516,-13.936024277743691,2.130996481006624
1770973249920286222,2.3956327227658645,-13.917948272685623,2.140889270196059
1770973250120564870,2.3858959999619573,-13.90319628428245,2.1304303811279395
1770973250321187680,2.3841116478226265,-13.872609841346625,2.1215447796649745
1770973250520618878,2.373763837561197,-13.882472696823834,2.123675124023922
1770973250720364212,2.3659998666478637,-13.828737506610548,2.1409580688397805
1770973250920976021,2.3334194294153607,-13.823289637374945,2.1347879079664263
1770973251120421992,2.325796001616684,-13.784124778574709,2.121174243010247
1770973251320456387,2.3149539663891994,-13.771143199397724,2.1329230738058595
1770973251520401248,2.2889039522321197,-13.787022693552721,2.1256895483284772
1770973251720595832,2.281063118086325,-13.748864916196233,2.1317092279449392
1770973251920537387,2.270439519326542,-13.732942542252703,2.137313799928123
1770973252120547500,2.264130395071979,-13.68842846110712,2.1252000589073696
1770973252320589751,2.256661393285644,-13.675194962878997,2.1318276056322185
1770973252520562288,2.2511262084320673,-13.657082606918229,2.1354362793664214
1770973252720677209,2.2392975253351155,-13.63817618082894,2.1339776329025333
1770973252921536388,2.2256310103164147,-13.622173084963954,2.1354460324695137
1770973253120402113,2.1921489034662334,-13.589659869060267,2.128960289932366
1770973253320566672,2.171901041035405,-13.589785477354146,2.114098990943782
1770973253520587994,2.163296863000251,-13.572641275640942,2.126861340679585
1770973253720583797,2.1622938370983174,-13.55213053209031,2.122757567147546
1770973253920623796,2.147921560714187,-13.522589733949188,2.135948659993549
1770973254120661044,2.1451083196971545,-13.52501352337952,2.1355582869959995
1770973254320683770,2.121736119932847,-13.525413883045927,2.122313780035234
1770973254520598469,2.1262730791883775,-13.52304306893995,2.132642637414001
1770973254720734865,2.1036284299747625,-13.472385275322097,2.1331362367087316
1770973254921186770,2.097223983612966,-13.482935510325495,2.1315976416740017
1770973255121129307,2.0709720695567384,-13.378771002088007,2.1463848868252877
1770973255320765679,2.0681159259023834,-13.395136888642025,2.132456620033437
1770973255520751567,2.0450573249375816,-13.342715656605035,2.136845424747667
1770973255720815885,2.054398081791907,-13.353480537129121,2.136309916290399
1770973255920539716,2.01771794207958,-13.301854616690735,2.140438412816387
1770973256120572048,2.0159408984836573,-13.291774808723074,2.1491673920390078
1770973256320707636,1.985332454837874,-13.256186310792113,2.148658007381792
1770973256520899222,1.9868695390955777,-13.273555930688428,2.1456203476058024
1770973256720404072,1.9673934105753648,-13.226253462914968,2.140620088822626
1770973256921190637,1.9537712108738716,-13.233462024243483,2.1314431435240837
1770973257121226979,1.9629720329196176,-13.25713500691032,2.1344681769837197
1770973257320928740,1.9296094929776644,-13.161421316526514,2.1449820083361426
1770973257520586637,1.8925610968863564,-13.149833677143612,2.1358387177442157
1770973257720756954,1.884097886078561,-13.134405101115235,2.1451290551818385
1770973257920781670,1.8751583144846913,-13.114383418117118,2.1426689945433712
1770973258120393763,1.866099516592233,-13.09685016081148,2.1466034228743025
1770973258320363825,1.8536304529268024,-13.057715958419433,2.14320876979555
1770973258520888327,1.8414625650419727,-13.033084240408419,2.1520945156885998
1770973258720595110,1.8213110704217346,-13.022957272737257,2.1396588654327955
1770973258921697599,1.829083154266957,-12.998622570145312,2.147456674696183
1770973259121015356,1.8190618341197262,-13.003383166925275,2.133420165685008
1770973259320519990,1.8147782884702408,-12.969771567267248,2.143037591908495
1770973259520900676,1.8001287196606637,-12.948581803829113,2.145728282500766
1770973259721117737,1.7688066492066343,-12.938727692591506,2.1503092972178033
1770973259921165450,1.759459294705206,-12.929561722589808,2.1380944767433485
1770973260120712030,1.746249261616095,-12.897938740588902,2.141270884141329
1770973260320371045,1.74344407987965,-12.921418574747602,2.143449305917391
1770973260521174850,1.722512680336859,-12.871385465891768,2.137856650421594
1770973260721122852,1.7125019740744636,-12.852784109472964,2.1418800047905955
1770973260921547114,1.6976121824819013,-12.825750212468302,2.13936463702079
1770973261120921003,1.7002421643321621,-12.799546499969539,2.145352986873521
1770973261320742603,1.6850681740492743,-12.783318847722224,2.1533482076982513
1770973261520793997,1.6482236954147307,-12.736739271080204,2.1398363009680943
1770973261720834279,1.6514395319425772,-12.757381170856643,2.1338782142343526
1770973261920448980,1.6307574674025562,-12.727176370502246,2.1354395792215826
1770973262121046373,1.609372034837859,-12.688809910750622,2.13921540283722
1770973262320593645,1.5954898785089733,-12.669167076002775,2.1438985309983773
1770973262520861438,1.5983208850509152,-12.667244910504643,2.148748085533114
1770973262720734810,1.6222535934439208,-12.668691670608732,2.1413346033289415
1770973262921134898,1.5984562193299114,-12.637988121362127,2.142276964219637
1770973263121001733,1.5932528535493622,-12.6692769658029,2.144496764834381
1770973263320240892,1.5647234565361248,-12.666069671853112,2.1338749627138838
1770973263520536220,1.5398490507341336,-12.587788779072003,2.1313197080715076
1770973263720668383,1.5274804448684152,-12.566720631237272,2.1339414347363284
1770973263920501298,1.510625594173906,-12.548909089355,2.1303736385455485
1770973264120509076,1.496578219028247,-12.527606144797316,2.1377438928343895
1770973264320609089,1.4897657810867249,-12.464465567914086,2.146118354596646
1770973264521235819,1.478932063905627,-12.485496124823396,2.157500725040254
1770973264721249555,1.4522014129702785,-12.425681599955784,2.1614617669457568
1770973264920821679,1.4485070564620726,-12.434234214163917,2.146313330928755
1770973265120688968,1.4382826275850928,-12.423472370981214,2.158558546102496
1770973265320560191,1.4380965159667638,-12.425924286630016,2.137940850376381
1770973265520619497,1.404117695495552,-12.383430645431698,2.1377416330379613
1770973265720764398,1.4278973700089974,-12.419820873340976,2.152037222822005
1770973265920449411,1.3810479580223436,-12.324905664944485,2.146271031353389
1770973266120807118,1.3806025412301894,-12.286922818202424,2.14398679187506
1770973266320583029,1.3555713253627566,-12.306448995877345,2.1537448230901672
1770973266520646505,1.3447929606019653,-12.269888491995738,2.1515813072870023
1770973266720418929,1.3460633964713105,-12.26529960200136,2.1496580042223554
1770973266921386661,1.293175293294121,-12.21838978724244,2.1441556552592567
1770973267120789536,1.2989055923827433,-12.195972922031672,2.1400980233453493
1770973267320368869,1.3003807355102674,-12.216973461503509,2.1493337435596436
1770973267520304129,1.2765431743714082,-12.161072138944073,2.141163952514145
1770973267720891298,1.2698260635575167,-12.124778571197336,2.1245030590719463
1770973267920862147,1.2392818660099243,-12.112729308796908,2.1504132009378334
1770973268120374055,1.2282570795342747,-12.129642182718369,2.1423935428535708
1770973268320642360,1.2116315324446965,-12.117158898128336,2.1449519738323843
1770973268520361424,1.205415799550052,-12.100043594703227,2.15152394103251
1770973268720629499,1.1758779826413286,-12.042542997136298,2.1462163581345184
1770973268920659343,1.164362748008961,-12.017913378143176,2.1701716554623833
1770973269120774929,1.1415618527886915,-12.00210167715054,2.172244225144081
1770973269320589449,1.1431504932118528,-11.982157601284827,2.1507382438730946
1770973269520881252,1.1415758067834478,-11.976519386777278,2.1574764048450885
1770973269721009498,1.1106519702537048,-11.928153620302362,2.1686178070690305
1770973269920924883,1.1105367114435314,-11.92081424391247,2.1634654387219
1770973270121216390,1.089744708494342,-11.888043942639255,2.1741279737402164
1770973270320709342,1.0965444943375309,-11.896545444692565,2.161411025131288
1770973270520421978,1.0781466821547743,-11.871720069278025,2.179155263137283
1770973270720781011,1.0923736537274054,-11.913786178551169,2.1889060063601105
1770973270921431818,1.0466232735570877,-11.871055934898935,2.1818591560393434
1770973271120340367,1.032945853397778,-11.811201538495261,2.1777570369547186
1770973271320638405,1.0190281088375612,-11.77912468181712,2.1632510457895653
1770973271520381011,1.0018418130132802,-11.776194504983952,2.1938643610414985
1770973271720673809,0.9513990788071238,-11.70017705811128,2.180471057258442
1770973271920778183,0.9521535352184187,-11.70223037302387,2.172945476805891
1770973272120886539,0.9664450734227477,-11.700049862067269,2.1666814719323337
1770973272321019931,0.9416841617184645,-11.660273897104044,2.1566255590079693
1770973272520491676,0.934294584587929,-11.682743054419776,2.157092756103977
1770973272720558029,0.9159858971863175,-11.644689159883761,2.127896399404443
1770973272920932786,0.904981688434804,-11.616067884229842,2.0946500323462107
1770973273120553033,0.8975670310215824,-11.59393202173188,2.0873475592834994
1770973273320939415,0.8831343077200343,-11.569275096946237,2.0776787122105858
1770973273520570910,0.8914002061464108,-11.557749314218686,2.0352528035232242
1770973273720780752,0.8770151985662051,-11.551522989137261,2.0067668595005865
1770973273920672449,0.8629256152757442,-11.523159208339516,2.0004802228740695
1770973274120529374,0.8747834777097115,-11.54319890347416,2.0036304742630757
1770973274320222650,0.8665773797065288,-11.516475875258655,1.9849200337598896
1770973274520586651,0.8366805122512437,-11.46758269910117,1.9535251562057236
1770973274720594464,0.8366170365783868,-11.426536992430123,1.9259655641727018
1770973274921491234,0.8239492955093071,-11.418797278087359,1.9117426497389882
1770973275120569157,0.8331341594603199,-11.43339315287193,1.9313408704762451
1770973275320427364,0.7866470141590782,-11.364978885916914,1.884780732666206
1770973275521265151,0.7883031501020022,-11.324713466036231,1.8592285805973408
1770973275720688217,0.795369620260582,-11.388657491222748,1.8710333868310554
1770973275920993597,0.7722503293828658,-11.306027541108236,1.8375050300298594
1770973276120586557,0.7752039171026088,-11.27520372939701,1.8189517476390757
1770973276320711400,0.7723769452384324,-11.242793491000857,1.8371721440672542
1770973276521122536,0.7573571892982003,-11.209142226346971,1.82381519639919
1770973276720989170,0.7515477360340986,-11.19810811048465,1.8344195631177842
1770973276921523975,0.7526498998358442,-11.196351651245928,1.8295831641527183
1770973277120587705,0.7412774145140749,-11.15220018906791,1.812658355818655
1770973277320776894,0.7238243600346007,-11.144389877594385,1.8171160413165701
1770973277520625987,0.7220309714874326,-11.132028050562493,1.8222252516110669
1770973277720810668,0.728128568487108,-11.081534856649228,1.8110790181496133
1770973277921116302,0.7125444408612635,-11.053847896433098,1.7982522714868574
1770973278120875536,0.7090702099690248,-11.02603353376654,1.8060447390616714
1770973278320533232,0.7119614455351776,-11.012359900425876,1.7995588081693616
1770973278520647979,0.6968243687265772,-10.98519785189401,1.8144686179450629
1770973278721034662,0.7095822632035348,-11.022816130139852,1.8055911553298218
1770973278920884768,0.7102011625549562,-10.986022411195925,1.7834840968545755
1770973279121042494,0.686008361782995,-10.928280310024164,1.7915809109875653
1770973279320778943,0.6698165091302565,-10.87520785548702,1.7949750427479383
1770973279520606849,0.6860730204363545,-10.883485596281036,1.7943506948125645
1770973279721330554,0.6840132253284936,-10.865477048978569,1.7829355409228829
1770973279920847760,0.6721013069881819,-10.82492452663641,1.7876381718612773
1770973280120983466,0.6584151464601813,-10.800581782167358,1.7828270917833426
1770973280321200515,0.6503552527311783,-10.805157910826871,1.7812335377015918
1770973280520933981,0.643539675229585,-10.796799189956655,1.7679818650496082
1770973280720604304,0.6298835227367447,-10.715589969353733,1.792698406587713
1770973280921658319,0.6261495360357864,-10.700061141160594,1.7940773581198988
1770973281121422068,0.6296544319050863,-10.727484862322147,1.7782324809119334
1770973281321153682,0.6343727962345292,-10.66490136548486,1.773841807327085
1770973281521023062,0.6265185984619095,-10.6098859932261,1.7735688214818797
1770973281720799092,0.6135429407839692,-10.615517976620138,1.8061452450684659
1770973281920611272,0.6103029448026736,-10.594839994719667,1.822430274708866
1770973282120819281,0.6084765180277502,-10.54038118718517,1.8403738584743032
1770973282321126498,0.6034574224246648,-10.529481034412342,1.8510318567258617
1770973282520855138,0.5967698213850555,-10.54415933217539,1.8618624988551256
1770973282721076079,0.6182648364979948,-10.540250808178362,1.87785454189973
1770973282922054471,0.5802110164875702,-10.509198942211631,1.917946870197681
1770973283120951462,0.5604014224938179,-10.436547871733579,1.9286260459059865
1770973283320830174,0.5481405975883921,-10.447849375684294,1.9490564522987053
1770973283520572333,0.5630577924099858,-10.445536814492636,1.9579422471009247
1770973283720809988,0.5564476023482182,-10.433440798125998,1.9693004237438747
1770973283921259261,0.5361034542138314,-10.388700460270739,1.9892075330658336
1770973284120927162,0.5189591341041258,-10.349572606036228,2.0089356735456403
1770973284320623043,0.48914841314696617,-10.288465759526115,2.0307057756701865
1770973284520960863,0.49049174498615283,-10.298921100260205,2.0576746990502666
1770973284720776886,0.4716501904122473,-10.273613976872667,2.071065568736728
1770973284921323219,0.4545287407960143,-10.242350991384855,2.0869764001894953
1770973285120365575,0.4732410472393115,-10.272239191143258,2.0933548734219753
1770973285321178564,0.4484031564231733,-10.204269515358483,2.1176671334083212
1770973285521237719,0.4385905695893266,-10.188139882833122,2.128418118534877
1770973285721010871,0.4208095550373136,-10.152817355534173,2.1386697078889876
1770973285920463455,0.40564790983996335,-10.148116546398688,2.151794716900505
1770973286121131801,0.40488342551658524,-10.166505250420963,2.160283263775835
1770973286321109931,0.3741535653420644,-10.102614398933431,2.1651286101240803
1770973286521076840,0.3713872397224288,-10.086243870014721,2.159765245397055
1770973286720574002,0.3499609594317942,-10.051490633835735,2.1592176347187078
1770973286921448111,0.34995116790278463,-10.042207587024203,2.158103031796296
1770973287120932434,0.34974838888529786,-10.02102847376603,2.1590740667986545
1770973287320773762,0.3433901095031973,-9.984222776207174,2.149835788363785
1770973287521232242,0.3385309007176128,-10.014943955899792,2.153972959442833
1770973287721002273,0.3277029105337391,-10.000461190208659,2.1493181561315553
1770973287921105346,0.31227235882038074,-9.976641413050855,2.155282965671995
1770973288120607996,0.29813758182357164,-9.975363669012086,2.162140569162087
1770973288320617461,0.25300105019575087,-9.903283837582883,2.1552755500675134
1770973288520606677,0.24224490988999614,-9.88042017591589,2.153138663901591
1770973288720555365,0.20704708101650282,-9.831718394407293,2.1507742692327976
1770973288921341830,0.20548336450087,-9.822139906269705,2.1516226036739257
1770973289120538131,0.19474728156705803,-9.80271970562278,2.154970357457405
1770973289320926169,0.17139076249944407,-9.790259253696343,2.1568191050739336
1770973289521132035,0.17433018976237158,-9.807155200438821,2.1463282915404385
1770973289720996172,0.15733255211881517,-9.774944046431994,2.1369986040925637
1770973289920886349,0.12075452452584164,-9.72285153240294,2.143872075110674
1770973290121271887,0.13587958801209424,-9.749687864566514,2.1535106536897515
1770973290320924728,0.11025361738439507,-9.725713834094181,2.1417568130502502
1770973290520913187,0.1108603032053538,-9.725172757078452,2.144994322374107
1770973290720589173,0.059648029903165575,-9.620095682700253,2.148969668717221
1770973290921166458,0.06736415201327371,-9.608570936158557,2.147756549959851
1770973291120882767,0.052713858277655935,-9.602557291967976,2.149306274261378
1770973291320860427,0.04405472647227594,-9.584404806892701,2.149809287145192
1770973291520879457,0.022739414090047438,-9.541479229209015,2.1578656963421934
1770973291720743208,0.015039836732681968,-9.537072940458309,2.1512778773886096
1770973291921057968,0.007123376540130318,-9.53826309959243,2.1441943299252832
1770973292120874433,0.007893631121533393,-9.527745410202666,2.137339353952678
1770973292320876232,-0.00857582907538404,-9.514511122085498,2.1363249778709132
1770973292521180795,-0.035921380940224075,-9.483581772297548,2.1393332012771267
1770973292721052573,-0.06048665768287639,-9.427796210469594,2.1445478902957023
1770973292921865938,-0.06901056395826985,-9.40492689042826,2.1484728871990213
1770973293121134097,-0.08397753597193315,-9.385950285546784,2.1516935584941925
1770973293320799308,-0.08705459902255919,-9.375349425800339,2.152326259209245
1770973293520852208,-0.09962297152050478,-9.34700348081696,2.1588017057985796
1770973293720784325,-0.10051785753093834,-9.32771403906146,2.156941585970046
1770973293920928270,-0.10558462994488023,-9.341155500088064,2.1520606312953485
1770973294120904458,-0.12955443489541302,-9.325143263107405,2.1446368672116503
1770973294320836967,-0.13726692056169634,-9.297904906691164,2.144818108903276
1770973294520852477,-0.16004659673422597,-9.275837002268398,2.148061894142803
1770973294720542539,-0.19411723657558305,-9.257488934568366,2.132493428278583
1770973294921705623,-0.18511403958528885,-9.237417178206606,2.148234369824137
1770973295121129086,-0.22361606547485796,-9.19187964445305,2.1452122595260668
1770973295320537757,-0.22444419645496763,-9.174731177184647,2.144104838079307
1770973295520867015,-0.24588984135159284,-9.171409919293206,2.1387977723762597
1770973295721180963,-0.25371567758736097,-9.153877366975633,2.136511469348668
1770973295920603942,-0.2695460765693973,-9.109002799833519,2.1455688523417074
1770973296120925239,-0.28345559987843316,-9.09770439013939,2.1402179018954297
1770973296321181187,-0.27249333438116174,-9.079505681784417,2.152601907370813
1770973296521269452,-0.2918719678083549,-9.058598738535817,2.1484678700413493
1770973296721206155,-0.32882490453623997,-9.018653960136485,2.1395371103015837
1770973296921790126,-0.32666327154445923,-9.011966587343263,2.1462966166412687
1770973297120797991,-0.35030881014545545,-9.003697471301713,2.1375357266007797
1770973297321169946,-0.38852990053910014,-8.951554108029258,2.1267205823409165
1770973297520967712,-0.39762214494951115,-8.941114908649908,2.1270502394530233
1770973297721036652,-0.41663163199961684,-8.918639284178147,2.1297804907237503
1770973297920769523,-0.4291087329446604,-8.88240812750786,2.1411090688987167
1770973298121023886,-0.44047126765634564,-8.851331690890659,2.1442853641078043
1770973298321357279,-0.43281650534694555,-8.815728103770812,2.149302105829266
1770973298520746890,-0.4522142888413854,-8.794984506344568,2.142674038629497
1770973298720861550,-0.4804221062394366,-8.808831427371464,2.129960484322769
1770973298921995738,-0.4944326561634611,-8.776383679159457,2.1332007051791084
1770973299120902713,-0.5042049566468846,-8.770571435538585,2.1274395548434404
1770973299320767764,-0.5132363556075773,-8.759288513557323,2.123334134544129
1770973299520510910,-0.5207256027952147,-8.732300944760087,2.1248871962513105
1770973299721046174,-0.5346147530422194,-8.71216692325333,2.128504242054535
1770973299921457729,-0.5705776117265311,-8.677784537172654,2.1215652206252686
1770973300120980425,-0.5794082088618145,-8.674002306923724,2.1140812873953974
1770973300320741548,-0.5770100042400045,-8.654165773279837,2.125047666108689
1770973300520945375,-0.5920868170814783,-8.628242076101749,2.124507482858116
1770973300721360039,-0.619995409702479,-8.593251545878063,2.1195531292665644
1770973300921794481,-0.6346041370864416,-8.555866676975546,2.125769547724611
1770973301120953377,-0.6530574543986093,-8.53716701670433,2.1240558386198045
1770973301320983230,-0.6433530838712402,-8.529935660894454,2.1273035729068903
1770973301521411382,-0.6738355853900524,-8.481062372884614,2.127222387961319
1770973301721177417,-0.6847422294968921,-8.465684642747059,2.121309266109094
1770973301921282726,-0.6853298430450768,-8.462729759864752,2.122686487812441
1770973302120968572,-0.7005861484332472,-8.442905216199573,2.118541456586898
1770973302321385604,-0.7208254641988724,-8.423084478786873,2.1141642353408767
1770973302520898333,-0.7395176859625626,-8.395384482097118,2.1133200382489377
1770973302720829638,-0.7570470107626494,-8.383334021344208,2.1075535808394736
1770973302921927545,-0.7708313217516831,-8.357692059510411,2.0973316353381186
1770973303120906519,-0.753924700576591,-8.339662875772705,2.1111283345298624
1770973303320720791,-0.7685710141028423,-8.31236275109933,2.110529496434228
1770973303521143087,-0.7923129844245801,-8.288744654360137,2.0987554866994924
1770973303721474888,-0.801194215894866,-8.259404127934816,2.10381451330004
1770973303920959123,-0.8156120198303684,-8.249272817767627,2.097609949360164
1770973304121546052,-0.8325234912594937,-8.213543902462659,2.104148608821871
1770973304321051862,-0.8395852828450374,-8.208376179602904,2.0955769318681314
1770973304520520510,-0.861118056028524,-8.191266985741551,2.096508151833935
1770973304721457761,-0.8808407314014884,-8.102707887625682,2.123231181631485
1770973304921443046,-0.8910651041218781,-8.090929909083567,2.1173979141097456
1770973305120617411,-0.8933286994950578,-8.08847069366302,2.1169762253162827
1770973305321482275,-0.9123481828437561,-8.073093805260076,2.1246968577117076
1770973305521499654,-0.906419504821501,-8.057054682314144,2.1497943486128253
1770973305720667474,-0.932669860196019,-8.02731767604615,2.137970393531062
1770973305920594870,-0.9395465885128408,-8.015758201110009,2.13285871370706
1770973306120591805,-0.959782131808714,-7.995139206418494,2.135618733244395
1770973306320934243,-0.9697748334228553,-7.98302346952548,2.13434546604665
1770973306520866240,-1.0199817884374174,-7.9253682009375455,2.1217995516777743
1770973306721021337,-1.026893284713,-7.921095657189607,2.108022675359378
1770973306921509988,-1.032851745470318,-7.899628504295547,2.118439702362925
1770973307120461949,-1.0461659855963419,-7.889574479360261,2.1179154703928997
1770973307321075323,-1.0561264210239483,-7.868926509577768,2.1221430597545687
1770973307520284277,-1.0624526913098806,-7.848305525439301,2.1168148106147737
1770973307720682255,-1.0660276743490982,-7.829943222727142,2.1275737388317904
1770973307920561362,-1.0806702227781673,-7.796741047208216,2.1312355869857087
1770973308120917806,-1.1152101902963398,-7.769769889767046,2.114438428765744
1770973308320482008,-1.1441664974873549,-7.74555377340856,2.1033808158265015
1770973308521081497,-1.1828761620874486,-7.721648342591834,2.0883483142336936
1770973308721492373,-1.1858895122967135,-7.704410712790621,2.0927726144892165
1770973308921610363,-1.192493662029864,-7.6835500059758735,2.0892210168872194
1770973309120629028,-1.1918517465352656,-7.672173664401505,2.096264075223282
1770973309321480065,-1.195535414274308,-7.650587581224129,2.103112344363454
1770973309521024542,-1.2035964538518609,-7.621562763367221,2.094842598871422
1770973309721004939,-1.2502331626252252,-7.591425786488061,2.069673010542987
1770973309921500671,-1.2517086362591252,-7.572321381008239,2.0664843913585016
1770973310121037227,-1.2522884388650444,-7.561517296827461,2.0547849970869536
1770973310321605852,-1.2552971714827958,-7.539508904290841,2.0426349936533876
1770973310521173826,-1.2606581597580355,-7.515364740198516,2.0293793950472807
1770973310720841944,-1.2670870310955804,-7.488999858149627,2.014106802362426
1770973310921929399,-1.3120591105053128,-7.46607496874546,1.9895700202187097
1770973311121372929,-1.3334918350116278,-7.43117977353505,1.968867379121728
1770973311320936708,-1.3466573206735728,-7.41141035523582,1.9386609129636685
1770973311521103780,-1.3437642842556825,-7.390085441788356,1.9298618010224908
1770973311720917781,-1.3379346571871777,-7.3685875776037,1.9155923476170391
1770973311921057401,-1.354390696539608,-7.3424878635615025,1.8992210841938897
1770973312121379097,-1.3521592022784004,-7.316608528545658,1.8828926519904663
1770973312320461059,-1.3702561113248053,-7.284922183853716,1.854326433888307
1770973312520904718,-1.3716400668563722,-7.265435678227912,1.8436270518043858
1770973312720985075,-1.3701483676088209,-7.240343056370425,1.829201657389957
1770973312921824457,-1.3828481243626438,-7.2137102380443965,1.8097480394997558
1770973313120608650,-1.4005925902681837,-7.184942690168223,1.7802936833815195
1770973313321321991,-1.3939301505532602,-7.159456620040281,1.7708266786742972
1770973313521314602,-1.3944774132911713,-7.136587239148258,1.7559348403002635
1770973313720598486,-1.4202534118549046,-7.1010300499972185,1.7263281541792852
1770973313920956261,-1.417180440041009,-7.078671868402928,1.70886289319467
1770973314120663227,-1.4052955928471964,-7.055748992310771,1.6925154933924775
1770973314320620893,-1.4158076112118714,-7.027032471015961,1.669967131079644
1770973314521054046,-1.40720761946173,-7.005320644344474,1.6534425595354767
1770973314721405151,-1.4119823953436477,-6.976759509837462,1.6231440231048582
1770973314921614963,-1.4163397121766965,-6.949740261411235,1.6019574589358951
1770973315121194896,-1.4242078281028276,-6.917611433193126,1.5848405195698427
1770973315320941668,-1.4126933476597727,-6.897103646017521,1.5761897856692202
1770973315521238110,-1.3959023144235536,-6.877144527355833,1.56056573281625
1770973315721407076,-1.3984945569479827,-6.847531002150071,1.5347785320416831
1770973315921024789,-1.408620047638613,-6.816830953465303,1.5157470876741093
1770973316120881379,-1.3818094814816704,-6.801126547214094,1.5089358596624685
1770973316320441633,-1.3838080252648894,-6.772286235148948,1.4813126936528933
1770973316520561056,-1.3907887753571178,-6.743328842033097,1.46226556128749
1770973316720837092,-1.4001096629167962,-6.711010749786872,1.433862000474608
1770973316920905977,-1.388641619699017,-6.6875001850756695,1.4223627991176104
1770973317120515763,-1.3779553160707556,-6.665222198497605,1.4090969933910371
1770973317321293889,-1.3620021571063834,-6.644316561348289,1.3909640683710665
1770973317520853926,-1.3559584997764873,-6.617796714451297,1.3730698123243685
1770973317720639478,-1.3430234083245864,-6.596360186009631,1.368552100848173
1770973317921057790,-1.3439107388166631,-6.569393480261198,1.3358753093080329
1770973318120938681,-1.3373405813890336,-6.54236298030114,1.3172576083665581
1770973318321250491,-1.3426542008643885,-6.50900496556418,1.2938494476658429
1770973318521297880,-1.3292317234078426,-6.488139217206413,1.2763340761824837
1770973318720608669,-1.3333955940679945,-6.454699444337772,1.2270930815747865
1770973318920908515,-1.3341694655308671,-6.420187661859902,1.2082469282009463
1770973319121033159,-1.3212925745479893,-6.396421643292903,1.1894894579041777
1770973319320674288,-1.316210009297572,-6.366873250709037,1.1620153210552084
1770973319520828215,-1.3046739688095832,-6.343206597626244,1.1431817467992926
1770973319720708635,-1.2774168633297727,-6.334561348493767,1.1321657276295871
1770973319920788229,-1.2706512773015737,-6.307913445110853,1.1140931532865292
1770973320120618197,-1.2483749893244667,-6.289705920269272,1.0872684726971462
1770973320320763972,-1.2342736288240077,-6.270962433666543,1.0655778412464192
1770973320521168746,-1.2250685474019882,-6.245144709863588,1.0362181802659804
1770973320721499407,-1.2032519771812324,-6.229076077750878,1.0127723278062584
1770973320922013010,-1.1843567421688372,-6.211560275165259,0.9900654299447299
1770973321121290676,-1.1848013538208622,-6.176389159630795,0.9538278137350156
1770973321321367981,-1.1725602226840621,-6.153339291715664,0.9313308506106616
1770973321521579765,-1.1517721866120456,-6.1306189107671845,0.9055956241030573
1770973321721584651,-1.143013534287637,-6.107479743966611,0.8871508844741878
1770973321920911959,-1.1227929215318144,-6.093027052239643,0.8759356499450082
1770973322120754587,-1.100853126445551,-6.070943994935917,0.8595642051397072
1770973322321528478,-1.0791057013684646,-6.054308773917365,0.8429641192034125
1770973322521069511,-1.0651294660373478,-6.0376114889454735,0.8221101237591817
1770973322720641985,-1.0450916736854645,-6.017393078367616,0.8019685510570946
1770973322921958373,-1.0178934975807972,-5.987990226992237,0.78474706550659
1770973323120828858,-1.0024824144159719,-5.972283320465015,0.7654550952140668
1770973323321465638,-0.9775659903796549,-5.948854255046523,0.7368013106752999
1770973323521077140,-0.966610441136221,-5.937384807090607,0.716113297143143
1770973323721332353,-0.9410820334016826,-5.918052041246652,0.702053774216014
1770973323921301725,-0.9235945859972846,-5.897221693866954,0.673814148734228
1770973324121186429,-0.9101677861082411,-5.873792344880496,0.6437993365652246
1770973324320672141,-0.8925438102960447,-5.8569240790099,0.6330718338698437
1770973324521104338,-0.8660064626187741,-5.8395011574360245,0.6297857311144412
1770973324721241056,-0.8492732646910494,-5.825337344343106,0.6212568658038911
1770973324921434914,-0.8173857238246212,-5.807288931747468,0.6067607251463532
1770973325121033689,-0.7989478125563804,-5.795354419107405,0.6019587196848795
1770973325320698780,-0.7808408955987084,-5.777913258077991,0.6002439409109662
1770973325520871339,-0.7429785875333879,-5.754088860486193,0.5869856521432408
1770973325720929278,-0.7330415801177128,-5.74243370734285,0.5855458374060093
1770973325920439420,-0.691288658692112,-5.720072787960227,0.5776463978611289
1770973326120607756,-0.6793149743984473,-5.715925338924899,0.5781172079281179
1770973326320696106,-0.6631447311564066,-5.7006286021184325,0.5706115979622952
1770973326521070196,-0.646426585433114,-5.68046715731666,0.5572365189953813
1770973326720669814,-0.6297566248718649,-5.69139560543476,0.5667670818568665
1770973326921136924,-0.6180400562336638,-5.668320783414203,0.5639184831176803
1770973327121150154,-0.5940428431448731,-5.656318609098452,0.5649007975288303
1770973327320685600,-0.5763540222613317,-5.63897296846319,0.5652399841082002
1770973327520612511,-0.5554085823316155,-5.627749773901835,0.5649046521532528
1770973327721431643,-0.5347952403564014,-5.618132719863116,0.5626689359127502
1770973327920575584,-0.4891195703418728,-5.571490631566484,0.5511054357753351
1770973328120982085,-0.4803505532938841,-5.5735204347930685,0.530126316757848
1770973328321006757,-0.4467141465615265,-5.5527283794677125,0.5192764360980158
1770973328520664221,-0.42282086154165677,-5.540196683323325,0.5040709859500502
1770973328721191954,-0.402245290198194,-5.52804679304021,0.5022195586446969
1770973328921756948,-0.37249143576008725,-5.508099394656245,0.4913665367691139
1770973329121077107,-0.3557714816444092,-5.498614055771058,0.4904348882913549
1770973329321260849,-0.3450324469376337,-5.495008114699658,0.48411260930287753
1770973329521659736,-0.30536287700436204,-5.4714814055982846,0.4824379058775221
1770973329721183685,-0.28931743289226386,-5.46003144167252,0.4790165506683471
1770973329920678458,-0.24393722180958674,-5.433306419165168,0.4723496797489994
1770973330120986355,-0.22911597903931177,-5.4267799465764925,0.4726345112358793
1770973330321526777,-0.21748326072750945,-5.420226553788314,0.4684583569582144
1770973330520762544,-0.21781559776822126,-5.420536418078237,0.45546195121671784
1770973330721053014,-0.20026602736286003,-5.405369959648397,0.4387503003588049
1770973330921449739,-0.17509542007622383,-5.39334501809504,0.4313583113048969
1770973331120739977,-0.1034819489305586,-5.362694254462718,0.4230451060672523
1770973331320791168,-0.0951555718572494,-5.362988843868264,0.4373180716036171
1770973331520609361,-0.11078724665336177,-5.363962490297017,0.43405408709237775
1770973331720727642,-0.08674653588033548,-5.351923789787402,0.43467298941350035
1770973331920612913,-0.03308425062610169,-5.337339628785831,0.42362506202929445
1770973332120814821,-0.008195202355377872,-5.330804767011895,0.4280626294979813
1770973332320681720,0.020835264345851704,-5.315315551327826,0.4230583509088052
1770973332520785296,0.037609012994744076,-5.313155454452444,0.4266321053000022
1770973332720720948,0.07798197243138574,-5.295818961297278,0.4270568794784914
1770973332921557877,0.09675010881211302,-5.280895856520203,0.4385473865543477
1770973333120471023,0.10156881083943192,-5.268483381414934,0.458746632937595
1770973333321673219,0.1565093196048219,-5.25966652410295,0.4925727527038667
1770973333520886731,0.15324277374537973,-5.2521802037580505,0.5067975541796838
1770973333720845410,0.18626596813393098,-5.237918971620926,0.5256428267936035
1770973333920532425,0.19855465516881984,-5.222173822671661,0.548222438774502
1770973334121209104,0.22498269192491765,-5.206752142695288,0.5660788137209203
1770973334321244584,0.26020300874105057,-5.19172031635368,0.5849901872950348
1770973334520402862,0.2741242626397415,-5.178106803725658,0.6106894392009886
1770973334720754822,0.3230174064502704,-5.161128099792735,0.6393790857176043
1770973334920931685,0.31756515234610694,-5.142902959340586,0.6512187678387604
1770973335121687539,0.39813329170885625,-5.116721023465454,0.6793259334016558
1770973335320863094,0.3722974246788076,-5.11426651872262,0.6935628969321409
1770973335520825505,0.3335911919869467,-5.105099680582733,0.7044943765958914
1770973335720965329,0.3635031936392603,-5.087118578466345,0.7299485028377539
1770973335920796638,0.3659609027287615,-5.0624906098947005,0.7492591860338944
1770973336120627121,0.43764316079053717,-5.03266406670891,0.7701455839678711
1770973336320679639,0.43170587168530244,-5.027138763355129,0.7947698193090257
1770973336520836058,0.43211164419936515,-5.017040393579367,0.8110201367093534
1770973336721033355,0.4552495019915231,-4.99586893166821,0.8266453764835829
1770973336921206957,0.4678925363823999,-4.981501048798524,0.8434802685697806
1770973337120527610,0.5070120680379083,-4.956693845754056,0.8608914579437948
1770973337320645467,0.5239720559378604,-4.934960306198246,0.8840461471171062
1770973337521172503,0.511986589913459,-4.917045208287947,0.897657977677567
1770973337720906340,0.5883064588021563,-4.872912455755703,0.9342895457064937
1770973337920979551,0.5949715396543086,-4.854931055701106,0.9606794713574848
1770973338120747068,0.6142487951506862,-4.838144225193811,0.982497515777746
1770973338320736360,0.6205964452127386,-4.823938216023182,0.9955095868857062
1770973338520897233,0.6257732508942927,-4.809771909966425,1.0065143817601205
1770973338720740043,0.6535351899168993,-4.772174943628353,1.0212412840197327
1770973338921395249,0.6624682957728648,-4.757220619621541,1.0283753322152307
1770973339120422502,0.6911304677151132,-4.718532611246435,1.0321352679385682
1770973339320742845,0.700856396340861,-4.693662970782763,1.0441505241523623
1770973339520776385,0.6872788321723892,-4.699743823463749,1.052022004007299
1770973339721546105,0.7064323008098836,-4.671272883422016,1.0578530598491147
1770973339920720479,0.7214837200472827,-4.651047000746996,1.0576454541905853
1770973340120974570,0.7316657597297523,-4.627052396880123,1.0628558450909136
1770973340320621859,0.7532738731115959,-4.5969934432643536,1.0683385705701725
1770973340520969057,0.7422544964799449,-4.60266245870748,1.0752070631712072
1770973340720990156,0.7533529869474188,-4.577807464953809,1.077215880728479
1770973340921337504,0.7698516814099456,-4.553316397182865,1.0794919556298503
1770973341120586080,0.794410303311955,-4.508754777897025,1.0903750735141267
1770973341321062530,0.7918528105218191,-4.509622477450828,1.0951185737546252
1770973341521602392,0.8074546360827244,-4.473893523615934,1.0995205817981468
1770973341720615090,0.8246526815758494,-4.454650818209344,1.1001415240377477
1770973341921149442,0.8435153997083914,-4.4272109756111835,1.1003911311552435
1770973342120279301,0.8708657700916018,-4.340519775164395,1.087361209195872
1770973342321047837,0.8535799779441942,-4.387641149521807,1.0820450311057437
1770973342520636799,0.8788430672040691,-4.343741271822336,1.0743760819227304
1770973342720877949,0.8980434866828344,-4.322404796931488,1.05855019433918
1770973342921846670,0.9037971830991492,-4.301490451841294,1.0403070356068755
1770973343120976453,0.9211220421788411,-4.280917649251282,1.0254917782859578
1770973343320984776,0.9349631895360213,-4.259782623867474,1.0107863177156258
1770973343520896343,0.9493133966446545,-4.245912344400064,0.9898533766098699
1770973343720948521,0.961506633235589,-4.2148818865304145,0.9731512364957232
1770973343921118055,0.9769288437567062,-4.192055593533467,0.9580280776380455
1770973344120864249,1.0195892261200266,-4.140977646055914,0.9321182977452335
1770973344320465991,1.0294933879568926,-4.12743612132605,0.9158826325172953
1770973344520588408,1.041186588976019,-4.109669861279904,0.8996851371210195
1770973344720875451,1.0810195571010834,-4.066084264844705,0.8798117219931372
1770973344921878866,1.0882900779703968,-4.054375950075663,0.8639800700370706
1770973345120517007,1.1004544414041688,-4.046936675918672,0.8431268133716948
1770973345320800106,1.1386919129599065,-4.00462168468972,0.8253975848902406
1770973345521465512,1.140475279872291,-3.9972365181495775,0.8079673197479614
1770973345720474525,1.158907084624888,-3.9778134399645095,0.7879737341413992
1770973345920740080,1.170614420085,-3.968935875612607,0.7698800979447865
1770973346121121654,1.1798029992694345,-3.9534103148376474,0.751431863544834
1770973346320468602,1.2242819766135487,-3.9211858368645407,0.7296137325335948
1770973346520792653,1.2347156366185374,-3.912361174206564,0.7122254038877245
1770973346720757501,1.2497499319750298,-3.9003499576735448,0.6937910251693813
1770973346920863782,1.2787985807418063,-3.8810507632870754,0.6809095417945524
1770973347120982393,1.2878585541031788,-3.8684137672879064,0.6679799596605527
1770973347320988023,1.3060118281918305,-3.8581056188356206,0.6612955350812186
1770973347520741417,1.322660413975485,-3.8456816886425664,0.653714043007013
1770973347720793006,1.3389312662765267,-3.8400447033758396,0.6447531905252454
1770973347920920891,1.3541676414900192,-3.825462580989805,0.6394173420192141
1770973348120752972,1.3758427795584118,-3.8084128865174933,0.6359801783345936
1770973348320905849,1.3906664571828202,-3.795793050387778,0.63293629765464
1770973348521614848,1.40414400228529,-3.7868418307314617,0.6317075679362546
1770973348720951622,1.415803488259746,-3.778443763991914,0.6307622877970396
1770973348921311157,1.4263749247851358,-3.7758975425480283,0.629812569024138
1770973349120862751,1.4297060366748187,-3.7718226815567997,0.6287304774518341
1770973349320691636,1.4345842443482086,-3.767329376240046,0.6288978795001671
1770973349520906616,1.435264370230466,-3.7658738568930823,0.6280618282304742
1770973354420678024,1.4878257470107772,-3.7298726996665557,0.63474336840437
1770973354621508094,1.4723835822067641,-3.7405873437003283,0.6355494940000568
1770973354821188569,1.4610905833594325,-3.7497100456431864,0.6365734718960024
1770973355021011849,1.4590589215330982,-3.752591114639077,0.6364125906251414
1770973355220903964,1.4541378821115285,-3.7516311744090833,0.6339823192027264
1770973355420934166,1.4508774664237023,-3.7561390789643054,0.6342258486935112
1770973355621513356,1.4480291643160594,-3.756591032017082,0.6321943751445968
1770973355821081648,1.4458430270707248,-3.756245810534139,0.6315271792584347
1770973356021060480,1.4443519343077484,-3.7588087972487427,0.6321134174735603
1770973356220943591,1.4460768573605258,-3.7585487407954723,0.6325558888601153
1770973356421025907,1.4453289251525758,-3.7588206587741704,0.6311358266810069
1770973356621167807,1.4444564171892376,-3.7596617729523314,0.6303172804526691
1770973356821031231,1.4443621019636406,-3.7566868611327178,0.6303403582398281
1770973357020924692,1.441636792924235,-3.7595748909680147,0.6310430660889366
1770973357220753742,1.443184676761551,-3.758259337894043,0.6304915250924739
1770973357420969638,1.444017255450376,-3.759612671041036,0.6302421479508711
1770973357621451467,1.4426079616383016,-3.7581354663729347,0.6292247182742733
1770973357820894874,1.4444441733189561,-3.7570211907347257,0.6291513657809713
1770973358021204810,1.4418817419360477,-3.758734021527208,0.6278282967231864
1770973358220573647,1.4439130520121213,-3.7584467124874417,0.6277514630987455
1770973358420748297,1.4255998508516246,-3.7726404896915717,0.6343057555313425
1770973358620665650,1.4503762223720058,-3.754455461322719,0.6345722009016153
1770973358821264758,1.4468021254145145,-3.7563735279358106,0.6317931593339027
1770973359021026311,1.4497866969728301,-3.754905720066916,0.6322084270172496
1770973359221270257,1.4505310279818675,-3.756405858369753,0.6335771822091123
1770973359420943584,1.4542622159403316,-3.7534445871289472,0.6338396470554376
1770973359620880028,1.4628507845432681,-3.74460532670216,0.6308873321720107
1770973359821198427,1.4620310262144018,-3.7400208128778893,0.6317778055264601
1770973360020367762,1.459700109015874,-3.738669384100969,0.630032252553432
1770973360221029627,1.465098571131173,-3.734764434553399,0.6293488443803256
1770973360420518201,1.466880220940491,-3.7319441978258396,0.628607825741763
1770973360620780386,1.475387800504146,-3.730288000985338,0.6281340278967088
1770973360821181598,1.4832330534504443,-3.7249079057551637,0.6266970617163747
1770973361020785263,1.4903460381662819,-3.7195059572903495,0.6269260076675328
1770973361221070866,1.5060987489514577,-3.7043043618891662,0.6196597703366533
1770973361421020742,1.531056685324151,-3.6856647060981933,0.6202044920412431
1770973361621169021,1.5233752646318384,-3.7005358741160137,0.6305500201459381
1770973361820819510,1.5422997739344682,-3.677446795090464,0.6205060607342671
1770973362020642190,1.587830494672943,-3.645359056198076,0.6121404454643006
1770973362221411829,1.5991903590153802,-3.6409044322073463,0.6199140303168901
1770973362420648223,1.6198690509148586,-3.616737122677095,0.6173489208830982
1770973362620877270,1.652889394589368,-3.594227545465687,0.6182626082437206
1770973362820932523,1.646474863060551,-3.593790001150791,0.6144552578498428
1770973363021839155,1.6599829059614748,-3.5876486040543223,0.609611082538923
1770973363221101883,1.70042916823427,-3.568306815475985,0.6221880016086955
1770973363420659159,1.6946930264051363,-3.559139479466334,0.6218457627711267
1770973363621339819,1.7038041532705805,-3.557727527702576,0.6250404826297611
1770973363820751284,1.7257545960109348,-3.547341526003421,0.6224150637882778
1770973364020404054,1.740335646069303,-3.531072707163613,0.6170801554395213
1770973364220338790,1.750650070633312,-3.522482672154577,0.613663856867032
1770973364420723834,1.757782558473274,-3.5108917953083614,0.6202429904790043
1770973364621343300,1.7701480308444317,-3.500059086451311,0.6260215053404328
1770973364820514095,1.7765876636871414,-3.491215802480523,0.6242704600717603
1770973365020527552,1.8083218844106133,-3.4738514423924345,0.6259951898833521
1770973365220978607,1.8375523929007305,-3.456272823079188,0.6300501908320886
1770973365420739321,1.8444050057560373,-3.4531915584787987,0.6296223194633229
1770973365621079592,1.855138536281738,-3.4452571044972338,0.6319092182445157
1770973365821075550,1.8824706526522783,-3.4189480916641606,0.6344706726198124
1770973366021061999,1.9152726421817965,-3.397797033175764,0.6334009228706974
1770973366221125189,1.9121597675015,-3.4004385385458686,0.6277483059623328
1770973366421615553,1.990851871487245,-3.351216352416125,0.6347229651585826
1770973366620694296,1.9758362134886587,-3.3608221041585233,0.6425056620562445
1770973366820860315,1.9782237637726776,-3.3602210256595,0.6402736439480593
1770973367021021093,1.989454038456211,-3.345290889497993,0.6304054559051187
1770973367221182045,2.0130060641657748,-3.329818837746936,0.6328476707446674
1770973367421113455,2.03265729382117,-3.316374368865896,0.6324825189252162
1770973367621828895,2.0488948610716955,-3.296651476710911,0.6264392944642698
1770973367821496467,2.059725857118208,-3.2910235705902253,0.6320643667602857
1770973368020700654,2.0700117413535435,-3.2843470702313167,0.6282602669857175
1770973368220552655,2.080138690294655,-3.2769656915689196,0.6215134803482529
1770973368420575564,2.0848556043132254,-3.270528144146543,0.6260083871831336
1770973368620796375,2.118511768061589,-3.2451694841737986,0.6300924455103893
1770973368820629719,2.121814801861054,-3.239544072593634,0.6312411066178362
1770973369020584877,2.12261943865575,-3.241746187755302,0.6270825260523615
1770973369220728202,2.1930858998978198,-3.189114379576435,0.6326856375934242
1770973369420931412,2.2337069719698857,-3.1717787110253326,0.6425978156682005
1770973369621185941,2.2065824782297447,-3.1902967568305978,0.649783783697326
1770973369820784185,2.2001274315239514,-3.184630921790131,0.642536676814642
1770973370020847625,2.226700523738684,-3.1630232781438625,0.6373819959175422
1770973370220688951,2.2538419221111745,-3.1452638136118387,0.6293796500224437
1770973370420692701,2.2800256860361388,-3.1306606547854643,0.6234327047263271
1770973370620920692,2.3058975248824085,-3.1189866747368375,0.6341891649866249
1770973370820773901,2.297851725581117,-3.1234740662277423,0.6315547009489043
1770973371021514699,2.3009868736151753,-3.1266932856048317,0.6302126061562714
1770973371220765681,2.330954468875465,-3.102608756316034,0.6286812675007284
1770973371420773572,2.351304049895723,-3.0894785733193206,0.6308192581507794
1770973371621499836,2.3659397770786046,-3.085502069380558,0.6303298359200419
1770973371821053141,2.375353738293064,-3.071193041049355,0.6362631653452311
1770973372020457748,2.4157683270275827,-3.046638632512674,0.6529594466386128
1770973372220891532,2.419668984689126,-3.039717037551623,0.6450248443519053
1770973372420792280,2.4399873427008503,-3.0322233548937887,0.6305561931676599
1770973372621332168,2.4292162808115627,-3.0287508739216897,0.6353290184177671
1770973372820501797,2.4400683272850934,-3.0201579143177844,0.6416840231014471
1770973373020757417,2.4565380852098966,-3.0068260565543614,0.6471663271837104
1770973373221226873,2.4586832756823984,-3.002547241701609,0.6458297766509467
1770973373421181057,2.4820098731930966,-2.9820933610508815,0.637785996551412
1770973373621181189,2.556327119319187,-2.933393620518212,0.6471863076988547
1770973373820925829,2.5622529059511354,-2.9273218308944573,0.6548448024055313
1770973374021012377,2.567935260167117,-2.9204148171717126,0.6607658374862676
1770973374221182330,2.5856497260132634,-2.9064296392460363,0.6577552417263041
1770973374420748709,2.580655103448521,-2.908476181865726,0.6530501127009677
1770973374620715120,2.599572278597351,-2.892938959074916,0.6527459133733888
1770973374820816841,2.6036500418603863,-2.8879924475141268,0.6541881573882542
1770973375021307331,2.6143466369264234,-2.882022764364359,0.6564981447694445
1770973375220559929,2.663833009440444,-2.8442901161068526,0.660130730984345
1770973375420862280,2.614111358247558,-2.8839915842835753,0.6515253746092926
1770973375621040142,2.6835645949611795,-2.8299252363508303,0.6578486482730004
1770973375821045671,2.6817329810323693,-2.8309823291212455,0.6564050483248249
1770973376020657240,2.6905784815148444,-2.8230445247834304,0.6597357521597708
1770973376220902625,2.7008016912430626,-2.8127144135226283,0.6592367578023123
1770973376420962182,2.6898169105154865,-2.8163316916810457,0.6507732265040517
1770973376621121310,2.726657582649001,-2.7900430721187335,0.6519236524465302
1770973376820529873,2.7425756220565134,-2.782818344782017,0.6556358556074362
1770973377020792971,2.7663876109786454,-2.762673604970192,0.6611480534799716
1770973377220910573,2.776206788090193,-2.750801780461256,0.6660939915863994
1770973377420788012,2.782446884032697,-2.7455740299306215,0.661809084424403
1770973377621253885,2.8084588254222242,-2.7279806974817298,0.6609521758493894
1770973377820904527,2.86032729339925,-2.688269592403349,0.6647188320358004
1770973378021266028,2.866487797412683,-2.680741327848516,0.6709349376815151
1770973378220882228,2.8834330038731153,-2.6647520445949757,0.6726472263585662
1770973378420845666,2.8509856373466618,-2.6900747117569543,0.6623183384996433
1770973378620927222,2.859273637758267,-2.6833283594177297,0.6583450157507085
1770973378820856033,2.9019720397974726,-2.653163675329122,0.663017324347086
1770973379020766669,2.914785365701455,-2.6455541861744023,0.6656323000662759
1770973379220654946,2.943409776801396,-2.6229788880739617,0.6698922907888927
1770973379420872347,2.9600673351383735,-2.6091840315075485,0.6697836222271564
1770973379620915873,2.9821545353064867,-2.592742976611246,0.6642530313312448
1770973379821102786,2.9892282506180297,-2.5851413993538928,0.6671594417370199
1770973380020887623,3.0001054562718537,-2.5753890537566577,0.6713190052673937
1770973380220894632,3.0105169964496237,-2.5688160809782925,0.6730664799550191
1770973380421071739,3.046210748808529,-2.5440846629330336,0.6703346733283034
1770973380620932095,3.0525833130603073,-2.5328436305175366,0.6710989473629512
1770973380820559753,3.0666738863872385,-2.5321416753268786,0.6693000916979811
1770973381020929090,3.050764092237071,-2.54102777413159,0.6744587986005565
1770973381220774211,3.066942110378323,-2.525841129647788,0.6736536924981485
1770973381421068206,3.08087087316701,-2.510916663680856,0.6743962860510919
1770973381621968910,3.113610835320293,-2.4917950417800587,0.6660905993165873
1770973381820747937,3.1279365934747885,-2.4769459028404475,0.6651784580054468
1770973382020922452,3.1466225949725155,-2.469696524337634,0.6673865176823173
1770973382220660660,3.174035087340391,-2.4444226048007582,0.6738771925409254
1770973382421184812,3.1834606541215194,-2.433387153417551,0.6736409446044187
1770973382621111694,3.191383258585368,-2.42925626509031,0.672822500744952
1770973382821028306,3.2065971808871905,-2.422234992667584,0.669936212033058
1770973383020965066,3.2205798635178207,-2.4115558641981654,0.6710952795970873
1770973383221049114,3.2417871499765214,-2.3871648353389725,0.6774549693804661
1770973383421043829,3.2550004460847934,-2.3811309674458268,0.6751858289867791
1770973383621252327,3.251896955505473,-2.380442336282117,0.6690808667691077
1770973383821541470,3.2845753556114476,-2.358412683783158,0.6649078630124337
1770973384021292556,3.3020765929349847,-2.337849155327541,0.6708471796863534
1770973384220795738,3.318634921087719,-2.3304786124654626,0.674059012905232
1770973384420674354,3.2952946323413514,-2.353432979760475,0.6703069954234077
1770973384621565340,3.334154374627146,-2.324981997723371,0.6659809312678202
1770973384820678441,3.3327482517324936,-2.3205733640746975,0.6638228805596252
1770973385020979229,3.353862665488191,-2.301412844316358,0.6684488554121796
1770973385220837279,3.3564163958534503,-2.2971056984596765,0.6816865189146957
1770973385420923217,3.3817268830612504,-2.2739220776503752,0.681730424968401
1770973385621360152,3.390999485162663,-2.2682532734432397,0.6764086306827813
1770973385820539223,3.4129069747315506,-2.2479922162196333,0.6743836167230275
1770973386021014311,3.430711404741791,-2.2289142302477116,0.6797259872858354
1770973386221196198,3.448769397644866,-2.213413499091047,0.6808821465590865
1770973386420784221,3.455589227705879,-2.2101904302640025,0.6879326304561636
1770973386620986447,3.477454366876183,-2.1981483439826883,0.6846524096805872
1770973386820807789,3.505809102120984,-2.1737802723588144,0.6776021489395876
1770973387020960279,3.5214954454634753,-2.1556505677175335,0.6743461617220964
1770973387221032538,3.5402217468303365,-2.140794804522424,0.6790572868205909
1770973387420728121,3.5727560471204702,-2.1220146703894507,0.6763070550036688
1770973387621374166,3.5852534895331543,-2.1142160943192323,0.6781011889936462
1770973387821207385,3.5919399712500115,-2.1043214288251204,0.6762674308400778
1770973388020931182,3.60991024846706,-2.081725101969531,0.6739592756317934
1770973388221256001,3.624820245978484,-2.0739638903121067,0.6742504896582148
1770973388420732967,3.624560827459015,-2.0756614504755047,0.6826491725898411
1770973388621015475,3.658566237660589,-2.0532258727355863,0.6820523773841726
1770973388821142443,3.658558943945239,-2.0497733795509654,0.6771226608955324
1770973389020905349,3.680803654859037,-2.0338272350156843,0.6766724283610022
1770973389221159205,3.693626939944074,-2.0204039737441444,0.6780469638523143
1770973389420768219,3.7092157473494005,-2.0064060763563076,0.6807769134416072
1770973389621705612,3.730239000712403,-1.9991515449188118,0.6824419847060721
1770973389820550053,3.7415437981422626,-1.9887208182185527,0.6813171280224419
1770973390020763411,3.7492086606014903,-1.9839505886576192,0.6782358695109652
1770973390221149946,3.7410741299251034,-1.9881958642373976,0.684953310922619
1770973390421423283,3.757330854967864,-1.9749351868569982,0.6925429488866285
1770973390620866882,3.773766530284002,-1.9585546498572357,0.6913689417717261
1770973390821279627,3.7901191829515257,-1.9433889809668623,0.6884162511063276
1770973391021306950,3.8096198955951874,-1.9280051314561617,0.6879383100240041
1770973391221065690,3.823213591984766,-1.9167317153950263,0.6939139516289059
1770973391420757119,3.8407598717225957,-1.9008102233362325,0.6926842428032257
1770973391621443335,3.859769262097903,-1.8858416827419795,0.6926342005124597
1770973391820612349,3.878506569785772,-1.8699969041823092,0.691321978031332
1770973392021046279,3.883624523866842,-1.8671626219298127,0.689486438004514
1770973392220958567,3.9052351438392052,-1.850384897374747,0.6911678248847698
1770973392420606768,3.9266952155591537,-1.8275968324475056,0.6909329038948714
1770973392620942192,3.931737222227902,-1.8301550621587268,0.6993991746463023
1770973392821233050,3.950931641964471,-1.8095127699949232,0.6964268871980148
1770973393021707621,3.965576248488958,-1.7970752201974411,0.6937492326080995
1770973393221081877,3.9859263675293612,-1.7822257537909647,0.6937583523062697
1770973393421248710,4.009911339169998,-1.7658260798631713,0.6946435614833912
1770973393621340969,4.028858562994652,-1.7562851979762448,0.6984367719797244
1770973393821261888,4.043749073240919,-1.7451238094381367,0.6995292004932663
1770973394020676842,4.070243341844153,-1.7209863931158833,0.6918127185005648
1770973394221262104,4.083983120079096,-1.7088592883673963,0.6927258103559065
1770973394420823374,4.101021222057132,-1.6940187831656939,0.6925914832007409
1770973394620939412,4.102581071380509,-1.6959451113075497,0.7027470623965856
1770973394821401327,4.117556141511658,-1.6761406257217084,0.7002136151556458
1770973395021295858,4.136265502724368,-1.667783710279187,0.7029407922318716
1770973395220968917,4.142979853745248,-1.656944340174696,0.697640602600915
1770973395420684859,4.169868426679923,-1.6354996936973851,0.6953251633942952
1770973395621212554,4.184142424374206,-1.6223523928348056,0.6977213430590118
1770973395821187785,4.2023377520432845,-1.6137720147479058,0.7021647075164544
1770973396021310970,4.22004237819404,-1.6001892214384814,0.7003690456716581
1770973396220847219,4.2323261315484935,-1.5859684499421782,0.7000639023699501
1770973396420552714,4.243770170076354,-1.5761563007100168,0.6989037283630928
1770973396621014436,4.260644407353215,-1.5640623313304243,0.702700341898018
1770973396821242137,4.280599095151054,-1.5469227296047052,0.7038049521985987
1770973397020809004,4.28958229393042,-1.5374840766051423,0.701031595552108
1770973397220883704,4.3056738598419,-1.5224321326345485,0.7019018372629945
1770973397420860906,4.326596013827003,-1.5127503210183402,0.705293409151128
1770973397621916785,4.3404172772336596,-1.4966633414241464,0.7069122922814577
1770973397820969206,4.342574253521958,-1.4926670410306007,0.7141172892246105
1770973398020969001,4.357109979014272,-1.4774838184775063,0.7078750383505592
1770973398220450963,4.366653700753899,-1.47264802186466,0.70382714022983
1770973398421305699,4.390038104098072,-1.454576885168825,0.7057652800303036
1770973398620864469,4.411516253034246,-1.4365675088071077,0.70800259268587
1770973398820915747,4.436286532108925,-1.4184009948546372,0.7162986646658549
1770973399021217597,4.441196237277395,-1.4094682936207388,0.7113403263502803
1770973399221040620,4.466871601680212,-1.387942372984417,0.705472889877214
1770973399420697582,4.483827406959844,-1.3704447136644535,0.7052578693670875
1770973399621337258,4.491180193064306,-1.3657583203774992,0.7109625263182123
1770973399821255273,4.5034031764768,-1.3523660044767152,0.7117639331219411
1770973400021053918,4.518609904324447,-1.3396105625287793,0.7118820640658368
1770973400221116124,4.5349360055747345,-1.3262838286627538,0.7094121392995871
1770973400420823868,4.532606157327639,-1.3240638129600808,0.6977698148180616
1770973400620883300,4.549719739661483,-1.316194822250882,0.6969477803167865
1770973400821165721,4.5720752736658135,-1.2997311038394497,0.6880270551340767
1770973401021240832,4.571179864480717,-1.2929351280058168,0.6802361188693608
1770973401220552937,4.593308350719356,-1.2751751801975517,0.6766540764355772
1770973401422177096,4.615541777955253,-1.2582195601495856,0.6703877380484181
1770973401621335937,4.636216413102073,-1.2427540780709796,0.6663704750636976
1770973401821095204,4.655677711437151,-1.2261306866611854,0.6642975338461674
1770973402021452261,4.671820579653293,-1.215631093295376,0.6612897670569025
1770973402221654655,4.674821969416447,-1.2124442460810805,0.6452194116565776
1770973402420637852,4.6954898837341625,-1.1961458131752967,0.6321397509937886
1770973402620733069,4.698221072135162,-1.1962633869874055,0.6280403703490549
1770973402820590118,4.711272494706013,-1.1847729088950079,0.621030122170931
1770973403021008338,4.737233942876271,-1.1679444132832473,0.6137827804857658
1770973403220595771,4.7424513846054985,-1.164279181119346,0.6028660050821057
1770973403421211465,4.767164394306702,-1.1477297922702023,0.6022142852978211
1770973403621661700,4.778728527530311,-1.140240250118752,0.6032274419381339
1770973403821371589,4.804422880956616,-1.1210466309189868,0.602434086401785
1770973404020935447,4.816255586508535,-1.1119936134537183,0.6009049590399964
1770973404220834545,4.854952122986821,-1.0835583810864882,0.5945871757049858
1770973404420969606,4.886749392938416,-1.0610817249867481,0.5953968346106832
1770973404620862622,4.8977029435531145,-1.0525643840490297,0.5967726364316254
1770973404820978898,4.903561403570416,-1.0489144935695465,0.5980399122394702
1770973405020957728,4.924523640123422,-1.0357813607914415,0.5992652960782047
1770973405220921324,4.941521029743466,-1.0251436650588799,0.5997217236202832
1770973405420836406,4.957531928970987,-1.0141825997202392,0.5984405324694764
1770973405621692740,4.976143007129472,-1.0036543247550516,0.5979607538040991
1770973405820842759,4.975853377861765,-1.0024011842817,0.6026931148440277
1770973406020820281,4.985202417583241,-1.002061158658254,0.6015434029432413
1770973406220958606,5.030722410142919,-0.9700258312099217,0.5998023270583734
1770973406420553476,5.046637102441648,-0.9571886339876999,0.5996983036101186
1770973406620928828,5.059785312527839,-0.9455465790169915,0.600823291688071
1770973406820957011,5.073441136757594,-0.9363438104407259,0.600332247650144
1770973407021375907,5.087085307889297,-0.9228903059191358,0.6025501001908014
1770973407220799891,5.1052689193513885,-0.9110016888280325,0.6014869561416443
1770973407420829831,5.124209940953411,-0.9000456490316465,0.5984058871544696
1770973407621531075,5.140836597086381,-0.8912637639229621,0.5995145192914292
1770973407821013451,5.139042801955264,-0.8970986942801854,0.6139697194605381
1770973408021256822,5.158061952663395,-0.8819397713890944,0.6117759293744858
1770973408220699115,5.177269897783376,-0.8662245502190049,0.6074005337688554
1770973408420876083,5.195797885511158,-0.8556828796739596,0.6046606664372322
1770973408621481535,5.213572933114764,-0.8427092236771303,0.6046339497625743
1770973408820881277,5.233002639784994,-0.8299213566794752,0.604691262685173
1770973409020599721,5.251827920861264,-0.8186505683652889,0.6057992173814899
1770973409220828041,5.268225492389174,-0.8063598343018544,0.6051794831135704
1770973409421973537,5.322638188725258,-0.7668650491513942,0.5943203130578739
1770973409621093684,5.329419414010047,-0.7581345335682543,0.5969617320363616
1770973409820877819,5.343073022101519,-0.752006898742649,0.5984793414405645
1770973410020874222,5.3536956823008115,-0.7440311397036533,0.6016606517942814
1770973410220834380,5.365941777936393,-0.7353198997543083,0.6012199465002355
1770973410421280744,5.377898149413576,-0.725688362970579,0.600269367116365
1770973410620795233,5.3941143752321565,-0.7163403150058908,0.5998184402928292
1770973410820840024,5.406178209284564,-0.7060824681752712,0.6002133147651144
1770973411020920954,5.423311331489982,-0.69452928616677,0.6033917207398939
1770973411221182425,5.435927325026258,-0.6872548002905877,0.604017232072305
1770973411420862648,5.47174533999474,-0.661338510772124,0.6030376152234077
1770973411621458383,5.478134932988431,-0.6544901131938915,0.6047304506533696
1770973411820851844,5.473934551831073,-0.6593180077212039,0.6095060135560145
1770973412020914903,5.528512009664976,-0.6230062797297354,0.6155835629237746
1770973412220987294,5.525044311889579,-0.6261824996493047,0.6177786997736161
1770973412420778254,5.539626987996607,-0.6183815530523422,0.614317891598452
1770973412621004331,5.623613609341198,-0.5568292639428655,0.6042836119951684
1770973412820788919,5.622572014737165,-0.558312917996891,0.6076211352480163
1770973413020892049,5.630378984207746,-0.5541356440995304,0.6105208062180195
1770973413220755672,5.614324941173783,-0.5689444095049784,0.6146106654733942
1770973413421012954,5.642172409099245,-0.5485137343172344,0.6093298040585905
1770973413621155153,5.656215539549433,-0.5408138493234135,0.606487154611534
1770973413820761010,5.665919696456909,-0.5323103622276197,0.6046848818586087
1770973414020896417,5.689000009090896,-0.5144910276723199,0.6121349663881093
1770973414221040754,5.69561714078192,-0.5067955687570321,0.6121736896949106
1770973414420598142,5.6912962827825755,-0.5027111353880508,0.617500212354149
1770973414620826712,5.691966727823619,-0.5101629981061007,0.6122237784413884
1770973414820759843,5.761065677473115,-0.4624814298201144,0.6171239801553409
1770973415020898980,5.794524336648874,-0.4421900186375429,0.6098582188435103
1770973415220471942,5.828120969111852,-0.4198348908497059,0.6098717229264111
1770973415420933664,5.827417840287765,-0.41479422752308187,0.6095855446679228
1770973415621581615,5.8429491942301865,-0.40461530146349867,0.6052256316811511
1770973415820784073,5.846395961367047,-0.3994112291726152,0.6053901519300332
1770973416021024529,5.854401987959122,-0.396292604642323,0.605052271345073
1770973416220836445,5.863395789973052,-0.3901330036276627,0.6073651299980737
1770973416420638301,5.898874589087715,-0.36484407193027835,0.6060346307347396
1770973416621362312,5.903870919164208,-0.3591515964620398,0.6042858453706877
1770973416820704604,5.913264369435881,-0.35458369063597667,0.6051371949809935
1770973417020822818,5.920419981169101,-0.35157069595027046,0.6084270218025417
1770973417220781801,5.928146887712438,-0.3446497834338408,0.6097275924779317
1770973417420492746,5.9440948563535825,-0.33749187913989137,0.6103643728928169
1770973417621114384,5.970020953777847,-0.31705582550865785,0.6038802562909011
1770973417820904201,6.013714377231341,-0.2899247961078236,0.6008899536537579
1770973418020913179,6.010290699671783,-0.2888070592382465,0.6061720696271733
1770973418220907523,6.043855960234336,-0.2674646316826715,0.6093546871017432
1770973418420825240,6.054006535750435,-0.2643490858698177,0.6080395885708347
1770973418620953322,6.094227318687118,-0.2315757461391379,0.601815933219327
1770973418820868084,6.110336264425935,-0.2189350185777542,0.6012513578488066
1770973419021336520,6.113147677475299,-0.21549585943856603,0.602800897643959
1770973419221226959,6.122236395044876,-0.208301473254372,0.6025303235139193
1770973419420867546,6.139709615851411,-0.20545619393439055,0.6103129076208115
1770973419621902558,6.169745865303957,-0.18189603375623298,0.6055804602615266
1770973419821288725,6.175975607005837,-0.1750317908310234,0.6053599028814118
1770973420020808600,6.185937955440677,-0.17345059349293437,0.60909914565734
1770973420220890561,6.195573033003426,-0.16585222192596905,0.6092491666214392
1770973420420851359,6.227837909438411,-0.1435157235587043,0.6094632186022605
1770973420620970922,6.237867334121053,-0.13442899979312745,0.6088147675000399
1770973420821173315,6.247658765485518,-0.12851044486428487,0.6097444803119624
1770973421020644950,6.254743753835051,-0.11717120118961924,0.6077725304521802
1770973421220549654,6.266195681036345,-0.10476625035909362,0.6073933357581879
1770973421421153884,6.298320439553538,-0.08595739493127222,0.6178831082311215
1770973421621178128,6.306838936462307,-0.08532108236536334,0.6166693410677047
1770973421820793144,6.332729211939681,-0.06486143941108599,0.6096277827098308
1770973422020809913,6.343553075080911,-0.05515337292074593,0.6082415539113009
1770973422220968670,6.34285616733576,-0.06070415540432003,0.6161000453554722
1770973422421075647,6.371966162329201,-0.034214836468912165,0.6165010985328525
1770973422620763246,6.381003720215153,-0.03126362737724534,0.6190785530136026
1770973422820896594,6.43089910759294,0.005215111289965109,0.6141877381409115
1770973423021366900,6.4551481884724415,0.022597418921712638,0.608265128583296
1770973423220952958,6.456109432707464,0.024804821138534425,0.6119830049300735
1770973423420931262,6.473865371817235,0.035579226791134705,0.6128788449154375
1770973423621857359,6.477853284394359,0.03930534271642532,0.6138621837420131
1770973423821026435,6.497588975424566,0.05441389011806391,0.610222574187395
1770973424021154536,6.509895412533977,0.057996621353827334,0.6127517268188964
1770973424220892380,6.522469158373209,0.0612611152278902,0.615900070260937
1770973424421072847,6.5498675684774526,0.07938687453417831,0.6204214880890643
1770973424620776626,6.562496709715739,0.08323603125172581,0.6222490601210494
1770973424821064699,6.587594809861018,0.10474180467385864,0.6161851138985794
1770973425020989773,6.615127426484499,0.1288338591830649,0.6120949015318116
1770973425220785643,6.622093350683298,0.1325322439266346,0.6137997959320799
1770973425421257134,6.6304411285409905,0.13790135865937198,0.615697290408101
1770973425621428657,6.672388780036929,0.16915568725438004,0.6137486539338973
1770973425821075591,6.674687090885676,0.17248601860524768,0.615200435479395
1770973426020992774,6.6720141990875135,0.1721844213426913,0.6141572375469381
1770973426221005255,6.683248801330161,0.18103413011404296,0.6141234557836994
1770973426420958512,6.6844114915504775,0.18362024984825256,0.6166239237203337
1770973426620861763,6.700300714818101,0.1921387525219189,0.6190077644394559
1770973426821425044,6.715975834233618,0.20081055526727262,0.6192001975400359
1770973427021216158,6.7503125326288655,0.22737348825270437,0.6127419250943658
1770973427220911052,6.768933449336858,0.24451702508803996,0.6113705630975356
1770973427420976018,6.780230780122068,0.24981493325778634,0.6120864114166596
1770973427621872926,6.7885684551492,0.2569657435817342,0.6146390928549585
1770973427821082235,6.828269872104815,0.2838815335413859,0.6194999428242923
1770973428020892921,6.845182209522651,0.2996641686710676,0.6151806585600845
1770973428220852929,6.850965647981183,0.2993075063456552,0.6138660967745866
1770973428421302429,6.8609678625946495,0.3085172785197006,0.6138507510432076
1770973428620819895,6.881766927457137,0.3207093980293876,0.6206285931752575
1770973428821110239,6.894875708292455,0.3294016067625084,0.6207415278803957
1770973429020729210,6.918898989783234,0.3464014390228663,0.6170160584903067
1770973429220920177,6.928967715365621,0.35416424491119297,0.6162255276397401
1770973429422038258,6.933317779563054,0.3564807425815794,0.6201120388119119
1770973429621365673,6.952337786437809,0.3714774963714666,0.6244806669841055
1770973429820969860,6.979359857440044,0.3940711899549163,0.6168032589512499
1770973430020967013,6.989249197717593,0.4000885239406574,0.6159619490914875
1770973430220980953,6.9984961457696,0.4079461599498473,0.6155347458078353
1770973430421460820,7.01156280928159,0.41664414816726886,0.6152899834903294
1770973430620823456,7.02620724202447,0.4265178937680052,0.6145755590331271
1770973430820914695,7.057880614929217,0.4506113757555417,0.6090142752115136
1770973431021176040,7.072175012098034,0.45887044053196696,0.6102352776407025
1770973431220890979,7.0677696627582325,0.4538373546631096,0.6172157989325273
1770973431420998824,7.0846081143869215,0.46689895227896666,0.6165114927913622
1770973431621980721,7.09412357329618,0.4717569228135965,0.6132389906148147
1770973431821159387,7.113394476587198,0.48770176816685146,0.6133428602274799
1770973432021070843,7.133736189996387,0.501718428820214,0.615492901843613
1770973432220696113,7.1308016170794115,0.4966101433330072,0.6169141308188002
1770973432421054134,7.149797126707916,0.5095552372762726,0.618092526011265
1770973432621973184,7.168949399273859,0.5237941632722942,0.6159384996623304
1770973432821417736,7.205056614906274,0.5499006926409835,0.6107896661722644
1770973433021193896,7.198513937203648,0.544427314726601,0.6158945186353196
1770973433220969609,7.230908621418306,0.5702552083474091,0.6192727946806046
1770973433421231960,7.231886104452153,0.573193820470282,0.621610647905673
1770973433622198866,7.251853909083508,0.5846039272068724,0.617609527768831
1770973433821082152,7.273114095520002,0.5983382656798071,0.6158360088485872
1770973434021251833,7.290525061218478,0.6116739933051653,0.6155989689403667
1770973434221428894,7.308210447792335,0.6276000282064066,0.6177758274326925
1770973434421997868,7.323391201617692,0.6391861602375579,0.6168755352028592
1770973434620883372,7.3396047580459856,0.6516209430324528,0.6160558884888263
1770973434821218918,7.350213736454161,0.6565789350093912,0.6114626122018889
1770973435020997701,7.376431564883839,0.6748801244300846,0.6116628260185629
1770973435221005810,7.382642301859677,0.6838644153087072,0.6183345779857881
1770973435421479425,7.404397964216991,0.698967888401302,0.6213799556595532
1770973435622184686,7.422411364920245,0.7103235690918623,0.6197258539343705
1770973435821267404,7.439579583012503,0.7211643598387125,0.6168904303596295
1770973436021221950,7.451737494630329,0.7331051734563766,0.617535364931317
1770973436220700654,7.494361835694077,0.7589268855975851,0.61944378127081
1770973436421103537,7.519601185019778,0.7786985845906391,0.6216593964949996
1770973436621291326,7.534071097839804,0.7853744007539047,0.6253546537444238
1770973436821012277,7.553441261558042,0.7956561533343257,0.6139242309060964
1770973437020874879,7.567386765075402,0.8091342572935338,0.6105937922816532
1770973437220891814,7.575367187940063,0.8154763869736723,0.6128868365792539
1770973437421849939,7.58998882393056,0.8195644536706013,0.6145372796492617
1770973437622242216,7.631086275182448,0.8449696346836021,0.6114599925245757
1770973437821395328,7.631720685128351,0.8495339300517063,0.6098785282683268
1770973438021518356,7.640425305815614,0.8575615199494131,0.6095269850401762
1770973438220683134,7.650536690912116,0.865366043848222,0.6100336991318057
1770973438421039085,7.662964651015343,0.8747847423652899,0.6106897212838565
1770973438620584356,7.674356041331612,0.8880948607597834,0.6117880232803352
1770973438820687020,7.690549178100363,0.8978707747028579,0.6106669539050017
1770973439021278102,7.715117282177517,0.9153621550346533,0.6072822643443762
1770973439220568537,7.764331313786166,0.9533389513088634,0.6080328377940488
1770973439421064211,7.768511047790678,0.9554133624984127,0.6101832638949958
1770973439621251942,7.758701436646685,0.9470144811487113,0.60078512462116
1770973439821116341,7.772427090794205,0.9551188965392113,0.5983651118762093
1770973440020563417,7.773081123169682,0.9597449767903824,0.5952712475871912
1770973440220978961,7.7917290703647755,0.9692575353443458,0.602736483163981
1770973440421053138,7.810577590930413,0.9855137869453533,0.6149208223976518
1770973440620969451,7.797009490367965,0.9757965036362815,0.6374793995077859
1770973440820504651,7.823502332566099,0.9928572341021411,0.6529469532191573
1770973441021115670,7.845215462094166,1.008004992057541,0.6644425794541121
1770973441220659170,7.87219317621088,1.0283015650709177,0.6701649396154389
1770973441421175171,7.913325849377762,1.0571062637612798,0.6750427276259053
1770973441621647549,7.924761112286505,1.0651157804060627,0.6809998768266989
1770973441821030951,7.965277802615547,1.0991535039233564,0.6948945006286993
1770973442021207258,7.9700848063035465,1.1035107408308558,0.6954256354214502
1770973442220897304,7.975718024292347,1.1091631781767957,0.6955662729070147
1770973442420872879,7.982973902859786,1.1131926687930072,0.6940620001496021
1770973442621209781,8.01308289221405,1.1404384063406285,0.6991215853080102
1770973442820967938,8.052985710697376,1.1712226132393795,0.6983526142185003
1770973443021264200,8.055962147437164,1.1732975850278362,0.6972905250887506
1770973443220681094,8.077813284289029,1.19283774504007,0.6908255061033548
1770973443420689427,8.091746924241145,1.2040519895828472,0.6888462857873293
1770973443621442954,8.11204915954198,1.2230556437994538,0.6951778103206001
1770973443821468330,8.138854950378967,1.2402663497594455,0.6992613961250198
1770973444020798206,8.138858951797593,1.2425873718882918,0.6978127807823986
1770973444220544028,8.143079123024444,1.2476025141761158,0.6990001683171327
1770973444420845810,8.141892705269216,1.2513728215219073,0.6942446537176761
1770973444621562791,8.16258529023205,1.2670498437693676,0.6990544182936678
1770973444821069572,8.173732262491958,1.2746580233230291,0.697047689167629
1770973445020856553,8.19582499507459,1.29168092474685,0.6937407779302689
1770973445220389058,8.206054548082895,1.298349149513476,0.6916329422774978
1770973445421331828,8.230945181392318,1.3156741245210892,0.6887794605483583
