t,t_rel,thrust,tau_phi,tau_theta,tau_psi,w0,w1,w2,w3,ud_T,ud_phi,ud_theta,ud_psi,ui_T,ui_phi,ui_theta,ui_psi,ut_T,ut_phi,ut_theta,ut_psi,torque_scale,cost_state,cost_input,solve_ok,int_err_x,int_err_y,int_err_z
7.362000,0.012000,14.935148,0.000000,0.000000,0.000000,660.887816,660.887908,660.887831,660.887901,-1.912892,0.000004,-0.000003,0.000000,2.133040,-0.000004,0.000003,0.000000,14.935148,0.000000,0.000000,0.000000,1.000000,0.035549,0.036592,1.000000,0.000001,0.000002,0.711013
7.385000,0.035000,14.906331,0.000000,0.001058,0.000000,660.069704,660.430184,660.069721,660.430174,-1.939955,0.000004,0.001055,0.000000,2.131286,-0.000004,0.000003,0.000000,14.906331,0.000000,0.001058,0.000000,1.000000,0.036568,0.037634,1.000000,0.000001,0.000002,0.710429
7.407000,0.057000,14.942161,0.000000,0.002035,0.000000,660.696684,661.389144,660.696714,661.389121,-1.902381,0.000004,0.002031,0.000000,2.129542,-0.000003,0.000003,0.000000,14.942161,0.000000,0.002035,0.000000,1.000000,0.035307,0.036191,1.000000,0.000002,0.000002,0.709847
7.425000,0.075000,14.939695,0.000000,0.001383,0.000000,660.753101,661.223739,660.753190,661.223654,-1.903091,0.000004,0.001379,0.000000,2.127786,-0.000003,0.000004,0.000000,14.939695,0.000000,0.001383,0.000000,1.000000,0.035434,0.036218,1.000000,0.000002,0.000002,0.709262
7.445000,0.095000,14.934666,0.000001,0.002927,0.000000,660.378805,661.375237,660.378975,661.375074,-1.906347,0.000004,0.002922,0.000000,2.126013,-0.000003,0.000005,0.000000,14.934666,0.000001,0.002927,0.000000,1.000000,0.035600,0.036342,1.000000,0.000003,0.000002,0.708671
7.463000,0.113000,14.959598,0.000004,0.003401,0.000000,660.849551,662.007138,660.850402,662.006294,-1.879647,0.000007,0.003393,0.000000,2.124245,-0.000003,0.000008,0.000000,14.959598,0.000004,0.003401,0.000000,1.000000,0.034707,0.035332,1.000000,0.000004,0.000002,0.708082
7.483000,0.133000,14.961840,0.000008,0.004457,0.000000,660.718941,662.236541,660.720737,662.234763,-1.875625,0.000011,0.004445,0.000000,2.122465,-0.000003,0.000012,0.000000,14.961840,0.000008,0.004457,0.000000,1.000000,0.034603,0.035182,1.000000,0.000006,0.000001,0.707488
7.504000,0.154000,14.950723,0.000013,0.005636,0.000000,660.271515,662.191852,660.274294,662.189098,-1.884943,0.000016,0.005618,0.000000,2.120667,-0.000003,0.000019,0.000000,14.950723,0.000013,0.005636,0.000000,1.000000,0.034948,0.035533,1.000000,0.000009,0.000001,0.706889
7.524000,0.174000,14.964886,0.000024,0.006092,0.000000,660.506415,662.582898,660.511489,662.577952,-1.868980,0.000027,0.006063,0.000000,2.118866,-0.000003,0.000029,0.000000,14.964886,0.000024,0.006092,0.000000,1.000000,0.034429,0.034935,1.000000,0.000014,0.000001,0.706289
7.543000,0.193000,14.974341,0.000039,0.006313,0.000000,660.676281,662.830715,660.684660,662.822663,-1.857718,0.000042,0.006271,0.000000,2.117059,-0.000003,0.000043,0.000000,14.974341,0.000039,0.006313,0.000000,1.000000,0.034093,0.034515,1.000000,0.000021,0.000001,0.705686
7.560000,0.210000,14.992692,0.000069,0.005037,0.000000,661.296303,663.022054,661.310914,663.007805,-1.837563,0.000071,0.004975,0.000000,2.115255,-0.000002,0.000062,0.000000,14.992692,0.000069,0.005037,0.000000,1.000000,0.033465,0.033769,1.000000,0.000031,0.000001,0.705085
7.580000,0.230000,14.978481,0.000103,0.003601,0.000000,661.222897,662.468272,661.244575,662.446815,-1.849954,0.000105,0.003513,0.000000,2.113435,-0.000002,0.000088,0.000000,14.978481,0.000103,0.003601,0.000000,1.000000,0.033932,0.034225,1.000000,0.000044,0.000001,0.704478
7.605000,0.255000,14.984107,0.000119,0.005549,0.000000,661.014097,662.924894,661.039234,662.899973,-1.842501,0.000121,0.005428,0.000000,2.111608,-0.000002,0.000121,0.000000,14.984107,0.000119,0.005549,0.000000,1.000000,0.033765,0.033951,1.000000,0.000061,0.000001,0.703869
7.623000,0.273000,15.014032,0.000182,0.004308,-0.000001,661.880306,663.381138,661.918149,663.342425,-1.810763,0.000184,0.004145,-0.000001,2.109796,-0.000002,0.000163,0.000000,15.014032,0.000182,0.004308,-0.000001,1.000000,0.032837,0.032790,1.000000,0.000081,0.000001,0.703265
7.643000,0.293000,15.003596,0.000249,0.003943,-0.000000,661.704682,663.096052,661.756826,663.043368,-1.819374,0.000251,0.003727,-0.000000,2.107970,-0.000002,0.000215,0.000000,15.003596,0.000249,0.003943,-0.000000,1.000000,0.033261,0.033103,1.000000,0.000108,0.000001,0.702657
7.662000,0.312000,15.019067,0.000303,0.004470,-0.000000,661.951136,663.532230,662.014584,663.468279,-1.802086,0.000305,0.004192,-0.000000,2.106153,-0.000002,0.000278,0.000000,15.019067,0.000303,0.004470,-0.000000,1.000000,0.032828,0.032477,1.000000,0.000139,0.000001,0.702051
7.682000,0.332000,15.009171,0.000389,0.004323,-0.000001,661.748764,663.298316,661.829876,663.215856,-1.810157,0.000391,0.003969,-0.000001,2.104327,-0.000002,0.000354,0.000000,15.009171,0.000389,0.004323,-0.000001,1.000000,0.033277,0.032768,1.000000,0.000177,0.000001,0.701442
7.702000,0.352000,15.011089,0.000481,0.004292,-0.000001,661.786736,663.345056,661.887248,663.243161,-1.806413,0.000483,0.003848,-0.000001,2.102502,-0.000002,0.000444,0.000000,15.011089,0.000481,0.004292,-0.000001,1.000000,0.033382,0.032633,1.000000,0.000222,0.000001,0.700834
7.721000,0.371000,14.972628,0.000568,0.004876,-0.000001,660.827792,662.604945,660.946679,662.484899,-1.843020,0.000569,0.004327,-0.000001,2.100648,-0.000001,0.000549,0.000000,14.972628,0.000568,0.004876,-0.000001,1.000000,0.034863,0.033969,1.000000,0.000274,0.000001,0.700216
7.747000,0.397000,15.035206,0.000766,0.004032,-0.000001,662.333289,663.862298,662.493937,663.700978,-1.778630,0.000768,0.003361,-0.000001,2.098836,-0.000001,0.000672,0.000000,15.035206,0.000766,0.004032,-0.000001,1.000000,0.033187,0.031636,1.000000,0.000336,0.000001,0.699612
7.766000,0.416000,15.076493,0.000929,0.013959,-0.000000,661.541330,666.465461,661.736588,666.270969,-1.735564,0.000930,0.013122,-0.000000,2.097058,-0.000001,0.000837,0.000000,15.076493,0.000929,0.013959,-0.000000,1.000000,0.032789,0.030139,1.000000,0.000418,0.000001,0.699019
7.782000,0.432000,15.029373,0.001115,-0.001836,0.000000,663.163609,662.774761,663.397888,662.540782,-1.780881,0.001115,-0.002834,0.000000,2.095254,-0.000001,0.000998,0.000000,15.029373,0.001115,-0.001836,0.000000,1.000000,0.034069,0.031716,1.000000,0.000499,0.000000,0.698418
7.803000,0.453000,15.012052,0.001118,-0.001788,0.000013,662.768814,662.396315,663.012437,662.170889,-1.796397,0.001118,-0.002968,0.000013,2.093449,-0.000001,0.001180,0.000000,15.012052,0.001118,-0.001788,0.000013,1.000000,0.034925,0.032271,1.000000,0.000590,0.000000,0.697816
7.825000,0.475000,15.037542,0.001084,0.007753,0.000025,661.710181,664.566998,661.956117,664.359422,-1.769137,0.001084,0.006338,0.000025,2.091679,-0.000000,0.001415,0.000000,15.037542,0.001084,0.007753,0.000025,1.000000,0.035376,0.031303,1.000000,0.000708,0.000000,0.697226
7.843000,0.493000,15.021133,0.001311,-0.006365,0.000027,663.720096,661.834216,664.013547,661.578868,-1.783762,0.001310,-0.008011,0.000027,2.089895,0.000000,0.001646,0.000000,15.021133,0.001311,-0.006365,0.000027,1.000000,0.035696,0.031825,1.000000,0.000823,-0.000000,0.696632
7.861000,0.511000,14.994072,0.001828,-0.009348,0.000018,663.578323,660.786400,663.974095,660.414589,-1.809032,0.001827,-0.011250,0.000018,2.088104,0.000001,0.001902,0.000000,14.994072,0.001828,-0.009348,0.000018,1.000000,0.037066,0.032739,1.000000,0.000951,-0.000000,0.696035
7.885000,0.535000,14.992393,0.001911,-0.002451,0.000013,662.364297,661.932845,662.774667,661.540400,-1.808926,0.001909,-0.004639,0.000013,2.086319,0.000001,0.002187,0.000000,14.992393,0.001911,-0.002451,0.000013,1.000000,0.037660,0.032725,1.000000,0.001094,-0.000001,0.695440
7.901000,0.551000,15.001363,0.002474,-0.001088,-0.000007,662.278321,662.429015,662.793761,661.903714,-1.798185,0.002472,-0.003591,-0.000007,2.084548,0.000002,0.002502,0.000000,15.001363,0.002474,-0.001088,-0.000007,1.000000,0.038078,0.032337,1.000000,0.001251,-0.000001,0.694849
7.922000,0.572000,14.956936,0.001677,0.001120,-0.000010,661.006245,661.740725,661.352235,661.379644,-1.840820,0.001675,-0.001727,-0.000010,2.082756,0.000003,0.002847,0.000000,14.956936,0.001677,0.001120,-0.000010,1.000000,0.040076,0.033887,1.000000,0.001423,-0.000001,0.694252
7.943000,0.593000,14.945698,0.002681,0.003048,-0.000007,660.322536,661.924529,660.882458,661.354437,-1.850265,0.002677,-0.000174,-0.000007,2.080964,0.000004,0.003222,0.000000,14.945698,0.002681,0.003048,-0.000007,1.000000,0.041161,0.034236,1.000000,0.001611,-0.000002,0.693655
7.963000,0.613000,14.971525,0.004699,0.003622,0.000005,660.579299,662.799685,661.572700,661.815388,-1.822670,0.004694,-0.000008,0.000005,2.079195,0.000005,0.003631,0.000000,14.971525,0.004699,0.003622,0.000005,1.000000,0.041205,0.033223,1.000000,0.001815,-0.000002,0.693065
7.982000,0.632000,14.964577,0.004683,0.004766,0.000005,660.232359,662.838588,661.222989,661.858035,-1.827853,0.004676,0.000690,0.000005,2.077430,0.000006,0.004076,0.000000,14.964577,0.004683,0.004766,0.000005,1.000000,0.042469,0.033413,1.000000,0.002038,-0.000003,0.692477
8.006000,0.656000,14.953816,0.005401,0.013297,0.000038,658.450879,664.110361,659.619151,663.006256,-1.836885,0.005393,0.008695,0.000038,2.075701,0.000008,0.004602,0.000000,14.953816,0.005401,0.013297,0.000038,1.000000,0.045270,0.033752,1.000000,0.002301,-0.000004,0.691900
8.022000,0.672000,14.885104,0.003061,0.005623,0.000049,658.479548,661.041132,659.161078,660.433968,-1.903831,0.003051,0.000459,0.000049,2.073935,0.000010,0.005164,0.000000,14.885104,0.003061,0.005623,0.000049,1.000000,0.048662,0.036247,1.000000,0.002582,-0.000005,0.691312
8.042000,0.692000,14.940690,0.006185,-0.009017,0.000070,661.868341,660.099970,663.217174,658.848014,-1.846492,0.006172,-0.014732,0.000070,2.072182,0.000012,0.005714,0.000000,14.940690,0.006185,-0.009017,0.000070,1.000000,0.046276,0.034121,1.000000,0.002857,-0.000006,0.690727
8.062000,0.712000,14.926013,0.005393,-0.012083,0.000058,662.152407,659.172973,663.326179,658.077519,-1.859413,0.005378,-0.018384,0.000058,2.070426,0.000015,0.006302,0.000000,14.926013,0.005393,-0.012083,0.000058,1.000000,0.047852,0.034611,1.000000,0.003151,-0.000008,0.690142
8.082000,0.732000,14.846382,0.006110,-0.015158,0.000023,660.851761,656.967314,662.154376,655.688851,-1.937245,0.006092,-0.022086,0.000023,2.068627,0.000019,0.006928,0.000000,14.846382,0.006110,-0.015158,0.000023,1.000000,0.051535,0.037582,1.000000,0.003464,-0.000009,0.689542
8.104000,0.754000,14.891395,0.006301,-0.011128,-0.000025,661.158844,658.695816,662.466844,657.342673,-1.890471,0.006278,-0.018722,-0.000025,2.066865,0.000023,0.007594,0.000000,14.891395,0.006301,-0.011128,-0.000025,1.000000,0.051140,0.035778,1.000000,0.003797,-0.000011,0.688955
8.125000,0.775000,14.823457,0.006807,0.004658,-0.000041,656.909228,659.941839,658.321564,658.472048,-1.956649,0.006779,-0.003701,-0.000041,2.065107,0.000027,0.008359,0.000000,14.823457,0.006807,0.004658,-0.000041,1.000000,0.056648,0.038291,1.000000,0.004179,-0.000014,0.688369
8.141000,0.791000,14.787139,0.004337,-0.009099,-0.000030,658.711824,656.518622,659.606900,655.574578,-1.991143,0.004304,-0.018198,-0.000030,2.063283,0.000033,0.009098,0.000000,14.787139,0.004337,-0.009099,-0.000030,1.000000,0.056564,0.039681,1.000000,0.004549,-0.000016,0.687761
8.162000,0.812000,14.827767,0.009489,-0.003395,-0.000009,658.087196,658.934349,660.086108,656.919279,-1.948717,0.009450,-0.013275,-0.000009,2.061484,0.000039,0.009880,0.000000,14.827767,0.009489,-0.003395,-0.000009,1.000000,0.056444,0.038002,1.000000,0.004940,-0.000020,0.687161
8.183000,0.833000,14.787013,0.009176,0.009810,0.000010,654.943730,660.242359,656.899073,658.312110,-1.987687,0.009129,-0.000966,0.000010,2.059700,0.000046,0.010776,0.000000,14.787013,0.009176,0.009810,0.000010,1.000000,0.062256,0.039517,1.000000,0.005388,-0.000023,0.686567
8.204000,0.854000,14.800277,0.010274,-0.004563,0.000056,657.569985,658.182356,659.781658,656.048737,-1.972604,0.010219,-0.016210,0.000056,2.057881,0.000054,0.011647,0.000000,14.800277,0.010274,-0.004563,0.000056,1.000000,0.060600,0.038948,1.000000,0.005823,-0.000027,0.685960
8.221000,0.871000,14.789192,0.010427,-0.000684,0.000102,656.626819,658.597329,658.906492,656.468130,-1.981863,0.010364,-0.013246,0.000102,2.056055,0.000063,0.012562,0.000000,14.789192,0.010427,-0.000684,0.000102,1.000000,0.062475,0.039306,1.000000,0.006281,-0.000032,0.685352
8.244000,0.894000,14.764044,0.010631,-0.005471,0.000085,656.871102,657.248277,659.181018,655.058059,-2.005168,0.010558,-0.018990,0.000085,2.054212,0.000074,0.013519,0.000000,14.764044,0.010631,-0.005471,0.000085,1.000000,0.064823,0.040254,1.000000,0.006759,-0.000037,0.684737
8.264000,0.914000,14.737974,0.010695,-0.006775,0.000048,656.520334,656.465890,658.818789,654.230340,-2.029377,0.010610,-0.021292,0.000048,2.052351,0.000085,0.014517,0.000000,14.737974,0.010695,-0.006775,0.000048,1.000000,0.067179,0.041240,1.000000,0.007258,-0.000043,0.684117
8.283000,0.933000,14.714008,0.010985,-0.008905,0.000012,656.333528,655.611393,658.668266,653.282936,-2.051460,0.010887,-0.024460,0.000012,2.050468,0.000098,0.015555,0.000000,14.714008,0.010985,-0.008905,0.000012,1.000000,0.069517,0.042157,1.000000,0.007778,-0.000049,0.683489
8.301000,0.951000,14.692216,0.011465,-0.009715,-0.000016,655.945800,655.047866,658.363786,652.593102,-2.071346,0.011352,-0.026349,-0.000016,2.048562,0.000113,0.016634,0.000000,14.692216,0.011465,-0.009715,-0.000016,1.000000,0.071810,0.042987,1.000000,0.008317,-0.000056,0.682854
8.322000,0.972000,14.672175,0.012195,-0.009820,-0.000036,655.446422,654.667854,658.006527,652.040099,-2.089455,0.012066,-0.027572,-0.000036,2.046630,0.000129,0.017752,0.000000,14.672175,0.012195,-0.009820,-0.000036,1.000000,0.074073,0.043749,1.000000,0.008876,-0.000065,0.682210
8.342000,0.992000,14.663780,0.013587,-0.011468,-0.000046,655.397543,654.348968,658.245570,651.414689,-2.095898,0.013439,-0.030370,-0.000046,2.044678,0.000147,0.018902,0.000000,14.663780,0.013587,-0.011468,-0.000046,1.000000,0.075352,0.044038,1.000000,0.009451,-0.000074,0.681559
8.362000,1.012000,14.631290,0.014448,-0.013124,-0.000041,654.863079,653.427161,657.899689,650.308846,-2.126395,0.014279,-0.033200,-0.000041,2.042686,0.000168,0.020076,0.000000,14.631290,0.014448,-0.013124,-0.000041,1.000000,0.077373,0.045346,1.000000,0.010038,-0.000084,0.680895
8.382000,1.032000,14.615706,0.015264,-0.010789,-0.000031,654.023524,653.563485,657.243499,650.278543,-2.139957,0.015072,-0.032072,-0.000031,2.040662,0.000192,0.021283,0.000000,14.615706,0.015264,-0.010789,-0.000031,1.000000,0.079331,0.045920,1.000000,0.010642,-0.000096,0.680221
8.402000,1.052000,14.614792,0.015942,-0.004048,-0.000025,652.768081,654.771909,656.142765,651.352870,-2.138823,0.015725,-0.026583,-0.000025,2.038615,0.000217,0.022535,0.000000,14.614792,0.015942,-0.004048,-0.000025,1.000000,0.081562,0.045841,1.000000,0.011267,-0.000109,0.679538
8.426000,1.076000,14.550241,0.009123,-0.002772,-0.000011,651.823857,652.816018,653.762492,650.858461,-2.201256,0.008878,-0.026590,-0.000011,2.036497,0.000245,0.023818,0.000000,14.550241,0.009123,-0.002772,-0.000011,1.000000,0.085824,0.048534,1.000000,0.011909,-0.000123,0.678832
8.446000,1.096000,14.597517,0.019703,0.003211,0.000014,650.712203,656.016777,654.925056,651.831556,-2.151863,0.019428,-0.021930,0.000014,2.034381,0.000275,0.025141,0.000000,14.597517,0.019703,0.003211,0.000014,1.000000,0.085816,0.046391,1.000000,0.012571,-0.000138,0.678127
8.462000,1.112000,14.533876,0.012733,-0.001763,0.000026,650.883183,652.993922,653.620380,650.293293,-2.213312,0.012424,-0.028258,0.000026,2.032189,0.000309,0.026495,0.000000,14.533876,0.012733,-0.001763,0.000026,1.000000,0.090205,0.049083,1.000000,0.013248,-0.000154,0.677396
8.481000,1.131000,14.584632,0.022880,0.002325,0.000147,650.187974,655.862862,655.174654,651.102056,-2.160366,0.022536,-0.025555,0.000147,2.029997,0.000345,0.027879,0.000000,14.584632,0.022880,0.002325,0.000147,1.000000,0.089664,0.046788,1.000000,0.013940,-0.000172,0.676666
8.502000,1.152000,14.550257,0.019841,0.002193,0.000186,649.749081,654.735118,654.119970,650.647569,-2.192489,0.019458,-0.027111,0.000186,2.027746,0.000383,0.029304,0.000000,14.550257,0.019841,0.002193,0.000186,1.000000,0.093589,0.048181,1.000000,0.014652,-0.000192,0.675915
8.522000,1.172000,14.529741,0.019724,-0.006201,0.000240,650.733047,652.798480,655.110891,648.766222,-2.210704,0.019299,-0.036944,0.000240,2.025445,0.000426,0.030743,0.000000,14.529741,0.019724,-0.006201,0.000240,1.000000,0.095479,0.049046,1.000000,0.015371,-0.000213,0.675148
8.542000,1.192000,14.544512,0.019150,-0.002554,0.000222,650.502467,653.703141,654.746697,649.785071,-2.193601,0.018679,-0.034771,0.000222,2.023114,0.000471,0.032217,0.000000,14.544512,0.019150,-0.002554,0.000222,1.000000,0.097171,0.048275,1.000000,0.016109,-0.000236,0.674371
8.563000,1.213000,14.541447,0.018043,-0.006969,0.000164,651.335611,652.778709,655.298306,649.047416,-2.194292,0.017523,-0.040686,0.000164,2.020738,0.000520,0.033716,0.000000,14.541447,0.018043,-0.006969,0.000164,1.000000,0.099115,0.048345,1.000000,0.016858,-0.000260,0.673579
8.584000,1.234000,14.564502,0.018283,-0.019798,0.000049,654.078281,651.153599,657.993703,647.269898,-2.168836,0.017709,-0.055011,0.000049,2.018338,0.000574,0.035213,0.000000,14.564502,0.018283,-0.019798,0.000049,1.000000,0.098434,0.047372,1.000000,0.017607,-0.000287,0.672779
8.602000,1.252000,14.533998,0.017748,-0.010774,0.000009,651.911821,651.985150,655.698716,648.190327,-2.196876,0.017117,-0.047515,0.000009,2.015874,0.000632,0.036742,0.000000,14.533998,0.017748,-0.010774,0.000009,1.000000,0.102420,0.048518,1.000000,0.018371,-0.000316,0.671958
8.621000,1.271000,14.512717,0.010901,-0.011430,-0.000043,652.297357,650.682449,654.590261,648.311569,-2.215632,0.010207,-0.049713,-0.000043,2.013350,0.000694,0.038283,0.000000,14.512717,0.010901,-0.011430,-0.000043,1.000000,0.105219,0.049348,1.000000,0.019142,-0.000347,0.671117
8.643000,1.293000,14.572057,0.025101,-0.014141,-0.000075,652.590846,653.075118,657.872330,647.641340,-2.153762,0.024339,-0.053963,-0.000075,2.010819,0.000762,0.039822,0.000000,14.572057,0.025101,-0.014141,-0.000075,1.000000,0.103202,0.046737,1.000000,0.019911,-0.000381,0.670273
8.663000,1.313000,14.543407,0.021836,-0.001650,-0.000087,650.143897,654.240374,654.742823,649.507557,-2.179811,0.021003,-0.043038,-0.000087,2.008218,0.000833,0.041388,0.000000,14.543407,0.021836,-0.001650,-0.000087,1.000000,0.107271,0.047745,1.000000,0.020694,-0.000416,0.669406
8.682000,1.332000,14.581547,0.026801,-0.006927,-0.000128,651.396314,654.729842,657.010764,648.903657,-2.139050,0.025892,-0.049872,-0.000128,2.005597,0.000910,0.042945,0.000000,14.581547,0.026801,-0.006927,-0.000128,1.000000,0.106410,0.046071,1.000000,0.021472,-0.000455,0.668532
8.704000,1.354000,14.599459,0.023863,-0.004846,-0.000135,651.755573,655.177358,656.739270,649.979669,-2.118480,0.022870,-0.049342,-0.000135,2.002940,0.000992,0.044496,0.000000,14.599459,0.023863,-0.004846,-0.000135,1.000000,0.107084,0.045175,1.000000,0.022248,-0.000496,0.667647
8.721000,1.371000,14.578112,0.023528,0.003037,-0.000131,649.947921,656.016588,654.877139,650.900507,-2.137103,0.022449,-0.043034,-0.000131,2.000215,0.001079,0.046071,0.000000,14.578112,0.023528,0.003037,-0.000131,1.000000,0.110875,0.045908,1.000000,0.023035,-0.000539,0.666738
8.742000,1.392000,14.556693,0.021095,0.010237,-0.000109,648.471256,656.506878,652.908257,651.931421,-2.155736,0.019925,-0.037414,-0.000109,1.997430,0.001170,0.047651,0.000000,14.556693,0.021095,0.010237,-0.000109,1.000000,0.113678,0.046652,1.000000,0.023826,-0.000585,0.665810
8.762000,1.412000,14.618483,0.020296,-0.003239,-0.000095,652.271561,655.483132,656.523513,651.082708,-2.091148,0.019027,-0.052446,-0.000095,1.994631,0.001269,0.049207,0.000000,14.618483,0.020296,-0.003239,-0.000095,1.000000,0.111661,0.044040,1.000000,0.024604,-0.000634,0.664877
8.781000,1.431000,14.607736,0.011047,-0.011216,-0.000087,654.387436,652.884227,656.672413,650.454894,-2.099032,0.009674,-0.061962,-0.000087,1.991768,0.001373,0.050747,0.000000,14.607736,0.011047,-0.011216,-0.000087,1.000000,0.113943,0.044453,1.000000,0.025373,-0.000686,0.663923
8.802000,1.452000,14.606772,0.026193,0.008307,-0.000051,649.366374,657.808270,654.923712,652.199909,-2.097077,0.024712,-0.044001,-0.000051,1.988849,0.001481,0.052308,0.000000,14.606772,0.026193,0.008307,-0.000051,1.000000,0.116419,0.044232,1.000000,0.026154,-0.000740,0.662950
8.825000,1.475000,14.684145,0.026137,-0.009849,0.000163,654.165347,656.333002,659.820952,650.891826,-2.016781,0.024540,-0.063681,0.000163,1.985926,0.001597,0.053831,0.000000,14.684145,0.026137,-0.009849,0.000163,1.000000,0.113787,0.041140,1.000000,0.026916,-0.000798,0.661975
8.842000,1.492000,14.680420,0.029279,-0.011150,0.000344,653.907068,656.290130,660.354935,650.318016,-2.017526,0.027560,-0.066477,0.000344,1.982945,0.001719,0.055327,0.000000,14.680420,0.029279,-0.011150,0.000344,1.000000,0.115953,0.041222,1.000000,0.027664,-0.000859,0.660982
8.860000,1.510000,14.678227,0.017191,-0.005029,0.000399,654.072917,655.986607,658.004175,652.638917,-2.016674,0.015344,-0.061849,0.000399,1.979901,0.001847,0.056820,0.000000,14.678227,0.017191,-0.005029,0.000399,1.000000,0.118934,0.041076,1.000000,0.028410,-0.000923,0.659967
8.881000,1.531000,14.701387,0.019015,0.007383,0.000280,652.301597,658.864443,656.546933,655.051546,-1.990439,0.017036,-0.050923,0.000280,1.976826,0.001979,0.058306,0.000000,14.701387,0.019015,0.007383,0.000280,1.000000,0.119267,0.039907,1.000000,0.029153,-0.000990,0.658942
8.909000,1.559000,14.777769,0.031037,-0.000744,-0.000012,654.233191,660.553681,660.798210,653.968370,-1.910978,0.028918,-0.060496,-0.000012,1.973747,0.002119,0.059752,0.000000,14.777769,0.031037,-0.000744,-0.000012,1.000000,0.117345,0.036968,1.000000,0.029876,-0.001060,0.657916
8.922000,1.572000,14.819291,0.028698,-0.002730,-0.000215,655.821558,660.966532,661.736601,654.724599,-1.866355,0.026432,-0.063890,-0.000215,1.970646,0.002266,0.061161,0.000000,14.819291,0.028698,-0.002730,-0.000215,1.000000,0.117504,0.035311,1.000000,0.030580,-0.001133,0.656882
8.942000,1.592000,14.799612,0.027992,0.001078,-0.000306,654.836164,661.139786,660.547385,654.978821,-1.882874,0.025573,-0.061468,-0.000306,1.967486,0.002419,0.062546,0.000000,14.799612,0.027992,0.001078,-0.000306,1.000000,0.120355,0.035895,1.000000,0.031273,-0.001209,0.655829
8.962000,1.612000,14.832960,0.012988,-0.007320,-0.000262,658.592393,658.847643,661.149065,655.892558,-1.846342,0.010408,-0.071200,-0.000262,1.964302,0.002580,0.063880,0.000000,14.832960,0.012988,-0.007320,-0.000262,1.000000,0.121273,0.034608,1.000000,0.031940,-0.001290,0.654767
8.981000,1.631000,14.911192,0.026043,-0.006253,-0.000202,658.745503,662.114271,664.087333,656.457062,-1.764918,0.023295,-0.071430,-0.000202,1.961111,0.002748,0.065178,0.000000,14.911192,0.026043,-0.006253,-0.000202,1.000000,0.120505,0.031714,1.000000,0.032589,-0.001374,0.653704
9.004000,1.654000,14.988348,0.022356,-0.013320,0.000089,661.944218,662.117678,666.693155,657.468380,-1.684599,0.019431,-0.079722,0.000089,1.957947,0.002925,0.066403,0.000000,14.988348,0.022356,-0.013320,0.000089,1.000000,0.119208,0.029052,1.000000,0.033201,-0.001462,0.652649
9.025000,1.675000,14.994170,0.022901,-0.002636,0.000110,660.190610,664.107787,665.080415,659.372962,-1.675587,0.019793,-0.070225,0.000110,1.954757,0.003108,0.067589,0.000000,14.994170,0.022901,-0.002636,0.000110,1.000000,0.120959,0.028608,1.000000,0.033795,-0.001554,0.651586
9.041000,1.691000,14.992704,0.011218,-0.003564,0.000085,661.555515,662.701238,663.972602,660.405651,-1.673835,0.007919,-0.072273,0.000085,1.951539,0.003299,0.068709,0.000000,14.992704,0.011218,-0.003564,0.000085,1.000000,0.124262,0.028546,1.000000,0.034355,-0.001649,0.650513
9.061000,1.711000,15.011650,0.015289,0.003431,0.000063,660.363555,664.739749,663.623802,661.577420,-1.651652,0.011792,-0.066350,0.000063,1.948302,0.003497,0.069781,0.000000,15.011650,0.015289,0.003431,0.000063,1.000000,0.125472,0.027734,1.000000,0.034890,-0.001748,0.649434
9.082000,1.732000,15.051116,0.019605,0.007389,-0.000003,660.131373,666.751915,664.252003,662.642117,-1.608944,0.015902,-0.063404,-0.000003,1.945060,0.003702,0.070792,0.000000,15.051116,0.019605,0.007389,-0.000003,1.000000,0.126428,0.026314,1.000000,0.035396,-0.001851,0.648353
9.102000,1.752000,15.151752,0.031732,0.004506,-0.000066,661.593104,669.756520,668.193030,663.074635,-1.505109,0.027816,-0.067224,-0.000066,1.941861,0.003916,0.071730,0.000000,15.151752,0.031732,0.004506,-0.000066,1.000000,0.125307,0.023183,1.000000,0.035865,-0.001958,0.647287
9.121000,1.771000,15.134038,0.028070,0.014244,-0.000035,659.918411,670.612091,665.790919,664.730391,-1.519590,0.023935,-0.058372,-0.000035,1.938627,0.004135,0.072616,0.000000,15.134038,0.028070,0.014244,-0.000035,1.000000,0.127801,0.023490,1.000000,0.036308,-0.002067,0.646209
9.144000,1.794000,15.232409,0.024680,-0.001753,-0.000007,665.151791,669.710708,670.293950,664.553154,-1.418036,0.020317,-0.075165,-0.000007,1.935444,0.004363,0.073412,0.000000,15.232409,0.024680,-0.001753,-0.000007,1.000000,0.127646,0.020715,1.000000,0.036706,-0.002181,0.645148
9.163000,1.813000,15.265955,0.020415,0.002950,-0.000010,665.541143,670.789795,669.792308,666.530318,-1.381317,0.015817,-0.071187,-0.000010,1.932272,0.004598,0.074137,0.000000,15.265955,0.020415,0.002950,-0.000010,1.000000,0.129131,0.019612,1.000000,0.037069,-0.002299,0.644091
9.182000,1.832000,15.297995,0.015265,0.000385,0.000022,667.204134,670.511278,670.398000,667.350087,-1.346124,0.010425,-0.074397,0.000022,1.929118,0.004840,0.074782,0.000000,15.297995,0.015265,0.000385,0.000022,1.000000,0.130849,0.018685,1.000000,0.037391,-0.002420,0.643039
9.200000,1.850000,15.289249,0.012286,0.006055,0.000023,666.366539,670.961532,668.945542,668.424536,-1.351707,0.007197,-0.069299,0.000023,1.925956,0.005089,0.075354,0.000000,15.289249,0.012286,0.006055,0.000023,1.000000,0.133607,0.018757,1.000000,0.037677,-0.002544,0.641985
9.223000,1.873000,15.372296,0.011219,0.000105,0.000004,669.304878,671.670136,671.638127,669.343263,-1.265554,0.005874,-0.075727,0.000004,1.922850,0.005345,0.075832,0.000000,15.372296,0.011219,0.000105,0.000004,1.000000,0.134758,0.016593,1.000000,0.037916,-0.002672,0.640950
9.241000,1.891000,15.381731,0.010551,0.004125,-0.000056,668.925672,672.501841,671.080094,670.270828,-1.253021,0.004943,-0.072099,-0.000056,1.919752,0.005608,0.076224,0.000000,15.381731,0.010551,0.004125,-0.000056,1.000000,0.137663,0.016223,1.000000,0.038112,-0.002804,0.639917
9.261000,1.911000,15.483494,0.015312,-0.006647,-0.000103,672.472923,673.423058,675.565481,670.170627,-1.148241,0.009431,-0.083151,-0.000103,1.916736,0.005880,0.076504,0.000000,15.483494,0.015312,-0.006647,-0.000103,1.000000,0.140105,0.013885,1.000000,0.038252,-0.002940,0.638912
9.287000,1.937000,15.520595,0.014861,-0.000635,-0.000089,672.315842,675.178481,675.325973,672.038748,-1.108168,0.008702,-0.077325,-0.000089,1.913763,0.006159,0.076690,0.000000,15.520595,0.014861,-0.000635,-0.000089,1.000000,0.142756,0.012886,1.000000,0.038345,-0.003079,0.637921
9.302000,1.952000,15.549962,0.015020,0.001223,-0.000059,672.616676,676.128341,675.679036,672.983050,-1.075879,0.008577,-0.075552,-0.000059,1.910841,0.006443,0.076775,0.000000,15.549962,0.015020,0.001223,-0.000059,1.000000,0.145921,0.012153,1.000000,0.038387,-0.003222,0.636947
9.320000,1.970000,15.546794,0.006518,-0.000197,-0.000014,673.649133,674.930275,674.985609,673.573257,-1.076154,-0.000217,-0.076942,-0.000014,1.907949,0.006736,0.076746,0.000000,15.546794,0.006518,-0.000197,-0.000014,1.000000,0.151541,0.012173,1.000000,0.038373,-0.003368,0.635983
9.341000,1.991000,15.579136,0.007716,0.005813,-0.000001,673.219249,676.748623,674.812818,675.158204,-1.040977,0.000683,-0.070801,-0.000001,1.905113,0.007033,0.076614,0.000000,15.579136,0.007716,0.005813,-0.000001,1.000000,0.154662,0.011338,1.000000,0.038307,-0.003517,0.635038
9.365000,2.015000,15.627339,0.011534,0.013889,0.000036,672.508945,679.505789,674.917752,677.164785,-0.990008,0.004199,-0.062495,0.000036,1.902347,0.007335,0.076384,0.000000,15.627339,0.011534,0.013889,0.000036,1.000000,0.156883,0.010193,1.000000,0.038192,-0.003668,0.634116
9.385000,2.035000,15.698446,0.011316,0.009500,0.000042,674.805648,680.284285,677.165780,677.995350,-0.916226,0.003673,-0.066535,0.000042,1.899673,0.007644,0.076035,0.000000,15.698446,0.011316,0.009500,0.000042,1.000000,0.161204,0.008839,1.000000,0.038017,-0.003822,0.633224
9.402000,2.052000,15.703017,0.009834,0.011434,0.000076,674.723580,680.537834,676.802234,678.579664,-0.909037,0.001877,-0.064137,0.000076,1.897054,0.007957,0.075571,0.000000,15.703017,0.009834,0.011434,0.000076,1.000000,0.165749,0.008675,1.000000,0.037785,-0.003979,0.632351
9.421000,2.071000,15.761947,0.007650,0.004961,0.000087,677.296281,680.506411,678.927236,679.004706,-0.847591,-0.000625,-0.070023,0.000087,1.894538,0.008275,0.074984,0.000000,15.761947,0.007650,0.004961,0.000087,1.000000,0.170364,0.007674,1.000000,0.037492,-0.004138,0.631513
9.443000,2.093000,15.788545,0.003303,-0.003032,0.000047,679.654753,679.326246,680.362955,678.683804,-0.818562,-0.005297,-0.077300,0.000047,1.892107,0.008600,0.074268,0.000000,15.788545,0.003303,-0.003032,0.000047,1.000000,0.176325,0.007301,1.000000,0.037134,-0.004300,0.630702
9.462000,2.112000,15.808143,0.000808,-0.001510,0.000040,680.082275,679.746769,680.274764,679.611218,-0.796621,-0.008121,-0.074936,0.000040,1.889764,0.008929,0.073426,0.000000,15.808143,0.000808,-0.001510,0.000040,1.000000,0.181771,0.006914,1.000000,0.036713,-0.004465,0.629921
9.481000,2.131000,15.780288,-0.002621,0.001751,0.000060,679.287712,679.328275,678.791200,679.910386,-0.822193,-0.011883,-0.070706,0.000060,1.887481,0.009262,0.072457,0.000000,15.780288,-0.002621,0.001751,0.000060,1.000000,0.188087,0.007274,1.000000,0.036228,-0.004632,0.629160
9.505000,2.155000,16.109158,-0.001615,-0.032851,0.000090,691.866611,680.768208,691.601891,681.166006,-0.491281,-0.011213,-0.104089,0.000090,1.885440,0.009598,0.071238,0.000000,16.109158,-0.001615,-0.032851,0.000090,1.000000,0.214033,0.003510,1.000000,0.035619,-0.004800,0.628480
9.524000,2.174000,15.823988,-0.003107,0.023817,0.000053,676.621479,683.860014,676.018215,684.532294,-0.774389,-0.013045,-0.046197,0.000053,1.883377,0.009937,0.070015,0.000000,15.823988,-0.003107,0.023817,0.000053,1.000000,0.199161,0.006227,1.000000,0.035007,-0.004969,0.627792
9.543000,2.193000,15.819874,-0.003641,0.022016,0.000020,676.898419,683.433918,676.162358,684.190053,-0.776551,-0.013919,-0.046644,0.000020,1.881425,0.010278,0.068661,0.000000,15.819874,-0.003641,0.022016,0.000020,1.000000,0.204412,0.006267,1.000000,0.034330,-0.005140,0.627142
9.561000,2.211000,15.821824,-0.004430,0.032360,-0.000039,675.321018,685.117438,674.380109,685.988456,-0.772736,-0.015052,-0.034813,-0.000039,1.879560,0.010622,0.067174,0.000000,15.821824,-0.004430,0.032360,-0.000039,1.000000,0.211414,0.006115,1.000000,0.033587,-0.005312,0.626520
9.582000,2.232000,16.154924,-0.006596,-0.011897,-0.000054,689.974221,684.746262,688.605375,686.046234,-0.438077,-0.017563,-0.077292,-0.000054,1.878001,0.010967,0.065396,0.000000,16.154924,-0.006596,-0.011897,-0.000054,1.000000,0.243526,0.002547,1.000000,0.032698,-0.005484,0.626000
9.603000,2.253000,15.814419,-0.008486,0.035794,-0.000075,675.019315,685.124373,673.214724,686.791335,-0.776926,-0.019799,-0.027846,-0.000075,1.876345,0.011313,0.063640,0.000000,15.814419,-0.008486,0.035794,-0.000075,1.000000,0.224064,0.006153,1.000000,0.031820,-0.005657,0.625448
9.622000,2.272000,15.739049,-0.007348,0.031601,-0.000046,673.957055,682.928701,672.405510,684.391223,-0.850710,-0.019007,-0.030146,-0.000046,1.874759,0.011660,0.061747,0.000000,15.739049,-0.007348,0.031601,-0.000046,1.000000,0.230150,0.007364,1.000000,0.030873,-0.005831,0.624920
9.643000,2.293000,15.821064,-0.014182,0.024612,-0.000073,677.608576,682.846924,674.637332,685.678771,-0.767256,-0.026188,-0.035105,-0.000073,1.873320,0.012006,0.059717,0.000000,15.821064,-0.014182,0.024612,-0.000073,1.000000,0.237535,0.006079,1.000000,0.029858,-0.006004,0.624440
9.663000,2.313000,15.872066,-0.015434,0.018675,-0.000057,679.813880,682.827489,676.606132,685.925767,-0.714945,-0.027785,-0.038868,-0.000057,1.872011,0.012351,0.057544,0.000000,15.872066,-0.015434,0.018675,-0.000057,1.000000,0.246074,0.005340,1.000000,0.028772,-0.006177,0.624004
9.685000,2.335000,15.889910,-0.018050,0.008901,-0.000021,682.067193,681.317965,678.357132,684.981408,-0.695917,-0.030746,-0.046322,-0.000021,1.870827,0.012696,0.055223,0.000000,15.889910,-0.018050,0.008901,-0.000021,1.000000,0.255228,0.005152,1.000000,0.027611,-0.006349,0.623609
9.702000,2.352000,15.835043,-0.018859,0.000892,0.000088,682.256988,678.689575,678.456775,682.613855,-0.749687,-0.031897,-0.051883,0.000088,1.869730,0.013038,0.052775,0.000000,15.835043,-0.018859,0.000892,0.000088,1.000000,0.259460,0.005991,1.000000,0.026387,-0.006520,0.623243
9.722000,2.372000,15.790631,-0.020091,0.000830,0.000158,681.416993,677.568716,677.406551,681.803524,-0.793093,-0.033468,-0.049365,0.000158,1.868724,0.013377,0.050195,0.000000,15.790631,-0.020091,0.000830,0.000158,1.000000,0.265243,0.006646,1.000000,0.025097,-0.006690,0.622908
9.741000,2.391000,15.781668,-0.021258,-0.000031,0.000176,681.479801,677.105412,677.242288,681.595274,-0.801158,-0.034971,-0.047510,0.000176,1.867825,0.013713,0.047478,0.000000,15.781668,-0.021258,-0.000031,0.000176,1.000000,0.272718,0.006767,1.000000,0.023739,-0.006858,0.622608
9.762000,2.412000,15.731291,-0.023018,0.000656,0.000148,680.474106,675.960394,675.848411,680.796672,-0.850719,-0.037063,-0.043968,0.000148,1.867009,0.014045,0.044624,0.000000,15.731291,-0.023018,0.000656,0.000148,1.000000,0.280338,0.007568,1.000000,0.022312,-0.007023,0.622336
9.781000,2.431000,15.793706,-0.025029,-0.002563,0.000094,682.568143,676.587590,677.506946,681.790452,-0.787653,-0.039402,-0.044186,0.000094,1.866359,0.014373,0.041623,0.000000,15.793706,-0.025029,-0.002563,0.000094,1.000000,0.290949,0.006554,1.000000,0.020811,-0.007187,0.622120
9.801000,2.451000,15.748181,-0.016671,0.004499,0.000036,679.589937,677.659164,676.189642,681.103270,-0.832624,-0.031365,-0.033992,0.000036,1.865805,0.014694,0.038491,0.000000,15.748181,-0.016671,0.004499,0.000036,1.000000,0.297637,0.007147,1.000000,0.019245,-0.007348,0.621935
9.821000,2.471000,15.669571,-0.023052,0.007684,0.000024,678.027672,675.837935,673.292511,680.589082,-0.910759,-0.038062,-0.027540,0.000024,1.865330,0.015010,0.035224,0.000000,15.669571,-0.023052,0.007684,0.000024,1.000000,0.304931,0.008516,1.000000,0.017612,-0.007506,0.621777
9.844000,2.494000,15.785692,-0.038193,-0.006440,0.000076,684.382027,674.418338,676.618067,682.316340,-0.794379,-0.053514,-0.038232,0.000076,1.865071,0.015320,0.031792,0.000000,15.785692,-0.038193,-0.006440,0.000076,1.000000,0.321412,0.006743,1.000000,0.015896,-0.007661,0.621690
9.862000,2.512000,15.658147,-0.041449,0.009522,0.000117,679.332589,673.963542,670.862461,682.561583,-0.921717,-0.057071,-0.018723,0.000117,1.864864,0.015622,0.028245,0.000000,15.658147,-0.041449,0.009522,0.000117,1.000000,0.323685,0.008856,1.000000,0.014122,-0.007812,0.621621
9.884000,2.534000,15.690620,-0.042897,-0.004237,0.000200,682.422306,672.188188,673.749585,681.167674,-0.889227,-0.058814,-0.028757,0.000200,1.864847,0.015916,0.024521,0.000000,15.690620,-0.042897,-0.004237,0.000200,1.000000,0.340673,0.008336,1.000000,0.012260,-0.007959,0.621616
9.906000,2.556000,15.663678,-0.041498,-0.003712,0.000198,681.616113,671.835553,673.220946,680.531710,-0.916260,-0.057702,-0.024377,0.000198,1.864937,0.016204,0.020665,0.000000,15.663678,-0.041498,-0.003712,0.000198,1.000000,0.351518,0.008788,1.000000,0.010332,-0.008102,0.621646
9.922000,2.572000,15.528550,-0.037071,0.010419,0.000173,675.917994,671.728991,668.356334,679.500716,-1.051557,-0.053550,-0.006259,0.000173,1.865107,0.016479,0.016678,0.000000,15.528550,-0.037071,0.010419,0.000173,1.000000,0.355805,0.011348,1.000000,0.008339,-0.008240,0.621702
9.942000,2.592000,15.479057,-0.037793,0.009303,0.000135,675.119721,670.402764,667.372472,678.309847,-1.101304,-0.054537,-0.003273,0.000135,1.865361,0.016744,0.012577,0.000000,15.479057,-0.037793,0.009303,0.000135,1.000000,0.363571,0.012427,1.000000,0.006288,-0.008372,0.621787
9.961000,2.611000,15.324602,-0.036946,0.023481,0.000082,669.318314,669.520339,661.644116,677.223308,-1.256033,-0.053943,0.015117,0.000082,1.865635,0.016997,0.008364,0.000000,15.324602,-0.036946,0.023481,0.000082,1.000000,0.367308,0.016090,1.000000,0.004181,-0.008499,0.621878
9.982000,2.632000,15.333524,-0.021334,0.009535,-0.000010,670.264144,669.030929,665.809603,673.449089,-1.247511,-0.038572,0.005528,-0.000010,1.866034,0.017238,0.004007,0.000000,15.333524,-0.021334,0.009535,-0.000010,1.000000,0.381333,0.015715,1.000000,0.002003,-0.008619,0.622011
10.002000,2.652000,15.279141,-0.031752,0.014127,-0.000073,669.410667,667.552412,662.720904,674.088286,-1.302368,-0.049218,0.014589,-0.000073,1.866509,0.017466,-0.000463,0.000000,15.279141,-0.031752,0.014127,-0.000073,1.000000,0.386858,0.017225,1.000000,-0.000232,-0.008733,0.622170
10.021000,2.671000,15.149550,-0.042784,0.018189,-0.000156,667.069314,664.271197,657.967013,673.062543,-1.432455,-0.060463,0.023230,-0.000156,1.867005,0.017679,-0.005041,0.000000,15.149550,-0.042784,0.018189,-0.000156,1.000000,0.391920,0.020939,1.000000,-0.002521,-0.008839,0.622335
10.042000,2.692000,15.315588,-0.063871,-0.023827,-0.000254,679.905148,658.614846,666.517972,671.791348,-1.267141,-0.081754,-0.014018,-0.000254,1.867729,0.017883,-0.009808,0.000000,15.315588,-0.063871,-0.023827,-0.000254,1.000000,0.418994,0.016745,1.000000,-0.004905,-0.008941,0.622576
10.061000,2.711000,15.157147,-0.049395,-0.007967,-0.000227,672.340370,659.325372,661.871024,669.503888,-1.426313,-0.067465,0.006705,-0.000227,1.868461,0.018070,-0.014672,0.000000,15.157147,-0.049395,-0.007967,-0.000227,1.000000,0.421809,0.020803,1.000000,-0.007336,-0.009035,0.622820
10.083000,2.733000,15.037720,-0.056490,0.002255,0.000050,668.661839,657.561524,656.827123,669.456572,-1.546514,-0.074731,0.021898,0.000050,1.869233,0.018241,-0.019644,0.000000,15.037720,-0.056490,0.002255,0.000050,1.000000,0.428748,0.024523,1.000000,-0.009822,-0.009120,0.623078
10.105000,2.755000,14.922221,-0.062505,0.015033,0.000393,664.480774,656.407817,651.529810,669.837227,-1.662808,-0.080898,0.039736,0.000393,1.870029,0.018393,-0.024703,0.000000,14.922221,-0.062505,0.015033,0.000393,1.000000,0.432093,0.028462,1.000000,-0.012352,-0.009196,0.623343
10.121000,2.771000,14.964982,-0.058782,-0.009328,0.000466,669.113943,653.546599,657.094994,666.311168,-1.620964,-0.077314,0.020591,0.000466,1.870946,0.018532,-0.029919,0.000000,14.964982,-0.058782,-0.009328,0.000466,1.000000,0.453321,0.026915,1.000000,-0.014960,-0.009265,0.623649
10.141000,2.791000,14.788398,-0.088702,0.024600,0.000454,662.637967,652.250466,644.053729,671.267104,-1.798429,-0.107350,0.059797,0.000454,1.871827,0.018648,-0.035197,0.000000,14.788398,-0.088702,0.024600,0.000454,1.000000,0.451662,0.033853,1.000000,-0.017599,-0.009323,0.623942
10.162000,2.812000,14.647014,-0.074662,0.029175,0.000135,657.356828,651.493075,641.442364,667.365033,-1.940674,-0.093405,0.069727,0.000135,1.872688,0.018742,-0.040552,0.000000,14.647014,-0.074662,0.029175,0.000135,1.000000,0.456099,0.039021,1.000000,-0.020276,-0.009371,0.624229
10.181000,2.831000,14.688237,-0.067152,0.001278,-0.000323,662.394225,648.577514,647.891116,662.590353,-1.900400,-0.085972,0.047321,-0.000323,1.873636,0.018820,-0.046043,0.000000,14.688237,-0.067152,0.001278,-0.000323,1.000000,0.474671,0.037078,1.000000,-0.023022,-0.009409,0.624545
10.202000,2.852000,14.540266,-0.031310,0.016413,-0.000485,652.777210,651.770179,645.714178,658.049491,-2.049269,-0.050182,0.068006,-0.000485,1.874535,0.018872,-0.051593,0.000000,14.540266,-0.031310,0.016413,-0.000485,1.000000,0.478376,0.042709,1.000000,-0.025797,-0.009436,0.624845
10.221000,2.871000,14.452227,-0.042478,0.018802,-0.000625,651.633330,649.063447,642.039478,657.628852,-2.138194,-0.061378,0.076026,-0.000625,1.875421,0.018901,-0.057224,0.000000,14.452227,-0.042478,0.018802,-0.000625,1.000000,0.485368,0.046673,1.000000,-0.028612,-0.009450,0.625140
10.242000,2.892000,14.357161,-0.049901,0.007722,-0.000687,652.227597,644.211681,640.987037,654.373894,-2.234111,-0.068807,0.070657,-0.000687,1.876273,0.018906,-0.062935,0.000000,14.357161,-0.049901,0.007722,-0.000687,1.000000,0.493788,0.050885,1.000000,-0.031467,-0.009453,0.625424
10.264000,2.914000,14.326760,-0.051621,-0.049318,-0.000545,661.450641,633.226623,650.102494,644.047055,-2.265753,-0.070513,0.019794,-0.000545,1.877513,0.018892,-0.069112,0.000000,14.326760,-0.051621,-0.049318,-0.000545,1.000000,0.576188,0.051873,1.000000,-0.034556,-0.009447,0.625838
10.282000,2.932000,14.440063,-0.093732,-0.033773,-0.000432,665.691792,633.927758,645.474876,653.857033,-2.153410,-0.112589,0.041290,-0.000432,1.878473,0.018857,-0.075063,0.000000,14.440063,-0.093732,-0.033773,-0.000432,1.000000,0.525332,0.047810,1.000000,-0.037531,-0.009429,0.626158
10.300000,2.950000,14.244814,-0.065612,0.003794,-0.000151,651.872856,639.044525,637.591744,653.067788,-2.349514,-0.084404,0.084841,-0.000151,1.879328,0.018792,-0.081047,0.000000,14.244814,-0.065612,0.003794,-0.000151,1.000000,0.528612,0.056634,1.000000,-0.040523,-0.009397,0.626443
10.320000,2.970000,14.164212,-0.068345,0.002683,0.000026,650.483762,636.631609,635.702530,651.430397,-2.430944,-0.087046,0.089777,0.000026,1.880156,0.018702,-0.087093,0.000000,14.164212,-0.068345,0.002683,0.000026,1.000000,0.538077,0.060659,1.000000,-0.043546,-0.009352,0.626719
10.342000,2.992000,14.024879,-0.105338,0.021871,0.000399,647.855100,632.612882,625.098511,655.702510,-2.571011,-0.123921,0.115052,0.000399,1.880890,0.018583,-0.093181,0.000000,14.024879,-0.105338,0.021871,0.000399,1.000000,0.544042,0.068960,1.000000,-0.046590,-0.009293,0.626963
10.362000,3.012000,14.036290,-0.059518,-0.000451,0.000492,647.029733,633.912152,634.450596,647.243688,-2.560332,-0.077959,0.098920,0.000492,1.881622,0.018441,-0.099371,0.000000,14.036290,-0.059518,-0.000451,0.000492,1.000000,0.563101,0.067139,1.000000,-0.049685,-0.009222,0.627207
10.382000,3.032000,14.029062,-0.101246,-0.010640,0.000167,653.215180,627.452195,631.384310,649.666144,-2.568287,-0.119520,0.095022,0.000167,1.882350,0.018273,-0.105662,0.000000,14.029062,-0.101246,-0.010640,0.000167,1.000000,0.578722,0.068292,1.000000,-0.052831,-0.009138,0.627450
10.403000,3.053000,13.859621,-0.079575,0.017025,-0.000196,642.387958,631.005445,624.753392,648.174866,-2.738302,-0.097648,0.128963,-0.000196,1.882924,0.018073,-0.111938,0.000000,13.859621,-0.079575,0.017025,-0.000196,1.000000,0.581031,0.077600,1.000000,-0.055969,-0.009038,0.627641
10.423000,3.073000,13.824079,-0.075255,0.010398,-0.000334,642.320470,629.531267,625.544501,645.700248,-2.774347,-0.093096,0.128650,-0.000334,1.883426,0.017841,-0.118251,0.000000,13.824079,-0.075255,0.010398,-0.000334,1.000000,0.589693,0.079492,1.000000,-0.059125,-0.008923,0.627809
10.444000,3.094000,13.560079,-0.067686,-0.030847,-0.000333,642.712207,616.736546,627.629057,631.566665,-3.038944,-0.085274,0.094157,-0.000333,1.884024,0.017587,-0.125004,0.000000,13.560079,-0.067686,-0.030847,-0.000333,1.000000,0.690385,0.093966,1.000000,-0.062502,-0.008797,0.628008
10.462000,3.112000,13.841384,-0.061598,-0.029677,-0.000353,648.231591,624.269325,634.602317,637.579632,-2.758035,-0.078904,0.101818,-0.000353,1.884419,0.017306,-0.131494,0.000000,13.841384,-0.061598,-0.029677,-0.000353,1.000000,0.623194,0.077727,1.000000,-0.065747,-0.008657,0.628140
10.483000,3.133000,13.649913,-0.066881,0.023308,-0.000474,635.198613,628.775277,620.007242,643.040890,-2.949723,-0.083866,0.161225,-0.000474,1.884636,0.016985,-0.137917,0.000000,13.649913,-0.066881,0.023308,-0.000474,1.000000,0.622538,0.090311,1.000000,-0.068958,-0.008496,0.628212
10.503000,3.153000,13.592383,-0.070413,0.009017,-0.000559,636.820917,624.509622,620.814435,639.572302,-3.007365,-0.087047,0.153395,-0.000559,1.884748,0.016634,-0.144378,0.000000,13.592383,-0.070413,0.009017,-0.000559,1.000000,0.636145,0.093553,1.000000,-0.072189,-0.008322,0.628249
10.522000,3.172000,13.566475,-0.072115,-0.004006,-0.000576,638.715780,621.366718,622.364500,636.862453,-3.033280,-0.088372,0.146896,-0.000576,1.884755,0.016257,-0.150903,0.000000,13.566475,-0.072115,-0.004006,-0.000576,1.000000,0.651890,0.094947,1.000000,-0.075451,-0.008134,0.628252
10.544000,3.194000,13.215412,-0.088342,0.047780,-0.000485,623.104099,620.623207,602.663967,639.752453,-3.384082,-0.104165,0.205290,-0.000485,1.884494,0.015823,-0.157511,0.000000,13.215412,-0.088342,0.047780,-0.000485,1.000000,0.704048,0.119820,1.000000,-0.078755,-0.007918,0.628165
10.565000,3.215000,13.261124,-0.090033,0.008311,-0.000366,631.391315,614.276085,610.932935,634.063946,-3.337965,-0.105394,0.172448,-0.000366,1.884089,0.015361,-0.164137,0.000000,13.261124,-0.090033,0.008311,-0.000366,1.000000,0.712618,0.115505,1.000000,-0.082068,-0.007687,0.628030
10.581000,3.231000,13.506983,-0.047005,-0.025598,-0.000300,638.318388,618.753049,627.757905,628.999885,-3.091678,-0.061893,0.145063,-0.000300,1.883662,0.014888,-0.170662,0.000000,13.506983,-0.047005,-0.025598,-0.000300,1.000000,0.677327,0.098072,1.000000,-0.085330,-0.007451,0.627887
10.601000,3.251000,13.451024,-0.068500,0.008195,-0.000295,633.405610,621.147947,617.940562,636.083713,-3.147038,-0.082880,0.185332,-0.000295,1.883062,0.014380,-0.177137,0.000000,13.451024,-0.068500,0.008195,-0.000295,1.000000,0.680873,0.103160,1.000000,-0.088568,-0.007197,0.627687
10.622000,3.272000,13.425089,-0.104936,-0.037164,-0.000746,644.927560,608.291546,621.299065,631.255918,-3.172237,-0.118780,0.146488,-0.000746,1.882326,0.013844,-0.183652,0.000000,13.425089,-0.104936,-0.037164,-0.000746,1.000000,0.696681,0.104188,1.000000,-0.091825,-0.006930,0.627442
10.642000,3.292000,13.350547,-0.116130,0.033956,-0.000998,632.003658,618.391237,605.109482,643.220790,-3.245863,-0.129396,0.223995,-0.000998,1.881409,0.013266,-0.190039,0.000000,13.350547,-0.116130,0.033956,-0.000998,1.000000,0.697032,0.112048,1.000000,-0.095019,-0.006642,0.627136
10.660000,3.310000,13.305077,-0.067093,0.055219,-0.000387,621.452379,626.401174,605.934528,640.835118,-3.290239,-0.079743,0.251564,-0.000387,1.880316,0.012650,-0.196344,0.000000,13.305077,-0.067093,0.055219,-0.000387,1.000000,0.706600,0.115221,1.000000,-0.098172,-0.006335,0.626772
10.682000,3.332000,13.281172,-0.123137,-0.013407,-0.000439,639.351737,607.011358,611.610439,634.279727,-3.312873,-0.135148,0.189296,-0.000439,1.879045,0.012012,-0.202704,0.000000,13.281172,-0.123137,-0.013407,-0.000439,1.000000,0.723188,0.115161,1.000000,-0.101351,-0.006016,0.626348
10.702000,3.352000,13.257873,-0.037778,0.014905,0.000059,624.181150,621.114709,615.739330,629.575679,-3.334711,-0.049116,0.223898,0.000059,1.877584,0.011339,-0.208993,0.000000,13.257873,-0.037778,0.014905,0.000059,1.000000,0.734945,0.116457,1.000000,-0.104496,-0.005680,0.625861
10.722000,3.372000,13.275004,-0.119667,-0.030531,0.001081,641.290702,603.438070,615.570883,631.324976,-3.315951,-0.130303,0.184708,0.001081,1.875956,0.010635,-0.215239,0.000000,13.275004,-0.119667,-0.030531,0.001081,1.000000,0.740668,0.115065,1.000000,-0.107619,-0.005328,0.625319
10.742000,3.392000,13.279728,-0.086880,0.011158,0.001957,630.111895,614.632079,612.094814,635.585440,-3.309418,-0.096772,0.232498,0.001957,1.874146,0.009892,-0.221340,0.000000,13.279728,-0.086880,0.011158,0.001957,1.000000,0.745198,0.115865,1.000000,-0.110670,-0.004955,0.624715
10.764000,3.414000,13.286255,-0.091899,0.008122,0.002365,631.208827,613.492663,612.392239,635.911948,-3.300896,-0.101014,0.235467,0.002365,1.872151,0.009115,-0.227346,0.000000,13.286255,-0.091899,0.008122,0.002365,1.000000,0.752673,0.115525,1.000000,-0.113673,-0.004564,0.624050
10.781000,3.431000,13.233673,-0.080448,-0.048630,0.002286,638.823461,603.078417,622.745198,623.253210,-3.351249,-0.088762,0.184744,0.002286,1.869922,0.008314,-0.233374,0.000000,13.233673,-0.080448,-0.048630,0.002286,1.000000,0.769256,0.116510,1.000000,-0.116687,-0.004161,0.623307
10.809000,3.459000,13.243334,-0.037480,-0.027833,0.001252,631.027791,612.516544,623.633794,622.007706,-3.339158,-0.044957,0.211464,0.001252,1.867493,0.007477,-0.239297,0.000000,13.243334,-0.037480,-0.027833,0.001252,1.000000,0.778200,0.116174,1.000000,-0.119648,-0.003740,0.622498
10.820000,3.470000,13.276768,-0.090976,0.000122,0.000004,633.177899,612.887024,612.844902,633.224071,-3.303096,-0.097574,0.245227,0.000004,1.864864,0.006599,-0.245104,0.000000,13.276768,-0.090976,0.000122,0.000004,1.000000,0.784894,0.116070,1.000000,-0.122552,-0.003300,0.621621
10.841000,3.491000,13.343028,-0.032662,0.012668,-0.000223,626.110331,623.399536,618.635680,630.472933,-3.234041,-0.038343,0.263419,-0.000223,1.862069,0.005682,-0.250751,0.000000,13.343028,-0.032662,0.012668,-0.000223,1.000000,0.785934,0.111676,1.000000,-0.125376,-0.002842,0.620690
10.860000,3.510000,13.393993,-0.119036,0.006408,-0.001236,638.287989,614.164285,610.827405,639.601170,-3.180099,-0.123768,0.262719,-0.001236,1.859092,0.004732,-0.256311,0.000000,13.393993,-0.119036,0.006408,-0.001236,1.000000,0.784576,0.109564,1.000000,-0.128156,-0.002368,0.619697
10.888000,3.538000,13.389487,-0.108399,-0.019567,-0.000779,641.427714,610.303903,616.859023,633.929448,-3.181408,-0.112151,0.242224,-0.000779,1.855894,0.003752,-0.261791,0.000000,13.389487,-0.108399,-0.019567,-0.000779,1.000000,0.794344,0.108339,1.000000,-0.130896,-0.001879,0.618631
10.901000,3.551000,13.276783,-0.111079,-0.039082,-0.000687,642.537189,603.626282,617.477555,628.172561,-3.290588,-0.113824,0.228151,-0.000687,1.852371,0.002745,-0.267233,0.000000,13.276783,-0.111079,-0.039082,-0.000687,1.000000,0.821331,0.114781,1.000000,-0.133616,-0.001376,0.617457
10.923000,3.573000,13.455804,-0.096094,-0.025892,-0.000176,642.493641,611.876630,621.185109,633.227995,-3.107949,-0.097798,0.246596,-0.000176,1.848753,0.001704,-0.272488,0.000000,13.455804,-0.096094,-0.025892,-0.000176,1.000000,0.807005,0.103631,1.000000,-0.136244,-0.000856,0.616251
10.947000,3.597000,13.383053,-0.029575,0.059857,0.000089,618.057073,632.995824,611.424148,639.540159,-3.176574,-0.030182,0.337383,0.000089,1.844627,0.000606,-0.277526,0.000000,13.383053,-0.029575,0.059857,0.000089,1.000000,0.867325,0.112380,1.000000,-0.138763,-0.000307,0.614876
10.961000,3.611000,13.545762,-0.087530,-0.037388,0.000066,645.531023,612.786452,626.412334,632.418298,-3.009842,-0.087030,0.245108,0.000066,1.840604,-0.000499,-0.282496,0.000000,13.545762,-0.087530,-0.037388,0.000066,1.000000,0.819070,0.097357,1.000000,-0.141248,0.000246,0.613535
10.982000,3.632000,13.740376,-0.064144,0.024771,0.001039,636.168377,630.826099,622.743116,645.652908,-2.811100,-0.062504,0.312018,0.001039,1.836476,-0.001641,-0.287247,0.000000,13.740376,-0.064144,0.024771,0.001039,1.000000,0.815029,0.089149,1.000000,-0.143623,0.000819,0.612159
11.005000,3.655000,13.856877,-0.073232,0.030007,0.001477,638.749815,633.274694,623.679513,650.340105,-2.690339,-0.070416,0.321803,0.001477,1.832216,-0.002816,-0.291795,0.000000,13.856877,-0.073232,0.030007,0.001477,1.000000,0.818910,0.083231,1.000000,-0.145898,0.001409,0.610739
11.025000,3.675000,13.887254,-0.073028,0.020868,0.001429,641.045638,632.394279,626.040284,649.400914,-2.655512,-0.069005,0.317040,0.001429,1.827766,-0.004023,-0.296171,0.000000,13.887254,-0.073028,0.020868,0.001429,1.000000,0.831860,0.081045,1.000000,-0.148086,0.002016,0.609255
11.042000,3.692000,13.752006,-0.068510,-0.042301,0.001257,648.571778,618.444537,634.610980,634.695905,-2.786032,-0.063258,0.258160,0.001257,1.823039,-0.005252,-0.300461,0.000000,13.752006,-0.068510,-0.042301,0.001257,1.000000,0.842641,0.084685,1.000000,-0.150231,0.002633,0.607680
11.064000,3.714000,13.941740,-0.076223,-0.019720,0.000441,650.051679,626.454086,633.835168,643.525253,-2.591488,-0.069706,0.284795,0.000441,1.818228,-0.006517,-0.304515,0.000000,13.941740,-0.076223,-0.019720,0.000441,1.000000,0.842560,0.075755,1.000000,-0.152257,0.003268,0.606076
11.086000,3.736000,13.881007,-0.069393,-0.069914,0.000039,656.748410,616.873980,641.893190,632.376801,-2.647141,-0.061586,0.238531,0.000039,1.813148,-0.007807,-0.308446,0.000000,13.881007,-0.069393,-0.069914,0.000039,1.000000,0.853237,0.076143,1.000000,-0.154223,0.003915,0.604383
11.106000,3.756000,14.031762,-0.074201,-0.038942,-0.000518,655.505425,625.719132,639.171684,641.609036,-2.491187,-0.065071,0.273222,-0.000518,1.807950,-0.009130,-0.312164,0.000000,14.031762,-0.074201,-0.038942,-0.000518,1.000000,0.850978,0.069949,1.000000,-0.156082,0.004577,0.602650
11.122000,3.772000,14.049750,-0.067229,-0.051803,-0.000668,657.423355,624.663778,642.542467,638.942446,-2.467787,-0.056751,0.263906,-0.000668,1.802537,-0.010478,-0.315709,0.000000,14.049750,-0.067229,-0.051803,-0.000668,1.000000,0.857345,0.068187,1.000000,-0.157854,0.005251,0.600846
11.142000,3.792000,14.362216,-0.037620,0.027481,-0.000680,647.603543,649.082494,638.968547,656.575280,-2.149914,-0.025757,0.346445,-0.000680,1.797130,-0.011863,-0.318964,0.000000,14.362216,-0.037620,0.027481,-0.000680,1.000000,0.852886,0.058290,1.000000,-0.159482,0.005944,0.599043
11.161000,3.811000,14.414254,-0.081875,0.014065,-0.000711,655.825489,643.167621,637.686086,660.107963,-2.092312,-0.068601,0.336087,-0.000711,1.791566,-0.013273,-0.322022,0.000000,14.414254,-0.081875,0.014065,-0.000711,1.000000,0.855201,0.055544,1.000000,-0.161010,0.006649,0.597189
11.182000,3.832000,14.439238,-0.071977,0.025324,-0.000050,653.161533,646.505301,637.594165,661.789130,-2.061540,-0.057269,0.350192,-0.000050,1.785778,-0.014707,-0.324868,0.000000,14.439238,-0.071977,0.025324,-0.000050,1.000000,0.874795,0.055091,1.000000,-0.162433,0.007366,0.595259
11.204000,3.854000,14.700258,-0.075231,0.024536,0.000230,659.358812,651.789125,643.439090,667.845081,-1.794818,-0.059061,0.351960,0.000230,1.780076,-0.016171,-0.327424,0.000000,14.700258,-0.075231,0.024536,0.000230,1.000000,0.866875,0.044950,1.000000,-0.163711,0.008099,0.593359
11.225000,3.875000,14.439309,-0.059829,-0.021350,0.000253,659.764719,639.537651,647.194437,652.633199,-2.049387,-0.042170,0.308382,0.000253,1.773696,-0.017659,-0.329732,0.000000,14.439309,-0.059829,-0.021350,0.000253,1.000000,0.927890,0.051688,1.000000,-0.164865,0.008846,0.591232
11.241000,3.891000,14.572461,-0.060914,-0.052187,0.000208,668.051329,637.053648,655.377427,650.396061,-1.910111,-0.041753,0.279737,0.000208,1.767573,-0.019160,-0.331924,0.000000,14.572461,-0.060914,-0.052187,0.000208,1.000000,0.883957,0.044485,1.000000,-0.165961,0.009598,0.589191
11.264000,3.914000,14.973960,-0.049672,-0.019096,-0.000337,670.281473,653.350139,659.643957,663.594305,-1.502585,-0.028981,0.314696,-0.000337,1.761545,-0.020691,-0.333793,0.000000,14.973960,-0.049672,-0.019096,-0.000337,1.000000,0.885700,0.032565,1.000000,-0.166895,0.010364,0.587182
11.285000,3.935000,14.806884,-0.046680,0.004988,-0.000436,662.270953,654.114714,652.070802,663.642781,-1.662813,-0.024440,0.340424,-0.000436,1.754697,-0.022240,-0.335436,0.000000,14.806884,-0.046680,0.004988,-0.000436,1.000000,0.984420,0.039298,1.000000,-0.167717,0.011140,0.584899
11.302000,3.952000,15.072936,-0.020357,-0.040910,-0.000389,673.068351,654.952675,668.572921,658.965512,-1.390524,0.003455,0.295915,-0.000389,1.748460,-0.023812,-0.336825,0.000000,15.072936,-0.020357,-0.040910,-0.000389,1.000000,0.901399,0.028093,1.000000,-0.168411,0.011927,0.582820
11.322000,3.972000,15.349174,-0.057931,-0.014825,-0.000308,678.547045,661.540366,666.337279,673.391542,-1.108114,-0.032524,0.323098,-0.000308,1.742288,-0.025407,-0.337922,0.000000,15.349174,-0.057931,-0.014825,-0.000308,1.000000,0.901139,0.022824,1.000000,-0.168959,0.012725,0.580763
11.343000,3.993000,15.338439,-0.050712,0.030440,-0.000412,670.054247,669.748531,659.139828,679.901701,-1.112009,-0.023695,0.369154,-0.000412,1.735447,-0.027018,-0.338713,0.000000,15.338439,-0.050712,0.030440,-0.000412,1.000000,0.998654,0.026049,1.000000,-0.169355,0.013531,0.578482
11.363000,4.013000,15.474585,-0.027520,-0.027427,-0.000304,680.214632,665.358119,674.347535,670.861874,-0.969626,0.001129,0.311845,-0.000304,1.729211,-0.028649,-0.339272,0.000000,15.474585,-0.027520,-0.027427,-0.000304,1.000000,0.920144,0.019127,1.000000,-0.169634,0.014348,0.576404
11.382000,4.032000,15.475916,-0.035737,-0.041884,-0.000187,683.427329,662.030061,675.977905,669.362714,-0.961962,-0.005443,0.297697,-0.000187,1.722877,-0.030294,-0.339581,0.000000,15.475916,-0.035737,-0.041884,-0.000187,1.000000,0.929243,0.018119,1.000000,-0.169788,0.015171,0.574292
11.402000,4.052000,15.543387,-0.037122,-0.042105,-0.000241,685.064791,663.356572,677.311579,670.921234,-0.888170,-0.005169,0.297522,-0.000241,1.716557,-0.031953,-0.339627,0.000000,15.543387,-0.037122,-0.042105,-0.000241,1.000000,0.930118,0.016743,1.000000,-0.169811,0.016002,0.572186
11.423000,4.073000,15.526381,-0.050135,-0.062324,-0.000473,689.409100,658.257006,678.883098,668.418391,-0.898686,-0.016512,0.277099,-0.000473,1.710066,-0.033623,-0.339424,0.000000,15.526381,-0.050135,-0.062324,-0.000473,1.000000,0.946309,0.015782,1.000000,-0.169709,0.016837,0.570022
11.446000,4.096000,15.874128,-0.043982,-0.013990,-0.000264,688.206227,674.607827,679.067264,683.429364,-0.544714,-0.008672,0.324919,-0.000264,1.703842,-0.035310,-0.338909,0.000000,15.874128,-0.043982,-0.013990,-0.000264,1.000000,0.939988,0.013532,1.000000,-0.169452,0.017681,0.567947
11.462000,4.112000,15.826032,-0.038711,-0.036737,-0.000113,690.314538,670.245517,682.383480,678.155554,-0.586483,-0.001705,0.301403,-0.000113,1.697515,-0.037006,-0.338140,0.000000,15.826032,-0.038711,-0.036737,-0.000113,1.000000,0.950865,0.012524,1.000000,-0.169067,0.018529,0.565838
11.482000,4.132000,15.955439,-0.009886,-0.009092,0.000144,685.540858,680.525809,683.627191,682.653256,-0.450852,0.028826,0.327991,0.000144,1.691291,-0.038712,-0.337083,0.000000,15.955439,-0.009886,-0.009092,0.000144,1.000000,0.955730,0.012874,1.000000,-0.168538,0.019383,0.563764
11.503000,4.153000,16.095812,-0.021197,-0.003629,0.000178,688.768258,683.269430,684.589528,687.707923,-0.304341,0.019229,0.332119,0.000178,1.685153,-0.040426,-0.335748,0.000000,16.095812,-0.021197,-0.003629,0.000178,1.000000,0.960308,0.011994,1.000000,-0.167871,0.020241,0.561718
11.524000,4.174000,16.250348,-0.009310,0.013927,0.000418,687.898804,690.549352,686.294280,692.732406,-0.143701,0.032838,0.348026,0.000418,1.679049,-0.042148,-0.334099,0.000000,16.250348,-0.009310,0.013927,0.000418,1.000000,0.984297,0.012427,1.000000,-0.167046,0.021102,0.559683
11.543000,4.193000,16.181761,-0.008486,-0.012253,0.000434,690.627377,684.886462,689.206631,686.932753,-0.206251,0.035388,0.319953,0.000434,1.673012,-0.043874,-0.332206,0.000000,16.181761,-0.008486,-0.012253,0.000434,1.000000,0.978468,0.010788,1.000000,-0.166099,0.021966,0.557671
11.566000,4.216000,16.606686,-0.000874,0.056724,0.000288,687.665319,705.796019,687.682906,706.176842,0.224903,0.044731,0.386533,0.000288,1.666783,-0.045605,-0.329809,0.000000,16.606686,-0.000874,0.056724,0.000288,1.000000,1.095166,0.015647,1.000000,-0.164900,0.022832,0.555594
11.581000,4.231000,16.510256,-0.012327,-0.034606,0.000166,701.612776,687.931412,699.272284,690.545414,0.134166,0.035012,0.292718,0.000166,1.661090,-0.047339,-0.327324,0.000000,16.510256,-0.012327,-0.034606,0.000166,1.000000,1.002665,0.008871,1.000000,-0.163658,0.023699,0.553697
11.602000,4.252000,16.395733,-0.004878,-0.035283,0.000190,698.581158,686.129486,697.734177,687.259630,0.025319,0.044196,0.289288,0.000190,1.655414,-0.049074,-0.324571,0.000000,16.395733,-0.004878,-0.035283,0.000190,1.000000,1.010252,0.008570,1.000000,-0.162281,0.024567,0.551805
11.621000,4.271000,16.420426,-0.005619,-0.059301,0.000265,703.000073,682.606089,702.061135,683.949306,0.055599,0.045188,0.262240,0.000265,1.649827,-0.050808,-0.321541,0.000000,16.420426,-0.005619,-0.059301,0.000265,1.000000,1.022262,0.007112,1.000000,-0.160766,0.025435,0.549942
11.645000,4.295000,16.583369,0.000852,-0.050057,0.000246,704.274361,688.263603,704.604681,688.273622,0.223947,0.053391,0.268164,0.000246,1.644422,-0.052539,-0.318221,0.000000,16.583369,0.000852,-0.050057,0.000246,1.000000,1.037782,0.007978,1.000000,-0.159105,0.026301,0.548141
11.660000,4.310000,16.639634,0.007779,-0.030634,0.000101,701.698505,693.368608,703.307578,691.879292,0.285493,0.062047,0.283989,0.000101,1.639141,-0.054268,-0.314623,0.000000,16.639634,0.007779,-0.030634,0.000101,1.000000,1.050418,0.009265,1.000000,-0.157306,0.027165,0.546380
11.682000,4.332000,16.763990,0.011741,-0.016640,-0.000003,701.688225,698.677360,704.012304,696.330794,0.414933,0.067732,0.294102,-0.000003,1.634057,-0.055991,-0.310742,0.000000,16.763990,0.011741,-0.016640,-0.000003,1.000000,1.064749,0.010830,1.000000,-0.155366,0.028025,0.544686
11.701000,4.351000,16.799134,0.018409,-0.008535,0.000052,700.440143,701.356751,704.125160,697.730215,0.455009,0.076117,0.298048,0.000052,1.629125,-0.057708,-0.306583,0.000000,16.799134,0.018409,-0.008535,0.000052,1.000000,1.079143,0.011533,1.000000,-0.153286,0.028883,0.543042
11.725000,4.375000,17.318990,0.016827,0.070448,0.000083,698.754331,724.317959,702.154617,721.133910,0.979660,0.076244,0.372290,0.000083,1.624330,-0.059417,-0.301841,0.000000,17.318990,0.016827,0.070448,0.000083,1.000000,1.215495,0.024039,1.000000,-0.150915,0.029736,0.541443
11.742000,4.392000,17.405063,0.027755,0.049777,0.000245,702.728749,723.838662,708.368284,718.653089,1.070239,0.088868,0.346596,0.000245,1.619824,-0.061112,-0.296819,0.000000,17.405063,0.027755,0.049777,0.000245,1.000000,1.227558,0.024257,1.000000,-0.148404,0.030582,0.539941
11.765000,4.415000,17.393650,0.029820,0.025787,0.000235,706.121753,720.072383,712.131782,714.450224,1.063049,0.092610,0.317313,0.000235,1.615601,-0.062790,-0.291526,0.000000,17.393650,0.029820,0.025787,0.000235,1.000000,1.231243,0.022227,1.000000,-0.145758,0.031420,0.538534
11.785000,4.435000,16.719003,0.031894,-0.060116,0.000180,705.648302,692.652317,712.031878,686.343695,0.392511,0.096350,0.226166,0.000180,1.611492,-0.064456,-0.286281,0.000000,16.719003,0.031894,-0.060116,0.000180,1.000000,1.120474,0.007584,1.000000,-0.143135,0.032252,0.537164
11.803000,4.453000,16.766314,0.031748,-0.086645,-0.000121,710.950871,689.431724,717.064229,682.898113,0.443695,0.097849,0.194144,-0.000121,1.607619,-0.066101,-0.280789,0.000000,16.766314,0.031748,-0.086645,-0.000121,1.000000,1.129835,0.006695,1.000000,-0.140389,0.033074,0.535873
11.822000,4.472000,16.808105,0.034002,-0.081088,-0.000173,710.727355,691.468569,717.246722,684.457267,0.489183,0.101733,0.193932,-0.000173,1.603922,-0.067731,-0.275020,0.000000,16.808105,0.034002,-0.081088,-0.000173,1.000000,1.158704,0.007189,1.000000,-0.137505,0.033888,0.534641
11.845000,4.495000,16.867982,0.023384,-0.054987,-0.000246,708.890378,695.924047,713.308874,691.046829,0.552551,0.092723,0.214018,-0.000246,1.600432,-0.069339,-0.269005,0.000000,16.867982,0.023384,-0.054987,-0.000246,1.000000,1.175575,0.008493,1.000000,-0.134497,0.034691,0.533477
11.861000,4.511000,16.964677,0.046296,-0.047115,-0.000366,707.423013,701.541634,716.241402,692.020631,0.652484,0.117221,0.215621,-0.000366,1.597193,-0.070925,-0.262736,0.000000,16.964677,0.046296,-0.047115,-0.000366,1.000000,1.197370,0.010281,1.000000,-0.131363,0.035482,0.532398
11.883000,4.533000,16.975637,0.045715,-0.002753,-0.000518,700.670648,708.842390,709.359797,699.425649,0.666469,0.118205,0.253452,-0.000518,1.594168,-0.072490,-0.256205,0.000000,16.975637,0.045715,-0.002753,-0.000518,1.000000,1.222595,0.012263,1.000000,-0.128098,0.036262,0.531389
11.902000,4.552000,16.991344,0.057436,0.018587,-0.000230,696.299039,713.584333,707.542342,702.118720,0.684961,0.131458,0.268056,-0.000230,1.591383,-0.074022,-0.249470,0.000000,16.991344,0.057436,0.018587,-0.000230,1.000000,1.225133,0.013605,1.000000,-0.124731,0.037025,0.530461
11.922000,4.572000,16.942328,0.038410,0.017168,-0.000118,697.363314,710.452748,704.914499,702.797882,0.638528,0.113932,0.259684,-0.000118,1.588800,-0.075521,-0.242516,0.000000,16.942328,0.038410,0.017168,-0.000118,1.000000,1.234475,0.012119,1.000000,-0.121255,0.037772,0.529600
11.942000,4.592000,16.954786,0.045670,0.033732,-0.000026,694.190133,714.001151,703.275282,705.018845,0.653315,0.122663,0.269041,-0.000026,1.586470,-0.076993,-0.235309,0.000000,16.954786,0.045670,0.033732,-0.000026,1.000000,1.261574,0.013011,1.000000,-0.117652,0.038505,0.528823
11.964000,4.614000,16.997182,0.074195,0.046666,0.000094,690.074004,719.623866,704.949764,705.187821,0.697758,0.152629,0.274526,0.000094,1.584423,-0.078434,-0.227859,0.000000,16.997182,0.074195,0.046666,0.000094,1.000000,1.288194,0.014735,1.000000,-0.113927,0.039224,0.528141
11.984000,4.634000,16.961701,0.075005,0.030981,0.000065,691.804765,716.533286,706.784633,701.851735,0.664083,0.154845,0.251175,0.000065,1.582618,-0.079840,-0.220194,0.000000,16.961701,0.075005,0.030981,0.000065,1.000000,1.302581,0.013117,1.000000,-0.110095,0.039924,0.527539
12.003000,4.653000,16.917214,0.080118,0.017623,0.000353,692.424711,713.917950,708.586076,698.373176,0.621155,0.161325,0.229938,0.000353,1.581059,-0.081207,-0.212315,0.000000,16.917214,0.080118,0.017623,0.000353,1.000000,1.318995,0.011748,1.000000,-0.106156,0.040607,0.527020
12.021000,4.671000,16.898230,0.075288,0.022655,0.000320,691.702701,713.862656,706.908147,699.255181,0.603462,0.157828,0.226847,0.000320,1.579767,-0.082541,-0.204192,0.000000,16.898230,0.075288,0.022655,0.000320,1.000000,1.352013,0.011279,1.000000,-0.102095,0.041273,0.526589
12.043000,4.693000,16.864807,0.073865,-0.003883,0.000046,695.536279,708.938889,710.201566,694.311442,0.571063,0.157696,0.191976,0.000046,1.578745,-0.083831,-0.195859,0.000000,16.864807,0.073865,-0.003883,0.000046,1.000000,1.368987,0.009433,1.000000,-0.097929,0.041917,0.526248
12.061000,4.711000,16.667283,0.039997,-0.041476,-0.000266,700.936662,695.559995,708.664465,687.308054,0.374417,0.125068,0.145916,-0.000266,1.577866,-0.085072,-0.187392,0.000000,16.667283,0.039997,-0.041476,-0.000266,1.000000,1.359230,0.005095,1.000000,-0.093696,0.042536,0.525955
12.082000,4.732000,16.792831,0.077672,0.009914,-0.000420,691.554974,710.184085,706.746943,694.477568,0.500464,0.163953,0.188544,-0.000420,1.577367,-0.086282,-0.178630,0.000000,16.792831,0.077672,0.009914,-0.000420,1.000000,1.422673,0.008748,1.000000,-0.089315,0.043140,0.525789
12.104000,4.754000,16.619795,0.053121,-0.014799,-0.000160,694.294837,700.135465,704.764104,689.370127,0.327772,0.140560,0.154943,-0.000160,1.577023,-0.087439,-0.169742,0.000000,16.619795,0.053121,-0.014799,-0.000160,1.000000,1.415175,0.005451,1.000000,-0.084872,0.043718,0.525674
12.122000,4.772000,16.577803,0.103593,-0.002035,0.000669,685.953864,706.001916,707.111210,685.761411,0.285859,0.192142,0.158634,0.000669,1.576944,-0.088548,-0.160670,0.000000,16.577803,0.103593,-0.002035,0.000669,1.000000,1.433295,0.007026,1.000000,-0.080336,0.044272,0.525648
12.142000,4.792000,16.436483,0.048667,-0.023054,0.000593,691.962721,694.238650,702.080843,684.848738,0.144414,0.138267,0.128371,0.000593,1.577069,-0.089600,-0.151425,0.000000,16.436483,0.048667,-0.023054,0.000593,1.000000,1.443162,0.003768,1.000000,-0.075714,0.044798,0.525690
12.165000,4.815000,16.509124,0.126604,0.037294,0.000943,675.533196,712.981190,701.770620,688.507916,0.216623,0.217220,0.179259,0.000943,1.577500,-0.090616,-0.141965,0.000000,16.509124,0.126604,0.037294,0.000943,1.000000,1.490020,0.008401,1.000000,-0.070984,0.045306,0.525833
12.185000,4.835000,16.255859,0.086575,-0.013295,0.000684,682.651818,695.782218,700.543572,678.747523,-0.037178,0.178142,0.119136,0.000684,1.578037,-0.091566,-0.132432,0.000000,16.255859,0.086575,-0.013295,0.000684,1.000000,1.464482,0.004607,1.000000,-0.066217,0.045781,0.526012
12.202000,4.852000,16.289559,0.129883,0.043795,0.001422,669.165339,709.644450,696.618860,684.742786,-0.004320,0.222357,0.166470,0.001422,1.578878,-0.092473,-0.122675,0.000000,16.289559,0.129883,0.043795,0.001422,1.000000,1.512688,0.007716,1.000000,-0.061339,0.046235,0.526293
12.222000,4.872000,16.059630,0.106040,-0.008945,0.001586,675.401233,693.976361,697.977977,673.563707,-0.235196,0.199353,0.103900,0.001586,1.579827,-0.093313,-0.112845,0.000000,16.059630,0.106040,-0.008945,0.001586,1.000000,1.493642,0.005607,1.000000,-0.056424,0.046655,0.526609
12.245000,4.895000,15.872724,0.051367,-0.029196,0.001172,680.486821,681.306748,691.705956,671.616706,-0.423179,0.145456,0.073714,0.001172,1.580903,-0.094089,-0.102910,0.000000,15.872724,0.051367,-0.029196,0.001172,1.000000,1.496426,0.004450,1.000000,-0.051456,0.047043,0.526968
12.265000,4.915000,16.145341,0.110327,0.065673,0.001372,664.371575,708.238217,688.034877,687.222478,-0.152118,0.205156,0.158325,0.001372,1.582459,-0.094830,-0.092652,0.000000,16.145341,0.110327,0.065673,0.001372,1.000000,1.590755,0.006947,1.000000,-0.046327,0.047414,0.527486
12.288000,4.938000,16.148159,0.090788,0.068235,0.001102,666.139697,706.878485,685.603018,689.577020,-0.151474,0.186273,0.150210,0.001102,1.584633,-0.095485,-0.081975,0.000000,16.148159,0.090788,0.068235,0.001102,1.000000,1.685720,0.005956,1.000000,-0.040989,0.047742,0.528211
12.305000,4.955000,15.878416,0.102811,0.053303,0.001227,661.422908,700.028803,683.559976,680.189918,-0.423110,0.198921,0.124789,0.001227,1.586526,-0.096110,-0.071486,0.000000,15.878416,0.102811,0.053303,0.001227,1.000000,1.611688,0.007305,1.000000,-0.035744,0.048054,0.528842
12.323000,4.973000,15.708061,0.101755,0.033731,0.000901,661.210681,693.307161,682.917891,673.241478,-0.595524,0.198429,0.094611,0.000901,1.588585,-0.096674,-0.060880,0.000000,15.708061,0.101755,0.033731,0.000901,1.000000,1.621776,0.008379,1.000000,-0.030441,0.048336,0.529528
12.347000,4.997000,15.328999,0.117175,-0.072131,-0.000049,669.493977,669.631883,693.406518,644.764762,-0.976635,0.214329,-0.021857,-0.000049,1.590634,-0.097154,-0.050274,0.000000,15.328999,0.117175,-0.072131,-0.000049,1.000000,1.581813,0.014180,1.000000,-0.025138,0.048576,0.530211
12.362000,5.012000,15.127989,0.116588,-0.078863,-0.000217,666.346844,664.092213,690.136456,639.002731,-1.179782,0.214149,-0.039270,-0.000217,1.592772,-0.097562,-0.039593,0.000000,15.127989,0.116588,-0.078863,-0.000217,1.000000,1.584537,0.018659,1.000000,-0.019798,0.048780,0.530924
12.385000,5.035000,15.263199,0.114099,-0.029851,-0.000997,661.554950,675.314407,684.476884,650.578910,-1.046916,0.212018,-0.001073,-0.000997,1.595115,-0.097919,-0.028778,0.000000,15.263199,0.114099,-0.029851,-0.000997,1.000000,1.624073,0.015456,1.000000,-0.014391,0.048959,0.531705
12.402000,5.052000,15.168946,0.110698,-0.016647,-0.001262,657.666318,675.222711,679.841772,651.002983,-1.143614,0.208907,0.001242,-0.001262,1.597560,-0.098209,-0.017889,0.000000,15.168946,0.110698,-0.016647,-0.001262,1.000000,1.634771,0.017443,1.000000,-0.008948,0.049104,0.532520
12.426000,5.076000,14.911210,0.106491,-0.005825,-0.001282,650.498416,671.004455,672.025163,647.516691,-1.403792,0.204912,0.001165,-0.001282,1.600002,-0.098421,-0.006989,0.000000,14.911210,0.106491,-0.005825,-0.001282,1.000000,1.623397,0.023905,1.000000,-0.003499,0.049210,0.533334
12.442000,5.092000,15.122889,0.097840,0.083880,-0.001291,640.599528,689.505234,660.620435,668.467059,-1.194869,0.196428,0.079759,-0.001291,1.602759,-0.098587,0.004122,0.000000,15.122889,0.097840,0.083880,-0.001291,1.000000,1.690995,0.018772,1.000000,0.002056,0.049294,0.534253
12.463000,5.113000,14.773740,0.108959,0.031218,-0.001039,640.576575,674.373215,663.114705,650.669725,-1.546755,0.207625,0.015997,-0.001039,1.605495,-0.098667,0.015221,0.000000,14.773740,0.108959,0.031218,-0.001039,1.000000,1.669261,0.028261,1.000000,0.007605,0.049334,0.535165
12.483000,5.133000,14.635282,0.114688,0.037055,-0.001062,635.758754,672.943518,659.655896,647.939172,-1.688580,0.213357,0.010287,-0.001062,1.608862,-0.098669,0.026768,0.000000,14.635282,0.114688,0.037055,-0.001062,1.000000,1.807712,0.033076,1.000000,0.013377,0.049336,0.536287
12.502000,5.152000,14.573953,0.112227,0.046513,-0.000955,632.898615,672.896269,656.454052,648.503754,-1.752714,0.210838,0.008586,-0.000955,1.611668,-0.098611,0.037927,0.000000,14.573953,0.112227,0.046513,-0.000955,1.000000,1.674803,0.035173,1.000000,0.018956,0.049308,0.537223
12.524000,5.174000,14.590690,0.121102,0.055466,-0.000724,630.629031,675.581937,656.315866,649.571029,-1.738909,0.219594,0.006295,-0.000724,1.614599,-0.098492,0.049171,0.000000,14.590690,0.121102,0.055466,-0.000724,1.000000,1.697014,0.035064,1.000000,0.024578,0.049250,0.538200
12.545000,5.195000,14.298151,0.128006,-0.000919,-0.000561,633.075924,660.340658,660.239783,632.316904,-2.034936,0.226292,-0.061748,-0.000561,1.618087,-0.098286,0.060829,0.000000,14.298151,0.128006,-0.000919,-0.000561,1.000000,1.835035,0.046912,1.000000,0.030406,0.049148,0.539362
12.565000,5.215000,14.114337,0.070174,-0.038823,-0.000269,641.758951,643.385298,656.619823,627.793810,-2.221543,0.168179,-0.110812,-0.000269,1.620880,-0.098006,0.071988,0.000000,14.114337,0.070174,-0.038823,-0.000269,1.000000,1.672593,0.053409,1.000000,0.035986,0.049009,0.540293
12.582000,5.232000,14.312345,0.145256,0.048261,-0.000417,622.629734,670.714003,654.016055,639.511157,-2.026528,0.242930,-0.035033,-0.000417,1.623873,-0.097675,0.083294,0.000000,14.312345,0.145256,0.048261,-0.000417,1.000000,1.711743,0.047092,1.000000,0.041639,0.048844,0.541291
12.603000,5.253000,14.051514,0.053801,-0.028274,-0.000008,640.158541,641.924531,651.751754,630.138455,-2.290249,0.151063,-0.122807,-0.000008,1.626762,-0.097262,0.094533,0.000000,14.051514,0.053801,-0.028274,-0.000008,1.000000,1.702473,0.056243,1.000000,0.047259,0.048638,0.542254
12.630000,5.280000,14.139447,0.158934,0.105257,0.000859,606.046675,677.403854,642.149674,644.582360,-2.205987,0.255737,-0.001145,0.000859,1.630434,-0.096802,0.106402,0.000000,14.139447,0.158934,0.105257,0.000859,1.000000,1.913236,0.055204,1.000000,0.053194,0.048409,0.543478
12.643000,5.293000,14.160209,0.129180,0.072722,0.001993,615.496474,668.910509,645.496148,643.037669,-2.188321,0.225457,-0.045096,0.001993,1.633530,-0.096277,0.117817,0.000000,14.160209,0.129180,0.072722,0.001993,1.000000,1.753378,0.053174,1.000000,0.058902,0.048146,0.544510
12.660000,5.310000,13.874539,0.178133,0.039389,0.003369,608.706812,661.591248,650.588646,625.723634,-2.476956,0.273804,-0.089753,0.003369,1.636495,-0.095671,0.129142,0.000000,13.874539,0.178133,0.039389,0.003369,1.000000,1.738067,0.069657,1.000000,0.064566,0.047842,0.545498
12.682000,5.332000,13.811249,0.159160,0.054787,0.003326,606.524166,660.829768,644.428762,629.097106,-2.543212,0.254162,-0.085707,0.003326,1.639461,-0.095002,0.140494,0.000000,13.811249,0.159160,0.054787,0.003326,1.000000,1.753641,0.071875,1.000000,0.070244,0.047506,0.546487
12.705000,5.355000,13.384995,0.087545,-0.021691,0.001836,619.091985,630.724515,639.814601,612.621825,-2.972764,0.181797,-0.173897,0.001836,1.642759,-0.094251,0.152206,0.000000,13.384995,0.087545,-0.021691,0.001836,1.000000,1.921397,0.094703,1.000000,0.076101,0.047129,0.547586
12.724000,5.374000,13.485302,0.102946,-0.039721,0.000595,623.454593,632.035904,646.467857,609.429765,-2.875171,0.196370,-0.203128,0.000595,1.645474,-0.093424,0.163407,0.000000,13.485302,0.102946,-0.039721,0.000595,1.000000,1.743487,0.090648,1.000000,0.081702,0.046715,0.548491
12.742000,5.392000,13.598397,0.137601,0.014405,0.000121,612.552775,648.090439,643.162473,617.915783,-2.764845,0.230140,-0.160290,0.000121,1.648242,-0.092538,0.174695,0.000000,13.598397,0.137601,0.014405,0.000121,1.000000,1.767971,0.084309,1.000000,0.087346,0.046272,0.549414
12.764000,5.414000,13.400024,0.085649,-0.029988,-0.000304,621.963130,630.249976,640.633529,610.778281,-2.965781,0.177217,-0.215822,-0.000304,1.650805,-0.091568,0.185834,0.000000,13.400024,0.085649,-0.029988,-0.000304,1.000000,1.753513,0.095757,1.000000,0.092915,0.045787,0.550268
12.784000,5.434000,13.190738,0.167629,-0.048142,0.000064,610.912697,631.062136,648.044698,592.972967,-3.177436,0.258142,-0.244972,0.000064,1.653174,-0.090513,0.196830,0.000000,13.190738,0.167629,-0.048142,0.000064,1.000000,1.739234,0.113626,1.000000,0.098413,0.045260,0.551058
12.808000,5.458000,13.067180,0.103523,-0.046751,0.000262,614.917564,621.217006,638.122385,597.783139,-3.303188,0.192903,-0.254461,0.000262,1.655368,-0.089380,0.207710,0.000000,13.067180,0.103523,-0.046751,0.000262,1.000000,1.740508,0.119307,1.000000,0.103853,0.044693,0.551789
12.825000,5.475000,13.307182,0.169194,0.073538,0.000094,590.774814,655.149352,629.464928,618.217190,-3.065440,0.257397,-0.145177,0.000094,1.657622,-0.088202,0.218715,0.000000,13.307182,0.169194,0.073538,0.000094,1.000000,1.755874,0.102702,1.000000,0.109356,0.044105,0.552541
12.842000,5.492000,13.166137,0.142585,0.038228,-0.000342,597.278373,643.171462,629.393806,611.234250,-3.208539,0.229527,-0.191346,-0.000342,1.659676,-0.086942,0.229574,0.000000,13.166137,0.142585,0.038228,-0.000342,1.000000,1.748623,0.111877,1.000000,0.114786,0.043475,0.553225
12.863000,5.513000,13.184237,0.072079,0.094730,-0.000398,595.319000,645.847743,611.645999,629.791519,-3.192417,0.157701,-0.145704,-0.000398,1.661655,-0.085622,0.240434,0.000000,13.184237,0.072079,0.094730,-0.000398,1.000000,1.764427,0.106525,1.000000,0.120215,0.042816,0.553885
12.893000,5.543000,12.600184,0.132921,0.014452,0.000003,590.465353,643.093494,621.257298,611.204041,-3.778400,0.217140,-0.237060,0.000003,1.663584,-0.084219,0.251512,0.000000,12.600184,0.132921,0.014452,0.000003,1.000000,1.925696,0.153098,1.000000,0.125755,0.042114,0.554528
12.903000,5.553000,13.008798,0.138558,0.058377,-0.001378,590.465353,643.093494,621.257298,611.204041,-3.371373,0.221299,-0.203717,-0.001378,1.665171,-0.082742,0.262094,0.000000,13.008798,0.138558,0.058377,-0.001378,1.000000,1.743495,0.122709,1.000000,0.131045,0.041377,0.555057
12.922000,5.572000,12.926513,0.147455,-0.018449,-0.001803,602.065984,628.757353,633.939397,593.654477,-3.455005,0.228633,-0.290928,-0.001803,1.666518,-0.081178,0.272479,0.000000,12.926513,0.147455,-0.018449,-0.001803,1.000000,1.727867,0.133062,1.000000,0.136237,0.040597,0.555506
12.945000,5.595000,12.555876,0.135566,0.047062,-0.001818,581.867528,630.544345,612.078308,598.307287,-3.826972,0.215131,-0.236211,-0.001818,1.667848,-0.079565,0.283273,0.000000,12.555876,0.135566,0.047062,-0.001818,1.000000,1.906960,0.156665,1.000000,0.141633,0.039793,0.555949
12.961000,5.611000,13.042384,0.126245,0.044956,-0.001648,595.391235,640.277556,622.994520,610.827440,-3.341548,0.204129,-0.248641,-0.001648,1.668932,-0.077884,0.293597,0.000000,13.042384,0.126245,0.044956,-0.001648,1.000000,1.722768,0.122009,1.000000,0.146795,0.038954,0.556311
12.986000,5.636000,13.027872,0.111351,0.043505,-0.001479,596.982291,637.999876,621.312176,611.980622,-3.356948,0.187485,-0.260289,-0.001479,1.669819,-0.076134,0.303794,0.000000,13.027872,0.111351,0.043505,-0.001479,1.000000,1.717225,0.122981,1.000000,0.151894,0.038081,0.556606
13.004000,5.654000,12.896370,0.106835,-0.017660,-0.001166,605.628099,623.417958,628.855251,598.083279,-3.489097,0.181138,-0.331428,-0.001166,1.670467,-0.074302,0.313768,0.000000,12.896370,0.106835,-0.017660,-0.001166,1.000000,1.713981,0.136004,1.000000,0.156881,0.037166,0.556822
13.023000,5.673000,12.850368,0.103396,0.004273,-0.000767,600.666229,625.744423,623.607026,601.643502,-3.535545,0.175805,-0.319369,-0.000767,1.670912,-0.072409,0.323642,0.000000,12.850368,0.103396,0.004273,-0.000767,1.000000,1.711600,0.138291,1.000000,0.161818,0.036220,0.556971
13.042000,5.692000,12.824375,0.100993,0.001568,-0.000473,600.705077,624.261490,623.326647,600.908440,-3.561771,0.171445,-0.331824,-0.000473,1.671146,-0.070452,0.333392,0.000000,12.824375,0.100993,0.001568,-0.000473,1.000000,1.705984,0.140812,1.000000,0.166693,0.035241,0.557049
13.064000,5.714000,12.796548,0.107831,0.004744,-0.000141,598.507981,624.808481,622.988299,600.174191,-3.589605,0.176260,-0.338242,-0.000141,1.671153,-0.068430,0.342986,0.000000,12.796548,0.107831,0.004744,-0.000141,1.000000,1.699982,0.143400,1.000000,0.171490,0.034229,0.557051
13.082000,5.732000,12.746811,0.118326,-0.040948,0.000027,604.563222,616.464290,631.251147,589.151796,-3.639093,0.184653,-0.393268,0.000027,1.670904,-0.066328,0.352320,0.000000,12.746811,0.118326,-0.040948,0.000027,1.000000,1.694448,0.151306,1.000000,0.176158,0.033176,0.556968
13.102000,5.752000,12.766297,0.128438,-0.019872,0.000007,599.938578,621.898343,629.051473,592.446247,-3.619137,0.192598,-0.381346,0.000007,1.670434,-0.064160,0.361474,0.000000,12.766297,0.128438,-0.019872,0.000007,1.000000,1.686710,0.149233,1.000000,0.180735,0.032090,0.556811
13.122000,5.772000,12.773661,0.129282,-0.071632,-0.000210,609.728367,612.827670,638.421140,582.525173,-3.611062,0.191193,-0.441961,-0.000210,1.669723,-0.061910,0.370329,0.000000,12.773661,0.129282,-0.071632,-0.000210,1.000000,1.681612,0.153586,1.000000,0.185163,0.030963,0.556574
13.141000,5.791000,12.784647,0.119256,0.041726,-0.000392,589.974325,632.515994,617.188211,605.360404,-3.599122,0.178870,-0.337394,-0.000392,1.668768,-0.059614,0.379120,0.000000,12.784647,0.119256,0.041726,-0.000392,1.000000,1.671519,0.144120,1.000000,0.189559,0.029813,0.556256
13.163000,5.813000,12.806679,0.110431,0.080025,-0.000571,584.303576,638.904510,609.620966,613.888169,-3.575892,0.167694,-0.307756,-0.000571,1.667572,-0.057263,0.387781,0.000000,12.806679,0.110431,0.080025,-0.000571,1.000000,1.659923,0.140154,1.000000,0.193890,0.028635,0.555857
13.182000,5.832000,12.860938,0.107168,0.065563,-0.000979,588.977649,637.406032,613.053085,612.729925,-3.520213,0.162010,-0.330609,-0.000979,1.666151,-0.054842,0.396172,0.000000,12.860938,0.107168,0.065563,-0.000979,1.000000,1.653155,0.137474,1.000000,0.198086,0.027422,0.555384
13.202000,5.852000,12.884664,0.053508,0.003156,-0.000919,607.513126,620.836290,618.968629,607.944463,-3.494825,0.105854,-0.401109,-0.000919,1.664488,-0.052347,0.404265,0.000000,12.884664,0.053508,0.003156,-0.000919,1.000000,1.651193,0.139347,1.000000,0.202133,0.026172,0.554829
13.225000,5.875000,12.913750,0.072675,0.029260,-0.001090,601.215911,628.424374,617.001034,611.198017,-3.463830,0.122469,-0.382911,-0.001090,1.662580,-0.049795,0.412171,0.000000,12.913750,0.072675,0.029260,-0.001090,1.000000,1.635178,0.136143,1.000000,0.206086,0.024895,0.554193
13.242000,5.892000,12.350481,0.075230,-0.000265,-0.001090,592.683868,610.047876,609.274614,591.686192,-4.024756,0.122470,-0.420574,-0.001090,1.660237,-0.047240,0.420309,0.000000,12.350481,0.075230,-0.000265,-0.001090,1.000000,1.795094,0.181175,1.000000,0.210155,0.023617,0.553412
13.266000,5.916000,12.860034,0.188276,-0.095709,0.000909,609.078075,616.693950,651.351395,573.411949,-3.512811,0.232861,-0.523498,0.000909,1.657845,-0.044585,0.427789,0.000000,12.860034,0.188276,-0.095709,0.000909,1.000000,1.693150,0.156226,1.000000,0.213896,0.022284,0.552615
13.289000,5.939000,12.973977,0.152870,-0.013453,0.000861,600.630697,630.271146,635.715179,596.274729,-3.396202,0.194749,-0.448542,0.000861,1.655180,-0.041880,0.435088,0.000000,12.973977,0.152870,-0.013453,0.000861,1.000000,1.668242,0.139254,1.000000,0.217546,0.020926,0.551727
13.304000,5.954000,13.105814,0.155170,-0.008668,-0.001199,603.466708,635.252430,637.398636,599.252509,-3.261496,0.194276,-0.450748,-0.001199,1.652309,-0.039107,0.442079,0.000000,13.105814,0.155170,-0.008668,-0.001199,1.000000,1.657181,0.130465,1.000000,0.221041,0.019536,0.550770
13.321000,5.971000,13.292161,0.111870,0.018656,-0.002183,608.244677,640.011382,631.738315,613.373828,-3.072128,0.148138,-0.430107,-0.002183,1.649289,-0.036267,0.448763,0.000000,13.292161,0.111870,0.018656,-0.002183,1.000000,1.645508,0.115074,1.000000,0.224383,0.018116,0.549763
13.344000,5.994000,13.410896,0.082979,0.035846,-0.002437,611.316930,642.697726,628.137931,622.463130,-2.950197,0.116348,-0.419300,-0.002437,1.646093,-0.033369,0.455146,0.000000,13.410896,0.082979,0.035846,-0.002437,1.000000,1.634690,0.105972,1.000000,0.227574,0.016667,0.548698
13.362000,6.012000,13.377818,0.067565,0.108681,-0.002503,598.776572,652.966677,612.394846,636.388748,-2.979812,0.097995,-0.352670,-0.002503,1.642630,-0.030430,0.461351,0.000000,13.377818,0.067565,0.108681,-0.002503,1.000000,1.611435,0.102191,1.000000,0.230677,0.015197,0.547543
13.382000,6.032000,13.317729,0.052635,0.150700,-0.002425,591.072223,657.222637,601.477221,644.053579,-3.036145,0.080087,-0.316667,-0.002425,1.638873,-0.027451,0.467368,0.000000,13.317729,0.052635,0.150700,-0.002425,1.000000,1.589676,0.102852,1.000000,0.233685,0.013707,0.546291
13.405000,6.055000,13.454274,0.033630,0.070154,-0.001845,611.438205,644.105903,617.665210,635.311929,-2.895662,0.058051,-0.402920,-0.001845,1.634936,-0.024421,0.473074,0.000000,13.454274,0.033630,0.070154,-0.001845,1.000000,1.565800,0.100420,1.000000,0.236538,0.012190,0.544979
13.422000,6.072000,13.516337,0.081363,0.103656,-0.002201,601.375671,656.546126,618.280552,637.294563,-2.829380,0.102708,-0.374892,-0.002201,1.630717,-0.021345,0.478549,0.000000,13.516337,0.081363,0.103656,-0.002201,1.000000,1.553699,0.095164,1.000000,0.239275,0.010651,0.543572
13.445000,6.095000,13.721134,0.068295,0.001855,-0.001030,625.954547,641.656667,640.222544,625.819695,-2.620277,0.086513,-0.481806,-0.001030,1.626411,-0.018217,0.483661,0.000000,13.721134,0.068295,0.001855,-0.001030,1.000000,1.522659,0.092621,1.000000,0.241832,0.009086,0.542137
13.466000,6.116000,13.352858,0.131318,-0.025784,0.000245,614.734465,634.713567,643.972659,605.422732,-2.983349,0.146376,-0.514434,0.000245,1.621208,-0.015058,0.488650,0.000000,13.352858,0.131318,-0.025784,0.000245,1.000000,1.610303,0.117611,1.000000,0.244326,0.007503,0.540403
13.480000,6.130000,13.980830,0.086630,-0.020629,0.001004,633.225486,644.805818,652.713715,626.635546,-2.350746,0.098482,-0.513831,0.001004,1.616575,-0.011852,0.493201,0.000000,13.980830,0.086630,-0.020629,0.001004,1.000000,1.466666,0.082632,1.000000,0.246601,0.005896,0.538858
13.509000,6.159000,14.331046,0.137624,0.090915,0.000737,615.748429,677.013473,646.654248,648.667160,-1.996306,0.146245,-0.406602,0.000737,1.612352,-0.008621,0.497517,0.000000,14.331046,0.137624,0.090915,0.000737,1.000000,1.313427,0.058524,1.000000,0.248759,0.004277,0.537451
13.525000,6.175000,13.646182,0.072086,-0.058047,0.000221,634.030112,629.241631,649.828434,613.264686,-2.675380,0.077431,-0.559664,0.000221,1.606562,-0.005345,0.501617,0.000000,13.646182,0.072086,-0.058047,0.000221,1.000000,1.548407,0.103499,1.000000,0.250809,0.002636,0.535521
13.541000,6.191000,14.271883,0.123203,0.022229,0.000362,628.529966,662.833950,655.515577,636.713362,-2.044584,0.125230,-0.483097,0.000362,1.601467,-0.002027,0.505325,0.000000,14.271883,0.123203,0.022229,0.000362,1.000000,1.406780,0.066710,1.000000,0.252663,0.000974,0.533822
13.563000,6.213000,14.189721,0.081123,0.037061,0.000883,628.433514,658.905478,646.794397,642.233621,-2.121325,0.079808,-0.471756,0.000883,1.596046,0.001315,0.508817,0.000000,14.189721,0.081123,0.037061,0.000883,1.000000,1.391863,0.067893,1.000000,0.254408,-0.000700,0.532015
13.582000,6.232000,14.331182,0.066911,0.029231,0.001055,634.607465,659.139868,649.878293,645.682779,-1.974339,0.062221,-0.482772,0.001055,1.590521,0.004690,0.512003,0.000000,14.331182,0.066911,0.029231,0.001055,1.000000,1.375272,0.062674,1.000000,0.256001,-0.002392,0.530174
13.604000,6.254000,14.635882,0.040524,-0.015020,0.000183,652.435012,655.890213,661.156639,647.373041,-1.664156,0.032419,-0.529834,0.000183,1.585037,0.008106,0.514814,0.000000,14.635882,0.040524,-0.015020,0.000183,1.000000,1.359398,0.055872,1.000000,0.257406,-0.004102,0.528346
13.620000,6.270000,14.463617,0.035885,0.041658,0.000048,639.212015,661.307175,647.017337,653.744201,-1.830642,0.024341,-0.475748,0.000048,1.579259,0.011544,0.517405,0.000000,14.463617,0.035885,0.041658,0.000048,1.000000,1.344496,0.056205,1.000000,0.258702,-0.005823,0.526420
13.642000,6.292000,14.433141,0.032614,0.044385,-0.000327,638.527226,660.897290,645.365784,653.733735,-1.855139,0.017606,-0.475353,-0.000327,1.573280,0.015007,0.519738,0.000000,14.433141,0.032614,0.044385,-0.000327,1.000000,1.329501,0.057042,1.000000,0.259867,-0.007555,0.524427
13.661000,6.311000,14.712192,0.051776,0.015842,-0.000621,647.893928,664.336890,658.491471,652.908131,-1.570100,0.033276,-0.505886,-0.000621,1.567293,0.018500,0.521728,0.000000,14.712192,0.051776,0.015842,-0.000621,1.000000,1.313091,0.050355,1.000000,0.260862,-0.009301,0.522431
13.682000,6.332000,14.933876,0.038784,-0.030737,-0.000659,662.234928,659.968787,669.884383,651.216806,-1.342371,0.016762,-0.554094,-0.000659,1.561247,0.022022,0.523358,0.000000,14.933876,0.038784,-0.030737,-0.000659,1.000000,1.312804,0.048750,1.000000,0.261677,-0.011060,0.520416
13.705000,6.355000,14.804017,0.069737,0.028557,-0.000743,645.869380,670.412706,660.212320,655.187592,-1.465941,0.044180,-0.496205,-0.000743,1.554957,0.025557,0.524761,0.000000,14.804017,0.069737,0.028557,-0.000743,1.000000,1.295218,0.046307,1.000000,0.262378,-0.012826,0.518319
13.722000,6.372000,14.881005,0.064634,0.020325,-0.000416,649.468545,670.056099,662.891288,656.161628,-1.382594,0.035526,-0.505548,-0.000416,1.548599,0.029108,0.525872,0.000000,14.881005,0.064634,0.020325,-0.000416,1.000000,1.280005,0.044800,1.000000,0.262934,-0.014600,0.516200
13.744000,6.394000,15.021203,0.069198,0.028119,0.000428,650.483388,674.561375,665.431502,660.452090,-1.235969,0.036527,-0.498557,0.000428,1.542172,0.032671,0.526676,0.000000,15.021203,0.069198,0.028119,0.000428,1.000000,1.270996,0.040266,1.000000,0.263335,-0.016383,0.514057
13.761000,6.411000,15.440616,0.054348,-0.038374,0.001047,672.408472,670.787852,684.282217,660.218373,-0.810166,0.018100,-0.565448,0.001047,1.535781,0.036248,0.527074,0.000000,15.440616,0.054348,-0.038374,0.001047,1.000000,1.286129,0.038570,1.000000,0.263534,-0.018174,0.511927
13.781000,6.431000,15.353628,0.047292,0.013911,0.000942,662.464006,676.938211,672.981993,667.858964,-0.890729,0.007457,-0.513312,0.000942,1.529357,0.039835,0.527223,0.000000,15.353628,0.047292,0.013911,0.000942,1.000000,1.259722,0.034289,1.000000,0.263608,-0.019969,0.509786
13.804000,6.454000,15.507916,0.030167,-0.001666,0.000746,670.336278,675.994457,677.085862,670.319468,-0.730048,-0.013264,-0.528717,0.000746,1.522964,0.043430,0.527051,0.000000,15.507916,0.030167,-0.001666,0.000746,1.000000,1.254101,0.033302,1.000000,0.263521,-0.021769,0.507655
13.827000,6.477000,15.502654,0.022268,-0.038676,0.000394,677.337381,669.005616,682.168373,664.657024,-0.728178,-0.024766,-0.565126,0.000394,1.515832,0.047033,0.526450,0.000000,15.502654,0.022268,-0.038676,0.000394,1.000000,1.356076,0.037301,1.000000,0.263220,-0.023571,0.505277
13.842000,6.492000,15.835291,0.019302,0.014537,-0.000172,676.179596,684.940419,680.025661,680.875411,-0.389232,-0.031342,-0.511090,-0.000172,1.509523,0.050644,0.525627,0.000000,15.835291,0.019302,0.014537,-0.000172,1.000000,1.251909,0.027735,1.000000,0.262808,-0.025376,0.503174
13.863000,6.513000,15.858521,0.019224,0.020010,-0.000118,675.761011,686.305695,679.630169,682.305144,-0.359667,-0.035031,-0.504497,-0.000118,1.503189,0.054255,0.524507,0.000000,15.858521,0.019224,0.020010,-0.000118,1.000000,1.249158,0.026868,1.000000,0.262248,-0.027182,0.501063
13.882000,6.532000,15.898181,0.021443,0.028919,-0.000186,674.930258,688.856372,679.213126,684.368927,-0.313686,-0.036423,-0.494160,-0.000186,1.496867,0.057866,0.523079,0.000000,15.898181,0.021443,0.028919,-0.000186,1.000000,1.248826,0.025536,1.000000,0.261534,-0.028987,0.498956
13.901000,6.551000,15.822057,0.020348,0.038741,-0.000194,671.752369,688.736466,675.824330,684.465216,-0.383416,-0.041126,-0.482622,-0.000194,1.490472,0.061474,0.521363,0.000000,15.822057,0.020348,0.038741,-0.000194,1.000000,1.250079,0.024932,1.000000,0.260675,-0.030790,0.496824
13.921000,6.571000,16.016046,0.023203,0.015494,-0.000139,679.508057,689.326524,684.152374,684.518981,-0.183141,-0.041872,-0.503835,-0.000139,1.484187,0.065076,0.519329,0.000000,16.016046,0.023203,0.015494,-0.000139,1.000000,1.250868,0.025896,1.000000,0.259658,-0.032590,0.494729
13.942000,6.592000,16.174362,0.007321,-0.003786,-0.000091,687.668077,687.915059,689.088038,686.364051,-0.018655,-0.061348,-0.520751,-0.000091,1.478016,0.068669,0.516965,0.000000,16.174362,0.007321,-0.003786,-0.000091,1.000000,1.258367,0.027498,1.000000,0.258476,-0.034385,0.492672
13.962000,6.612000,16.067583,0.020988,0.009273,-0.000103,681.857299,689.167382,686.060782,684.836638,-0.119195,-0.051267,-0.505055,-0.000103,1.471779,0.072255,0.514328,0.000000,16.067583,0.020988,0.009273,-0.000103,1.000000,1.258228,0.025913,1.000000,0.257157,-0.036176,0.490593
13.982000,6.632000,16.390506,0.011865,-0.017282,0.000043,693.937770,690.707707,696.343285,688.342868,0.209720,-0.063958,-0.528642,0.000043,1.465786,0.075824,0.511361,0.000000,16.390506,0.011865,-0.017282,0.000043,1.000000,1.264582,0.028795,1.000000,0.255673,-0.037958,0.488595
14.007000,6.657000,16.433662,0.011097,-0.007599,0.000119,693.328903,693.088127,695.634011,690.942987,0.258803,-0.068279,-0.515696,0.000119,1.459859,0.079377,0.508097,0.000000,16.433662,0.011097,-0.007599,0.000119,1.000000,1.270651,0.027730,1.000000,0.254041,-0.039733,0.486620
14.024000,6.674000,16.353042,0.005507,-0.000332,0.000102,691.013100,692.010570,692.190380,690.976798,0.184100,-0.077407,-0.504874,0.000102,1.453942,0.082914,0.504542,0.000000,16.353042,0.005507,-0.000332,0.000102,1.000000,1.278590,0.026428,1.000000,0.252264,-0.041499,0.484647
14.047000,6.697000,16.589667,-0.006165,-0.021283,-0.000011,700.578340,692.472143,699.344497,693.702950,0.426671,-0.092587,-0.521693,-0.000011,1.447996,0.086422,0.500410,0.000000,16.589667,-0.006165,-0.021283,-0.000011,1.000000,1.350914,0.029894,1.000000,0.250198,-0.043251,0.482665
14.062000,6.712000,16.451791,-0.004213,0.015423,-0.000054,691.569888,695.727590,690.684453,696.530636,0.294512,-0.094129,-0.480841,-0.000054,1.442279,0.089915,0.496264,0.000000,16.451791,-0.004213,0.015423,-0.000054,1.000000,1.299581,0.024874,1.000000,0.248125,-0.044996,0.480760
14.083000,6.733000,16.893491,-0.012933,-0.053451,-0.000152,712.698991,693.034076,710.067911,695.516070,0.742054,-0.106318,-0.544987,-0.000152,1.436437,0.093385,0.491535,0.000000,16.893491,-0.012933,-0.053451,-0.000152,1.000000,1.432103,0.036338,1.000000,0.245761,-0.046729,0.478812
14.102000,6.752000,16.596269,-0.014600,0.031620,-0.000206,693.085266,700.383361,690.006904,703.130798,0.450249,-0.111427,-0.455178,-0.000206,1.431020,0.096827,0.486798,0.000000,16.596269,-0.014600,0.031620,-0.000206,1.000000,1.325915,0.023988,1.000000,0.243392,-0.048448,0.477007
14.122000,6.772000,16.792966,-0.014897,-0.007802,-0.000117,703.553732,698.092995,700.521596,700.973362,0.652169,-0.115130,-0.489543,-0.000117,1.425797,0.100233,0.481740,0.000000,16.792966,-0.014897,-0.007802,-0.000117,1.000000,1.352122,0.029544,1.000000,0.240864,-0.050148,0.475266
14.142000,6.792000,16.853970,-0.019246,0.024824,-0.000059,700.007884,704.146470,696.129357,707.900181,0.718179,-0.122848,-0.451604,-0.000059,1.420791,0.103602,0.476428,0.000000,16.853970,-0.019246,0.024824,-0.000059,1.000000,1.355440,0.027062,1.000000,0.238207,-0.051831,0.473597
14.162000,6.812000,16.830595,-0.024820,0.022115,-0.000069,700.512537,702.679273,695.514925,707.531408,0.699675,-0.131763,-0.448712,-0.000069,1.415921,0.106943,0.470827,0.000000,16.830595,-0.024820,0.022115,-0.000069,1.000000,1.374341,0.026766,1.000000,0.235407,-0.053500,0.471974
14.185000,6.835000,16.863161,-0.026899,0.017355,-0.000107,702.174098,702.402722,696.747436,707.638432,0.736931,-0.137147,-0.447591,-0.000107,1.411230,0.110247,0.464945,0.000000,16.863161,-0.026899,0.017355,-0.000107,1.000000,1.392443,0.027345,1.000000,0.232467,-0.055150,0.470410
14.203000,6.853000,16.915069,-0.030285,0.004295,-0.000235,705.716253,701.101742,699.558293,706.921756,0.793332,-0.143798,-0.454491,-0.000235,1.406737,0.113513,0.458786,0.000000,16.915069,-0.030285,0.004295,-0.000235,1.000000,1.411640,0.029018,1.000000,0.229387,-0.056780,0.468912
14.224000,6.874000,17.526071,-0.034968,-0.066508,-0.000244,729.717568,702.023270,722.856941,708.750170,1.408572,-0.151697,-0.518520,-0.000244,1.402499,0.116730,0.452012,0.000000,17.526071,-0.034968,-0.066508,-0.000244,1.000000,1.563802,0.049028,1.000000,0.226001,-0.058385,0.467500
14.243000,6.893000,16.992424,-0.025253,0.012754,-0.000161,705.449854,704.536670,700.340144,709.394427,0.878943,-0.145146,-0.432585,-0.000161,1.398482,0.119893,0.445339,0.000000,16.992424,-0.025253,0.012754,-0.000161,1.000000,1.433427,0.028545,1.000000,0.222665,-0.059963,0.466161
14.265000,6.915000,16.894274,-0.041587,-0.023580,-0.000182,710.807356,695.027648,702.492323,703.179023,0.784626,-0.164609,-0.461957,-0.000182,1.394648,0.123022,0.438377,0.000000,16.894274,-0.041587,-0.023580,-0.000182,1.000000,1.460027,0.030206,1.000000,0.219185,-0.061525,0.464883
14.282000,6.932000,17.074083,-0.047120,0.011274,0.000054,709.454716,703.755553,700.179963,713.057246,0.967987,-0.173205,-0.419858,0.000054,1.391096,0.126085,0.431132,0.000000,17.074083,-0.047120,0.011274,0.000054,1.000000,1.488951,0.029998,1.000000,0.215563,-0.063054,0.463699
14.303000,6.953000,17.005878,-0.049817,0.009284,0.000039,708.633596,701.755981,698.800805,711.601274,0.903129,-0.178915,-0.414399,0.000039,1.387749,0.129098,0.423683,0.000000,17.005878,-0.049817,0.009284,0.000039,1.000000,1.494384,0.028530,1.000000,0.211838,-0.064558,0.462583
14.326000,6.976000,16.964258,-0.050851,-0.001144,-0.000076,709.568695,699.151975,699.466788,709.153266,0.864658,-0.182915,-0.417107,-0.000076,1.384601,0.132065,0.415963,0.000000,16.964258,-0.050851,-0.001144,-0.000076,1.000000,1.525343,0.028220,1.000000,0.207979,-0.066040,0.461534
14.341000,6.991000,16.973199,-0.050714,-0.013740,-0.000280,711.799318,697.398409,701.621845,707.250469,0.876517,-0.185695,-0.421725,-0.000280,1.381683,0.134981,0.407985,0.000000,16.973199,-0.050714,-0.013740,-0.000280,1.000000,1.555342,0.028916,1.000000,0.203991,-0.067496,0.460561
14.363000,7.013000,16.987883,-0.051878,-0.022800,-0.000404,713.684301,696.173019,703.222140,706.182250,0.893879,-0.189719,-0.422562,-0.000404,1.379004,0.137841,0.399762,0.000000,16.987883,-0.051878,-0.022800,-0.000404,1.000000,1.581962,0.029445,1.000000,0.199880,-0.068923,0.459668
14.385000,7.035000,17.582537,-0.053357,-0.084577,-0.000445,735.430412,698.544807,724.971861,708.781847,1.490664,-0.193997,-0.475440,-0.000445,1.376873,0.140641,0.390863,0.000000,17.582537,-0.053357,-0.084577,-0.000445,1.000000,1.770097,0.048589,1.000000,0.195432,-0.070320,0.458958
14.407000,7.057000,16.901594,-0.037509,0.012502,-0.000343,704.876693,701.459285,697.198228,708.619320,0.811918,-0.180874,-0.369683,-0.000343,1.374676,0.143365,0.382186,0.000000,16.901594,-0.037509,0.012502,-0.000343,1.000000,1.617214,0.023530,1.000000,0.191094,-0.071679,0.458225
14.424000,7.074000,17.104175,-0.075851,-0.031209,-0.000283,719.666798,694.813471,704.649955,709.649939,1.016140,-0.221849,-0.404168,-0.000283,1.373035,0.145998,0.372959,0.000000,17.104175,-0.075851,-0.031209,-0.000283,1.000000,1.728372,0.031582,1.000000,0.186482,-0.072993,0.457678
14.445000,7.095000,16.803690,-0.062933,0.009675,-0.000125,705.736028,696.343327,693.122563,708.727085,0.717346,-0.211528,-0.354154,-0.000125,1.371344,0.148595,0.363829,0.000000,16.803690,-0.062933,0.009675,-0.000125,1.000000,1.668181,0.022163,1.000000,0.181917,-0.074291,0.457115
14.466000,7.116000,16.997794,-0.060745,0.006185,0.000339,709.932837,699.895084,698.140906,712.122066,0.912603,-0.211823,-0.348006,0.000339,1.370191,0.151079,0.354191,0.000000,16.997794,-0.060745,0.006185,0.000339,1.000000,1.769696,0.024926,1.000000,0.177099,-0.075532,0.456730
14.485000,7.135000,16.735541,-0.088479,0.016583,0.000386,705.575234,693.279295,688.150994,711.107527,0.651559,-0.242013,-0.328062,0.000386,1.368981,0.153533,0.344645,0.000000,16.735541,-0.088479,0.016583,0.000386,1.000000,1.716244,0.020865,1.000000,0.172326,-0.076760,0.456327
14.504000,7.154000,16.683173,-0.089096,0.016415,0.000405,704.570752,692.077486,687.008738,710.070594,0.600170,-0.245005,-0.318506,0.000405,1.368003,0.155908,0.334921,0.000000,16.683173,-0.089096,0.016415,0.000405,1.000000,1.730614,0.019749,1.000000,0.167464,-0.077947,0.456001
14.523000,7.173000,16.651536,-0.092897,0.006905,0.000226,705.865605,689.542508,687.446556,708.218694,0.569286,-0.251103,-0.318107,0.000226,1.367250,0.158206,0.325012,0.000000,16.651536,-0.092897,0.006905,0.000226,1.000000,1.752065,0.019665,1.000000,0.162510,-0.079096,0.455750
14.541000,7.191000,16.591416,-0.087154,-0.000916,-0.000073,705.398348,687.680055,687.927785,705.055638,0.509697,-0.247571,-0.315825,-0.000073,1.366718,0.160416,0.314909,0.000000,16.591416,-0.087154,-0.000916,-0.000073,1.000000,1.774045,0.018702,1.000000,0.157459,-0.080200,0.455573
14.562000,7.212000,16.667717,-0.077569,-0.053591,-0.000188,714.413268,681.673559,699.004693,697.202788,0.586233,-0.240144,-0.358167,-0.000188,1.366485,0.162575,0.304576,0.000000,16.667717,-0.077569,-0.053591,-0.000188,1.000000,1.831428,0.022032,1.000000,0.152293,-0.081277,0.455495
14.585000,7.235000,16.674003,-0.072246,-0.068149,-0.000431,716.391385,680.039024,701.922192,694.359617,0.592466,-0.236905,-0.362172,-0.000431,1.366537,0.164659,0.294022,0.000000,16.674003,-0.072246,-0.068149,-0.000431,1.000000,1.873134,0.022239,1.000000,0.147018,-0.082318,0.455512
14.605000,7.255000,16.506954,-0.076287,-0.043126,-0.000800,709.532586,680.311013,693.863042,695.164117,0.425202,-0.242936,-0.326490,-0.000800,1.366753,0.166649,0.283364,0.000000,16.506954,-0.076287,-0.043126,-0.000800,1.000000,1.864071,0.018369,1.000000,0.141690,-0.083311,0.455584
14.624000,7.274000,16.656200,-0.077890,-0.057012,-0.001077,715.036038,681.162094,698.987065,696.114834,0.573563,-0.246410,-0.329212,-0.001077,1.367636,0.168520,0.272200,0.000000,16.656200,-0.077890,-0.057012,-0.001077,1.000000,1.989530,0.020200,1.000000,0.136110,-0.084244,0.455879
14.642000,7.292000,16.314974,-0.086028,-0.011067,-0.001022,701.476673,680.571217,683.491232,697.204510,0.231683,-0.256366,-0.272292,-0.001022,1.368292,0.170338,0.261225,0.000000,16.314974,-0.086028,-0.011067,-0.001022,1.000000,1.900871,0.014524,1.000000,0.130623,-0.085152,0.456097
14.666000,7.316000,16.329100,-0.084114,-0.035745,-0.000916,705.491861,676.942574,688.070091,693.356345,0.244825,-0.256196,-0.285749,-0.000916,1.369275,0.172081,0.250004,0.000000,16.329100,-0.084114,-0.035745,-0.000916,1.000000,1.960143,0.015328,1.000000,0.125014,-0.086024,0.456425
14.685000,7.335000,16.257660,-0.091514,-0.021903,-0.000719,702.463197,676.864008,683.592157,694.909260,0.172215,-0.265258,-0.260558,-0.000719,1.370445,0.173744,0.238655,0.000000,16.257660,-0.091514,-0.021903,-0.000719,1.000000,1.978636,0.014122,1.000000,0.119340,-0.086855,0.456815
14.705000,7.355000,16.178622,-0.096304,-0.019821,-0.000522,700.892520,674.932534,681.133597,694.135104,0.091789,-0.271625,-0.246976,-0.000522,1.371833,0.175321,0.227155,0.000000,16.178622,-0.096304,-0.019821,-0.000522,1.000000,2.003652,0.013562,1.000000,0.113591,-0.087643,0.457278
14.725000,7.375000,15.976966,-0.111243,0.019303,-0.000262,691.745055,675.444143,668.793376,697.811428,-0.111382,-0.288036,-0.196271,-0.000262,1.373348,0.176793,0.215575,0.000000,15.976966,-0.111243,0.019303,-0.000262,1.000000,1.994955,0.012273,1.000000,0.107801,-0.088380,0.457783
14.742000,7.392000,15.848238,-0.112828,0.021161,-0.000174,688.845852,672.764835,665.523938,695.600318,-0.241784,-0.290998,-0.182725,-0.000174,1.375023,0.178170,0.203886,0.000000,15.848238,-0.112828,0.021161,-0.000174,1.000000,2.006161,0.012391,1.000000,0.101957,-0.089069,0.458341
14.764000,7.414000,15.660182,-0.064688,0.038046,-0.000243,677.154875,676.498687,663.548081,689.506540,-0.431631,-0.244130,-0.154061,-0.000243,1.376813,0.179441,0.192106,0.000000,15.660182,-0.064688,0.038046,-0.000243,1.000000,2.011369,0.010196,1.000000,0.096067,-0.089706,0.458938
14.781000,7.431000,15.858382,-0.121653,-0.042979,-0.000484,700.433349,661.369364,675.481300,686.147454,-0.235556,-0.302305,-0.223087,-0.000484,1.378938,0.180652,0.180108,0.000000,15.858382,-0.121653,-0.042979,-0.000484,1.000000,2.083245,0.014671,1.000000,0.090069,-0.090311,0.459646
14.802000,7.452000,15.564451,-0.080859,0.005539,-0.000399,682.184542,667.357286,665.195435,683.724726,-0.531630,-0.262603,-0.162565,-0.000399,1.381081,0.181744,0.168105,0.000000,15.564451,-0.080859,0.005539,-0.000399,1.000000,2.054293,0.012365,1.000000,0.084067,-0.090858,0.460360
14.822000,7.472000,15.531368,-0.132692,-0.044476,0.000122,694.720327,652.428152,667.676860,680.253477,-0.567059,-0.315441,-0.200445,0.000122,1.383427,0.182749,0.155968,0.000000,15.531368,-0.132692,-0.044476,0.000122,1.000000,2.084421,0.017184,1.000000,0.077999,-0.091362,0.461142
14.845000,7.495000,15.324373,-0.119071,-0.018403,0.000732,684.497949,653.498283,660.343285,678.948736,-0.776453,-0.302718,-0.162193,0.000732,1.385827,0.183646,0.143790,0.000000,15.324373,-0.119071,-0.018403,0.000732,1.000000,2.077079,0.017823,1.000000,0.071910,-0.091811,0.461942
14.863000,7.513000,15.701926,-0.117609,-0.102120,0.000964,705.762447,647.575413,682.816773,673.122801,-0.402332,-0.302075,-0.233057,0.000964,1.389258,0.184466,0.130937,0.000000,15.701926,-0.117609,-0.102120,0.000964,1.000000,2.316338,0.016175,1.000000,0.065483,-0.092223,0.463086
14.884000,7.534000,15.151700,-0.059900,-0.014311,0.000750,674.031733,656.629128,662.066217,669.784151,-0.955256,-0.245075,-0.132879,0.000750,1.391956,0.185176,0.118568,0.000000,15.151700,-0.059900,-0.014311,0.000750,1.000000,2.120695,0.016897,1.000000,0.059298,-0.092579,0.463985
14.902000,7.552000,15.023843,-0.130215,-0.025121,0.000494,680.383731,644.460549,653.539115,672.385057,-1.085936,-0.316003,-0.131244,0.000494,1.394779,0.185788,0.106123,0.000000,15.023843,-0.130215,-0.025121,0.000494,1.000000,2.128642,0.023501,1.000000,0.053075,-0.092886,0.464926
14.921000,7.571000,14.885498,-0.122027,0.004716,0.000415,671.610312,647.438148,646.110843,673.488936,-1.227190,-0.308321,-0.088905,0.000415,1.397688,0.186295,0.093621,0.000000,14.885498,-0.122027,0.004716,0.000415,1.000000,2.136650,0.025357,1.000000,0.046824,-0.093141,0.465896
14.943000,7.593000,15.241987,-0.119022,-0.092711,0.000318,695.003359,638.868201,670.950824,664.550570,-0.874596,-0.305755,-0.173159,0.000318,1.401583,0.186733,0.080448,0.000000,15.241987,-0.119022,-0.092711,0.000318,1.000000,2.383690,0.019996,1.000000,0.040237,-0.093361,0.467194
14.961000,7.611000,14.900194,-0.071206,-0.031796,-0.000072,672.943512,647.084779,657.991999,662.175984,-1.219602,-0.258275,-0.099533,-0.000072,1.404796,0.187069,0.067737,0.000000,14.900194,-0.071206,-0.031796,-0.000072,1.000000,2.202589,0.022536,1.000000,0.033881,-0.093530,0.468265
14.986000,7.636000,14.932205,-0.136560,-0.090987,-0.000423,690.194667,630.410221,661.771300,659.560323,-1.191019,-0.323888,-0.145866,-0.000423,1.408224,0.187328,0.054880,0.000000,14.932205,-0.136560,-0.090987,-0.000423,1.000000,2.247000,0.026803,1.000000,0.027452,-0.093660,0.469408
15.012000,7.662000,14.312282,-0.145084,0.078809,0.000097,644.443908,645.249635,612.187692,676.651747,-1.813858,-0.332484,0.036434,0.000097,1.411140,0.187401,0.042375,0.000000,14.312282,-0.145084,0.078809,0.000097,1.000000,2.104849,0.044088,1.000000,0.021200,-0.093698,0.470380
15.026000,7.676000,14.227285,-0.147203,0.093487,0.000501,644.443908,645.249635,612.187692,676.651747,-1.902114,-0.334623,0.063861,0.000501,1.414399,0.187419,0.029626,0.000000,14.227285,-0.147203,0.093487,0.000501,1.000000,2.192634,0.047785,1.000000,0.014825,-0.093708,0.471466
15.043000,7.693000,14.369505,-0.131758,0.000820,0.000394,661.975915,633.928451,633.940571,662.544354,-1.763301,-0.319114,-0.015947,0.000394,1.417807,0.187356,0.016766,0.000000,14.369505,-0.131758,0.000820,0.000394,1.000000,2.233762,0.041301,1.000000,0.008395,-0.093677,0.472602
15.065000,7.715000,14.350447,-0.108452,-0.022988,-0.000220,663.362499,632.069189,640.030968,655.356995,-1.785819,-0.295649,-0.026848,-0.000220,1.421267,0.187198,0.003860,0.000000,14.350447,-0.108452,-0.022988,-0.000220,1.000000,2.251910,0.040704,1.000000,0.001941,-0.093599,0.473756
15.082000,7.732000,14.380210,-0.102003,-0.068439,-0.000477,671.093194,625.449033,649.240709,647.386495,-1.759626,-0.288958,-0.059299,-0.000477,1.424837,0.186956,-0.009140,0.000000,14.380210,-0.102003,-0.068439,-0.000477,1.000000,2.284880,0.039664,1.000000,-0.004559,-0.093478,0.474946
15.102000,7.752000,14.181482,-0.097783,-0.053710,-0.001342,664.119747,624.273753,642.319366,644.656035,-1.961882,-0.284390,-0.031591,-0.001342,1.428364,0.186607,-0.022119,0.000000,14.181482,-0.097783,-0.053710,-0.001342,1.000000,2.281060,0.046678,1.000000,-0.011047,-0.093305,0.476121
15.127000,7.777000,14.053569,-0.100377,-0.084406,-0.002177,667.059332,615.740753,644.197213,636.294282,-2.093677,-0.286500,-0.048991,-0.002177,1.432246,0.186123,-0.035415,0.000000,14.053569,-0.100377,-0.084406,-0.002177,1.000000,2.405970,0.052284,1.000000,-0.017694,-0.093064,0.477415
15.142000,7.792000,13.926707,-0.111068,-0.030894,-0.002073,656.247728,621.226820,630.714969,644.003080,-2.224028,-0.296644,0.017506,-0.002073,1.435735,0.185576,-0.048400,0.000000,13.926707,-0.111068,-0.030894,-0.002073,1.000000,2.290878,0.058294,1.000000,-0.024186,-0.092792,0.478578
15.162000,7.812000,13.612043,-0.138418,0.047773,-0.001702,638.277590,624.835032,606.024746,653.630729,-2.541987,-0.323322,0.109030,-0.001702,1.439030,0.184904,-0.061257,0.000000,13.612043,-0.138418,0.047773,-0.001702,1.000000,2.261340,0.076260,1.000000,-0.030613,-0.092457,0.479677
15.181000,7.831000,13.490327,-0.141030,0.053719,-0.001383,634.599901,622.631919,601.791447,652.332441,-2.666932,-0.325156,0.127803,-0.001383,1.442259,0.184126,-0.074084,0.000000,13.490327,-0.141030,0.053719,-0.001383,1.000000,2.266444,0.083331,1.000000,-0.037026,-0.092069,0.480753
15.203000,7.853000,13.452723,-0.075661,0.036708,-0.001121,629.459357,625.870205,611.641174,641.593092,-2.707678,-0.258907,0.123577,-0.001121,1.445400,0.183246,-0.086869,0.000000,13.452723,-0.075661,0.036708,-0.001121,1.000000,2.269920,0.081546,1.000000,-0.043418,-0.091631,0.481800
15.223000,7.873000,13.605405,-0.150236,-0.040454,-0.001332,654.618678,607.077320,620.842190,639.551587,-2.558162,-0.332524,0.059245,-0.001332,1.448567,0.182288,-0.099699,0.000000,13.605405,-0.150236,-0.040454,-0.001332,1.000000,2.277151,0.076850,1.000000,-0.049832,-0.091153,0.482856
15.242000,7.892000,13.477170,-0.133895,-0.042425,-0.000832,650.162369,605.284614,620.198576,634.674873,-2.689527,-0.315122,0.070103,-0.000832,1.451697,0.181227,-0.112528,0.000000,13.477170,-0.133895,-0.042425,-0.000832,1.000000,2.301829,0.082757,1.000000,-0.056247,-0.090624,0.483899
15.262000,7.912000,13.506726,-0.138505,-0.085235,-0.000108,658.416085,597.152960,628.359102,628.536285,-2.663000,-0.318585,0.040059,-0.000108,1.454726,0.180080,-0.125294,0.000000,13.506726,-0.138505,-0.085235,-0.000108,1.000000,2.283613,0.081226,1.000000,-0.062631,-0.090051,0.484909
15.282000,7.932000,13.001425,-0.135799,-0.026146,0.000378,636.270053,596.016691,606.108401,627.251355,-3.171497,-0.314619,0.112204,0.000378,1.457922,0.178820,-0.138349,0.000000,13.001425,-0.135799,-0.026146,0.000378,1.000000,2.461020,0.111741,1.000000,-0.069160,-0.089422,0.485974
15.301000,7.951000,13.241195,-0.122175,-0.020971,0.000440,639.344515,604.381716,612.487973,632.261688,-2.934436,-0.299635,0.129917,0.000440,1.460631,0.177460,-0.150888,0.000000,13.241195,-0.122175,-0.020971,0.000440,1.000000,2.259667,0.096775,1.000000,-0.075431,-0.088741,0.486877
15.321000,7.971000,13.357230,-0.113147,-0.068396,0.000388,649.299819,599.404612,624.849213,625.456562,-2.821083,-0.289170,0.095058,0.000388,1.463313,0.176022,-0.163454,0.000000,13.357230,-0.113147,-0.068396,0.000388,1.000000,2.267379,0.088851,1.000000,-0.081715,-0.088022,0.487771
15.346000,7.996000,13.380339,-0.100763,-0.093175,0.000279,652.814091,596.798082,631.158141,620.094465,-2.800601,-0.275270,0.082861,0.000279,1.465940,0.174507,-0.176036,0.000000,13.380339,-0.100763,-0.093175,0.000279,1.000000,2.276592,0.086698,1.000000,-0.088007,-0.087265,0.488647
15.361000,8.011000,13.122545,-0.114490,0.002738,-0.000534,631.933466,607.214054,605.768955,632.495650,-3.060804,-0.287365,0.191181,-0.000534,1.468349,0.172875,-0.188443,0.000000,13.122545,-0.114490,0.002738,-0.000534,1.000000,2.266366,0.105598,1.000000,-0.094211,-0.086449,0.489450
15.381000,8.031000,13.096414,-0.104378,-0.062067,-0.000722,641.742282,595.709973,618.135247,619.034783,-3.089285,-0.275546,0.138838,-0.000722,1.470700,0.171168,-0.200905,0.000000,13.096414,-0.104378,-0.062067,-0.000722,1.000000,2.295548,0.104957,1.000000,-0.100443,-0.085595,0.490233
15.402000,8.052000,12.947476,-0.132258,0.044028,-0.001305,622.706786,608.930858,591.367354,637.416908,-3.240324,-0.301605,0.257168,-0.001305,1.472800,0.169347,-0.213140,0.000000,12.947476,-0.132258,0.044028,-0.001305,1.000000,2.265016,0.120707,1.000000,-0.106561,-0.084685,0.490933
15.426000,8.076000,12.862741,-0.081480,0.071332,-0.001131,609.910819,617.611252,590.124681,634.808656,-3.326934,-0.248902,0.296530,-0.001131,1.474675,0.167422,-0.225197,0.000000,12.862741,-0.081480,0.071332,-0.001131,1.000000,2.248864,0.125673,1.000000,-0.112589,-0.083724,0.491558
15.442000,8.092000,12.862135,-0.155527,-0.004903,-0.001499,632.144041,595.106785,595.731998,629.236358,-3.329289,-0.320946,0.232347,-0.001499,1.476424,0.165419,-0.237251,0.000000,12.862135,-0.155527,-0.004903,-0.001499,1.000000,2.260878,0.126541,1.000000,-0.118615,-0.082724,0.492141
15.463000,8.113000,12.903679,-0.139704,-0.026447,-0.000328,634.760059,593.402147,603.079724,625.061100,-3.289307,-0.303035,0.222712,-0.000328,1.477986,0.163331,-0.249159,0.000000,12.903679,-0.139704,-0.026447,-0.000328,1.000000,2.235030,0.122338,1.000000,-0.124570,-0.081680,0.492662
15.484000,8.134000,12.841290,-0.149678,0.008262,0.000273,628.010720,597.003694,594.106767,631.174313,-3.353018,-0.310818,0.269101,0.000273,1.479308,0.161140,-0.260839,0.000000,12.841290,-0.149678,0.008262,0.000273,1.000000,2.211413,0.129330,1.000000,-0.130411,-0.080583,0.493103
15.503000,8.153000,13.390534,-0.126369,-0.097735,0.001117,656.252410,592.829275,629.688419,622.722407,-2.804965,-0.285251,0.174401,0.001117,1.480499,0.158882,-0.272136,0.000000,13.390534,-0.126369,-0.097735,0.001117,1.000000,2.034094,0.089857,1.000000,-0.136061,-0.079452,0.493500
15.523000,8.173000,12.742309,-0.054827,-0.013043,0.000815,618.736581,601.380450,606.894956,614.622840,-3.454120,-0.211349,0.270518,0.000815,1.481429,0.156523,-0.283561,0.000000,12.742309,-0.054827,-0.013043,0.000815,1.000000,2.209041,0.131094,1.000000,-0.141776,-0.078270,0.493810
15.542000,8.192000,12.709038,-0.132632,-0.069081,0.000069,636.906278,581.054866,607.267110,612.075448,-3.488139,-0.286721,0.225833,0.000069,1.482177,0.154089,-0.294915,0.000000,12.709038,-0.132632,-0.069081,0.000069,1.000000,2.199401,0.134992,1.000000,-0.147454,-0.077051,0.494059
15.563000,8.213000,12.728251,-0.098887,-0.066301,-0.000064,633.205040,586.156527,611.021408,609.143951,-3.469453,-0.250467,0.239869,-0.000064,1.482704,0.151579,-0.306170,0.000000,12.728251,-0.098887,-0.066301,-0.000064,1.000000,2.186331,0.132398,1.000000,-0.153083,-0.075794,0.494235
15.582000,8.232000,12.732492,-0.132215,-0.011250,-0.000221,627.218293,592.896916,596.969721,622.997099,-3.465501,-0.281190,0.305962,-0.000221,1.482993,0.148975,-0.317213,0.000000,12.732492,-0.132215,-0.011250,-0.000221,1.000000,2.166228,0.137365,1.000000,-0.158605,-0.074490,0.494331
15.606000,8.256000,12.156575,-0.126258,0.070718,-0.000312,597.773677,594.978896,567.343130,623.575426,-4.041212,-0.272528,0.399007,-0.000312,1.482787,0.146271,-0.328289,0.000000,12.156575,-0.126258,0.070718,-0.000312,1.000000,2.333409,0.186662,1.000000,-0.164144,-0.073137,0.494262
15.623000,8.273000,12.811594,-0.126333,0.020131,-0.001088,623.088855,601.798368,593.332504,629.473194,-3.385984,-0.269819,0.359051,-0.001088,1.482578,0.143486,-0.338920,0.000000,12.811594,-0.126333,0.020131,-0.001088,1.000000,2.127441,0.134821,1.000000,-0.169460,-0.071744,0.494193
15.642000,8.292000,12.914098,-0.114546,-0.023590,-0.001091,632.007046,597.466955,605.406027,622.700254,-3.283040,-0.255185,0.325887,-0.001091,1.482138,0.140640,-0.349477,0.000000,12.914098,-0.114546,-0.023590,-0.001091,1.000000,2.103866,0.124916,1.000000,-0.174738,-0.070321,0.494046
15.669000,8.319000,12.337311,-0.109276,-0.002244,-0.001115,614.036136,587.917372,587.851411,612.326359,-3.858803,-0.246992,0.357875,-0.001115,1.481114,0.137715,-0.360119,0.000000,12.337311,-0.109276,-0.002244,-0.001115,1.000000,2.265153,0.167812,1.000000,-0.180059,-0.068859,0.493705
15.683000,8.333000,12.988980,-0.110641,-0.012201,-0.001112,631.289603,601.891255,605.539673,626.061737,-3.206218,-0.245340,0.358013,-0.001112,1.480198,0.134698,-0.370214,0.000000,12.988980,-0.110641,-0.012201,-0.001112,1.000000,2.073817,0.121635,1.000000,-0.185107,-0.067350,0.493399
15.705000,8.355000,13.034759,-0.100743,-0.035123,-0.000999,635.288124,599.813482,612.049421,621.944337,-3.159264,-0.232354,0.345017,-0.000999,1.479023,0.131611,-0.380140,0.000000,13.034759,-0.100743,-0.035123,-0.000999,1.000000,2.053353,0.117112,1.000000,-0.190070,-0.065805,0.493008
15.725000,8.375000,13.053454,-0.108991,-0.004832,-0.000756,631.157220,604.867358,606.053787,628.846722,-3.139174,-0.237430,0.384962,-0.000756,1.477628,0.128439,-0.389794,0.000000,13.053454,-0.108991,-0.004832,-0.000756,1.000000,2.040570,0.119001,1.000000,-0.194898,-0.064217,0.492543
15.743000,8.393000,13.062583,-0.109135,0.000746,-0.000681,630.362531,606.075798,605.250356,630.101939,-3.128420,-0.234323,0.399940,-0.000681,1.476003,0.125188,-0.399194,0.000000,13.062583,-0.109135,0.000746,-0.000681,1.000000,2.027956,0.119356,1.000000,-0.199598,-0.062589,0.492001
15.763000,8.413000,13.088515,-0.112103,0.035522,-0.000606,625.036192,612.745798,599.070139,637.229962,-3.100635,-0.233953,0.443809,-0.000606,1.474149,0.121850,-0.408286,0.000000,13.088515,-0.112103,0.035522,-0.000606,1.000000,2.016701,0.121309,1.000000,-0.204145,-0.060918,0.491383
15.783000,8.433000,13.061302,-0.059864,-0.002848,-0.000406,625.410781,610.903335,611.627617,624.068509,-3.125715,-0.178311,0.414341,-0.000406,1.472016,0.118447,-0.417189,0.000000,13.061302,-0.059864,-0.002848,-0.000406,1.000000,2.011365,0.118048,1.000000,-0.208597,-0.059214,0.490672
15.802000,8.452000,13.124586,-0.132144,-0.027130,-0.000573,639.214467,599.675595,609.309565,629.150356,-3.060082,-0.247119,0.398715,-0.000573,1.469668,0.114975,-0.425845,0.000000,13.124586,-0.132144,-0.027130,-0.000573,1.000000,1.980598,0.115645,1.000000,-0.212926,-0.057475,0.489889
15.822000,8.472000,13.179879,-0.079271,-0.040937,-0.000774,637.218980,604.638174,619.072958,621.993343,-3.002205,-0.190705,0.393312,-0.000774,1.467084,0.111434,-0.434249,0.000000,13.179879,-0.079271,-0.040937,-0.000774,1.000000,1.964511,0.109239,1.000000,-0.217129,-0.055701,0.489028
15.843000,8.493000,13.317534,-0.144216,-0.032576,-0.000415,645.810064,601.885719,613.610925,634.042324,-2.861790,-0.252034,0.409770,-0.000415,1.464325,0.107818,-0.442345,0.000000,13.317534,-0.144216,-0.032576,-0.000415,1.000000,1.940503,0.105042,1.000000,-0.221178,-0.053889,0.488108
15.861000,8.511000,13.425832,-0.087181,-0.005364,-0.000291,637.272319,615.982416,617.708902,635.152720,-2.750547,-0.191310,0.444766,-0.000291,1.461379,0.104129,-0.450130,0.000000,13.425832,-0.087181,-0.005364,-0.000291,1.000000,1.923543,0.099097,1.000000,-0.225071,-0.052040,0.487126
15.884000,8.534000,13.385825,-0.138343,-0.069901,-0.000529,653.222365,597.279690,622.637268,628.278617,-2.787326,-0.238727,0.387819,-0.000529,1.458152,0.100385,-0.457720,0.000000,13.385825,-0.138343,-0.069901,-0.000529,1.000000,1.897540,0.098431,1.000000,-0.228866,-0.050164,0.486051
15.906000,8.556000,14.269962,-0.096048,-0.100862,0.000715,673.092303,617.162192,653.426036,639.038877,-1.900638,-0.192597,0.363797,0.000715,1.455600,0.096549,-0.464658,0.000000,14.269962,-0.096048,-0.100862,0.000715,1.000000,1.668860,0.053068,1.000000,-0.232336,-0.048239,0.485200
15.922000,8.572000,13.496572,-0.052047,0.008415,0.000541,632.302215,623.755182,621.137980,635.704047,-2.670431,-0.144717,0.480045,0.000541,1.452003,0.092669,-0.471630,0.000000,13.496572,-0.052047,0.008415,0.000541,1.000000,1.866883,0.096451,1.000000,-0.235823,-0.046297,0.484001
15.942000,8.592000,13.465255,-0.075164,0.005116,0.000691,634.651036,619.771533,618.456884,636.991030,-2.697933,-0.163897,0.483406,0.000691,1.448188,0.088732,-0.478290,0.000000,13.465255,-0.075164,0.005116,0.000691,1.000000,1.855776,0.098843,1.000000,-0.239153,-0.044322,0.482729
15.965000,8.615000,13.343297,-0.099826,-0.084266,0.001364,649.957207,597.214260,629.211916,621.177807,-2.815695,-0.184589,0.400566,0.001364,1.443992,0.084763,-0.484832,0.000000,13.343297,-0.099826,-0.084266,0.001364,1.000000,1.817611,0.098734,1.000000,-0.242425,-0.042331,0.481331
15.982000,8.632000,13.459220,-0.103688,-0.063362,0.001465,649.325255,603.463728,627.776904,628.127126,-2.695338,-0.184431,0.427743,0.001465,1.439558,0.080743,-0.491104,0.000000,13.459220,-0.103688,-0.063362,0.001465,1.000000,1.785736,0.094347,1.000000,-0.245562,-0.040314,0.479853
16.004000,8.654000,13.634987,-0.063903,-0.034560,0.001126,644.128236,617.658232,630.989600,632.810743,-2.514932,-0.140568,0.462521,0.001126,1.434919,0.076665,-0.497081,0.000000,13.634987,-0.063903,-0.034560,0.001126,1.000000,1.757071,0.086618,1.000000,-0.248550,-0.038269,0.478306
16.026000,8.676000,13.545660,-0.080926,0.066476,0.001009,626.086717,631.907354,608.590388,650.290011,-2.598778,-0.153448,0.569209,0.001009,1.429437,0.072523,-0.502733,0.000000,13.545660,-0.080926,0.066476,0.001009,1.000000,1.856303,0.102291,1.000000,-0.251376,-0.036193,0.476479
16.041000,8.691000,14.152289,-0.089032,0.012393,0.000892,650.442022,635.462122,631.748376,655.378093,-1.987270,-0.157355,0.520394,0.000892,1.424558,0.068323,-0.508001,0.000000,14.152289,-0.089032,0.012393,0.000892,1.000000,1.706511,0.069050,1.000000,-0.254010,-0.034089,0.474853
16.061000,8.711000,14.438072,-0.129048,0.048627,0.000661,654.951365,644.101233,627.401375,671.925400,-1.696553,-0.193113,0.561537,0.000661,1.419626,0.064066,-0.512910,0.000000,14.438072,-0.129048,0.048627,0.000661,1.000000,1.679477,0.064045,1.000000,-0.256465,-0.031957,0.473209
16.087000,8.737000,14.272072,-0.106133,0.080906,0.000004,643.396405,648.690573,620.002370,671.091775,-1.856789,-0.165886,0.598385,0.000004,1.413861,0.059753,-0.517479,0.000000,14.272072,-0.106133,0.080906,0.000004,1.000000,1.783276,0.073035,1.000000,-0.258748,-0.029799,0.471287
16.107000,8.757000,14.628666,-0.081974,-0.022368,-0.000434,666.677322,641.547961,649.018201,658.765692,-1.495043,-0.137366,0.499334,-0.000434,1.408709,0.055392,-0.521702,0.000000,14.628666,-0.081974,-0.022368,-0.000434,1.000000,1.659370,0.049172,1.000000,-0.260859,-0.027616,0.469570
16.122000,8.772000,14.541507,-0.017270,-0.087939,-0.000448,669.071305,635.060528,665.154547,638.478419,-1.576811,-0.068268,0.437731,-0.000448,1.403318,0.050998,-0.525670,0.000000,14.541507,-0.017270,-0.087939,-0.000448,1.000000,1.643235,0.044490,1.000000,-0.262843,-0.025417,0.467773
16.142000,8.792000,14.401424,-0.055508,-0.138795,-0.000683,678.553197,618.514102,666.588533,630.335210,-1.711235,-0.102083,0.390609,-0.000683,1.397659,0.046575,-0.529404,0.000000,14.401424,-0.055508,-0.138795,-0.000683,1.000000,1.615190,0.045583,1.000000,-0.264709,-0.023202,0.465886
16.165000,8.815000,14.491025,-0.039473,-0.130385,-0.002121,677.935933,624.531167,668.307105,631.559622,-1.615834,-0.081582,0.402440,-0.002121,1.391859,0.042110,-0.532824,0.000000,14.491025,-0.039473,-0.130385,-0.002121,1.000000,1.594500,0.042971,1.000000,-0.266419,-0.020969,0.463953
16.182000,8.832000,14.948516,-0.029573,-0.007431,-0.001973,666.235356,657.557071,658.635809,662.271000,-1.152657,-0.067159,0.528388,-0.001973,1.386173,0.037587,-0.535819,0.000000,14.948516,-0.029573,-0.007431,-0.001973,1.000000,1.574815,0.041657,1.000000,-0.267915,-0.018710,0.462058
16.203000,8.853000,14.997289,-0.079100,-0.007819,-0.001657,672.408763,653.193573,654.648242,668.581016,-1.098007,-0.112128,0.530676,-0.001657,1.380296,0.033028,-0.538494,0.000000,14.997289,-0.079100,-0.007819,-0.001657,1.000000,1.560957,0.041475,1.000000,-0.269252,-0.016435,0.460099
16.222000,8.872000,15.153627,-0.052680,0.019166,-0.000806,668.251979,663.738571,656.612818,674.090855,-0.935842,-0.081114,0.559971,-0.000806,1.374470,0.028435,-0.540805,0.000000,15.153627,-0.052680,0.019166,-0.000806,1.000000,1.540994,0.040773,1.000000,-0.270406,-0.014141,0.458157
16.241000,8.891000,14.947658,-0.083031,-0.023719,-0.001124,674.209921,648.701539,656.041143,665.426076,-1.135654,-0.106852,0.519148,-0.001124,1.368313,0.023821,-0.542867,0.000000,14.947658,-0.083031,-0.023719,-0.001124,1.000000,1.524005,0.040990,1.000000,-0.271437,-0.011837,0.456104
16.262000,8.912000,15.022725,-0.066313,-0.026501,-0.000707,674.431921,651.535304,660.100656,665.015950,-1.054410,-0.085496,0.518117,-0.000707,1.362136,0.019183,-0.544618,0.000000,15.022725,-0.066313,-0.026501,-0.000707,1.000000,1.497872,0.038693,1.000000,-0.272312,-0.009520,0.454045
16.284000,8.934000,15.466888,-0.056772,0.012951,0.000236,676.170365,668.737852,664.539869,680.634487,-0.604243,-0.071287,0.558908,0.000236,1.356131,0.014515,-0.545957,0.000000,15.466888,-0.056772,0.012951,0.000236,1.000000,1.489284,0.035397,1.000000,-0.272980,-0.007187,0.452044
16.302000,8.952000,15.385282,-0.044515,-0.025890,0.000225,679.599650,661.663402,670.571645,671.138294,-0.679680,-0.054346,0.521116,0.000225,1.349962,0.009831,-0.547006,0.000000,15.385282,-0.044515,-0.025890,0.000225,1.000000,1.473591,0.032071,1.000000,-0.273504,-0.004844,0.449987
16.323000,8.973000,15.687179,-0.031408,0.006993,0.000243,679.303682,675.159764,673.001849,681.789490,-0.371751,-0.036531,0.554667,0.000243,1.343931,0.005122,-0.547674,0.000000,15.687179,-0.031408,0.006993,0.000243,1.000000,1.465833,0.032281,1.000000,-0.273838,-0.002489,0.447977
16.345000,8.995000,15.709222,-0.022255,-0.018132,-0.000089,683.102980,672.515707,678.490156,677.041488,-0.343632,-0.022651,0.529892,-0.000089,1.337854,0.000396,-0.548024,0.000000,15.709222,-0.022255,-0.018132,-0.000089,1.000000,1.453335,0.029311,1.000000,-0.274012,-0.000126,0.445951
16.362000,9.012000,15.759737,-0.019585,-0.019880,-0.000280,684.264081,673.669867,680.075256,677.494977,-0.287038,-0.015240,0.528165,-0.000280,1.331775,-0.004344,-0.548045,0.000000,15.759737,-0.019585,-0.019880,-0.000280,1.000000,1.443052,0.028743,1.000000,-0.274022,0.002244,0.443925
16.381000,9.031000,15.839098,-0.020551,-0.024035,-0.000523,686.818593,674.689956,682.283502,678.525389,-0.201615,-0.011452,0.523701,-0.000523,1.325713,-0.009099,-0.547735,0.000000,15.839098,-0.020551,-0.024035,-0.000523,1.000000,1.434257,0.027846,1.000000,-0.273866,0.004620,0.441904
16.401000,9.051000,15.997358,-0.026216,-0.003185,-0.000556,687.358759,680.994204,681.648335,685.920713,-0.037345,-0.012352,0.543875,-0.000556,1.319703,-0.013864,-0.547060,0.000000,15.997358,-0.026216,-0.003185,-0.000556,1.000000,1.437422,0.029609,1.000000,-0.273528,0.007001,0.439901
16.421000,9.071000,15.997222,-0.011658,-0.015037,-0.000377,687.759983,680.454787,685.140213,682.554987,-0.031490,0.006977,0.531044,-0.000377,1.313712,-0.018635,-0.546081,0.000000,15.997222,-0.011658,-0.015037,-0.000377,1.000000,1.423362,0.028216,1.000000,-0.273038,0.009384,0.437904
16.445000,9.095000,16.245710,-0.029331,0.039298,-0.000331,685.927995,692.837893,679.721297,698.466901,0.223443,-0.005923,0.583877,-0.000331,1.307267,-0.023408,-0.544579,0.000000,16.245710,-0.029331,0.039298,-0.000331,1.000000,1.518767,0.034594,1.000000,-0.272287,0.011768,0.435756
16.462000,9.112000,16.199522,-0.014641,-0.026912,-0.000225,694.223446,682.473804,691.129449,685.287545,0.183086,0.013540,0.516025,-0.000225,1.301435,-0.028181,-0.542937,0.000000,16.199522,-0.014641,-0.026912,-0.000225,1.000000,1.415462,0.026982,1.000000,-0.271465,0.014153,0.433812
16.481000,9.131000,16.207716,-0.025749,-0.030605,-0.000512,696.201657,681.013564,690.687948,685.877609,0.197074,0.007203,0.510385,-0.000512,1.295642,-0.032952,-0.540989,0.000000,16.207716,-0.025749,-0.030605,-0.000512,1.000000,1.407380,0.026443,1.000000,-0.270491,0.016535,0.431881
16.505000,9.155000,16.354660,-0.008163,-0.020652,-0.000541,695.930626,687.589485,693.933588,688.840248,0.349678,0.029552,0.518051,-0.000541,1.289982,-0.037715,-0.538703,0.000000,16.354660,-0.008163,-0.020652,-0.000541,1.000000,1.411042,0.028148,1.000000,-0.269347,0.018915,0.429994
16.521000,9.171000,16.267017,-0.014615,-0.044052,-0.000510,698.501852,681.203438,695.241382,683.803754,0.267719,0.027858,0.492071,-0.000510,1.284297,-0.042473,-0.536123,0.000000,16.267017,-0.014615,-0.044052,-0.000510,1.000000,1.406546,0.025008,1.000000,-0.268057,0.021290,0.428099
16.546000,9.196000,16.340623,-0.001935,-0.027237,-0.000294,695.994667,686.752543,695.410987,686.926030,0.346916,0.045284,0.505991,-0.000294,1.278707,-0.047218,-0.533228,0.000000,16.340623,-0.001935,-0.027237,-0.000294,1.000000,1.408767,0.027011,1.000000,-0.266609,0.023660,0.426236
16.560000,9.210000,16.479401,0.001584,-0.011798,-0.000106,696.000364,692.498718,696.246683,692.101936,0.491173,0.053535,0.518203,-0.000106,1.273229,-0.051950,-0.530002,0.000000,16.479401,0.001584,-0.011798,-0.000106,1.000000,1.419470,0.029553,1.000000,-0.264996,0.026023,0.424410
16.581000,9.231000,16.702779,0.011259,0.014018,0.000218,695.445245,702.194197,697.841025,700.116449,0.719777,0.067922,0.540484,0.000218,1.268002,-0.056662,-0.526467,0.000000,16.702779,0.011259,0.014018,0.000218,1.000000,1.421348,0.034854,1.000000,-0.263229,0.028376,0.422667
16.602000,9.252000,16.930587,0.015712,0.031915,0.000342,696.851519,710.155937,700.211443,707.315330,0.952566,0.077061,0.554515,0.000342,1.263021,-0.061349,-0.522600,0.000000,16.930587,0.015712,0.031915,0.000342,1.000000,1.433927,0.040416,1.000000,-0.261295,0.030715,0.421007
16.621000,9.271000,16.914423,0.016893,0.021759,0.000264,698.058753,708.356250,701.595285,705.218534,0.941215,0.082901,0.540201,0.000264,1.258208,-0.066009,-0.518441,0.000000,16.914423,0.016893,0.021759,0.000264,1.000000,1.432635,0.038728,1.000000,-0.259216,0.033041,0.419403
16.644000,9.294000,16.827709,0.010512,0.007737,0.000087,699.196015,703.761215,701.344430,701.741451,0.859204,0.081157,0.521721,0.000087,1.253505,-0.070645,-0.513984,0.000000,16.827709,0.010512,0.007737,0.000087,1.000000,1.437330,0.035260,1.000000,-0.256988,0.035356,0.417835
16.665000,9.315000,16.757752,0.017616,0.007238,-0.000018,697.137804,702.968769,700.635759,699.456864,0.793841,0.092874,0.516466,-0.000018,1.248911,-0.075258,-0.509227,0.000000,16.757752,0.017616,0.007238,-0.000018,1.000000,1.447585,0.033838,1.000000,-0.254609,0.037659,0.416304
16.684000,9.334000,16.802440,0.016338,-0.001104,-0.000095,699.570078,702.464674,702.751994,699.148657,0.842945,0.096177,0.503069,-0.000095,1.244495,-0.079839,-0.504172,0.000000,16.802440,0.016338,-0.001104,-0.000095,1.000000,1.460724,0.033338,1.000000,-0.252082,0.039946,0.414832
16.702000,9.352000,16.876274,0.022051,-0.002775,-0.000127,700.822916,704.309435,705.107317,699.842979,0.920993,0.106436,0.496048,-0.000127,1.240280,-0.084385,-0.498824,0.000000,16.876274,0.022051,-0.002775,-0.000127,1.000000,1.476104,0.034222,1.000000,-0.249408,0.042216,0.413427
16.721000,9.371000,16.943301,0.026397,-0.002631,-0.000177,701.782252,706.169136,706.884985,700.815443,0.992023,0.115289,0.490553,-0.000177,1.236278,-0.088892,-0.493184,0.000000,16.943301,0.026397,-0.002631,-0.000177,1.000000,1.492394,0.035235,1.000000,-0.246588,0.044467,0.412093
16.743000,9.393000,16.995745,0.031818,0.001308,-0.000217,701.718946,708.427811,707.863153,701.987827,1.048247,0.125175,0.488567,-0.000217,1.232498,-0.093358,-0.487259,0.000000,16.995745,0.031818,0.001308,-0.000217,1.000000,1.509097,0.036425,1.000000,-0.243626,0.046696,0.410833
16.765000,9.415000,17.034652,0.035776,0.006711,-0.000231,701.275598,710.480046,708.192913,703.264757,1.090705,0.133556,0.487763,-0.000231,1.228947,-0.097779,-0.481052,0.000000,17.034652,0.035776,0.006711,-0.000231,1.000000,1.526219,0.037471,1.000000,-0.240523,0.048904,0.409649
16.783000,9.433000,17.118062,0.041864,0.004262,-0.000232,702.801491,712.403224,710.897292,704.004105,1.177389,0.144010,0.478846,-0.000232,1.225673,-0.102146,-0.474584,0.000000,17.118062,0.041864,0.004262,-0.000232,1.000000,1.537399,0.038866,1.000000,-0.237290,0.051083,0.408558
16.805000,9.455000,17.081677,0.041195,0.017205,-0.000172,700.014186,713.612107,708.049363,705.402570,1.144068,0.147662,0.485039,-0.000172,1.222609,-0.106467,-0.467834,0.000000,17.081677,0.041195,0.017205,-0.000172,1.000000,1.558275,0.038796,1.000000,-0.233916,0.053240,0.407536
16.822000,9.472000,17.076717,0.042147,0.019692,-0.000187,699.421039,714.000604,707.640393,705.596923,1.141929,0.152884,0.480503,-0.000187,1.219787,-0.110737,-0.460811,0.000000,17.076717,0.042147,0.019692,-0.000187,1.000000,1.579126,0.038466,1.000000,-0.230405,0.055372,0.406596
16.842000,9.492000,17.105419,0.042891,0.027147,-0.000185,698.746978,715.832393,707.122191,707.305453,1.173194,0.157844,0.480650,-0.000185,1.217226,-0.114953,-0.453503,0.000000,17.105419,0.042891,0.027147,-0.000185,1.000000,1.606378,0.039358,1.000000,-0.226752,0.057477,0.405742
16.863000,9.513000,17.050231,0.030859,0.001957,-0.000167,702.828105,709.542263,708.807013,703.338694,1.120338,0.149957,0.447942,-0.000167,1.214893,-0.119099,-0.445985,0.000000,17.050231,0.030859,0.001957,-0.000167,1.000000,1.606218,0.034866,1.000000,-0.222993,0.059547,0.404964
16.882000,9.532000,17.081253,0.061329,0.014351,-0.000139,698.448269,715.104676,710.480642,702.959284,1.153407,0.184512,0.452568,-0.000139,1.212846,-0.123183,-0.438217,0.000000,17.081253,0.061329,0.014351,-0.000139,1.000000,1.626851,0.037190,1.000000,-0.219110,0.061586,0.404282
16.905000,9.555000,16.486044,0.054766,-0.033465,-0.000029,694.293410,694.436235,705.173338,683.343357,0.560288,0.181975,0.397137,-0.000029,1.210756,-0.127208,-0.430602,0.000000,16.486044,0.054766,-0.033465,-0.000029,1.000000,1.515761,0.022222,1.000000,-0.215303,0.063597,0.403585
16.923000,9.573000,17.058490,0.042983,0.020555,0.000117,698.716649,713.736169,707.308453,705.384247,1.134306,0.174142,0.442907,0.000117,1.209185,-0.131159,-0.422352,0.000000,17.058490,0.042983,0.020555,0.000117,1.000000,1.672189,0.035516,1.000000,-0.211179,0.065570,0.403062
16.943000,9.593000,17.149660,0.075951,0.038180,0.000230,694.451303,721.514877,709.668949,706.869844,1.226747,0.211002,0.452012,0.000230,1.207913,-0.135052,-0.413832,0.000000,17.149660,0.075951,0.038180,0.000230,1.000000,1.716737,0.039933,1.000000,-0.206919,0.067515,0.402638
16.966000,9.616000,17.061701,0.054677,0.020767,0.000104,697.587911,714.979833,708.487013,704.324613,1.139814,0.193541,0.425858,0.000104,1.206887,-0.138863,-0.405091,0.000000,17.061701,0.054677,0.020767,0.000104,1.000000,1.727537,0.034873,1.000000,-0.202550,0.069419,0.402296
16.984000,9.634000,17.550912,0.091308,0.081441,0.000264,694.341946,737.679773,712.591753,720.423505,1.629332,0.233909,0.477139,0.000264,1.206580,-0.142601,-0.395698,0.000000,17.550912,0.091308,0.081441,0.000264,1.000000,1.902288,0.054785,1.000000,-0.197854,0.071287,0.402193
17.005000,9.655000,16.853607,0.074849,0.021863,0.000311,690.934930,712.783321,706.064511,698.234385,0.932518,0.221120,0.408371,0.000311,1.206089,-0.146271,-0.386508,0.000000,16.853607,0.074849,0.021863,0.000311,1.000000,1.767233,0.030262,1.000000,-0.193260,0.073121,0.402030
17.021000,9.671000,16.667818,0.049744,-0.029204,0.000297,697.816972,698.319488,707.869262,688.548242,0.747000,0.199585,0.347943,0.000297,1.205818,-0.149841,-0.377147,0.000000,16.667818,0.049744,-0.029204,0.000297,1.000000,1.761513,0.021670,1.000000,-0.188579,0.074905,0.401939
17.043000,9.693000,16.551328,0.087946,-0.043950,0.000482,693.868300,697.245761,711.614726,679.815415,0.630601,0.241264,0.323684,0.000482,1.205727,-0.153318,-0.367634,0.000000,16.551328,0.087946,-0.043950,0.000482,1.000000,1.760488,0.020275,1.000000,-0.183823,0.076644,0.401909
17.062000,9.712000,16.641616,0.065965,-0.000693,0.000602,690.918332,703.847216,704.485056,691.117155,0.720665,0.222700,0.357152,0.000602,1.205951,-0.156736,-0.357845,0.000000,16.641616,0.065965,-0.000693,0.000602,1.000000,1.827868,0.022909,1.000000,-0.178929,0.078354,0.401984
17.082000,9.732000,16.672098,0.073878,0.022045,0.000465,687.099514,708.928086,702.221076,694.606151,0.750635,0.233961,0.369864,0.000465,1.206463,-0.160083,-0.347819,0.000000,16.672098,0.073878,0.022045,0.000465,1.000000,1.874455,0.024788,1.000000,-0.173916,0.080027,0.402154
17.102000,9.752000,16.539204,0.079120,0.023642,-0.000193,683.692908,707.190356,699.494681,691.291657,0.617036,0.242453,0.361280,-0.000193,1.207168,-0.163334,-0.337639,0.000000,16.539204,0.079120,0.023642,-0.000193,1.000000,1.877598,0.022738,1.000000,-0.168826,0.081652,0.402389
17.122000,9.772000,16.545482,0.076606,0.053633,-0.000415,679.209640,711.907080,694.461353,696.456452,0.622290,0.243112,0.380828,-0.000415,1.208192,-0.166506,-0.327195,0.000000,16.545482,0.076606,0.053633,-0.000415,1.000000,1.931658,0.024286,1.000000,-0.163606,0.083237,0.402731
17.143000,9.793000,16.358762,0.088442,0.032640,-0.000748,677.564555,706.007555,695.005466,687.786518,0.434417,0.258023,0.349292,-0.000748,1.209345,-0.169581,-0.316652,0.000000,16.358762,0.088442,0.032640,-0.000748,1.000000,1.919538,0.020745,1.000000,-0.158335,0.084773,0.403115
17.161000,9.811000,16.115596,0.095976,-0.002299,-0.000765,677.348685,696.084500,696.291696,676.033395,0.189996,0.268516,0.303715,-0.000765,1.210601,-0.172541,-0.306014,0.000000,16.115596,0.095976,-0.002299,-0.000765,1.000000,1.900082,0.016795,1.000000,-0.153018,0.086251,0.403534
17.182000,9.832000,16.029435,0.056598,-0.003716,-0.000617,679.716939,690.025802,690.801089,678.042951,0.102420,0.231997,0.291519,-0.000617,1.212015,-0.175399,-0.295235,0.000000,16.029435,0.056598,-0.003716,-0.000617,1.000000,1.916825,0.013986,1.000000,-0.147630,0.087679,0.404005
17.201000,9.851000,16.515202,0.116106,0.051173,-0.000630,674.975854,714.830755,698.101618,691.377010,0.585811,0.294277,0.334946,-0.000630,1.214392,-0.178171,-0.283773,0.000000,16.515202,0.116106,0.051173,-0.000630,1.000000,2.128428,0.023311,1.000000,-0.141900,0.089064,0.404797
17.226000,9.876000,16.123888,0.087449,0.052300,-0.000458,669.183258,704.070044,686.831158,686.214399,0.192503,0.268319,0.324869,-0.000458,1.216385,-0.180870,-0.272568,0.000000,16.123888,0.087449,0.052300,-0.000458,1.000000,2.018814,0.018124,1.000000,-0.136299,0.090413,0.405462
17.243000,9.893000,16.079833,0.098571,0.080423,-0.000055,662.159378,708.586996,682.538219,688.901783,0.146159,0.282054,0.341569,-0.000055,1.218674,-0.183482,-0.261145,0.000000,16.079833,0.098571,0.080423,-0.000055,1.000000,2.067726,0.019836,1.000000,-0.130588,0.091719,0.406225
17.263000,9.913000,15.736188,0.098468,-0.002919,0.000315,668.578118,687.818408,688.995073,667.825172,-0.199797,0.284433,0.246771,0.000315,1.220985,-0.185965,-0.249689,0.000000,15.736188,0.098468,-0.002919,0.000315,1.000000,2.029424,0.014579,1.000000,-0.124860,0.092961,0.406995
17.285000,9.935000,15.690792,0.094862,0.015759,0.000271,664.823316,689.556862,684.589284,670.331261,-0.247712,0.283216,0.253834,0.000271,1.223504,-0.188353,-0.238075,0.000000,15.690792,0.094862,0.015759,0.000271,1.000000,2.062517,0.015078,1.000000,-0.119053,0.094157,0.407835
17.306000,9.956000,15.209395,0.088799,-0.004570,0.000090,658.341073,675.340776,676.926185,656.844670,-0.730880,0.279411,0.222368,0.000090,1.225275,-0.190612,-0.226937,0.000000,15.209395,0.088799,-0.004570,0.000090,1.000000,1.881056,0.018094,1.000000,-0.113484,0.095287,0.408425
17.325000,9.975000,15.761478,0.089490,0.058077,0.000004,659.855452,697.469584,678.482037,679.369595,-0.181740,0.282314,0.273077,0.000004,1.228218,-0.192823,-0.215000,0.000000,15.761478,0.089490,0.058077,0.000004,1.000000,2.144911,0.015757,1.000000,-0.107516,0.096394,0.409406
17.343000,9.993000,15.555826,0.098565,0.009765,-0.000244,662.657449,686.273823,682.891182,665.785295,-0.390415,0.293479,0.212750,-0.000244,1.231241,-0.194914,-0.202985,0.000000,15.555826,0.098565,0.009765,-0.000244,1.000000,2.138250,0.014663,1.000000,-0.101509,0.097440,0.410414
