t,t_rel,x,y,z,phi,theta,psi,vx,vy,vz,p,q,r,ref_x,ref_y,ref_z,ref_phi,ref_theta,ref_psi,ref_vx,ref_vy,ref_vz,ref_p,ref_q,ref_r,err_x,err_y,err_z,err_phi,err_theta,err_psi,err_vx,err_vy,err_vz,err_3d,err_vel_3d
7.350000,0.000000,0.000000,0.000003,1.028724,0.000000,0.000000,0.000000,0.000001,0.000001,0.061721,-0.000000,-0.000000,-0.000000,0.000001,0.000000,1.000001,0.000000,0.000000,0.000000,0.000082,0.000000,0.000082,0.000000,0.000000,0.000000,-0.000000,0.000003,0.028724,0.000000,0.000000,0.000000,-0.000082,0.000001,0.061639,0.028724,0.061639
7.360000,0.010000,0.000000,0.000003,1.028627,0.000000,0.000000,0.000000,0.000001,0.000001,0.061236,-0.000000,-0.000000,-0.000000,0.000001,0.000000,1.000001,0.000000,0.000000,0.000000,0.000082,0.000000,0.000082,0.000000,0.000000,0.000000,-0.000000,0.000003,0.028627,0.000000,0.000000,0.000000,-0.000082,0.000001,0.061154,0.028627,0.061154
7.370000,0.020000,0.000000,0.000003,1.029240,0.000000,0.000000,0.000000,0.000001,0.000001,0.062704,-0.000000,-0.000000,-0.000000,0.000001,0.000000,1.000001,0.000000,0.000000,0.000000,0.000082,0.000000,0.000082,0.000000,0.000000,0.000000,-0.000000,0.000003,0.029239,0.000000,0.000000,0.000000,-0.000081,0.000001,0.062622,0.029239,0.062622
7.380000,0.030000,0.000000,0.000003,1.029039,0.000000,0.000000,0.000000,0.000001,0.000000,0.061756,-0.000000,-0.000000,-0.000000,0.000004,0.000000,1.000004,0.000000,0.000000,0.000000,0.000297,0.000000,0.000297,0.000000,0.000000,0.000000,-0.000004,0.000003,0.029035,0.000000,0.000000,0.000000,-0.000297,0.000000,0.061459,0.029035,0.061460
7.390000,0.040000,0.000000,0.000003,1.029078,0.000000,0.000000,0.000000,0.000001,0.000000,0.061344,-0.000000,0.000151,-0.000000,0.000004,0.000000,1.000004,0.000000,0.000000,0.000000,0.000297,0.000000,0.000297,0.000000,0.000000,0.000000,-0.000004,0.000003,0.029074,0.000000,0.000000,0.000000,-0.000297,0.000000,0.061047,0.029074,0.061048
7.401000,0.051000,0.000000,0.000003,1.029032,0.000000,0.000000,0.000000,0.000001,0.000000,0.060690,-0.000000,0.000178,-0.000000,0.000013,0.000000,1.000013,0.000000,0.000000,0.000000,0.000669,0.000000,0.000665,0.000000,0.000000,0.000000,-0.000013,0.000003,0.029019,0.000000,0.000000,0.000000,-0.000668,0.000000,0.060025,0.029019,0.060029
7.411000,0.061000,0.000000,0.000003,1.029284,0.000000,0.000001,0.000000,0.000001,0.000000,0.061157,-0.000000,0.000422,-0.000000,0.000013,0.000000,1.000013,0.000000,0.000000,0.000000,0.000669,0.000000,0.000665,0.000000,0.000000,0.000000,-0.000013,0.000003,0.029270,0.000000,0.000001,0.000000,-0.000668,0.000000,0.060492,0.029270,0.060496
7.420000,0.070000,0.000000,0.000003,1.029895,0.000000,0.000006,0.000000,0.000001,0.000000,0.062672,-0.000000,0.000713,-0.000000,0.000032,0.000000,1.000032,0.000000,0.000000,0.000000,0.001187,0.000000,0.001177,0.000000,0.000000,0.000000,-0.000031,0.000003,0.029864,0.000000,0.000006,0.000000,-0.001186,0.000000,0.061495,0.029864,0.061506
7.430000,0.080000,0.000000,0.000003,1.029573,0.000000,0.000007,0.000000,0.000001,0.000000,0.061407,-0.000001,0.000530,-0.000000,0.000032,0.000000,1.000032,0.000000,0.000000,0.000000,0.001187,0.000000,0.001177,0.000000,0.000000,0.000000,-0.000031,0.000003,0.029542,0.000000,0.000007,0.000000,-0.001186,0.000000,0.060230,0.029542,0.060242
7.440000,0.090000,0.000000,0.000003,1.029589,0.000000,0.000012,0.000000,0.000002,0.000000,0.061161,-0.000001,0.000737,-0.000000,0.000062,0.000000,1.000061,0.000000,0.000000,0.000000,0.001851,0.000000,0.001827,0.000000,0.000000,0.000000,-0.000062,0.000003,0.029528,0.000000,0.000012,0.000000,-0.001849,0.000000,0.059334,0.029528,0.059363
7.450000,0.100000,0.000000,0.000003,1.029533,0.000000,0.000021,0.000000,0.000003,0.000000,0.060676,-0.000002,0.001274,-0.000000,0.000062,0.000000,1.000061,0.000000,0.000000,0.000000,0.001851,0.000000,0.001827,0.000000,0.000000,0.000000,-0.000062,0.000003,0.029472,0.000000,0.000021,0.000000,-0.001848,0.000000,0.058849,0.029472,0.058878
7.460000,0.110000,0.000000,0.000003,1.030140,0.000000,0.000034,0.000000,0.000006,0.000000,0.062141,-0.000002,0.001692,-0.000000,0.000107,0.000000,1.000105,0.000000,0.000000,0.000000,0.002660,0.000000,0.002610,0.000000,0.000000,0.000000,-0.000106,0.000003,0.030035,0.000000,0.000034,0.000000,-0.002654,0.000000,0.059531,0.030035,0.059590
7.475000,0.125000,0.000000,0.000003,1.029766,0.000000,0.000047,0.000000,0.000010,0.000000,0.060866,-0.000005,0.001927,-0.000000,0.000169,0.000000,1.000167,0.000000,0.000000,0.000000,0.003611,0.000000,0.003518,0.000000,0.000000,0.000000,-0.000169,0.000003,0.029600,0.000000,0.000047,0.000000,-0.003602,0.000000,0.057348,0.029600,0.057461
7.480000,0.130000,0.000001,0.000003,1.030375,0.000000,0.000067,0.000000,0.000014,0.000000,0.062497,-0.000004,0.002413,-0.000000,0.000169,0.000000,1.000167,0.000000,0.000000,0.000000,0.003611,0.000000,0.003518,0.000000,0.000000,0.000000,-0.000169,0.000003,0.030208,0.000000,0.000067,0.000000,-0.003597,0.000000,0.058978,0.030209,0.059088
7.490000,0.140000,0.000001,0.000003,1.030147,-0.000000,0.000085,0.000000,0.000021,0.000000,0.061655,-0.000007,0.002685,-0.000000,0.000169,0.000000,1.000167,0.000000,0.000000,0.000000,0.003611,0.000000,0.003518,0.000000,0.000000,0.000000,-0.000168,0.000003,0.029980,-0.000000,0.000085,0.000000,-0.003590,0.000000,0.058137,0.029980,0.058248
7.500000,0.150000,0.000001,0.000003,1.030179,-0.000000,0.000110,0.000000,0.000030,0.000000,0.061598,-0.000010,0.003155,-0.000000,0.000252,0.000000,1.000247,0.000000,0.000000,0.000000,0.004703,0.000000,0.004545,0.000000,0.000000,0.000000,-0.000251,0.000003,0.029932,-0.000000,0.000110,0.000000,-0.004673,0.000000,0.057053,0.029933,0.057244
7.510000,0.160000,0.000001,0.000003,1.030263,-0.000000,0.000141,0.000000,0.000041,0.000000,0.061614,-0.000012,0.003868,-0.000000,0.000252,0.000000,1.000247,0.000000,0.000000,0.000000,0.004703,0.000000,0.004545,0.000000,0.000000,0.000000,-0.000251,0.000003,0.030016,-0.000000,0.000141,0.000000,-0.004662,0.000000,0.057069,0.030017,0.057259
7.520000,0.170000,0.000002,0.000003,1.030360,-0.000001,0.000178,0.000000,0.000056,0.000000,0.061664,-0.000016,0.004484,-0.000000,0.000358,0.000000,1.000349,0.000000,0.000000,0.000000,0.005932,0.000000,0.005680,0.000000,0.000000,0.000000,-0.000356,0.000003,0.030011,-0.000001,0.000178,0.000000,-0.005876,0.000000,0.055985,0.030013,0.056292
7.530000,0.180000,0.000002,0.000003,1.030460,-0.000001,0.000221,0.000000,0.000074,0.000000,0.061818,-0.000019,0.005218,-0.000000,0.000358,0.000000,1.000349,0.000000,0.000000,0.000000,0.005932,0.000000,0.005680,0.000000,0.000000,0.000000,-0.000356,0.000003,0.030111,-0.000001,0.000221,0.000000,-0.005857,0.000000,0.056138,0.030113,0.056443
7.540000,0.190000,0.000003,0.000003,1.030564,-0.000001,0.000273,0.000000,0.000098,0.000000,0.061974,-0.000025,0.005956,-0.000000,0.000490,0.000000,1.000475,0.000000,0.000000,0.000000,0.007295,0.000000,0.006913,0.000000,0.000000,0.000000,-0.000487,0.000003,0.030089,-0.000001,0.000273,0.000000,-0.007198,0.000000,0.055061,0.030093,0.055529
7.552000,0.202000,0.000005,0.000003,1.030540,-0.000002,0.000338,0.000000,0.000131,0.000001,0.061817,-0.000033,0.007193,-0.000000,0.000490,0.000000,1.000475,0.000000,0.000000,0.000000,0.007295,0.000000,0.006913,0.000000,0.000000,0.000000,-0.000485,0.000003,0.030065,-0.000002,0.000338,0.000000,-0.007165,0.000001,0.054904,0.030069,0.055369
7.563000,0.213000,0.000007,0.000003,1.030804,-0.000002,0.000416,0.000000,0.000171,0.000001,0.062622,-0.000037,0.008286,-0.000000,0.000651,0.000000,1.000626,0.000000,0.000000,0.000000,0.008791,0.000000,0.008234,0.000000,0.000000,0.000000,-0.000644,0.000003,0.030178,-0.000002,0.000416,0.000000,-0.008620,0.000001,0.054388,0.030185,0.055067
7.573000,0.223000,0.000010,0.000003,1.030968,-0.000003,0.000502,0.000000,0.000218,0.000001,0.063111,-0.000047,0.009140,-0.000000,0.000843,0.000000,1.000805,0.000000,0.000000,0.000000,0.010414,0.000000,0.009629,0.000000,0.000000,0.000000,-0.000833,0.000003,0.030163,-0.000003,0.000502,0.000000,-0.010196,0.000001,0.053482,0.030174,0.054445
7.580000,0.230000,0.000012,0.000003,1.031599,-0.000003,0.000594,0.000000,0.000268,0.000001,0.064868,-0.000017,0.009654,-0.000000,0.000843,0.000000,1.000805,0.000000,0.000000,0.000000,0.010414,0.000000,0.009629,0.000000,0.000000,0.000000,-0.000831,0.000003,0.030794,-0.000003,0.000594,0.000000,-0.010145,0.000001,0.055239,0.030805,0.056163
7.590000,0.240000,0.000014,0.000003,1.031241,-0.000005,0.000683,-0.000000,0.000326,0.000002,0.063696,-0.000047,0.009729,-0.000000,0.000843,0.000000,1.000805,0.000000,0.000000,0.000000,0.010414,0.000000,0.009629,0.000000,0.000000,0.000000,-0.000829,0.000003,0.030436,-0.000005,0.000683,-0.000000,-0.010088,0.000002,0.054067,0.030447,0.055000
7.600000,0.250000,0.000017,0.000003,1.031263,-0.000005,0.000783,-0.000000,0.000395,0.000002,0.063662,-0.000058,0.010406,0.000000,0.001068,0.000000,1.001012,0.000000,0.000000,0.000000,0.012161,0.000000,0.011086,0.000000,0.000000,0.000000,-0.001051,0.000003,0.030251,-0.000005,0.000783,-0.000000,-0.011766,0.000002,0.052575,0.030269,0.053876
7.611000,0.261000,0.000023,0.000003,1.031227,-0.000007,0.000895,0.000000,0.000485,0.000003,0.063491,-0.000074,0.011639,0.000000,0.001068,0.000000,1.001012,0.000000,0.000000,0.000000,0.012161,0.000000,0.011086,0.000000,0.000000,0.000000,-0.001045,0.000003,0.030215,-0.000007,0.000895,0.000000,-0.011676,0.000003,0.052405,0.030233,0.053689
7.621000,0.271000,0.000030,0.000003,1.031506,-0.000008,0.001017,0.000000,0.000587,0.000004,0.064238,-0.000096,0.012654,0.000000,0.001344,0.000000,1.001261,0.000000,0.000000,0.000000,0.014124,0.000000,0.012668,0.000000,0.000000,0.000000,-0.001314,0.000003,0.030245,-0.000008,0.001017,0.000000,-0.013537,0.000004,0.051570,0.030274,0.053317
7.631000,0.281000,0.000038,0.000003,1.031686,-0.000010,0.001146,0.000000,0.000700,0.000005,0.064870,-0.000097,0.013223,0.000000,0.001344,0.000000,1.001261,0.000000,0.000000,0.000000,0.014124,0.000000,0.012668,0.000000,0.000000,0.000000,-0.001306,0.000003,0.030425,-0.000010,0.001146,0.000000,-0.013424,0.000005,0.052201,0.030453,0.053900
7.640000,0.290000,0.000045,0.000003,1.032334,-0.000011,0.001278,0.000000,0.000815,0.000006,0.066863,-0.000045,0.013838,0.000000,0.001630,0.000000,1.001516,0.000000,0.000000,0.000000,0.016009,0.000000,0.014131,0.000000,0.000000,0.000000,-0.001585,0.000003,0.030819,-0.000011,0.001278,0.000000,-0.015194,0.000006,0.052732,0.030859,0.054878
7.651000,0.301000,0.000054,0.000003,1.031798,-0.000013,0.001415,0.000000,0.000949,0.000007,0.065283,-0.000108,0.014155,0.000000,0.001630,0.000000,1.001516,0.000000,0.000000,0.000000,0.016009,0.000000,0.014131,0.000000,0.000000,0.000000,-0.001576,0.000003,0.030282,-0.000013,0.001415,0.000000,-0.015060,0.000007,0.051153,0.030323,0.053324
7.660000,0.310000,0.000067,0.000003,1.032060,-0.000014,0.001560,0.000000,0.001107,0.000008,0.066059,-0.000036,0.014718,0.000000,0.001971,0.000000,1.001814,0.000000,0.000000,0.000000,0.018101,0.000000,0.015688,0.000000,0.000000,0.000000,-0.001904,0.000003,0.030246,-0.000014,0.001560,0.000000,-0.016994,0.000008,0.050371,0.030306,0.053160
7.671000,0.321000,0.000081,0.000003,1.032243,-0.000017,0.001712,0.000000,0.001279,0.000010,0.066685,-0.000132,0.015436,0.000000,0.001971,0.000000,1.001814,0.000000,0.000000,0.000000,0.018101,0.000000,0.015688,0.000000,0.000000,0.000000,-0.001890,0.000003,0.030429,-0.000017,0.001712,0.000000,-0.016823,0.000010,0.050997,0.030488,0.053700
7.681000,0.331000,0.000096,0.000004,1.032406,-0.000019,0.001870,0.000000,0.001464,0.000012,0.067231,-0.000045,0.016074,0.000000,0.002355,0.000000,1.002143,0.000000,0.000000,0.000000,0.020299,0.000000,0.017248,0.000000,0.000000,0.000000,-0.002259,0.000004,0.030262,-0.000019,0.001870,0.000000,-0.018835,0.000012,0.049983,0.030347,0.053414
7.690000,0.340000,0.000113,0.000004,1.032564,-0.000023,0.002033,0.000000,0.001665,0.000014,0.067684,-0.000154,0.016628,0.000000,0.002355,0.000000,1.002143,0.000000,0.000000,0.000000,0.020299,0.000000,0.017248,0.000000,0.000000,0.000000,-0.002242,0.000004,0.030421,-0.000023,0.002033,0.000000,-0.018634,0.000014,0.050436,0.030503,0.053768
7.700000,0.350000,0.000132,0.000004,1.032724,-0.000024,0.002203,0.000000,0.001882,0.000016,0.068127,-0.000042,0.017245,0.000000,0.002784,0.000000,1.002504,0.000000,0.000000,0.000000,0.022596,0.000000,0.018794,0.000000,0.000000,0.000000,-0.002652,0.000004,0.030220,-0.000024,0.002203,0.000000,-0.020715,0.000016,0.049333,0.030336,0.053505
7.710000,0.360000,0.000151,0.000004,1.033405,-0.000029,0.002371,0.000000,0.002102,0.000019,0.070101,-0.000165,0.017564,0.000000,0.002784,0.000000,1.002504,0.000000,0.000000,0.000000,0.022596,0.000000,0.018794,0.000000,0.000000,0.000000,-0.002633,0.000004,0.030901,-0.000029,0.002371,0.000000,-0.020494,0.000019,0.051307,0.031013,0.055248
7.720000,0.370000,0.000163,0.000004,1.033044,-0.000032,0.002544,0.000000,0.002305,0.000022,0.068991,-0.000198,0.018174,0.000000,0.003259,0.000000,1.002895,0.000000,0.000000,0.000000,0.024988,0.000000,0.020311,0.000000,0.000000,0.000000,-0.003097,0.000004,0.030149,-0.000032,0.002544,0.000000,-0.022683,0.000022,0.048680,0.030308,0.053705
7.730000,0.380000,0.000183,0.000004,1.033101,-0.000037,0.002728,0.000000,0.002549,0.000025,0.068868,-0.000239,0.019184,0.000000,0.003259,0.000000,1.002895,0.000000,0.000000,0.000000,0.024988,0.000000,0.020311,0.000000,0.000000,0.000000,-0.003076,0.000004,0.030207,-0.000037,0.002728,0.000000,-0.022439,0.000025,0.048558,0.030363,0.053492
7.740000,0.390000,0.000208,0.000005,1.033238,-0.000039,0.002920,0.000000,0.002819,0.000028,0.068974,-0.000075,0.019880,0.000000,0.003784,0.000000,1.003316,0.000000,0.000000,0.000000,0.027468,0.000000,0.021780,0.000000,0.000000,0.000000,-0.003576,0.000005,0.029922,-0.000039,0.002920,0.000000,-0.024649,0.000028,0.047194,0.030135,0.053243
7.750000,0.400000,0.000236,0.000005,1.033398,-0.000046,0.003117,0.000000,0.003112,0.000033,0.069559,-0.000274,0.020358,0.000000,0.003784,0.000000,1.003316,0.000000,0.000000,0.000000,0.027468,0.000000,0.021780,0.000000,0.000000,0.000000,-0.003547,0.000005,0.030083,-0.000046,0.003117,0.000000,-0.024356,0.000033,0.047779,0.030291,0.053629
7.760000,0.410000,0.000280,0.000005,1.033468,-0.000052,0.003331,-0.000000,0.003477,0.000038,0.069859,-0.000316,0.021238,0.000000,0.004359,0.000000,1.003766,0.000000,0.000000,0.000000,0.030031,0.000000,0.023186,0.000000,0.000000,0.000000,-0.004079,0.000005,0.029702,-0.000052,0.003331,-0.000000,-0.026554,0.000038,0.046673,0.029981,0.053698
7.773000,0.423000,0.000327,0.000006,1.033833,-0.000058,0.003552,-0.000000,0.003864,0.000044,0.071286,-0.000304,0.023335,-0.000000,0.004986,0.000000,1.004243,0.000000,0.000000,0.000000,0.032669,0.000000,0.024511,0.000000,0.000000,0.000000,-0.004658,0.000006,0.029591,-0.000058,0.003552,-0.000000,-0.028805,0.000044,0.046775,0.029955,0.054933
7.780000,0.430000,0.000375,0.000006,1.034096,-0.000064,0.003784,-0.000000,0.004260,0.000050,0.072369,-0.000333,0.024648,-0.000001,0.004986,0.000000,1.004243,0.000000,0.000000,0.000000,0.032669,0.000000,0.024511,0.000000,0.000000,0.000000,-0.004610,0.000006,0.029853,-0.000064,0.003784,-0.000000,-0.028408,0.000050,0.047859,0.030207,0.055655
7.790000,0.440000,0.000424,0.000007,1.034326,-0.000070,0.004029,-0.000000,0.004670,0.000057,0.073015,-0.000210,0.023732,-0.000005,0.004986,0.000000,1.004243,0.000000,0.000000,0.000000,0.032669,0.000000,0.024511,0.000000,0.000000,0.000000,-0.004561,0.000007,0.030084,-0.000070,0.004029,-0.000000,-0.027999,0.000057,0.048504,0.030428,0.056005
7.800000,0.450000,0.000476,0.000008,1.034547,-0.000075,0.004281,-0.000000,0.005099,0.000065,0.073614,-0.000131,0.024345,-0.000008,0.005666,0.000000,1.004745,0.000000,0.000000,0.000000,0.035376,0.000000,0.025738,0.000000,0.000000,0.000000,-0.005190,0.000008,0.029802,-0.000075,0.004281,-0.000000,-0.030277,0.000065,0.047876,0.030251,0.056647
7.812000,0.462000,0.000532,0.000008,1.034769,-0.000079,0.004537,-0.000000,0.005550,0.000073,0.074083,-0.000101,0.024757,-0.000009,0.005666,0.000000,1.004745,0.000000,0.000000,0.000000,0.035376,0.000000,0.025738,0.000000,0.000000,0.000000,-0.005134,0.000008,0.030023,-0.000079,0.004537,-0.000000,-0.029826,0.000073,0.048345,0.030459,0.056805
7.820000,0.470000,0.000587,0.000009,1.035510,-0.000080,0.004784,-0.000000,0.006004,0.000081,0.076062,0.000220,0.024502,-0.000008,0.006401,0.000000,1.005271,0.000000,0.000000,0.000000,0.038146,0.000000,0.026851,0.000000,0.000000,0.000000,-0.005814,0.000009,0.030238,-0.000080,0.004784,-0.000000,-0.032142,0.000081,0.049211,0.030792,0.058778
7.831000,0.481000,0.000633,0.000010,1.035005,-0.000089,0.005040,-0.000001,0.006436,0.000089,0.074537,-0.000161,0.026411,-0.000009,0.006401,0.000000,1.005271,0.000000,0.000000,0.000000,0.038146,0.000000,0.026851,0.000000,0.000000,0.000000,-0.005768,0.000010,0.029734,-0.000089,0.005040,-0.000001,-0.031710,0.000089,0.047686,0.030288,0.057267
7.843000,0.493000,0.000712,0.000011,1.035377,-0.000095,0.005307,-0.000001,0.007003,0.000099,0.075590,-0.000258,0.027065,-0.000008,0.007192,0.000000,1.005819,0.000000,0.000000,0.000000,0.040971,0.000000,0.027834,0.000000,0.000000,0.000000,-0.006480,0.000011,0.029558,-0.000095,0.005307,-0.000001,-0.033968,0.000099,0.047757,0.030260,0.058605
7.854000,0.504000,0.000793,0.000012,1.035668,-0.000103,0.005578,-0.000001,0.007580,0.000110,0.076374,-0.000380,0.027567,-0.000005,0.008040,0.000000,1.006384,0.000000,0.000000,0.000000,0.043844,0.000000,0.028669,0.000000,0.000000,0.000000,-0.007247,0.000012,0.029284,-0.000103,0.005578,-0.000001,-0.036264,0.000110,0.047705,0.030167,0.059924
7.860000,0.510000,0.000869,0.000013,1.036432,-0.000107,0.005854,-0.000001,0.008138,0.000120,0.078414,-0.000003,0.026658,-0.000002,0.008040,0.000000,1.006384,0.000000,0.000000,0.000000,0.043844,0.000000,0.028669,0.000000,0.000000,0.000000,-0.007171,0.000013,0.030048,-0.000107,0.005854,-0.000001,-0.035705,0.000120,0.049744,0.030892,0.061232
7.870000,0.520000,0.000910,0.000014,1.036127,-0.000119,0.006102,-0.000001,0.008575,0.000129,0.077110,-0.000299,0.025005,-0.000003,0.008040,0.000000,1.006384,0.000000,0.000000,0.000000,0.043844,0.000000,0.028669,0.000000,0.000000,0.000000,-0.007130,0.000014,0.029744,-0.000119,0.006102,-0.000001,-0.035268,0.000129,0.048441,0.030586,0.059920
7.880000,0.530000,0.000983,0.000015,1.036259,-0.000130,0.006356,-0.000001,0.009136,0.000140,0.077107,-0.000413,0.024464,0.000001,0.008946,0.000000,1.006964,0.000000,0.000000,0.000000,0.046757,0.000000,0.029342,0.000000,0.000000,0.000000,-0.007963,0.000015,0.029294,-0.000130,0.006356,-0.000001,-0.037621,0.000140,0.047764,0.030358,0.060801
7.890000,0.540000,0.001069,0.000016,1.036478,-0.000141,0.006604,-0.000001,0.009749,0.000153,0.077343,-0.000496,0.024710,0.000005,0.008946,0.000000,1.006964,0.000000,0.000000,0.000000,0.046757,0.000000,0.029342,0.000000,0.000000,0.000000,-0.007877,0.000016,0.029514,-0.000141,0.006604,-0.000001,-0.037008,0.000153,0.048001,0.030547,0.060611
7.900000,0.550000,0.001199,0.000018,1.036650,-0.000154,0.006854,-0.000001,0.010529,0.000170,0.077491,-0.000513,0.023815,0.000007,0.009911,0.000000,1.007556,0.000000,0.000000,0.000000,0.049704,0.000000,0.029838,0.000000,0.000000,0.000000,-0.008712,0.000018,0.029094,-0.000154,0.006854,-0.000001,-0.039175,0.000170,0.047653,0.030370,0.061689
7.910000,0.560000,0.001304,0.000020,1.037425,-0.000159,0.007092,-0.000001,0.011215,0.000185,0.079398,0.000199,0.023660,0.000006,0.009911,0.000000,1.007556,0.000000,0.000000,0.000000,0.049704,0.000000,0.029838,0.000000,0.000000,0.000000,-0.008607,0.000020,0.029869,-0.000159,0.007092,-0.000001,-0.038490,0.000185,0.049560,0.031084,0.062751
7.920000,0.570000,0.001432,0.000022,1.037247,-0.000182,0.007322,-0.000001,0.011981,0.000203,0.078466,-0.000693,0.022772,0.000006,0.010934,0.000000,1.008156,0.000000,0.000000,0.000000,0.052676,0.000000,0.030142,0.000000,0.000000,0.000000,-0.009503,0.000022,0.029091,-0.000182,0.007322,-0.000001,-0.040695,0.000203,0.048324,0.030604,0.063177
7.930000,0.580000,0.001551,0.000024,1.038032,-0.000189,0.007550,-0.000001,0.012711,0.000222,0.080077,-0.000211,0.022932,0.000005,0.010934,0.000000,1.008156,0.000000,0.000000,0.000000,0.052676,0.000000,0.030142,0.000000,0.000000,0.000000,-0.009383,0.000024,0.029875,-0.000189,0.007550,-0.000001,-0.039965,0.000222,0.049934,0.031314,0.063959
7.941000,0.591000,0.001686,0.000027,1.037811,-0.000214,0.007774,-0.000001,0.013492,0.000243,0.078708,-0.001161,0.022574,0.000002,0.012074,0.000000,1.008791,0.000000,0.000000,0.000000,0.055816,0.000000,0.030240,0.000000,0.000000,0.000000,-0.010387,0.000027,0.029020,-0.000214,0.007774,-0.000001,-0.042324,0.000243,0.048468,0.030823,0.064346
7.951000,0.601000,0.001856,0.000030,1.038260,-0.000234,0.008009,-0.000001,0.014399,0.000267,0.079251,-0.001178,0.022757,0.000000,0.012074,0.000000,1.008791,0.000000,0.000000,0.000000,0.055816,0.000000,0.030240,0.000000,0.000000,0.000000,-0.010217,0.000030,0.029469,-0.000234,0.008009,-0.000001,-0.041416,0.000267,0.049011,0.031190,0.064167
7.960000,0.610000,0.002000,0.000033,1.039053,-0.000246,0.008237,-0.000001,0.015197,0.000291,0.080785,-0.000406,0.023192,-0.000000,0.013220,0.000000,1.009395,0.000000,0.000000,0.000000,0.058815,0.000000,0.030109,0.000000,0.000000,0.000000,-0.011219,0.000033,0.029658,-0.000246,0.008237,-0.000001,-0.043618,0.000291,0.050676,0.031709,0.066863
7.970000,0.620000,0.002086,0.000035,1.038816,-0.000277,0.008436,-0.000001,0.015776,0.000312,0.079455,-0.000824,0.022950,0.000000,0.013220,0.000000,1.009395,0.000000,0.000000,0.000000,0.058815,0.000000,0.030109,0.000000,0.000000,0.000000,-0.011134,0.000035,0.029422,-0.000277,0.008436,-0.000001,-0.043039,0.000312,0.049346,0.031458,0.065478
7.981000,0.631000,0.002272,0.000038,1.038900,-0.000303,0.008670,-0.000001,0.016719,0.000344,0.079091,-0.000924,0.023166,-0.000003,0.014364,0.000000,1.009964,0.000000,0.000000,0.000000,0.061665,0.000000,0.029772,0.000000,0.000000,0.000000,-0.012093,0.000038,0.028936,-0.000303,0.008670,-0.000001,-0.044946,0.000344,0.049319,0.031362,0.066728
7.990000,0.640000,0.002486,0.000043,1.039381,-0.000327,0.008918,-0.000001,0.017759,0.000379,0.079838,-0.000872,0.023879,-0.000012,0.014364,0.000000,1.009964,0.000000,0.000000,0.000000,0.061665,0.000000,0.029772,0.000000,0.000000,0.000000,-0.011879,0.000043,0.029417,-0.000327,0.008918,-0.000001,-0.043906,0.000379,0.050066,0.031725,0.066592
8.000000,0.650000,0.002692,0.000047,1.039746,-0.000347,0.009168,-0.000002,0.018756,0.000415,0.080225,-0.000593,0.024637,-0.000019,0.015628,0.000000,1.010554,0.000000,0.000000,0.000000,0.064659,0.000000,0.029183,0.000000,0.000000,0.000000,-0.012936,0.000047,0.029192,-0.000347,0.009168,-0.000002,-0.045902,0.000415,0.051042,0.031930,0.068648
8.010000,0.660000,0.002879,0.000052,1.040548,-0.000353,0.009415,-0.000002,0.019670,0.000449,0.081813,0.000961,0.026537,-0.000015,0.015628,0.000000,1.010554,0.000000,0.000000,0.000000,0.064659,0.000000,0.029183,0.000000,0.000000,0.000000,-0.012748,0.000052,0.029995,-0.000353,0.009415,-0.000002,-0.044988,0.000449,0.052630,0.032591,0.069239
8.020000,0.670000,0.002973,0.000054,1.040273,-0.000386,0.009620,-0.000002,0.020234,0.000479,0.080221,-0.000196,0.026602,-0.000020,0.016951,0.000000,1.011130,0.000000,0.000000,0.000000,0.067637,0.000000,0.028343,0.000000,0.000000,0.000000,-0.013977,0.000054,0.029143,-0.000386,0.009620,-0.000002,-0.047403,0.000479,0.051878,0.032322,0.070275
8.030000,0.680000,0.003203,0.000060,1.040352,-0.000403,0.009893,-0.000003,0.021292,0.000521,0.079246,-0.000652,0.027187,-0.000022,0.016951,0.000000,1.011130,0.000000,0.000000,0.000000,0.067637,0.000000,0.028343,0.000000,0.000000,0.000000,-0.013747,0.000060,0.029223,-0.000403,0.009893,-0.000003,-0.046345,0.000521,0.050903,0.032295,0.068842
8.040000,0.690000,0.003416,0.000065,1.041145,-0.000410,0.010165,-0.000003,0.022273,0.000561,0.080376,0.000228,0.027991,-0.000017,0.018333,0.000000,1.011686,0.000000,0.000000,0.000000,0.070592,0.000000,0.027246,0.000000,0.000000,0.000000,-0.014917,0.000065,0.029459,-0.000410,0.010165,-0.000003,-0.048318,0.000561,0.053130,0.033020,0.071817
8.050000,0.700000,0.003649,0.000071,1.040960,-0.000435,0.010458,-0.000003,0.023325,0.000605,0.078993,0.000226,0.027250,-0.000015,0.018333,0.000000,1.011686,0.000000,0.000000,0.000000,0.070592,0.000000,0.027246,0.000000,0.000000,0.000000,-0.014684,0.000071,0.029274,-0.000435,0.010458,-0.000003,-0.047267,0.000605,0.051747,0.032751,0.070088
8.062000,0.712000,0.003941,0.000079,1.041422,-0.000434,0.010751,-0.000004,0.024586,0.000655,0.079529,0.002005,0.025962,-0.000008,0.019848,0.000000,1.012243,0.000000,0.000000,0.000000,0.073659,0.000000,0.025808,0.000000,0.000000,0.000000,-0.015907,0.000079,0.029179,-0.000434,0.010751,-0.000004,-0.049074,0.000655,0.053721,0.033233,0.072764
8.070000,0.720000,0.004186,0.000086,1.042218,-0.000466,0.011051,-0.000004,0.025657,0.000700,0.080930,0.000134,0.026852,-0.000000,0.019848,0.000000,1.012243,0.000000,0.000000,0.000000,0.073659,0.000000,0.025808,0.000000,0.000000,0.000000,-0.015661,0.000086,0.029974,-0.000466,0.011051,-0.000004,-0.048003,0.000700,0.055122,0.033819,0.073097
8.080000,0.730000,0.004326,0.000090,1.041991,-0.000481,0.011296,-0.000004,0.026330,0.000737,0.079318,0.000206,0.026170,0.000011,0.021273,0.000000,1.012719,0.000000,0.000000,0.000000,0.076396,0.000000,0.024250,0.000000,0.000000,0.000000,-0.016948,0.000090,0.029272,-0.000481,0.011296,-0.000004,-0.050066,0.000737,0.055069,0.033824,0.074429
8.092000,0.742000,0.004631,0.000099,1.042085,-0.000497,0.011571,-0.000004,0.027601,0.000790,0.078150,0.000370,0.024029,0.000019,0.021273,0.000000,1.012719,0.000000,0.000000,0.000000,0.076396,0.000000,0.024250,0.000000,0.000000,0.000000,-0.016643,0.000099,0.029365,-0.000497,0.011571,-0.000004,-0.048796,0.000790,0.053900,0.033754,0.072711
8.101000,0.751000,0.004981,0.000109,1.042562,-0.000512,0.011834,-0.000004,0.029026,0.000848,0.078424,0.000483,0.022293,0.000023,0.022830,0.000000,1.013186,0.000000,0.000000,0.000000,0.079230,0.000000,0.022341,0.000000,0.000000,0.000000,-0.017848,0.000109,0.029376,-0.000512,0.011834,-0.000004,-0.050204,0.000848,0.056082,0.034373,0.075275
8.111000,0.761000,0.005315,0.000119,1.042921,-0.000528,0.012069,-0.000004,0.030362,0.000904,0.078342,0.000457,0.020541,0.000025,0.022830,0.000000,1.013186,0.000000,0.000000,0.000000,0.079230,0.000000,0.022341,0.000000,0.000000,0.000000,-0.017515,0.000119,0.029735,-0.000528,0.012069,-0.000004,-0.048868,0.000904,0.056000,0.034510,0.074330
8.121000,0.771000,0.005641,0.000129,1.043231,-0.000544,0.012281,-0.000003,0.031643,0.000960,0.078121,0.000418,0.018833,0.000024,0.024442,0.000000,1.013611,0.000000,0.000000,0.000000,0.082005,0.000000,0.020155,0.000000,0.000000,0.000000,-0.018802,0.000129,0.029620,-0.000544,0.012281,-0.000003,-0.050362,0.000960,0.057966,0.035084,0.076794
8.130000,0.780000,0.005957,0.000138,1.044013,-0.000539,0.012470,-0.000003,0.032857,0.001014,0.078837,0.002376,0.019499,0.000020,0.024442,0.000000,1.013611,0.000000,0.000000,0.000000,0.082005,0.000000,0.020155,0.000000,0.000000,0.000000,-0.018485,0.000138,0.030401,-0.000539,0.012470,-0.000003,-0.049149,0.001014,0.058681,0.035580,0.076551
8.140000,0.790000,0.006174,0.000146,1.043560,-0.000577,0.012618,-0.000003,0.033688,0.001059,0.075948,0.000387,0.019170,0.000017,0.026109,0.000000,1.013990,0.000000,0.000000,0.000000,0.084715,0.000000,0.017690,0.000000,0.000000,0.000000,-0.019935,0.000146,0.029570,-0.000577,0.012618,-0.000003,-0.051027,0.001059,0.058258,0.035663,0.077453
8.152000,0.802000,0.006576,0.000158,1.043968,-0.000596,0.012813,-0.000003,0.035169,0.001125,0.075387,-0.000441,0.016363,0.000011,0.027830,0.000000,1.014317,0.000000,0.000000,0.000000,0.087351,0.000000,0.014947,0.000000,0.000000,0.000000,-0.021255,0.000158,0.029651,-0.000596,0.012813,-0.000003,-0.052182,0.001125,0.060441,0.036482,0.079858
8.160000,0.810000,0.006927,0.000170,1.044722,-0.000600,0.012977,-0.000003,0.036432,0.001183,0.075860,0.000807,0.015063,0.000008,0.027830,0.000000,1.014317,0.000000,0.000000,0.000000,0.087351,0.000000,0.014947,0.000000,0.000000,0.000000,-0.020903,0.000170,0.030405,-0.000600,0.012977,-0.000003,-0.050919,0.001183,0.060913,0.036897,0.079402
8.172000,0.822000,0.007204,0.000179,1.044315,-0.000643,0.013121,-0.000003,0.037401,0.001237,0.073216,0.000275,0.015743,0.000003,0.029603,0.000000,1.014586,0.000000,0.000000,0.000000,0.089903,0.000000,0.011927,0.000000,0.000000,0.000000,-0.022398,0.000179,0.029729,-0.000643,0.013121,-0.000003,-0.052502,0.001237,0.061289,0.037223,0.080712
8.180000,0.830000,0.007578,0.000192,1.045047,-0.000640,0.013279,-0.000003,0.038698,0.001300,0.073959,0.003005,0.015258,0.000003,0.029603,0.000000,1.014586,0.000000,0.000000,0.000000,0.089903,0.000000,0.011927,0.000000,0.000000,0.000000,-0.022024,0.000192,0.030461,-0.000640,0.013279,-0.000003,-0.051205,0.001300,0.062033,0.037590,0.080447
8.190000,0.840000,0.007827,0.000200,1.044901,-0.000695,0.013388,-0.000004,0.039504,0.001350,0.071854,0.000098,0.016487,-0.000014,0.029603,0.000000,1.014586,0.000000,0.000000,0.000000,0.089903,0.000000,0.011927,0.000000,0.000000,0.000000,-0.021776,0.000200,0.030315,-0.000695,0.013388,-0.000004,-0.050399,0.001350,0.059927,0.037326,0.078315
8.200000,0.850000,0.008169,0.000212,1.045041,-0.000722,0.013517,-0.000004,0.040632,0.001413,0.070637,0.000157,0.016125,-0.000026,0.031426,0.000000,1.014792,0.000000,0.000000,0.000000,0.092365,0.000000,0.008634,0.000000,0.000000,0.000000,-0.023257,0.000212,0.030248,-0.000722,0.013517,-0.000004,-0.051733,0.001413,0.062003,0.038156,0.080763
8.210000,0.860000,0.008549,0.000226,1.045233,-0.000748,0.013656,-0.000004,0.041870,0.001482,0.069695,0.000587,0.014184,-0.000031,0.031426,0.000000,1.014792,0.000000,0.000000,0.000000,0.092365,0.000000,0.008634,0.000000,0.000000,0.000000,-0.022877,0.000226,0.030441,-0.000748,0.013656,-0.000004,-0.050495,0.001482,0.061061,0.038079,0.079248
8.220000,0.870000,0.008953,0.000240,1.045436,-0.000772,0.013802,-0.000005,0.043163,0.001554,0.068807,0.000761,0.014333,-0.000031,0.033297,0.000000,1.014930,0.000000,0.000000,0.000000,0.094726,0.000000,0.005074,0.000000,0.000000,0.000000,-0.024344,0.000240,0.030506,-0.000772,0.013802,-0.000005,-0.051563,0.001554,0.063734,0.039030,0.081995
8.230000,0.880000,0.009375,0.000255,1.045637,-0.000794,0.013949,-0.000005,0.044488,0.001629,0.067864,0.001037,0.014825,-0.000021,0.033297,0.000000,1.014930,0.000000,0.000000,0.000000,0.094726,0.000000,0.005074,0.000000,0.000000,0.000000,-0.023922,0.000255,0.030707,-0.000794,0.013949,-0.000005,-0.050238,0.001629,0.062791,0.038926,0.080431
8.240000,0.890000,0.009812,0.000271,1.045830,-0.000813,0.014094,-0.000006,0.045837,0.001707,0.066928,0.001277,0.014615,-0.000013,0.035214,0.000000,1.014993,0.000000,0.000000,0.000000,0.096980,0.000000,0.001252,0.000000,0.000000,0.000000,-0.025402,0.000271,0.030837,-0.000813,0.014094,-0.000006,-0.051143,0.001707,0.065676,0.039953,0.083258
8.250000,0.900000,0.010264,0.000288,1.046016,-0.000831,0.014237,-0.000006,0.047201,0.001787,0.065828,0.001547,0.013679,-0.000005,0.035214,0.000000,1.014993,0.000000,0.000000,0.000000,0.096980,0.000000,0.001252,0.000000,0.000000,0.000000,-0.024950,0.000288,0.031023,-0.000831,0.014237,-0.000006,-0.049780,0.001787,0.064575,0.039812,0.081555
8.260000,0.910000,0.010730,0.000306,1.046192,-0.000847,0.014376,-0.000006,0.048579,0.001868,0.064728,0.001727,0.013336,0.000004,0.037175,0.000000,1.014978,0.000000,0.000000,0.000000,0.099118,0.000000,-0.002821,0.000000,0.000000,0.000000,-0.026445,0.000306,0.031213,-0.000847,0.014376,-0.000006,-0.050539,0.001868,0.067549,0.040911,0.084383
8.270000,0.920000,0.011209,0.000325,1.046357,-0.000861,0.014511,-0.000006,0.049968,0.001951,0.063456,0.001886,0.012691,0.000010,0.037175,0.000000,1.014978,0.000000,0.000000,0.000000,0.099118,0.000000,-0.002821,0.000000,0.000000,0.000000,-0.025966,0.000325,0.031378,-0.000861,0.014511,-0.000006,-0.049150,0.001951,0.066277,0.040730,0.082536
8.280000,0.930000,0.011702,0.000344,1.046509,-0.000874,0.014640,-0.000006,0.051369,0.002035,0.062185,0.001976,0.012071,0.000018,0.039178,0.000000,1.014879,0.000000,0.000000,0.000000,0.101132,0.000000,-0.007136,0.000000,0.000000,0.000000,-0.027476,0.000344,0.031630,-0.000874,0.014640,-0.000006,-0.049763,0.002035,0.069322,0.041899,0.085358
8.290000,0.940000,0.012209,0.000364,1.046650,-0.000887,0.014761,-0.000006,0.052778,0.002120,0.060757,0.002093,0.011021,0.000021,0.039178,0.000000,1.014879,0.000000,0.000000,0.000000,0.101132,0.000000,-0.007136,0.000000,0.000000,0.000000,-0.026969,0.000364,0.031771,-0.000887,0.014761,-0.000006,-0.048353,0.002120,0.067893,0.041676,0.083379
8.300000,0.950000,0.012729,0.000385,1.046777,-0.000901,0.014873,-0.000006,0.054198,0.002206,0.059330,0.002081,0.010130,0.000027,0.041220,0.000000,1.014691,0.000000,0.000000,0.000000,0.103014,0.000000,-0.011681,0.000000,0.000000,0.000000,-0.028491,0.000385,0.032086,-0.000901,0.014873,-0.000006,-0.048816,0.002206,0.071011,0.042911,0.086200
8.310000,0.960000,0.013263,0.000407,1.046890,-0.000915,0.014974,-0.000006,0.055624,0.002293,0.057760,0.002155,0.008993,0.000028,0.041220,0.000000,1.014691,0.000000,0.000000,0.000000,0.103014,0.000000,-0.011681,0.000000,0.000000,0.000000,-0.027957,0.000407,0.032199,-0.000915,0.014974,-0.000006,-0.047389,0.002293,0.069442,0.042644,0.084102
8.320000,0.970000,0.013810,0.000430,1.046989,-0.000930,0.015064,-0.000005,0.057058,0.002382,0.056192,0.002061,0.007835,0.000031,0.043298,0.000000,1.014410,0.000000,0.000000,0.000000,0.104756,0.000000,-0.016443,0.000000,0.000000,0.000000,-0.029487,0.000430,0.032579,-0.000930,0.015064,-0.000005,-0.047698,0.002382,0.072635,0.043944,0.086929
8.331000,0.981000,0.014567,0.000462,1.046949,-0.000951,0.015189,-0.000005,0.059208,0.002502,0.054132,0.001915,0.005918,0.000031,0.043298,0.000000,1.014410,0.000000,0.000000,0.000000,0.104756,0.000000,-0.016443,0.000000,0.000000,0.000000,-0.028731,0.000462,0.032539,-0.000951,0.015189,-0.000005,-0.045548,0.002502,0.070574,0.043410,0.084034
8.341000,0.991000,0.015335,0.000494,1.047150,-0.000972,0.015291,-0.000005,0.061333,0.002623,0.052829,0.001856,0.003874,0.000030,0.045409,0.000000,1.014032,0.000000,0.000000,0.000000,0.106351,0.000000,-0.021405,0.000000,0.000000,0.000000,-0.030074,0.000494,0.033118,-0.000972,0.015291,-0.000005,-0.045018,0.002623,0.074235,0.044738,0.086858
8.351000,1.001000,0.016043,0.000525,1.047234,-0.000994,0.015354,-0.000005,0.063170,0.002734,0.051169,0.002115,0.002122,0.000027,0.047551,0.000000,1.013553,0.000000,0.000000,0.000000,0.107791,0.000000,-0.026553,0.000000,0.000000,0.000000,-0.031508,0.000525,0.033682,-0.000994,0.015354,-0.000005,-0.044621,0.002734,0.077722,0.046125,0.089661
8.361000,1.011000,0.016714,0.000554,1.047268,-0.001017,0.015385,-0.000004,0.064810,0.002839,0.049410,0.002079,0.000548,0.000025,0.047551,0.000000,1.013553,0.000000,0.000000,0.000000,0.107791,0.000000,-0.026553,0.000000,0.000000,0.000000,-0.030837,0.000554,0.033715,-0.001017,0.015385,-0.000004,-0.042981,0.002839,0.075962,0.045694,0.087325
8.371000,1.021000,0.017371,0.000584,1.047273,-0.001039,0.015390,-0.000004,0.066342,0.002942,0.047403,0.002307,-0.001324,0.000022,0.049719,0.000000,1.012969,0.000000,0.000000,0.000000,0.109069,0.000000,-0.031867,0.000000,0.000000,0.000000,-0.032348,0.000584,0.034304,-0.001039,0.015390,-0.000004,-0.042727,0.002942,0.079270,0.047154,0.090100
8.380000,1.030000,0.018035,0.000613,1.047747,-0.001016,0.015377,-0.000004,0.067843,0.003043,0.046834,0.006464,-0.003199,0.000018,0.049719,0.000000,1.012969,0.000000,0.000000,0.000000,0.109069,0.000000,-0.031867,0.000000,0.000000,0.000000,-0.031685,0.000613,0.034778,-0.001016,0.015377,-0.000004,-0.041226,0.003043,0.078700,0.047051,0.088897
8.390000,1.040000,0.018432,0.000632,1.047099,-0.001080,0.015279,-0.000004,0.068323,0.003105,0.042918,0.002469,-0.003674,0.000018,0.049719,0.000000,1.012969,0.000000,0.000000,0.000000,0.109069,0.000000,-0.031867,0.000000,0.000000,0.000000,-0.031288,0.000632,0.034130,-0.001080,0.015279,-0.000004,-0.040746,0.003105,0.074784,0.046305,0.085221
8.401000,1.051000,0.019230,0.000668,1.047124,-0.001100,0.015262,-0.000003,0.070225,0.003231,0.041059,0.002833,-0.006222,0.000014,0.052022,0.000000,1.012240,0.000000,0.000000,0.000000,0.110229,0.000000,-0.037604,0.000000,0.000000,0.000000,-0.032793,0.000668,0.034884,-0.001100,0.015262,-0.000003,-0.040005,0.003231,0.078663,0.047882,0.088310
8.410000,1.060000,0.019932,0.000701,1.047535,-0.001071,0.015200,-0.000003,0.071712,0.003338,0.040380,0.007420,-0.006801,0.000012,0.052022,0.000000,1.012240,0.000000,0.000000,0.000000,0.110229,0.000000,-0.037604,0.000000,0.000000,0.000000,-0.032090,0.000701,0.035295,-0.001071,0.015200,-0.000003,-0.038518,0.003338,0.077983,0.047708,0.087041
8.420000,1.070000,0.020262,0.000717,1.047105,-0.001130,0.015028,-0.000003,0.071799,0.003385,0.037277,0.003243,-0.006986,0.000009,0.054125,0.000000,1.011475,0.000000,0.000000,0.000000,0.111112,0.000000,-0.042913,0.000000,0.000000,0.000000,-0.033863,0.000717,0.035630,-0.001130,0.015028,-0.000003,-0.039313,0.003385,0.080190,0.049160,0.089372
8.433000,1.083000,0.021055,0.000755,1.046743,-0.001149,0.014966,-0.000003,0.073523,0.003509,0.034029,0.001332,-0.008515,0.000001,0.054125,0.000000,1.011475,0.000000,0.000000,0.000000,0.111112,0.000000,-0.042913,0.000000,0.000000,0.000000,-0.033071,0.000755,0.035268,-0.001149,0.014966,-0.000003,-0.037588,0.003509,0.076943,0.048354,0.085705
8.442000,1.092000,0.021971,0.000799,1.046680,-0.001171,0.014920,-0.000003,0.075631,0.003654,0.031733,0.000895,-0.009872,-0.000006,0.056579,0.000000,1.010462,0.000000,0.000000,0.000000,0.111927,0.000000,-0.049177,0.000000,0.000000,0.000000,-0.034608,0.000799,0.036218,-0.001171,0.014920,-0.000003,-0.036296,0.003654,0.080910,0.050101,0.088753
8.450000,1.100000,0.022727,0.000835,1.046997,-0.001162,0.014821,-0.000003,0.077083,0.003768,0.030939,0.006564,-0.009413,-0.000004,0.056579,0.000000,1.010462,0.000000,0.000000,0.000000,0.111927,0.000000,-0.049177,0.000000,0.000000,0.000000,-0.033852,0.000835,0.036535,-0.001162,0.014821,-0.000003,-0.034844,0.003768,0.080116,0.049814,0.087446
8.460000,1.110000,0.023126,0.000856,1.046524,-0.001232,0.014609,-0.000003,0.077183,0.003822,0.027869,0.003244,-0.009784,-0.000015,0.058599,0.000000,1.009530,0.000000,0.000000,0.000000,0.112424,0.000000,-0.054373,0.000000,0.000000,0.000000,-0.035473,0.000856,0.036994,-0.001232,0.014609,-0.000003,-0.035241,0.003822,0.082242,0.051260,0.089556
8.470000,1.120000,0.023996,0.000899,1.046058,-0.001267,0.014530,-0.000003,0.078953,0.003960,0.024481,0.000974,-0.010856,-0.000052,0.058599,0.000000,1.009530,0.000000,0.000000,0.000000,0.112424,0.000000,-0.054373,0.000000,0.000000,0.000000,-0.034603,0.000899,0.036528,-0.001267,0.014530,-0.000003,-0.033471,0.003960,0.078853,0.050323,0.085755
8.480000,1.130000,0.024785,0.000939,1.046303,-0.001258,0.014422,-0.000004,0.080361,0.004083,0.023263,0.004637,-0.011107,-0.000049,0.060964,0.000000,1.008324,0.000000,0.000000,0.000000,0.112804,0.000000,-0.060489,0.000000,0.000000,0.000000,-0.036178,0.000939,0.037979,-0.001258,0.014422,-0.000004,-0.032443,0.004083,0.083752,0.052461,0.089909
8.490000,1.140000,0.025349,0.000968,1.045846,-0.001322,0.014247,-0.000004,0.080899,0.004167,0.020374,0.003768,-0.010601,-0.000065,0.060964,0.000000,1.008324,0.000000,0.000000,0.000000,0.112804,0.000000,-0.060489,0.000000,0.000000,0.000000,-0.035615,0.000968,0.037522,-0.001322,0.014247,-0.000004,-0.031904,0.004167,0.080863,0.051742,0.087029
8.501000,1.151000,0.026318,0.001018,1.045297,-0.001358,0.014181,-0.000005,0.082863,0.004327,0.017299,0.004054,-0.010793,-0.000081,0.063109,0.000000,1.007122,0.000000,0.000000,0.000000,0.112956,0.000000,-0.066051,0.000000,0.000000,0.000000,-0.036791,0.001018,0.038175,-0.001358,0.014181,-0.000005,-0.030093,0.004327,0.083349,0.053028,0.088721
8.510000,1.160000,0.027146,0.001062,1.045470,-0.001369,0.014070,-0.000006,0.084239,0.004459,0.016191,0.004790,-0.010805,-0.000082,0.063109,0.000000,1.007122,0.000000,0.000000,0.000000,0.112956,0.000000,-0.066051,0.000000,0.000000,0.000000,-0.035962,0.001062,0.038348,-0.001369,0.014070,-0.000006,-0.028718,0.004459,0.082241,0.052583,0.087225
8.520000,1.170000,0.027752,0.001094,1.044961,-0.001318,0.013896,-0.000007,0.084751,0.004547,0.013124,0.010498,-0.010492,-0.000063,0.065368,0.000000,1.005743,0.000000,0.000000,0.000000,0.112915,0.000000,-0.071907,0.000000,0.000000,0.000000,-0.037616,0.001094,0.039218,-0.001318,0.013896,-0.000007,-0.028164,0.004547,0.085030,0.054353,0.089689
8.530000,1.180000,0.028503,0.001135,1.044594,-0.001375,0.013758,-0.000008,0.085751,0.004663,0.010424,0.005687,-0.011947,-0.000071,0.065368,0.000000,1.005743,0.000000,0.000000,0.000000,0.112915,0.000000,-0.071907,0.000000,0.000000,0.000000,-0.036865,0.001135,0.038851,-0.001375,0.013758,-0.000008,-0.027164,0.004663,0.082331,0.053570,0.086822
8.540000,1.190000,0.029307,0.001179,1.044226,-0.001373,0.013634,-0.000009,0.086895,0.004787,0.007801,0.006419,-0.012133,-0.000059,0.067624,0.000000,1.004246,0.000000,0.000000,0.000000,0.112663,0.000000,-0.077737,0.000000,0.000000,0.000000,-0.038317,0.001179,0.039980,-0.001373,0.013634,-0.000009,-0.025768,0.004787,0.085538,0.055390,0.089463
8.550000,1.200000,0.030141,0.001225,1.043836,-0.001363,0.013511,-0.000009,0.088096,0.004913,0.005284,0.006933,-0.012044,-0.000045,0.067624,0.000000,1.004246,0.000000,0.000000,0.000000,0.112663,0.000000,-0.077737,0.000000,0.000000,0.000000,-0.037483,0.001225,0.039590,-0.001363,0.013511,-0.000009,-0.024566,0.004913,0.083021,0.054533,0.086719
8.562000,1.212000,0.031293,0.001290,1.043123,-0.001350,0.013468,-0.000009,0.090394,0.005098,0.001895,0.007485,-0.012620,-0.000025,0.069873,0.000000,1.002634,0.000000,0.000000,0.000000,0.112193,0.000000,-0.083514,0.000000,0.000000,0.000000,-0.038580,0.001290,0.040490,-0.001350,0.013468,-0.000009,-0.021799,0.005098,0.085409,0.055942,0.088294
8.571000,1.221000,0.032457,0.001355,1.042644,-0.001335,0.013408,-0.000009,0.092649,0.005282,-0.000740,0.007475,-0.014205,0.000002,0.069873,0.000000,1.002634,0.000000,0.000000,0.000000,0.112193,0.000000,-0.083514,0.000000,0.000000,0.000000,-0.037416,0.001355,0.040011,-0.001335,0.013408,-0.000009,-0.019544,0.005282,0.082774,0.054796,0.085214
8.580000,1.230000,0.033384,0.001408,1.042637,-0.001260,0.013266,-0.000009,0.093949,0.005412,-0.001906,0.012666,-0.015201,0.000020,0.072110,0.000000,1.000906,0.000000,0.000000,0.000000,0.111502,0.000000,-0.089208,0.000000,0.000000,0.000000,-0.038727,0.001408,0.041731,-0.001260,0.013266,-0.000009,-0.017553,0.005412,0.087303,0.056949,0.089214
8.590000,1.240000,0.033892,0.001438,1.041974,-0.001280,0.013004,-0.000009,0.093683,0.005451,-0.004795,0.007939,-0.017329,0.000017,0.072110,0.000000,1.000906,0.000000,0.000000,0.000000,0.111502,0.000000,-0.089208,0.000000,0.000000,0.000000,-0.038218,0.001438,0.041067,-0.001280,0.013004,-0.000009,-0.017819,0.005451,0.084414,0.056118,0.086446
8.601000,1.251000,0.034954,0.001500,1.041122,-0.001266,0.012874,-0.000008,0.095397,0.005601,-0.008149,0.007475,-0.019486,0.000034,0.074442,0.000000,0.998971,0.000000,0.000000,0.000000,0.110533,0.000000,-0.095066,0.000000,0.000000,0.000000,-0.039489,0.001500,0.042151,-0.001266,0.012874,-0.000008,-0.015136,0.005601,0.086917,0.057778,0.088403
8.610000,1.260000,0.035908,0.001556,1.041041,-0.001191,0.012680,-0.000008,0.096644,0.005723,-0.009363,0.012582,-0.021025,0.000035,0.074442,0.000000,0.998971,0.000000,0.000000,0.000000,0.110533,0.000000,-0.095066,0.000000,0.000000,0.000000,-0.038535,0.001556,0.042070,-0.001191,0.012680,-0.000008,-0.013889,0.005723,0.085702,0.057072,0.087009
8.620000,1.270000,0.036869,0.001614,1.039968,-0.001226,0.012484,-0.000007,0.097854,0.005842,-0.013432,0.007153,-0.021473,0.000042,0.076532,0.000000,0.997115,0.000000,0.000000,0.000000,0.109438,0.000000,-0.100230,0.000000,0.000000,0.000000,-0.039663,0.001614,0.042853,-0.001226,0.012484,-0.000007,-0.011585,0.005842,0.086797,0.058414,0.087762
8.631000,1.281000,0.038065,0.001685,1.039299,-0.001226,0.012311,-0.000006,0.099847,0.006008,-0.016360,0.004182,-0.024554,0.000045,0.076532,0.000000,0.997115,0.000000,0.000000,0.000000,0.109438,0.000000,-0.100230,0.000000,0.000000,0.000000,-0.038467,0.001685,0.042184,-0.001226,0.012311,-0.000006,-0.009591,0.006008,0.083869,0.057114,0.084629
8.640000,1.290000,0.039064,0.001745,1.039136,-0.001185,0.012066,-0.000005,0.101038,0.006127,-0.017716,0.007318,-0.026187,0.000041,0.078708,0.000000,0.995058,0.000000,0.000000,0.000000,0.108057,0.000000,-0.105497,0.000000,0.000000,0.000000,-0.039644,0.001745,0.044078,-0.001185,0.012066,-0.000005,-0.007019,0.006127,0.087780,0.059309,0.088273
8.650000,1.300000,0.039555,0.001775,1.038400,-0.001223,0.011662,-0.000004,0.100344,0.006134,-0.020301,0.006675,-0.027962,0.000046,0.078708,0.000000,0.995058,0.000000,0.000000,0.000000,0.108057,0.000000,-0.105497,0.000000,0.000000,0.000000,-0.039152,0.001775,0.043342,-0.001223,0.011662,-0.000004,-0.007714,0.006134,0.085196,0.058435,0.085764
8.662000,1.312000,0.040668,0.001844,1.037377,-0.001251,0.011414,-0.000004,0.101868,0.006278,-0.023648,0.005716,-0.029920,0.000049,0.080853,0.000000,0.992897,0.000000,0.000000,0.000000,0.106440,0.000000,-0.110561,0.000000,0.000000,0.000000,-0.040185,0.001844,0.044480,-0.001251,0.011414,-0.000004,-0.004571,0.006278,0.086913,0.059973,0.087259
8.672000,1.322000,0.041933,0.001922,1.036581,-0.001280,0.011169,-0.000002,0.103866,0.006456,-0.026446,0.004548,-0.031185,0.000057,0.080853,0.000000,0.992897,0.000000,0.000000,0.000000,0.106440,0.000000,-0.110561,0.000000,0.000000,0.000000,-0.038920,0.001922,0.043684,-0.001280,0.011169,-0.000002,-0.002574,0.006456,0.084115,0.058538,0.084402
8.682000,1.332000,0.043092,0.001994,1.035752,-0.001294,0.010864,-0.000001,0.105374,0.006608,-0.029256,0.005366,-0.033472,0.000060,0.082964,0.000000,0.990637,0.000000,0.000000,0.000000,0.104582,0.000000,-0.115392,0.000000,0.000000,0.000000,-0.039872,0.001994,0.045115,-0.001294,0.010864,-0.000001,0.000792,0.006608,0.086136,0.060242,0.086393
8.690000,1.340000,0.044182,0.002062,1.034925,-0.001303,0.010522,-0.000000,0.106553,0.006743,-0.031720,0.007344,-0.035493,0.000054,0.082964,0.000000,0.990637,0.000000,0.000000,0.000000,0.104582,0.000000,-0.115392,0.000000,0.000000,0.000000,-0.038782,0.002062,0.044288,-0.001303,0.010522,-0.000000,0.001971,0.006743,0.083672,0.058904,0.083966
8.700000,1.350000,0.045248,0.002130,1.034608,-0.001229,0.010167,0.000001,0.107575,0.006870,-0.032615,0.015055,-0.036483,0.000042,0.085239,0.000000,0.988043,0.000000,0.000000,0.000000,0.102258,0.000000,-0.120401,0.000000,0.000000,0.000000,-0.039992,0.002130,0.046566,-0.001229,0.010167,0.000001,0.005317,0.006870,0.087785,0.061418,0.088214
8.711000,1.361000,0.045867,0.002171,1.033456,-0.001290,0.009672,0.000002,0.106918,0.006896,-0.035790,0.007938,-0.037073,0.000048,0.085239,0.000000,0.988043,0.000000,0.000000,0.000000,0.102258,0.000000,-0.120401,0.000000,0.000000,0.000000,-0.039372,0.002171,0.045413,-0.001290,0.009672,0.000002,0.004660,0.006896,0.084610,0.060144,0.085019
8.720000,1.370000,0.046936,0.002240,1.033098,-0.001210,0.009301,0.000003,0.107860,0.007022,-0.036565,0.014804,-0.037765,0.000035,0.087061,0.000000,0.985841,0.000000,0.000000,0.000000,0.100136,0.000000,-0.124234,0.000000,0.000000,0.000000,-0.040125,0.002240,0.047258,-0.001210,0.009301,0.000003,0.007723,0.007022,0.087668,0.062035,0.088288
8.730000,1.380000,0.047560,0.002281,1.032262,-0.001238,0.008789,0.000004,0.107128,0.007041,-0.038851,0.009675,-0.037990,0.000034,0.087061,0.000000,0.985841,0.000000,0.000000,0.000000,0.100136,0.000000,-0.124234,0.000000,0.000000,0.000000,-0.039502,0.002281,0.046421,-0.001238,0.008789,0.000004,0.006992,0.007041,0.085382,0.060996,0.085957
8.741000,1.391000,0.048777,0.002361,1.031004,-0.001203,0.008439,0.000005,0.108514,0.007197,-0.042301,0.010886,-0.038759,0.000024,0.089038,0.000000,0.983316,0.000000,0.000000,0.000000,0.097544,0.000000,-0.128185,0.000000,0.000000,0.000000,-0.040261,0.002361,0.047688,-0.001203,0.008439,0.000005,0.010970,0.007197,0.085884,0.062456,0.086880
8.750000,1.400000,0.050131,0.002451,1.029960,-0.001167,0.008118,0.000006,0.110306,0.007379,-0.045187,0.010650,-0.037885,0.000024,0.089038,0.000000,0.983316,0.000000,0.000000,0.000000,0.097544,0.000000,-0.128185,0.000000,0.000000,0.000000,-0.038907,0.002451,0.046644,-0.001167,0.008118,0.000006,0.012762,0.007379,0.082998,0.060790,0.084297
8.760000,1.410000,0.051364,0.002534,1.028908,-0.001128,0.007760,0.000007,0.111559,0.007524,-0.048012,0.010724,-0.037476,0.000026,0.090961,0.000000,0.980716,0.000000,0.000000,0.000000,0.094704,0.000000,-0.131785,0.000000,0.000000,0.000000,-0.039597,0.002534,0.048192,-0.001128,0.007760,0.000007,0.016855,0.007524,0.083773,0.062425,0.085782
8.770000,1.420000,0.052480,0.002609,1.028428,-0.001021,0.007385,0.000007,0.112315,0.007634,-0.048658,0.016563,-0.037939,0.000018,0.090961,0.000000,0.980716,0.000000,0.000000,0.000000,0.094704,0.000000,-0.131785,0.000000,0.000000,0.000000,-0.038481,0.002609,0.047712,-0.001021,0.007385,0.000007,0.017611,0.007634,0.083127,0.061352,0.085314
8.780000,1.430000,0.052927,0.002640,1.027579,-0.001031,0.006808,0.000008,0.110607,0.007578,-0.050356,0.010395,-0.039043,0.000024,0.092825,0.000000,0.978047,0.000000,0.000000,0.000000,0.091614,0.000000,-0.135005,0.000000,0.000000,0.000000,-0.039897,0.002640,0.049532,-0.001031,0.006808,0.000008,0.018993,0.007578,0.084649,0.063657,0.087084
8.790000,1.440000,0.053794,0.002700,1.026696,-0.001001,0.006356,0.000009,0.110416,0.007622,-0.052179,0.006651,-0.040666,-0.000000,0.092825,0.000000,0.978047,0.000000,0.000000,0.000000,0.091614,0.000000,-0.135005,0.000000,0.000000,0.000000,-0.039031,0.002700,0.048649,-0.001001,0.006356,0.000009,0.018802,0.007622,0.082825,0.062430,0.085274
8.802000,1.452000,0.055123,0.002792,1.025263,-0.000939,0.006019,0.000009,0.111858,0.007776,-0.055557,0.009829,-0.042268,-0.000008,0.094624,0.000000,0.975318,0.000000,0.000000,0.000000,0.088274,0.000000,-0.137817,0.000000,0.000000,0.000000,-0.039501,0.002792,0.049945,-0.000939,0.006019,0.000009,0.023584,0.007776,0.082260,0.063739,0.085927
8.813000,1.463000,0.056536,0.002890,1.024037,-0.000998,0.005695,0.000008,0.113512,0.007948,-0.058256,0.007545,-0.039910,-0.000086,0.096354,0.000000,0.972537,0.000000,0.000000,0.000000,0.084683,0.000000,-0.140196,0.000000,0.000000,0.000000,-0.039819,0.002890,0.051500,-0.000998,0.005695,0.000008,0.028828,0.007948,0.081940,0.065162,0.087226
8.823000,1.473000,0.057814,0.002980,1.022824,-0.000926,0.005332,0.000008,0.114581,0.008083,-0.060833,0.015081,-0.038724,-0.000090,0.096354,0.000000,0.972537,0.000000,0.000000,0.000000,0.084683,0.000000,-0.140196,0.000000,0.000000,0.000000,-0.038540,0.002980,0.050287,-0.000926,0.005332,0.000008,0.029897,0.008083,0.079363,0.063427,0.085192
8.830000,1.480000,0.058960,0.003061,1.022216,-0.001027,0.004899,0.000006,0.115101,0.008183,-0.061040,0.006341,-0.043111,-0.000153,0.096354,0.000000,0.972537,0.000000,0.000000,0.000000,0.084683,0.000000,-0.140196,0.000000,0.000000,0.000000,-0.037394,0.003061,0.049679,-0.001027,0.004899,0.000006,0.030418,0.008183,0.079156,0.062255,0.085193
8.842000,1.492000,0.059697,0.003114,1.020809,-0.001045,0.004364,0.000004,0.114093,0.008184,-0.063564,0.006010,-0.043486,-0.000203,0.098171,0.000000,0.969429,0.000000,0.000000,0.000000,0.080444,0.000000,-0.142282,0.000000,0.000000,0.000000,-0.038474,0.003114,0.051380,-0.001045,0.004364,0.000004,0.033648,0.008184,0.078718,0.064264,0.085998
8.850000,1.500000,0.060838,0.003196,1.020173,-0.000985,0.003929,0.000003,0.114520,0.008286,-0.063796,0.014434,-0.045079,-0.000167,0.098171,0.000000,0.969429,0.000000,0.000000,0.000000,0.080444,0.000000,-0.142282,0.000000,0.000000,0.000000,-0.037333,0.003196,0.050744,-0.000985,0.003929,0.000003,0.034075,0.008286,0.078487,0.063079,0.085965
8.860000,1.510000,0.061509,0.003245,1.019151,-0.001053,0.003363,0.000001,0.113205,0.008269,-0.065145,0.008452,-0.045877,-0.000155,0.099586,0.000000,0.966856,0.000000,0.000000,0.000000,0.076752,0.000000,-0.143554,0.000000,0.000000,0.000000,-0.038078,0.003245,0.052295,-0.001053,0.003363,0.000001,0.036453,0.008269,0.078409,0.064771,0.086863
8.870000,1.520000,0.062455,0.003315,1.018099,-0.000965,0.002860,0.000000,0.112878,0.008326,-0.066559,0.013398,-0.046596,-0.000113,0.099586,0.000000,0.966856,0.000000,0.000000,0.000000,0.076752,0.000000,-0.143554,0.000000,0.000000,0.000000,-0.037131,0.003315,0.051243,-0.000965,0.002860,0.000000,0.036126,0.008326,0.076995,0.063369,0.085456
8.880000,1.530000,0.063486,0.003391,1.016995,-0.001009,0.002376,-0.000001,0.112819,0.008403,-0.068085,0.006764,-0.047327,-0.000076,0.101078,0.000000,0.963974,0.000000,0.000000,0.000000,0.072412,0.000000,-0.144486,0.000000,0.000000,0.000000,-0.037593,0.003391,0.053020,-0.001009,0.002376,-0.000001,0.040407,0.008403,0.076400,0.065084,0.086835
8.890000,1.540000,0.064926,0.003498,1.015287,-0.001014,0.001986,-0.000000,0.114194,0.008590,-0.071183,0.006565,-0.047350,0.000006,0.101078,0.000000,0.963974,0.000000,0.000000,0.000000,0.072412,0.000000,-0.144486,0.000000,0.000000,0.000000,-0.036153,0.003498,0.051313,-0.001014,0.001986,-0.000000,0.041782,0.008590,0.073303,0.062867,0.084811
8.900000,1.550000,0.066067,0.003584,1.014575,-0.000948,0.001512,0.000000,0.114389,0.008689,-0.071274,0.012036,-0.046296,0.000035,0.102481,0.000000,0.961080,0.000000,0.000000,0.000000,0.067825,0.000000,-0.144891,0.000000,0.000000,0.000000,-0.036414,0.003584,0.053496,-0.000948,0.001512,0.000000,0.046564,0.008689,0.073618,0.064812,0.087540
8.910000,1.560000,0.067258,0.003676,1.012768,-0.001018,0.001025,0.000002,0.114715,0.008808,-0.074053,0.008799,-0.049180,0.000082,0.102481,0.000000,0.961080,0.000000,0.000000,0.000000,0.067825,0.000000,-0.144891,0.000000,0.000000,0.000000,-0.035223,0.003676,0.051688,-0.001018,0.001025,0.000002,0.046890,0.008808,0.070838,0.062656,0.085407
8.920000,1.570000,0.068406,0.003764,1.012027,-0.000930,0.000533,0.000003,0.114816,0.008908,-0.073634,0.017729,-0.049286,0.000082,0.103790,0.000000,0.958182,0.000000,0.000000,0.000000,0.062992,0.000000,-0.144751,0.000000,0.000000,0.000000,-0.035384,0.003764,0.053845,-0.000930,0.000533,0.000003,0.051824,0.008908,0.071117,0.064540,0.088446
8.930000,1.580000,0.069164,0.003823,1.010855,-0.000999,-0.000063,0.000005,0.113475,0.008904,-0.074208,0.009577,-0.049732,0.000111,0.103790,0.000000,0.958182,0.000000,0.000000,0.000000,0.062992,0.000000,-0.144751,0.000000,0.000000,0.000000,-0.034625,0.003823,0.052673,-0.000999,-0.000063,0.000005,0.050483,0.008904,0.070543,0.063150,0.087201
8.940000,1.590000,0.070494,0.003928,1.009115,-0.000981,-0.000502,0.000007,0.114185,0.009063,-0.076427,0.011376,-0.050388,0.000114,0.104999,0.000000,0.955294,0.000000,0.000000,0.000000,0.057915,0.000000,-0.144047,0.000000,0.000000,0.000000,-0.034505,0.003928,0.053821,-0.000981,-0.000502,0.000007,0.056270,0.009063,0.067620,0.064053,0.088436
8.950000,1.600000,0.071636,0.004019,1.008350,-0.000868,-0.001005,0.000009,0.114136,0.009160,-0.075863,0.019430,-0.050234,0.000085,0.104999,0.000000,0.955294,0.000000,0.000000,0.000000,0.057915,0.000000,-0.144047,0.000000,0.000000,0.000000,-0.033363,0.004019,0.053057,-0.000868,-0.001005,0.000009,0.056221,0.009160,0.068184,0.062803,0.088847
8.960000,1.610000,0.072434,0.004084,1.007127,-0.000876,-0.001607,0.000011,0.112809,0.009158,-0.076654,0.013879,-0.050715,0.000086,0.106209,0.000000,0.952139,0.000000,0.000000,0.000000,0.052053,0.000000,-0.142604,0.000000,0.000000,0.000000,-0.033775,0.004084,0.054988,-0.000876,-0.001607,0.000011,0.060757,0.009158,0.065949,0.064662,0.090136
8.970000,1.620000,0.073773,0.004194,1.005332,-0.000815,-0.002057,0.000012,0.113427,0.009310,-0.078870,0.011118,-0.052650,0.000053,0.106209,0.000000,0.952139,0.000000,0.000000,0.000000,0.052053,0.000000,-0.142604,0.000000,0.000000,0.000000,-0.032436,0.004194,0.053193,-0.000815,-0.002057,0.000012,0.061374,0.009310,0.063733,0.062443,0.088969
8.981000,1.631000,0.075196,0.004311,1.003792,-0.000752,-0.002505,0.000012,0.114271,0.009477,-0.080297,0.010806,-0.053863,-0.000024,0.107101,0.000000,0.949587,0.000000,0.000000,0.000000,0.047042,0.000000,-0.140888,0.000000,0.000000,0.000000,-0.031905,0.004311,0.054205,-0.000752,-0.002505,0.000012,0.067229,0.009477,0.060591,0.063045,0.090999
8.991000,1.641000,0.076472,0.004417,1.002315,-0.000696,-0.003011,0.000012,0.114500,0.009593,-0.080972,0.013710,-0.054812,-0.000065,0.107101,0.000000,0.949587,0.000000,0.000000,0.000000,0.047042,0.000000,-0.140888,0.000000,0.000000,0.000000,-0.030629,0.004417,0.052728,-0.000696,-0.003011,0.000012,0.067458,0.009593,0.059916,0.061138,0.090733
9.000000,1.650000,0.077617,0.004513,1.001505,-0.000559,-0.003559,0.000012,0.114201,0.009662,-0.079665,0.021203,-0.055705,-0.000083,0.107985,0.000000,0.946793,0.000000,0.000000,0.000000,0.041252,0.000000,-0.138408,0.000000,0.000000,0.000000,-0.030368,0.004513,0.054712,-0.000559,-0.003559,0.000012,0.072949,0.009662,0.058743,0.062737,0.094158
9.013000,1.663000,0.078324,0.004575,0.999960,-0.000568,-0.004235,0.000012,0.112287,0.009600,-0.080020,0.012888,-0.057671,-0.000072,0.108750,0.000000,0.944055,0.000000,0.000000,0.000000,0.035230,0.000000,-0.135313,0.000000,0.000000,0.000000,-0.030425,0.004575,0.055905,-0.000568,-0.004235,0.000012,0.077056,0.009600,0.055293,0.063812,0.095327
9.020000,1.670000,0.079628,0.004687,0.998495,-0.000505,-0.004770,0.000011,0.112512,0.009713,-0.080149,0.013449,-0.060152,-0.000074,0.108750,0.000000,0.944055,0.000000,0.000000,0.000000,0.035230,0.000000,-0.135313,0.000000,0.000000,0.000000,-0.029122,0.004687,0.054440,-0.000505,-0.004770,0.000011,0.077282,0.009713,0.055164,0.061918,0.095446
9.030000,1.680000,0.080753,0.004784,0.997693,-0.000371,-0.005372,0.000011,0.112036,0.009764,-0.078289,0.020038,-0.060529,-0.000060,0.108750,0.000000,0.944055,0.000000,0.000000,0.000000,0.035230,0.000000,-0.135313,0.000000,0.000000,0.000000,-0.027997,0.004784,0.053639,-0.000371,-0.005372,0.000011,0.076805,0.009764,0.057024,0.060695,0.096156
9.041000,1.691000,0.081500,0.004851,0.996113,-0.000366,-0.006081,0.000010,0.110165,0.009697,-0.078749,0.013551,-0.061229,-0.000060,0.109392,0.000000,0.941385,0.000000,0.000000,0.000000,0.028983,0.000000,-0.131597,0.000000,0.000000,0.000000,-0.027893,0.004851,0.054728,-0.000366,-0.006081,0.000010,0.081182,0.009697,0.052848,0.061618,0.097352
9.050000,1.700000,0.082601,0.004948,0.995325,-0.000230,-0.006693,0.000010,0.109557,0.009733,-0.076899,0.016779,-0.061738,-0.000048,0.109392,0.000000,0.941385,0.000000,0.000000,0.000000,0.028983,0.000000,-0.131597,0.000000,0.000000,0.000000,-0.026791,0.004948,0.053941,-0.000230,-0.006693,0.000010,0.080574,0.009733,0.054697,0.060431,0.097871
9.061000,1.711000,0.083533,0.005032,0.993614,-0.000225,-0.007371,0.000010,0.108309,0.009715,-0.077791,0.009291,-0.063674,-0.000030,0.109908,0.000000,0.938795,0.000000,0.000000,0.000000,0.022513,0.000000,-0.127254,0.000000,0.000000,0.000000,-0.026375,0.005032,0.054819,-0.000225,-0.007371,0.000010,0.085796,0.009715,0.049463,0.061042,0.099508
9.070000,1.720000,0.084616,0.005130,0.992837,-0.000132,-0.008008,0.000010,0.107571,0.009737,-0.075817,0.013690,-0.063184,-0.000021,0.109908,0.000000,0.938795,0.000000,0.000000,0.000000,0.022513,0.000000,-0.127254,0.000000,0.000000,0.000000,-0.025292,0.005130,0.054041,-0.000132,-0.008008,0.000010,0.085058,0.009737,0.051438,0.059887,0.099877
9.082000,1.732000,0.085576,0.005217,0.991084,-0.000163,-0.008687,0.000010,0.106366,0.009724,-0.076474,0.008353,-0.063647,-0.000005,0.110292,0.000000,0.936299,0.000000,0.000000,0.000000,0.015827,0.000000,-0.122283,0.000000,0.000000,0.000000,-0.024715,0.005217,0.054785,-0.000163,-0.008687,0.000010,0.090539,0.009724,0.045808,0.060328,0.101933
9.090000,1.740000,0.086852,0.005334,0.989608,-0.000167,-0.009278,0.000010,0.106263,0.009814,-0.076326,0.006417,-0.063821,0.000003,0.110292,0.000000,0.936299,0.000000,0.000000,0.000000,0.015827,0.000000,-0.122283,0.000000,0.000000,0.000000,-0.023439,0.005334,0.053310,-0.000167,-0.009278,0.000010,0.090436,0.009814,0.045957,0.058479,0.101917
9.100000,1.750000,0.087915,0.005433,0.988845,-0.000102,-0.009916,0.000010,0.105332,0.009830,-0.074090,0.012058,-0.062766,0.000005,0.110539,0.000000,0.933908,0.000000,0.000000,0.000000,0.008929,0.000000,-0.116683,0.000000,0.000000,0.000000,-0.022625,0.005433,0.054937,-0.000102,-0.009916,0.000010,0.096403,0.009830,0.042593,0.059661,0.105851
9.110000,1.760000,0.088388,0.005478,0.987805,-0.000162,-0.010725,0.000010,0.102257,0.009659,-0.072053,0.008780,-0.063917,-0.000010,0.110539,0.000000,0.933908,0.000000,0.000000,0.000000,0.008929,0.000000,-0.116683,0.000000,0.000000,0.000000,-0.022151,0.005478,0.053897,-0.000162,-0.010725,0.000010,0.093328,0.009659,0.044630,0.058529,0.103900
9.121000,1.771000,0.089498,0.005584,0.986137,-0.000175,-0.011328,0.000010,0.101511,0.009711,-0.072027,0.008341,-0.061933,-0.000017,0.110647,0.000000,0.931635,0.000000,0.000000,0.000000,0.001826,0.000000,-0.110457,0.000000,0.000000,0.000000,-0.021150,0.005584,0.054501,-0.000175,-0.011328,0.000010,0.099685,0.009711,0.038430,0.058727,0.107276
9.131000,1.781000,0.090748,0.005704,0.984686,-0.000149,-0.011893,0.000010,0.101223,0.009813,-0.071386,0.011584,-0.061042,-0.000021,0.110647,0.000000,0.931635,0.000000,0.000000,0.000000,0.001826,0.000000,-0.110457,0.000000,0.000000,0.000000,-0.019899,0.005704,0.053051,-0.000149,-0.011893,0.000010,0.099397,0.009813,0.039070,0.056947,0.107250
9.140000,1.790000,0.091760,0.005802,0.983973,-0.000033,-0.012503,0.000010,0.100023,0.009828,-0.068600,0.019660,-0.059007,-0.000022,0.110611,0.000000,0.929494,0.000000,0.000000,0.000000,-0.005476,0.000000,-0.103609,0.000000,0.000000,0.000000,-0.018851,0.005802,0.054479,-0.000033,-0.012503,0.000010,0.105500,0.009828,0.035009,0.057939,0.111590
9.151000,1.801000,0.092488,0.005875,0.982367,-0.000031,-0.013201,0.000010,0.097788,0.009751,-0.067833,0.013898,-0.061890,-0.000019,0.110611,0.000000,0.929494,0.000000,0.000000,0.000000,-0.005476,0.000000,-0.103609,0.000000,0.000000,0.000000,-0.018123,0.005875,0.052874,-0.000031,-0.013201,0.000010,0.103265,0.009751,0.035776,0.056201,0.109720
9.160000,1.810000,0.093466,0.005973,0.981689,0.000108,-0.013819,0.000010,0.096448,0.009754,-0.064393,0.020999,-0.062140,-0.000017,0.110427,0.000000,0.927495,0.000000,0.000000,0.000000,-0.012971,0.000000,-0.096148,0.000000,0.000000,0.000000,-0.016961,0.005973,0.054194,0.000108,-0.013819,0.000010,0.109419,0.009754,0.031755,0.057099,0.114351
9.171000,1.821000,0.094293,0.006059,0.980058,0.000159,-0.014453,0.000009,0.094569,0.009706,-0.063602,0.016412,-0.060831,-0.000031,0.110427,0.000000,0.927495,0.000000,0.000000,0.000000,-0.012971,0.000000,-0.096148,0.000000,0.000000,0.000000,-0.016134,0.006059,0.052563,0.000159,-0.014453,0.000009,0.107540,0.009706,0.032546,0.055316,0.112776
9.180000,1.830000,0.095239,0.006156,0.979422,0.000324,-0.015061,0.000009,0.093098,0.009689,-0.059940,0.022285,-0.060409,-0.000028,0.110091,0.000000,0.925652,0.000000,0.000000,0.000000,-0.020651,0.000000,-0.088084,0.000000,0.000000,0.000000,-0.014852,0.006156,0.053771,0.000324,-0.015061,0.000009,0.113750,0.009689,0.028144,0.056123,0.117580
9.190000,1.840000,0.095807,0.006216,0.978355,0.000405,-0.015768,0.000008,0.090277,0.009533,-0.057428,0.016921,-0.061225,-0.000029,0.110091,0.000000,0.925652,0.000000,0.000000,0.000000,-0.020651,0.000000,-0.088084,0.000000,0.000000,0.000000,-0.014284,0.006216,0.052703,0.000405,-0.015768,0.000008,0.110928,0.009533,0.030656,0.054957,0.115481
9.200000,1.850000,0.096567,0.006297,0.977322,0.000534,-0.016407,0.000008,0.088175,0.009441,-0.054891,0.017519,-0.061211,-0.000027,0.109600,0.000000,0.923976,0.000000,0.000000,0.000000,-0.028510,0.000000,-0.079430,0.000000,0.000000,0.000000,-0.013033,0.006297,0.053347,0.000534,-0.016407,0.000008,0.116685,0.009441,0.024539,0.055275,0.119611
9.210000,1.860000,0.097654,0.006414,0.975741,0.000653,-0.016945,0.000007,0.087276,0.009466,-0.054094,0.016405,-0.060453,-0.000019,0.109600,0.000000,0.923976,0.000000,0.000000,0.000000,-0.028510,0.000000,-0.079430,0.000000,0.000000,0.000000,-0.011946,0.006414,0.051765,0.000653,-0.016945,0.000007,0.115786,0.009466,0.025336,0.053511,0.118903
9.220000,1.870000,0.098527,0.006508,0.975200,0.000817,-0.017550,0.000007,0.085549,0.009400,-0.050280,0.019940,-0.059588,-0.000013,0.108950,0.000000,0.922479,0.000000,0.000000,0.000000,-0.036539,0.000000,-0.070201,0.000000,0.000000,0.000000,-0.010423,0.006508,0.052721,0.000817,-0.017550,0.000007,0.122088,0.009400,0.019921,0.054135,0.124059
9.230000,1.880000,0.099134,0.006576,0.974110,0.000902,-0.018224,0.000006,0.082875,0.009225,-0.047628,0.015263,-0.061000,0.000008,0.108950,0.000000,0.922479,0.000000,0.000000,0.000000,-0.036539,0.000000,-0.070201,0.000000,0.000000,0.000000,-0.009816,0.006576,0.051631,0.000902,-0.018224,0.000006,0.119414,0.009225,0.022573,0.052966,0.121878
9.240000,1.890000,0.100119,0.006685,0.972605,0.000992,-0.018773,0.000006,0.081603,0.009197,-0.046269,0.013401,-0.060967,0.000026,0.108137,0.000000,0.921171,0.000000,0.000000,0.000000,-0.044730,0.000000,-0.060416,0.000000,0.000000,0.000000,-0.008018,0.006685,0.051433,0.000992,-0.018773,0.000006,0.126333,0.009197,0.014147,0.052482,0.127455
9.250000,1.900000,0.101140,0.006800,0.971445,0.001068,-0.019326,0.000006,0.080426,0.009178,-0.043895,0.011476,-0.060575,0.000028,0.108137,0.000000,0.921171,0.000000,0.000000,0.000000,-0.044730,0.000000,-0.060416,0.000000,0.000000,0.000000,-0.006997,0.006800,0.050273,0.001068,-0.019326,0.000006,0.125155,0.009178,0.016521,0.051211,0.126574
9.260000,1.910000,0.101944,0.006892,0.971006,0.001182,-0.019932,0.000005,0.078444,0.009069,-0.039469,0.014512,-0.059986,0.000025,0.107159,0.000000,0.920065,0.000000,0.000000,0.000000,-0.053075,0.000000,-0.050095,0.000000,0.000000,0.000000,-0.005215,0.006892,0.050940,0.001182,-0.019932,0.000005,0.131519,0.009069,0.010626,0.051668,0.132258
9.272000,1.922000,0.102515,0.006959,0.969605,0.001205,-0.020596,0.000005,0.075638,0.008866,-0.037296,0.010713,-0.062096,0.000024,0.106013,0.000000,0.919171,0.000000,0.000000,0.000000,-0.061564,0.000000,-0.039262,0.000000,0.000000,0.000000,-0.003498,0.006959,0.050434,0.001205,-0.020596,0.000005,0.137202,0.008866,0.001965,0.051032,0.137502
9.280000,1.930000,0.103271,0.007048,0.969232,0.001312,-0.021217,0.000005,0.073512,0.008742,-0.032195,0.015119,-0.063045,0.000016,0.106013,0.000000,0.919171,0.000000,0.000000,0.000000,-0.061564,0.000000,-0.039262,0.000000,0.000000,0.000000,-0.002742,0.007048,0.050061,0.001312,-0.021217,0.000005,0.135076,0.008742,0.007067,0.050629,0.135543
9.290000,1.940000,0.103889,0.007122,0.967883,0.001317,-0.021855,0.000004,0.070920,0.008566,-0.029836,0.009733,-0.062437,0.000014,0.106013,0.000000,0.919171,0.000000,0.000000,0.000000,-0.061564,0.000000,-0.039262,0.000000,0.000000,0.000000,-0.002124,0.007122,0.048712,0.001317,-0.021855,0.000004,0.132485,0.008566,0.009425,0.049276,0.133095
9.301000,1.951000,0.104729,0.007223,0.966964,0.001367,-0.022450,0.000003,0.069135,0.008488,-0.026315,0.010059,-0.063336,0.000003,0.104696,0.000000,0.918498,0.000000,0.000000,0.000000,-0.070190,0.000000,-0.027942,0.000000,0.000000,0.000000,0.000033,0.007223,0.048466,0.001367,-0.022450,0.000003,0.139325,0.008488,0.001627,0.049001,0.139592
9.310000,1.960000,0.105420,0.007308,0.966701,0.001468,-0.023084,0.000003,0.066808,0.008346,-0.020775,0.014381,-0.063162,-0.000000,0.104696,0.000000,0.918498,0.000000,0.000000,0.000000,-0.070190,0.000000,-0.027942,0.000000,0.000000,0.000000,0.000724,0.007308,0.048202,0.001468,-0.023084,0.000003,0.136997,0.008346,0.007167,0.048759,0.137438
9.320000,1.970000,0.105853,0.007364,0.965496,0.001491,-0.023778,0.000002,0.063591,0.008100,-0.018136,0.010541,-0.063659,-0.000002,0.103205,0.000000,0.918056,0.000000,0.000000,0.000000,-0.078942,0.000000,-0.016164,0.000000,0.000000,0.000000,0.002648,0.007364,0.047440,0.001491,-0.023778,0.000002,0.142533,0.008100,-0.001972,0.048081,0.142776
9.330000,1.980000,0.106489,0.007445,0.965315,0.001596,-0.024414,0.000001,0.061127,0.007946,-0.012620,0.012416,-0.063687,-0.000001,0.103205,0.000000,0.918056,0.000000,0.000000,0.000000,-0.078942,0.000000,-0.016164,0.000000,0.000000,0.000000,0.003284,0.007445,0.047258,0.001596,-0.024414,0.000001,0.140068,0.007946,0.003544,0.047954,0.140338
9.340000,1.990000,0.106824,0.007490,0.964574,0.001643,-0.025122,-0.000000,0.057627,0.007662,-0.008895,0.008751,-0.064202,-0.000006,0.101537,0.000000,0.917855,0.000000,0.000000,0.000000,-0.087810,0.000000,-0.003959,0.000000,0.000000,0.000000,0.005287,0.007490,0.046719,0.001643,-0.025122,-0.000000,0.145437,0.007662,-0.004937,0.047610,0.145722
9.350000,2.000000,0.107293,0.007553,0.963963,0.001706,-0.025782,-0.000002,0.054655,0.007444,-0.004687,0.008622,-0.063620,-0.000011,0.101537,0.000000,0.917855,0.000000,0.000000,0.000000,-0.087810,0.000000,-0.003959,0.000000,0.000000,0.000000,0.005756,0.007553,0.046109,0.001706,-0.025782,-0.000002,0.142465,0.007444,-0.000728,0.047076,0.142661
9.360000,2.010000,0.107783,0.007620,0.963388,0.001761,-0.026429,-0.000003,0.051800,0.007243,-0.000505,0.007961,-0.063708,-0.000012,0.099692,0.000000,0.917901,0.000000,0.000000,0.000000,-0.096785,0.000000,0.008640,0.000000,0.000000,0.000000,0.008092,0.007620,0.045488,0.001761,-0.026429,-0.000003,0.148585,0.007243,-0.009145,0.046826,0.149042
9.374000,2.024000,0.108436,0.007711,0.962467,0.001798,-0.027015,-0.000004,0.049564,0.007132,0.002859,0.007995,-0.062099,-0.000007,0.097665,0.000000,0.918203,0.000000,0.000000,0.000000,-0.105856,0.000000,0.021599,0.000000,0.000000,0.000000,0.010770,0.007711,0.044265,0.001798,-0.027015,-0.000004,0.155420,0.007132,-0.018739,0.046204,0.156709
9.380000,2.030000,0.108931,0.007782,0.962496,0.001878,-0.027636,-0.000005,0.046750,0.006945,0.008903,0.011314,-0.060115,-0.000002,0.097665,0.000000,0.918203,0.000000,0.000000,0.000000,-0.105856,0.000000,0.021599,0.000000,0.000000,0.000000,0.011266,0.007782,0.044293,0.001878,-0.027636,-0.000005,0.152606,0.006945,-0.012695,0.046361,0.153291
9.390000,2.040000,0.109257,0.007831,0.961839,0.001892,-0.028298,-0.000007,0.043368,0.006682,0.013242,0.007886,-0.061101,-0.000015,0.097665,0.000000,0.918203,0.000000,0.000000,0.000000,-0.105856,0.000000,0.021599,0.000000,0.000000,0.000000,0.011592,0.007831,0.043637,0.001892,-0.028298,-0.000007,0.149225,0.006682,-0.008357,0.045824,0.149608
9.400000,2.050000,0.109631,0.007890,0.961395,0.001938,-0.028912,-0.000008,0.040219,0.006456,0.018071,0.008210,-0.059805,-0.000018,0.095457,0.000000,0.918767,0.000000,0.000000,0.000000,-0.115013,0.000000,0.034878,0.000000,0.000000,0.000000,0.014174,0.007890,0.042628,0.001938,-0.028912,-0.000008,0.155232,0.006456,-0.016808,0.045610,0.156272
9.410000,2.060000,0.110129,0.007970,0.960704,0.001985,-0.029466,-0.000009,0.037570,0.006314,0.022066,0.008418,-0.058250,-0.000013,0.095457,0.000000,0.918767,0.000000,0.000000,0.000000,-0.115013,0.000000,0.034878,0.000000,0.000000,0.000000,0.014672,0.007970,0.041937,0.001985,-0.029466,-0.000009,0.152583,0.006314,-0.012813,0.045139,0.153250
9.420000,2.070000,0.110598,0.008049,0.960404,0.002046,-0.030016,-0.000011,0.034831,0.006166,0.027072,0.009497,-0.056377,-0.000004,0.093064,0.000000,0.919600,0.000000,0.000000,0.000000,-0.124244,0.000000,0.048440,0.000000,0.000000,0.000000,0.017534,0.008049,0.040805,0.002046,-0.030016,-0.000011,0.159075,0.006166,-0.021368,0.045136,0.160623
9.430000,2.080000,0.110974,0.008117,0.960119,0.002123,-0.030567,-0.000012,0.031781,0.005975,0.032368,0.010178,-0.055440,0.000009,0.093064,0.000000,0.919600,0.000000,0.000000,0.000000,-0.124244,0.000000,0.048440,0.000000,0.000000,0.000000,0.017909,0.008117,0.040520,0.002123,-0.030567,-0.000012,0.156026,0.005975,-0.016072,0.045039,0.156965
9.441000,2.091000,0.111278,0.008177,0.959901,0.002209,-0.031121,-0.000013,0.028525,0.005752,0.037705,0.010867,-0.054596,0.000019,0.090487,0.000000,0.920706,0.000000,0.000000,0.000000,-0.133539,0.000000,0.062242,0.000000,0.000000,0.000000,0.020791,0.008177,0.039195,0.002209,-0.031121,-0.000013,0.162064,0.005752,-0.024537,0.045115,0.164012
9.451000,2.101000,0.111529,0.008232,0.959749,0.002301,-0.031676,-0.000014,0.025131,0.005508,0.043258,0.010219,-0.055191,0.000017,0.090487,0.000000,0.920706,0.000000,0.000000,0.000000,-0.133539,0.000000,0.062242,0.000000,0.000000,0.000000,0.021043,0.008232,0.039043,0.002301,-0.031676,-0.000014,0.158671,0.005508,-0.018984,0.045110,0.159897
9.460000,2.110000,0.111737,0.008282,0.959661,0.002397,-0.032233,-0.000015,0.021646,0.005249,0.048835,0.010418,-0.055238,0.000009,0.087722,0.000000,0.922091,0.000000,0.000000,0.000000,-0.142887,0.000000,0.076241,0.000000,0.000000,0.000000,0.024015,0.008282,0.037571,0.002397,-0.032233,-0.000015,0.164533,0.005249,-0.027406,0.045353,0.166882
9.470000,2.120000,0.111954,0.008335,0.960150,0.002501,-0.032785,-0.000017,0.018250,0.004996,0.056067,0.010650,-0.055454,0.000015,0.087722,0.000000,0.922091,0.000000,0.000000,0.000000,-0.142887,0.000000,0.076241,0.000000,0.000000,0.000000,0.024231,0.008335,0.038059,0.002501,-0.032785,-0.000017,0.161136,0.004996,-0.020174,0.045882,0.162471
9.480000,2.130000,0.111961,0.008353,0.959546,0.002594,-0.033366,-0.000018,0.014196,0.004624,0.059916,0.009563,-0.055346,0.000001,0.084771,0.000000,0.923757,0.000000,0.000000,0.000000,-0.152274,0.000000,0.090392,0.000000,0.000000,0.000000,0.027190,0.008353,0.035789,0.002594,-0.033366,-0.000018,0.166470,0.004624,-0.030476,0.045716,0.169300
9.490000,2.140000,0.112099,0.008404,0.959723,0.002680,-0.033919,-0.000020,0.010676,0.004367,0.065721,0.008042,-0.055207,0.000010,0.084771,0.000000,0.923757,0.000000,0.000000,0.000000,-0.152274,0.000000,0.090392,0.000000,0.000000,0.000000,0.027328,0.008404,0.035966,0.002680,-0.033919,-0.000020,0.162950,0.004367,-0.024671,0.045946,0.164865
9.500000,2.150000,0.112181,0.008447,0.959887,0.002761,-0.034474,-0.000021,0.007024,0.004085,0.071314,0.007288,-0.054956,0.000017,0.081631,0.000000,0.925707,0.000000,0.000000,0.000000,-0.161691,0.000000,0.104649,0.000000,0.000000,0.000000,0.030549,0.008447,0.034180,0.002761,-0.034474,-0.000021,0.168715,0.004085,-0.033335,0.046614,0.172025
9.510000,2.160000,0.112216,0.008485,0.960088,0.002841,-0.035043,-0.000022,0.003202,0.003777,0.079042,0.007264,-0.060491,0.000031,0.081631,0.000000,0.925707,0.000000,0.000000,0.000000,-0.161691,0.000000,0.104649,0.000000,0.000000,0.000000,0.030585,0.008485,0.034381,0.002841,-0.035043,-0.000022,0.164893,0.003777,-0.025607,0.046792,0.166912
9.520000,2.170000,0.112248,0.008523,0.960879,0.002914,-0.035648,-0.000024,-0.000561,0.003472,0.088270,0.006800,-0.065183,0.000042,0.078303,0.000000,0.927943,0.000000,0.000000,0.000000,-0.171125,0.000000,0.118964,0.000000,0.000000,0.000000,0.033945,0.008523,0.032936,0.002914,-0.035648,-0.000024,0.170564,0.003472,-0.030694,0.048059,0.173339
9.530000,2.180000,0.112157,0.008534,0.960482,0.002984,-0.036230,-0.000025,-0.004596,0.003084,0.091879,0.005741,-0.056883,0.000051,0.078303,0.000000,0.927943,0.000000,0.000000,0.000000,-0.171125,0.000000,0.118964,0.000000,0.000000,0.000000,0.033853,0.008534,0.032539,0.002984,-0.036230,-0.000025,0.166529,0.003084,-0.027085,0.047725,0.168746
9.543000,2.193000,0.112078,0.008567,0.961031,0.003043,-0.036857,-0.000026,-0.008532,0.002779,0.098090,0.004969,-0.058559,0.000067,0.074786,0.000000,0.930466,0.000000,0.000000,0.000000,-0.180564,0.000000,0.133288,0.000000,0.000000,0.000000,0.037291,0.008567,0.030565,0.003043,-0.036857,-0.000026,0.172032,0.002779,-0.035198,0.048972,0.175618
9.550000,2.200000,0.111955,0.008593,0.961547,0.003101,-0.037478,-0.000027,-0.012547,0.002454,0.104018,0.004668,-0.057967,0.000080,0.074786,0.000000,0.930466,0.000000,0.000000,0.000000,-0.180564,0.000000,0.133288,0.000000,0.000000,0.000000,0.037169,0.008593,0.031081,0.003101,-0.037478,-0.000027,0.168016,0.002454,-0.029270,0.049208,0.170564
9.560000,2.210000,0.111830,0.008618,0.962587,0.003148,-0.038058,-0.000028,-0.016499,0.002128,0.111309,0.003621,-0.054822,0.000083,0.071081,0.000000,0.933274,0.000000,0.000000,0.000000,-0.189995,0.000000,0.147570,0.000000,0.000000,0.000000,0.040749,0.008618,0.029312,0.003148,-0.038058,-0.000028,0.173496,0.002128,-0.036261,0.050931,0.177257
9.570000,2.220000,0.111647,0.008623,0.962346,0.003217,-0.038650,-0.000029,-0.020548,0.001739,0.114679,0.004314,-0.053831,0.000090,0.071081,0.000000,0.933274,0.000000,0.000000,0.000000,-0.189995,0.000000,0.147570,0.000000,0.000000,0.000000,0.040566,0.008623,0.029072,0.003217,-0.038650,-0.000029,0.169446,0.001739,-0.032891,0.050647,0.172618
9.580000,2.230000,0.111382,0.008640,0.963185,0.003273,-0.039204,-0.000030,-0.024834,0.001403,0.121074,0.004325,-0.049483,0.000100,0.067187,0.000000,0.936368,0.000000,0.000000,0.000000,-0.199406,0.000000,0.161760,0.000000,0.000000,0.000000,0.044195,0.008640,0.026817,0.003273,-0.039204,-0.000030,0.174572,0.001403,-0.040686,0.052412,0.179256
9.590000,2.240000,0.111085,0.008652,0.963971,0.003331,-0.039729,-0.000030,-0.029225,0.001044,0.129344,0.003824,-0.053018,0.000102,0.067187,0.000000,0.936368,0.000000,0.000000,0.000000,-0.199406,0.000000,0.161760,0.000000,0.000000,0.000000,0.043898,0.008652,0.027604,0.003331,-0.039729,-0.000030,0.170181,0.001044,-0.032417,0.052572,0.173244
9.600000,2.250000,0.110752,0.008660,0.964797,0.003391,-0.040247,-0.000031,-0.033640,0.000675,0.137486,0.003816,-0.053022,0.000100,0.063105,0.000000,0.939744,0.000000,0.000000,0.000000,-0.208785,0.000000,0.175806,0.000000,0.000000,0.000000,0.047648,0.008660,0.025054,0.003391,-0.040247,-0.000031,0.175145,0.000675,-0.038321,0.054525,0.179290
9.610000,2.260000,0.110416,0.008666,0.966172,0.003429,-0.040777,-0.000032,-0.037882,0.000318,0.144729,0.001374,-0.047908,0.000093,0.063105,0.000000,0.939744,0.000000,0.000000,0.000000,-0.208785,0.000000,0.175806,0.000000,0.000000,0.000000,0.047311,0.008666,0.026429,0.003429,-0.040777,-0.000032,0.170903,0.000318,-0.031077,0.054881,0.173706
9.621000,2.271000,0.110112,0.008659,0.966145,0.003513,-0.041253,-0.000032,-0.041879,-0.000078,0.147689,0.003399,-0.045170,0.000101,0.058835,0.000000,0.943399,0.000000,0.000000,0.000000,-0.218119,0.000000,0.189656,0.000000,0.000000,0.000000,0.051276,0.008659,0.022747,0.003513,-0.041253,-0.000032,0.176240,-0.000078,-0.041967,0.056760,0.181168
9.631000,2.281000,0.109599,0.008656,0.967381,0.003573,-0.041741,-0.000033,-0.046539,-0.000455,0.153719,0.003768,-0.042101,0.000107,0.058835,0.000000,0.943399,0.000000,0.000000,0.000000,-0.218119,0.000000,0.189656,0.000000,0.000000,0.000000,0.050763,0.008656,0.023983,0.003573,-0.041741,-0.000033,0.171580,-0.000455,-0.035937,0.056807,0.175304
9.640000,2.290000,0.109133,0.008651,0.968919,0.003611,-0.042162,-0.000033,-0.050918,-0.000829,0.160454,0.001654,-0.037587,0.000103,0.054380,0.000000,0.947328,0.000000,0.000000,0.000000,-0.227396,0.000000,0.203257,0.000000,0.000000,0.000000,0.054753,0.008651,0.021590,0.003611,-0.042162,-0.000033,0.176478,-0.000829,-0.042803,0.059489,0.181597
9.650000,2.300000,0.108704,0.008638,0.969146,0.003705,-0.042556,-0.000034,-0.055043,-0.001226,0.163729,0.002572,-0.037926,0.000102,0.054380,0.000000,0.947328,0.000000,0.000000,0.000000,-0.227396,0.000000,0.203257,0.000000,0.000000,0.000000,0.054324,0.008638,0.021817,0.003705,-0.042556,-0.000034,0.172353,-0.001226,-0.039528,0.059175,0.176832
9.660000,2.310000,0.108154,0.008626,0.970783,0.003731,-0.042935,-0.000034,-0.059530,-0.001616,0.171007,-0.001509,-0.034410,0.000095,0.049740,0.000000,0.951527,0.000000,0.000000,0.000000,-0.236602,0.000000,0.216557,0.000000,0.000000,0.000000,0.058414,0.008626,0.019256,0.003731,-0.042935,-0.000034,0.177072,-0.001616,-0.045550,0.062108,0.182844
9.670000,2.320000,0.107749,0.008612,0.971261,0.003840,-0.043235,-0.000034,-0.063360,-0.002005,0.175037,0.002227,-0.033264,0.000090,0.049740,0.000000,0.951527,0.000000,0.000000,0.000000,-0.236602,0.000000,0.216557,0.000000,0.000000,0.000000,0.058009,0.008612,0.019734,0.003840,-0.043235,-0.000034,0.173242,-0.002005,-0.041520,0.061876,0.178159
9.681000,2.331000,0.106990,0.008586,0.972501,0.003910,-0.043557,-0.000035,-0.068359,-0.002429,0.181281,0.001339,-0.029731,0.000073,0.044917,0.000000,0.955988,0.000000,0.000000,0.000000,-0.245724,0.000000,0.229502,0.000000,0.000000,0.000000,0.062073,0.008586,0.016512,0.003910,-0.043557,-0.000035,0.177365,-0.002429,-0.048221,0.064803,0.183819
9.690000,2.340000,0.106117,0.008554,0.974280,0.003971,-0.043870,-0.000035,-0.073644,-0.002870,0.188914,0.000522,-0.025598,0.000048,0.044917,0.000000,0.955988,0.000000,0.000000,0.000000,-0.245724,0.000000,0.229502,0.000000,0.000000,0.000000,0.061201,0.008554,0.018292,0.003971,-0.043870,-0.000035,0.172080,-0.002870,-0.040588,0.064446,0.176825
9.700000,2.350000,0.105266,0.008519,0.975903,0.004028,-0.044138,-0.000036,-0.078692,-0.003311,0.195860,-0.000037,-0.023310,0.000028,0.039912,0.000000,0.960704,0.000000,0.000000,0.000000,-0.254750,0.000000,0.242040,0.000000,0.000000,0.000000,0.065355,0.008519,0.015198,0.004028,-0.044138,-0.000036,0.176059,-0.003311,-0.046180,0.067637,0.182045
9.710000,2.360000,0.104417,0.008482,0.977470,0.004079,-0.044375,-0.000037,-0.083560,-0.003751,0.202074,-0.000812,-0.022736,0.000023,0.039912,0.000000,0.960704,0.000000,0.000000,0.000000,-0.254750,0.000000,0.242040,0.000000,0.000000,0.000000,0.064505,0.008482,0.016766,0.004079,-0.044375,-0.000037,0.171191,-0.003751,-0.039966,0.067186,0.175834
9.722000,2.372000,0.103549,0.008440,0.979039,0.004124,-0.044591,-0.000038,-0.088332,-0.004192,0.207814,-0.001674,-0.021623,0.000022,0.034727,0.000000,0.965667,0.000000,0.000000,0.000000,-0.263668,0.000000,0.254120,0.000000,0.000000,0.000000,0.068821,0.008440,0.013372,0.004124,-0.044591,-0.000038,0.175335,-0.004192,-0.046306,0.070615,0.181395
9.730000,2.380000,0.102648,0.008396,0.980636,0.004166,-0.044793,-0.000039,-0.093069,-0.004635,0.213469,-0.002092,-0.020729,0.000020,0.034727,0.000000,0.965667,0.000000,0.000000,0.000000,-0.263668,0.000000,0.254120,0.000000,0.000000,0.000000,0.067921,0.008396,0.014970,0.004166,-0.044793,-0.000039,0.170599,-0.004635,-0.040651,0.070056,0.175436
9.742000,2.392000,0.101710,0.008347,0.982278,0.004205,-0.044986,-0.000039,-0.097792,-0.005081,0.219025,-0.002725,-0.020135,0.000026,0.029366,0.000000,0.970866,0.000000,0.000000,0.000000,-0.272463,0.000000,0.265689,0.000000,0.000000,0.000000,0.072344,0.008347,0.011412,0.004205,-0.044986,-0.000039,0.174671,-0.005081,-0.046664,0.073713,0.180868
9.750000,2.400000,0.100732,0.008296,0.984468,0.004242,-0.045181,-0.000040,-0.102523,-0.005524,0.226029,-0.002940,-0.019555,0.000035,0.029366,0.000000,0.970866,0.000000,0.000000,0.000000,-0.272463,0.000000,0.265689,0.000000,0.000000,0.000000,0.071366,0.008296,0.013602,0.004242,-0.045181,-0.000040,0.169940,-0.005524,-0.039660,0.073123,0.174594
9.760000,2.410000,0.100096,0.008257,0.984921,0.004271,-0.045241,-0.000041,-0.105837,-0.005907,0.227786,-0.003042,-0.019074,0.000047,0.023830,0.000000,0.976291,0.000000,0.000000,0.000000,-0.281123,0.000000,0.276698,0.000000,0.000000,0.000000,0.076266,0.008257,0.008631,0.004271,-0.045241,-0.000041,0.175286,-0.005907,-0.048913,0.077196,0.182078
9.770000,2.420000,0.098847,0.008186,0.987121,0.004310,-0.045473,-0.000041,-0.111261,-0.006397,0.234225,-0.003561,-0.018562,0.000058,0.023830,0.000000,0.976291,0.000000,0.000000,0.000000,-0.281123,0.000000,0.276698,0.000000,0.000000,0.000000,0.075017,0.008186,0.010831,0.004310,-0.045473,-0.000041,0.169862,-0.006397,-0.042474,0.076235,0.175209
9.780000,2.430000,0.097631,0.008114,0.989170,0.004348,-0.045676,-0.000041,-0.116388,-0.006874,0.240030,-0.003580,-0.018164,0.000073,0.018122,0.000000,0.981930,0.000000,0.000000,0.000000,-0.289636,0.000000,0.287097,0.000000,0.000000,0.000000,0.079509,0.008114,0.007241,0.004348,-0.045676,-0.000041,0.173248,-0.006874,-0.047068,0.080249,0.179659
9.790000,2.440000,0.096420,0.008041,0.991168,0.004312,-0.045862,-0.000041,-0.121350,-0.007346,0.245927,-0.010782,-0.018530,0.000082,0.018122,0.000000,0.981930,0.000000,0.000000,0.000000,-0.289636,0.000000,0.287097,0.000000,0.000000,0.000000,0.078298,0.008041,0.009238,0.004312,-0.045862,-0.000041,0.168286,-0.007346,-0.041171,0.079251,0.173404
9.801000,2.451000,0.095191,0.007965,0.993172,0.004425,-0.046034,-0.000041,-0.126220,-0.007816,0.251671,-0.003935,-0.018273,0.000084,0.012245,0.000000,0.987770,0.000000,0.000000,0.000000,-0.297988,0.000000,0.296838,0.000000,0.000000,0.000000,0.082945,0.007965,0.005402,0.004425,-0.046034,-0.000041,0.171767,-0.007816,-0.045167,0.083502,0.177779
9.810000,2.460000,0.093929,0.007887,0.995688,0.004385,-0.046216,-0.000041,-0.131052,-0.008280,0.258447,-0.008731,-0.017631,0.000087,0.012245,0.000000,0.987770,0.000000,0.000000,0.000000,-0.297988,0.000000,0.296838,0.000000,0.000000,0.000000,0.081683,0.007887,0.007918,0.004385,-0.046216,-0.000041,0.166936,-0.008280,-0.038392,0.082444,0.171494
9.820000,2.470000,0.093439,0.007853,0.996081,0.004468,-0.046151,-0.000041,-0.132927,-0.008570,0.258857,-0.001563,-0.017071,0.000081,0.006204,0.000000,0.993798,0.000000,0.000000,0.000000,-0.306166,0.000000,0.305874,0.000000,0.000000,0.000000,0.087236,0.007853,0.002282,0.004468,-0.046151,-0.000041,0.173240,-0.008570,-0.047017,0.087618,0.179711
9.832000,2.482000,0.092010,0.007759,0.998109,0.004535,-0.046335,-0.000041,-0.138085,-0.009065,0.263479,-0.001076,-0.015841,0.000067,0.006204,0.000000,0.993798,0.000000,0.000000,0.000000,-0.306166,0.000000,0.305874,0.000000,0.000000,0.000000,0.085806,0.007759,0.004311,0.004535,-0.046335,-0.000041,0.168082,-0.009065,-0.042395,0.086264,0.173583
9.841000,2.491000,0.090291,0.007645,1.000909,0.004621,-0.046582,-0.000041,-0.144144,-0.009623,0.270215,0.000929,-0.014551,0.000060,0.000000,0.000000,1.000000,0.000000,0.000000,0.000000,-0.314159,0.000000,0.314159,0.000000,0.000000,0.000000,0.090291,0.007645,0.000909,0.004621,-0.046582,-0.000041,0.170015,-0.009623,-0.043944,0.090619,0.175866
9.850000,2.500000,0.088665,0.007536,1.003458,0.004721,-0.046775,-0.000042,-0.149704,-0.010158,0.276787,-0.002117,-0.015637,0.000051,0.000000,0.000000,1.000000,0.000000,0.000000,0.000000,-0.314159,0.000000,0.314159,0.000000,0.000000,0.000000,0.088665,0.007536,0.003458,0.004721,-0.046775,-0.000042,0.164456,-0.010158,-0.037373,0.089052,0.168954
9.860000,2.510000,0.087168,0.007434,1.006226,0.004700,-0.046932,-0.000042,-0.154624,-0.010655,0.283808,-0.013106,-0.016557,0.000059,-0.007006,0.000000,1.007003,0.000000,0.000000,0.000000,-0.322722,0.000000,0.322355,0.000000,0.000000,0.000000,0.094174,0.007434,-0.000777,0.004700,-0.046932,-0.000042,0.168097,-0.010655,-0.038547,0.094471,0.172789
9.871000,2.521000,0.086108,0.007358,1.007280,0.004892,-0.046912,-0.000043,-0.157745,-0.011047,0.284794,-0.003825,-0.013101,0.000020,-0.007006,0.000000,1.007003,0.000000,0.000000,0.000000,-0.322722,0.000000,0.322355,0.000000,0.000000,0.000000,0.093114,0.007358,0.000276,0.004892,-0.046912,-0.000043,0.164977,-0.011047,-0.037561,0.093405,0.169559
9.880000,2.530000,0.084530,0.007247,1.010128,0.004854,-0.047043,-0.000043,-0.162640,-0.011557,0.290965,-0.015751,-0.011740,0.000032,-0.012877,0.000000,1.012860,0.000000,0.000000,0.000000,-0.329537,0.000000,0.328308,0.000000,0.000000,0.000000,0.097407,0.007247,-0.002733,0.004854,-0.047043,-0.000043,0.166897,-0.011557,-0.037343,0.097715,0.171414
9.890000,2.540000,0.083525,0.007174,1.011364,0.005009,-0.047006,-0.000044,-0.165309,-0.011923,0.292483,-0.007069,-0.014170,0.000024,-0.012877,0.000000,1.012860,0.000000,0.000000,0.000000,-0.329537,0.000000,0.328308,0.000000,0.000000,0.000000,0.096401,0.007174,-0.001497,0.005009,-0.047006,-0.000044,0.164228,-0.011923,-0.035825,0.096679,0.168512
9.900000,2.550000,0.081600,0.007034,1.014022,0.005055,-0.047198,-0.000045,-0.171194,-0.012520,0.298094,-0.009509,-0.013078,0.000029,-0.020216,0.000000,1.020155,0.000000,0.000000,0.000000,-0.337621,0.000000,0.334620,0.000000,0.000000,0.000000,0.101816,0.007034,-0.006132,0.005055,-0.047198,-0.000045,0.166427,-0.012520,-0.036525,0.102242,0.170847
9.911000,2.561000,0.079440,0.006875,1.017316,0.005059,-0.047440,-0.000045,-0.177744,-0.013168,0.305221,-0.012730,-0.012433,0.000036,-0.020216,0.000000,1.020155,0.000000,0.000000,0.000000,-0.337621,0.000000,0.334620,0.000000,0.000000,0.000000,0.099656,0.006875,-0.002838,0.005059,-0.047440,-0.000045,0.159877,-0.013168,-0.029399,0.099934,0.163090
9.920000,2.570000,0.077663,0.006743,1.020368,0.004932,-0.047565,-0.000045,-0.182696,-0.013695,0.311426,-0.024670,-0.012963,0.000056,-0.026351,0.000000,1.026218,0.000000,0.000000,0.000000,-0.344023,0.000000,0.338963,0.000000,0.000000,0.000000,0.104014,0.006743,-0.005850,0.004932,-0.047565,-0.000045,0.161327,-0.013695,-0.027536,0.104396,0.164232
9.933000,2.583000,0.076190,0.006630,1.021990,0.005012,-0.047560,-0.000046,-0.186321,-0.014128,0.312388,-0.013861,-0.009980,0.000053,-0.033301,0.000000,1.033038,0.000000,0.000000,0.000000,-0.350901,0.000000,0.342889,0.000000,0.000000,0.000000,0.109491,0.006630,-0.011048,0.005012,-0.047560,-0.000046,0.164580,-0.014128,-0.030501,0.110246,0.167978
9.943000,2.593000,0.073951,0.006459,1.025293,0.004880,-0.047762,-0.000046,-0.192602,-0.014750,0.318218,-0.024527,-0.008491,0.000070,-0.033301,0.000000,1.033038,0.000000,0.000000,0.000000,-0.350901,0.000000,0.342889,0.000000,0.000000,0.000000,0.107252,0.006459,-0.007745,0.004880,-0.047762,-0.000046,0.158299,-0.014750,-0.024671,0.107725,0.160888
9.950000,2.600000,0.072025,0.006312,1.028475,0.004932,-0.047875,-0.000046,-0.197530,-0.015264,0.323193,-0.016237,-0.008974,0.000074,-0.033301,0.000000,1.033038,0.000000,0.000000,0.000000,-0.350901,0.000000,0.342889,0.000000,0.000000,0.000000,0.105326,0.006312,-0.004563,0.004932,-0.047875,-0.000046,0.153371,-0.015264,-0.019696,0.105613,0.155382
9.960000,2.610000,0.070548,0.006195,1.030035,0.004878,-0.047807,-0.000045,-0.200653,-0.015639,0.323306,-0.016334,-0.007116,0.000101,-0.040385,0.000000,1.039927,0.000000,0.000000,0.000000,-0.357521,0.000000,0.345839,0.000000,0.000000,0.000000,0.110934,0.006195,-0.009892,0.004878,-0.047807,-0.000045,0.156868,-0.015639,-0.022533,0.111546,0.159248
9.970000,2.620000,0.068542,0.006038,1.033268,0.004714,-0.047878,-0.000044,-0.205535,-0.016136,0.327253,-0.026964,-0.003762,0.000109,-0.040385,0.000000,1.039927,0.000000,0.000000,0.000000,-0.357521,0.000000,0.345839,0.000000,0.000000,0.000000,0.108927,0.006038,-0.006659,0.004714,-0.047878,-0.000044,0.151985,-0.016136,-0.018587,0.109297,0.153966
9.980000,2.630000,0.066676,0.005890,1.035405,0.004775,-0.047868,-0.000043,-0.209727,-0.016577,0.327894,-0.015669,-0.001271,0.000129,-0.047600,0.000000,1.046865,0.000000,0.000000,0.000000,-0.363870,0.000000,0.347784,0.000000,0.000000,0.000000,0.114276,0.005890,-0.011460,0.004775,-0.047868,-0.000043,0.154143,-0.016577,-0.019890,0.115000,0.156302
9.990000,2.640000,0.064128,0.005688,1.038961,0.004627,-0.048005,-0.000042,-0.216253,-0.017193,0.332711,-0.021807,0.000091,0.000128,-0.047600,0.000000,1.046865,0.000000,0.000000,0.000000,-0.363870,0.000000,0.347784,0.000000,0.000000,0.000000,0.111727,0.005688,-0.007904,0.004627,-0.048005,-0.000042,0.147617,-0.017193,-0.015073,0.112151,0.149377
10.000000,2.650000,0.061739,0.005498,1.042198,0.004726,-0.048055,-0.000040,-0.221968,-0.017742,0.336450,-0.007726,0.001867,0.000161,-0.054938,0.000000,1.053832,0.000000,0.000000,0.000000,-0.369937,0.000000,0.348697,0.000000,0.000000,0.000000,0.116677,0.005498,-0.011634,0.004726,-0.048055,-0.000040,0.147969,-0.017742,-0.012247,0.117385,0.149531
10.010000,2.660000,0.059519,0.005320,1.045562,0.004648,-0.048036,-0.000038,-0.226861,-0.018223,0.340092,-0.016861,0.003885,0.000153,-0.054938,0.000000,1.053832,0.000000,0.000000,0.000000,-0.369937,0.000000,0.348697,0.000000,0.000000,0.000000,0.114458,0.005320,-0.008269,0.004648,-0.048036,-0.000038,0.143076,-0.018223,-0.008605,0.114879,0.144488
10.020000,2.670000,0.058590,0.005244,1.046454,0.004763,-0.047610,-0.000036,-0.226921,-0.018324,0.336444,-0.005670,0.006101,0.000181,-0.062395,0.000000,1.060806,0.000000,0.000000,0.000000,-0.375712,0.000000,0.348556,0.000000,0.000000,0.000000,0.120985,0.005244,-0.014352,0.004763,-0.047610,-0.000036,0.148791,-0.018324,-0.012112,0.121946,0.150404
10.030000,2.680000,0.056790,0.005098,1.048735,0.004842,-0.047412,-0.000034,-0.230033,-0.018671,0.336074,-0.005089,0.009108,0.000182,-0.062395,0.000000,1.060806,0.000000,0.000000,0.000000,-0.375712,0.000000,0.348556,0.000000,0.000000,0.000000,0.119186,0.005098,-0.012071,0.004842,-0.047412,-0.000034,0.145679,-0.018671,-0.012483,0.119904,0.147400
10.040000,2.690000,0.053991,0.004871,1.052185,0.005001,-0.047447,-0.000031,-0.236624,-0.019315,0.339115,0.000380,0.013075,0.000185,-0.069965,0.000000,1.067767,0.000000,0.000000,0.000000,-0.381183,0.000000,0.347343,0.000000,0.000000,0.000000,0.123956,0.004871,-0.015582,0.005001,-0.047447,-0.000031,0.144559,-0.019315,-0.008228,0.125026,0.146076
10.050000,2.700000,0.051625,0.004678,1.055576,0.005004,-0.047317,-0.000029,-0.241467,-0.019825,0.343002,-0.017997,0.009671,0.000159,-0.069965,0.000000,1.067767,0.000000,0.000000,0.000000,-0.381183,0.000000,0.347343,0.000000,0.000000,0.000000,0.121589,0.004678,-0.012191,0.005004,-0.047317,-0.000029,0.139716,-0.019825,-0.004340,0.122289,0.141182
10.060000,2.710000,0.049115,0.004471,1.058361,0.005338,-0.047179,-0.000027,-0.246632,-0.020391,0.345007,-0.003265,0.010457,0.000064,-0.077641,0.000000,1.074692,0.000000,0.000000,0.000000,-0.386340,0.000000,0.345039,0.000000,0.000000,0.000000,0.126755,0.004471,-0.016332,0.005338,-0.047179,-0.000027,0.139708,-0.020391,-0.000033,0.127881,0.141188
10.070000,2.720000,0.046648,0.004267,1.061811,0.005306,-0.047074,-0.000026,-0.251398,-0.020930,0.347841,-0.017477,0.009319,0.000041,-0.077641,0.000000,1.074692,0.000000,0.000000,0.000000,-0.386340,0.000000,0.345039,0.000000,0.000000,0.000000,0.124289,0.004267,-0.012882,0.005306,-0.047074,-0.000026,0.134943,-0.020930,0.002801,0.125028,0.136585
10.082000,2.732000,0.044202,0.004061,1.064427,0.005596,-0.046907,-0.000027,-0.255901,-0.021475,0.348163,-0.001760,0.011513,-0.000100,-0.085416,0.000000,1.081561,0.000000,0.000000,0.000000,-0.391174,0.000000,0.341634,0.000000,0.000000,0.000000,0.129618,0.004061,-0.017134,0.005596,-0.046907,-0.000027,0.135273,-0.021475,0.006528,0.130809,0.137123
10.090000,2.740000,0.041069,0.003797,1.068294,0.005595,-0.046950,-0.000027,-0.262681,-0.022219,0.351333,-0.018013,0.011835,-0.000095,-0.085416,0.000000,1.081561,0.000000,0.000000,0.000000,-0.391174,0.000000,0.341634,0.000000,0.000000,0.000000,0.126486,0.003797,-0.013267,0.005595,-0.046950,-0.000027,0.128493,-0.022219,0.009699,0.127236,0.130760
10.100000,2.750000,0.038443,0.003575,1.071807,0.005865,-0.046832,-0.000028,-0.267386,-0.022796,0.353373,-0.005217,0.012168,-0.000159,-0.093285,0.000000,1.088350,0.000000,0.000000,0.000000,-0.395673,0.000000,0.337119,0.000000,0.000000,0.000000,0.131728,0.003575,-0.016543,0.005865,-0.046832,-0.000028,0.128287,-0.022796,0.016254,0.132811,0.131307
10.110000,2.760000,0.037116,0.003459,1.073081,0.005781,-0.046327,-0.000029,-0.267183,-0.022975,0.348072,-0.023201,0.014315,-0.000119,-0.093285,0.000000,1.088350,0.000000,0.000000,0.000000,-0.395673,0.000000,0.337119,0.000000,0.000000,0.000000,0.130401,0.003459,-0.015269,0.005781,-0.046327,-0.000029,0.128491,-0.022975,0.010954,0.131338,0.130987
10.120000,2.770000,0.034125,0.003199,1.076370,0.006057,-0.046307,-0.000031,-0.272947,-0.023681,0.348785,-0.009034,0.014551,-0.000141,-0.101241,0.000000,1.095038,0.000000,0.000000,0.000000,-0.399829,0.000000,0.331487,0.000000,0.000000,0.000000,0.135366,0.003199,-0.018668,0.006057,-0.046307,-0.000031,0.126883,-0.023681,0.017299,0.136685,0.130227
10.130000,2.780000,0.030715,0.002901,1.080356,0.006174,-0.046355,-0.000031,-0.280040,-0.024510,0.351808,-0.009237,0.012924,-0.000109,-0.101241,0.000000,1.095038,0.000000,0.000000,0.000000,-0.399829,0.000000,0.331487,0.000000,0.000000,0.000000,0.131956,0.002901,-0.014682,0.006174,-0.046355,-0.000031,0.119789,-0.024510,0.020322,0.132802,0.123948
10.140000,2.790000,0.027567,0.002623,1.083928,0.006243,-0.046294,-0.000031,-0.285919,-0.025246,0.353523,-0.011810,0.013991,-0.000054,-0.109276,0.000000,1.101602,0.000000,0.000000,0.000000,-0.403632,0.000000,0.324737,0.000000,0.000000,0.000000,0.136843,0.002623,-0.017674,0.006243,-0.046294,-0.000031,0.117714,-0.025246,0.028787,0.138004,0.123784
10.151000,2.801000,0.024580,0.002356,1.087249,0.006293,-0.046161,-0.000031,-0.290932,-0.025914,0.353277,-0.022254,0.019553,0.000018,-0.109276,0.000000,1.101602,0.000000,0.000000,0.000000,-0.403632,0.000000,0.324737,0.000000,0.000000,0.000000,0.133856,0.002356,-0.014353,0.006293,-0.046161,-0.000031,0.112700,-0.025914,0.028540,0.134644,0.119111
10.160000,2.810000,0.021671,0.002097,1.090782,0.006295,-0.045979,-0.000029,-0.295482,-0.026535,0.353659,-0.027168,0.021816,0.000123,-0.117384,0.000000,1.108020,0.000000,0.000000,0.000000,-0.407074,0.000000,0.316871,0.000000,0.000000,0.000000,0.139054,0.002097,-0.017238,0.006295,-0.045979,-0.000029,0.111592,-0.026535,0.036788,0.140134,0.120459
10.170000,2.820000,0.019903,0.001932,1.092214,0.006212,-0.045429,-0.000025,-0.295690,-0.026791,0.346987,-0.028725,0.025303,0.000190,-0.117384,0.000000,1.108020,0.000000,0.000000,0.000000,-0.407074,0.000000,0.316871,0.000000,0.000000,0.000000,0.137287,0.001932,-0.015807,0.006212,-0.045429,-0.000025,0.111384,-0.026791,0.030116,0.138207,0.118453
10.180000,2.830000,0.016446,0.001616,1.095922,0.006117,-0.045321,-0.000021,-0.301936,-0.027570,0.347130,-0.033742,0.028905,0.000265,-0.125557,0.000000,1.114270,0.000000,0.000000,0.000000,-0.410145,0.000000,0.307896,0.000000,0.000000,0.000000,0.142002,0.001616,-0.018348,0.006117,-0.045321,-0.000021,0.108210,-0.027570,0.039234,0.143192,0.118359
10.190000,2.840000,0.013199,0.001317,1.099296,0.005784,-0.045091,-0.000017,-0.307189,-0.028252,0.346563,-0.053063,0.029087,0.000235,-0.125557,0.000000,1.114270,0.000000,0.000000,0.000000,-0.410145,0.000000,0.307896,0.000000,0.000000,0.000000,0.138756,0.001317,-0.014974,0.005784,-0.045091,-0.000017,0.102956,-0.028252,0.038667,0.139567,0.113548
10.200000,2.850000,0.010067,0.001026,1.102479,0.005802,-0.044802,-0.000011,-0.311810,-0.028865,0.345453,-0.037396,0.029848,0.000312,-0.133787,0.000000,1.120329,0.000000,0.000000,0.000000,-0.412839,0.000000,0.297821,0.000000,0.000000,0.000000,0.143854,0.001026,-0.017850,0.005802,-0.044802,-0.000011,0.101029,-0.028865,0.047632,0.144961,0.115364
10.210000,2.860000,0.006977,0.000737,1.105558,0.005426,-0.044489,-0.000006,-0.316038,-0.029423,0.343088,-0.046405,0.032192,0.000266,-0.133787,0.000000,1.120329,0.000000,0.000000,0.000000,-0.412839,0.000000,0.297821,0.000000,0.000000,0.000000,0.140764,0.000737,-0.014771,0.005426,-0.044489,-0.000006,0.096800,-0.029423,0.045267,0.141539,0.110838
10.221000,2.871000,0.003890,0.000447,1.108567,0.005356,-0.044101,0.000000,-0.320072,-0.029945,0.340589,-0.029703,0.037053,0.000324,-0.142068,0.000000,1.126175,0.000000,0.000000,0.000000,-0.415146,0.000000,0.286659,0.000000,0.000000,0.000000,0.145957,0.000447,-0.017608,0.005356,-0.044101,0.000000,0.095075,-0.029945,0.053930,0.147016,0.113333
10.230000,2.880000,0.000689,0.000147,1.111973,0.005059,-0.043730,0.000006,-0.324319,-0.030461,0.338742,-0.041925,0.039739,0.000264,-0.142068,0.000000,1.126175,0.000000,0.000000,0.000000,-0.415146,0.000000,0.286659,0.000000,0.000000,0.000000,0.142756,0.000147,-0.014202,0.005059,-0.043730,0.000006,0.090827,-0.030461,0.052083,0.143461,0.109041
10.240000,2.890000,-0.001087,-0.000025,1.113177,0.005036,-0.042906,0.000011,-0.323255,-0.030489,0.330558,-0.026210,0.043360,0.000249,-0.150390,0.000000,1.131788,0.000000,0.000000,0.000000,-0.417060,0.000000,0.274428,0.000000,0.000000,0.000000,0.149304,-0.000025,-0.018611,0.005036,-0.042906,0.000011,0.093805,-0.030489,0.056130,0.150459,0.113488
10.250000,2.900000,-0.004319,-0.000330,1.116483,0.004774,-0.042473,0.000016,-0.327361,-0.030971,0.328083,-0.040567,0.044463,0.000183,-0.150390,0.000000,1.131788,0.000000,0.000000,0.000000,-0.417060,0.000000,0.274428,0.000000,0.000000,0.000000,0.146071,-0.000330,-0.015305,0.004774,-0.042473,0.000016,0.089700,-0.030971,0.053655,0.146871,0.109014
10.260000,2.910000,-0.006226,-0.000513,1.117985,0.004840,-0.041635,0.000021,-0.326514,-0.030993,0.320438,-0.022282,0.046582,0.000176,-0.158747,0.000000,1.137145,0.000000,0.000000,0.000000,-0.418575,0.000000,0.261150,0.000000,0.000000,0.000000,0.152522,-0.000513,-0.019161,0.004840,-0.041635,0.000021,0.092060,-0.030993,0.059288,0.153721,0.113801
10.272000,2.922000,-0.009973,-0.000871,1.121141,0.004884,-0.041292,0.000025,-0.332261,-0.031643,0.317623,-0.015401,0.042313,0.000116,-0.158747,0.000000,1.137145,0.000000,0.000000,0.000000,-0.418575,0.000000,0.261150,0.000000,0.000000,0.000000,0.148774,-0.000871,-0.016005,0.004884,-0.041292,0.000025,0.086314,-0.031643,0.056473,0.149635,0.107892
10.280000,2.930000,-0.014149,-0.001270,1.124813,0.004971,-0.041042,0.000028,-0.339310,-0.032417,0.316411,-0.009912,0.041921,0.000032,-0.167131,0.000000,1.142227,0.000000,0.000000,0.000000,-0.419683,0.000000,0.246849,0.000000,0.000000,0.000000,0.152981,-0.001270,-0.017414,0.004971,-0.041042,0.000028,0.080372,-0.032417,0.069562,0.153974,0.111128
10.290000,2.940000,-0.017543,-0.001594,1.127977,0.004871,-0.040623,0.000031,-0.343260,-0.032895,0.314496,-0.036880,0.037097,-0.000011,-0.167131,0.000000,1.142227,0.000000,0.000000,0.000000,-0.419683,0.000000,0.246849,0.000000,0.000000,0.000000,0.149588,-0.001594,-0.014250,0.004871,-0.040623,0.000031,0.076422,-0.032895,0.067647,0.150274,0.107231
10.304000,2.954000,-0.020248,-0.001856,1.129830,0.005182,-0.039929,0.000033,-0.344559,-0.033158,0.308822,-0.019594,0.040386,-0.000077,-0.175532,0.000000,1.147013,0.000000,0.000000,0.000000,-0.420378,0.000000,0.231555,0.000000,0.000000,0.000000,0.155284,-0.001856,-0.017183,0.005182,-0.039929,0.000033,0.075819,-0.033158,0.077267,0.156243,0.113218
10.311000,2.961000,-0.024372,-0.002255,1.133212,0.005008,-0.039718,0.000034,-0.350818,-0.033897,0.306474,-0.038472,0.040928,-0.000090,-0.183943,0.000000,1.151483,0.000000,0.000000,0.000000,-0.420656,0.000000,0.215300,0.000000,0.000000,0.000000,0.159570,-0.002255,-0.018271,0.005008,-0.039718,0.000034,0.069838,-0.033897,0.091174,0.160629,0.119746
10.320000,2.970000,-0.028197,-0.002626,1.136224,0.005265,-0.039396,0.000034,-0.355733,-0.034517,0.303107,-0.016627,0.041500,-0.000175,-0.183943,0.000000,1.151483,0.000000,0.000000,0.000000,-0.420656,0.000000,0.215300,0.000000,0.000000,0.000000,0.155746,-0.002626,-0.015259,0.005265,-0.039396,0.000034,0.064923,-0.034517,0.087808,0.156514,0.114527
10.330000,2.980000,-0.031754,-0.002971,1.139255,0.005297,-0.039001,0.000034,-0.359452,-0.035017,0.299361,-0.018781,0.040124,-0.000240,-0.183943,0.000000,1.151483,0.000000,0.000000,0.000000,-0.420656,0.000000,0.215300,0.000000,0.000000,0.000000,0.152189,-0.002971,-0.012228,0.005297,-0.039001,0.000034,0.061203,-0.035017,0.084061,0.152708,0.109719
10.341000,2.991000,-0.034015,-0.003197,1.140516,0.005290,-0.038242,0.000032,-0.358355,-0.035075,0.290582,-0.019063,0.039796,-0.000316,-0.192355,0.000000,1.155619,0.000000,0.000000,0.000000,-0.420510,0.000000,0.198120,0.000000,0.000000,0.000000,0.158340,-0.003197,-0.015103,0.005290,-0.038242,0.000032,0.062155,-0.035075,0.092462,0.159091,0.116802
10.350000,3.000000,-0.037599,-0.003547,1.143422,0.005099,-0.037844,0.000031,-0.361930,-0.035569,0.285912,-0.049371,0.042921,-0.000272,-0.192355,0.000000,1.155619,0.000000,0.000000,0.000000,-0.420510,0.000000,0.198120,0.000000,0.000000,0.000000,0.154756,-0.003547,-0.012197,0.005099,-0.037844,0.000031,0.058580,-0.035569,0.087792,0.155277,0.111374
10.360000,3.010000,-0.039754,-0.003762,1.144735,0.005291,-0.037048,0.000030,-0.360214,-0.035565,0.276745,-0.032583,0.043834,-0.000267,-0.201180,0.000000,1.159581,0.000000,0.000000,0.000000,-0.419897,0.000000,0.179130,0.000000,0.000000,0.000000,0.161427,-0.003762,-0.014847,0.005291,-0.037048,0.000030,0.059683,-0.035565,0.097615,0.162152,0.119815
10.373000,3.023000,-0.043909,-0.004176,1.147442,0.005261,-0.036789,0.000031,-0.365723,-0.036273,0.271978,-0.024991,0.044142,-0.000139,-0.209150,0.000000,1.162815,0.000000,0.000000,0.000000,-0.418932,0.000000,0.161150,0.000000,0.000000,0.000000,0.165241,-0.004176,-0.015373,0.005261,-0.036789,0.000031,0.053209,-0.036273,0.110829,0.166007,0.128179
10.382000,3.032000,-0.048508,-0.004634,1.150566,0.005037,-0.036620,0.000032,-0.372602,-0.037109,0.268577,-0.042115,0.044078,-0.000085,-0.209150,0.000000,1.162815,0.000000,0.000000,0.000000,-0.418932,0.000000,0.161150,0.000000,0.000000,0.000000,0.160641,-0.004634,-0.012249,0.005037,-0.036620,0.000032,0.046331,-0.037109,0.107427,0.161174,0.122737
10.390000,3.040000,-0.052234,-0.005005,1.153252,0.005073,-0.036127,0.000034,-0.376024,-0.037596,0.263940,-0.041535,0.045995,-0.000001,-0.209150,0.000000,1.162815,0.000000,0.000000,0.000000,-0.418932,0.000000,0.161150,0.000000,0.000000,0.000000,0.156915,-0.005005,-0.009564,0.005073,-0.036127,0.000034,0.042908,-0.037596,0.102791,0.157286,0.117560
10.402000,3.052000,-0.055190,-0.005305,1.154724,0.004931,-0.035416,0.000037,-0.376487,-0.037790,0.254779,-0.038162,0.051880,0.000032,-0.217515,0.000000,1.165843,0.000000,0.000000,0.000000,-0.417492,0.000000,0.141450,0.000000,0.000000,0.000000,0.162325,-0.005305,-0.011119,0.004931,-0.035416,0.000037,0.041006,-0.037790,0.113329,0.162792,0.126305
10.410000,3.060000,-0.059693,-0.005758,1.157473,0.004735,-0.035120,0.000041,-0.382446,-0.038515,0.249610,-0.045016,0.053295,0.000039,-0.217515,0.000000,1.165843,0.000000,0.000000,0.000000,-0.417492,0.000000,0.141450,0.000000,0.000000,0.000000,0.157822,-0.005758,-0.008369,0.004735,-0.035120,0.000041,0.035046,-0.038515,0.108160,0.158148,0.120043
10.420000,3.070000,-0.063518,-0.006144,1.159969,0.004285,-0.034587,0.000043,-0.385690,-0.038953,0.243849,-0.067911,0.055727,0.000028,-0.225847,0.000000,1.168468,0.000000,0.000000,0.000000,-0.415614,0.000000,0.121005,0.000000,0.000000,0.000000,0.162329,-0.006144,-0.008499,0.004285,-0.034587,0.000043,0.029924,-0.038953,0.122844,0.162667,0.132301
10.430000,3.080000,-0.065326,-0.006329,1.160714,0.004203,-0.033512,0.000046,-0.381523,-0.038637,0.232928,-0.047820,0.054108,0.000025,-0.225847,0.000000,1.168468,0.000000,0.000000,0.000000,-0.415614,0.000000,0.121005,0.000000,0.000000,0.000000,0.160521,-0.006329,-0.007755,0.004203,-0.033512,0.000046,0.034091,-0.038637,0.111923,0.160833,0.123215
10.440000,3.090000,-0.068413,-0.006643,1.162313,0.003923,-0.032780,0.000049,-0.382023,-0.038769,0.224812,-0.050285,0.056202,0.000022,-0.234136,0.000000,1.170678,0.000000,0.000000,0.000000,-0.413295,0.000000,0.099868,0.000000,0.000000,0.000000,0.165723,-0.006643,-0.008365,0.003923,-0.032780,0.000049,0.031272,-0.038769,0.124944,0.166067,0.134506
10.450000,3.100000,-0.071876,-0.006996,1.164089,0.003628,-0.032131,0.000052,-0.383735,-0.038999,0.215684,-0.049966,0.052759,0.000020,-0.234136,0.000000,1.170678,0.000000,0.000000,0.000000,-0.413295,0.000000,0.099868,0.000000,0.000000,0.000000,0.162261,-0.006996,-0.006589,0.003628,-0.032131,0.000052,0.029560,-0.038999,0.115815,0.162545,0.125729
10.462000,3.112000,-0.076789,-0.007495,1.166423,0.003369,-0.031870,0.000055,-0.390657,-0.039726,0.210329,-0.048138,0.055301,0.000028,-0.242375,0.000000,1.172459,0.000000,0.000000,0.000000,-0.410532,0.000000,0.078097,0.000000,0.000000,0.000000,0.165586,-0.007495,-0.006036,0.003369,-0.031870,0.000055,0.019875,-0.039726,0.132232,0.165866,0.139494
10.470000,3.120000,-0.081812,-0.008006,1.168851,0.003109,-0.031601,0.000058,-0.397677,-0.040442,0.205413,-0.047380,0.054820,0.000055,-0.242375,0.000000,1.172459,0.000000,0.000000,0.000000,-0.410532,0.000000,0.078097,0.000000,0.000000,0.000000,0.160563,-0.008006,-0.003608,0.003109,-0.031601,0.000058,0.012856,-0.040442,0.127316,0.160803,0.134202
10.480000,3.130000,-0.085789,-0.008410,1.170905,0.002635,-0.031052,0.000060,-0.400592,-0.040729,0.199542,-0.065103,0.050581,0.000028,-0.250555,0.000000,1.173798,0.000000,0.000000,0.000000,-0.407325,0.000000,0.055749,0.000000,0.000000,0.000000,0.164766,-0.008410,-0.002893,0.002635,-0.031052,0.000060,0.006733,-0.040729,0.143793,0.165006,0.149602
10.493000,3.143000,-0.089029,-0.008739,1.171925,0.002597,-0.030254,0.000063,-0.400685,-0.040701,0.189558,-0.043502,0.059976,0.000076,-0.258665,0.000000,1.174685,0.000000,0.000000,0.000000,-0.403673,0.000000,0.032886,0.000000,0.000000,0.000000,0.169636,-0.008739,-0.002760,0.002597,-0.030254,0.000063,0.002987,-0.040701,0.156672,0.169884,0.161900
10.500000,3.150000,-0.093036,-0.009146,1.173821,0.002162,-0.029654,0.000066,-0.403438,-0.040937,0.182415,-0.062745,0.063306,0.000037,-0.258665,0.000000,1.174685,0.000000,0.000000,0.000000,-0.403673,0.000000,0.032886,0.000000,0.000000,0.000000,0.165629,-0.009146,-0.000865,0.002162,-0.029654,0.000066,0.000235,-0.040937,0.149529,0.165884,0.155032
10.510000,3.160000,-0.095556,-0.009401,1.174568,0.002151,-0.028709,0.000069,-0.400700,-0.040600,0.171757,-0.040468,0.058250,0.000070,-0.258665,0.000000,1.174685,0.000000,0.000000,0.000000,-0.403673,0.000000,0.032886,0.000000,0.000000,0.000000,0.163109,-0.009401,-0.000117,0.002151,-0.028709,0.000069,0.002973,-0.040600,0.138871,0.163380,0.144714
10.520000,3.170000,-0.100224,-0.009872,1.176089,0.002031,-0.028344,0.000071,-0.405743,-0.041034,0.163661,-0.037259,0.059817,0.000060,-0.266699,0.000000,1.175111,0.000000,0.000000,0.000000,-0.399574,0.000000,0.009572,0.000000,0.000000,0.000000,0.166474,-0.009872,0.000978,0.002031,-0.028344,0.000071,-0.006170,-0.041034,0.154088,0.166770,0.159578
10.530000,3.180000,-0.105328,-0.010386,1.177851,0.001942,-0.028039,0.000074,-0.412123,-0.041599,0.156336,-0.034730,0.060064,0.000041,-0.266699,0.000000,1.175111,0.000000,0.000000,0.000000,-0.399574,0.000000,0.009572,0.000000,0.000000,0.000000,0.161371,-0.010386,0.002741,0.001942,-0.028039,0.000074,-0.012549,-0.041599,0.146764,0.161728,0.153061
10.540000,3.190000,-0.109449,-0.010802,1.179414,0.001852,-0.027411,0.000076,-0.414658,-0.041776,0.148644,-0.031933,0.062035,0.000017,-0.274645,0.000000,1.175066,0.000000,0.000000,0.000000,-0.395029,0.000000,-0.014126,0.000000,0.000000,0.000000,0.165196,-0.010802,0.004349,0.001852,-0.027411,0.000076,-0.019629,-0.041776,0.162770,0.165606,0.169188
10.552000,3.202000,-0.112685,-0.011125,1.179940,0.001787,-0.026518,0.000077,-0.413826,-0.041603,0.135817,-0.031824,0.072110,-0.000013,-0.274645,0.000000,1.175066,0.000000,0.000000,0.000000,-0.395029,0.000000,-0.014126,0.000000,0.000000,0.000000,0.161960,-0.011125,0.004874,0.001787,-0.026518,0.000077,-0.018796,-0.041603,0.149943,0.162415,0.156739
10.560000,3.210000,-0.116823,-0.011541,1.181298,0.001742,-0.025817,0.000079,-0.416162,-0.041762,0.125789,-0.031168,0.076962,-0.000037,-0.282497,0.000000,1.174543,0.000000,0.000000,0.000000,-0.390039,0.000000,-0.038140,0.000000,0.000000,0.000000,0.165674,-0.011541,0.006755,0.001742,-0.025817,0.000079,-0.026123,-0.041762,0.163929,0.166212,0.171170
10.570000,3.220000,-0.119396,-0.011797,1.181662,0.001387,-0.024619,0.000079,-0.412750,-0.041338,0.113466,-0.057072,0.078149,-0.000066,-0.282497,0.000000,1.174543,0.000000,0.000000,0.000000,-0.390039,0.000000,-0.038140,0.000000,0.000000,0.000000,0.163101,-0.011797,0.007119,0.001387,-0.024619,0.000079,-0.022712,-0.041338,0.151606,0.163682,0.158773
10.580000,3.230000,-0.124189,-0.012275,1.182510,0.001648,-0.024075,0.000081,-0.417392,-0.041728,0.102909,-0.031353,0.078506,-0.000052,-0.290244,0.000000,1.173538,0.000000,0.000000,0.000000,-0.384604,0.000000,-0.062400,0.000000,0.000000,0.000000,0.166055,-0.012275,0.008972,0.001648,-0.024075,0.000081,-0.032788,-0.041728,0.165309,0.166750,0.173618
10.590000,3.240000,-0.128363,-0.012692,1.183539,0.001335,-0.023290,0.000082,-0.419559,-0.041877,0.094829,-0.044877,0.074849,-0.000074,-0.290244,0.000000,1.173538,0.000000,0.000000,0.000000,-0.384604,0.000000,-0.062400,0.000000,0.000000,0.000000,0.161881,-0.012692,0.010001,0.001335,-0.023290,0.000082,-0.034955,-0.041877,0.157229,0.162686,0.166423
10.600000,3.250000,-0.131326,-0.012986,1.183833,0.001446,-0.022103,0.000084,-0.417246,-0.041574,0.084845,-0.020216,0.078566,-0.000006,-0.297878,0.000000,1.172046,0.000000,0.000000,0.000000,-0.378726,0.000000,-0.086834,0.000000,0.000000,0.000000,0.166552,-0.012986,0.011787,0.001446,-0.022103,0.000084,-0.038519,-0.041574,0.171679,0.167472,0.180792
10.610000,3.260000,-0.135004,-0.013351,1.184299,0.001439,-0.021160,0.000086,-0.417491,-0.041532,0.075280,-0.021912,0.083868,0.000097,-0.297878,0.000000,1.172046,0.000000,0.000000,0.000000,-0.378726,0.000000,-0.086834,0.000000,0.000000,0.000000,0.162874,-0.013351,0.012253,0.001439,-0.021160,0.000086,-0.038764,-0.041532,0.162113,0.163879,0.171780
10.620000,3.270000,-0.140291,-0.013875,1.184805,0.001534,-0.020686,0.000090,-0.423485,-0.042079,0.066111,-0.016837,0.084341,0.000187,-0.305390,0.000000,1.170064,0.000000,0.000000,0.000000,-0.372408,0.000000,-0.111368,0.000000,0.000000,0.000000,0.165099,-0.013875,0.014741,0.001534,-0.020686,0.000090,-0.051077,-0.042079,0.177479,0.166335,0.189415
10.631000,3.281000,-0.145712,-0.014413,1.185353,0.001705,-0.020184,0.000094,-0.429666,-0.042658,0.057156,-0.019647,0.079217,0.000180,-0.312772,0.000000,1.167591,0.000000,0.000000,0.000000,-0.365653,0.000000,-0.135928,0.000000,0.000000,0.000000,0.167060,-0.014413,0.017761,0.001705,-0.020184,0.000094,-0.064014,-0.042658,0.193085,0.168619,0.207844
10.640000,3.290000,-0.150601,-0.014898,1.185666,0.001839,-0.019516,0.000097,-0.433630,-0.043035,0.047780,-0.020530,0.078159,0.000021,-0.312772,0.000000,1.167591,0.000000,0.000000,0.000000,-0.365653,0.000000,-0.135928,0.000000,0.000000,0.000000,0.162171,-0.014898,0.018075,0.001839,-0.019516,0.000097,-0.067977,-0.043035,0.183708,0.163854,0.200553
10.650000,3.300000,-0.155136,-0.015348,1.185817,0.001646,-0.018788,0.000098,-0.436086,-0.043280,0.037703,-0.053943,0.083010,-0.000076,-0.312772,0.000000,1.167591,0.000000,0.000000,0.000000,-0.365653,0.000000,-0.135928,0.000000,0.000000,0.000000,0.157636,-0.015348,0.018225,0.001646,-0.018788,0.000098,-0.070433,-0.043280,0.173631,0.159426,0.192307
10.660000,3.310000,-0.159497,-0.015780,1.186194,0.002045,-0.017957,0.000101,-0.437758,-0.043459,0.028591,-0.027456,0.087911,-0.000101,-0.320013,0.000000,1.164628,0.000000,0.000000,0.000000,-0.358462,0.000000,-0.160439,0.000000,0.000000,0.000000,0.160517,-0.015780,0.021566,0.002045,-0.017957,0.000101,-0.079295,-0.043459,0.189030,0.162726,0.209544
10.670000,3.320000,-0.161030,-0.015932,1.185805,0.002009,-0.016323,0.000102,-0.429148,-0.042634,0.017217,-0.019057,0.093182,-0.000064,-0.320013,0.000000,1.164628,0.000000,0.000000,0.000000,-0.358462,0.000000,-0.160439,0.000000,0.000000,0.000000,0.158983,-0.015932,0.021177,0.002009,-0.016323,0.000102,-0.070686,-0.042634,0.177656,0.161177,0.195898
10.682000,3.332000,-0.165562,-0.016383,1.185455,0.001998,-0.015503,0.000102,-0.431517,-0.042913,0.006128,-0.039398,0.090327,-0.000231,-0.327107,0.000000,1.161175,0.000000,0.000000,0.000000,-0.350841,0.000000,-0.184824,0.000000,0.000000,0.000000,0.161545,-0.016383,0.024281,0.001998,-0.015503,0.000102,-0.080676,-0.042913,0.190952,0.164179,0.211690
10.690000,3.340000,-0.169877,-0.016812,1.185517,0.001604,-0.014600,0.000102,-0.432890,-0.043090,-0.003442,-0.074827,0.088412,-0.000263,-0.327107,0.000000,1.161175,0.000000,0.000000,0.000000,-0.350841,0.000000,-0.184824,0.000000,0.000000,0.000000,0.157230,-0.016812,0.024342,0.001604,-0.014600,0.000102,-0.082048,-0.043090,0.181382,0.159989,0.203687
10.700000,3.350000,-0.172805,-0.017104,1.185060,0.001845,-0.013157,0.000098,-0.429165,-0.042772,-0.014241,-0.043578,0.098804,-0.000503,-0.334044,0.000000,1.157236,0.000000,0.000000,0.000000,-0.342794,0.000000,-0.209007,0.000000,0.000000,0.000000,0.161240,-0.017104,0.027824,0.001845,-0.013157,0.000098,-0.086371,-0.042772,0.194766,0.164514,0.217309
10.710000,3.360000,-0.177889,-0.017612,1.184381,0.001785,-0.012368,0.000093,-0.433253,-0.043237,-0.025527,-0.023677,0.106428,-0.000654,-0.334044,0.000000,1.157236,0.000000,0.000000,0.000000,-0.342794,0.000000,-0.209007,0.000000,0.000000,0.000000,0.156155,-0.017612,0.027146,0.001785,-0.012368,0.000093,-0.090459,-0.043237,0.183480,0.159473,0.209087
10.722000,3.372000,-0.183349,-0.018158,1.183744,0.001690,-0.011605,0.000086,-0.438458,-0.043809,-0.036258,-0.048143,0.104122,-0.000775,-0.340816,0.000000,1.152816,0.000000,0.000000,0.000000,-0.334325,0.000000,-0.232911,0.000000,0.000000,0.000000,0.157467,-0.018158,0.030928,0.001690,-0.011605,0.000086,-0.104133,-0.043809,0.196653,0.161499,0.226793
10.732000,3.382000,-0.188283,-0.018652,1.182981,0.001595,-0.010642,0.000077,-0.441476,-0.044163,-0.047042,-0.047308,0.106883,-0.000968,-0.340816,0.000000,1.152816,0.000000,0.000000,0.000000,-0.334325,0.000000,-0.232911,0.000000,0.000000,0.000000,0.152533,-0.018652,0.030165,0.001595,-0.010642,0.000077,-0.107151,-0.044163,0.185868,0.156602,0.219040
10.741000,3.391000,-0.192868,-0.019111,1.182124,0.001477,-0.009566,0.000066,-0.443026,-0.044371,-0.057785,-0.049512,0.107138,-0.001111,-0.347414,0.000000,1.147922,0.000000,0.000000,0.000000,-0.325440,0.000000,-0.256458,0.000000,0.000000,0.000000,0.154547,-0.019111,0.034202,0.001477,-0.009566,0.000066,-0.117586,-0.044371,0.198673,0.159436,0.235088
10.752000,3.402000,-0.197268,-0.019553,1.181172,0.001309,-0.008436,0.000054,-0.443755,-0.044496,-0.068457,-0.044359,0.112811,-0.001080,-0.347414,0.000000,1.147922,0.000000,0.000000,0.000000,-0.325440,0.000000,-0.256458,0.000000,0.000000,0.000000,0.150146,-0.019553,0.033250,0.001309,-0.008436,0.000054,-0.118315,-0.044496,0.188001,0.155022,0.226545
10.760000,3.410000,-0.201706,-0.019998,1.180487,0.000866,-0.007308,0.000045,-0.444502,-0.044612,-0.078029,-0.069355,0.114406,-0.000862,-0.353831,0.000000,1.142561,0.000000,0.000000,0.000000,-0.316145,0.000000,-0.279573,0.000000,0.000000,0.000000,0.152125,-0.019998,0.037926,0.000866,-0.007308,0.000045,-0.128356,-0.044612,0.201545,0.158052,0.243076
10.770000,3.420000,-0.203110,-0.020141,1.179703,0.000832,-0.005354,0.000031,-0.434254,-0.043629,-0.087566,-0.048534,0.113873,-0.000995,-0.353831,0.000000,1.142561,0.000000,0.000000,0.000000,-0.316145,0.000000,-0.279573,0.000000,0.000000,0.000000,0.150721,-0.020141,0.037142,0.000832,-0.005354,0.000031,-0.118108,-0.043629,0.192008,0.156531,0.229608
10.780000,3.430000,-0.207630,-0.020596,1.178222,0.000625,-0.004289,0.000022,-0.435435,-0.043780,-0.098855,-0.051178,0.116607,-0.000794,-0.360058,0.000000,1.136742,0.000000,0.000000,0.000000,-0.306447,0.000000,-0.302180,0.000000,0.000000,0.000000,0.152428,-0.020596,0.041479,0.000625,-0.004289,0.000022,-0.128988,-0.043780,0.203325,0.159308,0.244736
10.790000,3.440000,-0.211984,-0.021034,1.177233,0.000113,-0.003123,0.000015,-0.435813,-0.043835,-0.108731,-0.074324,0.109660,-0.000539,-0.360058,0.000000,1.136742,0.000000,0.000000,0.000000,-0.306447,0.000000,-0.302180,0.000000,0.000000,0.000000,0.148074,-0.021034,0.040491,0.000113,-0.003123,0.000015,-0.129366,-0.043835,0.193449,0.154944,0.236811
10.800000,3.450000,-0.216186,-0.021458,1.175470,0.000077,-0.001911,0.000009,-0.435592,-0.043821,-0.120576,-0.051421,0.109928,-0.000311,-0.366678,0.000000,1.129827,0.000000,0.000000,0.000000,-0.295321,0.000000,-0.326370,0.000000,0.000000,0.000000,0.150492,-0.021458,0.045644,0.000077,-0.001911,0.000009,-0.140271,-0.043821,0.205795,0.158718,0.252879
10.813000,3.463000,-0.221495,-0.021992,1.173641,-0.000171,-0.001056,0.000008,-0.439237,-0.044176,-0.132220,-0.039715,0.109050,-0.000020,-0.371909,0.000000,1.123779,0.000000,0.000000,0.000000,-0.285868,0.000000,-0.345568,0.000000,0.000000,0.000000,0.150414,-0.021992,0.049863,-0.000171,-0.001056,0.000008,-0.153368,-0.044176,0.213349,0.159982,0.266441
10.820000,3.470000,-0.226318,-0.022477,1.171789,-0.000377,-0.000077,0.000008,-0.440897,-0.044317,-0.143366,-0.049397,0.110319,0.000050,-0.371909,0.000000,1.123779,0.000000,0.000000,0.000000,-0.285868,0.000000,-0.345568,0.000000,0.000000,0.000000,0.145591,-0.022477,0.048010,-0.000377,-0.000077,0.000008,-0.155029,-0.044317,0.202202,0.154942,0.258619
10.830000,3.480000,-0.230727,-0.022920,1.170355,-0.000871,0.001026,0.000008,-0.440904,-0.044284,-0.152954,-0.075572,0.110336,0.000070,-0.371909,0.000000,1.123779,0.000000,0.000000,0.000000,-0.285868,0.000000,-0.345568,0.000000,0.000000,0.000000,0.141182,-0.022920,0.046577,-0.000871,0.001026,0.000008,-0.155036,-0.044284,0.192614,0.150423,0.251192
10.840000,3.490000,-0.233450,-0.023194,1.168578,-0.000758,0.002534,0.000011,-0.434811,-0.043636,-0.163263,-0.043581,0.108126,0.000240,-0.377518,0.000000,1.116660,0.000000,0.000000,0.000000,-0.275003,0.000000,-0.366204,0.000000,0.000000,0.000000,0.144068,-0.023194,0.051918,-0.000758,0.002534,0.000011,-0.159808,-0.043636,0.202941,0.154884,0.261968
10.852000,3.502000,-0.238527,-0.023703,1.166286,-0.000796,0.003392,0.000016,-0.437245,-0.043840,-0.174345,-0.019890,0.109195,0.000461,-0.382907,0.000000,1.109136,0.000000,0.000000,0.000000,-0.263766,0.000000,-0.386038,0.000000,0.000000,0.000000,0.144380,-0.023703,0.057150,-0.000796,0.003392,0.000016,-0.173479,-0.043840,0.211693,0.157078,0.277184
10.860000,3.510000,-0.242899,-0.024141,1.164542,-0.000793,0.004485,0.000020,-0.436944,-0.043771,-0.183492,-0.010062,0.111109,0.000444,-0.382907,0.000000,1.109136,0.000000,0.000000,0.000000,-0.263766,0.000000,-0.386038,0.000000,0.000000,0.000000,0.140007,-0.024141,0.055407,-0.000793,0.004485,0.000020,-0.173178,-0.043771,0.202546,0.152495,0.270058
10.871000,3.521000,-0.245903,-0.024442,1.162426,-0.000740,0.005944,0.000023,-0.431698,-0.043218,-0.193120,-0.027360,0.112505,0.000260,-0.382907,0.000000,1.109136,0.000000,0.000000,0.000000,-0.263766,0.000000,-0.386038,0.000000,0.000000,0.000000,0.137004,-0.024442,0.053290,-0.000740,0.005944,0.000023,-0.167932,-0.043218,0.192919,0.149021,0.259397
10.880000,3.530000,-0.250220,-0.024874,1.160494,-0.001014,0.007069,0.000025,-0.431167,-0.043152,-0.201928,-0.061609,0.113420,0.000145,-0.388820,0.000000,1.100005,0.000000,0.000000,0.000000,-0.250394,0.000000,-0.407767,0.000000,0.000000,0.000000,0.138601,-0.024874,0.060490,-0.001014,0.007069,0.000025,-0.180773,-0.043152,0.205839,0.153258,0.277328
10.890000,3.540000,-0.252789,-0.025131,1.158736,-0.000631,0.008668,0.000028,-0.424322,-0.042474,-0.210007,-0.026152,0.111183,0.000212,-0.388820,0.000000,1.100005,0.000000,0.000000,0.000000,-0.250394,0.000000,-0.407767,0.000000,0.000000,0.000000,0.136031,-0.025131,0.058732,-0.000631,0.008668,0.000028,-0.173928,-0.042474,0.197760,0.150285,0.266766
10.900000,3.550000,-0.256365,-0.025489,1.156565,-0.000594,0.009974,0.000029,-0.421215,-0.042186,-0.219054,-0.029664,0.112788,0.000128,-0.392991,0.000000,1.092942,0.000000,0.000000,0.000000,-0.240210,0.000000,-0.423028,0.000000,0.000000,0.000000,0.136626,-0.025489,0.063623,-0.000594,0.009974,0.000029,-0.181005,-0.042186,0.203974,0.152854,0.275949
10.913000,3.563000,-0.261607,-0.026014,1.153231,-0.000596,0.010784,0.000029,-0.424164,-0.042517,-0.231989,-0.037793,0.110596,0.000002,-0.397673,0.000000,1.084309,0.000000,0.000000,0.000000,-0.227912,0.000000,-0.440052,0.000000,0.000000,0.000000,0.136066,-0.026014,0.068921,-0.000596,0.010784,0.000029,-0.196252,-0.042517,0.208062,0.154728,0.289159
10.922000,3.572000,-0.267015,-0.026557,1.149872,-0.000725,0.011577,0.000028,-0.427473,-0.042892,-0.243450,-0.044827,0.110127,-0.000058,-0.397673,0.000000,1.084309,0.000000,0.000000,0.000000,-0.227912,0.000000,-0.440052,0.000000,0.000000,0.000000,0.130657,-0.026557,0.065563,-0.000725,0.011577,0.000028,-0.199561,-0.042892,0.196602,0.148577,0.283402
10.932000,3.582000,-0.271861,-0.027043,1.146654,-0.000932,0.012522,0.000027,-0.428530,-0.043036,-0.254157,-0.051737,0.107817,-0.000096,-0.397673,0.000000,1.084309,0.000000,0.000000,0.000000,-0.227912,0.000000,-0.440052,0.000000,0.000000,0.000000,0.125811,-0.027043,0.062344,-0.000932,0.012522,0.000027,-0.200618,-0.043036,0.185894,0.142992,0.276869
10.940000,3.590000,-0.276147,-0.027474,1.144112,-0.001450,0.013600,0.000025,-0.427406,-0.042953,-0.262559,-0.079385,0.104118,-0.000094,-0.402105,0.000000,1.075347,0.000000,0.000000,0.000000,-0.215279,0.000000,-0.456011,0.000000,0.000000,0.000000,0.125958,-0.027474,0.068765,-0.001450,0.013600,0.000025,-0.212127,-0.042953,0.193452,0.146113,0.290287
10.950000,3.600000,-0.277860,-0.027647,1.142400,-0.001557,0.015394,0.000022,-0.417027,-0.041933,-0.268792,-0.039708,0.116603,-0.000079,-0.402105,0.000000,1.075347,0.000000,0.000000,0.000000,-0.215279,0.000000,-0.456011,0.000000,0.000000,0.000000,0.124245,-0.027647,0.067053,-0.001557,0.015394,0.000022,-0.201748,-0.041933,0.187219,0.143865,0.278409
10.961000,3.611000,-0.282354,-0.028099,1.138787,-0.001862,0.016328,0.000018,-0.416922,-0.041916,-0.280376,-0.040627,0.117682,-0.000255,-0.406282,0.000000,1.066077,0.000000,0.000000,0.000000,-0.202324,0.000000,-0.470846,0.000000,0.000000,0.000000,0.123928,-0.028099,0.072710,-0.001862,0.016328,0.000018,-0.214597,-0.041916,0.190470,0.146405,0.289979
10.972000,3.622000,-0.287514,-0.028618,1.134876,-0.002112,0.017141,0.000011,-0.419078,-0.042107,-0.291438,-0.053822,0.106175,-0.000444,-0.410196,0.000000,1.056521,0.000000,0.000000,0.000000,-0.189058,0.000000,-0.484500,0.000000,0.000000,0.000000,0.122682,-0.028618,0.078355,-0.002112,0.017141,0.000011,-0.230021,-0.042107,0.193062,0.148356,0.303241
10.980000,3.630000,-0.292168,-0.029085,1.131144,-0.002362,0.018105,0.000002,-0.419233,-0.042082,-0.301650,-0.053601,0.104940,-0.000588,-0.410196,0.000000,1.056521,0.000000,0.000000,0.000000,-0.189058,0.000000,-0.484500,0.000000,0.000000,0.000000,0.118028,-0.029085,0.074623,-0.002362,0.018105,0.000002,-0.230175,-0.042082,0.182850,0.142637,0.296960
10.993000,3.643000,-0.296482,-0.029518,1.127530,-0.002616,0.019163,-0.000007,-0.418033,-0.041905,-0.309920,-0.046179,0.113261,-0.000578,-0.414017,0.000000,1.046208,0.000000,0.000000,0.000000,-0.174806,0.000000,-0.497509,0.000000,0.000000,0.000000,0.117535,-0.029518,0.081322,-0.002616,0.019163,-0.000007,-0.243227,-0.041905,0.187589,0.145942,0.310008
11.000000,3.650000,-0.300606,-0.029931,1.123958,-0.002855,0.020292,-0.000018,-0.416087,-0.041640,-0.317823,-0.043818,0.115789,-0.000599,-0.414017,0.000000,1.046208,0.000000,0.000000,0.000000,-0.174806,0.000000,-0.497509,0.000000,0.000000,0.000000,0.113411,-0.029931,0.077750,-0.002855,0.020292,-0.000018,-0.241281,-0.041640,0.179686,0.140723,0.303706
11.010000,3.660000,-0.304622,-0.030331,1.120368,-0.003073,0.021481,-0.000028,-0.413700,-0.041318,-0.324769,-0.044111,0.119908,-0.000510,-0.414017,0.000000,1.046208,0.000000,0.000000,0.000000,-0.174806,0.000000,-0.497509,0.000000,0.000000,0.000000,0.109396,-0.030331,0.074161,-0.003073,0.021481,-0.000028,-0.238894,-0.041318,0.172740,0.135599,0.297685
11.020000,3.670000,-0.308759,-0.030745,1.117121,-0.003514,0.022680,-0.000037,-0.411716,-0.041034,-0.330512,-0.065181,0.124195,-0.000340,-0.417214,0.000000,1.036653,0.000000,0.000000,0.000000,-0.161638,0.000000,-0.508059,0.000000,0.000000,0.000000,0.108455,-0.030745,0.080468,-0.003514,0.022680,-0.000037,-0.250077,-0.041034,0.177547,0.138502,0.309428
11.030000,3.680000,-0.309960,-0.030862,1.115437,-0.003560,0.024648,-0.000047,-0.399194,-0.039686,-0.331348,-0.042466,0.123315,-0.000396,-0.417214,0.000000,1.036653,0.000000,0.000000,0.000000,-0.161638,0.000000,-0.508059,0.000000,0.000000,0.000000,0.107253,-0.030862,0.078784,-0.003560,0.024648,-0.000047,-0.237556,-0.039686,0.176711,0.136612,0.298722
11.040000,3.690000,-0.314076,-0.031269,1.111237,-0.003722,0.025797,-0.000055,-0.397470,-0.039404,-0.339474,-0.040988,0.127771,-0.000257,-0.420306,0.000000,1.026391,0.000000,0.000000,0.000000,-0.147510,0.000000,-0.517867,0.000000,0.000000,0.000000,0.106230,-0.031269,0.084846,-0.003722,0.025797,-0.000055,-0.249960,-0.039404,0.178393,0.139504,0.309608
11.050000,3.700000,-0.318961,-0.031753,1.106577,-0.003846,0.026834,-0.000062,-0.398445,-0.039390,-0.349646,-0.036868,0.124843,-0.000032,-0.420306,0.000000,1.026391,0.000000,0.000000,0.000000,-0.147510,0.000000,-0.517867,0.000000,0.000000,0.000000,0.101344,-0.031753,0.080185,-0.003846,0.026834,-0.000062,-0.250935,-0.039390,0.168222,0.133074,0.304662
11.060000,3.710000,-0.322946,-0.032146,1.103080,-0.004215,0.028082,-0.000067,-0.395985,-0.039038,-0.356099,-0.056580,0.118800,0.000113,-0.423112,0.000000,1.015947,0.000000,0.000000,0.000000,-0.133120,0.000000,-0.526304,0.000000,0.000000,0.000000,0.100167,-0.032146,0.087133,-0.004215,0.028082,-0.000067,-0.262866,-0.039038,0.170205,0.136598,0.315582
11.070000,3.720000,-0.324862,-0.032333,1.100613,-0.004210,0.030012,-0.000071,-0.386073,-0.037940,-0.358110,-0.037883,0.129267,0.000152,-0.423112,0.000000,1.015947,0.000000,0.000000,0.000000,-0.133120,0.000000,-0.526304,0.000000,0.000000,0.000000,0.098251,-0.032333,0.084666,-0.004210,0.030012,-0.000071,-0.252953,-0.037940,0.168193,0.133667,0.306127
11.080000,3.730000,-0.327995,-0.032639,1.097202,-0.004345,0.031482,-0.000074,-0.380743,-0.037297,-0.362812,-0.036841,0.128368,0.000281,-0.425629,0.000000,1.005348,0.000000,0.000000,0.000000,-0.118481,0.000000,-0.533330,0.000000,0.000000,0.000000,0.097634,-0.032639,0.091854,-0.004345,0.031482,-0.000074,-0.262263,-0.037297,0.170518,0.137967,0.315038
11.090000,3.740000,-0.332672,-0.033096,1.091984,-0.004429,0.032449,-0.000075,-0.381101,-0.037210,-0.373062,-0.033671,0.118649,0.000386,-0.425629,0.000000,1.005348,0.000000,0.000000,0.000000,-0.118481,0.000000,-0.533330,0.000000,0.000000,0.000000,0.092957,-0.033096,0.086636,-0.004429,0.032449,-0.000075,-0.262620,-0.037210,0.160267,0.131309,0.309903
11.100000,3.750000,-0.336483,-0.033468,1.088254,-0.004766,0.033636,-0.000077,-0.378099,-0.036801,-0.378672,-0.053637,0.108661,0.000404,-0.427850,0.000000,0.994624,0.000000,0.000000,0.000000,-0.103607,0.000000,-0.538912,0.000000,0.000000,0.000000,0.091367,-0.033468,0.093630,-0.004766,0.033636,-0.000077,-0.274492,-0.036801,0.160240,0.135036,0.319964
11.110000,3.760000,-0.339219,-0.033732,1.084827,-0.004724,0.035172,-0.000077,-0.371250,-0.036010,-0.382230,-0.035747,0.116101,0.000450,-0.427850,0.000000,0.994624,0.000000,0.000000,0.000000,-0.103607,0.000000,-0.538912,0.000000,0.000000,0.000000,0.088631,-0.033732,0.090204,-0.004724,0.035172,-0.000077,-0.267643,-0.036010,0.156681,0.130882,0.312216
11.120000,3.770000,-0.343709,-0.034166,1.079391,-0.004801,0.036009,-0.000076,-0.370901,-0.035850,-0.391555,-0.034773,0.108088,0.000507,-0.429772,0.000000,0.983802,0.000000,0.000000,0.000000,-0.088512,0.000000,-0.543019,0.000000,0.000000,0.000000,0.086062,-0.034166,0.095590,-0.004801,0.036009,-0.000076,-0.282389,-0.035850,0.151465,0.133084,0.322444
11.130000,3.780000,-0.348403,-0.034619,1.073923,-0.005120,0.036788,-0.000076,-0.371152,-0.035747,-0.400624,-0.054116,0.100687,0.000452,-0.429772,0.000000,0.983802,0.000000,0.000000,0.000000,-0.088512,0.000000,-0.543019,0.000000,0.000000,0.000000,0.081369,-0.034619,0.090121,-0.005120,0.036788,-0.000076,-0.282641,-0.035747,0.142396,0.126258,0.318497
11.140000,3.790000,-0.352114,-0.034976,1.069917,-0.005057,0.037869,-0.000075,-0.367705,-0.035288,-0.405123,-0.034152,0.098113,0.000509,-0.431389,0.000000,0.972913,0.000000,0.000000,0.000000,-0.073210,0.000000,-0.545627,0.000000,0.000000,0.000000,0.079275,-0.034976,0.097004,-0.005057,0.037869,-0.000075,-0.294494,-0.035288,0.140504,0.130068,0.328197
11.151000,3.801000,-0.354950,-0.035245,1.065646,-0.005178,0.039024,-0.000074,-0.361161,-0.034516,-0.408185,-0.023946,0.102248,0.000460,-0.431389,0.000000,0.972913,0.000000,0.000000,0.000000,-0.073210,0.000000,-0.545627,0.000000,0.000000,0.000000,0.076439,-0.035245,0.092733,-0.005178,0.039024,-0.000074,-0.287951,-0.034516,0.137442,0.125238,0.320932
11.160000,3.810000,-0.358562,-0.035590,1.061564,-0.005418,0.040046,-0.000074,-0.357426,-0.034021,-0.410611,-0.034770,0.106173,0.000399,-0.432868,0.000000,0.960347,0.000000,0.000000,0.000000,-0.055377,0.000000,-0.546744,0.000000,0.000000,0.000000,0.074307,-0.035590,0.101217,-0.005418,0.040046,-0.000074,-0.302049,-0.034021,0.136133,0.130511,0.333051
11.173000,3.823000,-0.361729,-0.035889,1.056822,-0.005319,0.041036,-0.000077,-0.352236,-0.033380,-0.414546,-0.029027,0.100632,0.000202,-0.432868,0.000000,0.960347,0.000000,0.000000,0.000000,-0.055377,0.000000,-0.546744,0.000000,0.000000,0.000000,0.071140,-0.035889,0.096475,-0.005319,0.041036,-0.000077,-0.296859,-0.033380,0.132198,0.125125,0.326674
11.181000,3.831000,-0.365973,-0.036290,1.051271,-0.005328,0.041832,-0.000081,-0.350959,-0.033122,-0.420762,-0.028441,0.104325,0.000085,-0.433697,0.000000,0.951055,0.000000,0.000000,0.000000,-0.042046,0.000000,-0.546263,0.000000,0.000000,0.000000,0.067723,-0.036290,0.100216,-0.005328,0.041832,-0.000081,-0.308913,-0.033122,0.125501,0.126280,0.335074
11.193000,3.843000,-0.369786,-0.036648,1.046087,-0.005361,0.042782,-0.000085,-0.348070,-0.032716,-0.425552,-0.027079,0.109149,0.000108,-0.433697,0.000000,0.951055,0.000000,0.000000,0.000000,-0.042046,0.000000,-0.546263,0.000000,0.000000,0.000000,0.063910,-0.036648,0.095033,-0.005361,0.042782,-0.000085,-0.306024,-0.032716,0.120710,0.120245,0.330593
11.200000,3.850000,-0.373267,-0.036975,1.041832,-0.005632,0.043874,-0.000090,-0.343953,-0.032200,-0.427480,-0.047788,0.112767,0.000114,-0.434380,0.000000,0.940147,0.000000,0.000000,0.000000,-0.026214,0.000000,-0.544263,0.000000,0.000000,0.000000,0.061112,-0.036975,0.101685,-0.005632,0.043874,-0.000090,-0.317739,-0.032200,0.116783,0.124265,0.340049
11.210000,3.860000,-0.374508,-0.037089,1.039452,-0.005545,0.045529,-0.000095,-0.331814,-0.030930,-0.422171,-0.029959,0.113110,0.000124,-0.434380,0.000000,0.940147,0.000000,0.000000,0.000000,-0.026214,0.000000,-0.544263,0.000000,0.000000,0.000000,0.059871,-0.037089,0.099305,-0.005545,0.045529,-0.000095,-0.305600,-0.030930,0.122092,0.121744,0.330536
11.220000,3.870000,-0.377067,-0.037326,1.035626,-0.005641,0.046829,-0.000100,-0.324702,-0.030138,-0.421221,-0.032301,0.117056,0.000133,-0.434744,0.000000,0.929294,0.000000,0.000000,0.000000,-0.010236,0.000000,-0.540707,0.000000,0.000000,0.000000,0.057678,-0.037326,0.106331,-0.005641,0.046829,-0.000100,-0.314466,-0.030138,0.119486,0.126595,0.337749
11.230000,3.880000,-0.379951,-0.037593,1.031348,-0.005765,0.048057,-0.000105,-0.318975,-0.029481,-0.423359,-0.030865,0.114767,0.000163,-0.434744,0.000000,0.929294,0.000000,0.000000,0.000000,-0.010236,0.000000,-0.540707,0.000000,0.000000,0.000000,0.054794,-0.037593,0.102053,-0.005765,0.048057,-0.000105,-0.308739,-0.029481,0.117348,0.121780,0.331601
11.240000,3.890000,-0.384002,-0.037966,1.025093,-0.005892,0.048966,-0.000109,-0.317604,-0.029224,-0.431222,-0.033922,0.119386,0.000269,-0.434788,0.000000,0.918529,0.000000,0.000000,0.000000,0.005873,0.000000,-0.535593,0.000000,0.000000,0.000000,0.050786,-0.037966,0.106564,-0.005892,0.048966,-0.000109,-0.323477,-0.029224,0.104371,0.124003,0.341152
11.250000,3.900000,-0.388070,-0.038340,1.018996,-0.006059,0.049925,-0.000112,-0.316140,-0.028951,-0.437552,-0.037250,0.115699,0.000400,-0.434788,0.000000,0.918529,0.000000,0.000000,0.000000,0.005873,0.000000,-0.535593,0.000000,0.000000,0.000000,0.046718,-0.038340,0.100467,-0.006059,0.049925,-0.000112,-0.322013,-0.028951,0.098041,0.117244,0.337850
11.260000,3.910000,-0.391232,-0.038630,1.014620,-0.006431,0.051082,-0.000115,-0.311292,-0.028364,-0.438625,-0.054777,0.108243,0.000437,-0.434509,0.000000,0.907881,0.000000,0.000000,0.000000,0.022096,0.000000,-0.528923,0.000000,0.000000,0.000000,0.043277,-0.038630,0.106739,-0.006431,0.051082,-0.000115,-0.333388,-0.028364,0.090298,0.121484,0.346563
11.270000,3.920000,-0.392834,-0.038774,1.011506,-0.006480,0.052711,-0.000118,-0.300811,-0.027247,-0.433327,-0.034965,0.115904,0.000453,-0.434509,0.000000,0.907881,0.000000,0.000000,0.000000,0.022096,0.000000,-0.528923,0.000000,0.000000,0.000000,0.041675,-0.038774,0.103625,-0.006480,0.052711,-0.000118,-0.322907,-0.027247,0.095596,0.118230,0.337861
11.280000,3.930000,-0.396215,-0.039078,1.005700,-0.006664,0.053679,-0.000120,-0.297024,-0.026727,-0.436033,-0.035036,0.111943,0.000475,-0.433904,0.000000,0.897382,0.000000,0.000000,0.000000,0.038418,0.000000,-0.520705,0.000000,0.000000,0.000000,0.037689,-0.039078,0.108318,-0.006664,0.053679,-0.000120,-0.335442,-0.026727,0.084673,0.121163,0.346994
11.290000,3.940000,-0.399185,-0.039346,1.001340,-0.007014,0.054798,-0.000122,-0.291727,-0.026071,-0.435565,-0.048467,0.112656,0.000445,-0.433904,0.000000,0.897382,0.000000,0.000000,0.000000,0.038418,0.000000,-0.520705,0.000000,0.000000,0.000000,0.034718,-0.039346,0.103958,-0.007014,0.054798,-0.000122,-0.330146,-0.026071,0.085141,0.116450,0.341943
11.301000,3.951000,-0.402054,-0.039600,0.995865,-0.007044,0.055869,-0.000125,-0.286263,-0.025382,-0.438365,-0.033048,0.113275,0.000451,-0.432971,0.000000,0.887063,0.000000,0.000000,0.000000,0.054822,0.000000,-0.510952,0.000000,0.000000,0.000000,0.030917,-0.039600,0.108802,-0.007044,0.055869,-0.000125,-0.341085,-0.025382,0.072587,0.119841,0.349646
11.313000,3.963000,-0.405546,-0.039908,0.989918,-0.007169,0.056781,-0.000128,-0.282975,-0.024878,-0.440735,-0.022251,0.105495,0.000424,-0.431710,0.000000,0.876954,0.000000,0.000000,0.000000,0.071292,0.000000,-0.499682,0.000000,0.000000,0.000000,0.026164,-0.039908,0.112964,-0.007169,0.056781,-0.000128,-0.354267,-0.024878,0.058947,0.122630,0.359998
11.320000,3.970000,-0.408376,-0.040157,0.985511,-0.007392,0.057836,-0.000131,-0.277272,-0.024160,-0.438513,-0.028109,0.099650,0.000393,-0.431710,0.000000,0.876954,0.000000,0.000000,0.000000,0.071292,0.000000,-0.499682,0.000000,0.000000,0.000000,0.023335,-0.040157,0.108556,-0.007392,0.057836,-0.000131,-0.348564,-0.024160,0.061168,0.118074,0.354714
11.331000,3.981000,-0.410351,-0.040324,0.981103,-0.007368,0.059090,-0.000133,-0.268589,-0.023163,-0.434525,-0.024039,0.103783,0.000478,-0.431710,0.000000,0.876954,0.000000,0.000000,0.000000,0.071292,0.000000,-0.499682,0.000000,0.000000,0.000000,0.021359,-0.040324,0.104149,-0.007368,0.059090,-0.000133,-0.339881,-0.023163,0.065156,0.113707,0.346844
11.343000,3.993000,-0.413514,-0.040595,0.975375,-0.007396,0.059954,-0.000135,-0.264318,-0.022561,-0.434539,-0.022183,0.100097,0.000480,-0.430119,0.000000,0.867086,0.000000,0.000000,0.000000,0.087810,0.000000,-0.486915,0.000000,0.000000,0.000000,0.016605,-0.040595,0.108289,-0.007396,0.059954,-0.000135,-0.352128,-0.022561,0.052376,0.116834,0.356716
11.350000,4.000000,-0.416158,-0.040821,0.971029,-0.007618,0.060955,-0.000137,-0.258191,-0.021807,-0.430570,-0.036774,0.104446,0.000446,-0.430119,0.000000,0.867086,0.000000,0.000000,0.000000,0.087810,0.000000,-0.486915,0.000000,0.000000,0.000000,0.013962,-0.040821,0.103943,-0.007618,0.060955,-0.000137,-0.346001,-0.021807,0.056345,0.112541,0.351237
11.363000,4.013000,-0.417890,-0.040962,0.966833,-0.007521,0.062130,-0.000140,-0.249012,-0.020787,-0.426289,-0.020836,0.105896,0.000436,-0.428093,0.000000,0.857015,0.000000,0.000000,0.000000,0.105189,0.000000,-0.471930,0.000000,0.000000,0.000000,0.010203,-0.040962,0.109818,-0.007521,0.062130,-0.000140,-0.354201,-0.020787,0.045641,0.117652,0.357734
11.370000,4.020000,-0.420380,-0.041170,0.962570,-0.007729,0.063189,-0.000143,-0.242607,-0.020013,-0.421427,-0.028755,0.101978,0.000413,-0.428093,0.000000,0.857015,0.000000,0.000000,0.000000,0.105189,0.000000,-0.471930,0.000000,0.000000,0.000000,0.007713,-0.041170,0.105555,-0.007729,0.063189,-0.000143,-0.347795,-0.020013,0.050503,0.113562,0.352012
11.380000,4.030000,-0.422447,-0.041337,0.957718,-0.007685,0.064277,-0.000146,-0.234914,-0.019126,-0.418429,-0.015194,0.100352,0.000461,-0.425945,0.000000,0.848188,0.000000,0.000000,0.000000,0.120926,0.000000,-0.457007,0.000000,0.000000,0.000000,0.003498,-0.041337,0.109530,-0.007685,0.064277,-0.000146,-0.355840,-0.019126,0.038578,0.117123,0.358436
11.390000,4.040000,-0.424796,-0.041528,0.953534,-0.007837,0.065281,-0.000149,-0.228286,-0.018336,-0.413572,-0.025476,0.094368,0.000447,-0.425945,0.000000,0.848188,0.000000,0.000000,0.000000,0.120926,0.000000,-0.457007,0.000000,0.000000,0.000000,0.001149,-0.041528,0.105345,-0.007837,0.065281,-0.000149,-0.349213,-0.018336,0.043435,0.113241,0.352381
11.400000,4.050000,-0.426195,-0.041638,0.950146,-0.007796,0.066547,-0.000150,-0.218442,-0.017285,-0.406545,-0.015651,0.096033,0.000536,-0.422944,0.000000,0.837901,0.000000,0.000000,0.000000,0.139974,0.000000,-0.437256,0.000000,0.000000,0.000000,-0.003251,-0.041638,0.112246,-0.007796,0.066547,-0.000150,-0.358416,-0.017285,0.030711,0.119764,0.360144
11.410000,4.060000,-0.428048,-0.041783,0.946073,-0.007823,0.067582,-0.000152,-0.210437,-0.016392,-0.401279,-0.014682,0.092703,0.000548,-0.422944,0.000000,0.837901,0.000000,0.000000,0.000000,0.139974,0.000000,-0.437256,0.000000,0.000000,0.000000,-0.005103,-0.041783,0.108172,-0.007823,0.067582,-0.000152,-0.350411,-0.016392,0.035977,0.116073,0.352634
11.423000,4.073000,-0.430684,-0.041988,0.940087,-0.007813,0.068274,-0.000153,-0.205507,-0.015752,-0.401874,-0.016725,0.083292,0.000521,-0.420445,0.000000,0.830600,0.000000,0.000000,0.000000,0.154036,0.000000,-0.421503,0.000000,0.000000,0.000000,-0.010239,-0.041988,0.109487,-0.007813,0.068274,-0.000153,-0.359543,-0.015752,0.019629,0.117708,0.360423
11.433000,4.083000,-0.433307,-0.042188,0.934334,-0.007823,0.068927,-0.000154,-0.200563,-0.015112,-0.401819,-0.017794,0.075156,0.000470,-0.417028,0.000000,0.821964,0.000000,0.000000,0.000000,0.171369,0.000000,-0.400737,0.000000,0.000000,0.000000,-0.016279,-0.042188,0.112370,-0.007823,0.068927,-0.000154,-0.371932,-0.015112,-0.001082,0.121127,0.372241
11.440000,4.090000,-0.435313,-0.042340,0.930316,-0.008001,0.069678,-0.000155,-0.193434,-0.014305,-0.396658,-0.032219,0.066253,0.000426,-0.417028,0.000000,0.821964,0.000000,0.000000,0.000000,0.171369,0.000000,-0.400737,0.000000,0.000000,0.000000,-0.018284,-0.042340,0.108352,-0.008001,0.069678,-0.000155,-0.364803,-0.014305,0.004078,0.117758,0.365107
11.450000,4.100000,-0.436269,-0.042408,0.927424,-0.007924,0.070740,-0.000157,-0.182606,-0.013217,-0.386064,-0.018396,0.074880,0.000415,-0.417028,0.000000,0.821964,0.000000,0.000000,0.000000,0.171369,0.000000,-0.400737,0.000000,0.000000,0.000000,-0.019241,-0.042408,0.105460,-0.007924,0.070740,-0.000157,-0.353975,-0.013217,0.014673,0.115284,0.354525
11.460000,4.110000,-0.438308,-0.042554,0.922091,-0.008002,0.071283,-0.000158,-0.176029,-0.012448,-0.382893,-0.022719,0.066812,0.000326,-0.413624,0.000000,0.814538,0.000000,0.000000,0.000000,0.187001,0.000000,-0.380748,0.000000,0.000000,0.000000,-0.024685,-0.042554,0.107553,-0.008002,0.071283,-0.000158,-0.363031,-0.012448,-0.002145,0.118270,0.363250
11.470000,4.120000,-0.440069,-0.042679,0.918262,-0.008229,0.071951,-0.000161,-0.168515,-0.011607,-0.375758,-0.033857,0.061563,0.000320,-0.413624,0.000000,0.814538,0.000000,0.000000,0.000000,0.187001,0.000000,-0.380748,0.000000,0.000000,0.000000,-0.026445,-0.042679,0.103724,-0.008229,0.071951,-0.000161,-0.355516,-0.011607,0.004991,0.115237,0.355741
11.480000,4.130000,-0.441207,-0.042756,0.914862,-0.008299,0.072698,-0.000162,-0.159030,-0.010620,-0.367585,-0.027096,0.057766,0.000299,-0.409720,0.000000,0.807143,0.000000,0.000000,0.000000,0.203387,0.000000,-0.358529,0.000000,0.000000,0.000000,-0.031487,-0.042756,0.107719,-0.008299,0.072698,-0.000162,-0.362417,-0.010620,-0.009056,0.120095,0.362686
11.491000,4.141000,-0.443101,-0.042882,0.909455,-0.008480,0.073101,-0.000164,-0.152542,-0.009822,-0.364652,-0.022915,0.055759,0.000314,-0.409720,0.000000,0.807143,0.000000,0.000000,0.000000,0.203387,0.000000,-0.358529,0.000000,0.000000,0.000000,-0.033381,-0.042882,0.102312,-0.008480,0.073101,-0.000164,-0.355930,-0.009822,-0.006123,0.115848,0.356118
11.500000,4.150000,-0.444626,-0.042980,0.905808,-0.008709,0.073659,-0.000165,-0.144774,-0.008923,-0.356670,-0.025759,0.054460,0.000333,-0.404826,0.000000,0.799204,0.000000,0.000000,0.000000,0.222123,0.000000,-0.331558,0.000000,0.000000,0.000000,-0.039800,-0.042980,0.106604,-0.008709,0.073659,-0.000165,-0.366896,-0.008923,-0.025112,0.121638,0.367863
11.511000,4.161000,-0.446075,-0.043067,0.900938,-0.008877,0.074081,-0.000168,-0.137014,-0.007996,-0.351562,-0.026248,0.051024,0.000227,-0.404826,0.000000,0.799204,0.000000,0.000000,0.000000,0.222123,0.000000,-0.331558,0.000000,0.000000,0.000000,-0.041249,-0.043067,0.101734,-0.008877,0.074081,-0.000168,-0.359137,-0.007996,-0.020004,0.117924,0.359782
11.520000,4.170000,-0.447445,-0.043147,0.897423,-0.009140,0.074591,-0.000170,-0.129072,-0.007048,-0.342655,-0.032347,0.050506,0.000250,-0.400933,0.000000,0.793744,0.000000,0.000000,0.000000,0.235881,0.000000,-0.310699,0.000000,0.000000,0.000000,-0.046512,-0.043147,0.103678,-0.009140,0.074591,-0.000170,-0.364953,-0.007048,-0.031956,0.121549,0.366417
11.530000,4.180000,-0.448263,-0.043189,0.894359,-0.009265,0.075173,-0.000173,-0.119365,-0.005972,-0.331666,-0.021944,0.051634,0.000233,-0.400933,0.000000,0.793744,0.000000,0.000000,0.000000,0.235881,0.000000,-0.310699,0.000000,0.000000,0.000000,-0.047329,-0.043189,0.100615,-0.009265,0.075173,-0.000173,-0.355246,-0.005972,-0.020968,0.119284,0.355915
11.542000,4.192000,-0.449667,-0.043257,0.889418,-0.009424,0.075534,-0.000175,-0.112125,-0.005014,-0.326480,-0.019930,0.051982,0.000254,-0.395802,0.000000,0.787499,0.000000,0.000000,0.000000,0.252755,0.000000,-0.283915,0.000000,0.000000,0.000000,-0.053865,-0.043257,0.101919,-0.009424,0.075534,-0.000175,-0.364880,-0.005014,-0.042565,0.123126,0.367389
11.550000,4.200000,-0.450789,-0.043307,0.886153,-0.009624,0.076054,-0.000178,-0.103984,-0.004001,-0.317014,-0.022372,0.050231,0.000302,-0.395802,0.000000,0.787499,0.000000,0.000000,0.000000,0.252755,0.000000,-0.283915,0.000000,0.000000,0.000000,-0.054987,-0.043307,0.098654,-0.009624,0.076054,-0.000178,-0.356739,-0.004001,-0.033099,0.120961,0.358294
11.561000,4.211000,-0.451820,-0.043343,0.881690,-0.009704,0.076505,-0.000180,-0.095883,-0.002966,-0.311324,-0.015771,0.049752,0.000320,-0.390856,0.000000,0.782342,0.000000,0.000000,0.000000,0.267890,0.000000,-0.258777,0.000000,0.000000,0.000000,-0.060964,-0.043343,0.099348,-0.009704,0.076505,-0.000180,-0.363773,-0.002966,-0.052547,0.124359,0.367560
11.570000,4.220000,-0.452991,-0.043377,0.877229,-0.009806,0.076929,-0.000181,-0.088244,-0.001917,-0.303004,-0.011051,0.059416,0.000360,-0.390856,0.000000,0.782342,0.000000,0.000000,0.000000,0.267890,0.000000,-0.258777,0.000000,0.000000,0.000000,-0.062135,-0.043377,0.094887,-0.009806,0.076929,-0.000181,-0.356134,-0.001917,-0.044227,0.121432,0.358874
11.580000,4.230000,-0.453873,-0.043396,0.874198,-0.009916,0.077523,-0.000184,-0.079735,-0.000836,-0.290726,-0.011303,0.067520,0.000392,-0.385340,0.000000,0.777438,0.000000,0.000000,0.000000,0.283670,0.000000,-0.231458,0.000000,0.000000,0.000000,-0.068533,-0.043396,0.096760,-0.009916,0.077523,-0.000184,-0.363405,-0.000836,-0.059268,0.126264,0.368207
11.590000,4.240000,-0.454185,-0.043389,0.872040,-0.009983,0.078109,-0.000186,-0.069535,0.000298,-0.276914,-0.011860,0.050696,0.000361,-0.385340,0.000000,0.777438,0.000000,0.000000,0.000000,0.283670,0.000000,-0.231458,0.000000,0.000000,0.000000,-0.068845,-0.043389,0.094602,-0.009983,0.078109,-0.000186,-0.353205,0.000298,-0.045456,0.124787,0.356118
11.600000,4.250000,-0.454724,-0.043382,0.869200,-0.010042,0.078706,-0.000188,-0.060452,0.001399,-0.265493,-0.010384,0.053382,0.000354,-0.379510,0.000000,0.773089,0.000000,0.000000,0.000000,0.299278,0.000000,-0.203333,0.000000,0.000000,0.000000,-0.075214,-0.043382,0.096111,-0.010042,0.078706,-0.000188,-0.359730,0.001399,-0.062161,0.129524,0.365064
11.610000,4.260000,-0.455268,-0.043367,0.866196,-0.010097,0.079274,-0.000191,-0.051710,0.002486,-0.255654,-0.007684,0.053671,0.000342,-0.379510,0.000000,0.773089,0.000000,0.000000,0.000000,0.299278,0.000000,-0.203333,0.000000,0.000000,0.000000,-0.075758,-0.043367,0.093107,-0.010097,0.079274,-0.000191,-0.350988,0.002486,-0.052322,0.127628,0.354875
11.620000,4.270000,-0.455953,-0.043335,0.861893,-0.010154,0.079732,-0.000193,-0.043779,0.003597,-0.249908,-0.007657,0.051928,0.000340,-0.373370,0.000000,0.769310,0.000000,0.000000,0.000000,0.314698,0.000000,-0.174480,0.000000,0.000000,0.000000,-0.082583,-0.043335,0.092583,-0.010154,0.079732,-0.000193,-0.358477,0.003597,-0.075428,0.131414,0.366344
11.630000,4.280000,-0.456391,-0.043299,0.859394,-0.010218,0.080274,-0.000195,-0.035059,0.004703,-0.238892,-0.008102,0.045563,0.000360,-0.373370,0.000000,0.769310,0.000000,0.000000,0.000000,0.314698,0.000000,-0.174480,0.000000,0.000000,0.000000,-0.083021,-0.043299,0.090084,-0.010218,0.080274,-0.000195,-0.349758,0.004703,-0.064412,0.129932,0.355670
11.640000,4.290000,-0.456640,-0.043261,0.856805,-0.010284,0.080733,-0.000196,-0.025981,0.005778,-0.228464,-0.008928,0.038388,0.000393,-0.366924,0.000000,0.766114,0.000000,0.000000,0.000000,0.329914,0.000000,-0.144981,0.000000,0.000000,0.000000,-0.089716,-0.043261,0.090691,-0.010284,0.080733,-0.000196,-0.355895,0.005778,-0.083483,0.134705,0.365601
11.650000,4.300000,-0.456875,-0.043208,0.854134,-0.010368,0.081085,-0.000196,-0.017043,0.006886,-0.217502,-0.008683,0.031237,0.000420,-0.366924,0.000000,0.766114,0.000000,0.000000,0.000000,0.329914,0.000000,-0.144981,0.000000,0.000000,0.000000,-0.089951,-0.043208,0.088020,-0.010368,0.081085,-0.000196,-0.346957,0.006886,-0.072522,0.133063,0.354522
11.660000,4.310000,-0.457119,-0.043121,0.850350,-0.010462,0.081338,-0.000195,-0.008471,0.008082,-0.210122,-0.008963,0.025975,0.000444,-0.360175,0.000000,0.763514,0.000000,0.000000,0.000000,0.344908,0.000000,-0.114919,0.000000,0.000000,0.000000,-0.096944,-0.043121,0.086836,-0.010462,0.081338,-0.000195,-0.353379,0.008082,-0.095203,0.137106,0.366068
11.670000,4.320000,-0.457204,-0.043040,0.848249,-0.010551,0.081598,-0.000193,0.000542,0.009237,-0.197664,-0.006725,0.021599,0.000455,-0.360175,0.000000,0.763514,0.000000,0.000000,0.000000,0.344908,0.000000,-0.114919,0.000000,0.000000,0.000000,-0.097029,-0.043040,0.084734,-0.010551,0.081598,-0.000193,-0.344366,0.009237,-0.082745,0.135820,0.354288
11.680000,4.330000,-0.457189,-0.042969,0.845998,-0.010659,0.081794,-0.000191,0.009555,0.010323,-0.186008,-0.007729,0.018136,0.000446,-0.353129,0.000000,0.761520,0.000000,0.000000,0.000000,0.359665,0.000000,-0.084381,0.000000,0.000000,0.000000,-0.104060,-0.042969,0.084478,-0.010659,0.081794,-0.000191,-0.350111,0.010323,-0.101626,0.140753,0.364708
11.690000,4.340000,-0.457108,-0.042875,0.843720,-0.010755,0.081920,-0.000188,0.018572,0.011466,-0.173948,-0.006652,0.014408,0.000422,-0.353129,0.000000,0.761520,0.000000,0.000000,0.000000,0.359665,0.000000,-0.084381,0.000000,0.000000,0.000000,-0.103979,-0.042875,0.082200,-0.010755,0.081920,-0.000188,-0.341093,0.011466,-0.089567,0.139308,0.352843
11.700000,4.350000,-0.456947,-0.042767,0.841479,-0.010851,0.081972,-0.000185,0.027565,0.012632,-0.162136,-0.006462,0.007552,0.000389,-0.344664,0.000000,0.759988,0.000000,0.000000,0.000000,0.376323,0.000000,-0.048786,0.000000,0.000000,0.000000,-0.112282,-0.042767,0.081491,-0.010851,0.081972,-0.000185,-0.348757,0.012632,-0.113350,0.145180,0.366933
11.710000,4.360000,-0.456702,-0.042646,0.839305,-0.010910,0.082003,-0.000182,0.036561,0.013815,-0.150243,-0.001166,0.006333,0.000395,-0.344664,0.000000,0.759988,0.000000,0.000000,0.000000,0.376323,0.000000,-0.048786,0.000000,0.000000,0.000000,-0.112038,-0.042646,0.079317,-0.010910,0.082003,-0.000182,-0.339762,0.013815,-0.101457,0.143744,0.354855
11.720000,4.370000,-0.456372,-0.042513,0.837221,-0.011036,0.081997,-0.000179,0.045545,0.015011,-0.138436,-0.003628,0.003471,0.000355,-0.338164,0.000000,0.759384,0.000000,0.000000,0.000000,0.388406,0.000000,-0.022226,0.000000,0.000000,0.000000,-0.118209,-0.042513,0.077837,-0.011036,0.081997,-0.000179,-0.342862,0.015011,-0.116210,0.147781,0.362332
11.734000,4.384000,-0.455823,-0.042318,0.834350,-0.011125,0.081969,-0.000176,0.055225,0.016433,-0.125831,-0.002915,0.011565,0.000315,-0.330256,0.000000,0.759254,0.000000,0.000000,0.000000,0.402359,0.000000,0.009212,0.000000,0.000000,0.000000,-0.125568,-0.042318,0.075096,-0.011125,0.081969,-0.000176,-0.347133,0.016433,-0.135043,0.152307,0.372838
11.740000,4.390000,-0.455131,-0.042106,0.832073,-0.011165,0.082092,-0.000174,0.065136,0.017881,-0.111871,0.001926,0.021629,0.000323,-0.330256,0.000000,0.759254,0.000000,0.000000,0.000000,0.402359,0.000000,0.009212,0.000000,0.000000,0.000000,-0.124875,-0.042106,0.072819,-0.011165,0.082092,-0.000174,-0.337222,0.017881,-0.121083,0.150563,0.358747
11.752000,4.402000,-0.454383,-0.041899,0.830143,-0.011283,0.082091,-0.000172,0.074939,0.019276,-0.096722,0.001341,0.014885,0.000309,-0.322072,0.000000,0.759754,0.000000,0.000000,0.000000,0.416012,0.000000,0.040768,0.000000,0.000000,0.000000,-0.132311,-0.041899,0.070390,-0.011283,0.082091,-0.000172,-0.341073,0.019276,-0.137489,0.155616,0.368247
11.760000,4.410000,-0.453633,-0.041706,0.829176,-0.011270,0.082240,-0.000170,0.084454,0.020579,-0.079186,0.009326,0.021996,0.000334,-0.322072,0.000000,0.759754,0.000000,0.000000,0.000000,0.416012,0.000000,0.040768,0.000000,0.000000,0.000000,-0.131562,-0.041706,0.069423,-0.011270,0.082240,-0.000170,-0.331558,0.020579,-0.119954,0.154491,0.353190
11.770000,4.420000,-0.453200,-0.041607,0.828229,-0.011360,0.082237,-0.000169,0.092437,0.021498,-0.062177,0.003831,0.020920,0.000326,-0.322072,0.000000,0.759754,0.000000,0.000000,0.000000,0.416012,0.000000,0.040768,0.000000,0.000000,0.000000,-0.131129,-0.041607,0.068476,-0.011360,0.082237,-0.000169,-0.323576,0.021498,-0.102945,0.153671,0.340237
11.780000,4.430000,-0.452181,-0.041368,0.826633,-0.011395,0.082468,-0.000168,0.102211,0.022884,-0.047558,0.005894,0.028937,0.000384,-0.313617,0.000000,0.760885,0.000000,0.000000,0.000000,0.429353,0.000000,0.072350,0.000000,0.000000,0.000000,-0.138564,-0.041368,0.065748,-0.011395,0.082468,-0.000168,-0.327141,0.022884,-0.119907,0.158852,0.349175
11.790000,4.440000,-0.450918,-0.041083,0.825433,-0.011412,0.082817,-0.000167,0.112229,0.024349,-0.036714,0.009056,0.021733,0.000442,-0.313617,0.000000,0.760885,0.000000,0.000000,0.000000,0.429353,0.000000,0.072350,0.000000,0.000000,0.000000,-0.137301,-0.041083,0.064548,-0.011412,0.082817,-0.000167,-0.317124,0.024349,-0.109064,0.157181,0.336237
11.800000,4.450000,-0.449796,-0.040839,0.825066,-0.011321,0.083034,-0.000165,0.121449,0.025615,-0.023743,0.018232,0.013145,0.000460,-0.304900,0.000000,0.762647,0.000000,0.000000,0.000000,0.442365,0.000000,0.103866,0.000000,0.000000,0.000000,-0.144896,-0.040839,0.062419,-0.011321,0.083034,-0.000165,-0.320916,0.025615,-0.127609,0.162969,0.346305
11.810000,4.460000,-0.449131,-0.040701,0.824265,-0.011365,0.083220,-0.000163,0.128699,0.026456,-0.012099,0.010592,0.015990,0.000454,-0.304900,0.000000,0.762647,0.000000,0.000000,0.000000,0.442365,0.000000,0.103866,0.000000,0.000000,0.000000,-0.144231,-0.040701,0.061617,-0.011365,0.083220,-0.000163,-0.313666,0.026456,-0.115965,0.162036,0.335461
11.821000,4.471000,-0.447685,-0.040400,0.823231,-0.011355,0.083423,-0.000160,0.138478,0.027838,-0.001479,0.011557,0.007897,0.000485,-0.295925,0.000000,0.765038,0.000000,0.000000,0.000000,0.455035,0.000000,0.135222,0.000000,0.000000,0.000000,-0.151760,-0.040400,0.058192,-0.011355,0.083423,-0.000160,-0.316557,0.027838,-0.136701,0.167480,0.345934
11.830000,4.480000,-0.446300,-0.040122,0.823216,-0.011239,0.083502,-0.000156,0.147815,0.029104,0.012079,0.021340,-0.003687,0.000467,-0.295925,0.000000,0.765038,0.000000,0.000000,0.000000,0.455035,0.000000,0.135222,0.000000,0.000000,0.000000,-0.150375,-0.040122,0.058177,-0.011239,0.083502,-0.000156,-0.307220,0.029104,-0.123144,0.166153,0.332258
11.840000,4.490000,-0.445253,-0.039915,0.822642,-0.011271,0.083469,-0.000152,0.155563,0.030060,0.023610,0.013396,-0.005377,0.000493,-0.286701,0.000000,0.768054,0.000000,0.000000,0.000000,0.467350,0.000000,0.166327,0.000000,0.000000,0.000000,-0.158552,-0.039915,0.054587,-0.011271,0.083469,-0.000152,-0.311787,0.030060,-0.142718,0.172371,0.344214
11.850000,4.500000,-0.443410,-0.039555,0.822037,-0.011255,0.083455,-0.000145,0.165884,0.031527,0.035110,0.010507,-0.012103,0.000490,-0.286701,0.000000,0.768054,0.000000,0.000000,0.000000,0.467350,0.000000,0.166327,0.000000,0.000000,0.000000,-0.156709,-0.039555,0.053982,-0.011255,0.083455,-0.000145,-0.301466,0.031527,-0.131218,0.170401,0.330293
11.860000,4.510000,-0.441751,-0.039239,0.822388,-0.011233,0.083305,-0.000138,0.175257,0.032788,0.049065,0.009642,-0.022606,0.000506,-0.277233,0.000000,0.771689,0.000000,0.000000,0.000000,0.479295,0.000000,0.197089,0.000000,0.000000,0.000000,-0.164518,-0.039239,0.050699,-0.011233,0.083305,-0.000138,-0.304038,0.032788,-0.148024,0.176568,0.339743
11.870000,4.520000,-0.440488,-0.039001,0.822095,-0.011203,0.082889,-0.000130,0.182853,0.033724,0.061380,0.014252,-0.031543,0.000514,-0.277233,0.000000,0.771689,0.000000,0.000000,0.000000,0.479295,0.000000,0.197089,0.000000,0.000000,0.000000,-0.163254,-0.039001,0.050406,-0.011203,0.082889,-0.000130,-0.296442,0.033724,-0.135709,0.175253,0.327768
11.884000,4.534000,-0.438309,-0.038595,0.821961,-0.011242,0.082538,-0.000120,0.193384,0.035228,0.073873,0.012028,-0.038735,0.000444,-0.267531,0.000000,0.775935,0.000000,0.000000,0.000000,0.490858,0.000000,0.227415,0.000000,0.000000,0.000000,-0.170777,-0.038595,0.046026,-0.011242,0.082538,-0.000120,-0.297474,0.035228,-0.153543,0.181033,0.336611
11.891000,4.541000,-0.435876,-0.038150,0.822358,-0.011276,0.082139,-0.000110,0.204466,0.036832,0.087543,0.012705,-0.050122,0.000352,-0.267531,0.000000,0.775935,0.000000,0.000000,0.000000,0.490858,0.000000,0.227415,0.000000,0.000000,0.000000,-0.168345,-0.038150,0.046423,-0.011276,0.082139,-0.000110,-0.286392,0.036832,-0.139872,0.178747,0.320845
11.900000,4.550000,-0.433564,-0.037732,0.822821,-0.011300,0.081615,-0.000100,0.214657,0.038282,0.101011,0.012989,-0.056008,0.000282,-0.257602,0.000000,0.780782,0.000000,0.000000,0.000000,0.502027,0.000000,0.257217,0.000000,0.000000,0.000000,-0.175962,-0.037732,0.042038,-0.011300,0.081615,-0.000100,-0.287370,0.038282,-0.156206,0.184807,0.329313
11.910000,4.560000,-0.431418,-0.037349,0.823831,-0.011169,0.081055,-0.000091,0.223892,0.039556,0.115802,0.029514,-0.053353,0.000261,-0.257602,0.000000,0.780782,0.000000,0.000000,0.000000,0.502027,0.000000,0.257217,0.000000,0.000000,0.000000,-0.173816,-0.037349,0.043049,-0.011169,0.081055,-0.000091,-0.278135,0.039556,-0.141415,0.182921,0.314518
11.920000,4.570000,-0.429889,-0.037079,0.823774,-0.011288,0.080154,-0.000082,0.230392,0.040376,0.127069,0.017041,-0.057398,0.000191,-0.247453,0.000000,0.786220,0.000000,0.000000,0.000000,0.512788,0.000000,0.286404,0.000000,0.000000,0.000000,-0.182436,-0.037079,0.037554,-0.011288,0.080154,-0.000082,-0.282397,0.040376,-0.159335,0.189916,0.326750
11.930000,4.580000,-0.427585,-0.036675,0.825045,-0.011117,0.079580,-0.000073,0.239435,0.041646,0.141548,0.028092,-0.054946,0.000183,-0.247453,0.000000,0.786220,0.000000,0.000000,0.000000,0.512788,0.000000,0.286404,0.000000,0.000000,0.000000,-0.180132,-0.036675,0.038825,-0.011117,0.079580,-0.000073,-0.273353,0.041646,-0.144856,0.187883,0.312153
11.940000,4.590000,-0.426125,-0.036420,0.825374,-0.011179,0.078652,-0.000065,0.245004,0.042327,0.152874,0.013869,-0.058546,0.000112,-0.237093,0.000000,0.792234,0.000000,0.000000,0.000000,0.523131,0.000000,0.314890,0.000000,0.000000,0.000000,-0.189032,-0.036420,0.033140,-0.011179,0.078652,-0.000065,-0.278128,0.042327,-0.162016,0.195340,0.324647
11.951000,4.601000,-0.423321,-0.035931,0.826354,-0.011206,0.078094,-0.000057,0.255080,0.043821,0.165850,0.013796,-0.055821,0.000096,-0.237093,0.000000,0.792234,0.000000,0.000000,0.000000,0.523131,0.000000,0.314890,0.000000,0.000000,0.000000,-0.186228,-0.035931,0.034120,-0.011206,0.078094,-0.000057,-0.268052,0.043821,-0.149040,0.192707,0.309814
11.960000,4.610000,-0.420770,-0.035493,0.828013,-0.011067,0.077536,-0.000050,0.263898,0.045083,0.180431,0.026936,-0.051002,0.000097,-0.226531,0.000000,0.798810,0.000000,0.000000,0.000000,0.533044,0.000000,0.342589,0.000000,0.000000,0.000000,-0.194240,-0.035493,0.029203,-0.011067,0.077536,-0.000050,-0.269147,0.045083,-0.162158,0.199603,0.317439
11.970000,4.620000,-0.418135,-0.035037,0.828899,-0.011258,0.076882,-0.000042,0.272576,0.046366,0.192621,0.018330,-0.050465,0.000074,-0.226531,0.000000,0.798810,0.000000,0.000000,0.000000,0.533044,0.000000,0.342589,0.000000,0.000000,0.000000,-0.191604,-0.035037,0.030089,-0.011258,0.076882,-0.000042,-0.260469,0.046366,-0.149968,0.197091,0.304112
11.980000,4.630000,-0.415409,-0.034574,0.830825,-0.011074,0.076378,-0.000036,0.281279,0.047638,0.207493,0.039677,-0.043798,0.000087,-0.215774,0.000000,0.805932,0.000000,0.000000,0.000000,0.542517,0.000000,0.369418,0.000000,0.000000,0.000000,-0.199635,-0.034574,0.024893,-0.011074,0.076378,-0.000036,-0.261238,0.047638,-0.161925,0.204130,0.311021
11.993000,4.643000,-0.412734,-0.034115,0.831915,-0.011309,0.075756,-0.000032,0.289328,0.048847,0.219266,0.019969,-0.045855,-0.000068,-0.215774,0.000000,0.805932,0.000000,0.000000,0.000000,0.542517,0.000000,0.369418,0.000000,0.000000,0.000000,-0.196960,-0.034115,0.025983,-0.011309,0.075756,-0.000032,-0.253188,0.048847,-0.150153,0.201574,0.298389
12.000000,4.650000,-0.409841,-0.033627,0.834108,-0.011109,0.075298,-0.000027,0.297886,0.050121,0.233912,0.041549,-0.041430,-0.000058,-0.204833,0.000000,0.813580,0.000000,0.000000,0.000000,0.551537,0.000000,0.395297,0.000000,0.000000,0.000000,-0.205008,-0.033627,0.020527,-0.011109,0.075298,-0.000027,-0.253651,0.050121,-0.161385,0.208759,0.304789
12.010000,4.660000,-0.407894,-0.033295,0.835104,-0.011238,0.074525,-0.000023,0.302617,0.050780,0.244357,0.026295,-0.042291,-0.000074,-0.204833,0.000000,0.813580,0.000000,0.000000,0.000000,0.551537,0.000000,0.395297,0.000000,0.000000,0.000000,-0.203061,-0.033295,0.021523,-0.011238,0.074525,-0.000023,-0.248920,0.050780,-0.150940,0.206896,0.295505
12.020000,4.670000,-0.405296,-0.032856,0.836766,-0.011179,0.073975,-0.000019,0.309453,0.051799,0.256443,0.029561,-0.039523,-0.000042,-0.193155,0.000000,0.822157,0.000000,0.000000,0.000000,0.560513,0.000000,0.421361,0.000000,0.000000,0.000000,-0.212141,-0.032856,0.014609,-0.011179,0.073975,-0.000019,-0.251060,0.051799,-0.164919,0.215166,0.304816
12.033000,4.683000,-0.401459,-0.032208,0.839206,-0.011127,0.073761,-0.000015,0.320424,0.053524,0.270315,0.031978,-0.036599,0.000016,-0.182432,0.000000,0.830379,0.000000,0.000000,0.000000,0.568187,0.000000,0.443894,0.000000,0.000000,0.000000,-0.219027,-0.032208,0.008827,-0.011127,0.073761,-0.000015,-0.247763,0.053524,-0.173578,0.221558,0.307215
12.041000,4.691000,-0.397393,-0.031525,0.842171,-0.011033,0.073613,-0.000009,0.331835,0.055307,0.285326,0.036363,-0.034078,0.000109,-0.182432,0.000000,0.830379,0.000000,0.000000,0.000000,0.568187,0.000000,0.443894,0.000000,0.000000,0.000000,-0.214961,-0.031525,0.011792,-0.011033,0.073613,-0.000009,-0.236351,0.055307,-0.158567,0.217580,0.289939
12.050000,4.700000,-0.394074,-0.030971,0.845024,-0.010669,0.073272,-0.000005,0.340104,0.056544,0.299347,0.057615,-0.034632,0.000118,-0.182432,0.000000,0.830379,0.000000,0.000000,0.000000,0.568187,0.000000,0.443894,0.000000,0.000000,0.000000,-0.211642,-0.030971,0.014645,-0.010669,0.073272,-0.000005,-0.228082,0.056544,-0.144547,0.214397,0.275885
12.060000,4.710000,-0.392263,-0.030667,0.846121,-0.010596,0.072453,0.000001,0.342577,0.056820,0.307852,0.041176,-0.035934,0.000157,-0.170416,0.000000,0.839951,0.000000,0.000000,0.000000,0.576164,0.000000,0.467561,0.000000,0.000000,0.000000,-0.221847,-0.030667,0.006170,-0.010596,0.072453,0.000001,-0.233588,0.056820,-0.159709,0.224042,0.288615
12.070000,4.720000,-0.389438,-0.030195,0.848261,-0.010376,0.071922,0.000007,0.348440,0.057646,0.317835,0.033236,-0.041620,0.000153,-0.170416,0.000000,0.839951,0.000000,0.000000,0.000000,0.576164,0.000000,0.467561,0.000000,0.000000,0.000000,-0.219023,-0.030195,0.008310,-0.010376,0.071922,0.000007,-0.227724,0.057646,-0.149726,0.221251,0.278566
12.080000,4.730000,-0.385180,-0.029486,0.851457,-0.010236,0.071730,0.000012,0.359197,0.059270,0.330607,0.030142,-0.045466,0.000062,-0.159404,0.000000,0.849029,0.000000,0.000000,0.000000,0.582919,0.000000,0.487792,0.000000,0.000000,0.000000,-0.225776,-0.029486,0.002428,-0.010236,0.071730,0.000012,-0.223721,0.059270,-0.157186,0.227706,0.279771
12.090000,4.740000,-0.381588,-0.028893,0.854763,-0.009934,0.071275,0.000017,0.367221,0.060413,0.344165,0.052490,-0.044049,0.000024,-0.159404,0.000000,0.849029,0.000000,0.000000,0.000000,0.582919,0.000000,0.487792,0.000000,0.000000,0.000000,-0.222184,-0.028893,0.005734,-0.009934,0.071275,0.000017,-0.215698,0.060413,-0.143627,0.224128,0.266090
12.100000,4.750000,-0.378929,-0.028453,0.856755,-0.009966,0.070515,0.000020,0.371518,0.060951,0.353498,0.035429,-0.044410,-0.000141,-0.147678,0.000000,0.858987,0.000000,0.000000,0.000000,0.589545,0.000000,0.507812,0.000000,0.000000,0.000000,-0.231251,-0.028453,-0.002233,-0.009966,0.070515,0.000020,-0.218027,0.060951,-0.154313,0.233006,0.273977
12.112000,4.762000,-0.374480,-0.027719,0.860311,-0.009948,0.070204,0.000022,0.381953,0.062500,0.365977,0.023816,-0.051779,-0.000322,-0.147678,0.000000,0.858987,0.000000,0.000000,0.000000,0.589545,0.000000,0.507812,0.000000,0.000000,0.000000,-0.226802,-0.027719,0.001323,-0.009948,0.070204,0.000022,-0.207592,0.062500,-0.141835,0.228493,0.259071
12.122000,4.772000,-0.369671,-0.026930,0.864508,-0.009959,0.069930,0.000023,0.393280,0.064191,0.379698,0.034076,-0.053955,-0.000372,-0.134633,0.000000,0.870387,0.000000,0.000000,0.000000,0.596254,0.000000,0.528250,0.000000,0.000000,0.000000,-0.235038,-0.026930,-0.005879,-0.009959,0.069930,0.000023,-0.202974,0.064191,-0.148551,0.236649,0.259589
12.130000,4.780000,-0.365738,-0.026288,0.868305,-0.009618,0.069390,0.000025,0.401002,0.065289,0.391841,0.063882,-0.054246,-0.000297,-0.134633,0.000000,0.870387,0.000000,0.000000,0.000000,0.596254,0.000000,0.528250,0.000000,0.000000,0.000000,-0.231105,-0.026288,-0.002082,-0.009618,0.069390,0.000025,-0.195251,0.065289,-0.136408,0.232605,0.246968
12.140000,4.790000,-0.363649,-0.025947,0.869922,-0.009861,0.068259,0.000025,0.401723,0.065262,0.397291,0.031672,-0.057092,-0.000421,-0.123855,0.000000,0.880036,0.000000,0.000000,0.000000,0.601283,0.000000,0.543687,0.000000,0.000000,0.000000,-0.239795,-0.025947,-0.010115,-0.009861,0.068259,0.000025,-0.199561,0.065262,-0.146395,0.241406,0.255960
12.150000,4.800000,-0.360351,-0.025410,0.872842,-0.009853,0.067460,0.000025,0.406604,0.065927,0.405441,0.015517,-0.062848,-0.000440,-0.123855,0.000000,0.880036,0.000000,0.000000,0.000000,0.601283,0.000000,0.543687,0.000000,0.000000,0.000000,-0.236496,-0.025410,-0.007195,-0.009853,0.067460,0.000025,-0.194679,0.065927,-0.138246,0.237966,0.247706
12.161000,4.811000,-0.355383,-0.024602,0.877204,-0.009924,0.067058,0.000027,0.417240,0.067544,0.417560,0.012670,-0.067939,-0.000444,-0.111777,0.000000,0.891070,0.000000,0.000000,0.000000,0.606382,0.000000,0.559433,0.000000,0.000000,0.000000,-0.243605,-0.024602,-0.013866,-0.009924,0.067058,0.000027,-0.189141,0.067544,-0.141874,0.245237,0.245896
12.170000,4.820000,-0.350101,-0.023745,0.882120,-0.009848,0.066677,0.000029,0.428632,0.069296,0.431449,0.049095,-0.062612,-0.000345,-0.111777,0.000000,0.891070,0.000000,0.000000,0.000000,0.606382,0.000000,0.559433,0.000000,0.000000,0.000000,-0.238323,-0.023745,-0.008950,-0.009848,0.066677,0.000029,-0.177749,0.069296,-0.127985,0.239670,0.229732
12.180000,4.830000,-0.345814,-0.023052,0.886435,-0.010168,0.065943,0.000029,0.435961,0.070410,0.443160,0.032725,-0.064350,-0.000488,-0.099603,0.000000,0.902404,0.000000,0.000000,0.000000,0.610958,0.000000,0.573654,0.000000,0.000000,0.000000,-0.246211,-0.023052,-0.015969,-0.010168,0.065943,0.000029,-0.174997,0.070410,-0.130494,0.247803,0.229369
12.190000,4.840000,-0.343524,-0.022680,0.888391,-0.010118,0.064646,0.000029,0.435634,0.070308,0.445988,0.024602,-0.072124,-0.000641,-0.099603,0.000000,0.902404,0.000000,0.000000,0.000000,0.610958,0.000000,0.573654,0.000000,0.000000,0.000000,-0.243921,-0.022680,-0.014012,-0.010118,0.064646,0.000029,-0.175325,0.070308,-0.127666,0.245373,0.227993
12.200000,4.850000,-0.338637,-0.021889,0.892856,-0.010115,0.064076,0.000028,0.444539,0.071711,0.456041,0.028894,-0.073366,-0.000749,-0.087342,0.000000,0.914006,0.000000,0.000000,0.000000,0.615009,0.000000,0.586306,0.000000,0.000000,0.000000,-0.251295,-0.021889,-0.021150,-0.010115,0.064076,0.000028,-0.170470,0.071711,-0.130264,0.253131,0.226211
12.212000,4.862000,-0.333108,-0.020995,0.898197,-0.010074,0.063636,0.000027,0.455414,0.073443,0.468605,0.046985,-0.067121,-0.000702,-0.087342,0.000000,0.914006,0.000000,0.000000,0.000000,0.615009,0.000000,0.586306,0.000000,0.000000,0.000000,-0.245766,-0.020995,-0.015809,-0.010074,0.063636,0.000027,-0.159595,0.073443,-0.117700,0.247167,0.211466
12.222000,4.872000,-0.328024,-0.020174,0.903112,-0.009952,0.063041,0.000026,0.464217,0.074845,0.479550,0.054125,-0.065945,-0.000706,-0.075006,0.000000,0.925845,0.000000,0.000000,0.000000,0.618528,0.000000,0.597349,0.000000,0.000000,0.000000,-0.253018,-0.020174,-0.022733,-0.009952,0.063041,0.000026,-0.154312,0.074845,-0.117799,0.254837,0.208064
12.230000,4.880000,-0.323382,-0.019425,0.907908,-0.009410,0.062382,0.000025,0.470962,0.075908,0.488296,0.084634,-0.067223,-0.000531,-0.075006,0.000000,0.925845,0.000000,0.000000,0.000000,0.618528,0.000000,0.597349,0.000000,0.000000,0.000000,-0.248376,-0.019425,-0.017937,-0.009410,0.062382,0.000025,-0.147567,0.075908,-0.109053,0.249779,0.198571
12.240000,4.890000,-0.321477,-0.019117,0.909593,-0.009386,0.060853,0.000022,0.467531,0.075327,0.487757,0.054516,-0.072651,-0.000649,-0.061361,0.000000,0.939103,0.000000,0.000000,0.000000,0.621782,0.000000,0.607601,0.000000,0.000000,0.000000,-0.260115,-0.019117,-0.029510,-0.009386,0.060853,0.000022,-0.154251,0.075327,-0.119843,0.262481,0.209356
12.250000,4.900000,-0.317806,-0.018524,0.913167,-0.009081,0.059861,0.000022,0.470363,0.075741,0.491479,0.044101,-0.076254,-0.000604,-0.061361,0.000000,0.939103,0.000000,0.000000,0.000000,0.621782,0.000000,0.607601,0.000000,0.000000,0.000000,-0.256445,-0.018524,-0.025937,-0.009081,0.059861,0.000022,-0.151419,0.075741,-0.116121,0.258418,0.205301
12.260000,4.910000,-0.313615,-0.017848,0.917282,-0.008757,0.058991,0.000022,0.474864,0.076406,0.496669,0.046044,-0.078357,-0.000537,-0.050149,0.000000,0.950104,0.000000,0.000000,0.000000,0.623959,0.000000,0.614484,0.000000,0.000000,0.000000,-0.263466,-0.017848,-0.032822,-0.008757,0.058991,0.000022,-0.149095,0.076406,-0.117816,0.266102,0.204811
12.270000,4.920000,-0.309172,-0.017133,0.921663,-0.008469,0.058144,0.000022,0.480134,0.077174,0.504300,0.060754,-0.068387,-0.000475,-0.050149,0.000000,0.950104,0.000000,0.000000,0.000000,0.623959,0.000000,0.614484,0.000000,0.000000,0.000000,-0.259023,-0.017133,-0.028441,-0.008469,0.058144,0.000022,-0.143826,0.077174,-0.110185,0.261142,0.196932
12.280000,4.930000,-0.304578,-0.016394,0.926225,-0.008231,0.057297,0.000022,0.485667,0.077969,0.512241,0.057790,-0.070263,-0.000497,-0.037650,0.000000,0.962457,0.000000,0.000000,0.000000,0.625865,0.000000,0.620523,0.000000,0.000000,0.000000,-0.266928,-0.016394,-0.036232,-0.008231,0.057297,0.000022,-0.140198,0.077969,-0.108282,0.269874,0.193545
12.290000,4.940000,-0.299882,-0.015639,0.930915,-0.008012,0.056476,0.000022,0.491280,0.078767,0.520348,0.050447,-0.068881,-0.000546,-0.037650,0.000000,0.962457,0.000000,0.000000,0.000000,0.625865,0.000000,0.620523,0.000000,0.000000,0.000000,-0.262232,-0.015639,-0.031542,-0.008012,0.056476,0.000022,-0.134585,0.078767,-0.100175,0.264585,0.185344
12.301000,4.951000,-0.295108,-0.014874,0.935708,-0.007794,0.055699,0.000022,0.496884,0.079552,0.528525,0.049915,-0.065405,-0.000526,-0.025118,0.000000,0.974914,0.000000,0.000000,0.000000,0.627228,0.000000,0.624849,0.000000,0.000000,0.000000,-0.269990,-0.014874,-0.039205,-0.007794,0.055699,0.000022,-0.130343,0.079552,-0.096325,0.273227,0.180544
12.310000,4.960000,-0.290270,-0.014100,0.940594,-0.007583,0.054976,0.000022,0.502339,0.080305,0.534941,0.052652,-0.062602,-0.000414,-0.025118,0.000000,0.974914,0.000000,0.000000,0.000000,0.627228,0.000000,0.624849,0.000000,0.000000,0.000000,-0.265151,-0.014100,-0.034320,-0.007583,0.054976,0.000022,-0.124888,0.080305,-0.089909,0.267735,0.173578
12.323000,4.973000,-0.283679,-0.013047,0.947160,-0.007481,0.054821,0.000023,0.513822,0.082005,0.544967,0.049335,-0.057441,-0.000247,-0.011936,0.000000,0.988067,0.000000,0.000000,0.000000,0.628072,0.000000,0.627535,0.000000,0.000000,0.000000,-0.271743,-0.013047,-0.040907,-0.007481,0.054821,0.000023,-0.114250,0.082005,-0.082568,0.275114,0.163081
12.331000,4.981000,-0.277070,-0.011993,0.953906,-0.007359,0.054690,0.000026,0.524926,0.083637,0.555248,0.049244,-0.050054,-0.000042,-0.011936,0.000000,0.988067,0.000000,0.000000,0.000000,0.628072,0.000000,0.627535,0.000000,0.000000,0.000000,-0.265134,-0.011993,-0.034161,-0.007359,0.054690,0.000026,-0.103146,0.083637,-0.072287,0.267594,0.151194
12.341000,4.991000,-0.271083,-0.011040,0.960001,-0.006895,0.054390,0.000030,0.533325,0.084823,0.563306,0.078521,-0.045236,0.000059,0.001257,0.000000,1.001257,0.000000,0.000000,0.000000,0.628317,0.000000,0.628311,0.000000,0.000000,0.000000,-0.272340,-0.011040,-0.041256,-0.006895,0.054390,0.000030,-0.094992,0.084823,-0.065004,0.275668,0.142982
12.350000,5.000000,-0.265750,-0.010192,0.965634,-0.007040,0.053856,0.000033,0.538877,0.085563,0.567246,0.052873,-0.060745,0.000010,0.001257,0.000000,1.001257,0.000000,0.000000,0.000000,0.628317,0.000000,0.628311,0.000000,0.000000,0.000000,-0.267006,-0.010192,-0.035623,-0.007040,0.053856,0.000033,-0.089439,0.085563,-0.061065,0.269565,0.138019
12.360000,5.010000,-0.263515,-0.009841,0.967781,-0.006755,0.052494,0.000038,0.533029,0.084470,0.560940,0.052561,-0.059748,0.000130,0.012565,0.000000,1.012561,0.000000,0.000000,0.000000,0.628120,0.000000,0.627525,0.000000,0.000000,0.000000,-0.276080,-0.009841,-0.044780,-0.006755,0.052494,0.000038,-0.095091,0.084470,-0.066585,0.279861,0.143565
12.372000,5.022000,-0.257770,-0.008933,0.973513,-0.006611,0.052086,0.000045,0.539853,0.085377,0.563909,0.052628,-0.066286,0.000294,0.012565,0.000000,1.012561,0.000000,0.000000,0.000000,0.628120,0.000000,0.627525,0.000000,0.000000,0.000000,-0.270335,-0.008933,-0.039048,-0.006611,0.052086,0.000045,-0.088267,0.085377,-0.063615,0.273286,0.138301
12.380000,5.030000,-0.252371,-0.008080,0.979152,-0.006085,0.051423,0.000053,0.545104,0.086043,0.566524,0.086173,-0.077552,0.000285,0.025122,0.000000,1.025090,0.000000,0.000000,0.000000,0.627525,0.000000,0.625146,0.000000,0.000000,0.000000,-0.277493,-0.008080,-0.045938,-0.006085,0.051423,0.000053,-0.082421,0.086043,-0.058622,0.281386,0.132790
12.392000,5.042000,-0.247070,-0.007247,0.984338,-0.006180,0.050702,0.000063,0.549821,0.086592,0.568644,0.056069,-0.076530,0.000360,0.025122,0.000000,1.025090,0.000000,0.000000,0.000000,0.627525,0.000000,0.625146,0.000000,0.000000,0.000000,-0.272192,-0.007247,-0.040752,-0.006180,0.050702,0.000063,-0.077704,0.086592,-0.056502,0.275322,0.129339
12.401000,5.051000,-0.240375,-0.006195,0.991100,-0.005972,0.050182,0.000074,0.559323,0.087893,0.575326,0.060476,-0.089146,0.000366,0.037663,0.000000,1.037556,0.000000,0.000000,0.000000,0.626533,0.000000,0.621188,0.000000,0.000000,0.000000,-0.278038,-0.006195,-0.046456,-0.005972,0.050182,0.000074,-0.067211,0.087893,-0.045862,0.281961,0.119774
12.410000,5.060000,-0.234782,-0.005316,0.996853,-0.005703,0.049247,0.000084,0.564395,0.088499,0.578223,0.061373,-0.095555,0.000320,0.037663,0.000000,1.037556,0.000000,0.000000,0.000000,0.626533,0.000000,0.621188,0.000000,0.000000,0.000000,-0.272445,-0.005316,-0.040703,-0.005703,0.049247,0.000084,-0.062139,0.088499,-0.042965,0.275520,0.116358
12.420000,5.070000,-0.232070,-0.004896,0.999491,-0.004960,0.047479,0.000092,0.558835,0.087405,0.571981,0.093224,-0.097933,0.000212,0.050181,0.000000,1.049927,0.000000,0.000000,0.000000,0.625146,0.000000,0.615661,0.000000,0.000000,0.000000,-0.282251,-0.004896,-0.050437,-0.004960,0.047479,0.000092,-0.066311,0.087405,-0.043680,0.286763,0.118088
12.430000,5.080000,-0.227551,-0.004192,1.003983,-0.004962,0.046187,0.000103,0.559742,0.087327,0.569600,0.061472,-0.101227,0.000279,0.050181,0.000000,1.049927,0.000000,0.000000,0.000000,0.625146,0.000000,0.615661,0.000000,0.000000,0.000000,-0.277731,-0.004192,-0.045945,-0.004962,0.046187,0.000103,-0.065404,0.087327,-0.046061,0.281537,0.118428
12.440000,5.090000,-0.220728,-0.003132,1.010673,-0.004759,0.045463,0.000112,0.568814,0.088503,0.573703,0.060482,-0.109958,0.000207,0.063913,0.000000,1.063389,0.000000,0.000000,0.000000,0.623164,0.000000,0.607786,0.000000,0.000000,0.000000,-0.284641,-0.003132,-0.052716,-0.004759,0.045463,0.000112,-0.054350,0.088503,-0.034082,0.289499,0.109308
12.450000,5.100000,-0.213523,-0.002014,1.017785,-0.004534,0.044736,0.000120,0.578919,0.089829,0.580366,0.058458,-0.103175,0.000136,0.063913,0.000000,1.063389,0.000000,0.000000,0.000000,0.623164,0.000000,0.607786,0.000000,0.000000,0.000000,-0.277436,-0.002014,-0.045604,-0.004534,0.044736,0.000120,-0.044245,0.089829,-0.027419,0.281166,0.103820
12.460000,5.110000,-0.206983,-0.001003,1.024199,-0.003978,0.043908,0.000126,0.586141,0.090690,0.584778,0.086609,-0.091192,0.000025,0.075113,0.000000,1.074260,0.000000,0.000000,0.000000,0.621188,0.000000,0.599959,0.000000,0.000000,0.000000,-0.282096,-0.001003,-0.050062,-0.003978,0.043908,0.000126,-0.035047,0.090690,-0.015181,0.286506,0.098405
12.470000,5.120000,-0.201122,-0.000096,1.030047,-0.004078,0.042682,0.000134,0.590452,0.091118,0.585074,0.056313,-0.106777,0.000112,0.075113,0.000000,1.074260,0.000000,0.000000,0.000000,0.621188,0.000000,0.599959,0.000000,0.000000,0.000000,-0.276235,-0.000096,-0.044214,-0.004078,0.042682,0.000134,-0.030736,0.091118,-0.014885,0.279751,0.097308
12.481000,5.131000,-0.197299,0.000485,1.033609,-0.003422,0.041042,0.000140,0.587185,0.090332,0.578723,0.087662,-0.102317,0.000027,0.087512,0.000000,1.086161,0.000000,0.000000,0.000000,0.618620,0.000000,0.589824,0.000000,0.000000,0.000000,-0.284811,0.000485,-0.052552,-0.003422,0.041042,0.000140,-0.031435,0.090332,-0.011101,0.289619,0.096287
12.490000,5.140000,-0.191427,0.001388,1.039396,-0.003553,0.039964,0.000146,0.591187,0.090702,0.578109,0.055537,-0.100607,0.000041,0.087512,0.000000,1.086161,0.000000,0.000000,0.000000,0.618620,0.000000,0.589824,0.000000,0.000000,0.000000,-0.278939,0.001388,-0.046765,-0.003553,0.039964,0.000146,-0.027433,0.090702,-0.011715,0.282835,0.095481
12.500000,5.150000,-0.187940,0.001918,1.042672,-0.003294,0.038273,0.000151,0.586393,0.089699,0.570210,0.053332,-0.097637,-0.000008,0.099855,0.000000,1.097843,0.000000,0.000000,0.000000,0.615661,0.000000,0.578199,0.000000,0.000000,0.000000,-0.287795,0.001918,-0.055172,-0.003294,0.038273,0.000151,-0.029268,0.089699,-0.007989,0.293042,0.094691
12.511000,5.161000,-0.181237,0.002937,1.048982,-0.003204,0.037565,0.000154,0.593216,0.090476,0.570971,0.048816,-0.092359,-0.000072,0.099855,0.000000,1.097843,0.000000,0.000000,0.000000,0.615661,0.000000,0.578199,0.000000,0.000000,0.000000,-0.281092,0.002937,-0.048861,-0.003204,0.037565,0.000154,-0.022445,0.090476,-0.007228,0.285322,0.093499
12.520000,5.170000,-0.173821,0.004065,1.055997,-0.002781,0.037069,0.000157,0.602276,0.091602,0.573800,0.081106,-0.085714,-0.000153,0.112135,0.000000,1.109279,0.000000,0.000000,0.000000,0.612313,0.000000,0.565113,0.000000,0.000000,0.000000,-0.285957,0.004065,-0.053282,-0.002781,0.037069,0.000157,-0.010037,0.091602,0.008687,0.290907,0.092558
12.533000,5.183000,-0.167080,0.005086,1.062305,-0.003030,0.036307,0.000159,0.608491,0.092292,0.574580,0.048899,-0.084989,-0.000149,0.124345,0.000000,1.120438,0.000000,0.000000,0.000000,0.608579,0.000000,0.550600,0.000000,0.000000,0.000000,-0.291425,0.005086,-0.058133,-0.003030,0.036307,0.000159,-0.000087,0.092292,0.023980,0.297211,0.095356
12.542000,5.192000,-0.160777,0.006037,1.068150,-0.002914,0.035493,0.000161,0.612814,0.092694,0.573979,0.049694,-0.079438,-0.000226,0.124345,0.000000,1.120438,0.000000,0.000000,0.000000,0.608579,0.000000,0.550600,0.000000,0.000000,0.000000,-0.285122,0.006037,-0.052288,-0.002914,0.035493,0.000161,0.004235,0.092694,0.023379,0.289940,0.095691
12.550000,5.200000,-0.154649,0.006964,1.073890,-0.002417,0.034698,0.000161,0.616197,0.092972,0.571139,0.086523,-0.079570,-0.000269,0.124345,0.000000,1.120438,0.000000,0.000000,0.000000,0.608579,0.000000,0.550600,0.000000,0.000000,0.000000,-0.278994,0.006964,-0.046549,-0.002417,0.034698,0.000161,0.007618,0.092972,0.020539,0.282936,0.095518
12.560000,5.210000,-0.152522,0.007278,1.075749,-0.002500,0.032724,0.000161,0.605027,0.091035,0.557113,0.052109,-0.083802,-0.000244,0.136476,0.000000,1.131294,0.000000,0.000000,0.000000,0.604460,0.000000,0.534696,0.000000,0.000000,0.000000,-0.288998,0.007278,-0.055545,-0.002500,0.032724,0.000161,0.000567,0.091035,0.022418,0.294377,0.093756
12.571000,5.221000,-0.146157,0.008229,1.081416,-0.002413,0.032046,0.000162,0.609335,0.091438,0.553338,0.035773,-0.087965,-0.000213,0.136476,0.000000,1.131294,0.000000,0.000000,0.000000,0.604460,0.000000,0.534696,0.000000,0.000000,0.000000,-0.282633,0.008229,-0.049877,-0.002413,0.032046,0.000162,0.004875,0.091438,0.018642,0.287118,0.093446
12.583000,5.233000,-0.138648,0.009353,1.088118,-0.002354,0.031608,0.000161,0.617562,0.092433,0.554040,0.054956,-0.078642,-0.000344,0.148521,0.000000,1.141817,0.000000,0.000000,0.000000,0.599959,0.000000,0.517441,0.000000,0.000000,0.000000,-0.287169,0.009353,-0.053699,-0.002354,0.031608,0.000161,0.017603,0.092433,0.036599,0.292296,0.100961
12.590000,5.240000,-0.132473,0.010277,1.093659,-0.001804,0.030822,0.000159,0.620577,0.092658,0.551307,0.096749,-0.071748,-0.000372,0.148521,0.000000,1.141817,0.000000,0.000000,0.000000,0.599959,0.000000,0.517441,0.000000,0.000000,0.000000,-0.280994,0.010277,-0.048159,-0.001804,0.030822,0.000159,0.020618,0.092658,0.033866,0.285276,0.100785
12.600000,5.250000,-0.129410,0.010729,1.096269,-0.002052,0.029003,0.000155,0.612240,0.091176,0.540134,0.052726,-0.080484,-0.000543,0.160472,0.000000,1.151983,0.000000,0.000000,0.000000,0.595079,0.000000,0.498879,0.000000,0.000000,0.000000,-0.289881,0.010729,-0.055713,-0.002052,0.029003,0.000155,0.017161,0.091176,0.041255,0.295382,0.101536
12.610000,5.260000,-0.124425,0.011467,1.100566,-0.001955,0.027843,0.000150,0.610929,0.090761,0.532455,0.026523,-0.091468,-0.000699,0.160472,0.000000,1.151983,0.000000,0.000000,0.000000,0.595079,0.000000,0.498879,0.000000,0.000000,0.000000,-0.284897,0.011467,-0.051416,-0.001955,0.027843,0.000150,0.015850,0.090761,0.033576,0.289726,0.098062
12.620000,5.270000,-0.118889,0.012287,1.105290,-0.001869,0.026852,0.000142,0.611550,0.090640,0.526241,0.024049,-0.092129,-0.000942,0.172321,0.000000,1.161764,0.000000,0.000000,0.000000,0.589824,0.000000,0.479057,0.000000,0.000000,0.000000,-0.291210,0.012287,-0.056474,-0.001869,0.026852,0.000142,0.021726,0.090640,0.047184,0.296890,0.104470
12.630000,5.280000,-0.113105,0.013142,1.110171,-0.001868,0.025907,0.000132,0.612966,0.090645,0.521252,0.047255,-0.075332,-0.001112,0.172321,0.000000,1.161764,0.000000,0.000000,0.000000,0.589824,0.000000,0.479057,0.000000,0.000000,0.000000,-0.285427,0.013142,-0.051593,-0.001868,0.025907,0.000132,0.023142,0.090645,0.042195,0.290350,0.102628
12.640000,5.290000,-0.107194,0.014014,1.115108,-0.001986,0.024957,0.000119,0.614704,0.090716,0.516575,0.038791,-0.077450,-0.001346,0.184062,0.000000,1.171137,0.000000,0.000000,0.000000,0.584196,0.000000,0.458024,0.000000,0.000000,0.000000,-0.291256,0.014014,-0.056029,-0.001986,0.024957,0.000119,0.030508,0.090716,0.058551,0.296927,0.112198
12.650000,5.300000,-0.099126,0.015201,1.121723,-0.002283,0.024666,0.000102,0.624157,0.091962,0.517096,0.022428,-0.079628,-0.001597,0.184062,0.000000,1.171137,0.000000,0.000000,0.000000,0.584196,0.000000,0.458024,0.000000,0.000000,0.000000,-0.283188,0.015201,-0.049414,-0.002283,0.024666,0.000102,0.039961,0.091962,0.059071,0.287869,0.116376
12.660000,5.310000,-0.092884,0.016121,1.126894,-0.002059,0.023870,0.000088,0.626485,0.092178,0.513368,0.059594,-0.069239,-0.001387,0.195687,0.000000,1.180077,0.000000,0.000000,0.000000,0.578199,0.000000,0.435835,0.000000,0.000000,0.000000,-0.288571,0.016121,-0.053183,-0.002059,0.023870,0.000088,0.048287,0.092178,0.077533,0.293874,0.129768
12.670000,5.320000,-0.088188,0.016809,1.130637,-0.002532,0.022580,0.000069,0.623083,0.091577,0.503676,0.037571,-0.076199,-0.001502,0.195687,0.000000,1.180077,0.000000,0.000000,0.000000,0.578199,0.000000,0.435835,0.000000,0.000000,0.000000,-0.283875,0.016809,-0.049441,-0.002532,0.022580,0.000069,0.044884,0.091577,0.067840,0.288638,0.122487
12.682000,5.332000,-0.080603,0.017922,1.136594,-0.002756,0.022293,0.000055,0.630194,0.092561,0.500737,0.042377,-0.068970,-0.001197,0.207759,0.000000,1.188975,0.000000,0.000000,0.000000,0.571509,0.000000,0.411353,0.000000,0.000000,0.000000,-0.288363,0.017922,-0.052381,-0.002756,0.022293,0.000055,0.058685,0.092561,0.089384,0.293629,0.141425
12.691000,5.341000,-0.074301,0.018848,1.141601,-0.002333,0.021603,0.000045,0.632246,0.092815,0.494688,0.088169,-0.061144,-0.000846,0.207759,0.000000,1.188975,0.000000,0.000000,0.000000,0.571509,0.000000,0.411353,0.000000,0.000000,0.000000,-0.282061,0.018848,-0.047374,-0.002333,0.021603,0.000045,0.060737,0.092815,0.083336,0.286632,0.138739
12.703000,5.353000,-0.067851,0.019794,1.146452,-0.002682,0.021019,0.000038,0.634805,0.093158,0.488361,0.055143,-0.058104,-0.000520,0.218558,0.000000,1.196572,0.000000,0.000000,0.000000,0.565113,0.000000,0.388213,0.000000,0.000000,0.000000,-0.286409,0.019794,-0.050120,-0.002682,0.021019,0.000038,0.069692,0.093158,0.100148,0.291434,0.153509
12.710000,5.360000,-0.061503,0.020725,1.151336,-0.002130,0.020438,0.000034,0.636680,0.093397,0.479474,0.080331,-0.061203,-0.000321,0.218558,0.000000,1.196572,0.000000,0.000000,0.000000,0.565113,0.000000,0.388213,0.000000,0.000000,0.000000,-0.280061,0.020725,-0.045237,-0.002130,0.020438,0.000034,0.071567,0.093397,0.091261,0.284447,0.148908
12.720000,5.370000,-0.057298,0.021342,1.154374,-0.002115,0.019273,0.000032,0.630776,0.092488,0.465471,0.049440,-0.063100,-0.000169,0.230348,0.000000,1.204447,0.000000,0.000000,0.000000,0.557669,0.000000,0.361609,0.000000,0.000000,0.000000,-0.287645,0.021342,-0.050073,-0.002115,0.019273,0.000032,0.073107,0.092488,0.103862,0.292750,0.157117
12.730000,5.380000,-0.051848,0.022141,1.158302,-0.001859,0.018489,0.000031,0.629496,0.092244,0.455136,0.055771,-0.065203,-0.000123,0.230348,0.000000,1.204447,0.000000,0.000000,0.000000,0.557669,0.000000,0.361609,0.000000,0.000000,0.000000,-0.282196,0.022141,-0.046146,-0.001859,0.018489,0.000031,0.071826,0.092244,0.093526,0.286800,0.149717
12.740000,5.390000,-0.043961,0.023296,1.163873,-0.001754,0.018385,0.000032,0.637056,0.093285,0.449904,0.051542,-0.069383,0.000017,0.240877,0.000000,1.211082,0.000000,0.000000,0.000000,0.550600,0.000000,0.336670,0.000000,0.000000,0.000000,-0.284838,0.023296,-0.047209,-0.001754,0.018385,0.000032,0.086456,0.093285,0.113234,0.289662,0.170290
12.750000,5.400000,-0.037590,0.024229,1.168372,-0.001238,0.017691,0.000034,0.638723,0.093444,0.442444,0.091132,-0.067325,0.000043,0.240877,0.000000,1.211082,0.000000,0.000000,0.000000,0.550600,0.000000,0.336670,0.000000,0.000000,0.000000,-0.278467,0.024229,-0.042710,-0.001238,0.017691,0.000034,0.088123,0.093444,0.105774,0.282763,0.166390
12.763000,5.413000,-0.030970,0.025197,1.172807,-0.001486,0.017070,0.000035,0.641282,0.093738,0.435017,0.056799,-0.070547,0.000009,0.251812,0.000000,1.217546,0.000000,0.000000,0.000000,0.542819,0.000000,0.309590,0.000000,0.000000,0.000000,-0.282781,0.025197,-0.044739,-0.001486,0.017070,0.000035,0.098463,0.093738,0.125427,0.287405,0.184970
12.771000,5.421000,-0.023090,0.026349,1.178060,-0.001391,0.016733,0.000035,0.648174,0.094659,0.428893,0.043275,-0.081177,-0.000109,0.251812,0.000000,1.217546,0.000000,0.000000,0.000000,0.542819,0.000000,0.309590,0.000000,0.000000,0.000000,-0.274902,0.026349,-0.039485,-0.001391,0.016733,0.000035,0.105355,0.094659,0.119303,0.278970,0.185184
12.780000,5.430000,-0.015944,0.027392,1.182683,-0.001313,0.016114,0.000035,0.652105,0.095143,0.421095,0.038198,-0.086257,-0.000204,0.262587,0.000000,1.223460,0.000000,0.000000,0.000000,0.534696,0.000000,0.281727,0.000000,0.000000,0.000000,-0.278532,0.027392,-0.040777,-0.001313,0.016114,0.000035,0.117409,0.095143,0.139367,0.282830,0.205573
12.790000,5.440000,-0.009423,0.028343,1.186894,-0.000931,0.015252,0.000034,0.653522,0.095258,0.410922,0.086428,-0.093135,-0.000185,0.262587,0.000000,1.223460,0.000000,0.000000,0.000000,0.534696,0.000000,0.281727,0.000000,0.000000,0.000000,-0.272011,0.028343,-0.036566,-0.000931,0.015252,0.000034,0.118826,0.095258,0.129194,0.275917,0.199712
12.800000,5.450000,-0.006915,0.028707,1.188301,-0.001114,0.013300,0.000033,0.640437,0.093273,0.392895,0.057699,-0.094854,-0.000202,0.273197,0.000000,1.228810,0.000000,0.000000,0.000000,0.526234,0.000000,0.253154,0.000000,0.000000,0.000000,-0.280112,0.028707,-0.040510,-0.001114,0.013300,0.000033,0.114202,0.093273,0.139741,0.284479,0.203149
12.810000,5.460000,-0.001929,0.029433,1.191243,-0.001016,0.012001,0.000033,0.636574,0.092642,0.379030,0.040708,-0.101588,-0.000115,0.273197,0.000000,1.228810,0.000000,0.000000,0.000000,0.526234,0.000000,0.253154,0.000000,0.000000,0.000000,-0.275126,0.029433,-0.037567,-0.001016,0.012001,0.000033,0.110339,0.092642,0.125877,0.279234,0.191317
12.820000,5.470000,0.005735,0.030548,1.195648,-0.000982,0.011416,0.000034,0.642440,0.093432,0.369833,0.042261,-0.109597,-0.000019,0.283634,0.000000,1.233582,0.000000,0.000000,0.000000,0.517441,0.000000,0.223940,0.000000,0.000000,0.000000,-0.277900,0.030548,-0.037934,-0.000982,0.011416,0.000034,0.124999,0.093432,0.145892,0.282136,0.213633
12.830000,5.480000,0.012159,0.031482,1.199346,-0.000877,0.010299,0.000035,0.643452,0.093522,0.360441,0.061809,-0.101002,0.000055,0.283634,0.000000,1.233582,0.000000,0.000000,0.000000,0.517441,0.000000,0.223940,0.000000,0.000000,0.000000,-0.271476,0.031482,-0.034236,-0.000877,0.010299,0.000035,0.126012,0.093522,0.136501,0.275431,0.207985
12.840000,5.490000,0.016771,0.032152,1.201811,-0.000715,0.008606,0.000037,0.637861,0.092656,0.347727,0.062363,-0.109996,0.000079,0.293893,0.000000,1.237764,0.000000,0.000000,0.000000,0.508320,0.000000,0.194161,0.000000,0.000000,0.000000,-0.277121,0.032152,-0.035953,-0.000715,0.008606,0.000037,0.129541,0.092656,0.153566,0.281287,0.221243
12.850000,5.500000,0.022405,0.032971,1.204790,-0.000068,0.007349,0.000039,0.636018,0.092340,0.335943,0.103387,-0.104535,0.000069,0.293893,0.000000,1.237764,0.000000,0.000000,0.000000,0.508320,0.000000,0.194161,0.000000,0.000000,0.000000,-0.271487,0.032971,-0.032974,-0.000068,0.007349,0.000039,0.127697,0.092340,0.141782,0.275463,0.211980
12.865000,5.515000,0.030451,0.034139,1.208886,-0.000311,0.006621,0.000039,0.642884,0.093288,0.327889,0.046239,-0.106356,-0.000069,0.304464,0.000000,1.241509,0.000000,0.000000,0.000000,0.498398,0.000000,0.162367,0.000000,0.000000,0.000000,-0.274013,0.034139,-0.032622,-0.000311,0.006621,0.000039,0.144486,0.093288,0.165523,0.278052,0.238698
12.870000,5.520000,0.036879,0.035072,1.212165,0.000151,0.005558,0.000039,0.643466,0.093316,0.317682,0.066978,-0.092823,-0.000092,0.304464,0.000000,1.241509,0.000000,0.000000,0.000000,0.498398,0.000000,0.162367,0.000000,0.000000,0.000000,-0.267584,0.035072,-0.029343,0.000151,0.005558,0.000039,0.145068,0.093316,0.155316,0.271463,0.232111
12.880000,5.530000,0.041598,0.035756,1.214358,0.000354,0.003844,0.000040,0.637819,0.092432,0.304604,0.053433,-0.101584,0.000043,0.313846,0.000000,1.244317,0.000000,0.000000,0.000000,0.489122,0.000000,0.133208,0.000000,0.000000,0.000000,-0.272248,0.035756,-0.029959,0.000354,0.003844,0.000040,0.148697,0.092432,0.171396,0.276216,0.245012
12.890000,5.540000,0.049309,0.036873,1.217859,0.000505,0.003228,0.000046,0.643088,0.093120,0.291831,0.063539,-0.104266,0.000448,0.313846,0.000000,1.244317,0.000000,0.000000,0.000000,0.489122,0.000000,0.133208,0.000000,0.000000,0.000000,-0.264537,0.036873,-0.026458,0.000505,0.003228,0.000046,0.153965,0.093120,0.158623,0.268402,0.239871
12.900000,5.550000,0.057431,0.038049,1.221427,0.001068,0.002687,0.000050,0.649550,0.093973,0.279648,0.101783,-0.102201,0.000472,0.323528,0.000000,1.246671,0.000000,0.000000,0.000000,0.479057,0.000000,0.102188,0.000000,0.000000,0.000000,-0.266097,0.038049,-0.025244,0.001068,0.002687,0.000050,0.170493,0.093973,0.177460,0.269986,0.263422
12.910000,5.560000,0.063927,0.038989,1.224224,0.000836,0.001725,0.000058,0.649785,0.093920,0.268273,0.060334,-0.089943,0.000590,0.323528,0.000000,1.246671,0.000000,0.000000,0.000000,0.479057,0.000000,0.102188,0.000000,0.000000,0.000000,-0.259601,0.038989,-0.022448,0.000836,0.001725,0.000058,0.170728,0.093920,0.166085,0.263470,0.256034
12.920000,5.570000,0.067243,0.039467,1.225399,0.001097,-0.000079,0.000065,0.638537,0.092203,0.252508,0.059088,-0.085667,0.000639,0.333006,0.000000,1.248403,0.000000,0.000000,0.000000,0.468689,0.000000,0.070910,0.000000,0.000000,0.000000,-0.265763,0.039467,-0.023004,0.001097,-0.000079,0.000065,0.169849,0.092203,0.181599,0.269661,0.265194
12.930000,5.580000,0.072467,0.040221,1.227341,0.001306,-0.001251,0.000072,0.634438,0.091519,0.238888,0.063078,-0.092199,0.000563,0.333006,0.000000,1.248403,0.000000,0.000000,0.000000,0.468689,0.000000,0.070910,0.000000,0.000000,0.000000,-0.260539,0.040221,-0.021061,0.001306,-0.001251,0.000072,0.165750,0.091519,0.167978,0.264465,0.253111
12.940000,5.590000,0.078221,0.041050,1.229402,0.001527,-0.002225,0.000078,0.632295,0.091114,0.226004,0.066466,-0.089682,0.000510,0.342274,0.000000,1.249507,0.000000,0.000000,0.000000,0.458024,0.000000,0.039452,0.000000,0.000000,0.000000,-0.264053,0.041050,-0.020105,0.001527,-0.002225,0.000078,0.174271,0.091114,0.186552,0.267980,0.271060
12.950000,5.600000,0.084196,0.041911,1.231439,0.001786,-0.003132,0.000084,0.630953,0.090820,0.210958,0.067786,-0.080405,0.000467,0.342274,0.000000,1.249507,0.000000,0.000000,0.000000,0.458024,0.000000,0.039452,0.000000,0.000000,0.000000,-0.258078,0.041911,-0.018068,0.001786,-0.003132,0.000084,0.172928,0.090820,0.171506,0.262082,0.259936
12.960000,5.610000,0.090272,0.042785,1.233374,0.002097,-0.004022,0.000088,0.629950,0.090563,0.196052,0.072958,-0.081131,0.000422,0.351325,0.000000,1.249980,0.000000,0.000000,0.000000,0.447071,0.000000,0.007895,0.000000,0.000000,0.000000,-0.261053,0.042785,-0.016606,0.002097,-0.004022,0.000088,0.182879,0.090563,0.188156,0.265057,0.277577
12.970000,5.620000,0.096393,0.043664,1.235191,0.002457,-0.004896,0.000092,0.629060,0.090302,0.184480,0.075482,-0.081467,0.000378,0.351325,0.000000,1.249980,0.000000,0.000000,0.000000,0.447071,0.000000,0.007895,0.000000,0.000000,0.000000,-0.254932,0.043664,-0.014789,0.002457,-0.004896,0.000092,0.181989,0.090302,0.176584,0.259066,0.269177
12.980000,5.630000,0.102532,0.044545,1.236912,0.002861,-0.005747,0.000095,0.628189,0.090021,0.172964,0.079661,-0.080126,0.000307,0.360155,0.000000,1.249822,0.000000,0.000000,0.000000,0.435835,0.000000,-0.023681,0.000000,0.000000,0.000000,-0.257622,0.044545,-0.012910,0.002861,-0.005747,0.000095,0.192353,0.090021,0.196646,0.261764,0.289436
12.990000,5.640000,0.110809,0.045729,1.239034,0.003209,-0.005929,0.000097,0.635089,0.090811,0.162865,0.078201,-0.077813,0.000241,0.360155,0.000000,1.249822,0.000000,0.000000,0.000000,0.435835,0.000000,-0.023681,0.000000,0.000000,0.000000,-0.249345,0.045729,-0.010789,0.003209,-0.005929,0.000097,0.199254,0.090811,0.186546,0.253734,0.287660
13.000000,5.650000,0.117160,0.046637,1.240662,0.003652,-0.006742,0.000098,0.634574,0.090535,0.151615,0.079261,-0.074770,0.000164,0.368757,0.000000,1.249033,0.000000,0.000000,0.000000,0.424324,0.000000,-0.055199,0.000000,0.000000,0.000000,-0.251597,0.046637,-0.008371,0.003652,-0.006742,0.000098,0.210250,0.090535,0.206814,0.256019,0.308502
13.010000,5.660000,0.121899,0.047311,1.241610,0.004126,-0.007916,0.000097,0.628272,0.089394,0.137827,0.075179,-0.079275,0.000081,0.368757,0.000000,1.249033,0.000000,0.000000,0.000000,0.424324,0.000000,-0.055199,0.000000,0.000000,0.000000,-0.246857,0.047311,-0.007423,0.004126,-0.007916,0.000097,0.203948,0.089394,0.193026,0.251460,0.294695
13.020000,5.670000,0.127508,0.048107,1.242689,0.004899,-0.008842,0.000094,0.625254,0.088696,0.124826,0.105917,-0.081798,-0.000017,0.377126,0.000000,1.247615,0.000000,0.000000,0.000000,0.412545,0.000000,-0.086576,0.000000,0.000000,0.000000,-0.249618,0.048107,-0.004926,0.004899,-0.008842,0.000094,0.212709,0.088696,0.211402,0.254259,0.312734
13.030000,5.680000,0.133379,0.048938,1.243716,0.004991,-0.009627,0.000092,0.623221,0.088114,0.111744,0.072125,-0.075882,-0.000026,0.377126,0.000000,1.247615,0.000000,0.000000,0.000000,0.412545,0.000000,-0.086576,0.000000,0.000000,0.000000,-0.243747,0.048938,-0.003899,0.004991,-0.009627,0.000092,0.210676,0.088114,0.198320,0.248641,0.302456
13.040000,5.690000,0.139357,0.049781,1.244644,0.005342,-0.010423,0.000088,0.621580,0.087565,0.098751,0.068836,-0.077586,-0.000105,0.385257,0.000000,1.245572,0.000000,0.000000,0.000000,0.400505,0.000000,-0.117735,0.000000,0.000000,0.000000,-0.245899,0.049781,-0.000928,0.005342,-0.010423,0.000088,0.221074,0.087565,0.216486,0.250889,0.321571
13.050000,5.700000,0.145379,0.050626,1.245455,0.005667,-0.011224,0.000083,0.620089,0.087015,0.085624,0.064563,-0.080185,-0.000138,0.385257,0.000000,1.245572,0.000000,0.000000,0.000000,0.400505,0.000000,-0.117735,0.000000,0.000000,0.000000,-0.239877,0.050626,-0.000117,0.005667,-0.011224,0.000083,0.219584,0.087015,0.203359,0.245162,0.311679
13.063000,5.713000,0.153510,0.051763,1.246325,0.005868,-0.011413,0.000077,0.626287,0.087514,0.073054,0.060620,-0.082479,-0.000181,0.393144,0.000000,1.242908,0.000000,0.000000,0.000000,0.388213,0.000000,-0.148597,0.000000,0.000000,0.000000,-0.239634,0.051763,0.003417,0.005868,-0.011413,0.000077,0.238075,0.087514,0.221651,0.245185,0.336849
13.070000,5.720000,0.159773,0.052638,1.247055,0.006111,-0.012266,0.000070,0.625313,0.087016,0.060258,0.058395,-0.084356,-0.000176,0.393144,0.000000,1.242908,0.000000,0.000000,0.000000,0.388213,0.000000,-0.148597,0.000000,0.000000,0.000000,-0.233371,0.052638,0.004147,0.006111,-0.012266,0.000070,0.237101,0.087016,0.208854,0.239270,0.327733
13.080000,5.730000,0.164421,0.053279,1.247238,0.006369,-0.013547,0.000063,0.618549,0.085683,0.046234,0.054254,-0.086663,-0.000188,0.400783,0.000000,1.239630,0.000000,0.000000,0.000000,0.375675,0.000000,-0.179083,0.000000,0.000000,0.000000,-0.236362,0.053279,0.007608,0.006369,-0.013547,0.000063,0.242874,0.085683,0.225316,0.242412,0.342194
13.090000,5.740000,0.171905,0.054309,1.247469,0.006437,-0.014014,0.000056,0.622229,0.085794,0.032426,0.050569,-0.097052,-0.000135,0.400783,0.000000,1.239630,0.000000,0.000000,0.000000,0.375675,0.000000,-0.179083,0.000000,0.000000,0.000000,-0.228878,0.054309,0.007838,0.006437,-0.014014,0.000056,0.246555,0.085794,0.211509,0.235364,0.335985
13.101000,5.751000,0.179748,0.055386,1.247656,0.006876,-0.014502,0.000049,0.626975,0.086053,0.018892,0.084613,-0.102902,-0.000114,0.408170,0.000000,1.235748,0.000000,0.000000,0.000000,0.362900,0.000000,-0.209117,0.000000,0.000000,0.000000,-0.228422,0.055386,0.011909,0.006876,-0.014502,0.000049,0.264075,0.086053,0.228009,0.235342,0.359345
13.112000,5.762000,0.186774,0.056346,1.247598,0.006629,-0.015234,0.000042,0.628518,0.085865,0.005164,0.052463,-0.101309,-0.000015,0.408170,0.000000,1.235748,0.000000,0.000000,0.000000,0.362900,0.000000,-0.209117,0.000000,0.000000,0.000000,-0.221395,0.056346,0.011851,0.006629,-0.015234,0.000042,0.265619,0.085865,0.214281,0.228760,0.351913
13.120000,5.770000,0.193059,0.057204,1.247650,0.006734,-0.016278,0.000036,0.627221,0.085306,-0.007839,0.052353,-0.106874,0.000053,0.415298,0.000000,1.231269,0.000000,0.000000,0.000000,0.349895,0.000000,-0.238622,0.000000,0.000000,0.000000,-0.222239,0.057204,0.016381,0.006734,-0.016278,0.000036,0.277326,0.085306,0.230783,0.230067,0.370740
13.130000,5.780000,0.195498,0.057526,1.247179,0.007008,-0.018421,0.000030,0.612107,0.082838,-0.021938,0.053736,-0.120055,0.000087,0.415298,0.000000,1.231269,0.000000,0.000000,0.000000,0.349895,0.000000,-0.238622,0.000000,0.000000,0.000000,-0.219800,0.057526,0.015909,0.007008,-0.018421,0.000030,0.262212,0.082838,0.216684,0.227760,0.350099
13.140000,5.790000,0.200257,0.058165,1.246720,0.007208,-0.019924,0.000023,0.605721,0.081575,-0.035596,0.055869,-0.127563,0.000144,0.422164,0.000000,1.226207,0.000000,0.000000,0.000000,0.336670,0.000000,-0.267525,0.000000,0.000000,0.000000,-0.221907,0.058165,0.020513,0.007208,-0.019924,0.000023,0.269051,0.081575,0.231929,0.230319,0.364464
13.150000,5.800000,0.205629,0.058884,1.246150,0.007410,-0.021326,0.000017,0.601646,0.080630,-0.049109,0.055847,-0.120677,0.000190,0.422164,0.000000,1.226207,0.000000,0.000000,0.000000,0.336670,0.000000,-0.267525,0.000000,0.000000,0.000000,-0.216535,0.058884,0.019943,0.007410,-0.021326,0.000017,0.264976,0.080630,0.218416,0.225283,0.352731
13.160000,5.810000,0.211248,0.059634,1.245449,0.007632,-0.022732,0.000010,0.598488,0.079812,-0.062612,0.058601,-0.127977,0.000275,0.428763,0.000000,1.220573,0.000000,0.000000,0.000000,0.323232,0.000000,-0.295752,0.000000,0.000000,0.000000,-0.217515,0.059634,0.024876,0.007632,-0.022732,0.000010,0.275256,0.079812,0.233140,0.226909,0.369446
13.172000,5.822000,0.218962,0.060658,1.244254,0.007788,-0.023556,0.000005,0.602946,0.080001,-0.077025,0.057883,-0.126908,0.000384,0.428763,0.000000,1.220573,0.000000,0.000000,0.000000,0.323232,0.000000,-0.295752,0.000000,0.000000,0.000000,-0.209801,0.060658,0.023681,0.007788,-0.023556,0.000005,0.279714,0.080001,0.218727,0.219674,0.363980
13.181000,5.831000,0.226683,0.061679,1.243000,0.008000,-0.024408,-0.000000,0.607119,0.080143,-0.090838,0.059874,-0.125143,0.000457,0.435092,0.000000,1.214382,0.000000,0.000000,0.000000,0.309590,0.000000,-0.323232,0.000000,0.000000,0.000000,-0.208409,0.061679,0.028618,0.008000,-0.024408,-0.000000,0.297530,0.080143,0.232394,0.219220,0.385946
13.190000,5.840000,0.232754,0.062481,1.242092,0.008598,-0.025659,-0.000006,0.605027,0.079458,-0.103226,0.090709,-0.115776,0.000384,0.435092,0.000000,1.214382,0.000000,0.000000,0.000000,0.309590,0.000000,-0.323232,0.000000,0.000000,0.000000,-0.202337,0.062481,0.027710,0.008598,-0.025659,-0.000006,0.295437,0.079458,0.220006,0.213570,0.376828
13.200000,5.850000,0.237500,0.063094,1.240615,0.008562,-0.027294,-0.000008,0.598215,0.078115,-0.116912,0.058611,-0.116996,0.000539,0.441146,0.000000,1.207649,0.000000,0.000000,0.000000,0.295752,0.000000,-0.349895,0.000000,0.000000,0.000000,-0.203646,0.063094,0.032966,0.008562,-0.027294,-0.000008,0.302463,0.078115,0.232983,0.215729,0.389702
13.210000,5.860000,0.243482,0.063875,1.239446,0.009148,-0.028464,-0.000013,0.595871,0.077379,-0.129149,0.074007,-0.116545,0.000469,0.441146,0.000000,1.207649,0.000000,0.000000,0.000000,0.295752,0.000000,-0.349895,0.000000,0.000000,0.000000,-0.197664,0.063875,0.031797,0.009148,-0.028464,-0.000013,0.300119,0.077379,0.220746,0.210148,0.380510
13.220000,5.870000,0.248741,0.064549,1.237638,0.009072,-0.029773,-0.000019,0.591017,0.076282,-0.142894,0.035670,-0.116826,0.000326,0.446921,0.000000,1.200392,0.000000,0.000000,0.000000,0.281727,0.000000,-0.375675,0.000000,0.000000,0.000000,-0.198179,0.064549,0.037247,0.009072,-0.029773,-0.000019,0.309290,0.076282,0.232781,0.211728,0.394545
13.246000,5.896000,0.254651,0.065311,1.236209,0.009013,-0.030913,-0.000030,0.588460,0.075506,-0.155137,0.012249,-0.113684,-0.000095,0.452414,0.000000,1.192628,0.000000,0.000000,0.000000,0.267525,0.000000,-0.400505,0.000000,0.000000,0.000000,-0.197762,0.065311,0.043581,0.009013,-0.030913,-0.000030,0.320935,0.075506,0.245368,0.212779,0.410982
13.253000,5.903000,0.265362,0.066674,1.232500,0.008664,-0.030687,-0.000041,0.603178,0.076934,-0.173472,0.006278,-0.108830,-0.000269,0.457621,0.000000,1.184378,0.000000,0.000000,0.000000,0.253154,0.000000,-0.424324,0.000000,0.000000,0.000000,-0.192258,0.066674,0.048122,0.008664,-0.030687,-0.000041,0.350025,0.076934,0.250852,0.209104,0.437451
13.260000,5.910000,0.271394,0.067443,1.230765,0.008727,-0.031775,-0.000054,0.600652,0.076221,-0.189277,0.027923,-0.108868,-0.000378,0.457621,0.000000,1.184378,0.000000,0.000000,0.000000,0.253154,0.000000,-0.424324,0.000000,0.000000,0.000000,-0.186227,0.067443,0.046387,0.008727,-0.031775,-0.000054,0.347499,0.076221,0.235047,0.203422,0.426394
13.270000,5.920000,0.275121,0.067905,1.228799,0.008273,-0.033575,-0.000065,0.589758,0.074427,-0.201904,0.030004,-0.126556,-0.000193,0.457621,0.000000,1.184378,0.000000,0.000000,0.000000,0.253154,0.000000,-0.424324,0.000000,0.000000,0.000000,-0.182499,0.067905,0.044421,0.008273,-0.033575,-0.000065,0.336605,0.074427,0.222420,0.199725,0.410260
13.280000,5.930000,0.281856,0.068744,1.225675,0.007878,-0.034536,-0.000075,0.589866,0.074087,-0.217527,0.026399,-0.133132,0.000078,0.462539,0.000000,1.175662,0.000000,0.000000,0.000000,0.238622,0.000000,-0.447071,0.000000,0.000000,0.000000,-0.180683,0.068744,0.050013,0.007878,-0.034536,-0.000075,0.351244,0.074087,0.229545,0.199683,0.426089
13.290000,5.940000,0.287754,0.069484,1.223500,0.007749,-0.035880,-0.000079,0.586880,0.073408,-0.229188,0.032964,-0.136281,0.000670,0.462539,0.000000,1.175662,0.000000,0.000000,0.000000,0.238622,0.000000,-0.447071,0.000000,0.000000,0.000000,-0.174784,0.069484,0.047837,0.007749,-0.035880,-0.000079,0.348257,0.073408,0.217883,0.194077,0.417307
13.300000,5.950000,0.293205,0.070153,1.220287,0.007759,-0.037453,-0.000081,0.582238,0.072522,-0.243535,0.046715,-0.144947,0.001038,0.467164,0.000000,1.166503,0.000000,0.000000,0.000000,0.223940,0.000000,-0.468689,0.000000,0.000000,0.000000,-0.173959,0.070153,0.053784,0.007759,-0.037453,-0.000081,0.358298,0.072522,0.225153,0.195131,0.429337
13.310000,5.960000,0.300089,0.071005,1.216844,0.007865,-0.038675,-0.000080,0.582788,0.072314,-0.257288,0.061937,-0.151109,0.001068,0.467164,0.000000,1.166503,0.000000,0.000000,0.000000,0.223940,0.000000,-0.468689,0.000000,0.000000,0.000000,-0.167076,0.071005,0.050341,0.007865,-0.038675,-0.000080,0.358847,0.072314,0.211401,0.188389,0.422719
13.321000,5.971000,0.306238,0.071762,1.213496,0.008150,-0.040164,-0.000079,0.580533,0.071756,-0.270360,0.076961,-0.156233,0.001177,0.471495,0.000000,1.156923,0.000000,0.000000,0.000000,0.209117,0.000000,-0.489122,0.000000,0.000000,0.000000,-0.165257,0.071762,0.056574,0.008150,-0.040164,-0.000079,0.371416,0.071756,0.218763,0.188839,0.436985
13.330000,5.980000,0.311926,0.072459,1.210191,0.008580,-0.041815,-0.000078,0.576497,0.070961,-0.281689,0.077451,-0.155910,0.001166,0.471495,0.000000,1.156923,0.000000,0.000000,0.000000,0.209117,0.000000,-0.489122,0.000000,0.000000,0.000000,-0.159569,0.072459,0.053268,0.008580,-0.041815,-0.000078,0.367380,0.070961,0.207433,0.183167,0.427823
13.340000,5.990000,0.317691,0.073168,1.207374,0.009354,-0.043374,-0.000080,0.572792,0.070202,-0.291255,0.109639,-0.153244,0.000986,0.475528,0.000000,1.146946,0.000000,0.000000,0.000000,0.194161,0.000000,-0.508320,0.000000,0.000000,0.000000,-0.157837,0.073168,0.060427,0.009354,-0.043374,-0.000080,0.378631,0.070202,0.217065,0.184167,0.442049
13.351000,6.001000,0.320402,0.073488,1.204661,0.009687,-0.045884,-0.000078,0.558033,0.068034,-0.299459,0.078470,-0.155251,0.001192,0.475528,0.000000,1.146946,0.000000,0.000000,0.000000,0.194161,0.000000,-0.508320,0.000000,0.000000,0.000000,-0.155126,0.073488,0.057715,0.009687,-0.045884,-0.000078,0.363872,0.068034,0.208862,0.181095,0.425034
13.360000,6.010000,0.325983,0.074168,1.201667,0.010472,-0.047436,-0.000081,0.553932,0.067169,-0.308251,0.102346,-0.150129,0.000987,0.479261,0.000000,1.136599,0.000000,0.000000,0.000000,0.179083,0.000000,-0.526234,0.000000,0.000000,0.000000,-0.153278,0.074168,0.065068,0.010472,-0.047436,-0.000081,0.374849,0.067169,0.217983,0.182288,0.438794
13.370000,6.020000,0.328852,0.074508,1.199210,0.010908,-0.049817,-0.000081,0.540104,0.065080,-0.315454,0.078474,-0.143613,0.001169,0.479261,0.000000,1.136599,0.000000,0.000000,0.000000,0.179083,0.000000,-0.526234,0.000000,0.000000,0.000000,-0.150408,0.074508,0.062611,0.010908,-0.049817,-0.000081,0.361021,0.065080,0.210780,0.179149,0.423084
13.381000,6.031000,0.334657,0.075199,1.194810,0.011388,-0.051187,-0.000084,0.537204,0.064285,-0.328514,0.068836,-0.129733,0.001164,0.482691,0.000000,1.125906,0.000000,0.000000,0.000000,0.163892,0.000000,-0.542819,0.000000,0.000000,0.000000,-0.148034,0.075199,0.068904,0.011388,-0.051187,-0.000084,0.373312,0.064285,0.214305,0.179769,0.435226
13.390000,6.040000,0.340029,0.075842,1.191525,0.012076,-0.052484,-0.000087,0.532661,0.063276,-0.337951,0.083982,-0.108204,0.000948,0.482691,0.000000,1.125906,0.000000,0.000000,0.000000,0.163892,0.000000,-0.542819,0.000000,0.000000,0.000000,-0.142662,0.075842,0.065619,0.012076,-0.052484,-0.000087,0.368769,0.063276,0.204868,0.174385,0.426574
13.400000,6.050000,0.343475,0.076243,1.188480,0.012382,-0.054483,-0.000088,0.521247,0.061410,-0.346421,0.060869,-0.113524,0.001098,0.486258,0.000000,1.113218,0.000000,0.000000,0.000000,0.146294,0.000000,-0.560194,0.000000,0.000000,0.000000,-0.142783,0.076243,0.075262,0.012382,-0.054483,-0.000088,0.374953,0.061410,0.213773,0.178506,0.435958
13.412000,6.062000,0.349398,0.076933,1.183540,0.012683,-0.055440,-0.000090,0.519037,0.060614,-0.359273,0.047156,-0.111059,0.001097,0.486258,0.000000,1.113218,0.000000,0.000000,0.000000,0.146294,0.000000,-0.560194,0.000000,0.000000,0.000000,-0.136860,0.076933,0.070322,0.012683,-0.055440,-0.000090,0.372743,0.060614,0.200921,0.172031,0.427762
13.420000,6.070000,0.355769,0.077672,1.178510,0.012811,-0.056075,-0.000092,0.518405,0.059982,-0.372051,0.029793,-0.090209,0.000854,0.488767,0.000000,1.103022,0.000000,0.000000,0.000000,0.132436,0.000000,-0.572489,0.000000,0.000000,0.000000,-0.132998,0.077672,0.075488,0.012811,-0.056075,-0.000092,0.385969,0.059982,0.200438,0.171522,0.439028
13.430000,6.080000,0.360953,0.078272,1.174790,0.013109,-0.056977,-0.000095,0.513355,0.058829,-0.380191,0.053203,-0.075401,0.000638,0.488767,0.000000,1.103022,0.000000,0.000000,0.000000,0.132436,0.000000,-0.572489,0.000000,0.000000,0.000000,-0.127814,0.078272,0.071768,0.013109,-0.056977,-0.000095,0.380919,0.058829,0.192298,0.166173,0.430742
13.440000,6.090000,0.363314,0.078531,1.172095,0.012945,-0.058579,-0.000099,0.498277,0.056511,-0.385116,0.026057,-0.066826,0.000428,0.491144,0.000000,1.092031,0.000000,0.000000,0.000000,0.117735,0.000000,-0.584196,0.000000,0.000000,0.000000,-0.127829,0.078531,0.080064,0.012945,-0.058579,-0.000099,0.380542,0.056511,0.199080,0.170052,0.433173
13.452000,6.102000,0.368632,0.079125,1.166953,0.012767,-0.059041,-0.000105,0.494279,0.055493,-0.395668,0.010441,-0.064327,0.000148,0.491144,0.000000,1.092031,0.000000,0.000000,0.000000,0.117735,0.000000,-0.584196,0.000000,0.000000,0.000000,-0.122512,0.079125,0.074922,0.012767,-0.059041,-0.000105,0.376544,0.055493,0.188528,0.163961,0.424744
13.460000,6.110000,0.374637,0.079794,1.161512,0.012536,-0.059244,-0.000112,0.492808,0.054775,-0.406825,0.002950,-0.054301,-0.000147,0.493343,0.000000,1.080236,0.000000,0.000000,0.000000,0.102188,0.000000,-0.595079,0.000000,0.000000,0.000000,-0.118706,0.079794,0.081276,0.012536,-0.059244,-0.000112,0.390620,0.054775,0.188255,0.164512,0.437063
13.470000,6.120000,0.379565,0.080342,1.157444,0.012566,-0.059787,-0.000120,0.487537,0.053662,-0.416069,0.040733,-0.057985,-0.000121,0.493343,0.000000,1.080236,0.000000,0.000000,0.000000,0.102188,0.000000,-0.595079,0.000000,0.000000,0.000000,-0.113778,0.080342,0.077208,0.012566,-0.059787,-0.000120,0.385349,0.053662,0.179011,0.159253,0.428274
13.480000,6.130000,0.381765,0.080574,1.154586,0.012091,-0.060986,-0.000128,0.472643,0.051499,-0.421527,0.017371,-0.055393,-0.000111,0.495231,0.000000,1.068238,0.000000,0.000000,0.000000,0.086576,0.000000,-0.604460,0.000000,0.000000,0.000000,-0.113466,0.080574,0.086348,0.012091,-0.060986,-0.000128,0.386067,0.051499,0.182933,0.163776,0.430307
13.490000,6.140000,0.385469,0.080972,1.150617,0.011885,-0.061739,-0.000135,0.463367,0.049981,-0.425884,0.007017,-0.055111,0.000020,0.495231,0.000000,1.068238,0.000000,0.000000,0.000000,0.086576,0.000000,-0.604460,0.000000,0.000000,0.000000,-0.109761,0.080972,0.082379,0.011885,-0.061739,-0.000135,0.376791,0.049981,0.178575,0.159344,0.419950
13.502000,6.152000,0.390950,0.081559,1.144617,0.011672,-0.061955,-0.000140,0.460856,0.049238,-0.436050,0.010712,-0.058755,0.000176,0.496806,0.000000,1.056068,0.000000,0.000000,0.000000,0.070910,0.000000,-0.612313,0.000000,0.000000,0.000000,-0.105856,0.081559,0.088549,0.011672,-0.061955,-0.000140,0.389946,0.049238,0.176263,0.160306,0.430756
13.510000,6.160000,0.395559,0.082051,1.140256,0.011779,-0.062543,-0.000146,0.454940,0.048126,-0.438800,0.050309,-0.045767,0.000253,0.496806,0.000000,1.056068,0.000000,0.000000,0.000000,0.070910,0.000000,-0.612313,0.000000,0.000000,0.000000,-0.101247,0.082051,0.084188,0.011779,-0.062543,-0.000146,0.384031,0.048126,0.173513,0.155148,0.424149
13.520000,6.170000,0.399985,0.082514,1.134696,0.011352,-0.063172,-0.000150,0.448676,0.047005,-0.444973,0.030387,-0.047768,0.000321,0.498067,0.000000,1.043756,0.000000,0.000000,0.000000,0.055199,0.000000,-0.618620,0.000000,0.000000,0.000000,-0.098082,0.082514,0.090941,0.011352,-0.063172,-0.000150,0.393478,0.047005,0.173647,0.157158,0.432652
13.532000,6.182000,0.405377,0.083077,1.128681,0.011263,-0.063472,-0.000155,0.446295,0.046333,-0.456888,0.019560,-0.066574,0.000218,0.498067,0.000000,1.043756,0.000000,0.000000,0.000000,0.055199,0.000000,-0.618620,0.000000,0.000000,0.000000,-0.092689,0.083077,0.084926,0.011263,-0.063472,-0.000155,0.391096,0.046333,0.161732,0.150683,0.425747
13.540000,6.190000,0.409840,0.083540,1.124112,0.011459,-0.064138,-0.000160,0.440524,0.045311,-0.464202,0.040301,-0.074866,0.000245,0.499052,0.000000,1.030710,0.000000,0.000000,0.000000,0.038664,0.000000,-0.623560,0.000000,0.000000,0.000000,-0.089212,0.083540,0.093403,0.011459,-0.064138,-0.000160,0.401860,0.045311,0.159358,0.153824,0.434671
13.550000,6.200000,0.411770,0.083733,1.121063,0.011429,-0.065270,-0.000167,0.425590,0.043316,-0.462727,0.043307,-0.054216,0.000038,0.499052,0.000000,1.030710,0.000000,0.000000,0.000000,0.038664,0.000000,-0.623560,0.000000,0.000000,0.000000,-0.087282,0.083733,0.090354,0.011429,-0.065270,-0.000167,0.386926,0.043316,0.160833,0.150974,0.421254
13.560000,6.210000,0.415097,0.084069,1.116778,0.011549,-0.066054,-0.000175,0.416135,0.041899,-0.464894,0.049374,-0.054492,-0.000048,0.499668,0.000000,1.018205,0.000000,0.000000,0.000000,0.022892,0.000000,-0.626650,0.000000,0.000000,0.000000,-0.084571,0.084069,0.098573,0.011549,-0.066054,-0.000175,0.393242,0.041899,0.161757,0.154714,0.427271
13.571000,6.221000,0.420035,0.084564,1.110277,0.011758,-0.066296,-0.000182,0.412890,0.041105,-0.474018,0.049541,-0.051682,0.000004,0.499668,0.000000,1.018205,0.000000,0.000000,0.000000,0.022892,0.000000,-0.626650,0.000000,0.000000,0.000000,-0.079633,0.084564,0.092072,0.011758,-0.066296,-0.000182,0.389997,0.041105,0.152632,0.148221,0.420813
13.580000,6.230000,0.425182,0.085075,1.103729,0.012105,-0.066500,-0.000187,0.410411,0.040361,-0.483058,0.061435,-0.048432,0.000194,0.499961,0.000000,1.006283,0.000000,0.000000,0.000000,0.007895,0.000000,-0.628120,0.000000,0.000000,0.000000,-0.074778,0.085075,0.097446,0.012105,-0.066500,-0.000187,0.402515,0.040361,0.145062,0.149416,0.429756
13.592000,6.242000,0.429711,0.085517,1.097680,0.012510,-0.066849,-0.000191,0.405675,0.039350,-0.489421,0.062307,-0.046476,0.000375,0.499961,0.000000,0.993717,0.000000,0.000000,0.000000,-0.007895,0.000000,-0.628120,0.000000,0.000000,0.000000,-0.070249,0.085517,0.103962,0.012510,-0.066849,-0.000191,0.413570,0.039350,0.138699,0.151843,0.437980
13.600000,6.250000,0.433768,0.085911,1.092785,0.013133,-0.067314,-0.000193,0.399293,0.038159,-0.492201,0.081558,-0.042300,0.000494,0.499961,0.000000,0.993717,0.000000,0.000000,0.000000,-0.007895,0.000000,-0.628120,0.000000,0.000000,0.000000,-0.066193,0.085911,0.099068,0.013133,-0.067314,-0.000193,0.407188,0.038159,0.135920,0.146889,0.430967
13.610000,6.260000,0.435187,0.086038,1.090033,0.013435,-0.068497,-0.000195,0.383536,0.035999,-0.486654,0.056363,-0.049659,0.000440,0.499961,0.000000,0.993717,0.000000,0.000000,0.000000,-0.007895,0.000000,-0.628120,0.000000,0.000000,0.000000,-0.064773,0.086038,0.096315,0.013435,-0.068497,-0.000195,0.391432,0.035999,0.141466,0.144481,0.417765
13.620000,6.270000,0.438093,0.086306,1.085673,0.013873,-0.069153,-0.000196,0.373608,0.034378,-0.485944,0.055458,-0.048077,0.000564,0.499645,0.000000,0.981168,0.000000,0.000000,0.000000,-0.023681,0.000000,-0.626533,0.000000,0.000000,0.000000,-0.061552,0.086306,0.104505,0.013873,-0.069153,-0.000196,0.397290,0.034378,0.140589,0.148857,0.422831
13.630000,6.280000,0.441350,0.086602,1.080813,0.014265,-0.069685,-0.000196,0.365323,0.032890,-0.487863,0.050586,-0.040282,0.000593,0.499645,0.000000,0.981168,0.000000,0.000000,0.000000,-0.023681,0.000000,-0.626533,0.000000,0.000000,0.000000,-0.058295,0.086602,0.099644,0.014265,-0.069685,-0.000196,0.389005,0.032890,0.138670,0.144316,0.414290
13.640000,6.290000,0.444717,0.086902,1.075698,0.014595,-0.070165,-0.000196,0.357685,0.031435,-0.490472,0.044964,-0.040000,0.000647,0.499013,0.000000,0.968667,0.000000,0.000000,0.000000,-0.039452,0.000000,-0.623364,0.000000,0.000000,0.000000,-0.054296,0.086902,0.107032,0.014595,-0.070165,-0.000196,0.397137,0.031435,0.132892,0.148175,0.419960
13.651000,6.301000,0.449271,0.087299,1.068455,0.014775,-0.070203,-0.000194,0.354685,0.030363,-0.499447,0.033218,-0.036699,0.000708,0.499013,0.000000,0.968667,0.000000,0.000000,0.000000,-0.039452,0.000000,-0.623364,0.000000,0.000000,0.000000,-0.049742,0.087299,0.099789,0.014775,-0.070203,-0.000194,0.394137,0.030363,0.123917,0.141609,0.414272
13.660000,6.310000,0.453775,0.087681,1.061458,0.014873,-0.070259,-0.000192,0.351510,0.029245,-0.507480,0.023016,-0.031243,0.000770,0.498011,0.000000,0.955626,0.000000,0.000000,0.000000,-0.055985,0.000000,-0.618342,0.000000,0.000000,0.000000,-0.044237,0.087681,0.105832,0.014873,-0.070259,-0.000192,0.407495,0.029245,0.110862,0.144379,0.423317
13.670000,6.320000,0.457290,0.087974,1.056383,0.015103,-0.070571,-0.000189,0.344624,0.027791,-0.507751,0.037913,-0.028980,0.000709,0.498011,0.000000,0.955626,0.000000,0.000000,0.000000,-0.055985,0.000000,-0.618342,0.000000,0.000000,0.000000,-0.040721,0.087974,0.100757,0.015103,-0.070571,-0.000189,0.400609,0.027791,0.110590,0.139820,0.416522
13.680000,6.330000,0.458988,0.088099,1.052881,0.015026,-0.071374,-0.000185,0.331486,0.025796,-0.503438,0.021531,-0.031294,0.000750,0.496734,0.000000,0.943320,0.000000,0.000000,0.000000,-0.071694,0.000000,-0.611957,0.000000,0.000000,0.000000,-0.037747,0.088099,0.109561,0.015026,-0.071374,-0.000185,0.403181,0.025796,0.108519,0.145567,0.418326
13.690000,6.340000,0.461653,0.088299,1.048150,0.015032,-0.071808,-0.000181,0.322144,0.024118,-0.501360,0.013692,-0.035509,0.000726,0.496734,0.000000,0.943320,0.000000,0.000000,0.000000,-0.071694,0.000000,-0.611957,0.000000,0.000000,0.000000,-0.035082,0.088299,0.104830,0.015032,-0.071808,-0.000181,0.393838,0.024118,0.110597,0.141481,0.409782
13.700000,6.350000,0.464535,0.088511,1.043035,0.015002,-0.072143,-0.000178,0.313880,0.022537,-0.500465,0.009756,-0.034967,0.000671,0.495231,0.000000,0.931762,0.000000,0.000000,0.000000,-0.086576,0.000000,-0.604460,0.000000,0.000000,0.000000,-0.030696,0.088511,0.111273,0.015002,-0.072143,-0.000178,0.400456,0.022537,0.103995,0.145458,0.414352
13.710000,6.360000,0.467468,0.088718,1.037736,0.014927,-0.072459,-0.000176,0.306131,0.021016,-0.501001,0.014504,-0.028267,0.000583,0.495231,0.000000,0.931762,0.000000,0.000000,0.000000,-0.086576,0.000000,-0.604460,0.000000,0.000000,0.000000,-0.027762,0.088718,0.105974,0.014927,-0.072459,-0.000176,0.392707,0.021016,0.103459,0.140969,0.406650
13.720000,6.370000,0.470390,0.088916,1.032333,0.014816,-0.072780,-0.000177,0.298586,0.019525,-0.501830,0.011768,-0.029882,0.000410,0.493343,0.000000,0.919764,0.000000,0.000000,0.000000,-0.102188,0.000000,-0.595079,0.000000,0.000000,0.000000,-0.022953,0.088916,0.112569,0.014816,-0.072780,-0.000177,0.400774,0.019525,0.093250,0.145275,0.411943
13.730000,6.380000,0.473269,0.089103,1.026875,0.014703,-0.073094,-0.000179,0.291093,0.018050,-0.502286,0.009910,-0.031273,0.000248,0.493343,0.000000,0.919764,0.000000,0.000000,0.000000,-0.102188,0.000000,-0.595079,0.000000,0.000000,0.000000,-0.020074,0.089103,0.107111,0.014703,-0.073094,-0.000179,0.393281,0.018050,0.092793,0.140766,0.404483
13.744000,6.394000,0.477070,0.089338,1.019315,0.014583,-0.073055,-0.000183,0.287201,0.016817,-0.507959,0.013129,-0.028422,0.000119,0.490666,0.000000,0.905637,0.000000,0.000000,0.000000,-0.120836,0.000000,-0.581841,0.000000,0.000000,0.000000,-0.013597,0.089338,0.113678,0.014583,-0.073055,-0.000183,0.408037,0.016817,0.073882,0.145220,0.415013
13.752000,6.402000,0.480743,0.089551,1.012154,0.014541,-0.073074,-0.000187,0.282895,0.015544,-0.512335,0.018635,-0.025233,0.000019,0.490666,0.000000,0.905637,0.000000,0.000000,0.000000,-0.120836,0.000000,-0.581841,0.000000,0.000000,0.000000,-0.009924,0.089551,0.106517,0.014541,-0.073074,-0.000187,0.403731,0.015544,0.069506,0.139512,0.409965
13.760000,6.410000,0.483572,0.089706,1.007031,0.014728,-0.073326,-0.000191,0.275584,0.014093,-0.510571,0.038545,-0.021216,0.000065,0.488634,0.000000,0.896406,0.000000,0.000000,0.000000,-0.133208,0.000000,-0.571836,0.000000,0.000000,0.000000,-0.005063,0.089706,0.110625,0.014728,-0.073326,-0.000191,0.408792,0.014093,0.061265,0.142515,0.413597
13.770000,6.420000,0.484938,0.089765,1.003473,0.014583,-0.073956,-0.000195,0.263111,0.012324,-0.501513,0.019483,-0.031558,0.000080,0.488634,0.000000,0.896406,0.000000,0.000000,0.000000,-0.133208,0.000000,-0.571836,0.000000,0.000000,0.000000,-0.003696,0.089765,0.107067,0.014583,-0.073956,-0.000195,0.396319,0.012324,0.070323,0.139767,0.402698
13.780000,6.430000,0.487058,0.089859,0.998733,0.014648,-0.074291,-0.000199,0.253759,0.010741,-0.496168,0.023720,-0.031051,0.000104,0.485816,0.000000,0.885105,0.000000,0.000000,0.000000,-0.148597,0.000000,-0.558033,0.000000,0.000000,0.000000,0.001243,0.089859,0.113628,0.014648,-0.074291,-0.000199,0.402355,0.010741,0.061865,0.144871,0.407225
13.790000,6.440000,0.490137,0.089986,0.991657,0.014748,-0.074320,-0.000202,0.248301,0.009345,-0.498379,0.026685,-0.026847,0.000176,0.485816,0.000000,0.885105,0.000000,0.000000,0.000000,-0.148597,0.000000,-0.558033,0.000000,0.000000,0.000000,0.004322,0.089986,0.106552,0.014748,-0.074320,-0.000202,0.396897,0.009345,0.059653,0.139533,0.401464
13.800000,6.450000,0.492620,0.090080,0.986674,0.015015,-0.074588,-0.000205,0.240700,0.007841,-0.494415,0.040292,-0.024860,0.000275,0.482691,0.000000,0.874094,0.000000,0.000000,0.000000,-0.163892,0.000000,-0.542819,0.000000,0.000000,0.000000,0.009930,0.090080,0.112579,0.015015,-0.074588,-0.000205,0.404592,0.007841,0.048404,0.144523,0.407552
13.810000,6.460000,0.494305,0.090128,0.982267,0.015074,-0.075076,-0.000207,0.230470,0.006214,-0.487861,0.026546,-0.030757,0.000328,0.482691,0.000000,0.874094,0.000000,0.000000,0.000000,-0.163892,0.000000,-0.542819,0.000000,0.000000,0.000000,0.011614,0.090128,0.108172,0.015074,-0.075076,-0.000207,0.394361,0.006214,0.054958,0.141277,0.398221
13.821000,6.471000,0.497041,0.090199,0.975362,0.015231,-0.075162,-0.000207,0.224449,0.004715,-0.488792,0.026973,-0.031033,0.000481,0.479261,0.000000,0.863401,0.000000,0.000000,0.000000,-0.179083,0.000000,-0.526234,0.000000,0.000000,0.000000,0.017780,0.090199,0.111961,0.015231,-0.075162,-0.000207,0.403532,0.004715,0.037443,0.144869,0.405293
13.830000,6.480000,0.499851,0.090255,0.968551,0.015389,-0.075273,-0.000207,0.218822,0.003189,-0.489505,0.023410,-0.036930,0.000556,0.479261,0.000000,0.863401,0.000000,0.000000,0.000000,-0.179083,0.000000,-0.526234,0.000000,0.000000,0.000000,0.020591,0.090255,0.105150,0.015389,-0.075273,-0.000207,0.397905,0.003189,0.036729,0.140095,0.399609
13.840000,6.490000,0.502040,0.090287,0.963656,0.015623,-0.075642,-0.000207,0.211050,0.001605,-0.484559,0.029817,-0.042455,0.000599,0.475528,0.000000,0.853054,0.000000,0.000000,0.000000,-0.194161,0.000000,-0.508320,0.000000,0.000000,0.000000,0.026511,0.090287,0.110603,0.015623,-0.075642,-0.000207,0.405211,0.001605,0.023761,0.145216,0.405910
13.851000,6.501000,0.503563,0.090281,0.958626,0.015646,-0.076032,-0.000207,0.201113,-0.000087,-0.477943,0.018153,-0.033292,0.000534,0.475528,0.000000,0.853054,0.000000,0.000000,0.000000,-0.194161,0.000000,-0.508320,0.000000,0.000000,0.000000,0.028035,0.090281,0.105572,0.015646,-0.076032,-0.000207,0.395274,-0.000087,0.030377,0.141711,0.396440
13.860000,6.510000,0.505574,0.090280,0.953846,0.015827,-0.076365,-0.000207,0.193094,-0.001733,-0.470792,0.023707,-0.031215,0.000519,0.471495,0.000000,0.843077,0.000000,0.000000,0.000000,-0.209117,0.000000,-0.489122,0.000000,0.000000,0.000000,0.034079,0.090280,0.110769,0.015827,-0.076365,-0.000207,0.402210,-0.001733,0.018330,0.146907,0.402632
13.871000,6.521000,0.507198,0.090248,0.948438,0.015787,-0.076742,-0.000206,0.184070,-0.003419,-0.465529,0.011903,-0.032732,0.000560,0.471495,0.000000,0.843077,0.000000,0.000000,0.000000,-0.209117,0.000000,-0.489122,0.000000,0.000000,0.000000,0.035703,0.090248,0.105361,0.015787,-0.076742,-0.000206,0.393187,-0.003419,0.023593,0.143249,0.393909
13.880000,6.530000,0.509039,0.090214,0.943783,0.015906,-0.077069,-0.000206,0.175964,-0.005081,-0.458230,0.017435,-0.029873,0.000549,0.467164,0.000000,0.833497,0.000000,0.000000,0.000000,-0.223940,0.000000,-0.468689,0.000000,0.000000,0.000000,0.041874,0.090214,0.110286,0.015906,-0.077069,-0.000206,0.399905,-0.005081,0.010458,0.148509,0.400074
13.890000,6.540000,0.510083,0.090169,0.940076,0.015835,-0.077562,-0.000205,0.165307,-0.006716,-0.448123,0.008383,-0.028408,0.000560,0.467164,0.000000,0.833497,0.000000,0.000000,0.000000,-0.223940,0.000000,-0.468689,0.000000,0.000000,0.000000,0.042919,0.090169,0.106579,0.015835,-0.077562,-0.000205,0.389247,-0.006716,0.020566,0.146053,0.389848
13.900000,6.550000,0.511465,0.090106,0.935620,0.015813,-0.077884,-0.000204,0.156204,-0.008357,-0.440492,0.005964,-0.025454,0.000554,0.462539,0.000000,0.824338,0.000000,0.000000,0.000000,-0.238622,0.000000,-0.447071,0.000000,0.000000,0.000000,0.048926,0.090106,0.111283,0.015813,-0.077884,-0.000204,0.394826,-0.008357,0.006579,0.151317,0.394969
13.912000,6.562000,0.513404,0.090001,0.929097,0.015764,-0.077919,-0.000202,0.149527,-0.010069,-0.439635,0.002776,-0.018391,0.000530,0.457621,0.000000,0.815622,0.000000,0.000000,0.000000,-0.253154,0.000000,-0.424324,0.000000,0.000000,0.000000,0.055783,0.090001,0.113475,0.015764,-0.077919,-0.000202,0.402681,-0.010069,-0.015311,0.155205,0.403097
13.922000,6.572000,0.515302,0.089872,0.922834,0.015716,-0.077931,-0.000199,0.142757,-0.011835,-0.436798,0.002274,-0.014806,0.000512,0.457621,0.000000,0.815622,0.000000,0.000000,0.000000,-0.253154,0.000000,-0.424324,0.000000,0.000000,0.000000,0.057681,0.089872,0.107212,0.015716,-0.077931,-0.000199,0.395911,-0.011835,-0.012474,0.151322,0.396284
13.930000,6.580000,0.516729,0.089754,0.918466,0.015739,-0.078080,-0.000196,0.134444,-0.013506,-0.428462,0.008950,-0.012593,0.000498,0.457621,0.000000,0.815622,0.000000,0.000000,0.000000,-0.253154,0.000000,-0.424324,0.000000,0.000000,0.000000,0.059109,0.089754,0.102844,0.015739,-0.078080,-0.000196,0.387598,-0.013506,-0.004137,0.148750,0.387855
13.940000,6.590000,0.517356,0.089670,0.915388,0.015591,-0.078355,-0.000193,0.123606,-0.014974,-0.416613,0.001868,-0.009959,0.000495,0.452414,0.000000,0.807372,0.000000,0.000000,0.000000,-0.267525,0.000000,-0.400505,0.000000,0.000000,0.000000,0.064943,0.089670,0.108016,0.015591,-0.078355,-0.000193,0.391131,-0.014974,-0.016108,0.154679,0.391748
13.950000,6.600000,0.518344,0.089541,0.911331,0.015524,-0.078461,-0.000189,0.114352,-0.016557,-0.406910,-0.002396,-0.009119,0.000486,0.452414,0.000000,0.807372,0.000000,0.000000,0.000000,-0.267525,0.000000,-0.400505,0.000000,0.000000,0.000000,0.065930,0.089541,0.103959,0.015524,-0.078461,-0.000189,0.381877,-0.016557,-0.006405,0.152223,0.382290
13.960000,6.610000,0.519747,0.089338,0.905289,0.015470,-0.078351,-0.000185,0.107003,-0.018336,-0.403290,-0.002715,-0.006645,0.000460,0.446921,0.000000,0.799608,0.000000,0.000000,0.000000,-0.281727,0.000000,-0.375675,0.000000,0.000000,0.000000,0.072826,0.089338,0.105680,0.015470,-0.078351,-0.000185,0.388731,-0.018336,-0.027616,0.156376,0.390142
13.972000,6.622000,0.521105,0.089106,0.899492,0.015405,-0.078265,-0.000181,0.099745,-0.020151,-0.399811,-0.000606,-0.002819,0.000409,0.441146,0.000000,0.792351,0.000000,0.000000,0.000000,-0.295752,0.000000,-0.349895,0.000000,0.000000,0.000000,0.079960,0.089106,0.107141,0.015405,-0.078265,-0.000181,0.395497,-0.020151,-0.049915,0.160663,0.399143
13.980000,6.630000,0.522103,0.088904,0.895493,0.015399,-0.078293,-0.000177,0.091369,-0.021794,-0.391134,0.005433,-0.001495,0.000399,0.441146,0.000000,0.792351,0.000000,0.000000,0.000000,-0.295752,0.000000,-0.349895,0.000000,0.000000,0.000000,0.080957,0.088904,0.103142,0.015399,-0.078293,-0.000177,0.387121,-0.021794,-0.041239,0.158418,0.389921
13.992000,6.642000,0.522748,0.088721,0.891126,0.015244,-0.078302,-0.000174,0.082003,-0.023312,-0.381640,-0.003188,-0.004282,0.000362,0.441146,0.000000,0.792351,0.000000,0.000000,0.000000,-0.295752,0.000000,-0.349895,0.000000,0.000000,0.000000,0.081602,0.088721,0.098775,0.015244,-0.078302,-0.000174,0.377755,-0.023312,-0.031744,0.155842,0.379803
14.000000,6.650000,0.523568,0.088488,0.887310,0.015211,-0.078345,-0.000171,0.073455,-0.024971,-0.370817,0.000226,-0.006751,0.000366,0.435092,0.000000,0.785618,0.000000,0.000000,0.000000,-0.309590,0.000000,-0.323232,0.000000,0.000000,0.000000,0.088476,0.088488,0.101691,0.015211,-0.078345,-0.000171,0.383045,-0.024971,-0.047585,0.161243,0.386796
14.010000,6.660000,0.523964,0.088326,0.884243,0.015093,-0.078392,-0.000168,0.063738,-0.026301,-0.357841,-0.002367,-0.003193,0.000354,0.435092,0.000000,0.785618,0.000000,0.000000,0.000000,-0.309590,0.000000,-0.323232,0.000000,0.000000,0.000000,0.088872,0.088326,0.098624,0.015093,-0.078392,-0.000168,0.373328,-0.026301,-0.034609,0.159457,0.375850
14.020000,6.670000,0.524487,0.088100,0.880580,0.015026,-0.078406,-0.000165,0.054824,-0.027802,-0.346978,-0.001572,-0.003796,0.000357,0.428763,0.000000,0.779427,0.000000,0.000000,0.000000,-0.323232,0.000000,-0.295752,0.000000,0.000000,0.000000,0.095724,0.088100,0.101153,0.015026,-0.078406,-0.000165,0.378056,-0.027802,-0.051226,0.164793,0.382522
14.030000,6.680000,0.524994,0.087846,0.876757,0.014975,-0.078405,-0.000162,0.046210,-0.029339,-0.337437,-0.002087,-0.003188,0.000362,0.428763,0.000000,0.779427,0.000000,0.000000,0.000000,-0.323232,0.000000,-0.295752,0.000000,0.000000,0.000000,0.096230,0.087846,0.097330,0.014975,-0.078405,-0.000162,0.369442,-0.029339,-0.041685,0.162635,0.372942
14.040000,6.690000,0.525448,0.087570,0.872897,0.014939,-0.078395,-0.000158,0.037717,-0.030894,-0.328285,-0.000939,-0.003229,0.000377,0.422164,0.000000,0.773793,0.000000,0.000000,0.000000,-0.336670,0.000000,-0.267525,0.000000,0.000000,0.000000,0.103284,0.087570,0.099104,0.014939,-0.078395,-0.000158,0.374387,-0.030894,-0.060760,0.167802,0.380542
14.050000,6.700000,0.525834,0.087276,0.869063,0.014917,-0.078378,-0.000155,0.029163,-0.032477,-0.317753,-0.003082,-0.005933,0.000386,0.422164,0.000000,0.773793,0.000000,0.000000,0.000000,-0.336670,0.000000,-0.267525,0.000000,0.000000,0.000000,0.103670,0.087276,0.095270,0.014917,-0.078378,-0.000155,0.365833,-0.032477,-0.050228,0.165653,0.370691
14.060000,6.710000,0.526145,0.086965,0.865304,0.014907,-0.078355,-0.000151,0.020645,-0.034063,-0.307313,-0.002164,-0.005713,0.000404,0.414948,0.000000,0.768493,0.000000,0.000000,0.000000,-0.350551,0.000000,-0.237161,0.000000,0.000000,0.000000,0.111197,0.086965,0.096811,0.014907,-0.078355,-0.000151,0.371195,-0.034063,-0.070152,0.171173,0.379299
14.070000,6.720000,0.526376,0.086638,0.861628,0.014897,-0.078336,-0.000147,0.012221,-0.035635,-0.297850,-0.001562,-0.000935,0.000408,0.414948,0.000000,0.768493,0.000000,0.000000,0.000000,-0.350551,0.000000,-0.237161,0.000000,0.000000,0.000000,0.111429,0.086638,0.093135,0.014897,-0.078336,-0.000147,0.362772,-0.035635,-0.060689,0.169106,0.369535
14.080000,6.730000,0.526528,0.086296,0.858034,0.014882,-0.078320,-0.000144,0.003813,-0.037205,-0.288423,-0.001965,-0.000807,0.000415,0.408170,0.000000,0.764252,0.000000,0.000000,0.000000,-0.362900,0.000000,-0.209117,0.000000,0.000000,0.000000,0.118358,0.086296,0.093782,0.014882,-0.078320,-0.000144,0.366713,-0.037205,-0.079306,0.173927,0.377030
14.090000,6.740000,0.526598,0.085938,0.854532,0.014864,-0.078292,-0.000139,-0.004814,-0.038817,-0.276070,-0.004727,-0.009523,0.000411,0.408170,0.000000,0.764252,0.000000,0.000000,0.000000,-0.362900,0.000000,-0.209117,0.000000,0.000000,0.000000,0.118429,0.085938,0.090280,0.014864,-0.078292,-0.000139,0.358085,-0.038817,-0.066953,0.171934,0.366353
14.101000,6.751000,0.526593,0.085437,0.849770,0.014876,-0.078222,-0.000136,-0.013183,-0.040852,-0.269749,-0.005671,0.002212,0.000377,0.400031,0.000000,0.760014,0.000000,0.000000,0.000000,-0.376939,0.000000,-0.176053,0.000000,0.000000,0.000000,0.126562,0.085437,0.089756,0.014876,-0.078222,-0.000136,0.363756,-0.040852,-0.093695,0.177126,0.377844
14.110000,6.760000,0.526461,0.085028,0.847073,0.014819,-0.078200,-0.000131,-0.021829,-0.042491,-0.257557,-0.009872,0.006729,0.000356,0.400031,0.000000,0.760014,0.000000,0.000000,0.000000,-0.376939,0.000000,-0.176053,0.000000,0.000000,0.000000,0.126431,0.085028,0.087058,0.014819,-0.078200,-0.000131,0.355110,-0.042491,-0.081504,0.175481,0.366813
14.120000,6.770000,0.526254,0.084583,0.843007,0.014821,-0.078235,-0.000128,-0.030319,-0.044187,-0.249718,-0.007302,-0.000149,0.000330,0.393144,0.000000,0.757092,0.000000,0.000000,0.000000,-0.388213,0.000000,-0.148597,0.000000,0.000000,0.000000,0.133110,0.084583,0.085915,0.014821,-0.078235,-0.000128,0.357893,-0.044187,-0.101122,0.179594,0.374521
14.130000,6.780000,0.525951,0.084141,0.840510,0.014748,-0.078236,-0.000125,-0.039069,-0.045840,-0.236220,-0.011588,-0.001264,0.000318,0.393144,0.000000,0.757092,0.000000,0.000000,0.000000,-0.388213,0.000000,-0.148597,0.000000,0.000000,0.000000,0.132807,0.084141,0.083418,0.014748,-0.078236,-0.000125,0.349143,-0.045840,-0.087623,0.177977,0.362878
14.140000,6.790000,0.525671,0.083833,0.838144,0.014696,-0.078202,-0.000122,-0.047359,-0.046941,-0.222731,-0.008769,-0.003586,0.000318,0.385257,0.000000,0.754428,0.000000,0.000000,0.000000,-0.400505,0.000000,-0.117735,0.000000,0.000000,0.000000,0.140415,0.083833,0.083716,0.014696,-0.078202,-0.000122,0.353146,-0.046941,-0.104996,0.183719,0.371402
14.150000,6.800000,0.525263,0.083427,0.835604,0.014630,-0.078163,-0.000119,-0.055845,-0.048350,-0.209738,-0.010493,0.002054,0.000308,0.385257,0.000000,0.754428,0.000000,0.000000,0.000000,-0.400505,0.000000,-0.117735,0.000000,0.000000,0.000000,0.140006,0.083427,0.081176,0.014630,-0.078163,-0.000119,0.344660,-0.048350,-0.092003,0.182075,0.359990
14.160000,6.810000,0.524759,0.082982,0.833058,0.014567,-0.078112,-0.000116,-0.064367,-0.049845,-0.197145,-0.010899,0.004012,0.000303,0.377126,0.000000,0.752385,0.000000,0.000000,0.000000,-0.412545,0.000000,-0.086576,0.000000,0.000000,0.000000,0.147633,0.082982,0.080674,0.014567,-0.078112,-0.000116,0.348178,-0.049845,-0.110569,0.187589,0.368698
14.170000,6.820000,0.524167,0.082511,0.830565,0.014504,-0.078030,-0.000112,-0.072880,-0.051370,-0.184923,-0.012831,0.006782,0.000307,0.377126,0.000000,0.752385,0.000000,0.000000,0.000000,-0.412545,0.000000,-0.086576,0.000000,0.000000,0.000000,0.147041,0.082511,0.078180,0.014504,-0.078030,-0.000112,0.339665,-0.051370,-0.098346,0.185853,0.357328
14.180000,6.830000,0.523490,0.082020,0.828155,0.014439,-0.077908,-0.000108,-0.081384,-0.052906,-0.172814,-0.013309,0.010777,0.000321,0.368757,0.000000,0.750967,0.000000,0.000000,0.000000,-0.424324,0.000000,-0.055199,0.000000,0.000000,0.000000,0.154733,0.082020,0.077189,0.014439,-0.077908,-0.000108,0.342940,-0.052906,-0.117615,0.191384,0.366388
14.190000,6.840000,0.522729,0.081511,0.825848,0.014370,-0.077741,-0.000102,-0.089889,-0.054446,-0.160543,-0.014471,0.014504,0.000336,0.368757,0.000000,0.750967,0.000000,0.000000,0.000000,-0.424324,0.000000,-0.055199,0.000000,0.000000,0.000000,0.153972,0.081511,0.074881,0.014370,-0.077741,-0.000102,0.334436,-0.054446,-0.105345,0.189628,0.354837
14.200000,6.850000,0.521885,0.080986,0.823654,0.014293,-0.077528,-0.000096,-0.098368,-0.055981,-0.148297,-0.015172,0.019001,0.000341,0.360155,0.000000,0.750178,0.000000,0.000000,0.000000,-0.435835,0.000000,-0.023681,0.000000,0.000000,0.000000,0.161730,0.080986,0.073477,0.014293,-0.077528,-0.000096,0.337467,-0.055981,-0.124616,0.195229,0.364070
14.213000,6.863000,0.520649,0.080260,0.820661,0.014258,-0.077300,-0.000089,-0.107906,-0.058179,-0.138410,-0.016910,0.023683,0.000309,0.351325,0.000000,0.750020,0.000000,0.000000,0.000000,-0.447071,0.000000,0.007895,0.000000,0.000000,0.000000,0.169324,0.080260,0.070641,0.014258,-0.077300,-0.000089,0.339165,-0.058179,-0.146306,0.200256,0.373930
14.220000,6.870000,0.519284,0.079516,0.818239,0.014205,-0.077061,-0.000082,-0.117597,-0.060367,-0.127156,-0.018347,0.028905,0.000266,0.351325,0.000000,0.750020,0.000000,0.000000,0.000000,-0.447071,0.000000,0.007895,0.000000,0.000000,0.000000,0.167959,0.079516,0.068219,0.014205,-0.077061,-0.000082,0.329474,-0.060367,-0.135051,0.197957,0.361159
14.230000,6.880000,0.518108,0.078912,0.816967,0.014021,-0.076772,-0.000075,-0.126592,-0.062021,-0.108774,-0.028408,0.019404,0.000243,0.351325,0.000000,0.750020,0.000000,0.000000,0.000000,-0.447071,0.000000,0.007895,0.000000,0.000000,0.000000,0.166783,0.078912,0.066947,0.014021,-0.076772,-0.000075,0.320479,-0.062021,-0.116669,0.196280,0.346648
14.240000,6.890000,0.517399,0.078578,0.815695,0.013935,-0.076218,-0.000068,-0.133487,-0.062627,-0.090924,-0.020480,0.021029,0.000233,0.342274,0.000000,0.750493,0.000000,0.000000,0.000000,-0.458024,0.000000,0.039452,0.000000,0.000000,0.000000,0.175125,0.078578,0.065201,0.013935,-0.076218,-0.000068,0.324538,-0.062627,-0.130376,0.202718,0.355310
14.250000,6.900000,0.516293,0.078062,0.814392,0.013801,-0.075838,-0.000062,-0.141241,-0.063801,-0.077228,-0.018549,0.029914,0.000219,0.342274,0.000000,0.750493,0.000000,0.000000,0.000000,-0.458024,0.000000,0.039452,0.000000,0.000000,0.000000,0.174019,0.078062,0.063898,0.013801,-0.075838,-0.000062,0.316784,-0.063801,-0.116681,0.201145,0.343565
14.260000,6.910000,0.514590,0.077285,0.812464,0.013729,-0.075634,-0.000057,-0.150783,-0.065851,-0.065759,-0.018358,0.025690,0.000166,0.331598,0.000000,0.751817,0.000000,0.000000,0.000000,-0.470263,0.000000,0.075615,0.000000,0.000000,0.000000,0.182993,0.077285,0.060647,0.013729,-0.075634,-0.000057,0.319480,-0.065851,-0.141374,0.207695,0.355514
14.271000,6.921000,0.512697,0.076455,0.811014,0.013680,-0.075484,-0.000052,-0.160647,-0.068013,-0.053897,-0.021726,0.019731,0.000101,0.331598,0.000000,0.751817,0.000000,0.000000,0.000000,-0.470263,0.000000,0.075615,0.000000,0.000000,0.000000,0.181100,0.076455,0.059197,0.013680,-0.075484,-0.000052,0.309616,-0.068013,-0.129512,0.205297,0.342434
14.280000,6.930000,0.511091,0.075775,0.810475,0.013462,-0.075287,-0.000049,-0.169141,-0.069549,-0.039699,-0.033692,0.016363,0.000084,0.323528,0.000000,0.753329,0.000000,0.000000,0.000000,-0.479057,0.000000,0.102188,0.000000,0.000000,0.000000,0.187563,0.075775,0.057147,0.013462,-0.075287,-0.000049,0.309916,-0.069549,-0.141887,0.210208,0.347875
14.291000,6.941000,0.509736,0.075228,0.809110,0.013461,-0.074878,-0.000045,-0.176392,-0.070543,-0.027124,-0.022676,0.024245,0.000089,0.323528,0.000000,0.753329,0.000000,0.000000,0.000000,-0.479057,0.000000,0.102188,0.000000,0.000000,0.000000,0.186208,0.075228,0.055781,0.013461,-0.074878,-0.000045,0.302664,-0.070543,-0.129312,0.208433,0.336606
14.300000,6.950000,0.507972,0.074523,0.808839,0.013391,-0.074648,-0.000041,-0.184908,-0.072072,-0.011726,-0.022416,0.024769,0.000086,0.313846,0.000000,0.755683,0.000000,0.000000,0.000000,-0.489122,0.000000,0.133208,0.000000,0.000000,0.000000,0.194126,0.074523,0.053156,0.013391,-0.074648,-0.000041,0.304215,-0.072072,-0.144934,0.214626,0.344597
14.310000,6.960000,0.506809,0.074078,0.808160,0.013230,-0.074185,-0.000036,-0.190851,-0.072587,0.001588,-0.023679,0.026114,0.000116,0.313846,0.000000,0.755683,0.000000,0.000000,0.000000,-0.489122,0.000000,0.133208,0.000000,0.000000,0.000000,0.192963,0.074078,0.052477,0.013230,-0.074185,-0.000036,0.298271,-0.072587,-0.131620,0.213252,0.334004
14.320000,6.970000,0.505192,0.073465,0.807667,0.013106,-0.073809,-0.000031,-0.198168,-0.073675,0.015056,-0.024661,0.028665,0.000153,0.303965,0.000000,0.758655,0.000000,0.000000,0.000000,-0.498879,0.000000,0.163892,0.000000,0.000000,0.000000,0.201227,0.073465,0.049012,0.013106,-0.073809,-0.000031,0.300711,-0.073675,-0.148836,0.219753,0.343522
14.330000,6.980000,0.503385,0.072792,0.807289,0.012984,-0.073438,-0.000025,-0.205845,-0.074923,0.028190,-0.026086,0.030180,0.000172,0.303965,0.000000,0.758655,0.000000,0.000000,0.000000,-0.498879,0.000000,0.163892,0.000000,0.000000,0.000000,0.199420,0.072792,0.048634,0.012984,-0.073438,-0.000025,0.293034,-0.074923,-0.135702,0.217790,0.331508
14.340000,6.990000,0.501453,0.072085,0.807023,0.012857,-0.073049,-0.000019,-0.213657,-0.076234,0.041267,-0.027260,0.033194,0.000195,0.293893,0.000000,0.762236,0.000000,0.000000,0.000000,-0.508320,0.000000,0.194161,0.000000,0.000000,0.000000,0.207560,0.072085,0.044787,0.012857,-0.073049,-0.000019,0.294663,-0.076234,-0.152894,0.224240,0.340609
14.350000,7.000000,0.499420,0.071356,0.806878,0.012723,-0.072638,-0.000012,-0.221511,-0.077567,0.054375,-0.028312,0.034315,0.000190,0.293893,0.000000,0.762236,0.000000,0.000000,0.000000,-0.508320,0.000000,0.194161,0.000000,0.000000,0.000000,0.205527,0.071356,0.044642,0.012723,-0.072638,-0.000012,0.286809,-0.077567,-0.139786,0.222095,0.328354
14.360000,7.010000,0.497299,0.070608,0.806858,0.012580,-0.072206,-0.000004,-0.229355,-0.078902,0.067471,-0.029245,0.036757,0.000193,0.283634,0.000000,0.766418,0.000000,0.000000,0.000000,-0.517441,0.000000,0.223940,0.000000,0.000000,0.000000,0.213664,0.070608,0.040440,0.012580,-0.072206,-0.000004,0.288085,-0.078902,-0.156469,0.228634,0.337196
14.370000,7.020000,0.495096,0.069845,0.806968,0.012431,-0.071756,0.000003,-0.237172,-0.080229,0.080662,-0.030301,0.037338,0.000172,0.283634,0.000000,0.766418,0.000000,0.000000,0.000000,-0.517441,0.000000,0.223940,0.000000,0.000000,0.000000,0.211461,0.069845,0.040550,0.012431,-0.071756,0.000003,0.280269,-0.080229,-0.143278,0.226359,0.324832
14.381000,7.031000,0.492035,0.068801,0.807112,0.012356,-0.071486,0.000010,-0.247726,-0.082507,0.093571,-0.030202,0.038969,0.000141,0.272671,0.000000,0.771444,0.000000,0.000000,0.000000,-0.526665,0.000000,0.254598,0.000000,0.000000,0.000000,0.219364,0.068801,0.035668,0.012356,-0.071486,0.000010,0.278939,-0.082507,-0.161027,0.232651,0.332482
14.390000,7.040000,0.489558,0.067976,0.808047,0.012054,-0.071096,0.000017,-0.256098,-0.083951,0.112379,-0.045554,0.026886,0.000099,0.272671,0.000000,0.771444,0.000000,0.000000,0.000000,-0.526665,0.000000,0.254598,0.000000,0.000000,0.000000,0.216887,0.067976,0.036604,0.012054,-0.071096,0.000017,0.270567,-0.083951,-0.142219,0.230219,0.316987
14.400000,7.050000,0.486885,0.067098,0.808195,0.012059,-0.070588,0.000023,-0.264751,-0.085514,0.128341,-0.031284,0.029797,0.000093,0.262587,0.000000,0.776540,0.000000,0.000000,0.000000,-0.534696,0.000000,0.281727,0.000000,0.000000,0.000000,0.224298,0.067098,0.031656,0.012059,-0.070588,0.000023,0.269944,-0.085514,-0.153386,0.236249,0.322040
14.410000,7.060000,0.484237,0.066242,0.809479,0.011925,-0.070199,0.000029,-0.272697,-0.086872,0.142630,-0.026252,0.039683,0.000075,0.262587,0.000000,0.776540,0.000000,0.000000,0.000000,-0.534696,0.000000,0.281727,0.000000,0.000000,0.000000,0.221650,0.066242,0.032939,0.011925,-0.070199,0.000029,0.261998,-0.086872,-0.139097,0.233670,0.309092
14.420000,7.070000,0.482418,0.065666,0.809811,0.011711,-0.069608,0.000034,-0.277301,-0.087157,0.153734,-0.024972,0.034597,0.000034,0.251812,0.000000,0.782454,0.000000,0.000000,0.000000,-0.542819,0.000000,0.309590,0.000000,0.000000,0.000000,0.230606,0.065666,0.027357,0.011711,-0.069608,0.000034,0.265519,-0.087157,-0.155855,0.241329,0.319980
14.430000,7.080000,0.480031,0.064916,0.810641,0.011575,-0.069204,0.000037,-0.283821,-0.088053,0.167315,-0.033360,0.024611,-0.000037,0.251812,0.000000,0.782454,0.000000,0.000000,0.000000,-0.542819,0.000000,0.309590,0.000000,0.000000,0.000000,0.228219,0.064916,0.028187,0.011575,-0.069204,0.000037,0.258998,-0.088053,-0.142275,0.238941,0.308343
14.440000,7.090000,0.477422,0.064105,0.811703,0.011491,-0.068857,0.000039,-0.290863,-0.089122,0.181177,-0.030640,0.022836,-0.000122,0.240877,0.000000,0.788918,0.000000,0.000000,0.000000,-0.550600,0.000000,0.336670,0.000000,0.000000,0.000000,0.236545,0.064105,0.022785,0.011491,-0.068857,0.000039,0.259736,-0.089122,-0.155493,0.246135,0.315569
14.452000,7.102000,0.473733,0.062971,0.813195,0.011519,-0.068794,0.000040,-0.301365,-0.091294,0.193889,-0.024611,0.027542,-0.000223,0.229790,0.000000,0.795915,0.000000,0.000000,0.000000,-0.558033,0.000000,0.362900,0.000000,0.000000,0.000000,0.243944,0.062971,0.017279,0.011519,-0.068794,0.000040,0.256667,-0.091294,-0.169011,0.252532,0.320589
14.460000,7.110000,0.470720,0.062058,0.815133,0.011272,-0.068519,0.000041,-0.309066,-0.092582,0.207541,-0.042718,0.028924,-0.000233,0.229790,0.000000,0.795915,0.000000,0.000000,0.000000,-0.558033,0.000000,0.362900,0.000000,0.000000,0.000000,0.240930,0.062058,0.019218,0.011272,-0.068519,0.000041,0.248967,-0.092582,-0.155358,0.249535,0.307721
14.470000,7.120000,0.468449,0.061379,0.816074,0.011323,-0.068016,0.000041,-0.313843,-0.092987,0.219174,-0.024630,0.028057,-0.000252,0.229790,0.000000,0.795915,0.000000,0.000000,0.000000,-0.558033,0.000000,0.362900,0.000000,0.000000,0.000000,0.238660,0.061379,0.020159,0.011323,-0.068016,0.000041,0.244190,-0.092987,-0.143726,0.247249,0.298215
14.480000,7.130000,0.465674,0.060557,0.817563,0.011252,-0.067616,0.000041,-0.320224,-0.093886,0.232073,-0.024172,0.030052,-0.000275,0.218558,0.000000,0.803428,0.000000,0.000000,0.000000,-0.565113,0.000000,0.388213,0.000000,0.000000,0.000000,0.247116,0.060557,0.014135,0.011252,-0.067616,0.000041,0.244889,-0.093886,-0.156140,0.254820,0.305229
14.491000,7.141000,0.461663,0.059378,0.819728,0.011295,-0.067485,0.000042,-0.330662,-0.096017,0.244824,-0.030156,0.036323,-0.000262,0.218558,0.000000,0.803428,0.000000,0.000000,0.000000,-0.565113,0.000000,0.388213,0.000000,0.000000,0.000000,0.243105,0.059378,0.016300,0.011295,-0.067485,0.000042,0.234451,-0.096017,-0.143389,0.250782,0.291113
14.500000,7.150000,0.458357,0.058418,0.822177,0.010994,-0.067122,0.000043,-0.338186,-0.097274,0.258033,-0.055613,0.038692,-0.000219,0.207188,0.000000,0.811437,0.000000,0.000000,0.000000,-0.571836,0.000000,0.412545,0.000000,0.000000,0.000000,0.251169,0.058418,0.010739,0.010994,-0.067122,0.000043,0.233651,-0.097274,-0.154512,0.258096,0.296528
14.512000,7.162000,0.454872,0.057417,0.823982,0.011198,-0.066684,0.000046,-0.345975,-0.098632,0.268634,-0.032423,0.044740,-0.000199,0.207188,0.000000,0.811437,0.000000,0.000000,0.000000,-0.571836,0.000000,0.412545,0.000000,0.000000,0.000000,0.247684,0.057417,0.012545,0.011198,-0.066684,0.000046,0.225861,-0.098632,-0.143911,0.254561,0.285398
14.521000,7.171000,0.450638,0.056210,0.826843,0.011157,-0.066389,0.000050,-0.356173,-0.100679,0.282014,-0.037376,0.051653,-0.000133,0.194530,0.000000,0.820797,0.000000,0.000000,0.000000,-0.578815,0.000000,0.438105,0.000000,0.000000,0.000000,0.256108,0.056210,0.006046,0.011157,-0.066389,0.000050,0.222642,-0.100679,-0.156091,0.262273,0.289948
14.530000,7.180000,0.447076,0.055203,0.829663,0.011023,-0.065841,0.000055,-0.363537,-0.101917,0.294673,-0.042060,0.055484,-0.000099,0.194530,0.000000,0.820797,0.000000,0.000000,0.000000,-0.578815,0.000000,0.438105,0.000000,0.000000,0.000000,0.252546,0.055203,0.008867,0.011023,-0.065841,0.000055,0.215277,-0.101917,-0.143432,0.258661,0.278036
14.540000,7.190000,0.445290,0.054710,0.830675,0.010456,-0.064759,0.000060,-0.364161,-0.101246,0.301710,-0.068788,0.056470,-0.000067,0.184062,0.000000,0.828863,0.000000,0.000000,0.000000,-0.584196,0.000000,0.458024,0.000000,0.000000,0.000000,0.261228,0.054710,0.001812,0.010456,-0.064759,0.000060,0.220035,-0.101246,-0.156315,0.266902,0.288271
14.550000,7.200000,0.442341,0.053892,0.832762,0.010488,-0.063954,0.000065,-0.368821,-0.101735,0.311273,-0.044726,0.059277,-0.000078,0.184062,0.000000,0.828863,0.000000,0.000000,0.000000,-0.584196,0.000000,0.458024,0.000000,0.000000,0.000000,0.258279,0.053892,0.003899,0.010488,-0.063954,0.000065,0.215375,-0.101735,-0.146752,0.263870,0.279772
14.560000,7.210000,0.439024,0.052978,0.835198,0.010259,-0.063211,0.000072,-0.374552,-0.102532,0.321573,-0.048295,0.063517,-0.000037,0.171732,0.000000,0.838716,0.000000,0.000000,0.000000,-0.590096,0.000000,0.480077,0.000000,0.000000,0.000000,0.267293,0.052978,-0.003518,0.010259,-0.063211,0.000072,0.215543,-0.102532,-0.158504,0.272515,0.286523
14.570000,7.220000,0.435515,0.052017,0.837836,0.009998,-0.062468,0.000079,-0.380723,-0.103448,0.332675,-0.049042,0.060091,-0.000011,0.171732,0.000000,0.838716,0.000000,0.000000,0.000000,-0.590096,0.000000,0.480077,0.000000,0.000000,0.000000,0.263784,0.052017,-0.000879,0.009998,-0.062468,0.000079,0.209373,-0.103448,-0.147403,0.268865,0.276163
14.580000,7.230000,0.431881,0.051028,0.840631,0.009715,-0.061717,0.000086,-0.387041,-0.104400,0.343914,-0.051540,0.062265,0.000039,0.160472,0.000000,0.848017,0.000000,0.000000,0.000000,-0.595079,0.000000,0.498879,0.000000,0.000000,0.000000,0.271409,0.051028,-0.007386,0.009715,-0.061717,0.000086,0.208038,-0.104400,-0.154965,0.276263,0.279631
14.592000,7.242000,0.426870,0.049674,0.844431,0.009526,-0.061336,0.000095,-0.398026,-0.106611,0.357810,-0.050571,0.059431,0.000100,0.160472,0.000000,0.848017,0.000000,0.000000,0.000000,-0.595079,0.000000,0.498879,0.000000,0.000000,0.000000,0.266398,0.049674,-0.003587,0.009526,-0.061336,0.000095,0.197054,-0.106611,-0.141069,0.271014,0.264758
14.600000,7.250000,0.421774,0.048308,0.848612,0.009102,-0.061043,0.000102,-0.408886,-0.108756,0.372433,-0.071358,0.049695,0.000066,0.148521,0.000000,0.858183,0.000000,0.000000,0.000000,-0.599959,0.000000,0.517441,0.000000,0.000000,0.000000,0.273253,0.048308,-0.009571,0.009102,-0.061043,0.000102,0.191073,-0.108756,-0.145008,0.277656,0.263371
14.610000,7.260000,0.417685,0.047221,0.852336,0.009024,-0.060326,0.000110,-0.415591,-0.109781,0.384170,-0.051943,0.057860,0.000133,0.148521,0.000000,0.858183,0.000000,0.000000,0.000000,-0.599959,0.000000,0.517441,0.000000,0.000000,0.000000,0.269165,0.047221,-0.005847,0.009024,-0.060326,0.000110,0.184368,-0.109781,-0.133271,0.273338,0.252596
14.620000,7.270000,0.415469,0.046641,0.853980,0.008627,-0.059175,0.000118,-0.415223,-0.108911,0.389514,-0.050315,0.053860,0.000156,0.136476,0.000000,0.868706,0.000000,0.000000,0.000000,-0.604460,0.000000,0.534696,0.000000,0.000000,0.000000,0.278993,0.046641,-0.014726,0.008627,-0.059175,0.000118,0.189237,-0.108911,-0.145182,0.283248,0.262202
14.633000,7.283000,0.410810,0.045422,0.857781,0.008449,-0.058772,0.000126,-0.423617,-0.110346,0.401981,-0.046630,0.046247,0.000116,0.123127,0.000000,0.880664,0.000000,0.000000,0.000000,-0.608970,0.000000,0.552114,0.000000,0.000000,0.000000,0.287683,0.045422,-0.022883,0.008449,-0.058772,0.000126,0.185353,-0.110346,-0.150134,0.292144,0.262816
14.640000,7.290000,0.406574,0.044318,0.861801,0.007982,-0.058309,0.000131,-0.430139,-0.111283,0.414726,-0.069041,0.038102,0.000014,0.123127,0.000000,0.880664,0.000000,0.000000,0.000000,-0.608970,0.000000,0.552114,0.000000,0.000000,0.000000,0.283447,0.044318,-0.018864,0.007982,-0.058309,0.000131,0.178831,-0.111283,-0.137388,0.287510,0.251475
14.650000,7.300000,0.403605,0.043555,0.864270,0.007923,-0.057405,0.000137,-0.431667,-0.110925,0.420313,-0.046564,0.046466,0.000047,0.123127,0.000000,0.880664,0.000000,0.000000,0.000000,-0.608970,0.000000,0.552114,0.000000,0.000000,0.000000,0.280478,0.043555,-0.016394,0.007923,-0.057405,0.000137,0.177303,-0.110925,-0.131801,0.284313,0.247209
14.660000,7.310000,0.399850,0.042592,0.867593,0.007726,-0.056809,0.000141,-0.435899,-0.111272,0.428229,-0.044420,0.043492,-0.000009,0.112135,0.000000,0.890721,0.000000,0.000000,0.000000,-0.612313,0.000000,0.565113,0.000000,0.000000,0.000000,0.287715,0.042592,-0.023128,0.007726,-0.056809,0.000141,0.176415,-0.111272,-0.136884,0.291768,0.249481
14.670000,7.320000,0.395813,0.041562,0.871230,0.007555,-0.056301,0.000145,-0.440938,-0.111825,0.436926,-0.042090,0.038125,-0.000052,0.112135,0.000000,0.890721,0.000000,0.000000,0.000000,-0.612313,0.000000,0.565113,0.000000,0.000000,0.000000,0.283678,0.041562,-0.019491,0.007555,-0.056301,0.000145,0.171375,-0.111825,-0.128187,0.287368,0.241467
14.680000,7.330000,0.391623,0.040500,0.875055,0.007408,-0.055831,0.000148,-0.446298,-0.112459,0.445917,-0.040440,0.036992,-0.000106,0.099855,0.000000,0.902157,0.000000,0.000000,0.000000,-0.615661,0.000000,0.578199,0.000000,0.000000,0.000000,0.291768,0.040500,-0.027102,0.007408,-0.055831,0.000148,0.169363,-0.112459,-0.132282,0.295809,0.242548
14.690000,7.340000,0.387330,0.039418,0.879018,0.007282,-0.055384,0.000151,-0.451758,-0.113121,0.454576,-0.040824,0.038034,-0.000144,0.099855,0.000000,0.902157,0.000000,0.000000,0.000000,-0.615661,0.000000,0.578199,0.000000,0.000000,0.000000,0.287475,0.039418,-0.023139,0.007282,-0.055384,0.000151,0.163903,-0.113121,-0.123623,0.291086,0.234400
14.700000,7.350000,0.382959,0.038324,0.883092,0.007176,-0.054954,0.000152,-0.457254,-0.113792,0.463307,-0.039196,0.037267,-0.000200,0.087512,0.000000,0.913839,0.000000,0.000000,0.000000,-0.618620,0.000000,0.589824,0.000000,0.000000,0.000000,0.295448,0.038324,-0.030748,0.007176,-0.054954,0.000152,0.161366,-0.113792,-0.126517,0.299506,0.234509
14.713000,7.363000,0.376993,0.036839,0.888586,0.007217,-0.054968,0.000153,-0.468276,-0.115851,0.475423,-0.037321,0.037153,-0.000255,0.075113,0.000000,0.925740,0.000000,0.000000,0.000000,-0.621188,0.000000,0.599959,0.000000,0.000000,0.000000,0.301880,0.036839,-0.037153,0.007217,-0.054968,0.000153,0.152913,-0.115851,-0.124536,0.306380,0.228720
14.720000,7.370000,0.372310,0.035681,0.893341,0.006844,-0.054597,0.000153,-0.474201,-0.116629,0.485015,-0.065029,0.034321,-0.000304,0.075113,0.000000,0.925740,0.000000,0.000000,0.000000,-0.621188,0.000000,0.599959,0.000000,0.000000,0.000000,0.297197,0.035681,-0.032399,0.006844,-0.054597,0.000153,0.146987,-0.116629,-0.114944,0.301080,0.220044
14.732000,7.382000,0.367328,0.034459,0.897830,0.007092,-0.054234,0.000154,-0.480896,-0.117609,0.492212,-0.040255,0.043420,-0.000292,0.075113,0.000000,0.925740,0.000000,0.000000,0.000000,-0.621188,0.000000,0.599959,0.000000,0.000000,0.000000,0.292215,0.034459,-0.027910,0.007092,-0.054234,0.000154,0.140292,-0.117609,-0.107747,0.295561,0.212422
14.741000,7.391000,0.361423,0.033017,0.903566,0.007079,-0.054100,0.000155,-0.490653,-0.119340,0.502858,-0.043156,0.046857,-0.000258,0.062043,0.000000,0.938436,0.000000,0.000000,0.000000,-0.623463,0.000000,0.608970,0.000000,0.000000,0.000000,0.299380,0.033017,-0.034871,0.007079,-0.054100,0.000155,0.132810,-0.119340,-0.106112,0.303207,0.207702
14.750000,7.400000,0.356517,0.031824,0.908594,0.006648,-0.053632,0.000156,-0.496366,-0.120088,0.510255,-0.075619,0.049881,-0.000268,0.062043,0.000000,0.938436,0.000000,0.000000,0.000000,-0.623463,0.000000,0.608970,0.000000,0.000000,0.000000,0.294474,0.031824,-0.029842,0.006648,-0.053632,0.000156,0.127097,-0.120088,-0.098714,0.297688,0.200796
14.760000,7.410000,0.354099,0.031247,0.910785,0.006691,-0.052447,0.000157,-0.492867,-0.118589,0.509186,-0.046239,0.051410,-0.000206,0.050181,0.000000,0.950073,0.000000,0.000000,0.000000,-0.625146,0.000000,0.615661,0.000000,0.000000,0.000000,0.303918,0.031247,-0.039288,0.006691,-0.052447,0.000157,0.132279,-0.118589,-0.106475,0.308036,0.207118
14.770000,7.420000,0.350112,0.030291,0.914656,0.006509,-0.051665,0.000159,-0.494975,-0.118475,0.511786,-0.035069,0.058605,-0.000180,0.050181,0.000000,0.950073,0.000000,0.000000,0.000000,-0.625146,0.000000,0.615661,0.000000,0.000000,0.000000,0.299931,0.030291,-0.035417,0.006509,-0.051665,0.000159,0.130171,-0.118475,-0.103875,0.303530,0.204379
14.783000,7.433000,0.344098,0.028854,0.920434,0.006459,-0.051359,0.000162,-0.504253,-0.120088,0.519875,-0.033748,0.067973,-0.000186,0.037663,0.000000,0.962444,0.000000,0.000000,0.000000,-0.626533,0.000000,0.621188,0.000000,0.000000,0.000000,0.306434,0.028854,-0.042009,0.006459,-0.051359,0.000162,0.122280,-0.120088,-0.101314,0.310644,0.199093
14.790000,7.440000,0.337725,0.027338,0.926733,0.006214,-0.051053,0.000165,-0.514522,-0.121925,0.530595,-0.068750,0.061833,-0.000227,0.037663,0.000000,0.962444,0.000000,0.000000,0.000000,-0.626533,0.000000,0.621188,0.000000,0.000000,0.000000,0.300062,0.027338,-0.035710,0.006214,-0.051053,0.000165,0.112012,-0.121925,-0.090594,0.303413,0.188731
14.800000,7.450000,0.332580,0.026119,0.932039,0.006387,-0.050280,0.000167,-0.519911,-0.122615,0.538078,-0.047764,0.065756,-0.000314,0.025122,0.000000,0.974910,0.000000,0.000000,0.000000,-0.627525,0.000000,0.625146,0.000000,0.000000,0.000000,0.307458,0.026119,-0.042870,0.006387,-0.050280,0.000167,0.107614,-0.122615,-0.087069,0.311529,0.184922
14.811000,7.461000,0.328516,0.025169,0.935813,0.006224,-0.049215,0.000167,-0.521045,-0.122297,0.538930,-0.036926,0.074938,-0.000443,0.025122,0.000000,0.974910,0.000000,0.000000,0.000000,-0.627525,0.000000,0.625146,0.000000,0.000000,0.000000,0.303394,0.025169,-0.039096,0.006224,-0.049215,0.000167,0.106480,-0.122297,-0.086216,0.306936,0.183651
14.823000,7.473000,0.322326,0.023719,0.941975,0.006190,-0.048712,0.000166,-0.529689,-0.123771,0.546514,-0.050432,0.070961,-0.000550,0.012565,0.000000,0.987439,0.000000,0.000000,0.000000,-0.628120,0.000000,0.627525,0.000000,0.000000,0.000000,0.309761,0.023719,-0.045464,0.006190,-0.048712,0.000166,0.098431,-0.123771,-0.081011,0.313976,0.177682
14.830000,7.480000,0.317029,0.022482,0.947440,0.006081,-0.047906,0.000164,-0.534730,-0.124415,0.551832,-0.051017,0.073731,-0.000681,0.012565,0.000000,0.987439,0.000000,0.000000,0.000000,-0.628120,0.000000,0.627525,0.000000,0.000000,0.000000,0.304464,0.022482,-0.039998,0.006081,-0.047906,0.000164,0.093390,-0.124415,-0.075693,0.307902,0.173003
14.840000,7.490000,0.314578,0.021919,0.949745,0.005383,-0.046367,0.000162,-0.529280,-0.122596,0.547813,-0.089195,0.067378,-0.000655,-0.000000,0.000000,1.000000,0.000000,0.000000,0.000000,-0.628319,0.000000,0.628319,0.000000,0.000000,0.000000,0.314578,0.021919,-0.050255,0.005383,-0.046367,0.000162,0.099038,-0.122596,-0.080506,0.319320,0.176973
14.851000,7.501000,0.308789,0.020583,0.955380,0.005692,-0.045644,0.000157,-0.535842,-0.123606,0.552219,-0.049460,0.078549,-0.000758,-0.000000,0.000000,1.000000,0.000000,0.000000,0.000000,-0.628319,0.000000,0.628319,0.000000,0.000000,0.000000,0.308789,0.020583,-0.044620,0.005692,-0.045644,0.000157,0.092477,-0.123606,-0.076099,0.312675,0.172109
14.862000,7.512000,0.302155,0.019055,0.961994,0.005580,-0.045190,0.000153,-0.545147,-0.125257,0.559382,-0.055976,0.078837,-0.000769,-0.012565,0.000000,1.012561,0.000000,0.000000,0.000000,-0.628120,0.000000,0.627525,0.000000,0.000000,0.000000,0.314720,0.019055,-0.050567,0.005580,-0.045190,0.000153,0.082973,-0.125257,-0.068143,0.319325,0.164976
14.870000,7.520000,0.296703,0.017802,0.967588,0.005020,-0.044401,0.000150,-0.549876,-0.125841,0.565853,-0.089814,0.064249,-0.000655,-0.012565,0.000000,1.012561,0.000000,0.000000,0.000000,-0.628120,0.000000,0.627525,0.000000,0.000000,0.000000,0.309268,0.017802,-0.044974,0.005020,-0.044401,0.000150,0.078244,-0.125841,-0.061672,0.313028,0.160504
14.881000,7.531000,0.292534,0.016856,0.971527,0.005050,-0.043182,0.000146,-0.549760,-0.125295,0.567327,-0.059347,0.063935,-0.000632,-0.025122,0.000000,1.025090,0.000000,0.000000,0.000000,-0.627525,0.000000,0.625146,0.000000,0.000000,0.000000,0.317656,0.016856,-0.053564,0.005050,-0.043182,0.000146,0.077765,-0.125295,-0.057820,0.322581,0.158396
14.891000,7.541000,0.286015,0.015373,0.978047,0.004848,-0.042772,0.000144,-0.557834,-0.126644,0.572628,-0.046132,0.067830,-0.000537,-0.025122,0.000000,1.025090,0.000000,0.000000,0.000000,-0.627525,0.000000,0.625146,0.000000,0.000000,0.000000,0.311137,0.015373,-0.047044,0.004848,-0.042772,0.000144,0.069691,-0.126644,-0.052518,0.315049,0.153797
14.901000,7.551000,0.279998,0.014011,0.984024,0.004662,-0.042224,0.000141,-0.563748,-0.127485,0.576183,-0.040607,0.065186,-0.000504,-0.038290,0.000000,1.038177,0.000000,0.000000,0.000000,-0.626473,0.000000,0.620949,0.000000,0.000000,0.000000,0.318288,0.014011,-0.054153,0.004662,-0.042224,0.000141,0.062726,-0.127485,-0.044766,0.323166,0.148966
14.910000,7.560000,0.274276,0.012721,0.989691,0.004520,-0.041591,0.000139,-0.568279,-0.128008,0.577873,-0.054374,0.061995,-0.000493,-0.038290,0.000000,1.038177,0.000000,0.000000,0.000000,-0.626473,0.000000,0.620949,0.000000,0.000000,0.000000,0.312566,0.012721,-0.048486,0.004520,-0.041591,0.000139,0.058194,-0.128008,-0.043076,0.316560,0.147065
14.920000,7.570000,0.268593,0.011441,0.995470,0.003976,-0.040971,0.000136,-0.572444,-0.128461,0.579845,-0.091839,0.058407,-0.000431,-0.050181,0.000000,1.049927,0.000000,0.000000,0.000000,-0.625146,0.000000,0.615661,0.000000,0.000000,0.000000,0.318774,0.011441,-0.054457,0.003976,-0.040971,0.000136,0.052703,-0.128461,-0.035816,0.323595,0.143397
14.930000,7.580000,0.266681,0.011021,0.997246,0.004018,-0.039237,0.000134,-0.562828,-0.125800,0.569217,-0.050579,0.065151,-0.000443,-0.050181,0.000000,1.049927,0.000000,0.000000,0.000000,-0.625146,0.000000,0.615661,0.000000,0.000000,0.000000,0.316862,0.011021,-0.052682,0.004018,-0.039237,0.000134,0.062318,-0.125800,-0.046444,0.321400,0.147872
14.940000,7.590000,0.260791,0.009711,1.002924,0.003960,-0.038706,0.000133,-0.567747,-0.126416,0.570234,-0.048691,0.066072,-0.000327,-0.062667,0.000000,1.062172,0.000000,0.000000,0.000000,-0.623364,0.000000,0.608579,0.000000,0.000000,0.000000,0.323458,0.009711,-0.059249,0.003960,-0.038706,0.000133,0.055617,-0.126416,-0.038345,0.328983,0.143334
14.950000,7.600000,0.255114,0.008447,1.008626,0.003474,-0.038046,0.000132,-0.571679,-0.126819,0.573670,-0.082936,0.052827,-0.000282,-0.062667,0.000000,1.062172,0.000000,0.000000,0.000000,-0.623364,0.000000,0.608579,0.000000,0.000000,0.000000,0.317780,0.008447,-0.053546,0.003474,-0.038046,0.000132,0.051685,-0.126819,-0.034908,0.322371,0.141326
14.960000,7.610000,0.251262,0.007597,1.012321,0.003549,-0.036815,0.000133,-0.568861,-0.125712,0.571159,-0.051198,0.053165,-0.000192,-0.075113,0.000000,1.074260,0.000000,0.000000,0.000000,-0.621188,0.000000,0.599959,0.000000,0.000000,0.000000,0.326375,0.007597,-0.061940,0.003549,-0.036815,0.000133,0.052327,-0.125712,-0.028800,0.332287,0.139180
14.970000,7.620000,0.246325,0.006509,1.017125,0.003373,-0.036005,0.000134,-0.569873,-0.125477,0.569680,-0.038630,0.058091,-0.000145,-0.075113,0.000000,1.074260,0.000000,0.000000,0.000000,-0.621188,0.000000,0.599959,0.000000,0.000000,0.000000,0.321438,0.006509,-0.057135,0.003373,-0.036005,0.000134,0.051315,-0.125477,-0.030279,0.326541,0.138905
14.980000,7.630000,0.239170,0.004936,1.023992,0.003332,-0.035903,0.000135,-0.578841,-0.126995,0.574269,-0.037362,0.053890,-0.000109,-0.087512,0.000000,1.086161,0.000000,0.000000,0.000000,-0.618620,0.000000,0.589824,0.000000,0.000000,0.000000,0.326681,0.004936,-0.062169,0.003332,-0.035903,0.000135,0.039779,-0.126995,-0.015555,0.332581,0.133985
14.991000,7.641000,0.231782,0.003317,1.031147,0.003379,-0.035844,0.000136,-0.588282,-0.128613,0.579812,-0.047779,0.040601,-0.000179,-0.087512,0.000000,1.086161,0.000000,0.000000,0.000000,-0.618620,0.000000,0.589824,0.000000,0.000000,0.000000,0.319293,0.003317,-0.055014,0.003379,-0.035844,0.000136,0.030338,-0.128613,-0.010012,0.324015,0.132522
15.001000,7.651000,0.225101,0.001859,1.037571,0.003394,-0.035615,0.000134,-0.594780,-0.129586,0.583037,-0.045337,0.033774,-0.000355,-0.099855,0.000000,1.097843,0.000000,0.000000,0.000000,-0.615661,0.000000,0.578199,0.000000,0.000000,0.000000,0.324956,0.001859,-0.060273,0.003394,-0.035615,0.000134,0.020881,-0.129586,0.004839,0.330503,0.131347
15.010000,7.660000,0.218887,0.000510,1.043518,0.003379,-0.035293,0.000131,-0.599312,-0.130132,0.584764,-0.046174,0.027380,-0.000510,-0.099855,0.000000,1.097843,0.000000,0.000000,0.000000,-0.615661,0.000000,0.578199,0.000000,0.000000,0.000000,0.318742,0.000510,-0.054326,0.003379,-0.035293,0.000131,0.016349,-0.130132,0.006565,0.323339,0.131320
15.020000,7.670000,0.212894,-0.000792,1.049365,0.002917,-0.035019,0.000127,-0.602679,-0.130455,0.582019,-0.087917,0.038639,-0.000496,-0.112135,0.000000,1.109279,0.000000,0.000000,0.000000,-0.612313,0.000000,0.565113,0.000000,0.000000,0.000000,0.325029,-0.000792,-0.059914,0.002917,-0.035019,0.000127,0.009635,-0.130455,0.016906,0.330506,0.131898
15.030000,7.680000,0.209394,-0.001539,1.052488,0.003090,-0.033956,0.000123,-0.596986,-0.128794,0.570872,-0.054085,0.052539,-0.000449,-0.112135,0.000000,1.109279,0.000000,0.000000,0.000000,-0.612313,0.000000,0.565113,0.000000,0.000000,0.000000,0.321529,-0.001539,-0.056791,0.003090,-0.033956,0.000123,0.015327,-0.128794,0.005759,0.326510,0.129830
15.041000,7.691000,0.203424,-0.002827,1.058196,0.002882,-0.033459,0.000121,-0.600206,-0.129089,0.567565,-0.065328,0.063230,-0.000326,-0.124345,0.000000,1.120438,0.000000,0.000000,0.000000,-0.608579,0.000000,0.550600,0.000000,0.000000,0.000000,0.327769,-0.002827,-0.062242,0.002882,-0.033459,0.000121,0.008373,-0.129089,0.016965,0.333638,0.130468
15.051000,7.701000,0.198319,-0.003917,1.062772,0.002565,-0.032662,0.000121,-0.600274,-0.128669,0.562009,-0.068459,0.060447,-0.000195,-0.124345,0.000000,1.120438,0.000000,0.000000,0.000000,-0.608579,0.000000,0.550600,0.000000,0.000000,0.000000,0.322664,-0.003917,-0.057666,0.002565,-0.032662,0.000121,0.008305,-0.128669,0.011409,0.327800,0.129441
15.060000,7.710000,0.192317,-0.005204,1.068392,0.001881,-0.032057,0.000120,-0.603402,-0.128915,0.559654,-0.106368,0.060565,-0.000140,-0.136476,0.000000,1.131294,0.000000,0.000000,0.000000,-0.604460,0.000000,0.534696,0.000000,0.000000,0.000000,0.328793,-0.005204,-0.062901,0.001881,-0.032057,0.000120,0.001057,-0.128915,0.024958,0.334796,0.131313
15.070000,7.720000,0.188519,-0.006010,1.071791,0.001785,-0.030744,0.000121,-0.598468,-0.127414,0.550777,-0.067921,0.064554,-0.000094,-0.136476,0.000000,1.131294,0.000000,0.000000,0.000000,-0.604460,0.000000,0.534696,0.000000,0.000000,0.000000,0.324995,-0.006010,-0.059502,0.001785,-0.030744,0.000121,0.005992,-0.127414,0.016082,0.330452,0.128565
15.080000,7.730000,0.183406,-0.007096,1.076394,0.001380,-0.029799,0.000124,-0.598344,-0.126930,0.545664,-0.071359,0.070181,0.000079,-0.148521,0.000000,1.141817,0.000000,0.000000,0.000000,-0.599959,0.000000,0.517441,0.000000,0.000000,0.000000,0.331927,-0.007096,-0.065423,0.001380,-0.029799,0.000124,0.001615,-0.126930,0.028223,0.338387,0.130040
15.090000,7.740000,0.175926,-0.008679,1.083034,0.001097,-0.029516,0.000129,-0.606745,-0.128231,0.546846,-0.071006,0.067814,0.000238,-0.148521,0.000000,1.141817,0.000000,0.000000,0.000000,-0.599959,0.000000,0.517441,0.000000,0.000000,0.000000,0.324446,-0.008679,-0.058783,0.001097,-0.029516,0.000129,-0.006786,-0.128231,0.029405,0.329843,0.131734
15.101000,7.751000,0.169858,-0.009961,1.088503,0.000715,-0.028718,0.000134,-0.609574,-0.128339,0.544573,-0.070270,0.069070,0.000406,-0.160472,0.000000,1.151983,0.000000,0.000000,0.000000,-0.595079,0.000000,0.498879,0.000000,0.000000,0.000000,0.330330,-0.009961,-0.063480,0.000715,-0.028718,0.000134,-0.014494,-0.128339,0.045694,0.336522,0.137000
15.110000,7.760000,0.165390,-0.010898,1.092381,0.000271,-0.027514,0.000141,-0.606478,-0.127175,0.536402,-0.066707,0.069978,0.000454,-0.160472,0.000000,1.151983,0.000000,0.000000,0.000000,-0.595079,0.000000,0.498879,0.000000,0.000000,0.000000,0.325862,-0.010898,-0.059602,0.000271,-0.027514,0.000141,-0.011398,-0.127175,0.037524,0.331447,0.133084
15.120000,7.770000,0.159989,-0.012027,1.097055,-0.000076,-0.026619,0.000148,-0.606762,-0.126713,0.530797,-0.063109,0.067465,0.000529,-0.172321,0.000000,1.161764,0.000000,0.000000,0.000000,-0.589824,0.000000,0.479057,0.000000,0.000000,0.000000,0.332311,-0.012027,-0.064709,-0.000076,-0.026619,0.000148,-0.016938,-0.126713,0.051740,0.338766,0.137913
15.131000,7.781000,0.152277,-0.013634,1.103623,-0.000235,-0.026441,0.000156,-0.615348,-0.127976,0.530036,-0.059460,0.060033,0.000469,-0.172321,0.000000,1.161764,0.000000,0.000000,0.000000,-0.589824,0.000000,0.479057,0.000000,0.000000,0.000000,0.324598,-0.013634,-0.058141,-0.000235,-0.026441,0.000156,-0.025525,-0.127976,0.050980,0.330046,0.140101
15.141000,7.791000,0.144397,-0.015270,1.110296,-0.000308,-0.026283,0.000163,-0.624156,-0.129268,0.529641,-0.050522,0.054647,0.000419,-0.184062,0.000000,1.171137,0.000000,0.000000,0.000000,-0.584196,0.000000,0.458024,0.000000,0.000000,0.000000,0.328460,-0.015270,-0.060840,-0.000308,-0.026283,0.000163,-0.039960,-0.129268,0.071617,0.334396,0.153088
15.153000,7.803000,0.137295,-0.016736,1.116214,-0.000391,-0.025947,0.000168,-0.629757,-0.129886,0.526181,-0.047630,0.055062,0.000291,-0.196265,0.000000,1.180513,0.000000,0.000000,0.000000,-0.577889,0.000000,0.434696,0.000000,0.000000,0.000000,0.333560,-0.016736,-0.064299,-0.000391,-0.025947,0.000168,-0.051867,-0.129886,0.091485,0.340113,0.167123
15.162000,7.812000,0.130711,-0.018088,1.121607,-0.000453,-0.025477,0.000172,-0.633231,-0.130059,0.521279,-0.043505,0.051980,0.000180,-0.196265,0.000000,1.180513,0.000000,0.000000,0.000000,-0.577889,0.000000,0.434696,0.000000,0.000000,0.000000,0.326976,-0.018088,-0.058906,-0.000453,-0.025477,0.000172,-0.055342,-0.130059,0.086583,0.332732,0.165755
15.171000,7.821000,0.124395,-0.019379,1.126694,-0.000505,-0.024933,0.000175,-0.635504,-0.129997,0.513530,-0.048505,0.061711,0.000145,-0.196265,0.000000,1.180513,0.000000,0.000000,0.000000,-0.577889,0.000000,0.434696,0.000000,0.000000,0.000000,0.320660,-0.019379,-0.053818,-0.000505,-0.024933,0.000175,-0.057615,-0.129997,0.078833,0.325722,0.162584
15.182000,7.832000,0.118208,-0.020638,1.131575,-0.000569,-0.024317,0.000178,-0.637158,-0.129818,0.504591,-0.050092,0.066097,0.000158,-0.207759,0.000000,1.188975,0.000000,0.000000,0.000000,-0.571509,0.000000,0.411353,0.000000,0.000000,0.000000,0.325968,-0.020638,-0.057399,-0.000569,-0.024317,0.000178,-0.065649,-0.129818,0.093238,0.331626,0.172788
15.190000,7.840000,0.111837,-0.021936,1.136621,-0.001070,-0.023656,0.000180,-0.639345,-0.129767,0.496400,-0.090669,0.073771,0.000029,-0.207759,0.000000,1.188975,0.000000,0.000000,0.000000,-0.571509,0.000000,0.411353,0.000000,0.000000,0.000000,0.319596,-0.021936,-0.052354,-0.001070,-0.023656,0.000180,-0.067836,-0.129767,0.085047,0.324598,0.169335
15.200000,7.850000,0.108471,-0.022604,1.138990,-0.000902,-0.022213,0.000184,-0.630689,-0.127483,0.480676,-0.052644,0.075705,0.000133,-0.218558,0.000000,1.196572,0.000000,0.000000,0.000000,-0.565113,0.000000,0.388213,0.000000,0.000000,0.000000,0.327029,-0.022604,-0.057582,-0.000902,-0.022213,0.000184,-0.065576,-0.127483,0.092463,0.332829,0.170592
15.210000,7.860000,0.102165,-0.023879,1.143797,-0.001058,-0.021407,0.000185,-0.632680,-0.127405,0.472238,-0.039844,0.085520,0.000101,-0.218558,0.000000,1.196572,0.000000,0.000000,0.000000,-0.565113,0.000000,0.388213,0.000000,0.000000,0.000000,0.320722,-0.023879,-0.052775,-0.001058,-0.021407,0.000185,-0.067567,-0.127405,0.084026,0.325912,0.166906
15.223000,7.873000,0.096858,-0.024937,1.147560,-0.001220,-0.020293,0.000186,-0.631048,-0.126571,0.461012,-0.036316,0.094668,0.000041,-0.231462,0.000000,1.205168,0.000000,0.000000,0.000000,-0.556940,0.000000,0.359022,0.000000,0.000000,0.000000,0.328321,-0.024937,-0.057608,-0.001220,-0.020293,0.000186,-0.074108,-0.126571,0.101990,0.334268,0.178645
15.234000,7.884000,0.089285,-0.026452,1.153000,-0.001211,-0.019692,0.000186,-0.637514,-0.127385,0.456032,-0.052785,0.092186,-0.000102,-0.240877,0.000000,1.211082,0.000000,0.000000,0.000000,-0.550600,0.000000,0.336670,0.000000,0.000000,0.000000,0.330162,-0.026452,-0.058082,-0.001211,-0.019692,0.000186,-0.086915,-0.127385,0.119363,0.336274,0.195009
15.240000,7.890000,0.082910,-0.027726,1.157560,-0.001739,-0.018770,0.000184,-0.639300,-0.127275,0.448617,-0.096010,0.086407,-0.000221,-0.240877,0.000000,1.211082,0.000000,0.000000,0.000000,-0.550600,0.000000,0.336670,0.000000,0.000000,0.000000,0.323787,-0.027726,-0.053522,-0.001739,-0.018770,0.000184,-0.088701,-0.127275,0.111948,0.329350,0.191309
15.251000,7.901000,0.078294,-0.028634,1.160601,-0.001431,-0.017212,0.000180,-0.634700,-0.125891,0.436148,-0.048492,0.097091,-0.000379,-0.240877,0.000000,1.211082,0.000000,0.000000,0.000000,-0.550600,0.000000,0.336670,0.000000,0.000000,0.000000,0.319171,-0.028634,-0.050480,-0.001431,-0.017212,0.000180,-0.084100,-0.125891,0.099478,0.324404,0.181155
15.263000,7.913000,0.070775,-0.030122,1.165663,-0.001842,-0.016597,0.000175,-0.640540,-0.126609,0.429937,-0.087015,0.091030,-0.000447,-0.251812,0.000000,1.217546,0.000000,0.000000,0.000000,-0.542819,0.000000,0.309590,0.000000,0.000000,0.000000,0.322587,-0.030122,-0.051883,-0.001842,-0.016597,0.000175,-0.097720,-0.126609,0.120347,0.328118,0.200156
15.272000,7.922000,0.063860,-0.031485,1.170190,-0.001563,-0.015654,0.000167,-0.643912,-0.126845,0.422538,-0.054858,0.091502,-0.000546,-0.262587,0.000000,1.223460,0.000000,0.000000,0.000000,-0.534696,0.000000,0.281727,0.000000,0.000000,0.000000,0.326447,-0.031485,-0.053270,-0.001563,-0.015654,0.000167,-0.109217,-0.126845,0.140810,0.332260,0.218736
15.281000,7.931000,0.057314,-0.032770,1.174363,-0.001741,-0.014713,0.000160,-0.645739,-0.126778,0.414318,-0.061183,0.086195,-0.000593,-0.262587,0.000000,1.223460,0.000000,0.000000,0.000000,-0.534696,0.000000,0.281727,0.000000,0.000000,0.000000,0.319901,-0.032770,-0.049097,-0.001741,-0.014713,0.000160,-0.111044,-0.126778,0.132590,0.325301,0.214438
15.293000,7.943000,0.050958,-0.034013,1.178309,-0.001962,-0.013763,0.000153,-0.646674,-0.126550,0.402307,-0.064218,0.089531,-0.000537,-0.273197,0.000000,1.228810,0.000000,0.000000,0.000000,-0.526234,0.000000,0.253154,0.000000,0.000000,0.000000,0.324155,-0.034013,-0.050501,-0.001962,-0.013763,0.000153,-0.120439,-0.126550,0.149153,0.329824,0.229711
15.300000,7.950000,0.044491,-0.035279,1.182332,-0.002604,-0.012868,0.000146,-0.647867,-0.126380,0.390875,-0.103289,0.085796,-0.000478,-0.273197,0.000000,1.228810,0.000000,0.000000,0.000000,-0.526234,0.000000,0.253154,0.000000,0.000000,0.000000,0.317689,-0.035279,-0.046478,-0.002604,-0.012868,0.000146,-0.121632,-0.126380,0.137721,0.323003,0.223010
15.311000,7.961000,0.041021,-0.035945,1.184116,-0.002624,-0.011167,0.000138,-0.638315,-0.124075,0.374871,-0.064383,0.087209,-0.000482,-0.273197,0.000000,1.228810,0.000000,0.000000,0.000000,-0.526234,0.000000,0.253154,0.000000,0.000000,0.000000,0.314218,-0.035945,-0.044694,-0.002624,-0.011167,0.000138,-0.112081,-0.124075,0.121718,0.319410,0.206814
15.320000,7.970000,0.034638,-0.037186,1.187865,-0.002901,-0.010283,0.000131,-0.639301,-0.123848,0.365040,-0.067162,0.085241,-0.000441,-0.283634,0.000000,1.233582,0.000000,0.000000,0.000000,-0.517441,0.000000,0.223940,0.000000,0.000000,0.000000,0.318272,-0.037186,-0.045718,-0.002901,-0.010283,0.000131,-0.121860,-0.123848,0.141100,0.323682,0.223825
15.330000,7.980000,0.030978,-0.037889,1.189792,-0.003348,-0.008691,0.000124,-0.630469,-0.121687,0.350972,-0.066618,0.077513,-0.000405,-0.283634,0.000000,1.233582,0.000000,0.000000,0.000000,-0.517441,0.000000,0.223940,0.000000,0.000000,0.000000,0.314612,-0.037889,-0.043790,-0.003348,-0.008691,0.000124,-0.113028,-0.121687,0.127032,0.319897,0.209094
15.340000,7.990000,0.023772,-0.039276,1.193620,-0.003576,-0.008206,0.000119,-0.634678,-0.122042,0.342842,-0.065427,0.074521,-0.000246,-0.294401,0.000000,1.237958,0.000000,0.000000,0.000000,-0.507856,0.000000,0.192659,0.000000,0.000000,0.000000,0.318172,-0.039276,-0.044338,-0.003576,-0.008206,0.000119,-0.126822,-0.122042,0.150184,0.323639,0.231373
15.351000,8.001000,0.015807,-0.040805,1.197807,-0.003786,-0.007924,0.000116,-0.641363,-0.122861,0.336171,-0.061140,0.064555,-0.000058,-0.294401,0.000000,1.237958,0.000000,0.000000,0.000000,-0.507856,0.000000,0.192659,0.000000,0.000000,0.000000,0.310207,-0.040805,-0.040151,-0.003786,-0.007924,0.000116,-0.133508,-0.122861,0.143513,0.315445,0.231333
15.360000,8.010000,0.009393,-0.042034,1.201168,-0.004397,-0.007279,0.000113,-0.642070,-0.122523,0.327270,-0.090131,0.051245,-0.000015,-0.305460,0.000000,1.241830,0.000000,0.000000,0.000000,-0.497435,0.000000,0.159314,0.000000,0.000000,0.000000,0.314853,-0.042034,-0.040662,-0.004397,-0.007279,0.000113,-0.144635,-0.122523,0.167957,0.320238,0.253260
15.370000,8.020000,0.006119,-0.042652,1.202658,-0.004487,-0.005626,0.000112,-0.631449,-0.120007,0.311462,-0.061167,0.070973,0.000028,-0.305460,0.000000,1.241830,0.000000,0.000000,0.000000,-0.497435,0.000000,0.159314,0.000000,0.000000,0.000000,0.311579,-0.042652,-0.039172,-0.004487,-0.005626,0.000112,-0.134014,-0.120007,0.152149,0.316915,0.235607
15.380000,8.030000,-0.000996,-0.044000,1.205942,-0.004578,-0.005321,0.000112,-0.635021,-0.120196,0.301338,-0.054062,0.065507,0.000179,-0.314823,0.000000,1.244580,0.000000,0.000000,0.000000,-0.488130,0.000000,0.130120,0.000000,0.000000,0.000000,0.313827,-0.044000,-0.038638,-0.004578,-0.005321,0.000112,-0.146892,-0.120196,0.171218,0.319243,0.255616
15.390000,8.040000,-0.008942,-0.045502,1.209576,-0.004640,-0.005184,0.000113,-0.641359,-0.120904,0.292371,-0.047607,0.054514,0.000260,-0.314823,0.000000,1.244580,0.000000,0.000000,0.000000,-0.488130,0.000000,0.130120,0.000000,0.000000,0.000000,0.305881,-0.045502,-0.035004,-0.004640,-0.005184,0.000113,-0.153230,-0.120904,0.162251,0.311222,0.253816
15.401000,8.051000,-0.016134,-0.046854,1.212701,-0.004692,-0.004830,0.000115,-0.644703,-0.121038,0.282168,-0.043232,0.051579,0.000310,-0.324007,0.000000,1.246773,0.000000,0.000000,0.000000,-0.478545,0.000000,0.100630,0.000000,0.000000,0.000000,0.307872,-0.046854,-0.034072,-0.004692,-0.004830,0.000115,-0.166158,-0.121038,0.181538,0.313276,0.274253
15.410000,8.060000,-0.022581,-0.048065,1.215522,-0.005125,-0.004315,0.000115,-0.645120,-0.120633,0.270382,-0.081286,0.057868,0.000184,-0.324007,0.000000,1.246773,0.000000,0.000000,0.000000,-0.478545,0.000000,0.100630,0.000000,0.000000,0.000000,0.301425,-0.048065,-0.031251,-0.005125,-0.004315,0.000115,-0.166575,-0.120633,0.169753,0.306829,0.266675
15.423000,8.073000,-0.026722,-0.048828,1.216901,-0.004892,-0.003120,0.000119,-0.637326,-0.118672,0.254746,-0.046067,0.067436,0.000327,-0.334410,0.000000,1.248608,0.000000,0.000000,0.000000,-0.467108,0.000000,0.066201,0.000000,0.000000,0.000000,0.307688,-0.048828,-0.031707,-0.004892,-0.003120,0.000119,-0.170219,-0.118672,0.188545,0.313147,0.280369
15.433000,8.083000,-0.033095,-0.050015,1.219449,-0.004955,-0.002433,0.000120,-0.637594,-0.118255,0.242396,-0.032387,0.078790,0.000321,-0.334410,0.000000,1.248608,0.000000,0.000000,0.000000,-0.467108,0.000000,0.066201,0.000000,0.000000,0.000000,0.301314,-0.050015,-0.029160,-0.004955,-0.002433,0.000120,-0.170486,-0.118255,0.176195,0.306826,0.272203
15.441000,8.091000,-0.038635,-0.051035,1.221231,-0.004986,-0.001520,0.000120,-0.634959,-0.117285,0.228179,-0.026861,0.087807,0.000165,-0.342731,0.000000,1.249545,0.000000,0.000000,0.000000,-0.457484,0.000000,0.037876,0.000000,0.000000,0.000000,0.304096,-0.051035,-0.028314,-0.004986,-0.001520,0.000120,-0.177475,-0.117285,0.190302,0.309646,0.285426
15.450000,8.100000,-0.044985,-0.052207,1.223513,-0.004949,-0.000652,0.000116,-0.635089,-0.116860,0.215825,-0.043625,0.086142,-0.000140,-0.342731,0.000000,1.249545,0.000000,0.000000,0.000000,-0.457484,0.000000,0.037876,0.000000,0.000000,0.000000,0.297747,-0.052207,-0.026033,-0.004949,-0.000652,0.000116,-0.177606,-0.116860,0.177949,0.303408,0.277247
15.460000,8.110000,-0.052861,-0.053651,1.225909,-0.005295,-0.000262,0.000110,-0.640709,-0.117449,0.204166,-0.088373,0.085441,-0.000280,-0.351325,0.000000,1.249980,0.000000,0.000000,0.000000,-0.447071,0.000000,0.007895,0.000000,0.000000,0.000000,0.298464,-0.053651,-0.024071,-0.005295,-0.000262,0.000110,-0.193638,-0.117449,0.196271,0.304202,0.299686
15.470000,8.120000,-0.059268,-0.054826,1.227951,-0.004823,0.000714,0.000102,-0.640728,-0.117038,0.192090,-0.042103,0.089373,-0.000351,-0.351325,0.000000,1.249980,0.000000,0.000000,0.000000,-0.447071,0.000000,0.007895,0.000000,0.000000,0.000000,0.292057,-0.054826,-0.022029,-0.004823,0.000714,0.000102,-0.193657,-0.117038,0.184194,0.297974,0.291768
15.480000,8.130000,-0.061900,-0.055299,1.228454,-0.005016,0.002720,0.000092,-0.627229,-0.114148,0.175916,-0.045669,0.093872,-0.000564,-0.360155,0.000000,1.249822,0.000000,0.000000,0.000000,-0.435835,0.000000,-0.023681,0.000000,0.000000,0.000000,0.298254,-0.055299,-0.021368,-0.005016,0.002720,0.000092,-0.191393,-0.114148,0.199598,0.304089,0.299167
15.496000,8.146000,-0.068827,-0.056556,1.230133,-0.005036,0.003446,0.000081,-0.629545,-0.114174,0.163190,-0.053867,0.103076,-0.000641,-0.368757,0.000000,1.249033,0.000000,0.000000,0.000000,-0.424324,0.000000,-0.055199,0.000000,0.000000,0.000000,0.299929,-0.056556,-0.018901,-0.005036,0.003446,0.000081,-0.205221,-0.114174,0.218389,0.305800,0.320694
15.503000,8.153000,-0.076677,-0.057978,1.232012,-0.005144,0.004021,0.000070,-0.634973,-0.114777,0.151424,-0.064333,0.107191,-0.000604,-0.368757,0.000000,1.249033,0.000000,0.000000,0.000000,-0.424324,0.000000,-0.055199,0.000000,0.000000,0.000000,0.292080,-0.057978,-0.017021,-0.005144,0.004021,0.000070,-0.210648,-0.114777,0.206622,0.298265,0.316606
15.510000,8.160000,-0.083027,-0.059126,1.233526,-0.005788,0.005093,0.000058,-0.634614,-0.114318,0.142592,-0.100691,0.093230,-0.000465,-0.368757,0.000000,1.249033,0.000000,0.000000,0.000000,-0.424324,0.000000,-0.055199,0.000000,0.000000,0.000000,0.285730,-0.059126,-0.015507,-0.005788,0.005093,0.000058,-0.210290,-0.114318,0.197790,0.292195,0.310502
15.520000,8.170000,-0.086214,-0.059695,1.233986,-0.005812,0.007103,0.000047,-0.622845,-0.111789,0.130948,-0.064589,0.093888,-0.000375,-0.377126,0.000000,1.247615,0.000000,0.000000,0.000000,-0.412545,0.000000,-0.086576,0.000000,0.000000,0.000000,0.290912,-0.059695,-0.013630,-0.005812,0.007103,0.000047,-0.210300,-0.111789,0.217524,0.297286,0.322552
15.531000,8.181000,-0.093214,-0.060949,1.235159,-0.006020,0.007790,0.000040,-0.625235,-0.111824,0.117396,-0.046926,0.099930,-0.000122,-0.377126,0.000000,1.247615,0.000000,0.000000,0.000000,-0.412545,0.000000,-0.086576,0.000000,0.000000,0.000000,0.283911,-0.060949,-0.012457,-0.006020,0.007790,0.000040,-0.212690,-0.111824,0.203972,0.290647,0.315193
15.540000,8.190000,-0.099467,-0.062068,1.236333,-0.006490,0.008790,0.000033,-0.624573,-0.111313,0.104241,-0.062701,0.098067,-0.000022,-0.385257,0.000000,1.245572,0.000000,0.000000,0.000000,-0.400505,0.000000,-0.117735,0.000000,0.000000,0.000000,0.285790,-0.062068,-0.009239,-0.006490,0.008790,0.000033,-0.224068,-0.111313,0.221976,0.292598,0.334470
15.550000,8.200000,-0.103816,-0.062840,1.236786,-0.006645,0.010217,0.000027,-0.617084,-0.109569,0.089143,-0.064607,0.086152,-0.000037,-0.385257,0.000000,1.245572,0.000000,0.000000,0.000000,-0.400505,0.000000,-0.117735,0.000000,0.000000,0.000000,0.281441,-0.062840,-0.008786,-0.006645,0.010217,0.000027,-0.216578,-0.109569,0.206878,0.288505,0.318920
15.560000,8.210000,-0.109244,-0.063802,1.237384,-0.006830,0.011288,0.000021,-0.613659,-0.108554,0.074908,-0.059927,0.082684,0.000006,-0.393144,0.000000,1.242908,0.000000,0.000000,0.000000,-0.388213,0.000000,-0.148597,0.000000,0.000000,0.000000,0.283900,-0.063802,-0.005524,-0.006830,0.011288,0.000021,-0.225447,-0.108554,0.223505,0.291034,0.335507
15.573000,8.223000,-0.117039,-0.065180,1.238084,-0.006842,0.011547,0.000016,-0.618940,-0.109080,0.061513,-0.044624,0.076939,0.000050,-0.400783,0.000000,1.239630,0.000000,0.000000,0.000000,-0.375675,0.000000,-0.179083,0.000000,0.000000,0.000000,0.283745,-0.065180,-0.001546,-0.006842,0.011547,0.000016,-0.243265,-0.109080,0.240596,0.291139,0.359114
15.580000,8.230000,-0.124980,-0.066578,1.238707,-0.007189,0.011764,0.000012,-0.624438,-0.109640,0.048285,-0.073076,0.067467,0.000056,-0.400783,0.000000,1.239630,0.000000,0.000000,0.000000,-0.375675,0.000000,-0.179083,0.000000,0.000000,0.000000,0.275803,-0.066578,-0.000923,-0.007189,0.011764,0.000012,-0.248763,-0.109640,0.227368,0.283727,0.354401
15.590000,8.240000,-0.131224,-0.067675,1.239190,-0.007007,0.012605,0.000008,-0.623434,-0.109057,0.035060,-0.051690,0.076674,0.000106,-0.400783,0.000000,1.239630,0.000000,0.000000,0.000000,-0.375675,0.000000,-0.179083,0.000000,0.000000,0.000000,0.269559,-0.067675,-0.000440,-0.007007,0.012605,0.000008,-0.247760,-0.109057,0.214143,0.277925,0.345160
15.602000,8.252000,-0.136205,-0.068541,1.239028,-0.007100,0.013588,0.000007,-0.618017,-0.107693,0.020341,-0.048567,0.071859,0.000264,-0.408170,0.000000,1.235748,0.000000,0.000000,0.000000,-0.362900,0.000000,-0.209117,0.000000,0.000000,0.000000,0.271964,-0.068541,0.003280,-0.007100,0.013588,0.000007,-0.255117,-0.107693,0.229457,0.280487,0.359629
15.611000,8.261000,-0.142385,-0.069617,1.239231,-0.007223,0.014312,0.000007,-0.616915,-0.107119,0.003275,-0.050394,0.082395,0.000423,-0.408170,0.000000,1.235748,0.000000,0.000000,0.000000,-0.362900,0.000000,-0.209117,0.000000,0.000000,0.000000,0.265784,-0.069617,0.003483,-0.007223,0.014312,0.000007,-0.254016,-0.107119,0.212392,0.274773,0.348007
15.620000,8.270000,-0.146204,-0.070276,1.238929,-0.007832,0.015744,0.000005,-0.607376,-0.105067,-0.014767,-0.086721,0.092497,0.000406,-0.415298,0.000000,1.231269,0.000000,0.000000,0.000000,-0.349895,0.000000,-0.238622,0.000000,0.000000,0.000000,0.269094,-0.070276,0.007660,-0.007832,0.015744,0.000005,-0.257481,-0.105067,0.223856,0.278225,0.356997
15.630000,8.280000,-0.151380,-0.071170,1.238598,-0.007632,0.016612,0.000006,-0.602922,-0.103891,-0.028006,-0.052984,0.080076,0.000425,-0.415298,0.000000,1.231269,0.000000,0.000000,0.000000,-0.349895,0.000000,-0.238622,0.000000,0.000000,0.000000,0.263918,-0.071170,0.007328,-0.007632,0.016612,0.000006,-0.253027,-0.103891,0.210616,0.273444,0.345218
15.640000,8.290000,-0.156958,-0.072130,1.238182,-0.007786,0.017495,0.000006,-0.600000,-0.102982,-0.041106,-0.055521,0.085574,0.000448,-0.422164,0.000000,1.226207,0.000000,0.000000,0.000000,-0.336670,0.000000,-0.267525,0.000000,0.000000,0.000000,0.265206,-0.072130,0.011975,-0.007786,0.017495,0.000006,-0.263330,-0.102982,0.226419,0.275100,0.362234
15.650000,8.300000,-0.162702,-0.073115,1.237643,-0.007973,0.018383,0.000005,-0.597694,-0.102177,-0.053501,-0.054985,0.085547,0.000437,-0.422164,0.000000,1.226207,0.000000,0.000000,0.000000,-0.336670,0.000000,-0.267525,0.000000,0.000000,0.000000,0.259462,-0.073115,0.011437,-0.007973,0.018383,0.000005,-0.261024,-0.102177,0.214024,0.269810,0.352675
15.660000,8.310000,-0.168514,-0.074108,1.236976,-0.008182,0.019297,0.000004,-0.595644,-0.101413,-0.065911,-0.057215,0.090227,0.000438,-0.428763,0.000000,1.220573,0.000000,0.000000,0.000000,-0.323232,0.000000,-0.295752,0.000000,0.000000,0.000000,0.260249,-0.074108,0.016403,-0.008182,0.019297,0.000004,-0.272412,-0.101413,0.229841,0.271092,0.370567
15.673000,8.323000,-0.176393,-0.075449,1.235842,-0.008284,0.019604,0.000002,-0.601249,-0.101967,-0.083173,-0.056096,0.096980,0.000442,-0.435092,0.000000,1.214382,0.000000,0.000000,0.000000,-0.309590,0.000000,-0.323232,0.000000,0.000000,0.000000,0.258699,-0.075449,0.021460,-0.008284,0.019604,0.000002,-0.291660,-0.101967,0.240059,0.270330,0.391268
15.680000,8.330000,-0.182405,-0.076469,1.235010,-0.008845,0.020574,-0.000001,-0.599637,-0.101286,-0.099043,-0.087537,0.096659,0.000348,-0.435092,0.000000,1.214382,0.000000,0.000000,0.000000,-0.309590,0.000000,-0.323232,0.000000,0.000000,0.000000,0.252686,-0.076469,0.020628,-0.008845,0.020574,-0.000001,-0.290047,-0.101286,0.224189,0.264808,0.380325
15.690000,8.340000,-0.186923,-0.077230,1.233966,-0.008847,0.021952,-0.000003,-0.592604,-0.099658,-0.110728,-0.058661,0.098281,0.000410,-0.435092,0.000000,1.214382,0.000000,0.000000,0.000000,-0.309590,0.000000,-0.323232,0.000000,0.000000,0.000000,0.248169,-0.077230,0.019584,-0.008847,0.021952,-0.000003,-0.283014,-0.099658,0.212504,0.260645,0.367677
15.700000,8.350000,-0.192248,-0.078124,1.232771,-0.009090,0.023079,-0.000007,-0.588643,-0.098548,-0.122517,-0.058638,0.100152,0.000376,-0.441146,0.000000,1.207649,0.000000,0.000000,0.000000,-0.295752,0.000000,-0.349895,0.000000,0.000000,0.000000,0.248898,-0.078124,0.025122,-0.009090,0.023079,-0.000007,-0.292891,-0.098548,0.227379,0.262078,0.383664
15.713000,8.363000,-0.199770,-0.079383,1.230891,-0.009207,0.023548,-0.000011,-0.592760,-0.098784,-0.135660,-0.053643,0.099367,0.000331,-0.446921,0.000000,1.200392,0.000000,0.000000,0.000000,-0.281727,0.000000,-0.375675,0.000000,0.000000,0.000000,0.247151,-0.079383,0.030499,-0.009207,0.023548,-0.000011,-0.311032,-0.098784,0.240015,0.261372,0.405101
15.720000,8.370000,-0.205697,-0.080371,1.229534,-0.009744,0.024542,-0.000017,-0.590714,-0.097984,-0.146889,-0.082629,0.094350,0.000248,-0.446921,0.000000,1.200392,0.000000,0.000000,0.000000,-0.281727,0.000000,-0.375675,0.000000,0.000000,0.000000,0.241223,-0.080371,0.029143,-0.009744,0.024542,-0.000017,-0.308986,-0.097984,0.228786,0.255925,0.396757
15.730000,8.380000,-0.211884,-0.081394,1.227487,-0.009597,0.025464,-0.000021,-0.589747,-0.097353,-0.159686,-0.052627,0.103594,0.000325,-0.446921,0.000000,1.200392,0.000000,0.000000,0.000000,-0.281727,0.000000,-0.375675,0.000000,0.000000,0.000000,0.235037,-0.081394,0.027095,-0.009597,0.025464,-0.000021,-0.308019,-0.097353,0.215989,0.250203,0.388593
15.742000,8.392000,-0.219147,-0.082591,1.225240,-0.010053,0.026078,-0.000028,-0.592559,-0.097345,-0.172706,-0.083986,0.102904,0.000267,-0.452414,0.000000,1.192628,0.000000,0.000000,0.000000,-0.267525,0.000000,-0.400505,0.000000,0.000000,0.000000,0.233266,-0.082591,0.032611,-0.010053,0.026078,-0.000028,-0.325034,-0.097345,0.227799,0.249596,0.408675
15.750000,8.400000,-0.225073,-0.083564,1.223512,-0.009905,0.027132,-0.000033,-0.590288,-0.096502,-0.183756,-0.051545,0.104621,0.000322,-0.452414,0.000000,1.192628,0.000000,0.000000,0.000000,-0.267525,0.000000,-0.400505,0.000000,0.000000,0.000000,0.227341,-0.083564,0.030884,-0.009905,0.027132,-0.000033,-0.322763,-0.096502,0.216749,0.244173,0.400585
15.760000,8.410000,-0.229434,-0.084270,1.221458,-0.010087,0.028558,-0.000039,-0.582506,-0.094739,-0.195441,-0.048485,0.106846,0.000317,-0.457873,0.000000,1.183953,0.000000,0.000000,0.000000,-0.252431,0.000000,-0.425487,0.000000,0.000000,0.000000,0.228439,-0.084270,0.037505,-0.010087,0.028558,-0.000039,-0.330076,-0.094739,0.230047,0.246358,0.413336
15.770000,8.420000,-0.235259,-0.085218,1.219504,-0.010572,0.029626,-0.000047,-0.580015,-0.093859,-0.206324,-0.080740,0.111920,0.000274,-0.457873,0.000000,1.183953,0.000000,0.000000,0.000000,-0.252431,0.000000,-0.425487,0.000000,0.000000,0.000000,0.222614,-0.085218,0.035550,-0.010572,0.029626,-0.000047,-0.327584,-0.093859,0.219164,0.241004,0.405159
15.782000,8.432000,-0.240367,-0.086038,1.216994,-0.010427,0.030836,-0.000053,-0.575083,-0.092575,-0.218511,-0.050105,0.115822,0.000316,-0.462539,0.000000,1.175662,0.000000,0.000000,0.000000,-0.238622,0.000000,-0.447071,0.000000,0.000000,0.000000,0.222172,-0.086038,0.041331,-0.010427,0.030836,-0.000053,-0.336460,-0.092575,0.228560,0.241808,0.417152
15.790000,8.440000,-0.246118,-0.086964,1.214809,-0.010543,0.032022,-0.000061,-0.572398,-0.091672,-0.229581,-0.033312,0.117910,0.000375,-0.462539,0.000000,1.175662,0.000000,0.000000,0.000000,-0.238622,0.000000,-0.447071,0.000000,0.000000,0.000000,0.216421,-0.086964,0.039146,-0.010543,0.032022,-0.000061,-0.333775,-0.091672,0.217490,0.236502,0.408793
15.800000,8.450000,-0.251351,-0.087797,1.211989,-0.010642,0.033326,-0.000068,-0.567990,-0.090486,-0.242180,-0.027765,0.124470,0.000536,-0.467164,0.000000,1.166503,0.000000,0.000000,0.000000,-0.223940,0.000000,-0.468689,0.000000,0.000000,0.000000,0.215813,-0.087797,0.045486,-0.010642,0.033326,-0.000068,-0.344050,-0.090486,0.226508,0.237387,0.421740
15.810000,8.460000,-0.257031,-0.088702,1.209567,-0.010920,0.034570,-0.000076,-0.565075,-0.089556,-0.252836,-0.065785,0.120594,0.000490,-0.467164,0.000000,1.166503,0.000000,0.000000,0.000000,-0.223940,0.000000,-0.468689,0.000000,0.000000,0.000000,0.210133,-0.088702,0.043064,-0.010920,0.034570,-0.000076,-0.341135,-0.089556,0.215852,0.232117,0.413504
15.822000,8.472000,-0.262248,-0.089524,1.206489,-0.010587,0.035946,-0.000083,-0.560633,-0.088398,-0.265100,-0.040316,0.125407,0.000500,-0.471495,0.000000,1.156923,0.000000,0.000000,0.000000,-0.209117,0.000000,-0.489122,0.000000,0.000000,0.000000,0.209247,-0.089524,0.049566,-0.010587,0.035946,-0.000083,-0.351516,-0.088398,0.224022,0.232929,0.426103
15.830000,8.480000,-0.269039,-0.090593,1.202908,-0.010543,0.036881,-0.000092,-0.561832,-0.088158,-0.278126,-0.026935,0.123940,0.000383,-0.471495,0.000000,1.156923,0.000000,0.000000,0.000000,-0.209117,0.000000,-0.489122,0.000000,0.000000,0.000000,0.202456,-0.090593,0.045985,-0.010543,0.036881,-0.000092,-0.352715,-0.088158,0.210996,0.226518,0.420356
15.842000,8.492000,-0.275171,-0.091553,1.199448,-0.010494,0.038000,-0.000100,-0.560500,-0.087532,-0.290418,-0.023212,0.122526,0.000405,-0.475528,0.000000,1.146946,0.000000,0.000000,0.000000,-0.194161,0.000000,-0.508320,0.000000,0.000000,0.000000,0.200357,-0.091553,0.052502,-0.010494,0.038000,-0.000100,-0.366339,-0.087532,0.217902,0.226454,0.435140
15.851000,8.501000,-0.280878,-0.092442,1.196042,-0.010715,0.039175,-0.000108,-0.557532,-0.086662,-0.301279,-0.064705,0.117873,0.000372,-0.475528,0.000000,1.146946,0.000000,0.000000,0.000000,-0.194161,0.000000,-0.508320,0.000000,0.000000,0.000000,0.194650,-0.092442,0.049095,-0.010715,0.039175,-0.000108,-0.363371,-0.086662,0.207041,0.221008,0.427100
15.860000,8.510000,-0.286453,-0.093308,1.193029,-0.010340,0.040486,-0.000115,-0.554050,-0.085747,-0.310668,-0.041029,0.121646,0.000479,-0.479261,0.000000,1.136599,0.000000,0.000000,0.000000,-0.179083,0.000000,-0.526234,0.000000,0.000000,0.000000,0.192808,-0.093308,0.056430,-0.010340,0.040486,-0.000115,-0.374967,-0.085747,0.215566,0.221508,0.440933
15.871000,8.521000,-0.289481,-0.093770,1.190385,-0.010447,0.042353,-0.000122,-0.541524,-0.083417,-0.318000,-0.030304,0.122995,0.000501,-0.479261,0.000000,1.136599,0.000000,0.000000,0.000000,-0.179083,0.000000,-0.526234,0.000000,0.000000,0.000000,0.189780,-0.093770,0.053786,-0.010447,0.042353,-0.000122,-0.362441,-0.083417,0.208234,0.218408,0.426244
15.880000,8.530000,-0.294896,-0.094604,1.187205,-0.010750,0.043583,-0.000130,-0.537734,-0.082484,-0.326679,-0.055388,0.122228,0.000484,-0.483340,0.000000,1.123728,0.000000,0.000000,0.000000,-0.160841,0.000000,-0.545973,0.000000,0.000000,0.000000,0.188445,-0.094604,0.063476,-0.010750,0.043583,-0.000130,-0.376894,-0.082484,0.219293,0.220205,0.443782
15.892000,8.542000,-0.299390,-0.095289,1.183590,-0.010617,0.044969,-0.000140,-0.530827,-0.081065,-0.336642,-0.048572,0.112928,0.000290,-0.483340,0.000000,1.123728,0.000000,0.000000,0.000000,-0.160841,0.000000,-0.545973,0.000000,0.000000,0.000000,0.183950,-0.095289,0.059862,-0.010617,0.044969,-0.000140,-0.369987,-0.081065,0.209330,0.215642,0.432760
15.901000,8.551000,-0.305750,-0.096260,1.179125,-0.010711,0.045828,-0.000151,-0.530695,-0.080708,-0.348824,-0.056294,0.108774,0.000067,-0.485816,0.000000,1.114895,0.000000,0.000000,0.000000,-0.148597,0.000000,-0.558033,0.000000,0.000000,0.000000,0.180066,-0.096260,0.064230,-0.010711,0.045828,-0.000151,-0.382099,-0.080708,0.209209,0.214045,0.443037
15.911000,8.561000,-0.311504,-0.097133,1.174857,-0.011253,0.046758,-0.000162,-0.528016,-0.079937,-0.354189,-0.083928,0.094365,0.000163,-0.488634,0.000000,1.103594,0.000000,0.000000,0.000000,-0.133208,0.000000,-0.571836,0.000000,0.000000,0.000000,0.177130,-0.097133,0.071263,-0.011253,0.046758,-0.000162,-0.394808,-0.079937,0.217648,0.214215,0.457858
15.923000,8.573000,-0.316862,-0.097943,1.170763,-0.011149,0.047888,-0.000174,-0.523893,-0.078942,-0.358886,-0.051722,0.095117,0.000082,-0.488634,0.000000,1.103594,0.000000,0.000000,0.000000,-0.133208,0.000000,-0.571836,0.000000,0.000000,0.000000,0.171772,-0.097943,0.067169,-0.011149,0.047888,-0.000174,-0.390685,-0.078942,0.212950,0.208830,0.451901
15.930000,8.580000,-0.322101,-0.098732,1.167174,-0.011667,0.048839,-0.000184,-0.519586,-0.077941,-0.367118,-0.066697,0.096319,0.000155,-0.488634,0.000000,1.103594,0.000000,0.000000,0.000000,-0.133208,0.000000,-0.571836,0.000000,0.000000,0.000000,0.166533,-0.098732,0.063580,-0.011667,0.048839,-0.000184,-0.386378,-0.077941,0.204718,0.203774,0.444154
15.940000,8.590000,-0.323758,-0.098975,1.165267,-0.011852,0.050762,-0.000197,-0.502552,-0.075001,-0.370233,-0.041281,0.098476,0.000027,-0.491144,0.000000,1.092031,0.000000,0.000000,0.000000,-0.117735,0.000000,-0.584196,0.000000,0.000000,0.000000,0.167385,-0.098975,0.073236,-0.011852,0.050762,-0.000197,-0.384817,-0.075001,0.213962,0.207792,0.446642
15.950000,8.600000,-0.327572,-0.099543,1.161961,-0.012077,0.051964,-0.000209,-0.493750,-0.073302,-0.377534,-0.042733,0.094255,-0.000058,-0.491144,0.000000,1.092031,0.000000,0.000000,0.000000,-0.117735,0.000000,-0.584196,0.000000,0.000000,0.000000,0.163572,-0.099543,0.069930,-0.012077,0.051964,-0.000209,-0.376015,-0.073302,0.206662,0.203849,0.435281
15.960000,8.610000,-0.331935,-0.100189,1.158181,-0.012215,0.052967,-0.000221,-0.487139,-0.071932,-0.386008,-0.036782,0.092391,-0.000110,-0.493343,0.000000,1.080236,0.000000,0.000000,0.000000,-0.102188,0.000000,-0.595079,0.000000,0.000000,0.000000,0.161408,-0.100189,0.077945,-0.012215,0.052967,-0.000221,-0.384951,-0.071932,0.209071,0.205343,0.443928
15.972000,8.622000,-0.336504,-0.100864,1.154139,-0.012283,0.053889,-0.000234,-0.481462,-0.070710,-0.395816,-0.038009,0.079337,-0.000040,-0.493343,0.000000,1.080236,0.000000,0.000000,0.000000,-0.102188,0.000000,-0.595079,0.000000,0.000000,0.000000,0.156839,-0.100864,0.073903,-0.012283,0.053889,-0.000234,-0.379274,-0.070710,0.199264,0.200583,0.434229
15.982000,8.632000,-0.341145,-0.101545,1.149915,-0.012280,0.054751,-0.000246,-0.476170,-0.069554,-0.405875,-0.032129,0.076068,-0.000012,-0.495231,0.000000,1.068238,0.000000,0.000000,0.000000,-0.086576,0.000000,-0.604460,0.000000,0.000000,0.000000,0.154086,-0.101545,0.081677,-0.012280,0.054751,-0.000246,-0.389594,-0.069554,0.198585,0.201804,0.442784
15.990000,8.640000,-0.345795,-0.102225,1.145554,-0.012592,0.055468,-0.000255,-0.470985,-0.068421,-0.415274,-0.061962,0.067016,0.000146,-0.495231,0.000000,1.068238,0.000000,0.000000,0.000000,-0.086576,0.000000,-0.604460,0.000000,0.000000,0.000000,0.149436,-0.102225,0.077316,-0.012592,0.055468,-0.000255,-0.384408,-0.068421,0.189186,0.196872,0.433869
16.001000,8.651000,-0.352046,-0.103134,1.139411,-0.012238,0.055729,-0.000265,-0.471813,-0.068184,-0.429624,-0.034196,0.067996,0.000111,-0.496806,0.000000,1.056068,0.000000,0.000000,0.000000,-0.070910,0.000000,-0.612313,0.000000,0.000000,0.000000,0.144759,-0.103134,0.083343,-0.012238,0.055729,-0.000265,-0.400903,-0.068184,0.182689,0.196311,0.445812
16.010000,8.660000,-0.356765,-0.103816,1.135115,-0.012580,0.056409,-0.000272,-0.466750,-0.067075,-0.436972,-0.052582,0.063059,0.000234,-0.496806,0.000000,1.056068,0.000000,0.000000,0.000000,-0.070910,0.000000,-0.612313,0.000000,0.000000,0.000000,0.140041,-0.103816,0.079047,-0.012580,0.056409,-0.000272,-0.395840,-0.067075,0.175341,0.191410,0.438101
16.021000,8.671000,-0.361747,-0.104532,1.129547,-0.012346,0.056884,-0.000280,-0.462951,-0.066165,-0.447824,-0.024191,0.060917,0.000203,-0.498067,0.000000,1.043756,0.000000,0.000000,0.000000,-0.055199,0.000000,-0.618620,0.000000,0.000000,0.000000,0.136319,-0.104532,0.085791,-0.012346,0.056884,-0.000280,-0.407753,-0.066165,0.170796,0.192016,0.447003
16.030000,8.680000,-0.366377,-0.105194,1.125069,-0.012588,0.057493,-0.000285,-0.457817,-0.065053,-0.455772,-0.047475,0.070414,0.000312,-0.498067,0.000000,1.043756,0.000000,0.000000,0.000000,-0.055199,0.000000,-0.618620,0.000000,0.000000,0.000000,0.131690,-0.105194,0.081313,-0.012588,0.057493,-0.000285,-0.402618,-0.065053,0.162848,0.187136,0.439150
16.041000,8.691000,-0.370786,-0.105819,1.119704,-0.012349,0.057993,-0.000291,-0.452200,-0.063894,-0.466075,-0.025712,0.070313,0.000279,-0.499013,0.000000,1.031333,0.000000,0.000000,0.000000,-0.039452,0.000000,-0.623364,0.000000,0.000000,0.000000,0.128227,-0.105819,0.088371,-0.012349,0.057993,-0.000291,-0.412747,-0.063894,0.157289,0.188280,0.446299
16.052000,8.702000,-0.376294,-0.106598,1.113547,-0.012245,0.058314,-0.000295,-0.450386,-0.063263,-0.474388,-0.023987,0.066625,0.000428,-0.499013,0.000000,1.031333,0.000000,0.000000,0.000000,-0.039452,0.000000,-0.623364,0.000000,0.000000,0.000000,0.122719,-0.106598,0.082214,-0.012245,0.058314,-0.000295,-0.410934,-0.063263,0.148976,0.182160,0.441659
16.061000,8.711000,-0.381220,-0.107289,1.107818,-0.012199,0.058868,-0.000298,-0.446482,-0.062344,-0.481202,-0.025002,0.072505,0.000602,-0.499668,0.000000,1.018205,0.000000,0.000000,0.000000,-0.022892,0.000000,-0.626650,0.000000,0.000000,0.000000,0.118448,-0.107289,0.089613,-0.012199,0.058868,-0.000298,-0.423589,-0.062344,0.145448,0.183225,0.452183
16.071000,8.721000,-0.385762,-0.107922,1.102357,-0.012191,0.059572,-0.000301,-0.441156,-0.061228,-0.485128,-0.039594,0.082523,0.000706,-0.499668,0.000000,1.018205,0.000000,0.000000,0.000000,-0.022892,0.000000,-0.626650,0.000000,0.000000,0.000000,0.113906,-0.107922,0.084152,-0.012191,0.059572,-0.000301,-0.418263,-0.061228,0.141522,0.178054,0.445782
16.082000,8.732000,-0.390075,-0.108519,1.097038,-0.012276,0.060396,-0.000303,-0.435117,-0.060021,-0.488525,-0.048718,0.089545,0.000838,-0.499961,0.000000,1.006283,0.000000,0.000000,0.000000,-0.007895,0.000000,-0.628120,0.000000,0.000000,0.000000,0.109886,-0.108519,0.090755,-0.012276,0.060396,-0.000303,-0.427222,-0.060021,0.139595,0.179130,0.453440
16.090000,8.740000,-0.394426,-0.109119,1.092153,-0.012480,0.061300,-0.000305,-0.429374,-0.058859,-0.491659,-0.053272,0.101887,0.000892,-0.499961,0.000000,1.006283,0.000000,0.000000,0.000000,-0.007895,0.000000,-0.628120,0.000000,0.000000,0.000000,0.105535,-0.109119,0.085870,-0.012480,0.061300,-0.000305,-0.421479,-0.058859,0.136461,0.174408,0.446912
16.100000,8.750000,-0.396604,-0.109412,1.088474,-0.012853,0.062804,-0.000307,-0.416092,-0.056652,-0.491204,-0.063416,0.111652,0.000934,-0.499961,0.000000,0.993717,0.000000,0.000000,0.000000,0.007895,0.000000,-0.628120,0.000000,0.000000,0.000000,0.103357,-0.109412,0.094757,-0.012853,0.062804,-0.000307,-0.423987,-0.056652,0.136916,0.177855,0.449133
16.110000,8.760000,-0.400765,-0.109979,1.083562,-0.013487,0.063920,-0.000312,-0.409971,-0.055403,-0.491980,-0.087002,0.108456,0.000915,-0.499961,0.000000,0.993717,0.000000,0.000000,0.000000,0.007895,0.000000,-0.628120,0.000000,0.000000,0.000000,0.099196,-0.109979,0.089845,-0.013487,0.063920,-0.000312,-0.417866,-0.055403,0.136140,0.173226,0.442962
16.120000,8.770000,-0.403043,-0.110285,1.080078,-0.013718,0.065488,-0.000317,-0.397281,-0.053250,-0.488590,-0.066375,0.107286,0.000930,-0.499645,0.000000,0.981168,0.000000,0.000000,0.000000,0.023681,0.000000,-0.626533,0.000000,0.000000,0.000000,0.096602,-0.110285,0.098910,-0.013718,0.065488,-0.000317,-0.420963,-0.053250,0.137943,0.176855,0.446177
16.130000,8.780000,-0.406335,-0.110726,1.075489,-0.014199,0.066784,-0.000321,-0.388599,-0.051625,-0.489099,-0.054235,0.103547,0.001031,-0.499645,0.000000,0.981168,0.000000,0.000000,0.000000,0.023681,0.000000,-0.626533,0.000000,0.000000,0.000000,0.093310,-0.110726,0.094321,-0.014199,0.066784,-0.000321,-0.412280,-0.051625,0.137434,0.172810,0.437639
16.140000,8.790000,-0.409892,-0.111199,1.070507,-0.014697,0.067989,-0.000324,-0.381061,-0.050125,-0.490749,-0.055471,0.104428,0.001257,-0.499013,0.000000,0.968667,0.000000,0.000000,0.000000,0.039452,0.000000,-0.623364,0.000000,0.000000,0.000000,0.089121,-0.111199,0.101840,-0.014697,0.067989,-0.000324,-0.420514,-0.050125,0.132615,0.175155,0.443769
16.150000,8.800000,-0.413529,-0.111679,1.065329,-0.015093,0.069074,-0.000323,-0.374029,-0.048669,-0.493863,-0.057782,0.090396,0.001614,-0.499013,0.000000,0.968667,0.000000,0.000000,0.000000,0.039452,0.000000,-0.623364,0.000000,0.000000,0.000000,0.085485,-0.111679,0.096662,-0.015093,0.069074,-0.000323,-0.413482,-0.048669,0.129501,0.170655,0.436012
16.160000,8.810000,-0.418450,-0.112321,1.058038,-0.015350,0.069571,-0.000318,-0.371883,-0.047833,-0.503082,-0.049604,0.074661,0.001732,-0.498067,0.000000,0.956244,0.000000,0.000000,0.000000,0.055199,0.000000,-0.618620,0.000000,0.000000,0.000000,0.079617,-0.112321,0.101794,-0.015350,0.069571,-0.000318,-0.427082,-0.047833,0.115538,0.171222,0.445012
16.171000,8.821000,-0.423258,-0.112941,1.051013,-0.015797,0.069966,-0.000312,-0.369212,-0.046883,-0.510700,-0.060962,0.056034,0.001528,-0.498067,0.000000,0.956244,0.000000,0.000000,0.000000,0.055199,0.000000,-0.618620,0.000000,0.000000,0.000000,0.074809,-0.112941,0.094769,-0.015797,0.069966,-0.000312,-0.424411,-0.046883,0.107920,0.165327,0.440419
16.180000,8.830000,-0.426950,-0.113409,1.045906,-0.015835,0.070785,-0.000304,-0.362448,-0.045384,-0.512442,-0.035828,0.053887,0.001535,-0.496662,0.000000,0.942708,0.000000,0.000000,0.000000,0.072479,0.000000,-0.611597,0.000000,0.000000,0.000000,0.069712,-0.113409,0.103198,-0.015835,0.070785,-0.000304,-0.434927,-0.045384,0.099156,0.168438,0.448389
16.190000,8.840000,-0.429822,-0.113764,1.040660,-0.015987,0.071416,-0.000296,-0.352857,-0.043497,-0.511503,-0.024725,0.050915,0.001363,-0.496662,0.000000,0.942708,0.000000,0.000000,0.000000,0.072479,0.000000,-0.611597,0.000000,0.000000,0.000000,0.066840,-0.113764,0.097951,-0.015987,0.071416,-0.000296,-0.425335,-0.043497,0.100094,0.164330,0.439114
16.200000,8.850000,-0.434030,-0.114281,1.034016,-0.016019,0.071629,-0.000289,-0.348285,-0.042228,-0.514703,-0.016623,0.044242,0.001160,-0.495231,0.000000,0.931762,0.000000,0.000000,0.000000,0.086576,0.000000,-0.604460,0.000000,0.000000,0.000000,0.061201,-0.114281,0.102254,-0.016019,0.071629,-0.000289,-0.434861,-0.042228,0.089757,0.165111,0.446031
16.210000,8.860000,-0.437512,-0.114704,1.028869,-0.016185,0.072072,-0.000284,-0.341129,-0.040632,-0.513090,-0.039382,0.043125,0.000993,-0.495231,0.000000,0.931762,0.000000,0.000000,0.000000,0.086576,0.000000,-0.604460,0.000000,0.000000,0.000000,0.057718,-0.114704,0.097107,-0.016185,0.072072,-0.000284,-0.427706,-0.040632,0.091370,0.160991,0.439240
16.220000,8.870000,-0.439007,-0.114874,1.025783,-0.016043,0.072961,-0.000277,-0.327117,-0.038211,-0.505537,-0.024466,0.040094,0.001047,-0.493137,0.000000,0.918575,0.000000,0.000000,0.000000,0.103746,0.000000,-0.594058,0.000000,0.000000,0.000000,0.054130,-0.114874,0.107208,-0.016043,0.072961,-0.000277,-0.430863,-0.038211,0.088521,0.166192,0.441519
16.230000,8.880000,-0.441611,-0.115175,1.021193,-0.016028,0.073480,-0.000271,-0.317448,-0.036329,-0.501539,-0.015709,0.041941,0.001090,-0.493137,0.000000,0.918575,0.000000,0.000000,0.000000,0.103746,0.000000,-0.594058,0.000000,0.000000,0.000000,0.051526,-0.115175,0.102618,-0.016028,0.073480,-0.000271,-0.421194,-0.036329,0.092519,0.162637,0.432763
16.240000,8.890000,-0.444471,-0.115502,1.016156,-0.016015,0.073893,-0.000265,-0.309003,-0.034605,-0.498965,-0.015542,0.041646,0.001029,-0.491144,0.000000,0.907969,0.000000,0.000000,0.000000,0.117735,0.000000,-0.584196,0.000000,0.000000,0.000000,0.046672,-0.115502,0.108187,-0.016015,0.073893,-0.000265,-0.426738,-0.034605,0.085231,0.164995,0.436540
16.250000,8.900000,-0.447400,-0.115831,1.010917,-0.015997,0.074277,-0.000261,-0.301169,-0.032974,-0.498426,-0.024162,0.036903,0.000900,-0.491144,0.000000,0.907969,0.000000,0.000000,0.000000,0.117735,0.000000,-0.584196,0.000000,0.000000,0.000000,0.043744,-0.115831,0.102949,-0.015997,0.074277,-0.000261,-0.418904,-0.032974,0.085770,0.161024,0.428864
16.263000,8.913000,-0.451356,-0.116268,1.003545,-0.015957,0.074319,-0.000259,-0.297351,-0.031804,-0.503659,-0.022085,0.037766,0.000715,-0.488634,0.000000,0.896406,0.000000,0.000000,0.000000,0.133208,0.000000,-0.571836,0.000000,0.000000,0.000000,0.037278,-0.116268,0.107139,-0.015957,0.074319,-0.000259,-0.430559,-0.031804,0.068178,0.162439,0.437082
16.273000,8.923000,-0.455202,-0.116680,0.996485,-0.016021,0.074434,-0.000260,-0.293170,-0.030574,-0.507863,-0.029617,0.036748,0.000516,-0.488634,0.000000,0.896406,0.000000,0.000000,0.000000,0.133208,0.000000,-0.571836,0.000000,0.000000,0.000000,0.033433,-0.116680,0.100078,-0.016021,0.074434,-0.000260,-0.426378,-0.030574,0.063974,0.157314,0.432234
16.280000,8.930000,-0.458133,-0.116986,0.991406,-0.016317,0.074802,-0.000260,-0.285722,-0.028976,-0.506101,-0.048697,0.032962,0.000448,-0.485816,0.000000,0.885105,0.000000,0.000000,0.000000,0.148597,0.000000,-0.558033,0.000000,0.000000,0.000000,0.027683,-0.116986,0.106301,-0.016317,0.074802,-0.000260,-0.434319,-0.028976,0.051931,0.160474,0.438371
16.290000,8.940000,-0.459612,-0.117132,0.987923,-0.016322,0.075560,-0.000261,-0.273124,-0.026817,-0.496796,-0.032292,0.040537,0.000524,-0.485816,0.000000,0.885105,0.000000,0.000000,0.000000,0.148597,0.000000,-0.558033,0.000000,0.000000,0.000000,0.026204,-0.117132,0.102818,-0.016322,0.075560,-0.000261,-0.421721,-0.026817,0.061236,0.158044,0.426986
16.300000,8.950000,-0.462699,-0.117434,0.981393,-0.016479,0.075734,-0.000262,-0.266797,-0.025295,-0.496644,-0.036258,0.039708,0.000498,-0.482691,0.000000,0.874094,0.000000,0.000000,0.000000,0.163892,0.000000,-0.542819,0.000000,0.000000,0.000000,0.019992,-0.117434,0.107299,-0.016479,0.075734,-0.000262,-0.430688,-0.025295,0.046175,0.160323,0.433894
16.311000,8.961000,-0.466034,-0.117751,0.974614,-0.016685,0.075891,-0.000263,-0.261538,-0.023852,-0.497815,-0.036838,0.035174,0.000521,-0.482691,0.000000,0.874094,0.000000,0.000000,0.000000,0.163892,0.000000,-0.542819,0.000000,0.000000,0.000000,0.016657,-0.117751,0.100520,-0.016685,0.075891,-0.000263,-0.425429,-0.023852,0.045004,0.155714,0.428467
16.320000,8.970000,-0.468650,-0.117989,0.969636,-0.017054,0.076243,-0.000264,-0.253760,-0.022147,-0.493656,-0.049646,0.031475,0.000549,-0.479261,0.000000,0.863401,0.000000,0.000000,0.000000,0.179083,0.000000,-0.526234,0.000000,0.000000,0.000000,0.010611,-0.117989,0.106234,-0.017054,0.076243,-0.000264,-0.432843,-0.022147,0.032578,0.159122,0.434632
16.332000,8.982000,-0.470535,-0.118146,0.964682,-0.017212,0.076752,-0.000263,-0.243591,-0.020172,-0.487545,-0.036279,0.038931,0.000654,-0.479261,0.000000,0.863401,0.000000,0.000000,0.000000,0.179083,0.000000,-0.526234,0.000000,0.000000,0.000000,0.008726,-0.118146,0.101280,-0.017212,0.076752,-0.000263,-0.422674,-0.020172,0.038689,0.155860,0.424920
16.340000,8.990000,-0.472970,-0.118348,0.959806,-0.017575,0.077141,-0.000263,-0.235571,-0.018379,-0.481387,-0.045316,0.039929,0.000684,-0.475528,0.000000,0.853054,0.000000,0.000000,0.000000,0.194161,0.000000,-0.508320,0.000000,0.000000,0.000000,0.002558,-0.118348,0.106753,-0.017575,0.077141,-0.000263,-0.429733,-0.018379,0.026933,0.159401,0.430968
16.351000,9.001000,-0.475029,-0.118501,0.954375,-0.017712,0.077501,-0.000261,-0.226586,-0.016470,-0.476882,-0.031553,0.035207,0.000728,-0.475528,0.000000,0.853054,0.000000,0.000000,0.000000,0.194161,0.000000,-0.508320,0.000000,0.000000,0.000000,0.000499,-0.118501,0.101322,-0.017712,0.077501,-0.000261,-0.420747,-0.016470,0.031438,0.155913,0.422241
16.363000,9.013000,-0.477295,-0.118666,0.949607,-0.018027,0.077853,-0.000260,-0.218477,-0.014623,-0.470585,-0.037956,0.032616,0.000723,-0.471495,0.000000,0.843077,0.000000,0.000000,0.000000,0.209117,0.000000,-0.489122,0.000000,0.000000,0.000000,-0.005799,-0.118666,0.106530,-0.018027,0.077853,-0.000260,-0.427594,-0.014623,0.018537,0.159574,0.428245
16.370000,9.020000,-0.479277,-0.118791,0.944101,-0.018109,0.078197,-0.000257,-0.209727,-0.012696,-0.466286,-0.024848,0.033072,0.000815,-0.471495,0.000000,0.843077,0.000000,0.000000,0.000000,0.209117,0.000000,-0.489122,0.000000,0.000000,0.000000,-0.007782,-0.118791,0.101023,-0.018109,0.078197,-0.000257,-0.418844,-0.012696,0.022837,0.156133,0.419658
16.381000,9.031000,-0.481818,-0.118943,0.937842,-0.018231,0.078362,-0.000254,-0.203200,-0.010902,-0.464345,-0.019833,0.030142,0.000846,-0.466940,0.000000,0.833029,0.000000,0.000000,0.000000,0.224678,0.000000,-0.467635,0.000000,0.000000,0.000000,-0.014878,-0.118943,0.104814,-0.018231,0.078362,-0.000254,-0.427878,-0.010902,0.003291,0.159232,0.428029
16.390000,9.040000,-0.483850,-0.119052,0.933199,-0.018325,0.078667,-0.000251,-0.194934,-0.008986,-0.457192,-0.016218,0.026993,0.000814,-0.466940,0.000000,0.833029,0.000000,0.000000,0.000000,0.224678,0.000000,-0.467635,0.000000,0.000000,0.000000,-0.016910,-0.119052,0.100170,-0.018325,0.078667,-0.000251,-0.419611,-0.008986,0.010443,0.156504,0.419837
16.401000,9.051000,-0.485203,-0.119099,0.928681,-0.018384,0.079024,-0.000247,-0.184635,-0.006928,-0.449885,-0.012777,0.024018,0.000780,-0.462539,0.000000,0.824338,0.000000,0.000000,0.000000,0.238622,0.000000,-0.447071,0.000000,0.000000,0.000000,-0.022665,-0.119099,0.104344,-0.018384,0.079024,-0.000247,-0.423257,-0.006928,-0.002814,0.159956,0.423323
16.410000,9.060000,-0.487050,-0.119168,0.924183,-0.018512,0.079264,-0.000243,-0.176215,-0.004975,-0.441687,-0.020320,0.023563,0.000724,-0.462539,0.000000,0.824338,0.000000,0.000000,0.000000,0.238622,0.000000,-0.447071,0.000000,0.000000,0.000000,-0.024511,-0.119168,0.099845,-0.018512,0.079264,-0.000243,-0.414838,-0.004975,0.005384,0.157388,0.414902
16.420000,9.070000,-0.488072,-0.119186,0.920755,-0.018461,0.079681,-0.000239,-0.165182,-0.002916,-0.430612,-0.011594,0.024318,0.000730,-0.457621,0.000000,0.815622,0.000000,0.000000,0.000000,0.253154,0.000000,-0.424324,0.000000,0.000000,0.000000,-0.030451,-0.119186,0.105133,-0.018461,0.079681,-0.000239,-0.418335,-0.002916,-0.006288,0.161820,0.418393
16.431000,9.081000,-0.489985,-0.119217,0.914795,-0.018446,0.079743,-0.000236,-0.157791,-0.000990,-0.427240,-0.004740,0.020595,0.000688,-0.457621,0.000000,0.815622,0.000000,0.000000,0.000000,0.253154,0.000000,-0.424324,0.000000,0.000000,0.000000,-0.032364,-0.119217,0.099173,-0.018446,0.079743,-0.000236,-0.410944,-0.000990,-0.002916,0.158416,0.410956
16.443000,9.093000,-0.491976,-0.119230,0.908804,-0.018418,0.079789,-0.000232,-0.150869,0.000946,-0.424104,-0.001698,0.018152,0.000662,-0.452414,0.000000,0.807372,0.000000,0.000000,0.000000,0.267525,0.000000,-0.400505,0.000000,0.000000,0.000000,-0.039563,-0.119230,0.101433,-0.018418,0.079789,-0.000232,-0.418394,0.000946,-0.023599,0.161461,0.419060
16.450000,9.100000,-0.493485,-0.119221,0.904563,-0.018435,0.079970,-0.000229,-0.142236,0.002932,-0.414263,-0.010137,0.023766,0.000629,-0.452414,0.000000,0.807372,0.000000,0.000000,0.000000,0.267525,0.000000,-0.400505,0.000000,0.000000,0.000000,-0.041071,-0.119221,0.097192,-0.018435,0.079970,-0.000229,-0.409761,0.002932,-0.013757,0.159206,0.410003
16.460000,9.110000,-0.494156,-0.119191,0.901663,-0.018309,0.080305,-0.000225,-0.130952,0.004900,-0.400806,-0.004482,0.024782,0.000671,-0.446921,0.000000,0.799608,0.000000,0.000000,0.000000,0.281727,0.000000,-0.375675,0.000000,0.000000,0.000000,-0.047236,-0.119191,0.102055,-0.018309,0.080305,-0.000225,-0.412680,0.004900,-0.025131,0.163869,0.413474
16.470000,9.120000,-0.495630,-0.119134,0.896166,-0.018239,0.080388,-0.000220,-0.123023,0.006876,-0.395615,0.000437,0.017802,0.000725,-0.446921,0.000000,0.799608,0.000000,0.000000,0.000000,0.281727,0.000000,-0.375675,0.000000,0.000000,0.000000,-0.048709,-0.119134,0.096557,-0.018239,0.080388,-0.000220,-0.404750,0.006876,-0.019940,0.160900,0.405299
16.481000,9.131000,-0.497177,-0.119049,0.890593,-0.018187,0.080476,-0.000216,-0.115566,0.008885,-0.390841,0.000533,0.017329,0.000768,-0.441146,0.000000,0.792351,0.000000,0.000000,0.000000,0.295752,0.000000,-0.349895,0.000000,0.000000,0.000000,-0.056031,-0.119049,0.098242,-0.018187,0.080476,-0.000216,-0.411318,0.008885,-0.040945,0.164206,0.413447
16.490000,9.140000,-0.498332,-0.118960,0.886684,-0.018182,0.080649,-0.000211,-0.106880,0.010842,-0.381257,-0.006876,0.012957,0.000715,-0.441146,0.000000,0.792351,0.000000,0.000000,0.000000,0.295752,0.000000,-0.349895,0.000000,0.000000,0.000000,-0.057187,-0.118960,0.094333,-0.018182,0.080649,-0.000211,-0.402632,0.010842,-0.031361,0.162236,0.403997
16.500000,9.150000,-0.498819,-0.118892,0.883973,-0.018057,0.080995,-0.000206,-0.096141,0.012637,-0.368471,-0.003061,0.014474,0.000729,-0.435092,0.000000,0.785618,0.000000,0.000000,0.000000,0.309590,0.000000,-0.323232,0.000000,0.000000,0.000000,-0.063727,-0.118892,0.098354,-0.018057,0.080995,-0.000206,-0.405731,0.012637,-0.045240,0.166943,0.408441
16.510000,9.160000,-0.499596,-0.118784,0.880359,-0.018011,0.081162,-0.000202,-0.086729,0.014518,-0.357708,0.000380,0.012673,0.000680,-0.435092,0.000000,0.785618,0.000000,0.000000,0.000000,0.309590,0.000000,-0.323232,0.000000,0.000000,0.000000,-0.064505,-0.118784,0.094741,-0.018011,0.081162,-0.000202,-0.396319,0.014518,-0.034476,0.165065,0.398080
16.520000,9.170000,-0.500397,-0.118653,0.876514,-0.017991,0.081256,-0.000197,-0.077721,0.016414,-0.347935,-0.001236,0.008942,0.000623,-0.428763,0.000000,0.779427,0.000000,0.000000,0.000000,0.323232,0.000000,-0.295752,0.000000,0.000000,0.000000,-0.071633,-0.118653,0.097087,-0.017991,0.081256,-0.000197,-0.400953,0.016414,-0.052183,0.169221,0.404667
16.530000,9.180000,-0.501159,-0.118502,0.872603,-0.017977,0.081298,-0.000192,-0.068938,0.018305,-0.339227,-0.003802,0.001823,0.000570,-0.428763,0.000000,0.779427,0.000000,0.000000,0.000000,0.323232,0.000000,-0.295752,0.000000,0.000000,0.000000,-0.072396,-0.118502,0.093176,-0.017977,0.081298,-0.000192,-0.392170,0.018305,-0.043475,0.167229,0.394997
16.540000,9.190000,-0.501860,-0.118330,0.868695,-0.017967,0.081291,-0.000187,-0.060245,0.020196,-0.330766,-0.004338,-0.002576,0.000510,-0.421827,0.000000,0.773526,0.000000,0.000000,0.000000,0.337336,0.000000,-0.266095,0.000000,0.000000,0.000000,-0.080033,-0.118330,0.095169,-0.017967,0.081291,-0.000187,-0.397581,0.020196,-0.064671,0.171652,0.403313
16.551000,9.201000,-0.502486,-0.118140,0.864832,-0.017968,0.081228,-0.000181,-0.051560,0.022095,-0.321935,-0.001732,-0.005381,0.000469,-0.421827,0.000000,0.773526,0.000000,0.000000,0.000000,0.337336,0.000000,-0.266095,0.000000,0.000000,0.000000,-0.080659,-0.118140,0.091306,-0.017968,0.081228,-0.000181,-0.388897,0.022095,-0.055840,0.169705,0.393506
16.560000,9.210000,-0.503034,-0.117931,0.861039,-0.017984,0.081105,-0.000175,-0.042908,0.023996,-0.313157,-0.002826,-0.010935,0.000401,-0.415298,0.000000,0.768731,0.000000,0.000000,0.000000,0.349895,0.000000,-0.238622,0.000000,0.000000,0.000000,-0.087736,-0.117931,0.092308,-0.017984,0.081105,-0.000175,-0.392803,0.023996,-0.074535,0.173569,0.400532
16.572000,9.222000,-0.503677,-0.117626,0.855833,-0.018027,0.080810,-0.000169,-0.034930,0.026188,-0.307855,-0.002579,-0.016430,0.000310,-0.407806,0.000000,0.764044,0.000000,0.000000,0.000000,0.363544,0.000000,-0.207627,0.000000,0.000000,0.000000,-0.095871,-0.117626,0.091789,-0.018027,0.080810,-0.000169,-0.398474,0.026188,-0.100228,0.177348,0.411719
16.581000,9.231000,-0.504162,-0.117293,0.851191,-0.018072,0.080524,-0.000163,-0.026629,0.028416,-0.301079,-0.002391,-0.022174,0.000234,-0.407806,0.000000,0.764044,0.000000,0.000000,0.000000,0.363544,0.000000,-0.207627,0.000000,0.000000,0.000000,-0.096356,-0.117293,0.087147,-0.018072,0.080524,-0.000163,-0.390173,0.028416,-0.093452,0.175034,0.402214
16.592000,9.242000,-0.504478,-0.116968,0.847072,-0.018104,0.080232,-0.000156,-0.017922,0.030564,-0.291472,0.000807,-0.021565,0.000229,-0.400783,0.000000,0.760370,0.000000,0.000000,0.000000,0.375675,0.000000,-0.179083,0.000000,0.000000,0.000000,-0.103695,-0.116968,0.086702,-0.018104,0.080232,-0.000156,-0.393597,0.030564,-0.112389,0.178749,0.410468
16.601000,9.251000,-0.504654,-0.116643,0.843390,-0.018117,0.079947,-0.000149,-0.009053,0.032638,-0.280850,0.002290,-0.022438,0.000214,-0.400783,0.000000,0.760370,0.000000,0.000000,0.000000,0.375675,0.000000,-0.179083,0.000000,0.000000,0.000000,-0.103870,-0.116643,0.083021,-0.018117,0.079947,-0.000149,-0.384728,0.032638,-0.101768,0.176881,0.399296
16.610000,9.260000,-0.504744,-0.116316,0.840582,-0.018108,0.079704,-0.000143,-0.000039,0.034675,-0.266459,0.005419,-0.019569,0.000230,-0.400783,0.000000,0.760370,0.000000,0.000000,0.000000,0.375675,0.000000,-0.179083,0.000000,0.000000,0.000000,-0.103961,-0.116316,0.080212,-0.018108,0.079704,-0.000143,-0.375714,0.034675,-0.087376,0.175418,0.387296
16.623000,9.273000,-0.504649,-0.116090,0.838002,-0.018036,0.079434,-0.000137,0.009157,0.036263,-0.251925,0.008213,-0.018991,0.000245,-0.393144,0.000000,0.757092,0.000000,0.000000,0.000000,0.388213,0.000000,-0.148597,0.000000,0.000000,0.000000,-0.111505,-0.116090,0.080910,-0.018036,0.079434,-0.000137,-0.379056,0.036263,-0.103328,0.180157,0.394557
16.630000,9.280000,-0.504557,-0.115727,0.835483,-0.017953,0.079244,-0.000131,0.018105,0.038289,-0.237636,0.013073,-0.015883,0.000272,-0.393144,0.000000,0.757092,0.000000,0.000000,0.000000,0.388213,0.000000,-0.148597,0.000000,0.000000,0.000000,-0.111413,-0.115727,0.078391,-0.017953,0.079244,-0.000131,-0.370108,0.038289,-0.089039,0.178748,0.382588
16.640000,9.290000,-0.504407,-0.115493,0.833425,-0.017889,0.078982,-0.000125,0.026861,0.039770,-0.222418,0.010799,-0.016659,0.000274,-0.385257,0.000000,0.754428,0.000000,0.000000,0.000000,0.400505,0.000000,-0.117735,0.000000,0.000000,0.000000,-0.119150,-0.115493,0.078997,-0.017889,0.078982,-0.000125,-0.373644,0.039770,-0.104683,0.183782,0.390064
16.650000,9.300000,-0.504179,-0.115157,0.830986,-0.017792,0.078758,-0.000118,0.035508,0.041542,-0.209325,0.011162,-0.016712,0.000286,-0.385257,0.000000,0.754428,0.000000,0.000000,0.000000,0.400505,0.000000,-0.117735,0.000000,0.000000,0.000000,-0.118922,-0.115157,0.076558,-0.017792,0.078758,-0.000118,-0.364998,0.041542,-0.091590,0.182387,0.378600
16.660000,9.310000,-0.503873,-0.114778,0.828471,-0.017683,0.078549,-0.000112,0.044102,0.043396,-0.196839,0.012762,-0.015251,0.000300,-0.377126,0.000000,0.752385,0.000000,0.000000,0.000000,0.412545,0.000000,-0.086576,0.000000,0.000000,0.000000,-0.126747,-0.114778,0.076087,-0.017683,0.078549,-0.000112,-0.368443,0.043396,-0.110262,0.187158,0.387029
16.670000,9.320000,-0.503486,-0.114370,0.825978,-0.017571,0.078348,-0.000107,0.052618,0.045269,-0.185117,0.015527,-0.014408,0.000289,-0.377126,0.000000,0.752385,0.000000,0.000000,0.000000,0.412545,0.000000,-0.086576,0.000000,0.000000,0.000000,-0.126360,-0.114370,0.073594,-0.017571,0.078348,-0.000107,-0.359927,0.045269,-0.098541,0.185643,0.375908
16.680000,9.330000,-0.503018,-0.113938,0.823552,-0.017460,0.078151,-0.000101,0.061101,0.047147,-0.173544,0.015812,-0.013997,0.000286,-0.368757,0.000000,0.750967,0.000000,0.000000,0.000000,0.424324,0.000000,-0.055199,0.000000,0.000000,0.000000,-0.134261,-0.113938,0.072585,-0.017460,0.078151,-0.000101,-0.363224,0.047147,-0.118346,0.190464,0.384915
16.690000,9.340000,-0.502467,-0.113485,0.821218,-0.017350,0.077954,-0.000095,0.069577,0.049027,-0.161740,0.015480,-0.015126,0.000276,-0.368757,0.000000,0.750967,0.000000,0.000000,0.000000,0.424324,0.000000,-0.055199,0.000000,0.000000,0.000000,-0.133711,-0.113485,0.070252,-0.017350,0.077954,-0.000095,-0.354748,0.049027,-0.106541,0.188925,0.373631
16.700000,9.350000,-0.501834,-0.113013,0.818994,-0.017242,0.077754,-0.000090,0.078025,0.050897,-0.149960,0.015294,-0.015583,0.000274,-0.360155,0.000000,0.750178,0.000000,0.000000,0.000000,0.435835,0.000000,-0.023681,0.000000,0.000000,0.000000,-0.141679,-0.113013,0.068816,-0.017242,0.077754,-0.000090,-0.357810,0.050897,-0.126279,0.193857,0.382838
16.710000,9.360000,-0.501117,-0.112521,0.816884,-0.017139,0.077544,-0.000084,0.086485,0.052765,-0.137699,0.016453,-0.016805,0.000269,-0.360155,0.000000,0.750178,0.000000,0.000000,0.000000,0.435835,0.000000,-0.023681,0.000000,0.000000,0.000000,-0.140963,-0.112521,0.066706,-0.017139,0.077544,-0.000084,-0.349350,0.052765,-0.114017,0.192305,0.371254
16.720000,9.370000,-0.500318,-0.112011,0.814895,-0.017042,0.077319,-0.000078,0.094916,0.054621,-0.125438,0.015988,-0.018270,0.000266,-0.351325,0.000000,0.750020,0.000000,0.000000,0.000000,0.447071,0.000000,0.007895,0.000000,0.000000,0.000000,-0.148993,-0.112011,0.064875,-0.017042,0.077319,-0.000078,-0.352155,0.054621,-0.133333,0.197368,0.380492
16.730000,9.380000,-0.499436,-0.111483,0.813028,-0.016949,0.077076,-0.000072,0.103351,0.056473,-0.112732,0.016884,-0.020096,0.000256,-0.351325,0.000000,0.750020,0.000000,0.000000,0.000000,0.447071,0.000000,0.007895,0.000000,0.000000,0.000000,-0.148111,-0.111483,0.063009,-0.016949,0.077076,-0.000072,-0.343720,0.056473,-0.120628,0.195795,0.368624
16.740000,9.390000,-0.498472,-0.110937,0.811288,-0.016858,0.076811,-0.000065,0.111754,0.058313,-0.100026,0.016765,-0.022173,0.000247,-0.342274,0.000000,0.750493,0.000000,0.000000,0.000000,0.458024,0.000000,0.039452,0.000000,0.000000,0.000000,-0.156198,-0.110937,0.060795,-0.016858,0.076811,-0.000065,-0.346271,0.058313,-0.139478,0.201000,0.377833
16.750000,9.400000,-0.497426,-0.110373,0.809673,-0.016766,0.076525,-0.000059,0.120148,0.060147,-0.086973,0.018351,-0.023827,0.000231,-0.342274,0.000000,0.750493,0.000000,0.000000,0.000000,0.458024,0.000000,0.039452,0.000000,0.000000,0.000000,-0.155152,-0.110373,0.059180,-0.016766,0.076525,-0.000059,-0.337877,0.060147,-0.126425,0.199391,0.365734
16.760000,9.410000,-0.496297,-0.109792,0.808189,-0.016673,0.076216,-0.000052,0.128503,0.061968,-0.073919,0.018660,-0.026000,0.000216,-0.333006,0.000000,0.751597,0.000000,0.000000,0.000000,0.468689,0.000000,0.070910,0.000000,0.000000,0.000000,-0.163291,-0.109792,0.056591,-0.016673,0.076216,-0.000052,-0.340185,0.061968,-0.144829,0.204746,0.374889
16.771000,9.421000,-0.494684,-0.108987,0.806160,-0.016629,0.075972,-0.000044,0.138252,0.064524,-0.062581,0.020319,-0.027289,0.000198,-0.333006,0.000000,0.751597,0.000000,0.000000,0.000000,0.468689,0.000000,0.070910,0.000000,0.000000,0.000000,-0.161678,-0.108987,0.054563,-0.016629,0.075972,-0.000044,-0.330437,0.064524,-0.133491,0.202472,0.362176
16.781000,9.431000,-0.493301,-0.108342,0.805535,-0.016530,0.075669,-0.000037,0.146871,0.066407,-0.047460,0.021003,-0.029130,0.000177,-0.323528,0.000000,0.753329,0.000000,0.000000,0.000000,0.479057,0.000000,0.102188,0.000000,0.000000,0.000000,-0.169773,-0.108342,0.052206,-0.016530,0.075669,-0.000037,-0.332186,0.066407,-0.149648,0.208054,0.370340
16.792000,9.442000,-0.492229,-0.107847,0.804397,-0.016375,0.075205,-0.000030,0.154022,0.067673,-0.033718,0.023504,-0.031876,0.000140,-0.323528,0.000000,0.753329,0.000000,0.000000,0.000000,0.479057,0.000000,0.102188,0.000000,0.000000,0.000000,-0.168701,-0.107847,0.051068,-0.016375,0.075205,-0.000030,-0.325035,0.067673,-0.135906,0.206637,0.358745
16.803000,9.453000,-0.490881,-0.107246,0.803486,-0.016118,0.074810,-0.000023,0.161863,0.069263,-0.019709,0.035549,-0.031267,0.000119,-0.313846,0.000000,0.755683,0.000000,0.000000,0.000000,0.489122,0.000000,0.133208,0.000000,0.000000,0.000000,-0.177035,-0.107246,0.047803,-0.016118,0.074810,-0.000023,-0.327259,0.069263,-0.152917,0.212434,0.367804
16.810000,9.460000,-0.489394,-0.106600,0.802707,-0.016081,0.074386,-0.000016,0.169858,0.070937,-0.005969,0.025749,-0.032309,0.000114,-0.313846,0.000000,0.755683,0.000000,0.000000,0.000000,0.489122,0.000000,0.133208,0.000000,0.000000,0.000000,-0.175548,-0.106600,0.047024,-0.016081,0.074386,-0.000016,-0.319264,0.070937,-0.139177,0.210694,0.355432
16.820000,9.470000,-0.487804,-0.105925,0.802048,-0.015933,0.073969,-0.000009,0.177895,0.072639,0.007725,0.027063,-0.033747,0.000097,-0.303466,0.000000,0.758819,0.000000,0.000000,0.000000,0.499358,0.000000,0.165416,0.000000,0.000000,0.000000,-0.184338,-0.105925,0.043228,-0.015933,0.073969,-0.000009,-0.321464,0.072639,-0.157691,0.216954,0.365351
16.830000,9.480000,-0.486122,-0.105228,0.801516,-0.015771,0.073546,-0.000002,0.185921,0.074343,0.021359,0.028459,-0.034544,0.000080,-0.303466,0.000000,0.758819,0.000000,0.000000,0.000000,0.499358,0.000000,0.165416,0.000000,0.000000,0.000000,-0.182656,-0.105228,0.042697,-0.015771,0.073546,-0.000002,-0.313437,0.074343,-0.144057,0.215080,0.352877
16.842000,9.492000,-0.483761,-0.104266,0.800779,-0.015671,0.073257,0.000005,0.196034,0.076924,0.033993,0.028948,-0.035506,0.000056,-0.293893,0.000000,0.762236,0.000000,0.000000,0.000000,0.508320,0.000000,0.194161,0.000000,0.000000,0.000000,-0.189868,-0.104266,0.038543,-0.015671,0.073257,0.000005,-0.312287,0.076924,-0.160168,0.220015,0.359297
16.850000,9.500000,-0.481800,-0.103496,0.801119,-0.015381,0.072902,0.000011,0.204380,0.078707,0.049609,0.041289,-0.031628,0.000041,-0.293893,0.000000,0.762236,0.000000,0.000000,0.000000,0.508320,0.000000,0.194161,0.000000,0.000000,0.000000,-0.187908,-0.103496,0.038883,-0.015381,0.072902,0.000011,-0.303940,0.078707,-0.144552,0.218020,0.345644
16.860000,9.510000,-0.480302,-0.102912,0.800747,-0.015273,0.072310,0.000018,0.210674,0.079734,0.062695,0.030032,-0.034432,0.000032,-0.283634,0.000000,0.766418,0.000000,0.000000,0.000000,0.517441,0.000000,0.223940,0.000000,0.000000,0.000000,-0.196668,-0.102912,0.034329,-0.015273,0.072310,0.000018,-0.306767,0.079734,-0.161245,0.224605,0.355617
16.872000,9.522000,-0.477802,-0.101954,0.800534,-0.015169,0.071998,0.000024,0.220237,0.082044,0.075500,0.025189,-0.037485,-0.000000,-0.283634,0.000000,0.766418,0.000000,0.000000,0.000000,0.517441,0.000000,0.223940,0.000000,0.000000,0.000000,-0.194168,-0.101954,0.034116,-0.015169,0.071998,0.000024,-0.297204,0.082044,-0.148440,0.221945,0.342193
16.880000,9.530000,-0.475600,-0.101134,0.801289,-0.014917,0.071623,0.000030,0.228414,0.083764,0.090760,0.034067,-0.037206,-0.000014,-0.272671,0.000000,0.771444,0.000000,0.000000,0.000000,0.526665,0.000000,0.254598,0.000000,0.000000,0.000000,-0.202929,-0.101134,0.029845,-0.014917,0.071623,0.000030,-0.298252,0.083764,-0.163838,0.228690,0.350447
16.890000,9.540000,-0.473986,-0.100538,0.801247,-0.014825,0.071027,0.000035,0.234110,0.084596,0.103463,0.031041,-0.036340,-0.000070,-0.272671,0.000000,0.771444,0.000000,0.000000,0.000000,0.526665,0.000000,0.254598,0.000000,0.000000,0.000000,-0.201315,-0.100538,0.029804,-0.014825,0.071027,0.000035,-0.292555,0.084596,-0.151135,0.226989,0.339980
16.900000,9.550000,-0.471230,-0.099533,0.801560,-0.014795,0.070702,0.000039,0.243628,0.086858,0.116830,0.027779,-0.037983,-0.000150,-0.262587,0.000000,0.776540,0.000000,0.000000,0.000000,0.534696,0.000000,0.281727,0.000000,0.000000,0.000000,-0.208643,-0.099533,0.025020,-0.014795,0.070702,0.000039,-0.291068,0.086858,-0.164897,0.232518,0.345624
16.910000,9.560000,-0.468794,-0.098665,0.802728,-0.014517,0.070322,0.000044,0.251392,0.088480,0.128350,0.043536,-0.042764,-0.000150,-0.262587,0.000000,0.776540,0.000000,0.000000,0.000000,0.534696,0.000000,0.281727,0.000000,0.000000,0.000000,-0.206206,-0.098665,0.026189,-0.014517,0.070322,0.000044,-0.283304,0.088480,-0.153377,0.230091,0.334087
16.920000,9.570000,-0.467024,-0.098039,0.802970,-0.014510,0.069680,0.000048,0.256400,0.089157,0.136837,0.026718,-0.046907,-0.000205,-0.251812,0.000000,0.782454,0.000000,0.000000,0.000000,0.542819,0.000000,0.309590,0.000000,0.000000,0.000000,-0.215212,-0.098039,0.020516,-0.014510,0.069680,0.000048,-0.286419,0.089157,-0.172753,0.237379,0.346163
16.930000,9.580000,-0.464791,-0.097258,0.803651,-0.014388,0.069122,0.000052,0.263103,0.090408,0.150168,0.023610,-0.042557,-0.000215,-0.251812,0.000000,0.782454,0.000000,0.000000,0.000000,0.542819,0.000000,0.309590,0.000000,0.000000,0.000000,-0.212979,-0.097258,0.021197,-0.014388,0.069122,0.000052,-0.279716,0.090408,-0.159422,0.235093,0.334410
16.942000,9.592000,-0.461528,-0.096128,0.804702,-0.014375,0.068762,0.000057,0.273186,0.092863,0.164187,0.021602,-0.046933,-0.000214,-0.240326,0.000000,0.789255,0.000000,0.000000,0.000000,0.550980,0.000000,0.338002,0.000000,0.000000,0.000000,-0.221202,-0.096128,0.015447,-0.014375,0.068762,0.000057,-0.277794,0.092863,-0.173815,0.241681,0.340595
16.950000,9.600000,-0.458797,-0.095200,0.806344,-0.014159,0.068292,0.000062,0.281041,0.094503,0.180137,0.043454,-0.041479,-0.000187,-0.240326,0.000000,0.789255,0.000000,0.000000,0.000000,0.550980,0.000000,0.338002,0.000000,0.000000,0.000000,-0.218471,-0.095200,0.017089,-0.014159,0.068292,0.000062,-0.269939,0.094503,-0.157866,0.238923,0.326679
16.960000,9.610000,-0.456760,-0.094512,0.807057,-0.014203,0.067497,0.000067,0.286017,0.095212,0.192915,0.029444,-0.045808,-0.000209,-0.229790,0.000000,0.795915,0.000000,0.000000,0.000000,0.558033,0.000000,0.362900,0.000000,0.000000,0.000000,-0.226970,-0.094512,0.011142,-0.014203,0.067497,0.000067,-0.272016,0.095212,-0.169985,0.246114,0.334594
16.971000,9.621000,-0.453358,-0.093372,0.808549,-0.014195,0.067115,0.000071,0.295599,0.097510,0.207012,0.024636,-0.047064,-0.000274,-0.229790,0.000000,0.795915,0.000000,0.000000,0.000000,0.558033,0.000000,0.362900,0.000000,0.000000,0.000000,-0.223568,-0.093372,0.012634,-0.014195,0.067115,0.000071,-0.262434,0.097510,-0.155888,0.242612,0.320438
16.980000,9.630000,-0.450402,-0.092397,0.810619,-0.013948,0.066644,0.000075,0.303227,0.099121,0.222389,0.040367,-0.044098,-0.000259,-0.218558,0.000000,0.803428,0.000000,0.000000,0.000000,0.565113,0.000000,0.388213,0.000000,0.000000,0.000000,-0.231844,-0.092397,0.007192,-0.013948,0.066644,0.000075,-0.261886,0.099121,-0.165824,0.249680,0.325433
16.990000,9.640000,-0.448256,-0.091692,0.811621,-0.013916,0.065876,0.000078,0.307792,0.099732,0.237459,0.037219,-0.036839,-0.000309,-0.218558,0.000000,0.803428,0.000000,0.000000,0.000000,0.565113,0.000000,0.388213,0.000000,0.000000,0.000000,-0.229699,-0.091692,0.008193,-0.013916,0.065876,0.000078,-0.257321,0.099732,-0.150754,0.247459,0.314463
17.002000,9.652000,-0.444615,-0.090506,0.813653,-0.013873,0.065560,0.000081,0.317491,0.102048,0.255100,0.039171,-0.032682,-0.000349,-0.206616,0.000000,0.811850,0.000000,0.000000,0.000000,0.572163,0.000000,0.413735,0.000000,0.000000,0.000000,-0.237999,-0.090506,0.001803,-0.013873,0.065560,0.000081,-0.254672,0.102048,-0.158635,0.254634,0.316917
17.012000,9.662000,-0.440642,-0.089224,0.816363,-0.013552,0.065441,0.000082,0.327732,0.104550,0.269572,0.060706,-0.029559,-0.000312,-0.206616,0.000000,0.811850,0.000000,0.000000,0.000000,0.572163,0.000000,0.413735,0.000000,0.000000,0.000000,-0.234026,-0.089224,0.004513,-0.013552,0.065441,0.000082,-0.244431,0.104550,-0.144163,0.250498,0.302424
17.020000,9.670000,-0.436973,-0.088052,0.818915,-0.013579,0.065179,0.000082,0.336467,0.106549,0.283154,0.043068,-0.030183,-0.000356,-0.195687,0.000000,0.819923,0.000000,0.000000,0.000000,0.578199,0.000000,0.435835,0.000000,0.000000,0.000000,-0.241286,-0.088052,-0.001008,-0.013579,0.065179,0.000082,-0.241731,0.106549,-0.152682,0.256852,0.305120
17.031000,9.681000,-0.433484,-0.086947,0.821441,-0.013328,0.064907,0.000082,0.344122,0.108191,0.295029,0.041134,-0.032917,-0.000387,-0.195687,0.000000,0.819923,0.000000,0.000000,0.000000,0.578199,0.000000,0.435835,0.000000,0.000000,0.000000,-0.237797,-0.086947,0.001518,-0.013328,0.064907,0.000082,-0.234077,0.108191,-0.140807,0.253198,0.293809
17.040000,9.690000,-0.430042,-0.085865,0.824391,-0.012917,0.064578,0.000083,0.351329,0.109669,0.307804,0.055446,-0.037089,-0.000352,-0.184062,0.000000,0.828863,0.000000,0.000000,0.000000,0.584196,0.000000,0.458024,0.000000,0.000000,0.000000,-0.245980,-0.085865,-0.004472,-0.012917,0.064578,0.000083,-0.232867,0.109669,-0.150221,0.260574,0.298028
17.050000,9.700000,-0.428785,-0.085479,0.825122,-0.012625,0.063675,0.000081,0.350318,0.108553,0.312991,0.051300,-0.036225,-0.000433,-0.184062,0.000000,0.828863,0.000000,0.000000,0.000000,0.584196,0.000000,0.458024,0.000000,0.000000,0.000000,-0.244723,-0.085479,-0.003741,-0.012625,0.063675,0.000081,-0.233878,0.108553,-0.145034,0.259249,0.295833
17.060000,9.710000,-0.426094,-0.084647,0.827204,-0.012338,0.063115,0.000080,0.354409,0.109041,0.321952,0.050760,-0.039680,-0.000439,-0.172321,0.000000,0.838236,0.000000,0.000000,0.000000,0.589824,0.000000,0.479057,0.000000,0.000000,0.000000,-0.253773,-0.084647,-0.011032,-0.012338,0.063115,0.000080,-0.235415,0.109041,-0.157105,0.267745,0.303302
17.070000,9.720000,-0.422971,-0.083686,0.829710,-0.012069,0.062609,0.000081,0.359885,0.109951,0.332484,0.045034,-0.039012,-0.000377,-0.172321,0.000000,0.838236,0.000000,0.000000,0.000000,0.589824,0.000000,0.479057,0.000000,0.000000,0.000000,-0.250650,-0.083686,-0.008526,-0.012069,0.062609,0.000081,-0.229939,0.109951,-0.146572,0.264389,0.294015
17.080000,9.730000,-0.419630,-0.082663,0.832458,-0.011803,0.062087,0.000083,0.365900,0.111021,0.343418,0.045571,-0.044807,-0.000282,-0.160472,0.000000,0.848017,0.000000,0.000000,0.000000,0.595079,0.000000,0.498879,0.000000,0.000000,0.000000,-0.259158,-0.082663,-0.015559,-0.011803,0.062087,0.000083,-0.229179,0.111021,-0.155461,0.272466,0.298357
17.090000,9.740000,-0.414950,-0.081238,0.836260,-0.011666,0.061837,0.000088,0.376485,0.113481,0.357319,0.046144,-0.049254,-0.000128,-0.160472,0.000000,0.848017,0.000000,0.000000,0.000000,0.595079,0.000000,0.498879,0.000000,0.000000,0.000000,-0.254478,-0.081238,-0.011757,-0.011666,0.061837,0.000088,-0.218595,0.113481,-0.141560,0.267389,0.284079
17.100000,9.750000,-0.411185,-0.080103,0.839834,-0.011204,0.061344,0.000092,0.383353,0.114776,0.370146,0.067400,-0.046104,-0.000072,-0.147320,0.000000,0.859219,0.000000,0.000000,0.000000,0.600426,0.000000,0.519226,0.000000,0.000000,0.000000,-0.263865,-0.080103,-0.019386,-0.011204,0.061344,0.000092,-0.217073,0.114776,-0.149080,0.276436,0.287261
17.110000,9.760000,-0.408353,-0.079255,0.842153,-0.011110,0.060430,0.000098,0.386480,0.114958,0.378060,0.047170,-0.053697,-0.000064,-0.147320,0.000000,0.859219,0.000000,0.000000,0.000000,0.600426,0.000000,0.519226,0.000000,0.000000,0.000000,-0.261033,-0.079255,-0.017066,-0.011110,0.060430,0.000098,-0.213946,0.114958,-0.141166,0.273333,0.280921
17.120000,9.770000,-0.404923,-0.078234,0.845175,-0.010893,0.059704,0.000106,0.391572,0.115732,0.387796,0.044712,-0.056513,0.000014,-0.136476,0.000000,0.868706,0.000000,0.000000,0.000000,0.604460,0.000000,0.534696,0.000000,0.000000,0.000000,-0.268447,-0.078234,-0.023532,-0.010893,0.059704,0.000106,-0.212887,0.115732,-0.146900,0.280603,0.283363
17.130000,9.780000,-0.399996,-0.076774,0.849494,-0.010779,0.059373,0.000114,0.401808,0.118039,0.401087,0.043675,-0.053262,0.000034,-0.136476,0.000000,0.868706,0.000000,0.000000,0.000000,0.604460,0.000000,0.534696,0.000000,0.000000,0.000000,-0.263520,-0.076774,-0.019212,-0.010779,0.059373,0.000114,-0.202652,0.118039,-0.133609,0.275147,0.269912
17.140000,9.790000,-0.394883,-0.075271,0.854254,-0.010434,0.059136,0.000120,0.412319,0.120404,0.415294,0.065716,-0.045600,-0.000000,-0.124345,0.000000,0.879562,0.000000,0.000000,0.000000,0.608579,0.000000,0.550600,0.000000,0.000000,0.000000,-0.270538,-0.075271,-0.025307,-0.010434,0.059136,0.000120,-0.196260,0.120404,-0.135306,0.281952,0.267063
17.150000,9.800000,-0.390213,-0.073908,0.858632,-0.010530,0.058600,0.000128,0.420714,0.122147,0.426718,0.045863,-0.054775,0.000007,-0.124345,0.000000,0.879562,0.000000,0.000000,0.000000,0.608579,0.000000,0.550600,0.000000,0.000000,0.000000,-0.265869,-0.073908,-0.020930,-0.010530,0.058600,0.000128,-0.187865,0.122147,-0.123882,0.276743,0.256047
17.163000,9.813000,-0.385825,-0.072636,0.862793,-0.010397,0.058055,0.000135,0.427631,0.123461,0.435553,0.045766,-0.057594,-0.000014,-0.112135,0.000000,0.890721,0.000000,0.000000,0.000000,0.612313,0.000000,0.565113,0.000000,0.000000,0.000000,-0.273690,-0.072636,-0.027928,-0.010397,0.058055,0.000135,-0.184683,0.123461,-0.129560,0.284538,0.257170
17.170000,9.820000,-0.381549,-0.071402,0.867149,-0.009939,0.057479,0.000141,0.433864,0.124577,0.444703,0.073380,-0.057923,-0.000083,-0.112135,0.000000,0.890721,0.000000,0.000000,0.000000,0.612313,0.000000,0.565113,0.000000,0.000000,0.000000,-0.269413,-0.071402,-0.023572,-0.009939,0.057479,0.000141,-0.178449,0.124577,-0.120410,0.279709,0.248721
17.180000,9.830000,-0.379014,-0.070684,0.869299,-0.009889,0.056408,0.000148,0.433518,0.123781,0.447187,0.047115,-0.056324,-0.000061,-0.099855,0.000000,0.902157,0.000000,0.000000,0.000000,0.615661,0.000000,0.578199,0.000000,0.000000,0.000000,-0.279159,-0.070684,-0.032858,-0.009889,0.056408,0.000148,-0.182143,0.123781,-0.131012,0.289838,0.256246
17.190000,9.840000,-0.373986,-0.069250,0.874229,-0.009788,0.056011,0.000153,0.442036,0.125552,0.457117,0.035557,-0.058335,-0.000107,-0.099855,0.000000,0.902157,0.000000,0.000000,0.000000,0.615661,0.000000,0.578199,0.000000,0.000000,0.000000,-0.274131,-0.069250,-0.027928,-0.009788,0.056011,0.000153,-0.173625,0.125552,-0.121082,0.284119,0.246109
17.200000,9.850000,-0.369566,-0.067995,0.878800,-0.009432,0.055428,0.000158,0.448019,0.126598,0.465707,0.051841,-0.058866,-0.000163,-0.087512,0.000000,0.913839,0.000000,0.000000,0.000000,0.618620,0.000000,0.589824,0.000000,0.000000,0.000000,-0.282054,-0.067995,-0.035039,-0.009432,0.055428,0.000158,-0.170601,0.126598,-0.124117,0.292243,0.246042
17.210000,9.860000,-0.367581,-0.067441,0.880618,-0.009254,0.054095,0.000163,0.445133,0.125097,0.469286,0.050341,-0.054398,-0.000198,-0.087512,0.000000,0.913839,0.000000,0.000000,0.000000,0.618620,0.000000,0.589824,0.000000,0.000000,0.000000,-0.280070,-0.067441,-0.033221,-0.009254,0.054095,0.000163,-0.173487,0.125097,-0.120537,0.289984,0.245513
17.220000,9.870000,-0.364040,-0.066449,0.884138,-0.009076,0.053207,0.000166,0.447823,0.125201,0.477709,0.049125,-0.055961,-0.000286,-0.074492,0.000000,0.926340,0.000000,0.000000,0.000000,0.621306,0.000000,0.600426,0.000000,0.000000,0.000000,-0.289548,-0.066449,-0.042201,-0.009076,0.053207,0.000166,-0.173484,0.125201,-0.122717,0.300058,0.246640
17.230000,9.880000,-0.360031,-0.065329,0.888184,-0.008904,0.052455,0.000169,0.451870,0.125716,0.484808,0.042490,-0.055480,-0.000375,-0.074492,0.000000,0.926340,0.000000,0.000000,0.000000,0.621306,0.000000,0.600426,0.000000,0.000000,0.000000,-0.285539,-0.065329,-0.038156,-0.008904,0.052455,0.000169,-0.169437,0.125716,-0.115618,0.295392,0.240584
17.244000,9.894000,-0.354323,-0.063739,0.893863,-0.008832,0.052202,0.000170,0.461830,0.127896,0.496186,0.048153,-0.048876,-0.000457,-0.062043,0.000000,0.938436,0.000000,0.000000,0.000000,0.623463,0.000000,0.608970,0.000000,0.000000,0.000000,-0.292280,-0.063739,-0.044573,-0.008832,0.052202,0.000170,-0.161632,0.127896,-0.112784,0.302452,0.234952
17.250000,9.900000,-0.348429,-0.062106,0.899922,-0.008717,0.052001,0.000170,0.472072,0.130138,0.508367,0.051294,-0.044288,-0.000526,-0.062043,0.000000,0.938436,0.000000,0.000000,0.000000,0.623463,0.000000,0.608970,0.000000,0.000000,0.000000,-0.286386,-0.062106,-0.038514,-0.008717,0.052001,0.000170,-0.151391,0.130138,-0.100602,0.295563,0.223553
17.260000,9.910000,-0.343708,-0.060805,0.905006,-0.008503,0.051481,0.000169,0.477643,0.131075,0.517317,0.052208,-0.039883,-0.000547,-0.049556,0.000000,0.950688,0.000000,0.000000,0.000000,0.625225,0.000000,0.615975,0.000000,0.000000,0.000000,-0.294153,-0.060805,-0.045683,-0.008503,0.051481,0.000169,-0.147582,0.131075,-0.098657,0.303826,0.220668
17.272000,9.922000,-0.339906,-0.059766,0.908703,-0.008211,0.050735,0.000167,0.479536,0.131000,0.519686,0.053010,-0.047356,-0.000503,-0.037663,0.000000,0.962444,0.000000,0.000000,0.000000,0.626533,0.000000,0.621188,0.000000,0.000000,0.000000,-0.302243,-0.059766,-0.053740,-0.008211,0.050735,0.000167,-0.146998,0.131000,-0.101502,0.312747,0.221522
17.280000,9.930000,-0.335111,-0.058456,0.913900,-0.007681,0.050261,0.000166,0.484856,0.131861,0.526356,0.081341,-0.047773,-0.000462,-0.037663,0.000000,0.962444,0.000000,0.000000,0.000000,0.626533,0.000000,0.621188,0.000000,0.000000,0.000000,-0.297447,-0.058456,-0.048543,-0.007681,0.050261,0.000166,-0.141678,0.131861,-0.094832,0.306999,0.215530
17.290000,9.940000,-0.332113,-0.057644,0.916917,-0.007605,0.049298,0.000165,0.483457,0.130883,0.526188,0.052965,-0.043920,-0.000469,-0.037663,0.000000,0.962444,0.000000,0.000000,0.000000,0.626533,0.000000,0.621188,0.000000,0.000000,0.000000,-0.294450,-0.057644,-0.045526,-0.007605,0.049298,0.000165,-0.143077,0.130883,-0.095001,0.303473,0.215931
17.300000,9.950000,-0.328012,-0.056535,0.921180,-0.007332,0.048644,0.000164,0.485994,0.130975,0.529651,0.053419,-0.044073,-0.000422,-0.025122,0.000000,0.974910,0.000000,0.000000,0.000000,0.627525,0.000000,0.625146,0.000000,0.000000,0.000000,-0.302890,-0.056535,-0.053729,-0.007332,0.048644,0.000164,-0.141530,0.130975,-0.095495,0.312771,0.215185
17.310000,9.960000,-0.323547,-0.055332,0.925851,-0.007074,0.048079,0.000164,0.489536,0.131351,0.530997,0.051875,-0.047935,-0.000387,-0.025122,0.000000,0.974910,0.000000,0.000000,0.000000,0.627525,0.000000,0.625146,0.000000,0.000000,0.000000,-0.298425,-0.055332,-0.049058,-0.007074,0.048079,0.000164,-0.137989,0.131351,-0.094150,0.307450,0.212504
17.320000,9.970000,-0.317282,-0.053651,0.932307,-0.006955,0.048008,0.000164,0.499423,0.133426,0.537525,0.051478,-0.049517,-0.000332,-0.011937,0.000000,0.988066,0.000000,0.000000,0.000000,0.628139,0.000000,0.627602,0.000000,0.000000,0.000000,-0.305346,-0.053651,-0.055760,-0.006955,0.048008,0.000164,-0.128716,0.133426,-0.090077,0.314998,0.206117
17.330000,9.980000,-0.312288,-0.052317,0.937682,-0.006730,0.047496,0.000165,0.504466,0.134160,0.544378,0.050748,-0.042781,-0.000289,-0.011937,0.000000,0.988066,0.000000,0.000000,0.000000,0.628139,0.000000,0.627602,0.000000,0.000000,0.000000,-0.300351,-0.052317,-0.050384,-0.006730,0.047496,0.000165,-0.123674,0.134160,-0.083224,0.309009,0.200550
17.340000,9.990000,-0.308555,-0.051326,0.941520,-0.006429,0.046612,0.000166,0.504739,0.133614,0.546545,0.049131,-0.043806,-0.000232,0.000000,0.000000,1.000000,0.000000,0.000000,0.000000,0.000000,0.000000,0.000000,0.000000,0.000000,0.000000,-0.308555,-0.051326,-0.058480,-0.006429,0.046612,0.000166,0.504739,0.133614,0.546545,0.318214,0.755861
