t,t_rel,thrust,tau_phi,tau_theta,tau_psi,w0,w1,w2,w3,ud_T,ud_phi,ud_theta,ud_psi,ui_T,ui_phi,ui_theta,ui_psi,ut_T,ut_phi,ut_theta,ut_psi,torque_scale,cost_state,cost_input,solve_ok,int_err_x,int_err_y,int_err_z
10.187000,0.015000,14.931254,-0.000000,0.053359,-0.000000,651.655771,669.822780,651.655756,669.822788,-1.747701,0.000002,0.053360,-0.000000,1.963955,-0.000002,-0.000001,0.000000,14.931254,-0.000000,0.053359,-0.000000,1.000000,0.028793,0.030829,1.000000,-0.000000,0.000001,0.654652
10.210000,0.038000,14.957807,-0.000000,0.042835,-0.000000,654.063631,668.634157,654.063616,668.634164,-1.720061,0.000002,0.042836,-0.000000,1.962868,-0.000002,-0.000001,0.000000,14.957807,-0.000000,0.042835,-0.000000,1.000000,0.028298,0.029770,1.000000,-0.000000,0.000001,0.654289
10.225000,0.053000,14.909120,0.000001,0.028792,-0.000000,655.388847,665.198203,655.389068,665.197978,-1.767605,0.000003,0.028792,-0.000000,1.961724,-0.000002,-0.000001,0.000000,14.909120,0.000001,0.028792,-0.000000,1.000000,0.030345,0.031327,1.000000,-0.000000,0.000001,0.653908
10.251000,0.079000,14.977125,0.000042,0.030289,-0.000000,656.643633,666.948220,656.652476,666.939496,-1.698479,0.000044,0.030289,-0.000000,1.960604,-0.000002,-0.000000,0.000000,14.977125,0.000042,0.030289,-0.000000,1.000000,0.028485,0.028940,1.000000,-0.000000,0.000001,0.653535
10.264000,0.092000,14.972417,0.000089,0.014565,-0.000000,659.222039,664.192528,659.240864,664.173785,-1.702039,0.000091,0.014564,-0.000000,1.959456,-0.000002,0.000001,0.000000,14.972417,0.000089,0.014565,-0.000000,1.000000,0.029270,0.028991,1.000000,0.000001,0.000001,0.653152
10.287000,0.115000,14.992431,0.000149,0.009925,-0.000000,660.450154,663.853621,660.481588,663.822238,-1.680874,0.000151,0.009922,-0.000000,1.958304,-0.000002,0.000004,0.000000,14.992431,0.000149,0.009925,-0.000000,1.000000,0.029175,0.028263,1.000000,0.000002,0.000001,0.652768
10.304000,0.132000,14.940992,0.000332,-0.023136,-0.000001,664.907943,657.104055,664.976755,657.032985,-1.731101,0.000334,-0.023143,-0.000001,1.957093,-0.000002,0.000007,0.000000,14.940992,0.000332,-0.023136,-0.000001,1.000000,0.031907,0.030021,1.000000,0.000004,0.000001,0.652364
10.326000,0.154000,14.958630,0.000451,-0.024234,-0.000002,665.469183,657.321779,665.562067,657.224415,-1.712242,0.000453,-0.024246,-0.000002,1.955871,-0.000002,0.000012,0.000000,14.958630,0.000451,-0.024234,-0.000002,1.000000,0.031481,0.029377,1.000000,0.000006,0.000001,0.651957
10.344000,0.172000,14.980286,0.000644,-0.021502,-0.000005,665.464109,658.291664,665.595375,658.151665,-1.689349,0.000646,-0.021522,-0.000005,1.954635,-0.000002,0.000020,0.000000,14.980286,0.000644,-0.021502,-0.000005,1.000000,0.030900,0.028585,1.000000,0.000010,0.000001,0.651545
10.364000,0.192000,15.027999,0.001127,-0.025441,-0.000010,667.127582,658.731432,667.355728,658.485173,-1.640409,0.001129,-0.025472,-0.000010,1.953409,-0.000002,0.000031,0.000000,15.027999,0.001127,-0.025441,-0.000010,1.000000,0.029607,0.026974,1.000000,0.000015,0.000001,0.651136
10.390000,0.218000,15.023148,0.001318,-0.016123,-0.000015,665.429748,660.235012,665.695165,659.945526,-1.644016,0.001320,-0.016166,-0.000015,1.952163,-0.000002,0.000043,0.000000,15.023148,0.001318,-0.016123,-0.000015,1.000000,0.029537,0.027054,1.000000,0.000021,0.000001,0.650721
10.404000,0.232000,14.974664,0.001063,-0.001660,-0.000013,661.936529,661.596372,662.150766,661.362408,-1.691205,0.001064,-0.001717,-0.000013,1.950869,-0.000002,0.000057,0.000000,14.974664,0.001063,-0.001660,-0.000013,1.000000,0.030904,0.028602,1.000000,0.000029,0.000001,0.650290
10.423000,0.251000,15.023314,0.001993,0.009743,-0.000006,660.972429,664.697960,661.388142,664.275838,-1.641278,0.001995,0.009668,-0.000006,1.949592,-0.000002,0.000074,0.000000,15.023314,0.001993,0.009743,-0.000006,1.000000,0.029225,0.026948,1.000000,0.000037,0.000001,0.649864
10.443000,0.271000,15.042150,0.002028,0.013048,-0.000001,660.821342,665.672681,661.247859,665.247550,-1.621159,0.002029,0.012952,-0.000001,1.948309,-0.000001,0.000095,0.000000,15.042150,0.002028,0.013048,-0.000001,1.000000,0.028705,0.026299,1.000000,0.000048,0.000001,0.649436
10.465000,0.293000,15.023260,0.002402,0.012769,0.000015,660.405468,665.243303,660.922572,664.752287,-1.638741,0.002403,0.012650,0.000015,1.947001,-0.000001,0.000119,0.000000,15.023260,0.002402,0.012769,0.000015,1.000000,0.029385,0.026871,1.000000,0.000059,0.000001,0.649000
10.488000,0.316000,15.019351,0.002640,0.006908,0.000028,661.286929,664.185591,661.862470,663.653683,-1.641327,0.002640,0.006762,0.000028,1.945678,-0.000001,0.000147,0.000000,15.019351,0.002640,0.006908,0.000028,1.000000,0.029677,0.026945,1.000000,0.000073,0.000000,0.648559
10.503000,0.331000,15.017984,0.003046,0.000725,0.000027,662.265399,663.150671,662.924506,662.531496,-1.641358,0.003046,0.000546,0.000027,1.944342,-0.000000,0.000179,0.000000,15.017984,0.003046,0.000725,0.000027,1.000000,0.029862,0.026942,1.000000,0.000089,0.000000,0.648114
10.525000,0.353000,14.975572,0.002097,-0.004216,0.000014,662.272314,661.280026,662.723121,660.849415,-1.682392,0.002096,-0.004431,0.000014,1.942963,0.000000,0.000216,0.000000,14.975572,0.002097,-0.004216,0.000014,1.000000,0.031332,0.028307,1.000000,0.000108,-0.000000,0.647654
10.547000,0.375000,15.051530,0.003730,0.000795,0.000005,662.929426,663.981925,663.716330,663.203182,-1.605104,0.003729,0.000529,0.000005,1.941633,0.000001,0.000266,0.000000,15.051530,0.003730,0.000795,0.000005,1.000000,0.028921,0.025765,1.000000,0.000133,-0.000001,0.647211
10.567000,0.395000,15.017029,0.004928,-0.013677,-0.000012,664.502472,660.895643,665.526036,659.846899,-1.638232,0.004926,-0.013991,-0.000012,1.940261,0.000002,0.000313,0.000000,15.017029,0.004928,-0.013677,-0.000012,1.000000,0.030029,0.026860,1.000000,0.000157,-0.000001,0.646754
10.587000,0.415000,15.025507,0.005268,-0.010760,-0.000013,664.159819,661.615440,665.254343,660.495706,-1.628384,0.005264,-0.011129,-0.000013,1.938891,0.000004,0.000369,0.000000,15.025507,0.005268,-0.010760,-0.000013,1.000000,0.029577,0.026531,1.000000,0.000184,-0.000002,0.646297
10.607000,0.435000,15.028103,0.005573,0.002838,-0.000039,661.887276,664.022246,663.031518,662.822521,-1.624425,0.005567,0.002383,-0.000039,1.937528,0.000005,0.000455,0.000000,15.028103,0.005573,0.002838,-0.000039,1.000000,0.029241,0.026391,1.000000,0.000228,-0.000003,0.645843
10.627000,0.455000,14.984046,0.005858,-0.011699,-0.000045,663.354846,660.613039,664.552192,659.342259,-1.667078,0.005851,-0.012222,-0.000045,1.936123,0.000007,0.000523,0.000000,14.984046,0.005858,-0.011699,-0.000045,1.000000,0.030450,0.027810,1.000000,0.000261,-0.000004,0.645374
10.640000,0.468000,14.935082,0.006146,-0.005013,-0.000029,661.102255,660.692068,662.375173,659.372675,-1.714601,0.006136,-0.005615,-0.000029,1.934683,0.000010,0.000602,0.000000,14.935082,0.006146,-0.005013,-0.000029,1.000000,0.031674,0.029405,1.000000,0.000301,-0.000005,0.644894
10.665000,0.493000,14.992521,0.006494,-0.006375,-0.000027,662.565317,661.766132,663.910226,660.377512,-1.655752,0.006481,-0.007067,-0.000027,1.933273,0.000013,0.000692,0.000000,14.992521,0.006494,-0.006375,-0.000027,1.000000,0.029735,0.027424,1.000000,0.000346,-0.000006,0.644424
10.689000,0.517000,14.969442,0.004248,0.007985,-0.000011,659.843181,663.452435,660.731398,662.551611,-1.677424,0.004232,0.007161,-0.000011,1.931866,0.000017,0.000823,0.000000,14.969442,0.004248,0.007985,-0.000011,1.000000,0.030021,0.028144,1.000000,0.000412,-0.000008,0.643955
10.709000,0.537000,14.958740,0.008842,-0.009294,0.000000,662.058948,660.759533,663.916347,658.893571,-1.686690,0.008821,-0.010220,0.000000,1.930430,0.000021,0.000926,0.000000,14.958740,0.008842,-0.009294,0.000000,1.000000,0.030086,0.028467,1.000000,0.000463,-0.000010,0.643477
10.724000,0.552000,14.935808,0.008412,-0.006518,-0.000035,661.137863,660.693055,662.882626,658.890264,-1.708170,0.008386,-0.007551,-0.000035,1.928978,0.000026,0.001033,0.000000,14.935808,0.008412,-0.006518,-0.000035,1.000000,0.030354,0.029191,1.000000,0.000516,-0.000013,0.642993
10.747000,0.575000,14.879860,0.005616,-0.005702,-0.000073,660.068580,659.312257,661.200950,658.068124,-1.762631,0.005584,-0.006854,-0.000073,1.927490,0.000032,0.001152,0.000000,14.879860,0.005616,-0.005702,-0.000073,1.000000,0.031716,0.031076,1.000000,0.000576,-0.000016,0.642497
10.770000,0.598000,14.919746,0.011878,-0.005406,-0.000143,660.265810,660.933878,662.665950,658.315089,-1.721283,0.011839,-0.006690,-0.000143,1.926030,0.000039,0.001284,0.000000,14.919746,0.011878,-0.005406,-0.000143,1.000000,0.030076,0.029647,1.000000,0.000642,-0.000020,0.642010
10.789000,0.617000,14.899963,0.011317,-0.004110,-0.000132,659.661852,660.653126,661.954009,658.160875,-1.739599,0.011269,-0.005540,-0.000132,1.924562,0.000048,0.001430,0.000000,14.899963,0.011317,-0.004110,-0.000132,1.000000,0.030190,0.030278,1.000000,0.000715,-0.000024,0.641521
10.803000,0.631000,14.901517,0.013228,-0.002816,-0.000108,659.265442,661.100032,661.977761,658.223588,-1.736580,0.013171,-0.004405,-0.000108,1.923098,0.000057,0.001589,0.000000,14.901517,0.013228,-0.002816,-0.000108,1.000000,0.029769,0.030176,1.000000,0.000794,-0.000029,0.641033
10.821000,0.649000,14.861788,0.012525,-0.006150,-0.000034,659.001020,659.549463,661.618673,656.873206,-1.774822,0.012457,-0.007897,-0.000034,1.921609,0.000068,0.001748,0.000000,14.861788,0.012525,-0.006150,-0.000034,1.000000,0.030441,0.031522,1.000000,0.000874,-0.000034,0.640536
10.843000,0.671000,14.837906,0.012236,-0.006918,0.000034,658.608636,658.831539,661.214982,656.266950,-1.797204,0.012155,-0.008832,0.000034,1.920110,0.000080,0.001913,0.000000,14.837906,0.012236,-0.006918,0.000034,1.000000,0.030651,0.032322,1.000000,0.000957,-0.000040,0.640037
10.862000,0.690000,14.777246,0.006688,-0.006234,0.000058,657.722676,657.004258,659.177902,655.629991,-1.856331,0.006594,-0.008326,0.000058,1.918576,0.000094,0.002092,0.000000,14.777246,0.006688,-0.006234,0.000058,1.000000,0.032047,0.034471,1.000000,0.001046,-0.000047,0.639525
10.885000,0.713000,14.834999,0.014060,-0.000358,0.000080,657.213390,660.061081,660.242068,657.150019,-1.797085,0.013950,-0.002650,0.000080,1.917084,0.000110,0.002292,0.000000,14.834999,0.014060,-0.000358,0.000080,1.000000,0.029878,0.032315,1.000000,0.001146,-0.000055,0.639028
10.903000,0.731000,14.794392,0.013328,-0.006469,0.000086,657.431003,658.037282,660.308833,655.278055,-1.836177,0.013200,-0.008963,0.000086,1.915569,0.000128,0.002494,0.000000,14.794392,0.013328,-0.006469,0.000086,1.000000,0.030468,0.033741,1.000000,0.001247,-0.000064,0.638523
10.928000,0.756000,14.725822,0.007922,0.008990,0.000095,653.820490,658.580208,655.573281,656.977138,-1.903258,0.007775,0.006207,0.000095,1.914080,0.000147,0.002783,0.000000,14.725822,0.007922,0.008990,0.000095,1.000000,0.032117,0.036234,1.000000,0.001391,-0.000073,0.638027
10.942000,0.770000,14.776018,0.018173,-0.007054,0.000136,656.591158,658.022249,660.530079,654.271446,-1.851552,0.018004,-0.010075,0.000136,1.912570,0.000169,0.003021,0.000000,14.776018,0.018173,-0.007054,0.000136,1.000000,0.030103,0.034325,1.000000,0.001511,-0.000084,0.637523
10.967000,0.795000,14.743171,0.015338,-0.001765,0.000073,655.275342,657.921039,658.578292,654.723351,-1.882874,0.015145,-0.005043,0.000073,1.911045,0.000192,0.003278,0.000000,14.743171,0.015338,-0.001765,0.000073,1.000000,0.030695,0.035478,1.000000,0.001639,-0.000096,0.637015
10.989000,0.817000,14.703549,0.016925,-0.001688,-0.000077,654.261708,657.279418,657.799952,653.623430,-1.920988,0.016707,-0.005260,-0.000077,1.909537,0.000218,0.003572,0.000000,14.703549,0.016925,-0.001688,-0.000077,1.000000,0.031405,0.036933,1.000000,0.001786,-0.000109,0.636512
11.001000,0.829000,14.697276,0.017686,-0.013589,-0.000276,656.154099,655.258008,659.703206,651.272277,-1.925727,0.017439,-0.017432,-0.000276,1.908003,0.000247,0.003843,0.000000,14.697276,0.017686,-0.013589,-0.000276,1.000000,0.030814,0.037145,1.000000,0.001922,-0.000124,0.636001
11.025000,0.853000,14.675555,0.017571,-0.011005,-0.000323,655.255371,655.222965,658.751830,651.224650,-1.945908,0.017292,-0.015134,-0.000323,1.906463,0.000280,0.004129,0.000000,14.675555,0.017571,-0.011005,-0.000323,1.000000,0.031006,0.037918,1.000000,0.002064,-0.000140,0.635488
11.043000,0.871000,14.651491,0.017336,-0.011255,-0.000292,654.775139,654.605585,658.246277,650.678264,-1.968424,0.017020,-0.015683,-0.000292,1.904915,0.000316,0.004427,0.000000,14.651491,0.017336,-0.011255,-0.000292,1.000000,0.031256,0.038801,1.000000,0.002214,-0.000158,0.634972
11.066000,0.894000,14.628629,0.017129,-0.008793,-0.000216,653.836009,654.466317,657.321896,650.642135,-1.989731,0.016774,-0.013531,-0.000216,1.903360,0.000355,0.004738,0.000000,14.628629,0.017129,-0.008793,-0.000216,1.000000,0.031515,0.039637,1.000000,0.002369,-0.000177,0.634453
11.083000,0.911000,14.584633,0.016969,-0.000979,-0.000121,651.487087,654.772356,655.018514,651.058308,-2.032155,0.016573,-0.006059,-0.000121,1.901788,0.000397,0.005080,0.000000,14.584633,0.016969,-0.000979,-0.000121,1.000000,0.032639,0.041328,1.000000,0.002540,-0.000198,0.633929
11.103000,0.931000,14.583575,0.016934,-0.000079,-0.000059,651.289703,654.875337,654.858553,651.218022,-2.031637,0.016492,-0.005511,-0.000059,1.900212,0.000442,0.005432,0.000000,14.583575,0.016934,-0.000079,-0.000059,1.000000,0.032349,0.041306,1.000000,0.002716,-0.000221,0.633404
11.128000,0.956000,14.498632,0.018387,0.000132,0.000039,649.152053,653.128780,653.112790,649.227430,-2.114980,0.017894,-0.005708,0.000039,1.898612,0.000493,0.005840,0.000000,14.498632,0.018387,0.000132,0.000039,1.000000,0.034530,0.044767,1.000000,0.002920,-0.000247,0.632871
11.146000,0.974000,14.573171,0.019368,-0.005503,0.000044,651.695581,653.929497,655.852373,649.826375,-2.038856,0.018821,-0.011707,0.000044,1.897027,0.000547,0.006205,0.000000,14.573171,0.019368,-0.005503,0.000044,1.000000,0.031789,0.041618,1.000000,0.003102,-0.000274,0.632342
11.163000,0.991000,14.563961,0.020134,-0.008198,0.000063,651.865613,653.334030,656.197115,649.077340,-2.046473,0.019529,-0.014776,0.000063,1.895434,0.000605,0.006579,0.000000,14.563961,0.020134,-0.008198,0.000063,1.000000,0.031743,0.041940,1.000000,0.003289,-0.000303,0.631811
11.183000,1.011000,14.537990,0.021638,-0.014908,0.000007,652.299816,651.777448,656.908221,647.143637,-2.070838,0.020969,-0.021857,0.000007,1.893829,0.000669,0.006949,0.000000,14.537990,0.021638,-0.014908,0.000007,1.000000,0.032023,0.042975,1.000000,0.003475,-0.000334,0.631276
11.209000,1.037000,14.377682,0.021256,-0.004616,-0.000015,646.958427,649.922369,651.507141,645.339987,-2.229489,0.020520,-0.012054,-0.000015,1.892171,0.000736,0.007438,0.000000,14.377682,0.021256,-0.004616,-0.000015,1.000000,0.037797,0.049763,1.000000,0.003719,-0.000368,0.630724
11.221000,1.049000,14.515371,0.021473,0.000258,-0.000079,649.218737,653.900125,653.752376,649.248545,-2.090170,0.020666,-0.007604,-0.000079,1.890541,0.000807,0.007862,0.000000,14.515371,0.021473,0.000258,-0.000079,1.000000,0.033007,0.043737,1.000000,0.003931,-0.000403,0.630180
11.242000,1.070000,14.541825,0.020800,-0.000063,-0.000127,649.959009,654.383525,654.310161,649.841872,-2.062092,0.019917,-0.008348,-0.000127,1.888917,0.000883,0.008286,0.000000,14.541825,0.020800,-0.000063,-0.000127,1.000000,0.032151,0.042569,1.000000,0.004143,-0.000442,0.629639
11.263000,1.091000,14.520104,0.021194,-0.010613,-0.000104,651.244489,652.113535,655.687196,647.489557,-2.082180,0.020228,-0.019318,-0.000104,1.887284,0.000966,0.008705,0.000000,14.520104,0.021194,-0.010613,-0.000104,1.000000,0.032413,0.043433,1.000000,0.004352,-0.000483,0.629095
11.282000,1.110000,14.432639,0.011759,-0.013522,-0.000063,650.777065,648.617742,653.243679,646.038114,-2.167964,0.010704,-0.022672,-0.000063,1.885603,0.001055,0.009150,0.000000,14.432639,0.011759,-0.013522,-0.000063,1.000000,0.035389,0.047064,1.000000,0.004575,-0.000527,0.628534
11.302000,1.130000,14.507855,0.025352,-0.000468,-0.000065,648.753755,654.014562,654.127229,648.543025,-2.091102,0.024205,-0.010067,-0.000065,1.883956,0.001147,0.009600,0.000000,14.507855,0.025352,-0.000468,-0.000065,1.000000,0.033118,0.043796,1.000000,0.004800,-0.000574,0.627985
11.321000,1.149000,14.504555,0.023454,-0.007552,0.000035,650.074417,652.479640,655.104241,647.482008,-2.092752,0.022208,-0.017593,0.000035,1.882307,0.001246,0.010041,0.000000,14.504555,0.023454,-0.007552,0.000035,1.000000,0.033155,0.043876,1.000000,0.005020,-0.000623,0.627436
11.344000,1.172000,14.462549,0.025455,-0.008211,0.000111,649.000986,651.607804,654.519280,646.232649,-2.133075,0.024104,-0.018696,0.000111,1.880624,0.001352,0.010485,0.000000,14.462549,0.025455,-0.008211,0.000111,1.000000,0.034658,0.045593,1.000000,0.005242,-0.000676,0.626875
11.365000,1.193000,14.499548,0.023209,0.000889,0.000187,648.471213,653.735681,653.569314,648.919997,-2.094411,0.021747,-0.010056,0.000187,1.878959,0.001462,0.010945,0.000000,14.499548,0.023209,0.000889,0.000187,1.000000,0.034111,0.043923,1.000000,0.005472,-0.000731,0.626320
11.385000,1.213000,14.500163,0.023054,0.005338,0.000153,647.741640,654.511155,652.788308,649.708010,-2.092120,0.021476,-0.006084,0.000153,1.877283,0.001578,0.011422,0.000000,14.500163,0.023054,0.005338,0.000153,1.000000,0.034594,0.043819,1.000000,0.005711,-0.000789,0.625761
11.402000,1.230000,14.493720,0.021419,0.005658,0.000077,647.743901,654.277966,652.387289,649.763441,-2.096872,0.019720,-0.006255,0.000077,1.875592,0.001699,0.011912,0.000000,14.493720,0.021419,0.005658,0.000077,1.000000,0.035358,0.044012,1.000000,0.005956,-0.000850,0.625197
11.422000,1.250000,14.523174,0.020438,-0.004518,-0.000038,650.317350,653.126542,654.652111,648.723889,-2.065735,0.018609,-0.016906,-0.000038,1.873909,0.001829,0.012388,0.000000,14.523174,0.020438,-0.004518,-0.000038,1.000000,0.034619,0.042736,1.000000,0.006194,-0.000914,0.624636
11.445000,1.273000,14.522205,0.020529,0.002331,-0.000080,649.115121,654.309436,653.447407,649.862171,-2.065006,0.018566,-0.010551,-0.000080,1.872211,0.001963,0.012882,0.000000,14.522205,0.020529,0.002331,-0.000080,1.000000,0.035458,0.042688,1.000000,0.006441,-0.000981,0.624070
11.464000,1.292000,14.484348,0.020389,0.005457,-0.000091,647.737973,653.989877,652.042142,649.562198,-2.101120,0.018287,-0.007943,-0.000091,1.870468,0.002103,0.013400,0.000000,14.484348,0.020389,0.005457,-0.000091,1.000000,0.037575,0.044187,1.000000,0.006700,-0.001051,0.623489
11.480000,1.308000,14.503774,0.020264,0.006702,-0.000086,647.971881,654.622624,652.251398,650.230266,-2.079942,0.018015,-0.007224,-0.000086,1.868716,0.002248,0.013926,0.000000,14.503774,0.020264,0.006702,-0.000086,1.000000,0.037762,0.043299,1.000000,0.006963,-0.001124,0.622905
11.504000,1.332000,14.531666,0.021149,0.003099,-0.000071,649.125234,654.714713,653.596526,650.145371,-2.050288,0.018748,-0.011357,-0.000071,1.866953,0.002400,0.014456,0.000000,14.531666,0.021149,0.003099,-0.000071,1.000000,0.037780,0.042085,1.000000,0.007228,-0.001200,0.622318
11.525000,1.353000,14.635412,0.022166,-0.001713,-0.000038,652.168203,656.298859,656.857197,651.548557,-1.944828,0.019603,-0.016662,-0.000038,1.865240,0.002563,0.014950,0.000000,14.635412,0.022166,-0.001713,-0.000038,1.000000,0.034935,0.037890,1.000000,0.007475,-0.001281,0.621747
11.543000,1.371000,14.632332,0.022916,-0.015184,-0.000028,654.335230,653.992984,659.174670,649.072800,-1.946166,0.020187,-0.030651,-0.000028,1.863498,0.002729,0.015467,0.000000,14.632332,0.022916,-0.015184,-0.000028,1.000000,0.036284,0.038010,1.000000,0.007733,-0.001365,0.621166
11.562000,1.390000,14.682209,0.022192,-0.023486,-0.000013,656.943397,653.597409,661.621673,648.841423,-1.894566,0.019288,-0.039450,-0.000013,1.861775,0.002904,0.015964,0.000000,14.682209,0.022192,-0.023486,-0.000013,1.000000,0.035829,0.036087,1.000000,0.007982,-0.001452,0.620592
11.583000,1.411000,14.609138,0.021100,-0.039803,-0.000023,658.228674,649.026155,662.661626,644.464542,-1.965755,0.018014,-0.056340,-0.000023,1.859893,0.003086,0.016537,0.000000,14.609138,0.021100,-0.039803,-0.000023,1.000000,0.042998,0.038992,1.000000,0.008268,-0.001543,0.619964
11.602000,1.430000,14.743428,0.019677,-0.002399,-0.000017,654.960526,658.312356,659.119108,654.123450,-1.829737,0.016401,-0.019428,-0.000017,1.858165,0.003275,0.017029,0.000000,14.743428,0.019677,-0.002399,-0.000017,1.000000,0.037890,0.033544,1.000000,0.008515,-0.001638,0.619388
11.621000,1.449000,14.742510,0.009296,0.008550,-0.000007,654.159589,659.060519,656.130235,657.087601,-1.828904,0.005824,-0.008963,-0.000007,1.856414,0.003471,0.017512,0.000000,14.742510,0.009296,0.008550,-0.000007,1.000000,0.039950,0.033460,1.000000,0.008756,-0.001736,0.618805
11.642000,1.470000,14.787274,0.022265,0.016250,-0.000098,652.485653,662.763001,657.151144,657.991721,-1.782398,0.018592,-0.001752,-0.000098,1.854672,0.003673,0.018003,0.000000,14.787274,0.022265,0.016250,-0.000098,1.000000,0.039814,0.031804,1.000000,0.009001,-0.001836,0.618224
11.664000,1.492000,14.751014,0.017800,0.026221,-0.000186,650.458759,663.219673,654.126693,659.327433,-1.816865,0.013920,0.007714,-0.000186,1.852879,0.003880,0.018507,0.000000,14.751014,0.017800,0.026221,-0.000186,1.000000,0.042604,0.033035,1.000000,0.009253,-0.001940,0.617626
11.683000,1.511000,14.840411,0.012031,0.006470,-0.000144,656.458929,661.216106,658.904579,658.565589,-1.725691,0.007936,-0.012527,-0.000144,1.851103,0.004095,0.018997,0.000000,14.840411,0.012031,0.006470,-0.000144,1.000000,0.041243,0.029802,1.000000,0.009499,-0.002047,0.617034
11.706000,1.534000,14.913278,0.024592,0.005061,-0.000018,656.946149,663.856469,662.126258,658.663752,-1.651079,0.020275,-0.014404,-0.000018,1.849357,0.004317,0.019465,0.000000,14.913278,0.024592,0.005061,-0.000018,1.000000,0.040126,0.027322,1.000000,0.009733,-0.002158,0.616452
11.722000,1.550000,14.944800,0.021112,-0.009509,0.000161,660.438581,661.644646,664.988055,657.311453,-1.617777,0.016566,-0.029443,0.000161,1.847578,0.004546,0.019935,0.000000,14.944800,0.021112,-0.009509,0.000161,1.000000,0.041255,0.026286,1.000000,0.009967,-0.002273,0.615859
11.742000,1.570000,14.943289,0.021593,-0.002316,0.000170,659.125207,662.880120,663.790424,658.460028,-1.617512,0.016810,-0.022697,0.000170,1.845801,0.004782,0.020381,0.000000,14.943289,0.021593,-0.002316,0.000170,1.000000,0.042443,0.026243,1.000000,0.010191,-0.002391,0.615267
11.760000,1.588000,14.945322,0.008229,0.005935,0.000139,659.184749,662.932982,661.018862,661.309767,-1.613672,0.003206,-0.014897,0.000139,1.843994,0.005023,0.020832,0.000000,14.945322,0.008229,0.005935,0.000139,1.000000,0.044534,0.026063,1.000000,0.010416,-0.002511,0.614665
11.781000,1.609000,14.987364,0.007927,0.006331,0.000108,660.092288,663.907354,661.838036,662.325357,-1.569811,0.002658,-0.014944,0.000108,1.842175,0.005270,0.021275,0.000000,14.987364,0.007927,0.006331,0.000108,1.000000,0.045159,0.024666,1.000000,0.010637,-0.002635,0.614058
11.803000,1.631000,15.106173,0.014396,0.004697,-0.000234,662.435857,667.049527,665.292540,663.857571,-1.449223,0.008873,-0.017003,-0.000234,1.840396,0.005523,0.021700,0.000000,15.106173,0.014396,0.004697,-0.000234,1.000000,0.043399,0.021039,1.000000,0.010850,-0.002762,0.613465
11.822000,1.650000,15.142727,0.012731,0.007276,-0.000277,662.994990,668.127838,665.470223,665.256074,-1.410878,0.006948,-0.014840,-0.000277,1.838606,0.005783,0.022117,0.000000,15.142727,0.012731,0.007276,-0.000277,1.000000,0.044263,0.019933,1.000000,0.011058,-0.002891,0.612869
11.845000,1.673000,15.130123,0.006056,0.008281,-0.000224,663.229023,667.304595,664.342648,665.867609,-1.421651,0.000009,-0.014247,-0.000224,1.836774,0.006047,0.022528,0.000000,15.130123,0.006056,0.008281,-0.000224,1.000000,0.046616,0.020231,1.000000,0.011264,-0.003023,0.612258
11.863000,1.691000,15.185865,0.011771,0.002569,-0.000184,664.810627,668.143777,667.143628,665.544652,-1.364077,0.005453,-0.020347,-0.000184,1.834942,0.006317,0.022917,0.000000,15.185865,0.011771,0.002569,-0.000184,1.000000,0.046804,0.018651,1.000000,0.011458,-0.003159,0.611647
11.882000,1.710000,15.253976,0.011247,0.002696,-0.000149,666.328026,669.586037,668.571144,667.129101,-1.294139,0.004653,-0.020591,-0.000149,1.833115,0.006594,0.023287,0.000000,15.253976,0.011247,0.002696,-0.000149,1.000000,0.046891,0.016793,1.000000,0.011644,-0.003297,0.611038
11.910000,1.738000,15.466258,0.008626,-0.021955,-0.000013,675.313769,669.756680,677.081109,667.950622,-1.080016,0.001747,-0.045585,-0.000013,1.831274,0.006879,0.023631,0.000000,15.466258,0.008626,-0.021955,-0.000013,1.000000,0.046210,0.011872,1.000000,0.011815,-0.003439,0.610425
11.924000,1.752000,15.379125,0.003921,0.003351,-0.000009,669.672384,671.611066,670.480763,670.790470,-1.165356,-0.003246,-0.020604,-0.000009,1.829480,0.007167,0.023955,0.000000,15.379125,0.003921,0.003351,-0.000009,1.000000,0.047429,0.013624,1.000000,0.011978,-0.003583,0.609827
11.951000,1.779000,15.384555,0.003454,0.008638,0.000010,668.944423,672.558076,669.670122,671.850380,-1.158119,-0.004005,-0.015628,0.000010,1.827673,0.007459,0.024266,0.000000,15.384555,0.003454,0.008638,0.000010,1.000000,0.049188,0.013438,1.000000,0.012133,-0.003729,0.609224
11.968000,1.796000,15.466737,0.004020,0.011543,-0.000049,670.212724,674.907705,671.013647,674.040634,-1.074153,-0.003735,-0.013017,-0.000049,1.825891,0.007755,0.024560,0.000000,15.466737,0.004020,0.011543,-0.000049,1.000000,0.048618,0.011556,1.000000,0.012280,-0.003877,0.608630
11.983000,1.811000,15.494630,0.000478,0.009076,-0.000097,671.618496,674.753689,671.650436,674.581519,-1.044464,-0.007578,-0.015750,-0.000097,1.824095,0.008056,0.024826,0.000000,15.494630,0.000478,0.009076,-0.000097,1.000000,0.049892,0.010940,1.000000,0.012413,-0.004028,0.608032
12.004000,1.832000,15.547354,-0.000306,0.009546,-0.000104,672.770559,675.895382,672.635110,675.879647,-0.989940,-0.008666,-0.015525,-0.000104,1.822295,0.008360,0.025071,0.000000,15.547354,-0.000306,0.009546,-0.000104,1.000000,0.050510,0.009831,1.000000,0.012536,-0.004180,0.607432
12.027000,1.855000,15.643936,0.000482,0.009129,-0.000085,674.847815,677.986157,674.888870,677.823200,-0.891610,-0.008186,-0.016162,-0.000085,1.820546,0.008668,0.025292,0.000000,15.643936,0.000482,0.009129,-0.000085,1.000000,0.049004,0.007983,1.000000,0.012646,-0.004334,0.606849
12.043000,1.871000,15.639678,-0.001854,0.011034,-0.000065,674.672286,677.962876,674.244726,678.294636,-0.894094,-0.010833,-0.014455,-0.000065,1.818772,0.008979,0.025489,0.000000,15.639678,-0.001854,0.011034,-0.000065,1.000000,0.050956,0.008027,1.000000,0.012745,-0.004490,0.606257
12.063000,1.891000,15.672818,-0.003019,0.008509,-0.000046,675.924180,678.132094,675.270004,678.716754,-0.859182,-0.012311,-0.017152,-0.000046,1.817000,0.009292,0.025661,0.000000,15.672818,-0.003019,0.008509,-0.000046,1.000000,0.051553,0.007427,1.000000,0.012830,-0.004646,0.605667
12.087000,1.915000,15.978636,-0.005301,-0.036024,-0.000012,690.026797,677.091765,688.948005,678.171961,-0.551561,-0.014909,-0.061791,-0.000012,1.815198,0.009608,0.025766,0.000000,15.978636,-0.005301,-0.036024,-0.000012,1.000000,0.050444,0.003446,1.000000,0.012883,-0.004804,0.605066
12.104000,1.932000,15.732891,-0.007118,0.018697,0.000009,675.931708,680.670959,674.469438,682.132148,-0.795556,-0.017045,-0.007186,0.000009,1.813447,0.009927,0.025883,0.000000,15.732891,-0.007118,0.018697,0.000009,1.000000,0.053208,0.006363,1.000000,0.012942,-0.004963,0.604482
12.122000,1.950000,15.745313,-0.009851,0.005267,0.000051,678.696716,678.419309,676.707176,680.476557,-0.781395,-0.020097,-0.020705,0.000051,1.811708,0.010246,0.025971,0.000000,15.745313,-0.009851,0.005267,0.000051,1.000000,0.053639,0.006189,1.000000,0.012986,-0.005123,0.603903
12.142000,1.970000,15.796850,-0.008844,0.015672,0.000060,677.975643,681.348719,676.198038,683.198963,-0.728129,-0.019410,-0.010358,0.000060,1.809978,0.010567,0.026030,0.000000,15.796850,-0.008844,0.015672,0.000060,1.000000,0.053994,0.005350,1.000000,0.013015,-0.005284,0.603326
12.163000,1.991000,15.890360,-0.015882,0.026515,0.000015,678.931299,684.436479,675.675822,687.671067,-0.632932,-0.026769,0.000453,0.000015,1.808291,0.010888,0.026062,0.000000,15.890360,-0.015882,0.026515,0.000015,1.000000,0.052866,0.004078,1.000000,0.013031,-0.005444,0.602764
12.184000,2.012000,15.881009,-0.012330,0.022352,-0.000003,679.061618,683.920305,676.525805,686.423847,-0.640575,-0.023539,-0.003715,-0.000003,1.806584,0.011208,0.026067,0.000000,15.881009,-0.012330,0.022352,-0.000003,1.000000,0.054124,0.004160,1.000000,0.013033,-0.005604,0.602195
12.203000,2.031000,15.952872,-0.015865,0.019598,-0.000063,681.443537,684.665696,678.150880,687.838568,-0.567047,-0.027393,-0.006442,-0.000063,1.804919,0.011528,0.026040,0.000000,15.952872,-0.015865,0.019598,-0.000063,1.000000,0.052993,0.003295,1.000000,0.013020,-0.005764,0.601640
12.221000,2.049000,15.984955,-0.022107,0.009011,-0.000185,684.551881,683.020548,679.913496,687.375636,-0.533316,-0.033953,-0.016965,-0.000185,1.803271,0.011846,0.025977,0.000000,15.984955,-0.022107,0.009011,-0.000185,1.000000,0.052929,0.002988,1.000000,0.012988,-0.005923,0.601090
12.241000,2.069000,16.001018,-0.022097,-0.000424,-0.000164,686.434697,681.802634,681.825348,686.179078,-0.515610,-0.034260,-0.026291,-0.000164,1.801628,0.012163,0.025867,0.000000,16.001018,-0.022097,-0.000424,-0.000164,1.000000,0.053747,0.002845,1.000000,0.012933,-0.006082,0.600543
12.262000,2.090000,15.995370,-0.022321,0.002279,0.000056,685.819497,682.022188,681.310171,686.606191,-0.519628,-0.034797,-0.023465,0.000056,1.799998,0.012477,0.025744,0.000000,15.995370,-0.022321,0.002279,0.000056,1.000000,0.053637,0.002876,1.000000,0.012872,-0.006239,0.599999
12.282000,2.110000,16.010789,-0.022792,0.003735,0.000152,685.924723,682.508608,681.385265,687.256370,-0.502586,-0.035578,-0.021856,0.000152,1.798375,0.012786,0.025591,0.000000,16.010789,-0.022792,0.003735,0.000152,1.000000,0.053727,0.002700,1.000000,0.012795,-0.006393,0.599458
12.302000,2.130000,16.000007,-0.024581,0.009841,0.000172,684.867836,683.093845,679.968225,688.214190,-0.511750,-0.037673,-0.015573,0.000172,1.796757,0.013091,0.025414,0.000000,16.000007,-0.024581,0.009841,0.000172,1.000000,0.054205,0.002785,1.000000,0.012707,-0.006546,0.598919
12.323000,2.151000,15.978531,-0.025316,0.006648,0.000118,685.026562,682.052814,679.940906,687.289907,-0.531592,-0.038708,-0.018551,0.000118,1.795123,0.013392,0.025199,0.000000,15.978531,-0.025316,0.006648,0.000118,1.000000,0.055416,0.003010,1.000000,0.012599,-0.006696,0.598374
12.348000,2.176000,16.029785,-0.027387,0.004078,0.000025,686.782304,682.551044,681.223367,688.134435,-0.478752,-0.041074,-0.020870,0.000025,1.793537,0.013687,0.024949,0.000000,16.029785,-0.027387,0.004078,0.000025,1.000000,0.054205,0.002504,1.000000,0.012474,-0.006844,0.597846
12.360000,2.188000,16.019654,-0.030167,0.007908,-0.000040,686.242962,682.705550,680.066320,688.802211,-0.487300,-0.044143,-0.016764,-0.000040,1.791954,0.013975,0.024672,0.000000,16.019654,-0.030167,0.007908,-0.000040,1.000000,0.054385,0.002598,1.000000,0.012336,-0.006988,0.597318
12.381000,2.209000,16.010940,-0.032256,0.010319,-0.000052,685.878131,682.707917,679.261485,689.217355,-0.494440,-0.046513,-0.014045,-0.000052,1.790380,0.014257,0.024364,0.000000,16.010940,-0.032256,0.010319,-0.000052,1.000000,0.054582,0.002681,1.000000,0.012182,-0.007129,0.596793
12.401000,2.229000,16.002828,-0.035439,0.008076,-0.000146,686.427751,681.874365,679.100103,688.965917,-0.500991,-0.049969,-0.015947,-0.000146,1.788819,0.014530,0.024022,0.000000,16.002828,-0.035439,0.008076,-0.000146,1.000000,0.054665,0.002785,1.000000,0.012011,-0.007265,0.596273
12.422000,2.250000,15.948223,-0.021492,0.006019,-0.000180,684.194758,681.801241,679.683098,686.042727,-0.554015,-0.036287,-0.017629,-0.000180,1.787238,0.014795,0.023648,0.000000,15.948223,-0.021492,0.006019,-0.000180,1.000000,0.056192,0.003232,1.000000,0.011824,-0.007398,0.595746
12.441000,2.269000,16.087014,-0.044808,-0.022668,-0.000206,694.185619,677.661204,684.998082,686.654096,-0.413765,-0.059862,-0.045852,-0.000206,1.785779,0.015054,0.023184,0.000000,16.087014,-0.044808,-0.022668,-0.000206,1.000000,0.053884,0.002281,1.000000,0.011592,-0.007527,0.595260
12.463000,2.291000,15.998108,-0.043515,0.002490,-0.000088,688.040091,680.002629,679.115568,688.791581,-0.501185,-0.058816,-0.020228,-0.000088,1.784293,0.015301,0.022718,0.000000,15.998108,-0.043515,0.002490,-0.000088,1.000000,0.054440,0.002899,1.000000,0.011359,-0.007651,0.594764
12.481000,2.309000,15.884913,-0.026764,0.017418,0.000114,681.398808,681.675317,675.984927,687.205923,-0.612857,-0.042301,-0.004811,0.000114,1.782770,0.015537,0.022229,0.000000,15.884913,-0.026764,0.017418,0.000114,1.000000,0.056846,0.003937,1.000000,0.011114,-0.007769,0.594257
12.502000,2.330000,15.912697,-0.036688,0.003604,0.000207,685.246860,678.938162,677.891402,686.575748,-0.583603,-0.052450,-0.018079,0.000207,1.781300,0.015762,0.021684,0.000000,15.912697,-0.036688,0.003604,0.000207,1.000000,0.056124,0.003714,1.000000,0.010842,-0.007881,0.593767
12.524000,2.352000,16.284419,-0.057197,-0.033240,0.000350,701.079270,678.682526,689.859780,690.578106,-0.210764,-0.073174,-0.054127,0.000350,1.780182,0.015977,0.020887,0.000000,16.284419,-0.057197,-0.033240,0.000350,1.000000,0.053731,0.001273,1.000000,0.010443,-0.007989,0.593394
12.545000,2.373000,16.093529,-0.060195,-0.001984,0.000348,692.327006,679.442577,680.348688,691.927379,-0.400500,-0.076371,-0.022066,0.000348,1.779029,0.016175,0.020082,0.000000,16.093529,-0.060195,-0.001984,0.000348,1.000000,0.054965,0.002236,1.000000,0.010041,-0.008088,0.593010
12.565000,2.393000,15.588296,-0.036266,0.053247,0.000243,669.950125,680.204323,662.538709,687.769372,-0.904248,-0.052626,0.033790,0.000243,1.777544,0.016359,0.019458,0.000000,15.588296,-0.036266,0.053247,0.000243,1.000000,0.061527,0.008568,1.000000,0.009729,-0.008180,0.592515
12.588000,2.416000,16.034779,-0.067689,-0.030766,0.000100,696.586116,672.705656,682.987532,686.649238,-0.456757,-0.084223,-0.049270,0.000100,1.776536,0.016535,0.018504,0.000000,16.034779,-0.067689,-0.030766,0.000100,1.000000,0.058674,0.003038,1.000000,0.009252,-0.008268,0.592179
12.603000,2.431000,15.573842,-0.057545,0.056673,-0.000049,671.370720,678.389082,659.291499,690.064390,-0.916293,-0.074236,0.038893,-0.000049,1.775135,0.016690,0.017781,0.000000,15.573842,-0.057545,0.056673,-0.000049,1.000000,0.060513,0.009098,1.000000,0.008890,-0.008345,0.591712
12.623000,2.451000,15.457195,-0.032576,0.044989,0.000031,668.162784,676.467419,661.359982,683.163731,-1.031533,-0.049404,0.027983,0.000031,1.773728,0.016828,0.017006,0.000000,15.457195,-0.032576,0.044989,0.000031,1.000000,0.063689,0.010963,1.000000,0.008503,-0.008414,0.591243
12.645000,2.473000,15.477009,-0.047124,0.010886,0.000182,675.757773,669.636216,666.102407,679.502394,-1.010316,-0.064075,-0.005317,0.000182,1.772325,0.016951,0.016202,0.000000,15.477009,-0.047124,0.010886,0.000182,1.000000,0.062361,0.010621,1.000000,0.008101,-0.008476,0.590775
12.660000,2.488000,15.542635,-0.070009,0.002150,0.000182,680.969623,667.217768,666.625776,681.809992,-0.943355,-0.087067,-0.013191,0.000182,1.770989,0.017058,0.015342,0.000000,15.542635,-0.070009,0.002150,0.000182,1.000000,0.059848,0.009675,1.000000,0.007671,-0.008529,0.590330
12.683000,2.511000,15.373204,-0.046776,0.006234,0.000113,674.272026,666.643846,664.620007,676.430117,-1.111368,-0.063919,-0.008244,0.000113,1.769572,0.017143,0.014478,0.000000,15.373204,-0.046776,0.006234,0.000113,1.000000,0.062638,0.012767,1.000000,0.007239,-0.008571,0.589857
12.702000,2.530000,15.433991,-0.081371,-0.022570,0.000541,683.753713,659.299523,667.351419,676.677214,-1.049253,-0.098582,-0.036114,0.000541,1.768244,0.017211,0.013544,0.000000,15.433991,-0.081371,-0.022570,0.000541,1.000000,0.060383,0.012112,1.000000,0.006772,-0.008605,0.589415
12.728000,2.556000,15.620048,-0.066161,-0.060224,0.000562,692.317371,658.600121,679.262385,672.870580,-0.862309,-0.083422,-0.072504,0.000562,1.767357,0.017261,0.012280,0.000000,15.620048,-0.066161,-0.060224,0.000562,1.000000,0.064399,0.008657,1.000000,0.006140,-0.008631,0.589119
12.742000,2.570000,15.175063,-0.038614,0.020538,0.000594,666.536155,665.378336,658.837903,673.861908,-1.305919,-0.055899,0.009234,0.000594,1.765982,0.017285,0.011304,0.000000,15.175063,-0.038614,0.020538,0.000594,1.000000,0.063300,0.017375,1.000000,0.005652,-0.008643,0.588661
12.764000,2.592000,15.008794,-0.074597,0.024240,0.000785,665.956223,658.475817,650.729935,674.661787,-1.470780,-0.091881,0.013931,0.000785,1.764574,0.017284,0.010309,0.000000,15.008794,-0.074597,0.024240,0.000785,1.000000,0.063914,0.022496,1.000000,0.005154,-0.008642,0.588191
12.781000,2.609000,15.066263,-0.065092,0.010241,0.000796,668.579582,658.361579,655.444838,672.593636,-1.411956,-0.082356,0.000990,0.000796,1.763219,0.017264,0.009252,0.000000,15.066263,-0.065092,0.010241,0.000796,1.000000,0.062671,0.020615,1.000000,0.004626,-0.008632,0.587740
12.805000,2.633000,14.922350,-0.076270,0.033784,0.000665,662.654713,658.056071,646.904561,674.506783,-1.554445,-0.093487,0.025587,0.000665,1.761795,0.017216,0.008198,0.000000,14.922350,-0.076270,0.033784,0.000665,1.000000,0.063034,0.025102,1.000000,0.004099,-0.008608,0.587265
12.825000,2.653000,15.020326,-0.069950,-0.014726,0.000464,672.385616,652.665969,658.065808,667.779284,-1.455158,-0.087102,-0.021763,0.000464,1.760484,0.017152,0.007037,0.000000,15.020326,-0.069950,-0.014726,0.000464,1.000000,0.063109,0.021981,1.000000,0.003518,-0.008576,0.586828
12.845000,2.673000,14.845676,-0.072697,0.006976,-0.000164,665.422479,652.445854,649.912977,667.656505,-1.628446,-0.089755,0.001102,-0.000164,1.759122,0.017058,0.005874,0.000000,14.845676,-0.072697,0.006976,-0.000164,1.000000,0.064084,0.027324,1.000000,0.002937,-0.008529,0.586374
12.865000,2.693000,14.677186,-0.039400,0.015131,-0.000413,656.889352,653.725439,648.186821,661.746412,-1.795554,-0.056336,0.010459,-0.000413,1.757740,0.016936,0.004672,0.000000,14.677186,-0.039400,0.015131,-0.000413,1.000000,0.068223,0.032568,1.000000,0.002336,-0.008468,0.585913
12.880000,2.708000,14.772042,-0.083511,-0.027603,-0.000632,670.921508,643.806165,652.908243,661.135376,-1.699415,-0.100305,-0.030990,-0.000632,1.756457,0.016794,0.003387,0.000000,14.772042,-0.083511,-0.027603,-0.000632,1.000000,0.065314,0.029982,1.000000,0.001693,-0.008397,0.585486
12.902000,2.730000,14.553383,-0.030527,0.016926,-0.000556,652.924036,652.264127,645.981020,658.318371,-1.916659,-0.047148,0.014785,-0.000556,1.755042,0.016622,0.002141,0.000000,14.553383,-0.030527,0.016926,-0.000556,1.000000,0.068460,0.036980,1.000000,0.001070,-0.008311,0.585014
12.924000,2.752000,14.665170,-0.094061,-0.053148,-0.000330,673.858672,635.602530,653.897137,655.630930,-1.803621,-0.110492,-0.053905,-0.000330,1.753791,0.016431,0.000757,0.000000,14.665170,-0.094061,-0.053148,-0.000330,1.000000,0.066941,0.034042,1.000000,0.000379,-0.008215,0.584597
12.947000,2.775000,14.466922,-0.062887,-0.011899,0.000290,659.074798,641.480475,645.858632,655.216381,-2.000545,-0.079096,-0.011278,0.000290,1.752466,0.016209,-0.000621,0.000000,14.466922,-0.062887,-0.011899,0.000290,1.000000,0.068416,0.040660,1.000000,-0.000310,-0.008104,0.584155
12.964000,2.792000,14.464243,-0.107300,-0.040061,0.001209,668.128050,631.212670,646.244402,655.399834,-2.001950,-0.123264,-0.037997,0.001209,1.751193,0.015963,-0.002065,0.000000,14.464243,-0.107300,-0.040061,0.001209,1.000000,0.068061,0.041742,1.000000,-0.001032,-0.007982,0.583731
12.981000,2.809000,14.280540,-0.093932,0.014063,0.001954,653.176436,637.741140,634.264532,659.447713,-2.184319,-0.109618,0.017563,0.001954,1.749858,0.015686,-0.003501,0.000000,14.280540,-0.093932,0.014063,0.001954,1.000000,0.068222,0.048945,1.000000,-0.001750,-0.007843,0.583286
13.005000,2.833000,14.026601,-0.048685,0.067519,0.001682,633.255490,646.338069,623.710384,658.050594,-2.436803,-0.064057,0.072413,0.001682,1.748404,0.015372,-0.004893,0.000000,14.026601,-0.048685,0.067519,0.001682,1.000000,0.072481,0.060315,1.000000,-0.002447,-0.007686,0.582801
13.027000,2.855000,13.934629,-0.096250,0.019323,0.001211,644.986452,630.743657,624.759538,652.596624,-2.527531,-0.111267,0.025856,0.001211,1.747161,0.015017,-0.006532,0.000000,13.934629,-0.096250,0.019323,0.001211,1.000000,0.078477,0.065189,1.000000,-0.003266,-0.007508,0.582387
13.041000,2.869000,13.936732,-0.080961,0.042098,0.001244,639.376030,636.502165,622.420146,654.946049,-2.523957,-0.095605,0.050088,0.001244,1.745688,0.014644,-0.007991,0.000000,13.936732,-0.080961,0.042098,0.001244,1.000000,0.072723,0.064869,1.000000,-0.003996,-0.007322,0.581896
13.064000,2.892000,13.844546,-0.089234,0.023990,0.000920,641.468130,630.379933,622.480567,650.516601,-2.614625,-0.103472,0.033442,0.000920,1.744171,0.014238,-0.009452,0.000000,13.844546,-0.089234,0.023990,0.000920,1.000000,0.074726,0.069545,1.000000,-0.004726,-0.007119,0.581390
13.083000,2.911000,13.750826,-0.048169,0.007491,0.000395,637.947700,630.010625,627.636663,640.884107,-2.706788,-0.061969,0.018421,0.000395,1.742614,0.013800,-0.010930,0.000000,13.750826,-0.048169,0.007491,0.000395,1.000000,0.079789,0.073685,1.000000,-0.005465,-0.006900,0.580871
13.102000,2.930000,13.867247,-0.097897,-0.054564,0.000084,656.818997,616.110357,635.785158,637.921412,-2.588920,-0.111237,-0.042038,0.000084,1.741167,0.013341,-0.012526,0.000000,13.867247,-0.097897,-0.054564,0.000084,1.000000,0.077926,0.068439,1.000000,-0.006263,-0.006670,0.580389
13.128000,2.956000,13.838599,-0.077633,-0.072417,-0.000459,657.281893,614.684331,640.290043,631.657147,-2.616145,-0.090487,-0.058227,-0.000459,1.739743,0.012854,-0.014190,0.000000,13.838599,-0.077633,-0.072417,-0.000459,1.000000,0.080201,0.069600,1.000000,-0.007095,-0.006427,0.579914
13.143000,2.971000,13.649478,-0.048275,-0.032114,-0.000562,642.947587,620.897325,631.992613,631.177934,-2.803795,-0.060606,-0.016254,-0.000562,1.738273,0.012331,-0.015859,0.000000,13.649478,-0.048275,-0.032114,-0.000562,1.000000,0.082675,0.079006,1.000000,-0.007930,-0.006166,0.579424
13.162000,2.990000,13.646653,-0.096284,-0.071058,-0.000378,654.721422,608.186204,633.634380,629.540914,-2.805177,-0.108067,-0.053466,-0.000378,1.736830,0.011783,-0.017592,0.000000,13.646653,-0.096284,-0.071058,-0.000378,1.000000,0.082144,0.080144,1.000000,-0.008796,-0.005891,0.578943
13.184000,3.012000,13.480133,-0.058190,0.003493,-0.000248,633.761904,622.117563,620.658417,634.810447,-2.970179,-0.069388,0.022790,-0.000248,1.735312,0.011197,-0.019297,0.000000,13.480133,-0.058190,0.003493,-0.000248,1.000000,0.082382,0.088753,1.000000,-0.009649,-0.005599,0.578437
13.202000,3.030000,13.375880,-0.104908,0.017923,0.000151,633.782475,616.861442,610.410682,640.227126,-3.072875,-0.115486,0.038928,0.000151,1.733755,0.010578,-0.021005,0.000000,13.375880,-0.104908,0.017923,0.000151,1.000000,0.081620,0.095911,1.000000,-0.010503,-0.005289,0.577918
13.229000,3.057000,13.377989,-0.084347,0.014464,0.000773,631.955447,618.342313,613.671793,637.674715,-3.069253,-0.094280,0.037281,0.000773,1.732242,0.009933,-0.022816,0.000000,13.377989,-0.084347,0.014464,0.000773,1.000000,0.084708,0.095231,1.000000,-0.011408,-0.004966,0.577414
13.243000,3.071000,13.188345,-0.050203,0.077970,0.000676,612.230267,629.199387,601.224101,640.753049,-3.257311,-0.059449,0.102554,0.000676,1.730655,0.009246,-0.024584,0.000000,13.188345,-0.050203,0.077970,0.000676,1.000000,0.088968,0.107506,1.000000,-0.012292,-0.004623,0.576885
13.269000,3.097000,13.153700,-0.099762,0.080718,0.000345,616.643824,623.509662,593.956278,645.679480,-3.290280,-0.108284,0.106999,0.000345,1.728979,0.008523,-0.026281,0.000000,13.153700,-0.099762,0.080718,0.000345,1.000000,0.085861,0.110577,1.000000,-0.013140,-0.004261,0.576326
13.285000,3.113000,12.734909,-0.052325,0.038695,0.000278,608.999437,611.313031,597.130790,623.346894,-3.707509,-0.060096,0.067062,0.000278,1.727418,0.007771,-0.028367,0.000000,12.734909,-0.052325,0.038695,0.000278,1.000000,0.118958,0.138267,1.000000,-0.014183,-0.003885,0.575806
13.310000,3.138000,13.211295,-0.104699,0.000901,0.000293,632.930669,609.780323,609.682087,633.476026,-3.229432,-0.111684,0.031013,0.000293,1.725727,0.006985,-0.030113,0.000000,13.211295,-0.104699,0.000901,0.000293,1.000000,0.092384,0.105636,1.000000,-0.015056,-0.003492,0.575242
13.325000,3.153000,13.260482,-0.082260,-0.049568,0.000080,640.598813,604.276706,622.519375,623.011712,-3.178558,-0.088434,-0.017625,0.000080,1.724039,0.006174,-0.031943,0.000000,13.260482,-0.082260,-0.049568,0.000080,1.000000,0.096676,0.101845,1.000000,-0.015972,-0.003087,0.574680
13.345000,3.173000,13.200914,-0.098712,-0.066867,0.000021,644.076702,597.709022,622.383483,620.299072,-3.236419,-0.104041,-0.033097,0.000021,1.722333,0.005329,-0.033770,0.000000,13.200914,-0.098712,-0.066867,0.000021,1.000000,0.099827,0.105936,1.000000,-0.016885,-0.002664,0.574111
13.366000,3.194000,12.609942,-0.050777,0.012974,-0.000076,610.705136,603.870134,598.955688,615.405698,-3.825644,-0.055221,0.048818,-0.000076,1.720586,0.004444,-0.035844,0.000000,12.609942,-0.050777,0.012974,-0.000076,1.000000,0.130086,0.146899,1.000000,-0.017922,-0.002222,0.573529
13.383000,3.211000,13.133430,-0.094711,-0.017926,0.000040,633.471121,605.673002,612.326644,627.104028,-3.300387,-0.098235,0.019656,0.000040,1.718817,0.003524,-0.037582,0.000000,13.133430,-0.094711,-0.017926,0.000040,1.000000,0.100511,0.109929,1.000000,-0.018791,-0.001762,0.572939
13.405000,3.233000,12.652807,-0.072686,0.030957,0.000094,610.853084,605.657038,594.124375,622.222277,-3.779171,-0.075258,0.070584,0.000094,1.716978,0.002572,-0.039627,0.000000,12.652807,-0.072686,0.030957,0.000094,1.000000,0.128982,0.143886,1.000000,-0.019814,-0.001286,0.572326
13.429000,3.257000,13.207136,-0.067820,-0.007587,-0.000049,630.406050,612.463378,615.204946,627.654819,-3.223046,-0.069408,0.033774,-0.000049,1.715182,0.001588,-0.041361,0.000000,13.207136,-0.067820,-0.007587,-0.000049,1.000000,0.102215,0.104476,1.000000,-0.020681,-0.000793,0.571727
13.445000,3.273000,12.669544,-0.028164,0.025318,-0.000164,607.304420,610.223673,600.685098,616.481984,-3.758697,-0.028735,0.068703,-0.000164,1.713241,0.000571,-0.043385,0.000000,12.669544,-0.028164,0.025318,-0.000164,1.000000,0.136628,0.141833,1.000000,-0.021693,-0.000285,0.571080
13.462000,3.290000,13.203677,-0.036203,-0.084477,-0.000216,640.532656,601.831506,632.454580,609.970641,-3.222706,-0.035740,-0.039231,-0.000216,1.711383,-0.000462,-0.045246,0.000000,13.203677,-0.036203,-0.084477,-0.000216,1.000000,0.111374,0.104140,1.000000,-0.022623,0.000232,0.570461
13.481000,3.309000,13.250432,-0.081393,-0.045672,-0.000393,639.761936,605.058119,621.499096,623.188415,-3.174093,-0.079864,0.001399,-0.000393,1.709525,-0.001529,-0.047071,0.000000,13.250432,-0.081393,-0.045672,-0.000393,1.000000,0.107007,0.101387,1.000000,-0.023536,0.000765,0.569842
13.506000,3.334000,13.178504,-0.081410,-0.027592,-0.000552,634.980921,606.743609,616.452975,624.698908,-3.244140,-0.078782,0.021293,-0.000552,1.707644,-0.002628,-0.048885,0.000000,13.178504,-0.081410,-0.027592,-0.000552,1.000000,0.110434,0.105910,1.000000,-0.024443,0.001315,0.569215
13.521000,3.349000,13.168354,-0.091489,0.005425,-0.000954,630.132544,611.613027,608.850760,631.329869,-3.252399,-0.087731,0.056093,-0.000954,1.705753,-0.003758,-0.050668,0.000000,13.168354,-0.091489,0.005425,-0.000954,1.000000,0.109374,0.106865,1.000000,-0.025334,0.001880,0.568584
13.542000,3.370000,13.130337,-0.050488,0.044498,-0.000880,617.592753,622.430807,605.427434,632.916804,-3.288496,-0.045566,0.096903,-0.000880,1.703833,-0.004922,-0.052405,0.000000,13.130337,-0.050488,0.044498,-0.000880,1.000000,0.114475,0.109289,1.000000,-0.026202,0.002461,0.567944
13.563000,3.391000,13.162541,-0.059989,0.035580,-0.000967,621.073459,620.545901,606.734377,633.086221,-3.254369,-0.053875,0.089706,-0.000967,1.701911,-0.006114,-0.054126,0.000000,13.162541,-0.059989,0.035580,-0.000967,1.000000,0.117152,0.107004,1.000000,-0.027063,0.003058,0.567304
13.582000,3.410000,13.237446,-0.093604,0.036840,-0.000264,626.094458,618.474701,604.713958,638.993221,-3.177556,-0.086266,0.092627,-0.000264,1.700003,-0.007337,-0.055787,0.000000,13.237446,-0.093604,0.036840,-0.000264,1.000000,0.117382,0.102571,1.000000,-0.027893,0.003669,0.566668
13.609000,3.437000,13.236432,-0.053991,0.018014,0.000161,624.889064,619.310904,612.860362,631.464758,-3.176628,-0.045402,0.075428,0.000161,1.698061,-0.008589,-0.057414,0.000000,13.236432,-0.053991,0.018014,0.000161,1.000000,0.125251,0.101685,1.000000,-0.028707,0.004295,0.566020
13.621000,3.449000,13.181251,-0.090419,-0.041303,0.000048,638.233096,602.970046,618.225579,623.542816,-3.229786,-0.080559,0.017799,0.000048,1.696037,-0.009860,-0.059102,0.000000,13.181251,-0.090419,-0.041303,0.000048,1.000000,0.130942,0.104996,1.000000,-0.029551,0.004931,0.565346
13.646000,3.474000,13.233676,-0.067792,-0.045375,-0.000330,637.820728,606.245938,622.597326,621.352237,-3.175315,-0.056635,0.015382,-0.000330,1.693991,-0.011157,-0.060757,0.000000,13.233676,-0.067792,-0.045375,-0.000330,1.000000,0.135344,0.101171,1.000000,-0.030378,0.005580,0.564664
13.663000,3.491000,13.011749,-0.060987,-0.006142,-0.000384,624.961274,608.970447,610.928944,622.445977,-3.394980,-0.048515,0.056360,-0.000384,1.691729,-0.012472,-0.062502,0.000000,13.011749,-0.060987,-0.006142,-0.000384,1.000000,0.157614,0.115812,1.000000,-0.031251,0.006237,0.563910
13.682000,3.510000,13.533218,-0.050294,-0.019118,-0.000363,638.159044,620.205378,626.818997,631.103529,-2.871507,-0.036466,0.044908,-0.000363,1.689725,-0.013828,-0.064025,0.000000,13.533218,-0.050294,-0.019118,-0.000363,1.000000,0.138184,0.082790,1.000000,-0.032012,0.006915,0.563242
13.703000,3.531000,13.608465,-0.046316,-0.011411,-0.000347,638.084867,623.806354,627.638858,633.782727,-2.794226,-0.031107,0.054093,-0.000347,1.687691,-0.015210,-0.065504,0.000000,13.608465,-0.046316,-0.011411,-0.000347,1.000000,0.140695,0.078466,1.000000,-0.032752,0.007607,0.562564
13.722000,3.550000,13.615680,-0.041676,-0.024362,-0.000243,639.986377,622.113415,630.673747,631.177212,-2.784939,-0.025064,0.042616,-0.000243,1.685619,-0.016612,-0.066978,0.000000,13.615680,-0.041676,-0.024362,-0.000243,1.000000,0.143871,0.077803,1.000000,-0.033489,0.008308,0.561873
13.740000,3.568000,13.671220,-0.020543,-0.009386,-0.000134,636.273594,628.415444,631.662936,632.843208,-2.727316,-0.002502,0.059007,-0.000134,1.683535,-0.018040,-0.068393,0.000000,13.671220,-0.020543,-0.009386,-0.000134,1.000000,0.147795,0.074731,1.000000,-0.034196,0.009022,0.561178
13.764000,3.592000,13.176259,-0.057229,0.007765,-0.000124,625.791508,615.771920,612.830068,628.480834,-3.219551,-0.037745,0.077772,-0.000124,1.680810,-0.019484,-0.070006,0.000000,13.176259,-0.057229,0.007765,-0.000124,1.000000,0.191175,0.104402,1.000000,-0.035002,0.009744,0.560270
13.784000,3.612000,13.780938,-0.055899,-0.048232,0.000168,649.288254,619.917767,637.308259,632.485769,-2.612673,-0.034950,0.023159,0.000168,1.678611,-0.020949,-0.071391,0.000000,13.780938,-0.055899,-0.048232,0.000168,1.000000,0.153502,0.068436,1.000000,-0.035695,0.010478,0.559537
13.802000,3.630000,14.089733,-0.068111,-0.010073,0.000352,650.873698,632.548810,636.390845,647.647972,-2.301766,-0.045672,0.062610,0.000352,1.676500,-0.022439,-0.072683,0.000000,14.089733,-0.068111,-0.010073,0.000352,1.000000,0.150145,0.053582,1.000000,-0.036340,0.011223,0.558833
13.825000,3.653000,14.099740,-0.029975,-0.009819,0.000301,646.981451,637.027705,640.715295,643.786383,-2.289613,-0.006026,0.064098,0.000301,1.674352,-0.023950,-0.073917,0.000000,14.099740,-0.029975,-0.009819,0.000301,1.000000,0.157712,0.052838,1.000000,-0.036957,0.011979,0.558117
13.843000,3.671000,14.023089,-0.062721,-0.038042,0.000346,653.629746,626.602957,640.377712,640.666148,-2.364021,-0.037248,0.037110,0.000346,1.672110,-0.025473,-0.075152,0.000000,14.023089,-0.062721,-0.038042,0.000346,1.000000,0.160545,0.056162,1.000000,-0.037574,0.012741,0.557370
13.865000,3.693000,13.998014,-0.040251,-0.043120,0.000333,651.550008,627.607433,643.129952,636.743223,-2.386750,-0.013239,0.033237,0.000333,1.669764,-0.027011,-0.076356,0.000000,13.998014,-0.040251,-0.043120,0.000333,1.000000,0.166539,0.057094,1.000000,-0.038176,0.013511,0.556588
13.880000,3.708000,14.190698,-0.016925,-0.007612,0.000403,647.212313,640.879294,643.851199,644.865875,-2.191702,0.011644,0.069880,0.000403,1.667399,-0.028569,-0.077492,0.000000,14.190698,-0.016925,-0.007612,0.000403,1.000000,0.169418,0.048537,1.000000,-0.038744,0.014290,0.555800
13.903000,3.731000,14.388311,-0.039262,-0.017734,0.000611,655.708719,641.101899,647.754815,650.054635,-1.991804,-0.009121,0.060825,0.000611,1.665115,-0.030141,-0.078559,0.000000,14.388311,-0.039262,-0.017734,0.000611,1.000000,0.165757,0.040051,1.000000,-0.039277,0.015076,0.555038
13.923000,3.751000,14.560260,-0.028016,-0.002009,0.000718,655.613823,648.913897,650.148496,655.458174,-1.817593,0.003712,0.077548,0.000718,1.662852,-0.031728,-0.079557,0.000000,14.560260,-0.028016,-0.002009,0.000718,1.000000,0.166009,0.033639,1.000000,-0.039776,0.015870,0.554284
13.942000,3.770000,14.690011,-0.027469,-0.001263,0.000550,658.375300,652.083888,652.930372,658.350810,-1.685587,0.005859,0.079226,0.000550,1.660598,-0.033328,-0.080489,0.000000,14.690011,-0.027469,-0.001263,0.000550,1.000000,0.167420,0.029043,1.000000,-0.040242,0.016671,0.553533
13.967000,3.795000,14.468513,-0.007320,0.051010,0.000190,642.325614,658.395790,640.874274,660.089265,-1.904070,0.027619,0.132453,0.000190,1.657583,-0.034939,-0.081443,0.000000,14.468513,-0.007320,0.051010,0.000190,1.000000,0.210014,0.038085,1.000000,-0.040718,0.017477,0.552528
13.984000,3.812000,15.047423,-0.024581,-0.017365,0.000072,668.844072,657.791783,663.756551,663.030678,-1.322973,0.011982,0.064865,0.000072,1.655396,-0.036563,-0.082230,0.000000,15.047423,-0.024581,-0.017365,0.000072,1.000000,0.169627,0.017938,1.000000,-0.041111,0.018289,0.551799
14.005000,3.833000,15.130425,-0.015937,-0.018620,0.000228,669.914644,660.271893,666.752439,663.800339,-1.237750,0.022258,0.064338,0.000228,1.653175,-0.038195,-0.082957,0.000000,15.130425,-0.015937,-0.018620,0.000228,1.000000,0.171638,0.015784,1.000000,-0.041475,0.019106,0.551058
14.023000,3.851000,15.365185,-0.016707,-0.023021,0.000261,675.820271,664.612822,672.549256,668.304117,-1.000890,0.023130,0.060574,0.000261,1.651075,-0.039837,-0.083595,0.000000,15.365185,-0.016707,-0.023021,0.000261,1.000000,0.170825,0.010438,1.000000,-0.041794,0.019927,0.550358
14.042000,3.870000,15.301108,-0.011203,-0.033942,0.000218,675.699199,661.942568,673.536888,664.463143,-1.062749,0.030280,0.050239,0.000218,1.648857,-0.041483,-0.084181,0.000000,15.301108,-0.011203,-0.033942,0.000218,1.000000,0.176941,0.011638,1.000000,-0.042086,0.020751,0.549619
14.062000,3.890000,15.435542,-0.007400,-0.032129,0.000166,677.928923,665.630268,676.521108,667.303795,-0.926174,0.035735,0.052554,0.000166,1.646717,-0.043135,-0.084682,0.000000,15.435542,-0.007400,-0.032129,0.000166,1.000000,0.175950,0.008982,1.000000,-0.042336,0.021577,0.548906
14.082000,3.910000,15.271506,-0.001548,-0.044851,0.000001,675.954194,660.532826,675.635940,660.860154,-1.087880,0.043241,0.040291,0.000001,1.644386,-0.044789,-0.085142,0.000000,15.271506,-0.001548,-0.044851,0.000001,1.000000,0.183675,0.012184,1.000000,-0.042566,0.022404,0.548129
14.110000,3.938000,15.506327,0.005635,-0.020139,-0.000134,676.228367,670.670801,677.295846,669.397478,-0.850801,0.052080,0.065378,-0.000134,1.642128,-0.046446,-0.085518,0.000000,15.506327,0.005635,-0.020139,-0.000134,1.000000,0.180177,0.007937,1.000000,-0.042754,0.023232,0.547376
14.122000,3.950000,15.562891,0.005275,-0.023907,-0.000177,678.127173,671.250687,679.088820,670.020847,-0.791908,0.053377,0.061921,-0.000177,1.639799,-0.048102,-0.085828,0.000000,15.562891,0.005275,-0.023907,-0.000177,1.000000,0.182533,0.006940,1.000000,-0.042909,0.024060,0.546600
14.143000,3.971000,15.832556,0.007892,-0.002608,-0.000152,680.129208,680.887044,681.639305,679.156470,-0.520007,0.057649,0.083447,-0.000152,1.637564,-0.049757,-0.086056,0.000000,15.832556,0.007892,-0.002608,-0.000152,1.000000,0.177841,0.003733,1.000000,-0.043022,0.024888,0.545855
14.168000,3.996000,16.038138,0.010055,0.003580,-0.000108,683.281743,686.505890,685.254592,684.382292,-0.312251,0.061464,0.089787,-0.000108,1.635390,-0.051409,-0.086207,0.000000,16.038138,0.010055,0.003580,-0.000108,1.000000,0.174927,0.002159,1.000000,-0.043098,0.025714,0.545130
14.184000,4.012000,16.250139,0.009789,0.013843,-0.000053,686.131551,692.627992,688.079778,690.617771,-0.098069,0.062845,0.100111,-0.000053,1.633208,-0.053056,-0.086269,0.000000,16.250139,0.009789,0.013843,-0.000053,1.000000,0.175819,0.001493,1.000000,-0.043129,0.026537,0.544403
14.205000,4.033000,16.461787,0.017552,0.062437,-0.000040,681.870425,705.640797,685.418812,702.139522,0.116246,0.072247,0.148615,-0.000040,1.630541,-0.054695,-0.086179,0.000000,16.461787,0.017552,0.062437,-0.000040,1.000000,0.200062,0.002866,1.000000,-0.043084,0.027356,0.543514
14.226000,4.054000,16.287030,0.021777,-0.037881,-0.000017,694.121722,686.168938,698.465841,681.721986,-0.056417,0.078104,0.048222,-0.000017,1.628447,-0.056326,-0.086103,0.000000,16.287030,0.021777,-0.037881,-0.000017,1.000000,0.174226,0.000874,1.000000,-0.043046,0.028171,0.542816
14.244000,4.072000,16.377847,0.027113,-0.030861,0.000056,694.337370,689.759771,699.791627,684.305908,0.036495,0.085060,0.055085,0.000056,1.626352,-0.057947,-0.085946,0.000000,16.377847,0.027113,-0.030861,0.000056,1.000000,0.174759,0.001040,1.000000,-0.042967,0.028982,0.542117
14.266000,4.094000,16.646813,0.031614,-0.054756,-0.000028,703.390385,692.047035,709.603408,685.634734,0.307417,0.091167,0.030967,-0.000028,1.624397,-0.059553,-0.085722,0.000000,16.646813,0.031614,-0.054756,-0.000028,1.000000,0.169027,0.001872,1.000000,-0.042856,0.029784,0.541466
14.285000,4.113000,16.954551,0.034948,0.014901,-0.000160,698.344399,710.021240,705.173716,703.016908,0.617597,0.096094,0.100185,-0.000160,1.621953,-0.061146,-0.085284,0.000000,16.954551,0.034948,0.014901,-0.000160,1.000000,0.192918,0.005741,1.000000,-0.042636,0.030581,0.540651
14.304000,4.132000,16.515922,0.025513,-0.109015,-0.000272,709.999221,679.830692,714.809510,674.378498,0.180637,0.088225,-0.024048,-0.000272,1.620285,-0.062711,-0.084967,0.000000,16.515922,0.025513,-0.109015,-0.000272,1.000000,0.161624,0.001162,1.000000,-0.042478,0.031363,0.540095
14.325000,4.153000,16.699367,0.045655,-0.020059,-0.000236,697.589285,700.237568,706.489524,690.923882,0.366008,0.109925,0.064468,-0.000236,1.618358,-0.064270,-0.084527,0.000000,16.699367,0.045655,-0.020059,-0.000236,1.000000,0.169205,0.002964,1.000000,-0.042258,0.032142,0.539453
14.342000,4.170000,16.684411,0.042221,-0.032984,-0.000138,699.666998,697.466615,707.929901,688.882366,0.353052,0.108033,0.051015,-0.000138,1.616359,-0.065812,-0.083999,0.000000,16.684411,0.042221,-0.032984,-0.000138,1.000000,0.172454,0.002674,1.000000,-0.041994,0.032913,0.538786
14.362000,4.190000,16.847738,0.031781,-0.007476,0.000130,699.929469,703.834865,706.309898,697.613427,0.518353,0.099111,0.075926,0.000130,1.614384,-0.067330,-0.083402,0.000000,16.847738,0.031781,-0.007476,0.000130,1.000000,0.169524,0.004246,1.000000,-0.041696,0.033671,0.538128
14.384000,4.212000,16.995077,0.062508,0.016018,0.000405,696.073519,713.523647,708.734216,701.512605,0.667612,0.131333,0.098750,0.000405,1.612464,-0.068825,-0.082732,0.000000,16.995077,0.062508,0.016018,0.000405,1.000000,0.165864,0.007157,1.000000,-0.041361,0.034418,0.537488
14.402000,4.230000,17.070956,0.045147,0.003966,0.000183,701.405206,711.561098,710.432180,702.803177,0.745351,0.115436,0.085992,0.000183,1.610605,-0.070289,-0.082027,0.000000,17.070956,0.045147,0.003966,0.000183,1.000000,0.160999,0.007627,1.000000,-0.041009,0.035150,0.536868
14.423000,4.251000,17.124878,0.072498,0.017752,0.000319,697.547724,717.451719,712.082569,703.470667,0.801139,0.144226,0.098985,0.000319,1.608738,-0.071727,-0.081233,0.000000,17.124878,0.072498,0.017752,0.000319,1.000000,0.160546,0.009478,1.000000,-0.040613,0.035868,0.536246
14.443000,4.271000,17.224462,0.069341,-0.002311,0.000200,703.202245,716.070754,716.932388,702.601464,0.902494,0.142474,0.078090,0.000200,1.606968,-0.073133,-0.080401,0.000000,17.224462,0.069341,-0.002311,0.000200,1.000000,0.154680,0.010785,1.000000,-0.040197,0.036570,0.535656
14.466000,4.294000,17.269028,0.046570,-0.012804,0.000078,708.085503,713.156008,717.236396,704.059810,0.948826,0.121073,0.066705,0.000078,1.605202,-0.074503,-0.079509,0.000000,17.269028,0.046570,-0.012804,0.000078,1.000000,0.153793,0.010914,1.000000,-0.039751,0.037255,0.535067
14.483000,4.311000,17.297196,0.083196,0.020074,0.000101,699.786652,722.426421,716.217183,706.280054,0.978757,0.159043,0.098570,0.000101,1.603438,-0.075847,-0.078496,0.000000,17.297196,0.083196,0.020074,0.000101,1.000000,0.155623,0.013081,1.000000,-0.039245,0.037926,0.534479
14.500000,4.328000,17.302201,0.036834,-0.025864,0.000047,711.802899,710.833037,719.003435,703.613899,0.985447,0.113981,0.051627,0.000047,1.601754,-0.077147,-0.077491,0.000000,17.302201,0.036834,-0.025864,0.000047,1.000000,0.150813,0.011277,1.000000,-0.038743,0.038576,0.533918
14.521000,4.349000,17.249766,0.098167,0.028292,0.000459,695.855351,724.060728,715.529176,705.259563,0.934719,0.176586,0.104660,0.000459,1.600048,-0.078419,-0.076368,0.000000,17.249766,0.098167,0.028292,0.000459,1.000000,0.153612,0.012951,1.000000,-0.038182,0.039211,0.533349
14.551000,4.379000,17.699736,0.077430,0.044322,0.000879,701.023822,719.910848,722.027135,701.707629,1.386405,0.157098,0.119357,0.000879,1.598331,-0.079668,-0.075034,0.000000,17.699736,0.077430,0.044322,0.000879,1.000000,0.158711,0.023114,1.000000,-0.037515,0.039836,0.532777
14.562000,4.390000,17.297392,0.100456,-0.002325,0.002057,701.023822,719.910848,722.027135,701.707629,0.985678,0.181308,0.071492,0.002057,1.596714,-0.080853,-0.073817,0.000000,17.297392,0.100456,-0.002325,0.002057,1.000000,0.147613,0.013514,1.000000,-0.036907,0.040428,0.532238
14.582000,4.410000,17.262703,0.088131,0.022933,0.001835,697.536774,722.036382,716.105545,706.161277,0.952599,0.170131,0.095418,0.001835,1.595104,-0.082000,-0.072485,0.000000,17.262703,0.088131,0.022933,0.001835,1.000000,0.151954,0.012880,1.000000,-0.036241,0.041002,0.531701
14.606000,4.434000,17.274128,0.090487,-0.014948,0.000985,703.903054,716.875848,722.216286,699.796087,0.965588,0.173585,0.056182,0.000985,1.593539,-0.083099,-0.071129,0.000000,17.274128,0.090487,-0.014948,0.000985,1.000000,0.147530,0.012653,1.000000,-0.035563,0.041551,0.531180
14.622000,4.450000,17.276770,0.081346,0.002615,0.000385,702.251667,719.008155,718.450491,703.355715,0.969776,0.165501,0.072302,0.000385,1.591994,-0.084155,-0.069687,0.000000,17.276770,0.081346,0.002615,0.000385,1.000000,0.149628,0.012666,1.000000,-0.034842,0.042079,0.530665
14.644000,4.472000,17.336286,0.081515,-0.041291,-0.000794,710.843612,713.765769,726.130205,697.099196,1.030803,0.166665,0.026940,-0.000794,1.590483,-0.085150,-0.068230,0.000000,17.336286,0.081515,-0.041291,-0.000794,1.000000,0.144352,0.013476,1.000000,-0.034114,0.042576,0.530161
14.665000,4.493000,17.269668,0.082273,-0.020490,-0.001014,706.163934,715.828610,721.554633,698.899484,0.965668,0.168370,0.046245,-0.001014,1.588999,-0.086097,-0.066734,0.000000,17.269668,0.082273,-0.020490,-0.001014,1.000000,0.144744,0.012374,1.000000,-0.033367,0.043049,0.529666
14.687000,4.515000,17.195613,0.049019,-0.034212,-0.000997,710.078868,708.885420,718.984600,698.460806,0.893102,0.136000,0.031032,-0.000997,1.587511,-0.086982,-0.065244,0.000000,17.195613,0.049019,-0.034212,-0.000997,1.000000,0.145430,0.009922,1.000000,-0.032623,0.043490,0.529170
14.703000,4.531000,17.230056,0.103620,0.028159,-0.001160,695.456748,724.736818,715.152785,703.703694,0.928964,0.191446,0.091772,-0.001160,1.586092,-0.087827,-0.063612,0.000000,17.230056,0.103620,0.028159,-0.001160,1.000000,0.145299,0.013137,1.000000,-0.031808,0.043912,0.528697
14.726000,4.554000,17.905116,0.068510,0.105424,-0.000724,700.505443,746.495132,713.524269,733.098732,1.605092,0.157134,0.166910,-0.000724,1.585024,-0.088624,-0.061486,0.000000,17.905116,0.068510,0.105424,-0.000724,1.000000,0.165253,0.031018,1.000000,-0.030746,0.044310,0.528341
14.746000,4.574000,17.315350,0.139119,0.076846,0.000419,685.219354,736.768783,713.205227,710.287306,1.016454,0.228457,0.136310,0.000419,1.583896,-0.089337,-0.059463,0.000000,17.315350,0.139119,0.076846,0.000419,1.000000,0.152062,0.017409,1.000000,-0.029736,0.044666,0.527965
14.767000,4.595000,16.455567,0.067081,-0.037700,0.000187,693.029112,694.263958,706.502713,680.815390,0.158189,0.157061,0.020170,0.000187,1.582378,-0.089980,-0.057870,0.000000,16.455567,0.067081,-0.037700,0.000187,1.000000,0.147801,0.002758,1.000000,-0.028939,0.044987,0.527459
14.785000,4.613000,16.943773,0.166508,0.039036,0.000354,680.720470,726.156367,714.202360,693.749695,0.647656,0.257108,0.095021,0.000354,1.581118,-0.090599,-0.055985,0.000000,16.943773,0.166508,0.039036,0.000354,1.000000,0.143958,0.011708,1.000000,-0.027997,0.045297,0.527039
14.802000,4.630000,17.012279,0.105021,-0.021328,0.000147,698.299494,712.229046,719.033306,691.497987,0.717373,0.196170,0.032691,0.000147,1.579906,-0.091149,-0.054019,0.000000,17.012279,0.105021,-0.021328,0.000147,1.000000,0.143857,0.009101,1.000000,-0.027014,0.045572,0.526635
14.827000,4.655000,16.808792,0.162167,-0.039772,0.000517,691.151698,710.590855,723.420280,678.454258,0.515154,0.253804,0.012337,0.000517,1.578638,-0.091637,-0.052108,0.000000,16.808792,0.162167,-0.039772,0.000517,1.000000,0.138915,0.009111,1.000000,-0.026059,0.045816,0.526213
14.842000,4.670000,16.773763,0.125984,-0.014728,0.000824,689.875728,710.178265,715.389768,685.642213,0.481335,0.218053,0.035381,0.000824,1.577428,-0.092069,-0.050109,0.000000,16.773763,0.125984,-0.014728,0.000824,1.000000,0.144139,0.007197,1.000000,-0.025059,0.046032,0.525809
14.861000,4.689000,16.591669,0.066732,-0.030433,0.000679,694.589885,698.081420,708.287624,685.145435,0.300503,0.159159,0.017686,0.000679,1.576166,-0.092427,-0.048118,0.000000,16.591669,0.066732,-0.030433,0.000679,1.000000,0.151014,0.003468,1.000000,-0.024064,0.046211,0.525389
14.886000,4.714000,16.477877,0.089036,-0.019049,0.000116,688.274210,699.959860,706.135741,682.102900,0.187980,0.181751,0.027054,0.000116,1.574897,-0.092715,-0.046103,0.000000,16.477877,0.089036,-0.019049,0.000116,1.000000,0.150386,0.003730,1.000000,-0.023056,0.046355,0.524966
14.903000,4.731000,16.597974,0.120753,0.052818,-0.000088,675.828794,717.038816,700.210494,693.124843,0.309182,0.213704,0.096751,-0.000088,1.573793,-0.092950,-0.043933,0.000000,16.597974,0.120753,0.052818,-0.000088,1.000000,0.151731,0.006459,1.000000,-0.021972,0.046472,0.524598
14.924000,4.752000,16.895277,0.132325,0.059889,-0.000374,679.977527,725.387577,706.312616,699.249538,0.607070,0.225433,0.101221,-0.000374,1.573206,-0.093108,-0.041332,0.000000,16.895277,0.132325,0.059889,-0.000374,1.000000,0.169159,0.009792,1.000000,-0.020672,0.046551,0.524402
14.945000,4.773000,15.966168,0.141970,-0.016789,-0.000116,671.553779,694.965905,700.298761,665.821193,-0.320717,0.235148,0.022481,-0.000116,1.571886,-0.093178,-0.039270,0.000000,15.966168,0.141970,-0.016789,-0.000116,1.000000,0.151539,0.006609,1.000000,-0.019642,0.046586,0.523962
14.966000,4.794000,15.899564,0.134699,-0.013283,-0.000069,670.252559,693.384320,697.632557,665.729321,-0.385980,0.227870,0.023897,-0.000069,1.570544,-0.093172,-0.037180,0.000000,15.899564,0.134699,-0.013283,-0.000069,1.000000,0.152873,0.006739,1.000000,-0.018597,0.046583,0.523515
14.985000,4.813000,16.079420,0.124106,0.050061,-0.000128,664.643771,706.290674,690.071521,681.285339,-0.204938,0.217220,0.085017,-0.000128,1.569357,-0.093113,-0.034956,0.000000,16.079420,0.124106,0.050061,-0.000128,1.000000,0.152254,0.005861,1.000000,-0.017486,0.046554,0.523119
15.004000,4.832000,15.805864,0.112179,-0.000964,-0.000402,668.594022,691.264837,691.294932,667.976365,-0.477203,0.205146,0.031805,-0.000402,1.568067,-0.092967,-0.032768,0.000000,15.805864,0.112179,-0.000964,-0.000402,1.000000,0.153435,0.006587,1.000000,-0.016392,0.046481,0.522689
15.031000,4.859000,16.213365,0.105336,0.075544,-0.000602,665.409520,711.424191,686.694346,690.051903,-0.069204,0.198094,0.105533,-0.000602,1.567569,-0.092759,-0.029989,0.000000,16.213365,0.105336,0.075544,-0.000602,1.000000,0.178428,0.005086,1.000000,-0.015002,0.046377,0.522523
15.042000,4.870000,15.480816,0.105923,0.002879,-0.001056,661.681305,684.593632,682.893595,661.882360,-0.800446,0.198388,0.030620,-0.001056,1.566262,-0.092465,-0.027740,0.000000,15.480816,0.105923,0.002879,-0.001056,1.000000,0.155943,0.010437,1.000000,-0.013879,0.046230,0.522087
15.067000,4.895000,15.250701,0.111060,0.008617,-0.001273,655.123880,681.216400,677.449546,657.132433,-1.029180,0.203154,0.034120,-0.001273,1.564881,-0.092094,-0.025503,0.000000,15.250701,0.111060,0.008617,-0.001273,1.000000,0.157549,0.014836,1.000000,-0.012760,0.046045,0.521627
15.085000,4.913000,15.204265,0.117255,0.010867,-0.001244,653.028895,681.213320,676.720049,655.838127,-1.074291,0.208903,0.034056,-0.001244,1.563556,-0.091648,-0.023189,0.000000,15.204265,0.117255,0.010867,-0.001244,1.000000,0.157738,0.016021,1.000000,-0.011603,0.045822,0.521185
15.105000,4.933000,15.423206,0.109063,0.095722,-0.001191,644.109597,698.838730,666.444065,675.857214,-0.854178,0.200216,0.116465,-0.001191,1.562384,-0.091153,-0.020744,0.000000,15.423206,0.109063,0.095722,-0.001191,1.000000,0.157312,0.012661,1.000000,-0.010381,0.045574,0.520795
15.127000,4.955000,15.536182,0.125631,0.086473,-0.000923,646.397899,701.262656,672.282547,675.156144,-0.740778,0.216214,0.104236,-0.000923,1.561961,-0.090584,-0.017763,0.000000,15.536182,0.125631,0.086473,-0.000923,1.000000,0.182492,0.011249,1.000000,-0.008891,0.045290,0.520654
15.144000,4.972000,14.830662,0.135223,-0.004307,-0.000673,645.110406,672.252262,673.204772,643.096604,-1.444944,0.225146,0.011058,-0.000673,1.560606,-0.089924,-0.015365,0.000000,14.830662,0.135223,-0.004307,-0.000673,1.000000,0.156083,0.025960,1.000000,-0.007691,0.044960,0.520202
15.165000,4.993000,14.597615,0.077314,-0.034924,-0.000325,651.262038,655.727098,667.363506,638.836967,-1.676572,0.166499,-0.021955,-0.000325,1.559187,-0.089185,-0.012968,0.000000,14.597615,0.077314,-0.034924,-0.000325,1.000000,0.163379,0.030929,1.000000,-0.006493,0.044591,0.519729
15.193000,5.021000,14.851965,0.154135,0.055857,-0.000318,640.464447,664.830575,670.166015,635.196462,-1.421021,0.242531,0.066255,-0.000318,1.557986,-0.088396,-0.010398,0.000000,14.851965,0.154135,0.055857,-0.000318,1.000000,0.159180,0.026514,1.000000,-0.005207,0.044197,0.519329
15.202000,5.030000,14.573546,0.139078,-0.015384,0.000207,640.464447,664.830575,670.166015,635.196462,-1.698173,0.226600,-0.007553,0.000207,1.556719,-0.087522,-0.007831,0.000000,14.573546,0.139078,-0.015384,0.000207,1.000000,0.162455,0.033978,1.000000,-0.003924,0.043760,0.518906
15.229000,5.057000,14.301322,0.155302,-0.012649,0.001172,631.593802,660.621030,665.772999,627.982937,-1.968950,0.241868,-0.007304,0.001172,1.555273,-0.086566,-0.005344,0.000000,14.301322,0.155302,-0.012649,0.001172,1.000000,0.164943,0.044623,1.000000,-0.002679,0.043283,0.518424
15.243000,5.071000,14.259589,0.154157,-0.007634,0.001352,629.792275,660.361040,663.949569,628.109218,-2.009588,0.239730,-0.005031,0.001352,1.554177,-0.085573,-0.002603,0.000000,14.259589,0.154157,-0.007634,0.001352,1.000000,0.179009,0.046134,1.000000,-0.001308,0.042786,0.518059
15.264000,5.092000,14.103295,0.125532,0.016698,0.000812,625.164260,658.231514,653.106270,631.771538,-2.164380,0.210002,0.016784,0.000812,1.552675,-0.084471,-0.000085,0.000000,14.103295,0.125532,0.016698,0.000812,1.000000,0.173643,0.051284,1.000000,-0.000048,0.042235,0.517558
15.285000,5.113000,14.025060,0.113206,0.034190,0.000243,621.762237,658.399455,646.795320,634.198795,-2.241098,0.196502,0.031734,0.000243,1.551158,-0.083296,0.002456,0.000000,14.025060,0.113206,0.034190,0.000243,1.000000,0.177537,0.054187,1.000000,0.001223,0.041648,0.517053
15.305000,5.133000,13.949709,0.099970,0.048891,-0.000461,619.070058,658.110837,640.830049,636.235154,-2.314958,0.182020,0.043848,-0.000461,1.549667,-0.082050,0.005044,0.000000,13.949709,0.099970,0.048891,-0.000461,1.000000,0.182230,0.057096,1.000000,0.002517,0.041025,0.516556
15.323000,5.151000,13.845856,0.097769,0.050350,-0.000730,616.695800,655.920334,637.861085,634.236113,-2.417256,0.178500,0.042735,-0.000730,1.548113,-0.080731,0.007615,0.000000,13.845856,0.097769,0.050350,-0.000730,1.000000,0.183094,0.061800,1.000000,0.003803,0.040366,0.516038
15.343000,5.171000,13.955328,0.097789,0.100290,-0.001702,610.515477,667.208118,631.177605,645.129601,-2.306443,0.177146,0.089933,-0.001702,1.546771,-0.079357,0.010357,0.000000,13.955328,0.097789,0.100290,-0.001702,1.000000,0.186713,0.057144,1.000000,0.005174,0.039679,0.515590
15.367000,5.195000,13.937909,0.104289,0.103436,-0.001703,608.775158,668.034752,630.930205,644.581242,-2.322630,0.182211,0.090237,-0.001703,1.545538,-0.077922,0.013199,0.000000,13.937909,0.104289,0.103436,-0.001703,1.000000,0.189157,0.058081,1.000000,0.006595,0.038962,0.515179
15.383000,5.211000,13.761024,0.119447,0.052616,-0.001508,612.099015,657.020851,637.600208,629.974740,-2.498146,0.195863,0.036647,-0.001508,1.544170,-0.076415,0.015968,0.000000,13.761024,0.119447,0.052616,-0.001508,1.000000,0.184655,0.066378,1.000000,0.007980,0.038209,0.514723
15.405000,5.233000,13.724844,0.124102,0.053570,-0.001107,610.375442,656.716394,637.256400,628.952523,-2.533035,0.198952,0.034750,-0.001107,1.542879,-0.074850,0.018820,0.000000,13.724844,0.124102,0.053570,-0.001107,1.000000,0.187867,0.068242,1.000000,0.009405,0.037426,0.514293
15.425000,5.253000,13.482820,0.132957,-0.007870,-0.001044,614.849127,641.543572,643.507145,611.130812,-2.773694,0.206169,-0.029514,-0.001044,1.541514,-0.073212,0.021643,0.000000,13.482820,0.132957,-0.007870,-0.001044,1.000000,0.189803,0.081272,1.000000,0.010817,0.036607,0.513838
15.445000,5.273000,13.424808,0.126772,0.003148,-0.000901,612.094087,641.424665,639.633943,612.533657,-2.830383,0.198285,-0.021381,-0.000901,1.540191,-0.071514,0.024528,0.000000,13.424808,0.126772,0.003148,-0.000901,1.000000,0.194778,0.084088,1.000000,0.012260,0.035758,0.513397
15.463000,5.291000,12.877920,0.073210,-0.078446,-0.000597,619.950728,607.834600,635.747760,590.307293,-3.376401,0.142951,-0.106275,-0.000597,1.539321,-0.069741,0.027829,0.000000,12.877920,0.073210,-0.078446,-0.000597,1.000000,0.241096,0.117174,1.000000,0.013910,0.034872,0.513107
15.484000,5.312000,12.978999,0.147762,-0.093704,-0.000689,616.755864,615.966906,648.770620,580.996858,-3.273764,0.215654,-0.124294,-0.000689,1.537763,-0.067892,0.030590,0.000000,12.978999,0.147762,-0.093704,-0.000689,1.000000,0.200948,0.113371,1.000000,0.015291,0.033948,0.512588
15.504000,5.332000,12.677959,0.118765,-0.084818,-0.000318,611.106523,606.945975,637.364916,578.774517,-3.573783,0.184750,-0.118674,-0.000318,1.536742,-0.065985,0.033857,0.000000,12.677959,0.118765,-0.084818,-0.000318,1.000000,0.245103,0.132541,1.000000,0.016925,0.032994,0.512247
15.522000,5.350000,12.916890,0.072564,-0.045681,-0.000203,614.829230,614.558637,630.901517,597.715934,-3.333218,0.136569,-0.082283,-0.000203,1.535109,-0.064006,0.036602,0.000000,12.916890,0.072564,-0.045681,-0.000203,1.000000,0.215903,0.113646,1.000000,0.018298,0.032005,0.511703
15.542000,5.370000,12.919627,0.148593,0.000448,-0.000973,597.902486,631.759492,630.848947,597.277693,-3.328842,0.210558,-0.038908,-0.000973,1.533469,-0.061965,0.039356,0.000000,12.919627,0.148593,0.000448,-0.000973,1.000000,0.216767,0.115397,1.000000,0.019675,0.030985,0.511156
15.565000,5.393000,12.931687,0.059425,0.041854,-0.001340,600.926980,629.728129,613.531147,615.335691,-3.314861,0.119251,0.000005,-0.001340,1.531548,-0.059825,0.041849,0.000000,12.931687,0.059425,0.041854,-0.001340,1.000000,0.221633,0.111305,1.000000,0.020922,0.029915,0.510516
15.584000,5.412000,12.811372,0.159076,0.093021,-0.000960,576.221093,646.709302,612.735767,610.693241,-3.433557,0.216744,0.048365,-0.000960,1.529929,-0.057668,0.044655,0.000000,12.811372,0.159076,0.093021,-0.000960,1.000000,0.231445,0.122825,1.000000,0.022325,0.028836,0.509976
15.603000,5.431000,12.681057,0.120265,0.055475,-0.001026,584.894188,632.932956,612.082738,605.029177,-3.562147,0.175706,0.008114,-0.001026,1.528204,-0.055441,0.047360,0.000000,12.681057,0.120265,0.055475,-0.001026,1.000000,0.235462,0.129983,1.000000,0.023678,0.027722,0.509401
15.627000,5.455000,12.719530,0.125081,0.097840,-0.000232,576.764095,641.502161,606.035524,613.555673,-3.521993,0.178246,0.047713,-0.000232,1.526524,-0.053165,0.050127,0.000000,12.719530,0.125081,0.097840,-0.000232,1.000000,0.237884,0.127449,1.000000,0.025061,0.026584,0.508841
15.643000,5.471000,12.684632,0.101058,0.067788,0.000348,584.357092,632.536629,608.228954,610.172829,-3.555202,0.151891,0.014892,0.000348,1.524834,-0.050833,0.052896,0.000000,12.684632,0.101058,0.067788,0.000348,1.000000,0.239551,0.128724,1.000000,0.026446,0.025418,0.508278
15.666000,5.494000,12.535645,0.089362,-0.012965,0.000469,597.373008,613.097581,618.206508,592.856176,-3.702411,0.137796,-0.068531,0.000469,1.523057,-0.048433,0.055565,0.000000,12.535645,0.089362,-0.012965,0.000469,1.000000,0.242618,0.139447,1.000000,0.027782,0.024218,0.507686
15.683000,5.511000,12.561015,0.083078,0.019138,0.000576,592.621164,618.807410,612.269328,600.310228,-3.675288,0.129064,-0.039144,0.000576,1.521302,-0.045986,0.058283,0.000000,12.561015,0.083078,0.019138,0.000576,1.000000,0.245528,0.136896,1.000000,0.029141,0.022994,0.507101
15.709000,5.537000,12.473829,0.040517,-0.041849,0.000559,606.881020,600.612174,616.529522,591.626114,-3.760652,0.083992,-0.102758,0.000559,1.519481,-0.043475,0.060909,0.000000,12.473829,0.040517,-0.041849,0.000559,1.000000,0.252564,0.143186,1.000000,0.030455,0.021737,0.506494
15.724000,5.552000,12.506515,0.106349,0.000526,0.000742,592.009784,616.683223,617.077334,592.819560,-3.726158,0.147268,-0.063053,0.000742,1.517673,-0.040918,0.063579,0.000000,12.506515,0.106349,0.000526,0.000742,1.000000,0.249878,0.141409,1.000000,0.031790,0.020458,0.505891
15.744000,5.572000,12.499186,0.100749,0.000989,0.001200,592.219767,615.771212,616.359301,593.581273,-3.731661,0.139061,-0.065249,0.001200,1.515848,-0.038311,0.066238,0.000000,12.499186,0.100749,0.000989,0.001200,1.000000,0.253488,0.141613,1.000000,0.033120,0.019154,0.505283
15.768000,5.596000,12.500577,0.113158,0.042643,0.001556,582.667169,624.604925,610.297108,600.169748,-3.728435,0.148820,-0.026289,0.001556,1.514012,-0.035662,0.068932,0.000000,12.500577,0.113158,0.042643,0.001556,1.000000,0.257519,0.141296,1.000000,0.034467,0.017828,0.504671
15.783000,5.611000,12.444061,0.075222,-0.019816,0.001356,597.724554,607.657215,616.023128,591.338375,-3.783062,0.108172,-0.091308,0.001356,1.512123,-0.032949,0.071492,0.000000,12.444061,0.075222,-0.019816,0.001356,1.000000,0.264351,0.145120,1.000000,0.035748,0.016471,0.504041
15.804000,5.632000,12.452855,0.134571,0.054367,0.001464,576.653149,628.014617,609.400191,598.678839,-3.772363,0.164770,-0.019735,0.001464,1.510218,-0.030199,0.074102,0.000000,12.452855,0.134571,0.054367,0.001464,1.000000,0.267174,0.145061,1.000000,0.037053,0.015095,0.503406
15.830000,5.658000,11.768794,0.078635,-0.025595,0.001079,581.790342,590.606206,601.151740,572.727400,-4.454433,0.106031,-0.102594,0.001079,1.508227,-0.027396,0.076999,0.000000,11.768794,0.078635,-0.025595,0.001079,1.000000,0.324555,0.200597,1.000000,0.038501,0.013693,0.502742
15.844000,5.672000,11.822661,0.112092,-0.024684,0.001627,578.737536,595.798458,606.355686,570.453279,-4.398525,0.136641,-0.104522,0.001627,1.506186,-0.024549,0.079838,0.000000,11.822661,0.112092,-0.024684,0.001627,1.000000,0.323703,0.196430,1.000000,0.039921,0.012268,0.502062
15.862000,5.690000,12.683021,0.108252,-0.008056,0.001471,597.465104,619.210803,623.282031,595.628794,-3.536188,0.129898,-0.090262,0.001471,1.504210,-0.021646,0.082206,0.000000,12.683021,0.108252,-0.008056,0.001471,1.000000,0.280163,0.127549,1.000000,0.041105,0.010815,0.501403
15.886000,5.714000,12.732812,0.094051,-0.013299,0.000945,601.516115,618.052947,623.613845,597.293752,-3.484395,0.112745,-0.097814,0.000945,1.502207,-0.018695,0.084515,0.000000,12.732812,0.094051,-0.013299,0.000945,1.000000,0.287652,0.123638,1.000000,0.042260,0.009338,0.500736
15.902000,5.730000,12.732151,0.078120,0.024919,0.000274,596.435397,623.451656,614.611426,605.981445,-3.483053,0.093825,-0.061891,0.000274,1.500205,-0.015705,0.086810,0.000000,12.732151,0.078120,0.024919,0.000274,1.000000,0.292997,0.122580,1.000000,0.043407,0.007843,0.500068
15.922000,5.750000,12.776024,0.030636,0.018541,-0.000183,604.382057,618.191761,611.261175,611.098215,-3.437192,0.043307,-0.070465,-0.000183,1.498215,-0.012671,0.089006,0.000000,12.776024,0.030636,0.018541,-0.000183,1.000000,0.299653,0.118827,1.000000,0.044504,0.006325,0.499405
15.944000,5.772000,12.655715,0.078380,0.088174,-0.000568,582.773182,633.365837,600.772515,615.420141,-3.555423,0.087988,-0.003094,-0.000568,1.496138,-0.009608,0.091268,0.000000,12.655715,0.078380,0.088174,-0.000568,1.000000,0.301288,0.127186,1.000000,0.045635,0.004793,0.498713
15.967000,5.795000,12.783454,0.083476,0.036331,-0.001082,595.442564,627.851766,613.837747,608.146900,-3.425653,0.089976,-0.057065,-0.001082,1.494106,-0.006500,0.093396,0.000000,12.783454,0.083476,0.036331,-0.001082,1.000000,0.300692,0.118486,1.000000,0.046699,0.003238,0.498035
15.986000,5.814000,12.609066,0.089162,0.039683,-0.000612,589.650313,624.822776,609.879587,604.107142,-3.597879,0.092521,-0.055890,-0.000612,1.491945,-0.003359,0.095573,0.000000,12.609066,0.089162,0.039683,-0.000612,1.000000,0.316819,0.130616,1.000000,0.047787,0.001667,0.497315
16.013000,5.841000,12.660132,0.085905,-0.036992,-0.000324,605.598591,611.594365,624.800074,591.431025,-3.544574,0.086062,-0.134623,-0.000324,1.489706,-0.000158,0.097632,0.000000,12.660132,0.085905,-0.036992,-0.000324,1.000000,0.329322,0.128193,1.000000,0.048816,0.000066,0.496569
16.029000,5.857000,12.721223,0.076131,-0.004992,-0.000201,602.197395,617.745295,619.402005,600.166356,-3.481171,0.073061,-0.104662,-0.000201,1.487394,0.003070,0.099670,0.000000,12.721223,0.076131,-0.004992,-0.000201,1.000000,0.331379,0.122815,1.000000,0.049835,-0.001548,0.495798
16.048000,5.876000,13.004932,0.072795,0.035973,-0.000142,601.797780,631.369001,618.306739,614.985171,-3.195289,0.066486,-0.065643,-0.000142,1.485221,0.006308,0.101616,0.000000,13.004932,0.072795,0.035973,-0.000142,1.000000,0.308491,0.102972,1.000000,0.050807,-0.003167,0.495074
16.072000,5.900000,12.536833,0.028573,-0.045314,-0.000015,610.619958,600.356624,617.090597,593.678545,-3.660772,0.018994,-0.148995,-0.000015,1.482605,0.009579,0.103681,0.000000,12.536833,0.028573,-0.045314,-0.000015,1.000000,0.361468,0.136269,1.000000,0.051839,-0.004803,0.494202
16.082000,5.910000,13.395949,0.064332,0.003421,-0.000050,618.105271,633.650848,632.396657,619.310026,-2.799579,0.051448,-0.101984,-0.000050,1.480528,0.012884,0.105405,0.000000,13.395949,0.064332,0.003421,-0.000050,1.000000,0.313401,0.079681,1.000000,0.052701,-0.006456,0.493509
16.103000,5.931000,13.586099,0.054095,-0.019595,0.000447,627.684412,632.627107,639.897890,620.972882,-2.607408,0.037877,-0.126618,0.000447,1.478507,0.016217,0.107022,0.000000,13.586099,0.054095,-0.019595,0.000447,1.000000,0.315280,0.069732,1.000000,0.053509,-0.008124,0.492836
16.124000,5.952000,13.577478,0.056358,-0.007813,0.000454,625.113202,634.765349,637.875553,622.650909,-2.614000,0.036782,-0.116378,0.000454,1.476478,0.019576,0.108565,0.000000,13.577478,0.056358,-0.007813,0.000454,1.000000,0.320115,0.069820,1.000000,0.054280,-0.009804,0.492159
16.143000,5.971000,13.587665,0.025604,0.010487,0.000287,625.546207,634.936570,631.431583,629.528530,-2.601796,0.002646,-0.099525,0.000287,1.474461,0.022959,0.110012,0.000000,13.587665,0.025604,0.010487,0.000287,1.000000,0.323826,0.068685,1.000000,0.055003,-0.011496,0.491487
16.161000,5.989000,13.449534,0.062826,0.048664,0.000165,611.189948,642.603129,625.463905,628.974727,-2.737772,0.036469,-0.062780,0.000165,1.472306,0.026357,0.111444,0.000000,13.449534,0.062826,0.048664,0.000165,1.000000,0.327260,0.075481,1.000000,0.055718,-0.013196,0.490769
16.194000,6.022000,13.519450,0.036294,0.054909,-0.000308,620.923067,644.152886,634.715253,630.312187,-2.665696,0.006520,-0.057890,-0.000308,1.470146,0.029774,0.112799,0.000000,13.519450,0.036294,0.054909,-0.000308,1.000000,0.327798,0.071399,1.000000,0.056395,-0.014905,0.490049
16.202000,6.030000,13.683159,0.062728,0.026469,-0.000165,620.923067,644.152886,634.715253,630.312187,-2.499810,0.029519,-0.087600,-0.000165,1.467969,0.033209,0.114068,0.000000,13.683159,0.062728,0.026469,-0.000165,1.000000,0.332177,0.063345,1.000000,0.057029,-0.016623,0.489323
16.230000,6.058000,13.960571,0.048889,0.014809,-0.000384,631.118442,646.998925,641.537311,636.080469,-2.220375,0.012228,-0.100399,-0.000384,1.465946,0.036661,0.115208,0.000000,13.960571,0.048889,0.014809,-0.000384,1.000000,0.325577,0.050324,1.000000,0.057598,-0.018349,0.488649
16.253000,6.081000,13.625589,0.045182,-0.051755,-0.000533,635.667661,627.213661,645.106425,616.658875,-2.552641,0.005055,-0.168130,-0.000533,1.463230,0.040127,0.116375,0.000000,13.625589,0.045182,-0.051755,-0.000533,1.000000,0.373082,0.067989,1.000000,0.058181,-0.020082,0.487743
16.268000,6.096000,13.759801,0.027134,-0.058471,-0.000592,641.910921,627.158256,647.346740,620.617365,-2.415735,-0.016469,-0.175910,-0.000592,1.460537,0.043603,0.117439,0.000000,13.759801,0.027134,-0.058471,-0.000592,1.000000,0.370165,0.061479,1.000000,0.058713,-0.021820,0.486846
16.287000,6.115000,14.276391,0.002982,0.023236,-0.000397,641.910980,650.655874,642.270407,649.705038,-1.897127,-0.044105,-0.095073,-0.000397,1.458518,0.047087,0.118310,0.000000,14.276391,0.002982,0.023236,-0.000397,1.000000,0.327993,0.037089,1.000000,0.059148,-0.023562,0.486173
16.308000,6.136000,14.349804,0.024165,0.051819,0.000127,636.060710,659.251350,641.421491,654.225716,-1.821652,-0.026410,-0.067300,0.000127,1.456456,0.050576,0.119120,0.000000,14.349804,0.024165,0.051819,0.000127,1.000000,0.326789,0.033707,1.000000,0.059552,-0.025306,0.485485
16.325000,6.153000,14.460161,0.013417,0.053492,0.000068,639.490890,660.870091,642.455089,658.089249,-1.709254,-0.040651,-0.066337,0.000068,1.454415,0.054068,0.119828,0.000000,14.460161,0.013417,0.053492,0.000068,1.000000,0.327540,0.029821,1.000000,0.059906,-0.027053,0.484805
16.344000,6.172000,14.538477,0.031760,0.050780,0.000196,639.714829,664.017260,646.732167,657.474464,-1.628886,-0.025801,-0.069682,0.000196,1.452363,0.057561,0.120463,0.000000,14.538477,0.031760,0.050780,0.000196,1.000000,0.325537,0.027085,1.000000,0.060222,-0.028800,0.484121
16.362000,6.190000,14.526580,0.027932,0.044488,0.000174,640.972739,662.293933,647.137462,656.529654,-1.638624,-0.033122,-0.076540,0.000174,1.450204,0.061054,0.121027,0.000000,14.526580,0.027932,0.044488,0.000174,1.000000,0.327739,0.027546,1.000000,0.060504,-0.030546,0.483401
16.386000,6.214000,14.840020,0.027011,0.002142,0.000057,655.531009,661.970689,661.284301,656.307934,-1.323189,-0.037532,-0.119334,0.000057,1.448208,0.064544,0.121476,0.000000,14.840020,0.027011,0.002142,0.000057,1.000000,0.320285,0.019073,1.000000,0.060728,-0.032291,0.482736
16.403000,6.231000,14.816429,0.020691,0.015721,-0.000024,653.371441,663.122454,657.749516,658.743850,-1.344687,-0.047338,-0.106135,-0.000024,1.446116,0.068029,0.121856,0.000000,14.816429,0.020691,0.015721,-0.000024,1.000000,0.320843,0.019432,1.000000,0.060917,-0.034033,0.482039
16.432000,6.260000,14.933643,0.007130,-0.085000,-0.000171,658.698837,663.114892,657.257416,664.210157,-1.224753,-0.064375,-0.207130,-0.000171,1.443396,0.071506,0.122129,0.000000,14.933643,0.007130,-0.085000,-0.000171,1.000000,0.353802,0.019705,1.000000,0.061054,-0.035771,0.481132
16.443000,6.271000,14.932386,-0.006053,0.016698,-0.000227,658.698837,663.114892,657.257416,664.210157,-1.223836,-0.081028,-0.105642,-0.000227,1.441222,0.074975,0.122339,0.000000,14.932386,-0.006053,0.016698,-0.000227,1.000000,0.319301,0.016750,1.000000,0.061159,-0.037505,0.480407
16.464000,6.292000,15.308953,-0.004764,-0.006979,-0.000107,670.811010,667.477023,669.747411,668.388869,-0.845262,-0.083194,-0.129424,-0.000107,1.439216,0.078430,0.122445,0.000000,15.308953,-0.004764,-0.006979,-0.000107,1.000000,0.310926,0.009512,1.000000,0.061212,-0.039231,0.479739
16.482000,6.310000,15.571483,-0.008607,-0.001318,-0.000204,675.996754,673.788594,674.081235,675.411251,-0.580836,-0.090474,-0.123771,-0.000204,1.437319,0.081867,0.122454,0.000000,15.571483,-0.008607,-0.001318,-0.000204,1.000000,0.305746,0.005724,1.000000,0.061217,-0.040949,0.479106
16.503000,6.331000,15.683114,-0.007809,0.009886,-0.000371,676.522282,678.212935,674.657704,679.535746,-0.467352,-0.093096,-0.112487,-0.000371,1.435466,0.085287,0.122374,0.000000,15.683114,-0.007809,0.009886,-0.000371,1.000000,0.302773,0.004316,1.000000,0.061177,-0.042658,0.478489
16.527000,6.355000,15.737407,-0.009502,0.042619,-0.000247,672.372655,684.561853,670.230577,686.308384,-0.411544,-0.098177,-0.079572,-0.000247,1.433951,0.088675,0.122191,0.000000,15.737407,-0.009502,0.042619,-0.000247,1.000000,0.288034,0.003291,1.000000,0.061086,-0.044351,0.477984
16.547000,6.375000,15.464854,-0.008466,0.013232,-0.000330,671.282012,673.965937,669.294296,675.463392,-0.682041,-0.100523,-0.108718,-0.000330,1.431895,0.092057,0.121950,0.000000,15.464854,-0.008466,0.013232,-0.000330,1.000000,0.307477,0.006844,1.000000,0.060965,-0.046041,0.477298
16.563000,6.391000,15.633851,-0.011536,0.007489,-0.000220,676.187818,676.311169,673.656146,678.516744,-0.511024,-0.106950,-0.114134,-0.000220,1.429876,0.095414,0.121623,0.000000,15.633851,-0.011536,0.007489,-0.000220,1.000000,0.303322,0.005058,1.000000,0.060802,-0.047719,0.476625
16.586000,6.414000,15.913074,-0.017570,-0.007615,-0.000192,685.288823,679.198157,681.578235,682.647481,-0.229874,-0.116310,-0.128825,-0.000192,1.427948,0.098740,0.121211,0.000000,15.913074,-0.017570,-0.007615,-0.000192,1.000000,0.296227,0.003541,1.000000,0.060596,-0.049381,0.475983
16.608000,6.436000,16.274992,-0.016642,-0.076050,-0.000122,703.873788,675.716457,700.492652,679.045715,0.134564,-0.118677,-0.196652,-0.000122,1.425428,0.102035,0.120602,0.000000,16.274992,-0.016642,-0.076050,-0.000122,1.000000,0.321317,0.005457,1.000000,0.060293,-0.051028,0.475143
16.630000,6.458000,16.319888,-0.032623,0.002959,-0.000210,693.717564,688.112446,686.995433,694.528910,0.181206,-0.137918,-0.117067,-0.000210,1.423682,0.105295,0.120025,0.000000,16.319888,-0.032623,0.002959,-0.000210,1.000000,0.283783,0.003601,1.000000,0.060005,-0.052656,0.474561
16.644000,6.472000,16.075627,-0.030967,-0.014313,-0.000359,691.248643,680.276872,684.738164,686.319832,-0.061121,-0.139496,-0.133670,-0.000359,1.421748,0.108529,0.119356,0.000000,16.075627,-0.030967,-0.014313,-0.000359,1.000000,0.290440,0.003770,1.000000,0.059671,-0.054272,0.473916
16.666000,6.494000,16.319268,-0.033407,0.055617,-0.000654,685.343292,696.738210,678.073217,702.908621,0.184066,-0.145107,-0.063018,-0.000654,1.420203,0.111700,0.118635,0.000000,16.319268,-0.033407,0.055617,-0.000654,1.000000,0.271415,0.002842,1.000000,0.059312,-0.055856,0.473401
16.688000,6.516000,16.436314,-0.046782,0.003439,-0.000755,697.685849,689.433119,687.775405,698.266882,0.302909,-0.161634,-0.114372,-0.000755,1.418405,0.114852,0.117810,0.000000,16.436314,-0.046782,0.003439,-0.000755,1.000000,0.279751,0.004838,1.000000,0.058899,-0.057432,0.472802
16.703000,6.531000,16.685350,-0.048413,0.010277,-0.000593,701.898949,695.578674,691.829032,704.775015,0.553609,-0.166368,-0.106643,-0.000593,1.416741,0.117956,0.116920,0.000000,16.685350,-0.048413,0.010277,-0.000593,1.000000,0.271628,0.006970,1.000000,0.058455,-0.058982,0.472247
16.724000,6.552000,16.745261,-0.030900,0.006998,-0.000293,701.835888,697.946511,695.482336,703.872652,0.615163,-0.151911,-0.108962,-0.000293,1.415098,0.121011,0.115960,0.000000,16.745261,-0.030900,0.006998,-0.000293,1.000000,0.269107,0.007279,1.000000,0.057976,-0.060509,0.471699
16.746000,6.574000,16.641442,-0.054874,-0.017692,-0.000235,705.977038,689.326680,694.911217,700.153071,0.513073,-0.178905,-0.132589,-0.000235,1.413369,0.124032,0.114897,0.000000,16.641442,-0.054874,-0.017692,-0.000235,1.000000,0.272235,0.007591,1.000000,0.057446,-0.062019,0.471123
16.763000,6.591000,16.738193,-0.050127,-0.025199,-0.000041,708.639869,690.560273,698.692590,700.566385,0.611513,-0.177128,-0.138962,-0.000041,1.411680,0.127001,0.113763,0.000000,16.738193,-0.050127,-0.025199,-0.000041,1.000000,0.268638,0.008808,1.000000,0.056879,-0.063502,0.470560
16.787000,6.615000,17.110428,-0.054191,-0.095867,0.000132,727.626009,686.446038,717.264607,697.449477,0.985966,-0.184117,-0.208184,0.000132,1.409462,0.129926,0.112317,0.000000,17.110428,-0.054191,-0.095867,0.000132,1.000000,0.293342,0.017445,1.000000,0.056158,-0.064964,0.469821
16.805000,6.633000,16.825997,-0.036706,0.003661,0.000244,704.446380,698.324712,697.314739,705.783155,0.703210,-0.169495,-0.107374,0.000244,1.407787,0.132790,0.111036,0.000000,16.825997,-0.036706,0.003661,0.000244,1.000000,0.263272,0.008971,1.000000,0.055518,-0.066395,0.469262
16.821000,6.649000,16.933846,-0.071203,-0.011984,0.000352,712.511363,694.573706,698.689822,708.959291,0.812667,-0.206800,-0.121664,0.000352,1.406180,0.135597,0.109680,0.000000,16.933846,-0.071203,-0.011984,0.000352,1.000000,0.258386,0.012361,1.000000,0.054840,-0.067798,0.468727
16.842000,6.670000,17.160819,-0.072736,0.036393,0.000403,709.659749,706.904280,695.508759,721.376209,1.041115,-0.211067,-0.071903,0.000403,1.404704,0.138330,0.108296,0.000000,17.160819,-0.072736,0.036393,0.000403,1.000000,0.248077,0.015811,1.000000,0.054149,-0.069164,0.468235
16.867000,6.695000,17.053454,-0.072533,0.005159,0.000139,712.459095,699.793249,698.229748,714.180646,0.935309,-0.213551,-0.101639,0.000139,1.403145,0.141018,0.106798,0.000000,17.053454,-0.072533,0.005159,0.000139,1.000000,0.253645,0.014341,1.000000,0.053400,-0.070508,0.467715
16.884000,6.712000,17.220718,-0.075122,0.013914,-0.000609,715.001923,704.693668,699.813548,718.953172,1.104013,-0.218752,-0.091358,-0.000609,1.401704,0.143630,0.105271,0.000000,17.220718,-0.075122,0.013914,-0.000609,1.000000,0.245753,0.017808,1.000000,0.052638,-0.071813,0.467235
16.902000,6.730000,17.152640,-0.069676,-0.020226,-0.000675,718.462988,698.365324,704.383436,711.639500,1.037426,-0.215866,-0.123861,-0.000675,1.400214,0.146190,0.103635,0.000000,17.152640,-0.069676,-0.020226,-0.000675,1.000000,0.249980,0.016957,1.000000,0.051821,-0.073093,0.466738
16.926000,6.754000,17.508904,-0.041869,-0.043178,-0.000687,726.570212,704.874549,718.056430,712.606298,1.395239,-0.190513,-0.144948,-0.000687,1.398665,0.148644,0.101770,0.000000,17.508904,-0.041869,-0.043178,-0.000687,1.000000,0.255015,0.025197,1.000000,0.050891,-0.074318,0.466222
16.943000,6.771000,17.277207,-0.083919,-0.026587,-0.000801,723.398114,698.575088,706.532245,714.536062,1.164910,-0.234977,-0.126618,-0.000801,1.397296,0.151059,0.100032,0.000000,17.277207,-0.083919,-0.026587,-0.000801,1.000000,0.241177,0.020695,1.000000,0.050023,-0.075525,0.465765
16.967000,6.795000,17.265711,-0.057199,0.003151,-0.000651,715.882710,705.694562,704.239128,716.429498,1.154753,-0.210589,-0.095121,-0.000651,1.395958,0.153390,0.098272,0.000000,17.265711,-0.057199,0.003151,-0.000651,1.000000,0.237377,0.018674,1.000000,0.049144,-0.076690,0.465319
16.983000,6.811000,17.305998,-0.099562,-0.039583,-0.000866,727.515681,695.543053,707.633244,714.580714,1.196338,-0.255222,-0.135994,-0.000866,1.394661,0.155659,0.096411,0.000000,17.305998,-0.099562,-0.039583,-0.000866,1.000000,0.236022,0.022676,1.000000,0.048215,-0.077824,0.464887
17.004000,6.832000,17.433197,-0.106271,-0.004637,-0.000277,725.119651,702.941286,704.231834,723.492710,1.324779,-0.264106,-0.099158,-0.000277,1.393418,0.157835,0.094520,0.000000,17.433197,-0.106271,-0.004637,-0.000277,1.000000,0.228983,0.025509,1.000000,0.047271,-0.078911,0.464473
17.022000,6.850000,17.313119,-0.054764,-0.035933,0.000232,722.438857,700.347971,711.955335,711.320579,1.205941,-0.214716,-0.128469,0.000232,1.392178,0.159952,0.092536,0.000000,17.313119,-0.054764,-0.035933,0.000232,1.000000,0.234971,0.020804,1.000000,0.046280,-0.079969,0.464059
17.046000,6.874000,17.708882,-0.100112,-0.072472,0.000471,740.213520,698.143570,721.435786,718.170084,1.602928,-0.262137,-0.162805,0.000471,1.390954,0.162025,0.090333,0.000000,17.708882,-0.100112,-0.072472,0.000471,1.000000,0.240532,0.035216,1.000000,0.045179,-0.081006,0.463651
17.066000,6.894000,17.368464,-0.119287,0.012228,-0.000480,722.508222,703.077488,698.819532,725.983414,1.263649,-0.283243,-0.076071,-0.000480,1.389815,0.163956,0.088298,0.000000,17.368464,-0.119287,0.012228,-0.000480,1.000000,0.221862,0.024569,1.000000,0.044163,-0.081971,0.463272
17.084000,6.912000,17.242151,-0.113603,-0.026244,-0.000526,725.402566,694.827108,702.907777,716.859707,1.138445,-0.279420,-0.112441,-0.000526,1.388706,0.165817,0.086196,0.000000,17.242151,-0.113603,-0.026244,-0.000526,1.000000,0.224416,0.022032,1.000000,0.043113,-0.082901,0.462902
17.105000,6.933000,17.224547,-0.107058,-0.035229,-0.000886,725.927432,693.789415,704.507086,714.322729,1.121929,-0.274666,-0.119216,-0.000886,1.387618,0.167608,0.083987,0.000000,17.224547,-0.107058,-0.035229,-0.000886,1.000000,0.226386,0.021553,1.000000,0.042009,-0.083796,0.462539
17.129000,6.957000,17.344622,-0.095830,-0.055828,-0.001234,730.557188,694.235344,711.250956,712.315456,1.243029,-0.265151,-0.137463,-0.001234,1.386593,0.169321,0.081636,0.000000,17.344622,-0.095830,-0.055828,-0.001234,1.000000,0.229892,0.024371,1.000000,0.040835,-0.084652,0.462198
17.144000,6.972000,17.236729,-0.042983,-0.031960,-0.001125,719.568929,701.056957,710.466794,708.733553,1.136139,-0.213931,-0.111245,-0.001125,1.385590,0.170948,0.079285,0.000000,17.236729,-0.042983,-0.031960,-0.001125,1.000000,0.230663,0.018722,1.000000,0.039661,-0.085465,0.461863
17.168000,6.996000,17.182909,-0.070283,0.031649,-0.001135,711.127640,707.403215,696.472233,720.302265,1.083317,-0.242738,-0.045333,-0.001135,1.384592,0.172455,0.076981,0.000000,17.182909,-0.070283,0.031649,-0.001135,1.000000,0.221335,0.017834,1.000000,0.038511,-0.086219,0.461531
17.184000,7.012000,17.053610,-0.125519,0.033099,-0.000650,713.485627,699.302680,688.112752,723.408898,0.955045,-0.299379,-0.041597,-0.000650,1.383565,0.173860,0.074696,0.000000,17.053610,-0.125519,0.033099,-0.000650,1.000000,0.215420,0.018257,1.000000,0.037369,-0.086921,0.461188
17.207000,7.035000,17.817950,-0.116817,-0.082294,-0.000422,745.691307,697.505451,723.276084,720.152216,1.720001,-0.292023,-0.154108,-0.000422,1.382949,0.175206,0.071814,0.000000,17.817950,-0.116817,-0.082294,-0.000422,1.000000,0.244816,0.040487,1.000000,0.035928,-0.087594,0.460983
17.223000,7.051000,16.958123,-0.146533,0.018576,-0.000614,715.853414,692.834609,686.341134,721.252786,0.861102,-0.322966,-0.050830,-0.000614,1.382020,0.176434,0.069406,0.000000,16.958123,-0.146533,0.018576,-0.000614,1.000000,0.214864,0.018104,1.000000,0.034725,-0.088208,0.460673
17.247000,7.075000,16.766799,-0.139631,0.018167,-0.000533,711.297701,689.385807,683.051500,716.657754,0.670728,-0.317185,-0.048839,-0.000533,1.381071,0.177554,0.067007,0.000000,16.766799,-0.139631,0.018167,-0.000533,1.000000,0.216563,0.014798,1.000000,0.033526,-0.088768,0.460357
17.271000,7.099000,16.835906,-0.130464,-0.021528,-0.000482,718.049181,685.269566,691.961297,710.942626,0.740708,-0.309059,-0.086028,-0.000482,1.380197,0.178594,0.064501,0.000000,16.835906,-0.130464,-0.021528,-0.000482,1.000000,0.217681,0.015778,1.000000,0.032273,-0.089289,0.460066
17.291000,7.119000,16.730276,-0.053959,-0.014353,-0.000347,707.230540,691.884796,696.293073,702.409306,0.636003,-0.233485,-0.076359,-0.000347,1.379273,0.179525,0.062005,0.000000,16.730276,-0.053959,-0.014353,-0.000347,1.000000,0.224574,0.010080,1.000000,0.031026,-0.089755,0.459758
17.310000,7.138000,17.435877,-0.116544,-0.104935,-0.000637,741.644860,685.853402,719.017426,708.663929,1.341961,-0.296924,-0.163872,-0.000637,1.378916,0.180379,0.058937,0.000000,17.435877,-0.116544,-0.104935,-0.000637,1.000000,0.245358,0.029510,1.000000,0.029493,-0.090182,0.459639
17.322000,7.150000,16.667230,-0.093180,-0.048124,-0.000743,715.243872,681.178332,696.370402,699.426927,0.574109,-0.274313,-0.104413,-0.000743,1.378121,0.181133,0.056289,0.000000,16.667230,-0.093180,-0.048124,-0.000743,1.000000,0.220136,0.011911,1.000000,0.028169,-0.090559,0.459374
17.342000,7.170000,16.378531,-0.126416,-0.038572,-0.000701,711.049517,673.097585,685.369005,698.250261,0.286282,-0.308187,-0.092239,-0.000701,1.377249,0.181771,0.053667,0.000000,16.378531,-0.126416,-0.038572,-0.000701,1.000000,0.219225,0.011168,1.000000,0.026858,-0.090878,0.459083
17.364000,7.192000,16.427540,-0.130400,-0.038455,-0.000219,712.270484,673.586648,686.153473,699.867139,0.336079,-0.312719,-0.089401,-0.000219,1.376461,0.182319,0.050946,0.000000,16.427540,-0.130400,-0.038455,-0.000219,1.000000,0.218052,0.011708,1.000000,0.025498,-0.091152,0.458820
17.382000,7.210000,16.376553,-0.073535,-0.022967,-0.000051,703.105156,680.841268,688.352102,695.682479,0.285881,-0.256304,-0.071170,-0.000051,1.375672,0.182768,0.048203,0.000000,16.376553,-0.073535,-0.022967,-0.000051,1.000000,0.220841,0.007893,1.000000,0.024126,-0.091378,0.458557
17.402000,7.230000,16.382492,-0.156536,-0.046317,-0.000112,715.101687,668.534353,683.862648,700.301690,0.292540,-0.339661,-0.091710,-0.000112,1.374952,0.183124,0.045393,0.000000,16.382492,-0.156536,-0.046317,-0.000112,1.000000,0.215572,0.013234,1.000000,0.022720,-0.091556,0.458317
17.422000,7.250000,16.374350,-0.134166,-0.062050,0.000399,715.065947,667.843823,688.710038,695.550528,0.285042,-0.317557,-0.104545,0.000399,1.374307,0.183391,0.042495,0.000000,16.374350,-0.134166,-0.062050,0.000399,1.000000,0.219177,0.011990,1.000000,0.021270,-0.091690,0.458102
17.445000,7.273000,16.312155,-0.142603,-0.066210,0.000697,715.173126,664.780604,687.315162,694.523841,0.223433,-0.326167,-0.105740,0.000697,1.373723,0.183564,0.039530,0.000000,16.312155,-0.142603,-0.066210,0.000697,1.000000,0.221270,0.012256,1.000000,0.019787,-0.091777,0.457908
17.464000,7.292000,16.082414,-0.081280,0.004938,0.000654,692.985475,678.072386,676.903059,695.045116,-0.005720,-0.264896,-0.031600,0.000654,1.373134,0.183617,0.036538,0.000000,16.082414,-0.081280,0.004938,0.000654,1.000000,0.229866,0.007117,1.000000,0.018290,-0.091804,0.457711
17.482000,7.310000,15.782809,-0.153085,0.039702,0.000389,688.308923,670.057147,656.881131,701.434667,-0.304613,-0.336633,0.006085,0.000389,1.372421,0.183549,0.033617,0.000000,15.782809,-0.153085,0.039702,0.000389,1.000000,0.223800,0.012264,1.000000,0.016828,-0.091771,0.457474
17.503000,7.331000,15.846105,-0.115977,-0.016852,0.000707,695.001573,665.665264,671.849518,690.024862,-0.240686,-0.299378,-0.047464,0.000707,1.371791,0.183401,0.030612,0.000000,15.846105,-0.115977,-0.016852,0.000707,1.000000,0.227750,0.009767,1.000000,0.015324,-0.091697,0.457264
17.522000,7.350000,15.580470,-0.138753,0.031596,0.000187,683.939503,665.833727,655.210852,694.385186,-0.505594,-0.321881,0.003948,0.000187,1.371064,0.183129,0.027648,0.000000,15.580470,-0.138753,0.031596,0.000187,1.000000,0.228078,0.012919,1.000000,0.013841,-0.091562,0.457021
17.546000,7.374000,15.703697,-0.122117,-0.051614,-0.000298,698.573029,656.341385,673.583886,681.535930,-0.381825,-0.304893,-0.076142,-0.000298,1.370522,0.182776,0.024528,0.000000,15.703697,-0.122117,-0.051614,-0.000298,1.000000,0.235997,0.011334,1.000000,0.012281,-0.091386,0.456841
17.561000,7.389000,15.381913,-0.128020,-0.001273,-0.000974,684.401031,657.435134,657.148789,683.288204,-0.702925,-0.310318,-0.022750,-0.000974,1.369839,0.182298,0.021477,0.000000,15.381913,-0.128020,-0.001273,-0.000974,1.000000,0.236341,0.014623,1.000000,0.010755,-0.091147,0.456613
17.581000,7.409000,15.133388,-0.068897,0.018211,-0.001062,669.747017,661.524532,654.511830,675.069908,-0.950649,-0.250604,-0.000262,-0.001062,1.369037,0.181707,0.018473,0.000000,15.133388,-0.068897,0.018211,-0.001062,1.000000,0.243815,0.015318,1.000000,0.009254,-0.090852,0.456346
17.604000,7.432000,15.439912,-0.132467,-0.113531,-0.001352,704.378613,638.934604,676.756500,666.146877,-0.643576,-0.313520,-0.128814,-0.001352,1.368488,0.181053,0.015283,0.000000,15.439912,-0.132467,-0.113531,-0.001352,1.000000,0.241193,0.015631,1.000000,0.007659,-0.090525,0.456163
17.625000,7.453000,15.193402,-0.085042,-0.059203,-0.000966,685.518096,647.809751,667.347074,665.098974,-0.889476,-0.265325,-0.071307,-0.000966,1.367879,0.180283,0.012104,0.000000,15.193402,-0.085042,-0.059203,-0.000966,1.000000,0.246361,0.015460,1.000000,0.006070,-0.090140,0.455960
17.645000,7.473000,15.203240,-0.153335,-0.127305,-0.000464,703.434455,628.377361,672.073325,661.128893,-0.879127,-0.332764,-0.136147,-0.000464,1.367367,0.179429,0.008843,0.000000,15.203240,-0.153335,-0.127305,-0.000464,1.000000,0.245741,0.020655,1.000000,0.004438,-0.089714,0.455789
17.667000,7.495000,15.069429,-0.139271,-0.089116,0.000297,692.823385,633.329067,664.447365,663.474811,-1.012450,-0.317748,-0.094659,0.000297,1.366879,0.178477,0.005543,0.000000,15.069429,-0.139271,-0.089116,0.000297,1.000000,0.247683,0.021243,1.000000,0.002787,-0.089238,0.455626
17.681000,7.509000,14.892015,-0.154092,-0.062557,0.001190,685.923171,631.958732,654.734926,665.961887,-1.189375,-0.331516,-0.064774,0.001190,1.366390,0.177424,0.002217,0.000000,14.892015,-0.154092,-0.062557,0.001190,1.000000,0.250015,0.025556,1.000000,0.001123,-0.088712,0.455463
17.702000,7.530000,14.717237,-0.141829,-0.015415,0.001690,672.929762,637.431081,644.128164,668.989000,-1.363657,-0.318099,-0.014284,0.001690,1.365894,0.176271,-0.001131,0.000000,14.717237,-0.141829,-0.015415,0.001690,1.000000,0.253871,0.028735,1.000000,-0.000553,-0.088135,0.455298
17.722000,7.550000,14.376951,-0.139936,0.066454,0.001386,651.416477,644.362482,621.815627,674.976289,-1.703303,-0.314936,0.070870,0.001386,1.365255,0.175000,-0.004416,0.000000,14.376951,-0.139936,0.066454,0.001386,1.000000,0.256939,0.039433,1.000000,-0.002198,-0.087500,0.455085
17.742000,7.570000,13.986063,-0.072537,0.141083,0.000574,622.185075,656.018630,606.171715,671.676781,-2.093335,-0.246140,0.148679,0.000574,1.364398,0.173602,-0.007596,0.000000,13.986063,-0.072537,0.141083,0.000574,1.000000,0.269411,0.052090,1.000000,-0.003789,-0.086802,0.454799
17.761000,7.589000,14.087846,-0.137554,0.070826,0.000216,644.295117,639.265747,614.007575,668.724743,-1.990778,-0.309673,0.081684,0.000216,1.363624,0.172119,-0.010857,0.000000,14.087846,-0.137554,0.070826,0.000216,1.000000,0.265040,0.049889,1.000000,-0.005421,-0.086060,0.454541
17.781000,7.609000,14.085222,-0.118294,0.006950,0.000697,653.072553,629.802451,627.856088,655.980067,-1.992637,-0.288834,0.021100,0.000697,1.362858,0.170540,-0.014150,0.000000,14.085222,-0.118294,0.006950,0.000697,1.000000,0.272257,0.048093,1.000000,-0.007068,-0.085271,0.454286
17.806000,7.634000,13.805790,-0.067312,0.007371,0.000703,641.197762,629.023302,626.928603,644.310563,-2.271893,-0.236161,0.025252,0.000703,1.362683,0.168849,-0.017882,0.000000,13.805790,-0.067312,0.007371,0.000703,1.000000,0.328483,0.057256,1.000000,-0.008936,-0.084425,0.454228
17.823000,7.651000,13.797637,-0.159564,-0.047254,0.000572,660.372673,608.574885,626.244090,644.507278,-2.279152,-0.326627,-0.026119,0.000572,1.361788,0.167063,-0.021135,0.000000,13.797637,-0.159564,-0.047254,0.000572,1.000000,0.282413,0.062682,1.000000,-0.010564,-0.083532,0.453929
17.844000,7.672000,13.850099,-0.130599,-0.101229,0.000304,667.727234,603.263008,640.130372,632.938284,-2.225862,-0.295790,-0.076777,0.000304,1.360961,0.165191,-0.024452,0.000000,13.850099,-0.130599,-0.101229,0.000304,1.000000,0.288316,0.058883,1.000000,-0.012224,-0.082596,0.453654
17.864000,7.692000,13.572941,-0.142662,-0.067244,0.000850,656.913358,601.254837,626.569971,634.121174,-2.501695,-0.305820,-0.039805,0.000850,1.359636,0.163158,-0.027438,0.000000,13.572941,-0.142662,-0.067244,0.000850,1.000000,0.275849,0.072096,1.000000,-0.013719,-0.081579,0.453212
17.883000,7.711000,13.765844,-0.123736,-0.149485,0.000667,673.146897,592.770280,647.520790,621.708298,-2.308008,-0.284843,-0.118662,0.000667,1.358852,0.161106,-0.030824,0.000000,13.765844,-0.123736,-0.149485,0.000667,1.000000,0.295799,0.062791,1.000000,-0.015413,-0.080553,0.452951
17.903000,7.731000,13.787354,-0.115699,-0.135660,0.000340,670.580648,596.994640,646.350620,623.677647,-2.285798,-0.274675,-0.101375,0.000340,1.358153,0.158976,-0.034284,0.000000,13.787354,-0.115699,-0.135660,0.000340,1.000000,0.296597,0.060821,1.000000,-0.017145,-0.079487,0.452718
17.924000,7.752000,13.457491,-0.060147,-0.016304,-0.000367,637.003358,617.820877,623.442627,630.936105,-2.614869,-0.216884,0.021392,-0.000367,1.357360,0.156737,-0.037696,0.000000,13.457491,-0.060147,-0.016304,-0.000367,1.000000,0.303638,0.073125,1.000000,-0.018851,-0.078368,0.452453
17.943000,7.771000,12.999761,-0.081942,0.036949,-0.001007,619.467224,614.481806,599.985501,631.966990,-3.072304,-0.236344,0.078483,-0.001007,1.357065,0.154402,-0.041534,0.000000,12.999761,-0.081942,0.036949,-0.001007,1.000000,0.352653,0.100592,1.000000,-0.020770,-0.077200,0.452355
17.963000,7.791000,13.103112,-0.159805,0.077385,-0.000291,623.038175,615.221916,586.001351,650.161580,-2.967969,-0.311770,0.122222,-0.000291,1.356080,0.151965,-0.044836,0.000000,13.103112,-0.159805,0.077385,-0.000291,1.000000,0.301519,0.099302,1.000000,-0.022421,-0.075982,0.452027
17.985000,7.813000,12.956832,-0.160878,0.093574,-0.000288,616.769725,614.582054,579.076796,649.788214,-3.113233,-0.310307,0.141704,-0.000288,1.355065,0.149429,-0.048131,0.000000,12.956832,-0.160878,0.093574,-0.000288,1.000000,0.311138,0.108559,1.000000,-0.024068,-0.074714,0.451688
18.002000,7.830000,12.914643,-0.154623,0.055762,-0.001488,622.385022,607.827853,585.590646,641.093746,-3.154344,-0.301427,0.107147,-0.001488,1.353986,0.146804,-0.051385,0.000000,12.914643,-0.154623,0.055762,-0.001488,1.000000,0.316361,0.109733,1.000000,-0.025695,-0.073401,0.451329
18.027000,7.855000,12.863764,-0.131351,0.008339,-0.002150,627.383337,600.731174,595.843905,628.701828,-3.204146,-0.275441,0.062993,-0.002150,1.352910,0.144091,-0.054653,0.000000,12.863764,-0.131351,0.008339,-0.002150,1.000000,0.327888,0.110650,1.000000,-0.027328,-0.072045,0.450970
18.045000,7.873000,13.088293,-0.113079,-0.091182,-0.002217,648.113255,589.605451,621.689543,613.893711,-2.978636,-0.254399,-0.033167,-0.002217,1.351929,0.141320,-0.058015,0.000000,13.088293,-0.113079,-0.091182,-0.002217,1.000000,0.328710,0.095305,1.000000,-0.029009,-0.070660,0.450643
18.061000,7.889000,12.855033,-0.091629,-0.077117,-0.002475,638.120508,589.148440,615.937975,608.349537,-3.210861,-0.230081,-0.015783,-0.002475,1.350894,0.138451,-0.061334,0.000000,12.855033,-0.091629,-0.077117,-0.002475,1.000000,0.343149,0.108416,1.000000,-0.030667,-0.069226,0.450298
18.092000,7.920000,12.709932,-0.030800,-0.040900,-0.002019,631.183222,586.229160,605.698727,609.148486,-3.354831,-0.166291,0.023661,-0.002019,1.349763,0.135490,-0.064561,0.000000,12.709932,-0.030800,-0.040900,-0.002019,1.000000,0.352365,0.115371,1.000000,-0.032281,-0.067745,0.449921
18.104000,7.932000,12.651810,-0.106123,-0.056162,-0.002115,631.183222,586.229160,605.698727,609.148486,-3.411756,-0.238567,0.011567,-0.002115,1.348567,0.132444,-0.067729,0.000000,12.651810,-0.106123,-0.056162,-0.002115,1.000000,0.348084,0.122106,1.000000,-0.033865,-0.066222,0.449522
18.124000,7.952000,12.693135,-0.092822,-0.099405,-0.000889,637.892608,579.975241,616.627089,601.096169,-3.369409,-0.222165,-0.028306,-0.000889,1.347545,0.129343,-0.071099,0.000000,12.693135,-0.092822,-0.099405,-0.000889,1.000000,0.357443,0.118545,1.000000,-0.035550,-0.064671,0.449182
18.143000,7.971000,12.804032,-0.102662,-0.114848,-0.000548,644.077774,578.442738,621.075014,602.187665,-3.257443,-0.228836,-0.040427,-0.000548,1.346475,0.126174,-0.074421,0.000000,12.804032,-0.102662,-0.114848,-0.000548,1.000000,0.350417,0.111509,1.000000,-0.037212,-0.063086,0.448825
18.165000,7.993000,12.540184,-0.131494,0.006776,0.000462,619.117159,591.362261,589.161575,621.936523,-3.520140,-0.254404,0.084423,0.000462,1.345323,0.122910,-0.077648,0.000000,12.540184,-0.131494,0.006776,0.000462,1.000000,0.356333,0.131099,1.000000,-0.038826,-0.061453,0.448441
18.182000,8.010000,12.370062,-0.080667,0.063090,0.000686,598.732536,603.627721,580.215337,622.522490,-3.689063,-0.200229,0.143929,0.000686,1.344125,0.119562,-0.080840,0.000000,12.370062,-0.080667,0.063090,0.000686,1.000000,0.369304,0.142173,1.000000,-0.040423,-0.059778,0.448042
18.204000,8.032000,12.569226,-0.141573,-0.042583,0.000286,629.876659,581.499405,597.978835,614.706638,-3.488755,-0.257742,0.041547,0.000286,1.342981,0.116169,-0.084130,0.000000,12.569226,-0.141573,-0.042583,0.000286,1.000000,0.363970,0.128530,1.000000,-0.042069,-0.058081,0.447660
18.228000,8.056000,12.566146,-0.114823,-0.016884,0.000361,622.184142,589.507767,596.211034,616.334882,-3.490671,-0.227532,0.070532,0.000361,1.341817,0.112709,-0.087415,0.000000,12.566146,-0.114823,-0.016884,0.000361,1.000000,0.368287,0.127522,1.000000,-0.043713,-0.056350,0.447272
18.245000,8.073000,12.502250,-0.123886,0.008293,0.001049,616.865689,591.355414,589.060748,620.707106,-3.553330,-0.233053,0.098871,0.001049,1.340580,0.109167,-0.090578,0.000000,12.502250,-0.123886,0.008293,0.001049,1.000000,0.372851,0.132671,1.000000,-0.045294,-0.054579,0.446860
18.265000,8.093000,13.013767,-0.098903,0.030994,0.001212,621.949444,610.870773,600.332928,633.992917,-3.040395,-0.204442,0.124207,0.001212,1.339162,0.105539,-0.093213,0.000000,13.013767,-0.098903,0.030994,0.001212,1.000000,0.343136,0.098163,1.000000,-0.046613,-0.052764,0.446387
18.283000,8.111000,12.375488,-0.089546,0.028349,0.000937,606.278902,596.108202,586.092202,617.448600,-3.677347,-0.191399,0.124574,0.000937,1.337835,0.101853,-0.096224,0.000000,12.375488,-0.089546,0.028349,0.000937,1.000000,0.386137,0.140444,1.000000,-0.048120,-0.050920,0.445945
18.303000,8.131000,12.160895,-0.082099,0.055903,0.000400,595.241341,597.142429,576.036158,616.323153,-3.890565,-0.180190,0.155099,0.000400,1.336460,0.098090,-0.099196,0.000000,12.160895,-0.082099,0.055903,0.000400,1.000000,0.405914,0.157017,1.000000,-0.049606,-0.049037,0.445487
18.323000,8.151000,12.348281,-0.077513,0.011260,-0.000274,607.873080,594.137545,589.632062,611.807344,-3.701772,-0.171774,0.113294,-0.000274,1.335053,0.094261,-0.102034,0.000000,12.348281,-0.077513,0.011260,-0.000274,1.000000,0.404089,0.141265,1.000000,-0.051025,-0.047122,0.445018
18.347000,8.175000,12.730590,-0.037428,-0.035520,-0.000498,621.075997,599.460557,612.248513,607.674725,-3.318040,-0.127767,0.069094,-0.000498,1.333629,0.090339,-0.104614,0.000000,12.730590,-0.037428,-0.035520,-0.000498,1.000000,0.394974,0.112204,1.000000,-0.052316,-0.045159,0.444543
18.365000,8.193000,12.687293,-0.071750,-0.078037,-0.000642,631.569503,586.358188,615.061199,602.614399,-3.359904,-0.158120,0.029194,-0.000642,1.332196,0.086370,-0.107231,0.000000,12.687293,-0.071750,-0.078037,-0.000642,1.000000,0.394282,0.115475,1.000000,-0.053625,-0.043174,0.444065
18.383000,8.211000,12.305097,-0.084029,-0.108764,-0.001037,629.689086,569.401386,610.034613,588.696164,-3.740582,-0.166413,0.001316,-0.001037,1.330679,0.082384,-0.110080,0.000000,12.305097,-0.084029,-0.108764,-0.001037,1.000000,0.420506,0.142689,1.000000,-0.055049,-0.041180,0.443560
18.403000,8.231000,12.372504,-0.069364,-0.055508,-0.000852,619.976816,583.196067,603.540512,598.804457,-3.671632,-0.147701,0.057310,-0.000852,1.329136,0.078338,-0.112818,0.000000,12.372504,-0.069364,-0.055508,-0.000852,1.000000,0.421336,0.137319,1.000000,-0.056418,-0.039156,0.443045
18.426000,8.254000,12.438323,-0.129964,-0.099774,-0.000519,636.033696,568.749034,606.513999,599.285122,-3.604219,-0.204211,0.015792,-0.000519,1.327542,0.074247,-0.115566,0.000000,12.438323,-0.129964,-0.099774,-0.000519,1.000000,0.422573,0.134099,1.000000,-0.057792,-0.037110,0.442514
18.445000,8.273000,12.892084,-0.123347,-0.035987,0.000327,634.149180,592.945502,606.707642,621.508506,-3.148943,-0.193424,0.082070,0.000327,1.326027,0.070077,-0.118057,0.000000,12.892084,-0.123347,-0.035987,0.000327,1.000000,0.401988,0.103573,1.000000,-0.059037,-0.035023,0.442009
18.461000,8.289000,12.538738,-0.124985,-0.018383,0.000685,622.827110,587.196894,594.759118,616.693184,-3.500623,-0.190869,0.102292,0.000685,1.324361,0.065884,-0.120674,0.000000,12.538738,-0.124985,-0.018383,0.000685,1.000000,0.426306,0.127233,1.000000,-0.060346,-0.032926,0.441454
18.483000,8.311000,11.990061,-0.103992,0.100329,0.001219,584.799915,598.423176,560.498868,623.152468,-4.047309,-0.165627,0.223766,0.001219,1.322369,0.061635,-0.123437,0.000000,11.990061,-0.103992,0.100329,0.001219,1.000000,0.483673,0.171558,1.000000,-0.061727,-0.030800,0.440790
18.503000,8.331000,12.909135,-0.034081,0.089430,0.000821,601.472882,626.478490,594.171640,634.670259,-3.126621,-0.091408,0.215206,0.000821,1.320757,0.057327,-0.125776,0.000000,12.909135,-0.034081,0.089430,0.000821,1.000000,0.439928,0.103225,1.000000,-0.062896,-0.028646,0.440252
18.523000,8.351000,12.982134,-0.065611,0.059555,0.000775,612.402907,619.291699,597.898749,634.498246,-3.051941,-0.118592,0.187653,0.000775,1.319075,0.052981,-0.128097,0.000000,12.982134,-0.065611,0.059555,0.000775,1.000000,0.441014,0.098071,1.000000,-0.064056,-0.026471,0.439692
18.545000,8.373000,13.053872,-0.054246,0.023564,0.000552,619.477555,615.808648,607.582668,628.405037,-2.978528,-0.102832,0.153863,0.000552,1.317401,0.048586,-0.130298,0.000000,13.053872,-0.054246,0.023564,0.000552,1.000000,0.451372,0.092141,1.000000,-0.065157,-0.024273,0.439134
18.560000,8.388000,13.059811,-0.059090,-0.043362,0.000485,632.208380,603.073835,619.419292,616.969379,-2.970872,-0.103250,0.089113,0.000485,1.315682,0.044160,-0.132474,0.000000,13.059811,-0.059090,-0.043362,0.000485,1.000000,0.452956,0.090121,1.000000,-0.066244,-0.022059,0.438561
18.584000,8.412000,13.242192,-0.033378,-0.008635,0.000139,627.526032,616.928755,620.178875,624.531680,-2.786848,-0.073065,0.125866,0.000139,1.314040,0.039687,-0.134500,0.000000,13.242192,-0.033378,-0.008635,0.000139,1.000000,0.459759,0.079783,1.000000,-0.067257,-0.019821,0.438013
18.602000,8.430000,13.307006,-0.049685,-0.039803,0.000026,636.411232,610.959663,625.464289,622.203261,-2.720385,-0.084860,0.096619,0.000026,1.312391,0.035176,-0.136422,0.000000,13.307006,-0.049685,-0.039803,0.000026,1.000000,0.466353,0.075659,1.000000,-0.068218,-0.017563,0.437464
18.623000,8.451000,13.341208,-0.089200,-0.069518,0.000150,646.644887,601.681818,627.252025,622.108269,-2.684506,-0.119835,0.068771,0.000150,1.310715,0.030634,-0.138290,0.000000,13.341208,-0.089200,-0.069518,0.000150,1.000000,0.467048,0.073975,1.000000,-0.069151,-0.015291,0.436905
18.645000,8.473000,13.469034,-0.084643,-0.048265,0.000482,645.227109,609.102241,627.049510,628.548068,-2.555036,-0.110702,0.091781,0.000482,1.309071,0.026059,-0.140046,0.000000,13.469034,-0.084643,-0.048265,0.000482,1.000000,0.468808,0.067350,1.000000,-0.070028,-0.013001,0.436357
18.663000,8.491000,13.416703,-0.078021,-0.074629,0.000934,647.754981,603.519402,631.445383,622.029167,-2.605620,-0.099482,0.067135,0.000934,1.307324,0.021460,-0.141764,0.000000,13.416703,-0.078021,-0.074629,0.000934,1.000000,0.470097,0.069333,1.000000,-0.070886,-0.010700,0.435775
18.682000,8.510000,13.481091,-0.058970,-0.053268,0.000897,643.450406,611.225372,631.218293,625.248951,-2.539450,-0.075805,0.090134,0.000897,1.305541,0.016835,-0.143402,0.000000,13.481091,-0.058970,-0.053268,0.000897,1.000000,0.470419,0.065875,1.000000,-0.071705,-0.008386,0.435180
18.703000,8.531000,13.575251,-0.033711,-0.020051,0.000430,637.188077,622.557636,630.094490,630.402026,-2.443457,-0.045895,0.124906,0.000430,1.303709,0.012184,-0.144958,0.000000,13.575251,-0.033711,-0.020051,0.000430,1.000000,0.472860,0.061476,1.000000,-0.072482,-0.006060,0.434570
18.721000,8.549000,13.892431,-0.025592,0.019554,0.000456,636.578509,637.871938,631.290864,643.797064,-2.124583,-0.033098,0.165919,0.000456,1.302014,0.007506,-0.146366,0.000000,13.892431,-0.025592,0.019554,0.000456,1.000000,0.470256,0.048001,1.000000,-0.073185,-0.003720,0.434005
18.746000,8.574000,13.304025,-0.017370,0.041274,0.000617,617.995867,628.984955,614.535334,633.316758,-2.710397,-0.020183,0.189134,0.000617,1.299422,0.002813,-0.147860,0.000000,13.304025,-0.017370,0.041274,0.000617,1.000000,0.522063,0.077080,1.000000,-0.073931,-0.001373,0.433141
18.764000,8.592000,13.951411,-0.024975,-0.016310,0.000932,643.986203,632.756606,639.239613,638.974660,-2.061117,-0.023076,0.132821,0.000932,1.297528,-0.001899,-0.149131,0.000000,13.951411,-0.024975,-0.016310,0.000932,1.000000,0.473372,0.044300,1.000000,-0.074565,0.000983,0.432509
18.787000,8.615000,14.181681,-0.013030,-0.020307,0.000706,648.685694,638.744695,646.389269,642.140670,-1.828970,-0.006405,0.129992,0.000706,1.295650,-0.006626,-0.150299,0.000000,14.181681,-0.013030,-0.020307,0.000706,1.000000,0.472829,0.035145,1.000000,-0.075148,0.003347,0.431883
18.802000,8.630000,14.315709,-0.037508,-0.026647,0.000601,655.435881,638.069567,647.848556,646.678700,-1.693096,-0.026144,0.124727,0.000601,1.293805,-0.011364,-0.151374,0.000000,14.315709,-0.037508,-0.026647,0.000601,1.000000,0.468881,0.030290,1.000000,-0.075684,0.005716,0.431268
18.827000,8.655000,14.529476,-0.027330,-0.004987,0.000172,655.558609,647.991670,649.849931,653.973192,-1.477570,-0.011216,0.147331,0.000172,1.292046,-0.016114,-0.152319,0.000000,14.529476,-0.027330,-0.004987,0.000172,1.000000,0.468210,0.024015,1.000000,-0.076156,0.008092,0.430682
18.848000,8.676000,14.660552,-0.043802,-0.002042,0.000022,659.765955,649.747382,650.470639,659.086065,-1.344721,-0.022931,0.151126,0.000022,1.290273,-0.020871,-0.153167,0.000000,14.660552,-0.043802,-0.002042,0.000022,1.000000,0.469569,0.020419,1.000000,-0.076579,0.010470,0.430091
18.867000,8.695000,15.060515,-0.018901,-0.055966,-0.000197,675.094496,652.163483,671.048145,656.034208,-0.943761,0.006733,0.097884,-0.000197,1.289275,-0.025634,-0.153850,0.000000,15.060515,-0.018901,-0.055966,-0.000197,1.000000,0.435868,0.009870,1.000000,-0.076919,0.012851,0.429758
18.881000,8.709000,14.807675,-0.030650,0.009739,-0.000274,659.734635,656.587768,653.037833,662.845209,-1.194894,-0.000253,0.164233,-0.000274,1.287569,-0.030397,-0.154494,0.000000,14.807675,-0.030650,0.009739,-0.000274,1.000000,0.464308,0.016975,1.000000,-0.077241,0.015232,0.429190
18.902000,8.730000,14.604610,-0.011335,-0.034019,-0.000396,660.697801,646.588833,658.024995,648.713844,-1.396103,0.023824,0.121051,-0.000396,1.285713,-0.035159,-0.155070,0.000000,14.604610,-0.011335,-0.034019,-0.000396,1.000000,0.466382,0.021013,1.000000,-0.077528,0.017612,0.428571
18.924000,8.752000,14.484019,-0.007400,-0.004046,-0.000475,652.488345,649.524321,650.567959,650.735866,-1.514401,0.032519,0.151566,-0.000475,1.283420,-0.039918,-0.155612,0.000000,14.484019,-0.007400,-0.004046,-0.000475,1.000000,0.486104,0.025337,1.000000,-0.077798,0.019991,0.427807
18.942000,8.770000,15.292663,0.006268,0.013149,-0.000456,666.039720,671.782411,667.031924,670.134725,-0.704134,0.050937,0.169106,-0.000456,1.281797,-0.044669,-0.155957,0.000000,15.292663,0.006268,0.013149,-0.000456,1.000000,0.454425,0.008077,1.000000,-0.077970,0.022364,0.427266
18.964000,8.792000,15.591942,0.013398,-0.022616,-0.000319,677.754013,672.994331,680.283679,669.973231,-0.403666,0.062800,0.133540,-0.000319,1.280608,-0.049402,-0.156156,0.000000,15.591942,0.013398,-0.022616,-0.000319,1.000000,0.434454,0.003807,1.000000,-0.078069,0.024729,0.426869
18.985000,8.813000,15.240535,0.010901,0.008705,-0.000412,665.145551,670.366090,667.137241,667.782426,-0.753299,0.065031,0.165029,-0.000412,1.278833,-0.054130,-0.156323,0.000000,15.240535,0.010901,0.008705,-0.000412,1.000000,0.452894,0.008821,1.000000,-0.078152,0.027092,0.426278
19.003000,8.831000,15.364772,0.005837,0.004667,-0.000199,669.004135,671.789560,670.080387,670.427053,-0.627287,0.064679,0.161057,-0.000199,1.277060,-0.058842,-0.156390,0.000000,15.364772,0.005837,0.004667,-0.000199,1.000000,0.450577,0.006947,1.000000,-0.078185,0.029447,0.425687
19.024000,8.852000,15.567834,0.003002,0.013633,-0.000030,672.163788,677.329718,672.765027,676.689922,-0.422467,0.066537,0.169985,-0.000030,1.275301,-0.063535,-0.156352,0.000000,15.567834,0.003002,0.013633,-0.000030,1.000000,0.447141,0.005117,1.000000,-0.078166,0.031792,0.425100
19.042000,8.870000,15.915101,0.002466,0.007603,-0.000012,680.722314,683.733340,681.218376,683.221711,-0.073686,0.070667,0.163817,-0.000012,1.273787,-0.068201,-0.156213,0.000000,15.915101,0.002466,0.007603,-0.000012,1.000000,0.435941,0.003237,1.000000,-0.078096,0.034124,0.424596
19.067000,8.895000,15.979697,0.007472,-0.061081,-0.000083,692.862751,674.286528,694.307586,672.678806,-0.008326,0.080312,0.094971,-0.000083,1.273023,-0.072840,-0.156052,0.000000,15.979697,0.007472,-0.061081,-0.000083,1.000000,0.408448,0.001548,1.000000,-0.078015,0.036442,0.424341
19.087000,8.915000,15.799768,0.009574,0.072941,-0.000130,666.616003,692.724057,668.522548,690.700438,-0.185827,0.087036,0.228570,-0.000130,1.270595,-0.077462,-0.155629,0.000000,15.799768,0.009574,0.072941,-0.000130,1.000000,0.469176,0.006327,1.000000,-0.077804,0.038752,0.423532
19.102000,8.930000,15.762698,0.016864,-0.029613,-0.000239,682.201093,675.857179,685.473166,672.191919,-0.221141,0.098920,0.125597,-0.000239,1.268840,-0.082056,-0.155210,0.000000,15.762698,0.016864,-0.029613,-0.000239,1.000000,0.435123,0.003045,1.000000,-0.077595,0.041048,0.422947
19.126000,8.954000,16.406822,0.029303,0.053099,-0.000314,681.124934,704.270790,686.877947,698.223085,0.424821,0.115893,0.207689,-0.000314,1.267001,-0.086590,-0.154590,0.000000,16.406822,0.029303,0.053099,-0.000314,1.000000,0.433011,0.007461,1.000000,-0.077285,0.043312,0.422334
19.144000,8.972000,16.172392,0.032035,-0.008313,-0.000434,685.978029,689.759706,692.159739,682.936744,0.192004,0.123144,0.145668,-0.000434,1.265388,-0.091109,-0.153981,0.000000,16.172392,0.032035,-0.008313,-0.000434,1.000000,0.421757,0.004007,1.000000,-0.076981,0.045571,0.421796
19.172000,9.000000,16.103066,0.043894,-0.095849,-0.000440,697.554137,675.058220,705.973404,665.603908,0.123240,0.139464,0.057594,-0.000440,1.264826,-0.095570,-0.153442,0.000000,16.103066,0.043894,-0.095849,-0.000440,1.000000,0.388303,0.002429,1.000000,-0.076713,0.047799,0.421609
19.183000,9.011000,16.445457,0.030676,-0.003615,-0.000385,691.130266,696.129591,697.027800,689.680789,0.467196,0.130681,0.149032,-0.000385,1.263261,-0.100005,-0.152647,0.000000,16.445457,0.030676,-0.003615,-0.000385,1.000000,0.412615,0.006112,1.000000,-0.076315,0.050016,0.421087
19.209000,9.037000,16.473257,0.044198,-0.005331,-0.000533,690.685084,697.841017,699.186055,688.569266,0.496569,0.148602,0.146425,-0.000533,1.261688,-0.104403,-0.151756,0.000000,16.473257,0.044198,-0.005331,-0.000533,1.000000,0.410128,0.006818,1.000000,-0.075870,0.052213,0.420563
19.223000,9.051000,16.567399,0.040676,0.018036,-0.000650,689.265603,703.250288,697.002959,694.671325,0.592263,0.149432,0.168809,-0.000650,1.260136,-0.108756,-0.150774,0.000000,16.567399,0.040676,0.018036,-0.000650,1.000000,0.406500,0.008590,1.000000,-0.075380,0.054388,0.420045
19.244000,9.072000,16.701362,0.044932,0.021590,-0.000625,691.086827,707.006366,699.668085,697.642969,0.727767,0.157990,0.171282,-0.000625,1.258595,-0.113058,-0.149692,0.000000,16.701362,0.044932,0.021590,-0.000625,1.000000,0.402356,0.010726,1.000000,-0.074840,0.056537,0.419532
19.264000,9.092000,16.623207,0.048784,-0.040600,-0.000445,699.060630,695.720704,708.420526,685.554535,0.650474,0.166082,0.108137,-0.000445,1.257733,-0.117298,-0.148737,0.000000,16.623207,0.048784,-0.040600,-0.000445,1.000000,0.375152,0.008159,1.000000,-0.074364,0.058655,0.419244
19.282000,9.110000,16.965625,0.047842,0.038711,-0.000405,693.520480,715.353790,702.793940,705.685656,0.994279,0.169327,0.186212,-0.000405,1.256346,-0.121485,-0.147501,0.000000,16.965625,0.047842,0.038711,-0.000405,1.000000,0.389242,0.016221,1.000000,-0.073747,0.060747,0.418782
19.305000,9.133000,17.690202,0.056543,0.069646,-0.000285,702.804316,735.547749,713.734918,724.562757,1.720483,0.182140,0.215636,-0.000285,1.254718,-0.125598,-0.145990,0.000000,17.690202,0.056543,0.069646,-0.000285,1.000000,0.402534,0.037568,1.000000,-0.072992,0.062802,0.418239
19.323000,9.151000,17.238366,0.037730,-0.020927,-0.000280,709.727455,710.506142,716.911109,702.868792,1.269779,0.167370,0.123720,-0.000280,1.253587,-0.129640,-0.144647,0.000000,17.238366,0.037730,-0.020927,-0.000280,1.000000,0.369489,0.020455,1.000000,-0.072322,0.064822,0.417862
19.345000,9.173000,17.236929,0.055435,0.026830,-0.000354,700.354193,719.738592,711.060840,708.676820,1.269429,0.189055,0.170051,-0.000354,1.252500,-0.133620,-0.143221,0.000000,17.236929,0.055435,0.026830,-0.000354,1.000000,0.366370,0.022580,1.000000,-0.071610,0.066810,0.417500
19.362000,9.190000,17.295801,0.070484,0.011262,-0.000157,702.519143,719.887766,716.253029,706.007648,1.329485,0.208023,0.152898,-0.000157,1.251316,-0.137539,-0.141636,0.000000,17.295801,0.070484,0.011262,-0.000157,1.000000,0.367746,0.024340,1.000000,-0.070819,0.068768,0.417105
19.381000,9.209000,17.761192,0.084094,0.040464,0.000090,706.090372,734.974165,722.543768,718.927941,1.796194,0.225470,0.180267,0.000090,1.249998,-0.141376,-0.139803,0.000000,17.761192,0.084094,0.040464,0.000090,1.000000,0.376252,0.040596,1.000000,-0.069904,0.070686,0.416666
19.408000,9.236000,17.594415,0.076783,0.058597,-0.000097,700.508759,733.802776,715.547159,719.014169,1.630791,0.221942,0.196415,-0.000097,1.248625,-0.145159,-0.137818,0.000000,17.594415,0.076783,0.058597,-0.000097,1.000000,0.381085,0.035378,1.000000,-0.068912,0.072576,0.416208
19.424000,9.252000,17.046831,0.079013,-0.031376,-0.000371,703.388507,708.987254,718.621912,693.020086,1.084225,0.227866,0.104712,-0.000371,1.247606,-0.148853,-0.136088,0.000000,17.046831,0.079013,-0.031376,-0.000371,1.000000,0.352604,0.018044,1.000000,-0.068048,0.074422,0.415869
19.445000,9.273000,17.497319,0.070191,0.061909,-0.000477,698.728869,731.879687,712.270247,718.060746,1.535970,0.222676,0.195860,-0.000477,1.246350,-0.152485,-0.133950,0.000000,17.497319,0.070191,0.061909,-0.000477,1.000000,0.373712,0.032387,1.000000,-0.066981,0.076238,0.415450
19.466000,9.294000,16.689935,0.071307,-0.064312,-0.000713,702.110370,695.641894,715.651901,680.682845,0.729492,0.227297,0.067884,-0.000713,1.245442,-0.155990,-0.132196,0.000000,16.689935,0.071307,-0.064312,-0.000713,1.000000,0.342929,0.010949,1.000000,-0.066106,0.077989,0.415147
19.481000,9.309000,17.091341,0.071453,-0.019141,-0.000742,703.228023,711.233637,716.757855,696.559059,1.131869,0.230893,0.111148,-0.000742,1.244472,-0.159440,-0.130289,0.000000,17.091341,0.071453,-0.019141,-0.000742,1.000000,0.340662,0.019378,1.000000,-0.065153,0.079713,0.414824
19.508000,9.336000,16.837659,0.071369,-0.023666,-0.000708,698.659314,705.257013,712.281554,690.497433,0.879118,0.234149,0.104734,-0.000708,1.243542,-0.162781,-0.128400,0.000000,16.837659,0.071369,-0.023666,-0.000708,1.000000,0.333235,0.014308,1.000000,-0.064211,0.081382,0.414514
19.522000,9.350000,17.234092,0.077579,0.014520,-0.000596,700.150779,719.985338,715.028115,704.388276,1.276500,0.243651,0.140851,-0.000596,1.242591,-0.166072,-0.126331,0.000000,17.234092,0.077579,0.014520,-0.000596,1.000000,0.333372,0.024215,1.000000,-0.063177,0.083027,0.414197
19.550000,9.378000,17.954995,0.090943,0.054116,-0.000398,707.412971,741.706726,724.840148,724.149860,1.998334,0.260198,0.178027,-0.000398,1.241661,-0.169255,-0.123911,0.000000,17.954995,0.090943,0.054116,-0.000398,1.000000,0.344246,0.049873,1.000000,-0.061968,0.084618,0.413887
19.564000,9.392000,17.238149,0.096421,-0.000130,-0.000276,700.609022,719.487621,719.341223,700.375188,1.282380,0.268763,0.121673,-0.000276,1.240769,-0.172342,-0.121803,0.000000,17.238149,0.096421,-0.000130,-0.000276,1.000000,0.317659,0.025149,1.000000,-0.060916,0.086161,0.413590
19.583000,9.411000,17.144896,0.091957,0.049196,-0.000314,691.135940,724.865059,709.217245,706.750830,1.190001,0.267311,0.168780,-0.000314,1.239895,-0.175354,-0.119584,0.000000,17.144896,0.091957,0.049196,-0.000314,1.000000,0.319925,0.024155,1.000000,-0.059808,0.087666,0.413298
19.602000,9.430000,17.204943,0.058161,0.020313,-0.000281,700.437927,718.306917,711.724326,706.738055,1.250927,0.236421,0.137607,-0.000281,1.239016,-0.178260,-0.117293,0.000000,17.204943,0.058161,0.020313,-0.000281,1.000000,0.316536,0.023131,1.000000,-0.058664,0.089119,0.413005
19.624000,9.452000,17.147874,0.116185,0.031756,-0.000268,691.580505,724.529868,714.419317,701.648332,1.194705,0.297257,0.146752,-0.000268,1.238170,-0.181072,-0.114996,0.000000,17.147874,0.116185,0.031756,-0.000268,1.000000,0.306405,0.025263,1.000000,-0.057516,0.090525,0.412723
19.641000,9.469000,17.169605,0.093036,0.075181,-0.000159,687.257928,729.430168,705.753904,711.332602,1.217241,0.276847,0.187747,-0.000159,1.237363,-0.183811,-0.112566,0.000000,17.169605,0.093036,0.075181,-0.000159,1.000000,0.308617,0.026006,1.000000,-0.056302,0.091894,0.412454
19.666000,9.494000,16.468136,0.125627,-0.017383,0.000173,684.061387,703.633791,709.288293,678.444776,0.516752,0.312057,0.093165,0.000173,1.236383,-0.186430,-0.110549,0.000000,16.468136,0.125627,-0.017383,0.000173,1.000000,0.288854,0.013276,1.000000,-0.055294,0.093203,0.412128
19.687000,9.515000,17.415621,0.130692,0.027951,0.000169,696.237626,730.558157,722.013758,705.327698,1.464936,0.319683,0.135890,0.000169,1.235685,-0.188991,-0.107938,0.000000,17.415621,0.130692,0.027951,0.000169,1.000000,0.302972,0.033527,1.000000,-0.053990,0.094484,0.411895
19.705000,9.533000,17.420473,0.121079,0.021982,-0.000039,698.331625,728.890801,722.047944,705.349994,1.470459,0.312522,0.127279,-0.000039,1.235015,-0.191444,-0.105297,0.000000,17.420473,0.121079,0.021982,-0.000039,1.000000,0.298894,0.033010,1.000000,-0.052670,0.095710,0.411672
19.722000,9.550000,16.890314,0.110520,0.006074,-0.000413,690.930608,714.786136,712.589465,692.614884,0.941074,0.304261,0.108870,-0.000413,1.234240,-0.193741,-0.102796,0.000000,16.890314,0.110520,0.006074,-0.000413,1.000000,0.287379,0.019299,1.000000,-0.051420,0.096859,0.411413
19.747000,9.575000,16.928045,0.099093,0.061068,-0.000530,683.931994,723.092355,703.470105,703.364408,0.979484,0.295047,0.161219,-0.000530,1.233561,-0.195954,-0.100152,0.000000,16.928045,0.099093,0.061068,-0.000530,1.000000,0.290656,0.020898,1.000000,-0.050099,0.097965,0.411187
19.777000,9.605000,16.442382,0.093720,0.005935,-0.000903,693.897408,703.842406,702.626532,693.959352,0.494735,0.291709,0.103679,-0.000903,1.232647,-0.197989,-0.097744,0.000000,16.442382,0.093720,0.005935,-0.000903,1.000000,0.274960,0.012032,1.000000,-0.048897,0.098982,0.410882
19.782000,9.610000,16.688122,0.046545,0.001996,-0.000833,693.897408,703.842406,702.626532,693.959352,0.741219,0.246512,0.097103,-0.000833,1.231903,-0.199966,-0.095107,0.000000,16.688122,0.046545,0.001996,-0.000833,1.000000,0.284433,0.012514,1.000000,-0.047579,0.099971,0.410634
19.810000,9.638000,17.425768,0.118138,0.100230,-0.001006,686.350749,741.028515,709.258272,717.768873,1.479058,0.319986,0.192141,-0.001006,1.231710,-0.201848,-0.091911,0.000000,17.425768,0.118138,0.100230,-0.001006,1.000000,0.307648,0.035807,1.000000,-0.045982,0.100912,0.410570
19.826000,9.654000,16.755209,0.109275,0.071509,-0.000399,677.407498,722.155145,699.246326,700.474649,0.809061,0.312908,0.160580,-0.000399,1.231149,-0.203632,-0.089071,0.000000,16.755209,0.109275,0.071509,-0.000399,1.000000,0.277598,0.018916,1.000000,-0.044563,0.101804,0.410383
19.846000,9.674000,16.647014,0.134754,0.112253,0.000367,665.317466,728.468551,693.195175,702.502139,0.701360,0.340080,0.198393,0.000367,1.230653,-0.205326,-0.086141,0.000000,16.647014,0.134754,0.112253,0.000367,1.000000,0.278420,0.020420,1.000000,-0.043097,0.102651,0.410218
19.866000,9.694000,16.041748,0.091448,-0.042906,0.000817,682.401961,686.877461,701.356770,668.704011,0.096956,0.298272,0.040579,0.000817,1.229792,-0.206824,-0.083484,0.000000,16.041748,0.091448,-0.042906,0.000817,1.000000,0.262461,0.009155,1.000000,-0.041768,0.103402,0.409931
19.882000,9.710000,16.537396,0.164291,0.096171,0.000983,662.314058,726.389500,696.656859,694.900878,0.593060,0.372584,0.176645,0.000983,1.229335,-0.208293,-0.080474,0.000000,16.537396,0.164291,0.096171,0.000983,1.000000,0.273304,0.020520,1.000000,-0.040262,0.104137,0.409778
19.903000,9.731000,16.352001,0.146040,-0.033077,0.001528,681.617433,700.231764,711.825791,671.721388,0.408208,0.355665,0.044438,0.001528,1.228793,-0.209625,-0.077516,0.000000,16.352001,0.146040,-0.033077,0.001528,1.000000,0.265719,0.014514,1.000000,-0.038781,0.104804,0.409598
19.922000,9.750000,16.308489,0.142069,0.002636,0.001895,675.039624,704.518000,704.987007,677.282564,0.365174,0.352921,0.077118,0.001895,1.228315,-0.210852,-0.074482,0.000000,16.308489,0.142069,0.002636,0.001895,1.000000,0.268568,0.014384,1.000000,-0.037262,0.105419,0.409438
19.943000,9.771000,16.051946,0.119647,-0.051763,0.001479,680.976510,688.255147,705.993242,664.741936,0.109202,0.331593,0.019722,0.001479,1.227744,-0.211946,-0.071485,0.000000,16.051946,0.119647,-0.051763,0.001479,1.000000,0.268016,0.011154,1.000000,-0.035761,0.105967,0.409248
19.965000,9.793000,16.255467,0.101697,0.041857,0.001021,671.812858,706.004389,693.256888,686.411093,0.313018,0.314655,0.110108,0.001021,1.227449,-0.212957,-0.068251,0.000000,16.255467,0.101697,0.041857,0.001021,1.000000,0.280267,0.012093,1.000000,-0.034143,0.106473,0.409150
19.987000,9.815000,16.228953,0.086959,0.055545,0.000666,670.593242,706.310758,688.863736,689.445462,0.286723,0.300830,0.120480,0.000666,1.227230,-0.213871,-0.064935,0.000000,16.228953,0.086959,0.055545,0.000666,1.000000,0.283276,0.011324,1.000000,-0.032483,0.106931,0.409077
20.002000,9.830000,15.879929,0.097136,0.042106,-0.000402,664.522087,698.288629,684.303419,678.337950,-0.061944,0.311791,0.103795,-0.000402,1.226873,-0.214654,-0.061689,0.000000,15.879929,0.097136,0.042106,-0.000402,1.000000,0.277875,0.010837,1.000000,-0.030860,0.107323,0.408958
20.025000,9.853000,16.048362,0.106722,0.051171,-0.001354,666.020243,704.551661,687.059465,682.119090,0.106180,0.322037,0.109108,-0.001354,1.227182,-0.215315,-0.057936,0.000000,16.048362,0.106722,0.051171,-0.001354,1.000000,0.317360,0.011674,1.000000,-0.028985,0.107653,0.409061
20.045000,9.873000,15.328422,0.074247,-0.025572,-0.001652,666.673764,673.575906,680.881254,656.763251,-0.613252,0.290089,0.029140,-0.001652,1.226674,-0.215842,-0.054712,0.000000,15.328422,0.074247,-0.025572,-0.001652,1.000000,0.278882,0.012261,1.000000,-0.027374,0.107917,0.408891
20.072000,9.900000,14.845944,0.156529,0.023550,-0.001698,638.636278,679.799214,670.728166,645.597861,-1.094296,0.372748,0.075636,-0.001698,1.225240,-0.216219,-0.052086,0.000000,14.845944,0.156529,0.023550,-0.001698,1.000000,0.237308,0.026441,1.000000,-0.026063,0.108105,0.408413
20.084000,9.912000,15.181361,0.176703,0.013536,-0.001494,645.766125,687.305292,681.793549,649.344150,-0.758405,0.393223,0.062310,-0.001494,1.224766,-0.216520,-0.048774,0.000000,15.181361,0.176703,0.013536,-0.001494,1.000000,0.274257,0.021603,1.000000,-0.024407,0.108255,0.408255
20.103000,9.931000,15.379777,0.154914,0.071842,-0.000997,642.264735,698.584163,674.332822,666.224065,-0.559665,0.371643,0.117173,-0.000997,1.224441,-0.216729,-0.045331,0.000000,15.379777,0.154914,0.071842,-0.000997,1.000000,0.277933,0.018317,1.000000,-0.022687,0.108360,0.408147
20.122000,9.950000,15.206903,0.172673,0.058267,-0.000329,638.528600,694.292674,674.911878,658.493276,-0.732180,0.389488,0.100149,-0.000329,1.224083,-0.216816,-0.041882,0.000000,15.206903,0.172673,0.058267,-0.000329,1.000000,0.277954,0.021534,1.000000,-0.020962,0.108404,0.408028
20.149000,9.977000,14.997357,0.070543,0.024554,0.000052,650.554057,673.730615,665.519706,659.028268,-0.941686,0.287265,0.062722,0.000052,1.224044,-0.216721,-0.038169,0.000000,14.997357,0.070543,0.024554,0.000052,1.000000,0.310073,0.017513,1.000000,-0.019105,0.108357,0.408015
20.172000,10.000000,15.077390,0.148661,0.087585,0.000087,632.840127,693.753229,664.810218,663.308002,-0.861773,0.365197,0.121911,0.000087,1.224163,-0.216536,-0.034326,0.000000,15.077390,0.148661,0.087585,0.000087,1.000000,0.310498,0.022250,1.000000,-0.017182,0.108265,0.408054
20.189000,10.017000,14.769268,0.145452,0.043057,0.000364,633.885458,679.468523,665.327229,649.259696,-1.169531,0.361728,0.073844,0.000364,1.223799,-0.216276,-0.030787,0.000000,14.769268,0.145452,0.043057,0.000364,1.000000,0.286440,0.027308,1.000000,-0.015412,0.108135,0.407933
