t,t_rel,x,y,z,phi,theta,psi,vx,vy,vz,p,q,r,ref_x,ref_y,ref_z,ref_phi,ref_theta,ref_psi,ref_vx,ref_vy,ref_vz,ref_p,ref_q,ref_r,err_x,err_y,err_z,err_phi,err_theta,err_psi,err_vx,err_vy,err_vz,err_3d,err_vel_3d
10.172000,0.000000,-0.000000,0.000000,1.018007,0.000000,0.000000,-0.000000,-0.000000,0.000000,0.066795,-0.000000,-0.000000,0.000000,0.000000,0.000000,1.000000,0.000000,0.000000,0.000000,0.000074,0.000000,0.000074,0.000000,0.000000,0.000000,-0.000000,0.000000,0.018007,0.000000,0.000000,0.000000,-0.000074,0.000000,0.066721,0.018007,0.066721
10.180000,0.008000,-0.000000,0.000000,1.018675,-0.000000,0.000000,-0.000000,-0.000000,0.000000,0.068036,-0.000000,-0.000000,0.000000,0.000000,0.000000,1.000000,0.000000,0.000000,0.000000,0.000074,0.000000,0.000074,0.000000,0.000000,0.000000,-0.000000,0.000000,0.018675,0.000000,0.000000,0.000000,-0.000074,0.000000,0.067962,0.018675,0.067962
10.191000,0.019000,-0.000000,0.000000,1.018126,-0.000000,0.000000,-0.000000,-0.000000,0.000000,0.065906,-0.000000,0.007623,0.000000,0.000000,0.000000,1.000000,0.000000,0.000000,0.000000,0.000074,0.000000,0.000074,0.000000,0.000000,0.000000,-0.000000,0.000000,0.018126,0.000000,0.000000,0.000000,-0.000074,0.000000,0.065832,0.018126,0.065832
10.201000,0.029000,-0.000000,0.000000,1.018399,-0.000000,0.000019,-0.000000,-0.000000,0.000000,0.066216,-0.000001,0.009839,0.000000,0.000003,0.000000,1.000003,0.000000,0.000000,0.000000,0.000268,0.000000,0.000268,0.000000,0.000000,0.000000,-0.000003,0.000000,0.018396,0.000000,0.000019,0.000000,-0.000268,0.000000,0.065948,0.018396,0.065949
10.210000,0.038000,-0.000000,0.000000,1.019061,-0.000000,0.000117,-0.000000,0.000002,0.000000,0.067834,-0.000001,0.015958,0.000000,0.000003,0.000000,1.000003,0.000000,0.000000,0.000000,0.000268,0.000000,0.000268,0.000000,0.000000,0.000000,-0.000003,0.000000,0.019058,0.000000,0.000117,0.000000,-0.000266,0.000000,0.067566,0.019058,0.067567
10.220000,0.048000,-0.000000,0.000000,1.018748,-0.000000,0.000126,-0.000000,0.000007,0.000000,0.066569,-0.000005,0.012528,0.000000,0.000012,0.000000,1.000012,0.000000,0.000000,0.000000,0.000625,0.000000,0.000622,0.000000,0.000000,0.000000,-0.000012,0.000000,0.018736,0.000000,0.000126,0.000000,-0.000618,0.000000,0.065947,0.018736,0.065950
10.233000,0.061000,0.000000,0.000000,1.018679,-0.000000,0.000269,-0.000000,0.000025,0.000000,0.065725,-0.000025,0.017920,0.000000,0.000012,0.000000,1.000012,0.000000,0.000000,0.000000,0.000625,0.000000,0.000622,0.000000,0.000000,0.000000,-0.000012,0.000000,0.018667,0.000000,0.000269,0.000000,-0.000600,0.000000,0.065103,0.018667,0.065106
10.240000,0.068000,0.000000,0.000000,1.019336,-0.000001,0.000448,-0.000000,0.000052,0.000001,0.067019,-0.000025,0.022033,0.000000,0.000029,0.000000,1.000029,0.000000,0.000000,0.000000,0.001128,0.000000,0.001119,0.000000,0.000000,0.000000,-0.000029,0.000000,0.019307,-0.000001,0.000448,0.000000,-0.001076,0.000001,0.065900,0.019307,0.065909
10.250000,0.078000,0.000001,0.000000,1.019168,-0.000001,0.000664,-0.000000,0.000097,0.000001,0.066324,-0.000050,0.026005,0.000000,0.000029,0.000000,1.000029,0.000000,0.000000,0.000000,0.001128,0.000000,0.001119,0.000000,0.000000,0.000000,-0.000028,0.000000,0.019139,-0.000001,0.000664,0.000000,-0.001031,0.000001,0.065205,0.019139,0.065213
10.260000,0.088000,0.000002,0.000000,1.019256,-0.000002,0.000928,-0.000000,0.000166,0.000001,0.066392,-0.000083,0.030663,0.000000,0.000029,0.000000,1.000029,0.000000,0.000000,0.000000,0.001128,0.000000,0.001119,0.000000,0.000000,0.000000,-0.000027,0.000000,0.019227,-0.000002,0.000928,0.000000,-0.000962,0.000001,0.065273,0.019227,0.065280
10.272000,0.100000,0.000005,0.000000,1.019288,-0.000004,0.001268,-0.000000,0.000281,0.000001,0.066261,-0.000134,0.034915,0.000000,0.000062,0.000000,1.000061,0.000000,0.000000,0.000000,0.001851,0.000000,0.001827,0.000000,0.000000,0.000000,-0.000057,0.000000,0.019227,-0.000004,0.001268,0.000000,-0.001570,0.000001,0.064434,0.019227,0.064453
10.281000,0.109000,0.000010,0.000000,1.019620,-0.000007,0.001660,-0.000000,0.000429,0.000002,0.067000,-0.000206,0.040149,0.000000,0.000062,0.000000,1.000061,0.000000,0.000000,0.000000,0.001851,0.000000,0.001827,0.000000,0.000000,0.000000,-0.000052,0.000000,0.019559,-0.000007,0.001660,0.000000,-0.001422,0.000002,0.065173,0.019559,0.065189
10.291000,0.119000,0.000014,0.000000,1.020290,-0.000009,0.002061,-0.000000,0.000595,0.000002,0.068849,-0.000164,0.041567,0.000000,0.000104,0.000000,1.000103,0.000000,0.000000,0.000000,0.002616,0.000000,0.002567,0.000000,0.000000,0.000000,-0.000090,0.000000,0.020187,-0.000009,0.002061,0.000000,-0.002021,0.000002,0.066282,0.020187,0.066313
10.300000,0.128000,0.000024,0.000000,1.019849,-0.000013,0.002497,0.000000,0.000829,0.000003,0.067411,-0.000290,0.043603,0.000001,0.000162,0.000000,1.000160,0.000000,0.000000,0.000000,0.003510,0.000000,0.003422,0.000000,0.000000,0.000000,-0.000138,0.000000,0.019689,-0.000013,0.002497,0.000000,-0.002681,0.000003,0.063989,0.019689,0.064045
10.310000,0.138000,0.000032,0.000000,1.020523,-0.000016,0.002933,0.000000,0.001078,0.000005,0.068917,-0.000195,0.040298,0.000001,0.000162,0.000000,1.000160,0.000000,0.000000,0.000000,0.003510,0.000000,0.003422,0.000000,0.000000,0.000000,-0.000130,0.000000,0.020363,-0.000016,0.002933,0.000000,-0.002432,0.000005,0.065495,0.020363,0.065540
10.324000,0.152000,0.000048,0.000000,1.020185,-0.000022,0.003415,0.000000,0.001407,0.000007,0.067432,-0.000383,0.041418,0.000002,0.000257,0.000000,1.000252,0.000000,0.000000,0.000000,0.004761,0.000000,0.004599,0.000000,0.000000,0.000000,-0.000209,0.000000,0.019933,-0.000022,0.003415,0.000000,-0.003354,0.000007,0.062833,0.019934,0.062922
10.331000,0.159000,0.000062,0.000001,1.020859,-0.000026,0.003829,0.000000,0.001748,0.000009,0.069056,-0.000253,0.037956,0.000002,0.000257,0.000000,1.000252,0.000000,0.000000,0.000000,0.004761,0.000000,0.004599,0.000000,0.000000,0.000000,-0.000195,0.000001,0.020607,-0.000026,0.003829,0.000000,-0.003013,0.000009,0.064457,0.020608,0.064527
10.340000,0.168000,0.000079,0.000001,1.020687,-0.000034,0.004288,0.000000,0.002130,0.000012,0.068166,-0.000453,0.039593,0.000003,0.000257,0.000000,1.000252,0.000000,0.000000,0.000000,0.004761,0.000000,0.004599,0.000000,0.000000,0.000000,-0.000178,0.000001,0.020435,-0.000034,0.004288,0.000000,-0.002631,0.000012,0.063567,0.020436,0.063621
10.350000,0.178000,0.000101,0.000001,1.020792,-0.000041,0.004699,0.000000,0.002562,0.000015,0.068251,-0.000474,0.037864,0.000004,0.000364,0.000000,1.000355,0.000000,0.000000,0.000000,0.005997,0.000000,0.005739,0.000000,0.000000,0.000000,-0.000263,0.000001,0.020437,-0.000041,0.004699,0.000000,-0.003435,0.000015,0.062512,0.020439,0.062606
10.360000,0.188000,0.000139,0.000001,1.020858,-0.000048,0.005092,0.000000,0.003088,0.000020,0.068217,-0.000548,0.035247,0.000005,0.000483,0.000000,1.000468,0.000000,0.000000,0.000000,0.007224,0.000000,0.006849,0.000000,0.000000,0.000000,-0.000344,0.000001,0.020390,-0.000048,0.005092,0.000000,-0.004136,0.000020,0.061368,0.020393,0.061507
10.371000,0.199000,0.000184,0.000001,1.021223,-0.000057,0.005457,0.000000,0.003657,0.000025,0.069369,-0.000484,0.031848,0.000006,0.000483,0.000000,1.000468,0.000000,0.000000,0.000000,0.007224,0.000000,0.006849,0.000000,0.000000,0.000000,-0.000299,0.000001,0.020755,-0.000057,0.005457,0.000000,-0.003567,0.000025,0.062520,0.020757,0.062622
10.381000,0.209000,0.000232,0.000002,1.021487,-0.000067,0.005773,0.000000,0.004253,0.000032,0.070188,-0.000580,0.027330,0.000006,0.000642,0.000000,1.000618,0.000000,0.000000,0.000000,0.008713,0.000000,0.008166,0.000000,0.000000,0.000000,-0.000410,0.000002,0.020869,-0.000067,0.005773,0.000000,-0.004460,0.000032,0.062022,0.020873,0.062182
10.390000,0.218000,0.000274,0.000002,1.022189,-0.000072,0.006047,0.000000,0.004831,0.000039,0.072241,-0.000201,0.025027,0.000005,0.000642,0.000000,1.000618,0.000000,0.000000,0.000000,0.008713,0.000000,0.008166,0.000000,0.000000,0.000000,-0.000368,0.000002,0.021571,-0.000072,0.006047,0.000000,-0.003882,0.000039,0.064075,0.021574,0.064193
10.401000,0.229000,0.000323,0.000002,1.021731,-0.000086,0.006287,0.000000,0.005440,0.000047,0.070862,-0.000559,0.021993,0.000004,0.000822,0.000000,1.000786,0.000000,0.000000,0.000000,0.010246,0.000000,0.009486,0.000000,0.000000,0.000000,-0.000499,0.000002,0.020945,-0.000086,0.006287,0.000000,-0.004806,0.000047,0.061376,0.020951,0.061564
10.410000,0.238000,0.000394,0.000003,1.022079,-0.000096,0.006495,0.000000,0.006132,0.000056,0.071532,-0.000639,0.019938,0.000002,0.000822,0.000000,1.000786,0.000000,0.000000,0.000000,0.010246,0.000000,0.009486,0.000000,0.000000,0.000000,-0.000428,0.000003,0.021293,-0.000096,0.006495,0.000000,-0.004114,0.000056,0.062046,0.021297,0.062182
10.420000,0.248000,0.000455,0.000004,1.022794,-0.000102,0.006694,0.000000,0.006780,0.000066,0.073261,-0.000333,0.019701,0.000000,0.001044,0.000000,1.000990,0.000000,0.000000,0.000000,0.011980,0.000000,0.010938,0.000000,0.000000,0.000000,-0.000589,0.000004,0.021804,-0.000102,0.006694,0.000000,-0.005200,0.000066,0.062323,0.021812,0.062540
10.431000,0.259000,0.000521,0.000004,1.022372,-0.000117,0.006860,0.000000,0.007443,0.000077,0.071956,-0.000495,0.019126,-0.000000,0.001044,0.000000,1.000990,0.000000,0.000000,0.000000,0.011980,0.000000,0.010938,0.000000,0.000000,0.000000,-0.000523,0.000004,0.021382,-0.000117,0.006860,0.000000,-0.004537,0.000077,0.061018,0.021388,0.061186
10.440000,0.268000,0.000616,0.000005,1.022738,-0.000123,0.007059,0.000000,0.008208,0.000090,0.072971,0.000078,0.020518,-0.000001,0.001302,0.000000,1.001223,0.000000,0.000000,0.000000,0.013835,0.000000,0.012440,0.000000,0.000000,0.000000,-0.000686,0.000005,0.021515,-0.000123,0.007059,0.000000,-0.005627,0.000090,0.060531,0.021526,0.060792
10.450000,0.278000,0.000713,0.000007,1.023023,-0.000141,0.007226,0.000000,0.008972,0.000105,0.073844,-0.000550,0.019512,-0.000007,0.001302,0.000000,1.001223,0.000000,0.000000,0.000000,0.013835,0.000000,0.012440,0.000000,0.000000,0.000000,-0.000589,0.000007,0.021800,-0.000141,0.007226,0.000000,-0.004863,0.000105,0.061404,0.021808,0.061596
10.460000,0.288000,0.000814,0.000008,1.023285,-0.000153,0.007421,0.000000,0.009739,0.000120,0.074624,-0.000559,0.020980,-0.000011,0.001614,0.000000,1.001502,0.000000,0.000000,0.000000,0.015907,0.000000,0.014053,0.000000,0.000000,0.000000,-0.000800,0.000008,0.021783,-0.000153,0.007421,0.000000,-0.006168,0.000120,0.060571,0.021798,0.060884
10.471000,0.299000,0.000920,0.000009,1.023543,-0.000166,0.007631,-0.000000,0.010516,0.000136,0.075243,-0.000498,0.022393,-0.000011,0.001614,0.000000,1.001502,0.000000,0.000000,0.000000,0.015907,0.000000,0.014053,0.000000,0.000000,0.000000,-0.000694,0.000009,0.022041,-0.000166,0.007631,0.000000,-0.005391,0.000136,0.061190,0.022052,0.061427
10.480000,0.308000,0.001032,0.000011,1.023802,-0.000179,0.007856,-0.000000,0.011309,0.000154,0.075849,-0.000540,0.023962,-0.000012,0.001953,0.000000,1.001798,0.000000,0.000000,0.000000,0.017994,0.000000,0.015610,0.000000,0.000000,0.000000,-0.000921,0.000011,0.022004,-0.000179,0.007856,0.000000,-0.006685,0.000154,0.060239,0.022023,0.060609
10.491000,0.319000,0.001151,0.000012,1.024066,-0.000193,0.008097,-0.000000,0.012122,0.000173,0.076422,-0.000533,0.024760,-0.000010,0.001953,0.000000,1.001798,0.000000,0.000000,0.000000,0.017994,0.000000,0.015610,0.000000,0.000000,0.000000,-0.000802,0.000012,0.022268,-0.000193,0.008097,0.000000,-0.005872,0.000173,0.060812,0.022282,0.061095
10.501000,0.329000,0.001278,0.000014,1.024334,-0.000207,0.008353,-0.000001,0.012957,0.000193,0.076992,-0.000586,0.026144,-0.000007,0.002335,0.000000,1.002126,0.000000,0.000000,0.000000,0.020187,0.000000,0.017170,0.000000,0.000000,0.000000,-0.001057,0.000014,0.022208,-0.000207,0.008353,-0.000001,-0.007230,0.000193,0.059822,0.022233,0.060258
10.510000,0.338000,0.001408,0.000016,1.025103,-0.000213,0.008614,-0.000001,0.013794,0.000214,0.079008,0.000290,0.026248,-0.000004,0.002335,0.000000,1.002126,0.000000,0.000000,0.000000,0.020187,0.000000,0.017170,0.000000,0.000000,0.000000,-0.000927,0.000016,0.022977,-0.000213,0.008614,-0.000001,-0.006393,0.000214,0.061838,0.022996,0.062168
10.523000,0.351000,0.001504,0.000018,1.024654,-0.000238,0.008872,-0.000001,0.014505,0.000236,0.077425,-0.000595,0.026845,-0.000000,0.002761,0.000000,1.002485,0.000000,0.000000,0.000000,0.022479,0.000000,0.018718,0.000000,0.000000,0.000000,-0.001257,0.000018,0.022169,-0.000238,0.008872,-0.000001,-0.007974,0.000236,0.058707,0.022205,0.059247
10.535000,0.363000,0.001680,0.000021,1.025079,-0.000254,0.009159,-0.000001,0.015507,0.000262,0.078135,-0.000922,0.026925,0.000005,0.003210,0.000000,1.002854,0.000000,0.000000,0.000000,0.024745,0.000000,0.020161,0.000000,0.000000,0.000000,-0.001530,0.000021,0.022225,-0.000254,0.009159,-0.000001,-0.009238,0.000262,0.057974,0.022278,0.058706
10.543000,0.371000,0.001855,0.000024,1.025418,-0.000273,0.009444,-0.000001,0.016498,0.000289,0.078569,-0.001121,0.027079,0.000007,0.003210,0.000000,1.002854,0.000000,0.000000,0.000000,0.024745,0.000000,0.020161,0.000000,0.000000,0.000000,-0.001355,0.000024,0.022564,-0.000273,0.009444,-0.000001,-0.008247,0.000289,0.058408,0.022605,0.058988
10.551000,0.379000,0.002032,0.000027,1.025729,-0.000293,0.009727,-0.000001,0.017494,0.000319,0.079413,-0.000890,0.027769,0.000007,0.003210,0.000000,1.002854,0.000000,0.000000,0.000000,0.024745,0.000000,0.020161,0.000000,0.000000,0.000000,-0.001178,0.000027,0.022875,-0.000293,0.009727,-0.000001,-0.007251,0.000319,0.059252,0.022905,0.059695
10.560000,0.388000,0.002207,0.000031,1.026523,-0.000302,0.010005,-0.000001,0.018470,0.000348,0.081651,0.000183,0.027883,0.000008,0.003729,0.000000,1.003272,0.000000,0.000000,0.000000,0.027217,0.000000,0.021636,0.000000,0.000000,0.000000,-0.001522,0.000031,0.023251,-0.000302,0.010005,-0.000001,-0.008747,0.000348,0.060015,0.023301,0.060650
10.573000,0.401000,0.002336,0.000033,1.026106,-0.000337,0.010263,-0.000001,0.019268,0.000377,0.080078,-0.000740,0.025711,0.000007,0.003729,0.000000,1.003272,0.000000,0.000000,0.000000,0.027217,0.000000,0.021636,0.000000,0.000000,0.000000,-0.001393,0.000033,0.022834,-0.000337,0.010263,-0.000001,-0.007949,0.000377,0.058442,0.022876,0.058981
10.583000,0.411000,0.002569,0.000038,1.026565,-0.000360,0.010544,-0.000001,0.020445,0.000415,0.081085,-0.000677,0.024705,0.000013,0.004299,0.000000,1.003719,0.000000,0.000000,0.000000,0.029771,0.000000,0.023048,0.000000,0.000000,0.000000,-0.001730,0.000038,0.022846,-0.000360,0.010544,-0.000001,-0.009326,0.000415,0.058037,0.022911,0.058783
10.590000,0.418000,0.002797,0.000043,1.026939,-0.000382,0.010808,-0.000001,0.021592,0.000454,0.081864,-0.000524,0.023876,0.000017,0.004299,0.000000,1.003719,0.000000,0.000000,0.000000,0.029771,0.000000,0.023048,0.000000,0.000000,0.000000,-0.001502,0.000043,0.023220,-0.000382,0.010808,-0.000001,-0.008179,0.000454,0.058816,0.023269,0.059384
10.602000,0.430000,0.003027,0.000048,1.027284,-0.000403,0.011054,-0.000001,0.022729,0.000495,0.082540,-0.000448,0.022510,0.000020,0.004953,0.000000,1.004218,0.000000,0.000000,0.000000,0.032535,0.000000,0.024447,0.000000,0.000000,0.000000,-0.001926,0.000048,0.023066,-0.000403,0.011054,-0.000001,-0.009806,0.000495,0.058093,0.023146,0.058917
10.610000,0.438000,0.003263,0.000053,1.027623,-0.000424,0.011284,-0.000000,0.023869,0.000537,0.083193,-0.000298,0.023000,0.000019,0.004953,0.000000,1.004218,0.000000,0.000000,0.000000,0.032535,0.000000,0.024447,0.000000,0.000000,0.000000,-0.001690,0.000053,0.023405,-0.000424,0.011284,0.000000,-0.008666,0.000537,0.058746,0.023466,0.059384
10.625000,0.453000,0.003507,0.000059,1.027963,-0.000427,0.011516,-0.000000,0.025021,0.000581,0.083830,0.001305,0.023405,0.000015,0.005737,0.000000,1.004797,0.000000,0.000000,0.000000,0.035650,0.000000,0.025855,0.000000,0.000000,0.000000,-0.002230,0.000059,0.023166,-0.000427,0.011516,0.000000,-0.010629,0.000581,0.057975,0.023273,0.058944
10.631000,0.459000,0.003757,0.000065,1.028801,-0.000462,0.011718,-0.000000,0.026170,0.000626,0.085617,-0.000082,0.019681,0.000012,0.005737,0.000000,1.004797,0.000000,0.000000,0.000000,0.035650,0.000000,0.025855,0.000000,0.000000,0.000000,-0.001980,0.000065,0.024004,-0.000462,0.011718,0.000000,-0.009480,0.000626,0.059762,0.024086,0.060512
10.640000,0.468000,0.003861,0.000068,1.028523,-0.000462,0.011867,-0.000000,0.026766,0.000659,0.084111,0.001603,0.018010,0.000008,0.006325,0.000000,1.005218,0.000000,0.000000,0.000000,0.037866,0.000000,0.026746,0.000000,0.000000,0.000000,-0.002464,0.000068,0.023305,-0.000462,0.011867,0.000000,-0.011100,0.000659,0.057365,0.023435,0.058433
10.650000,0.478000,0.004075,0.000073,1.028723,-0.000498,0.012069,-0.000000,0.027752,0.000703,0.083705,0.000057,0.019736,0.000011,0.006325,0.000000,1.005218,0.000000,0.000000,0.000000,0.037866,0.000000,0.026746,0.000000,0.000000,0.000000,-0.002250,0.000073,0.023505,-0.000498,0.012069,0.000000,-0.010114,0.000703,0.056959,0.023613,0.057854
10.662000,0.490000,0.004418,0.000082,1.028972,-0.000519,0.012278,-0.000000,0.029189,0.000760,0.083450,0.000006,0.018460,0.000008,0.007110,0.000000,1.005763,0.000000,0.000000,0.000000,0.040686,0.000000,0.027742,0.000000,0.000000,0.000000,-0.002692,0.000082,0.023209,-0.000519,0.012278,0.000000,-0.011497,0.000760,0.055708,0.023365,0.056887
10.670000,0.498000,0.004710,0.000090,1.029807,-0.000519,0.012462,-0.000000,0.030416,0.000812,0.085292,0.001875,0.017550,0.000005,0.007110,0.000000,1.005763,0.000000,0.000000,0.000000,0.040686,0.000000,0.027742,0.000000,0.000000,0.000000,-0.002400,0.000090,0.024044,-0.000519,0.012462,0.000000,-0.010270,0.000812,0.057550,0.024164,0.058465
10.682000,0.510000,0.005036,0.000099,1.029730,-0.000557,0.012640,-0.000000,0.031741,0.000870,0.084421,0.000075,0.016485,0.000003,0.007996,0.000000,1.006355,0.000000,0.000000,0.000000,0.043699,0.000000,0.028631,0.000000,0.000000,0.000000,-0.002960,0.000099,0.023375,-0.000557,0.012640,0.000000,-0.011958,0.000870,0.055790,0.023562,0.057064
10.690000,0.518000,0.005434,0.000110,1.030277,-0.000577,0.012824,-0.000000,0.033295,0.000934,0.085235,-0.000548,0.017204,0.000001,0.007996,0.000000,1.006355,0.000000,0.000000,0.000000,0.043699,0.000000,0.028631,0.000000,0.000000,0.000000,-0.002562,0.000110,0.023922,-0.000577,0.012824,0.000000,-0.010404,0.000934,0.056604,0.024059,0.057560
10.704000,0.532000,0.005812,0.000121,1.030716,-0.000598,0.012990,-0.000000,0.034738,0.000998,0.085636,0.000556,0.014125,0.000003,0.008853,0.000000,1.006906,0.000000,0.000000,0.000000,0.046465,0.000000,0.029283,0.000000,0.000000,0.000000,-0.003041,0.000121,0.023810,-0.000598,0.012990,0.000000,-0.011727,0.000998,0.056353,0.024004,0.057569
10.711000,0.539000,0.006182,0.000132,1.031112,-0.000624,0.013148,-0.000000,0.036114,0.001061,0.085900,0.000276,0.013784,0.000015,0.008853,0.000000,1.006906,0.000000,0.000000,0.000000,0.046465,0.000000,0.029283,0.000000,0.000000,0.000000,-0.002671,0.000132,0.024206,-0.000624,0.013148,0.000000,-0.010351,0.001061,0.056617,0.024353,0.057565
10.721000,0.549000,0.006552,0.000143,1.031492,-0.000651,0.013298,-0.000000,0.037460,0.001126,0.086111,0.000113,0.013374,0.000033,0.009911,0.000000,1.007556,0.000000,0.000000,0.000000,0.049704,0.000000,0.029838,0.000000,0.000000,0.000000,-0.003359,0.000143,0.023936,-0.000651,0.013298,0.000000,-0.012244,0.001126,0.056273,0.024171,0.057601
10.730000,0.558000,0.006927,0.000154,1.032353,-0.000650,0.013432,0.000000,0.038784,0.001191,0.087574,0.002533,0.012443,0.000029,0.009911,0.000000,1.007556,0.000000,0.000000,0.000000,0.049704,0.000000,0.029838,0.000000,0.000000,0.000000,-0.002984,0.000154,0.024797,-0.000650,0.013432,0.000000,-0.010920,0.001191,0.057736,0.024976,0.058772
10.741000,0.569000,0.007168,0.000162,1.031970,-0.000703,0.013530,0.000001,0.039590,0.001245,0.085383,-0.000122,0.012608,0.000050,0.010934,0.000000,1.008156,0.000000,0.000000,0.000000,0.052676,0.000000,0.030142,0.000000,0.000000,0.000000,-0.003766,0.000162,0.023814,-0.000703,0.013530,0.000001,-0.013086,0.001245,0.055241,0.024110,0.056783
10.754000,0.582000,0.007637,0.000177,1.032499,-0.000730,0.013673,0.000001,0.041196,0.001325,0.085519,-0.000825,0.011431,0.000055,0.010934,0.000000,1.008156,0.000000,0.000000,0.000000,0.052676,0.000000,0.030142,0.000000,0.000000,0.000000,-0.003297,0.000177,0.024343,-0.000730,0.013673,0.000001,-0.011480,0.001325,0.055377,0.024566,0.056570
10.762000,0.590000,0.008087,0.000192,1.032928,-0.000760,0.013796,0.000002,0.042692,0.001404,0.085358,-0.001096,0.010497,0.000056,0.012185,0.000000,1.008851,0.000000,0.000000,0.000000,0.056115,0.000000,0.030237,0.000000,0.000000,0.000000,-0.004098,0.000192,0.024077,-0.000760,0.013796,0.000002,-0.013423,0.001404,0.055121,0.024424,0.056749
10.773000,0.601000,0.008531,0.000207,1.033318,-0.000794,0.013905,0.000002,0.044125,0.001483,0.085351,0.000248,0.009639,0.000048,0.012185,0.000000,1.008851,0.000000,0.000000,0.000000,0.056115,0.000000,0.030237,0.000000,0.000000,0.000000,-0.003654,0.000207,0.024467,-0.000794,0.013905,0.000002,-0.011990,0.001483,0.055114,0.024739,0.056423
10.782000,0.610000,0.008973,0.000222,1.034171,-0.000792,0.014001,0.000003,0.045508,0.001562,0.086706,0.003666,0.008866,0.000033,0.013220,0.000000,1.009395,0.000000,0.000000,0.000000,0.058815,0.000000,0.030109,0.000000,0.000000,0.000000,-0.004247,0.000222,0.024776,-0.000792,0.014001,0.000003,-0.013307,0.001562,0.056597,0.025138,0.058161
10.790000,0.618000,0.009257,0.000232,1.033796,-0.000866,0.014042,0.000003,0.046280,0.001627,0.084322,-0.000279,0.008493,0.000036,0.013220,0.000000,1.009395,0.000000,0.000000,0.000000,0.058815,0.000000,0.030109,0.000000,0.000000,0.000000,-0.003963,0.000232,0.024401,-0.000866,0.014042,0.000003,-0.012535,0.001627,0.054213,0.024722,0.055667
10.801000,0.629000,0.009804,0.000252,1.034316,-0.000901,0.014144,0.000004,0.047980,0.001726,0.084596,0.000120,0.007301,0.000019,0.014303,0.000000,1.009934,0.000000,0.000000,0.000000,0.061515,0.000000,0.029795,0.000000,0.000000,0.000000,-0.004499,0.000252,0.024382,-0.000901,0.014144,0.000004,-0.013535,0.001726,0.054801,0.024795,0.056474
10.811000,0.639000,0.010327,0.000271,1.034737,-0.000933,0.014227,0.000004,0.049542,0.001824,0.084581,0.000985,0.006690,0.000005,0.014303,0.000000,1.009934,0.000000,0.000000,0.000000,0.061515,0.000000,0.029795,0.000000,0.000000,0.000000,-0.003976,0.000271,0.024803,-0.000933,0.014227,0.000004,-0.011973,0.001824,0.054786,0.025121,0.056109
10.821000,0.649000,0.010841,0.000291,1.035118,-0.000959,0.014295,0.000004,0.051018,0.001921,0.084451,0.001515,0.006036,-0.000013,0.015499,0.000000,1.010495,0.000000,0.000000,0.000000,0.064360,0.000000,0.029253,0.000000,0.000000,0.000000,-0.004658,0.000291,0.024623,-0.000959,0.014295,0.000004,-0.013342,0.001921,0.055198,0.025061,0.056820
10.832000,0.660000,0.011355,0.000311,1.035482,-0.000980,0.014353,0.000003,0.052448,0.002019,0.084011,0.001866,0.004912,-0.000022,0.016883,0.000000,1.011101,0.000000,0.000000,0.000000,0.067488,0.000000,0.028391,0.000000,0.000000,0.000000,-0.005528,0.000311,0.024381,-0.000980,0.014353,0.000003,-0.015040,0.002019,0.055620,0.025002,0.057653
10.840000,0.668000,0.011876,0.000331,1.035835,-0.000995,0.014401,0.000003,0.053857,0.002118,0.083548,0.002360,0.004132,-0.000033,0.016883,0.000000,1.011101,0.000000,0.000000,0.000000,0.067488,0.000000,0.028391,0.000000,0.000000,0.000000,-0.005007,0.000331,0.024734,-0.000995,0.014401,0.000003,-0.013631,0.002118,0.055157,0.025238,0.056856
10.850000,0.678000,0.012415,0.000352,1.036670,-0.000972,0.014442,0.000003,0.055281,0.002217,0.084357,0.005880,0.003143,-0.000029,0.016883,0.000000,1.011101,0.000000,0.000000,0.000000,0.067488,0.000000,0.028391,0.000000,0.000000,0.000000,-0.004468,0.000352,0.025569,-0.000972,0.014442,0.000003,-0.012207,0.002217,0.055966,0.025959,0.057325
10.860000,0.688000,0.012609,0.000361,1.036387,-0.001013,0.014380,0.000002,0.055417,0.002268,0.081894,0.002770,0.002735,-0.000036,0.018192,0.000000,1.011631,0.000000,0.000000,0.000000,0.070297,0.000000,0.027367,0.000000,0.000000,0.000000,-0.005583,0.000361,0.024756,-0.001013,0.014380,0.000002,-0.014880,0.002268,0.054527,0.025380,0.056566
10.871000,0.699000,0.013201,0.000386,1.036507,-0.001018,0.014414,0.000002,0.056971,0.002376,0.080266,0.001661,0.001465,-0.000036,0.018192,0.000000,1.011631,0.000000,0.000000,0.000000,0.070297,0.000000,0.027367,0.000000,0.000000,0.000000,-0.004991,0.000386,0.024876,-0.001018,0.014414,0.000002,-0.013326,0.002376,0.052899,0.025375,0.054603
10.882000,0.710000,0.013911,0.000416,1.037024,-0.001029,0.014467,0.000001,0.058899,0.002499,0.079831,0.001244,0.000460,-0.000035,0.019627,0.000000,1.012166,0.000000,0.000000,0.000000,0.073224,0.000000,0.026031,0.000000,0.000000,0.000000,-0.005716,0.000416,0.024858,-0.001029,0.014467,0.000001,-0.014325,0.002499,0.053800,0.025510,0.055731
10.893000,0.721000,0.014574,0.000445,1.037415,-0.001045,0.014492,0.000001,0.060600,0.002614,0.079422,0.002813,0.000405,-0.000037,0.021197,0.000000,1.012695,0.000000,0.000000,0.000000,0.076253,0.000000,0.024338,0.000000,0.000000,0.000000,-0.006623,0.000445,0.024720,-0.001045,0.014492,0.000001,-0.015653,0.002614,0.055084,0.025596,0.057324
10.900000,0.728000,0.015180,0.000471,1.038209,-0.001061,0.014491,0.000000,0.062033,0.002718,0.080212,0.002775,-0.000108,-0.000047,0.021197,0.000000,1.012695,0.000000,0.000000,0.000000,0.076253,0.000000,0.024338,0.000000,0.000000,0.000000,-0.006017,0.000471,0.025514,-0.001061,0.014491,0.000000,-0.014220,0.002718,0.055874,0.026218,0.057719
10.910000,0.738000,0.015446,0.000483,1.037953,-0.001029,0.014389,-0.000000,0.062183,0.002769,0.077655,0.006610,-0.001032,-0.000038,0.021197,0.000000,1.012695,0.000000,0.000000,0.000000,0.076253,0.000000,0.024338,0.000000,0.000000,0.000000,-0.005751,0.000483,0.025258,-0.001029,0.014389,0.000000,-0.014070,0.002769,0.053317,0.025909,0.055212
10.920000,0.748000,0.015944,0.000506,1.038121,-0.001085,0.014351,-0.000001,0.063158,0.002857,0.076400,0.002568,-0.001497,-0.000053,0.022671,0.000000,1.013141,0.000000,0.000000,0.000000,0.078949,0.000000,0.022545,0.000000,0.000000,0.000000,-0.006727,0.000506,0.024980,-0.001085,0.014351,-0.000001,-0.015791,0.002857,0.053855,0.025875,0.056195
10.931000,0.759000,0.016718,0.000541,1.038305,-0.001107,0.014378,-0.000002,0.065085,0.002988,0.074771,0.000825,-0.000278,-0.000051,0.022671,0.000000,1.013141,0.000000,0.000000,0.000000,0.078949,0.000000,0.022545,0.000000,0.000000,0.000000,-0.005953,0.000541,0.025164,-0.001107,0.014378,-0.000002,-0.013864,0.002988,0.052226,0.025864,0.054117
10.940000,0.768000,0.017369,0.000571,1.039053,-0.001099,0.014375,-0.000002,0.066496,0.003097,0.074833,0.003104,0.001006,-0.000041,0.024278,0.000000,1.013571,0.000000,0.000000,0.000000,0.081731,0.000000,0.020386,0.000000,0.000000,0.000000,-0.006909,0.000571,0.025482,-0.001099,0.014375,-0.000002,-0.015235,0.003097,0.054447,0.026408,0.056623
10.950000,0.778000,0.017860,0.000594,1.038991,-0.001142,0.014287,-0.000002,0.067280,0.003180,0.072865,0.003320,-0.003138,-0.000024,0.024278,0.000000,1.013571,0.000000,0.000000,0.000000,0.081731,0.000000,0.020386,0.000000,0.000000,0.000000,-0.006418,0.000594,0.025420,-0.001142,0.014287,-0.000002,-0.014451,0.003180,0.052479,0.026224,0.054525
10.961000,0.789000,0.018680,0.000633,1.039097,-0.001176,0.014304,-0.000002,0.069223,0.003320,0.071443,0.002799,-0.003694,0.000036,0.026025,0.000000,1.013972,0.000000,0.000000,0.000000,0.084582,0.000000,0.017820,0.000000,0.000000,0.000000,-0.007345,0.000633,0.025125,-0.001176,0.014304,-0.000002,-0.015359,0.003320,0.053623,0.026184,0.055878
10.973000,0.801000,0.019561,0.000676,1.039522,-0.001199,0.014321,-0.000001,0.071315,0.003471,0.070768,0.002659,-0.003938,0.000091,0.026025,0.000000,1.013972,0.000000,0.000000,0.000000,0.084582,0.000000,0.017820,0.000000,0.000000,0.000000,-0.006464,0.000676,0.025550,-0.001199,0.014321,-0.000001,-0.013267,0.003471,0.052948,0.026364,0.054695
10.980000,0.808000,0.020274,0.000711,1.040229,-0.001173,0.014281,-0.000000,0.072723,0.003588,0.070946,0.007072,-0.004190,0.000098,0.027656,0.000000,1.014287,0.000000,0.000000,0.000000,0.087091,0.000000,0.015234,0.000000,0.000000,0.000000,-0.007382,0.000711,0.025942,-0.001173,0.014281,0.000000,-0.014368,0.003588,0.055712,0.026981,0.057647
10.991000,0.819000,0.020862,0.000741,1.039855,-0.001233,0.014197,0.000001,0.073620,0.003687,0.067704,0.003450,-0.004581,0.000108,0.027656,0.000000,1.014287,0.000000,0.000000,0.000000,0.087091,0.000000,0.015234,0.000000,0.000000,0.000000,-0.006794,0.000741,0.025568,-0.001233,0.014197,0.000001,-0.013471,0.003687,0.052470,0.026466,0.054297
11.000000,0.828000,0.021598,0.000778,1.040532,-0.001251,0.014148,0.000003,0.075011,0.003809,0.067618,0.003741,-0.005136,0.000127,0.029423,0.000000,1.014562,0.000000,0.000000,0.000000,0.089652,0.000000,0.012241,0.000000,0.000000,0.000000,-0.007825,0.000778,0.025970,-0.001251,0.014148,0.000003,-0.014641,0.003809,0.055377,0.027134,0.057406
11.010000,0.838000,0.022287,0.000813,1.040234,-0.001263,0.014071,0.000004,0.076177,0.003924,0.064653,0.004236,-0.007725,0.000120,0.029423,0.000000,1.014562,0.000000,0.000000,0.000000,0.089652,0.000000,0.012241,0.000000,0.000000,0.000000,-0.007136,0.000813,0.025672,-0.001263,0.014071,0.000004,-0.013475,0.003924,0.052412,0.026658,0.054259
11.020000,0.848000,0.023049,0.000853,1.040881,-0.001221,0.013994,0.000005,0.077555,0.004048,0.064525,0.009325,-0.009667,0.000092,0.031241,0.000000,1.014775,0.000000,0.000000,0.000000,0.092123,0.000000,0.008975,0.000000,0.000000,0.000000,-0.008192,0.000853,0.026106,-0.001221,0.013994,0.000005,-0.014568,0.004048,0.055550,0.027374,0.057571
11.031000,0.859000,0.023780,0.000892,1.040566,-0.001271,0.013907,0.000007,0.078764,0.004167,0.061458,0.004995,-0.009823,0.000101,0.031241,0.000000,1.014775,0.000000,0.000000,0.000000,0.092123,0.000000,0.008975,0.000000,0.000000,0.000000,-0.007461,0.000892,0.025791,-0.001271,0.013907,0.000007,-0.013359,0.004167,0.052483,0.026863,0.054317
11.040000,0.868000,0.024568,0.000933,1.041181,-0.001221,0.013808,0.000008,0.080125,0.004291,0.061186,0.010050,-0.011395,0.000068,0.033108,0.000000,1.014919,0.000000,0.000000,0.000000,0.094495,0.000000,0.005441,0.000000,0.000000,0.000000,-0.008540,0.000933,0.026262,-0.001221,0.013808,0.000008,-0.014370,0.004291,0.055745,0.027631,0.057727
11.052000,0.880000,0.025327,0.000975,1.040837,-0.001265,0.013682,0.000010,0.081321,0.004410,0.057969,0.005661,-0.013026,0.000064,0.033108,0.000000,1.014919,0.000000,0.000000,0.000000,0.094495,0.000000,0.005441,0.000000,0.000000,0.000000,-0.007781,0.000975,0.025918,-0.001265,0.013682,0.000010,-0.013174,0.004410,0.052528,0.027078,0.054334
11.060000,0.888000,0.026140,0.001019,1.041417,-0.001208,0.013552,0.000010,0.082658,0.004533,0.057537,0.010649,-0.014634,0.000035,0.035214,0.000000,1.014993,0.000000,0.000000,0.000000,0.096980,0.000000,0.001252,0.000000,0.000000,0.000000,-0.009074,0.001019,0.026424,-0.001208,0.013552,0.000010,-0.014322,0.004533,0.056285,0.027957,0.058255
11.070000,0.898000,0.026683,0.001049,1.041199,-0.001244,0.013323,0.000011,0.082957,0.004602,0.054641,0.006107,-0.016067,0.000023,0.035214,0.000000,1.014993,0.000000,0.000000,0.000000,0.096980,0.000000,0.001252,0.000000,0.000000,0.000000,-0.008531,0.001049,0.026206,-0.001244,0.013323,0.000011,-0.014023,0.004602,0.053389,0.027580,0.055391
11.080000,0.908000,0.027401,0.001090,1.041211,-0.001181,0.013134,0.000012,0.083858,0.004703,0.052499,0.011036,-0.017323,0.000001,0.036977,0.000000,1.014983,0.000000,0.000000,0.000000,0.098910,0.000000,-0.002403,0.000000,0.000000,0.000000,-0.009576,0.001090,0.026228,-0.001181,0.013134,0.000012,-0.015052,0.004703,0.054902,0.027943,0.057122
11.090000,0.918000,0.028181,0.001134,1.041254,-0.001216,0.012947,0.000012,0.084928,0.004812,0.050213,0.006474,-0.017454,-0.000004,0.036977,0.000000,1.014983,0.000000,0.000000,0.000000,0.098910,0.000000,-0.002403,0.000000,0.000000,0.000000,-0.008796,0.001134,0.026271,-0.001216,0.012947,0.000012,-0.013982,0.004812,0.052616,0.027728,0.054654
11.101000,0.929000,0.029278,0.001196,1.041155,-0.001213,0.012824,0.000012,0.087086,0.004982,0.047574,0.006207,-0.019408,-0.000031,0.038976,0.000000,1.014893,0.000000,0.000000,0.000000,0.100936,0.000000,-0.006694,0.000000,0.000000,0.000000,-0.009698,0.001196,0.026262,-0.001213,0.012824,0.000012,-0.013850,0.004982,0.054268,0.028021,0.056229
11.110000,0.938000,0.030149,0.001246,1.041630,-0.001151,0.012630,0.000012,0.088333,0.005100,0.046690,0.011079,-0.019419,-0.000036,0.038976,0.000000,1.014893,0.000000,0.000000,0.000000,0.100936,0.000000,-0.006694,0.000000,0.000000,0.000000,-0.008827,0.001246,0.026737,-0.001151,0.012630,0.000012,-0.012603,0.005100,0.053384,0.028184,0.055088
11.120000,0.948000,0.030810,0.001284,1.041371,-0.001186,0.012355,0.000012,0.088760,0.005172,0.043686,0.006209,-0.020680,-0.000043,0.041014,0.000000,1.014714,0.000000,0.000000,0.000000,0.102832,0.000000,-0.011217,0.000000,0.000000,0.000000,-0.010204,0.001284,0.026657,-0.001186,0.012355,0.000012,-0.014072,0.005172,0.054903,0.028572,0.056913
11.130000,0.958000,0.031891,0.001348,1.041131,-0.001190,0.012193,0.000011,0.090654,0.005328,0.040258,0.005979,-0.021525,-0.000045,0.041014,0.000000,1.014714,0.000000,0.000000,0.000000,0.102832,0.000000,-0.011217,0.000000,0.000000,0.000000,-0.009123,0.001348,0.026417,-0.001190,0.012193,0.000011,-0.012178,0.005328,0.051475,0.027980,0.053164
11.140000,0.968000,0.032798,0.001401,1.041533,-0.001130,0.011978,0.000011,0.091833,0.005443,0.038808,0.011269,-0.021506,-0.000040,0.043088,0.000000,1.014443,0.000000,0.000000,0.000000,0.104588,0.000000,-0.015957,0.000000,0.000000,0.000000,-0.010290,0.001401,0.027090,-0.001130,0.011978,0.000011,-0.012755,0.005443,0.054765,0.029012,0.056494
11.152000,0.980000,0.033740,0.001457,1.041000,-0.001184,0.011758,0.000011,0.093081,0.005566,0.035167,0.006035,-0.022981,-0.000051,0.043088,0.000000,1.014443,0.000000,0.000000,0.000000,0.104588,0.000000,-0.015957,0.000000,0.000000,0.000000,-0.009348,0.001457,0.026557,-0.001184,0.011758,0.000011,-0.011507,0.005566,0.051124,0.028192,0.052698
11.160000,0.988000,0.034884,0.001526,1.040958,-0.001197,0.011585,0.000011,0.094992,0.005729,0.033057,0.005490,-0.023777,-0.000045,0.045196,0.000000,1.014074,0.000000,0.000000,0.000000,0.106198,0.000000,-0.020901,0.000000,0.000000,0.000000,-0.010312,0.001526,0.026884,-0.001197,0.011585,0.000011,-0.011206,0.005729,0.053958,0.028834,0.055406
11.172000,1.000000,0.035934,0.001590,1.040830,-0.001200,0.011367,0.000011,0.096475,0.005869,0.030695,0.005885,-0.025354,-0.000028,0.045196,0.000000,1.014074,0.000000,0.000000,0.000000,0.106198,0.000000,-0.020901,0.000000,0.000000,0.000000,-0.009262,0.001590,0.026756,-0.001200,0.011367,0.000011,-0.009723,0.005869,0.051596,0.028358,0.052831
11.180000,1.008000,0.036899,0.001648,1.041137,-0.001141,0.011114,0.000011,0.097579,0.005985,0.029682,0.011678,-0.026525,-0.000021,0.047335,0.000000,1.013605,0.000000,0.000000,0.000000,0.107654,0.000000,-0.026030,0.000000,0.000000,0.000000,-0.010436,0.001648,0.027532,-0.001141,0.011114,0.000011,-0.010075,0.005985,0.055712,0.029490,0.056931
11.190000,1.018000,0.037285,0.001673,1.040664,-0.001195,0.010701,0.000011,0.096535,0.005975,0.026257,0.006427,-0.027492,-0.000019,0.047335,0.000000,1.013605,0.000000,0.000000,0.000000,0.107654,0.000000,-0.026030,0.000000,0.000000,0.000000,-0.010050,0.001673,0.027059,-0.001195,0.010701,0.000011,-0.011119,0.005975,0.052287,0.028914,0.053789
11.200000,1.028000,0.038042,0.001720,1.040424,-0.001196,0.010380,0.000011,0.096826,0.006047,0.023610,0.006570,-0.028779,-0.000006,0.049501,0.000000,1.013032,0.000000,0.000000,0.000000,0.108949,0.000000,-0.031328,0.000000,0.000000,0.000000,-0.011459,0.001720,0.027392,-0.001196,0.010380,0.000011,-0.012123,0.006047,0.054938,0.029742,0.056584
11.210000,1.038000,0.038906,0.001774,1.040199,-0.001194,0.010073,0.000011,0.097449,0.006140,0.020009,0.006734,-0.028918,0.000005,0.049501,0.000000,1.013032,0.000000,0.000000,0.000000,0.108949,0.000000,-0.031328,0.000000,0.000000,0.000000,-0.010595,0.001774,0.027167,-0.001194,0.010073,0.000011,-0.011500,0.006140,0.051337,0.029214,0.052966
11.220000,1.048000,0.039819,0.001832,1.039944,-0.001189,0.009749,0.000012,0.098201,0.006241,0.016424,0.006993,-0.031533,0.000021,0.051692,0.000000,1.012351,0.000000,0.000000,0.000000,0.110075,0.000000,-0.036775,0.000000,0.000000,0.000000,-0.011873,0.001832,0.027593,-0.001189,0.009749,0.000012,-0.011874,0.006241,0.053199,0.030095,0.054864
11.231000,1.059000,0.041088,0.001913,1.039417,-0.001180,0.009501,0.000013,0.100189,0.006424,0.013063,0.007820,-0.032957,0.000021,0.051692,0.000000,1.012351,0.000000,0.000000,0.000000,0.110075,0.000000,-0.036775,0.000000,0.000000,0.000000,-0.010604,0.001913,0.027066,-0.001180,0.009501,0.000013,-0.009886,0.006424,0.049838,0.029132,0.051214
11.240000,1.068000,0.042375,0.001996,1.039112,-0.001171,0.009239,0.000013,0.102139,0.006605,0.010443,0.008175,-0.033809,0.000019,0.054014,0.000000,1.011518,0.000000,0.000000,0.000000,0.111069,0.000000,-0.042632,0.000000,0.000000,0.000000,-0.011639,0.001996,0.027594,-0.001171,0.009239,0.000013,-0.008930,0.006605,0.053075,0.030015,0.054225
11.250000,1.078000,0.043539,0.002071,1.038732,-0.001156,0.008930,0.000014,0.103546,0.006754,0.007857,0.008247,-0.034415,0.000009,0.054014,0.000000,1.011518,0.000000,0.000000,0.000000,0.111069,0.000000,-0.042632,0.000000,0.000000,0.000000,-0.010475,0.002071,0.027214,-0.001156,0.008930,0.000014,-0.007523,0.006754,0.050489,0.029234,0.051491
11.261000,1.089000,0.044622,0.002142,1.038326,-0.001138,0.008589,0.000015,0.104576,0.006879,0.005276,0.008381,-0.034835,-0.000000,0.056803,0.000000,1.010363,0.000000,0.000000,0.000000,0.111990,0.000000,-0.049751,0.000000,0.000000,0.000000,-0.012181,0.002142,0.027963,-0.001138,0.008589,0.000015,-0.007414,0.006879,0.055027,0.030576,0.055949
11.270000,1.098000,0.045668,0.002211,1.038379,-0.001054,0.008241,0.000015,0.105408,0.006989,0.003973,0.014479,-0.036351,-0.000010,0.056803,0.000000,1.010363,0.000000,0.000000,0.000000,0.111990,0.000000,-0.049751,0.000000,0.000000,0.000000,-0.011135,0.002211,0.028016,-0.001054,0.008241,0.000015,-0.006582,0.006989,0.053724,0.030229,0.054575
11.280000,1.108000,0.046040,0.002237,1.037808,-0.001084,0.007702,0.000016,0.103754,0.006939,0.000896,0.008605,-0.036877,-0.000008,0.058374,0.000000,1.009638,0.000000,0.000000,0.000000,0.112376,0.000000,-0.053793,0.000000,0.000000,0.000000,-0.012334,0.002237,0.028170,-0.001084,0.007702,0.000016,-0.008622,0.006939,0.054689,0.030833,0.055798
11.290000,1.118000,0.047133,0.002311,1.037079,-0.001068,0.007356,0.000016,0.104694,0.007060,-0.003137,0.005938,-0.038236,-0.000011,0.058374,0.000000,1.009638,0.000000,0.000000,0.000000,0.112376,0.000000,-0.053793,0.000000,0.000000,0.000000,-0.011241,0.002311,0.027441,-0.001068,0.007356,0.000016,-0.007682,0.007060,0.050656,0.029744,0.051719
11.302000,1.130000,0.048421,0.002398,1.036570,-0.001062,0.007037,0.000016,0.106276,0.007224,-0.005926,0.008789,-0.038388,-0.000022,0.060626,0.000000,1.008505,0.000000,0.000000,0.000000,0.112763,0.000000,-0.059613,0.000000,0.000000,0.000000,-0.012205,0.002398,0.028065,-0.001062,0.007037,0.000016,-0.006487,0.007224,0.053687,0.030698,0.054558
11.311000,1.139000,0.049597,0.002478,1.036003,-0.001062,0.006660,0.000016,0.107361,0.007357,-0.008803,0.007933,-0.040420,-0.000052,0.060626,0.000000,1.008505,0.000000,0.000000,0.000000,0.112763,0.000000,-0.059613,0.000000,0.000000,0.000000,-0.011029,0.002478,0.027498,-0.001062,0.006660,0.000016,-0.005402,0.007357,0.050810,0.029731,0.051623
11.320000,1.148000,0.050702,0.002555,1.035417,-0.000983,0.006258,0.000016,0.108108,0.007469,-0.011648,0.015227,-0.040487,-0.000057,0.062883,0.000000,1.007254,0.000000,0.000000,0.000000,0.112949,0.000000,-0.065465,0.000000,0.000000,0.000000,-0.012181,0.002555,0.028163,-0.000983,0.006258,0.000016,-0.004841,0.007469,0.053817,0.030791,0.054548
11.330000,1.158000,0.051783,0.002629,1.035301,-0.001062,0.005839,0.000015,0.108712,0.007573,-0.013053,0.007244,-0.042498,-0.000081,0.062883,0.000000,1.007254,0.000000,0.000000,0.000000,0.112949,0.000000,-0.065465,0.000000,0.000000,0.000000,-0.011100,0.002629,0.028047,-0.001062,0.005839,0.000015,-0.004237,0.007573,0.052412,0.030278,0.053126
11.340000,1.168000,0.052398,0.002674,1.034307,-0.001055,0.005276,0.000015,0.107576,0.007564,-0.016967,0.007438,-0.043872,-0.000110,0.065142,0.000000,1.005886,0.000000,0.000000,0.000000,0.112929,0.000000,-0.071322,0.000000,0.000000,0.000000,-0.012744,0.002674,0.028421,-0.001055,0.005276,0.000015,-0.005353,0.007564,0.054355,0.031262,0.055139
11.350000,1.178000,0.053643,0.002762,1.033637,-0.001044,0.004875,0.000014,0.108692,0.007711,-0.020118,0.009072,-0.045651,-0.000108,0.065142,0.000000,1.005886,0.000000,0.000000,0.000000,0.112929,0.000000,-0.071322,0.000000,0.000000,0.000000,-0.011499,0.002762,0.027751,-0.001044,0.004875,0.000014,-0.004237,0.007711,0.051204,0.030166,0.051954
11.360000,1.188000,0.054730,0.002839,1.033436,-0.000953,0.004418,0.000013,0.109162,0.007811,-0.021802,0.016396,-0.046824,-0.000095,0.067399,0.000000,1.004401,0.000000,0.000000,0.000000,0.112698,0.000000,-0.077156,0.000000,0.000000,0.000000,-0.012669,0.002839,0.029035,-0.000953,0.004418,0.000013,-0.003536,0.007811,0.055354,0.031806,0.056014
11.370000,1.198000,0.055472,0.002893,1.032335,-0.000998,0.003858,0.000013,0.108331,0.007827,-0.025807,0.009328,-0.046314,-0.000092,0.067399,0.000000,1.004401,0.000000,0.000000,0.000000,0.112698,0.000000,-0.077156,0.000000,0.000000,0.000000,-0.011927,0.002893,0.027934,-0.000998,0.003858,0.000013,-0.004367,0.007827,0.051349,0.030511,0.052125
11.380000,1.208000,0.056555,0.002972,1.032077,-0.000905,0.003395,0.000012,0.108704,0.007923,-0.027244,0.016006,-0.046187,-0.000071,0.069761,0.000000,1.002717,0.000000,0.000000,0.000000,0.112222,0.000000,-0.083227,0.000000,0.000000,0.000000,-0.013206,0.002972,0.029360,-0.000905,0.003395,0.000012,-0.003518,0.007923,0.055983,0.032330,0.056650
11.390000,1.218000,0.057497,0.003042,1.030896,-0.000930,0.002869,0.000012,0.108514,0.007984,-0.031320,0.010520,-0.047153,-0.000059,0.069761,0.000000,1.002717,0.000000,0.000000,0.000000,0.112222,0.000000,-0.083227,0.000000,0.000000,0.000000,-0.012264,0.003042,0.028179,-0.000930,0.002869,0.000012,-0.003708,0.007984,0.051907,0.030882,0.052648
11.400000,1.228000,0.058800,0.003138,1.030028,-0.000889,0.002445,0.000012,0.109576,0.008133,-0.034382,0.011492,-0.047318,-0.000028,0.071887,0.000000,1.001084,0.000000,0.000000,0.000000,0.111581,0.000000,-0.088643,0.000000,0.000000,0.000000,-0.013087,0.003138,0.028944,-0.000889,0.002445,0.000012,-0.002005,0.008133,0.054261,0.031920,0.054904
11.410000,1.238000,0.059990,0.003227,1.029136,-0.000844,0.001988,0.000012,0.110148,0.008246,-0.037468,0.011419,-0.047118,-0.000013,0.071887,0.000000,1.001084,0.000000,0.000000,0.000000,0.111581,0.000000,-0.088643,0.000000,0.000000,0.000000,-0.011897,0.003227,0.028052,-0.000844,0.001988,0.000012,-0.001433,0.008246,0.051175,0.030641,0.051855
11.420000,1.248000,0.061091,0.003309,1.028761,-0.000729,0.001517,0.000012,0.110340,0.008327,-0.038944,0.017582,-0.046310,-0.000003,0.074110,0.000000,0.999255,0.000000,0.000000,0.000000,0.110687,0.000000,-0.094238,0.000000,0.000000,0.000000,-0.013019,0.003309,0.029506,-0.000729,0.001517,0.000012,-0.000347,0.008327,0.055294,0.032420,0.055919
11.430000,1.258000,0.061760,0.003361,1.027558,-0.000739,0.000915,0.000013,0.108928,0.008292,-0.042588,0.011056,-0.048239,0.000002,0.074110,0.000000,0.999255,0.000000,0.000000,0.000000,0.110687,0.000000,-0.094238,0.000000,0.000000,0.000000,-0.012350,0.003361,0.028303,-0.000739,0.000915,0.000013,-0.001759,0.008292,0.051650,0.031062,0.052341
11.440000,1.268000,0.062850,0.003444,1.027132,-0.000629,0.000432,0.000013,0.109017,0.008364,-0.043867,0.016937,-0.048884,0.000000,0.076423,0.000000,0.997216,0.000000,0.000000,0.000000,0.109501,0.000000,-0.099962,0.000000,0.000000,0.000000,-0.013573,0.003444,0.029916,-0.000629,0.000432,0.000013,-0.000484,0.008364,0.056095,0.033031,0.056717
11.450000,1.278000,0.063480,0.003494,1.026257,-0.000637,-0.000168,0.000014,0.107416,0.008309,-0.046422,0.010798,-0.047876,0.000004,0.076423,0.000000,0.997216,0.000000,0.000000,0.000000,0.109501,0.000000,-0.099962,0.000000,0.000000,0.000000,-0.012943,0.003494,0.029041,-0.000637,-0.000168,0.000014,-0.002085,0.008309,0.053540,0.031986,0.054221
11.460000,1.288000,0.064376,0.003563,1.025386,-0.000525,-0.000688,0.000014,0.106772,0.008323,-0.048893,0.016704,-0.047543,-0.000002,0.078491,0.000000,0.995268,0.000000,0.000000,0.000000,0.108206,0.000000,-0.104979,0.000000,0.000000,0.000000,-0.014115,0.003563,0.030118,-0.000525,-0.000688,0.000014,-0.001434,0.008323,0.056086,0.033452,0.056718
11.470000,1.298000,0.065351,0.003639,1.024468,-0.000542,-0.001196,0.000015,0.106386,0.008356,-0.051684,0.010652,-0.047884,0.000000,0.078491,0.000000,0.995268,0.000000,0.000000,0.000000,0.108206,0.000000,-0.104979,0.000000,0.000000,0.000000,-0.013140,0.003639,0.029200,-0.000542,-0.001196,0.000015,-0.001820,0.008356,0.053295,0.032226,0.053977
11.480000,1.308000,0.066359,0.003719,1.023502,-0.000504,-0.001690,0.000015,0.106086,0.008395,-0.054536,0.010357,-0.047987,-0.000003,0.080640,0.000000,0.993118,0.000000,0.000000,0.000000,0.106612,0.000000,-0.110064,0.000000,0.000000,0.000000,-0.014281,0.003719,0.030384,-0.000504,-0.001690,0.000015,-0.000526,0.008395,0.055528,0.033778,0.056161
11.490000,1.318000,0.067381,0.003800,1.022497,-0.000468,-0.002178,0.000015,0.105802,0.008435,-0.057294,0.010044,-0.047749,-0.000007,0.080640,0.000000,0.993118,0.000000,0.000000,0.000000,0.106612,0.000000,-0.110064,0.000000,0.000000,0.000000,-0.013259,0.003800,0.029379,-0.000468,-0.002178,0.000015,-0.000810,0.008435,0.052770,0.032456,0.053446
11.502000,1.330000,0.068766,0.003910,1.020941,-0.000447,-0.002558,0.000015,0.106795,0.008577,-0.061583,0.009358,-0.047313,-0.000014,0.082964,0.000000,0.990637,0.000000,0.000000,0.000000,0.104582,0.000000,-0.115392,0.000000,0.000000,0.000000,-0.014198,0.003910,0.030304,-0.000447,-0.002558,0.000015,0.002213,0.008577,0.053809,0.033693,0.054533
11.510000,1.338000,0.069834,0.003996,1.020325,-0.000353,-0.003031,0.000015,0.106547,0.008620,-0.062806,0.015443,-0.046870,-0.000020,0.082964,0.000000,0.990637,0.000000,0.000000,0.000000,0.104582,0.000000,-0.115392,0.000000,0.000000,0.000000,-0.013130,0.003996,0.029688,-0.000353,-0.003031,0.000015,0.001965,0.008620,0.052586,0.032707,0.053324
11.520000,1.348000,0.070625,0.004060,1.019192,-0.000378,-0.003579,0.000015,0.105278,0.008583,-0.065505,0.009490,-0.047101,-0.000021,0.084829,0.000000,0.988523,0.000000,0.000000,0.000000,0.102703,0.000000,-0.119515,0.000000,0.000000,0.000000,-0.014204,0.004060,0.030669,-0.000378,-0.003579,0.000015,0.002575,0.008583,0.054010,0.034042,0.054748
11.533000,1.361000,0.071898,0.004164,1.017558,-0.000364,-0.003978,0.000015,0.105743,0.008688,-0.068894,0.009319,-0.047419,-0.000025,0.086861,0.000000,0.986089,0.000000,0.000000,0.000000,0.100382,0.000000,-0.123820,0.000000,0.000000,0.000000,-0.014963,0.004164,0.031469,-0.000364,-0.003978,0.000015,0.005361,0.008688,0.054926,0.035093,0.055867
11.543000,1.371000,0.073231,0.004274,1.016166,-0.000340,-0.004375,0.000015,0.106354,0.008807,-0.071497,0.009704,-0.047581,-0.000030,0.086861,0.000000,0.986089,0.000000,0.000000,0.000000,0.100382,0.000000,-0.123820,0.000000,0.000000,0.000000,-0.013630,0.004274,0.030077,-0.000340,-0.004375,0.000015,0.005972,0.008807,0.052323,0.033297,0.053394
11.551000,1.379000,0.074421,0.004373,1.014808,-0.000312,-0.004820,0.000015,0.106386,0.008880,-0.073942,0.010174,-0.050057,-0.000030,0.086861,0.000000,0.986089,0.000000,0.000000,0.000000,0.100382,0.000000,-0.123820,0.000000,0.000000,0.000000,-0.012440,0.004373,0.028719,-0.000312,-0.004820,0.000015,0.006004,0.008880,0.049878,0.031602,0.051017
11.560000,1.388000,0.075516,0.004465,1.013497,-0.000279,-0.005307,0.000015,0.106024,0.008922,-0.076173,0.010593,-0.051536,-0.000029,0.088843,0.000000,0.983572,0.000000,0.000000,0.000000,0.097815,0.000000,-0.127805,0.000000,0.000000,0.000000,-0.013327,0.004465,0.029925,-0.000279,-0.005307,0.000015,0.008209,0.008922,0.051632,0.033061,0.053036
11.571000,1.399000,0.076557,0.004553,1.012210,-0.000239,-0.005829,0.000015,0.105430,0.008946,-0.077935,0.010878,-0.054689,-0.000026,0.088843,0.000000,0.983572,0.000000,0.000000,0.000000,0.097815,0.000000,-0.127805,0.000000,0.000000,0.000000,-0.012286,0.004553,0.028638,-0.000239,-0.005829,0.000015,0.007615,0.008946,0.049870,0.031493,0.051235
11.581000,1.409000,0.077567,0.004639,1.010931,-0.000193,-0.006385,0.000015,0.104694,0.008959,-0.079623,0.011367,-0.057478,-0.000026,0.090867,0.000000,0.980847,0.000000,0.000000,0.000000,0.094852,0.000000,-0.131614,0.000000,0.000000,0.000000,-0.013300,0.004639,0.030084,-0.000193,-0.006385,0.000015,0.009842,0.008959,0.051991,0.033218,0.053667
11.593000,1.421000,0.078558,0.004725,1.009646,-0.000142,-0.006977,0.000015,0.103863,0.008963,-0.081762,0.011569,-0.063020,-0.000028,0.092641,0.000000,0.978317,0.000000,0.000000,0.000000,0.091934,0.000000,-0.134701,0.000000,0.000000,0.000000,-0.014083,0.004725,0.031329,-0.000142,-0.006977,0.000015,0.011929,0.008963,0.052939,0.034672,0.055002
11.600000,1.428000,0.079535,0.004810,1.008346,-0.000087,-0.007613,0.000014,0.102952,0.008960,-0.083886,0.011998,-0.067308,-0.000032,0.092641,0.000000,0.978317,0.000000,0.000000,0.000000,0.091934,0.000000,-0.134701,0.000000,0.000000,0.000000,-0.013106,0.004810,0.030029,-0.000087,-0.007613,0.000014,0.011018,0.008960,0.050815,0.033116,0.052762
11.610000,1.438000,0.080564,0.004900,1.007507,0.000033,-0.008286,0.000014,0.102204,0.008969,-0.083699,0.017660,-0.067651,-0.000030,0.092641,0.000000,0.978317,0.000000,0.000000,0.000000,0.091934,0.000000,-0.134701,0.000000,0.000000,0.000000,-0.012077,0.004900,0.029190,0.000033,-0.008286,0.000014,0.010270,0.008969,0.051002,0.031967,0.052793
11.620000,1.448000,0.081053,0.004944,1.006105,0.000041,-0.009090,0.000014,0.099488,0.008812,-0.085156,0.011818,-0.067155,-0.000026,0.094447,0.000000,0.975593,0.000000,0.000000,0.000000,0.088619,0.000000,-0.137555,0.000000,0.000000,0.000000,-0.013394,0.004944,0.030512,0.000041,-0.009090,0.000014,0.010869,0.008812,0.052399,0.033687,0.054235
11.633000,1.461000,0.082187,0.005046,1.004616,0.000095,-0.009746,0.000014,0.099098,0.008855,-0.086846,0.008848,-0.068020,0.000007,0.096184,0.000000,0.972817,0.000000,0.000000,0.000000,0.085053,0.000000,-0.139979,0.000000,0.000000,0.000000,-0.013997,0.005046,0.031799,0.000095,-0.009746,0.000014,0.014045,0.008855,0.053133,0.035108,0.055667
11.640000,1.468000,0.083178,0.005134,1.003747,0.000184,-0.010426,0.000014,0.098140,0.008846,-0.086667,0.011522,-0.066798,0.000008,0.096184,0.000000,0.972817,0.000000,0.000000,0.000000,0.085053,0.000000,-0.139979,0.000000,0.000000,0.000000,-0.013006,0.005134,0.030930,0.000184,-0.010426,0.000014,0.013087,0.008846,0.053312,0.033944,0.055603
11.650000,1.478000,0.083578,0.005171,1.002712,0.000204,-0.011292,0.000015,0.095039,0.008650,-0.086681,0.011010,-0.067413,0.000040,0.096184,0.000000,0.972817,0.000000,0.000000,0.000000,0.085053,0.000000,-0.139979,0.000000,0.000000,0.000000,-0.012606,0.005171,0.029895,0.000204,-0.011292,0.000015,0.009986,0.008650,0.053298,0.032854,0.054911
11.662000,1.490000,0.084595,0.005265,1.000940,0.000220,-0.011950,0.000015,0.094189,0.008659,-0.088842,0.009512,-0.066647,0.000039,0.098010,0.000000,0.969713,0.000000,0.000000,0.000000,0.080842,0.000000,-0.142116,0.000000,0.000000,0.000000,-0.013415,0.005265,0.031227,0.000220,-0.011950,0.000015,0.013347,0.008659,0.053274,0.034392,0.055599
11.672000,1.500000,0.085754,0.005372,0.999311,0.000309,-0.012554,0.000015,0.093806,0.008713,-0.090786,0.014633,-0.062901,0.000022,0.098010,0.000000,0.969713,0.000000,0.000000,0.000000,0.080842,0.000000,-0.142116,0.000000,0.000000,0.000000,-0.012256,0.005372,0.029598,0.000309,-0.012554,0.000015,0.012964,0.008713,0.051330,0.032482,0.053654
11.680000,1.508000,0.086787,0.005468,0.997740,0.000279,-0.013215,0.000015,0.092914,0.008724,-0.092503,0.008513,-0.063014,-0.000005,0.099432,0.000000,0.967143,0.000000,0.000000,0.000000,0.077172,0.000000,-0.143432,0.000000,0.000000,0.000000,-0.012645,0.005468,0.030597,0.000279,-0.013215,0.000015,0.015742,0.008724,0.050929,0.033555,0.054016
11.690000,1.518000,0.087732,0.005558,0.996238,0.000304,-0.013846,0.000015,0.091665,0.008706,-0.093373,0.006738,-0.062588,-0.000028,0.099432,0.000000,0.967143,0.000000,0.000000,0.000000,0.077172,0.000000,-0.143432,0.000000,0.000000,0.000000,-0.011700,0.005558,0.029095,0.000304,-0.013846,0.000015,0.014493,0.008706,0.050059,0.031848,0.052837
11.702000,1.530000,0.088624,0.005643,0.994780,0.000329,-0.014461,0.000014,0.090206,0.008673,-0.094085,0.006211,-0.060016,-0.000074,0.101223,0.000000,0.963685,0.000000,0.000000,0.000000,0.071964,0.000000,-0.144550,0.000000,0.000000,0.000000,-0.012599,0.005643,0.031095,0.000329,-0.014461,0.000014,0.018242,0.008673,0.050465,0.034022,0.054357
11.710000,1.538000,0.089480,0.005727,0.993342,0.000344,-0.015070,0.000013,0.088606,0.008630,-0.094230,0.008953,-0.058997,-0.000095,0.101223,0.000000,0.963685,0.000000,0.000000,0.000000,0.071964,0.000000,-0.144550,0.000000,0.000000,0.000000,-0.011743,0.005727,0.029657,0.000344,-0.015070,0.000013,0.016642,0.008630,0.050320,0.032407,0.053699
11.720000,1.548000,0.090312,0.005809,0.991918,0.000434,-0.015674,0.000012,0.086911,0.008582,-0.094335,0.016028,-0.058274,-0.000095,0.102345,0.000000,0.961370,0.000000,0.000000,0.000000,0.068295,0.000000,-0.144875,0.000000,0.000000,0.000000,-0.012033,0.005809,0.030548,0.000434,-0.015674,0.000012,0.018616,0.008582,0.050540,0.033342,0.054539
11.730000,1.558000,0.091181,0.005895,0.990974,0.000382,-0.016267,0.000010,0.085349,0.008547,-0.092815,0.008575,-0.060285,-0.000093,0.102345,0.000000,0.961370,0.000000,0.000000,0.000000,0.068295,0.000000,-0.144875,0.000000,0.000000,0.000000,-0.011164,0.005895,0.029604,0.000382,-0.016267,0.000010,0.017054,0.008547,0.052060,0.032184,0.055445
11.740000,1.568000,0.091575,0.005938,0.989522,0.000427,-0.016968,0.000009,0.082107,0.008358,-0.092820,0.010116,-0.060404,-0.000094,0.103663,0.000000,0.958472,0.000000,0.000000,0.000000,0.063486,0.000000,-0.144790,0.000000,0.000000,0.000000,-0.012088,0.005938,0.031050,0.000427,-0.016968,0.000009,0.018621,0.008358,0.051970,0.033845,0.055834
11.750000,1.578000,0.092396,0.006021,0.988593,0.000528,-0.017572,0.000008,0.080416,0.008316,-0.091312,0.016328,-0.060735,-0.000074,0.103663,0.000000,0.958472,0.000000,0.000000,0.000000,0.063486,0.000000,-0.144790,0.000000,0.000000,0.000000,-0.011267,0.006021,0.030121,0.000528,-0.017572,0.000008,0.016930,0.008316,0.053478,0.032718,0.056707
11.760000,1.588000,0.093036,0.006090,0.986818,0.000552,-0.018206,0.000006,0.078108,0.008217,-0.092315,0.013262,-0.061042,-0.000073,0.104883,0.000000,0.955582,0.000000,0.000000,0.000000,0.058434,0.000000,-0.144143,0.000000,0.000000,0.000000,-0.011847,0.006090,0.031236,0.000552,-0.018206,0.000006,0.019674,0.008217,0.051828,0.033958,0.056042
11.770000,1.598000,0.093817,0.006172,0.985895,0.000684,-0.018816,0.000005,0.076295,0.008162,-0.090796,0.015630,-0.060194,-0.000056,0.104883,0.000000,0.955582,0.000000,0.000000,0.000000,0.058434,0.000000,-0.144143,0.000000,0.000000,0.000000,-0.011066,0.006172,0.030313,0.000684,-0.018816,0.000005,0.017861,0.008162,0.053347,0.032855,0.056847
11.780000,1.608000,0.094485,0.006245,0.984021,0.000739,-0.019447,0.000005,0.074109,0.008070,-0.092091,0.011381,-0.060803,0.000005,0.105999,0.000000,0.952710,0.000000,0.000000,0.000000,0.053140,0.000000,-0.142919,0.000000,0.000000,0.000000,-0.011514,0.006245,0.031311,0.000739,-0.019447,0.000005,0.020969,0.008070,0.050828,0.033940,0.055573
11.790000,1.618000,0.095372,0.006343,0.982360,0.000817,-0.020016,0.000005,0.072705,0.008057,-0.092468,0.010741,-0.060496,0.000081,0.105999,0.000000,0.952710,0.000000,0.000000,0.000000,0.053140,0.000000,-0.142919,0.000000,0.000000,0.000000,-0.010627,0.006343,0.029650,0.000817,-0.020016,0.000005,0.019565,0.008057,0.050451,0.032129,0.054708
11.800000,1.628000,0.096099,0.006423,0.981435,0.000925,-0.020621,0.000006,0.070706,0.007975,-0.090672,0.013022,-0.059591,0.000095,0.107007,0.000000,0.949869,0.000000,0.000000,0.000000,0.047608,0.000000,-0.141103,0.000000,0.000000,0.000000,-0.010908,0.006423,0.031566,0.000925,-0.020621,0.000006,0.023098,0.007975,0.050431,0.034010,0.056039
11.811000,1.639000,0.096580,0.006480,0.979711,0.000961,-0.021279,0.000007,0.067846,0.007805,-0.090463,0.010822,-0.060071,0.000096,0.107007,0.000000,0.949869,0.000000,0.000000,0.000000,0.047608,0.000000,-0.141103,0.000000,0.000000,0.000000,-0.010427,0.006480,0.029842,0.000961,-0.021279,0.000007,0.020238,0.007805,0.050640,0.032269,0.055090
11.820000,1.648000,0.097258,0.006558,0.978806,0.001019,-0.021880,0.000007,0.065703,0.007709,-0.087878,0.010262,-0.059424,0.000099,0.107902,0.000000,0.947070,0.000000,0.000000,0.000000,0.041841,0.000000,-0.138683,0.000000,0.000000,0.000000,-0.010644,0.006558,0.031736,0.001019,-0.021880,0.000007,0.023862,0.007709,0.050805,0.034110,0.056657
11.830000,1.658000,0.097634,0.006604,0.977603,0.001129,-0.022538,0.000008,0.062506,0.007495,-0.085997,0.013925,-0.058384,0.000073,0.107902,0.000000,0.947070,0.000000,0.000000,0.000000,0.041841,0.000000,-0.138683,0.000000,0.000000,0.000000,-0.010268,0.006604,0.030533,0.001129,-0.022538,0.000008,0.020665,0.007495,0.052686,0.032883,0.057088
11.841000,1.669000,0.098341,0.006689,0.975724,0.001141,-0.023092,0.000008,0.060569,0.007428,-0.086224,0.007889,-0.058204,0.000076,0.108679,0.000000,0.944326,0.000000,0.000000,0.000000,0.035843,0.000000,-0.135650,0.000000,0.000000,0.000000,-0.010338,0.006689,0.031398,0.001141,-0.023092,0.000008,0.024726,0.007428,0.049426,0.033726,0.055763
11.850000,1.678000,0.098947,0.006764,0.974862,0.001220,-0.023674,0.000008,0.058240,0.007313,-0.083484,0.009632,-0.057021,0.000055,0.108679,0.000000,0.944326,0.000000,0.000000,0.000000,0.035843,0.000000,-0.135650,0.000000,0.000000,0.000000,-0.009732,0.006764,0.030536,0.001220,-0.023674,0.000008,0.022397,0.007313,0.052166,0.032755,0.057240
11.860000,1.688000,0.099512,0.006836,0.972927,0.001263,-0.024248,0.000008,0.055825,0.007192,-0.083953,0.008060,-0.057176,0.000049,0.109334,0.000000,0.941648,0.000000,0.000000,0.000000,0.029618,0.000000,-0.131996,0.000000,0.000000,0.000000,-0.009822,0.006836,0.031279,0.001263,-0.024248,0.000008,0.026207,0.007192,0.048043,0.033490,0.055197
11.870000,1.698000,0.100070,0.006908,0.972087,0.001319,-0.024825,0.000008,0.053370,0.007065,-0.080844,0.009246,-0.057193,0.000041,0.109334,0.000000,0.941648,0.000000,0.000000,0.000000,0.029618,0.000000,-0.131996,0.000000,0.000000,0.000000,-0.009264,0.006908,0.030439,0.001319,-0.024825,0.000008,0.023752,0.007065,0.051152,0.032559,0.056838
11.882000,1.710000,0.100554,0.006974,0.970224,0.001368,-0.025383,0.000008,0.050715,0.006918,-0.080808,0.008772,-0.056265,0.000022,0.109862,0.000000,0.939050,0.000000,0.000000,0.000000,0.023170,0.000000,-0.127717,0.000000,0.000000,0.000000,-0.009308,0.006974,0.031174,0.001368,-0.025383,0.000008,0.027545,0.006918,0.046909,0.033273,0.054836
11.890000,1.718000,0.101162,0.007057,0.968677,0.001422,-0.025910,0.000007,0.048508,0.006832,-0.079420,0.009167,-0.055709,0.000004,0.109862,0.000000,0.939050,0.000000,0.000000,0.000000,0.023170,0.000000,-0.127717,0.000000,0.000000,0.000000,-0.008700,0.007057,0.029627,0.001422,-0.025910,0.000007,0.025338,0.006832,0.048297,0.031674,0.054966
11.901000,1.729000,0.101678,0.007131,0.967224,0.001483,-0.026456,0.000006,0.045996,0.006709,-0.077798,0.009737,-0.055460,-0.000010,0.110259,0.000000,0.936544,0.000000,0.000000,0.000000,0.016505,0.000000,-0.122808,0.000000,0.000000,0.000000,-0.008581,0.007131,0.030680,0.001483,-0.026456,0.000006,0.029491,0.006709,0.045010,0.032646,0.054228
11.910000,1.738000,0.102138,0.007198,0.966446,0.001580,-0.027010,0.000006,0.043269,0.006556,-0.072826,0.012218,-0.058597,-0.000009,0.110259,0.000000,0.936544,0.000000,0.000000,0.000000,0.016505,0.000000,-0.122808,0.000000,0.000000,0.000000,-0.008121,0.007198,0.029902,0.001580,-0.027010,0.000006,0.026764,0.006556,0.049982,0.031810,0.057074
11.921000,1.749000,0.102356,0.007236,0.964960,0.001634,-0.027597,0.000004,0.039744,0.006298,-0.070057,0.009982,-0.059212,-0.000013,0.110521,0.000000,0.934142,0.000000,0.000000,0.000000,0.009628,0.000000,-0.117271,0.000000,0.000000,0.000000,-0.008165,0.007236,0.030818,0.001634,-0.027597,0.000004,0.030116,0.006298,0.047214,0.032692,0.056354
11.930000,1.758000,0.102753,0.007299,0.964260,0.001734,-0.028190,0.000003,0.036914,0.006131,-0.065669,0.011110,-0.058733,-0.000012,0.110521,0.000000,0.934142,0.000000,0.000000,0.000000,0.009628,0.000000,-0.117271,0.000000,0.000000,0.000000,-0.007768,0.007299,0.030118,0.001734,-0.028190,0.000003,0.027286,0.006131,0.051602,0.031949,0.058693
11.940000,1.768000,0.102939,0.007333,0.963199,0.001809,-0.028804,0.000002,0.033392,0.005859,-0.062457,0.009522,-0.057707,-0.000012,0.110643,0.000000,0.931857,0.000000,0.000000,0.000000,0.002545,0.000000,-0.111107,0.000000,0.000000,0.000000,-0.007704,0.007333,0.031342,0.001809,-0.028804,0.000002,0.030847,0.005859,0.048650,0.033098,0.057902
11.950000,1.778000,0.103304,0.007399,0.961567,0.001886,-0.029370,0.000001,0.030588,0.005704,-0.060972,0.009331,-0.058144,0.000017,0.110643,0.000000,0.931857,0.000000,0.000000,0.000000,0.002545,0.000000,-0.111107,0.000000,0.000000,0.000000,-0.007339,0.007399,0.029710,0.001886,-0.029370,0.000001,0.028043,0.005704,0.050135,0.031485,0.057727
11.961000,1.789000,0.103679,0.007469,0.960222,0.001964,-0.029942,0.000001,0.027835,0.005561,-0.058718,0.009177,-0.058296,0.000042,0.110621,0.000000,0.929702,0.000000,0.000000,0.000000,-0.004737,0.000000,-0.104322,0.000000,0.000000,0.000000,-0.006942,0.007469,0.030520,0.001964,-0.029942,0.000001,0.032572,0.005561,0.045604,0.032178,0.056317
11.970000,1.798000,0.103958,0.007525,0.959634,0.002055,-0.030525,-0.000000,0.024748,0.005359,-0.053753,0.010334,-0.056647,0.000039,0.110621,0.000000,0.929702,0.000000,0.000000,0.000000,-0.004737,0.000000,-0.104322,0.000000,0.000000,0.000000,-0.006663,0.007525,0.029932,0.002055,-0.030525,0.000000,0.029485,0.005359,0.050569,0.031574,0.058782
11.980000,1.808000,0.104108,0.007563,0.958106,0.002124,-0.031130,-0.000001,0.021284,0.005097,-0.051674,0.009148,-0.056947,0.000053,0.110440,0.000000,0.927592,0.000000,0.000000,0.000000,-0.012592,0.000000,-0.096536,0.000000,0.000000,0.000000,-0.006332,0.007563,0.030514,0.002124,-0.031130,-0.000001,0.033876,0.005097,0.044862,0.032069,0.056446
11.990000,1.818000,0.104321,0.007614,0.957589,0.002216,-0.031699,-0.000001,0.018069,0.004877,-0.046527,0.009286,-0.055650,0.000045,0.110440,0.000000,0.927592,0.000000,0.000000,0.000000,-0.012592,0.000000,-0.096536,0.000000,0.000000,0.000000,-0.006119,0.007614,0.029997,0.002216,-0.031699,-0.000001,0.030661,0.004877,0.050009,0.031547,0.058862
12.002000,1.830000,0.104448,0.007655,0.956084,0.002287,-0.032260,-0.000002,0.014635,0.004625,-0.044410,0.008028,-0.054992,0.000047,0.110132,0.000000,0.925829,0.000000,0.000000,0.000000,-0.019875,0.000000,-0.088917,0.000000,0.000000,0.000000,-0.005684,0.007655,0.030255,0.002287,-0.032260,-0.000002,0.034510,0.004625,0.044507,0.031722,0.056508
12.010000,1.838000,0.104612,0.007710,0.954973,0.002358,-0.032796,-0.000003,0.011366,0.004420,-0.040873,0.007365,-0.053226,0.000040,0.110132,0.000000,0.925829,0.000000,0.000000,0.000000,-0.019875,0.000000,-0.088917,0.000000,0.000000,0.000000,-0.005520,0.007710,0.029144,0.002358,-0.032796,-0.000003,0.031241,0.004420,0.048044,0.030648,0.057478
12.020000,1.848000,0.104726,0.007754,0.954565,0.002432,-0.033329,-0.000004,0.007967,0.004175,-0.035380,0.007276,-0.051863,0.000031,0.109656,0.000000,0.924136,0.000000,0.000000,0.000000,-0.027716,0.000000,-0.080322,0.000000,0.000000,0.000000,-0.004930,0.007754,0.030429,0.002432,-0.033329,-0.000004,0.035683,0.004175,0.044942,0.031786,0.057537
12.030000,1.858000,0.104723,0.007770,0.953706,0.002506,-0.033878,-0.000004,0.004219,0.003834,-0.030713,0.007185,-0.051999,0.000036,0.109656,0.000000,0.924136,0.000000,0.000000,0.000000,-0.027716,0.000000,-0.080322,0.000000,0.000000,0.000000,-0.004933,0.007770,0.029570,0.002506,-0.033878,-0.000004,0.031935,0.003834,0.049609,0.030969,0.059124
12.040000,1.868000,0.104739,0.007800,0.952921,0.002575,-0.034391,-0.000005,0.000618,0.003544,-0.025971,0.006966,-0.050846,0.000033,0.109022,0.000000,0.922620,0.000000,0.000000,0.000000,-0.035728,0.000000,-0.071149,0.000000,0.000000,0.000000,-0.004283,0.007800,0.030301,0.002575,-0.034391,-0.000005,0.036346,0.003544,0.045178,0.031581,0.058092
12.050000,1.878000,0.104735,0.007831,0.952147,0.002643,-0.034887,-0.000006,-0.002974,0.003263,-0.021372,0.006338,-0.049340,0.000033,0.109022,0.000000,0.922620,0.000000,0.000000,0.000000,-0.035728,0.000000,-0.071149,0.000000,0.000000,0.000000,-0.004287,0.007831,0.029527,0.002643,-0.034887,-0.000006,0.032754,0.003263,0.049777,0.030847,0.059676
12.060000,1.888000,0.104703,0.007861,0.951388,0.002712,-0.035369,-0.000007,-0.006591,0.002983,-0.016868,0.006441,-0.048028,0.000029,0.108092,0.000000,0.921111,0.000000,0.000000,0.000000,-0.045143,0.000000,-0.059912,0.000000,0.000000,0.000000,-0.003389,0.007861,0.030277,0.002712,-0.035369,-0.000007,0.038552,0.002983,0.043044,0.031464,0.057861
12.070000,1.898000,0.104619,0.007900,0.950210,0.002779,-0.035827,-0.000008,-0.010317,0.002736,-0.013503,0.006312,-0.046274,0.000024,0.108092,0.000000,0.921111,0.000000,0.000000,0.000000,-0.045143,0.000000,-0.059912,0.000000,0.000000,0.000000,-0.003473,0.007900,0.029099,0.002779,-0.035827,-0.000008,0.034826,0.002736,0.046409,0.030352,0.058087
12.080000,1.908000,0.104483,0.007935,0.949428,0.002840,-0.036294,-0.000009,-0.014169,0.002473,-0.009096,0.005444,-0.045058,0.000020,0.107265,0.000000,0.920167,0.000000,0.000000,0.000000,-0.052233,0.000000,-0.051150,0.000000,0.000000,0.000000,-0.002782,0.007935,0.029261,0.002840,-0.036294,-0.000009,0.038064,0.002473,0.042054,0.030445,0.056776
12.090000,1.918000,0.104342,0.007959,0.949337,0.002924,-0.036749,-0.000010,-0.018034,0.002170,-0.000742,0.005853,-0.050510,0.000020,0.107265,0.000000,0.920167,0.000000,0.000000,0.000000,-0.052233,0.000000,-0.051150,0.000000,0.000000,0.000000,-0.002923,0.007959,0.029170,0.002924,-0.036749,-0.000010,0.034199,0.002170,0.050408,0.030377,0.060953
12.100000,1.928000,0.104157,0.007973,0.948202,0.003003,-0.037168,-0.000011,-0.021925,0.001833,0.004327,0.006039,-0.049865,0.000016,0.106135,0.000000,0.919251,0.000000,0.000000,0.000000,-0.060709,0.000000,-0.040367,0.000000,0.000000,0.000000,-0.001978,0.007973,0.028951,0.003003,-0.037168,-0.000011,0.038784,0.001833,0.044694,0.030094,0.059204
12.110000,1.938000,0.103938,0.007991,0.948245,0.003082,-0.037622,-0.000013,-0.025822,0.001518,0.011040,0.005732,-0.043109,0.000009,0.106135,0.000000,0.919251,0.000000,0.000000,0.000000,-0.060709,0.000000,-0.040367,0.000000,0.000000,0.000000,-0.002197,0.007991,0.028994,0.003082,-0.037622,-0.000013,0.034887,0.001518,0.051407,0.030155,0.062146
12.120000,1.948000,0.103669,0.008002,0.947237,0.003165,-0.038098,-0.000014,-0.029773,0.001179,0.014494,0.006034,-0.046045,0.000006,0.104835,0.000000,0.918555,0.000000,0.000000,0.000000,-0.069321,0.000000,-0.029095,0.000000,0.000000,0.000000,-0.001166,0.008002,0.028682,0.003165,-0.038098,-0.000014,0.039548,0.001179,0.043589,0.029800,0.058868
12.130000,1.958000,0.103371,0.008013,0.947382,0.003225,-0.038559,-0.000015,-0.033771,0.000847,0.021286,0.003199,-0.045292,0.000012,0.104835,0.000000,0.918555,0.000000,0.000000,0.000000,-0.069321,0.000000,-0.029095,0.000000,0.000000,0.000000,-0.001464,0.008013,0.028827,0.003225,-0.038559,-0.000015,0.035550,0.000847,0.050381,0.029956,0.061667
12.142000,1.970000,0.103024,0.008017,0.946475,0.003334,-0.039058,-0.000017,-0.037823,0.000494,0.024813,0.005378,-0.048526,0.000024,0.103362,0.000000,0.918090,0.000000,0.000000,0.000000,-0.078061,0.000000,-0.017362,0.000000,0.000000,0.000000,-0.000338,0.008017,0.028385,0.003334,-0.039058,-0.000017,0.040238,0.000494,0.042175,0.029497,0.058293
12.150000,1.978000,0.102553,0.008022,0.946203,0.003417,-0.039565,-0.000018,-0.042266,0.000142,0.030418,0.005581,-0.046220,0.000037,0.103362,0.000000,0.918090,0.000000,0.000000,0.000000,-0.078061,0.000000,-0.017362,0.000000,0.000000,0.000000,-0.000809,0.008022,0.028113,0.003417,-0.039565,-0.000018,0.035795,0.000142,0.047780,0.029246,0.059701
12.160000,1.988000,0.102070,0.008021,0.945960,0.003503,-0.040048,-0.000019,-0.046646,-0.000226,0.035937,0.005790,-0.044714,0.000047,0.101712,0.000000,0.917864,0.000000,0.000000,0.000000,-0.086918,0.000000,-0.005198,0.000000,0.000000,0.000000,0.000358,0.008021,0.028096,0.003503,-0.040048,-0.000019,0.040272,-0.000226,0.041135,0.029221,0.057567
12.170000,1.998000,0.101603,0.008019,0.946319,0.003561,-0.040495,-0.000021,-0.050887,-0.000596,0.043687,0.001221,-0.040926,0.000050,0.101712,0.000000,0.917864,0.000000,0.000000,0.000000,-0.086918,0.000000,-0.005198,0.000000,0.000000,0.000000,-0.000109,0.008019,0.028455,0.003561,-0.040495,-0.000021,0.036031,-0.000596,0.048885,0.029564,0.060732
12.183000,2.011000,0.101217,0.008008,0.945609,0.003684,-0.040890,-0.000021,-0.054699,-0.000991,0.048041,0.004765,-0.040198,0.000076,0.099884,0.000000,0.917885,0.000000,0.000000,0.000000,-0.095883,0.000000,0.007364,0.000000,0.000000,0.000000,0.001333,0.008008,0.027724,0.003684,-0.040890,-0.000021,0.041184,-0.000991,0.040677,0.028888,0.057894
12.190000,2.018000,0.100559,0.007994,0.945638,0.003732,-0.041318,-0.000022,-0.059423,-0.001394,0.054401,0.001217,-0.037005,0.000077,0.099884,0.000000,0.917885,0.000000,0.000000,0.000000,-0.095883,0.000000,0.007364,0.000000,0.000000,0.000000,0.000675,0.007994,0.027753,0.003732,-0.041318,-0.000022,0.036460,-0.001394,0.047037,0.028889,0.059529
12.200000,2.028000,0.099965,0.007980,0.946182,0.003841,-0.041712,-0.000022,-0.063798,-0.001792,0.062083,0.003918,-0.035382,0.000113,0.097876,0.000000,0.918161,0.000000,0.000000,0.000000,-0.104945,0.000000,0.020288,0.000000,0.000000,0.000000,0.002089,0.007980,0.028021,0.003841,-0.041712,-0.000022,0.041147,-0.001792,0.041795,0.029210,0.058678
12.212000,2.040000,0.099457,0.007961,0.945623,0.003918,-0.041991,-0.000022,-0.067727,-0.002202,0.066810,0.002874,-0.031016,0.000126,0.097876,0.000000,0.918161,0.000000,0.000000,0.000000,-0.104945,0.000000,0.020288,0.000000,0.000000,0.000000,0.001581,0.007961,0.027462,0.003918,-0.041991,-0.000022,0.037218,-0.002202,0.046522,0.028636,0.059618
12.220000,2.048000,0.098780,0.007939,0.946291,0.003947,-0.042301,-0.000022,-0.072192,-0.002618,0.074968,-0.001691,-0.028216,0.000120,0.095572,0.000000,0.918732,0.000000,0.000000,0.000000,-0.114553,0.000000,0.034207,0.000000,0.000000,0.000000,0.003208,0.007939,0.027559,0.003947,-0.042301,-0.000022,0.042361,-0.002618,0.040761,0.028859,0.058845
12.230000,2.058000,0.098307,0.007919,0.946112,0.004060,-0.042513,-0.000022,-0.075776,-0.003018,0.080635,0.000661,-0.027756,0.000117,0.095572,0.000000,0.918732,0.000000,0.000000,0.000000,-0.114553,0.000000,0.034207,0.000000,0.000000,0.000000,0.002735,0.007919,0.027380,0.004060,-0.042513,-0.000022,0.038777,-0.003018,0.046428,0.028633,0.060567
12.242000,2.070000,0.097415,0.007882,0.946157,0.004131,-0.042784,-0.000022,-0.080764,-0.003473,0.086893,0.000023,-0.025528,0.000080,0.093312,0.000000,0.919504,0.000000,0.000000,0.000000,-0.123318,0.000000,0.047072,0.000000,0.000000,0.000000,0.004103,0.007882,0.026653,0.004131,-0.042784,-0.000022,0.042554,-0.003473,0.039821,0.028095,0.058383
12.251000,2.079000,0.096393,0.007837,0.946684,0.004183,-0.043065,-0.000022,-0.086092,-0.003949,0.094363,-0.001548,-0.023039,0.000030,0.093312,0.000000,0.919504,0.000000,0.000000,0.000000,-0.123318,0.000000,0.047072,0.000000,0.000000,0.000000,0.003081,0.007837,0.027180,0.004183,-0.043065,-0.000022,0.037226,-0.003949,0.047291,0.028455,0.060314
12.261000,2.089000,0.095409,0.007790,0.947173,0.004228,-0.043309,-0.000023,-0.091117,-0.004419,0.101499,-0.002502,-0.021965,-0.000003,0.090620,0.000000,0.920644,0.000000,0.000000,0.000000,-0.133073,0.000000,0.061547,0.000000,0.000000,0.000000,0.004789,0.007790,0.026529,0.004228,-0.043309,-0.000023,0.041956,-0.004419,0.039952,0.028061,0.058103
12.272000,2.100000,0.094438,0.007741,0.947692,0.004264,-0.043529,-0.000024,-0.095937,-0.004886,0.108476,-0.003368,-0.020913,-0.000005,0.090620,0.000000,0.920644,0.000000,0.000000,0.000000,-0.133073,0.000000,0.061547,0.000000,0.000000,0.000000,0.003818,0.007741,0.027048,0.004264,-0.043529,-0.000024,0.037136,-0.004886,0.046929,0.028392,0.060044
12.280000,2.108000,0.093453,0.007689,0.948266,0.004230,-0.043736,-0.000025,-0.100655,-0.005350,0.115409,-0.009791,-0.020588,0.000001,0.088007,0.000000,0.921939,0.000000,0.000000,0.000000,-0.141950,0.000000,0.074833,0.000000,0.000000,0.000000,0.005446,0.007689,0.026327,0.004230,-0.043736,-0.000025,0.041295,-0.005350,0.040576,0.027962,0.058140
12.290000,2.118000,0.092439,0.007633,0.948902,0.004322,-0.043934,-0.000026,-0.105331,-0.005816,0.122425,-0.004200,-0.020054,-0.000008,0.088007,0.000000,0.921939,0.000000,0.000000,0.000000,-0.141950,0.000000,0.074833,0.000000,0.000000,0.000000,0.004432,0.007633,0.026963,0.004322,-0.043934,-0.000026,0.036619,-0.005816,0.047592,0.028371,0.060331
12.301000,2.129000,0.091389,0.007573,0.949605,0.004350,-0.044120,-0.000027,-0.109991,-0.006283,0.129432,-0.004528,-0.019123,-0.000004,0.084923,0.000000,0.923667,0.000000,0.000000,0.000000,-0.151804,0.000000,0.089682,0.000000,0.000000,0.000000,0.006466,0.007573,0.025938,0.004350,-0.044120,-0.000027,0.041813,-0.006283,0.039750,0.027784,0.058033
12.310000,2.138000,0.090289,0.007510,0.950900,0.004367,-0.044305,-0.000028,-0.114696,-0.006746,0.137894,-0.005663,-0.017113,0.000018,0.084923,0.000000,0.923667,0.000000,0.000000,0.000000,-0.151804,0.000000,0.089682,0.000000,0.000000,0.000000,0.005366,0.007510,0.027233,0.004367,-0.044305,-0.000028,0.037108,-0.006746,0.048212,0.028755,0.061212
12.320000,2.148000,0.089602,0.007465,0.950782,0.004376,-0.044328,-0.000028,-0.117730,-0.007126,0.142010,-0.005857,-0.015865,0.000041,0.081954,0.000000,0.925499,0.000000,0.000000,0.000000,-0.160749,0.000000,0.103220,0.000000,0.000000,0.000000,0.007648,0.007465,0.025283,0.004376,-0.044328,-0.000028,0.043019,-0.007126,0.038790,0.027449,0.058362
12.331000,2.159000,0.088221,0.007380,0.951927,0.004397,-0.044538,-0.000029,-0.123178,-0.007640,0.149521,-0.006099,-0.015002,0.000058,0.081954,0.000000,0.925499,0.000000,0.000000,0.000000,-0.160749,0.000000,0.103220,0.000000,0.000000,0.000000,0.006267,0.007380,0.026428,0.004397,-0.044538,-0.000029,0.037571,-0.007640,0.046301,0.028146,0.060114
12.341000,2.169000,0.086885,0.007296,0.953008,0.004417,-0.044706,-0.000029,-0.128286,-0.008134,0.156619,-0.006009,-0.013726,0.000076,0.078644,0.000000,0.927706,0.000000,0.000000,0.000000,-0.170181,0.000000,0.117531,0.000000,0.000000,0.000000,0.008241,0.007296,0.025302,0.004417,-0.044706,-0.000029,0.041895,-0.008134,0.039088,0.027592,0.057872
12.350000,2.178000,0.085560,0.007210,0.954097,0.004439,-0.044843,-0.000028,-0.133198,-0.008619,0.163877,-0.006351,-0.012804,0.000083,0.078644,0.000000,0.927706,0.000000,0.000000,0.000000,-0.170181,0.000000,0.117531,0.000000,0.000000,0.000000,0.006916,0.007210,0.026391,0.004439,-0.044843,-0.000028,0.036983,-0.008619,0.046346,0.028219,0.059916
12.360000,2.188000,0.084221,0.007122,0.955232,0.004375,-0.044964,-0.000028,-0.138002,-0.009099,0.171055,-0.014231,-0.012222,0.000085,0.075146,0.000000,0.930200,0.000000,0.000000,0.000000,-0.179620,0.000000,0.131856,0.000000,0.000000,0.000000,0.009075,0.007122,0.025032,0.004375,-0.044964,-0.000028,0.041618,-0.009099,0.039199,0.027562,0.057891
12.370000,2.198000,0.082851,0.007030,0.956425,0.004481,-0.045075,-0.000028,-0.142750,-0.009577,0.178127,-0.007026,-0.011106,0.000086,0.075146,0.000000,0.930200,0.000000,0.000000,0.000000,-0.179620,0.000000,0.131856,0.000000,0.000000,0.000000,0.007705,0.007030,0.026225,0.004481,-0.045075,-0.000028,0.036870,-0.009577,0.046271,0.028223,0.059934
12.380000,2.208000,0.081444,0.006934,0.957682,0.004509,-0.045172,-0.000027,-0.147473,-0.010055,0.185178,-0.006924,-0.010007,0.000098,0.071460,0.000000,0.932981,0.000000,0.000000,0.000000,-0.189052,0.000000,0.146145,0.000000,0.000000,0.000000,0.009984,0.006934,0.024701,0.004509,-0.045172,-0.000027,0.041579,-0.010055,0.039033,0.027530,0.057909
12.390000,2.218000,0.079996,0.006834,0.959006,0.004538,-0.045247,-0.000026,-0.152182,-0.010533,0.192159,-0.007094,-0.007727,0.000121,0.071460,0.000000,0.932981,0.000000,0.000000,0.000000,-0.189052,0.000000,0.146145,0.000000,0.000000,0.000000,0.008536,0.006834,0.026025,0.004538,-0.045247,-0.000026,0.036870,-0.010533,0.046014,0.028229,0.059897
12.400000,2.228000,0.078504,0.006729,0.960398,0.004558,-0.045298,-0.000025,-0.156884,-0.011013,0.199134,-0.007581,-0.005455,0.000144,0.067584,0.000000,0.936046,0.000000,0.000000,0.000000,-0.198466,0.000000,0.160347,0.000000,0.000000,0.000000,0.010920,0.006729,0.024352,0.004558,-0.045298,-0.000025,0.041582,-0.011013,0.038787,0.027524,0.057920
12.410000,2.238000,0.076935,0.006619,0.962389,0.004482,-0.045353,-0.000024,-0.161715,-0.011499,0.207609,-0.017777,-0.004301,0.000129,0.067584,0.000000,0.936046,0.000000,0.000000,0.000000,-0.198466,0.000000,0.160347,0.000000,0.000000,0.000000,0.009351,0.006619,0.026343,0.004482,-0.045353,-0.000024,0.036751,-0.011499,0.047262,0.028726,0.060964
12.420000,2.248000,0.076378,0.006576,0.962549,0.004585,-0.045101,-0.000022,-0.162722,-0.011725,0.210521,-0.008676,-0.003985,0.000142,0.063521,0.000000,0.939393,0.000000,0.000000,0.000000,-0.207849,0.000000,0.174410,0.000000,0.000000,0.000000,0.012857,0.006576,0.023156,0.004585,-0.045101,-0.000022,0.045127,-0.011725,0.036111,0.027290,0.058974
12.430000,2.258000,0.075122,0.006485,0.963711,0.004609,-0.045018,-0.000021,-0.166172,-0.012119,0.215891,-0.004354,-0.001935,0.000132,0.063521,0.000000,0.939393,0.000000,0.000000,0.000000,-0.207849,0.000000,0.174410,0.000000,0.000000,0.000000,0.011601,0.006485,0.024318,0.004609,-0.045018,-0.000021,0.041677,-0.012119,0.041481,0.027713,0.060038
12.440000,2.268000,0.073122,0.006338,0.965495,0.004649,-0.045114,-0.000019,-0.172169,-0.012697,0.222907,-0.003036,0.000289,0.000124,0.059271,0.000000,0.943021,0.000000,0.000000,0.000000,-0.217188,0.000000,0.188282,0.000000,0.000000,0.000000,0.013851,0.006338,0.022474,0.004649,-0.045114,-0.000019,0.045019,-0.012697,0.034625,0.027150,0.058196
12.450000,2.278000,0.070937,0.006177,0.967793,0.004712,-0.045238,-0.000018,-0.178689,-0.013321,0.232148,-0.008214,-0.002904,0.000079,0.059271,0.000000,0.943021,0.000000,0.000000,0.000000,-0.217188,0.000000,0.188282,0.000000,0.000000,0.000000,0.011666,0.006177,0.024772,0.004712,-0.045238,-0.000018,0.038499,-0.013321,0.043866,0.028070,0.059865
12.460000,2.288000,0.068900,0.006024,0.969896,0.004770,-0.045308,-0.000018,-0.184435,-0.013895,0.240540,-0.008688,-0.003977,0.000006,0.054834,0.000000,0.946923,0.000000,0.000000,0.000000,-0.226471,0.000000,0.201910,0.000000,0.000000,0.000000,0.014066,0.006024,0.022973,0.004770,-0.045308,-0.000018,0.042036,-0.013895,0.038630,0.027603,0.058757
12.470000,2.298000,0.067056,0.005885,0.972302,0.004683,-0.045347,-0.000018,-0.189266,-0.014403,0.248984,-0.021208,-0.003622,-0.000003,0.054834,0.000000,0.946923,0.000000,0.000000,0.000000,-0.226471,0.000000,0.201910,0.000000,0.000000,0.000000,0.012222,0.005885,0.025379,0.004683,-0.045347,-0.000018,0.037205,-0.014403,0.047074,0.028777,0.061706
12.480000,2.308000,0.065762,0.005785,0.973070,0.004842,-0.045182,-0.000019,-0.191922,-0.014758,0.252420,-0.009127,-0.001909,-0.000049,0.050212,0.000000,0.951095,0.000000,0.000000,0.000000,-0.235685,0.000000,0.215242,0.000000,0.000000,0.000000,0.015550,0.005785,0.021975,0.004842,-0.045182,-0.000019,0.043763,-0.014758,0.037178,0.027535,0.059289
12.490000,2.318000,0.063843,0.005637,0.975594,0.004751,-0.045201,-0.000020,-0.196705,-0.015270,0.260111,-0.016828,0.000579,-0.000037,0.050212,0.000000,0.951095,0.000000,0.000000,0.000000,-0.235685,0.000000,0.215242,0.000000,0.000000,0.000000,0.013631,0.005637,0.024499,0.004751,-0.045201,-0.000020,0.038980,-0.015270,0.044869,0.028597,0.061366
12.500000,2.328000,0.062639,0.005542,0.976598,0.004855,-0.045019,-0.000021,-0.198733,-0.015574,0.263154,-0.005823,0.000213,-0.000060,0.045407,0.000000,0.955530,0.000000,0.000000,0.000000,-0.244816,0.000000,0.228225,0.000000,0.000000,0.000000,0.017232,0.005542,0.021068,0.004855,-0.045019,-0.000021,0.046083,-0.015574,0.034929,0.027776,0.059885
12.512000,2.340000,0.060336,0.005361,0.978848,0.004919,-0.045112,-0.000022,-0.204644,-0.016182,0.269917,-0.006204,0.000089,-0.000090,0.045407,0.000000,0.955530,0.000000,0.000000,0.000000,-0.244816,0.000000,0.228225,0.000000,0.000000,0.000000,0.014929,0.005361,0.023318,0.004919,-0.045112,-0.000022,0.040172,-0.016182,0.041692,0.028202,0.060115
12.520000,2.348000,0.057761,0.005157,0.981746,0.005004,-0.045240,-0.000023,-0.211346,-0.016858,0.278376,-0.003991,0.002249,-0.000102,0.040420,0.000000,0.960221,0.000000,0.000000,0.000000,-0.253853,0.000000,0.240806,0.000000,0.000000,0.000000,0.017341,0.005157,0.021525,0.005004,-0.045240,-0.000023,0.042507,-0.016858,0.037570,0.028118,0.059182
12.531000,2.359000,0.055371,0.004966,0.984387,0.005106,-0.045282,-0.000024,-0.217252,-0.017486,0.288309,-0.008045,-0.001755,-0.000084,0.040420,0.000000,0.960221,0.000000,0.000000,0.000000,-0.253853,0.000000,0.240806,0.000000,0.000000,0.000000,0.014951,0.004966,0.024166,0.005106,-0.045282,-0.000024,0.036601,-0.017486,0.047503,0.028848,0.062465
12.540000,2.368000,0.053090,0.004781,0.986937,0.005199,-0.045288,-0.000025,-0.222549,-0.018077,0.297679,-0.008854,-0.003162,-0.000072,0.035254,0.000000,0.965160,0.000000,0.000000,0.000000,-0.262781,0.000000,0.252934,0.000000,0.000000,0.000000,0.017836,0.004781,0.021777,0.005199,-0.045288,-0.000025,0.040232,-0.018077,0.044745,0.028552,0.062829
12.550000,2.378000,0.050865,0.004600,0.989914,0.005111,-0.045319,-0.000026,-0.227406,-0.018634,0.306758,-0.026173,-0.003445,-0.000037,0.035254,0.000000,0.965160,0.000000,0.000000,0.000000,-0.262781,0.000000,0.252934,0.000000,0.000000,0.000000,0.015611,0.004600,0.024754,0.005111,-0.045319,-0.000026,0.035375,-0.018634,0.053824,0.029625,0.067050
12.560000,2.388000,0.050015,0.004528,0.990553,0.005313,-0.044903,-0.000027,-0.227128,-0.018790,0.308782,-0.011798,-0.001008,-0.000044,0.029910,0.000000,0.970335,0.000000,0.000000,0.000000,-0.271589,0.000000,0.264557,0.000000,0.000000,0.000000,0.020105,0.004528,0.020218,0.005313,-0.044903,-0.000027,0.044461,-0.018790,0.044225,0.028870,0.065465
12.570000,2.398000,0.048243,0.004380,0.992533,0.005343,-0.044788,-0.000027,-0.229994,-0.019197,0.311275,-0.008080,0.005323,0.000023,0.029910,0.000000,0.970335,0.000000,0.000000,0.000000,-0.271589,0.000000,0.264557,0.000000,0.000000,0.000000,0.018333,0.004380,0.022198,0.005343,-0.044788,-0.000027,0.041595,-0.019197,0.046718,0.029121,0.065431
12.581000,2.409000,0.045466,0.004147,0.995537,0.005272,-0.044875,-0.000026,-0.236381,-0.019897,0.316673,-0.018515,0.012930,0.000048,0.024391,0.000000,0.975738,0.000000,0.000000,0.000000,-0.280264,0.000000,0.275624,0.000000,0.000000,0.000000,0.021075,0.004147,0.019799,0.005272,-0.044875,-0.000026,0.043883,-0.019897,0.041049,0.029212,0.063298
12.591000,2.419000,0.042466,0.003894,0.999083,0.005405,-0.045084,-0.000025,-0.243502,-0.020667,0.326479,-0.018243,-0.001669,0.000080,0.024391,0.000000,0.975738,0.000000,0.000000,0.000000,-0.280264,0.000000,0.275624,0.000000,0.000000,0.000000,0.018075,0.003894,0.023345,0.005405,-0.045084,-0.000025,0.036762,-0.020667,0.050855,0.029780,0.066067
12.601000,2.429000,0.039697,0.003658,1.002322,0.005423,-0.045109,-0.000025,-0.249529,-0.021351,0.335090,-0.019714,0.001627,0.000049,0.017832,0.000000,0.982217,0.000000,0.000000,0.000000,-0.290057,0.000000,0.287601,0.000000,0.000000,0.000000,0.021865,0.003658,0.020105,0.005423,-0.045109,-0.000025,0.040528,-0.021351,0.047489,0.029928,0.065982
12.610000,2.438000,0.037202,0.003444,1.005673,0.005225,-0.045093,-0.000024,-0.254211,-0.021913,0.340708,-0.036271,0.009723,0.000044,0.017832,0.000000,0.982217,0.000000,0.000000,0.000000,-0.290057,0.000000,0.287601,0.000000,0.000000,0.000000,0.019370,0.003444,0.023456,0.005225,-0.045093,-0.000024,0.035846,-0.021913,0.053107,0.030614,0.067716
12.620000,2.448000,0.035491,0.003294,1.007148,0.005371,-0.044760,-0.000024,-0.255883,-0.022226,0.340712,-0.019013,0.017410,-0.000023,0.012841,0.000000,0.987177,0.000000,0.000000,0.000000,-0.297160,0.000000,0.295895,0.000000,0.000000,0.000000,0.022650,0.003294,0.019971,0.005371,-0.044760,-0.000024,0.041277,-0.022226,0.044817,0.030376,0.064856
12.630000,2.458000,0.032932,0.003071,1.010555,0.005181,-0.044586,-0.000023,-0.260494,-0.022778,0.345555,-0.028386,0.023837,-0.000018,0.012841,0.000000,0.987177,0.000000,0.000000,0.000000,-0.297160,0.000000,0.295895,0.000000,0.000000,0.000000,0.020091,0.003071,0.023378,0.005181,-0.044586,-0.000023,0.036666,-0.022778,0.049660,0.030978,0.065798
12.640000,2.468000,0.031353,0.002931,1.012142,0.005234,-0.044171,-0.000023,-0.261391,-0.023009,0.344961,-0.014389,0.022966,-0.000034,0.006815,0.000000,0.993188,0.000000,0.000000,0.000000,-0.305357,0.000000,0.305003,0.000000,0.000000,0.000000,0.024538,0.002931,0.018954,0.005234,-0.044171,-0.000023,0.043966,-0.023009,0.039958,0.031144,0.063711
12.650000,2.478000,0.028331,0.002664,1.015454,0.005239,-0.044037,-0.000022,-0.267425,-0.023684,0.349537,-0.015749,0.026485,-0.000022,0.006815,0.000000,0.993188,0.000000,0.000000,0.000000,-0.305357,0.000000,0.305003,0.000000,0.000000,0.000000,0.021516,0.002664,0.022266,0.005239,-0.044037,-0.000022,0.037932,-0.023684,0.044534,0.031077,0.063111
12.661000,2.489000,0.024969,0.002366,1.019434,0.005269,-0.043902,-0.000021,-0.274463,-0.024449,0.355943,-0.013194,0.033804,-0.000021,0.000628,0.000000,0.999372,0.000000,0.000000,0.000000,-0.313369,0.000000,0.313366,0.000000,0.000000,0.000000,0.024341,0.002366,0.020062,0.005269,-0.043902,-0.000021,0.038906,-0.024449,0.042577,0.031632,0.062644
12.670000,2.498000,0.022225,0.002121,1.022994,0.005137,-0.043564,-0.000019,-0.279011,-0.024995,0.361359,-0.033337,0.034111,-0.000001,0.000628,0.000000,0.999372,0.000000,0.000000,0.000000,-0.313369,0.000000,0.313366,0.000000,0.000000,0.000000,0.021597,0.002121,0.023622,0.005137,-0.043564,-0.000019,0.034358,-0.024995,0.047993,0.032077,0.064098
12.680000,2.508000,0.020766,0.001989,1.024405,0.005309,-0.042813,-0.000019,-0.278718,-0.025122,0.360369,-0.019029,0.036576,-0.000075,-0.005718,0.000000,1.005717,0.000000,0.000000,0.000000,-0.321184,0.000000,0.320939,0.000000,0.000000,0.000000,0.026484,0.001989,0.018688,0.005309,-0.042813,-0.000019,0.042466,-0.025122,0.039430,0.032475,0.063160
12.691000,2.519000,0.017618,0.001704,1.027845,0.005341,-0.042515,-0.000018,-0.284412,-0.025789,0.364184,-0.013694,0.040689,-0.000175,-0.005718,0.000000,1.005717,0.000000,0.000000,0.000000,-0.321184,0.000000,0.320939,0.000000,0.000000,0.000000,0.023336,0.001704,0.022128,0.005341,-0.042515,-0.000018,0.036772,-0.025789,0.043245,0.032204,0.062349
12.700000,2.528000,0.014774,0.001446,1.031487,0.005204,-0.042108,-0.000018,-0.288768,-0.026336,0.368478,-0.027152,0.041579,-0.000161,-0.012218,0.000000,1.012204,0.000000,0.000000,0.000000,-0.328789,0.000000,0.327681,0.000000,0.000000,0.000000,0.026992,0.001446,0.019283,0.005204,-0.042108,-0.000018,0.040021,-0.026336,0.040797,0.033204,0.062926
12.710000,2.538000,0.012748,0.001260,1.033603,0.005297,-0.041433,-0.000018,-0.289992,-0.026605,0.368605,-0.025355,0.039597,-0.000183,-0.012218,0.000000,1.012204,0.000000,0.000000,0.000000,-0.328789,0.000000,0.327681,0.000000,0.000000,0.000000,0.024966,0.001260,0.021399,0.005297,-0.041433,-0.000018,0.038797,-0.026605,0.040924,0.032906,0.062352
12.720000,2.548000,0.009276,0.000941,1.037393,0.005309,-0.041153,-0.000019,-0.296332,-0.027343,0.373610,-0.026578,0.040864,-0.000254,-0.018868,0.000000,1.018818,0.000000,0.000000,0.000000,-0.336172,0.000000,0.333553,0.000000,0.000000,0.000000,0.028144,0.000941,0.018575,0.005309,-0.041153,-0.000019,0.039840,-0.027343,0.040057,0.033734,0.062765
12.730000,2.558000,0.005529,0.000594,1.041734,0.005062,-0.040963,-0.000020,-0.303463,-0.028158,0.381335,-0.045613,0.032260,-0.000193,-0.018868,0.000000,1.018818,0.000000,0.000000,0.000000,-0.336172,0.000000,0.333553,0.000000,0.000000,0.000000,0.024397,0.000594,0.022916,0.005062,-0.040963,-0.000020,0.032709,-0.028158,0.047782,0.033477,0.064388
12.742000,2.570000,0.002096,0.000275,1.045662,0.005162,-0.040605,-0.000022,-0.309158,-0.028839,0.387616,-0.028970,0.032818,-0.000299,-0.026007,0.000000,1.025879,0.000000,0.000000,0.000000,-0.343672,0.000000,0.338741,0.000000,0.000000,0.000000,0.028103,0.000275,0.019783,0.005162,-0.040605,-0.000022,0.034514,-0.028839,0.048875,0.034369,0.066420
12.753000,2.581000,-0.001138,-0.000028,1.049350,0.005037,-0.040280,-0.000024,-0.313769,-0.029410,0.390046,-0.024833,0.038397,-0.000261,-0.026007,0.000000,1.025879,0.000000,0.000000,0.000000,-0.343672,0.000000,0.338741,0.000000,0.000000,0.000000,0.024869,-0.000028,0.023471,0.005037,-0.040280,-0.000024,0.029903,-0.029410,0.051305,0.034196,0.066267
12.760000,2.588000,-0.004276,-0.000322,1.053250,0.004789,-0.039896,-0.000024,-0.317843,-0.029919,0.393030,-0.035943,0.041331,-0.000196,-0.032600,0.000000,1.032353,0.000000,0.000000,0.000000,-0.350225,0.000000,0.342540,0.000000,0.000000,0.000000,0.028324,-0.000322,0.020897,0.004789,-0.039896,-0.000024,0.032382,-0.029919,0.050490,0.035200,0.067030
12.771000,2.599000,-0.006162,-0.000503,1.054932,0.004803,-0.039224,-0.000027,-0.317183,-0.029982,0.388375,-0.031255,0.037953,-0.000258,-0.032600,0.000000,1.032353,0.000000,0.000000,0.000000,-0.350225,0.000000,0.342540,0.000000,0.000000,0.000000,0.026438,-0.000503,0.022579,0.004803,-0.039224,-0.000027,0.033042,-0.029982,0.045835,0.034771,0.063965
12.781000,2.609000,-0.009862,-0.000853,1.059121,0.004504,-0.038992,-0.000028,-0.323021,-0.030643,0.391150,-0.052718,0.041416,-0.000173,-0.039671,0.000000,1.039236,0.000000,0.000000,0.000000,-0.356871,0.000000,0.345589,0.000000,0.000000,0.000000,0.029809,-0.000853,0.019885,0.004504,-0.038992,-0.000028,0.033850,-0.030643,0.045561,0.035843,0.064503
12.793000,2.621000,-0.013325,-0.001183,1.062971,0.004682,-0.038698,-0.000029,-0.327776,-0.031202,0.393235,-0.026207,0.039038,-0.000199,-0.039671,0.000000,1.039236,0.000000,0.000000,0.000000,-0.356871,0.000000,0.345589,0.000000,0.000000,0.000000,0.026346,-0.001183,0.023735,0.004682,-0.038698,-0.000029,0.029095,-0.031202,0.047646,0.035480,0.063955
12.800000,2.628000,-0.016603,-0.001495,1.066904,0.004420,-0.038307,-0.000029,-0.331662,-0.031672,0.395501,-0.044936,0.040501,-0.000114,-0.046873,0.000000,1.046170,0.000000,0.000000,0.000000,-0.363247,0.000000,0.347635,0.000000,0.000000,0.000000,0.030270,-0.001495,0.020734,0.004420,-0.038307,-0.000029,0.031585,-0.031672,0.047866,0.036721,0.065512
12.810000,2.638000,-0.017858,-0.001616,1.068027,0.004485,-0.037313,-0.000030,-0.328055,-0.031430,0.388585,-0.030093,0.046030,-0.000117,-0.046873,0.000000,1.046170,0.000000,0.000000,0.000000,-0.363247,0.000000,0.347635,0.000000,0.000000,0.000000,0.029015,-0.001616,0.021857,0.004485,-0.037313,-0.000030,0.035192,-0.031430,0.040950,0.036362,0.062476
12.821000,2.649000,-0.021368,-0.001953,1.071673,0.004442,-0.036937,-0.000028,-0.332619,-0.031961,0.389198,-0.029806,0.050443,0.000005,-0.054569,0.000000,1.053483,0.000000,0.000000,0.000000,-0.369640,0.000000,0.348676,0.000000,0.000000,0.000000,0.033201,-0.001953,0.018190,0.004442,-0.036937,-0.000028,0.037021,-0.031961,0.040522,0.037908,0.063515
12.830000,2.658000,-0.025488,-0.002349,1.076175,0.004366,-0.036649,-0.000025,-0.339206,-0.032683,0.392958,-0.030737,0.049183,0.000125,-0.054569,0.000000,1.053483,0.000000,0.000000,0.000000,-0.369640,0.000000,0.348676,0.000000,0.000000,0.000000,0.029081,-0.002349,0.022692,0.004366,-0.036649,-0.000025,0.030434,-0.032683,0.044282,0.036961,0.062891
12.843000,2.671000,-0.029275,-0.002714,1.080237,0.004274,-0.036221,-0.000021,-0.344301,-0.033258,0.395314,-0.031901,0.051081,0.000216,-0.062771,0.000000,1.061154,0.000000,0.000000,0.000000,-0.375993,0.000000,0.348521,0.000000,0.000000,0.000000,0.033496,-0.002714,0.019083,0.004274,-0.036221,-0.000021,0.031692,-0.033258,0.046793,0.038646,0.065575
12.850000,2.678000,-0.032718,-0.003047,1.084190,0.003955,-0.035710,-0.000017,-0.347885,-0.033680,0.396120,-0.052817,0.052078,0.000205,-0.062771,0.000000,1.061154,0.000000,0.000000,0.000000,-0.375993,0.000000,0.348521,0.000000,0.000000,0.000000,0.030053,-0.003047,0.023036,0.003955,-0.035710,-0.000017,0.028108,-0.033680,0.047599,0.037988,0.064731
12.860000,2.688000,-0.034125,-0.003184,1.085434,0.003997,-0.034575,-0.000012,-0.343969,-0.033378,0.389031,-0.033846,0.055402,0.000230,-0.069965,0.000000,1.067767,0.000000,0.000000,0.000000,-0.381183,0.000000,0.347343,0.000000,0.000000,0.000000,0.035840,-0.003184,0.017667,0.003997,-0.034575,-0.000012,0.037214,-0.033378,0.041688,0.040084,0.065091
12.871000,2.699000,-0.037846,-0.003546,1.089155,0.003901,-0.034107,-0.000006,-0.348397,-0.033871,0.388226,-0.024498,0.058542,0.000269,-0.069965,0.000000,1.067767,0.000000,0.000000,0.000000,-0.381183,0.000000,0.347343,0.000000,0.000000,0.000000,0.032119,-0.003546,0.021388,0.003901,-0.034107,-0.000006,0.032786,-0.033871,0.040883,0.038751,0.062399
12.880000,2.708000,-0.042170,-0.003966,1.093670,0.003814,-0.033754,-0.000000,-0.354812,-0.034550,0.390408,-0.035493,0.055263,0.000271,-0.076868,0.000000,1.074002,0.000000,0.000000,0.000000,-0.385839,0.000000,0.345319,0.000000,0.000000,0.000000,0.034698,-0.003966,0.019668,0.003814,-0.033754,0.000000,0.031027,-0.034550,0.045089,0.040081,0.064726
12.890000,2.718000,-0.045718,-0.004311,1.097575,0.003459,-0.033202,0.000005,-0.358135,-0.034925,0.390732,-0.059520,0.051320,0.000213,-0.076868,0.000000,1.074002,0.000000,0.000000,0.000000,-0.385839,0.000000,0.345319,0.000000,0.000000,0.000000,0.031150,-0.004311,0.023573,0.003459,-0.033202,0.000005,0.027704,-0.034925,0.045413,0.039301,0.063637
12.900000,2.728000,-0.047528,-0.004488,1.099194,0.003594,-0.032055,0.000010,-0.355031,-0.034674,0.384401,-0.033906,0.056552,0.000208,-0.085025,0.000000,1.081219,0.000000,0.000000,0.000000,-0.390940,0.000000,0.341831,0.000000,0.000000,0.000000,0.037497,-0.004488,0.017975,0.003594,-0.032055,0.000010,0.035909,-0.034674,0.042570,0.041824,0.065604
12.910000,2.738000,-0.050439,-0.004772,1.102070,0.003513,-0.031284,0.000013,-0.355868,-0.034803,0.380452,-0.018496,0.062850,0.000101,-0.085025,0.000000,1.081219,0.000000,0.000000,0.000000,-0.390940,0.000000,0.341831,0.000000,0.000000,0.000000,0.034586,-0.004772,0.020851,0.003513,-0.031284,0.000013,0.035072,-0.034803,0.038621,0.040666,0.062713
12.920000,2.748000,-0.054822,-0.005200,1.106293,0.003501,-0.030934,0.000015,-0.361932,-0.035438,0.380548,-0.013753,0.063634,-0.000123,-0.092890,0.000000,1.088013,0.000000,0.000000,0.000000,-0.395456,0.000000,0.337371,0.000000,0.000000,0.000000,0.038068,-0.005200,0.018280,0.003501,-0.030934,0.000015,0.033524,-0.035438,0.043177,0.042548,0.065146
12.930000,2.758000,-0.058441,-0.005555,1.110098,0.003363,-0.030298,0.000016,-0.364955,-0.035780,0.380169,-0.040816,0.056042,-0.000154,-0.092890,0.000000,1.088013,0.000000,0.000000,0.000000,-0.395456,0.000000,0.337371,0.000000,0.000000,0.000000,0.034449,-0.005555,0.022085,0.003363,-0.030298,0.000016,0.030501,-0.035780,0.042798,0.041296,0.063578
12.940000,2.768000,-0.061105,-0.005815,1.112527,0.003589,-0.029370,0.000014,-0.364382,-0.035781,0.375785,-0.024831,0.055358,-0.000350,-0.100442,0.000000,1.094375,0.000000,0.000000,0.000000,-0.399429,0.000000,0.332100,0.000000,0.000000,0.000000,0.039337,-0.005815,0.018152,0.003589,-0.029370,0.000014,0.035047,-0.035781,0.043685,0.043712,0.066460
12.950000,2.778000,-0.064348,-0.006134,1.115599,0.003652,-0.028658,0.000010,-0.365802,-0.035989,0.372088,-0.014479,0.059695,-0.000511,-0.100442,0.000000,1.094375,0.000000,0.000000,0.000000,-0.399429,0.000000,0.332100,0.000000,0.000000,0.000000,0.036094,-0.006134,0.021224,0.003652,-0.028658,0.000010,0.033627,-0.035989,0.039988,0.042319,0.063443
12.960000,2.788000,-0.067788,-0.006472,1.118837,0.003698,-0.028034,0.000005,-0.367821,-0.036265,0.368982,-0.014624,0.057077,-0.000708,-0.108469,0.000000,1.100952,0.000000,0.000000,0.000000,-0.403268,0.000000,0.325462,0.000000,0.000000,0.000000,0.040681,-0.006472,0.017885,0.003698,-0.028034,0.000005,0.035447,-0.036265,0.043520,0.044908,0.066825
12.972000,2.800000,-0.072566,-0.006942,1.123194,0.003787,-0.027835,-0.000003,-0.374571,-0.037017,0.369223,-0.026937,0.049214,-0.000781,-0.116570,0.000000,1.107386,0.000000,0.000000,0.000000,-0.406746,0.000000,0.317708,0.000000,0.000000,0.000000,0.044004,-0.006942,0.015808,0.003787,-0.027835,-0.000003,0.032175,-0.037017,0.051515,0.047270,0.071129
12.980000,2.808000,-0.077388,-0.007419,1.127674,0.003823,-0.027642,-0.000011,-0.381195,-0.037772,0.369836,-0.031615,0.044878,-0.000841,-0.116570,0.000000,1.107386,0.000000,0.000000,0.000000,-0.406746,0.000000,0.317708,0.000000,0.000000,0.000000,0.039182,-0.007419,0.020288,0.003823,-0.027642,-0.000011,0.025551,-0.037772,0.052128,0.044742,0.069260
12.990000,2.818000,-0.081745,-0.007851,1.131623,0.003523,-0.027350,-0.000018,-0.385816,-0.038333,0.367639,-0.058641,0.046888,-0.000636,-0.116570,0.000000,1.107386,0.000000,0.000000,0.000000,-0.406746,0.000000,0.317708,0.000000,0.000000,0.000000,0.034825,-0.007851,0.024237,0.003523,-0.027350,-0.000018,0.020930,-0.038333,0.049931,0.043149,0.066337
13.001000,2.829000,-0.085793,-0.008253,1.135209,0.003751,-0.026916,-0.000026,-0.389109,-0.038766,0.364441,-0.033982,0.050090,-0.000643,-0.125146,0.000000,1.113962,0.000000,0.000000,0.000000,-0.410001,0.000000,0.308371,0.000000,0.000000,0.000000,0.039353,-0.008253,0.021247,0.003751,-0.026916,-0.000026,0.020892,-0.038766,0.056070,0.045478,0.071296
13.010000,2.838000,-0.089685,-0.008641,1.138853,0.003614,-0.026425,-0.000030,-0.391625,-0.039118,0.359817,-0.029083,0.058755,-0.000464,-0.125146,0.000000,1.113962,0.000000,0.000000,0.000000,-0.410001,0.000000,0.308371,0.000000,0.000000,0.000000,0.035461,-0.008641,0.024891,0.003614,-0.026425,-0.000030,0.018376,-0.039118,0.051446,0.044178,0.067191
13.020000,2.848000,-0.091980,-0.008872,1.140453,0.003429,-0.025453,-0.000034,-0.388293,-0.038879,0.349389,-0.029140,0.063357,-0.000407,-0.132962,0.000000,1.119732,0.000000,0.000000,0.000000,-0.412587,0.000000,0.298877,0.000000,0.000000,0.000000,0.040982,-0.008872,0.020721,0.003429,-0.025453,-0.000034,0.024294,-0.038879,0.050512,0.046772,0.068215
13.030000,2.858000,-0.096499,-0.009325,1.144270,0.003334,-0.025038,-0.000038,-0.392973,-0.039429,0.345103,-0.040336,0.062946,-0.000411,-0.132962,0.000000,1.119732,0.000000,0.000000,0.000000,-0.412587,0.000000,0.298877,0.000000,0.000000,0.000000,0.036463,-0.009325,0.024538,0.003334,-0.025038,-0.000038,0.019614,-0.039429,0.046226,0.044929,0.063845
13.043000,2.871000,-0.100696,-0.009746,1.147701,0.003243,-0.024450,-0.000041,-0.396271,-0.039837,0.339811,-0.040004,0.068925,-0.000356,-0.141237,0.000000,1.125601,0.000000,0.000000,0.000000,-0.414933,0.000000,0.287823,0.000000,0.000000,0.000000,0.040541,-0.009746,0.022100,0.003243,-0.024450,-0.000041,0.018662,-0.039837,0.051988,0.047191,0.068103
13.052000,2.880000,-0.104702,-0.010150,1.150887,0.003138,-0.023738,-0.000043,-0.398700,-0.040156,0.333972,-0.036199,0.078161,-0.000270,-0.149556,0.000000,1.131238,0.000000,0.000000,0.000000,-0.416887,0.000000,0.275699,0.000000,0.000000,0.000000,0.044854,-0.010150,0.019649,0.003138,-0.023738,-0.000043,0.018187,-0.040156,0.058273,0.050010,0.073069
13.060000,2.888000,-0.108617,-0.010544,1.153920,0.003021,-0.022928,-0.000043,-0.400642,-0.040421,0.327859,-0.036719,0.084771,-0.000165,-0.149556,0.000000,1.131238,0.000000,0.000000,0.000000,-0.416887,0.000000,0.275699,0.000000,0.000000,0.000000,0.040939,-0.010544,0.022682,0.003021,-0.022928,-0.000043,0.016245,-0.040421,0.052160,0.047976,0.067959
13.070000,2.898000,-0.112624,-0.010949,1.157199,0.002654,-0.022081,-0.000042,-0.402758,-0.040700,0.322031,-0.062393,0.088198,-0.000059,-0.149556,0.000000,1.131238,0.000000,0.000000,0.000000,-0.416887,0.000000,0.275699,0.000000,0.000000,0.000000,0.036932,-0.010949,0.025961,0.002654,-0.022081,-0.000042,0.014129,-0.040700,0.046332,0.046452,0.063267
13.080000,2.908000,-0.113891,-0.011078,1.157896,0.002702,-0.020481,-0.000042,-0.394904,-0.039974,0.308878,-0.040321,0.088973,-0.000074,-0.157910,0.000000,1.136622,0.000000,0.000000,0.000000,-0.418442,0.000000,0.262524,0.000000,0.000000,0.000000,0.044019,-0.011078,0.021274,0.002702,-0.020481,-0.000042,0.023538,-0.039974,0.046354,0.050130,0.065579
13.091000,2.919000,-0.118007,-0.011494,1.160736,0.002585,-0.019620,-0.000040,-0.397449,-0.040287,0.301707,-0.029416,0.095040,0.000060,-0.157910,0.000000,1.136622,0.000000,0.000000,0.000000,-0.418442,0.000000,0.262524,0.000000,0.000000,0.000000,0.039903,-0.011494,0.024114,0.002585,-0.019620,-0.000040,0.020993,-0.040287,0.039183,0.048019,0.059992
13.100000,2.928000,-0.121982,-0.011897,1.163753,0.002291,-0.018670,-0.000037,-0.399248,-0.040524,0.295261,-0.043275,0.096110,0.000110,-0.166291,0.000000,1.141732,0.000000,0.000000,0.000000,-0.419590,0.000000,0.248324,0.000000,0.000000,0.000000,0.044309,-0.011897,0.022021,0.002291,-0.018670,-0.000037,0.020342,-0.040524,0.046937,0.050890,0.065262
13.110000,2.938000,-0.124678,-0.012171,1.165456,0.002278,-0.017297,-0.000031,-0.396341,-0.040279,0.285952,-0.041865,0.093056,0.000258,-0.166291,0.000000,1.141732,0.000000,0.000000,0.000000,-0.419590,0.000000,0.248324,0.000000,0.000000,0.000000,0.041613,-0.012171,0.023724,0.002278,-0.017297,-0.000031,0.023249,-0.040279,0.037628,0.049423,0.059823
13.120000,2.948000,-0.129380,-0.012648,1.168482,0.002236,-0.016509,-0.000026,-0.400679,-0.040767,0.280773,-0.038786,0.094828,0.000308,-0.175111,0.000000,1.146781,0.000000,0.000000,0.000000,-0.420353,0.000000,0.232343,0.000000,0.000000,0.000000,0.045731,-0.012648,0.021701,0.002236,-0.016509,-0.000026,0.019674,-0.040767,0.048430,0.052175,0.066291
13.130000,2.958000,-0.133387,-0.013056,1.171290,0.001848,-0.015561,-0.000021,-0.402202,-0.040974,0.274917,-0.061123,0.084483,0.000275,-0.175111,0.000000,1.146781,0.000000,0.000000,0.000000,-0.420353,0.000000,0.232343,0.000000,0.000000,0.000000,0.041724,-0.013056,0.024509,0.001848,-0.015561,-0.000021,0.018151,-0.040974,0.042574,0.050120,0.061813
13.140000,2.968000,-0.136255,-0.013347,1.172966,0.001928,-0.014203,-0.000016,-0.399512,-0.040747,0.265933,-0.036542,0.088130,0.000195,-0.183102,0.000000,1.151051,0.000000,0.000000,0.000000,-0.420647,0.000000,0.216968,0.000000,0.000000,0.000000,0.046847,-0.013347,0.021915,0.001928,-0.014203,-0.000016,0.021135,-0.040747,0.048965,0.053414,0.067116
13.150000,2.978000,-0.139787,-0.013707,1.175097,0.001785,-0.013165,-0.000012,-0.399192,-0.040759,0.257278,-0.029842,0.088940,0.000181,-0.183102,0.000000,1.151051,0.000000,0.000000,0.000000,-0.420647,0.000000,0.216968,0.000000,0.000000,0.000000,0.043315,-0.013707,0.024046,0.001785,-0.013165,-0.000012,0.021455,-0.040759,0.040310,0.051403,0.061209
13.162000,2.990000,-0.144852,-0.014223,1.178008,0.001697,-0.012670,-0.000009,-0.404362,-0.041321,0.251154,-0.027629,0.080904,0.000145,-0.191514,0.000000,1.155221,0.000000,0.000000,0.000000,-0.420544,0.000000,0.199878,0.000000,0.000000,0.000000,0.046662,-0.014223,0.022787,0.001697,-0.012670,-0.000009,0.016182,-0.041321,0.051276,0.053841,0.067812
13.170000,2.998000,-0.148895,-0.014636,1.180519,0.001421,-0.011861,-0.000006,-0.405514,-0.041475,0.244024,-0.055332,0.070753,0.000114,-0.191514,0.000000,1.155221,0.000000,0.000000,0.000000,-0.420544,0.000000,0.199878,0.000000,0.000000,0.000000,0.042619,-0.014636,0.025298,0.001421,-0.011861,-0.000006,0.015030,-0.041475,0.044146,0.051678,0.062410
13.180000,3.008000,-0.153141,-0.015070,1.182630,0.001566,-0.011152,-0.000004,-0.407359,-0.041696,0.235934,-0.038007,0.067274,0.000050,-0.199920,0.000000,1.159040,0.000000,0.000000,0.000000,-0.420014,0.000000,0.181901,0.000000,0.000000,0.000000,0.046779,-0.015070,0.023590,0.001566,-0.011152,-0.000004,0.012655,-0.041696,0.054033,0.054515,0.069414
13.190000,3.018000,-0.157214,-0.015486,1.184990,0.001499,-0.010436,-0.000003,-0.408361,-0.041840,0.227696,-0.027060,0.071540,-0.000053,-0.199920,0.000000,1.159040,0.000000,0.000000,0.000000,-0.420014,0.000000,0.181901,0.000000,0.000000,0.000000,0.042706,-0.015486,0.025950,0.001499,-0.010436,-0.000003,0.011653,-0.041840,0.045795,0.052317,0.063115
13.200000,3.028000,-0.159944,-0.015765,1.186213,0.001372,-0.009439,-0.000004,-0.404467,-0.041476,0.216390,-0.027210,0.065699,-0.000184,-0.208731,0.000000,1.162654,0.000000,0.000000,0.000000,-0.418993,0.000000,0.162114,0.000000,0.000000,0.000000,0.048787,-0.015765,0.023559,0.001372,-0.009439,-0.000004,0.014526,-0.041476,0.054276,0.056425,0.069837
13.210000,3.038000,-0.163455,-0.016125,1.187871,0.001282,-0.008720,-0.000007,-0.403450,-0.041403,0.205981,-0.039485,0.063684,-0.000296,-0.208731,0.000000,1.162654,0.000000,0.000000,0.000000,-0.418993,0.000000,0.162114,0.000000,0.000000,0.000000,0.045276,-0.016125,0.025217,0.001282,-0.008720,-0.000007,0.015543,-0.041403,0.043867,0.054275,0.062291
13.220000,3.048000,-0.168530,-0.016644,1.190124,0.001256,-0.008485,-0.000010,-0.408100,-0.041906,0.197615,-0.038809,0.062278,-0.000331,-0.217932,0.000000,1.165983,0.000000,0.000000,0.000000,-0.417409,0.000000,0.140445,0.000000,0.000000,0.000000,0.049402,-0.016644,0.024141,0.001256,-0.008485,-0.000010,0.009309,-0.041906,0.057170,0.057449,0.071493
13.230000,3.058000,-0.173742,-0.017179,1.192432,0.000901,-0.008203,-0.000012,-0.413012,-0.042438,0.189676,-0.063077,0.064345,-0.000243,-0.217932,0.000000,1.165983,0.000000,0.000000,0.000000,-0.417409,0.000000,0.140445,0.000000,0.000000,0.000000,0.044190,-0.017179,0.026449,0.000901,-0.008203,-0.000012,0.004397,-0.042438,0.049231,0.054290,0.065146
13.240000,3.068000,-0.178431,-0.017660,1.194345,0.001030,-0.007771,-0.000014,-0.415802,-0.042747,0.180807,-0.038857,0.063833,-0.000172,-0.225015,0.000000,1.168224,0.000000,0.000000,0.000000,-0.415822,0.000000,0.123081,0.000000,0.000000,0.000000,0.046584,-0.017660,0.026121,0.001030,-0.007771,-0.000014,0.000020,-0.042747,0.057726,0.056252,0.071830
13.250000,3.078000,-0.182589,-0.018087,1.196153,0.000877,-0.007130,-0.000015,-0.416485,-0.042840,0.170627,-0.032536,0.075245,-0.000102,-0.225015,0.000000,1.168224,0.000000,0.000000,0.000000,-0.415822,0.000000,0.123081,0.000000,0.000000,0.000000,0.042426,-0.018087,0.027929,0.000877,-0.007130,-0.000015,-0.000663,-0.042840,0.047546,0.053918,0.064003
13.260000,3.088000,-0.185288,-0.018364,1.196746,0.000669,-0.006046,-0.000017,-0.411905,-0.042369,0.157210,-0.032238,0.082610,-0.000116,-0.233310,0.000000,1.170476,0.000000,0.000000,0.000000,-0.413547,0.000000,0.102011,0.000000,0.000000,0.000000,0.048022,-0.018364,0.026270,0.000669,-0.006046,-0.000017,0.001642,-0.042369,0.055199,0.057736,0.069604
13.270000,3.098000,-0.189407,-0.018787,1.198318,0.000347,-0.005220,-0.000018,-0.412436,-0.042428,0.146800,-0.060941,0.094141,-0.000071,-0.233310,0.000000,1.170476,0.000000,0.000000,0.000000,-0.413547,0.000000,0.102011,0.000000,0.000000,0.000000,0.043903,-0.018787,0.027842,0.000347,-0.005220,-0.000018,0.001111,-0.042428,0.044789,0.055277,0.061704
13.281000,3.109000,-0.192967,-0.019151,1.199102,0.000470,-0.004243,-0.000020,-0.410940,-0.042264,0.134398,-0.040764,0.100632,-0.000177,-0.241554,0.000000,1.172300,0.000000,0.000000,0.000000,-0.410828,0.000000,0.080301,0.000000,0.000000,0.000000,0.048587,-0.019151,0.026802,0.000470,-0.004243,-0.000020,-0.000112,-0.042264,0.054097,0.058701,0.068649
13.290000,3.118000,-0.197907,-0.019658,1.200484,0.000378,-0.003437,-0.000021,-0.414334,-0.042609,0.121308,-0.028462,0.110412,-0.000069,-0.241554,0.000000,1.172300,0.000000,0.000000,0.000000,-0.410828,0.000000,0.080301,0.000000,0.000000,0.000000,0.043647,-0.019658,0.028184,0.000378,-0.003437,-0.000021,-0.003506,-0.042609,0.041007,0.055550,0.059240
13.300000,3.128000,-0.202050,-0.020084,1.201697,0.000093,-0.002333,-0.000021,-0.414625,-0.042641,0.108107,-0.043516,0.115940,-0.000029,-0.249740,0.000000,1.173684,0.000000,0.000000,0.000000,-0.407666,0.000000,0.058008,0.000000,0.000000,0.000000,0.047690,-0.020084,0.028013,0.000093,-0.002333,-0.000021,-0.006959,-0.042641,0.050099,0.058842,0.066156
13.310000,3.138000,-0.203976,-0.020281,1.201822,0.000102,-0.000589,-0.000021,-0.406891,-0.041840,0.095301,-0.041245,0.115384,0.000017,-0.249740,0.000000,1.173684,0.000000,0.000000,0.000000,-0.407666,0.000000,0.058008,0.000000,0.000000,0.000000,0.045764,-0.020281,0.028138,0.000102,-0.000589,-0.000021,0.000775,-0.041840,0.037293,0.057423,0.056053
13.320000,3.148000,-0.207251,-0.020616,1.202359,0.000030,0.000840,-0.000020,-0.404147,-0.041558,0.084066,-0.039468,0.123537,0.000081,-0.257858,0.000000,1.174617,0.000000,0.000000,0.000000,-0.404058,0.000000,0.035193,0.000000,0.000000,0.000000,0.050607,-0.020616,0.027742,0.000030,0.000840,-0.000020,-0.000089,-0.041558,0.048873,0.061284,0.064153
13.330000,3.158000,-0.212187,-0.021122,1.203048,0.000011,0.001865,-0.000020,-0.407398,-0.041894,0.073926,-0.031386,0.125178,0.000039,-0.257858,0.000000,1.174617,0.000000,0.000000,0.000000,-0.404058,0.000000,0.035193,0.000000,0.000000,0.000000,0.045671,-0.021122,0.028431,0.000011,0.001865,-0.000020,-0.003340,-0.041894,0.038733,0.057795,0.057153
13.341000,3.169000,-0.217359,-0.021653,1.203754,-0.000058,0.002882,-0.000020,-0.411243,-0.042302,0.064132,-0.034761,0.126204,0.000058,-0.265899,0.000000,1.175089,0.000000,0.000000,0.000000,-0.400004,0.000000,0.011922,0.000000,0.000000,0.000000,0.048540,-0.021653,0.028665,-0.000058,0.002882,-0.000020,-0.011239,-0.042302,0.052210,0.060388,0.068130
13.350000,3.178000,-0.222008,-0.022130,1.204206,-0.000391,0.003989,-0.000019,-0.412945,-0.042492,0.053480,-0.063162,0.116651,0.000076,-0.265899,0.000000,1.175089,0.000000,0.000000,0.000000,-0.400004,0.000000,0.011922,0.000000,0.000000,0.000000,0.043891,-0.022130,0.029117,-0.000391,0.003989,-0.000019,-0.012941,-0.042492,0.041558,0.057131,0.060829
13.361000,3.189000,-0.226303,-0.022570,1.204468,-0.000250,0.005291,-0.000019,-0.413191,-0.042539,0.042583,-0.042444,0.118792,0.000058,-0.273855,0.000000,1.175091,0.000000,0.000000,0.000000,-0.395504,0.000000,-0.011741,0.000000,0.000000,0.000000,0.047552,-0.022570,0.029377,-0.000250,0.005291,-0.000019,-0.017687,-0.042539,0.054324,0.060279,0.071228
13.371000,3.199000,-0.230405,-0.022992,1.204582,-0.000447,0.006499,-0.000019,-0.412640,-0.042500,0.027631,-0.035461,0.121881,0.000029,-0.273855,0.000000,1.175091,0.000000,0.000000,0.000000,-0.395504,0.000000,-0.011741,0.000000,0.000000,0.000000,0.043450,-0.022992,0.029491,-0.000447,0.006499,-0.000019,-0.017136,-0.042500,0.039372,0.057326,0.060416
13.380000,3.208000,-0.234403,-0.023402,1.204524,-0.000652,0.007699,-0.000020,-0.411634,-0.042407,0.012615,-0.035788,0.118838,0.000003,-0.281716,0.000000,1.174617,0.000000,0.000000,0.000000,-0.390558,0.000000,-0.035726,0.000000,0.000000,0.000000,0.047313,-0.023402,0.029907,-0.000652,0.007699,-0.000020,-0.021076,-0.042407,0.048341,0.060668,0.067671
13.392000,3.220000,-0.238344,-0.023807,1.204317,-0.000859,0.008893,-0.000021,-0.410328,-0.042278,0.001093,-0.048487,0.112565,0.000011,-0.289474,0.000000,1.173661,0.000000,0.000000,0.000000,-0.385167,0.000000,-0.059965,0.000000,0.000000,0.000000,0.051130,-0.023807,0.030656,-0.000859,0.008893,-0.000021,-0.025161,-0.042278,0.061058,0.064194,0.078413
13.400000,3.228000,-0.242248,-0.024209,1.204010,-0.001094,0.010078,-0.000022,-0.408836,-0.042122,-0.010388,-0.051975,0.110714,0.000034,-0.289474,0.000000,1.173661,0.000000,0.000000,0.000000,-0.385167,0.000000,-0.059965,0.000000,0.000000,0.000000,0.047226,-0.024209,0.030349,-0.001094,0.010078,-0.000022,-0.023669,-0.042122,0.049577,0.061135,0.069227
13.411000,3.239000,-0.246127,-0.024607,1.203591,-0.001367,0.011253,-0.000022,-0.407238,-0.041944,-0.025064,-0.049494,0.116416,0.000072,-0.289474,0.000000,1.173661,0.000000,0.000000,0.000000,-0.385167,0.000000,-0.059965,0.000000,0.000000,0.000000,0.043347,-0.024607,0.029930,-0.001367,0.011253,-0.000022,-0.022071,-0.041944,0.034901,0.058140,0.058860
13.421000,3.249000,-0.249987,-0.025003,1.203022,-0.001671,0.012433,-0.000023,-0.405528,-0.041741,-0.039753,-0.051974,0.117399,0.000105,-0.297499,0.000000,1.172132,0.000000,0.000000,0.000000,-0.379031,0.000000,-0.085609,0.000000,0.000000,0.000000,0.047512,-0.025003,0.030890,-0.001671,0.012433,-0.000023,-0.026497,-0.041741,0.045856,0.061941,0.067433
13.430000,3.258000,-0.254042,-0.025421,1.202624,-0.002191,0.013607,-0.000024,-0.404433,-0.041594,-0.049812,-0.071487,0.116315,0.000122,-0.297499,0.000000,1.172132,0.000000,0.000000,0.000000,-0.379031,0.000000,-0.085609,0.000000,0.000000,0.000000,0.043457,-0.025421,0.030492,-0.002191,0.013607,-0.000024,-0.025402,-0.041594,0.035797,0.058860,0.060471
13.440000,3.268000,-0.255193,-0.025537,1.202003,-0.002368,0.015545,-0.000025,-0.392894,-0.040352,-0.060231,-0.051583,0.114789,0.000144,-0.304645,0.000000,1.170285,0.000000,0.000000,0.000000,-0.373060,0.000000,-0.108912,0.000000,0.000000,0.000000,0.049452,-0.025537,0.031718,-0.002368,0.015545,-0.000025,-0.019834,-0.040352,0.048681,0.064060,0.066268
13.450000,3.278000,-0.258129,-0.025837,1.201255,-0.002908,0.016926,-0.000026,-0.388087,-0.039788,-0.074302,-0.059686,0.118406,0.000149,-0.304645,0.000000,1.170285,0.000000,0.000000,0.000000,-0.373060,0.000000,-0.108912,0.000000,0.000000,0.000000,0.046516,-0.025837,0.030970,-0.002908,0.016926,-0.000026,-0.015027,-0.039788,0.034610,0.061566,0.054834
13.460000,3.288000,-0.261537,-0.026185,1.200335,-0.003022,0.018205,-0.000028,-0.385034,-0.039388,-0.088467,-0.036057,0.122689,0.000185,-0.312040,0.000000,1.167861,0.000000,0.000000,0.000000,-0.366348,0.000000,-0.133473,0.000000,0.000000,0.000000,0.050503,-0.026185,0.032474,-0.003022,0.018205,-0.000028,-0.018686,-0.039388,0.045006,0.065504,0.062659
13.471000,3.299000,-0.266401,-0.026680,1.198829,-0.003164,0.019053,-0.000029,-0.387226,-0.039501,-0.100376,-0.029513,0.108967,0.000226,-0.312040,0.000000,1.167861,0.000000,0.000000,0.000000,-0.366348,0.000000,-0.133473,0.000000,0.000000,0.000000,0.045639,-0.026680,0.030968,-0.003164,0.019053,-0.000029,-0.020878,-0.039501,0.033097,0.061268,0.055602
13.480000,3.308000,-0.270273,-0.027075,1.197825,-0.003459,0.020143,-0.000030,-0.385548,-0.039223,-0.110468,-0.039929,0.096898,0.000216,-0.319655,0.000000,1.164787,0.000000,0.000000,0.000000,-0.358832,0.000000,-0.159216,0.000000,0.000000,0.000000,0.049382,-0.027075,0.033038,-0.003459,0.020143,-0.000030,-0.026716,-0.039223,0.048748,0.065293,0.068033
13.490000,3.318000,-0.274310,-0.027481,1.196136,-0.003311,0.021241,-0.000030,-0.384523,-0.039000,-0.121955,-0.029188,0.105972,0.000292,-0.319655,0.000000,1.164787,0.000000,0.000000,0.000000,-0.358832,0.000000,-0.159216,0.000000,0.000000,0.000000,0.045345,-0.027481,0.031349,-0.003311,0.021241,-0.000030,-0.025691,-0.039000,0.037261,0.061597,0.059745
13.500000,3.328000,-0.278155,-0.027871,1.194917,-0.003298,0.022276,-0.000029,-0.382647,-0.038710,-0.131739,-0.024191,0.097075,0.000395,-0.326405,0.000000,1.161542,0.000000,0.000000,0.000000,-0.351623,0.000000,-0.182394,0.000000,0.000000,0.000000,0.048250,-0.027871,0.033375,-0.003298,0.022276,-0.000029,-0.031024,-0.038710,0.050655,0.064952,0.070901
13.510000,3.338000,-0.281834,-0.028239,1.193059,-0.003270,0.023233,-0.000027,-0.380265,-0.038368,-0.143581,-0.023086,0.093784,0.000448,-0.326405,0.000000,1.161542,0.000000,0.000000,0.000000,-0.351623,0.000000,-0.182394,0.000000,0.000000,0.000000,0.044571,-0.028239,0.031517,-0.003270,0.023233,-0.000027,-0.028642,-0.038368,0.038813,0.061460,0.061635
13.521000,3.349000,-0.286467,-0.028704,1.191004,-0.003223,0.023910,-0.000024,-0.381277,-0.038388,-0.155667,-0.023627,0.089374,0.000497,-0.333701,0.000000,1.157444,0.000000,0.000000,0.000000,-0.343206,0.000000,-0.207804,0.000000,0.000000,0.000000,0.047234,-0.028704,0.033560,-0.003223,0.023910,-0.000024,-0.038071,-0.038388,0.052137,0.064663,0.075109
13.530000,3.358000,-0.290280,-0.029088,1.189447,-0.003460,0.024804,-0.000022,-0.379179,-0.038105,-0.166003,-0.049950,0.090149,0.000407,-0.333701,0.000000,1.157444,0.000000,0.000000,0.000000,-0.343206,0.000000,-0.207804,0.000000,0.000000,0.000000,0.043421,-0.029088,0.032003,-0.003460,0.024804,-0.000022,-0.035973,-0.038105,0.041801,0.061284,0.067033
13.541000,3.369000,-0.293040,-0.029362,1.187518,-0.003241,0.025928,-0.000018,-0.373382,-0.037452,-0.177126,-0.029062,0.090207,0.000507,-0.340482,0.000000,1.153049,0.000000,0.000000,0.000000,-0.334758,0.000000,-0.231723,0.000000,0.000000,0.000000,0.047442,-0.029362,0.034469,-0.003241,0.025928,-0.000018,-0.038624,-0.037452,0.054597,0.065582,0.076650
13.550000,3.378000,-0.297458,-0.029803,1.185088,-0.003510,0.026617,-0.000016,-0.373630,-0.037417,-0.189655,-0.043589,0.096564,0.000427,-0.340482,0.000000,1.153049,0.000000,0.000000,0.000000,-0.334758,0.000000,-0.231723,0.000000,0.000000,0.000000,0.043024,-0.029803,0.032039,-0.003510,0.026617,-0.000016,-0.038872,-0.037417,0.042068,0.061366,0.068416
13.560000,3.388000,-0.301476,-0.030204,1.182668,-0.003371,0.027407,-0.000014,-0.372353,-0.037231,-0.201786,-0.021688,0.097740,0.000376,-0.346763,0.000000,1.148432,0.000000,0.000000,0.000000,-0.326347,0.000000,-0.254122,0.000000,0.000000,0.000000,0.045287,-0.030204,0.034236,-0.003371,0.027407,-0.000014,-0.046006,-0.037231,0.052336,0.064306,0.079005
13.571000,3.399000,-0.305238,-0.030579,1.180230,-0.003411,0.028361,-0.000015,-0.370111,-0.036950,-0.213402,-0.022779,0.102955,0.000141,-0.346763,0.000000,1.148432,0.000000,0.000000,0.000000,-0.326347,0.000000,-0.254122,0.000000,0.000000,0.000000,0.041525,-0.030579,0.031798,-0.003411,0.028361,-0.000015,-0.043764,-0.036950,0.040720,0.060585,0.070276
13.580000,3.408000,-0.308852,-0.030938,1.177734,-0.003429,0.029406,-0.000018,-0.367330,-0.036622,-0.224851,-0.020833,0.108355,0.000004,-0.353198,0.000000,1.143118,0.000000,0.000000,0.000000,-0.317093,0.000000,-0.277283,0.000000,0.000000,0.000000,0.044346,-0.030938,0.034616,-0.003429,0.029406,-0.000018,-0.050237,-0.036622,0.052432,0.064203,0.081327
13.590000,3.418000,-0.312525,-0.031305,1.175486,-0.003637,0.030489,-0.000021,-0.364735,-0.036320,-0.234740,-0.047764,0.113618,-0.000015,-0.353198,0.000000,1.143118,0.000000,0.000000,0.000000,-0.317093,0.000000,-0.277283,0.000000,0.000000,0.000000,0.040673,-0.031305,0.032368,-0.003637,0.030489,-0.000021,-0.047642,-0.036320,0.042543,0.060679,0.073477
13.600000,3.428000,-0.313607,-0.031410,1.174176,-0.003487,0.032243,-0.000025,-0.352887,-0.035103,-0.241621,-0.030262,0.114498,-0.000001,-0.359444,0.000000,1.137344,0.000000,0.000000,0.000000,-0.307435,0.000000,-0.299944,0.000000,0.000000,0.000000,0.045837,-0.031410,0.036832,-0.003487,0.032243,-0.000025,-0.045452,-0.035103,0.058323,0.066665,0.081852
13.610000,3.438000,-0.317256,-0.031772,1.171067,-0.003522,0.033325,-0.000028,-0.350588,-0.034847,-0.253540,-0.023038,0.120429,0.000047,-0.359444,0.000000,1.137344,0.000000,0.000000,0.000000,-0.307435,0.000000,-0.299944,0.000000,0.000000,0.000000,0.042188,-0.031772,0.033723,-0.003522,0.033325,-0.000028,-0.043153,-0.034847,0.046404,0.062662,0.072318
13.620000,3.448000,-0.320762,-0.032120,1.168531,-0.003753,0.034529,-0.000032,-0.347648,-0.034537,-0.263447,-0.038572,0.123002,0.000074,-0.365492,0.000000,1.131124,0.000000,0.000000,0.000000,-0.297379,0.000000,-0.322029,0.000000,0.000000,0.000000,0.044730,-0.032120,0.037407,-0.003753,0.034529,-0.000032,-0.050269,-0.034537,0.058582,0.066571,0.084567
13.630000,3.458000,-0.324104,-0.032451,1.165227,-0.003713,0.035809,-0.000034,-0.344236,-0.034177,-0.275676,-0.036999,0.121945,0.000213,-0.365492,0.000000,1.131124,0.000000,0.000000,0.000000,-0.297379,0.000000,-0.322029,0.000000,0.000000,0.000000,0.041388,-0.032451,0.034103,-0.003713,0.035809,-0.000034,-0.046857,-0.034177,0.046353,0.062682,0.074245
13.642000,3.470000,-0.328301,-0.032867,1.161481,-0.003836,0.036881,-0.000036,-0.343859,-0.034124,-0.288866,-0.041912,0.123803,0.000240,-0.371909,0.000000,1.123779,0.000000,0.000000,0.000000,-0.285868,0.000000,-0.345568,0.000000,0.000000,0.000000,0.043608,-0.032867,0.037702,-0.003836,0.036881,-0.000036,-0.057991,-0.034124,0.056702,0.066358,0.087992
13.657000,3.485000,-0.332071,-0.033241,1.157874,-0.004017,0.038063,-0.000039,-0.341832,-0.033905,-0.300913,-0.040405,0.121931,0.000197,-0.376967,0.000000,1.117390,0.000000,0.000000,0.000000,-0.276107,0.000000,-0.364175,0.000000,0.000000,0.000000,0.044896,-0.033241,0.040484,-0.004017,0.038063,-0.000039,-0.065725,-0.033905,0.063262,0.068990,0.097321
13.665000,3.493000,-0.335560,-0.033586,1.154340,-0.004246,0.039288,-0.000042,-0.338749,-0.033575,-0.312396,-0.043987,0.118898,0.000229,-0.376967,0.000000,1.117390,0.000000,0.000000,0.000000,-0.276107,0.000000,-0.364175,0.000000,0.000000,0.000000,0.041407,-0.033586,0.036950,-0.004246,0.039288,-0.000042,-0.062642,-0.033575,0.051779,0.064868,0.087934
13.672000,3.500000,-0.338883,-0.033915,1.150795,-0.004509,0.040516,-0.000044,-0.335126,-0.033181,-0.325053,-0.045105,0.120935,0.000250,-0.376967,0.000000,1.117390,0.000000,0.000000,0.000000,-0.276107,0.000000,-0.364175,0.000000,0.000000,0.000000,0.038084,-0.033915,0.033405,-0.004509,0.040516,-0.000044,-0.059019,-0.033181,0.039122,0.060963,0.078197
13.681000,3.509000,-0.342103,-0.034233,1.147175,-0.004965,0.041751,-0.000047,-0.331157,-0.032740,-0.337563,-0.062652,0.120057,0.000230,-0.382378,0.000000,1.109906,0.000000,0.000000,0.000000,-0.264906,0.000000,-0.384093,0.000000,0.000000,0.000000,0.040275,-0.034233,0.037269,-0.004965,0.041751,-0.000047,-0.066251,-0.032740,0.046530,0.064676,0.087328
13.690000,3.518000,-0.345414,-0.034561,1.143800,-0.005077,0.042945,-0.000050,-0.327391,-0.032310,-0.345522,-0.044282,0.116887,0.000256,-0.382378,0.000000,1.109906,0.000000,0.000000,0.000000,-0.264906,0.000000,-0.384093,0.000000,0.000000,0.000000,0.036964,-0.034561,0.033894,-0.005077,0.042945,-0.000050,-0.062485,-0.032310,0.038571,0.060907,0.080225
13.701000,3.529000,-0.347048,-0.034720,1.141051,-0.005402,0.044518,-0.000053,-0.317723,-0.031272,-0.351435,-0.044656,0.114289,0.000247,-0.387561,0.000000,1.102032,0.000000,0.000000,0.000000,-0.253341,0.000000,-0.403146,0.000000,0.000000,0.000000,0.040513,-0.034720,0.039019,-0.005402,0.044518,-0.000053,-0.064382,-0.031272,0.051711,0.066100,0.088301
13.712000,3.540000,-0.350703,-0.035078,1.136560,-0.005675,0.045508,-0.000056,-0.315454,-0.030949,-0.361768,-0.042675,0.112935,0.000231,-0.387561,0.000000,1.102032,0.000000,0.000000,0.000000,-0.253341,0.000000,-0.403146,0.000000,0.000000,0.000000,0.036858,-0.035078,0.034528,-0.005675,0.045508,-0.000056,-0.062113,-0.030949,0.041378,0.061491,0.080796
13.720000,3.548000,-0.354036,-0.035404,1.132233,-0.005928,0.046574,-0.000061,-0.312003,-0.030494,-0.371323,-0.040377,0.111816,0.000216,-0.392509,0.000000,1.093786,0.000000,0.000000,0.000000,-0.241422,0.000000,-0.421269,0.000000,0.000000,0.000000,0.038473,-0.035404,0.038447,-0.005928,0.046574,-0.000061,-0.070581,-0.030494,0.049946,0.064898,0.091685
13.730000,3.558000,-0.357156,-0.035709,1.128519,-0.006332,0.047693,-0.000065,-0.307777,-0.029957,-0.378752,-0.052368,0.108336,0.000207,-0.392509,0.000000,1.093786,0.000000,0.000000,0.000000,-0.241422,0.000000,-0.421269,0.000000,0.000000,0.000000,0.035353,-0.035709,0.034733,-0.006332,0.047693,-0.000065,-0.066355,-0.029957,0.042517,0.061085,0.084310
13.744000,3.572000,-0.358210,-0.035809,1.126465,-0.006469,0.049368,-0.000069,-0.296223,-0.028687,-0.380783,-0.030302,0.111001,0.000229,-0.397216,0.000000,1.085188,0.000000,0.000000,0.000000,-0.229157,0.000000,-0.438396,0.000000,0.000000,0.000000,0.039006,-0.035809,0.041277,-0.006469,0.049368,-0.000069,-0.067066,-0.028687,0.057613,0.067138,0.092952
13.752000,3.580000,-0.361340,-0.036110,1.121673,-0.006627,0.050343,-0.000074,-0.292460,-0.028164,-0.390719,-0.024527,0.108789,0.000225,-0.397216,0.000000,1.085188,0.000000,0.000000,0.000000,-0.229157,0.000000,-0.438396,0.000000,0.000000,0.000000,0.035876,-0.036110,0.036485,-0.006627,0.050343,-0.000074,-0.063303,-0.028164,0.047677,0.062627,0.084105
13.760000,3.588000,-0.364264,-0.036391,1.117766,-0.006873,0.051431,-0.000079,-0.287873,-0.027561,-0.397795,-0.030438,0.107449,0.000220,-0.401673,0.000000,1.076257,0.000000,0.000000,0.000000,-0.216557,0.000000,-0.454464,0.000000,0.000000,0.000000,0.037409,-0.036391,0.041509,-0.006873,0.051431,-0.000079,-0.071316,-0.027561,0.056669,0.066684,0.095168
13.773000,3.601000,-0.367058,-0.036656,1.112923,-0.006811,0.052459,-0.000085,-0.283179,-0.026947,-0.410692,-0.023513,0.108803,0.000134,-0.405876,0.000000,1.067017,0.000000,0.000000,0.000000,-0.203634,0.000000,-0.469414,0.000000,0.000000,0.000000,0.038818,-0.036656,0.045906,-0.006811,0.052459,-0.000085,-0.079545,-0.026947,0.058722,0.070412,0.102478
13.781000,3.609000,-0.370520,-0.036984,1.107415,-0.007024,0.053344,-0.000092,-0.280902,-0.026572,-0.425191,-0.039979,0.109913,0.000130,-0.405876,0.000000,1.067017,0.000000,0.000000,0.000000,-0.203634,0.000000,-0.469414,0.000000,0.000000,0.000000,0.035356,-0.036984,0.040398,-0.007024,0.053344,-0.000092,-0.077268,-0.026572,0.044223,0.065191,0.092909
13.791000,3.619000,-0.373602,-0.037273,1.102197,-0.006784,0.054307,-0.000099,-0.277034,-0.026047,-0.434388,-0.015529,0.100573,0.000090,-0.405876,0.000000,1.067017,0.000000,0.000000,0.000000,-0.203634,0.000000,-0.469414,0.000000,0.000000,0.000000,0.032274,-0.037273,0.035180,-0.006784,0.054307,-0.000099,-0.073400,-0.026047,0.035026,0.060568,0.085398
13.802000,3.630000,-0.376426,-0.037537,1.097198,-0.006762,0.055317,-0.000105,-0.272165,-0.025433,-0.440623,-0.019095,0.102843,0.000097,-0.410007,0.000000,1.057005,0.000000,0.000000,0.000000,-0.189728,0.000000,-0.483847,0.000000,0.000000,0.000000,0.033581,-0.037537,0.040193,-0.006762,0.055317,-0.000105,-0.082437,-0.025433,0.043224,0.064437,0.096494
13.810000,3.638000,-0.379148,-0.037791,1.092792,-0.006953,0.056346,-0.000111,-0.266972,-0.024800,-0.444937,-0.038692,0.101404,0.000140,-0.410007,0.000000,1.057005,0.000000,0.000000,0.000000,-0.189728,0.000000,-0.483847,0.000000,0.000000,0.000000,0.030859,-0.037791,0.035787,-0.006953,0.056346,-0.000111,-0.077244,-0.024800,0.038910,0.060507,0.089976
13.820000,3.648000,-0.379979,-0.037865,1.090567,-0.006805,0.057830,-0.000117,-0.255142,-0.023553,-0.442797,-0.021405,0.099606,0.000112,-0.413490,0.000000,1.047697,0.000000,0.000000,0.000000,-0.176862,0.000000,-0.495736,0.000000,0.000000,0.000000,0.033511,-0.037865,0.042870,-0.006805,0.057830,-0.000117,-0.078280,-0.023553,0.052939,0.066292,0.097391
13.830000,3.658000,-0.382645,-0.038109,1.085074,-0.006844,0.058702,-0.000123,-0.250253,-0.022965,-0.450158,-0.015682,0.096960,0.000150,-0.413490,0.000000,1.047697,0.000000,0.000000,0.000000,-0.176862,0.000000,-0.495736,0.000000,0.000000,0.000000,0.030845,-0.038109,0.037377,-0.006844,0.058702,-0.000123,-0.073391,-0.022965,0.045578,0.061650,0.089392
13.840000,3.668000,-0.385147,-0.038339,1.080572,-0.007001,0.059671,-0.000128,-0.244738,-0.022324,-0.454423,-0.024307,0.095557,0.000186,-0.416889,0.000000,1.037668,0.000000,0.000000,0.000000,-0.163036,0.000000,-0.507004,0.000000,0.000000,0.000000,0.031742,-0.038339,0.042904,-0.007001,0.059671,-0.000128,-0.081702,-0.022324,0.052581,0.065713,0.099691
13.852000,3.680000,-0.386786,-0.038487,1.076774,-0.007036,0.060823,-0.000133,-0.236325,-0.021417,-0.457030,-0.027747,0.091140,0.000180,-0.416889,0.000000,1.037668,0.000000,0.000000,0.000000,-0.163036,0.000000,-0.507004,0.000000,0.000000,0.000000,0.030103,-0.038487,0.039106,-0.007036,0.060823,-0.000133,-0.073289,-0.021417,0.049974,0.062584,0.091254
13.862000,3.690000,-0.389603,-0.038742,1.070464,-0.007100,0.061557,-0.000139,-0.232419,-0.020925,-0.466893,-0.028706,0.088475,0.000133,-0.420306,0.000000,1.026391,0.000000,0.000000,0.000000,-0.147510,0.000000,-0.517867,0.000000,0.000000,0.000000,0.030703,-0.038742,0.044073,-0.007100,0.061557,-0.000139,-0.084909,-0.020925,0.050974,0.066227,0.101221
13.870000,3.698000,-0.391927,-0.038951,1.065795,-0.007388,0.062442,-0.000144,-0.226678,-0.020265,-0.471852,-0.040287,0.082315,0.000176,-0.420306,0.000000,1.026391,0.000000,0.000000,0.000000,-0.147510,0.000000,-0.517867,0.000000,0.000000,0.000000,0.028379,-0.038951,0.039404,-0.007388,0.062442,-0.000144,-0.079168,-0.020265,0.046015,0.062251,0.093785
13.880000,3.708000,-0.393536,-0.039095,1.061682,-0.007430,0.063505,-0.000150,-0.218477,-0.019376,-0.473771,-0.020993,0.087808,0.000098,-0.422845,0.000000,1.016999,0.000000,0.000000,0.000000,-0.134570,0.000000,-0.525523,0.000000,0.000000,0.000000,0.029309,-0.039095,0.044683,-0.007430,0.063505,-0.000150,-0.083907,-0.019376,0.051752,0.066212,0.100469
13.891000,3.719000,-0.396184,-0.039329,1.055075,-0.007591,0.064119,-0.000156,-0.214288,-0.018836,-0.482914,-0.023146,0.082213,0.000120,-0.422845,0.000000,1.016999,0.000000,0.000000,0.000000,-0.134570,0.000000,-0.525523,0.000000,0.000000,0.000000,0.026661,-0.039329,0.038076,-0.007591,0.064119,-0.000156,-0.079718,-0.018836,0.042609,0.060888,0.092332
13.900000,3.728000,-0.398327,-0.039518,1.050246,-0.007823,0.064941,-0.000161,-0.208226,-0.018121,-0.486606,-0.028016,0.081126,0.000168,-0.425390,0.000000,1.006414,0.000000,0.000000,0.000000,-0.119955,0.000000,-0.532692,0.000000,0.000000,0.000000,0.027063,-0.039518,0.043832,-0.007823,0.064941,-0.000161,-0.088271,-0.018121,0.046086,0.064926,0.101213
13.912000,3.740000,-0.400458,-0.039702,1.044121,-0.007911,0.065620,-0.000167,-0.202308,-0.017404,-0.492659,-0.027347,0.075786,0.000104,-0.425390,0.000000,1.006414,0.000000,0.000000,0.000000,-0.119955,0.000000,-0.532692,0.000000,0.000000,0.000000,0.024932,-0.039702,0.037707,-0.007911,0.065620,-0.000167,-0.082353,-0.017404,0.040033,0.060164,0.093207
13.920000,3.748000,-0.402481,-0.039876,1.039195,-0.008185,0.066377,-0.000172,-0.196018,-0.016648,-0.495046,-0.038643,0.073252,0.000174,-0.427641,0.000000,0.995701,0.000000,0.000000,0.000000,-0.105104,0.000000,-0.538420,0.000000,0.000000,0.000000,0.025160,-0.039876,0.043494,-0.008185,0.066377,-0.000172,-0.090914,-0.016648,0.043374,0.064147,0.102097
13.930000,3.758000,-0.404347,-0.040033,1.033279,-0.008221,0.067083,-0.000177,-0.189366,-0.015846,-0.499106,-0.024322,0.074293,0.000195,-0.427641,0.000000,0.995701,0.000000,0.000000,0.000000,-0.105104,0.000000,-0.538420,0.000000,0.000000,0.000000,0.023294,-0.040033,0.037578,-0.008221,0.067083,-0.000177,-0.084262,-0.015846,0.039314,0.059644,0.094323
13.940000,3.768000,-0.406240,-0.040191,1.028288,-0.008385,0.067814,-0.000181,-0.182860,-0.015052,-0.500360,-0.025036,0.072877,0.000293,-0.429593,0.000000,0.984888,0.000000,0.000000,0.000000,-0.090031,0.000000,-0.542676,0.000000,0.000000,0.000000,0.023353,-0.040191,0.043400,-0.008385,0.067814,-0.000181,-0.092829,-0.015052,0.042316,0.063594,0.103123
13.950000,3.778000,-0.407407,-0.040286,1.024244,-0.008647,0.068685,-0.000184,-0.173912,-0.014039,-0.497962,-0.032940,0.072697,0.000356,-0.429593,0.000000,0.984888,0.000000,0.000000,0.000000,-0.090031,0.000000,-0.542676,0.000000,0.000000,0.000000,0.022186,-0.040286,0.039356,-0.008647,0.068685,-0.000184,-0.083881,-0.014039,0.044714,0.060532,0.096086
13.961000,3.789000,-0.409461,-0.040450,1.017419,-0.008705,0.069248,-0.000187,-0.168459,-0.013306,-0.503742,-0.024464,0.072621,0.000381,-0.431241,0.000000,0.974004,0.000000,0.000000,0.000000,-0.074749,0.000000,-0.545434,0.000000,0.000000,0.000000,0.021780,-0.040450,0.043415,-0.008705,0.069248,-0.000187,-0.093710,-0.013306,0.041692,0.063209,0.103426
13.971000,3.799000,-0.411591,-0.040618,1.010463,-0.008858,0.069825,-0.000189,-0.163452,-0.012598,-0.511266,-0.019040,0.080301,0.000417,-0.431241,0.000000,0.974004,0.000000,0.000000,0.000000,-0.074749,0.000000,-0.545434,0.000000,0.000000,0.000000,0.019650,-0.040618,0.036459,-0.008858,0.069825,-0.000189,-0.088703,-0.012598,0.034168,0.058010,0.095887
13.980000,3.808000,-0.413225,-0.040744,1.005351,-0.009048,0.070628,-0.000192,-0.156722,-0.011747,-0.513148,-0.021146,0.087588,0.000441,-0.432582,0.000000,0.963080,0.000000,0.000000,0.000000,-0.059274,0.000000,-0.546674,0.000000,0.000000,0.000000,0.019357,-0.040744,0.042271,-0.009048,0.070628,-0.000192,-0.097448,-0.011747,0.033526,0.061819,0.103721
13.990000,3.818000,-0.414401,-0.040828,1.000085,-0.009146,0.071392,-0.000196,-0.148350,-0.010738,-0.511577,-0.020783,0.075217,0.000369,-0.432582,0.000000,0.963080,0.000000,0.000000,0.000000,-0.059274,0.000000,-0.546674,0.000000,0.000000,0.000000,0.018181,-0.040828,0.037005,-0.009146,0.071392,-0.000196,-0.089076,-0.010738,0.035097,0.058025,0.096341
14.004000,3.832000,-0.416162,-0.040953,0.993379,-0.009256,0.072091,-0.000200,-0.142246,-0.009897,-0.514290,-0.019460,0.077393,0.000352,-0.433611,0.000000,0.952147,0.000000,0.000000,0.000000,-0.043621,0.000000,-0.546377,0.000000,0.000000,0.000000,0.017449,-0.040953,0.041232,-0.009256,0.072091,-0.000200,-0.098625,-0.009897,0.032087,0.060677,0.104185
14.010000,3.838000,-0.417683,-0.041057,0.987156,-0.009370,0.072835,-0.000204,-0.135377,-0.008988,-0.514959,-0.016956,0.076649,0.000374,-0.433611,0.000000,0.952147,0.000000,0.000000,0.000000,-0.043621,0.000000,-0.546377,0.000000,0.000000,0.000000,0.015928,-0.041057,0.035009,-0.009370,0.072835,-0.000204,-0.091756,-0.008988,0.031418,0.056258,0.097401
14.021000,3.849000,-0.419036,-0.041147,0.982007,-0.009540,0.073601,-0.000207,-0.128036,-0.008047,-0.512461,-0.021541,0.073989,0.000402,-0.434353,0.000000,0.940691,0.000000,0.000000,0.000000,-0.027009,0.000000,-0.544400,0.000000,0.000000,0.000000,0.015317,-0.041147,0.041316,-0.009540,0.073601,-0.000207,-0.101027,-0.008047,0.031939,0.060288,0.106261
14.031000,3.859000,-0.419724,-0.041182,0.977651,-0.009607,0.074485,-0.000210,-0.118477,-0.006929,-0.506176,-0.016491,0.073279,0.000407,-0.434353,0.000000,0.940691,0.000000,0.000000,0.000000,-0.027009,0.000000,-0.544400,0.000000,0.000000,0.000000,0.014629,-0.041182,0.036960,-0.009607,0.074485,-0.000210,-0.091468,-0.006929,0.038224,0.057236,0.099375
14.040000,3.868000,-0.421093,-0.041259,0.971119,-0.009767,0.075140,-0.000213,-0.111566,-0.005984,-0.506444,-0.021298,0.069990,0.000438,-0.434722,0.000000,0.930376,0.000000,0.000000,0.000000,-0.011840,0.000000,-0.541133,0.000000,0.000000,0.000000,0.013629,-0.041259,0.040743,-0.009767,0.075140,-0.000213,-0.099726,-0.005984,0.034689,0.059565,0.105756
14.050000,3.878000,-0.422209,-0.041319,0.966054,-0.009836,0.075881,-0.000216,-0.103907,-0.004998,-0.502829,-0.015212,0.067775,0.000442,-0.434722,0.000000,0.930376,0.000000,0.000000,0.000000,-0.011840,0.000000,-0.541133,0.000000,0.000000,0.000000,0.012513,-0.041319,0.035678,-0.009836,0.075881,-0.000216,-0.092067,-0.004998,0.038304,0.056007,0.099842
14.060000,3.888000,-0.422594,-0.041330,0.962999,-0.009960,0.076722,-0.000219,-0.093887,-0.003868,-0.493485,-0.015431,0.064589,0.000477,-0.434798,0.000000,0.919601,0.000000,0.000000,0.000000,0.004257,0.000000,-0.536174,0.000000,0.000000,0.000000,0.012204,-0.041330,0.043398,-0.009960,0.076722,-0.000219,-0.098144,-0.003868,0.042689,0.061160,0.107096
14.070000,3.898000,-0.423322,-0.041357,0.958439,-0.010081,0.077396,-0.000220,-0.085312,-0.002814,-0.487899,-0.014607,0.061051,0.000517,-0.434798,0.000000,0.919601,0.000000,0.000000,0.000000,0.004257,0.000000,-0.536174,0.000000,0.000000,0.000000,0.011476,-0.041357,0.038838,-0.010081,0.077396,-0.000220,-0.089569,-0.002814,0.048275,0.057883,0.101789
14.080000,3.908000,-0.424378,-0.041391,0.951474,-0.010195,0.077858,-0.000220,-0.078215,-0.001815,-0.489499,-0.014640,0.054701,0.000569,-0.434551,0.000000,0.908940,0.000000,0.000000,0.000000,0.020469,0.000000,-0.529660,0.000000,0.000000,0.000000,0.010173,-0.041391,0.042534,-0.010195,0.077858,-0.000220,-0.098684,-0.001815,0.040161,0.060215,0.106559
14.090000,3.918000,-0.425160,-0.041409,0.946579,-0.010342,0.078405,-0.000220,-0.070296,-0.000782,-0.486103,-0.015086,0.048294,0.000572,-0.434551,0.000000,0.908940,0.000000,0.000000,0.000000,0.020469,0.000000,-0.529660,0.000000,0.000000,0.000000,0.009391,-0.041409,0.037639,-0.010342,0.078405,-0.000220,-0.090765,-0.000782,0.043557,0.056741,0.100678
14.100000,3.928000,-0.425664,-0.041413,0.942184,-0.010449,0.078960,-0.000219,-0.061672,0.000273,-0.481351,-0.012916,0.045590,0.000585,-0.433979,0.000000,0.898425,0.000000,0.000000,0.000000,0.036782,0.000000,-0.521597,0.000000,0.000000,0.000000,0.008315,-0.041413,0.043759,-0.010449,0.078960,-0.000219,-0.098454,0.000273,0.040246,0.060820,0.106363
14.110000,3.938000,-0.426222,-0.041410,0.937243,-0.010565,0.079403,-0.000218,-0.053376,0.001340,-0.476776,-0.010613,0.043845,0.000584,-0.433979,0.000000,0.898425,0.000000,0.000000,0.000000,0.036782,0.000000,-0.521597,0.000000,0.000000,0.000000,0.007757,-0.041410,0.038818,-0.010565,0.079403,-0.000218,-0.090158,0.001340,0.044821,0.057287,0.100694
14.120000,3.948000,-0.426941,-0.041395,0.930127,-0.010671,0.079667,-0.000216,-0.045975,0.002419,-0.478698,-0.009589,0.036584,0.000581,-0.433079,0.000000,0.888086,0.000000,0.000000,0.000000,0.053179,0.000000,-0.511996,0.000000,0.000000,0.000000,0.006138,-0.041395,0.042041,-0.010671,0.079667,-0.000216,-0.099154,0.002419,0.033298,0.059318,0.104624
14.130000,3.958000,-0.427401,-0.041371,0.925341,-0.010767,0.080033,-0.000214,-0.037718,0.003521,-0.473380,-0.008071,0.033168,0.000565,-0.433079,0.000000,0.888086,0.000000,0.000000,0.000000,0.053179,0.000000,-0.511996,0.000000,0.000000,0.000000,0.005678,-0.041371,0.037255,-0.010767,0.080033,-0.000214,-0.090897,0.003521,0.038616,0.055962,0.098822
14.140000,3.968000,-0.427683,-0.041343,0.920964,-0.010858,0.080355,-0.000211,-0.029149,0.004598,-0.467021,-0.007692,0.029964,0.000557,-0.431851,0.000000,0.877955,0.000000,0.000000,0.000000,0.069642,0.000000,-0.500876,0.000000,0.000000,0.000000,0.004168,-0.041343,0.043009,-0.010858,0.080355,-0.000211,-0.098791,0.004598,0.033855,0.059803,0.104532
14.151000,3.979000,-0.428071,-0.041289,0.914189,-0.010928,0.080533,-0.000209,-0.021150,0.005757,-0.466064,-0.005316,0.027695,0.000535,-0.431851,0.000000,0.877955,0.000000,0.000000,0.000000,0.069642,0.000000,-0.500876,0.000000,0.000000,0.000000,0.003780,-0.041289,0.036234,-0.010928,0.080533,-0.000209,-0.090792,0.005757,0.034812,0.055063,0.097407
14.161000,3.989000,-0.428357,-0.041216,0.907602,-0.010991,0.080723,-0.000206,-0.012987,0.006954,-0.464635,-0.003901,0.024128,0.000511,-0.430031,0.000000,0.866599,0.000000,0.000000,0.000000,0.088637,0.000000,-0.486238,0.000000,0.000000,0.000000,0.001674,-0.041216,0.041003,-0.010991,0.080723,-0.000206,-0.101624,0.006954,0.021603,0.058162,0.104127
14.170000,3.998000,-0.428487,-0.041147,0.902955,-0.011030,0.080964,-0.000203,-0.004365,0.008124,-0.456169,-0.001008,0.024639,0.000500,-0.430031,0.000000,0.866599,0.000000,0.000000,0.000000,0.088637,0.000000,-0.486238,0.000000,0.000000,0.000000,0.001544,-0.041147,0.036356,-0.011030,0.080964,-0.000203,-0.093002,0.008124,0.030069,0.054929,0.098079
14.181000,4.009000,-0.428484,-0.041074,0.898044,-0.011097,0.081123,-0.000200,0.004329,0.009255,-0.448721,-0.002414,0.023083,0.000493,-0.428405,0.000000,0.858434,0.000000,0.000000,0.000000,0.102705,0.000000,-0.474168,0.000000,0.000000,0.000000,-0.000079,-0.041074,0.039610,-0.011097,0.081123,-0.000200,-0.098376,0.009255,0.025447,0.057062,0.102035
14.194000,4.022000,-0.428441,-0.040982,0.893557,-0.011146,0.081343,-0.000198,0.013108,0.010451,-0.438849,-0.001934,0.024067,0.000482,-0.426185,0.000000,0.849104,0.000000,0.000000,0.000000,0.119270,0.000000,-0.458638,0.000000,0.000000,0.000000,-0.002256,-0.040982,0.044453,-0.011146,0.081343,-0.000198,-0.106162,0.010451,0.019789,0.060504,0.108495
14.200000,4.028000,-0.428300,-0.040881,0.888315,-0.011189,0.081506,-0.000195,0.021833,0.011627,-0.431464,-0.002113,0.024698,0.000474,-0.426185,0.000000,0.849104,0.000000,0.000000,0.000000,0.119270,0.000000,-0.458638,0.000000,0.000000,0.000000,-0.002115,-0.040881,0.039211,-0.011189,0.081506,-0.000195,-0.097437,0.011627,0.027174,0.056685,0.101821
14.211000,4.039000,-0.428082,-0.040764,0.884001,-0.011247,0.081747,-0.000193,0.030768,0.012849,-0.420190,-0.000430,0.033053,0.000462,-0.426185,0.000000,0.849104,0.000000,0.000000,0.000000,0.119270,0.000000,-0.458638,0.000000,0.000000,0.000000,-0.001897,-0.040764,0.034897,-0.011247,0.081747,-0.000193,-0.088502,0.012849,0.038448,0.053695,0.097344
14.220000,4.048000,-0.427860,-0.040677,0.880467,-0.011236,0.082018,-0.000192,0.039359,0.013924,-0.406971,0.004620,0.041972,0.000458,-0.423498,0.000000,0.839657,0.000000,0.000000,0.000000,0.136663,0.000000,-0.440821,0.000000,0.000000,0.000000,-0.004362,-0.040677,0.040810,-0.011236,0.082018,-0.000192,-0.097304,0.013924,0.033850,0.057785,0.103960
14.232000,4.060000,-0.427423,-0.040514,0.874578,-0.011354,0.082223,-0.000191,0.048300,0.015219,-0.402168,0.000362,0.025895,0.000428,-0.423498,0.000000,0.839657,0.000000,0.000000,0.000000,0.136663,0.000000,-0.440821,0.000000,0.000000,0.000000,-0.003925,-0.040514,0.034921,-0.011354,0.082223,-0.000191,-0.088363,0.015219,0.038653,0.053631,0.097641
14.242000,4.070000,-0.426836,-0.040323,0.868807,-0.011421,0.082565,-0.000191,0.057555,0.016582,-0.397209,0.000780,0.027952,0.000429,-0.420599,0.000000,0.831022,0.000000,0.000000,0.000000,0.153209,0.000000,-0.422456,0.000000,0.000000,0.000000,-0.006237,-0.040323,0.037785,-0.011421,0.082565,-0.000191,-0.095654,0.016582,0.025247,0.055611,0.100310
14.250000,4.078000,-0.426190,-0.040134,0.863608,-0.011483,0.082880,-0.000190,0.066771,0.017901,-0.390113,0.002550,0.027263,0.000457,-0.420599,0.000000,0.831022,0.000000,0.000000,0.000000,0.153209,0.000000,-0.422456,0.000000,0.000000,0.000000,-0.005591,-0.040134,0.032586,-0.011483,0.082880,-0.000190,-0.086438,0.017901,0.032343,0.051999,0.094011
14.260000,4.088000,-0.425522,-0.039955,0.859707,-0.011457,0.083152,-0.000188,0.075810,0.019149,-0.379409,0.010351,0.022854,0.000463,-0.417539,0.000000,0.823171,0.000000,0.000000,0.000000,0.168896,0.000000,-0.403790,0.000000,0.000000,0.000000,-0.007983,-0.039955,0.036536,-0.011457,0.083152,-0.000188,-0.093086,0.019149,0.024381,0.054727,0.098113
14.271000,4.099000,-0.424961,-0.039818,0.856022,-0.011566,0.083323,-0.000186,0.084223,0.020216,-0.366603,0.004487,0.018496,0.000501,-0.417539,0.000000,0.823171,0.000000,0.000000,0.000000,0.168896,0.000000,-0.403790,0.000000,0.000000,0.000000,-0.007422,-0.039818,0.032851,-0.011566,0.083323,-0.000186,-0.084673,0.020216,0.037187,0.052151,0.094663
14.281000,4.109000,-0.423969,-0.039579,0.851079,-0.011609,0.083517,-0.000182,0.093959,0.021625,-0.357865,0.006052,0.009978,0.000538,-0.413996,0.000000,0.815302,0.000000,0.000000,0.000000,0.185358,0.000000,-0.382905,0.000000,0.000000,0.000000,-0.009973,-0.039579,0.035777,-0.011609,0.083517,-0.000182,-0.091399,0.021625,0.025040,0.054277,0.097203
14.292000,4.120000,-0.422944,-0.039342,0.846574,-0.011639,0.083625,-0.000177,0.103652,0.022999,-0.346057,0.007994,0.013082,0.000535,-0.413996,0.000000,0.815302,0.000000,0.000000,0.000000,0.185358,0.000000,-0.382905,0.000000,0.000000,0.000000,-0.008948,-0.039342,0.031272,-0.011639,0.083625,-0.000177,-0.081706,0.022999,0.036848,0.051047,0.092534
14.300000,4.128000,-0.421908,-0.039112,0.843113,-0.011559,0.083756,-0.000174,0.113093,0.024308,-0.331529,0.018049,0.015211,0.000518,-0.410125,0.000000,0.807863,0.000000,0.000000,0.000000,0.201752,0.000000,-0.360804,0.000000,0.000000,0.000000,-0.011783,-0.039112,0.035250,-0.011559,0.083756,-0.000174,-0.088659,0.024308,0.029275,0.053955,0.096480
14.313000,4.141000,-0.421130,-0.038949,0.839970,-0.011648,0.083628,-0.000169,0.120936,0.025289,-0.319415,0.006348,-0.008439,0.000492,-0.410125,0.000000,0.807863,0.000000,0.000000,0.000000,0.201752,0.000000,-0.360804,0.000000,0.000000,0.000000,-0.011005,-0.038949,0.032107,-0.011648,0.083628,-0.000169,-0.080816,0.025289,0.041389,0.051662,0.094254
14.320000,4.148000,-0.419921,-0.038696,0.836775,-0.011584,0.083544,-0.000163,0.130134,0.026566,-0.307802,0.013689,-0.024013,0.000465,-0.405927,0.000000,0.800877,0.000000,0.000000,0.000000,0.218061,0.000000,-0.337546,0.000000,0.000000,0.000000,-0.013994,-0.038696,0.035898,-0.011584,0.083544,-0.000163,-0.087927,0.026566,0.029744,0.054607,0.096549
14.330000,4.158000,-0.419116,-0.038533,0.834208,-0.011642,0.083473,-0.000158,0.137602,0.027485,-0.293483,0.012120,-0.005262,0.000428,-0.405927,0.000000,0.800877,0.000000,0.000000,0.000000,0.218061,0.000000,-0.337546,0.000000,0.000000,0.000000,-0.013189,-0.038533,0.033331,-0.011642,0.083473,-0.000158,-0.080459,0.027485,0.044063,0.052628,0.095763
14.340000,4.168000,-0.417553,-0.038216,0.829807,-0.011687,0.083322,-0.000153,0.147472,0.028919,-0.284921,0.011183,-0.017031,0.000309,-0.401169,0.000000,0.794055,0.000000,0.000000,0.000000,0.235074,0.000000,-0.311947,0.000000,0.000000,0.000000,-0.016384,-0.038216,0.035752,-0.011687,0.083322,-0.000153,-0.087602,0.028919,0.027026,0.054837,0.096129
14.351000,4.179000,-0.416078,-0.037927,0.826958,-0.011575,0.083152,-0.000148,0.156730,0.030213,-0.272185,0.023331,-0.021743,0.000296,-0.401169,0.000000,0.794055,0.000000,0.000000,0.000000,0.235074,0.000000,-0.311947,0.000000,0.000000,0.000000,-0.014909,-0.037927,0.032903,-0.011575,0.083152,-0.000148,-0.078344,0.030213,0.039762,0.052377,0.092907
14.360000,4.188000,-0.414974,-0.037712,0.824239,-0.011682,0.082738,-0.000143,0.164252,0.031191,-0.259438,0.011562,-0.029152,0.000195,-0.396306,0.000000,0.788069,0.000000,0.000000,0.000000,0.251154,0.000000,-0.286513,0.000000,0.000000,0.000000,-0.018668,-0.037712,0.036170,-0.011682,0.082738,-0.000143,-0.086902,0.031191,0.027075,0.055488,0.096218
14.371000,4.199000,-0.413042,-0.037339,0.820070,-0.011719,0.082430,-0.000138,0.174490,0.032711,-0.250205,0.008334,-0.034316,0.000161,-0.396306,0.000000,0.788069,0.000000,0.000000,0.000000,0.251154,0.000000,-0.286513,0.000000,0.000000,0.000000,-0.016736,-0.037339,0.032001,-0.011719,0.082430,-0.000138,-0.076664,0.032711,0.036308,0.051946,0.090916
14.381000,4.209000,-0.410861,-0.036927,0.816255,-0.011768,0.082125,-0.000131,0.185276,0.034330,-0.240245,0.006964,-0.040653,0.000177,-0.391390,0.000000,0.782862,0.000000,0.000000,0.000000,0.266303,0.000000,-0.261462,0.000000,0.000000,0.000000,-0.019471,-0.036927,0.033393,-0.011768,0.082125,-0.000131,-0.081027,0.034330,0.021217,0.053459,0.090521
14.390000,4.218000,-0.409008,-0.036584,0.813852,-0.011697,0.081719,-0.000125,0.194571,0.035657,-0.225434,0.024948,-0.038365,0.000219,-0.391390,0.000000,0.782862,0.000000,0.000000,0.000000,0.266303,0.000000,-0.261462,0.000000,0.000000,0.000000,-0.017618,-0.036584,0.030990,-0.011697,0.081719,-0.000125,-0.071732,0.035657,0.036028,0.051080,0.087835
14.400000,4.228000,-0.407461,-0.036296,0.810906,-0.011866,0.081096,-0.000118,0.202285,0.036735,-0.212633,0.014565,-0.040779,0.000183,-0.385623,0.000000,0.777670,0.000000,0.000000,0.000000,0.282885,0.000000,-0.232844,0.000000,0.000000,0.000000,-0.021838,-0.036296,0.033236,-0.011866,0.081096,-0.000118,-0.080600,0.036735,0.020211,0.053842,0.090853
14.410000,4.238000,-0.405438,-0.035929,0.808779,-0.011883,0.080657,-0.000112,0.211504,0.038081,-0.197309,0.012370,-0.043104,0.000134,-0.385623,0.000000,0.777670,0.000000,0.000000,0.000000,0.282885,0.000000,-0.232844,0.000000,0.000000,0.000000,-0.019815,-0.035929,0.031109,-0.011883,0.080657,-0.000112,-0.071381,0.038081,0.035535,0.051491,0.088364
14.420000,4.248000,-0.403531,-0.035581,0.805857,-0.011744,0.080120,-0.000105,0.219842,0.039301,-0.184744,0.025360,-0.042538,0.000155,-0.380107,0.000000,0.773498,0.000000,0.000000,0.000000,0.297726,0.000000,-0.206179,0.000000,0.000000,0.000000,-0.023424,-0.035581,0.032359,-0.011744,0.080120,-0.000105,-0.077884,0.039301,0.021435,0.053496,0.089833
14.430000,4.258000,-0.400886,-0.035105,0.803005,-0.011922,0.079763,-0.000099,0.230552,0.040952,-0.172004,0.019983,-0.041913,0.000151,-0.380107,0.000000,0.773498,0.000000,0.000000,0.000000,0.297726,0.000000,-0.206179,0.000000,0.000000,0.000000,-0.020779,-0.035105,0.029507,-0.011922,0.079763,-0.000099,-0.067174,0.040952,0.034175,0.050347,0.085775
14.440000,4.268000,-0.398364,-0.034654,0.800505,-0.011973,0.079339,-0.000092,0.240383,0.042457,-0.158602,0.019513,-0.042597,0.000146,-0.373684,0.000000,0.769485,0.000000,0.000000,0.000000,0.313932,0.000000,-0.175938,0.000000,0.000000,0.000000,-0.024680,-0.034654,0.031020,-0.011973,0.079339,-0.000092,-0.073549,0.042457,0.017336,0.052652,0.086675
14.450000,4.278000,-0.395961,-0.034229,0.798919,-0.011777,0.078913,-0.000085,0.249484,0.043827,-0.142242,0.039464,-0.042927,0.000169,-0.373684,0.000000,0.769485,0.000000,0.000000,0.000000,0.313932,0.000000,-0.175938,0.000000,0.000000,0.000000,-0.022277,-0.034229,0.029434,-0.011777,0.078913,-0.000085,-0.064448,0.043827,0.033696,0.050341,0.084910
14.460000,4.288000,-0.394939,-0.034048,0.797764,-0.011870,0.078014,-0.000079,0.253194,0.044265,-0.125094,0.022805,-0.045522,0.000121,-0.366924,0.000000,0.766114,0.000000,0.000000,0.000000,0.329914,0.000000,-0.144981,0.000000,0.000000,0.000000,-0.028015,-0.034048,0.031650,-0.011870,0.078014,-0.000079,-0.076720,0.044265,0.019887,0.054275,0.090779
14.472000,4.300000,-0.392233,-0.033571,0.795507,-0.011838,0.077555,-0.000072,0.262732,0.045747,-0.111355,0.019187,-0.048899,0.000129,-0.366924,0.000000,0.766114,0.000000,0.000000,0.000000,0.329914,0.000000,-0.144981,0.000000,0.000000,0.000000,-0.025309,-0.033571,0.029393,-0.011838,0.077555,-0.000072,-0.067182,0.045747,0.033626,0.051298,0.087960
14.484000,4.312000,-0.389002,-0.033005,0.793516,-0.011808,0.077197,-0.000065,0.273824,0.047498,-0.097078,0.030252,-0.047585,0.000102,-0.360863,0.000000,0.763747,0.000000,0.000000,0.000000,0.343419,0.000000,-0.117948,0.000000,0.000000,0.000000,-0.028139,-0.033005,0.029769,-0.011808,0.077197,-0.000065,-0.069595,0.047498,0.020870,0.052605,0.086805
14.491000,4.319000,-0.385961,-0.032474,0.791815,-0.011518,0.076780,-0.000058,0.283771,0.049052,-0.082361,0.054189,-0.044718,0.000118,-0.360863,0.000000,0.763747,0.000000,0.000000,0.000000,0.343419,0.000000,-0.117948,0.000000,0.000000,0.000000,-0.025098,-0.032474,0.028068,-0.011518,0.076780,-0.000058,-0.059648,0.049052,0.035587,0.049722,0.085032
14.500000,4.328000,-0.383124,-0.031983,0.790992,-0.011731,0.076207,-0.000052,0.292611,0.050409,-0.065493,0.029871,-0.049879,0.000032,-0.353847,0.000000,0.761692,0.000000,0.000000,0.000000,0.358201,0.000000,-0.087454,0.000000,0.000000,0.000000,-0.029277,-0.031983,0.029300,-0.011731,0.076207,-0.000052,-0.065590,0.050409,0.021961,0.052331,0.085589
14.510000,4.338000,-0.381912,-0.031772,0.790135,-0.011608,0.075166,-0.000047,0.295189,0.050700,-0.049170,0.017451,-0.057491,-0.000075,-0.353847,0.000000,0.761692,0.000000,0.000000,0.000000,0.358201,0.000000,-0.087454,0.000000,0.000000,0.000000,-0.028065,-0.031772,0.028443,-0.011608,0.075166,-0.000047,-0.063012,0.050700,0.038284,0.051050,0.089480
14.523000,4.351000,-0.378747,-0.031224,0.788700,-0.011575,0.074636,-0.000043,0.304546,0.052174,-0.035351,0.033360,-0.052369,-0.000252,-0.345416,0.000000,0.760089,0.000000,0.000000,0.000000,0.374888,0.000000,-0.051898,0.000000,0.000000,0.000000,-0.033331,-0.031224,0.028611,-0.011575,0.074636,-0.000043,-0.070342,0.052174,0.016547,0.053893,0.089129
14.537000,4.365000,-0.374997,-0.030578,0.787664,-0.011594,0.074212,-0.000042,0.315650,0.053950,-0.020790,0.031193,-0.055857,-0.000509,-0.338939,0.000000,0.759432,0.000000,0.000000,0.000000,0.386995,0.000000,-0.025359,0.000000,0.000000,0.000000,-0.036058,-0.030578,0.028232,-0.011594,0.074212,-0.000042,-0.071345,0.053950,0.004569,0.055066,0.089563
14.541000,4.369000,-0.371840,-0.030039,0.787456,-0.011282,0.073653,-0.000041,0.324177,0.055280,-0.004216,0.059437,-0.051816,-0.000456,-0.338939,0.000000,0.759432,0.000000,0.000000,0.000000,0.386995,0.000000,-0.025359,0.000000,0.000000,0.000000,-0.032901,-0.030039,0.028024,-0.011282,0.073653,-0.000041,-0.062818,0.055280,0.021143,0.052632,0.086308
14.550000,4.378000,-0.369363,-0.029611,0.786380,-0.011516,0.072745,-0.000044,0.330043,0.056187,0.012350,0.026281,-0.054705,-0.000726,-0.338939,0.000000,0.759432,0.000000,0.000000,0.000000,0.386995,0.000000,-0.025359,0.000000,0.000000,0.000000,-0.030424,-0.029611,0.026948,-0.011516,0.072745,-0.000044,-0.056952,0.056187,0.037709,0.050285,0.088445
14.561000,4.389000,-0.366063,-0.029049,0.786504,-0.011254,0.072198,-0.000045,0.338620,0.057542,0.031928,0.048558,-0.048374,-0.000631,-0.330658,0.000000,0.759246,0.000000,0.000000,0.000000,0.401668,0.000000,0.007636,0.000000,0.000000,0.000000,-0.035405,-0.029049,0.027258,-0.011254,0.072198,-0.000045,-0.063048,0.057542,0.024292,0.053295,0.088748
14.570000,4.398000,-0.363977,-0.028691,0.786081,-0.011332,0.071194,-0.000048,0.342232,0.058075,0.046681,0.036990,-0.058286,-0.000627,-0.330658,0.000000,0.759246,0.000000,0.000000,0.000000,0.401668,0.000000,0.007636,0.000000,0.000000,0.000000,-0.033319,-0.028691,0.026835,-0.011332,0.071194,-0.000048,-0.059436,0.058075,0.039045,0.051512,0.091814
14.580000,4.408000,-0.361085,-0.028197,0.785935,-0.011238,0.070490,-0.000049,0.348519,0.059066,0.061811,0.039296,-0.056152,-0.000526,-0.322902,0.000000,0.759675,0.000000,0.000000,0.000000,0.414661,0.000000,0.037609,0.000000,0.000000,0.000000,-0.038183,-0.028197,0.026260,-0.011238,0.070490,-0.000049,-0.066142,0.059066,0.024202,0.054246,0.091920
14.590000,4.418000,-0.356793,-0.027465,0.785755,-0.011149,0.070167,-0.000047,0.359533,0.060864,0.076169,0.040113,-0.051286,-0.000286,-0.322902,0.000000,0.759675,0.000000,0.000000,0.000000,0.414661,0.000000,0.037609,0.000000,0.000000,0.000000,-0.033891,-0.027465,0.026080,-0.011149,0.070167,-0.000047,-0.055128,0.060864,0.038560,0.050824,0.090722
14.600000,4.428000,-0.353198,-0.026856,0.786517,-0.010748,0.069654,-0.000044,0.367602,0.062143,0.092864,0.065470,-0.048010,-0.000091,-0.314475,0.000000,0.760743,0.000000,0.000000,0.000000,0.428033,0.000000,0.069193,0.000000,0.000000,0.000000,-0.038723,-0.026856,0.025774,-0.010748,0.069654,-0.000044,-0.060431,0.062143,0.023671,0.053712,0.089855
14.610000,4.438000,-0.350531,-0.026402,0.786497,-0.010719,0.068798,-0.000040,0.371962,0.062799,0.106871,0.047592,-0.056026,-0.000060,-0.314475,0.000000,0.760743,0.000000,0.000000,0.000000,0.428033,0.000000,0.069193,0.000000,0.000000,0.000000,-0.036056,-0.026402,0.025754,-0.010719,0.068798,-0.000040,-0.056071,0.062799,0.037678,0.051579,0.092235
14.620000,4.448000,-0.346079,-0.025646,0.786856,-0.010530,0.068458,-0.000033,0.382522,0.064485,0.121581,0.050801,-0.056583,0.000212,-0.304900,0.000000,0.762647,0.000000,0.000000,0.000000,0.442365,0.000000,0.103866,0.000000,0.000000,0.000000,-0.041179,-0.025646,0.024209,-0.010530,0.068458,-0.000033,-0.059843,0.064485,0.017715,0.054217,0.089740
14.632000,4.460000,-0.341268,-0.024832,0.787834,-0.010291,0.068155,-0.000023,0.393976,0.066299,0.137679,0.052467,-0.056689,0.000374,-0.304900,0.000000,0.762647,0.000000,0.000000,0.000000,0.442365,0.000000,0.103866,0.000000,0.000000,0.000000,-0.036368,-0.024832,0.025187,-0.010291,0.068155,-0.000023,-0.048389,0.066299,0.033813,0.050731,0.088771
14.640000,4.468000,-0.337328,-0.024169,0.789211,-0.009765,0.067589,-0.000014,0.401820,0.067481,0.154484,0.075872,-0.056315,0.000424,-0.296834,0.000000,0.764771,0.000000,0.000000,0.000000,0.453784,0.000000,0.132096,0.000000,0.000000,0.000000,-0.040494,-0.024169,0.024440,-0.009765,0.067589,-0.000014,-0.051964,0.067481,0.022388,0.053115,0.088063
14.651000,4.479000,-0.334186,-0.023639,0.789496,-0.009691,0.066699,-0.000002,0.406436,0.068102,0.168024,0.052417,-0.066415,0.000413,-0.296834,0.000000,0.764771,0.000000,0.000000,0.000000,0.453784,0.000000,0.132096,0.000000,0.000000,0.000000,-0.037352,-0.023639,0.024725,-0.009691,0.066699,-0.000002,-0.047348,0.068102,0.035928,0.050649,0.090391
14.662000,4.490000,-0.329358,-0.022829,0.791006,-0.009447,0.066231,0.000010,0.416894,0.069679,0.184735,0.052458,-0.072978,0.000440,-0.287634,0.000000,0.767725,0.000000,0.000000,0.000000,0.466135,0.000000,0.163231,0.000000,0.000000,0.000000,-0.041724,-0.022829,0.023281,-0.009447,0.066231,0.000010,-0.049241,0.069679,0.021504,0.052953,0.087990
14.670000,4.498000,-0.324849,-0.022075,0.792532,-0.008931,0.065580,0.000022,0.425719,0.070960,0.200565,0.076130,-0.075905,0.000350,-0.287634,0.000000,0.767725,0.000000,0.000000,0.000000,0.466135,0.000000,0.163231,0.000000,0.000000,0.000000,-0.037215,-0.022075,0.024807,-0.008931,0.065580,0.000022,-0.040416,0.070960,0.037334,0.049876,0.089792
14.680000,4.508000,-0.320592,-0.021366,0.794538,-0.008932,0.064857,0.000034,0.433266,0.072019,0.217344,0.051135,-0.076554,0.000396,-0.278191,0.000000,0.771298,0.000000,0.000000,0.000000,0.478117,0.000000,0.194031,0.000000,0.000000,0.000000,-0.042401,-0.021366,0.023240,-0.008932,0.064857,0.000034,-0.044851,0.072019,0.023313,0.052863,0.087988
14.690000,4.518000,-0.318926,-0.021090,0.794952,-0.008584,0.063308,0.000046,0.431091,0.071441,0.228531,0.039601,-0.084351,0.000359,-0.278191,0.000000,0.771298,0.000000,0.000000,0.000000,0.478117,0.000000,0.194031,0.000000,0.000000,0.000000,-0.040735,-0.021090,0.023654,-0.008584,0.063308,0.000046,-0.047026,0.071441,0.034500,0.051610,0.092225
14.700000,4.528000,-0.315573,-0.020535,0.796337,-0.008378,0.062156,0.000057,0.434907,0.071852,0.242215,0.032274,-0.093732,0.000241,-0.268512,0.000000,0.775483,0.000000,0.000000,0.000000,0.489720,0.000000,0.224405,0.000000,0.000000,0.000000,-0.047061,-0.020535,0.020854,-0.008378,0.062156,0.000057,-0.054813,0.071852,0.017810,0.055419,0.092111
14.710000,4.538000,-0.311716,-0.019899,0.798060,-0.008034,0.061094,0.000067,0.440284,0.072520,0.256715,0.062087,-0.089709,0.000133,-0.268512,0.000000,0.775483,0.000000,0.000000,0.000000,0.489720,0.000000,0.224405,0.000000,0.000000,0.000000,-0.043204,-0.019899,0.022577,-0.008034,0.061094,0.000067,-0.049436,0.072520,0.032310,0.052652,0.093525
14.720000,4.548000,-0.307611,-0.019223,0.800002,-0.008211,0.060003,0.000077,0.446245,0.073298,0.271436,0.039089,-0.094011,0.000005,-0.258605,0.000000,0.780271,0.000000,0.000000,0.000000,0.500928,0.000000,0.254263,0.000000,0.000000,0.000000,-0.049006,-0.019223,0.019731,-0.008211,0.060003,0.000077,-0.054683,0.073298,0.017173,0.056218,0.093047
14.730000,4.558000,-0.303354,-0.018524,0.802125,-0.008187,0.058945,0.000084,0.452687,0.074163,0.290752,0.025661,-0.085894,-0.000181,-0.258605,0.000000,0.780271,0.000000,0.000000,0.000000,0.500928,0.000000,0.254263,0.000000,0.000000,0.000000,-0.044749,-0.018524,0.021854,-0.008187,0.058945,0.000084,-0.048241,0.074163,0.036489,0.053134,0.095702
14.740000,4.568000,-0.298990,-0.017808,0.804459,-0.008170,0.057894,0.000089,0.459162,0.075049,0.310126,0.022900,-0.085934,-0.000378,-0.248477,0.000000,0.785650,0.000000,0.000000,0.000000,0.511731,0.000000,0.283515,0.000000,0.000000,0.000000,-0.050513,-0.017808,0.018809,-0.008170,0.057894,0.000089,-0.052569,0.075049,0.026611,0.056767,0.095415
14.751000,4.579000,-0.293006,-0.016830,0.807667,-0.008312,0.057372,0.000093,0.470926,0.076832,0.327575,0.035332,-0.081751,-0.000354,-0.248477,0.000000,0.785650,0.000000,0.000000,0.000000,0.511731,0.000000,0.283515,0.000000,0.000000,0.000000,-0.044529,-0.016830,0.022017,-0.008312,0.057372,0.000093,-0.040805,0.076832,0.044060,0.052448,0.097517
14.760000,4.588000,-0.288297,-0.016062,0.810943,-0.007959,0.056555,0.000096,0.477545,0.077791,0.344717,0.075359,-0.070773,-0.000301,-0.237616,0.000000,0.791920,0.000000,0.000000,0.000000,0.522624,0.000000,0.313484,0.000000,0.000000,0.000000,-0.050681,-0.016062,0.019023,-0.007959,0.056555,0.000096,-0.045079,0.077791,0.031233,0.056466,0.095179
14.770000,4.598000,-0.284743,-0.015483,0.812924,-0.008402,0.055379,0.000098,0.479343,0.077995,0.351862,0.013264,-0.084987,-0.000373,-0.237616,0.000000,0.791920,0.000000,0.000000,0.000000,0.522624,0.000000,0.313484,0.000000,0.000000,0.000000,-0.047127,-0.015483,0.021004,-0.008402,0.055379,0.000098,-0.043281,0.077995,0.038378,0.053869,0.097105
14.781000,4.609000,-0.278956,-0.014540,0.816415,-0.008555,0.054993,0.000100,0.489050,0.079519,0.363211,0.011906,-0.076051,-0.000342,-0.224929,0.000000,0.799844,0.000000,0.000000,0.000000,0.534494,0.000000,0.346671,0.000000,0.000000,0.000000,-0.054027,-0.014540,0.016571,-0.008555,0.054993,0.000100,-0.045444,0.079519,0.016540,0.058352,0.093070
14.790000,4.618000,-0.274065,-0.013745,0.820047,-0.008436,0.054232,0.000104,0.495259,0.080485,0.377895,0.059813,-0.070474,-0.000303,-0.224929,0.000000,0.799844,0.000000,0.000000,0.000000,0.534494,0.000000,0.346671,0.000000,0.000000,0.000000,-0.049136,-0.013745,0.020203,-0.008436,0.054232,0.000104,-0.039235,0.080485,0.031224,0.054877,0.094827
14.800000,4.628000,-0.270533,-0.013170,0.822289,-0.008814,0.053180,0.000106,0.496274,0.080646,0.388099,0.039944,-0.062466,-0.000323,-0.216858,0.000000,0.805195,0.000000,0.000000,0.000000,0.541589,0.000000,0.366777,0.000000,0.000000,0.000000,-0.053675,-0.013170,0.017094,-0.008814,0.053180,0.000106,-0.045315,0.080646,0.021322,0.057850,0.094931
14.812000,4.640000,-0.264609,-0.012206,0.826326,-0.008918,0.052810,0.000106,0.505829,0.082222,0.403703,0.029583,-0.069500,-0.000459,-0.216858,0.000000,0.805195,0.000000,0.000000,0.000000,0.541589,0.000000,0.366777,0.000000,0.000000,0.000000,-0.047751,-0.012206,0.021131,-0.008918,0.052810,0.000106,-0.035760,0.082222,0.036926,0.053625,0.096968
14.820000,4.648000,-0.259550,-0.011384,0.830363,-0.008622,0.052115,0.000108,0.511816,0.083232,0.418856,0.059800,-0.072547,-0.000436,-0.205935,0.000000,0.812792,0.000000,0.000000,0.000000,0.550656,0.000000,0.392754,0.000000,0.000000,0.000000,-0.053615,-0.011384,0.017571,-0.008622,0.052115,0.000108,-0.038840,0.083232,0.026102,0.057558,0.095485
14.830000,4.658000,-0.255919,-0.010792,0.832957,-0.008739,0.051051,0.000107,0.512312,0.083359,0.428008,0.055495,-0.074126,-0.000583,-0.205935,0.000000,0.812792,0.000000,0.000000,0.000000,0.550656,0.000000,0.392754,0.000000,0.000000,0.000000,-0.049984,-0.010792,0.020165,-0.008739,0.051051,0.000107,-0.038344,0.083359,0.035254,0.054968,0.098295
14.842000,4.670000,-0.249811,-0.009796,0.837511,-0.008695,0.050612,0.000106,0.521642,0.084923,0.442613,0.060648,-0.080278,-0.000627,-0.194835,0.000000,0.820899,0.000000,0.000000,0.000000,0.559262,0.000000,0.417711,0.000000,0.000000,0.000000,-0.054976,-0.009796,0.016612,-0.008695,0.050612,0.000106,-0.037620,0.084923,0.024902,0.058260,0.096163
14.851000,4.679000,-0.244595,-0.008947,0.841937,-0.008088,0.049809,0.000107,0.527299,0.085894,0.456190,0.096895,-0.082383,-0.000525,-0.194835,0.000000,0.820899,0.000000,0.000000,0.000000,0.559262,0.000000,0.417711,0.000000,0.000000,0.000000,-0.049760,-0.008947,0.021038,-0.008088,0.049809,0.000107,-0.031963,0.085894,0.038479,0.054760,0.099398
14.861000,4.689000,-0.239281,-0.008079,0.845956,-0.008167,0.048957,0.000109,0.533047,0.086862,0.468189,0.064760,-0.088430,-0.000402,-0.183568,0.000000,0.829493,0.000000,0.000000,0.000000,0.567399,0.000000,0.441571,0.000000,0.000000,0.000000,-0.055713,-0.008079,0.016463,-0.008167,0.048957,0.000109,-0.034352,0.086862,0.026618,0.058654,0.097127
14.870000,4.698000,-0.233951,-0.007210,0.850638,-0.007519,0.048073,0.000112,0.538460,0.087764,0.480564,0.083960,-0.092777,-0.000312,-0.183568,0.000000,0.829493,0.000000,0.000000,0.000000,0.567399,0.000000,0.441571,0.000000,0.000000,0.000000,-0.050383,-0.007210,0.021145,-0.007519,0.048073,0.000112,-0.028939,0.087764,0.038993,0.055114,0.100302
14.880000,4.708000,-0.230411,-0.006633,0.853491,-0.007319,0.046610,0.000116,0.537147,0.087545,0.487257,0.056441,-0.099338,-0.000257,-0.171567,0.000000,0.839019,0.000000,0.000000,0.000000,0.575428,0.000000,0.465365,0.000000,0.000000,0.000000,-0.058844,-0.006633,0.014472,-0.007319,0.046610,0.000116,-0.038281,0.087545,0.021892,0.060959,0.098025
14.890000,4.718000,-0.225788,-0.005879,0.857423,-0.006958,0.045412,0.000121,0.539607,0.087917,0.496144,0.061295,-0.103940,-0.000249,-0.171567,0.000000,0.839019,0.000000,0.000000,0.000000,0.575428,0.000000,0.465365,0.000000,0.000000,0.000000,-0.054221,-0.005879,0.018404,-0.006958,0.045412,0.000121,-0.035821,0.087917,0.030779,0.057560,0.099799
14.900000,4.728000,-0.220807,-0.005067,0.861739,-0.006654,0.044246,0.000126,0.543143,0.088445,0.505895,0.057263,-0.110319,-0.000193,-0.160569,0.000000,0.848056,0.000000,0.000000,0.000000,0.582229,0.000000,0.485718,0.000000,0.000000,0.000000,-0.060238,-0.005067,0.013683,-0.006654,0.044246,0.000126,-0.039086,0.088445,0.020177,0.061980,0.098779
14.911000,4.739000,-0.213857,-0.003937,0.867748,-0.006535,0.043539,0.000133,0.553601,0.090085,0.521117,0.057100,-0.108732,-0.000161,-0.160569,0.000000,0.848056,0.000000,0.000000,0.000000,0.582229,0.000000,0.485718,0.000000,0.000000,0.000000,-0.053288,-0.003937,0.019692,-0.006535,0.043539,0.000133,-0.028628,0.090085,0.035399,0.056946,0.100935
14.920000,4.748000,-0.206780,-0.002786,0.874134,-0.006428,0.042780,0.000138,0.564033,0.091721,0.537025,0.054356,-0.111200,-0.000211,-0.148857,0.000000,0.857974,0.000000,0.000000,0.000000,0.588905,0.000000,0.505870,0.000000,0.000000,0.000000,-0.057923,-0.002786,0.016160,-0.006428,0.042780,0.000138,-0.024872,0.091721,0.031155,0.060200,0.100010
14.932000,4.760000,-0.200379,-0.001746,0.879987,-0.006305,0.041802,0.000144,0.571602,0.092892,0.552876,0.056790,-0.109127,-0.000291,-0.148857,0.000000,0.857974,0.000000,0.000000,0.000000,0.588905,0.000000,0.505870,0.000000,0.000000,0.000000,-0.051522,-0.001746,0.022013,-0.006305,0.041802,0.000144,-0.017303,0.092892,0.047006,0.056055,0.105536
14.944000,4.772000,-0.194421,-0.000779,0.885555,-0.006143,0.040707,0.000148,0.576905,0.093701,0.561238,0.061148,-0.116839,-0.000306,-0.136421,0.000000,0.868807,0.000000,0.000000,0.000000,0.595375,0.000000,0.525563,0.000000,0.000000,0.000000,-0.058000,-0.000779,0.016748,-0.006143,0.040707,0.000148,-0.018470,0.093701,0.035675,0.060375,0.101950
14.950000,4.778000,-0.188652,0.000158,0.891168,-0.005945,0.039595,0.000151,0.581237,0.094358,0.569488,0.064066,-0.114059,-0.000329,-0.136421,0.000000,0.868807,0.000000,0.000000,0.000000,0.595375,0.000000,0.525563,0.000000,0.000000,0.000000,-0.052231,0.000158,0.022361,-0.005945,0.039595,0.000151,-0.014138,0.094358,0.043925,0.056817,0.105037
14.960000,4.788000,-0.186627,0.000485,0.893030,-0.005133,0.037403,0.000155,0.571840,0.092775,0.566613,0.104913,-0.116457,-0.000314,-0.125057,0.000000,0.878951,0.000000,0.000000,0.000000,0.600745,0.000000,0.542030,0.000000,0.000000,0.000000,-0.061570,0.000485,0.014079,-0.005133,0.037403,0.000155,-0.028905,0.092775,0.024583,0.063161,0.100235
14.971000,4.799000,-0.180630,0.001456,0.898727,-0.005303,0.036437,0.000158,0.576867,0.093530,0.574523,0.066984,-0.112727,-0.000320,-0.125057,0.000000,0.878951,0.000000,0.000000,0.000000,0.600745,0.000000,0.542030,0.000000,0.000000,0.000000,-0.055573,0.001456,0.019776,-0.005303,0.036437,0.000158,-0.023878,0.093530,0.032493,0.059005,0.101852
14.981000,4.809000,-0.173542,0.002603,0.905646,-0.005014,0.035676,0.000161,0.585529,0.094865,0.585799,0.075597,-0.115416,-0.000281,-0.112383,0.000000,0.890511,0.000000,0.000000,0.000000,0.606139,0.000000,0.558682,0.000000,0.000000,0.000000,-0.061159,0.002603,0.015135,-0.005014,0.035676,0.000161,-0.020610,0.094865,0.027117,0.063058,0.100794
14.992000,4.820000,-0.167069,0.003651,0.912021,-0.004652,0.034685,0.000165,0.591593,0.095759,0.596343,0.077420,-0.108932,-0.000226,-0.100824,0.000000,0.901258,0.000000,0.000000,0.000000,0.610524,0.000000,0.572302,0.000000,0.000000,0.000000,-0.066245,0.003651,0.010763,-0.004652,0.034685,0.000165,-0.018931,0.095759,0.024041,0.067213,0.100529
15.000000,4.828000,-0.161153,0.004608,0.917984,-0.003877,0.033596,0.000168,0.595310,0.096258,0.605374,0.113127,-0.101781,-0.000208,-0.100824,0.000000,0.901258,0.000000,0.000000,0.000000,0.610524,0.000000,0.572302,0.000000,0.000000,0.000000,-0.060329,0.004608,0.016726,-0.003877,0.033596,0.000168,-0.015214,0.096258,0.033072,0.062774,0.102912
15.014000,4.842000,-0.157425,0.005207,0.921712,-0.003713,0.031760,0.000171,0.590870,0.095404,0.605828,0.077387,-0.115680,-0.000161,-0.087957,0.000000,0.913420,0.000000,0.000000,0.000000,0.614819,0.000000,0.585711,0.000000,0.000000,0.000000,-0.069468,0.005207,0.008292,-0.003713,0.031760,0.000171,-0.023949,0.095404,0.020117,0.070155,0.100400
15.023000,4.851000,-0.150533,0.006318,0.928692,-0.003338,0.030889,0.000176,0.597789,0.096363,0.615751,0.078033,-0.115353,-0.000057,-0.087957,0.000000,0.913420,0.000000,0.000000,0.000000,0.614819,0.000000,0.585711,0.000000,0.000000,0.000000,-0.062576,0.006318,0.015272,-0.003338,0.030889,0.000176,-0.017030,0.096363,0.030040,0.064722,0.102363
15.031000,4.859000,-0.144155,0.007344,0.935201,-0.002896,0.029839,0.000180,0.602582,0.096944,0.626719,0.077389,-0.105306,0.000001,-0.076243,0.000000,0.924651,0.000000,0.000000,0.000000,0.618200,0.000000,0.596318,0.000000,0.000000,0.000000,-0.067912,0.007344,0.010550,-0.002896,0.029839,0.000180,-0.015618,0.096944,0.030401,0.069118,0.102792
15.041000,4.869000,-0.138079,0.008318,0.941481,-0.002473,0.028714,0.000185,0.605981,0.097271,0.636696,0.075223,-0.102214,0.000070,-0.076243,0.000000,0.924651,0.000000,0.000000,0.000000,0.618200,0.000000,0.596318,0.000000,0.000000,0.000000,-0.061836,0.008318,0.016830,-0.002473,0.028714,0.000185,-0.012219,0.097271,0.040378,0.064623,0.106025
15.050000,4.878000,-0.132152,0.009266,0.947678,-0.002074,0.027578,0.000189,0.608458,0.097433,0.641262,0.072233,-0.108647,0.000067,-0.076243,0.000000,0.924651,0.000000,0.000000,0.000000,0.618200,0.000000,0.596318,0.000000,0.000000,0.000000,-0.055909,0.009266,0.023027,-0.002074,0.027578,0.000189,-0.009742,0.097433,0.044944,0.061171,0.107741
15.062000,4.890000,-0.126292,0.010200,0.953819,-0.001709,0.026437,0.000193,0.610491,0.097500,0.645531,0.068683,-0.107345,0.000073,-0.062605,0.000000,0.937889,0.000000,0.000000,0.000000,0.621513,0.000000,0.606752,0.000000,0.000000,0.000000,-0.063687,0.010200,0.015930,-0.001709,0.026437,0.000193,-0.011022,0.097500,0.038779,0.066437,0.105506
15.070000,4.898000,-0.120455,0.011128,0.959962,-0.001381,0.025290,0.000197,0.612207,0.097502,0.648150,0.066327,-0.105992,0.000037,-0.062605,0.000000,0.937889,0.000000,0.000000,0.000000,0.621513,0.000000,0.606752,0.000000,0.000000,0.000000,-0.057850,0.011128,0.022073,-0.001381,0.025290,0.000197,-0.009306,0.097502,0.041398,0.062910,0.106335
15.080000,4.908000,-0.114333,0.012103,0.966443,-0.000717,0.024230,0.000199,0.614778,0.097643,0.651688,0.098281,-0.104761,-0.000068,-0.051397,0.000000,0.948876,0.000000,0.000000,0.000000,0.623739,0.000000,0.613787,0.000000,0.000000,0.000000,-0.062936,0.012103,0.017567,-0.000717,0.024230,0.000199,-0.008961,0.097643,0.037901,0.066453,0.105123
15.090000,4.918000,-0.112513,0.012385,0.968413,-0.000604,0.021950,0.000202,0.601717,0.095267,0.641720,0.064471,-0.105939,0.000004,-0.051397,0.000000,0.948876,0.000000,0.000000,0.000000,0.623739,0.000000,0.613787,0.000000,0.000000,0.000000,-0.061116,0.012385,0.019537,-0.000604,0.021950,0.000202,-0.022022,0.095267,0.027933,0.065347,0.101691
15.100000,4.928000,-0.107998,0.013095,0.973206,-0.000319,0.020488,0.000204,0.598612,0.094476,0.640232,0.061245,-0.106762,-0.000041,-0.038902,0.000000,0.961216,0.000000,0.000000,0.000000,0.625699,0.000000,0.619996,0.000000,0.000000,0.000000,-0.069096,0.013095,0.011990,-0.000319,0.020488,0.000204,-0.027087,0.094476,0.020236,0.071341,0.100344
15.112000,4.940000,-0.100884,0.014212,0.980723,-0.000201,0.019791,0.000204,0.604930,0.095161,0.648187,0.053173,-0.095533,-0.000108,-0.038902,0.000000,0.961216,0.000000,0.000000,0.000000,0.625699,0.000000,0.619996,0.000000,0.000000,0.000000,-0.061982,0.014212,0.019507,-0.000201,0.019791,0.000204,-0.020769,0.095161,0.028191,0.066515,0.101399
15.120000,4.948000,-0.093247,0.015410,0.988852,-0.000107,0.019228,0.000204,0.612786,0.096089,0.657736,0.049899,-0.089524,-0.000175,-0.026373,0.000000,0.973664,0.000000,0.000000,0.000000,0.627116,0.000000,0.624494,0.000000,0.000000,0.000000,-0.066874,0.015410,0.015188,-0.000107,0.019228,0.000204,-0.014330,0.096089,0.033242,0.070287,0.102681
15.133000,4.961000,-0.086337,0.016489,0.996241,-0.000026,0.018497,0.000203,0.617647,0.096540,0.665581,0.051078,-0.083758,-0.000206,-0.026373,0.000000,0.973664,0.000000,0.000000,0.000000,0.627116,0.000000,0.624494,0.000000,0.000000,0.000000,-0.059964,0.016489,0.022577,-0.000026,0.018497,0.000203,-0.009469,0.096540,0.041087,0.066161,0.105346
15.141000,4.969000,-0.079912,0.017489,1.003158,0.000059,0.017694,0.000201,0.620486,0.096676,0.671804,0.049335,-0.075796,-0.000280,-0.013821,0.000000,0.986185,0.000000,0.000000,0.000000,0.627988,0.000000,0.627268,0.000000,0.000000,0.000000,-0.066091,0.017489,0.016973,0.000059,0.017694,0.000201,-0.007502,0.096676,0.044536,0.070441,0.106705
15.150000,4.978000,-0.073741,0.018445,1.009839,0.000551,0.016938,0.000198,0.622133,0.096641,0.672453,0.088241,-0.076412,-0.000336,-0.013821,0.000000,0.986185,0.000000,0.000000,0.000000,0.627988,0.000000,0.627268,0.000000,0.000000,0.000000,-0.059920,0.018445,0.023654,0.000551,0.016938,0.000198,-0.005855,0.096641,0.045185,0.067008,0.106843
15.160000,4.988000,-0.067520,0.019412,1.016564,0.000245,0.016110,0.000196,0.623805,0.096632,0.673210,0.051401,-0.081107,-0.000324,-0.001257,0.000000,0.998743,0.000000,0.000000,0.000000,0.628316,0.000000,0.628310,0.000000,0.000000,0.000000,-0.066263,0.019412,0.017821,0.000245,0.016110,0.000196,-0.004511,0.096632,0.044900,0.071311,0.106649
15.170000,4.998000,-0.065536,0.019711,1.018755,0.000505,0.014182,0.000193,0.610128,0.094225,0.659227,0.035278,-0.081732,-0.000325,-0.001257,0.000000,0.998743,0.000000,0.000000,0.000000,0.628316,0.000000,0.628310,0.000000,0.000000,0.000000,-0.064279,0.019711,0.020012,0.000505,0.014182,0.000193,-0.018188,0.094225,0.030917,0.070148,0.100822
15.181000,5.009000,-0.059176,0.020687,1.025578,0.000585,0.013589,0.000189,0.612582,0.094324,0.659107,0.034774,-0.080464,-0.000372,0.012565,0.000000,1.012561,0.000000,0.000000,0.000000,0.628120,0.000000,0.627525,0.000000,0.000000,0.000000,-0.071741,0.020687,0.013017,0.000585,0.013589,0.000189,-0.015538,0.094324,0.031582,0.075790,0.100677
15.190000,5.018000,-0.051632,0.021845,1.033674,0.000538,0.013235,0.000184,0.619137,0.095064,0.664433,0.049167,-0.070696,-0.000515,0.012565,0.000000,1.012561,0.000000,0.000000,0.000000,0.628120,0.000000,0.627525,0.000000,0.000000,0.000000,-0.064197,0.021845,0.021113,0.000538,0.013235,0.000184,-0.008983,0.095064,0.036908,0.071023,0.102372
15.204000,5.032000,-0.044764,0.022896,1.041048,0.000494,0.012630,0.000176,0.622941,0.095389,0.667484,0.045873,-0.073261,-0.000763,0.023867,0.000000,1.023840,0.000000,0.000000,0.000000,0.627602,0.000000,0.625455,0.000000,0.000000,0.000000,-0.068631,0.022896,0.017208,0.000494,0.012630,0.000176,-0.004661,0.095389,0.042029,0.074368,0.104342
15.211000,5.039000,-0.038340,0.023876,1.047947,0.000465,0.011880,0.000166,0.624905,0.095449,0.667193,0.042250,-0.083812,-0.000863,0.023867,0.000000,1.023840,0.000000,0.000000,0.000000,0.627602,0.000000,0.625455,0.000000,0.000000,0.000000,-0.062207,0.023876,0.024107,0.000465,0.011880,0.000166,-0.002697,0.095449,0.041738,0.070858,0.104211
15.221000,5.049000,-0.032150,0.024817,1.054572,0.000471,0.011038,0.000156,0.625875,0.095371,0.666105,0.044366,-0.086391,-0.000912,0.036410,0.000000,1.036314,0.000000,0.000000,0.000000,0.626650,0.000000,0.621655,0.000000,0.000000,0.000000,-0.068560,0.024817,0.018258,0.000471,0.011038,0.000156,-0.000775,0.095371,0.044450,0.075165,0.105224
15.230000,5.058000,-0.025891,0.025771,1.061233,0.000915,0.010174,0.000147,0.626927,0.095326,0.663342,0.089048,-0.088198,-0.000779,0.036410,0.000000,1.036314,0.000000,0.000000,0.000000,0.626650,0.000000,0.621655,0.000000,0.000000,0.000000,-0.062301,0.025771,0.024919,0.000915,0.010174,0.000147,0.000277,0.095326,0.041687,0.071878,0.104043
15.240000,5.068000,-0.020040,0.026653,1.067450,0.000626,0.009150,0.000137,0.626419,0.095039,0.659368,0.057693,-0.092610,-0.000754,0.048930,0.000000,1.048696,0.000000,0.000000,0.000000,0.625303,0.000000,0.616284,0.000000,0.000000,0.000000,-0.068970,0.026653,0.018754,0.000626,0.009150,0.000137,0.001116,0.095039,0.043084,0.076282,0.104355
15.252000,5.080000,-0.014077,0.027554,1.073741,0.000777,0.008133,0.000129,0.626235,0.094814,0.655448,0.063647,-0.095773,-0.000630,0.048930,0.000000,1.048696,0.000000,0.000000,0.000000,0.625303,0.000000,0.616284,0.000000,0.000000,0.000000,-0.063007,0.027554,0.025045,0.000777,0.008133,0.000129,0.000932,0.094814,0.039164,0.073187,0.102588
15.261000,5.089000,-0.008105,0.028455,1.080004,0.001016,0.007081,0.000121,0.625990,0.094579,0.651558,0.070812,-0.099673,-0.000486,0.061420,0.000000,1.060955,0.000000,0.000000,0.000000,0.623560,0.000000,0.609356,0.000000,0.000000,0.000000,-0.069525,0.028455,0.019049,0.001016,0.007081,0.000121,0.002430,0.094579,0.042202,0.077500,0.103596
15.271000,5.099000,-0.002138,0.029353,1.086226,0.001332,0.005990,0.000116,0.625629,0.094320,0.646619,0.070052,-0.100058,-0.000370,0.061420,0.000000,1.060955,0.000000,0.000000,0.000000,0.623560,0.000000,0.609356,0.000000,0.000000,0.000000,-0.063558,0.029353,0.025271,0.001332,0.005990,0.000116,0.002069,0.094320,0.037263,0.074430,0.101435
15.280000,5.108000,0.003824,0.030249,1.092395,0.001704,0.004871,0.000111,0.625159,0.094030,0.641667,0.075104,-0.102759,-0.000195,0.074492,0.000000,1.073660,0.000000,0.000000,0.000000,0.621306,0.000000,0.600426,0.000000,0.000000,0.000000,-0.070668,0.030249,0.018735,0.001704,0.004871,0.000111,0.003853,0.094030,0.041241,0.079120,0.102749
15.291000,5.119000,0.009781,0.031141,1.098514,0.002115,0.003731,0.000109,0.624581,0.093705,0.636193,0.075528,-0.102418,-0.000070,0.074492,0.000000,1.073660,0.000000,0.000000,0.000000,0.621306,0.000000,0.600426,0.000000,0.000000,0.000000,-0.064711,0.031141,0.024854,0.002115,0.003731,0.000109,0.003275,0.093705,0.035767,0.075993,0.100353
15.301000,5.129000,0.015733,0.032031,1.104577,0.002881,0.002645,0.000106,0.623903,0.093340,0.630718,0.108099,-0.097534,-0.000017,0.086274,0.000000,1.084980,0.000000,0.000000,0.000000,0.618894,0.000000,0.590905,0.000000,0.000000,0.000000,-0.070541,0.032031,0.019597,0.002881,0.002645,0.000106,0.005009,0.093340,0.039813,0.079913,0.101600
15.310000,5.138000,0.021972,0.032964,1.110885,0.002967,0.001504,0.000104,0.624143,0.093108,0.625616,0.073478,-0.101134,0.000048,0.086274,0.000000,1.084980,0.000000,0.000000,0.000000,0.618894,0.000000,0.590905,0.000000,0.000000,0.000000,-0.064302,0.032964,0.025905,0.002967,0.001504,0.000104,0.005249,0.093108,0.034711,0.076762,0.099506
15.320000,5.148000,0.025173,0.033434,1.114091,0.003456,-0.000360,0.000105,0.613475,0.091203,0.611658,0.070448,-0.100392,0.000288,0.099855,0.000000,1.097843,0.000000,0.000000,0.000000,0.615661,0.000000,0.578199,0.000000,0.000000,0.000000,-0.074682,0.033434,0.016248,0.003456,-0.000360,0.000105,-0.002186,0.091203,0.033459,0.083422,0.097171
15.331000,5.159000,0.031308,0.034346,1.120207,0.003823,-0.001404,0.000106,0.613442,0.090885,0.605863,0.066487,-0.096979,0.000435,0.099855,0.000000,1.097843,0.000000,0.000000,0.000000,0.615661,0.000000,0.578199,0.000000,0.000000,0.000000,-0.068547,0.034346,0.022364,0.003823,-0.001404,0.000106,-0.002219,0.090885,0.027664,0.079865,0.095028
15.340000,5.168000,0.034799,0.034858,1.123655,0.004588,-0.003069,0.000107,0.603875,0.089124,0.592473,0.094617,-0.089786,0.000384,0.112748,0.000000,1.109844,0.000000,0.000000,0.000000,0.612136,0.000000,0.564421,0.000000,0.000000,0.000000,-0.077949,0.034858,0.013811,0.004588,-0.003069,0.000107,-0.008261,0.089124,0.028052,0.086498,0.093799
15.351000,5.179000,0.041707,0.035874,1.130386,0.004458,-0.003743,0.000110,0.606938,0.089221,0.589758,0.057777,-0.084954,0.000426,0.112748,0.000000,1.109844,0.000000,0.000000,0.000000,0.612136,0.000000,0.564421,0.000000,0.000000,0.000000,-0.071041,0.035874,0.020542,0.004458,-0.003743,0.000110,-0.005198,0.089221,0.025337,0.082193,0.092894
15.360000,5.188000,0.047776,0.036766,1.136284,0.004664,-0.004647,0.000112,0.606589,0.088809,0.584692,0.051259,-0.075672,0.000404,0.123127,0.000000,1.119336,0.000000,0.000000,0.000000,0.608970,0.000000,0.552114,0.000000,0.000000,0.000000,-0.075351,0.036766,0.016948,0.004664,-0.004647,0.000112,-0.002381,0.088809,0.032578,0.085538,0.094626
15.371000,5.199000,0.053891,0.037656,1.142142,0.004782,-0.005335,0.000114,0.606532,0.088424,0.579540,0.047126,-0.066349,0.000339,0.123127,0.000000,1.119336,0.000000,0.000000,0.000000,0.608970,0.000000,0.552114,0.000000,0.000000,0.000000,-0.069236,0.037656,0.022806,0.004782,-0.005335,0.000114,-0.002438,0.088424,0.027426,0.082047,0.092612
15.380000,5.208000,0.059957,0.038540,1.147937,0.004868,-0.006051,0.000115,0.606036,0.087982,0.574357,0.041877,-0.056436,0.000239,0.135267,0.000000,1.130223,0.000000,0.000000,0.000000,0.604889,0.000000,0.536347,0.000000,0.000000,0.000000,-0.075310,0.038540,0.017714,0.004868,-0.006051,0.000115,0.001147,0.087982,0.038010,0.086433,0.095848
15.390000,5.218000,0.063983,0.039120,1.151739,0.004984,-0.007188,0.000115,0.598234,0.086475,0.562338,0.041636,-0.053724,0.000175,0.135267,0.000000,1.130223,0.000000,0.000000,0.000000,0.604889,0.000000,0.536347,0.000000,0.000000,0.000000,-0.071284,0.039120,0.021516,0.004984,-0.007188,0.000115,-0.006655,0.086475,0.025991,0.084111,0.090541
15.400000,5.228000,0.069189,0.039870,1.156599,0.005419,-0.007876,0.000114,0.594888,0.085626,0.553747,0.076003,-0.046208,0.000028,0.147320,0.000000,1.140781,0.000000,0.000000,0.000000,0.600426,0.000000,0.519226,0.000000,0.000000,0.000000,-0.078131,0.039870,0.015818,0.005419,-0.007876,0.000114,-0.005538,0.085626,0.034521,0.089131,0.092489
15.414000,5.242000,0.076722,0.040952,1.163530,0.004935,-0.007815,0.000116,0.600133,0.086031,0.551218,0.038095,-0.042405,0.000147,0.159281,0.000000,1.150983,0.000000,0.000000,0.000000,0.595584,0.000000,0.500793,0.000000,0.000000,0.000000,-0.082559,0.040952,0.012547,0.004935,-0.007815,0.000116,0.004549,0.086031,0.050425,0.093008,0.099823
15.420000,5.248000,0.082724,0.041812,1.169043,0.005316,-0.008239,0.000116,0.599418,0.085580,0.544613,0.073802,-0.034752,0.000040,0.159281,0.000000,1.150983,0.000000,0.000000,0.000000,0.595584,0.000000,0.500793,0.000000,0.000000,0.000000,-0.076557,0.041812,0.018060,0.005316,-0.008239,0.000116,0.003834,0.085580,0.043820,0.089081,0.096223
15.430000,5.258000,0.087158,0.042443,1.173035,0.005008,-0.009056,0.000117,0.593135,0.084342,0.532150,0.041072,-0.041440,0.000088,0.159281,0.000000,1.150983,0.000000,0.000000,0.000000,0.595584,0.000000,0.500793,0.000000,0.000000,0.000000,-0.072123,0.042443,0.022052,0.005008,-0.009056,0.000117,-0.002449,0.084342,0.031357,0.086541,0.090016
15.442000,5.270000,0.094400,0.043470,1.179443,0.004904,-0.008890,0.000117,0.597287,0.084605,0.527103,0.040591,-0.035620,0.000055,0.172321,0.000000,1.161764,0.000000,0.000000,0.000000,0.589824,0.000000,0.479057,0.000000,0.000000,0.000000,-0.077921,0.043470,0.017679,0.004904,-0.008890,0.000117,0.007463,0.084605,0.048046,0.090961,0.097581
15.450000,5.278000,0.100373,0.044316,1.184714,0.005309,-0.009246,0.000116,0.596491,0.084166,0.518497,0.077065,-0.035171,-0.000032,0.172321,0.000000,1.161764,0.000000,0.000000,0.000000,0.589824,0.000000,0.479057,0.000000,0.000000,0.000000,-0.071948,0.044316,0.022950,0.005309,-0.009246,0.000116,0.006667,0.084166,0.039440,0.087562,0.093187
15.461000,5.289000,0.106517,0.045180,1.189965,0.004980,-0.009405,0.000117,0.596508,0.083842,0.510085,0.043765,-0.032906,0.000048,0.182893,0.000000,1.170219,0.000000,0.000000,0.000000,0.584775,0.000000,0.460181,0.000000,0.000000,0.000000,-0.076376,0.045180,0.019746,0.004980,-0.009405,0.000117,0.011733,0.083842,0.049904,0.090909,0.098273
15.474000,5.302000,0.113867,0.046211,1.196196,0.005012,-0.009316,0.000116,0.600826,0.084134,0.501156,0.032868,-0.046617,0.000005,0.195108,0.000000,1.179641,0.000000,0.000000,0.000000,0.578507,0.000000,0.436971,0.000000,0.000000,0.000000,-0.081241,0.046211,0.016555,0.005012,-0.009316,0.000116,0.022319,0.084134,0.064185,0.094919,0.108150
15.480000,5.308000,0.119875,0.047053,1.201207,0.005340,-0.009782,0.000114,0.600027,0.083704,0.488904,0.053931,-0.057824,-0.000051,0.195108,0.000000,1.179641,0.000000,0.000000,0.000000,0.578507,0.000000,0.436971,0.000000,0.000000,0.000000,-0.075233,0.047053,0.021566,0.005340,-0.009782,0.000114,0.021520,0.083704,0.051933,0.091319,0.100829
15.492000,5.320000,0.124355,0.047672,1.204738,0.005199,-0.010451,0.000111,0.593871,0.082516,0.473372,0.050380,-0.055636,-0.000133,0.195108,0.000000,1.179641,0.000000,0.000000,0.000000,0.578507,0.000000,0.436971,0.000000,0.000000,0.000000,-0.070753,0.047672,0.025097,0.005199,-0.010451,0.000111,0.015364,0.082516,0.036401,0.088930,0.091488
15.501000,5.329000,0.131414,0.048651,1.210321,0.005125,-0.010654,0.000108,0.597111,0.082648,0.464288,0.046677,-0.069658,-0.000139,0.206043,0.000000,1.187735,0.000000,0.000000,0.000000,0.572489,0.000000,0.414922,0.000000,0.000000,0.000000,-0.074629,0.048651,0.022586,0.005125,-0.010654,0.000108,0.024622,0.082648,0.049366,0.091905,0.099368
15.510000,5.338000,0.137385,0.049478,1.214964,0.005592,-0.011350,0.000103,0.596211,0.082215,0.450701,0.080848,-0.081775,-0.000160,0.206043,0.000000,1.187735,0.000000,0.000000,0.000000,0.572489,0.000000,0.414922,0.000000,0.000000,0.000000,-0.068658,0.049478,0.027229,0.005592,-0.011350,0.000103,0.023722,0.082215,0.035779,0.088901,0.092748
15.520000,5.348000,0.141604,0.050054,1.218037,0.005360,-0.012481,0.000101,0.589123,0.080924,0.432946,0.044169,-0.087764,0.000011,0.217427,0.000000,1.195793,0.000000,0.000000,0.000000,0.565801,0.000000,0.390691,0.000000,0.000000,0.000000,-0.075823,0.050054,0.022244,0.005360,-0.012481,0.000101,0.023322,0.080924,0.042255,0.093538,0.094224
15.531000,5.359000,0.148573,0.051009,1.223117,0.005386,-0.013105,0.000098,0.592018,0.081012,0.423153,0.032709,-0.101891,0.000162,0.217427,0.000000,1.195793,0.000000,0.000000,0.000000,0.565801,0.000000,0.390691,0.000000,0.000000,0.000000,-0.068854,0.051009,0.027324,0.005386,-0.013105,0.000098,0.026217,0.081012,0.032462,0.089941,0.091127
15.540000,5.368000,0.154955,0.051880,1.227631,0.005437,-0.014081,0.000096,0.592609,0.080784,0.411986,0.029803,-0.119242,0.000427,0.229232,0.000000,1.203721,0.000000,0.000000,0.000000,0.558395,0.000000,0.364188,0.000000,0.000000,0.000000,-0.074277,0.051880,0.023910,0.005437,-0.014081,0.000096,0.034214,0.080784,0.047798,0.093703,0.099906
15.551000,5.379000,0.160968,0.052697,1.231749,0.005447,-0.015269,0.000095,0.591750,0.080365,0.400002,0.047018,-0.122983,0.000401,0.229232,0.000000,1.203721,0.000000,0.000000,0.000000,0.558395,0.000000,0.364188,0.000000,0.000000,0.000000,-0.068264,0.052697,0.028028,0.005447,-0.015269,0.000095,0.033355,0.080365,0.035814,0.090678,0.094094
15.560000,5.388000,0.166886,0.053501,1.235749,0.005917,-0.016499,0.000092,0.590435,0.079896,0.388022,0.089771,-0.122918,0.000322,0.240326,0.000000,1.210745,0.000000,0.000000,0.000000,0.550980,0.000000,0.338002,0.000000,0.000000,0.000000,-0.073440,0.053501,0.025004,0.005917,-0.016499,0.000092,0.039455,0.079896,0.050020,0.094239,0.102186
15.570000,5.398000,0.170157,0.053937,1.237714,0.005611,-0.018540,0.000088,0.579664,0.078154,0.370555,0.024733,-0.126186,0.000179,0.240326,0.000000,1.210745,0.000000,0.000000,0.000000,0.550980,0.000000,0.338002,0.000000,0.000000,0.000000,-0.070169,0.053937,0.026969,0.005611,-0.018540,0.000088,0.028684,0.078154,0.032553,0.092521,0.089390
15.586000,5.414000,0.176886,0.054843,1.241937,0.005630,-0.019607,0.000085,0.581518,0.078142,0.359367,0.053318,-0.122233,0.000265,0.250725,0.000000,1.216924,0.000000,0.000000,0.000000,0.543613,0.000000,0.312334,0.000000,0.000000,0.000000,-0.073839,0.054843,0.025013,0.005630,-0.019607,0.000085,0.037905,0.078142,0.047033,0.095318,0.098768
15.591000,5.419000,0.183084,0.055674,1.245676,0.005635,-0.020824,0.000081,0.581276,0.077859,0.347085,0.052612,-0.120699,0.000223,0.250725,0.000000,1.216924,0.000000,0.000000,0.000000,0.543613,0.000000,0.312334,0.000000,0.000000,0.000000,-0.067641,0.055674,0.028752,0.005635,-0.020824,0.000081,0.037663,0.077859,0.034751,0.092204,0.093210
15.600000,5.428000,0.188897,0.056453,1.249146,0.006161,-0.022031,0.000076,0.579497,0.077378,0.334374,0.098382,-0.107410,0.000148,0.261517,0.000000,1.222894,0.000000,0.000000,0.000000,0.535523,0.000000,0.284547,0.000000,0.000000,0.000000,-0.072620,0.056453,0.026252,0.006161,-0.022031,0.000076,0.043974,0.077378,0.049827,0.095654,0.101999
15.611000,5.439000,0.192342,0.056909,1.250906,0.005867,-0.023978,0.000069,0.569315,0.075787,0.316189,0.046857,-0.118287,-0.000069,0.261517,0.000000,1.222894,0.000000,0.000000,0.000000,0.535523,0.000000,0.284547,0.000000,0.000000,0.000000,-0.069175,0.056909,0.028012,0.005867,-0.023978,0.000069,0.033792,0.075787,0.031642,0.093854,0.088808
15.620000,5.448000,0.198035,0.057666,1.254068,0.006335,-0.025161,0.000061,0.567288,0.075291,0.302604,0.081460,-0.110362,-0.000154,0.272144,0.000000,1.228301,0.000000,0.000000,0.000000,0.527096,0.000000,0.256041,0.000000,0.000000,0.000000,-0.074109,0.057666,0.025767,0.006335,-0.025161,0.000061,0.040192,0.075291,0.046563,0.097373,0.097223
15.631000,5.459000,0.202894,0.058309,1.256466,0.006283,-0.026440,0.000052,0.562392,0.074413,0.287443,0.060458,-0.099441,-0.000262,0.272144,0.000000,1.228301,0.000000,0.000000,0.000000,0.527096,0.000000,0.256041,0.000000,0.000000,0.000000,-0.069250,0.058309,0.028165,0.006283,-0.026440,0.000052,0.035296,0.074413,0.031402,0.094809,0.088143
15.641000,5.469000,0.209670,0.059205,1.259844,0.006551,-0.027093,0.000042,0.564406,0.074442,0.275590,0.069430,-0.087952,-0.000318,0.282599,0.000000,1.233131,0.000000,0.000000,0.000000,0.518335,0.000000,0.226888,0.000000,0.000000,0.000000,-0.072929,0.059205,0.026713,0.006551,-0.027093,0.000042,0.046071,0.074442,0.048702,0.097660,0.100180
15.650000,5.478000,0.215829,0.060017,1.262747,0.006884,-0.027841,0.000033,0.564046,0.074139,0.262453,0.067320,-0.082827,-0.000267,0.282599,0.000000,1.233131,0.000000,0.000000,0.000000,0.518335,0.000000,0.226888,0.000000,0.000000,0.000000,-0.066770,0.060017,0.029616,0.006884,-0.027841,0.000033,0.045711,0.074139,0.035565,0.094538,0.094080
15.661000,5.489000,0.221469,0.060758,1.265371,0.007557,-0.028669,0.000025,0.561692,0.073557,0.248882,0.096396,-0.073143,-0.000212,0.292875,0.000000,1.237373,0.000000,0.000000,0.000000,0.509247,0.000000,0.197162,0.000000,0.000000,0.000000,-0.071406,0.060758,0.027998,0.007557,-0.028669,0.000025,0.052445,0.073557,0.051720,0.097848,0.104096
15.671000,5.499000,0.224916,0.061206,1.266614,0.007698,-0.030032,0.000015,0.551646,0.071943,0.230693,0.065284,-0.082293,-0.000268,0.292875,0.000000,1.237373,0.000000,0.000000,0.000000,0.509247,0.000000,0.197162,0.000000,0.000000,0.000000,-0.067959,0.061206,0.029241,0.007698,-0.030032,0.000015,0.042399,0.071943,0.033531,0.096019,0.089988
15.683000,5.511000,0.231372,0.062047,1.269193,0.008039,-0.030462,0.000006,0.552626,0.071748,0.216924,0.065481,-0.076490,-0.000296,0.302966,0.000000,1.241015,0.000000,0.000000,0.000000,0.499837,0.000000,0.166938,0.000000,0.000000,0.000000,-0.071594,0.062047,0.028178,0.008039,-0.030462,0.000006,0.052789,0.071748,0.049986,0.098841,0.102142
15.693000,5.521000,0.237292,0.062814,1.271375,0.008677,-0.031076,-0.000003,0.551570,0.071259,0.202561,0.089383,-0.073757,-0.000219,0.312866,0.000000,1.244048,0.000000,0.000000,0.000000,0.490112,0.000000,0.136293,0.000000,0.000000,0.000000,-0.075574,0.062814,0.027327,0.008677,-0.031076,-0.000003,0.061458,0.071259,0.066268,0.101999,0.115093
15.700000,5.528000,0.242808,0.063526,1.273401,0.008755,-0.031806,-0.000013,0.548968,0.070559,0.188157,0.061204,-0.070537,-0.000279,0.312866,0.000000,1.244048,0.000000,0.000000,0.000000,0.490112,0.000000,0.136293,0.000000,0.000000,0.000000,-0.070058,0.063526,0.029353,0.008755,-0.031806,-0.000013,0.058856,0.070559,0.051864,0.099022,0.105511
15.714000,5.542000,0.246089,0.063942,1.274173,0.009082,-0.033056,-0.000022,0.538554,0.068821,0.169947,0.041987,-0.078614,-0.000246,0.322569,0.000000,1.246464,0.000000,0.000000,0.000000,0.480077,0.000000,0.105303,0.000000,0.000000,0.000000,-0.076480,0.063942,0.027709,0.009082,-0.033056,-0.000022,0.058477,0.068821,0.064644,0.103468,0.111062
15.720000,5.548000,0.251475,0.064630,1.275872,0.009502,-0.033842,-0.000032,0.535806,0.068066,0.154957,0.053644,-0.084592,-0.000177,0.322569,0.000000,1.246464,0.000000,0.000000,0.000000,0.480077,0.000000,0.105303,0.000000,0.000000,0.000000,-0.071094,0.064630,0.029408,0.009502,-0.033842,-0.000032,0.055729,0.068066,0.049654,0.100480,0.101016
15.732000,5.560000,0.256073,0.065209,1.276891,0.009414,-0.034687,-0.000045,0.530443,0.066963,0.138637,0.043135,-0.077816,-0.000378,0.322569,0.000000,1.246464,0.000000,0.000000,0.000000,0.480077,0.000000,0.105303,0.000000,0.000000,0.000000,-0.066496,0.065209,0.030427,0.009414,-0.034687,-0.000045,0.050366,0.066963,0.033334,0.097978,0.090177
15.740000,5.568000,0.261378,0.065878,1.278278,0.009846,-0.035465,-0.000056,0.527552,0.066179,0.123860,0.073733,-0.077741,-0.000290,0.332068,0.000000,1.248258,0.000000,0.000000,0.000000,0.469739,0.000000,0.074047,0.000000,0.000000,0.000000,-0.070690,0.065878,0.030020,0.009846,-0.035465,-0.000056,0.057813,0.066179,0.049813,0.101184,0.101012
15.750000,5.578000,0.264709,0.066292,1.278846,0.009552,-0.036811,-0.000071,0.517698,0.064522,0.107080,0.032354,-0.082995,-0.000460,0.332068,0.000000,1.248258,0.000000,0.000000,0.000000,0.469739,0.000000,0.074047,0.000000,0.000000,0.000000,-0.067359,0.066292,0.030588,0.009552,-0.036811,-0.000071,0.047959,0.064522,0.033033,0.099335,0.086916
15.760000,5.588000,0.270787,0.067048,1.279885,0.009423,-0.037311,-0.000085,0.518094,0.064177,0.092156,0.026584,-0.087224,-0.000483,0.341356,0.000000,1.249425,0.000000,0.000000,0.000000,0.459104,0.000000,0.042604,0.000000,0.000000,0.000000,-0.070569,0.067048,0.030460,0.009423,-0.037311,-0.000085,0.058990,0.064177,0.049552,0.101996,0.100269
15.772000,5.600000,0.277329,0.067858,1.280910,0.009628,-0.037750,-0.000098,0.520015,0.064026,0.077635,0.059141,-0.081132,-0.000315,0.341356,0.000000,1.249425,0.000000,0.000000,0.000000,0.459104,0.000000,0.042604,0.000000,0.000000,0.000000,-0.064027,0.067858,0.031485,0.009628,-0.037750,-0.000098,0.060911,0.064026,0.035031,0.098466,0.095061
15.780000,5.608000,0.282529,0.068498,1.281686,0.009272,-0.038707,-0.000113,0.516865,0.063253,0.062810,0.030007,-0.084540,-0.000355,0.350430,0.000000,1.249961,0.000000,0.000000,0.000000,0.448179,0.000000,0.011053,0.000000,0.000000,0.000000,-0.067901,0.068498,0.031725,0.009272,-0.038707,-0.000113,0.068686,0.063253,0.051757,0.101533,0.106759
15.790000,5.618000,0.285168,0.068817,1.281721,0.009290,-0.040281,-0.000125,0.504641,0.061380,0.045877,0.019910,-0.093689,-0.000294,0.350430,0.000000,1.249961,0.000000,0.000000,0.000000,0.448179,0.000000,0.011053,0.000000,0.000000,0.000000,-0.065262,0.068817,0.031760,0.009290,-0.040281,-0.000125,0.056462,0.061380,0.034824,0.100018,0.090378
15.800000,5.628000,0.290869,0.069509,1.281956,0.009187,-0.040895,-0.000137,0.503862,0.060939,0.030015,0.018239,-0.094811,-0.000241,0.359282,0.000000,1.249867,0.000000,0.000000,0.000000,0.436971,0.000000,-0.020525,0.000000,0.000000,0.000000,-0.068413,0.069509,0.032089,0.009187,-0.040895,-0.000137,0.066891,0.060939,0.050540,0.102672,0.103645
15.813000,5.641000,0.295907,0.070119,1.282257,0.009369,-0.041843,-0.000148,0.500467,0.060177,0.014862,0.056957,-0.087044,-0.000085,0.359282,0.000000,1.249867,0.000000,0.000000,0.000000,0.436971,0.000000,-0.020525,0.000000,0.000000,0.000000,-0.063375,0.070119,0.032390,0.009369,-0.041843,-0.000148,0.063496,0.060177,0.035387,0.099911,0.094368
15.820000,5.648000,0.299396,0.070537,1.282099,0.009029,-0.043197,-0.000162,0.491632,0.058785,-0.001191,0.033756,-0.087095,-0.000194,0.368332,0.000000,1.249088,0.000000,0.000000,0.000000,0.424906,0.000000,-0.053625,0.000000,0.000000,0.000000,-0.068936,0.070537,0.033011,0.009029,-0.043197,-0.000162,0.066726,0.058785,0.052434,0.104007,0.103234
15.833000,5.661000,0.305307,0.071244,1.281801,0.008916,-0.043737,-0.000174,0.491844,0.058510,-0.017186,0.037460,-0.085701,-0.000247,0.376299,0.000000,1.247785,0.000000,0.000000,0.000000,0.413735,0.000000,-0.083447,0.000000,0.000000,0.000000,-0.070992,0.071244,0.034016,0.008916,-0.043737,-0.000174,0.078109,0.058510,0.066261,0.106173,0.117962
15.841000,5.669000,0.311541,0.071987,1.281397,0.008926,-0.044229,-0.000185,0.493277,0.058401,-0.037587,0.030434,-0.094502,-0.000254,0.376299,0.000000,1.247785,0.000000,0.000000,0.000000,0.413735,0.000000,-0.083447,0.000000,0.000000,0.000000,-0.064758,0.071987,0.033612,0.008926,-0.044229,-0.000185,0.079542,0.058401,0.045860,0.102496,0.108815
15.851000,5.679000,0.317113,0.072647,1.280730,0.008975,-0.044934,-0.000196,0.492178,0.057990,-0.057806,0.041905,-0.096043,-0.000130,0.376299,0.000000,1.247785,0.000000,0.000000,0.000000,0.413735,0.000000,-0.083447,0.000000,0.000000,0.000000,-0.059186,0.072647,0.032945,0.008975,-0.044934,-0.000196,0.078443,0.057990,0.025641,0.099327,0.100864
15.860000,5.688000,0.322232,0.073250,1.279852,0.009078,-0.045792,-0.000207,0.489410,0.057380,-0.078052,0.046382,-0.098358,-0.000010,0.384856,0.000000,1.245689,0.000000,0.000000,0.000000,0.401113,0.000000,-0.116184,0.000000,0.000000,0.000000,-0.062624,0.073250,0.034163,0.009078,-0.045792,-0.000207,0.088297,0.057380,0.038132,0.102247,0.111995
15.870000,5.698000,0.327126,0.073824,1.279071,0.009244,-0.046770,-0.000216,0.485539,0.056617,-0.091690,0.050129,-0.099012,0.000127,0.384856,0.000000,1.245689,0.000000,0.000000,0.000000,0.401113,0.000000,-0.116184,0.000000,0.000000,0.000000,-0.057730,0.073824,0.033382,0.009244,-0.046770,-0.000216,0.084426,0.056617,0.024494,0.099484,0.104562
15.880000,5.708000,0.329876,0.074141,1.277920,0.009515,-0.048276,-0.000223,0.474177,0.054973,-0.106015,0.055235,-0.101805,0.000302,0.392756,0.000000,1.243056,0.000000,0.000000,0.000000,0.388833,0.000000,-0.147062,0.000000,0.000000,0.000000,-0.062880,0.074141,0.034864,0.009515,-0.048276,-0.000223,0.085344,0.054973,0.041047,0.103278,0.109501
15.891000,5.719000,0.335388,0.074780,1.276429,0.009755,-0.049056,-0.000230,0.472941,0.054503,-0.120597,0.056477,-0.105484,0.000430,0.392756,0.000000,1.243056,0.000000,0.000000,0.000000,0.388833,0.000000,-0.147062,0.000000,0.000000,0.000000,-0.057368,0.074780,0.033373,0.009755,-0.049056,-0.000230,0.084108,0.054503,0.026465,0.099984,0.103659
15.900000,5.728000,0.340426,0.075360,1.274837,0.010049,-0.050004,-0.000235,0.469956,0.053814,-0.135050,0.060136,-0.108754,0.000586,0.400031,0.000000,1.239986,0.000000,0.000000,0.000000,0.376939,0.000000,-0.176053,0.000000,0.000000,0.000000,-0.059605,0.075360,0.034851,0.010049,-0.050004,-0.000235,0.093017,0.053814,0.041003,0.102208,0.115019
15.911000,5.739000,0.345156,0.075901,1.273139,0.010646,-0.051050,-0.000240,0.465882,0.052981,-0.149399,0.082613,-0.105194,0.000638,0.400031,0.000000,1.239986,0.000000,0.000000,0.000000,0.376939,0.000000,-0.176053,0.000000,0.000000,0.000000,-0.054875,0.075901,0.033153,0.010646,-0.051050,-0.000240,0.088943,0.052981,0.026654,0.099355,0.106903
15.920000,5.748000,0.349815,0.076431,1.271645,0.010737,-0.052171,-0.000244,0.461548,0.052103,-0.162733,0.058224,-0.106014,0.000694,0.407806,0.000000,1.235956,0.000000,0.000000,0.000000,0.363544,0.000000,-0.207627,0.000000,0.000000,0.000000,-0.057991,0.076431,0.035689,0.010737,-0.052171,-0.000244,0.098004,0.052103,0.044894,0.102364,0.119729
15.930000,5.758000,0.351271,0.076591,1.270580,0.011161,-0.054112,-0.000248,0.445843,0.049916,-0.174150,0.045159,-0.107554,0.000812,0.407806,0.000000,1.235956,0.000000,0.000000,0.000000,0.363544,0.000000,-0.207627,0.000000,0.000000,0.000000,-0.056535,0.076591,0.034624,0.011161,-0.054112,-0.000248,0.082299,0.049916,0.033477,0.101298,0.101909
15.940000,5.768000,0.355940,0.077112,1.268240,0.011412,-0.055037,-0.000249,0.442193,0.049085,-0.188949,0.038115,-0.107276,0.001003,0.414597,0.000000,1.231744,0.000000,0.000000,0.000000,0.351206,0.000000,-0.235698,0.000000,0.000000,0.000000,-0.058657,0.077112,0.036496,0.011412,-0.055037,-0.000249,0.090987,0.049085,0.046749,0.103532,0.113461
15.950000,5.778000,0.361406,0.077719,1.265601,0.011537,-0.055779,-0.000250,0.441421,0.048561,-0.205013,0.040181,-0.095508,0.001024,0.414597,0.000000,1.231744,0.000000,0.000000,0.000000,0.351206,0.000000,-0.235698,0.000000,0.000000,0.000000,-0.053191,0.077719,0.033857,0.011537,-0.055779,-0.000250,0.090215,0.048561,0.030685,0.100079,0.106951
15.960000,5.788000,0.365820,0.078205,1.263551,0.011939,-0.056734,-0.000251,0.436717,0.047591,-0.218879,0.062733,-0.082911,0.000980,0.414597,0.000000,1.231744,0.000000,0.000000,0.000000,0.351206,0.000000,-0.235698,0.000000,0.000000,0.000000,-0.048777,0.078205,0.031807,0.011939,-0.056734,-0.000251,0.085511,0.047591,0.016819,0.097503,0.099297
15.971000,5.799000,0.369102,0.078559,1.261149,0.011747,-0.058015,-0.000252,0.428149,0.046201,-0.232519,0.033626,-0.093763,0.000840,0.423505,0.000000,1.225125,0.000000,0.000000,0.000000,0.333999,0.000000,-0.273227,0.000000,0.000000,0.000000,-0.054403,0.078559,0.036024,0.011747,-0.058015,-0.000252,0.094150,0.046201,0.040708,0.102122,0.112498
15.981000,5.809000,0.374201,0.079109,1.258048,0.011774,-0.058633,-0.000254,0.426247,0.045540,-0.247822,0.031989,-0.084364,0.000736,0.428116,0.000000,1.221162,0.000000,0.000000,0.000000,0.324585,0.000000,-0.292962,0.000000,0.000000,0.000000,-0.053915,0.079109,0.036886,0.011774,-0.058633,-0.000254,0.101662,0.045540,0.045140,0.102595,0.120194
15.992000,5.820000,0.378810,0.079600,1.254982,0.012075,-0.059339,-0.000256,0.422646,0.044699,-0.263739,0.057643,-0.078695,0.000683,0.428116,0.000000,1.221162,0.000000,0.000000,0.000000,0.324585,0.000000,-0.292962,0.000000,0.000000,0.000000,-0.049306,0.079600,0.033820,0.012075,-0.059339,-0.000256,0.098061,0.044699,0.029223,0.099554,0.111660
16.000000,5.828000,0.383036,0.080047,1.252344,0.011876,-0.060202,-0.000258,0.417658,0.043712,-0.277933,0.033836,-0.077883,0.000737,0.434471,0.000000,1.215025,0.000000,0.000000,0.000000,0.310963,0.000000,-0.320520,0.000000,0.000000,0.000000,-0.051435,0.080047,0.037319,0.011876,-0.060202,-0.000258,0.106695,0.043712,0.042587,0.102205,0.122915
16.010000,5.838000,0.385534,0.080303,1.249799,0.011972,-0.061357,-0.000259,0.406746,0.042101,-0.291451,0.035299,-0.073054,0.000700,0.434471,0.000000,1.215025,0.000000,0.000000,0.000000,0.310963,0.000000,-0.320520,0.000000,0.000000,0.000000,-0.048937,0.080303,0.034774,0.011972,-0.061357,-0.000259,0.095783,0.042101,0.029069,0.100263,0.108590
16.020000,5.848000,0.389602,0.080724,1.246885,0.012072,-0.062097,-0.000260,0.401570,0.041096,-0.305315,0.036916,-0.079231,0.000693,0.440553,0.000000,1.208346,0.000000,0.000000,0.000000,0.297144,0.000000,-0.347268,0.000000,0.000000,0.000000,-0.050951,0.080724,0.038539,0.012072,-0.062097,-0.000260,0.104426,0.041096,0.041953,0.102945,0.119807
16.030000,5.858000,0.391927,0.080959,1.244560,0.012246,-0.063212,-0.000261,0.390332,0.039461,-0.316660,0.037335,-0.071724,0.000672,0.440553,0.000000,1.208346,0.000000,0.000000,0.000000,0.297144,0.000000,-0.347268,0.000000,0.000000,0.000000,-0.048626,0.080959,0.036214,0.012246,-0.063212,-0.000261,0.093188,0.039461,0.030608,0.101145,0.105726
16.041000,5.869000,0.396420,0.081413,1.240357,0.012393,-0.063633,-0.000263,0.387315,0.038671,-0.333145,0.041551,-0.072064,0.000635,0.446356,0.000000,1.201141,0.000000,0.000000,0.000000,0.283138,0.000000,-0.373138,0.000000,0.000000,0.000000,-0.049936,0.081413,0.039216,0.012393,-0.063633,-0.000263,0.104177,0.038671,0.039993,0.103245,0.118101
16.050000,5.878000,0.400293,0.081800,1.237026,0.012809,-0.064353,-0.000266,0.381802,0.037600,-0.344728,0.062496,-0.066925,0.000631,0.446356,0.000000,1.201141,0.000000,0.000000,0.000000,0.283138,0.000000,-0.373138,0.000000,0.000000,0.000000,-0.046063,0.081800,0.035885,0.012809,-0.064353,-0.000266,0.098664,0.037600,0.028410,0.100503,0.109341
16.063000,5.891000,0.404144,0.082179,1.232819,0.012846,-0.064979,-0.000267,0.376543,0.036547,-0.358529,0.046185,-0.067208,0.000637,0.451877,0.000000,1.193427,0.000000,0.000000,0.000000,0.268953,0.000000,-0.398067,0.000000,0.000000,0.000000,-0.047733,0.082179,0.039392,0.012846,-0.064979,-0.000267,0.107590,0.036547,0.039538,0.102876,0.120310
16.070000,5.898000,0.408779,0.082629,1.228034,0.013093,-0.065376,-0.000269,0.374359,0.035792,-0.376759,0.036923,-0.075521,0.000654,0.451877,0.000000,1.193427,0.000000,0.000000,0.000000,0.268953,0.000000,-0.398067,0.000000,0.000000,0.000000,-0.043098,0.082629,0.034607,0.013093,-0.065376,-0.000269,0.105406,0.035792,0.021308,0.099411,0.113338
16.081000,5.909000,0.412914,0.083023,1.223427,0.013326,-0.065917,-0.000273,0.370394,0.034841,-0.393931,0.033878,-0.076487,0.000557,0.457113,0.000000,1.185225,0.000000,0.000000,0.000000,0.254598,0.000000,-0.421989,0.000000,0.000000,0.000000,-0.044199,0.083023,0.038202,0.013326,-0.065917,-0.000273,0.115796,0.034841,0.028058,0.101517,0.124136
16.094000,5.922000,0.416714,0.083378,1.218908,0.013524,-0.066565,-0.000278,0.364927,0.033687,-0.404630,0.040048,-0.071559,0.000473,0.462300,0.000000,1.176109,0.000000,0.000000,0.000000,0.239352,0.000000,-0.445960,0.000000,0.000000,0.000000,-0.045586,0.083378,0.042799,0.013524,-0.066565,-0.000278,0.125575,0.033687,0.041330,0.104220,0.136426
16.100000,5.928000,0.420305,0.083706,1.214437,0.013923,-0.067258,-0.000282,0.358843,0.032459,-0.414876,0.058558,-0.071070,0.000478,0.462300,0.000000,1.176109,0.000000,0.000000,0.000000,0.239352,0.000000,-0.445960,0.000000,0.000000,0.000000,-0.041995,0.083706,0.038328,0.013923,-0.067258,-0.000282,0.119491,0.032459,0.031084,0.101189,0.127663
16.110000,5.938000,0.423760,0.084015,1.209935,0.013888,-0.068004,-0.000288,0.352340,0.031173,-0.423653,0.034501,-0.076247,0.000494,0.462300,0.000000,1.176109,0.000000,0.000000,0.000000,0.239352,0.000000,-0.445960,0.000000,0.000000,0.000000,-0.038540,0.084015,0.033826,0.013888,-0.068004,-0.000288,0.112988,0.031173,0.022307,0.098428,0.119313
16.121000,5.949000,0.427117,0.084307,1.205377,0.014056,-0.068776,-0.000293,0.345645,0.029858,-0.432340,0.033427,-0.079118,0.000532,0.466715,0.000000,1.167438,0.000000,0.000000,0.000000,0.225415,0.000000,-0.466579,0.000000,0.000000,0.000000,-0.039598,0.084307,0.037939,0.014056,-0.068776,-0.000293,0.120230,0.029858,0.034239,0.100574,0.128527
16.130000,5.958000,0.430573,0.084605,1.201053,0.014391,-0.069567,-0.000299,0.339424,0.028590,-0.440147,0.049642,-0.080234,0.000588,0.466715,0.000000,1.167438,0.000000,0.000000,0.000000,0.225415,0.000000,-0.466579,0.000000,0.000000,0.000000,-0.036142,0.084605,0.033615,0.014391,-0.069567,-0.000299,0.114009,0.028590,0.026432,0.097950,0.120474
16.140000,5.968000,0.432241,0.084733,1.197773,0.014397,-0.070737,-0.000305,0.327104,0.026765,-0.444706,0.032629,-0.080388,0.000583,0.471286,0.000000,1.157411,0.000000,0.000000,0.000000,0.209861,0.000000,-0.488130,0.000000,0.000000,0.000000,-0.039045,0.084733,0.040362,0.014397,-0.070737,-0.000305,0.117243,0.026765,0.043424,0.101653,0.127859
16.150000,5.978000,0.435512,0.085000,1.193326,0.014511,-0.071565,-0.000310,0.320701,0.025468,-0.452457,0.021227,-0.081000,0.000664,0.471286,0.000000,1.157411,0.000000,0.000000,0.000000,0.209861,0.000000,-0.488130,0.000000,0.000000,0.000000,-0.035774,0.085000,0.035915,0.014511,-0.071565,-0.000310,0.110840,0.025468,0.035673,0.098968,0.119192
16.160000,5.988000,0.438177,0.085205,1.188565,0.014596,-0.072450,-0.000314,0.312455,0.024005,-0.460901,0.016526,-0.082400,0.000848,0.475138,0.000000,1.147961,0.000000,0.000000,0.000000,0.195662,0.000000,-0.506458,0.000000,0.000000,0.000000,-0.036961,0.085205,0.040604,0.014596,-0.072450,-0.000314,0.116793,0.024005,0.045557,0.101364,0.127641
16.170000,5.998000,0.441301,0.085445,1.183956,0.014761,-0.073274,-0.000317,0.305964,0.022702,-0.469582,0.034603,-0.075448,0.000870,0.475138,0.000000,1.147961,0.000000,0.000000,0.000000,0.195662,0.000000,-0.506458,0.000000,0.000000,0.000000,-0.033837,0.085445,0.035995,0.014761,-0.073274,-0.000317,0.110302,0.022702,0.036876,0.098699,0.118498
16.184000,6.012000,0.444096,0.085648,1.178678,0.014622,-0.074095,-0.000320,0.298628,0.021336,-0.479963,0.022171,-0.074950,0.000898,0.479440,0.000000,1.136072,0.000000,0.000000,0.000000,0.178326,0.000000,-0.527096,0.000000,0.000000,0.000000,-0.035344,0.085648,0.042606,0.014622,-0.074095,-0.000320,0.120302,0.021336,0.047133,0.101981,0.130955
16.192000,6.020000,0.447733,0.085907,1.172367,0.014646,-0.074629,-0.000322,0.294398,0.020203,-0.492629,0.015906,-0.068454,0.000824,0.479440,0.000000,1.136072,0.000000,0.000000,0.000000,0.178326,0.000000,-0.527096,0.000000,0.000000,0.000000,-0.031707,0.085907,0.036295,0.014646,-0.074629,-0.000322,0.116072,0.020203,0.034467,0.098502,0.122755
16.200000,6.028000,0.450963,0.086126,1.166423,0.014675,-0.075217,-0.000323,0.288788,0.018963,-0.503850,0.015411,-0.062982,0.000851,0.482362,0.000000,1.126990,0.000000,0.000000,0.000000,0.165416,0.000000,-0.541222,0.000000,0.000000,0.000000,-0.031399,0.086126,0.039433,0.014675,-0.075217,-0.000323,0.123372,0.018963,0.037372,0.099793,0.130295
16.213000,6.041000,0.453914,0.086317,1.160700,0.014703,-0.075810,-0.000323,0.282229,0.017643,-0.513006,0.022461,-0.061220,0.000915,0.482362,0.000000,1.126990,0.000000,0.000000,0.000000,0.165416,0.000000,-0.541222,0.000000,0.000000,0.000000,-0.028448,0.086317,0.033710,0.014703,-0.075810,-0.000323,0.116813,0.017643,0.028216,0.096934,0.121461
16.223000,6.051000,0.456684,0.086485,1.155067,0.014925,-0.076397,-0.000322,0.275200,0.016289,-0.521634,0.040510,-0.057438,0.000903,0.485964,0.000000,1.114337,0.000000,0.000000,0.000000,0.147829,0.000000,-0.558757,0.000000,0.000000,0.000000,-0.029280,0.086485,0.040730,0.014925,-0.076397,-0.000322,0.127371,0.016289,0.037123,0.099980,0.133667
16.230000,6.058000,0.459329,0.086636,1.149436,0.014811,-0.076977,-0.000320,0.267776,0.014891,-0.528160,0.021641,-0.056291,0.000968,0.485964,0.000000,1.114337,0.000000,0.000000,0.000000,0.147829,0.000000,-0.558757,0.000000,0.000000,0.000000,-0.026635,0.086636,0.035099,0.014811,-0.076977,-0.000320,0.119947,0.014891,0.030597,0.097196,0.124680
16.245000,6.073000,0.461875,0.086772,1.143784,0.014928,-0.077506,-0.000317,0.260209,0.013479,-0.534563,0.026494,-0.051350,0.000989,0.488500,0.000000,1.104165,0.000000,0.000000,0.000000,0.133980,0.000000,-0.571180,0.000000,0.000000,0.000000,-0.026625,0.086772,0.039619,0.014928,-0.077506,-0.000317,0.126229,0.013479,0.036617,0.099035,0.132122
16.258000,6.086000,0.464335,0.086893,1.138083,0.015068,-0.078012,-0.000314,0.252558,0.012055,-0.540926,0.029134,-0.048662,0.000978,0.490907,0.000000,1.093198,0.000000,0.000000,0.000000,0.119286,0.000000,-0.583026,0.000000,0.000000,0.000000,-0.026572,0.086893,0.044885,0.015068,-0.078012,-0.000314,0.133272,0.012055,0.042100,0.101347,0.140282
16.263000,6.091000,0.466717,0.087000,1.132320,0.015231,-0.078506,-0.000312,0.244853,0.010618,-0.547284,0.031503,-0.047230,0.000943,0.490907,0.000000,1.093198,0.000000,0.000000,0.000000,0.119286,0.000000,-0.583026,0.000000,0.000000,0.000000,-0.024190,0.087000,0.039122,0.015231,-0.078506,-0.000312,0.125567,0.010618,0.035742,0.098411,0.130986
16.273000,6.101000,0.469165,0.087106,1.126848,0.015546,-0.078978,-0.000309,0.237658,0.009228,-0.553946,0.039310,-0.055582,0.000888,0.493137,0.000000,1.081425,0.000000,0.000000,0.000000,0.103746,0.000000,-0.594058,0.000000,0.000000,0.000000,-0.023972,0.087106,0.045423,0.015546,-0.078978,-0.000309,0.133912,0.009228,0.040112,0.101121,0.140095
16.281000,6.109000,0.470298,0.087133,1.122791,0.015635,-0.079754,-0.000309,0.226120,0.007602,-0.556306,0.027298,-0.061813,0.000804,0.493137,0.000000,1.081425,0.000000,0.000000,0.000000,0.103746,0.000000,-0.594058,0.000000,0.000000,0.000000,-0.022839,0.087133,0.041366,0.015635,-0.079754,-0.000309,0.122374,0.007602,0.037752,0.099121,0.128290
16.290000,6.118000,0.472914,0.087218,1.115789,0.015818,-0.080222,-0.000311,0.219895,0.006163,-0.563765,0.020420,-0.057834,0.000680,0.493137,0.000000,1.081425,0.000000,0.000000,0.000000,0.103746,0.000000,-0.594058,0.000000,0.000000,0.000000,-0.020223,0.087218,0.034364,0.015818,-0.080222,-0.000311,0.116149,0.006163,0.030293,0.095900,0.120193
16.300000,6.128000,0.475250,0.087280,1.109160,0.016018,-0.080721,-0.000313,0.212833,0.004672,-0.569916,0.021278,-0.054515,0.000644,0.495056,0.000000,1.069446,0.000000,0.000000,0.000000,0.088140,0.000000,-0.603590,0.000000,0.000000,0.000000,-0.019806,0.087280,0.039714,0.016018,-0.080721,-0.000313,0.124693,0.004672,0.033674,0.097915,0.129244
16.310000,6.138000,0.477378,0.087326,1.103461,0.016138,-0.081392,-0.000316,0.205114,0.003151,-0.572675,0.022297,-0.055122,0.000715,0.495056,0.000000,1.069446,0.000000,0.000000,0.000000,0.088140,0.000000,-0.603590,0.000000,0.000000,0.000000,-0.017678,0.087326,0.034015,0.016138,-0.081392,-0.000316,0.116974,0.003151,0.030915,0.095370,0.121031
16.322000,6.150000,0.478549,0.087328,1.098785,0.016189,-0.082151,-0.000318,0.194335,0.001535,-0.572389,0.014638,-0.052610,0.000712,0.496662,0.000000,1.057292,0.000000,0.000000,0.000000,0.072479,0.000000,-0.611597,0.000000,0.000000,0.000000,-0.018113,0.087328,0.041493,0.016189,-0.082151,-0.000318,0.121856,0.001535,0.039208,0.098366,0.128018
16.333000,6.161000,0.480831,0.087345,1.091488,0.016199,-0.082542,-0.000319,0.187723,0.000000,-0.579040,0.006256,-0.045296,0.000673,0.496662,0.000000,1.057292,0.000000,0.000000,0.000000,0.072479,0.000000,-0.611597,0.000000,0.000000,0.000000,-0.015831,0.087345,0.034196,0.016199,-0.082542,-0.000319,0.115244,0.000000,0.032557,0.095127,0.119754
16.340000,6.168000,0.482708,0.087345,1.085697,0.016262,-0.082995,-0.000320,0.179775,-0.001553,-0.581080,0.010116,-0.037654,0.000681,0.498011,0.000000,1.044374,0.000000,0.000000,0.000000,0.055985,0.000000,-0.618342,0.000000,0.000000,0.000000,-0.015303,0.087345,0.041323,0.016262,-0.082995,-0.000320,0.123790,-0.001553,0.037262,0.097831,0.129286
16.352000,6.180000,0.483929,0.087322,1.080367,0.016134,-0.083513,-0.000320,0.169825,-0.003113,-0.581206,0.005521,-0.035203,0.000683,0.498933,0.000000,1.032580,0.000000,0.000000,0.000000,0.041028,0.000000,-0.622960,0.000000,0.000000,0.000000,-0.015004,0.087322,0.047787,0.016134,-0.083513,-0.000320,0.128797,-0.003113,0.041754,0.100667,0.135432
16.360000,6.188000,0.485954,0.087285,1.072865,0.016065,-0.083692,-0.000318,0.163002,-0.004674,-0.587693,0.003694,-0.024489,0.000700,0.498933,0.000000,1.032580,0.000000,0.000000,0.000000,0.041028,0.000000,-0.622960,0.000000,0.000000,0.000000,-0.012979,0.087285,0.040285,0.016065,-0.083692,-0.000318,0.121974,-0.004674,0.035267,0.097005,0.127056
16.371000,6.199000,0.487720,0.087232,1.065837,0.016002,-0.083850,-0.000314,0.155473,-0.006228,-0.592682,0.003200,-0.017699,0.000717,0.498933,0.000000,1.032580,0.000000,0.000000,0.000000,0.041028,0.000000,-0.622960,0.000000,0.000000,0.000000,-0.011213,0.087232,0.033257,0.016002,-0.083850,-0.000314,0.114445,-0.006228,0.030278,0.094028,0.118546
16.380000,6.208000,0.489274,0.087170,1.059910,0.016033,-0.084027,-0.000310,0.147361,-0.007769,-0.594291,0.011236,-0.011343,0.000735,0.499596,0.000000,1.020085,0.000000,0.000000,0.000000,0.025259,0.000000,-0.626288,0.000000,0.000000,0.000000,-0.010322,0.087170,0.039825,0.016033,-0.084027,-0.000310,0.122102,-0.007769,0.031997,0.096391,0.126464
16.390000,6.218000,0.490128,0.087108,1.054955,0.015897,-0.084305,-0.000305,0.136984,-0.009255,-0.590948,0.004386,-0.016356,0.000728,0.499596,0.000000,1.020085,0.000000,0.000000,0.000000,0.025259,0.000000,-0.626288,0.000000,0.000000,0.000000,-0.009468,0.087108,0.034870,0.015897,-0.084305,-0.000305,0.111725,-0.009255,0.035340,0.094305,0.117546
16.403000,6.231000,0.491746,0.087000,1.047395,0.015882,-0.084266,-0.000299,0.129647,-0.010863,-0.595479,0.005392,-0.006560,0.000742,0.499961,0.000000,1.006283,0.000000,0.000000,0.000000,0.007895,0.000000,-0.628120,0.000000,0.000000,0.000000,-0.008215,0.087000,0.041112,0.015882,-0.084266,-0.000299,0.121752,-0.010863,0.032641,0.096575,0.126519
16.411000,6.239000,0.493142,0.086882,1.040308,0.015909,-0.084234,-0.000291,0.121773,-0.012448,-0.598490,0.009227,-0.002013,0.000754,0.499961,0.000000,1.006283,0.000000,0.000000,0.000000,0.007895,0.000000,-0.628120,0.000000,0.000000,0.000000,-0.006819,0.086882,0.034025,0.015909,-0.084234,-0.000291,0.113878,-0.012448,0.029630,0.093556,0.118326
16.421000,6.249000,0.494360,0.086757,1.034323,0.015963,-0.084248,-0.000284,0.113462,-0.014011,-0.598176,0.011649,0.000805,0.000759,0.499975,0.000000,0.994974,0.000000,0.000000,0.000000,-0.006316,0.000000,-0.628192,0.000000,0.000000,0.000000,-0.005615,0.086757,0.039349,0.015963,-0.084248,-0.000284,0.119778,-0.014011,0.030016,0.095429,0.124274
16.430000,6.258000,0.494719,0.086691,1.031214,0.016050,-0.084413,-0.000276,0.102375,-0.015312,-0.588738,0.013701,-0.011338,0.000741,0.499975,0.000000,0.994974,0.000000,0.000000,0.000000,-0.006316,0.000000,-0.628192,0.000000,0.000000,0.000000,-0.005256,0.086691,0.036240,0.016050,-0.084413,-0.000276,0.108691,-0.015312,0.039454,0.094108,0.116640
16.440000,6.268000,0.495839,0.086528,1.023865,0.016096,-0.084233,-0.000268,0.094492,-0.016916,-0.591902,0.010520,-0.012381,0.000709,0.499691,0.000000,0.982422,0.000000,0.000000,0.000000,-0.022103,0.000000,-0.626763,0.000000,0.000000,0.000000,-0.003852,0.086528,0.041443,0.016096,-0.084233,-0.000268,0.116595,-0.016916,0.034861,0.096018,0.122865
16.450000,6.278000,0.497046,0.086322,1.015854,0.016194,-0.084175,-0.000262,0.087144,-0.018637,-0.596967,0.007627,-0.003985,0.000660,0.499691,0.000000,0.982422,0.000000,0.000000,0.000000,-0.022103,0.000000,-0.626763,0.000000,0.000000,0.000000,-0.002645,0.086322,0.033432,0.016194,-0.084175,-0.000262,0.109247,-0.018637,0.029796,0.092608,0.114761
16.463000,6.291000,0.498041,0.086115,1.008466,0.016274,-0.084173,-0.000256,0.079293,-0.020308,-0.600054,0.006209,-0.004733,0.000680,0.499091,0.000000,0.969914,0.000000,0.000000,0.000000,-0.037876,0.000000,-0.623752,0.000000,0.000000,0.000000,-0.001050,0.086115,0.038552,0.016274,-0.084173,-0.000256,0.117169,-0.020308,0.023698,0.094357,0.121254
16.470000,6.298000,0.498869,0.085902,1.001531,0.016333,-0.084171,-0.000250,0.070908,-0.021986,-0.599216,0.004839,-0.005730,0.000669,0.499091,0.000000,0.969914,0.000000,0.000000,0.000000,-0.037876,0.000000,-0.623752,0.000000,0.000000,0.000000,-0.000222,0.085902,0.031617,0.016333,-0.084171,-0.000250,0.108784,-0.021986,0.024536,0.091536,0.113663
16.483000,6.311000,0.499569,0.085679,0.994873,0.016379,-0.084213,-0.000243,0.062357,-0.023647,-0.597585,0.003583,-0.008035,0.000720,0.498176,0.000000,0.957482,0.000000,0.000000,0.000000,-0.053625,0.000000,-0.619165,0.000000,0.000000,0.000000,0.001393,0.085679,0.037391,0.016379,-0.084213,-0.000243,0.115982,-0.023647,0.021580,0.093493,0.120319
16.490000,6.318000,0.500163,0.085443,0.988364,0.016390,-0.084251,-0.000236,0.053583,-0.025327,-0.593818,-0.000549,-0.007033,0.000706,0.498176,0.000000,0.957482,0.000000,0.000000,0.000000,-0.053625,0.000000,-0.619165,0.000000,0.000000,0.000000,0.001987,0.085443,0.030882,0.016390,-0.084251,-0.000236,0.107208,-0.025327,0.025347,0.090874,0.113038
16.504000,6.332000,0.500662,0.085193,0.981961,0.016378,-0.084286,-0.000230,0.044713,-0.027014,-0.589113,-0.002740,-0.004825,0.000673,0.496876,0.000000,0.944545,0.000000,0.000000,0.000000,-0.070125,0.000000,-0.612666,0.000000,0.000000,0.000000,0.003786,0.085193,0.037416,0.016378,-0.084286,-0.000230,0.114838,-0.027014,0.023553,0.093124,0.120301
16.510000,6.338000,0.501070,0.084926,0.975634,0.016345,-0.084313,-0.000224,0.035834,-0.028693,-0.584324,-0.004803,-0.003786,0.000650,0.496876,0.000000,0.944545,0.000000,0.000000,0.000000,-0.070125,0.000000,-0.612666,0.000000,0.000000,0.000000,0.004194,0.084926,0.031089,0.016345,-0.084313,-0.000224,0.105959,-0.028693,0.028342,0.090535,0.113375
16.520000,6.348000,0.501428,0.084640,0.969790,0.016297,-0.084351,-0.000218,0.027029,-0.030394,-0.578255,-0.007049,-0.002373,0.000612,0.495402,0.000000,0.932972,0.000000,0.000000,0.000000,-0.085012,0.000000,-0.605314,0.000000,0.000000,0.000000,0.006026,0.084640,0.036818,0.016297,-0.084351,-0.000218,0.112041,-0.030394,0.027059,0.092498,0.119202
16.530000,6.358000,0.501421,0.084528,0.967233,0.016210,-0.084431,-0.000211,0.017256,-0.031394,-0.562461,-0.007005,0.002677,0.000630,0.495402,0.000000,0.932972,0.000000,0.000000,0.000000,-0.085012,0.000000,-0.605314,0.000000,0.000000,0.000000,0.006019,0.084528,0.034261,0.016210,-0.084431,-0.000211,0.102268,-0.031394,0.042853,0.091406,0.115242
16.540000,6.368000,0.501542,0.084287,0.962345,0.016132,-0.084418,-0.000205,0.008289,-0.032819,-0.553889,-0.008151,0.005351,0.000600,0.493546,0.000000,0.920955,0.000000,0.000000,0.000000,-0.100630,0.000000,-0.596086,0.000000,0.000000,0.000000,0.007996,0.084287,0.041390,0.016132,-0.084418,-0.000205,0.108919,-0.032819,0.042197,0.094241,0.121330
16.551000,6.379000,0.501704,0.083900,0.954616,0.016077,-0.084258,-0.000198,0.000016,-0.034670,-0.555666,-0.008827,0.007884,0.000554,0.493546,0.000000,0.920955,0.000000,0.000000,0.000000,-0.100630,0.000000,-0.596086,0.000000,0.000000,0.000000,0.008158,0.083900,0.033661,0.016077,-0.084258,-0.000198,0.100646,-0.034670,0.040420,0.090768,0.113866
16.561000,6.389000,0.501755,0.083466,0.946843,0.016008,-0.084126,-0.000191,-0.008412,-0.036628,-0.557573,-0.011263,0.009774,0.000520,0.491378,0.000000,0.909138,0.000000,0.000000,0.000000,-0.116184,0.000000,-0.585351,0.000000,0.000000,0.000000,0.010377,0.083466,0.037705,0.016008,-0.084126,-0.000191,0.107772,-0.036628,0.027778,0.092173,0.117167
16.570000,6.398000,0.501671,0.083100,0.941267,0.015969,-0.083942,-0.000183,-0.017167,-0.038292,-0.551829,-0.009693,0.016482,0.000507,0.491378,0.000000,0.909138,0.000000,0.000000,0.000000,-0.116184,0.000000,-0.585351,0.000000,0.000000,0.000000,0.010293,0.083100,0.032129,0.015969,-0.083942,-0.000183,0.099017,-0.038292,0.033522,0.089687,0.111330
16.583000,6.411000,0.501564,0.082796,0.935460,0.015881,-0.083641,-0.000174,-0.025542,-0.039647,-0.546922,-0.009119,0.021662,0.000459,0.488767,0.000000,0.896978,0.000000,0.000000,0.000000,-0.132436,0.000000,-0.572489,0.000000,0.000000,0.000000,0.012797,0.082796,0.038482,0.015881,-0.083641,-0.000174,0.106894,-0.039647,0.025567,0.092194,0.116841
16.593000,6.421000,0.501293,0.082325,0.928215,0.015806,-0.083391,-0.000166,-0.034398,-0.041587,-0.544536,-0.014174,0.020574,0.000440,0.488767,0.000000,0.896978,0.000000,0.000000,0.000000,-0.132436,0.000000,-0.572489,0.000000,0.000000,0.000000,0.012526,0.082325,0.031237,0.015806,-0.083391,-0.000166,0.098038,-0.041587,0.027953,0.088938,0.110101
16.601000,6.429000,0.500939,0.081874,0.921561,0.015817,-0.083087,-0.000157,-0.043204,-0.043383,-0.540480,-0.009716,0.023530,0.000416,0.486112,0.000000,0.886223,0.000000,0.000000,0.000000,-0.147062,0.000000,-0.559477,0.000000,0.000000,0.000000,0.014827,0.081874,0.035338,0.015817,-0.083087,-0.000157,0.103858,-0.043383,0.018997,0.090399,0.114147
16.611000,6.439000,0.500504,0.081429,0.915325,0.015777,-0.082787,-0.000148,-0.052157,-0.045123,-0.532909,-0.008954,0.015397,0.000434,0.486112,0.000000,0.886223,0.000000,0.000000,0.000000,-0.147062,0.000000,-0.559477,0.000000,0.000000,0.000000,0.014392,0.081429,0.029102,0.015777,-0.082787,-0.000148,0.094905,-0.045123,0.026568,0.087663,0.108392
16.620000,6.448000,0.499982,0.080978,0.909996,0.015687,-0.082633,-0.000142,-0.061129,-0.046828,-0.522894,-0.013742,0.004533,0.000422,0.483017,0.000000,0.875181,0.000000,0.000000,0.000000,-0.162367,0.000000,-0.544403,0.000000,0.000000,0.000000,0.016965,0.080978,0.034815,0.015687,-0.082633,-0.000142,0.101238,-0.046828,0.021509,0.089763,0.113599
16.630000,6.458000,0.499712,0.080805,0.907420,0.015634,-0.082175,-0.000133,-0.068815,-0.047462,-0.504871,-0.012118,0.023125,0.000457,0.483017,0.000000,0.875181,0.000000,0.000000,0.000000,-0.162367,0.000000,-0.544403,0.000000,0.000000,0.000000,0.016695,0.080805,0.032239,0.015634,-0.082175,-0.000133,0.093552,-0.047462,0.039532,0.088586,0.112104
16.641000,6.469000,0.499017,0.080306,0.901000,0.015636,-0.081953,-0.000124,-0.077669,-0.049238,-0.498541,-0.010684,0.017629,0.000509,0.479261,0.000000,0.863401,0.000000,0.000000,0.000000,-0.179083,0.000000,-0.526234,0.000000,0.000000,0.000000,0.019756,0.080306,0.037599,0.015636,-0.081953,-0.000124,0.101414,-0.049238,0.027693,0.090846,0.116087
16.650000,6.478000,0.498098,0.079702,0.894111,0.015648,-0.081811,-0.000116,-0.086907,-0.051309,-0.495441,-0.010978,0.013297,0.000554,0.479261,0.000000,0.863401,0.000000,0.000000,0.000000,-0.179083,0.000000,-0.526234,0.000000,0.000000,0.000000,0.018837,0.079702,0.030710,0.015648,-0.081811,-0.000116,0.092176,-0.051309,0.030793,0.087466,0.109896
16.660000,6.488000,0.497229,0.079188,0.889157,0.015538,-0.081678,-0.000108,-0.095665,-0.052979,-0.486741,-0.019888,0.011252,0.000518,0.475915,0.000000,0.854072,0.000000,0.000000,0.000000,-0.192659,0.000000,-0.510170,0.000000,0.000000,0.000000,0.021314,0.079188,0.035085,0.015538,-0.081678,-0.000108,0.096994,-0.052979,0.023429,0.089196,0.112976
16.671000,6.499000,0.496522,0.078783,0.884034,0.015572,-0.081383,-0.000099,-0.103545,-0.054215,-0.477166,-0.011978,0.022799,0.000536,0.475915,0.000000,0.854072,0.000000,0.000000,0.000000,-0.192659,0.000000,-0.510170,0.000000,0.000000,0.000000,0.020607,0.078783,0.029962,0.015572,-0.081383,-0.000099,0.089114,-0.054215,0.033004,0.086771,0.109407
16.681000,6.509000,0.495321,0.078140,0.877641,0.015569,-0.081208,-0.000090,-0.112941,-0.056265,-0.471603,-0.012990,0.027570,0.000499,0.471912,0.000000,0.844057,0.000000,0.000000,0.000000,-0.207627,0.000000,-0.491099,0.000000,0.000000,0.000000,0.023409,0.078140,0.033584,0.015569,-0.081208,-0.000090,0.094686,-0.056265,0.019496,0.088214,0.111854
16.693000,6.521000,0.494117,0.077531,0.871797,0.015547,-0.080945,-0.000080,-0.122052,-0.058129,-0.463816,-0.017353,0.026171,0.000428,0.467611,0.000000,0.834437,0.000000,0.000000,0.000000,-0.222464,0.000000,-0.470786,0.000000,0.000000,0.000000,0.026506,0.077531,0.037360,0.015547,-0.080945,-0.000080,0.100412,-0.058129,0.006970,0.090052,0.116233
16.702000,6.530000,0.492878,0.076936,0.866366,0.015500,-0.080618,-0.000071,-0.130925,-0.059870,-0.455040,-0.019205,0.030389,0.000326,0.467611,0.000000,0.834437,0.000000,0.000000,0.000000,-0.222464,0.000000,-0.470786,0.000000,0.000000,0.000000,0.025267,0.076936,0.031929,0.015500,-0.080618,-0.000071,0.091539,-0.059870,0.015746,0.087046,0.110507
16.710000,6.538000,0.491569,0.076338,0.861816,0.015307,-0.080314,-0.000063,-0.139883,-0.061587,-0.442279,-0.033134,0.031857,0.000267,0.467611,0.000000,0.834437,0.000000,0.000000,0.000000,-0.222464,0.000000,-0.470786,0.000000,0.000000,0.000000,0.023958,0.076338,0.027379,0.015307,-0.080314,-0.000063,0.082581,-0.061587,0.028507,0.084564,0.106889
16.720000,6.548000,0.491038,0.076116,0.859565,0.015254,-0.079694,-0.000055,-0.145644,-0.061876,-0.423202,-0.022035,0.035483,0.000242,0.463014,0.000000,0.825234,0.000000,0.000000,0.000000,-0.237161,0.000000,-0.449285,0.000000,0.000000,0.000000,0.028024,0.076116,0.034331,0.015254,-0.079694,-0.000055,0.091517,-0.061876,0.026083,0.088077,0.113509
16.732000,6.560000,0.489532,0.075465,0.854046,0.015169,-0.079284,-0.000046,-0.154633,-0.063686,-0.413780,-0.019439,0.038675,0.000204,0.463014,0.000000,0.825234,0.000000,0.000000,0.000000,-0.237161,0.000000,-0.449285,0.000000,0.000000,0.000000,0.026518,0.075465,0.028812,0.015169,-0.079284,-0.000046,0.082528,-0.063686,0.035505,0.085019,0.110124
16.740000,6.568000,0.487985,0.074828,0.849908,0.015053,-0.078868,-0.000038,-0.163474,-0.065374,-0.400608,-0.021079,0.042322,0.000151,0.458125,0.000000,0.816473,0.000000,0.000000,0.000000,-0.251707,0.000000,-0.426648,0.000000,0.000000,0.000000,0.029860,0.074828,0.033435,0.015053,-0.078868,-0.000038,0.088233,-0.065374,0.026040,0.087228,0.112858
16.752000,6.580000,0.486450,0.074195,0.844627,0.014943,-0.078327,-0.000030,-0.171778,-0.066956,-0.391839,-0.026701,0.043887,0.000087,0.458125,0.000000,0.816473,0.000000,0.000000,0.000000,-0.251707,0.000000,-0.426648,0.000000,0.000000,0.000000,0.028325,0.074195,0.028154,0.014943,-0.078327,-0.000030,0.079929,-0.066956,0.034809,0.084261,0.109925
16.760000,6.588000,0.484732,0.073526,0.840709,0.014675,-0.077888,-0.000023,-0.180459,-0.068608,-0.379348,-0.042489,0.041359,0.000067,0.452681,0.000000,0.807773,0.000000,0.000000,0.000000,-0.266810,0.000000,-0.401721,0.000000,0.000000,0.000000,0.032051,0.073526,0.032936,0.014675,-0.077888,-0.000023,0.086351,-0.068608,0.022373,0.086707,0.112535
16.770000,6.598000,0.483571,0.073076,0.837324,0.014655,-0.077148,-0.000016,-0.186781,-0.069404,-0.365017,-0.026152,0.046055,-0.000016,0.452681,0.000000,0.807773,0.000000,0.000000,0.000000,-0.266810,0.000000,-0.401721,0.000000,0.000000,0.000000,0.030890,0.073076,0.029551,0.014655,-0.077148,-0.000016,0.080029,-0.069404,0.036704,0.084661,0.112110
16.782000,6.610000,0.481443,0.072266,0.831849,0.014581,-0.076668,-0.000009,-0.196257,-0.071454,-0.357195,-0.026653,0.047239,-0.000108,0.447483,0.000000,0.800362,0.000000,0.000000,0.000000,-0.280315,0.000000,-0.378202,0.000000,0.000000,0.000000,0.033960,0.072266,0.031487,0.014581,-0.076668,-0.000009,0.084058,-0.071454,0.021007,0.085832,0.112306
16.790000,6.618000,0.479480,0.071551,0.828278,0.014314,-0.076196,-0.000003,-0.204994,-0.073112,-0.341573,-0.042245,0.033543,-0.000090,0.447483,0.000000,0.800362,0.000000,0.000000,0.000000,-0.280315,0.000000,-0.378202,0.000000,0.000000,0.000000,0.031997,0.071551,0.027916,0.014314,-0.076196,-0.000003,0.075321,-0.073112,0.036629,0.083203,0.111177
16.800000,6.628000,0.478061,0.071035,0.824949,0.014268,-0.075431,0.000002,-0.211362,-0.073982,-0.325691,-0.029404,0.035261,-0.000138,0.441736,0.000000,0.793053,0.000000,0.000000,0.000000,-0.294358,0.000000,-0.352514,0.000000,0.000000,0.000000,0.036325,0.071035,0.031896,0.014268,-0.075431,0.000002,0.082996,-0.073982,0.026823,0.085923,0.114373
16.811000,6.639000,0.475602,0.070155,0.819841,0.014192,-0.075093,0.000006,-0.221015,-0.076084,-0.317349,-0.024032,0.040707,-0.000156,0.441736,0.000000,0.793053,0.000000,0.000000,0.000000,-0.294358,0.000000,-0.352514,0.000000,0.000000,0.000000,0.033866,0.070155,0.026788,0.014192,-0.075093,0.000006,0.073343,-0.076084,0.035165,0.082379,0.111376
16.820000,6.648000,0.472857,0.069199,0.815091,0.014004,-0.074820,0.000010,-0.231348,-0.078380,-0.308246,-0.034593,0.041231,-0.000127,0.435710,0.000000,0.786268,0.000000,0.000000,0.000000,-0.308215,0.000000,-0.325936,0.000000,0.000000,0.000000,0.037147,0.069199,0.028823,0.014004,-0.074820,0.000010,0.076867,-0.078380,0.017690,0.083661,0.111198
16.831000,6.659000,0.470281,0.068318,0.810873,0.014064,-0.074581,0.000012,-0.240716,-0.080322,-0.297124,-0.030277,0.031823,-0.000191,0.435710,0.000000,0.786268,0.000000,0.000000,0.000000,-0.308215,0.000000,-0.325936,0.000000,0.000000,0.000000,0.034571,0.068318,0.024605,0.014064,-0.074581,0.000012,0.067499,-0.080322,0.028812,0.080423,0.108802
16.840000,6.668000,0.467874,0.067514,0.807901,0.013761,-0.074263,0.000015,-0.249128,-0.081906,-0.282657,-0.050763,0.030111,-0.000152,0.429408,0.000000,0.780021,0.000000,0.000000,0.000000,-0.321877,0.000000,-0.298535,0.000000,0.000000,0.000000,0.038466,0.067514,0.027880,0.013761,-0.074263,0.000015,0.072749,-0.081906,0.015878,0.082553,0.110694
16.850000,6.678000,0.466841,0.067176,0.806001,0.013752,-0.073496,0.000018,-0.252337,-0.081767,-0.263982,-0.030659,0.038020,-0.000098,0.429408,0.000000,0.780021,0.000000,0.000000,0.000000,-0.321877,0.000000,-0.298535,0.000000,0.000000,0.000000,0.037433,0.067176,0.025980,0.013752,-0.073496,0.000018,0.069540,-0.081767,0.034553,0.081171,0.112763
16.860000,6.688000,0.464154,0.066296,0.802125,0.013687,-0.073154,0.000024,-0.261293,-0.083564,-0.251595,-0.031835,0.042210,0.000057,0.422836,0.000000,0.774331,0.000000,0.000000,0.000000,-0.335336,0.000000,-0.270379,0.000000,0.000000,0.000000,0.041318,0.066296,0.027794,0.013687,-0.073154,0.000024,0.074043,-0.083564,0.018784,0.082915,0.113217
16.870000,6.698000,0.460953,0.065265,0.798340,0.013598,-0.072853,0.000032,-0.271718,-0.085825,-0.240054,-0.035868,0.045806,0.000171,0.422836,0.000000,0.774331,0.000000,0.000000,0.000000,-0.335336,0.000000,-0.270379,0.000000,0.000000,0.000000,0.038117,0.065265,0.024009,0.013598,-0.072853,0.000032,0.063618,-0.085825,0.030325,0.079302,0.111053
16.880000,6.708000,0.458236,0.064407,0.795939,0.013239,-0.072395,0.000040,-0.279993,-0.087368,-0.224776,-0.056737,0.046543,0.000191,0.415996,0.000000,0.769211,0.000000,0.000000,0.000000,-0.348583,0.000000,-0.241541,0.000000,0.000000,0.000000,0.042240,0.064407,0.026728,0.013239,-0.072395,0.000040,0.068590,-0.087368,0.016765,0.081528,0.112334
16.890000,6.718000,0.456833,0.063968,0.794049,0.013160,-0.071466,0.000049,-0.283240,-0.087341,-0.207338,-0.039326,0.052504,0.000157,0.415996,0.000000,0.769211,0.000000,0.000000,0.000000,-0.348583,0.000000,-0.241541,0.000000,0.000000,0.000000,0.040837,0.063968,0.024838,0.013160,-0.071466,0.000049,0.065343,-0.087341,0.034203,0.079853,0.114315
16.900000,6.728000,0.454539,0.063257,0.791751,0.012942,-0.070756,0.000058,-0.289492,-0.088271,-0.191592,-0.041587,0.057327,0.000176,0.408894,0.000000,0.764674,0.000000,0.000000,0.000000,-0.361609,0.000000,-0.212092,0.000000,0.000000,0.000000,0.045645,0.063257,0.027077,0.012942,-0.070756,0.000058,0.072117,-0.088271,0.020500,0.082572,0.115814
16.910000,6.738000,0.451050,0.062181,0.788342,0.012790,-0.070282,0.000069,-0.299703,-0.090449,-0.179999,-0.042502,0.059583,0.000153,0.408894,0.000000,0.764674,0.000000,0.000000,0.000000,-0.361609,0.000000,-0.212092,0.000000,0.000000,0.000000,0.042156,0.062181,0.023668,0.012790,-0.070282,0.000069,0.061906,-0.090449,0.032093,0.078764,0.114207
16.920000,6.748000,0.448053,0.061277,0.786542,0.012364,-0.069686,0.000078,-0.307733,-0.091908,-0.164040,-0.062549,0.056693,0.000093,0.401534,0.000000,0.760731,0.000000,0.000000,0.000000,-0.374408,0.000000,-0.182108,0.000000,0.000000,0.000000,0.046519,0.061277,0.025811,0.012364,-0.069686,0.000078,0.066675,-0.091908,0.018068,0.081149,0.114974
16.930000,6.758000,0.444945,0.060337,0.783548,0.012321,-0.068935,0.000089,-0.315934,-0.093444,-0.149657,-0.036944,0.061953,0.000112,0.401534,0.000000,0.760731,0.000000,0.000000,0.000000,-0.374408,0.000000,-0.182108,0.000000,0.000000,0.000000,0.043411,0.060337,0.022817,0.012321,-0.068935,0.000089,0.058474,-0.093444,0.032451,0.077754,0.114909
16.943000,6.771000,0.441097,0.059193,0.781044,0.012161,-0.068424,0.000100,-0.326455,-0.095639,-0.134282,-0.034655,0.062322,0.000082,0.393919,0.000000,0.757392,0.000000,0.000000,0.000000,-0.386970,0.000000,-0.151663,0.000000,0.000000,0.000000,0.047178,0.059193,0.023652,0.012161,-0.068424,0.000100,0.060515,-0.095639,0.017381,0.079303,0.114503
16.950000,6.778000,0.437832,0.058237,0.779701,0.011813,-0.067801,0.000108,-0.334330,-0.097037,-0.117478,-0.058800,0.058524,0.000008,0.393919,0.000000,0.757392,0.000000,0.000000,0.000000,-0.386970,0.000000,-0.151663,0.000000,0.000000,0.000000,0.043913,0.058237,0.022309,0.011813,-0.067801,0.000108,0.052640,-0.097037,0.034185,0.076273,0.115567
16.961000,6.789000,0.436200,0.057764,0.778409,0.011721,-0.066589,0.000118,-0.335946,-0.096628,-0.101005,-0.042351,0.063617,0.000051,0.386056,0.000000,0.754667,0.000000,0.000000,0.000000,-0.399287,0.000000,-0.120836,0.000000,0.000000,0.000000,0.050144,0.057764,0.023742,0.011721,-0.066589,0.000118,0.063341,-0.096628,0.019831,0.080092,0.117228
16.970000,6.798000,0.432511,0.056696,0.776283,0.011625,-0.066006,0.000128,-0.344784,-0.098346,-0.087514,-0.032388,0.067033,0.000049,0.386056,0.000000,0.754667,0.000000,0.000000,0.000000,-0.399287,0.000000,-0.120836,0.000000,0.000000,0.000000,0.046455,0.056696,0.021616,0.011625,-0.066006,0.000128,0.054503,-0.098346,0.033322,0.076418,0.117273
16.982000,6.810000,0.428255,0.055478,0.774553,0.011597,-0.065554,0.000136,-0.355299,-0.100540,-0.073285,-0.027806,0.067291,-0.000030,0.377126,0.000000,0.752385,0.000000,0.000000,0.000000,-0.412545,0.000000,-0.086576,0.000000,0.000000,0.000000,0.051129,0.055478,0.022168,0.011597,-0.065554,0.000136,0.057246,-0.100540,0.013291,0.078635,0.116456
16.990000,6.818000,0.424312,0.054359,0.773098,0.011565,-0.064959,0.000143,-0.364246,-0.102286,-0.058392,-0.035912,0.063235,-0.000224,0.377126,0.000000,0.752385,0.000000,0.000000,0.000000,-0.412545,0.000000,-0.086576,0.000000,0.000000,0.000000,0.047186,0.054359,0.020713,0.011565,-0.064959,0.000143,0.048299,-0.102286,0.028184,0.074903,0.116574
17.000000,6.828000,0.420670,0.053337,0.772514,0.011511,-0.064267,0.000147,-0.371735,-0.103622,-0.041370,-0.036455,0.063106,-0.000427,0.369604,0.000000,0.751080,0.000000,0.000000,0.000000,-0.423158,0.000000,-0.058344,0.000000,0.000000,0.000000,0.051066,0.053337,0.021434,0.011511,-0.064267,0.000147,0.051423,-0.103622,0.016974,0.076889,0.116919
17.010000,6.838000,0.419173,0.052923,0.771747,0.010971,-0.063009,0.000150,-0.371192,-0.102713,-0.024521,-0.067031,0.062444,-0.000447,0.369604,0.000000,0.751080,0.000000,0.000000,0.000000,-0.423158,0.000000,-0.058344,0.000000,0.000000,0.000000,0.049569,0.052923,0.020667,0.010971,-0.063009,0.000150,0.051966,-0.102713,0.033823,0.075399,0.119977
17.021000,6.849000,0.415214,0.051824,0.770578,0.011207,-0.062351,0.000152,-0.379400,-0.104291,-0.009327,-0.041343,0.068433,-0.000548,0.360155,0.000000,0.750178,0.000000,0.000000,0.000000,-0.435835,0.000000,-0.023681,0.000000,0.000000,0.000000,0.055059,0.051824,0.020400,0.011207,-0.062351,0.000152,0.056435,-0.104291,0.014354,0.078316,0.119447
17.033000,6.861000,0.410550,0.050538,0.769862,0.011124,-0.061880,0.000156,-0.389746,-0.106468,0.005929,-0.032602,0.065601,-0.000455,0.360155,0.000000,0.750178,0.000000,0.000000,0.000000,-0.435835,0.000000,-0.023681,0.000000,0.000000,0.000000,0.050395,0.050538,0.019684,0.011124,-0.061880,0.000156,0.046089,-0.106468,0.029610,0.074035,0.119735
17.041000,6.869000,0.406236,0.049358,0.769330,0.011025,-0.061274,0.000160,-0.398378,-0.108173,0.021282,-0.030329,0.065533,-0.000333,0.351325,0.000000,0.750020,0.000000,0.000000,0.000000,-0.447071,0.000000,0.007895,0.000000,0.000000,0.000000,0.054911,0.049358,0.019310,0.011025,-0.061274,0.000160,0.048693,-0.108173,0.013387,0.076317,0.119380
17.050000,6.878000,0.402131,0.048242,0.769004,0.010945,-0.060590,0.000166,-0.406021,-0.109595,0.039431,-0.039440,0.059695,-0.000197,0.351325,0.000000,0.750020,0.000000,0.000000,0.000000,-0.447071,0.000000,0.007895,0.000000,0.000000,0.000000,0.050806,0.048242,0.018984,0.010945,-0.060590,0.000166,0.041050,-0.109595,0.031536,0.072587,0.121205
17.060000,6.888000,0.398071,0.047146,0.769398,0.010550,-0.059993,0.000170,-0.413170,-0.110886,0.059167,-0.068244,0.049341,-0.000140,0.343189,0.000000,0.750418,0.000000,0.000000,0.000000,-0.456942,0.000000,0.036300,0.000000,0.000000,0.000000,0.054882,0.047146,0.018980,0.010550,-0.059993,0.000170,0.043772,-0.110886,0.022867,0.074800,0.121386
17.071000,6.899000,0.395689,0.046510,0.768904,0.010661,-0.058765,0.000176,-0.413796,-0.110446,0.073491,-0.043570,0.066380,-0.000202,0.343189,0.000000,0.750418,0.000000,0.000000,0.000000,-0.456942,0.000000,0.036300,0.000000,0.000000,0.000000,0.052500,0.046510,0.018486,0.010661,-0.058765,0.000176,0.043146,-0.110446,0.037191,0.072534,0.124270
17.080000,6.908000,0.391551,0.045406,0.769639,0.010225,-0.058101,0.000181,-0.420596,-0.111680,0.090974,-0.077891,0.068127,-0.000241,0.333942,0.000000,0.751458,0.000000,0.000000,0.000000,-0.467635,0.000000,0.067771,0.000000,0.000000,0.000000,0.057609,0.045406,0.018181,0.010225,-0.058101,0.000181,0.047039,-0.111680,0.023203,0.075571,0.123383
17.090000,6.918000,0.389121,0.044761,0.769587,0.010291,-0.057026,0.000188,-0.420888,-0.111197,0.104827,-0.047627,0.058171,-0.000086,0.333942,0.000000,0.751458,0.000000,0.000000,0.000000,-0.467635,0.000000,0.067771,0.000000,0.000000,0.000000,0.055179,0.044761,0.018129,0.010291,-0.057026,0.000188,0.046747,-0.111197,0.037056,0.073328,0.126187
17.100000,6.928000,0.385620,0.043835,0.769952,0.010085,-0.056219,0.000195,-0.424915,-0.111722,0.119490,-0.052218,0.058468,-0.000001,0.323049,0.000000,0.753431,0.000000,0.000000,0.000000,-0.479567,0.000000,0.103746,0.000000,0.000000,0.000000,0.062571,0.043835,0.016521,0.010085,-0.056219,0.000195,0.054652,-0.111722,0.015744,0.078164,0.125366
17.110000,6.938000,0.381756,0.042816,0.770517,0.009839,-0.055498,0.000203,-0.430012,-0.112534,0.134194,-0.055632,0.057974,0.000019,0.323049,0.000000,0.753431,0.000000,0.000000,0.000000,-0.479567,0.000000,0.103746,0.000000,0.000000,0.000000,0.058707,0.042816,0.017086,0.009839,-0.055498,0.000203,0.049555,-0.112534,0.030448,0.074644,0.126675
17.120000,6.948000,0.377701,0.041751,0.771247,0.009538,-0.054810,0.000211,-0.435533,-0.113454,0.148950,-0.061864,0.058700,0.000056,0.314823,0.000000,0.755420,0.000000,0.000000,0.000000,-0.488130,0.000000,0.130120,0.000000,0.000000,0.000000,0.062878,0.041751,0.015827,0.009538,-0.054810,0.000211,0.052597,-0.113454,0.018830,0.077119,0.126463
17.130000,6.958000,0.373525,0.040660,0.772133,0.008912,-0.054197,0.000217,-0.441260,-0.114409,0.164535,-0.089436,0.050725,-0.000058,0.314823,0.000000,0.755420,0.000000,0.000000,0.000000,-0.488130,0.000000,0.130120,0.000000,0.000000,0.000000,0.058702,0.040660,0.016713,0.008912,-0.054197,0.000217,0.046870,-0.114409,0.034415,0.073338,0.128338
17.141000,6.969000,0.367787,0.039167,0.773360,0.008898,-0.053918,0.000226,-0.452389,-0.116744,0.180660,-0.066260,0.054544,0.000016,0.304464,0.000000,0.758491,0.000000,0.000000,0.000000,-0.498398,0.000000,0.162367,0.000000,0.000000,0.000000,0.063323,0.039167,0.014869,0.008898,-0.053918,0.000226,0.046009,-0.116744,0.018293,0.075927,0.126809
17.152000,6.980000,0.361984,0.037667,0.775122,0.008325,-0.053741,0.000231,-0.463261,-0.118974,0.197167,-0.078626,0.049978,-0.000086,0.304464,0.000000,0.758491,0.000000,0.000000,0.000000,-0.498398,0.000000,0.162367,0.000000,0.000000,0.000000,0.057520,0.037667,0.016631,0.008325,-0.053741,0.000231,0.035137,-0.118974,0.034800,0.070739,0.128843
17.161000,6.989000,0.356710,0.036312,0.776839,0.008220,-0.053292,0.000237,-0.471762,-0.120552,0.213057,-0.049678,0.053695,-0.000088,0.294908,0.000000,0.761851,0.000000,0.000000,0.000000,-0.507391,0.000000,0.191155,0.000000,0.000000,0.000000,0.061802,0.036312,0.014988,0.008220,-0.053292,0.000237,0.035629,-0.120552,0.021902,0.073230,0.127601
17.170000,6.998000,0.351992,0.035106,0.778969,0.007972,-0.052731,0.000240,-0.477864,-0.121496,0.229344,-0.046643,0.060529,-0.000302,0.294908,0.000000,0.761851,0.000000,0.000000,0.000000,-0.507391,0.000000,0.191155,0.000000,0.000000,0.000000,0.057084,0.035106,0.017118,0.007972,-0.052731,0.000240,0.029527,-0.121496,0.038189,0.069167,0.130735
17.180000,7.008000,0.350010,0.034608,0.779461,0.007306,-0.051347,0.000241,-0.473836,-0.119828,0.240398,-0.066864,0.065050,-0.000408,0.284668,0.000000,0.765973,0.000000,0.000000,0.000000,-0.516543,0.000000,0.220987,0.000000,0.000000,0.000000,0.065342,0.034608,0.013488,0.007306,-0.051347,0.000241,0.042707,-0.119828,0.019411,0.075161,0.128683
17.190000,7.018000,0.346279,0.033667,0.780951,0.007453,-0.050526,0.000243,-0.476077,-0.119777,0.253175,-0.046573,0.063998,-0.000402,0.284668,0.000000,0.765973,0.000000,0.000000,0.000000,-0.516543,0.000000,0.220987,0.000000,0.000000,0.000000,0.061611,0.033667,0.014978,0.007453,-0.050526,0.000243,0.040466,-0.119777,0.032188,0.071789,0.130461
17.200000,7.028000,0.340553,0.032227,0.783254,0.007516,-0.050165,0.000245,-0.485376,-0.121521,0.267948,-0.040672,0.071500,-0.000397,0.274249,0.000000,0.770686,0.000000,0.000000,0.000000,-0.525370,0.000000,0.250260,0.000000,0.000000,0.000000,0.066304,0.032227,0.012568,0.007516,-0.050165,0.000245,0.039994,-0.121521,0.017688,0.074785,0.129150
17.213000,7.041000,0.334430,0.030695,0.786166,0.007607,-0.049797,0.000248,-0.495972,-0.123582,0.289164,-0.037212,0.061484,-0.000336,0.263656,0.000000,0.775979,0.000000,0.000000,0.000000,-0.533865,0.000000,0.278901,0.000000,0.000000,0.000000,0.070774,0.030695,0.010187,0.007607,-0.049797,0.000248,0.037893,-0.123582,0.010263,0.077813,0.129668
17.220000,7.048000,0.328844,0.029305,0.788979,0.007638,-0.049235,0.000251,-0.504163,-0.125054,0.309466,-0.037955,0.061097,-0.000337,0.263656,0.000000,0.775979,0.000000,0.000000,0.000000,-0.533865,0.000000,0.278901,0.000000,0.000000,0.000000,0.065188,0.029305,0.013000,0.007638,-0.049235,0.000251,0.029702,-0.125054,0.030565,0.072645,0.132117
17.230000,7.058000,0.323604,0.028008,0.791802,0.007619,-0.048579,0.000253,-0.510444,-0.126091,0.323483,-0.048397,0.072749,-0.000380,0.263656,0.000000,0.775979,0.000000,0.000000,0.000000,-0.533865,0.000000,0.278901,0.000000,0.000000,0.000000,0.059948,0.028008,0.015823,0.007619,-0.048579,0.000253,0.023421,-0.126091,0.044582,0.068034,0.135776
17.243000,7.071000,0.318500,0.026747,0.795037,0.007135,-0.047852,0.000255,-0.515934,-0.126953,0.338301,-0.090557,0.075403,-0.000430,0.252896,0.000000,0.781838,0.000000,0.000000,0.000000,-0.542022,0.000000,0.306838,0.000000,0.000000,0.000000,0.065604,0.026747,0.013199,0.007135,-0.047852,0.000255,0.026088,-0.126953,0.031463,0.072066,0.133370
17.252000,7.080000,0.315516,0.026022,0.796399,0.007296,-0.046567,0.000257,-0.513482,-0.125849,0.345979,-0.053288,0.074113,-0.000411,0.252896,0.000000,0.781838,0.000000,0.000000,0.000000,-0.542022,0.000000,0.306838,0.000000,0.000000,0.000000,0.062620,0.026022,0.014561,0.007296,-0.046567,0.000257,0.028540,-0.125849,0.039141,0.069357,0.134850
17.260000,7.088000,0.309562,0.024565,0.800054,0.007125,-0.046045,0.000259,-0.521669,-0.127389,0.360104,-0.064936,0.078353,-0.000436,0.241977,0.000000,0.788247,0.000000,0.000000,0.000000,-0.549837,0.000000,0.333999,0.000000,0.000000,0.000000,0.067585,0.024565,0.011807,0.007125,-0.046045,0.000259,0.028168,-0.127389,0.026105,0.072874,0.133052
17.270000,7.098000,0.304346,0.023292,0.803655,0.006476,-0.045261,0.000260,-0.526814,-0.128186,0.373661,-0.105110,0.080948,-0.000472,0.241977,0.000000,0.788247,0.000000,0.000000,0.000000,-0.549837,0.000000,0.333999,0.000000,0.000000,0.000000,0.062369,0.023292,0.015408,0.006476,-0.045261,0.000260,0.023023,-0.128186,0.039662,0.068336,0.136143
17.280000,7.108000,0.302026,0.022733,0.804982,0.006321,-0.043615,0.000262,-0.521302,-0.126361,0.380683,-0.072844,0.079574,-0.000429,0.230905,0.000000,0.795192,0.000000,0.000000,0.000000,-0.557305,0.000000,0.360317,0.000000,0.000000,0.000000,0.071121,0.022733,0.009790,0.006321,-0.043615,0.000262,0.036003,-0.126361,0.020366,0.075305,0.132959
17.291000,7.119000,0.296357,0.021363,0.808598,0.005926,-0.042911,0.000265,-0.527891,-0.127467,0.393453,-0.060782,0.085376,-0.000366,0.230905,0.000000,0.795192,0.000000,0.000000,0.000000,-0.557305,0.000000,0.360317,0.000000,0.000000,0.000000,0.065452,0.021363,0.013406,0.005926,-0.042911,0.000265,0.029414,-0.127467,0.033136,0.070143,0.134948
17.300000,7.128000,0.291078,0.020088,0.812532,0.005318,-0.042057,0.000266,-0.532675,-0.128129,0.406783,-0.076307,0.083326,-0.000383,0.219687,0.000000,0.802654,0.000000,0.000000,0.000000,-0.564421,0.000000,0.385724,0.000000,0.000000,0.000000,0.071391,0.020088,0.009878,0.005318,-0.042057,0.000266,0.031746,-0.128129,0.021059,0.074818,0.133672
17.310000,7.138000,0.285870,0.018841,0.815902,0.005094,-0.041119,0.000269,-0.537202,-0.128666,0.422781,-0.075440,0.075627,-0.000334,0.219687,0.000000,0.802654,0.000000,0.000000,0.000000,-0.564421,0.000000,0.385724,0.000000,0.000000,0.000000,0.066183,0.018841,0.013248,0.005094,-0.041119,0.000269,0.027219,-0.128666,0.037057,0.070076,0.136635
17.320000,7.148000,0.279319,0.017274,0.820727,0.004864,-0.040520,0.000272,-0.546284,-0.130288,0.442575,-0.069847,0.076975,-0.000298,0.208331,0.000000,0.810614,0.000000,0.000000,0.000000,-0.571180,0.000000,0.410158,0.000000,0.000000,0.000000,0.070988,0.017274,0.010113,0.004864,-0.040520,0.000272,0.024896,-0.130288,0.032417,0.073756,0.136549
17.330000,7.158000,0.273857,0.015971,0.825152,0.004598,-0.039608,0.000273,-0.550783,-0.130834,0.455497,-0.057178,0.083110,-0.000360,0.208331,0.000000,0.810614,0.000000,0.000000,0.000000,-0.571180,0.000000,0.410158,0.000000,0.000000,0.000000,0.065526,0.015971,0.014538,0.004598,-0.039608,0.000273,0.020397,-0.130834,0.045339,0.068993,0.139961
17.340000,7.168000,0.269792,0.015015,0.827992,0.004324,-0.038407,0.000273,-0.550049,-0.130103,0.463435,-0.048871,0.076550,-0.000469,0.196265,0.000000,0.819487,0.000000,0.000000,0.000000,-0.577889,0.000000,0.434696,0.000000,0.000000,0.000000,0.073527,0.015015,0.008505,0.004324,-0.038407,0.000273,0.027840,-0.130103,0.028739,0.075525,0.136117
17.350000,7.178000,0.264291,0.013714,0.832626,0.004170,-0.037634,0.000271,-0.554242,-0.130578,0.474444,-0.053383,0.071765,-0.000550,0.196265,0.000000,0.819487,0.000000,0.000000,0.000000,-0.577889,0.000000,0.434696,0.000000,0.000000,0.000000,0.068026,0.013714,0.013139,0.004170,-0.037634,0.000271,0.023647,-0.130578,0.039748,0.070628,0.138527
17.361000,7.189000,0.259390,0.012567,0.836277,0.004019,-0.036760,0.000269,-0.556125,-0.130492,0.482272,-0.051972,0.068644,-0.000596,0.185230,0.000000,0.827949,0.000000,0.000000,0.000000,-0.583613,0.000000,0.455857,0.000000,0.000000,0.000000,0.074160,0.012567,0.008328,0.004019,-0.036760,0.000269,0.027488,-0.130492,0.026415,0.075677,0.135947
17.370000,7.198000,0.253829,0.011263,0.841100,0.003499,-0.036073,0.000266,-0.560150,-0.130933,0.493614,-0.089490,0.063151,-0.000606,0.185230,0.000000,0.827949,0.000000,0.000000,0.000000,-0.583613,0.000000,0.455857,0.000000,0.000000,0.000000,0.068599,0.011263,0.013151,0.003499,-0.036073,0.000266,0.023463,-0.130933,0.037757,0.070750,0.138273
17.380000,7.208000,0.250273,0.010437,0.843934,0.003640,-0.034767,0.000264,-0.556770,-0.129637,0.498840,-0.052975,0.066086,-0.000578,0.173501,0.000000,0.837280,0.000000,0.000000,0.000000,-0.589278,0.000000,0.477007,0.000000,0.000000,0.000000,0.076772,0.010437,0.006654,0.003640,-0.034767,0.000264,0.032508,-0.129637,0.021833,0.077763,0.135422
17.390000,7.218000,0.243788,0.008931,0.849276,0.003605,-0.034393,0.000261,-0.563997,-0.130832,0.510882,-0.037475,0.066397,-0.000569,0.173501,0.000000,0.837280,0.000000,0.000000,0.000000,-0.589278,0.000000,0.477007,0.000000,0.000000,0.000000,0.070287,0.008931,0.011996,0.003605,-0.034393,0.000261,0.025281,-0.130832,0.033875,0.071860,0.137491
17.400000,7.228000,0.238148,0.007623,0.854385,0.003482,-0.033706,0.000257,-0.567750,-0.131229,0.521894,-0.035705,0.065248,-0.000620,0.161661,0.000000,0.847022,0.000000,0.000000,0.000000,-0.594571,0.000000,0.496953,0.000000,0.000000,0.000000,0.076487,0.007623,0.007363,0.003482,-0.033706,0.000257,0.026821,-0.131229,0.024941,0.077218,0.136244
17.410000,7.238000,0.234148,0.006703,0.857764,0.003345,-0.032586,0.000252,-0.565436,-0.130216,0.527584,-0.051421,0.061593,-0.000754,0.161661,0.000000,0.847022,0.000000,0.000000,0.000000,-0.594571,0.000000,0.496953,0.000000,0.000000,0.000000,0.072487,0.006703,0.010742,0.003345,-0.032586,0.000252,0.029135,-0.130216,0.030631,0.073585,0.136906
17.420000,7.248000,0.229177,0.005560,0.862145,0.002799,-0.031823,0.000247,-0.566600,-0.130027,0.536029,-0.096459,0.054976,-0.000754,0.149720,0.000000,0.857150,0.000000,0.000000,0.000000,-0.599488,0.000000,0.515643,0.000000,0.000000,0.000000,0.079457,0.005560,0.004995,0.002799,-0.031823,0.000247,0.032888,-0.130027,0.020386,0.079808,0.135662
17.430000,7.258000,0.223885,0.004347,0.866891,0.003180,-0.031037,0.000239,-0.568798,-0.130095,0.545239,-0.046834,0.057835,-0.000844,0.149720,0.000000,0.857150,0.000000,0.000000,0.000000,-0.599488,0.000000,0.515643,0.000000,0.000000,0.000000,0.074165,0.004347,0.009741,0.003180,-0.031037,0.000239,0.030690,-0.130095,0.029596,0.074928,0.136903
17.443000,7.271000,0.216536,0.002667,0.873462,0.003241,-0.030941,0.000232,-0.578349,-0.131865,0.559523,-0.050299,0.055032,-0.000875,0.135871,0.000000,0.869241,0.000000,0.000000,0.000000,-0.604675,0.000000,0.535523,0.000000,0.000000,0.000000,0.080665,0.002667,0.004221,0.003241,-0.030941,0.000232,0.026326,-0.131865,0.024000,0.080819,0.136592
17.452000,7.280000,0.210753,0.001349,0.879057,0.002738,-0.030390,0.000225,-0.581713,-0.132218,0.570118,-0.091329,0.045574,-0.000794,0.135871,0.000000,0.869241,0.000000,0.000000,0.000000,-0.604675,0.000000,0.535523,0.000000,0.000000,0.000000,0.074882,0.001349,0.009816,0.002738,-0.030390,0.000225,0.022962,-0.132218,0.034595,0.075535,0.138585
17.463000,7.291000,0.204630,-0.000040,0.884555,0.002959,-0.029910,0.000219,-0.586231,-0.132833,0.580120,-0.060998,0.047610,-0.000739,0.124345,0.000000,0.879562,0.000000,0.000000,0.000000,-0.608579,0.000000,0.550600,0.000000,0.000000,0.000000,0.080285,-0.000040,0.004993,0.002959,-0.029910,0.000219,0.022348,-0.132833,0.029520,0.080440,0.137897
17.473000,7.301000,0.197410,-0.001675,0.891437,0.002794,-0.029806,0.000213,-0.594419,-0.134277,0.592366,-0.051391,0.051696,-0.000659,0.124345,0.000000,0.879562,0.000000,0.000000,0.000000,-0.608579,0.000000,0.550600,0.000000,0.000000,0.000000,0.073065,-0.001675,0.011875,0.002794,-0.029806,0.000213,0.014160,-0.134277,0.041766,0.074043,0.141334
17.480000,7.308000,0.191466,-0.003018,0.897361,0.002281,-0.029289,0.000208,-0.597614,-0.134577,0.601434,-0.074777,0.052401,-0.000582,0.113360,0.000000,0.889592,0.000000,0.000000,0.000000,-0.611957,0.000000,0.563725,0.000000,0.000000,0.000000,0.078106,-0.003018,0.007769,0.002281,-0.029289,0.000208,0.014343,-0.134577,0.037709,0.078549,0.140494
17.490000,7.318000,0.188555,-0.003668,0.900096,0.002111,-0.027967,0.000200,-0.589700,-0.132359,0.598968,-0.070116,0.055880,-0.000756,0.113360,0.000000,0.889592,0.000000,0.000000,0.000000,-0.611957,0.000000,0.563725,0.000000,0.000000,0.000000,0.075195,-0.003668,0.010504,0.002111,-0.027967,0.000200,0.022257,-0.132359,0.035243,0.076014,0.138767
17.502000,7.330000,0.182013,-0.005133,0.906380,0.002005,-0.027684,0.000194,-0.595099,-0.133134,0.606904,-0.066972,0.059743,-0.000737,0.100471,0.000000,0.901579,0.000000,0.000000,0.000000,-0.615503,0.000000,0.577579,0.000000,0.000000,0.000000,0.081542,-0.005133,0.004801,0.002005,-0.027684,0.000194,0.020404,-0.133134,0.029325,0.081844,0.137844
17.510000,7.338000,0.174616,-0.006786,0.913705,0.001847,-0.027501,0.000189,-0.603329,-0.134531,0.618095,-0.060912,0.059292,-0.000521,0.100471,0.000000,0.901579,0.000000,0.000000,0.000000,-0.615503,0.000000,0.577579,0.000000,0.000000,0.000000,0.074145,-0.006786,0.012126,0.001847,-0.027501,0.000189,0.012174,-0.134531,0.040516,0.075436,0.141026
17.520000,7.348000,0.168583,-0.008132,0.919886,0.001238,-0.026908,0.000185,-0.606234,-0.134726,0.625596,-0.094280,0.056885,-0.000435,0.087512,0.000000,0.913839,0.000000,0.000000,0.000000,-0.618620,0.000000,0.589824,0.000000,0.000000,0.000000,0.081071,-0.008132,0.006047,0.001238,-0.026908,0.000185,0.012386,-0.134726,0.035772,0.081702,0.139943
17.532000,7.360000,0.165551,-0.008800,0.922864,0.001181,-0.025345,0.000184,-0.598154,-0.132466,0.621793,-0.066187,0.072501,-0.000312,0.087512,0.000000,0.913839,0.000000,0.000000,0.000000,-0.618620,0.000000,0.589824,0.000000,0.000000,0.000000,0.078039,-0.008800,0.009025,0.001181,-0.025345,0.000184,0.020466,-0.132466,0.031969,0.079050,0.137797
17.543000,7.371000,0.158880,-0.010273,0.929496,0.000972,-0.024859,0.000183,-0.603404,-0.133164,0.628734,-0.069645,0.079961,-0.000119,0.075113,0.000000,0.925740,0.000000,0.000000,0.000000,-0.621188,0.000000,0.599959,0.000000,0.000000,0.000000,0.083767,-0.010273,0.003756,0.000972,-0.024859,0.000183,0.017784,-0.133164,0.028775,0.084478,0.137393
17.553000,7.381000,0.151371,-0.011928,0.937132,0.000784,-0.024485,0.000184,-0.611420,-0.134458,0.639260,-0.067076,0.074156,-0.000042,0.075113,0.000000,0.925740,0.000000,0.000000,0.000000,-0.621188,0.000000,0.599959,0.000000,0.000000,0.000000,0.076258,-0.011928,0.011392,0.000784,-0.024485,0.000184,0.009768,-0.134458,0.039301,0.078021,0.140424
17.561000,7.389000,0.144550,-0.013424,0.944103,0.000534,-0.023859,0.000186,-0.616585,-0.135105,0.647520,-0.068034,0.076097,0.000068,0.063290,0.000000,0.937219,0.000000,0.000000,0.000000,-0.623265,0.000000,0.608184,0.000000,0.000000,0.000000,0.081260,-0.013424,0.006884,0.000534,-0.023859,0.000186,0.006680,-0.135105,0.039336,0.082649,0.140873
17.570000,7.398000,0.138384,-0.014775,0.950578,-0.000146,-0.023098,0.000187,-0.619031,-0.135160,0.651937,-0.104867,0.075915,-0.000013,0.063290,0.000000,0.937219,0.000000,0.000000,0.000000,-0.623265,0.000000,0.608184,0.000000,0.000000,0.000000,0.075094,-0.014775,0.013359,-0.000146,-0.023098,0.000187,0.004234,-0.135160,0.043753,0.077691,0.142128
17.580000,7.408000,0.135937,-0.015301,0.953066,-0.000303,-0.021172,0.000190,-0.607969,-0.132235,0.644639,-0.070760,0.085075,0.000071,0.051431,0.000000,0.948842,0.000000,0.000000,0.000000,-0.624986,0.000000,0.615023,0.000000,0.000000,0.000000,0.084506,-0.015301,0.004224,-0.000303,-0.021172,0.000190,0.017017,-0.132235,0.029616,0.085984,0.136575
17.590000,7.418000,0.131176,-0.016333,0.957992,-0.000669,-0.019970,0.000192,-0.605436,-0.131185,0.642977,-0.054519,0.090367,0.000093,0.051431,0.000000,0.948842,0.000000,0.000000,0.000000,-0.624986,0.000000,0.615023,0.000000,0.000000,0.000000,0.079745,-0.016333,0.009150,-0.000669,-0.019970,0.000192,0.019550,-0.131185,0.027954,0.081913,0.135548
17.602000,7.430000,0.123867,-0.017913,0.965491,-0.000834,-0.019473,0.000193,-0.612136,-0.132130,0.648869,-0.048624,0.096018,0.000056,0.038290,0.000000,0.961823,0.000000,0.000000,0.000000,-0.626473,0.000000,0.620949,0.000000,0.000000,0.000000,0.085577,-0.017913,0.003668,-0.000834,-0.019473,0.000193,0.014337,-0.132130,0.027920,0.087509,0.135807
17.610000,7.438000,0.117746,-0.019234,0.971979,-0.001320,-0.018513,0.000193,-0.614140,-0.132045,0.653682,-0.086737,0.079799,-0.000065,0.038290,0.000000,0.961823,0.000000,0.000000,0.000000,-0.626473,0.000000,0.620949,0.000000,0.000000,0.000000,0.079456,-0.019234,0.010156,-0.001320,-0.018513,0.000193,0.012333,-0.132045,0.032733,0.082379,0.136600
17.620000,7.448000,0.113330,-0.020179,0.976542,-0.001252,-0.016978,0.000193,-0.609883,-0.130611,0.652736,-0.057876,0.082994,-0.000112,0.026377,0.000000,0.973660,0.000000,0.000000,0.000000,-0.627444,0.000000,0.624821,0.000000,0.000000,0.000000,0.086953,-0.020179,0.002882,-0.001252,-0.016978,0.000193,0.017561,-0.130611,0.027915,0.089310,0.134710
17.630000,7.458000,0.107935,-0.021331,0.982187,-0.001383,-0.015850,0.000190,-0.609154,-0.129961,0.653334,-0.040201,0.088427,-0.000261,0.026377,0.000000,0.973660,0.000000,0.000000,0.000000,-0.627444,0.000000,0.624821,0.000000,0.000000,0.000000,0.081558,-0.021331,0.008527,-0.001383,-0.015850,0.000190,0.018290,-0.129961,0.028513,0.084732,0.134303
17.640000,7.468000,0.102226,-0.022547,0.988173,-0.001479,-0.014877,0.000185,-0.609478,-0.129547,0.654912,-0.036004,0.083767,-0.000445,0.013821,0.000000,0.986184,0.000000,0.000000,0.000000,-0.628078,0.000000,0.627358,0.000000,0.000000,0.000000,0.088405,-0.022547,0.001989,-0.001479,-0.014877,0.000185,0.018600,-0.129547,0.027554,0.091257,0.133745
17.650000,7.478000,0.096374,-0.023790,0.994326,-0.001512,-0.013998,0.000179,-0.610213,-0.129236,0.656994,-0.050273,0.068793,-0.000542,0.013821,0.000000,0.986184,0.000000,0.000000,0.000000,-0.628078,0.000000,0.627358,0.000000,0.000000,0.000000,0.082553,-0.023790,0.008142,-0.001512,-0.013998,0.000179,0.017865,-0.129236,0.029636,0.086297,0.133789
17.660000,7.488000,0.090448,-0.025044,1.000572,-0.001492,-0.013200,0.000171,-0.611097,-0.128975,0.659290,-0.046967,0.061890,-0.000724,0.001257,0.000000,0.998743,0.000000,0.000000,0.000000,-0.628317,0.000000,0.628311,0.000000,0.000000,0.000000,0.089191,-0.025044,0.001829,-0.001492,-0.013200,0.000171,0.017220,-0.128975,0.030979,0.092658,0.133756
17.670000,7.498000,0.084483,-0.026302,1.006878,-0.001473,-0.012503,0.000161,-0.612003,-0.128743,0.660801,-0.042941,0.058390,-0.000859,0.001257,0.000000,0.998743,0.000000,0.000000,0.000000,-0.628317,0.000000,0.628311,0.000000,0.000000,0.000000,0.083226,-0.026302,0.008135,-0.001473,-0.012503,0.000161,0.016314,-0.128743,0.032490,0.087662,0.133778
17.680000,7.508000,0.078495,-0.027561,1.013215,-0.001484,-0.011916,0.000150,-0.612891,-0.128524,0.662364,-0.045398,0.048395,-0.001017,-0.011309,0.000000,1.011306,0.000000,0.000000,0.000000,-0.628158,0.000000,0.627676,0.000000,0.000000,0.000000,0.089804,-0.027561,0.001909,-0.001484,-0.011916,0.000150,0.015267,-0.128524,0.034688,0.093957,0.133995
17.690000,7.518000,0.072493,-0.028819,1.019580,-0.001529,-0.011432,0.000138,-0.613726,-0.128309,0.662776,-0.052999,0.042173,-0.001005,-0.011309,0.000000,1.011306,0.000000,0.000000,0.000000,-0.628158,0.000000,0.627676,0.000000,0.000000,0.000000,0.083802,-0.028819,0.008274,-0.001529,-0.011432,0.000138,0.014432,-0.128309,0.035100,0.089004,0.133804
17.700000,7.528000,0.066481,-0.030076,1.025953,-0.001617,-0.011038,0.000126,-0.614520,-0.128091,0.663204,-0.057477,0.033450,-0.000979,-0.023867,0.000000,1.023840,0.000000,0.000000,0.000000,-0.627602,0.000000,0.625455,0.000000,0.000000,0.000000,0.090348,-0.030076,0.002113,-0.001617,-0.011038,0.000126,0.013082,-0.128091,0.037749,0.095246,0.134177
17.710000,7.538000,0.058368,-0.031767,1.034496,-0.001630,-0.011361,0.000116,-0.622943,-0.129462,0.668816,-0.059491,0.032601,-0.000831,-0.023867,0.000000,1.023840,0.000000,0.000000,0.000000,-0.627602,0.000000,0.625455,0.000000,0.000000,0.000000,0.082235,-0.031767,0.010656,-0.001630,-0.011361,0.000116,0.004659,-0.129462,0.043361,0.088799,0.136610
17.720000,7.548000,0.050337,-0.033435,1.042999,-0.001744,-0.011642,0.000107,-0.630709,-0.130678,0.674180,-0.066399,0.025725,-0.000617,-0.036410,0.000000,1.036314,0.000000,0.000000,0.000000,-0.626650,0.000000,0.621655,0.000000,0.000000,0.000000,0.086747,-0.033435,0.006685,-0.001744,-0.011642,0.000107,-0.004059,-0.130678,0.052525,0.093207,0.140897
17.730000,7.558000,0.043142,-0.034924,1.050598,-0.002354,-0.011671,0.000101,-0.635118,-0.131177,0.674444,-0.106661,0.035219,-0.000469,-0.036410,0.000000,1.036314,0.000000,0.000000,0.000000,-0.626650,0.000000,0.621655,0.000000,0.000000,0.000000,0.079552,-0.034924,0.014284,-0.002354,-0.011671,0.000101,-0.008468,-0.131177,0.052789,0.088047,0.141654
17.740000,7.568000,0.036791,-0.036236,1.057343,-0.002327,-0.011448,0.000095,-0.636241,-0.130990,0.672183,-0.075792,0.036335,-0.000396,-0.048930,0.000000,1.048696,0.000000,0.000000,0.000000,-0.625303,0.000000,0.616284,0.000000,0.000000,0.000000,0.085721,-0.036236,0.008647,-0.002327,-0.011448,0.000095,-0.010938,-0.130990,0.055899,0.093466,0.142838
17.752000,7.580000,0.032666,-0.037076,1.061592,-0.002799,-0.010533,0.000090,-0.629386,-0.129104,0.660127,-0.060526,0.056361,-0.000300,-0.061420,0.000000,1.060955,0.000000,0.000000,0.000000,-0.623560,0.000000,0.609356,0.000000,0.000000,0.000000,0.094086,-0.037076,0.000637,-0.002799,-0.010533,0.000090,-0.005826,-0.129104,0.050771,0.101130,0.138851
17.761000,7.589000,0.026372,-0.038367,1.068193,-0.003154,-0.009977,0.000085,-0.630368,-0.128844,0.655262,-0.057595,0.075819,-0.000347,-0.061420,0.000000,1.060955,0.000000,0.000000,0.000000,-0.623560,0.000000,0.609356,0.000000,0.000000,0.000000,0.087792,-0.038367,0.007238,-0.003154,-0.009977,0.000085,-0.006808,-0.128844,0.045906,0.096083,0.136947
17.770000,7.598000,0.020959,-0.039465,1.073711,-0.003479,-0.009087,0.000077,-0.628243,-0.127883,0.648065,-0.070205,0.082945,-0.000463,-0.061420,0.000000,1.060955,0.000000,0.000000,0.000000,-0.623560,0.000000,0.609356,0.000000,0.000000,0.000000,0.082379,-0.039465,0.012756,-0.003479,-0.009087,0.000077,-0.004683,-0.127883,0.038709,0.092231,0.133695
17.781000,7.609000,0.013423,-0.040995,1.081434,-0.003660,-0.008588,0.000069,-0.633706,-0.128475,0.647528,-0.068812,0.098228,-0.000520,-0.074492,0.000000,1.073660,0.000000,0.000000,0.000000,-0.621306,0.000000,0.600426,0.000000,0.000000,0.000000,0.087915,-0.040995,0.007774,-0.003660,-0.008588,0.000069,-0.012400,-0.128475,0.047102,0.097314,0.137398
17.790000,7.618000,0.007086,-0.042279,1.087909,-0.004348,-0.007606,0.000060,-0.634513,-0.128132,0.643326,-0.102847,0.099221,-0.000425,-0.074492,0.000000,1.073660,0.000000,0.000000,0.000000,-0.621306,0.000000,0.600426,0.000000,0.000000,0.000000,0.081578,-0.042279,0.014249,-0.004348,-0.007606,0.000060,-0.013207,-0.128132,0.042900,0.092981,0.135767
17.801000,7.629000,0.002553,-0.043182,1.092453,-0.004294,-0.006140,0.000050,-0.628843,-0.126426,0.633628,-0.061945,0.103217,-0.000448,-0.086274,0.000000,1.084980,0.000000,0.000000,0.000000,-0.618894,0.000000,0.590905,0.000000,0.000000,0.000000,0.088827,-0.043182,0.007473,-0.004294,-0.006140,0.000050,-0.009949,-0.126426,0.042723,0.099049,0.133820
17.811000,7.639000,-0.004867,-0.044668,1.099884,-0.004411,-0.005309,0.000042,-0.633560,-0.126850,0.630777,-0.043004,0.117121,-0.000328,-0.086274,0.000000,1.084980,0.000000,0.000000,0.000000,-0.618894,0.000000,0.590905,0.000000,0.000000,0.000000,0.081407,-0.044668,0.014904,-0.004411,-0.005309,0.000042,-0.014666,-0.126850,0.039872,0.094045,0.133775
17.820000,7.648000,-0.011202,-0.045937,1.106192,-0.004841,-0.004138,0.000033,-0.634048,-0.126444,0.624714,-0.062371,0.118174,-0.000238,-0.098623,0.000000,1.096686,0.000000,0.000000,0.000000,-0.615975,0.000000,0.579427,0.000000,0.000000,0.000000,0.087421,-0.045937,0.009506,-0.004841,-0.004138,0.000033,-0.018073,-0.126444,0.045287,0.099212,0.135520
17.831000,7.659000,-0.015621,-0.046804,1.110483,-0.004799,-0.002311,0.000025,-0.627642,-0.124622,0.612909,-0.058795,0.123408,-0.000181,-0.098623,0.000000,1.096686,0.000000,0.000000,0.000000,-0.615975,0.000000,0.579427,0.000000,0.000000,0.000000,0.083002,-0.046804,0.013797,-0.004799,-0.002311,0.000025,-0.011667,-0.124622,0.033482,0.096282,0.129568
17.840000,7.668000,-0.023013,-0.048266,1.117661,-0.004830,-0.001300,0.000015,-0.631948,-0.124981,0.609870,-0.059090,0.127690,-0.000265,-0.110910,0.000000,1.108147,0.000000,0.000000,0.000000,-0.612666,0.000000,0.566486,0.000000,0.000000,0.000000,0.087897,-0.048266,0.009514,-0.004830,-0.001300,0.000015,-0.019282,-0.124981,0.043384,0.100727,0.133694
17.850000,7.678000,-0.029797,-0.049601,1.124174,-0.005390,-0.000176,0.000006,-0.633789,-0.124857,0.605322,-0.096665,0.113229,-0.000207,-0.110910,0.000000,1.108147,0.000000,0.000000,0.000000,-0.612666,0.000000,0.566486,0.000000,0.000000,0.000000,0.081113,-0.049601,0.016027,-0.005390,-0.000176,0.000006,-0.021123,-0.124857,0.038836,0.096418,0.132453
17.860000,7.688000,-0.036135,-0.050850,1.130228,-0.005098,0.001282,-0.000005,-0.633794,-0.124404,0.599555,-0.053939,0.119534,-0.000331,-0.123127,0.000000,1.119336,0.000000,0.000000,0.000000,-0.608970,0.000000,0.552114,0.000000,0.000000,0.000000,0.086992,-0.050850,0.010892,-0.005098,0.001282,-0.000005,-0.024824,-0.124404,0.047441,0.101351,0.135437
17.870000,7.698000,-0.038447,-0.051292,1.132398,-0.005453,0.003671,-0.000015,-0.619287,-0.121083,0.580826,-0.059764,0.119950,-0.000235,-0.123127,0.000000,1.119336,0.000000,0.000000,0.000000,-0.608970,0.000000,0.552114,0.000000,0.000000,0.000000,0.084680,-0.051292,0.013062,-0.005453,0.003671,-0.000015,-0.010317,-0.121083,0.028712,0.099861,0.124868
17.880000,7.708000,-0.043234,-0.052222,1.136850,-0.005699,0.005235,-0.000024,-0.614014,-0.119604,0.569263,-0.062716,0.113875,-0.000151,-0.135267,0.000000,1.130223,0.000000,0.000000,0.000000,-0.604889,0.000000,0.536347,0.000000,0.000000,0.000000,0.092033,-0.052222,0.006627,-0.005699,0.005235,-0.000024,-0.009125,-0.119604,0.032916,0.106024,0.124386
17.890000,7.718000,-0.048689,-0.053281,1.141877,-0.005942,0.006524,-0.000031,-0.611187,-0.118610,0.560987,-0.060799,0.095603,-0.000063,-0.135267,0.000000,1.130223,0.000000,0.000000,0.000000,-0.604889,0.000000,0.536347,0.000000,0.000000,0.000000,0.086578,-0.053281,0.011654,-0.005942,0.006524,-0.000031,-0.006298,-0.118610,0.024640,0.102325,0.121306
17.900000,7.728000,-0.056430,-0.054778,1.148929,-0.006083,0.006970,-0.000035,-0.616710,-0.119228,0.558878,-0.063574,0.081645,0.000185,-0.147921,0.000000,1.141299,0.000000,0.000000,0.000000,-0.600193,0.000000,0.518335,0.000000,0.000000,0.000000,0.091491,-0.054778,0.007630,-0.006083,0.006970,-0.000035,-0.016517,-0.119228,0.040543,0.106909,0.127011
17.910000,7.738000,-0.062598,-0.055970,1.154518,-0.006719,0.007787,-0.000038,-0.616070,-0.118669,0.552690,-0.096863,0.062265,0.000238,-0.147921,0.000000,1.141299,0.000000,0.000000,0.000000,-0.600193,0.000000,0.518335,0.000000,0.000000,0.000000,0.085323,-0.055970,0.013219,-0.006719,0.007787,-0.000038,-0.015877,-0.118669,0.034355,0.102895,0.124558
17.920000,7.748000,-0.069039,-0.057203,1.160249,-0.006640,0.008415,-0.000037,-0.616562,-0.118282,0.547096,-0.063975,0.056078,0.000513,-0.159281,0.000000,1.150983,0.000000,0.000000,0.000000,-0.595584,0.000000,0.500793,0.000000,0.000000,0.000000,0.090242,-0.057203,0.009266,-0.006640,0.008415,-0.000037,-0.020978,-0.118282,0.046303,0.107246,0.128743
17.930000,7.758000,-0.075204,-0.058385,1.165720,-0.007280,0.008976,-0.000035,-0.615807,-0.117686,0.538708,-0.081281,0.053748,0.000488,-0.159281,0.000000,1.150983,0.000000,0.000000,0.000000,-0.595584,0.000000,0.500793,0.000000,0.000000,0.000000,0.084077,-0.058385,0.014737,-0.007280,0.008976,-0.000035,-0.020223,-0.117686,0.037915,0.103416,0.125286
17.940000,7.768000,-0.081114,-0.059506,1.170814,-0.007205,0.009426,-0.000033,-0.614305,-0.116894,0.529466,-0.041552,0.048724,0.000464,-0.171141,0.000000,1.160804,0.000000,0.000000,0.000000,-0.590366,0.000000,0.481094,0.000000,0.000000,0.000000,0.090027,-0.059506,0.010010,-0.007205,0.009426,-0.000033,-0.023939,-0.116894,0.048372,0.108379,0.128752
17.950000,7.778000,-0.088593,-0.060924,1.177213,-0.007205,0.009430,-0.000033,-0.618427,-0.117193,0.521271,-0.033742,0.048873,0.000194,-0.171141,0.000000,1.160804,0.000000,0.000000,0.000000,-0.590366,0.000000,0.481094,0.000000,0.000000,0.000000,0.082548,-0.060924,0.016409,-0.007205,0.009430,-0.000033,-0.028061,-0.117193,0.040177,0.103900,0.127027
17.962000,7.790000,-0.095371,-0.062203,1.182881,-0.007128,0.009653,-0.000034,-0.619841,-0.116974,0.511168,-0.022865,0.049109,0.000076,-0.184062,0.000000,1.171137,0.000000,0.000000,0.000000,-0.584196,0.000000,0.458024,0.000000,0.000000,0.000000,0.088691,-0.062203,0.011744,-0.007128,0.009653,-0.000034,-0.035645,-0.116974,0.053144,0.108964,0.133333
17.973000,7.801000,-0.101706,-0.063391,1.188061,-0.006993,0.010047,-0.000034,-0.619561,-0.116439,0.500617,-0.036874,0.058457,0.000197,-0.184062,0.000000,1.171137,0.000000,0.000000,0.000000,-0.584196,0.000000,0.458024,0.000000,0.000000,0.000000,0.082356,-0.063391,0.016924,-0.006993,0.010047,-0.000034,-0.035365,-0.116439,0.042593,0.105296,0.128930
17.980000,7.808000,-0.107802,-0.064529,1.192943,-0.006872,0.010590,-0.000033,-0.618385,-0.115753,0.489499,-0.038161,0.066630,0.000425,-0.195108,0.000000,1.179641,0.000000,0.000000,0.000000,-0.578507,0.000000,0.436971,0.000000,0.000000,0.000000,0.087306,-0.064529,0.013302,-0.006872,0.010590,-0.000033,-0.039878,-0.115753,0.052528,0.109377,0.133222
17.990000,7.818000,-0.113769,-0.065639,1.197619,-0.006809,0.011274,-0.000030,-0.616747,-0.115003,0.477129,-0.043209,0.079369,0.000670,-0.195108,0.000000,1.179641,0.000000,0.000000,0.000000,-0.578507,0.000000,0.436971,0.000000,0.000000,0.000000,0.081339,-0.065639,0.017978,-0.006809,0.011274,-0.000030,-0.038240,-0.115003,0.040158,0.106055,0.127674
18.001000,7.829000,-0.119664,-0.066731,1.202126,-0.006828,0.012101,-0.000026,-0.614848,-0.114221,0.464625,-0.050904,0.092051,0.000881,-0.207188,0.000000,1.188563,0.000000,0.000000,0.000000,-0.571836,0.000000,0.412545,0.000000,0.000000,0.000000,0.087524,-0.066731,0.013563,-0.006828,0.012101,-0.000026,-0.043012,-0.114221,0.052080,0.110894,0.132698
18.012000,7.840000,-0.125515,-0.067810,1.206489,-0.006945,0.013074,-0.000021,-0.612788,-0.113421,0.451782,-0.058540,0.100315,0.000915,-0.207188,0.000000,1.188563,0.000000,0.000000,0.000000,-0.571836,0.000000,0.412545,0.000000,0.000000,0.000000,0.081673,-0.067810,0.017926,-0.006945,0.013074,-0.000021,-0.040952,-0.113421,0.039237,0.107657,0.126811
18.020000,7.848000,-0.131643,-0.068944,1.211007,-0.007530,0.014077,-0.000018,-0.611663,-0.112824,0.439771,-0.103029,0.108281,0.000784,-0.217427,0.000000,1.195793,0.000000,0.000000,0.000000,-0.565801,0.000000,0.390691,0.000000,0.000000,0.000000,0.085784,-0.068944,0.015214,-0.007530,0.014077,-0.000018,-0.045862,-0.112824,0.049080,0.111102,0.131307
18.030000,7.858000,-0.133405,-0.069258,1.212159,-0.007549,0.016283,-0.000013,-0.594914,-0.109311,0.417994,-0.062423,0.106757,0.000923,-0.217427,0.000000,1.195793,0.000000,0.000000,0.000000,-0.565801,0.000000,0.390691,0.000000,0.000000,0.000000,0.084022,-0.069258,0.016366,-0.007549,0.016283,-0.000013,-0.029113,-0.109311,0.027303,0.110110,0.116370
18.043000,7.871000,-0.139539,-0.070376,1.216372,-0.007822,0.017285,-0.000009,-0.594396,-0.108789,0.405736,-0.071548,0.117808,0.000963,-0.229790,0.000000,1.204085,0.000000,0.000000,0.000000,-0.558033,0.000000,0.362900,0.000000,0.000000,0.000000,0.090251,-0.070376,0.012287,-0.007822,0.017285,-0.000009,-0.036363,-0.108789,0.042836,0.115104,0.122443
18.050000,7.878000,-0.146854,-0.071710,1.221322,-0.008164,0.018161,-0.000006,-0.597941,-0.109009,0.397500,-0.076560,0.116620,0.001011,-0.229790,0.000000,1.204085,0.000000,0.000000,0.000000,-0.558033,0.000000,0.362900,0.000000,0.000000,0.000000,0.082936,-0.071710,0.017237,-0.008164,0.018161,-0.000006,-0.039908,-0.109009,0.034600,0.110986,0.121131
18.061000,7.889000,-0.153482,-0.072913,1.225676,-0.008642,0.019271,-0.000004,-0.598774,-0.108708,0.387752,-0.084775,0.119142,0.001038,-0.240326,0.000000,1.210745,0.000000,0.000000,0.000000,-0.550980,0.000000,0.338002,0.000000,0.000000,0.000000,0.086844,-0.072913,0.014931,-0.008642,0.019271,-0.000004,-0.047794,-0.108708,0.049750,0.114373,0.128751
18.070000,7.898000,-0.159652,-0.074027,1.229603,-0.009482,0.020380,-0.000003,-0.597836,-0.108064,0.375480,-0.111139,0.108124,0.000821,-0.240326,0.000000,1.210745,0.000000,0.000000,0.000000,-0.550980,0.000000,0.338002,0.000000,0.000000,0.000000,0.080674,-0.074027,0.018858,-0.009482,0.020380,-0.000003,-0.046856,-0.108064,0.037478,0.111103,0.123604
18.082000,7.910000,-0.165567,-0.075089,1.233232,-0.009676,0.021744,-0.000000,-0.595904,-0.107216,0.362689,-0.078613,0.115990,0.000971,-0.250725,0.000000,1.216924,0.000000,0.000000,0.000000,-0.543613,0.000000,0.312334,0.000000,0.000000,0.000000,0.085158,-0.075089,0.016308,-0.009676,0.021744,0.000000,-0.052291,-0.107216,0.050355,0.114700,0.129481
18.091000,7.919000,-0.171526,-0.076162,1.236859,-0.010154,0.022934,-0.000001,-0.594062,-0.106399,0.349298,-0.058704,0.113030,0.000855,-0.250725,0.000000,1.216924,0.000000,0.000000,0.000000,-0.543613,0.000000,0.312334,0.000000,0.000000,0.000000,0.079199,-0.076162,0.019935,-0.010154,0.022934,-0.000001,-0.050449,-0.106399,0.036964,0.111672,0.123419
18.100000,7.928000,-0.173371,-0.076480,1.237774,-0.010732,0.025171,-0.000005,-0.577504,-0.102879,0.328416,-0.048449,0.108374,0.000631,-0.263656,0.000000,1.224021,0.000000,0.000000,0.000000,-0.533865,0.000000,0.278901,0.000000,0.000000,0.000000,0.090285,-0.076480,0.013753,-0.010732,0.025171,-0.000005,-0.043639,-0.102879,0.049515,0.119121,0.122230
18.111000,7.939000,-0.179394,-0.077542,1.241055,-0.010959,0.026074,-0.000010,-0.576491,-0.102130,0.314620,-0.058005,0.101982,0.000382,-0.263656,0.000000,1.224021,0.000000,0.000000,0.000000,-0.533865,0.000000,0.278901,0.000000,0.000000,0.000000,0.084262,-0.077542,0.017034,-0.010959,0.026074,-0.000010,-0.042626,-0.102130,0.035719,0.115771,0.116290
18.121000,7.949000,-0.185159,-0.078564,1.244201,-0.011539,0.027094,-0.000017,-0.574292,-0.101206,0.300831,-0.088539,0.093959,0.000187,-0.272144,0.000000,1.228301,0.000000,0.000000,0.000000,-0.527096,0.000000,0.256041,0.000000,0.000000,0.000000,0.086985,-0.078564,0.015900,-0.011539,0.027094,-0.000017,-0.047196,-0.101206,0.044790,0.118286,0.120317
18.130000,7.958000,-0.189030,-0.079237,1.246126,-0.011433,0.028666,-0.000024,-0.565371,-0.099065,0.284157,-0.046686,0.091012,0.000278,-0.272144,0.000000,1.228301,0.000000,0.000000,0.000000,-0.527096,0.000000,0.256041,0.000000,0.000000,0.000000,0.083114,-0.079237,0.017825,-0.011433,0.028666,-0.000024,-0.038275,-0.099065,0.028116,0.116207,0.109861
18.143000,7.971000,-0.195755,-0.080407,1.249401,-0.011398,0.029197,-0.000034,-0.567025,-0.098783,0.272642,-0.038612,0.080068,0.000084,-0.283634,0.000000,1.233582,0.000000,0.000000,0.000000,-0.517441,0.000000,0.223940,0.000000,0.000000,0.000000,0.087879,-0.080407,0.015819,-0.011398,0.029197,-0.000034,-0.049584,-0.098783,0.048702,0.120159,0.120783
18.153000,7.981000,-0.202925,-0.081651,1.252778,-0.011324,0.029555,-0.000043,-0.570079,-0.098763,0.261775,-0.032300,0.067102,-0.000084,-0.283634,0.000000,1.233582,0.000000,0.000000,0.000000,-0.517441,0.000000,0.223940,0.000000,0.000000,0.000000,0.080709,-0.081651,0.019196,-0.011324,0.029555,-0.000043,-0.052638,-0.098763,0.037835,0.116402,0.118137
18.160000,7.988000,-0.209357,-0.082759,1.255630,-0.011236,0.030031,-0.000053,-0.570290,-0.098254,0.249684,-0.028137,0.056074,-0.000186,-0.294908,0.000000,1.238149,0.000000,0.000000,0.000000,-0.507391,0.000000,0.191155,0.000000,0.000000,0.000000,0.085551,-0.082759,0.017481,-0.011236,0.030031,-0.000053,-0.062899,-0.098254,0.058529,0.120306,0.130521
18.170000,7.998000,-0.215059,-0.083742,1.258127,-0.011518,0.030592,-0.000061,-0.567779,-0.097316,0.235142,-0.065970,0.057042,-0.000133,-0.294908,0.000000,1.238149,0.000000,0.000000,0.000000,-0.507391,0.000000,0.191155,0.000000,0.000000,0.000000,0.079849,-0.083742,0.019978,-0.011518,0.030592,-0.000061,-0.060388,-0.097316,0.043987,0.117421,0.122686
18.180000,8.008000,-0.217318,-0.084117,1.258848,-0.011254,0.032154,-0.000069,-0.553021,-0.094255,0.215858,-0.034737,0.063492,-0.000081,-0.303965,0.000000,1.241345,0.000000,0.000000,0.000000,-0.498879,0.000000,0.163892,0.000000,0.000000,0.000000,0.086647,-0.084117,0.017503,-0.011254,0.032154,-0.000069,-0.054142,-0.094255,0.051966,0.122023,0.120482
18.190000,8.018000,-0.221668,-0.084852,1.260411,-0.011241,0.032990,-0.000075,-0.546248,-0.092604,0.198442,-0.022009,0.067452,0.000061,-0.303965,0.000000,1.241345,0.000000,0.000000,0.000000,-0.498879,0.000000,0.163892,0.000000,0.000000,0.000000,0.082297,-0.084852,0.019066,-0.011241,0.032990,-0.000075,-0.047369,-0.092604,0.034550,0.119734,0.109604
18.200000,8.028000,-0.226568,-0.085679,1.262086,-0.011234,0.033645,-0.000081,-0.541631,-0.091339,0.181856,-0.022975,0.067414,0.000116,-0.313846,0.000000,1.244317,0.000000,0.000000,0.000000,-0.489122,0.000000,0.133208,0.000000,0.000000,0.000000,0.087278,-0.085679,0.017769,-0.011234,0.033645,-0.000081,-0.052509,-0.091339,0.048648,0.123588,0.116046
18.210000,8.038000,-0.231685,-0.086538,1.263723,-0.011199,0.034268,-0.000087,-0.537866,-0.090226,0.166964,-0.039182,0.056204,0.000060,-0.313846,0.000000,1.244317,0.000000,0.000000,0.000000,-0.489122,0.000000,0.133208,0.000000,0.000000,0.000000,0.082161,-0.086538,0.019406,-0.011199,0.034268,-0.000087,-0.048744,-0.090226,0.033756,0.120896,0.107964
18.220000,8.048000,-0.236889,-0.087408,1.265273,-0.011146,0.034906,-0.000095,-0.534496,-0.089195,0.152256,-0.039427,0.059898,-0.000025,-0.323049,0.000000,1.246569,0.000000,0.000000,0.000000,-0.479567,0.000000,0.103746,0.000000,0.000000,0.000000,0.086160,-0.087408,0.018704,-0.011146,0.034906,-0.000095,-0.054929,-0.089195,0.048510,0.124151,0.115439
18.230000,8.058000,-0.243954,-0.088583,1.267182,-0.011048,0.034968,-0.000104,-0.538040,-0.089329,0.139008,-0.036710,0.065475,-0.000177,-0.323049,0.000000,1.246569,0.000000,0.000000,0.000000,-0.479567,0.000000,0.103746,0.000000,0.000000,0.000000,0.079095,-0.088583,0.020613,-0.011048,0.034968,-0.000104,-0.058473,-0.089329,0.035262,0.120532,0.112437
18.241000,8.069000,-0.250920,-0.089737,1.268892,-0.011096,0.035139,-0.000115,-0.540978,-0.089368,0.125571,-0.047088,0.064816,-0.000262,-0.332537,0.000000,1.248331,0.000000,0.000000,0.000000,-0.469214,0.000000,0.072479,0.000000,0.000000,0.000000,0.081617,-0.089737,0.020561,-0.011096,0.035139,-0.000115,-0.071764,-0.089368,0.053092,0.123032,0.126315
18.250000,8.078000,-0.257118,-0.090757,1.270198,-0.011232,0.035545,-0.000125,-0.540988,-0.088915,0.110911,-0.055710,0.068173,-0.000194,-0.332537,0.000000,1.248331,0.000000,0.000000,0.000000,-0.469214,0.000000,0.072479,0.000000,0.000000,0.000000,0.075419,-0.090757,0.021867,-0.011232,0.035545,-0.000125,-0.071774,-0.088915,0.038432,0.120013,0.120559
18.260000,8.088000,-0.262528,-0.091646,1.271307,-0.011790,0.036227,-0.000135,-0.538026,-0.087980,0.096102,-0.091354,0.069358,-0.000073,-0.341356,0.000000,1.249425,0.000000,0.000000,0.000000,-0.459104,0.000000,0.042604,0.000000,0.000000,0.000000,0.078828,-0.091646,0.021882,-0.011790,0.036227,-0.000135,-0.078922,-0.087980,0.053498,0.122848,0.129735
18.273000,8.101000,-0.266033,-0.092208,1.271547,-0.011788,0.037352,-0.000144,-0.528304,-0.085871,0.082600,-0.056658,0.073949,-0.000038,-0.341356,0.000000,1.249425,0.000000,0.000000,0.000000,-0.459104,0.000000,0.042604,0.000000,0.000000,0.000000,0.075323,-0.092208,0.022122,-0.011788,0.037352,-0.000144,-0.069200,-0.085871,0.039996,0.121100,0.117312
18.282000,8.110000,-0.272232,-0.093211,1.272346,-0.012310,0.037789,-0.000153,-0.528462,-0.085381,0.071115,-0.085114,0.078377,0.000101,-0.352218,0.000000,1.249993,0.000000,0.000000,0.000000,-0.445960,0.000000,0.004737,0.000000,0.000000,0.000000,0.079986,-0.093211,0.022353,-0.012310,0.037789,-0.000153,-0.082502,-0.085381,0.066378,0.124843,0.136024
18.293000,8.121000,-0.277890,-0.094120,1.272897,-0.012357,0.038430,-0.000161,-0.526764,-0.084594,0.054983,-0.060111,0.082457,0.000219,-0.352218,0.000000,1.249993,0.000000,0.000000,0.000000,-0.445960,0.000000,0.004737,0.000000,0.000000,0.000000,0.074328,-0.094120,0.022904,-0.012357,0.038430,-0.000161,-0.080804,-0.084594,0.050246,0.122098,0.127319
18.300000,8.128000,-0.283205,-0.094967,1.273207,-0.012699,0.039256,-0.000169,-0.523823,-0.083587,0.038614,-0.061827,0.091094,0.000436,-0.359282,0.000000,1.249867,0.000000,0.000000,0.000000,-0.436971,0.000000,-0.020525,0.000000,0.000000,0.000000,0.076077,-0.094967,0.023340,-0.012699,0.039256,-0.000169,-0.086852,-0.083587,0.059139,0.123900,0.134266
18.313000,8.141000,-0.288323,-0.095777,1.273321,-0.013037,0.040197,-0.000176,-0.520261,-0.082470,0.020720,-0.059238,0.101752,0.000524,-0.359282,0.000000,1.249867,0.000000,0.000000,0.000000,-0.436971,0.000000,-0.020525,0.000000,0.000000,0.000000,0.070959,-0.095777,0.023454,-0.013037,0.040197,-0.000176,-0.083290,-0.082470,0.041245,0.121485,0.124256
18.323000,8.151000,-0.293323,-0.096562,1.273244,-0.013365,0.041239,-0.000183,-0.516275,-0.081262,0.004034,-0.056462,0.103318,0.000569,-0.367907,0.000000,1.249141,0.000000,0.000000,0.000000,-0.425487,0.000000,-0.052052,0.000000,0.000000,0.000000,0.074584,-0.096562,0.024103,-0.013365,0.041239,-0.000183,-0.090788,-0.081262,0.056086,0.124370,0.134133
18.333000,8.161000,-0.298245,-0.097329,1.273000,-0.013674,0.042371,-0.000190,-0.512061,-0.080005,-0.012656,-0.054379,0.110675,0.000674,-0.367907,0.000000,1.249141,0.000000,0.000000,0.000000,-0.425487,0.000000,-0.052052,0.000000,0.000000,0.000000,0.069662,-0.097329,0.023859,-0.013674,0.042371,-0.000190,-0.086574,-0.080005,0.039396,0.122045,0.124290
18.341000,8.169000,-0.303366,-0.098129,1.272873,-0.014218,0.043477,-0.000199,-0.508574,-0.078881,-0.028516,-0.076682,0.112283,0.000668,-0.376299,0.000000,1.247785,0.000000,0.000000,0.000000,-0.413735,0.000000,-0.083447,0.000000,0.000000,0.000000,0.072933,-0.098129,0.025088,-0.014218,0.043477,-0.000199,-0.094839,-0.078881,0.054931,0.124812,0.135034
18.350000,8.178000,-0.305916,-0.098507,1.272099,-0.014297,0.045307,-0.000205,-0.495944,-0.076251,-0.043257,-0.037194,0.113200,0.000797,-0.376299,0.000000,1.247785,0.000000,0.000000,0.000000,-0.413735,0.000000,-0.083447,0.000000,0.000000,0.000000,0.070383,-0.098507,0.024314,-0.014297,0.045307,-0.000205,-0.082209,-0.076251,0.040190,0.123485,0.119112
18.360000,8.188000,-0.310875,-0.099270,1.271667,-0.014669,0.046439,-0.000214,-0.492100,-0.075040,-0.056582,-0.047963,0.108125,0.000761,-0.384856,0.000000,1.245689,0.000000,0.000000,0.000000,-0.401113,0.000000,-0.116184,0.000000,0.000000,0.000000,0.073981,-0.099270,0.025978,-0.014669,0.046439,-0.000214,-0.090987,-0.075040,0.059602,0.126501,0.132144
18.370000,8.198000,-0.313637,-0.099681,1.270978,-0.014757,0.048280,-0.000220,-0.480512,-0.072615,-0.070561,-0.037818,0.111075,0.000935,-0.384856,0.000000,1.245689,0.000000,0.000000,0.000000,-0.401113,0.000000,-0.116184,0.000000,0.000000,0.000000,0.071219,-0.099681,0.025289,-0.014757,0.048280,-0.000220,-0.079399,-0.072615,0.045623,0.125092,0.116870
18.380000,8.208000,-0.319114,-0.100501,1.269781,-0.014677,0.049178,-0.000226,-0.479060,-0.071757,-0.085617,-0.022641,0.108852,0.000987,-0.392367,0.000000,1.243202,0.000000,0.000000,0.000000,-0.389453,0.000000,-0.145526,0.000000,0.000000,0.000000,0.073253,-0.100501,0.026579,-0.014677,0.049178,-0.000226,-0.089607,-0.071757,0.059909,0.127173,0.129490
18.390000,8.218000,-0.323904,-0.101218,1.268924,-0.014904,0.050266,-0.000232,-0.475027,-0.070556,-0.101791,-0.046819,0.093314,0.000890,-0.392367,0.000000,1.243202,0.000000,0.000000,0.000000,-0.389453,0.000000,-0.145526,0.000000,0.000000,0.000000,0.068463,-0.101218,0.025722,-0.014904,0.050266,-0.000232,-0.085574,-0.070556,0.043735,0.124875,0.119222
18.400000,8.228000,-0.327230,-0.101706,1.267845,-0.014574,0.051809,-0.000238,-0.465879,-0.068597,-0.118150,-0.015961,0.095837,0.000854,-0.400031,0.000000,1.239986,0.000000,0.000000,0.000000,-0.376939,0.000000,-0.176053,0.000000,0.000000,0.000000,0.072801,-0.101706,0.027859,-0.014574,0.051809,-0.000238,-0.088940,-0.068597,0.057903,0.128141,0.126367
18.410000,8.238000,-0.331338,-0.102307,1.266552,-0.014418,0.052924,-0.000244,-0.459755,-0.067121,-0.134212,-0.007131,0.095051,0.000784,-0.400031,0.000000,1.239986,0.000000,0.000000,0.000000,-0.376939,0.000000,-0.176053,0.000000,0.000000,0.000000,0.068693,-0.102307,0.026566,-0.014418,0.052924,-0.000244,-0.082816,-0.067121,0.041841,0.126060,0.114518
18.420000,8.248000,-0.337198,-0.103160,1.264504,-0.014114,0.053327,-0.000249,-0.460188,-0.066648,-0.152016,-0.000440,0.082155,0.000634,-0.407443,0.000000,1.236163,0.000000,0.000000,0.000000,-0.364188,0.000000,-0.206136,0.000000,0.000000,0.000000,0.070245,-0.103160,0.028341,-0.014114,0.053327,-0.000249,-0.096000,-0.066648,0.054120,0.127983,0.128790
18.430000,8.258000,-0.341800,-0.103827,1.262983,-0.014118,0.054148,-0.000255,-0.455768,-0.065481,-0.167320,-0.037834,0.067902,0.000581,-0.407443,0.000000,1.236163,0.000000,0.000000,0.000000,-0.364188,0.000000,-0.206136,0.000000,0.000000,0.000000,0.065643,-0.103827,0.026820,-0.014118,0.054148,-0.000255,-0.091580,-0.065481,0.038816,0.125731,0.119085
18.440000,8.268000,-0.345171,-0.104307,1.261399,-0.013601,0.055238,-0.000260,-0.447114,-0.063733,-0.182370,-0.014483,0.063285,0.000480,-0.414597,0.000000,1.231744,0.000000,0.000000,0.000000,-0.351206,0.000000,-0.235698,0.000000,0.000000,0.000000,0.069426,-0.104307,0.029655,-0.013601,0.055238,-0.000260,-0.095908,-0.063733,0.053328,0.128761,0.126902
18.450000,8.278000,-0.349176,-0.104877,1.259518,-0.013362,0.055981,-0.000266,-0.440820,-0.062347,-0.194829,-0.015479,0.063185,0.000349,-0.414597,0.000000,1.231744,0.000000,0.000000,0.000000,-0.351206,0.000000,-0.235698,0.000000,0.000000,0.000000,0.065421,-0.104877,0.027774,-0.013362,0.055981,-0.000266,-0.089614,-0.062347,0.040869,0.126691,0.116568
18.460000,8.288000,-0.353348,-0.105466,1.257452,-0.013201,0.056555,-0.000272,-0.435295,-0.061102,-0.207468,-0.022255,0.054096,0.000176,-0.421489,0.000000,1.226739,0.000000,0.000000,0.000000,-0.338002,0.000000,-0.264664,0.000000,0.000000,0.000000,0.068141,-0.105466,0.030713,-0.013201,0.056555,-0.000272,-0.097293,-0.061102,0.057196,0.129265,0.128338
18.472000,8.300000,-0.359053,-0.106268,1.254356,-0.013064,0.056548,-0.000277,-0.435714,-0.060729,-0.225105,-0.032061,0.049635,0.000162,-0.428116,0.000000,1.221162,0.000000,0.000000,0.000000,-0.324585,0.000000,-0.292962,0.000000,0.000000,0.000000,0.069063,-0.106268,0.033194,-0.013064,0.056548,-0.000277,-0.111129,-0.060729,0.067857,0.131013,0.143674
18.481000,8.309000,-0.364685,-0.107053,1.251165,-0.013101,0.056581,-0.000282,-0.435734,-0.060300,-0.242526,-0.047228,0.043160,0.000208,-0.428116,0.000000,1.221162,0.000000,0.000000,0.000000,-0.324585,0.000000,-0.292962,0.000000,0.000000,0.000000,0.063431,-0.107053,0.030003,-0.013101,0.056581,-0.000282,-0.111149,-0.060300,0.050436,0.128000,0.136140
18.490000,8.318000,-0.369667,-0.107742,1.248036,-0.013547,0.056782,-0.000285,-0.433575,-0.059571,-0.262897,-0.077148,0.057493,0.000340,-0.428116,0.000000,1.221162,0.000000,0.000000,0.000000,-0.324585,0.000000,-0.292962,0.000000,0.000000,0.000000,0.058449,-0.107742,0.026874,-0.013547,0.056782,-0.000285,-0.108990,-0.059571,0.030065,0.125486,0.127794
18.500000,8.328000,-0.374002,-0.108337,1.245407,-0.013596,0.057142,-0.000289,-0.429045,-0.058512,-0.281199,-0.060039,0.057841,0.000344,-0.434782,0.000000,1.214704,0.000000,0.000000,0.000000,-0.310277,0.000000,-0.321877,0.000000,0.000000,0.000000,0.060780,-0.108337,0.030703,-0.013596,0.057142,-0.000289,-0.118768,-0.058512,0.040678,0.127960,0.138507
18.512000,8.340000,-0.376767,-0.108708,1.242739,-0.014047,0.057979,-0.000293,-0.418830,-0.056584,-0.292970,-0.051674,0.065303,0.000377,-0.434782,0.000000,1.214704,0.000000,0.000000,0.000000,-0.310277,0.000000,-0.321877,0.000000,0.000000,0.000000,0.058015,-0.108708,0.028035,-0.014047,0.057979,-0.000293,-0.108553,-0.056584,0.028907,0.126369,0.125782
18.520000,8.348000,-0.381676,-0.109369,1.238973,-0.014437,0.058412,-0.000299,-0.416537,-0.055720,-0.307615,-0.051735,0.081088,0.000454,-0.440850,0.000000,1.207998,0.000000,0.000000,0.000000,-0.296448,0.000000,-0.348583,0.000000,0.000000,0.000000,0.059174,-0.109369,0.030975,-0.014437,0.058412,-0.000299,-0.120089,-0.055720,0.040968,0.128151,0.138580
18.530000,8.358000,-0.385841,-0.109926,1.235897,-0.014784,0.059224,-0.000307,-0.411484,-0.054475,-0.319324,-0.054898,0.089723,0.000499,-0.440850,0.000000,1.207998,0.000000,0.000000,0.000000,-0.296448,0.000000,-0.348583,0.000000,0.000000,0.000000,0.055009,-0.109926,0.027899,-0.014784,0.059224,-0.000307,-0.115036,-0.054475,0.029259,0.126048,0.130602
18.540000,8.368000,-0.387621,-0.110155,1.233926,-0.015417,0.060716,-0.000315,-0.398067,-0.052070,-0.327487,-0.073776,0.098230,0.000596,-0.446356,0.000000,1.201141,0.000000,0.000000,0.000000,-0.283138,0.000000,-0.373138,0.000000,0.000000,0.000000,0.058735,-0.110155,0.032785,-0.015417,0.060716,-0.000315,-0.114929,-0.052070,0.045651,0.129069,0.134179
18.552000,8.380000,-0.391969,-0.110719,1.229778,-0.015438,0.061464,-0.000324,-0.394319,-0.050923,-0.341273,-0.044848,0.100996,0.000568,-0.451877,0.000000,1.193427,0.000000,0.000000,0.000000,-0.268953,0.000000,-0.398067,0.000000,0.000000,0.000000,0.059908,-0.110719,0.036351,-0.015438,0.061464,-0.000324,-0.125366,-0.050923,0.056794,0.131031,0.146749
18.563000,8.391000,-0.396873,-0.111349,1.225187,-0.015633,0.062248,-0.000335,-0.392535,-0.050028,-0.355947,-0.041432,0.103243,0.000688,-0.451877,0.000000,1.193427,0.000000,0.000000,0.000000,-0.268953,0.000000,-0.398067,0.000000,0.000000,0.000000,0.055004,-0.111349,0.031760,-0.015633,0.062248,-0.000335,-0.123582,-0.050028,0.042120,0.128190,0.139819
18.572000,8.400000,-0.401243,-0.111902,1.220803,-0.016032,0.063116,-0.000344,-0.388802,-0.048864,-0.369586,-0.058434,0.097048,0.000753,-0.451877,0.000000,1.193427,0.000000,0.000000,0.000000,-0.268953,0.000000,-0.398067,0.000000,0.000000,0.000000,0.050634,-0.111902,0.027376,-0.016032,0.063116,-0.000344,-0.119849,-0.048864,0.028481,0.125838,0.132524
18.580000,8.408000,-0.405246,-0.112399,1.216539,-0.015981,0.064303,-0.000354,-0.383775,-0.047528,-0.382472,-0.035094,0.108961,0.000817,-0.457113,0.000000,1.185225,0.000000,0.000000,0.000000,-0.254598,0.000000,-0.421989,0.000000,0.000000,0.000000,0.051867,-0.112399,0.031314,-0.015981,0.064303,-0.000354,-0.129177,-0.047528,0.039517,0.127688,0.143203
18.590000,8.418000,-0.409083,-0.112875,1.212714,-0.016332,0.065392,-0.000364,-0.378102,-0.046122,-0.392485,-0.044699,0.107727,0.000845,-0.457113,0.000000,1.185225,0.000000,0.000000,0.000000,-0.254598,0.000000,-0.421989,0.000000,0.000000,0.000000,0.048030,-0.112875,0.027489,-0.016332,0.065392,-0.000364,-0.123504,-0.046122,0.029504,0.125711,0.135096
18.600000,8.428000,-0.411161,-0.113112,1.209553,-0.016303,0.066947,-0.000373,-0.366377,-0.043915,-0.400289,-0.020081,0.112887,0.000867,-0.462060,0.000000,1.176554,0.000000,0.000000,0.000000,-0.240082,0.000000,-0.444846,0.000000,0.000000,0.000000,0.050899,-0.113112,0.032999,-0.016303,0.066947,-0.000373,-0.126295,-0.043915,0.044557,0.128351,0.140941
18.610000,8.438000,-0.415407,-0.113616,1.204486,-0.016287,0.067871,-0.000383,-0.362623,-0.042721,-0.413006,-0.016303,0.107158,0.000841,-0.462060,0.000000,1.176554,0.000000,0.000000,0.000000,-0.240082,0.000000,-0.444846,0.000000,0.000000,0.000000,0.046653,-0.113616,0.027932,-0.016287,0.067871,-0.000383,-0.122541,-0.042721,0.031840,0.125958,0.133623
18.620000,8.448000,-0.419255,-0.114063,1.199614,-0.016226,0.068873,-0.000393,-0.357473,-0.041365,-0.424787,-0.011014,0.104295,0.000813,-0.466715,0.000000,1.167438,0.000000,0.000000,0.000000,-0.225415,0.000000,-0.466579,0.000000,0.000000,0.000000,0.047460,-0.114063,0.032176,-0.016226,0.068873,-0.000393,-0.132058,-0.041365,0.041792,0.127664,0.144558
18.630000,8.458000,-0.422836,-0.114471,1.194838,-0.016136,0.069899,-0.000403,-0.351436,-0.039917,-0.435717,-0.018698,0.096253,0.000753,-0.466715,0.000000,1.167438,0.000000,0.000000,0.000000,-0.225415,0.000000,-0.466579,0.000000,0.000000,0.000000,0.043879,-0.114471,0.027400,-0.016136,0.069899,-0.000403,-0.126021,-0.039917,0.030862,0.125617,0.135747
18.640000,8.468000,-0.426350,-0.114870,1.190481,-0.016324,0.070861,-0.000411,-0.345223,-0.038488,-0.445104,-0.044363,0.086322,0.000775,-0.471076,0.000000,1.157899,0.000000,0.000000,0.000000,-0.210605,0.000000,-0.487134,0.000000,0.000000,0.000000,0.044726,-0.114870,0.032582,-0.016324,0.070861,-0.000411,-0.134618,-0.038488,0.042030,0.127503,0.146184
18.652000,8.480000,-0.428167,-0.115055,1.187016,-0.016054,0.072244,-0.000421,-0.333160,-0.036357,-0.450788,-0.020363,0.089819,0.000615,-0.471076,0.000000,1.157899,0.000000,0.000000,0.000000,-0.210605,0.000000,-0.487134,0.000000,0.000000,0.000000,0.042909,-0.115055,0.029117,-0.016054,0.072244,-0.000421,-0.122555,-0.036357,0.036346,0.126201,0.132901
18.660000,8.488000,-0.431499,-0.115419,1.182508,-0.016259,0.073142,-0.000430,-0.326678,-0.034922,-0.459340,-0.044717,0.082924,0.000671,-0.475138,0.000000,1.147961,0.000000,0.000000,0.000000,-0.195662,0.000000,-0.506458,0.000000,0.000000,0.000000,0.043639,-0.115419,0.034547,-0.016259,0.073142,-0.000430,-0.131016,-0.034922,0.047118,0.128138,0.143544
18.671000,8.499000,-0.434223,-0.115699,1.177678,-0.016142,0.074027,-0.000437,-0.318378,-0.033262,-0.468934,-0.030147,0.073265,0.000668,-0.475138,0.000000,1.147961,0.000000,0.000000,0.000000,-0.195662,0.000000,-0.506458,0.000000,0.000000,0.000000,0.040915,-0.115699,0.029717,-0.016142,0.074027,-0.000437,-0.122716,-0.033262,0.037524,0.126267,0.132566
18.682000,8.510000,-0.437406,-0.116031,1.172989,-0.016318,0.074756,-0.000442,-0.311762,-0.031826,-0.477846,-0.040802,0.062264,0.000792,-0.479081,0.000000,1.137124,0.000000,0.000000,0.000000,-0.179840,0.000000,-0.525370,0.000000,0.000000,0.000000,0.041675,-0.116031,0.035865,-0.016318,0.074756,-0.000442,-0.131922,-0.031826,0.047524,0.128399,0.143787
18.692000,8.520000,-0.440239,-0.116312,1.167656,-0.016559,0.075367,-0.000445,-0.304216,-0.030247,-0.487948,-0.042221,0.056728,0.000873,-0.479081,0.000000,1.137124,0.000000,0.000000,0.000000,-0.179840,0.000000,-0.525370,0.000000,0.000000,0.000000,0.038842,-0.116312,0.030532,-0.016559,0.075367,-0.000445,-0.124376,-0.030247,0.037422,0.126370,0.133359
18.700000,8.528000,-0.443934,-0.116676,1.161259,-0.016826,0.075702,-0.000446,-0.299904,-0.028995,-0.500898,-0.046787,0.049143,0.000920,-0.482362,0.000000,1.126990,0.000000,0.000000,0.000000,-0.165416,0.000000,-0.541222,0.000000,0.000000,0.000000,0.038428,-0.116676,0.034269,-0.016826,0.075702,-0.000446,-0.134488,-0.028995,0.040324,0.127532,0.143366
18.710000,8.538000,-0.447215,-0.116989,1.155233,-0.017138,0.076076,-0.000446,-0.294158,-0.027565,-0.511757,-0.042812,0.046991,0.000865,-0.482362,0.000000,1.126990,0.000000,0.000000,0.000000,-0.165416,0.000000,-0.541222,0.000000,0.000000,0.000000,0.035147,-0.116989,0.028243,-0.017138,0.076076,-0.000446,-0.128742,-0.027565,0.029465,0.125377,0.134917
18.720000,8.548000,-0.450156,-0.117264,1.150116,-0.017566,0.076546,-0.000445,-0.287279,-0.026021,-0.519630,-0.052511,0.044126,0.000916,-0.485517,0.000000,1.116010,0.000000,0.000000,0.000000,-0.150131,0.000000,-0.556574,0.000000,0.000000,0.000000,0.035361,-0.117264,0.034106,-0.017566,0.076546,-0.000445,-0.137148,-0.026021,0.036944,0.127140,0.144401
18.730000,8.558000,-0.451187,-0.117345,1.147367,-0.017829,0.077464,-0.000446,-0.273668,-0.023779,-0.518289,-0.040432,0.047873,0.000801,-0.485517,0.000000,1.116010,0.000000,0.000000,0.000000,-0.150131,0.000000,-0.556574,0.000000,0.000000,0.000000,0.034330,-0.117345,0.031357,-0.017829,0.077464,-0.000446,-0.123537,-0.023779,0.038285,0.126221,0.131501
18.743000,8.571000,-0.454118,-0.117592,1.141000,-0.018098,0.077708,-0.000447,-0.267396,-0.022189,-0.527511,-0.037028,0.045045,0.000711,-0.488500,0.000000,1.104165,0.000000,0.000000,0.000000,-0.133980,0.000000,-0.571180,0.000000,0.000000,0.000000,0.034382,-0.117592,0.036835,-0.018098,0.077708,-0.000447,-0.133416,-0.022189,0.043669,0.127933,0.142124
18.751000,8.579000,-0.456792,-0.117814,1.135725,-0.018342,0.078146,-0.000449,-0.260510,-0.020592,-0.537200,-0.029951,0.049666,0.000680,-0.488500,0.000000,1.104165,0.000000,0.000000,0.000000,-0.133980,0.000000,-0.571180,0.000000,0.000000,0.000000,0.031708,-0.117814,0.031560,-0.018342,0.078146,-0.000449,-0.126530,-0.020592,0.033980,0.126022,0.132622
18.760000,8.588000,-0.459350,-0.118007,1.129413,-0.018527,0.078515,-0.000451,-0.253605,-0.018949,-0.549631,-0.025160,0.052848,0.000683,-0.491026,0.000000,1.092615,0.000000,0.000000,0.000000,-0.118511,0.000000,-0.583613,0.000000,0.000000,0.000000,0.031676,-0.118007,0.036798,-0.018527,0.078515,-0.000451,-0.135094,-0.018949,0.033982,0.127605,0.140585
18.770000,8.598000,-0.461886,-0.118197,1.123916,-0.018779,0.079044,-0.000454,-0.246309,-0.017234,-0.555024,-0.032346,0.050518,0.000783,-0.491026,0.000000,1.092615,0.000000,0.000000,0.000000,-0.118511,0.000000,-0.583613,0.000000,0.000000,0.000000,0.029140,-0.118197,0.031301,-0.018779,0.079044,-0.000454,-0.127798,-0.017234,0.028589,0.125696,0.132086
18.780000,8.608000,-0.463492,-0.118301,1.119568,-0.018847,0.079723,-0.000457,-0.235980,-0.015272,-0.556922,-0.022441,0.047727,0.000755,-0.493137,0.000000,1.081425,0.000000,0.000000,0.000000,-0.103746,0.000000,-0.594058,0.000000,0.000000,0.000000,0.029645,-0.118301,0.038143,-0.018847,0.079723,-0.000457,-0.132234,-0.015272,0.037136,0.127784,0.138196
18.792000,8.620000,-0.466308,-0.118479,1.112178,-0.018892,0.079987,-0.000458,-0.230287,-0.013615,-0.566103,-0.012161,0.047227,0.000836,-0.493137,0.000000,1.081425,0.000000,0.000000,0.000000,-0.103746,0.000000,-0.594058,0.000000,0.000000,0.000000,0.026829,-0.118479,0.030753,-0.018892,0.079987,-0.000458,-0.126541,-0.013615,0.027955,0.125311,0.130305
18.801000,8.629000,-0.469235,-0.118649,1.104521,-0.018879,0.080242,-0.000458,-0.225081,-0.011976,-0.575850,-0.004740,0.044896,0.000945,-0.495056,0.000000,1.069446,0.000000,0.000000,0.000000,-0.088140,0.000000,-0.603590,0.000000,0.000000,0.000000,0.025821,-0.118649,0.035075,-0.018879,0.080242,-0.000458,-0.136941,-0.011976,0.027740,0.126391,0.140235
18.810000,8.638000,-0.471486,-0.118769,1.098763,-0.018927,0.080691,-0.000457,-0.217430,-0.010184,-0.578836,-0.015532,0.041089,0.001007,-0.495056,0.000000,1.069446,0.000000,0.000000,0.000000,-0.088140,0.000000,-0.603590,0.000000,0.000000,0.000000,0.023570,-0.118769,0.029317,-0.018927,0.080691,-0.000457,-0.129290,-0.010184,0.024754,0.124584,0.132032
18.825000,8.653000,-0.473161,-0.118832,1.093106,-0.018778,0.081205,-0.000456,-0.208108,-0.008281,-0.581441,-0.007065,0.041297,0.001009,-0.496806,0.000000,1.056068,0.000000,0.000000,0.000000,-0.070910,0.000000,-0.612313,0.000000,0.000000,0.000000,0.023645,-0.118832,0.037038,-0.018778,0.081205,-0.000456,-0.137198,-0.008281,0.030872,0.126696,0.140872
18.833000,8.661000,-0.475652,-0.118928,1.085615,-0.018696,0.081446,-0.000453,-0.201818,-0.006531,-0.587939,-0.002429,0.039688,0.001057,-0.496806,0.000000,1.056068,0.000000,0.000000,0.000000,-0.070910,0.000000,-0.612313,0.000000,0.000000,0.000000,0.021154,-0.118928,0.029547,-0.018696,0.081446,-0.000453,-0.130908,-0.006531,0.024374,0.124356,0.133318
18.842000,8.670000,-0.477835,-0.118992,1.078634,-0.018634,0.081720,-0.000448,-0.194608,-0.004737,-0.592749,-0.002749,0.035824,0.001121,-0.497955,0.000000,1.044992,0.000000,0.000000,0.000000,-0.056771,0.000000,-0.618059,0.000000,0.000000,0.000000,0.020120,-0.118992,0.033642,-0.018634,0.081720,-0.000448,-0.137837,-0.004737,0.025310,0.125282,0.140222
18.850000,8.678000,-0.479781,-0.119039,1.072706,-0.018661,0.082078,-0.000444,-0.186629,-0.002926,-0.593456,-0.015353,0.035532,0.001124,-0.497955,0.000000,1.044992,0.000000,0.000000,0.000000,-0.056771,0.000000,-0.618059,0.000000,0.000000,0.000000,0.018174,-0.119039,0.027714,-0.018661,0.082078,-0.000444,-0.129858,-0.002926,0.024603,0.123566,0.132200
18.861000,8.689000,-0.480851,-0.119032,1.067888,-0.018500,0.082549,-0.000438,-0.175918,-0.001011,-0.590922,-0.007954,0.034462,0.001134,-0.498974,0.000000,1.031957,0.000000,0.000000,0.000000,-0.040240,0.000000,-0.623164,0.000000,0.000000,0.000000,0.018123,-0.119032,0.035931,-0.018500,0.082549,-0.000438,-0.135678,-0.001011,0.032242,0.125651,0.139460
18.871000,8.699000,-0.482908,-0.119039,1.060395,-0.018476,0.082753,-0.000433,-0.168797,0.000837,-0.593622,-0.004727,0.025416,0.001129,-0.498974,0.000000,1.031957,0.000000,0.000000,0.000000,-0.040240,0.000000,-0.623164,0.000000,0.000000,0.000000,0.016066,-0.119039,0.028438,-0.018476,0.082753,-0.000433,-0.128557,0.000837,0.029542,0.123439,0.131910
18.880000,8.708000,-0.484596,-0.119030,1.054459,-0.018523,0.083007,-0.000426,-0.160497,0.002682,-0.591679,-0.010166,0.017421,0.001109,-0.499596,0.000000,1.020085,0.000000,0.000000,0.000000,-0.025259,0.000000,-0.626288,0.000000,0.000000,0.000000,0.015000,-0.119030,0.034374,-0.018523,0.083007,-0.000426,-0.135238,0.002682,0.034609,0.124799,0.139622
18.890000,8.718000,-0.485249,-0.119000,1.051020,-0.018532,0.083586,-0.000419,-0.148964,0.004503,-0.584217,-0.013206,0.031024,0.001146,-0.499596,0.000000,1.020085,0.000000,0.000000,0.000000,-0.025259,0.000000,-0.626288,0.000000,0.000000,0.000000,0.014347,-0.119000,0.030935,-0.018532,0.083586,-0.000419,-0.123705,0.004503,0.042071,0.123789,0.130741
18.900000,8.728000,-0.486434,-0.118958,1.045741,-0.018581,0.083871,-0.000412,-0.139720,0.006302,-0.582322,-0.015179,0.027386,0.001161,-0.499943,0.000000,1.007539,0.000000,0.000000,0.000000,-0.009474,0.000000,-0.628033,0.000000,0.000000,0.000000,0.013509,-0.118958,0.038202,-0.018581,0.083871,-0.000412,-0.130246,0.006302,0.045711,0.125670,0.138178
18.913000,8.741000,-0.488189,-0.118884,1.037649,-0.018665,0.083883,-0.000404,-0.133032,0.008132,-0.590040,-0.012592,0.017286,0.001149,-0.499943,0.000000,1.007539,0.000000,0.000000,0.000000,-0.009474,0.000000,-0.628033,0.000000,0.000000,0.000000,0.011754,-0.118884,0.030110,-0.018665,0.083883,-0.000404,-0.123558,0.008132,0.037993,0.123200,0.129523
18.923000,8.751000,-0.489915,-0.118782,1.029507,-0.018783,0.083903,-0.000395,-0.126395,0.010009,-0.597737,-0.014833,0.012930,0.001126,-0.499975,0.000000,0.994974,0.000000,0.000000,0.000000,0.006316,0.000000,-0.628192,0.000000,0.000000,0.000000,0.010060,-0.118782,0.034533,-0.018783,0.083903,-0.000395,-0.132711,0.010009,0.030455,0.124108,0.136528
18.932000,8.760000,-0.491365,-0.118667,1.022037,-0.018907,0.083948,-0.000386,-0.119055,0.011865,-0.604027,-0.014524,0.013496,0.001091,-0.499975,0.000000,0.994974,0.000000,0.000000,0.000000,0.006316,0.000000,-0.628192,0.000000,0.000000,0.000000,0.008610,-0.118667,0.027063,-0.018907,0.083948,-0.000386,-0.125371,0.011865,0.024165,0.122018,0.128229
18.943000,8.771000,-0.492607,-0.118537,1.015045,-0.019031,0.084003,-0.000376,-0.111216,0.013719,-0.608719,-0.014677,0.010784,0.001056,-0.499691,0.000000,0.982422,0.000000,0.000000,0.000000,0.022103,0.000000,-0.626763,0.000000,0.000000,0.000000,0.007084,-0.118537,0.032623,-0.019031,0.084003,-0.000376,-0.133319,0.013719,0.018044,0.123148,0.135232
18.952000,8.780000,-0.493700,-0.118392,1.008306,-0.019155,0.084053,-0.000367,-0.102666,0.015677,-0.607160,-0.010711,0.010765,0.001019,-0.499691,0.000000,0.982422,0.000000,0.000000,0.000000,0.022103,0.000000,-0.626763,0.000000,0.000000,0.000000,0.005991,-0.118392,0.025884,-0.019155,0.084053,-0.000367,-0.124769,0.015677,0.019603,0.121336,0.127269
18.960000,8.788000,-0.494727,-0.118235,1.002235,-0.019261,0.084161,-0.000359,-0.094106,0.017620,-0.603687,-0.008907,0.012643,0.000973,-0.499091,0.000000,0.969914,0.000000,0.000000,0.000000,0.037876,0.000000,-0.623752,0.000000,0.000000,0.000000,0.004364,-0.118235,0.032321,-0.019261,0.084161,-0.000359,-0.131982,0.017620,0.020065,0.122651,0.134656
18.970000,8.798000,-0.494939,-0.118152,0.999491,-0.019345,0.084374,-0.000350,-0.082824,0.019269,-0.588664,-0.006680,0.004667,0.000989,-0.499091,0.000000,0.969914,0.000000,0.000000,0.000000,0.037876,0.000000,-0.623752,0.000000,0.000000,0.000000,0.004152,-0.118152,0.029577,-0.019345,0.084374,-0.000350,-0.120700,0.019269,0.035088,0.121869,0.127165
18.980000,8.808000,-0.495551,-0.117996,0.994411,-0.019405,0.084462,-0.000341,-0.073366,0.021130,-0.580860,-0.003598,0.003917,0.000949,-0.498122,0.000000,0.956863,0.000000,0.000000,0.000000,0.054412,0.000000,-0.618894,0.000000,0.000000,0.000000,0.002571,-0.117996,0.037548,-0.019405,0.084462,-0.000341,-0.127778,0.021130,0.038034,0.123853,0.134983
18.991000,8.819000,-0.496476,-0.117743,0.986422,-0.019419,0.084357,-0.000332,-0.065641,0.023228,-0.584101,0.001882,0.005184,0.000862,-0.498122,0.000000,0.956863,0.000000,0.000000,0.000000,0.054412,0.000000,-0.618894,0.000000,0.000000,0.000000,0.001646,-0.117743,0.029559,-0.019419,0.084357,-0.000332,-0.120053,0.023228,0.034793,0.121408,0.127133
19.000000,8.828000,-0.497132,-0.117511,0.980581,-0.019399,0.084409,-0.000325,-0.057079,0.025191,-0.580978,0.005018,0.006428,0.000820,-0.496806,0.000000,0.943932,0.000000,0.000000,0.000000,0.070910,0.000000,-0.612313,0.000000,0.000000,0.000000,-0.000326,-0.117511,0.036649,-0.019399,0.084409,-0.000325,-0.127989,0.025191,0.031335,0.123094,0.134155
19.013000,8.841000,-0.497773,-0.117252,0.973244,-0.019320,0.084273,-0.000317,-0.048851,0.027175,-0.581486,0.008042,0.001043,0.000757,-0.495402,0.000000,0.932972,0.000000,0.000000,0.000000,0.085012,0.000000,-0.605314,0.000000,0.000000,0.000000,-0.002371,-0.117252,0.040272,-0.019320,0.084273,-0.000317,-0.133863,0.027175,0.023828,0.123998,0.138656
19.023000,8.851000,-0.498409,-0.116919,0.965391,-0.019227,0.084178,-0.000309,-0.040835,0.029358,-0.583530,0.011902,-0.000347,0.000713,-0.495402,0.000000,0.932972,0.000000,0.000000,0.000000,0.085012,0.000000,-0.605314,0.000000,0.000000,0.000000,-0.003007,-0.116919,0.032419,-0.019227,0.084178,-0.000309,-0.125847,0.029358,0.021784,0.121368,0.131049
19.031000,8.859000,-0.498878,-0.116592,0.958204,-0.019110,0.084103,-0.000301,-0.032398,0.031457,-0.582204,0.012857,0.000275,0.000713,-0.495402,0.000000,0.932972,0.000000,0.000000,0.000000,0.085012,0.000000,-0.605314,0.000000,0.000000,0.000000,-0.003476,-0.116592,0.025232,-0.019110,0.084103,-0.000301,-0.117410,0.031457,0.023110,0.119342,0.123728
19.041000,8.869000,-0.499211,-0.116261,0.951496,-0.018979,0.084064,-0.000294,-0.023780,0.033476,-0.579508,0.013721,0.002223,0.000710,-0.493137,0.000000,0.918575,0.000000,0.000000,0.000000,0.103746,0.000000,-0.594058,0.000000,0.000000,0.000000,-0.006074,-0.116261,0.032921,-0.018979,0.084064,-0.000294,-0.127526,0.033476,0.014550,0.120985,0.132647
19.050000,8.878000,-0.499449,-0.115926,0.945701,-0.018858,0.084026,-0.000286,-0.014873,0.035481,-0.571900,0.013337,-0.000500,0.000707,-0.493137,0.000000,0.918575,0.000000,0.000000,0.000000,0.103746,0.000000,-0.594058,0.000000,0.000000,0.000000,-0.006312,-0.115926,0.027126,-0.018858,0.084026,-0.000286,-0.118619,0.035481,0.022158,0.119225,0.125779
19.060000,8.888000,-0.499425,-0.115782,0.942920,-0.018671,0.084020,-0.000279,-0.005414,0.036707,-0.555757,0.013159,-0.000396,0.000702,-0.491378,0.000000,0.909138,0.000000,0.000000,0.000000,0.116184,0.000000,-0.585351,0.000000,0.000000,0.000000,-0.008047,-0.115782,0.033782,-0.018671,0.084020,-0.000279,-0.121598,0.036707,0.029594,0.120878,0.130420
19.070000,8.898000,-0.499458,-0.115494,0.938020,-0.018539,0.083967,-0.000271,0.003535,0.038400,-0.545807,0.013002,-0.010551,0.000691,-0.491378,0.000000,0.909138,0.000000,0.000000,0.000000,0.116184,0.000000,-0.585351,0.000000,0.000000,0.000000,-0.008080,-0.115494,0.028882,-0.018539,0.083967,-0.000271,-0.112649,0.038400,0.039544,0.119324,0.125412
19.080000,8.908000,-0.499450,-0.115153,0.932532,-0.018394,0.083815,-0.000262,0.012306,0.040205,-0.537856,0.015152,-0.019277,0.000683,-0.488899,0.000000,0.897551,0.000000,0.000000,0.000000,0.131664,0.000000,-0.573138,0.000000,0.000000,0.000000,-0.010551,-0.115153,0.034981,-0.018394,0.083815,-0.000262,-0.119358,0.040205,0.035282,0.120811,0.130796
19.090000,8.918000,-0.499377,-0.114779,0.926809,-0.018329,0.083764,-0.000254,0.020885,0.042030,-0.532019,0.011559,0.003738,0.000693,-0.488899,0.000000,0.897551,0.000000,0.000000,0.000000,0.131664,0.000000,-0.573138,0.000000,0.000000,0.000000,-0.010478,-0.114779,0.029258,-0.018329,0.083764,-0.000254,-0.110779,0.042030,0.041119,0.118912,0.125416
19.101000,8.929000,-0.499203,-0.114245,0.918747,-0.018301,0.083523,-0.000244,0.029441,0.044357,-0.533205,0.009015,-0.003014,0.000695,-0.485667,0.000000,0.884547,0.000000,0.000000,0.000000,0.149364,0.000000,-0.557305,0.000000,0.000000,0.000000,-0.013536,-0.114245,0.034200,-0.018301,0.083523,-0.000244,-0.119923,0.044357,0.024100,0.120020,0.130115
19.110000,8.938000,-0.498877,-0.113680,0.911150,-0.018294,0.083347,-0.000234,0.038258,0.046713,-0.533287,0.008856,-0.018399,0.000676,-0.485667,0.000000,0.884547,0.000000,0.000000,0.000000,0.149364,0.000000,-0.557305,0.000000,0.000000,0.000000,-0.013210,-0.113680,0.026603,-0.018294,0.083347,-0.000234,-0.111106,0.046713,0.024018,0.117496,0.122896
19.120000,8.948000,-0.498494,-0.113212,0.905817,-0.018205,0.083163,-0.000224,0.047007,0.048626,-0.526685,0.013708,-0.022629,0.000653,-0.483017,0.000000,0.875181,0.000000,0.000000,0.000000,0.162367,0.000000,-0.544403,0.000000,0.000000,0.000000,-0.015477,-0.113212,0.030636,-0.018205,0.083163,-0.000224,-0.115360,0.048626,0.017718,0.118301,0.126437
19.130000,8.958000,-0.498242,-0.112946,0.902071,-0.018173,0.082926,-0.000213,0.055250,0.049818,-0.511371,0.011285,-0.009624,0.000676,-0.483017,0.000000,0.875181,0.000000,0.000000,0.000000,0.162367,0.000000,-0.544403,0.000000,0.000000,0.000000,-0.015225,-0.112946,0.026890,-0.018173,0.082926,-0.000213,-0.107117,0.049818,0.033032,0.117097,0.122666
19.140000,8.968000,-0.497805,-0.112532,0.897174,-0.018137,0.082658,-0.000202,0.063837,0.051491,-0.499854,0.010621,-0.011362,0.000677,-0.479618,0.000000,0.864456,0.000000,0.000000,0.000000,0.177569,0.000000,-0.527953,0.000000,0.000000,0.000000,-0.018187,-0.112532,0.032718,-0.018137,0.082658,-0.000202,-0.113732,0.051491,0.028099,0.118595,0.127968
19.150000,8.978000,-0.497259,-0.112065,0.891957,-0.018105,0.082410,-0.000192,0.072348,0.053265,-0.491160,0.011649,-0.019550,0.000644,-0.479618,0.000000,0.864456,0.000000,0.000000,0.000000,0.177569,0.000000,-0.527953,0.000000,0.000000,0.000000,-0.017641,-0.112065,0.027501,-0.018105,0.082410,-0.000192,-0.105221,0.053265,0.036793,0.116731,0.123541
19.163000,8.991000,-0.496422,-0.111392,0.884542,-0.018112,0.082232,-0.000182,0.081527,0.055712,-0.489156,0.012901,-0.016376,0.000606,-0.475722,0.000000,0.853562,0.000000,0.000000,0.000000,0.193410,0.000000,-0.509247,0.000000,0.000000,0.000000,-0.020700,-0.111392,0.030980,-0.018112,0.082232,-0.000182,-0.111883,0.055712,0.020091,0.117458,0.126591
19.170000,8.998000,-0.495606,-0.110835,0.879651,-0.017982,0.082068,-0.000173,0.090383,0.057657,-0.479822,0.022118,-0.017563,0.000563,-0.475722,0.000000,0.853562,0.000000,0.000000,0.000000,0.193410,0.000000,-0.509247,0.000000,0.000000,0.000000,-0.019884,-0.110835,0.026089,-0.017982,0.082068,-0.000173,-0.103027,0.057657,0.029425,0.115587,0.121675
19.180000,9.008000,-0.494978,-0.110410,0.875176,-0.017964,0.081829,-0.000164,0.098139,0.059040,-0.470001,0.018637,-0.028366,0.000575,-0.471912,0.000000,0.844057,0.000000,0.000000,0.000000,0.207627,0.000000,-0.491099,0.000000,0.000000,0.000000,-0.023066,-0.110410,0.031119,-0.017964,0.081829,-0.000164,-0.109488,0.059040,0.021098,0.117008,0.126168
19.190000,9.018000,-0.494144,-0.109886,0.870281,-0.017880,0.081587,-0.000154,0.106521,0.060761,-0.459419,0.016568,-0.019144,0.000578,-0.471912,0.000000,0.844057,0.000000,0.000000,0.000000,0.207627,0.000000,-0.491099,0.000000,0.000000,0.000000,-0.022232,-0.109886,0.026224,-0.017880,0.081587,-0.000154,-0.101106,0.060761,0.031680,0.115139,0.122139
19.200000,9.028000,-0.493190,-0.109319,0.865292,-0.017781,0.081286,-0.000144,0.115006,0.062565,-0.449419,0.018153,-0.024291,0.000588,-0.467611,0.000000,0.834437,0.000000,0.000000,0.000000,0.222464,0.000000,-0.470786,0.000000,0.000000,0.000000,-0.025579,-0.109319,0.030855,-0.017781,0.081286,-0.000144,-0.107458,0.062565,0.021367,0.116434,0.126167
19.211000,9.039000,-0.492138,-0.108723,0.860299,-0.017677,0.080921,-0.000132,0.123522,0.064401,-0.439536,0.022857,-0.031274,0.000572,-0.467611,0.000000,0.834437,0.000000,0.000000,0.000000,0.222464,0.000000,-0.470786,0.000000,0.000000,0.000000,-0.024527,-0.108723,0.025862,-0.017677,0.080921,-0.000132,-0.098942,0.064401,0.031250,0.114416,0.122121
19.223000,9.051000,-0.490995,-0.108104,0.855352,-0.017440,0.080557,-0.000120,0.132018,0.066244,-0.429809,0.035574,-0.032036,0.000520,-0.462777,0.000000,0.824785,0.000000,0.000000,0.000000,0.237892,0.000000,-0.448179,0.000000,0.000000,0.000000,-0.028218,-0.108104,0.030567,-0.017440,0.080557,-0.000120,-0.105874,0.066244,0.018370,0.115832,0.126234
19.230000,9.058000,-0.489767,-0.107465,0.850473,-0.017434,0.080126,-0.000108,0.140529,0.068093,-0.419536,0.024035,-0.033384,0.000506,-0.462777,0.000000,0.824785,0.000000,0.000000,0.000000,0.237892,0.000000,-0.448179,0.000000,0.000000,0.000000,-0.026990,-0.107465,0.025688,-0.017434,0.080126,-0.000108,-0.097363,0.068093,0.028643,0.113741,0.122216
19.240000,9.068000,-0.488453,-0.106806,0.845684,-0.017304,0.079683,-0.000096,0.148994,0.069931,-0.409299,0.025365,-0.036018,0.000455,-0.458125,0.000000,0.816473,0.000000,0.000000,0.000000,0.251707,0.000000,-0.426648,0.000000,0.000000,0.000000,-0.030328,-0.106806,0.029211,-0.017304,0.079683,-0.000096,-0.102713,0.069931,0.017349,0.114807,0.125464
19.251000,9.079000,-0.486592,-0.105897,0.839148,-0.017222,0.079321,-0.000084,0.159108,0.072608,-0.403591,0.027559,-0.037680,0.000377,-0.458125,0.000000,0.816473,0.000000,0.000000,0.000000,0.251707,0.000000,-0.426648,0.000000,0.000000,0.000000,-0.028467,-0.105897,0.022675,-0.017222,0.079321,-0.000084,-0.092599,0.072608,0.023057,0.111976,0.119909
19.260000,9.088000,-0.485001,-0.105171,0.835112,-0.016946,0.078944,-0.000074,0.167931,0.074519,-0.390715,0.040487,-0.034595,0.000317,-0.452947,0.000000,0.808175,0.000000,0.000000,0.000000,0.266095,0.000000,-0.402934,0.000000,0.000000,0.000000,-0.032054,-0.105171,0.026937,-0.016946,0.078944,-0.000074,-0.098164,0.074519,0.012219,0.113199,0.123849
19.270000,9.098000,-0.483789,-0.104616,0.831288,-0.016856,0.078341,-0.000063,0.174936,0.075715,-0.378110,0.030412,-0.046998,0.000311,-0.452947,0.000000,0.808175,0.000000,0.000000,0.000000,0.266095,0.000000,-0.402934,0.000000,0.000000,0.000000,-0.030842,-0.104616,0.023113,-0.016856,0.078341,-0.000063,-0.091159,0.075715,0.024824,0.111490,0.121074
19.280000,9.108000,-0.481742,-0.103705,0.825560,-0.016745,0.077941,-0.000052,0.184595,0.078130,-0.371432,0.030794,-0.049485,0.000250,-0.447483,0.000000,0.800362,0.000000,0.000000,0.000000,0.280315,0.000000,-0.378202,0.000000,0.000000,0.000000,-0.034259,-0.103705,0.025198,-0.016745,0.077941,-0.000052,-0.095720,0.078130,0.006770,0.112086,0.123743
19.291000,9.119000,-0.479453,-0.102722,0.820181,-0.016621,0.077530,-0.000041,0.194961,0.080745,-0.361692,0.031985,-0.044874,0.000211,-0.447483,0.000000,0.800362,0.000000,0.000000,0.000000,0.280315,0.000000,-0.378202,0.000000,0.000000,0.000000,-0.031970,-0.102722,0.019819,-0.016621,0.077530,-0.000041,-0.085354,0.080745,0.016510,0.109392,0.118649
19.301000,9.129000,-0.477285,-0.101814,0.815416,-0.016471,0.077029,-0.000030,0.204460,0.082976,-0.350420,0.032210,-0.046779,0.000184,-0.441736,0.000000,0.793053,0.000000,0.000000,0.000000,0.294358,0.000000,-0.352514,0.000000,0.000000,0.000000,-0.035549,-0.101814,0.022363,-0.016471,0.077029,-0.000030,-0.089898,0.082976,0.002094,0.110136,0.122356
19.310000,9.138000,-0.475240,-0.100985,0.811912,-0.016148,0.076561,-0.000020,0.213536,0.084912,-0.330951,0.048479,-0.036830,0.000160,-0.441736,0.000000,0.793053,0.000000,0.000000,0.000000,0.294358,0.000000,-0.352514,0.000000,0.000000,0.000000,-0.033504,-0.100985,0.018859,-0.016148,0.076561,-0.000020,-0.080822,0.084912,0.021563,0.108056,0.119194
19.322000,9.150000,-0.473849,-0.100430,0.808674,-0.016052,0.075715,-0.000010,0.219548,0.085710,-0.314270,0.028833,-0.053717,0.000163,-0.435710,0.000000,0.786268,0.000000,0.000000,0.000000,0.308215,0.000000,-0.325936,0.000000,0.000000,0.000000,-0.038139,-0.100430,0.022406,-0.016052,0.075715,-0.000010,-0.088667,0.085710,0.011666,0.109740,0.123871
19.330000,9.158000,-0.471301,-0.099429,0.804376,-0.015799,0.075249,0.000001,0.229472,0.088065,-0.301185,0.039689,-0.056706,0.000140,-0.435710,0.000000,0.786268,0.000000,0.000000,0.000000,0.308215,0.000000,-0.325936,0.000000,0.000000,0.000000,-0.035591,-0.099429,0.018108,-0.015799,0.075249,0.000001,-0.078743,0.088065,0.024751,0.107148,0.120700
19.340000,9.168000,-0.469006,-0.098548,0.801364,-0.015733,0.074843,0.000010,0.238118,0.089889,-0.284703,0.029110,-0.049302,0.000103,-0.427791,0.000000,0.778546,0.000000,0.000000,0.000000,0.325261,0.000000,-0.291564,0.000000,0.000000,0.000000,-0.041215,-0.098548,0.022818,-0.015733,0.074843,0.000010,-0.087143,0.089889,0.006861,0.109229,0.125383
19.353000,9.181000,-0.467347,-0.097920,0.798284,-0.015510,0.074140,0.000018,0.244037,0.090713,-0.268901,0.032028,-0.042376,0.000022,-0.422836,0.000000,0.774331,0.000000,0.000000,0.000000,0.335336,0.000000,-0.270379,0.000000,0.000000,0.000000,-0.044511,-0.097920,0.023953,-0.015510,0.074140,0.000018,-0.091299,0.090713,0.001478,0.110197,0.128711
19.361000,9.189000,-0.464495,-0.096854,0.794522,-0.015454,0.073751,0.000025,0.254001,0.093066,-0.255567,0.027654,-0.043685,-0.000082,-0.422836,0.000000,0.774331,0.000000,0.000000,0.000000,0.335336,0.000000,-0.270379,0.000000,0.000000,0.000000,-0.041659,-0.096854,0.020191,-0.015454,0.073751,0.000025,-0.081335,0.093066,0.014812,0.107349,0.124483
19.372000,9.200000,-0.461777,-0.095855,0.791179,-0.015382,0.073290,0.000031,0.263099,0.095092,-0.241002,0.030114,-0.046708,-0.000110,-0.415996,0.000000,0.769211,0.000000,0.000000,0.000000,0.348583,0.000000,-0.241541,0.000000,0.000000,0.000000,-0.045781,-0.095855,0.021968,-0.015382,0.073290,0.000031,-0.085484,0.095092,0.000539,0.108474,0.127868
19.380000,9.208000,-0.459146,-0.094904,0.788769,-0.015080,0.072823,0.000037,0.271542,0.096861,-0.224120,0.050393,-0.045099,-0.000121,-0.415996,0.000000,0.769211,0.000000,0.000000,0.000000,0.348583,0.000000,-0.241541,0.000000,0.000000,0.000000,-0.043150,-0.094904,0.019558,-0.015080,0.072823,0.000037,-0.077041,0.096861,0.017421,0.106072,0.124983
19.390000,9.218000,-0.458095,-0.094535,0.787355,-0.015037,0.071819,0.000044,0.274132,0.096509,-0.201730,0.034374,-0.043838,-0.000065,-0.415996,0.000000,0.769211,0.000000,0.000000,0.000000,0.348583,0.000000,-0.241541,0.000000,0.000000,0.000000,-0.042099,-0.094535,0.018144,-0.015037,0.071819,0.000044,-0.074451,0.096509,0.039811,0.105064,0.128226
19.400000,9.228000,-0.455205,-0.093511,0.784325,-0.014968,0.071321,0.000052,0.283119,0.098508,-0.184690,0.036041,-0.044726,-0.000018,-0.408532,0.000000,0.764462,0.000000,0.000000,0.000000,0.362255,0.000000,-0.210605,0.000000,0.000000,0.000000,-0.046673,-0.093511,0.019863,-0.014968,0.071321,0.000052,-0.079136,0.098508,0.025915,0.106382,0.128988
19.411000,9.239000,-0.451741,-0.092298,0.781435,-0.014858,0.070991,0.000060,0.293750,0.101086,-0.168874,0.040255,-0.040413,0.000009,-0.408532,0.000000,0.764462,0.000000,0.000000,0.000000,0.362255,0.000000,-0.210605,0.000000,0.000000,0.000000,-0.043209,-0.092298,0.016973,-0.014858,0.070991,0.000060,-0.068505,0.101086,0.041731,0.103315,0.129046
19.420000,9.248000,-0.448804,-0.091287,0.779746,-0.014455,0.070587,0.000066,0.302070,0.102825,-0.149986,0.062347,-0.032042,0.000005,-0.400031,0.000000,0.760014,0.000000,0.000000,0.000000,0.376939,0.000000,-0.176053,0.000000,0.000000,0.000000,-0.048773,-0.091287,0.019732,-0.014455,0.070587,0.000066,-0.074869,0.102825,0.026067,0.105364,0.129838
19.430000,9.258000,-0.447297,-0.090774,0.778335,-0.014317,0.069611,0.000073,0.304598,0.102637,-0.134474,0.044910,-0.050592,0.000020,-0.400031,0.000000,0.760014,0.000000,0.000000,0.000000,0.376939,0.000000,-0.176053,0.000000,0.000000,0.000000,-0.047266,-0.090774,0.018321,-0.014317,0.069611,0.000073,-0.072341,0.102637,0.041579,0.103969,0.132274
19.440000,9.268000,-0.443945,-0.089635,0.775884,-0.014120,0.069236,0.000081,0.313581,0.104674,-0.122438,0.048353,-0.049746,0.000049,-0.393919,0.000000,0.757392,0.000000,0.000000,0.000000,0.386970,0.000000,-0.151663,0.000000,0.000000,0.000000,-0.050026,-0.089635,0.018492,-0.014120,0.069236,0.000081,-0.073389,0.104674,0.029225,0.104302,0.131136
19.450000,9.278000,-0.440810,-0.088588,0.774660,-0.013636,0.068738,0.000088,0.321651,0.106318,-0.104180,0.068548,-0.040901,0.000009,-0.393919,0.000000,0.757392,0.000000,0.000000,0.000000,0.386970,0.000000,-0.151663,0.000000,0.000000,0.000000,-0.046891,-0.088588,0.017268,-0.013636,0.068738,0.000088,-0.065319,0.106318,0.047483,0.101709,0.133509
19.461000,9.289000,-0.437678,-0.087543,0.772514,-0.013537,0.068167,0.000097,0.329326,0.107867,-0.089136,0.050327,-0.040136,0.000059,-0.386056,0.000000,0.754667,0.000000,0.000000,0.000000,0.399287,0.000000,-0.120836,0.000000,0.000000,0.000000,-0.051622,-0.087543,0.017847,-0.013537,0.068167,0.000097,-0.069961,0.107867,0.031700,0.103185,0.132419
19.473000,9.301000,-0.433683,-0.086229,0.770843,-0.013295,0.067877,0.000105,0.339436,0.110224,-0.078531,0.052285,-0.056339,0.000052,-0.377950,0.000000,0.752561,0.000000,0.000000,0.000000,0.411353,0.000000,-0.089703,0.000000,0.000000,0.000000,-0.055733,-0.086229,0.018282,-0.013295,0.067877,0.000105,-0.071917,0.110224,0.011172,0.104287,0.132084
19.483000,9.311000,-0.429965,-0.085018,0.769415,-0.013026,0.067459,0.000113,0.348314,0.112126,-0.064851,0.051981,-0.052653,0.000025,-0.377950,0.000000,0.752561,0.000000,0.000000,0.000000,0.411353,0.000000,-0.089703,0.000000,0.000000,0.000000,-0.052015,-0.085018,0.016854,-0.013026,0.067459,0.000113,-0.063039,0.112126,0.024852,0.101083,0.131011
19.490000,9.318000,-0.426482,-0.083897,0.768767,-0.012506,0.066933,0.000120,0.355995,0.113608,-0.049278,0.072539,-0.055387,-0.000041,-0.377950,0.000000,0.752561,0.000000,0.000000,0.000000,0.411353,0.000000,-0.089703,0.000000,0.000000,0.000000,-0.048532,-0.083897,0.016206,-0.012506,0.066933,0.000120,-0.055358,0.113608,0.040425,0.098268,0.132686
19.500000,9.328000,-0.425074,-0.083452,0.768062,-0.012246,0.065789,0.000128,0.355858,0.112571,-0.034310,0.051138,-0.056841,-0.000015,-0.369604,0.000000,0.751080,0.000000,0.000000,0.000000,0.423158,0.000000,-0.058344,0.000000,0.000000,0.000000,-0.055470,-0.083452,0.016982,-0.012246,0.065789,0.000128,-0.067300,0.112571,0.024034,0.101634,0.133338
19.512000,9.340000,-0.421285,-0.082251,0.766920,-0.012030,0.065220,0.000135,0.364059,0.114231,-0.022739,0.047941,-0.065604,-0.000079,-0.361025,0.000000,0.750228,0.000000,0.000000,0.000000,0.434696,0.000000,-0.026837,0.000000,0.000000,0.000000,-0.060260,-0.082251,0.016692,-0.012030,0.065220,0.000135,-0.070637,0.114231,0.004098,0.103320,0.134369
19.521000,9.349000,-0.416808,-0.080843,0.766127,-0.011861,0.064730,0.000143,0.374399,0.116548,-0.010498,0.046005,-0.074566,-0.000152,-0.361025,0.000000,0.750228,0.000000,0.000000,0.000000,0.434696,0.000000,-0.026837,0.000000,0.000000,0.000000,-0.055783,-0.080843,0.015899,-0.011861,0.064730,0.000143,-0.060297,0.116548,0.016339,0.099499,0.132235
19.530000,9.358000,-0.412659,-0.079550,0.765506,-0.011683,0.064055,0.000151,0.383275,0.118372,0.004529,0.045501,-0.075118,-0.000196,-0.361025,0.000000,0.750228,0.000000,0.000000,0.000000,0.434696,0.000000,-0.026837,0.000000,0.000000,0.000000,-0.051634,-0.079550,0.015278,-0.011683,0.064055,0.000151,-0.051421,0.118372,0.031366,0.096061,0.132815
19.540000,9.368000,-0.408704,-0.078329,0.765100,-0.011501,0.063260,0.000159,0.391042,0.119848,0.019754,0.043586,-0.078573,-0.000251,-0.352218,0.000000,0.750007,0.000000,0.000000,0.000000,0.445960,0.000000,0.004737,0.000000,0.000000,0.000000,-0.056486,-0.078329,0.015093,-0.011501,0.063260,0.000159,-0.054918,0.119848,0.015017,0.097744,0.132684
19.550000,9.378000,-0.404822,-0.077141,0.764881,-0.011326,0.062396,0.000166,0.398475,0.121185,0.039884,0.045429,-0.075612,-0.000280,-0.352218,0.000000,0.750007,0.000000,0.000000,0.000000,0.445960,0.000000,0.004737,0.000000,0.000000,0.000000,-0.052604,-0.077141,0.014874,-0.011326,0.062396,0.000166,-0.047485,0.121185,0.035147,0.094547,0.134818
19.560000,9.388000,-0.400837,-0.075929,0.765280,-0.010871,0.061640,0.000172,0.405939,0.122539,0.061244,0.071595,-0.067881,-0.000308,-0.343189,0.000000,0.750418,0.000000,0.000000,0.000000,0.456942,0.000000,0.036300,0.000000,0.000000,0.000000,-0.057648,-0.075929,0.014862,-0.010871,0.061640,0.000172,-0.051003,0.122539,0.024944,0.096485,0.135053
19.570000,9.398000,-0.398597,-0.075262,0.764987,-0.010831,0.060207,0.000179,0.406448,0.121821,0.075214,0.046505,-0.082973,-0.000294,-0.343189,0.000000,0.750418,0.000000,0.000000,0.000000,0.456942,0.000000,0.036300,0.000000,0.000000,0.000000,-0.055408,-0.075262,0.014569,-0.010831,0.060207,0.000179,-0.050494,0.121821,0.038914,0.094587,0.137493
19.582000,9.410000,-0.393904,-0.073855,0.765402,-0.010745,0.059558,0.000185,0.415630,0.123757,0.090830,0.045663,-0.081962,-0.000317,-0.332537,0.000000,0.751669,0.000000,0.000000,0.000000,0.469214,0.000000,0.072479,0.000000,0.000000,0.000000,-0.061367,-0.073855,0.013733,-0.010745,0.059558,0.000185,-0.053584,0.123757,0.018351,0.097000,0.136102
19.590000,9.418000,-0.389748,-0.072617,0.766311,-0.010288,0.058738,0.000191,0.422433,0.124984,0.106820,0.072120,-0.074934,-0.000335,-0.332537,0.000000,0.751669,0.000000,0.000000,0.000000,0.469214,0.000000,0.072479,0.000000,0.000000,0.000000,-0.057211,-0.072617,0.014642,-0.010288,0.058738,0.000191,-0.046781,0.124984,0.034341,0.093599,0.137800
19.600000,9.428000,-0.386846,-0.071763,0.766271,-0.010270,0.057503,0.000197,0.424381,0.124779,0.119597,0.045981,-0.075626,-0.000334,-0.324485,0.000000,0.753127,0.000000,0.000000,0.000000,0.478033,0.000000,0.099070,0.000000,0.000000,0.000000,-0.062361,-0.071763,0.013144,-0.010270,0.057503,0.000197,-0.053652,0.124779,0.020527,0.095977,0.137367
19.610000,9.438000,-0.381860,-0.070296,0.767238,-0.010149,0.056885,0.000202,0.433663,0.126759,0.135329,0.036996,-0.078998,-0.000367,-0.324485,0.000000,0.753127,0.000000,0.000000,0.000000,0.478033,0.000000,0.099070,0.000000,0.000000,0.000000,-0.057375,-0.070296,0.014111,-0.010149,0.056885,0.000202,-0.044370,0.126759,0.036259,0.091829,0.139109
19.620000,9.448000,-0.377523,-0.069028,0.768591,-0.009779,0.056095,0.000206,0.440184,0.127923,0.151737,0.053730,-0.076097,-0.000385,-0.314823,0.000000,0.755420,0.000000,0.000000,0.000000,0.488130,0.000000,0.130120,0.000000,0.000000,0.000000,-0.062700,-0.069028,0.013171,-0.009779,0.056095,0.000206,-0.047946,0.127923,0.021617,0.094179,0.138313
19.630000,9.458000,-0.375520,-0.068450,0.768857,-0.009650,0.054570,0.000210,0.437966,0.126548,0.164136,0.048845,-0.077967,-0.000430,-0.314823,0.000000,0.755420,0.000000,0.000000,0.000000,0.488130,0.000000,0.130120,0.000000,0.000000,0.000000,-0.060697,-0.068450,0.013437,-0.009650,0.054570,0.000210,-0.050164,0.126548,0.034016,0.092467,0.140314
19.641000,9.469000,-0.370734,-0.067066,0.769977,-0.009661,0.053869,0.000213,0.445718,0.128117,0.178804,0.035931,-0.072593,-0.000518,-0.304962,0.000000,0.758330,0.000000,0.000000,0.000000,0.497917,0.000000,0.160841,0.000000,0.000000,0.000000,-0.065772,-0.067066,0.011647,-0.009661,0.053869,0.000213,-0.052199,0.128117,0.017963,0.094654,0.139504
19.652000,9.480000,-0.365213,-0.065476,0.771750,-0.009676,0.053347,0.000216,0.455755,0.130357,0.194952,0.035955,-0.071306,-0.000577,-0.294908,0.000000,0.761851,0.000000,0.000000,0.000000,0.507391,0.000000,0.191155,0.000000,0.000000,0.000000,-0.070305,-0.065476,0.009899,-0.009676,0.053347,0.000216,-0.051636,0.130357,0.003797,0.096581,0.140263
19.660000,9.488000,-0.360138,-0.064023,0.773494,-0.009661,0.052692,0.000218,0.463736,0.132019,0.210542,0.035405,-0.068400,-0.000580,-0.294908,0.000000,0.761851,0.000000,0.000000,0.000000,0.507391,0.000000,0.191155,0.000000,0.000000,0.000000,-0.065230,-0.064023,0.011643,-0.009661,0.052692,0.000218,-0.043655,0.132019,0.019387,0.092138,0.140395
19.671000,9.499000,-0.355340,-0.062657,0.775290,-0.009626,0.051978,0.000220,0.470093,0.133257,0.221164,0.043832,-0.077355,-0.000535,-0.294908,0.000000,0.761851,0.000000,0.000000,0.000000,0.507391,0.000000,0.191155,0.000000,0.000000,0.000000,-0.060432,-0.062657,0.013439,-0.009626,0.051978,0.000220,-0.037298,0.133257,0.030009,0.088083,0.141595
19.686000,9.514000,-0.350668,-0.061333,0.777140,-0.009569,0.051234,0.000221,0.476012,0.134352,0.237944,0.046560,-0.069348,-0.000505,-0.284668,0.000000,0.765973,0.000000,0.000000,0.000000,0.516543,0.000000,0.220987,0.000000,0.000000,0.000000,-0.066000,-0.061333,0.011167,-0.009569,0.051234,0.000221,-0.040531,0.134352,0.016957,0.090788,0.141353
19.698000,9.526000,-0.346031,-0.060025,0.779147,-0.009474,0.050460,0.000224,0.481499,0.135342,0.254698,0.049597,-0.069132,-0.000463,-0.274249,0.000000,0.770686,0.000000,0.000000,0.000000,0.525370,0.000000,0.250260,0.000000,0.000000,0.000000,-0.071782,-0.060025,0.008461,-0.009474,0.050460,0.000224,-0.043871,0.135342,0.004438,0.093953,0.142344
19.702000,9.530000,-0.341389,-0.058721,0.781299,-0.009319,0.049664,0.000227,0.486720,0.136271,0.271390,0.054906,-0.069866,-0.000407,-0.274249,0.000000,0.770686,0.000000,0.000000,0.000000,0.525370,0.000000,0.250260,0.000000,0.000000,0.000000,-0.067140,-0.058721,0.010613,-0.009319,0.049664,0.000227,-0.038650,0.136271,0.021130,0.089825,0.143213
19.711000,9.539000,-0.336720,-0.057415,0.783597,-0.009099,0.048854,0.000230,0.491761,0.137156,0.288057,0.058297,-0.071548,-0.000375,-0.274249,0.000000,0.770686,0.000000,0.000000,0.000000,0.525370,0.000000,0.250260,0.000000,0.000000,0.000000,-0.062471,-0.057415,0.012911,-0.009099,0.048854,0.000230,-0.033609,0.137156,0.037797,0.085824,0.146185
19.720000,9.548000,-0.331802,-0.056043,0.786477,-0.008516,0.048139,0.000233,0.497432,0.138213,0.305951,0.093133,-0.068407,-0.000364,-0.263122,0.000000,0.776259,0.000000,0.000000,0.000000,0.534281,0.000000,0.280315,0.000000,0.000000,0.000000,-0.068680,-0.056043,0.010218,-0.008516,0.048139,0.000233,-0.036849,0.138213,0.025636,0.089231,0.145320
19.732000,9.560000,-0.329195,-0.055322,0.787576,-0.008403,0.046682,0.000237,0.494371,0.136856,0.314630,0.061716,-0.075919,-0.000344,-0.263122,0.000000,0.776259,0.000000,0.000000,0.000000,0.534281,0.000000,0.280315,0.000000,0.000000,0.000000,-0.066073,-0.055322,0.011317,-0.008403,0.046682,0.000237,-0.039910,0.136856,0.034315,0.086915,0.146628
19.743000,9.571000,-0.323490,-0.053742,0.790826,-0.008115,0.046108,0.000241,0.502401,0.138580,0.329306,0.068661,-0.078607,-0.000300,-0.252896,0.000000,0.781838,0.000000,0.000000,0.000000,0.542022,0.000000,0.306838,0.000000,0.000000,0.000000,-0.070594,-0.053742,0.008988,-0.008115,0.046108,0.000241,-0.039621,0.138580,0.022468,0.089177,0.145873
19.753000,9.581000,-0.318148,-0.052268,0.793951,-0.007767,0.045379,0.000246,0.508765,0.139824,0.343444,0.068519,-0.073333,-0.000283,-0.252896,0.000000,0.781838,0.000000,0.000000,0.000000,0.542022,0.000000,0.306838,0.000000,0.000000,0.000000,-0.065252,-0.052268,0.012113,-0.007767,0.045379,0.000246,-0.033257,0.139824,0.036606,0.084478,0.148313
19.761000,9.589000,-0.313012,-0.050856,0.797075,-0.007386,0.044564,0.000250,0.514066,0.140755,0.357166,0.069630,-0.073670,-0.000225,-0.241977,0.000000,0.788247,0.000000,0.000000,0.000000,0.549837,0.000000,0.333999,0.000000,0.000000,0.000000,-0.071035,-0.050856,0.008828,-0.007386,0.044564,0.000250,-0.035771,0.140755,0.023167,0.087808,0.147065
19.770000,9.598000,-0.307871,-0.049449,0.800647,-0.006690,0.043827,0.000254,0.519094,0.141589,0.371804,0.098141,-0.064946,-0.000261,-0.241977,0.000000,0.788247,0.000000,0.000000,0.000000,0.549837,0.000000,0.333999,0.000000,0.000000,0.000000,-0.065894,-0.049449,0.012400,-0.006690,0.043827,0.000254,-0.030743,0.141589,0.037805,0.083313,0.149739
19.782000,9.610000,-0.304956,-0.048658,0.802216,-0.006473,0.042321,0.000259,0.515755,0.140137,0.376974,0.066046,-0.080103,-0.000180,-0.230348,0.000000,0.795553,0.000000,0.000000,0.000000,0.557669,0.000000,0.361609,0.000000,0.000000,0.000000,-0.074608,-0.048658,0.006663,-0.006473,0.042321,0.000259,-0.041914,0.140137,0.015365,0.089322,0.147076
19.791000,9.619000,-0.298970,-0.047030,0.806248,-0.006201,0.041764,0.000263,0.523496,0.141688,0.390795,0.049607,-0.080241,-0.000215,-0.230348,0.000000,0.795553,0.000000,0.000000,0.000000,0.557669,0.000000,0.361609,0.000000,0.000000,0.000000,-0.068622,-0.047030,0.010695,-0.006201,0.041764,0.000263,-0.034173,0.141688,0.029186,0.083876,0.148644
19.800000,9.628000,-0.293735,-0.045614,0.810156,-0.005705,0.040961,0.000266,0.528141,0.142379,0.403850,0.062999,-0.079956,-0.000285,-0.219123,0.000000,0.803040,0.000000,0.000000,0.000000,0.564767,0.000000,0.386970,0.000000,0.000000,0.000000,-0.074612,-0.045614,0.007116,-0.005705,0.040961,0.000266,-0.036626,0.142379,0.016880,0.087740,0.147980
19.813000,9.641000,-0.290078,-0.044631,0.812404,-0.005658,0.039691,0.000267,0.527118,0.141515,0.416620,0.053051,-0.069339,-0.000468,-0.219123,0.000000,0.803040,0.000000,0.000000,0.000000,0.564767,0.000000,0.386970,0.000000,0.000000,0.000000,-0.070955,-0.044631,0.009364,-0.005658,0.039691,0.000267,-0.037649,0.141515,0.029650,0.084346,0.149409
19.820000,9.648000,-0.284807,-0.043216,0.816570,-0.005128,0.038998,0.000266,0.531728,0.142173,0.434598,0.087041,-0.055020,-0.000557,-0.208331,0.000000,0.810614,0.000000,0.000000,0.000000,0.571180,0.000000,0.410158,0.000000,0.000000,0.000000,-0.076476,-0.043216,0.005956,-0.005128,0.038998,0.000266,-0.039452,0.142173,0.024440,0.088044,0.149556
19.833000,9.661000,-0.281601,-0.042361,0.818869,-0.005410,0.037492,0.000263,0.528509,0.140778,0.442159,0.034559,-0.070253,-0.000766,-0.208331,0.000000,0.810614,0.000000,0.000000,0.000000,0.571180,0.000000,0.410158,0.000000,0.000000,0.000000,-0.073270,-0.042361,0.008255,-0.005410,0.037492,0.000263,-0.042671,0.140778,0.032001,0.085036,0.150543
19.840000,9.668000,-0.275506,-0.040735,0.823368,-0.005538,0.037058,0.000258,0.535744,0.142226,0.455903,0.030382,-0.062917,-0.000943,-0.196843,0.000000,0.819053,0.000000,0.000000,0.000000,0.577579,0.000000,0.433555,0.000000,0.000000,0.000000,-0.078663,-0.040735,0.004315,-0.005538,0.037058,0.000258,-0.041835,0.142226,0.022348,0.088689,0.149926
19.851000,9.679000,-0.268782,-0.038948,0.828705,-0.005720,0.036791,0.000252,0.544872,0.144198,0.470993,0.035280,-0.051329,-0.000950,-0.196843,0.000000,0.819053,0.000000,0.000000,0.000000,0.577579,0.000000,0.433555,0.000000,0.000000,0.000000,-0.071939,-0.038948,0.009652,-0.005720,0.036791,0.000252,-0.032707,0.144198,0.037438,0.082373,0.152527
19.860000,9.688000,-0.263333,-0.037506,0.833415,-0.005368,0.036278,0.000245,0.548954,0.144834,0.483797,0.074051,-0.035293,-0.000906,-0.185230,0.000000,0.827949,0.000000,0.000000,0.000000,0.583613,0.000000,0.455857,0.000000,0.000000,0.000000,-0.078103,-0.037506,0.005466,-0.005368,0.036278,0.000245,-0.034659,0.144834,0.027940,0.086814,0.151522
19.870000,9.698000,-0.260516,-0.036763,0.835552,-0.005638,0.034826,0.000238,0.543231,0.142932,0.484711,0.023999,-0.065339,-0.000955,-0.185230,0.000000,0.827949,0.000000,0.000000,0.000000,0.583613,0.000000,0.455857,0.000000,0.000000,0.000000,-0.075286,-0.036763,0.007603,-0.005638,0.034826,0.000238,-0.040382,0.142932,0.028854,0.084127,0.151304
19.882000,9.710000,-0.254407,-0.035152,0.840465,-0.005777,0.034609,0.000229,0.549533,0.144245,0.493681,0.023986,-0.056561,-0.001020,-0.173501,0.000000,0.837280,0.000000,0.000000,0.000000,0.589278,0.000000,0.477007,0.000000,0.000000,0.000000,-0.080906,-0.035152,0.003185,-0.005777,0.034609,0.000229,-0.039745,0.144245,0.016674,0.088270,0.150547
19.890000,9.718000,-0.247543,-0.033348,0.846320,-0.005917,0.034555,0.000220,0.558382,0.146226,0.508463,0.046220,-0.033757,-0.001133,-0.173501,0.000000,0.837280,0.000000,0.000000,0.000000,0.589278,0.000000,0.477007,0.000000,0.000000,0.000000,-0.074042,-0.033348,0.009040,-0.005917,0.034555,0.000220,-0.030896,0.146226,0.031456,0.081707,0.152729
19.900000,9.728000,-0.241959,-0.031886,0.851405,-0.005455,0.034217,0.000211,0.562191,0.146878,0.520545,0.093489,-0.020019,-0.001027,-0.161661,0.000000,0.847022,0.000000,0.000000,0.000000,0.594571,0.000000,0.496953,0.000000,0.000000,0.000000,-0.080298,-0.031886,0.004383,-0.005455,0.034217,0.000211,-0.032380,0.146878,0.023592,0.086508,0.152244
19.911000,9.739000,-0.237614,-0.030747,0.854993,-0.005789,0.033413,0.000197,0.561409,0.146376,0.526687,0.050044,-0.044267,-0.001227,-0.161661,0.000000,0.847022,0.000000,0.000000,0.000000,0.594571,0.000000,0.496953,0.000000,0.000000,0.000000,-0.075953,-0.030747,0.007971,-0.005789,0.033413,0.000197,-0.033162,0.146376,0.029734,0.082327,0.153002
19.921000,9.749000,-0.230921,-0.029000,0.861022,-0.005687,0.033359,0.000186,0.569021,0.148056,0.539775,0.063212,-0.043849,-0.001176,-0.149720,0.000000,0.857150,0.000000,0.000000,0.000000,0.599488,0.000000,0.515643,0.000000,0.000000,0.000000,-0.081201,-0.029000,0.003872,-0.005687,0.033359,0.000186,-0.030467,0.148056,0.024132,0.086311,0.153072
19.930000,9.758000,-0.224749,-0.027392,0.866655,-0.005463,0.033097,0.000176,0.574437,0.149153,0.551026,0.070595,-0.041819,-0.001011,-0.149720,0.000000,0.857150,0.000000,0.000000,0.000000,0.599488,0.000000,0.515643,0.000000,0.000000,0.000000,-0.075029,-0.027392,0.009505,-0.005463,0.033097,0.000176,-0.025051,0.149153,0.035383,0.080436,0.155326
19.940000,9.768000,-0.219005,-0.025900,0.872166,-0.004757,0.032679,0.000168,0.578035,0.149747,0.561588,0.111470,-0.041443,-0.000806,-0.135871,0.000000,0.869241,0.000000,0.000000,0.000000,0.604675,0.000000,0.535523,0.000000,0.000000,0.000000,-0.083134,-0.025900,0.002925,-0.004757,0.032679,0.000168,-0.026640,0.149747,0.026065,0.087124,0.154315
19.950000,9.778000,-0.216808,-0.025332,0.874168,-0.004520,0.031186,0.000161,0.568672,0.146978,0.559945,0.074061,-0.055130,-0.000790,-0.135871,0.000000,0.869241,0.000000,0.000000,0.000000,0.604675,0.000000,0.535523,0.000000,0.000000,0.000000,-0.080937,-0.025332,0.004927,-0.004520,0.031186,0.000161,-0.036003,0.146978,0.024422,0.084952,0.153281
19.960000,9.788000,-0.212371,-0.024184,0.878362,-0.003706,0.030331,0.000156,0.567586,0.146330,0.564716,0.108485,-0.062525,-0.000623,-0.124345,0.000000,0.879562,0.000000,0.000000,0.000000,0.608579,0.000000,0.550600,0.000000,0.000000,0.000000,-0.088026,-0.024184,-0.001200,-0.003706,0.030331,0.000156,-0.040993,0.146330,0.014116,0.091296,0.152618
19.970000,9.798000,-0.207303,-0.022875,0.883205,-0.003516,0.029676,0.000150,0.568768,0.146239,0.572588,0.078221,-0.050819,-0.000621,-0.124345,0.000000,0.879562,0.000000,0.000000,0.000000,0.608579,0.000000,0.550600,0.000000,0.000000,0.000000,-0.082958,-0.022875,0.003643,-0.003516,0.029676,0.000150,-0.039811,0.146239,0.021988,0.086131,0.153148
19.980000,9.808000,-0.201952,-0.021497,0.888383,-0.003035,0.028982,0.000147,0.570859,0.146350,0.581205,0.080385,-0.057698,-0.000487,-0.113360,0.000000,0.889592,0.000000,0.000000,0.000000,0.611957,0.000000,0.563725,0.000000,0.000000,0.000000,-0.088592,-0.021497,-0.001209,-0.003035,0.028982,0.000147,-0.041098,0.146350,0.017480,0.091171,0.153013
19.994000,9.822000,-0.194525,-0.019590,0.895547,-0.002729,0.028836,0.000147,0.580381,0.148335,0.595210,0.073555,-0.063049,-0.000184,-0.101086,0.000000,0.901001,0.000000,0.000000,0.000000,0.615344,0.000000,0.576955,0.000000,0.000000,0.000000,-0.093439,-0.019590,-0.005454,-0.002729,0.028836,0.000147,-0.034963,0.148335,0.018255,0.095626,0.153489
20.000000,9.828000,-0.188722,-0.018106,0.901499,-0.001994,0.028205,0.000147,0.583501,0.148631,0.605258,0.098574,-0.055115,-0.000099,-0.101086,0.000000,0.901001,0.000000,0.000000,0.000000,0.615344,0.000000,0.576955,0.000000,0.000000,0.000000,-0.087636,-0.018106,0.000498,-0.001994,0.028205,0.000147,-0.031843,0.148631,0.028303,0.089488,0.154616
20.010000,9.838000,-0.182521,-0.016525,0.907518,-0.001969,0.027559,0.000153,0.587922,0.149256,0.612884,0.067078,-0.066643,0.000185,-0.101086,0.000000,0.901001,0.000000,0.000000,0.000000,0.615344,0.000000,0.576955,0.000000,0.000000,0.000000,-0.081435,-0.016525,0.006517,-0.001969,0.027559,0.000153,-0.027422,0.149256,0.035929,0.083350,0.155949
20.021000,9.849000,-0.175253,-0.014680,0.914878,-0.001788,0.027259,0.000160,0.595937,0.150764,0.624232,0.059239,-0.065411,0.000402,-0.088748,0.000000,0.912661,0.000000,0.000000,0.000000,0.618342,0.000000,0.588728,0.000000,0.000000,0.000000,-0.086505,-0.014680,0.002217,-0.001788,0.027259,0.000160,-0.022405,0.150764,0.035504,0.087770,0.156500
20.030000,9.858000,-0.169293,-0.013172,0.921121,-0.001196,0.026605,0.000165,0.598853,0.150955,0.633081,0.089945,-0.058101,0.000278,-0.088748,0.000000,0.912661,0.000000,0.000000,0.000000,0.618342,0.000000,0.588728,0.000000,0.000000,0.000000,-0.080545,-0.013172,0.008460,-0.001196,0.026605,0.000165,-0.019489,0.150955,0.044353,0.082052,0.158538
20.040000,9.868000,-0.166345,-0.012434,0.924105,-0.001117,0.025009,0.000173,0.590784,0.148365,0.632197,0.055194,-0.062957,0.000381,-0.076355,0.000000,0.924541,0.000000,0.000000,0.000000,0.620949,0.000000,0.599013,0.000000,0.000000,0.000000,-0.089990,-0.012434,-0.000436,-0.001117,0.025009,0.000173,-0.030165,0.148365,0.033184,0.090846,0.154994
20.050000,9.878000,-0.161529,-0.011226,0.929108,-0.000912,0.024054,0.000179,0.589482,0.147516,0.632414,0.040423,-0.072422,0.000322,-0.076355,0.000000,0.924541,0.000000,0.000000,0.000000,0.620949,0.000000,0.599013,0.000000,0.000000,0.000000,-0.085174,-0.011226,0.004567,-0.000912,0.024054,0.000179,-0.031467,0.147516,0.033401,0.086032,0.154489
20.060000,9.888000,-0.154289,-0.009415,0.936556,-0.000940,0.023838,0.000184,0.596957,0.148884,0.639755,0.033911,-0.072288,0.000250,-0.063913,0.000000,0.936611,0.000000,0.000000,0.000000,0.623164,0.000000,0.607786,0.000000,0.000000,0.000000,-0.090376,-0.009415,-0.000055,-0.000940,0.023838,0.000184,-0.026207,0.148884,0.031969,0.090865,0.154516
20.070000,9.898000,-0.146696,-0.007521,0.944509,-0.001051,0.023624,0.000189,0.605356,0.150484,0.648396,0.025972,-0.074098,0.000158,-0.063913,0.000000,0.936611,0.000000,0.000000,0.000000,0.623164,0.000000,0.607786,0.000000,0.000000,0.000000,-0.082783,-0.007521,0.007898,-0.001051,0.023624,0.000189,-0.017808,0.150484,0.040610,0.083498,0.156881
20.080000,9.908000,-0.140643,-0.006017,0.950993,-0.001129,0.022880,0.000192,0.607694,0.150592,0.649241,0.040034,-0.071043,0.000043,-0.051431,0.000000,0.948842,0.000000,0.000000,0.000000,0.624986,0.000000,0.615023,0.000000,0.000000,0.000000,-0.089212,-0.006017,0.002151,-0.001129,0.022880,0.000192,-0.017292,0.150592,0.034218,0.089441,0.155396
20.090000,9.918000,-0.137464,-0.005233,0.954260,-0.001114,0.021301,0.000194,0.599615,0.148131,0.642933,0.038237,-0.076971,-0.000054,-0.051431,0.000000,0.948842,0.000000,0.000000,0.000000,0.624986,0.000000,0.615023,0.000000,0.000000,0.000000,-0.086033,-0.005233,0.005418,-0.001114,0.021301,0.000194,-0.025371,0.148131,0.027910,0.086362,0.152858
20.100000,9.928000,-0.132517,-0.004012,0.959454,-0.001267,0.020216,0.000195,0.598066,0.147341,0.642421,0.035078,-0.081262,-0.000178,-0.038916,0.000000,0.961202,0.000000,0.000000,0.000000,0.626412,0.000000,0.620706,0.000000,0.000000,0.000000,-0.093601,-0.004012,-0.001748,-0.001267,0.020216,0.000195,-0.028346,0.147341,0.021715,0.093703,0.151606
20.111000,9.939000,-0.125138,-0.002193,0.967174,-0.001559,0.019810,0.000194,0.605340,0.148797,0.650616,0.033298,-0.077504,-0.000325,-0.038916,0.000000,0.961202,0.000000,0.000000,0.000000,0.626412,0.000000,0.620706,0.000000,0.000000,0.000000,-0.086222,-0.002193,0.005972,-0.001559,0.019810,0.000194,-0.021072,0.148797,0.029910,0.086456,0.153229
20.120000,9.948000,-0.119085,-0.000705,0.973680,-0.001227,0.019035,0.000192,0.607371,0.148957,0.655027,0.077869,-0.067241,-0.000418,-0.025750,0.000000,0.974285,0.000000,0.000000,0.000000,0.627485,0.000000,0.624986,0.000000,0.000000,0.000000,-0.093335,-0.000705,-0.000605,-0.001227,0.019035,0.000192,-0.020114,0.148957,0.030041,0.093340,0.153282
20.132000,9.960000,-0.112803,0.000838,0.980257,-0.001632,0.018213,0.000190,0.610162,0.149375,0.658367,0.053693,-0.076918,-0.000442,-0.025750,0.000000,0.974285,0.000000,0.000000,0.000000,0.627485,0.000000,0.624986,0.000000,0.000000,0.000000,-0.087053,0.000838,0.005972,-0.001632,0.018213,0.000190,-0.017323,0.149375,0.033381,0.087262,0.154037
20.140000,9.968000,-0.106701,0.002332,0.986841,-0.001095,0.017444,0.000187,0.612008,0.149540,0.661630,0.103373,-0.068594,-0.000461,-0.013821,0.000000,0.986184,0.000000,0.000000,0.000000,0.628078,0.000000,0.627358,0.000000,0.000000,0.000000,-0.092880,0.002332,0.000657,-0.001095,0.017444,0.000187,-0.016070,0.149540,0.034272,0.092912,0.154256
20.150000,9.978000,-0.102626,0.003329,0.991158,-0.001217,0.016041,0.000184,0.606436,0.147928,0.656798,0.040931,-0.076808,-0.000457,-0.013821,0.000000,0.986184,0.000000,0.000000,0.000000,0.628078,0.000000,0.627358,0.000000,0.000000,0.000000,-0.088805,0.003329,0.004974,-0.001217,0.016041,0.000184,-0.021642,0.147928,0.029440,0.089006,0.152374
20.160000,9.988000,-0.097367,0.004614,0.996756,-0.000906,0.015090,0.000180,0.605220,0.147381,0.655836,0.049256,-0.074013,-0.000460,-0.001257,0.000000,0.998743,0.000000,0.000000,0.000000,0.628317,0.000000,0.628311,0.000000,0.000000,0.000000,-0.096110,0.004614,-0.001987,-0.000906,0.015090,0.000180,-0.023097,0.147381,0.027525,0.096241,0.151698
20.172000,10.000000,-0.089758,0.006472,1.004807,-0.000708,0.014863,0.000176,0.612515,0.148908,0.662071,0.055040,-0.071816,-0.000560,-0.001257,0.000000,0.998743,0.000000,0.000000,0.000000,0.628317,0.000000,0.628311,0.000000,0.000000,0.000000,-0.088501,0.006472,0.006064,-0.000708,0.014863,0.000176,-0.015802,0.148908,0.033760,0.088944,0.153503
20.181000,10.009000,-0.081936,0.008376,1.013151,-0.000554,0.014631,0.000169,0.620245,0.150512,0.669552,0.073079,-0.061531,-0.000761,0.000000,0.000000,1.000000,0.000000,0.000000,0.000000,0.000000,0.000000,0.000000,0.000000,0.000000,0.000000,-0.081936,0.008376,0.013151,-0.000554,0.014631,0.000169,0.620245,0.150512,0.669552,0.083406,0.925018
