t,t_rel,thrust,tau_phi,tau_theta,tau_psi,w0,w1,w2,w3,ud_T,ud_phi,ud_theta,ud_psi,ui_T,ui_phi,ui_theta,ui_psi,ut_T,ut_phi,ut_theta,ut_psi,torque_scale,cost_state,cost_input,solve_ok,int_err_x,int_err_y,int_err_z
7.167000,0.017000,14.777740,-0.024995,0.384850,-0.004439,592.566696,719.396009,583.140486,721.081849,-1.814803,0.549249,-0.222614,-0.004439,1.877543,-0.574244,0.607464,0.000000,14.777740,-0.024995,0.384850,-0.004439,1.000000,0.296202,0.068060,1.000000,0.303275,0.287605,0.625848
7.183000,0.033000,14.792299,-0.059627,0.601104,-0.006833,555.740376,750.336155,534.692289,756.725377,-1.797353,0.515420,-0.009609,-0.006833,1.874652,-0.575047,0.610714,0.000000,14.792299,-0.059627,0.601104,-0.006833,1.000000,0.280895,0.058884,1.000000,0.304895,0.288014,0.624884
7.203000,0.053000,14.791509,-0.035959,0.558170,-0.008062,561.922474,746.489140,546.129195,747.682014,-1.795236,0.539825,-0.055772,-0.008062,1.871745,-0.575784,0.613942,0.000000,14.791509,-0.035959,0.558170,-0.008062,1.000000,0.280236,0.061687,1.000000,0.306499,0.288394,0.623915
7.221000,0.071000,14.785179,-0.031432,0.534070,-0.009239,566.488547,743.552929,550.978524,743.095114,-1.798641,0.545040,-0.083064,-0.009239,1.868820,-0.576472,0.617134,0.000000,14.785179,-0.031432,0.534070,-0.009239,1.000000,0.279237,0.062756,1.000000,0.308090,0.288746,0.622940
7.242000,0.092000,14.791176,-0.033798,0.516622,-0.009884,570.647683,741.027132,554.119926,740.567757,-1.789709,0.543327,-0.103686,-0.009884,1.865885,-0.577125,0.620308,0.000000,14.791176,-0.033798,0.516622,-0.009884,1.000000,0.275809,0.062636,1.000000,0.309671,0.289081,0.621962
7.265000,0.115000,14.790514,-0.029197,0.470317,-0.010180,579.251899,734.491019,563.870187,732.947882,-1.787422,0.548540,-0.153140,-0.010180,1.862936,-0.577736,0.623457,0.000000,14.790514,-0.029197,0.470317,-0.010180,1.000000,0.275603,0.064394,1.000000,0.311240,0.289394,0.620979
7.284000,0.134000,14.781397,-0.021116,0.415844,-0.009685,588.357702,726.518196,575.580014,723.753879,-1.793570,0.557170,-0.210732,-0.009685,1.859967,-0.578286,0.626577,0.000000,14.781397,-0.021116,0.415844,-0.009685,1.000000,0.278074,0.067663,1.000000,0.312795,0.289677,0.619989
7.305000,0.155000,14.784385,-0.029870,0.416088,-0.009352,589.289317,725.659568,574.682886,724.810963,-1.787602,0.548945,-0.213579,-0.009352,1.856987,-0.578815,0.629667,0.000000,14.784385,-0.029870,0.416088,-0.009352,1.000000,0.273090,0.066660,1.000000,0.314343,0.289940,0.618996
7.326000,0.176000,14.790254,-0.029121,0.412063,-0.007985,589.576403,724.744279,576.260580,724.714220,-1.778744,0.550167,-0.220675,-0.007985,1.853997,-0.579288,0.632738,0.000000,14.790254,-0.029121,0.412063,-0.007985,1.000000,0.269382,0.066784,1.000000,0.315877,0.290180,0.617999
7.343000,0.193000,14.798733,-0.037109,0.433208,-0.007276,586.408273,727.175774,571.650594,729.170631,-1.767268,0.542634,-0.202566,-0.007276,1.851001,-0.579743,0.635774,0.000000,14.798733,-0.037109,0.433208,-0.007276,1.000000,0.262537,0.064786,1.000000,0.317402,0.290403,0.617000
7.362000,0.212000,14.795036,-0.032922,0.451572,-0.006155,581.835395,729.944202,568.900892,731.916559,-1.767955,0.547213,-0.187218,-0.006155,1.847991,-0.580135,0.638790,0.000000,14.795036,-0.032922,0.451572,-0.006155,1.000000,0.258682,0.064710,1.000000,0.318914,0.290597,0.615997
7.382000,0.232000,14.777212,-0.010856,0.305656,-0.004194,605.683534,708.197567,599.946108,707.307778,-1.782748,0.569618,-0.336115,-0.004194,1.844959,-0.580474,0.641771,0.000000,14.777212,-0.010856,0.305656,-0.004194,1.000000,0.272601,0.075527,1.000000,0.320416,0.290756,0.614986
7.405000,0.255000,14.810396,-0.047488,0.546461,-0.006949,565.714020,743.633502,548.046012,747.743414,-1.746544,0.533288,-0.098299,-0.006949,1.841940,-0.580776,0.644760,0.000000,14.810396,-0.047488,0.546461,-0.006949,1.000000,0.245510,0.059915,1.000000,0.321908,0.290911,0.613980
7.421000,0.271000,14.823525,-0.042837,0.510725,-0.006669,572.431175,738.810047,556.376831,742.267228,-1.730396,0.538222,-0.136999,-0.006669,1.838920,-0.581059,0.647725,0.000000,14.823525,-0.042837,0.510725,-0.006669,1.000000,0.243089,0.060792,1.000000,0.323392,0.291052,0.612973
7.443000,0.293000,14.824549,-0.051677,0.575349,-0.008061,561.290472,748.256358,541.451905,752.362089,-1.726348,0.529611,-0.075338,-0.008061,1.835897,-0.581288,0.650688,0.000000,14.824549,-0.051677,0.575349,-0.008061,1.000000,0.236814,0.058426,1.000000,0.324868,0.291176,0.611966
7.463000,0.313000,14.815169,-0.020137,0.368486,-0.006728,596.906584,718.880656,586.892090,718.002068,-1.732696,0.561340,-0.285133,-0.006728,1.832865,-0.581478,0.653620,0.000000,14.815169,-0.020137,0.368486,-0.006728,1.000000,0.251945,0.069667,1.000000,0.326333,0.291274,0.610955
7.487000,0.337000,14.812442,-0.041786,0.579528,-0.010368,559.862778,750.352721,540.538977,751.052040,-1.732386,0.539833,-0.077041,-0.010368,1.829827,-0.581619,0.656570,0.000000,14.812442,-0.041786,0.579528,-0.010368,1.000000,0.232312,0.059758,1.000000,0.327797,0.291360,0.609942
7.503000,0.353000,14.790810,-0.010369,0.382754,-0.008264,593.066807,722.102100,584.095570,718.247383,-1.750960,0.571337,-0.276719,-0.008264,1.826769,-0.581706,0.659473,0.000000,14.790810,-0.010369,0.382754,-0.008264,1.000000,0.249946,0.070965,1.000000,0.329246,0.291408,0.608923
7.525000,0.375000,14.815021,-0.050160,0.599603,-0.010834,557.125172,752.789763,535.125497,754.717559,-1.723702,0.531625,-0.062794,-0.010834,1.823722,-0.581785,0.662397,0.000000,14.815021,-0.050160,0.599603,-0.010834,1.000000,0.225762,0.058380,1.000000,0.330695,0.291465,0.607907
7.542000,0.392000,14.814884,-0.035589,0.530165,-0.010458,569.035386,743.575770,551.524762,743.059215,-1.720785,0.546255,-0.135139,-0.010458,1.820669,-0.581844,0.665304,0.000000,14.814884,-0.035589,0.530165,-0.010458,1.000000,0.228705,0.061288,1.000000,0.332139,0.291507,0.606890
7.562000,0.412000,14.810760,-0.039965,0.546660,-0.010555,566.237204,745.610677,547.443137,745.846226,-1.721848,0.541911,-0.121539,-0.010555,1.817609,-0.581875,0.668198,0.000000,14.810760,-0.039965,0.546660,-0.010555,1.000000,0.225788,0.060503,1.000000,0.333577,0.291537,0.605870
7.581000,0.431000,14.779189,-0.003212,0.319023,-0.007463,603.619636,712.279789,597.103799,707.541597,-1.750333,0.578658,-0.352029,-0.007463,1.814522,-0.581870,0.671052,0.000000,14.779189,-0.003212,0.319023,-0.007463,1.000000,0.254548,0.076519,1.000000,0.335008,0.291531,0.604841
7.604000,0.454000,14.797274,-0.037835,0.541086,-0.010493,566.708406,744.682344,548.524311,744.562756,-1.729166,0.544014,-0.132837,-0.010493,1.811440,-0.581849,0.673923,0.000000,14.797274,-0.037835,0.541086,-0.010493,1.000000,0.223917,0.061271,1.000000,0.336437,0.291531,0.603813
7.622000,0.472000,14.787658,-0.015611,0.356652,-0.007581,598.264781,717.208811,588.671676,714.838718,-1.735684,0.566199,-0.320108,-0.007581,1.808342,-0.581810,0.676760,0.000000,14.787658,-0.015611,0.356652,-0.007581,1.000000,0.244115,0.072437,1.000000,0.337860,0.291509,0.602781
7.645000,0.495000,14.768250,-0.019909,0.457723,-0.007658,579.008355,732.119244,567.974987,730.563321,-1.751972,0.561826,-0.221907,-0.007658,1.805222,-0.581735,0.679630,0.000000,14.768250,-0.019909,0.457723,-0.007658,1.000000,0.237048,0.067189,1.000000,0.339299,0.291470,0.601741
7.665000,0.515000,14.782815,-0.037828,0.579199,-0.008727,557.979114,749.534432,541.020495,750.616874,-1.734285,0.543803,-0.103283,-0.008727,1.802101,-0.581630,0.682483,0.000000,14.782815,-0.037828,0.579199,-0.008727,1.000000,0.221184,0.060724,1.000000,0.340722,0.291424,0.600700
7.682000,0.532000,14.785497,-0.039458,0.579108,-0.008182,558.044795,749.236016,541.135751,750.991805,-1.728473,0.542056,-0.106226,-0.008182,1.798970,-0.581514,0.685334,0.000000,14.785497,-0.039458,0.579108,-0.008182,1.000000,0.220885,0.060394,1.000000,0.342145,0.291371,0.599657
7.708000,0.558000,14.777453,-0.039037,0.586291,-0.008260,556.363447,750.222400,539.443395,751.845125,-1.733372,0.542350,-0.101888,-0.008260,1.795825,-0.581388,0.688179,0.000000,14.777453,-0.039037,0.586291,-0.008260,1.000000,0.222282,0.060505,1.000000,0.343572,0.291305,0.598608
7.726000,0.576000,14.775489,-0.035810,0.565757,-0.009103,560.396584,747.687509,543.708767,748.140513,-1.732181,0.545444,-0.125331,-0.009103,1.792670,-0.581255,0.691087,0.000000,14.775489,-0.035810,0.565757,-0.009103,1.000000,0.229321,0.061335,1.000000,0.345024,0.291244,0.597557
7.742000,0.592000,14.759657,-0.009896,0.473106,-0.009691,575.402530,735.962151,565.097068,731.094648,-1.744835,0.571160,-0.220843,-0.009691,1.789492,-0.581055,0.693948,0.000000,14.759657,-0.009896,0.473106,-0.009691,1.000000,0.238599,0.067953,1.000000,0.346456,0.291146,0.596497
7.768000,0.618000,14.771278,-0.020065,0.479678,-0.009667,575.633863,736.226913,562.841887,733.311971,-1.730033,0.560832,-0.217174,-0.009667,1.786312,-0.580898,0.696853,0.000000,14.771278,-0.020065,0.479678,-0.009667,1.000000,0.241761,0.066109,1.000000,0.347916,0.291060,0.595437
7.783000,0.633000,14.774594,-0.001940,0.263193,-0.007484,613.689157,703.446193,607.556860,698.379199,-1.723527,0.578762,-0.436520,-0.007484,1.783121,-0.580702,0.699714,0.000000,14.774594,-0.001940,0.263193,-0.007484,1.000000,0.268347,0.082263,1.000000,0.349358,0.290951,0.594374
7.811000,0.661000,14.779720,-0.009707,0.469246,-0.010172,602.839908,711.932420,598.667898,705.642661,-1.715204,0.570774,-0.233397,-0.010172,1.779924,-0.580482,0.702643,0.000000,14.779720,-0.009707,0.469246,-0.010172,1.000000,0.244453,0.067455,1.000000,0.350824,0.290842,0.593308
7.824000,0.674000,14.759966,0.005817,0.314458,-0.007144,602.839908,711.932420,598.667898,705.642661,-1.731739,0.586009,-0.391050,-0.007144,1.776704,-0.580192,0.705508,0.000000,14.759966,0.005817,0.314458,-0.007144,1.000000,0.262904,0.079627,1.000000,0.352268,0.290686,0.592235
7.846000,0.696000,14.775109,-0.028874,0.599808,-0.007942,552.148748,753.033122,538.008273,752.987340,-1.713376,0.551013,-0.108647,-0.007942,1.773485,-0.579887,0.708455,0.000000,14.775109,-0.028874,0.599808,-0.007942,1.000000,0.240032,0.060905,1.000000,0.353741,0.290536,0.591162
7.869000,0.719000,14.783612,-0.029373,0.547065,-0.007329,562.820376,745.023394,549.346639,745.490647,-1.701649,0.550184,-0.164291,-0.007329,1.770262,-0.579557,0.711356,0.000000,14.783612,-0.029373,0.547065,-0.007329,1.000000,0.239189,0.061931,1.000000,0.355195,0.290370,0.590087
7.887000,0.737000,14.778022,-0.043502,0.625335,-0.007452,548.653029,755.380110,531.023619,758.357037,-1.704004,0.535680,-0.088954,-0.007452,1.767026,-0.579182,0.714289,0.000000,14.778022,-0.043502,0.625335,-0.007452,1.000000,0.239424,0.058528,1.000000,0.356659,0.290188,0.589009
7.907000,0.757000,14.777562,-0.024318,0.411697,-0.006263,588.084250,724.286040,577.283069,724.546662,-1.701222,0.554478,-0.305531,-0.006263,1.763784,-0.578796,0.717228,0.000000,14.777562,-0.024318,0.411697,-0.006263,1.000000,0.261728,0.069025,1.000000,0.358130,0.289997,0.587928
7.920000,0.770000,14.770776,-0.025262,0.541672,-0.010152,564.218520,745.308976,549.437421,743.070372,-1.704754,0.553089,-0.178529,-0.010152,1.760529,-0.578351,0.720201,0.000000,14.770776,-0.025262,0.541672,-0.010152,1.000000,0.254174,0.062850,1.000000,0.359609,0.289787,0.586843
7.943000,0.793000,14.765947,-0.020168,0.540947,-0.010746,563.853419,745.783790,549.851960,742.183900,-1.706316,0.557717,-0.182215,-0.010746,1.757263,-0.577886,0.723162,0.000000,14.765947,-0.020168,0.540947,-0.010746,1.000000,0.257508,0.063552,1.000000,0.361088,0.289558,0.585754
7.960000,0.810000,14.762327,-0.012727,0.528251,-0.010640,565.327876,744.455496,553.328591,739.521910,-1.706658,0.564654,-0.197887,-0.010640,1.753985,-0.577381,0.726138,0.000000,14.762327,-0.012727,0.528251,-0.010640,1.000000,0.263526,0.064937,1.000000,0.362575,0.289311,0.584662
7.984000,0.834000,14.754527,0.005162,0.497309,-0.009914,568.770511,741.043916,561.901377,733.200638,-1.711165,0.581990,-0.231883,-0.009914,1.750691,-0.576827,0.729192,0.000000,14.754527,0.005162,0.497309,-0.009914,1.000000,0.282989,0.068539,1.000000,0.364099,0.289042,0.583564
8.002000,0.852000,14.761214,-0.010489,0.479859,-0.009636,574.170383,736.949370,563.741016,732.239420,-1.701179,0.565765,-0.252326,-0.009636,1.747392,-0.576253,0.732184,0.000000,14.761214,-0.010489,0.479859,-0.009636,1.000000,0.278327,0.067325,1.000000,0.365598,0.288753,0.582464
8.022000,0.872000,14.760564,-0.005223,0.444711,-0.009032,580.125416,731.842200,571.581781,726.515177,-1.698518,0.570393,-0.290474,-0.009032,1.744082,-0.575616,0.735185,0.000000,14.760564,-0.005223,0.444711,-0.009032,1.000000,0.287882,0.069830,1.000000,0.367100,0.288435,0.581361
8.045000,0.895000,14.766140,-0.010993,0.445073,-0.008416,580.641699,731.245151,571.200263,727.452231,-1.689627,0.563941,-0.293121,-0.008416,1.740766,-0.574934,0.738194,0.000000,14.766140,-0.010993,0.445073,-0.008416,1.000000,0.293182,0.068950,1.000000,0.368608,0.288093,0.580255
8.065000,0.915000,14.780009,-0.015882,0.463407,-0.007688,577.727254,733.619156,567.633538,731.279360,-1.672438,0.558333,-0.277868,-0.007688,1.737447,-0.574215,0.741275,0.000000,14.780009,-0.015882,0.463407,-0.007688,1.000000,0.306393,0.066871,1.000000,0.370159,0.287724,0.579149
8.087000,0.937000,14.773768,-0.009253,0.296142,-0.005328,607.614406,707.181038,601.391539,705.153190,-1.675352,0.564168,-0.448143,-0.005328,1.734120,-0.573420,0.744285,0.000000,14.773768,-0.009253,0.296142,-0.005328,1.000000,0.320393,0.079983,1.000000,0.371674,0.287317,0.578040
8.101000,0.951000,14.785921,-0.023048,0.535571,-0.007613,564.509587,744.021311,552.434287,743.109907,-1.659878,0.549543,-0.211797,-0.007613,1.730799,-0.572592,0.747368,0.000000,14.785921,-0.023048,0.535571,-0.007613,1.000000,0.304515,0.062243,1.000000,0.373215,0.286907,0.576933
8.127000,0.977000,14.799197,-0.012311,0.529925,-0.007299,564.524999,744.325561,555.412661,741.616861,-1.643287,0.559384,-0.220522,-0.007299,1.727485,-0.571695,0.750446,0.000000,14.799197,-0.012311,0.529925,-0.007299,1.000000,0.310923,0.063163,1.000000,0.374753,0.286463,0.575828
8.145000,0.995000,14.784832,0.008771,0.357219,-0.005502,594.432506,718.865167,592.186540,713.235831,-1.654327,0.579489,-0.396302,-0.005502,1.724159,-0.570718,0.753521,0.000000,14.784832,0.008771,0.357219,-0.005502,1.000000,0.338336,0.076657,1.000000,0.376295,0.285972,0.574720
8.163000,1.013000,14.807961,-0.015776,0.618579,-0.009207,548.059565,758.097602,536.122969,754.787277,-1.627889,0.553897,-0.138050,-0.009207,1.720850,-0.569673,0.756629,0.000000,14.807961,-0.015776,0.618579,-0.009207,1.000000,0.322454,0.059095,1.000000,0.377841,0.285465,0.573617
8.185000,1.035000,14.796291,0.009732,0.370480,-0.006803,592.597600,721.722825,589.547695,715.000410,-1.636243,0.578247,-0.389308,-0.006803,1.717534,-0.568515,0.759788,0.000000,14.796291,0.009732,0.370480,-0.006803,1.000000,0.364276,0.075371,1.000000,0.379418,0.284892,0.572511
8.203000,1.053000,14.804657,-0.028434,0.672201,-0.010365,538.990029,765.184300,522.463348,763.440406,-1.624568,0.538911,-0.090730,-0.010365,1.714226,-0.567345,0.762932,0.000000,14.804657,-0.028434,0.672201,-0.010365,1.000000,0.338225,0.056269,1.000000,0.380983,0.284321,0.571409
8.222000,1.072000,14.804417,-0.016630,0.571720,-0.011047,558.372632,751.590052,544.878533,747.153366,-1.621502,0.549451,-0.194354,-0.011047,1.710919,-0.566081,0.766074,0.000000,14.804417,-0.016630,0.571720,-0.011047,1.000000,0.349035,0.060272,1.000000,0.382540,0.283711,0.570306
8.246000,1.096000,14.794486,-0.003834,0.342366,-0.008662,600.163265,716.635427,592.525249,711.187890,-1.628122,0.560920,-0.426828,-0.008662,1.707608,-0.564754,0.769194,0.000000,14.794486,-0.003834,0.342366,-0.008662,1.000000,0.377468,0.076197,1.000000,0.384095,0.283060,0.569203
8.263000,1.113000,14.789383,-0.005659,0.609537,-0.012898,549.695043,758.570052,537.227867,750.887978,-1.629912,0.557635,-0.162904,-0.012898,1.704295,-0.563295,0.772442,0.000000,14.789383,-0.005659,0.609537,-0.012898,1.000000,0.382546,0.060332,1.000000,0.385703,0.282356,0.568098
8.283000,1.133000,14.776482,-0.013975,0.516791,-0.011484,568.465583,743.173672,555.516987,737.882981,-1.639490,0.547821,-0.258788,-0.011484,1.700973,-0.561796,0.775578,0.000000,14.776482,-0.013975,0.516791,-0.011484,1.000000,0.378473,0.063600,1.000000,0.387261,0.281625,0.566991
8.301000,1.151000,14.772414,-0.017073,0.554095,-0.011103,561.156476,748.300649,547.570730,743.888791,-1.640232,0.543164,-0.224626,-0.011103,1.697646,-0.560237,0.778721,0.000000,14.772414,-0.017073,0.554095,-0.011103,1.000000,0.383338,0.061464,1.000000,0.388826,0.280860,0.565882
8.322000,1.172000,14.763005,-0.016808,0.526570,-0.010280,566.034141,743.709273,553.325656,739.788260,-1.646304,0.541789,-0.255303,-0.010280,1.694309,-0.558597,0.781874,0.000000,14.763005,-0.016808,0.526570,-0.010280,1.000000,0.395705,0.062985,1.000000,0.390400,0.280049,0.564770
8.342000,1.192000,14.756587,-0.005794,0.483155,-0.009283,572.692813,737.681502,563.688535,732.330163,-1.649375,0.551068,-0.301853,-0.009283,1.690962,-0.556862,0.785008,0.000000,14.756587,-0.005794,0.483155,-0.009283,1.000000,0.406296,0.066692,1.000000,0.391963,0.279192,0.563654
8.363000,1.213000,14.752924,-0.001875,0.458715,-0.008948,576.772481,734.127817,569.066756,728.236008,-1.649683,0.553169,-0.329400,-0.008948,1.687607,-0.555043,0.788115,0.000000,14.752924,-0.001875,0.458715,-0.008948,1.000000,0.414670,0.068672,1.000000,0.393516,0.278288,0.562536
8.387000,1.237000,14.755015,0.000914,0.278275,-0.006414,609.717007,705.342354,605.024207,700.501614,-1.644230,0.554059,-0.512927,-0.006414,1.684246,-0.553145,0.791202,0.000000,14.755015,0.000914,0.278275,-0.006414,1.000000,0.439872,0.084047,1.000000,0.395065,0.277338,0.561415
8.407000,1.257000,14.759905,0.014232,0.346218,-0.007024,595.853850,717.705526,593.703945,709.904204,-1.635977,0.565304,-0.448156,-0.007024,1.680881,-0.551072,0.794374,0.000000,14.759905,0.014232,0.346218,-0.007024,1.000000,0.459540,0.078810,1.000000,0.396653,0.276305,0.560294
8.422000,1.272000,14.765049,-0.014628,0.559192,-0.008781,558.673837,748.358203,547.622134,745.081646,-1.627466,0.534343,-0.238258,-0.008781,1.677515,-0.548970,0.797450,0.000000,14.765049,-0.014628,0.559192,-0.008781,1.000000,0.430862,0.060723,1.000000,0.398190,0.275261,0.559172
8.443000,1.293000,14.754112,0.006054,0.364386,-0.005547,592.653872,719.114722,589.724190,713.985016,-1.635024,0.552809,-0.436120,-0.005547,1.674136,-0.546755,0.800507,0.000000,14.754112,0.006054,0.364386,-0.005547,1.000000,0.457538,0.076316,1.000000,0.399725,0.274150,0.558045
8.460000,1.310000,14.762744,-0.016676,0.512907,-0.006288,567.088341,740.271633,557.769549,739.070594,-1.623016,0.527776,-0.290659,-0.006288,1.670760,-0.544452,0.803565,0.000000,14.762744,-0.016676,0.512907,-0.006288,1.000000,0.451207,0.062649,1.000000,0.401257,0.273001,0.556920
8.486000,1.336000,14.776899,-0.025058,0.723388,-0.009676,526.681707,772.222945,511.303704,770.341484,-1.605490,0.517002,-0.083221,-0.009676,1.667389,-0.542060,0.806609,0.000000,14.776899,-0.025058,0.723388,-0.009676,1.000000,0.447777,0.053207,1.000000,0.402776,0.271815,0.555796
8.504000,1.354000,14.774774,-0.018736,0.673494,-0.010174,536.569161,765.622035,522.725711,762.236854,-1.604241,0.520828,-0.136127,-0.010174,1.664015,-0.539564,0.809621,0.000000,14.774774,-0.018736,0.673494,-0.010174,1.000000,0.452767,0.054726,1.000000,0.404280,0.270576,0.554672
8.524000,1.374000,14.770522,-0.023823,0.689338,-0.010768,534.043029,767.601388,518.236988,764.754857,-1.605115,0.513148,-0.123301,-0.010768,1.660637,-0.536971,0.812639,0.000000,14.770522,-0.023823,0.689338,-0.010768,1.000000,0.457534,0.053628,1.000000,0.405787,0.269289,0.553546
8.544000,1.394000,14.760783,-0.003863,0.395090,-0.009152,589.560132,724.353376,581.384774,718.621548,-1.611468,0.530398,-0.420538,-0.009152,1.657251,-0.534261,0.815628,0.000000,14.760783,-0.003863,0.395090,-0.009152,1.000000,0.482020,0.071794,1.000000,0.407278,0.267947,0.552417
8.564000,1.414000,14.758456,0.002229,0.520584,-0.013831,566.220534,745.713295,555.324600,735.759857,-1.610405,0.533650,-0.298022,-0.013831,1.653861,-0.531422,0.818607,0.000000,14.758456,0.002229,0.520584,-0.013831,1.000000,0.474252,0.063313,1.000000,0.408756,0.266552,0.551287
8.583000,1.433000,14.768296,-0.002385,0.437100,-0.012917,583.002620,732.452384,572.045001,723.850106,-1.597179,0.526135,-0.384434,-0.012917,1.650475,-0.528520,0.821535,0.000000,14.768296,-0.002385,0.437100,-0.012917,1.000000,0.473952,0.067987,1.000000,0.410209,0.265126,0.550158
8.603000,1.453000,14.766185,-0.004598,0.252277,-0.009049,616.376828,701.828702,608.472571,696.134495,-1.595900,0.520945,-0.572128,-0.009049,1.647085,-0.525544,0.824405,0.000000,14.766185,-0.004598,0.252277,-0.009049,1.000000,0.493128,0.085349,1.000000,0.411640,0.263652,0.549028
8.625000,1.475000,14.767902,0.002884,0.505368,-0.011447,568.424887,742.842525,559.716900,734.385511,-1.590792,0.525240,-0.321966,-0.011447,1.643694,-0.522356,0.827334,0.000000,14.767902,0.002884,0.505368,-0.011447,1.000000,0.488552,0.063273,1.000000,0.413098,0.262077,0.547898
8.642000,1.492000,14.766442,-0.014151,0.529400,-0.007954,564.277388,743.655342,554.150457,740.838124,-1.588860,0.505074,-0.300736,-0.007954,1.640301,-0.519225,0.830136,0.000000,14.766442,-0.014151,0.529400,-0.007954,1.000000,0.468178,0.059805,1.000000,0.414503,0.260513,0.546767
8.662000,1.512000,14.749945,-0.007058,0.366082,-0.004576,593.388915,717.679577,588.129208,715.790462,-1.601950,0.508942,-0.466783,-0.004576,1.636895,-0.515999,0.832865,0.000000,14.749945,-0.007058,0.366082,-0.004576,1.000000,0.484723,0.073355,1.000000,0.415880,0.258890,0.545632
8.686000,1.536000,14.759838,-0.014007,0.640159,-0.007326,541.283766,759.898458,531.305072,757.538629,-1.588654,0.498581,-0.195488,-0.007326,1.633493,-0.512588,0.835647,0.000000,14.759838,-0.014007,0.640159,-0.007326,1.000000,0.484645,0.053923,1.000000,0.417280,0.257179,0.544498
8.703000,1.553000,14.757198,-0.019556,0.601584,-0.007239,549.837106,753.573540,538.659129,752.281357,-1.587887,0.489673,-0.236701,-0.007239,1.630085,-0.509229,0.838285,0.000000,14.757198,-0.019556,0.601584,-0.007239,1.000000,0.461994,0.054800,1.000000,0.418608,0.255492,0.543362
8.723000,1.573000,14.751716,-0.015107,0.389336,-0.005799,590.439986,721.006271,582.261307,719.816522,-1.589955,0.490674,-0.451526,-0.005799,1.626671,-0.505781,0.840862,0.000000,14.751716,-0.015107,0.389336,-0.005799,1.000000,0.470893,0.069747,1.000000,0.419907,0.253760,0.542224
8.743000,1.593000,14.751663,-0.016807,0.472563,-0.007368,575.204850,734.258691,565.100668,732.319700,-1.586589,0.485455,-0.370840,-0.007368,1.623253,-0.502262,0.843403,0.000000,14.751663,-0.016807,0.472563,-0.007368,1.000000,0.459733,0.062497,1.000000,0.421182,0.252002,0.541084
8.764000,1.614000,14.746687,-0.012716,0.628922,-0.010519,544.457360,759.172777,532.095720,754.415193,-1.588140,0.485931,-0.216986,-0.010519,1.619828,-0.498647,0.845908,0.000000,14.746687,-0.012716,0.628922,-0.010519,1.000000,0.454782,0.053554,1.000000,0.422436,0.250200,0.539943
8.782000,1.632000,14.746990,-0.009480,0.608293,-0.010597,548.332585,756.440048,536.833687,751.012719,-1.584408,0.485504,-0.240052,-0.010597,1.616398,-0.494984,0.848345,0.000000,14.746990,-0.009480,0.608293,-0.010597,1.000000,0.447483,0.054449,1.000000,0.423655,0.248377,0.538799
8.804000,1.654000,14.744480,-0.007511,0.590209,-0.010716,551.764722,753.919824,540.743721,748.026633,-1.583482,0.483752,-0.260499,-0.010716,1.612962,-0.491263,0.850709,0.000000,14.744480,-0.007511,0.590209,-0.010716,1.000000,0.442884,0.055273,1.000000,0.424837,0.246526,0.537654
8.827000,1.677000,14.743641,-0.006971,0.534369,-0.010673,562.926930,745.561817,552.300622,739.529395,-1.580881,0.480523,-0.318632,-0.010673,1.609521,-0.487493,0.853001,0.000000,14.743641,-0.006971,0.534369,-0.010673,1.000000,0.439209,0.058246,1.000000,0.425983,0.244651,0.536507
8.846000,1.696000,14.741771,-0.011698,0.420911,-0.010416,585.571664,727.663773,574.426551,722.575610,-1.579303,0.471883,-0.434311,-0.010416,1.606074,-0.483582,0.855222,0.000000,14.741771,-0.011698,0.420911,-0.010416,1.000000,0.450876,0.066083,1.000000,0.427093,0.242704,0.535358
8.862000,1.712000,14.744501,-0.010012,0.428228,-0.010351,584.005932,728.987048,573.292707,723.629698,-1.573123,0.469603,-0.429158,-0.010351,1.602624,-0.479615,0.857386,0.000000,14.744501,-0.010012,0.428228,-0.010351,1.000000,0.447127,0.065228,1.000000,0.428177,0.240728,0.534208
8.883000,1.733000,14.744229,0.002131,0.261702,-0.007385,612.738767,702.943330,607.606617,697.132555,-1.569940,0.477853,-0.597734,-0.007385,1.599169,-0.475723,0.859436,0.000000,14.744229,0.002131,0.261702,-0.007385,1.000000,0.445106,0.083216,1.000000,0.429206,0.238784,0.533056
8.903000,1.753000,14.750482,-0.003623,0.303321,-0.006912,605.682015,708.965503,599.520049,704.685772,-1.560234,0.468190,-0.558074,-0.006912,1.595716,-0.471813,0.861396,0.000000,14.750482,-0.003623,0.303321,-0.006912,1.000000,0.432178,0.077413,1.000000,0.430191,0.236829,0.531905
8.924000,1.774000,14.765577,-0.010343,0.395844,-0.006490,589.252115,723.004585,581.646259,720.408856,-1.541693,0.457556,-0.467439,-0.006490,1.592270,-0.467899,0.863283,0.000000,14.765577,-0.010343,0.395844,-0.006490,1.000000,0.417095,0.066558,1.000000,0.431142,0.234868,0.530757
8.943000,1.793000,14.762028,-0.010320,0.453892,-0.005358,577.518147,731.515791,570.682772,729.738593,-1.541794,0.453659,-0.411165,-0.005358,1.588822,-0.463980,0.865057,0.000000,14.762028,-0.010320,0.453892,-0.005358,1.000000,0.411488,0.061260,1.000000,0.432039,0.232901,0.529607
8.962000,1.812000,14.764569,-0.015214,0.523917,-0.004703,564.115583,741.570385,556.437503,741.189114,-1.535808,0.444852,-0.342809,-0.004703,1.585377,-0.460066,0.866726,0.000000,14.764569,-0.015214,0.523917,-0.004703,1.000000,0.405613,0.055130,1.000000,0.432883,0.230936,0.528459
8.982000,1.832000,14.782400,-0.021659,0.771961,-0.006855,514.630673,778.748536,502.441947,778.126524,-1.514546,0.434509,-0.096347,-0.006855,1.581946,-0.456168,0.868309,0.000000,14.782400,-0.021659,0.771961,-0.006855,1.000000,0.403472,0.042751,1.000000,0.433678,0.228989,0.527315
9.003000,1.853000,14.769484,-0.012351,0.706169,-0.007753,527.624947,770.081686,517.445791,767.168773,-1.524025,0.439916,-0.163601,-0.007753,1.578509,-0.452266,0.869770,0.000000,14.769484,-0.012351,0.706169,-0.007753,1.000000,0.401531,0.045262,1.000000,0.434412,0.227041,0.526170
9.023000,1.873000,14.784413,-0.019546,0.636557,-0.009934,544.517022,760.206477,530.878877,757.108472,-1.505674,0.428854,-0.234576,-0.009934,1.575087,-0.448400,0.871133,0.000000,14.784413,-0.019546,0.636557,-0.009934,1.000000,0.393049,0.046575,1.000000,0.435090,0.225123,0.525029
9.042000,1.892000,14.771967,-0.007319,0.351551,-0.008653,598.291151,717.275663,589.813438,712.520740,-1.514693,0.437247,-0.520814,-0.008653,1.571659,-0.444567,0.872366,0.000000,14.771967,-0.007319,0.351551,-0.008653,1.000000,0.407892,0.069194,1.000000,0.435708,0.223212,0.523886
9.065000,1.915000,14.784194,-0.034572,0.498182,-0.013382,575.599203,739.220715,556.112638,736.484725,-1.499051,0.406145,-0.375291,-0.013382,1.568245,-0.440717,0.873473,0.000000,14.784194,-0.034572,0.498182,-0.013382,1.000000,0.407165,0.053069,1.000000,0.436253,0.221314,0.522748
9.082000,1.932000,14.779825,0.007559,0.480159,-0.012441,573.530059,740.034897,565.236286,729.959745,-1.500006,0.444524,-0.394347,-0.012441,1.564831,-0.436965,0.874507,0.000000,14.779825,0.007559,0.480159,-0.012441,1.000000,0.394772,0.057827,1.000000,0.436769,0.219450,0.521610
9.102000,1.952000,14.772053,-0.010352,0.332298,-0.009041,602.402175,714.094886,592.968075,709.634746,-1.504363,0.422928,-0.543110,-0.009041,1.561416,-0.433280,0.875408,0.000000,14.772053,-0.010352,0.332298,-0.009041,1.000000,0.402491,0.070023,1.000000,0.437221,0.217614,0.520472
9.121000,1.971000,14.778539,-0.009074,0.387062,-0.008376,591.837435,722.688628,583.067946,718.507151,-1.494471,0.420626,-0.489110,-0.008376,1.558009,-0.429700,0.876172,0.000000,14.778539,-0.009074,0.387062,-0.008376,1.000000,0.400041,0.063957,1.000000,0.437603,0.215833,0.519336
9.145000,1.995000,14.766273,0.004824,0.449522,-0.007521,577.520455,733.123654,572.617210,726.942701,-1.503324,0.431020,-0.427279,-0.007521,1.554597,-0.426196,0.876801,0.000000,14.766273,0.004824,0.449522,-0.007521,1.000000,0.400518,0.059440,1.000000,0.437921,0.214083,0.518199
9.162000,2.012000,14.778537,-0.011809,0.681043,-0.007325,532.945513,766.482278,523.394247,763.743067,-1.487658,0.410968,-0.196279,-0.007325,1.551195,-0.422777,0.877322,0.000000,14.778537,-0.011809,0.681043,-0.007325,1.000000,0.398025,0.042879,1.000000,0.438176,0.212392,0.517065
9.186000,2.036000,14.781130,-0.014248,0.666022,-0.006774,536.255491,763.918204,526.604475,761.984934,-1.481667,0.405220,-0.211682,-0.006774,1.547797,-0.419468,0.877704,0.000000,14.781130,-0.014248,0.666022,-0.006774,1.000000,0.403336,0.042859,1.000000,0.438363,0.210755,0.515932
9.205000,2.055000,14.782776,-0.019029,0.667010,-0.007311,536.945621,763.838685,525.569591,762.419387,-1.476628,0.397264,-0.210927,-0.007311,1.544404,-0.416293,0.877937,0.000000,14.782776,-0.019029,0.667010,-0.007311,1.000000,0.410147,0.042041,1.000000,0.438479,0.209175,0.514801
9.221000,2.071000,14.772081,-0.004187,0.405086,-0.006656,586.983281,725.222219,580.692233,721.329081,-1.483926,0.409037,-0.472943,-0.006656,1.541006,-0.413224,0.878028,0.000000,14.772081,-0.004187,0.405086,-0.006656,1.000000,0.427640,0.061123,1.000000,0.438528,0.207642,0.513669
9.246000,2.096000,14.780582,0.008688,0.594874,-0.012380,550.424904,757.367944,542.119349,747.357400,-1.472034,0.418942,-0.283128,-0.012380,1.537617,-0.410254,0.878002,0.000000,14.780582,0.008688,0.594874,-0.012380,1.000000,0.412065,0.047252,1.000000,0.438505,0.206186,0.512539
9.265000,2.115000,14.791014,-0.022188,0.510496,-0.012081,571.327346,741.941225,555.895193,737.780027,-1.458222,0.385247,-0.367344,-0.012081,1.534237,-0.407435,0.877840,0.000000,14.791014,-0.022188,0.510496,-0.012081,1.000000,0.430902,0.049614,1.000000,0.438421,0.204789,0.511412
9.282000,2.132000,14.778857,-0.015246,0.311685,-0.008762,606.857618,710.400553,596.570010,707.083824,-1.466994,0.389538,-0.565823,-0.008762,1.530851,-0.404784,0.877508,0.000000,14.778857,-0.015246,0.311685,-0.008762,1.000000,0.456501,0.068718,1.000000,0.438262,0.203454,0.510284
9.307000,2.157000,14.789054,-0.032797,0.576473,-0.011516,559.223391,750.663754,541.206447,748.912488,-1.453423,0.369456,-0.300587,-0.011516,1.527476,-0.402253,0.877060,0.000000,14.789054,-0.032797,0.576473,-0.011516,1.000000,0.447006,0.043823,1.000000,0.438031,0.202211,0.509159
9.325000,2.175000,14.779015,-0.018552,0.397900,-0.007385,590.514565,723.121780,580.244805,721.477885,-1.460081,0.381373,-0.478524,-0.007385,1.524097,-0.399925,0.876424,0.000000,14.779015,-0.018552,0.397900,-0.007385,1.000000,0.472802,0.058767,1.000000,0.437719,0.201040,0.508032
9.342000,2.192000,14.789767,-0.031707,0.629815,-0.009437,547.389266,758.028209,531.076899,757.495988,-1.445960,0.366015,-0.245857,-0.009437,1.520727,-0.397722,0.875672,0.000000,14.789767,-0.031707,0.629815,-0.009437,1.000000,0.473912,0.040358,1.000000,0.437334,0.199963,0.506909
9.363000,2.213000,14.784988,-0.017986,0.596662,-0.008725,552.007083,754.026623,540.002086,751.435557,-1.447368,0.377714,-0.278115,-0.008725,1.517356,-0.395700,0.874777,0.000000,14.784988,-0.017986,0.596662,-0.008725,1.000000,0.488225,0.042958,1.000000,0.436879,0.198974,0.505785
9.383000,2.233000,14.782962,-0.014582,0.605971,-0.009235,549.837809,755.860832,538.224791,752.300117,-1.446023,0.379310,-0.267745,-0.009235,1.513985,-0.393893,0.873715,0.000000,14.782962,-0.014582,0.605971,-0.009235,1.000000,0.502108,0.042475,1.000000,0.436348,0.198074,0.504662
9.401000,2.251000,14.780089,-0.007155,0.567199,-0.009701,556.903240,750.860424,546.939139,745.571934,-1.445523,0.385122,-0.305299,-0.009701,1.510612,-0.392277,0.872498,0.000000,14.780089,-0.007155,0.567199,-0.009701,1.000000,0.518709,0.045057,1.000000,0.435740,0.197267,0.503537
9.420000,2.270000,14.777461,-0.008470,0.508683,-0.010361,568.962023,742.094771,558.336520,736.534488,-1.444776,0.382375,-0.362450,-0.010361,1.507238,-0.390846,0.871132,0.000000,14.777461,-0.008470,0.508683,-0.010361,1.000000,0.535774,0.048643,1.000000,0.435054,0.196560,0.502413
9.442000,2.292000,14.771794,0.004990,0.301185,-0.007755,605.925832,710.214325,601.112806,703.629906,-1.447064,0.394655,-0.568392,-0.007755,1.503857,-0.389665,0.869577,0.000000,14.771794,0.004990,0.301185,-0.007755,1.000000,0.565364,0.068828,1.000000,0.434290,0.195940,0.501286
9.464000,2.314000,14.787649,-0.021694,0.543029,-0.011064,564.319979,746.489525,549.675590,742.960262,-1.427838,0.366949,-0.324862,-0.011064,1.500486,-0.388643,0.867891,0.000000,14.787649,-0.021694,0.543029,-0.011064,1.000000,0.561063,0.044418,1.000000,0.433443,0.195439,0.500162
9.485000,2.335000,14.791244,-0.007878,0.495399,-0.009924,571.685070,740.256081,561.619221,734.873049,-1.420872,0.379974,-0.370629,-0.009924,1.497116,-0.387852,0.866028,0.000000,14.791244,-0.007878,0.495399,-0.009924,1.000000,0.576034,0.048373,1.000000,0.432518,0.195029,0.499039
9.505000,2.355000,14.798157,-0.028537,0.592224,-0.009898,555.075825,753.042044,539.418177,751.606662,-1.410595,0.358669,-0.271824,-0.009898,1.493752,-0.387207,0.864049,0.000000,14.798157,-0.028537,0.592224,-0.009898,1.000000,0.585063,0.040161,1.000000,0.431516,0.194733,0.497917
9.521000,2.371000,14.791776,-0.022081,0.593174,-0.009643,553.797358,753.570397,539.989899,751.112969,-1.413607,0.364674,-0.268735,-0.009643,1.490383,-0.386755,0.861909,0.000000,14.791776,-0.022081,0.593174,-0.009643,1.000000,0.595717,0.040513,1.000000,0.430435,0.194531,0.496794
9.542000,2.392000,14.803622,-0.030882,0.603046,-0.010140,553.420152,754.628365,536.896768,753.464973,-1.398402,0.355693,-0.256552,-0.010140,1.487024,-0.386576,0.859597,0.000000,14.803622,-0.030882,0.603046,-0.010140,1.000000,0.613986,0.038799,1.000000,0.429273,0.194451,0.495675
9.563000,2.413000,14.808872,-0.027868,0.563501,-0.010854,561.457929,749.336772,545.340340,747.116334,-1.389798,0.358721,-0.293632,-0.010854,1.483670,-0.386589,0.857132,0.000000,14.808872,-0.027868,0.563501,-0.010854,1.000000,0.631666,0.040817,1.000000,0.428028,0.194483,0.494557
9.585000,2.435000,14.802097,0.000630,0.352077,-0.008208,597.830478,718.584359,591.571168,712.604896,-1.393217,0.387521,-0.502384,-0.008208,1.480313,-0.386891,0.854462,0.000000,14.802097,0.000630,0.352077,-0.008208,1.000000,0.658705,0.059674,1.000000,0.426700,0.194614,0.493438
9.604000,2.454000,14.819616,-0.030060,0.609750,-0.012405,553.326350,756.776254,535.052567,753.932831,-1.372356,0.357285,-0.241923,-0.012405,1.476971,-0.387346,0.851672,0.000000,14.819616,-0.030060,0.609750,-0.012405,1.000000,0.656647,0.037467,1.000000,0.425291,0.194868,0.492324
9.626000,2.476000,14.814739,-0.006441,0.427081,-0.009373,585.169599,730.216415,576.132019,724.871179,-1.373890,0.381622,-0.421610,-0.009373,1.473629,-0.388062,0.848691,0.000000,14.814739,-0.006441,0.427081,-0.009373,1.000000,0.674570,0.051224,1.000000,0.423801,0.195219,0.491210
9.641000,2.491000,14.831245,-0.038233,0.675684,-0.012662,541.234950,766.078543,520.126129,764.587369,-1.354058,0.350691,-0.169913,-0.012662,1.470302,-0.388924,0.845597,0.000000,14.831245,-0.038233,0.675684,-0.012662,1.000000,0.678700,0.033536,1.000000,0.422230,0.195693,0.490101
9.661000,2.511000,14.832064,-0.018297,0.484716,-0.009608,575.955743,738.347493,563.656833,735.147209,-1.349918,0.371750,-0.357621,-0.009608,1.466982,-0.390047,0.842337,0.000000,14.832064,-0.018297,0.484716,-0.009608,1.000000,0.692282,0.044841,1.000000,0.420590,0.196269,0.488994
9.686000,2.536000,14.830872,-0.045983,0.704649,-0.013560,536.567532,769.909484,512.355532,769.233088,-1.347794,0.345348,-0.134289,-0.013560,1.463666,-0.391331,0.838937,0.000000,14.830872,-0.045983,0.704649,-0.013560,1.000000,0.696274,0.031914,1.000000,0.418864,0.196957,0.487889
9.702000,2.552000,14.826992,-0.032388,0.653013,-0.013080,545.244139,763.334480,525.477394,760.488020,-1.348362,0.360515,-0.182324,-0.013080,1.460354,-0.392904,0.835337,0.000000,14.826992,-0.032388,0.653013,-0.013080,1.000000,0.711482,0.034519,1.000000,0.417051,0.197759,0.486785
9.722000,2.572000,14.821571,-0.034654,0.665002,-0.013924,543.270485,765.070805,522.076261,762.079551,-1.350473,0.359957,-0.166636,-0.013924,1.457044,-0.394611,0.831638,0.000000,14.821571,-0.034654,0.665002,-0.013924,1.000000,0.707650,0.033991,1.000000,0.415179,0.198650,0.485681
9.742000,2.592000,14.811995,-0.000335,0.420465,-0.010223,585.983202,730.021918,577.746932,722.900377,-1.356735,0.396273,-0.407271,-0.010223,1.453730,-0.396609,0.827736,0.000000,14.811995,-0.000335,0.420465,-0.010223,1.000000,0.729612,0.050708,1.000000,0.413233,0.199624,0.484577
9.762000,2.612000,14.815393,-0.046828,0.655154,-0.014583,546.972335,762.612772,522.108522,761.398786,-1.350028,0.351957,-0.168517,-0.014583,1.450421,-0.398785,0.823671,0.000000,14.815393,-0.046828,0.655154,-0.014583,1.000000,0.736484,0.033474,1.000000,0.411187,0.200726,0.483474
9.782000,2.632000,14.815723,-0.044889,0.590519,-0.013835,559.563557,752.951592,536.436570,751.870537,-1.346391,0.356296,-0.228919,-0.013835,1.447114,-0.401185,0.819439,0.000000,14.815723,-0.044889,0.590519,-0.013835,1.000000,0.749349,0.036082,1.000000,0.409063,0.201928,0.482371
9.802000,2.652000,14.811135,-0.041092,0.638301,-0.013321,549.054517,760.142654,526.923917,758.721110,-1.347672,0.362704,-0.176755,-0.013321,1.443807,-0.403795,0.815055,0.000000,14.811135,-0.041092,0.638301,-0.013321,1.000000,0.739412,0.034460,1.000000,0.406878,0.203204,0.481269
9.824000,2.674000,14.813495,-0.043707,0.618372,-0.012785,553.288759,756.812403,531.117004,756.228518,-1.342008,0.362818,-0.192217,-0.012785,1.440503,-0.406525,0.810590,0.000000,14.813495,-0.043707,0.618372,-0.012785,1.000000,0.740514,0.034885,1.000000,0.404636,0.204571,0.480168
9.843000,2.693000,14.812041,-0.043212,0.574871,-0.011954,561.619930,750.053982,540.632640,749.939135,-1.340159,0.366566,-0.230787,-0.011954,1.437201,-0.409778,0.805659,0.000000,14.812041,-0.043212,0.574871,-0.011954,1.000000,0.803882,0.036738,1.000000,0.402184,0.206154,0.479067
9.862000,2.712000,14.812061,-0.005833,0.400064,-0.008029,589.673478,725.574619,581.924331,721.029311,-1.336840,0.407099,-0.400825,-0.008029,1.433901,-0.412932,0.800889,0.000000,14.812061,-0.005833,0.400064,-0.008029,1.000000,0.766681,0.050517,1.000000,0.399819,0.207675,0.477967
9.884000,2.734000,14.814553,-0.057701,0.649512,-0.012193,548.477969,759.967025,522.912172,762.344366,-1.331053,0.358517,-0.146451,-0.012193,1.430606,-0.416219,0.795964,0.000000,14.814553,-0.057701,0.649512,-0.012193,1.000000,0.762768,0.032730,1.000000,0.397357,0.209300,0.476869
9.901000,2.751000,14.816187,-0.038800,0.453933,-0.008969,583.733115,731.154149,567.107510,732.279673,-1.326129,0.380875,-0.336967,-0.008969,1.427316,-0.419676,0.790900,0.000000,14.816187,-0.038800,0.453933,-0.008969,1.000000,0.786592,0.043455,1.000000,0.394836,0.210991,0.475772
9.922000,2.772000,14.815938,-0.063703,0.693795,-0.012602,540.307957,766.110570,512.337713,769.284124,-1.323093,0.359737,-0.091656,-0.012602,1.424031,-0.423440,0.785451,0.000000,14.815938,-0.063703,0.693795,-0.012602,1.000000,0.836265,0.031303,1.000000,0.392101,0.212874,0.474677
9.945000,2.795000,14.813215,-0.065112,0.702148,-0.012886,538.796669,767.250599,510.101366,770.486082,-1.322534,0.361930,-0.078060,-0.012886,1.420749,-0.427042,0.780208,0.000000,14.813215,-0.065112,0.702148,-0.012886,1.000000,0.776549,0.031216,1.000000,0.389466,0.214683,0.473583
9.963000,2.813000,14.808472,-0.072299,0.743241,-0.014143,531.510198,772.929442,499.235586,776.603887,-1.323997,0.358434,-0.031622,-0.014143,1.417469,-0.430733,0.774863,0.000000,14.808472,-0.072299,0.743241,-0.014143,1.000000,0.783680,0.030497,1.000000,0.386775,0.216544,0.472490
9.981000,2.831000,14.798598,-0.056783,0.695269,-0.014690,539.536061,767.319561,511.513684,767.849552,-1.330589,0.377867,-0.073962,-0.014690,1.414187,-0.434650,0.769231,0.000000,14.798598,-0.056783,0.695269,-0.014690,1.000000,0.832187,0.032552,1.000000,0.383951,0.218496,0.471396
10.002000,2.852000,14.797682,-0.061698,0.661791,-0.015327,547.342353,762.143263,517.851634,763.147601,-1.328226,0.376879,-0.101851,-0.015327,1.410909,-0.438577,0.763642,0.000000,14.797682,-0.061698,0.661791,-0.015327,1.000000,0.809170,0.032906,1.000000,0.381154,0.220445,0.470303
10.022000,2.872000,14.787922,-0.001375,0.386284,-0.010774,592.251625,724.344620,583.417856,716.976479,-1.334705,0.441225,-0.371641,-0.010774,1.407627,-0.442600,0.757926,0.000000,14.787922,-0.001375,0.386284,-0.010774,1.000000,0.849985,0.051106,1.000000,0.378317,0.222402,0.469209
10.043000,2.893000,14.792524,-0.068341,0.649162,-0.015802,550.835489,759.728873,519.340794,761.632883,-1.326828,0.378275,-0.103020,-0.015802,1.404352,-0.446616,0.752182,0.000000,14.792524,-0.068341,0.649162,-0.015802,1.000000,0.827691,0.033000,1.000000,0.375443,0.224396,0.468117
10.066000,2.916000,14.790623,-0.038863,0.611811,-0.014153,553.981888,756.302228,531.913809,753.898833,-1.325458,0.412019,-0.134224,-0.014153,1.401080,-0.450881,0.746034,0.000000,14.790623,-0.038863,0.611811,-0.014153,1.000000,0.919862,0.036366,1.000000,0.372371,0.226507,0.467027
10.082000,2.932000,14.787059,-0.106396,0.659045,-0.013985,552.713804,756.983530,512.714051,767.056385,-1.325752,0.348628,-0.081035,-0.013985,1.397810,-0.455024,0.740080,0.000000,14.787059,-0.106396,0.659045,-0.013985,1.000000,0.866171,0.030407,1.000000,0.369403,0.228544,0.465937
10.103000,2.953000,14.779692,-0.079705,0.674719,-0.013331,545.647010,761.391828,512.986147,767.009244,-1.329847,0.379425,-0.059379,-0.013331,1.394540,-0.459130,0.734098,0.000000,14.779692,-0.079705,0.674719,-0.013331,1.000000,0.871724,0.032452,1.000000,0.366420,0.230568,0.464847
10.124000,2.974000,14.774312,-0.083964,0.650375,-0.013666,551.179071,757.404717,517.421544,763.604196,-1.331958,0.379229,-0.077703,-0.013666,1.391270,-0.463193,0.728078,0.000000,14.774312,-0.083964,0.650375,-0.013666,1.000000,0.894295,0.032745,1.000000,0.363408,0.232585,0.463757
10.147000,2.997000,14.769200,-0.062859,0.584118,-0.013307,561.647602,749.241669,534.402984,751.851792,-1.333799,0.404642,-0.137433,-0.013307,1.388000,-0.467501,0.721551,0.000000,14.769200,-0.062859,0.584118,-0.013307,1.000000,1.022913,0.036070,1.000000,0.360156,0.234704,0.462667
10.162000,3.012000,14.770755,-0.087319,0.602039,-0.013478,561.201986,749.747378,527.365876,756.754284,-1.328980,0.384216,-0.113343,-0.013478,1.384734,-0.471534,0.715383,0.000000,14.770755,-0.087319,0.602039,-0.013478,1.000000,0.948717,0.033727,1.000000,0.357067,0.236711,0.461578
10.184000,3.034000,14.763927,-0.027896,0.396087,-0.009319,592.345165,722.317295,578.317882,721.106982,-1.332541,0.447624,-0.313069,-0.009319,1.381468,-0.475520,0.709157,0.000000,14.763927,-0.027896,0.396087,-0.009319,1.000000,1.000167,0.047603,1.000000,0.353969,0.238667,0.460489
10.206000,3.056000,14.771738,-0.121676,0.610802,-0.013589,563.774423,747.926108,520.899135,761.186371,-1.321473,0.357818,-0.092012,-0.013589,1.378211,-0.479495,0.702814,0.000000,14.771738,-0.121676,0.610802,-0.013589,1.000000,1.007133,0.031131,1.000000,0.350792,0.240646,0.459404
10.223000,3.073000,14.780138,-0.096799,0.646407,-0.013299,553.604898,755.622118,516.885994,764.423974,-1.309827,0.386577,-0.050049,-0.013299,1.374965,-0.483376,0.696456,0.000000,14.780138,-0.096799,0.646407,-0.013299,1.000000,1.030558,0.032369,1.000000,0.347605,0.242584,0.458322
10.244000,3.094000,14.780774,-0.070702,0.717624,-0.013987,535.874338,768.758721,504.463666,772.267923,-1.305953,0.416542,0.027859,-0.013987,1.371727,-0.487244,0.689765,0.000000,14.780774,-0.070702,0.717624,-0.013987,1.000000,1.163117,0.034503,1.000000,0.344253,0.244511,0.457242
10.262000,3.112000,14.778804,-0.128158,0.741011,-0.014481,538.584254,767.101196,490.850704,780.609093,-1.304691,0.362742,0.057616,-0.014481,1.368495,-0.490901,0.683395,0.000000,14.778804,-0.128158,0.741011,-0.014481,1.000000,1.088366,0.030533,1.000000,0.341057,0.246339,0.456165
10.283000,3.133000,14.776139,-0.108464,0.722552,-0.014716,539.920480,766.209041,497.637020,776.052438,-1.304132,0.385966,0.045537,-0.014716,1.365271,-0.494430,0.677015,0.000000,14.776139,-0.108464,0.722552,-0.014716,1.000000,1.120379,0.032134,1.000000,0.337855,0.248106,0.455090
10.302000,3.152000,14.774019,-0.109872,0.679530,-0.015685,549.341587,760.022891,506.569812,769.557340,-1.303034,0.387945,0.008899,-0.015685,1.362052,-0.497817,0.670631,0.000000,14.774019,-0.109872,0.679530,-0.015685,1.000000,1.162587,0.032062,1.000000,0.334648,0.249804,0.454017
10.323000,3.173000,14.763104,0.032691,0.403032,-0.011895,584.846055,730.091266,583.186832,715.388436,-1.310730,0.533703,-0.260933,-0.011895,1.358834,-0.501012,0.663965,0.000000,14.763104,0.032691,0.403032,-0.011895,1.000000,1.370674,0.052487,1.000000,0.331304,0.251403,0.452945
10.346000,3.196000,14.776339,-0.124866,0.658642,-0.017953,556.492152,756.355684,508.172019,767.149057,-1.294293,0.379151,0.000979,-0.017953,1.355632,-0.504017,0.657663,0.000000,14.776339,-0.124866,0.658642,-0.017953,1.000000,1.248318,0.031160,1.000000,0.328124,0.252929,0.451877
10.363000,3.213000,14.766352,-0.092367,0.513290,-0.014650,579.681674,736.154270,544.705158,743.429856,-1.301075,0.414578,-0.137837,-0.014650,1.352427,-0.506945,0.651128,0.000000,14.766352,-0.092367,0.513290,-0.014650,1.000000,1.386930,0.036037,1.000000,0.324848,0.254390,0.450809
10.382000,3.232000,14.781914,-0.141445,0.696261,-0.018985,551.518039,760.866562,497.142860,773.902366,-1.282331,0.368090,0.051345,-0.018985,1.349244,-0.509535,0.644916,0.000000,14.781914,-0.141445,0.696261,-0.018985,1.000000,1.322560,0.030292,1.000000,0.321697,0.255728,0.449748
10.402000,3.252000,14.782431,-0.148703,0.647009,-0.017729,561.867078,752.463462,507.757980,767.797135,-1.278639,0.363295,0.008359,-0.017729,1.346070,-0.511998,0.638650,0.000000,14.782431,-0.148703,0.647009,-0.017729,1.000000,1.357084,0.029586,1.000000,0.318534,0.256983,0.448690
10.422000,3.272000,14.779512,-0.139327,0.656747,-0.017016,558.374424,754.485357,507.127972,768.554570,-1.278391,0.374923,0.024352,-0.017016,1.342903,-0.514250,0.632395,0.000000,14.779512,-0.139327,0.656747,-0.017016,1.000000,1.394258,0.030488,1.000000,0.315375,0.258134,0.447634
10.443000,3.293000,14.772026,-0.134187,0.599424,-0.016292,568.688150,745.975778,520.487448,759.747372,-1.282714,0.382103,-0.026705,-0.016292,1.339740,-0.516290,0.626129,0.000000,14.772026,-0.134187,0.599424,-0.016292,1.000000,1.432843,0.031152,1.000000,0.312211,0.259177,0.446580
10.463000,3.313000,14.769684,-0.045208,0.417822,-0.011438,591.224362,724.893992,571.258294,725.521699,-1.281899,0.472857,-0.202129,-0.011438,1.336582,-0.518065,0.619951,0.000000,14.769684,-0.045208,0.417822,-0.011438,1.000000,1.499522,0.042891,1.000000,0.309093,0.260085,0.445527
10.483000,3.333000,14.774684,-0.105176,0.654206,-0.015341,553.786088,756.594943,512.974225,765.547333,-1.273751,0.414415,0.040344,-0.015341,1.333434,-0.519592,0.613862,0.000000,14.774684,-0.105176,0.654206,-0.015341,1.000000,1.494503,0.033585,1.000000,0.306018,0.260871,0.444478
10.510000,3.360000,14.794707,-0.089616,0.616727,-0.014549,559.607987,752.564214,524.112451,759.246096,-1.250601,0.431308,0.008918,-0.014549,1.330308,-0.520924,0.607810,0.000000,14.794707,-0.089616,0.616727,-0.014549,1.000000,1.515610,0.034272,1.000000,0.302967,0.261552,0.443436
10.524000,3.374000,14.786880,-0.105634,0.432919,-0.010526,595.520663,721.449934,561.650098,734.276026,-1.255304,0.416449,-0.169256,-0.010526,1.327185,-0.522083,0.602175,0.000000,14.786880,-0.105634,0.432919,-0.010526,1.000000,1.454919,0.035977,1.000000,0.300122,0.262151,0.442395
10.542000,3.392000,14.791434,-0.102053,0.728409,-0.015590,538.661790,768.231965,497.251870,776.326798,-1.247641,0.420784,0.132096,-0.015590,1.324075,-0.522837,0.596314,0.000000,14.791434,-0.102053,0.728409,-0.015590,1.000000,1.580976,0.035041,1.000000,0.297166,0.262545,0.441358
10.568000,3.418000,14.801452,-0.129749,0.620896,-0.014015,563.703645,749.417456,518.277918,763.839752,-1.234530,0.393617,0.030467,-0.014015,1.320981,-0.523367,0.590429,0.000000,14.801452,-0.129749,0.620896,-0.014015,1.000000,1.615558,0.030847,1.000000,0.294204,0.262819,0.440327
10.583000,3.433000,14.804834,-0.123946,0.673689,-0.013320,552.135405,757.663859,507.903347,771.345114,-1.228067,0.399658,0.089096,-0.013320,1.317900,-0.523604,0.584593,0.000000,14.804834,-0.123946,0.673689,-0.013320,1.000000,1.647213,0.031866,1.000000,0.291271,0.262942,0.439300
10.605000,3.455000,14.801118,-0.064447,0.438933,-0.009361,589.433375,726.223101,566.384017,731.976708,-1.228710,0.459064,-0.140043,-0.009361,1.314828,-0.523511,0.578977,0.000000,14.801118,-0.064447,0.438933,-0.009361,1.000000,1.712195,0.038141,1.000000,0.288435,0.262916,0.438276
10.628000,3.478000,14.815365,-0.152608,0.697034,-0.014335,551.699466,759.039423,498.557658,777.178378,-1.211410,0.370558,0.123561,-0.014335,1.311776,-0.523166,0.573473,0.000000,14.815365,-0.152608,0.697034,-0.014335,1.000000,1.681975,0.029954,1.000000,0.285657,0.262761,0.437259
10.647000,3.497000,14.813622,-0.112093,0.605832,-0.014891,565.202858,749.332772,523.840715,759.942242,-1.210116,0.410088,0.037783,-0.014891,1.308738,-0.522181,0.568049,0.000000,14.813622,-0.112093,0.605832,-0.014891,1.000000,1.782931,0.031626,1.000000,0.282894,0.262316,0.436246
10.665000,3.515000,14.819778,-0.105333,0.677962,-0.015330,550.154836,760.967485,509.019080,769.904572,-1.200933,0.415659,0.115407,-0.015330,1.305711,-0.520992,0.562555,0.000000,14.819778,-0.105333,0.677962,-0.015330,1.000000,1.859638,0.033055,1.000000,0.280136,0.261723,0.435237
10.686000,3.536000,14.809143,-0.109514,0.430807,-0.012812,597.806286,722.006021,561.227087,733.968882,-1.208545,0.410173,-0.126739,-0.012812,1.302688,-0.519687,0.557546,0.000000,14.809143,-0.109514,0.430807,-0.012812,1.000000,1.786213,0.033053,1.000000,0.277586,0.261111,0.434229
10.704000,3.554000,14.813046,-0.055810,0.461707,-0.014130,586.232332,732.468347,561.253593,733.228449,-1.201632,0.461931,-0.090770,-0.014130,1.299678,-0.517741,0.552477,0.000000,14.813046,-0.055810,0.461707,-0.014130,1.000000,1.927975,0.036621,1.000000,0.274997,0.260189,0.433226
10.726000,3.576000,14.831174,-0.092739,0.510001,-0.014532,581.948245,736.862846,547.121736,744.281932,-1.180515,0.422777,-0.037577,-0.014532,1.296690,-0.515517,0.547578,0.000000,14.831174,-0.092739,0.510001,-0.014532,1.000000,1.913537,0.031973,1.000000,0.272499,0.259122,0.432230
10.742000,3.592000,14.836498,-0.204786,0.688678,-0.015695,561.041802,753.861676,493.112296,780.586991,-1.172219,0.308604,0.145656,-0.015695,1.293716,-0.513390,0.543021,0.000000,14.836498,-0.204786,0.688678,-0.015695,1.000000,1.729392,0.025411,1.000000,0.270191,0.258084,0.431239
10.762000,3.612000,14.830918,-0.186749,0.593590,-0.015321,577.330363,740.995576,516.790609,765.141225,-1.174833,0.324204,0.055040,-0.015321,1.290751,-0.510953,0.538549,0.000000,14.830918,-0.186749,0.593590,-0.015321,1.000000,1.718596,0.024640,1.000000,0.267918,0.256899,0.430250
10.788000,3.638000,14.843073,-0.119286,0.429323,-0.011604,599.581949,721.091923,561.695377,735.762534,-1.159733,0.388975,-0.104954,-0.011604,1.287806,-0.508261,0.534277,0.000000,14.843073,-0.119286,0.429323,-0.011604,1.000000,1.748135,0.029695,1.000000,0.265756,0.255576,0.429269
10.800000,3.650000,14.831404,-0.139738,0.655413,-0.015831,559.559129,754.853184,509.401013,769.776681,-1.168455,0.365452,0.125432,-0.015831,1.284859,-0.505190,0.529982,0.000000,14.831404,-0.139738,0.655413,-0.015831,1.000000,1.794382,0.028607,1.000000,0.263596,0.254050,0.428286
10.827000,3.677000,14.856830,-0.121755,0.596649,-0.016103,569.817127,748.311834,525.195682,759.892662,-1.140118,0.380189,0.070509,-0.016103,1.281948,-0.501944,0.526140,0.000000,14.856830,-0.121755,0.596649,-0.016103,1.000000,1.669468,0.027976,1.000000,0.261633,0.252469,0.427316
10.845000,3.695000,14.862860,-0.048135,0.626582,-0.014983,554.402463,759.316266,529.192938,758.067581,-1.131195,0.449949,0.104253,-0.014983,1.279054,-0.498084,0.522329,0.000000,14.862860,-0.048135,0.626582,-0.014983,1.000000,1.776203,0.034151,1.000000,0.259712,0.250557,0.426351
10.862000,3.712000,14.863830,-0.094535,0.517814,-0.014376,581.410820,738.477668,546.225542,746.323146,-1.127348,0.399845,-0.001032,-0.014376,1.276177,-0.494380,0.518846,0.000000,14.863830,-0.094535,0.517814,-0.014376,1.000000,1.632719,0.028718,1.000000,0.257951,0.248726,0.425392
10.882000,3.732000,14.854323,-0.066527,0.449750,-0.014365,590.903426,730.516898,563.294628,733.153220,-1.133987,0.423802,-0.065755,-0.014365,1.273310,-0.490329,0.515505,0.000000,14.854323,-0.066527,0.449750,-0.014365,1.000000,1.614328,0.031273,1.000000,0.256240,0.246744,0.424437
10.909000,3.759000,14.867344,-0.067202,0.492614,-0.012209,582.235209,736.534596,555.829254,740.764696,-1.118123,0.418513,-0.019659,-0.012209,1.270467,-0.485715,0.512273,0.000000,14.867344,-0.067202,0.492614,-0.012209,1.000000,1.693739,0.030071,1.000000,0.254615,0.244453,0.423489
10.925000,3.775000,14.860089,-0.083329,0.289020,-0.008865,620.709049,701.795938,594.844946,711.809690,-1.122554,0.397600,-0.220476,-0.008865,1.267643,-0.480929,0.509497,0.000000,14.860089,-0.083329,0.289020,-0.008865,1.000000,1.639689,0.033279,1.000000,0.253196,0.242098,0.422548
10.944000,3.794000,14.866470,-0.116170,0.456748,-0.011789,594.697488,726.192274,557.103953,740.048685,-1.113363,0.360127,-0.049948,-0.011789,1.264833,-0.476298,0.506696,0.000000,14.866470,-0.116170,0.456748,-0.011789,1.000000,1.503745,0.025628,1.000000,0.251803,0.239782,0.421611
10.962000,3.812000,14.881198,-0.129442,0.479685,-0.008936,591.151270,727.764574,552.368987,746.034522,-1.095851,0.342081,-0.024399,-0.008936,1.262049,-0.471522,0.504084,0.000000,14.881198,-0.129442,0.479685,-0.008936,1.000000,1.457988,0.023778,1.000000,0.250521,0.237377,0.420683
10.983000,3.833000,14.885472,-0.135418,0.593941,-0.007507,569.254757,744.249329,528.549601,764.171004,-1.088815,0.331226,0.092207,-0.007507,1.259287,-0.466644,0.501734,0.000000,14.885472,-0.135418,0.593941,-0.007507,1.000000,1.409513,0.023682,1.000000,0.249387,0.234904,0.419762
11.005000,3.855000,14.874432,-0.111013,0.538410,-0.007594,576.941760,737.926103,543.039959,753.458330,-1.097106,0.350482,0.038846,-0.007594,1.256538,-0.461496,0.499564,0.000000,14.874432,-0.111013,0.538410,-0.007594,1.000000,1.392353,0.024477,1.000000,0.248330,0.232309,0.418846
11.022000,3.872000,14.884078,-0.085332,0.573297,-0.008024,567.379161,745.963311,539.168843,756.329033,-1.084737,0.370941,0.075715,-0.008024,1.253815,-0.456273,0.497582,0.000000,14.884078,-0.085332,0.573297,-0.008024,1.000000,1.356934,0.026106,1.000000,0.247394,0.229650,0.417938
11.041000,3.891000,14.865874,-0.036288,0.352638,-0.007091,603.127534,715.991066,589.128896,717.989338,-1.100226,0.414571,-0.143299,-0.007091,1.251100,-0.450859,0.495938,0.000000,14.865874,-0.036288,0.352638,-0.007091,1.000000,1.389856,0.031350,1.000000,0.246600,0.226926,0.417033
11.063000,3.913000,14.870470,-0.051768,0.472583,-0.008268,582.766739,733.624924,563.491291,737.685639,-1.092936,0.393555,-0.021921,-0.008268,1.248406,-0.445323,0.494503,0.000000,14.870470,-0.051768,0.472583,-0.008268,1.000000,1.328952,0.027489,1.000000,0.245916,0.224135,0.416135
11.083000,3.933000,14.891200,-0.063226,0.594438,-0.011095,561.888597,752.377582,536.477827,756.538701,-1.069546,0.376520,0.101124,-0.011095,1.245746,-0.439746,0.493314,0.000000,14.891200,-0.063226,0.594438,-0.011095,1.000000,1.279985,0.026651,1.000000,0.245367,0.221312,0.415249
11.103000,3.953000,14.890415,-0.061982,0.570301,-0.010254,566.182024,748.573939,542.013705,753.096563,-1.067691,0.372079,0.077935,-0.010254,1.243106,-0.434061,0.492366,0.000000,14.890415,-0.061982,0.570301,-0.010254,1.000000,1.252133,0.025862,1.000000,0.244929,0.218444,0.414369
11.124000,3.974000,14.867650,-0.048381,0.380890,-0.007697,599.520731,719.497101,582.068464,723.388178,-1.087823,0.379929,-0.110813,-0.007697,1.240474,-0.428311,0.491703,0.000000,14.867650,-0.048381,0.380890,-0.007697,1.000000,1.279013,0.027502,1.000000,0.244633,0.215546,0.413491
11.144000,3.994000,14.871863,-0.071941,0.632892,-0.010092,554.302166,756.591874,527.109288,762.995257,-1.081002,0.350105,0.141628,-0.010092,1.237865,-0.422046,0.491264,0.000000,14.871863,-0.071941,0.632892,-0.010092,1.000000,1.316792,0.025959,1.000000,0.244458,0.212382,0.412622
11.164000,4.014000,14.880820,-0.066364,0.517308,-0.009109,576.438525,739.571855,552.576336,745.752887,-1.069462,0.349855,0.026278,-0.009109,1.235282,-0.416218,0.491030,0.000000,14.880820,-0.066364,0.517308,-0.009109,1.000000,1.211093,0.023755,1.000000,0.244392,0.209427,0.411761
11.184000,4.034000,14.866838,-0.057294,0.532845,-0.008922,571.863058,742.441902,550.260712,747.038262,-1.080871,0.352997,0.041775,-0.008922,1.232710,-0.410290,0.491070,0.000000,14.866838,-0.057294,0.532845,-0.008922,1.000000,1.204681,0.024326,1.000000,0.244447,0.206440,0.410903
11.204000,4.054000,14.856041,-0.071143,0.405660,-0.006818,596.887767,720.618071,574.569460,729.480507,-1.089108,0.332925,-0.085824,-0.006818,1.230149,-0.404068,0.491484,0.000000,14.856041,-0.071143,0.405660,-0.006818,1.000000,1.353948,0.023687,1.000000,0.244699,0.203296,0.410050
11.223000,4.073000,14.854276,-0.033555,0.344306,-0.007234,604.138995,714.760740,590.696594,716.129521,-1.088329,0.364693,-0.147769,-0.007234,1.227605,-0.398249,0.492075,0.000000,14.854276,-0.033555,0.344306,-0.007234,1.000000,1.254407,0.027334,1.000000,0.245035,0.200356,0.409202
11.245000,4.095000,14.871648,-0.048264,0.531902,-0.008902,571.063428,743.233309,551.730317,746.155076,-1.068441,0.344251,0.038989,-0.008902,1.225089,-0.392515,0.492912,0.000000,14.871648,-0.048264,0.531902,-0.008902,1.000000,1.220262,0.023426,1.000000,0.245502,0.197449,0.408363
11.270000,4.120000,14.860510,-0.001007,0.365118,-0.006639,596.385324,721.093648,590.958132,716.573081,-1.077072,0.385754,-0.128905,-0.006639,1.222582,-0.386762,0.494023,0.000000,14.860510,-0.001007,0.365118,-0.006639,1.000000,1.276201,0.028148,1.000000,0.246099,0.194540,0.407527
11.285000,4.135000,14.867647,-0.095862,0.684537,-0.007967,545.760247,761.255257,513.574087,773.351673,-1.067449,0.285098,0.188963,-0.007967,1.220097,-0.380959,0.495574,0.000000,14.867647,-0.095862,0.684537,-0.007967,1.000000,1.372126,0.023100,1.000000,0.246925,0.191596,0.406699
11.306000,4.156000,14.849786,-0.015244,0.402751,-0.005896,590.367781,725.097657,582.077492,723.872015,-1.082829,0.360320,-0.094519,-0.005896,1.217616,-0.375563,0.497270,0.000000,14.849786,-0.015244,0.402751,-0.005896,1.000000,1.324267,0.025605,1.000000,0.247815,0.188862,0.405872
11.322000,4.172000,14.856039,0.009221,0.606546,-0.008423,548.304229,759.270820,543.493813,751.878820,-1.074116,0.379398,0.107350,-0.008423,1.215154,-0.370177,0.499196,0.000000,14.856039,0.009221,0.606546,-0.008423,1.000000,1.301587,0.027091,1.000000,0.248821,0.186132,0.405051
11.343000,4.193000,14.853134,0.033218,0.519260,-0.009767,563.444691,748.865387,563.608435,735.916753,-1.074569,0.398135,0.017865,-0.009767,1.212703,-0.364917,0.501396,0.000000,14.853134,0.033218,0.519260,-0.009767,1.000000,1.348247,0.027440,1.000000,0.249961,0.183467,0.404234
11.367000,4.217000,14.853260,0.003993,0.536186,-0.010047,563.796319,748.788388,556.462412,741.155297,-1.072006,0.363909,0.032302,-0.010047,1.210265,-0.359916,0.503884,0.000000,14.853260,0.003993,0.536186,-0.010047,1.000000,1.387134,0.024849,1.000000,0.251246,0.180928,0.403422
11.381000,4.231000,14.845622,-0.036271,0.481609,-0.010037,579.243138,736.593786,562.229862,736.493725,-1.077211,0.318930,-0.025065,-0.010037,1.207833,-0.355201,0.506674,0.000000,14.845622,-0.036271,0.481609,-0.010037,1.000000,1.446013,0.021848,1.000000,0.252680,0.178535,0.402611
11.403000,4.253000,14.843548,-0.006416,0.464611,-0.009141,578.543430,736.468879,569.595285,731.326324,-1.076860,0.344257,-0.045108,-0.009141,1.205409,-0.350673,0.509720,0.000000,14.843548,-0.006416,0.464611,-0.009141,1.000000,1.493091,0.023659,1.000000,0.254246,0.176225,0.401803
11.423000,4.273000,14.844409,-0.005995,0.431356,-0.007465,584.279085,730.844159,576.872543,726.759516,-1.073583,0.340383,-0.081678,-0.007465,1.202992,-0.346378,0.513033,0.000000,14.844409,-0.005995,0.431356,-0.007465,1.000000,1.543875,0.023785,1.000000,0.255949,0.174026,0.400997
11.443000,4.293000,14.834505,0.004742,0.268629,-0.004455,612.214778,705.120720,609.910884,700.945499,-1.081068,0.347103,-0.247998,-0.004455,1.200573,-0.342361,0.516627,0.000000,14.834505,0.004742,0.268629,-0.004455,1.000000,1.638443,0.029887,1.000000,0.257793,0.171963,0.400191
11.464000,4.314000,14.859314,0.040863,0.479797,-0.005870,568.906724,742.413306,574.095978,730.617240,-1.053861,0.379435,-0.040697,-0.005870,1.198175,-0.338572,0.520494,0.000000,14.859314,0.040863,0.479797,-0.005870,1.000000,1.662216,0.025672,1.000000,0.259771,0.170016,0.399392
11.482000,4.332000,14.870416,0.047806,0.500870,-0.005194,563.877990,746.233474,571.359061,733.651783,-1.040372,0.382860,-0.023782,-0.005194,1.195789,-0.335054,0.524652,0.000000,14.870416,0.047806,0.500870,-0.005194,1.000000,1.724267,0.025541,1.000000,0.261885,0.168216,0.398596
11.505000,4.355000,14.876039,-0.047656,0.628166,-0.004851,550.110001,756.436253,533.708355,761.915448,-1.032374,0.284170,0.098771,-0.004851,1.193413,-0.331826,0.529394,0.000000,14.876039,-0.047656,0.628166,-0.004851,1.000000,1.988570,0.019711,1.000000,0.264281,0.166576,0.397804
11.524000,4.374000,14.884028,0.094535,0.533005,-0.004371,551.577426,755.366482,571.410363,734.700744,-1.022020,0.423476,-0.001099,-0.004371,1.191048,-0.328941,0.534104,0.000000,14.884028,0.094535,0.533005,-0.004371,1.000000,1.870467,0.028380,1.000000,0.266665,0.165097,0.397016
11.548000,4.398000,14.882089,-0.012714,0.370259,-0.006884,597.406275,721.289575,589.034770,718.866763,-1.021600,0.313892,-0.169101,-0.006884,1.188689,-0.326606,0.539360,0.000000,14.882089,-0.012714,0.370259,-0.006884,1.000000,2.072167,0.023154,1.000000,0.269326,0.163886,0.396230
11.562000,4.412000,14.898930,0.138852,0.567874,-0.010527,541.770582,766.924672,567.816424,733.995960,-1.002414,0.463184,0.023228,-0.010527,1.186344,-0.324332,0.544646,0.000000,14.898930,0.138852,0.567874,-0.010527,1.000000,2.013840,0.031567,1.000000,0.271976,0.162748,0.395448
11.582000,4.432000,14.906786,0.081651,0.507185,-0.010644,561.621062,752.891001,572.954934,730.227977,-0.992224,0.404125,-0.042996,-0.010644,1.184009,-0.322474,0.550180,0.000000,14.906786,0.081651,0.507185,-0.010644,1.000000,2.072104,0.026373,1.000000,0.274752,0.161812,0.394670
11.600000,4.450000,14.914973,0.115068,0.539959,-0.008545,550.142108,760.288611,571.639986,732.982737,-0.981711,0.436054,-0.016018,-0.008545,1.181684,-0.320986,0.555977,0.000000,14.914973,0.115068,0.539959,-0.008545,1.000000,2.143439,0.028685,1.000000,0.277672,0.161040,0.393895
11.626000,4.476000,14.922073,0.055464,0.507627,-0.006996,563.665719,749.587791,571.551921,734.363049,-0.972295,0.375343,-0.054396,-0.006996,1.179367,-0.319879,0.562023,0.000000,14.922073,0.055464,0.507627,-0.006996,1.000000,2.187963,0.023843,1.000000,0.280704,0.160479,0.393122
11.640000,4.490000,14.925622,0.095050,0.530989,-0.006291,553.829770,756.567034,572.153865,734.503655,-0.966434,0.414189,-0.037389,-0.006291,1.177056,-0.319140,0.568377,0.000000,14.925622,0.095050,0.530989,-0.006291,1.000000,2.276640,0.026639,1.000000,0.283904,0.160075,0.392352
11.663000,4.513000,14.944477,0.058482,0.515776,-0.006011,561.839253,751.190511,571.289184,736.111781,-0.945283,0.377231,-0.059180,-0.006011,1.174761,-0.318750,0.574956,0.000000,14.944477,0.058482,0.515776,-0.006011,1.000000,2.299000,0.023520,1.000000,0.287202,0.159872,0.391587
11.686000,4.536000,14.945367,0.047660,0.500172,-0.006633,566.564819,748.073494,572.810080,734.551172,-0.942102,0.366430,-0.081594,-0.006633,1.172468,-0.318770,0.581767,0.000000,14.945367,0.047660,0.500172,-0.006633,1.000000,2.358775,0.022973,1.000000,0.290613,0.159878,0.390823
11.706000,4.556000,14.974975,-0.023678,0.583494,-0.007432,559.841841,754.782714,547.656992,754.123306,-0.910226,0.295717,-0.005772,-0.007432,1.170201,-0.319395,0.589265,0.000000,14.974975,-0.023678,0.583494,-0.007432,1.000000,2.691250,0.017039,1.000000,0.294364,0.160192,0.390067
11.726000,4.576000,14.992356,0.094643,0.494308,-0.007544,563.532400,752.779136,580.452669,729.803189,-0.890595,0.414976,-0.102242,-0.007544,1.167951,-0.320333,0.596550,0.000000,14.992356,0.094643,0.494308,-0.007544,1.000000,2.525486,0.026203,1.000000,0.298019,0.160641,0.389317
11.744000,4.594000,14.996762,0.110740,0.535345,-0.008344,553.710809,760.715032,574.188739,734.386078,-0.883950,0.432358,-0.068752,-0.008344,1.165712,-0.321618,0.604097,0.000000,14.996762,0.110740,0.535345,-0.008344,1.000000,2.562298,0.026987,1.000000,0.301805,0.161266,0.388571
11.762000,4.612000,15.020058,0.157334,0.539340,-0.012732,549.478409,767.461199,577.864080,729.502332,-0.858440,0.480572,-0.072591,-0.012732,1.163499,-0.323238,0.611931,0.000000,15.020058,0.157334,0.539340,-0.012732,1.000000,2.638439,0.031007,1.000000,0.305703,0.162114,0.387833
11.783000,4.633000,15.035130,0.155657,0.551490,-0.013419,547.892727,769.602421,575.397259,731.594457,-0.841176,0.480993,-0.068472,-0.013419,1.161306,-0.325336,0.619962,0.000000,15.035130,0.155657,0.551490,-0.013419,1.000000,2.690782,0.030698,1.000000,0.309712,0.163180,0.387102
11.801000,4.651000,15.037445,0.169512,0.564257,-0.013329,543.516991,772.729620,574.673004,732.316029,-0.836681,0.497335,-0.063992,-0.013329,1.159126,-0.327823,0.628249,0.000000,15.037445,0.169512,0.564257,-0.013329,1.000000,2.740476,0.032162,1.000000,0.313845,0.164446,0.386375
11.822000,4.672000,15.062172,0.130478,0.547764,-0.013580,552.627357,767.343848,573.698324,733.898406,-0.809803,0.461146,-0.088994,-0.013580,1.156976,-0.330668,0.636758,0.000000,15.062172,0.130478,0.547764,-0.013580,1.000000,2.774760,0.028634,1.000000,0.318060,0.165948,0.385659
11.846000,4.696000,15.064599,0.049145,0.644928,-0.013294,542.958081,774.127240,544.195811,756.312423,-0.805242,0.383405,-0.001048,-0.013294,1.154840,-0.334260,0.645976,0.000000,15.064599,0.049145,0.644928,-0.013294,1.000000,3.083132,0.021202,1.000000,0.322630,0.167821,0.384947
11.874000,4.724000,15.087600,0.091088,0.563145,-0.012665,553.905185,768.579862,558.571533,746.222045,-0.780137,0.429003,-0.091773,-0.012665,1.152737,-0.337915,0.654917,0.000000,15.087600,0.091088,0.563145,-0.012665,1.000000,2.845347,0.025349,1.000000,0.327051,0.169746,0.384246
11.883000,4.733000,15.100002,0.067667,0.587607,-0.014709,553.905185,768.579862,558.571533,746.222045,-0.765657,0.409794,-0.076580,-0.014709,1.150659,-0.342127,0.664187,0.000000,15.100002,0.067667,0.587607,-0.014709,1.000000,2.959087,0.023264,1.000000,0.331636,0.171949,0.383553
11.902000,4.752000,15.105954,0.135964,0.564266,-0.016146,550.810438,771.934915,571.201033,735.884107,-0.757652,0.482595,-0.109241,-0.016146,1.148606,-0.346631,0.673507,0.000000,15.105954,0.135964,0.564266,-0.016146,1.000000,2.912653,0.030250,1.000000,0.336244,0.174302,0.382869
11.920000,4.770000,15.106599,0.153233,0.618980,-0.016291,537.368444,781.466181,562.422270,742.545743,-0.754975,0.504857,-0.064047,-0.016291,1.146575,-0.351624,0.683027,0.000000,15.106599,0.153233,0.618980,-0.016291,1.000000,2.966536,0.031625,1.000000,0.340974,0.176858,0.382192
11.942000,4.792000,15.108017,0.183813,0.626714,-0.016310,531.805003,785.327321,564.686036,740.869236,-0.751548,0.540781,-0.066019,-0.016310,1.144565,-0.356968,0.692734,0.000000,15.108017,0.183813,0.626714,-0.016310,1.000000,2.987971,0.035355,1.000000,0.345788,0.179602,0.381522
11.960000,4.810000,15.112658,0.173273,0.603596,-0.015565,537.843193,780.913662,568.405167,738.694876,-0.744922,0.535849,-0.099021,-0.015565,1.142580,-0.362576,0.702617,0.000000,15.112658,0.173273,0.603596,-0.015565,1.000000,2.982036,0.035267,1.000000,0.350663,0.182533,0.380860
11.991000,4.841000,15.104521,0.147392,0.689010,-0.015513,522.879031,790.678151,547.769945,753.841994,-0.751100,0.516460,-0.024136,-0.015513,1.140621,-0.369068,0.713147,0.000000,15.104521,0.147392,0.689010,-0.015513,1.000000,3.222695,0.032397,1.000000,0.355864,0.185899,0.380207
12.005000,4.855000,15.104354,0.166299,0.669940,-0.015792,524.579983,789.716845,553.931706,749.137777,-0.749317,0.541910,-0.053564,-0.015792,1.138672,-0.375611,0.723505,0.000000,15.104354,0.166299,0.669940,-0.015792,1.000000,3.121741,0.035293,1.000000,0.361000,0.189248,0.379557
12.022000,4.872000,15.105899,0.143594,0.695501,-0.016773,522.586230,791.698503,545.452535,754.760882,-0.745844,0.525917,-0.038536,-0.016773,1.136743,-0.382323,0.734037,0.000000,15.105899,0.143594,0.695501,-0.016773,1.000000,3.115226,0.033398,1.000000,0.366190,0.192743,0.378914
12.043000,4.893000,15.101435,0.101272,0.419585,-0.013022,582.398690,746.175329,596.074299,717.824929,-0.748398,0.490739,-0.325009,-0.013022,1.134833,-0.389467,0.744594,0.000000,15.101435,0.101272,0.419585,-0.013022,1.000000,3.107809,0.040263,1.000000,0.371427,0.196388,0.378278
12.066000,4.916000,15.118796,0.144620,0.694089,-0.019824,524.465823,792.809612,544.921827,753.672795,-0.729160,0.541440,-0.061281,-0.019824,1.132956,-0.396820,0.755370,0.000000,15.118796,0.144620,0.694089,-0.019824,1.000000,3.101029,0.035047,1.000000,0.376729,0.200218,0.377652
12.081000,4.931000,15.113755,0.146143,0.700511,-0.018672,522.231295,793.390221,544.145855,754.782060,-0.732344,0.550581,-0.065763,-0.018672,1.131099,-0.404438,0.766274,0.000000,15.113755,0.146143,0.700511,-0.018672,1.000000,3.108917,0.036145,1.000000,0.382091,0.204188,0.377033
12.103000,4.953000,15.087700,0.190006,0.719499,-0.018849,511.532896,799.485000,545.057136,752.998644,-0.756548,0.602255,-0.057775,-0.018849,1.129248,-0.412249,0.777274,0.000000,15.087700,0.190006,0.719499,-0.018849,1.000000,3.071803,0.042364,1.000000,0.387492,0.208269,0.376416
12.126000,4.976000,15.066405,0.131970,0.467091,-0.014771,569.222112,756.047581,589.115098,720.948639,-0.776012,0.552195,-0.321178,-0.014771,1.127417,-0.420225,0.788269,0.000000,15.066405,0.131970,0.467091,-0.014771,1.000000,3.017388,0.046851,1.000000,0.392882,0.212446,0.375806
12.149000,4.999000,15.069165,0.197434,0.860377,-0.020981,478.943807,820.030036,514.682666,772.032058,-0.771432,0.626169,0.060835,-0.020981,1.125597,-0.428734,0.799542,0.000000,15.069165,0.197434,0.860377,-0.020981,1.000000,3.153682,0.045574,1.000000,0.398440,0.216832,0.375199
12.162000,5.012000,15.042543,0.139456,0.565729,-0.015775,548.224434,771.138848,569.864435,734.645039,-0.796235,0.576832,-0.245116,-0.015775,1.123777,-0.437376,0.810846,0.000000,15.042543,0.139456,0.565729,-0.015775,1.000000,3.133090,0.045647,1.000000,0.404012,0.221283,0.374592
12.183000,5.033000,15.027232,0.188203,0.983008,-0.021446,449.528276,835.321365,484.338220,789.583427,-0.809733,0.634370,0.160510,-0.021446,1.121966,-0.446167,0.822498,0.000000,15.027232,0.188203,0.983008,-0.021446,1.000000,3.221621,0.049422,1.000000,0.409707,0.225903,0.373989
12.205000,5.055000,15.004839,0.182490,0.872706,-0.021662,476.581891,819.517160,507.785477,773.730369,-0.830314,0.637601,0.038452,-0.021662,1.120154,-0.455111,0.834254,0.000000,15.004839,0.182490,0.872706,-0.021662,1.000000,3.229436,0.047743,1.000000,0.415441,0.230620,0.373385
12.223000,5.073000,14.977280,0.187351,0.919732,-0.023361,464.604256,826.393288,496.336037,779.029620,-0.856056,0.651157,0.074125,-0.023361,1.118335,-0.463806,0.845607,0.000000,14.977280,0.187351,0.919732,-0.023361,1.000000,3.015647,0.050333,1.000000,0.420989,0.235181,0.372778
12.242000,5.092000,14.948969,0.157516,0.851791,-0.025325,485.159356,814.654383,505.706503,770.666882,-0.882538,0.630753,-0.005750,-0.025325,1.116507,-0.473238,0.857540,0.000000,14.948969,0.157516,0.851791,-0.025325,1.000000,3.314263,0.047641,1.000000,0.426844,0.240076,0.372169
12.263000,5.113000,14.918113,0.110883,0.434691,-0.018982,576.070395,747.794360,587.466783,713.391652,-0.911549,0.593873,-0.434589,-0.018982,1.114662,-0.482989,0.869279,0.000000,14.918113,0.110883,0.434691,-0.018982,1.000000,3.338058,0.062500,1.000000,0.432686,0.244978,0.371554
12.284000,5.134000,14.889226,0.179032,0.713137,-0.025382,511.716774,796.083489,536.798719,746.969479,-0.938572,0.671821,-0.167996,-0.025382,1.112798,-0.492789,0.881133,0.000000,14.889226,0.179032,0.713137,-0.025382,1.000000,3.313755,0.056830,1.000000,0.438564,0.249942,0.370933
12.302000,5.152000,14.860997,0.200013,0.600805,-0.018917,529.504935,779.277720,564.376318,729.552683,-0.964915,0.702686,-0.292114,-0.018917,1.110911,-0.502672,0.892919,0.000000,14.860997,0.200013,0.600805,-0.018917,1.000000,3.309967,0.067256,1.000000,0.444433,0.254902,0.370304
12.323000,5.173000,14.836158,0.127304,0.391140,-0.010449,577.069645,738.195104,598.970413,706.260925,-0.987841,0.640001,-0.513520,-0.010449,1.109000,-0.512697,0.904660,0.000000,14.836158,0.127304,0.391140,-0.010449,1.000000,3.384923,0.077100,1.000000,0.450316,0.259871,0.369667
12.345000,5.195000,14.810472,0.184884,0.647598,-0.013703,517.743193,782.018973,553.922114,738.962337,-1.011581,0.707208,-0.268650,-0.013703,1.107053,-0.522324,0.916248,0.000000,14.810472,0.184884,0.647598,-0.013703,1.000000,3.233349,0.067483,1.000000,0.456089,0.264700,0.369018
12.365000,5.215000,14.798418,0.163202,0.870178,-0.015209,470.481513,811.801547,502.680365,773.326876,-1.021674,0.695361,-0.058117,-0.015209,1.105092,-0.532159,0.928295,0.000000,14.798418,0.163202,0.870178,-0.015209,1.000000,3.425132,0.059152,1.000000,0.462046,0.269711,0.368364
12.385000,5.235000,14.787860,0.143487,1.012472,-0.016082,438.388403,829.713068,466.066227,795.006745,-1.030248,0.685450,0.071966,-0.016082,1.103109,-0.541963,0.940506,0.000000,14.787860,0.143487,1.012472,-0.016082,1.000000,3.492661,0.058142,1.000000,0.468063,0.274746,0.367703
12.406000,5.256000,14.755668,0.180179,1.054380,-0.021693,423.450420,839.573927,457.552218,795.328337,-1.060421,0.732144,0.101093,-0.021693,1.101089,-0.551965,0.953287,0.000000,14.755668,0.180179,1.054380,-0.021693,1.000000,3.811031,0.065917,1.000000,0.474321,0.279954,0.367030
12.425000,5.275000,14.721750,0.172903,0.871015,-0.028013,472.773389,815.387508,495.645669,766.871577,-1.092279,0.734341,-0.094440,-0.028013,1.099029,-0.561438,0.965455,0.000000,14.721750,0.172903,0.871015,-0.028013,1.000000,3.534684,0.066827,1.000000,0.480296,0.284859,0.366343
12.443000,5.293000,14.702994,0.141802,0.866620,-0.029913,478.715382,812.378455,490.806944,768.059545,-1.108940,0.712879,-0.110971,-0.029913,1.096934,-0.571078,0.977591,0.000000,14.702994,0.141802,0.866620,-0.029913,1.000000,3.600012,0.064438,1.000000,0.486309,0.289752,0.365645
12.463000,5.313000,14.684881,0.133318,0.730699,-0.030304,510.468235,792.382670,519.206887,748.192014,-1.124922,0.714014,-0.259038,-0.030304,1.094802,-0.580696,0.989737,0.000000,14.684881,0.133318,0.730699,-0.030304,1.000000,3.672558,0.070438,1.000000,0.492348,0.294602,0.364934
12.483000,5.333000,14.677235,0.140856,0.328715,-0.019278,587.040027,729.819753,604.937842,688.271899,-1.130403,0.731415,-0.673432,-0.019278,1.092639,-0.590558,1.002147,0.000000,14.677235,0.140856,0.328715,-0.019278,1.000000,4.076022,0.111663,1.000000,0.498572,0.299483,0.364213
12.505000,5.355000,14.666901,0.089022,0.758558,-0.025930,507.861328,790.701950,508.571086,757.584793,-1.138540,0.689004,-0.255776,-0.025930,1.090441,-0.599982,1.014334,0.000000,14.666901,0.089022,0.758558,-0.025930,1.000000,3.769759,0.067045,1.000000,0.504646,0.304212,0.363480
12.524000,5.374000,14.641029,0.147005,0.680632,-0.018767,513.124784,781.882283,535.553673,742.449198,-1.162169,0.756191,-0.345819,-0.018767,1.088198,-0.609187,1.026451,0.000000,14.641029,0.147005,0.680632,-0.018767,1.000000,3.793553,0.082683,1.000000,0.510690,0.308825,0.362733
12.542000,5.392000,14.635537,0.143204,0.470504,-0.009767,553.857557,747.518803,581.012608,713.389721,-1.165385,0.761391,-0.567903,-0.009767,1.085922,-0.618188,1.038406,0.000000,14.635537,0.143204,0.470504,-0.009767,1.000000,3.898129,0.103814,1.000000,0.516694,0.313270,0.361974
12.561000,5.411000,14.623333,0.149311,0.961184,-0.017091,445.609298,820.609762,473.589171,783.811627,-1.175274,0.776287,-0.089362,-0.017091,1.083606,-0.626977,1.050547,0.000000,14.623333,0.149311,0.961184,-0.017091,1.000000,3.881922,0.074903,1.000000,0.522747,0.317684,0.361202
12.582000,5.432000,14.595145,0.193340,0.913140,-0.017119,449.925365,817.260283,490.294341,772.387397,-1.201094,0.828765,-0.149482,-0.017119,1.081239,-0.635424,1.062622,0.000000,14.595145,0.193340,0.913140,-0.017119,1.000000,3.925443,0.085375,1.000000,0.528756,0.321946,0.360413
12.602000,5.452000,14.581014,0.191295,0.938080,-0.020132,445.075857,821.197250,482.370747,774.936129,-1.212813,0.834917,-0.136516,-0.020132,1.078827,-0.643622,1.074596,0.000000,14.581014,0.191295,0.938080,-0.020132,1.000000,3.990212,0.086322,1.000000,0.534734,0.326054,0.359609
12.623000,5.473000,14.571994,0.167454,0.831490,-0.023892,476.311311,805.433175,501.328959,760.055294,-1.219377,0.818920,-0.255057,-0.023892,1.076370,-0.651466,1.086547,0.000000,14.571994,0.167454,0.831490,-0.023892,1.000000,4.061968,0.088494,1.000000,0.540686,0.330010,0.358790
12.642000,5.492000,14.560535,0.180749,0.711828,-0.025658,502.419041,790.077089,528.153517,740.051780,-1.228331,0.839636,-0.386515,-0.025658,1.073866,-0.658887,1.098343,0.000000,14.560535,0.180749,0.711828,-0.025658,1.000000,4.145350,0.100592,1.000000,0.546565,0.333750,0.357955
12.662000,5.512000,14.576895,0.090568,0.438258,-0.018280,568.840052,739.481276,576.049259,709.181884,-1.209436,0.756554,-0.671739,-0.018280,1.071332,-0.665985,1.109997,0.000000,14.576895,0.090568,0.438258,-0.018280,1.000000,4.298012,0.117021,1.000000,0.552400,0.337286,0.357111
12.683000,5.533000,14.568935,0.140839,0.767324,-0.025171,495.497803,794.446487,511.249132,752.471290,-1.214818,0.813543,-0.354383,-0.025171,1.068753,-0.672705,1.121707,0.000000,14.568935,0.140839,0.767324,-0.025171,1.000000,4.253630,0.093565,1.000000,0.558228,0.340691,0.356251
12.702000,5.552000,14.584593,0.100264,0.533272,-0.016482,547.946284,754.230692,559.346651,723.951656,-1.196555,0.779392,-0.599982,-0.016482,1.066148,-0.679128,1.133254,0.000000,14.584593,0.100264,0.533272,-0.016482,1.000000,4.407025,0.111088,1.000000,0.564021,0.343875,0.355383
12.722000,5.572000,14.592967,0.073490,0.979143,-0.019516,453.126970,816.842659,455.712858,791.727912,-1.185547,0.758857,-0.165748,-0.019516,1.063514,-0.685366,1.144891,0.000000,14.592967,0.073490,0.979143,-0.019516,1.000000,4.308735,0.074427,1.000000,0.569852,0.346979,0.354505
12.742000,5.592000,14.596406,0.075227,0.693878,-0.012655,515.917212,774.530871,524.761332,752.344625,-1.179443,0.766420,-0.462453,-0.012655,1.060849,-0.691193,1.156331,0.000000,14.596406,0.075227,0.693878,-0.012655,1.000000,4.401282,0.094053,1.000000,0.575611,0.349835,0.353616
12.764000,5.614000,14.576406,0.195460,0.999063,-0.018720,427.789304,829.341848,469.109345,783.741591,-1.196731,0.892004,-0.168563,-0.018720,1.058138,-0.696545,1.167626,0.000000,14.576406,0.195460,0.999063,-0.018720,1.000000,4.418957,0.096765,1.000000,0.581295,0.352459,0.352713
12.782000,5.632000,14.578661,0.175482,0.895374,-0.019838,457.926315,813.840785,490.055330,770.196221,-1.191734,0.877015,-0.283457,-0.019838,1.055395,-0.701533,1.178831,0.000000,14.578661,0.175482,0.895374,-0.019838,1.000000,4.422932,0.099192,1.000000,0.586943,0.354888,0.351798
12.802000,5.652000,14.596395,0.120279,0.504914,-0.015004,550.904607,751.573097,568.389413,718.359072,-1.171235,0.826203,-0.684973,-0.015004,1.052630,-0.705924,1.189888,0.000000,14.596395,0.120279,0.504914,-0.015004,1.000000,4.572983,0.128920,1.000000,0.592506,0.357039,0.350877
12.822000,5.672000,14.585737,0.195782,0.872408,-0.023876,462.728012,813.797409,496.467669,763.776143,-1.179086,0.905607,-0.328484,-0.023876,1.049824,-0.709825,1.200892,0.000000,14.585737,0.195782,0.872408,-0.023876,1.000000,4.517602,0.106762,1.000000,0.598020,0.358986,0.349941
12.846000,5.696000,14.612010,0.121874,0.801645,-0.020691,489.508130,796.992542,504.334297,761.657710,-1.149976,0.835064,-0.410330,-0.020691,1.046986,-0.713190,1.211976,0.000000,14.612010,0.121874,0.801645,-0.020691,1.000000,4.699809,0.099838,1.000000,0.603600,0.360622,0.348995
12.863000,5.713000,14.612620,0.089190,0.843471,-0.020699,484.543147,800.047803,490.312936,770.776825,-1.146516,0.805467,-0.379440,-0.020699,1.044135,-0.716277,1.222911,0.000000,14.612620,0.089190,0.843471,-0.020699,1.000000,4.535948,0.092463,1.000000,0.609078,0.362167,0.348045
12.886000,5.736000,14.616686,0.061712,0.774361,-0.019650,503.773774,787.582700,502.725170,763.564519,-1.139573,0.780651,-0.459331,-0.019650,1.041259,-0.718940,1.233692,0.000000,14.616686,0.061712,0.774361,-0.019650,1.000000,4.571527,0.095065,1.000000,0.614498,0.363470,0.347086
12.906000,5.756000,14.612794,0.145069,0.308306,-0.014525,586.966741,724.100169,609.466274,684.895911,-1.140557,0.865735,-0.936275,-0.014525,1.038351,-0.720666,1.244581,0.000000,14.612794,0.145069,0.308306,-0.014525,1.000000,5.060365,0.175640,1.000000,0.619930,0.364379,0.346117
12.923000,5.773000,14.627971,0.089508,0.715192,-0.021722,514.314454,782.454134,518.924438,751.745718,-1.122453,0.811612,-0.539844,-0.021722,1.035425,-0.722105,1.255036,0.000000,14.627971,0.089508,0.715192,-0.021722,1.000000,4.663350,0.107661,1.000000,0.625157,0.365125,0.345142
12.941000,5.791000,14.655465,0.142806,0.548378,-0.019489,542.577582,762.754520,562.202552,722.577025,-1.092025,0.865759,-0.716874,-0.019489,1.032490,-0.722953,1.265253,0.000000,14.655465,0.142806,0.548378,-0.019489,1.000000,4.705362,0.138308,1.000000,0.630269,0.365571,0.344163
12.963000,5.813000,14.664283,0.099070,0.759669,-0.018210,502.607071,789.202320,513.128427,759.375269,-1.080253,0.822592,-0.515661,-0.018210,1.029537,-0.723522,1.275330,0.000000,14.664283,0.099070,0.759669,-0.018210,1.000000,4.628567,0.105959,1.000000,0.635348,0.365816,0.343179
12.982000,5.832000,14.676253,0.152959,0.723608,-0.015992,502.535529,788.321173,529.431109,750.010909,-1.065319,0.876574,-0.561488,-0.015992,1.026572,-0.723614,1.285096,0.000000,14.676253,0.152959,0.723608,-0.015992,1.000000,4.714884,0.119740,1.000000,0.640315,0.365744,0.342191
13.007000,5.857000,14.706198,0.085155,0.466893,-0.010911,564.138225,743.329748,576.054978,719.498774,-1.032401,0.808048,-0.827672,-0.010911,1.023599,-0.722893,1.294565,0.000000,14.706198,0.085155,0.466893,-0.010911,1.000000,4.891958,0.144469,1.000000,0.645174,0.365196,0.341200
13.024000,5.874000,14.703236,0.106620,0.892255,-0.016448,471.229689,808.676648,486.294855,779.400015,-1.032382,0.828500,-0.411825,-0.016448,1.020618,-0.721880,1.304080,0.000000,14.703236,0.106620,0.892255,-0.016448,1.000000,4.609860,0.096286,1.000000,0.649977,0.364643,0.340206
13.045000,5.895000,14.733723,0.016000,0.475933,-0.008932,570.731836,738.062550,567.361501,728.806181,-0.998915,0.736506,-0.836995,-0.008932,1.017638,-0.720505,1.312928,0.000000,14.733723,0.016000,0.475933,-0.008932,1.000000,4.530579,0.134286,1.000000,0.654545,0.363727,0.339213
13.061000,5.911000,14.732496,0.113977,0.945880,-0.014708,457.184020,816.708413,476.558181,787.558002,-0.997158,0.832459,-0.376178,-0.014708,1.014654,-0.718482,1.322058,0.000000,14.732496,0.113977,0.945880,-0.014708,1.000000,4.569726,0.093415,1.000000,0.659167,0.362645,0.338218
13.086000,5.936000,14.744424,0.184235,0.737739,-0.012747,495.474552,793.297849,533.829267,751.658376,-0.982246,0.900064,-0.593229,-0.012747,1.011670,-0.715829,1.330968,0.000000,14.744424,0.184235,0.737739,-0.012747,1.000000,4.838311,0.125868,1.000000,0.663751,0.361118,0.337223
13.103000,5.953000,14.753036,0.110765,0.748421,-0.013852,504.071466,788.865485,521.611530,759.810883,-0.970648,0.823686,-0.591091,-0.013852,1.008684,-0.712921,1.339512,0.000000,14.753036,0.110765,0.748421,-0.013852,1.000000,4.518160,0.112226,1.000000,0.668127,0.359505,0.336228
13.122000,5.972000,14.758545,0.110672,0.661234,-0.016528,524.516835,777.309706,539.070971,745.993660,-0.962150,0.820032,-0.686690,-0.016528,1.005695,-0.709360,1.347924,0.000000,14.758545,0.110672,0.661234,-0.016528,1.000000,4.474126,0.123684,1.000000,0.672396,0.357639,0.335232
13.144000,5.994000,14.763074,0.074134,0.682487,-0.017803,525.499207,777.615935,529.404158,752.234950,-0.954631,0.779234,-0.673839,-0.017803,1.002705,-0.705100,1.356326,0.000000,14.763074,0.074134,0.682487,-0.017803,1.000000,4.394551,0.115271,1.000000,0.676599,0.355543,0.334235
13.162000,6.012000,14.773137,0.081453,0.593614,-0.018353,543.757546,765.694298,548.926330,738.145721,-0.941580,0.781739,-0.770852,-0.018353,0.999717,-0.700286,1.364466,0.000000,14.773137,0.081453,0.593614,-0.018353,1.000000,4.367410,0.129432,1.000000,0.680663,0.353186,0.333239
13.182000,6.032000,14.787511,0.039589,0.328138,-0.013470,599.480907,720.183282,598.245892,702.766904,-0.924224,0.734501,-1.044231,-0.013470,0.996736,-0.694912,1.372369,0.000000,14.787511,0.039589,0.328138,-0.013470,1.000000,4.375657,0.171551,1.000000,0.684602,0.350564,0.332245
13.203000,6.053000,14.796198,0.043313,0.471408,-0.014040,571.968156,742.938572,571.118320,724.952063,-0.912562,0.732423,-0.908691,-0.014040,0.993760,-0.689109,1.380100,0.000000,14.796198,0.043313,0.471408,-0.014040,1.000000,4.270970,0.144564,1.000000,0.688461,0.347718,0.331253
13.227000,6.077000,14.810093,0.075191,0.769222,-0.013293,505.738949,789.567987,514.172058,767.398176,-0.895703,0.758798,-0.618082,-0.013293,0.990796,-0.683606,1.387304,0.000000,14.810093,0.075191,0.769222,-0.013293,1.000000,3.931542,0.103820,1.000000,0.692130,0.344875,0.330265
13.246000,6.096000,14.822348,0.158139,0.721100,-0.008886,503.347557,788.829105,537.730476,754.408196,-0.880499,0.835585,-0.673135,-0.008886,0.987847,-0.677445,1.394235,0.000000,14.822348,0.158139,0.721100,-0.008886,1.000000,4.113443,0.122892,1.000000,0.695720,0.341584,0.329282
13.262000,6.112000,14.832025,0.161273,0.781411,-0.006782,488.529383,797.159910,526.576252,763.950582,-0.867889,0.832185,-0.619456,-0.006782,0.984914,-0.670912,1.400867,0.000000,14.832025,0.161273,0.781411,-0.006782,1.000000,4.069420,0.115163,1.000000,0.699185,0.338050,0.328305
13.285000,6.135000,14.837840,0.160876,0.758656,-0.005948,493.577187,793.746923,531.886541,761.020537,-0.859155,0.824626,-0.648665,-0.005948,0.981995,-0.663750,1.407321,0.000000,14.837840,0.160876,0.758656,-0.005948,1.000000,4.017125,0.117462,1.000000,0.702514,0.334295,0.327332
13.306000,6.156000,14.845435,0.114555,0.704687,-0.008218,513.308380,782.830707,536.434329,756.654119,-0.848659,0.770857,-0.708849,-0.008218,0.979094,-0.656302,1.413536,0.000000,14.845435,0.114555,0.704687,-0.008218,1.000000,3.901463,0.116878,1.000000,0.705735,0.330368,0.326365
13.327000,6.177000,14.849058,0.030538,0.393537,-0.007947,587.504958,728.763005,588.463269,717.268333,-0.842152,0.678630,-1.026075,-0.007947,0.976210,-0.648092,1.419612,0.000000,14.849058,0.030538,0.393537,-0.007947,1.000000,3.880087,0.158435,1.000000,0.708808,0.326223,0.325403
13.346000,6.196000,14.852605,0.046238,0.479935,-0.010614,569.983431,744.434849,572.630223,728.330740,-0.835740,0.685632,-0.945586,-0.010614,0.973345,-0.639394,1.425522,0.000000,14.852605,0.046238,0.479935,-0.010614,1.000000,3.795630,0.143418,1.000000,0.711775,0.321887,0.324448
13.360000,6.210000,14.870402,0.062851,0.429475,-0.012303,578.985086,739.275615,584.214513,718.650400,-0.815108,0.692728,-1.001684,-0.012303,0.970510,-0.629877,1.431159,0.000000,14.870402,0.062851,0.429475,-0.012303,1.000000,3.895829,0.154983,1.000000,0.714607,0.317139,0.323503
13.388000,6.238000,14.871047,0.042451,0.506203,-0.010904,565.838648,748.500180,567.338965,733.002891,-0.811648,0.662988,-0.930234,-0.010904,0.967695,-0.620537,1.436437,0.000000,14.871047,0.042451,0.506203,-0.010904,1.000000,3.651694,0.137089,1.000000,0.717271,0.312454,0.322565
13.401000,6.251000,14.869180,0.117578,0.818607,-0.011728,489.653931,800.848652,511.488869,772.420762,-0.810722,0.728641,-0.622856,-0.011728,0.964901,-0.611063,1.441462,0.000000,14.869180,0.117578,0.818607,-0.011728,1.000000,3.576641,0.098473,1.000000,0.719854,0.307592,0.321634
13.423000,6.273000,14.881637,0.118560,0.821557,-0.008577,487.711182,800.571133,512.758226,774.037559,-0.795502,0.720051,-0.624540,-0.008577,0.962139,-0.601491,1.446096,0.000000,14.881637,0.118560,0.821557,-0.008577,1.000000,3.499871,0.097188,1.000000,0.722278,0.302591,0.320713
13.445000,6.295000,14.877037,0.126334,0.825797,-0.007994,485.201996,801.572709,513.016028,774.059476,-0.797361,0.717743,-0.624748,-0.007994,0.959398,-0.591409,1.450544,0.000000,14.877037,0.126334,0.825797,-0.007994,1.000000,3.451321,0.096911,1.000000,0.724568,0.297426,0.319799
13.465000,6.315000,14.876915,0.112802,0.745911,-0.008422,505.441760,789.226346,528.270651,763.452407,-0.794767,0.693915,-0.708778,-0.008422,0.956682,-0.581113,1.454689,0.000000,14.876915,0.112802,0.745911,-0.008422,1.000000,3.386977,0.104712,1.000000,0.726718,0.292121,0.318894
13.487000,6.337000,14.885465,0.079709,0.519325,-0.012098,559.472013,754.602174,569.190081,731.347035,-0.783534,0.649631,-0.939198,-0.012098,0.953998,-0.569922,1.458523,0.000000,14.885465,0.079709,0.519325,-0.012098,1.000000,3.479701,0.136565,1.000000,0.728670,0.286470,0.317999
13.501000,6.351000,14.875459,0.068048,0.529726,-0.014629,559.620513,755.737906,564.399054,732.971718,-0.790876,0.626682,-0.932526,-0.014629,0.951335,-0.558634,1.462252,0.000000,14.875459,0.068048,0.529726,-0.014629,1.000000,3.265833,0.132510,1.000000,0.730507,0.280932,0.317112
13.520000,6.370000,14.882682,0.034265,0.388882,-0.017215,592.431950,732.313470,586.972407,713.553438,-0.781022,0.581452,-1.076763,-0.017215,0.948704,-0.547186,1.465644,0.000000,14.882682,0.034265,0.388882,-0.017215,1.000000,3.197320,0.155880,1.000000,0.732177,0.275315,0.316235
13.542000,6.392000,14.880972,0.042215,0.388395,-0.015455,590.855939,732.346789,588.659724,713.295770,-0.780129,0.577774,-1.080319,-0.015455,0.946101,-0.535559,1.468714,0.000000,14.880972,0.042215,0.388395,-0.015455,1.000000,3.140470,0.156201,1.000000,0.733685,0.269616,0.315367
13.563000,6.413000,14.875075,0.058582,0.436116,-0.012236,578.299149,739.952891,582.568428,720.220594,-0.783449,0.582480,-1.035304,-0.012236,0.943524,-0.523898,1.471420,0.000000,14.875075,0.058582,0.436116,-0.012236,1.000000,3.090765,0.147267,1.000000,0.735033,0.263843,0.314508
13.585000,6.435000,14.867765,0.052853,0.445711,-0.011234,576.532823,740.381843,580.242436,722.476367,-0.788206,0.564990,-1.028086,-0.011234,0.940971,-0.512136,1.473796,0.000000,14.867765,0.052853,0.445711,-0.011234,1.000000,3.045661,0.143843,1.000000,0.736222,0.258005,0.313657
13.602000,6.452000,14.851756,0.097070,0.543697,-0.007733,549.632861,757.700448,567.409010,734.286612,-0.801680,0.597444,-0.932124,-0.007733,0.938436,-0.500374,1.475821,0.000000,14.851756,0.097070,0.543697,-0.007733,1.000000,3.033648,0.129012,1.000000,0.737266,0.252082,0.312812
13.622000,6.472000,14.860490,0.037163,0.398372,-0.003111,584.158413,728.677136,590.511144,719.335018,-0.790445,0.525895,-1.079066,-0.003111,0.935934,-0.488733,1.477438,0.000000,14.860490,0.037163,0.398372,-0.003111,1.000000,2.971477,0.150344,1.000000,0.738121,0.246167,0.311978
13.644000,6.494000,14.849021,0.057983,0.481561,-0.002442,564.784566,742.904327,576.943663,730.249006,-0.799431,0.535032,-0.997140,-0.002442,0.933451,-0.477048,1.478701,0.000000,14.849021,0.057983,0.481561,-0.002442,1.000000,2.956056,0.134446,1.000000,0.738800,0.240225,0.311150
13.661000,6.511000,14.847958,0.088191,0.552134,-0.002183,546.577899,756.192036,566.819063,738.264215,-0.798036,0.553488,-0.927501,-0.002183,0.930994,-0.465296,1.479635,0.000000,14.847958,0.088191,0.552134,-0.002183,1.000000,2.960917,0.123030,1.000000,0.739320,0.234225,0.310331
13.681000,6.531000,14.848262,0.104040,0.637383,-0.001563,526.387696,770.002181,551.914948,749.886582,-0.795300,0.557622,-0.842875,-0.001563,0.928562,-0.453582,1.480257,0.000000,14.848262,0.104040,0.637383,-0.001563,1.000000,2.928052,0.108463,1.000000,0.739684,0.228238,0.309521
13.702000,6.552000,14.850068,0.145376,0.875571,-0.004490,468.141665,808.572622,505.448604,780.201257,-0.791090,0.587252,-0.604983,-0.004490,0.926158,-0.441875,1.480554,0.000000,14.850068,0.145376,0.875571,-0.004490,1.000000,2.933551,0.077347,1.000000,0.739881,0.222258,0.308719
13.722000,6.572000,14.869437,0.096515,0.811801,-0.005476,491.254222,796.058871,512.959985,775.394025,-0.769357,0.526715,-0.668728,-0.005476,0.923793,-0.430200,1.480529,0.000000,14.869437,0.096515,0.811801,-0.005476,1.000000,2.884997,0.078385,1.000000,0.739904,0.216338,0.307931
13.747000,6.597000,14.871454,0.052776,0.687443,-0.009701,526.704306,775.795960,532.081075,759.771781,-0.765004,0.471316,-0.792741,-0.009701,0.921458,-0.418540,1.480184,0.000000,14.871454,0.052776,0.687443,-0.009701,1.000000,2.854352,0.090919,1.000000,0.739751,0.210473,0.307153
13.762000,6.612000,14.866674,0.026057,0.569745,-0.013403,556.052613,757.239686,551.369284,743.280926,-0.767474,0.432922,-0.909775,-0.013403,0.919148,-0.406865,1.479519,0.000000,14.866674,0.026057,0.569745,-0.013403,1.000000,2.849205,0.107419,1.000000,0.739423,0.204652,0.306383
13.785000,6.635000,14.847725,-0.047723,0.232509,-0.011883,627.752692,697.096073,608.069974,697.924831,-0.784127,0.347245,-1.245793,-0.011883,0.916853,-0.394968,1.478302,0.000000,14.847725,-0.047723,0.232509,-0.011883,1.000000,3.041379,0.173421,1.000000,0.738814,0.198740,0.305618
13.805000,6.655000,14.844343,0.094673,0.517590,-0.014507,557.880622,755.741503,569.324959,727.984875,-0.785248,0.477931,-0.959163,-0.014507,0.914591,-0.383258,1.476753,0.000000,14.844343,0.094673,0.517590,-0.014507,1.000000,2.958012,0.121028,1.000000,0.738034,0.192944,0.304864
13.826000,6.676000,14.850191,0.037907,0.453940,-0.011199,576.272492,739.867021,576.412263,724.850817,-0.777155,0.409587,-1.020930,-0.011199,0.912346,-0.371680,1.474870,0.000000,14.850191,0.037907,0.453940,-0.011199,1.000000,3.042027,0.127058,1.000000,0.737102,0.187158,0.304115
13.842000,6.692000,14.834786,0.094356,0.404072,-0.004621,576.145294,735.007900,594.922907,713.608845,-0.790327,0.454963,-1.068805,-0.004621,0.910112,-0.360607,1.472876,0.000000,14.834786,0.094356,0.404072,-0.004621,1.000000,2.880906,0.141182,1.000000,0.736119,0.181602,0.303371
13.863000,6.713000,14.829779,0.147545,0.527212,-0.003265,544.113087,757.962042,578.032856,728.064378,-0.793116,0.497200,-0.943362,-0.003265,0.907895,-0.349655,1.470573,0.000000,14.829779,0.147545,0.527212,-0.003265,1.000000,2.887579,0.120005,1.000000,0.734983,0.176098,0.302632
13.882000,6.732000,14.832109,0.086082,0.774842,-0.004335,499.476291,788.839797,519.064124,770.626608,-0.788589,0.425080,-0.693094,-0.004335,0.905697,-0.338998,1.467935,0.000000,14.832109,0.086082,0.774842,-0.004335,1.000000,2.883305,0.072328,1.000000,0.733672,0.170773,0.301899
13.907000,6.757000,14.822426,0.015197,0.552511,-0.003494,555.598622,749.445692,556.487666,744.222991,-0.796082,0.343805,-0.912444,-0.003494,0.903508,-0.328608,1.464955,0.000000,14.822426,0.015197,0.552511,-0.003494,1.000000,2.887452,0.101414,1.000000,0.732190,0.165579,0.301169
13.929000,6.779000,14.830233,0.157329,0.890037,-0.007641,463.810520,812.242172,501.842383,779.817258,-0.786104,0.475819,-0.571943,-0.007641,0.901337,-0.318490,1.461980,0.000000,14.830233,0.157329,0.890037,-0.007641,1.000000,2.718386,0.061538,1.000000,0.730700,0.160571,0.300446
13.942000,6.792000,14.831815,-0.030400,0.637811,-0.011678,547.653454,760.895079,529.731433,758.618729,-0.782364,0.278185,-0.820567,-0.011678,0.899179,-0.308585,1.458377,0.000000,14.831815,-0.030400,0.637811,-0.011678,1.000000,2.910389,0.081206,1.000000,0.728895,0.155673,0.299726
13.960000,6.810000,14.830668,0.000894,0.606977,-0.012245,550.211179,759.367663,540.011846,750.922621,-0.781363,0.299960,-0.847463,-0.012245,0.897031,-0.299066,1.454440,0.000000,14.830668,0.000894,0.606977,-0.012245,1.000000,2.949470,0.086937,1.000000,0.726929,0.150942,0.299010
13.986000,6.836000,14.827367,-0.003810,0.557522,-0.010918,560.178570,751.055709,550.093199,744.308922,-0.782525,0.286212,-0.892635,-0.010918,0.894891,-0.290022,1.450157,0.000000,14.827367,-0.003810,0.557522,-0.010918,1.000000,2.974403,0.094007,1.000000,0.724804,0.146379,0.298297
14.004000,6.854000,14.821101,0.063669,0.505145,-0.009919,561.728419,749.003258,569.265109,730.166120,-0.786654,0.344928,-0.940396,-0.009919,0.892755,-0.281258,1.445541,0.000000,14.821101,0.063669,0.505145,-0.009919,1.000000,3.000098,0.106530,1.000000,0.722518,0.141921,0.297585
14.026000,6.876000,14.819341,0.062296,0.293556,-0.006784,601.516482,715.236617,610.634213,698.057675,-0.786283,0.335232,-1.147042,-0.006784,0.890624,-0.272937,1.440598,0.000000,14.819341,0.062296,0.293556,-0.006784,1.000000,3.051983,0.148996,1.000000,0.720075,0.137646,0.296875
14.042000,6.892000,14.827248,0.055117,0.534382,-0.010891,557.479620,753.039289,562.159340,735.251179,-0.776255,0.320074,-0.900940,-0.010891,0.888503,-0.264957,1.435323,0.000000,14.827248,0.055117,0.534382,-0.010891,1.000000,3.093820,0.097452,1.000000,0.717454,0.133599,0.296168
14.065000,6.915000,14.829053,0.025889,0.434953,-0.009792,580.313655,734.929865,578.691207,723.125798,-0.772333,0.283261,-0.994450,-0.009792,0.886386,-0.257372,1.429402,0.000000,14.829053,0.025889,0.434953,-0.009792,1.000000,3.310440,0.112891,1.000000,0.714513,0.129725,0.295462
14.084000,6.934000,14.834261,0.120127,0.606356,-0.009984,534.156591,769.450828,556.337408,740.540570,-0.765015,0.370085,-0.817213,-0.009984,0.884276,-0.249958,1.423570,0.000000,14.834261,0.120127,0.606356,-0.009984,1.000000,3.101309,0.086342,1.000000,0.711602,0.126015,0.294759
14.105000,6.955000,14.843132,0.025653,0.474492,-0.007135,571.909558,740.296345,572.364377,730.484100,-0.754043,0.268747,-0.942963,-0.007135,0.882175,-0.243094,1.417455,0.000000,14.843132,0.025653,0.474492,-0.007135,1.000000,3.138033,0.101831,1.000000,0.708551,0.122575,0.294058
14.123000,6.973000,14.850545,0.008446,0.764525,-0.008531,514.874750,782.187525,509.439042,775.082497,-0.744537,0.244981,-0.646560,-0.008531,0.880082,-0.236535,1.411085,0.000000,14.850545,0.008446,0.764525,-0.008531,1.000000,3.156201,0.053356,1.000000,0.705356,0.119376,0.293361
14.145000,6.995000,14.857778,-0.007928,0.733379,-0.008188,523.865430,776.251961,514.417275,772.277948,-0.735218,0.222479,-0.671049,-0.008188,0.877995,-0.230407,1.404429,0.000000,14.857778,-0.007928,0.733379,-0.008188,1.000000,3.182603,0.055393,1.000000,0.702016,0.116406,0.292665
14.163000,7.013000,14.861469,0.039163,0.731006,-0.009064,518.580328,780.478228,520.978309,767.451622,-0.729445,0.263970,-0.666414,-0.009064,0.875914,-0.224807,1.397420,0.000000,14.861469,0.039163,0.731006,-0.009064,1.000000,3.199723,0.056708,1.000000,0.698515,0.113610,0.291971
14.181000,7.031000,14.868146,0.045544,0.678602,-0.012352,530.610047,774.674337,531.756225,758.169687,-0.720692,0.265033,-0.711527,-0.012352,0.873838,-0.219489,1.390130,0.000000,14.868146,0.045544,0.678602,-0.012352,1.000000,3.222062,0.062861,1.000000,0.694861,0.111027,0.291279
14.205000,7.055000,14.875863,0.038861,0.585051,-0.016219,552.760161,761.803691,548.916834,743.611227,-0.710906,0.253652,-0.797506,-0.016219,0.871769,-0.214791,1.382557,0.000000,14.875863,0.038861,0.585051,-0.016219,1.000000,3.254181,0.075116,1.000000,0.691076,0.108693,0.290590
14.223000,7.073000,14.885571,0.052251,0.565091,-0.015605,555.129230,760.059122,555.187662,739.729695,-0.699137,0.263049,-0.809560,-0.015605,0.869708,-0.210798,1.374651,0.000000,14.885571,0.052251,0.565091,-0.015605,1.000000,3.280437,0.077370,1.000000,0.687142,0.106590,0.289903
14.242000,7.092000,14.900916,-0.006153,0.542701,-0.015641,567.277358,751.655807,552.783246,742.110039,-0.681744,0.201126,-0.823838,-0.015641,0.867660,-0.207278,1.366538,0.000000,14.900916,-0.006153,0.542701,-0.015641,1.000000,3.302008,0.076588,1.000000,0.683096,0.104775,0.289220
14.263000,7.113000,14.907737,0.015969,0.551998,-0.013823,562.127578,754.606061,554.618347,742.203082,-0.672883,0.220428,-0.806147,-0.013823,0.865621,-0.204459,1.358145,0.000000,14.907737,0.015969,0.551998,-0.013823,1.000000,3.312039,0.074393,1.000000,0.678925,0.103202,0.288540
14.281000,7.131000,14.922322,-0.008796,0.582090,-0.011151,558.438016,756.183182,546.854686,750.249763,-0.656274,0.193159,-0.767432,-0.011151,0.863596,-0.201955,1.349522,0.000000,14.922322,-0.008796,0.582090,-0.011151,1.000000,3.325014,0.066946,1.000000,0.674624,0.101888,0.287865
14.304000,7.154000,14.931771,-0.060555,0.550013,-0.009020,570.582234,746.040984,548.017974,751.153185,-0.644815,0.139835,-0.790139,-0.009020,0.861585,-0.200391,1.340151,0.000000,14.931771,-0.060555,0.550013,-0.009020,1.000000,3.583809,0.068553,1.000000,0.669959,0.100974,0.287195
14.327000,7.177000,14.943099,0.031123,0.612545,-0.008194,546.513952,763.754541,547.483708,752.518617,-0.631495,0.230515,-0.718060,-0.008194,0.859594,-0.199392,1.330605,0.000000,14.943099,0.031123,0.612545,-0.008194,1.000000,3.480699,0.060869,1.000000,0.665205,0.100343,0.286531
14.342000,7.192000,14.952784,0.044553,0.662578,-0.008887,534.936508,772.711833,538.808806,758.682138,-0.619831,0.242750,-0.658652,-0.008887,0.857615,-0.198197,1.321230,0.000000,14.952784,0.044553,0.662578,-0.008887,1.000000,3.362194,0.053125,1.000000,0.660515,0.099765,0.285872
14.362000,7.212000,14.965226,0.073215,0.679073,-0.008359,527.800669,777.740378,539.633737,758.914597,-0.605430,0.270877,-0.632527,-0.008359,0.855656,-0.197662,1.311600,0.000000,14.965226,0.073215,0.679073,-0.008359,1.000000,3.373435,0.051019,1.000000,0.655708,0.099438,0.285219
14.386000,7.236000,14.980611,0.041725,0.724145,-0.010211,523.573375,782.323282,525.614012,768.101847,-0.588107,0.239143,-0.577675,-0.010211,0.853718,-0.197418,1.301820,0.000000,14.980611,0.041725,0.724145,-0.010211,1.000000,3.357800,0.042559,1.000000,0.650810,0.099369,0.284573
14.405000,7.255000,14.989377,0.053498,0.696340,-0.010199,528.200174,779.528336,533.316776,763.117374,-0.577423,0.251378,-0.595389,-0.010199,0.851801,-0.197880,1.291728,0.000000,14.989377,0.053498,0.696340,-0.010199,1.000000,3.385848,0.045112,1.000000,0.645770,0.099551,0.283934
14.424000,7.274000,15.001270,0.011638,0.480964,-0.008838,577.053949,743.664390,572.737161,735.370695,-0.563637,0.210490,-0.800515,-0.008838,0.849906,-0.198853,1.281479,0.000000,15.001270,0.011638,0.480964,-0.008838,1.000000,3.380759,0.071698,1.000000,0.640655,0.099971,0.283302
14.445000,7.295000,15.000102,-0.008509,0.539357,-0.011137,568.940984,751.336863,557.659931,745.321306,-0.562925,0.191807,-0.731667,-0.011137,0.848028,-0.200316,1.271025,0.000000,15.000102,-0.008509,0.539357,-0.011137,1.000000,3.345922,0.060394,1.000000,0.635440,0.100616,0.282676
14.466000,7.316000,15.003696,-0.023234,0.568095,-0.012766,565.810077,754.889530,549.379674,750.528124,-0.557473,0.178909,-0.692239,-0.012766,0.846169,-0.202143,1.260334,0.000000,15.003696,-0.023234,0.568095,-0.012766,1.000000,3.350698,0.054244,1.000000,0.630099,0.101495,0.282056
14.482000,7.332000,15.007861,-0.057312,0.783845,-0.016357,527.390570,784.603849,496.982988,784.130653,-0.551471,0.146886,-0.465569,-0.016357,0.844332,-0.204198,1.249414,0.000000,15.007861,-0.057312,0.783845,-0.016357,1.000000,3.360532,0.026901,1.000000,0.624622,0.102616,0.281444
14.501000,7.351000,15.019647,-0.061547,0.888001,-0.018116,506.419857,799.804363,471.698769,798.954240,-0.537875,0.144995,-0.350422,-0.018116,0.842522,-0.206542,1.238423,0.000000,15.019647,-0.061547,0.888001,-0.018116,1.000000,3.310381,0.017308,1.000000,0.619095,0.103969,0.280841
14.522000,7.372000,15.010461,-0.050025,0.853587,-0.018736,512.461862,795.988369,480.925930,792.714761,-0.545266,0.159552,-0.373560,-0.018736,0.840727,-0.209577,1.227147,0.000000,15.010461,-0.050025,0.853587,-0.018736,1.000000,3.331439,0.019509,1.000000,0.613444,0.105544,0.280242
14.543000,7.393000,15.004619,-0.063126,0.823582,-0.021314,521.744483,791.308143,484.610957,788.659628,-0.549331,0.150186,-0.391686,-0.021314,0.838949,-0.213312,1.215268,0.000000,15.004619,-0.063126,0.823582,-0.021314,1.000000,3.534903,0.020660,1.000000,0.607473,0.107569,0.279650
14.562000,7.412000,15.005184,0.002115,0.769614,-0.023150,525.491714,789.979527,505.210751,774.491272,-0.547008,0.219273,-0.434083,-0.023150,0.837192,-0.217159,1.203697,0.000000,15.005184,0.002115,0.769614,-0.023150,1.000000,3.318303,0.026697,1.000000,0.601666,0.109584,0.279064
14.584000,7.434000,15.001075,0.020912,0.699210,-0.022125,537.369370,781.155467,523.497020,762.747833,-0.549377,0.242584,-0.492793,-0.022125,0.835451,-0.221672,1.192003,0.000000,15.001075,0.020912,0.699210,-0.022125,1.000000,3.275868,0.033236,1.000000,0.595823,0.111791,0.278484
14.602000,7.452000,14.991977,0.017244,0.652716,-0.020602,546.591629,773.427489,533.327880,756.536702,-0.556747,0.244112,-0.527351,-0.020602,0.833724,-0.226868,1.180068,0.000000,14.991977,0.017244,0.652716,-0.020602,1.000000,3.296800,0.036911,1.000000,0.589885,0.114206,0.277908
14.625000,7.475000,14.979122,0.011739,0.612418,-0.017853,554.023798,765.883958,541.883429,751.715909,-0.567885,0.244718,-0.555099,-0.017853,0.832007,-0.232979,1.167517,0.000000,14.979122,0.011739,0.612418,-0.017853,1.000000,3.477364,0.040059,1.000000,0.583649,0.117036,0.277336
14.646000,7.496000,14.976793,-0.025513,0.616849,-0.015437,556.726166,762.289996,537.127663,756.588677,-0.568513,0.213291,-0.538463,-0.015437,0.830306,-0.238803,1.155312,0.000000,14.976793,-0.025513,0.616849,-0.015437,1.000000,3.293081,0.036799,1.000000,0.577567,0.119832,0.276769
14.661000,7.511000,14.964504,-0.043425,0.676345,-0.011925,545.036422,767.999217,523.353313,767.944637,-0.579109,0.201536,-0.466689,-0.011925,0.828613,-0.244961,1.143034,0.000000,14.964504,-0.043425,0.676345,-0.011925,1.000000,3.227816,0.029209,1.000000,0.571455,0.122770,0.276204
14.684000,7.534000,14.955916,-0.052023,0.424628,-0.005929,593.172042,727.108303,576.072529,732.885656,-0.586016,0.200020,-0.705465,-0.005929,0.826932,-0.252043,1.130093,0.000000,14.955916,-0.052023,0.424628,-0.005929,1.000000,3.507431,0.057207,1.000000,0.565021,0.126134,0.275644
14.704000,7.554000,14.947423,-0.052842,0.539782,-0.007189,571.313586,744.897593,552.274560,749.832102,-0.592839,0.206499,-0.577281,-0.007189,0.825262,-0.259341,1.117063,0.000000,14.947423,-0.052842,0.539782,-0.007189,1.000000,3.475680,0.041109,1.000000,0.558535,0.129656,0.275087
14.726000,7.576000,14.938712,-0.051255,0.685453,-0.009809,542.558427,767.428579,520.564213,770.197813,-0.599890,0.215005,-0.419027,-0.009809,0.823603,-0.266260,1.104480,0.000000,14.938712,-0.051255,0.685453,-0.009809,1.000000,3.216263,0.025789,1.000000,0.552253,0.133078,0.274534
14.751000,7.601000,14.933866,-0.093497,1.057413,-0.016689,468.645390,818.603064,422.011277,824.080178,-0.603091,0.180059,-0.034049,-0.016689,0.821957,-0.273555,1.091462,0.000000,14.933866,-0.093497,1.057413,-0.016689,1.000000,3.402194,0.007023,1.000000,0.545704,0.136886,0.273986
14.764000,7.614000,14.921168,-0.070551,1.110111,-0.020664,453.929964,828.745815,408.922432,827.868449,-0.614150,0.209938,0.031160,-0.020664,0.820318,-0.280489,1.078951,0.000000,14.921168,-0.070551,1.110111,-0.020664,1.000000,3.139025,0.008319,1.000000,0.539392,0.140564,0.273439
14.784000,7.634000,14.905358,-0.073087,1.106077,-0.025623,457.331919,829.233836,406.211121,825.722454,-0.628326,0.214555,0.039677,-0.025623,0.818684,-0.287643,1.066400,0.000000,14.905358,-0.073087,1.106077,-0.025623,1.000000,3.139132,0.008774,1.000000,0.533056,0.144357,0.272895
14.803000,7.653000,14.885804,-0.065026,0.971278,-0.029316,489.383683,812.244332,440.645411,804.930590,-0.646245,0.230128,-0.082493,-0.029316,0.817049,-0.295154,1.053771,0.000000,14.885804,-0.065026,0.971278,-0.029316,1.000000,3.157991,0.010239,1.000000,0.526695,0.148256,0.272350
14.821000,7.671000,14.864033,-0.060359,0.812526,-0.030436,523.872523,790.324798,478.930407,781.243982,-0.666376,0.242705,-0.228525,-0.030436,0.815410,-0.303065,1.041050,0.000000,14.864033,-0.060359,0.812526,-0.030436,1.000000,3.190214,0.015646,1.000000,0.520315,0.152252,0.271803
14.842000,7.692000,14.845050,-0.037782,0.766750,-0.028760,529.398347,784.887767,492.989912,772.787881,-0.683715,0.273649,-0.261425,-0.028760,0.813766,-0.311431,1.028175,0.000000,14.845050,-0.037782,0.766750,-0.028760,1.000000,3.211069,0.019080,1.000000,0.513900,0.156334,0.271255
14.864000,7.714000,14.827016,-0.102525,0.533934,-0.025995,582.959709,743.451159,535.866309,744.800375,-0.700099,0.217481,-0.481205,-0.025995,0.812115,-0.320006,1.015139,0.000000,14.827016,-0.102525,0.533934,-0.025995,1.000000,3.333806,0.032855,1.000000,0.507395,0.160555,0.270705
14.886000,7.736000,14.804638,-0.078872,0.553284,-0.020646,573.635740,746.311396,536.583904,746.902498,-0.720814,0.249888,-0.448831,-0.020646,0.810453,-0.328760,1.002114,0.000000,14.804638,-0.078872,0.553284,-0.020646,1.000000,3.310287,0.031628,1.000000,0.500908,0.164834,0.270151
14.902000,7.752000,14.782838,-0.053780,0.641179,-0.012689,549.053112,758.647997,524.118694,759.978662,-0.740938,0.283832,-0.347983,-0.012689,0.808776,-0.337612,0.989161,0.000000,14.782838,-0.053780,0.641179,-0.012689,1.000000,3.262614,0.025671,1.000000,0.494468,0.169135,0.269592
14.923000,7.773000,14.763811,-0.052566,0.724292,-0.009200,529.544515,769.464218,507.183839,772.864979,-0.758274,0.293898,-0.251977,-0.009200,0.807084,-0.346463,0.976269,0.000000,14.763811,-0.052566,0.724292,-0.009200,1.000000,3.242774,0.020745,1.000000,0.488051,0.173468,0.269028
14.943000,7.793000,14.755569,-0.063505,0.434007,-0.004139,587.071110,722.789489,568.438461,732.041497,-0.764814,0.291986,-0.529242,-0.004139,0.805383,-0.355491,0.963249,0.000000,14.755569,-0.063505,0.434007,-0.004139,1.000000,3.343099,0.042386,1.000000,0.481579,0.177869,0.268461
14.964000,7.814000,14.739062,-0.106864,0.880003,-0.011575,503.317861,787.420378,461.323291,798.732987,-0.779602,0.257488,-0.070337,-0.011575,0.803664,-0.364353,0.950340,0.000000,14.739062,-0.106864,0.880003,-0.011575,1.000000,3.283300,0.013216,1.000000,0.475122,0.182302,0.267888
14.984000,7.834000,14.729892,-0.031112,0.709678,-0.010043,529.260542,768.904436,511.983583,767.868855,-0.787040,0.342038,-0.227861,-0.010043,0.801932,-0.373150,0.937539,0.000000,14.729892,-0.031112,0.709678,-0.010043,1.000000,3.289728,0.023096,1.000000,0.468723,0.186693,0.267311
15.002000,7.852000,14.719877,-0.155216,0.981604,-0.016394,488.756181,798.782478,424.772089,815.194235,-0.795308,0.226721,0.056911,-0.016394,0.800185,-0.381937,0.924693,0.000000,14.719877,-0.155216,0.981604,-0.016394,1.000000,3.339946,0.011816,1.000000,0.462270,0.191153,0.266728
15.023000,7.873000,14.706653,-0.099051,0.696300,-0.016982,543.257374,762.631266,501.772106,769.319064,-0.806767,0.291683,-0.215573,-0.016982,0.798420,-0.390734,0.911873,0.000000,14.706653,-0.099051,0.696300,-0.016982,1.000000,3.391414,0.019693,1.000000,0.455831,0.195613,0.266140
15.044000,7.894000,14.693096,-0.093401,1.047245,-0.030297,470.295853,817.156019,408.701026,814.136100,-0.818539,0.305897,0.148008,-0.030297,0.796635,-0.399298,0.899237,0.000000,14.693096,-0.093401,1.047245,-0.030297,1.000000,3.366110,0.018340,1.000000,0.449456,0.200014,0.265545
15.063000,7.913000,14.678331,-0.013085,0.666677,-0.025585,541.281874,768.426175,515.353211,753.654557,-0.831497,0.395100,-0.219482,-0.025585,0.794827,-0.408185,0.886159,0.000000,14.678331,-0.013085,0.666677,-0.025585,1.000000,3.711491,0.027407,1.000000,0.442871,0.204545,0.264942
15.085000,7.935000,14.654295,-0.097962,1.034098,-0.033644,474.541659,815.306949,408.252983,810.957263,-0.853692,0.318580,0.160291,-0.033644,0.792987,-0.416542,0.873807,0.000000,14.654295,-0.097962,1.034098,-0.033644,1.000000,3.410928,0.020120,1.000000,0.436626,0.208852,0.264329
15.105000,7.955000,14.643415,-0.098503,0.889905,-0.032208,506.673280,794.456902,446.520643,791.014791,-0.862706,0.326405,0.028424,-0.032208,0.791122,-0.424907,0.861481,0.000000,14.643415,-0.098503,0.889905,-0.032208,1.000000,3.462597,0.018281,1.000000,0.430411,0.213121,0.263707
15.124000,7.974000,14.642448,-0.031105,0.542592,-0.021919,566.267302,746.414056,540.042384,737.165595,-0.861776,0.402015,-0.306521,-0.021919,0.789224,-0.433120,0.849113,0.000000,14.642448,-0.031105,0.542592,-0.021919,1.000000,3.722560,0.033032,1.000000,0.424170,0.217316,0.263075
15.142000,7.992000,14.623008,-0.164727,0.837577,-0.030454,525.643410,780.176495,449.607835,789.590922,-0.879294,0.276567,0.000613,-0.030454,0.787302,-0.441294,0.836965,0.000000,14.623008,-0.164727,0.837577,-0.030454,1.000000,3.543283,0.015473,1.000000,0.418057,0.221452,0.262434
15.165000,8.015000,14.625971,-0.128294,0.464143,-0.020234,592.095262,724.299366,544.113129,734.628145,-0.874389,0.321045,-0.360716,-0.020234,0.785359,-0.449339,0.824859,0.000000,14.625971,-0.128294,0.464143,-0.020234,1.000000,3.635322,0.031005,1.000000,0.411964,0.225522,0.261786
15.182000,8.032000,14.619897,-0.115066,0.477348,-0.019018,587.385693,727.065183,543.431318,735.697103,-0.878491,0.342135,-0.335511,-0.019018,0.783389,-0.457201,0.812859,0.000000,14.619897,-0.115066,0.477348,-0.019018,1.000000,3.631548,0.030716,1.000000,0.405913,0.229516,0.261130
15.201000,8.051000,14.600352,-0.154297,0.895829,-0.024541,508.268173,787.115050,438.837049,798.412546,-0.896029,0.310506,0.094730,-0.024541,0.781381,-0.464802,0.801099,0.000000,14.600352,-0.154297,0.895829,-0.024541,1.000000,3.571796,0.018628,1.000000,0.399973,0.233391,0.260460
15.223000,8.073000,14.589107,-0.084687,1.011653,-0.019726,469.066359,807.782191,422.045426,809.909942,-0.905231,0.387468,0.222064,-0.019726,0.779339,-0.472155,0.789589,0.000000,14.589107,-0.084687,1.011653,-0.019726,1.000000,3.568576,0.028178,1.000000,0.394176,0.237110,0.259780
15.243000,8.093000,14.601594,-0.009502,0.706210,-0.013732,525.211836,769.139004,510.345467,761.707099,-0.890682,0.469734,-0.072013,-0.013732,0.777276,-0.479236,0.778223,0.000000,14.601594,-0.009502,0.706210,-0.013732,1.000000,3.678413,0.030536,1.000000,0.388456,0.240680,0.259092
15.263000,8.113000,14.604103,-0.130568,0.989916,-0.024070,483.484764,802.427074,418.384131,809.736962,-0.886084,0.355515,0.222921,-0.024070,0.775187,-0.486083,0.766995,0.000000,14.604103,-0.130568,0.989916,-0.024070,1.000000,3.614196,0.025518,1.000000,0.382789,0.244155,0.258396
15.281000,8.131000,14.601964,-0.110846,0.623719,-0.020514,558.280292,749.918996,511.623762,756.506079,-0.886105,0.381810,-0.132216,-0.020514,0.773068,-0.492655,0.755935,0.000000,14.601964,-0.110846,0.623719,-0.020514,1.000000,3.697101,0.024220,1.000000,0.377198,0.247505,0.257689
15.304000,8.154000,14.599256,-0.117209,0.741068,-0.023236,536.049275,767.594572,482.836974,773.380317,-0.886665,0.381703,-0.004014,-0.023236,0.770920,-0.498912,0.745082,0.000000,14.599256,-0.117209,0.741068,-0.023236,1.000000,3.670750,0.022487,1.000000,0.371694,0.250716,0.256973
15.321000,8.171000,14.582218,-0.197761,0.840478,-0.030672,528.352783,776.946263,442.267815,792.087680,-0.901514,0.307160,0.106075,-0.030672,0.768732,-0.504921,0.734403,0.000000,14.582218,-0.197761,0.840478,-0.030672,1.000000,3.652006,0.018781,1.000000,0.366267,0.253814,0.256244
15.341000,8.191000,14.584124,-0.160894,0.819635,-0.028616,527.079621,776.593343,454.349355,786.565512,-0.897391,0.349714,0.095685,-0.028616,0.766514,-0.510608,0.723950,0.000000,14.584124,-0.160894,0.819635,-0.028616,1.000000,3.644827,0.021281,1.000000,0.360948,0.256753,0.255505
15.365000,8.215000,14.589873,-0.024691,0.846319,-0.026885,502.202067,792.055171,469.436038,778.956241,-0.889396,0.491160,0.132844,-0.026885,0.764269,-0.515851,0.713475,0.000000,14.589873,-0.024691,0.846319,-0.026885,1.000000,3.923874,0.033871,1.000000,0.355629,0.259452,0.254756
15.382000,8.232000,14.602651,-0.131656,0.775769,-0.027189,532.436429,772.731228,470.720526,778.470421,-0.874350,0.389158,0.072171,-0.027189,0.762001,-0.520814,0.703598,0.000000,14.602651,-0.131656,0.775769,-0.027189,1.000000,3.663680,0.023384,1.000000,0.350588,0.262035,0.254000
15.405000,8.255000,14.629531,-0.101709,0.622931,-0.025491,560.087727,752.875178,511.570743,754.398176,-0.845191,0.423787,-0.070856,-0.025491,0.759723,-0.525496,0.693787,0.000000,14.629531,-0.101709,0.622931,-0.025491,1.000000,3.618246,0.025670,1.000000,0.345574,0.264481,0.253241
15.422000,8.272000,14.643690,-0.115679,0.592908,-0.023294,567.267308,746.601735,517.635610,752.225916,-0.828739,0.414187,-0.091295,-0.023294,0.757429,-0.529866,0.684203,0.000000,14.643690,-0.115679,0.592908,-0.023294,1.000000,3.596599,0.024911,1.000000,0.340674,0.266766,0.252476
15.442000,8.292000,14.668872,-0.032212,0.379743,-0.015426,595.991482,719.585361,576.118516,714.857370,-0.801260,0.501600,-0.295167,-0.015426,0.755132,-0.533812,0.674910,0.000000,14.668872,-0.032212,0.379743,-0.015426,1.000000,3.673185,0.040317,1.000000,0.335925,0.268830,0.251711
15.462000,8.312000,14.682092,-0.141482,0.675069,-0.020498,553.830003,756.305970,498.288794,768.421028,-0.785735,0.396075,0.009324,-0.020498,0.752827,-0.537557,0.665744,0.000000,14.682092,-0.141482,0.675069,-0.020498,1.000000,3.511168,0.021912,1.000000,0.331263,0.270759,0.250942
15.480000,8.330000,14.701989,-0.125541,0.660422,-0.018060,554.303773,755.156133,505.490015,766.017550,-0.763534,0.415426,0.003689,-0.018060,0.750523,-0.540967,0.656734,0.000000,14.701989,-0.125541,0.660422,-0.018060,1.000000,3.457152,0.023122,1.000000,0.326690,0.272507,0.250174
15.501000,8.351000,14.714649,-0.123061,0.843348,-0.016866,515.337578,781.995878,464.369682,792.822765,-0.748568,0.421056,0.195355,-0.016866,0.748218,-0.544117,0.647992,0.000000,14.714649,-0.123061,0.843348,-0.016866,1.000000,3.416822,0.027177,1.000000,0.322306,0.274059,0.249406
15.522000,8.372000,14.728488,-0.131408,0.810266,-0.017359,524.223893,776.897258,471.269374,788.949595,-0.732427,0.415465,0.170768,-0.017359,0.745915,-0.546873,0.639498,0.000000,14.728488,-0.131408,0.810266,-0.017359,1.000000,3.360572,0.025572,1.000000,0.318029,0.275435,0.248638
15.542000,8.392000,14.745542,-0.047411,0.538337,-0.013390,568.280122,743.348036,545.257838,743.032009,-0.713076,0.501767,-0.093000,-0.013390,0.743618,-0.549177,0.631337,0.000000,14.745542,-0.047411,0.538337,-0.013390,1.000000,3.396381,0.031145,1.000000,0.313914,0.276593,0.247873
15.562000,8.412000,14.754472,-0.146765,0.783938,-0.020340,533.868808,773.169028,474.610052,786.062959,-0.701852,0.404444,0.160699,-0.020340,0.741325,-0.551209,0.623240,0.000000,14.754472,-0.146765,0.783938,-0.020340,1.000000,3.234032,0.023907,1.000000,0.309845,0.277598,0.247108
15.582000,8.432000,14.768872,-0.103003,0.740750,-0.021719,538.236093,771.553111,490.760282,775.759231,-0.685169,0.449878,0.125296,-0.021719,0.739041,-0.552881,0.615454,0.000000,14.768872,-0.103003,0.740750,-0.021719,1.000000,3.187269,0.026551,1.000000,0.305935,0.278422,0.246347
15.602000,8.452000,14.779364,-0.122581,0.714887,-0.022906,546.900715,766.591330,493.653343,773.570576,-0.672401,0.431491,0.106917,-0.022906,0.736765,-0.554072,0.607970,0.000000,14.779364,-0.122581,0.714887,-0.022906,1.000000,3.124785,0.024335,1.000000,0.302136,0.279052,0.245588
15.621000,8.471000,14.791307,-0.158664,0.684482,-0.023235,558.092691,759.154173,495.686079,772.513780,-0.658196,0.396632,0.083533,-0.023235,0.734502,-0.555297,0.600949,0.000000,14.791307,-0.158664,0.684482,-0.023235,1.000000,2.886726,0.020816,1.000000,0.298597,0.279667,0.244834
15.641000,8.491000,14.807501,-0.039062,0.722268,-0.020687,534.417597,775.011982,505.486638,768.372727,-0.639755,0.516748,0.128189,-0.020687,0.732256,-0.555810,0.594079,0.000000,14.807501,-0.039062,0.722268,-0.020687,1.000000,3.023128,0.032482,1.000000,0.295138,0.279923,0.244085
15.665000,8.515000,14.813596,-0.016831,0.670690,-0.020735,542.503072,769.635707,519.972729,758.849008,-0.631426,0.538640,0.083371,-0.020735,0.730022,-0.555471,0.587319,0.000000,14.813596,-0.016831,0.670690,-0.020735,1.000000,3.114359,0.033738,1.000000,0.291699,0.279794,0.243341
15.683000,8.533000,14.832286,-0.069862,0.618329,-0.018198,559.323431,756.588653,525.822899,757.165500,-0.610527,0.485442,0.037401,-0.018198,0.727812,-0.555304,0.580928,0.000000,14.832286,-0.069862,0.618329,-0.018198,1.000000,2.851987,0.027466,1.000000,0.288486,0.279706,0.242604
15.703000,8.553000,14.840029,-0.061294,0.567608,-0.017475,568.287388,749.711154,538.195954,749.194244,-0.600591,0.493437,-0.007193,-0.017475,0.725620,-0.554731,0.574801,0.000000,14.840029,-0.061294,0.567608,-0.017475,1.000000,2.777780,0.027991,1.000000,0.285394,0.279430,0.241873
15.725000,8.575000,14.853872,-0.113744,0.332498,-0.012571,617.473026,706.946236,581.310761,720.149554,-0.584582,0.440484,-0.236662,-0.012571,0.723454,-0.554228,0.569160,0.000000,14.853872,-0.113744,0.332498,-0.012571,1.000000,2.598040,0.028437,1.000000,0.282538,0.279196,0.241151
15.742000,8.592000,14.870193,-0.049645,0.732189,-0.015659,533.238354,775.027518,505.943299,773.630000,-0.566124,0.502897,0.168642,-0.015659,0.721317,-0.552542,0.563547,0.000000,14.870193,-0.049645,0.732189,-0.015659,1.000000,2.764893,0.031364,1.000000,0.279726,0.278344,0.240439
15.767000,8.617000,14.899670,-0.094380,0.775141,-0.010152,528.409611,775.983571,493.461707,786.173774,-0.534552,0.456292,0.216949,-0.010152,0.719222,-0.550672,0.558192,0.000000,14.899670,-0.094380,0.775141,-0.010152,1.000000,2.654609,0.028395,1.000000,0.277092,0.277352,0.239741
15.781000,8.631000,14.894918,-0.127315,0.687532,-0.009926,550.697284,760.000488,508.520136,776.481892,-0.537230,0.421547,0.134347,-0.009926,0.717148,-0.548862,0.553184,0.000000,14.894918,-0.127315,0.687532,-0.009926,1.000000,2.416811,0.022471,1.000000,0.274607,0.276417,0.239049
15.804000,8.654000,14.894551,-0.117914,0.692247,-0.009285,548.260190,761.336255,509.045991,776.525700,-0.535551,0.428904,0.143902,-0.009285,0.715102,-0.546817,0.548345,0.000000,14.894551,-0.117914,0.692247,-0.009285,1.000000,2.322729,0.023343,1.000000,0.272249,0.275324,0.238367
15.825000,8.675000,14.895002,-0.063221,0.458226,-0.008417,587.561215,730.872202,565.513666,737.012122,-0.533080,0.481194,-0.085707,-0.008417,0.713082,-0.544414,0.543933,0.000000,14.895002,-0.063221,0.458226,-0.008417,1.000000,2.301039,0.026738,1.000000,0.270073,0.274086,0.237694
15.840000,8.690000,14.897197,-0.097883,0.683126,-0.013620,549.491810,763.322585,511.892986,772.019835,-0.528893,0.443851,0.143368,-0.013620,0.711091,-0.541734,0.539758,0.000000,14.897197,-0.097883,0.683126,-0.013620,1.000000,2.154223,0.024572,1.000000,0.268020,0.272707,0.237030
15.862000,8.712000,14.909517,-0.058333,0.653712,-0.015564,551.645923,763.482165,523.083982,763.713113,-0.514617,0.480509,0.117781,-0.015564,0.709134,-0.538842,0.535931,0.000000,14.909517,-0.058333,0.653712,-0.015564,1.000000,2.079536,0.027149,1.000000,0.266146,0.271219,0.236378
15.886000,8.736000,14.900164,-0.026550,0.694855,-0.016292,539.162569,772.454064,517.856859,766.447286,-0.522036,0.508530,0.162421,-0.016292,0.707200,-0.535080,0.532435,0.000000,14.900164,-0.026550,0.694855,-0.016292,1.000000,2.114477,0.031250,1.000000,0.264403,0.269333,0.235733
15.903000,8.753000,14.911912,-0.060733,0.668977,-0.016308,549.207483,765.803244,519.204636,765.973903,-0.508392,0.471011,0.139702,-0.016308,0.705303,-0.531744,0.529275,0.000000,14.911912,-0.060733,0.668977,-0.016308,1.000000,1.914959,0.026748,1.000000,0.262865,0.267624,0.235101
15.922000,8.772000,14.898830,-0.020379,0.603935,-0.015859,556.821481,759.493831,538.191996,752.536416,-0.519596,0.507669,0.077503,-0.015859,0.703427,-0.528048,0.526432,0.000000,14.898830,-0.020379,0.603935,-0.015859,1.000000,1.851333,0.029098,1.000000,0.261450,0.265773,0.234476
15.943000,8.793000,14.912849,-0.049978,0.400975,-0.011248,598.413799,724.642643,577.699316,726.319535,-0.503739,0.474266,-0.122950,-0.011248,0.701589,-0.524244,0.523925,0.000000,14.912849,-0.049978,0.400975,-0.011248,1.000000,1.810906,0.026555,1.000000,0.260224,0.263849,0.233863
15.962000,8.812000,14.918270,-0.057639,0.663369,-0.015263,549.691514,765.033832,521.475189,765.338379,-0.496515,0.462685,0.141609,-0.015263,0.699785,-0.520324,0.521760,0.000000,14.918270,-0.057639,0.663369,-0.015263,1.000000,1.685321,0.025902,1.000000,0.259170,0.261865,0.233262
15.984000,8.834000,14.913082,-0.043497,0.569741,-0.013471,565.924145,751.742512,543.735736,750.649285,-0.499928,0.472699,0.049887,-0.013471,0.698010,-0.516196,0.519853,0.000000,14.913082,-0.043497,0.569741,-0.013471,1.000000,1.624793,0.025111,1.000000,0.258247,0.259779,0.232670
16.001000,8.851000,14.896474,-0.020160,0.612681,-0.012102,553.388958,759.500872,537.948522,755.048005,-0.514782,0.491713,0.094500,-0.012102,0.696255,-0.511873,0.518180,0.000000,14.896474,-0.020160,0.612681,-0.012102,1.000000,1.559664,0.027736,1.000000,0.257455,0.257581,0.232085
16.022000,8.872000,14.892510,-0.006679,0.592532,-0.011066,555.245655,757.325209,544.209093,751.066320,-0.517018,0.500739,0.075767,-0.011066,0.694528,-0.507419,0.516765,0.000000,14.892510,-0.006679,0.592532,-0.011066,1.000000,1.502230,0.028333,1.000000,0.256807,0.255305,0.231509
16.042000,8.892000,14.888674,-0.011471,0.413779,-0.007605,589.455717,728.548171,580.691797,725.404190,-0.519151,0.491410,-0.101934,-0.007605,0.692826,-0.502881,0.515713,0.000000,14.888674,-0.011471,0.413779,-0.007605,1.000000,1.480971,0.027888,1.000000,0.256334,0.252992,0.230942
16.064000,8.914000,14.890742,-0.021368,0.484642,-0.008070,577.210145,738.676928,565.444803,737.125242,-0.515411,0.476905,-0.030345,-0.008070,0.691153,-0.498274,0.514987,0.000000,14.890742,-0.021368,0.484642,-0.008070,1.000000,1.416930,0.025499,1.000000,0.256025,0.250646,0.230384
16.087000,8.937000,14.893229,-0.039473,0.773760,-0.009900,521.129030,780.492913,501.388218,781.058675,-0.511295,0.453938,0.259052,-0.009900,0.689524,-0.493411,0.514708,0.000000,14.893229,-0.039473,0.773760,-0.009900,1.000000,1.367808,0.029941,1.000000,0.255974,0.248137,0.229841
16.108000,8.958000,14.896403,-0.011022,0.679938,-0.009047,537.043942,769.208674,526.258048,765.188241,-0.506508,0.477601,0.165341,-0.009047,0.687911,-0.488623,0.514597,0.000000,14.896403,-0.011022,0.679938,-0.009047,1.000000,1.307475,0.028118,1.000000,0.255960,0.245713,0.229304
16.125000,8.975000,14.906954,-0.054333,0.834975,-0.009456,509.969800,788.064206,485.960331,791.530939,-0.494382,0.429174,0.320090,-0.009456,0.686336,-0.483507,0.514885,0.000000,14.906954,-0.054333,0.834975,-0.009456,1.000000,1.364584,0.031118,1.000000,0.256179,0.243092,0.228779
16.143000,8.993000,14.902747,-0.004606,0.687948,-0.010841,535.480171,771.672973,524.777693,765.304517,-0.497042,0.474185,0.172548,-0.010841,0.684789,-0.478791,0.515400,0.000000,14.902747,-0.004606,0.687948,-0.010841,1.000000,1.262424,0.027945,1.000000,0.256491,0.240691,0.228263
16.162000,9.012000,14.883729,0.021399,0.629125,-0.013369,544.947657,765.899856,538.995426,752.987137,-0.514529,0.495379,0.112891,-0.013369,0.683259,-0.473980,0.516234,0.000000,14.883729,0.021399,0.629125,-0.013369,1.000000,1.256595,0.028480,1.000000,0.256945,0.238260,0.227753
16.182000,9.032000,14.873646,0.021698,0.556509,-0.015802,560.442971,755.814765,552.692626,740.996160,-0.523104,0.490933,0.039113,-0.015802,0.681750,-0.469235,0.517396,0.000000,14.873646,0.021698,0.556509,-0.015802,1.000000,1.262291,0.027016,1.000000,0.257564,0.235862,0.227250
16.202000,9.052000,14.871797,0.014309,0.287601,-0.013507,611.963266,713.097409,604.933569,700.520350,-0.523469,0.478872,-0.231271,-0.013507,0.680265,-0.464562,0.518872,0.000000,14.871797,0.014309,0.287601,-0.013507,1.000000,1.304139,0.031039,1.000000,0.258339,0.233501,0.226755
16.225000,9.075000,14.871450,0.019951,0.363194,-0.013874,597.384428,725.586862,591.222850,711.864346,-0.522353,0.479920,-0.157465,-0.013874,0.678803,-0.459968,0.520659,0.000000,14.871450,0.019951,0.363194,-0.013874,1.000000,1.289320,0.028260,1.000000,0.259269,0.231179,0.226268
16.242000,9.092000,14.871306,0.022646,0.449619,-0.012710,580.091622,738.711540,575.338181,725.539766,-0.521056,0.478127,-0.073125,-0.012710,0.677362,-0.455481,0.522744,0.000000,14.871306,0.022646,0.449619,-0.012710,1.000000,1.279914,0.026126,1.000000,0.260351,0.228907,0.225787
16.262000,9.112000,14.872721,0.058814,0.673230,-0.011812,529.897116,774.995454,534.981728,756.421928,-0.518222,0.509847,0.148115,-0.011812,0.675943,-0.451033,0.525115,0.000000,14.872721,0.058814,0.673230,-0.011812,1.000000,1.265364,0.030888,1.000000,0.261575,0.226656,0.225314
16.284000,9.134000,14.868926,0.001925,0.801974,-0.008249,507.923801,787.227674,500.863138,781.515632,-0.520615,0.448340,0.273958,-0.008249,0.674541,-0.446416,0.528016,0.000000,14.868926,0.001925,0.801974,-0.008249,1.000000,1.403678,0.030323,1.000000,0.263064,0.224319,0.224847
16.302000,9.152000,14.873371,0.002786,0.559950,-0.003536,557.004456,750.416814,554.749446,747.487959,-0.514791,0.445207,0.028958,-0.003536,0.673162,-0.442421,0.530993,0.000000,14.873371,0.002786,0.559950,-0.003536,1.000000,1.323679,0.022556,1.000000,0.264601,0.222280,0.224387
16.325000,9.175000,14.867400,0.037464,0.857871,-0.008129,490.267547,798.213464,493.203780,786.389902,-0.519397,0.475998,0.323567,-0.008129,0.671797,-0.438534,0.534304,0.000000,14.867400,0.037464,0.857871,-0.008129,1.000000,1.343152,0.035831,1.000000,0.266285,0.220319,0.223932
16.341000,9.191000,14.858459,0.049843,0.730843,-0.009503,517.291847,781.494121,522.159452,766.254333,-0.526984,0.484689,0.192941,-0.009503,0.670443,-0.434846,0.537902,0.000000,14.858459,0.049843,0.730843,-0.009503,1.000000,1.390399,0.030001,1.000000,0.268117,0.218450,0.223481
16.365000,9.215000,14.843146,0.036184,0.407882,-0.008859,584.293653,731.711298,585.877278,718.523576,-0.540946,0.467589,-0.133903,-0.008859,0.669092,-0.431405,0.541785,0.000000,14.843146,0.036184,0.407882,-0.008859,1.000000,1.477840,0.026591,1.000000,0.270098,0.216697,0.223031
16.381000,9.231000,14.840484,0.115820,0.698828,-0.014239,516.988938,783.971778,535.085236,753.532943,-0.542266,0.543865,0.152847,-0.014239,0.667750,-0.428045,0.545981,0.000000,14.840484,0.115820,0.698828,-0.014239,1.000000,1.489882,0.034876,1.000000,0.272221,0.215001,0.222583
16.403000,9.253000,14.840111,0.054032,0.549326,-0.015021,556.656285,756.811546,557.646253,736.460814,-0.541304,0.479106,-0.001130,-0.015021,0.666415,-0.425075,0.550456,0.000000,14.840111,0.054032,0.549326,-0.015021,1.000000,1.564259,0.025907,1.000000,0.274492,0.213488,0.222138
16.424000,9.274000,14.836846,0.041690,0.576243,-0.013483,552.014698,759.091283,551.193159,742.184757,-0.543236,0.464105,0.021019,-0.013483,0.665082,-0.422415,0.555224,0.000000,14.836846,0.041690,0.576243,-0.013483,1.000000,1.626261,0.024553,1.000000,0.276906,0.212132,0.221694
16.444000,9.294000,14.834959,0.001970,0.628724,-0.011481,545.399786,762.506744,536.050975,754.415698,-0.543791,0.421875,0.068163,-0.011481,0.663751,-0.419905,0.560562,0.000000,14.834959,0.001970,0.628724,-0.011481,1.000000,1.861863,0.021233,1.000000,0.279621,0.210830,0.221250
16.462000,9.312000,14.832973,0.094023,0.533121,-0.009585,552.458450,756.110335,567.889796,731.933625,-0.544444,0.511830,-0.032738,-0.009585,0.662417,-0.417807,0.565859,0.000000,14.832973,0.094023,0.533121,-0.009585,1.000000,1.754033,0.029278,1.000000,0.282318,0.209730,0.220806
16.483000,9.333000,14.840167,0.046892,0.627132,-0.009229,539.138573,765.713321,543.288238,750.886807,-0.535920,0.462700,0.055317,-0.009229,0.661087,-0.415808,0.571815,0.000000,14.840167,0.046892,0.627132,-0.009229,1.000000,1.985275,0.024596,1.000000,0.285329,0.208698,0.220362
16.502000,9.352000,14.847645,0.158686,0.535406,-0.010890,544.725797,763.097224,575.163337,725.946741,-0.527113,0.572889,-0.042310,-0.010890,0.659758,-0.414203,0.577716,0.000000,14.847645,0.158686,0.535406,-0.010890,1.000000,1.881842,0.035789,1.000000,0.288307,0.207868,0.219919
16.523000,9.373000,14.863413,0.091803,0.583301,-0.014049,545.154269,765.409380,556.524368,738.874504,-0.510024,0.504787,-0.000604,-0.014049,0.658437,-0.412984,0.583905,0.000000,14.863413,0.091803,0.583301,-0.014049,1.000000,1.943299,0.028102,1.000000,0.291417,0.207247,0.219479
16.542000,9.392000,14.878210,0.086212,0.589852,-0.015952,545.723927,766.779879,554.090480,740.032620,-0.493914,0.498322,-0.000545,-0.015952,0.657123,-0.412110,0.590397,0.000000,14.878210,0.086212,0.589852,-0.015952,1.000000,2.028831,0.027297,1.000000,0.294666,0.206816,0.219041
16.568000,9.418000,14.891299,-0.026279,0.441590,-0.011612,587.537982,732.870717,571.927524,729.767249,-0.479519,0.385412,-0.155896,-0.011612,0.655818,-0.411691,0.597486,0.000000,14.891299,-0.026279,0.441590,-0.011612,1.000000,2.328297,0.019597,1.000000,0.298230,0.206587,0.218606
16.582000,9.432000,14.907642,0.127336,0.681112,-0.016541,522.199168,784.455018,541.110466,750.340752,-0.461882,0.538813,0.076574,-0.016541,0.654523,-0.411477,0.604539,0.000000,14.907642,0.127336,0.681112,-0.016541,1.000000,2.169542,0.031779,1.000000,0.301738,0.206516,0.218174
16.603000,9.453000,14.916778,0.119715,0.472746,-0.011148,564.261035,751.630052,584.280732,721.262771,-0.451457,0.531363,-0.139044,-0.011148,0.653235,-0.411647,0.611790,0.000000,14.916778,0.119715,0.472746,-0.011148,1.000000,2.222607,0.032219,1.000000,0.305362,0.206614,0.217745
16.627000,9.477000,14.942633,0.236731,0.770192,-0.011159,485.739775,805.554508,539.923748,756.034292,-0.424334,0.648906,0.150875,-0.011159,0.651967,-0.412175,0.619316,0.000000,14.942633,0.236731,0.770192,-0.011159,1.000000,2.196963,0.046197,1.000000,0.309102,0.206920,0.217322
16.649000,9.499000,14.951737,0.052635,0.820794,-0.011181,500.473322,796.832283,504.730623,780.297001,-0.413971,0.465747,0.193228,-0.011181,0.650708,-0.413113,0.627566,0.000000,14.951737,0.052635,0.820794,-0.011181,1.000000,2.570512,0.027152,1.000000,0.313198,0.207442,0.216903
16.665000,9.515000,14.962619,0.137472,0.775574,-0.012069,499.562233,798.345429,525.971443,765.990113,-0.401842,0.551715,0.139888,-0.012069,0.649461,-0.414243,0.635686,0.000000,14.962619,0.137472,0.775574,-0.012069,1.000000,2.405523,0.034025,1.000000,0.317197,0.208110,0.216487
16.685000,9.535000,14.967582,0.000934,0.796760,-0.016469,515.750098,790.885021,500.967207,780.012653,-0.395643,0.416912,0.152318,-0.016469,0.648225,-0.415978,0.644442,0.000000,14.967582,0.000934,0.796760,-0.016469,1.000000,2.704227,0.021294,1.000000,0.321517,0.209075,0.216075
16.704000,9.554000,14.967260,0.168020,0.734149,-0.017400,507.185966,796.961939,536.544461,755.368497,-0.394735,0.586000,0.081168,-0.017400,0.646994,-0.417980,0.652981,0.000000,14.967260,0.168020,0.734149,-0.017400,1.000000,2.535749,0.036587,1.000000,0.325773,0.210106,0.215665
16.726000,9.576000,14.974314,0.187439,0.621687,-0.021968,531.186342,784.278023,560.329821,735.154536,-0.386461,0.607780,-0.040060,-0.021968,0.645774,-0.420341,0.661747,0.000000,14.974314,0.187439,0.621687,-0.021968,1.000000,2.519317,0.038642,1.000000,0.330112,0.211365,0.215258
16.741000,9.591000,14.979454,0.139975,0.626203,-0.023219,537.107047,781.208754,553.094533,739.992775,-0.380107,0.563136,-0.044542,-0.023219,0.644561,-0.423161,0.670745,0.000000,14.979454,0.139975,0.626203,-0.023219,1.000000,2.676989,0.033409,1.000000,0.334599,0.212802,0.214854
16.762000,9.612000,14.983920,0.160737,0.583823,-0.022660,543.136945,776.846353,564.560375,731.833245,-0.374434,0.587225,-0.096109,-0.022660,0.643354,-0.426487,0.679932,0.000000,14.983920,0.160737,0.583823,-0.022660,1.000000,2.759585,0.036860,1.000000,0.339219,0.214431,0.214451
16.786000,9.636000,14.997033,0.094722,0.606452,-0.018220,545.364858,772.983568,553.975793,743.313307,-0.360127,0.525294,-0.083187,-0.018220,0.642160,-0.430572,0.689639,0.000000,14.997033,0.094722,0.606452,-0.018220,1.000000,2.963855,0.029615,1.000000,0.344102,0.216431,0.214053
16.802000,9.652000,15.002519,0.133020,0.603598,-0.017221,540.766280,775.786865,559.900734,739.736325,-0.353453,0.567610,-0.095692,-0.017221,0.640973,-0.434590,0.699290,0.000000,15.002519,0.133020,0.603598,-0.017221,1.000000,2.861403,0.034413,1.000000,0.348912,0.218469,0.213658
16.823000,9.673000,15.006671,0.119367,0.637224,-0.014265,534.335389,778.537466,552.735656,747.198899,-0.348122,0.558458,-0.071881,-0.014265,0.639793,-0.439091,0.709105,0.000000,15.006671,0.119367,0.637224,-0.014265,1.000000,2.915867,0.032936,1.000000,0.353840,0.220692,0.213264
16.846000,9.696000,15.017774,0.124194,0.689802,-0.013854,522.635305,786.597320,543.025460,754.981376,-0.335852,0.567992,-0.029425,-0.013854,0.638626,-0.443798,0.719227,0.000000,15.017774,0.124194,0.689802,-0.013854,1.000000,2.964378,0.033495,1.000000,0.358856,0.223122,0.212875
16.868000,9.718000,15.022061,0.138308,0.714794,-0.013453,515.266415,791.355752,539.936304,757.616920,-0.330408,0.587286,-0.014712,-0.013453,0.637468,-0.448978,0.729506,0.000000,15.022061,0.138308,0.714794,-0.013453,1.000000,3.019209,0.035622,1.000000,0.363983,0.225736,0.212489
16.882000,9.732000,15.028977,0.148443,0.760654,-0.015677,504.981579,799.568570,530.844399,762.859786,-0.322345,0.602789,0.020538,-0.015677,0.636323,-0.454346,0.740116,0.000000,15.028977,0.148443,0.760654,-0.015677,1.000000,3.077654,0.037441,1.000000,0.369214,0.228542,0.212108
16.903000,9.753000,15.042933,0.155713,0.725493,-0.019233,513.772882,796.640497,538.029360,756.059071,-0.307263,0.615722,-0.025373,-0.019233,0.635196,-0.460010,0.750865,0.000000,15.042933,0.155713,0.725493,-0.019233,1.000000,3.083098,0.038957,1.000000,0.374490,0.231536,0.211732
16.925000,9.775000,15.047875,0.226383,0.716452,-0.020492,506.836919,802.017129,548.553545,747.831272,-0.301208,0.692176,-0.044785,-0.020492,0.634083,-0.465793,0.761238,0.000000,15.047875,0.226383,0.716452,-0.020492,1.000000,2.878857,0.049061,1.000000,0.379625,0.234512,0.211361
16.941000,9.791000,15.045066,0.144194,0.774449,-0.021345,505.565299,803.234745,525.300286,763.692601,-0.302915,0.616543,0.002151,-0.021345,0.632981,-0.472349,0.772298,0.000000,15.045066,0.144194,0.774449,-0.021345,1.000000,3.202611,0.038976,1.000000,0.385109,0.237867,0.210994
16.960000,9.810000,15.054393,0.149834,0.721536,-0.024097,517.942280,797.336758,536.306366,754.589673,-0.292504,0.628861,-0.062041,-0.024097,0.631898,-0.479027,0.783577,0.000000,15.054393,0.149834,0.721536,-0.024097,1.000000,3.204874,0.040845,1.000000,0.390637,0.241387,0.210633
16.983000,9.833000,15.051609,0.169026,0.719359,-0.024253,515.821988,798.703504,539.103763,752.384278,-0.294217,0.655233,-0.075482,-0.024253,0.630826,-0.486208,0.794841,0.000000,15.051609,0.169026,0.719359,-0.024253,1.000000,3.204699,0.044427,1.000000,0.396225,0.245047,0.210275
17.005000,9.855000,15.050044,0.091570,0.507530,-0.018505,567.271932,759.280583,574.562286,729.455440,-0.294725,0.585268,-0.298797,-0.018505,0.629769,-0.493698,0.806327,0.000000,15.050044,0.091570,0.507530,-0.018505,1.000000,3.298537,0.044085,1.000000,0.401913,0.248879,0.209923
17.025000,9.875000,15.053943,0.246268,0.822272,-0.026141,482.813902,820.285067,526.716507,759.987096,-0.289795,0.746906,0.004715,-0.026141,0.628738,-0.500638,0.817557,0.000000,15.053943,0.246268,0.822272,-0.026141,1.000000,2.966149,0.056697,1.000000,0.407364,0.252614,0.209579
17.042000,9.892000,15.045171,0.133298,0.858165,-0.022982,488.921417,814.457055,504.810405,776.365563,-0.297538,0.642019,0.028738,-0.022982,0.627710,-0.508721,0.829426,0.000000,15.045171,0.133298,0.858165,-0.022982,1.000000,3.380384,0.042240,1.000000,0.413228,0.256766,0.209237
17.065000,9.915000,15.047159,0.085125,0.588757,-0.015637,550.460493,769.632278,558.746941,743.407886,-0.294540,0.602078,-0.252652,-0.015637,0.626700,-0.516952,0.841409,0.000000,15.047159,0.085125,0.588757,-0.015637,1.000000,3.397384,0.043525,1.000000,0.419118,0.261041,0.208900
17.082000,9.932000,15.036572,0.224772,0.981282,-0.024988,446.417452,839.373338,488.562703,785.127919,-0.304128,0.749981,0.127676,-0.024988,0.625700,-0.525209,0.853606,0.000000,15.036572,0.224772,0.981282,-0.024988,1.000000,3.365836,0.058865,1.000000,0.425051,0.265432,0.208567
17.101000,9.951000,15.019049,0.211757,0.929837,-0.024316,460.271123,830.847063,498.250363,778.778493,-0.320656,0.745435,0.063909,-0.024316,0.624705,-0.533678,0.865929,0.000000,15.019049,0.211757,0.929837,-0.024316,1.000000,3.393630,0.057063,1.000000,0.431039,0.269939,0.208235
17.122000,9.972000,14.997754,0.098685,0.671815,-0.018115,531.167861,782.768799,541.116436,752.822246,-0.340957,0.641431,-0.206490,-0.018115,0.623710,-0.542746,0.878305,0.000000,14.997754,0.098685,0.671815,-0.018115,1.000000,3.541224,0.046603,1.000000,0.437145,0.274595,0.207903
17.143000,9.993000,14.972564,0.235342,0.991858,-0.027773,441.427784,841.397084,484.377511,783.606315,-0.365147,0.787063,0.100967,-0.027773,0.622711,-0.551721,0.890890,0.000000,14.972564,0.235342,0.991858,-0.027773,1.000000,3.489085,0.064377,1.000000,0.443275,0.279335,0.207570
